pair_id,case_id,subject_id,scenario_name,calibration_category,coordinate,direction,trust_level,trust_step,location_class,trajectory_i,trajectory_j,deltaJ_pred,deltaJ_truth,e_deltaJ_1,reverse_deltaJ_pred,reverse_deltaJ_truth,reverse_e_deltaJ_1,residual_computation,reverse_pair_error_is_symmetric,negative_direction_is_independent_pair,truth_read_after_manifest_freeze,truth_used_for_selection_or_assignment,used_to_select_threshold,used_by_policy,heldout_final_test_used,data_role
dlv_pair_000006b9f8a79d69f2a134ae,calibration_subject_005__matched_linear,calibration_subject_005,matched_linear,MATCHED,hip,POSITIVE_CANONICAL,MINIMUM,0.25,INTERIOR,asym_h-4.500_k+1.750_p+0.01250,asym_h-4.250_k+1.750_p+0.01250,-0.000365905305659,-0.000365905305659,2.22044604925e-16,0.000365905305659,0.000365905305659,2.22044604925e-16,DIRECT_PAIRED_ENDPOINT_DIFFERENCE,True,False,True,False,False,False,False,INDEPENDENT_CALIBRATION_DECISION_ERROR_ONLY
dlv_pair_000045af365e954bc2b0f73c,calibration_subject_004__matched_linear,calibration_subject_004,matched_linear,MATCHED,phase,POSITIVE_CANONICAL,HALF,0.005,INTERIOR,asym_h+0.750_k-4.250_p+0.00500,asym_h+0.750_k-4.250_p+0.01000,-3.32330987536e-05,-3.32330987538e-05,2.22044604925e-16,3.32330987536e-05,3.32330987538e-05,2.22044604925e-16,DIRECT_PAIRED_ENDPOINT_DIFFERENCE,True,False,True,False,False,False,False,INDEPENDENT_CALIBRATION_DECISION_ERROR_ONLY
dlv_pair_0001081c8581c60034d25557,calibration_subject_005__matched_linear,calibration_subject_005,matched_linear,MATCHED,phase,POSITIVE_CANONICAL,MINIMUM,0.0025,UPPER_EDGE,asym_h-4.250_k+0.000_p+0.02750,asym_h-4.250_k+0.000_p+0.03000,-2.28882146045e-05,-2.28882146045e-05,0,2.28882146045e-05,2.28882146045e-05,0,DIRECT_PAIRED_ENDPOINT_DIFFERENCE,True,False,True,False,False,False,False,INDEPENDENT_CALIBRATION_DECISION_ERROR_ONLY
dlv_pair_00019cf4a53fbf4be440df91,calibration_subject_005__matched_linear,calibration_subject_005,matched_linear,MATCHED,hip,POSITIVE_CANONICAL,INITIAL,1,INTERIOR,asym_h-3.750_k-3.500_p-0.00250,asym_h-2.750_k-3.500_p-0.00250,-0.00139473928823,-0.00139473928823,3.33066907388e-16,0.00139473928823,0.00139473928823,3.33066907388e-16,DIRECT_PAIRED_ENDPOINT_DIFFERENCE,True,False,True,False,False,False,False,INDEPENDENT_CALIBRATION_DECISION_ERROR_ONLY
dlv_pair_0001aa159b8440e38116209e,calibration_subject_001__matched_linear,calibration_subject_001,matched_linear,MATCHED,knee,POSITIVE_CANONICAL,INITIAL,1,INTERIOR,asym_h-1.750_k-4.000_p-0.00250,asym_h-1.750_k-3.000_p-0.00250,0.00443765551527,0.00443765551527,7.43849426499e-15,-0.00443765551527,-0.00443765551527,7.43849426499e-15,DIRECT_PAIRED_ENDPOINT_DIFFERENCE,True,False,True,False,False,False,False,INDEPENDENT_CALIBRATION_DECISION_ERROR_ONLY
dlv_pair_0002c2bd3b8c023d56d971c8,calibration_subject_002__matched_linear,calibration_subject_002,matched_linear,MATCHED,hip,POSITIVE_CANONICAL,MINIMUM,0.25,INTERIOR,asym_h-1.000_k-4.500_p-0.02250,asym_h-0.750_k-4.500_p-0.02250,-0.000495811171773,-0.000495811171773,0,0.000495811171773,0.000495811171773,0,DIRECT_PAIRED_ENDPOINT_DIFFERENCE,True,False,True,False,False,False,False,INDEPENDENT_CALIBRATION_DECISION_ERROR_ONLY
dlv_pair_0002c70b5d52c25bbd3d03aa,calibration_subject_005__matched_linear,calibration_subject_005,matched_linear,MATCHED,hip,POSITIVE_CANONICAL,MINIMUM,0.25,LOWER_EDGE,asym_h-5.000_k+1.250_p-0.01000,asym_h-4.750_k+1.250_p-0.01000,-0.000367903626673,-0.000367903626673,2.22044604925e-16,0.000367903626673,0.000367903626673,2.22044604925e-16,DIRECT_PAIRED_ENDPOINT_DIFFERENCE,True,False,True,False,False,False,False,INDEPENDENT_CALIBRATION_DECISION_ERROR_ONLY
dlv_pair_000453ae3e7fb394f0969b24,calibration_subject_004__matched_linear,calibration_subject_004,matched_linear,MATCHED,knee,POSITIVE_CANONICAL,HALF,0.5,INTERIOR,asym_h+0.250_k+0.250_p-0.02000,asym_h+0.250_k+0.750_p-0.02000,0.00234528043276,0.00234528043276,4.4408920985e-16,-0.00234528043276,-0.00234528043276,4.4408920985e-16,DIRECT_PAIRED_ENDPOINT_DIFFERENCE,True,False,True,False,False,False,False,INDEPENDENT_CALIBRATION_DECISION_ERROR_ONLY
dlv_pair_0004c49febb111b2e9bb07fa,calibration_subject_006__combined_strong,calibration_subject_006,combined_strong,MISMATCH,hip,POSITIVE_CANONICAL,HALF,0.5,INTERIOR,asym_h-4.250_k-1.500_p-0.00250,asym_h-3.750_k-1.500_p-0.00250,0.000467758456696,0.000737511683654,0.000269753226958,-0.000467758456696,-0.000737511683654,0.000269753226958,DIRECT_PAIRED_ENDPOINT_DIFFERENCE,True,False,True,False,False,False,False,INDEPENDENT_CALIBRATION_DECISION_ERROR_ONLY
dlv_pair_0005c90608d3de5086a94fa7,calibration_subject_005__hip_knee_coupling_strong,calibration_subject_005,hip_knee_coupling_strong,MISMATCH,knee,POSITIVE_CANONICAL,MINIMUM,0.25,INTERIOR,asym_h-0.750_k-3.000_p-0.01750,asym_h-0.750_k-2.750_p-0.01750,0.00122980756749,0.00131721866765,8.74111001579e-05,-0.00122980756749,-0.00131721866765,8.74111001579e-05,DIRECT_PAIRED_ENDPOINT_DIFFERENCE,True,False,True,False,False,False,False,INDEPENDENT_CALIBRATION_DECISION_ERROR_ONLY
dlv_pair_000642d4ed7ec403aa2df7f7,calibration_subject_006__matched_linear,calibration_subject_006,matched_linear,MATCHED,phase,POSITIVE_CANONICAL,MINIMUM,0.0025,INTERIOR,asym_h+1.750_k+0.000_p-0.01250,asym_h+1.750_k+0.000_p-0.01000,-2.73080091333e-05,-2.73080091195e-05,1.37667655054e-14,2.73080091333e-05,2.73080091195e-05,1.37667655054e-14,DIRECT_PAIRED_ENDPOINT_DIFFERENCE,True,False,True,False,False,False,False,INDEPENDENT_CALIBRATION_DECISION_ERROR_ONLY
dlv_pair_000649940aacd97d9a4a09bb,calibration_subject_003__matched_linear,calibration_subject_003,matched_linear,MATCHED,hip,POSITIVE_CANONICAL,HALF,0.5,INTERIOR,asym_h-3.000_k-1.000_p+0.01500,asym_h-2.500_k-1.000_p+0.01500,-0.000305862275314,-0.000305862275314,0,0.000305862275314,0.000305862275314,0,DIRECT_PAIRED_ENDPOINT_DIFFERENCE,True,False,True,False,False,False,False,INDEPENDENT_CALIBRATION_DECISION_ERROR_ONLY
dlv_pair_00075f2e6c465570d20dbfa4,calibration_subject_004__nonlinear_stiffness_strong,calibration_subject_004,nonlinear_stiffness_strong,MISMATCH,hip,POSITIVE_CANONICAL,HALF,0.5,INTERIOR,asym_h-0.250_k+1.250_p+0.02250,asym_h+0.250_k+1.250_p+0.02250,-9.58214242905e-05,0.000864879160199,0.000960700584489,9.58214242905e-05,-0.000864879160199,0.000960700584489,DIRECT_PAIRED_ENDPOINT_DIFFERENCE,True,False,True,False,False,False,False,INDEPENDENT_CALIBRATION_DECISION_ERROR_ONLY
dlv_pair_0007d9a4359c85bfa322d8e5,calibration_subject_005__hip_knee_coupling_strong,calibration_subject_005,hip_knee_coupling_strong,MISMATCH,hip,POSITIVE_CANONICAL,MINIMUM,0.25,INTERIOR,asym_h-1.000_k-0.250_p-0.00750,asym_h-0.750_k-0.250_p-0.00750,-0.000294060163086,-0.000401101844911,0.000107041681825,0.000294060163086,0.000401101844911,0.000107041681825,DIRECT_PAIRED_ENDPOINT_DIFFERENCE,True,False,True,False,False,False,False,INDEPENDENT_CALIBRATION_DECISION_ERROR_ONLY
dlv_pair_000846dbdf42b4d5401683ce,calibration_subject_003__matched_linear,calibration_subject_003,matched_linear,MATCHED,hip,POSITIVE_CANONICAL,INITIAL,1,INTERIOR,asym_h-0.500_k+0.500_p-0.02250,asym_h+0.500_k+0.500_p-0.02250,-0.000574626221499,-0.000574626221499,0,0.000574626221499,0.000574626221499,0,DIRECT_PAIRED_ENDPOINT_DIFFERENCE,True,False,True,False,False,False,False,INDEPENDENT_CALIBRATION_DECISION_ERROR_ONLY
dlv_pair_0008703ccf4ffc243694551c,calibration_subject_002__hip_knee_coupling_strong,calibration_subject_002,hip_knee_coupling_strong,MISMATCH,phase,POSITIVE_CANONICAL,INITIAL,0.01,INTERIOR,asym_h+1.750_k-5.000_p+0.01250,asym_h+1.750_k-5.000_p+0.02250,-6.77271080151e-05,-1.8304680917e-05,4.9422427098e-05,6.77271080151e-05,1.8304680917e-05,4.9422427098e-05,DIRECT_PAIRED_ENDPOINT_DIFFERENCE,True,False,True,False,False,False,False,INDEPENDENT_CALIBRATION_DECISION_ERROR_ONLY
dlv_pair_0008d1722a8105961d9aa864,calibration_subject_002__hip_knee_coupling_strong,calibration_subject_002,hip_knee_coupling_strong,MISMATCH,hip,POSITIVE_CANONICAL,MINIMUM,0.25,INTERIOR,asym_h-4.750_k-1.750_p-0.02750,asym_h-4.500_k-1.750_p-0.02750,-0.000481257665129,-0.00055859914964,7.73414845101e-05,0.000481257665129,0.00055859914964,7.73414845101e-05,DIRECT_PAIRED_ENDPOINT_DIFFERENCE,True,False,True,False,False,False,False,INDEPENDENT_CALIBRATION_DECISION_ERROR_ONLY
dlv_pair_00097d643d4fd0153d035a32,calibration_subject_003__matched_linear,calibration_subject_003,matched_linear,MATCHED,knee,POSITIVE_CANONICAL,MINIMUM,0.25,INTERIOR,asym_h-1.250_k+0.000_p-0.02750,asym_h-1.250_k+0.250_p-0.02750,0.00117523198222,0.00117523198222,2.22044604925e-16,-0.00117523198222,-0.00117523198222,2.22044604925e-16,DIRECT_PAIRED_ENDPOINT_DIFFERENCE,True,False,True,False,False,False,False,INDEPENDENT_CALIBRATION_DECISION_ERROR_ONLY
dlv_pair_0009e0ef912c7fe68c7dbac0,calibration_subject_001__matched_linear,calibration_subject_001,matched_linear,MATCHED,phase,POSITIVE_CANONICAL,INITIAL,0.01,UPPER_EDGE,asym_h-2.500_k+1.250_p+0.02000,asym_h-2.500_k+1.250_p+0.03000,-0.000112435110594,-0.000112435110599,4.66293670343e-15,0.000112435110594,0.000112435110599,4.66293670343e-15,DIRECT_PAIRED_ENDPOINT_DIFFERENCE,True,False,True,False,False,False,False,INDEPENDENT_CALIBRATION_DECISION_ERROR_ONLY
dlv_pair_0009fa7776501245a694a460,calibration_subject_005__matched_linear,calibration_subject_005,matched_linear,MATCHED,hip,POSITIVE_CANONICAL,HALF,0.5,INTERIOR,asym_h-3.000_k-1.000_p+0.01250,asym_h-2.500_k-1.000_p+0.01250,-0.000700789879757,-0.000700789879758,2.22044604925e-16,0.000700789879757,0.000700789879758,2.22044604925e-16,DIRECT_PAIRED_ENDPOINT_DIFFERENCE,True,False,True,False,False,False,False,INDEPENDENT_CALIBRATION_DECISION_ERROR_ONLY
dlv_pair_000a7c2910bf523451df6bcb,calibration_subject_004__matched_linear,calibration_subject_004,matched_linear,MATCHED,knee,POSITIVE_CANONICAL,MINIMUM,0.25,INTERIOR,asym_h+0.000_k-3.500_p-0.01000,asym_h+0.000_k-3.250_p-0.01000,0.00113724656205,0.00113724656205,1.11022302463e-16,-0.00113724656205,-0.00113724656205,1.11022302463e-16,DIRECT_PAIRED_ENDPOINT_DIFFERENCE,True,False,True,False,False,False,False,INDEPENDENT_CALIBRATION_DECISION_ERROR_ONLY
dlv_pair_000a98d9e6e7a8b4e36b972c,calibration_subject_003__combined_strong,calibration_subject_003,combined_strong,MISMATCH,knee,POSITIVE_CANONICAL,INITIAL,1,INTERIOR,asym_h-1.750_k-1.000_p+0.01000,asym_h-1.750_k+0.000_p+0.01000,0.00432518549673,0.00730353847657,0.00297835297984,-0.00432518549673,-0.00730353847657,0.00297835297984,DIRECT_PAIRED_ENDPOINT_DIFFERENCE,True,False,True,False,False,False,False,INDEPENDENT_CALIBRATION_DECISION_ERROR_ONLY
dlv_pair_000aad9acfd5e693e3c0cb37,calibration_subject_001__matched_linear,calibration_subject_001,matched_linear,MATCHED,knee,POSITIVE_CANONICAL,MINIMUM,0.25,INTERIOR,asym_h+0.000_k+0.250_p+0.02500,asym_h+0.000_k+0.500_p+0.02500,0.00113324276315,0.00113324276315,1.99840144433e-15,-0.00113324276315,-0.00113324276315,1.99840144433e-15,DIRECT_PAIRED_ENDPOINT_DIFFERENCE,True,False,True,False,False,False,False,INDEPENDENT_CALIBRATION_DECISION_ERROR_ONLY
dlv_pair_000abb7076d134c593a25003,calibration_subject_005__matched_linear,calibration_subject_005,matched_linear,MATCHED,phase,POSITIVE_CANONICAL,INITIAL,0.01,INTERIOR,asym_h-2.250_k+1.500_p+0.00750,asym_h-2.250_k+1.500_p+0.01750,-0.000102990473678,-0.000102990473678,6.66133814775e-16,0.000102990473678,0.000102990473678,6.66133814775e-16,DIRECT_PAIRED_ENDPOINT_DIFFERENCE,True,False,True,False,False,False,False,INDEPENDENT_CALIBRATION_DECISION_ERROR_ONLY
dlv_pair_000b40f0d5e083ac74e139b7,calibration_subject_006__combined_strong,calibration_subject_006,combined_strong,MISMATCH,knee,POSITIVE_CANONICAL,MINIMUM,0.25,INTERIOR,asym_h-0.500_k-4.250_p-0.00750,asym_h-0.500_k-4.000_p-0.00750,0.00117380607396,0.00256044850989,0.00138664243593,-0.00117380607396,-0.00256044850989,0.00138664243593,DIRECT_PAIRED_ENDPOINT_DIFFERENCE,True,False,True,False,False,False,False,INDEPENDENT_CALIBRATION_DECISION_ERROR_ONLY
dlv_pair_000b8e40370842eef7a49f70,calibration_subject_006__matched_linear,calibration_subject_006,matched_linear,MATCHED,knee,POSITIVE_CANONICAL,INITIAL,1,INTERIOR,asym_h-2.000_k-1.750_p-0.00250,asym_h-2.000_k-0.750_p-0.00250,0.00666831912636,0.0066683191263,5.88418203051e-14,-0.00666831912636,-0.0066683191263,5.88418203051e-14,DIRECT_PAIRED_ENDPOINT_DIFFERENCE,True,False,True,False,False,False,False,INDEPENDENT_CALIBRATION_DECISION_ERROR_ONLY
dlv_pair_000c11f9caa2db09611f8919,calibration_subject_005__hip_knee_coupling_strong,calibration_subject_005,hip_knee_coupling_strong,MISMATCH,phase,POSITIVE_CANONICAL,INITIAL,0.01,INTERIOR,asym_h-3.250_k-0.500_p-0.01750,asym_h-3.250_k-0.500_p-0.00750,-0.000102676049218,-0.000122034670671,1.9358621453e-05,0.000102676049218,0.000122034670671,1.9358621453e-05,DIRECT_PAIRED_ENDPOINT_DIFFERENCE,True,False,True,False,False,False,False,INDEPENDENT_CALIBRATION_DECISION_ERROR_ONLY
dlv_pair_000c681055eb4f3785d2084f,calibration_subject_003__matched_linear,calibration_subject_003,matched_linear,MATCHED,phase,POSITIVE_CANONICAL,HALF,0.005,INTERIOR,asym_h+1.250_k+1.500_p+0.00000,asym_h+1.250_k+1.500_p+0.00500,-5.29059635959e-05,-5.29059635959e-05,0,5.29059635959e-05,5.29059635959e-05,0,DIRECT_PAIRED_ENDPOINT_DIFFERENCE,True,False,True,False,False,False,False,INDEPENDENT_CALIBRATION_DECISION_ERROR_ONLY
dlv_pair_000c7abb57630c2589d2dac8,calibration_subject_003__combined_strong,calibration_subject_003,combined_strong,MISMATCH,phase,POSITIVE_CANONICAL,HALF,0.005,INTERIOR,asym_h+1.250_k-4.250_p+0.02250,asym_h+1.250_k-4.250_p+0.02750,-4.76448965557e-05,1.8448050322e-05,6.60929468778e-05,4.76448965557e-05,-1.8448050322e-05,6.60929468778e-05,DIRECT_PAIRED_ENDPOINT_DIFFERENCE,True,False,True,False,False,False,False,INDEPENDENT_CALIBRATION_DECISION_ERROR_ONLY
dlv_pair_000c8496ceeb403de1c12cf1,calibration_subject_005__hip_knee_coupling_strong,calibration_subject_005,hip_knee_coupling_strong,MISMATCH,phase,POSITIVE_CANONICAL,MINIMUM,0.0025,INTERIOR,asym_h+0.500_k-4.500_p-0.00500,asym_h+0.500_k-4.500_p-0.00250,-1.95622204254e-05,-1.87643411954e-05,7.97879230019e-07,1.95622204254e-05,1.87643411954e-05,7.97879230019e-07,DIRECT_PAIRED_ENDPOINT_DIFFERENCE,True,False,True,False,False,False,False,INDEPENDENT_CALIBRATION_DECISION_ERROR_ONLY
dlv_pair_000e1ef173e2bdbdbd200e8d,calibration_subject_006__combined_strong,calibration_subject_006,combined_strong,MISMATCH,hip,POSITIVE_CANONICAL,MINIMUM,0.25,INTERIOR,asym_h-4.500_k+1.500_p-0.01750,asym_h-4.250_k+1.500_p-0.01750,0.00021476709071,0.000296828535124,8.20614444141e-05,-0.00021476709071,-0.000296828535124,8.20614444141e-05,DIRECT_PAIRED_ENDPOINT_DIFFERENCE,True,False,True,False,False,False,False,INDEPENDENT_CALIBRATION_DECISION_ERROR_ONLY
dlv_pair_000e5f89ed1026532dd87b66,calibration_subject_004__matched_linear,calibration_subject_004,matched_linear,MATCHED,phase,POSITIVE_CANONICAL,MINIMUM,0.0025,INTERIOR,asym_h-3.000_k-1.000_p+0.00250,asym_h-3.000_k-1.000_p+0.00500,-1.85814789546e-05,-1.85814789544e-05,2.22044604925e-16,1.85814789546e-05,1.85814789544e-05,2.22044604925e-16,DIRECT_PAIRED_ENDPOINT_DIFFERENCE,True,False,True,False,False,False,False,INDEPENDENT_CALIBRATION_DECISION_ERROR_ONLY
dlv_pair_000e6e185d97b21ba43a023f,calibration_subject_001__nonlinear_stiffness_strong,calibration_subject_001,nonlinear_stiffness_strong,MISMATCH,phase,POSITIVE_CANONICAL,INITIAL,0.01,UPPER_EDGE,asym_h-2.500_k+0.500_p+0.02000,asym_h-2.500_k+0.500_p+0.03000,-0.000115955177696,-1.85159885607e-05,9.74391891356e-05,0.000115955177696,1.85159885607e-05,9.74391891356e-05,DIRECT_PAIRED_ENDPOINT_DIFFERENCE,True,False,True,False,False,False,False,INDEPENDENT_CALIBRATION_DECISION_ERROR_ONLY
dlv_pair_000ff92276236b1bc4a8f779,calibration_subject_004__nonlinear_stiffness_strong,calibration_subject_004,nonlinear_stiffness_strong,MISMATCH,hip,POSITIVE_CANONICAL,INITIAL,1,INTERIOR,asym_h+0.000_k+0.500_p+0.00000,asym_h+1.000_k+0.500_p+0.00000,-0.000188838228484,0.00179160026198,0.00198043849047,0.000188838228484,-0.00179160026198,0.00198043849047,DIRECT_PAIRED_ENDPOINT_DIFFERENCE,True,False,True,False,False,False,False,INDEPENDENT_CALIBRATION_DECISION_ERROR_ONLY
dlv_pair_00115ba97effd32ba8db0996,calibration_subject_006__combined_strong,calibration_subject_006,combined_strong,MISMATCH,phase,POSITIVE_CANONICAL,HALF,0.005,INTERIOR,asym_h-2.500_k+2.000_p+0.01250,asym_h-2.500_k+2.000_p+0.01750,-6.1814686533e-05,-1.62243564938e-06,6.01922508836e-05,6.1814686533e-05,1.62243564938e-06,6.01922508836e-05,DIRECT_PAIRED_ENDPOINT_DIFFERENCE,True,False,True,False,False,False,False,INDEPENDENT_CALIBRATION_DECISION_ERROR_ONLY
dlv_pair_001172732ee75469b569ea09,calibration_subject_003__combined_strong,calibration_subject_003,combined_strong,MISMATCH,hip,POSITIVE_CANONICAL,HALF,0.5,INTERIOR,asym_h-1.750_k-3.750_p+0.00500,asym_h-1.250_k-3.750_p+0.00500,0.000468063338465,0.00116741647381,0.000699353135342,-0.000468063338465,-0.00116741647381,0.000699353135342,DIRECT_PAIRED_ENDPOINT_DIFFERENCE,True,False,True,False,False,False,False,INDEPENDENT_CALIBRATION_DECISION_ERROR_ONLY
dlv_pair_00118fd29c54553f43bfa711,calibration_subject_004__matched_linear,calibration_subject_004,matched_linear,MATCHED,hip,POSITIVE_CANONICAL,MINIMUM,0.25,INTERIOR,asym_h-0.750_k-1.750_p-0.00750,asym_h-0.500_k-1.750_p-0.00750,-0.00050202121987,-0.00050202121987,1.11022302463e-16,0.00050202121987,0.00050202121987,1.11022302463e-16,DIRECT_PAIRED_ENDPOINT_DIFFERENCE,True,False,True,False,False,False,False,INDEPENDENT_CALIBRATION_DECISION_ERROR_ONLY
dlv_pair_0011b4ebd067d971d307b48c,calibration_subject_005__hip_knee_coupling_strong,calibration_subject_005,hip_knee_coupling_strong,MISMATCH,hip,POSITIVE_CANONICAL,HALF,0.5,INTERIOR,asym_h+0.750_k-1.000_p+0.01750,asym_h+1.250_k-1.000_p+0.01750,-0.000557058911405,-0.000765816733336,0.000208757821931,0.000557058911405,0.000765816733336,0.000208757821931,DIRECT_PAIRED_ENDPOINT_DIFFERENCE,True,False,True,False,False,False,False,INDEPENDENT_CALIBRATION_DECISION_ERROR_ONLY
dlv_pair_0012b0d1d5d8f372619532ac,calibration_subject_005__matched_linear,calibration_subject_005,matched_linear,MATCHED,knee,POSITIVE_CANONICAL,MINIMUM,0.25,INTERIOR,asym_h+0.250_k-1.250_p-0.02250,asym_h+0.250_k-1.000_p-0.02250,0.00122199592615,0.00122199592615,3.33066907388e-16,-0.00122199592615,-0.00122199592615,3.33066907388e-16,DIRECT_PAIRED_ENDPOINT_DIFFERENCE,True,False,True,False,False,False,False,INDEPENDENT_CALIBRATION_DECISION_ERROR_ONLY
dlv_pair_0012e78be01fd534949b39b9,calibration_subject_004__matched_linear,calibration_subject_004,matched_linear,MATCHED,hip,POSITIVE_CANONICAL,INITIAL,1,INTERIOR,asym_h-2.250_k+1.500_p-0.01000,asym_h-1.250_k+1.500_p-0.01000,-0.00204408246706,-0.00204408246706,4.4408920985e-16,0.00204408246706,0.00204408246706,4.4408920985e-16,DIRECT_PAIRED_ENDPOINT_DIFFERENCE,True,False,True,False,False,False,False,INDEPENDENT_CALIBRATION_DECISION_ERROR_ONLY
dlv_pair_0013ad59d6db0b54fa018620,calibration_subject_005__matched_linear,calibration_subject_005,matched_linear,MATCHED,knee,POSITIVE_CANONICAL,HALF,0.5,INTERIOR,asym_h-2.500_k-3.000_p+0.01750,asym_h-2.500_k-2.500_p+0.01750,0.00241025868099,0.00241025868099,7.77156117238e-16,-0.00241025868099,-0.00241025868099,7.77156117238e-16,DIRECT_PAIRED_ENDPOINT_DIFFERENCE,True,False,True,False,False,False,False,INDEPENDENT_CALIBRATION_DECISION_ERROR_ONLY
dlv_pair_0014706d4a38ce22d514586e,calibration_subject_004__nonlinear_stiffness_strong,calibration_subject_004,nonlinear_stiffness_strong,MISMATCH,hip,POSITIVE_CANONICAL,MINIMUM,0.25,INTERIOR,asym_h+1.250_k-3.250_p-0.02000,asym_h+1.500_k-3.250_p-0.02000,-4.36165658737e-05,0.000487956736804,0.000531573302678,4.36165658737e-05,-0.000487956736804,0.000531573302678,DIRECT_PAIRED_ENDPOINT_DIFFERENCE,True,False,True,False,False,False,False,INDEPENDENT_CALIBRATION_DECISION_ERROR_ONLY
dlv_pair_00148be7ab91cf38a4ef7ce1,calibration_subject_003__combined_strong,calibration_subject_003,combined_strong,MISMATCH,phase,POSITIVE_CANONICAL,MINIMUM,0.0025,INTERIOR,asym_h-4.250_k+2.000_p-0.00750,asym_h-4.250_k+2.000_p-0.00500,-2.75374416265e-05,-2.03855080352e-05,7.15193359135e-06,2.75374416265e-05,2.03855080352e-05,7.15193359135e-06,DIRECT_PAIRED_ENDPOINT_DIFFERENCE,True,False,True,False,False,False,False,INDEPENDENT_CALIBRATION_DECISION_ERROR_ONLY
dlv_pair_0014c1b3e9ed44d74d09f93d,calibration_subject_003__matched_linear,calibration_subject_003,matched_linear,MATCHED,hip,POSITIVE_CANONICAL,MINIMUM,0.25,INTERIOR,asym_h+0.500_k+1.750_p-0.02750,asym_h+0.750_k+1.750_p-0.02750,-0.000143127594795,-0.000143127594795,0,0.000143127594795,0.000143127594795,0,DIRECT_PAIRED_ENDPOINT_DIFFERENCE,True,False,True,False,False,False,False,INDEPENDENT_CALIBRATION_DECISION_ERROR_ONLY
dlv_pair_00150e4c1cca9c8fb7db13ce,calibration_subject_005__matched_linear,calibration_subject_005,matched_linear,MATCHED,hip,POSITIVE_CANONICAL,INITIAL,1,UPPER_EDGE,asym_h+1.000_k+1.250_p-0.02250,asym_h+2.000_k+1.250_p-0.02250,-0.00131018045855,-0.00131018045855,4.4408920985e-16,0.00131018045855,0.00131018045855,4.4408920985e-16,DIRECT_PAIRED_ENDPOINT_DIFFERENCE,True,False,True,False,False,False,False,INDEPENDENT_CALIBRATION_DECISION_ERROR_ONLY
dlv_pair_001580ffa04c10c86fca7c13,calibration_subject_001__matched_linear,calibration_subject_001,matched_linear,MATCHED,phase,POSITIVE_CANONICAL,MINIMUM,0.0025,INTERIOR,asym_h+1.750_k-2.500_p-0.01750,asym_h+1.750_k-2.500_p-0.01500,-2.17300918477e-05,-2.17300918487e-05,9.99200722163e-16,2.17300918477e-05,2.17300918487e-05,9.99200722163e-16,DIRECT_PAIRED_ENDPOINT_DIFFERENCE,True,False,True,False,False,False,False,INDEPENDENT_CALIBRATION_DECISION_ERROR_ONLY
dlv_pair_0015b62a400f165bdc63f003,calibration_subject_003__combined_strong,calibration_subject_003,combined_strong,MISMATCH,knee,POSITIVE_CANONICAL,MINIMUM,0.25,INTERIOR,asym_h+1.250_k-0.500_p-0.01750,asym_h+1.250_k-0.250_p-0.01750,0.00107823069394,0.00180852861453,0.000730297920596,-0.00107823069394,-0.00180852861453,0.000730297920596,DIRECT_PAIRED_ENDPOINT_DIFFERENCE,True,False,True,False,False,False,False,INDEPENDENT_CALIBRATION_DECISION_ERROR_ONLY
dlv_pair_001691e397f55d5d0a8e68c0,calibration_subject_002__matched_linear,calibration_subject_002,matched_linear,MATCHED,phase,POSITIVE_CANONICAL,MINIMUM,0.0025,INTERIOR,asym_h+0.500_k-2.500_p+0.02000,asym_h+0.500_k-2.500_p+0.02250,-1.89580338829e-05,-1.8958033883e-05,1.11022302463e-16,1.89580338829e-05,1.8958033883e-05,1.11022302463e-16,DIRECT_PAIRED_ENDPOINT_DIFFERENCE,True,False,True,False,False,False,False,INDEPENDENT_CALIBRATION_DECISION_ERROR_ONLY
dlv_pair_0016bcb3e1eb50547bd0ad02,calibration_subject_006__matched_linear,calibration_subject_006,matched_linear,MATCHED,knee,POSITIVE_CANONICAL,MINIMUM,0.25,INTERIOR,asym_h-2.500_k-4.250_p+0.01500,asym_h-2.500_k-4.000_p+0.01500,0.00158957604032,0.00158957604031,1.31006316906e-14,-0.00158957604032,-0.00158957604031,1.31006316906e-14,DIRECT_PAIRED_ENDPOINT_DIFFERENCE,True,False,True,False,False,False,False,INDEPENDENT_CALIBRATION_DECISION_ERROR_ONLY
dlv_pair_001730bf50bacb398b1d63b8,calibration_subject_002__hip_knee_coupling_strong,calibration_subject_002,hip_knee_coupling_strong,MISMATCH,knee,POSITIVE_CANONICAL,MINIMUM,0.25,INTERIOR,asym_h-3.500_k+1.000_p+0.01000,asym_h-3.500_k+1.250_p+0.01000,0.00124387433293,0.00133826645379,9.43921208607e-05,-0.00124387433293,-0.00133826645379,9.43921208607e-05,DIRECT_PAIRED_ENDPOINT_DIFFERENCE,True,False,True,False,False,False,False,INDEPENDENT_CALIBRATION_DECISION_ERROR_ONLY
dlv_pair_001799ad1eafaf2224b026f9,calibration_subject_004__nonlinear_stiffness_strong,calibration_subject_004,nonlinear_stiffness_strong,MISMATCH,knee,POSITIVE_CANONICAL,MINIMUM,0.25,INTERIOR,asym_h-1.000_k-0.500_p-0.03000,asym_h-1.000_k-0.250_p-0.03000,0.00106309995688,0.00183637169685,0.000773271739963,-0.00106309995688,-0.00183637169685,0.000773271739963,DIRECT_PAIRED_ENDPOINT_DIFFERENCE,True,False,True,False,False,False,False,INDEPENDENT_CALIBRATION_DECISION_ERROR_ONLY
dlv_pair_00189880976df2cd3d6b3f61,calibration_subject_002__hip_knee_coupling_strong,calibration_subject_002,hip_knee_coupling_strong,MISMATCH,phase,POSITIVE_CANONICAL,HALF,0.005,INTERIOR,asym_h-3.500_k-0.750_p-0.02750,asym_h-3.500_k-0.750_p-0.02250,-4.12434426258e-05,-4.79296448379e-05,6.68620221211e-06,4.12434426258e-05,4.79296448379e-05,6.68620221211e-06,DIRECT_PAIRED_ENDPOINT_DIFFERENCE,True,False,True,False,False,False,False,INDEPENDENT_CALIBRATION_DECISION_ERROR_ONLY
dlv_pair_0018ec3db6166f3c8ff3fdfc,calibration_subject_002__matched_linear,calibration_subject_002,matched_linear,MATCHED,phase,POSITIVE_CANONICAL,HALF,0.005,INTERIOR,asym_h-3.750_k-0.250_p-0.01500,asym_h-3.750_k-0.250_p-0.01000,-3.85712727122e-05,-3.85712727122e-05,0,3.85712727122e-05,3.85712727122e-05,0,DIRECT_PAIRED_ENDPOINT_DIFFERENCE,True,False,True,False,False,False,False,INDEPENDENT_CALIBRATION_DECISION_ERROR_ONLY
dlv_pair_0018fc8da219d19de6467b4b,calibration_subject_001__nonlinear_stiffness_strong,calibration_subject_001,nonlinear_stiffness_strong,MISMATCH,knee,POSITIVE_CANONICAL,MINIMUM,0.25,INTERIOR,asym_h+1.500_k+1.250_p-0.02500,asym_h+1.500_k+1.500_p-0.02500,0.00105679942156,0.00185911452894,0.000802315107381,-0.00105679942156,-0.00185911452894,0.000802315107381,DIRECT_PAIRED_ENDPOINT_DIFFERENCE,True,False,True,False,False,False,False,INDEPENDENT_CALIBRATION_DECISION_ERROR_ONLY
dlv_pair_001906d19b5de7552c3326a1,calibration_subject_001__matched_linear,calibration_subject_001,matched_linear,MATCHED,hip,POSITIVE_CANONICAL,MINIMUM,0.25,INTERIOR,asym_h+0.750_k-1.250_p-0.01500,asym_h+1.000_k-1.250_p-0.01500,6.766085348e-05,6.76608534779e-05,2.10942374679e-15,-6.766085348e-05,-6.76608534779e-05,2.10942374679e-15,DIRECT_PAIRED_ENDPOINT_DIFFERENCE,True,False,True,False,False,False,False,INDEPENDENT_CALIBRATION_DECISION_ERROR_ONLY
dlv_pair_00191fb932b34acbe9eaa5da,calibration_subject_006__matched_linear,calibration_subject_006,matched_linear,MATCHED,hip,POSITIVE_CANONICAL,MINIMUM,0.25,INTERIOR,asym_h-4.250_k-2.250_p-0.02250,asym_h-4.000_k-2.250_p-0.02250,-0.00028909082116,-0.00028909082115,9.54791801178e-15,0.00028909082116,0.00028909082115,9.54791801178e-15,DIRECT_PAIRED_ENDPOINT_DIFFERENCE,True,False,True,False,False,False,False,INDEPENDENT_CALIBRATION_DECISION_ERROR_ONLY
dlv_pair_00195db687c38480904a40e9,calibration_subject_005__matched_linear,calibration_subject_005,matched_linear,MATCHED,phase,POSITIVE_CANONICAL,MINIMUM,0.0025,INTERIOR,asym_h+1.250_k-2.500_p-0.01750,asym_h+1.250_k-2.500_p-0.01500,-2.05005680231e-05,-2.05005680232e-05,1.11022302463e-16,2.05005680231e-05,2.05005680232e-05,1.11022302463e-16,DIRECT_PAIRED_ENDPOINT_DIFFERENCE,True,False,True,False,False,False,False,INDEPENDENT_CALIBRATION_DECISION_ERROR_ONLY
dlv_pair_001987d2d595327823014e03,calibration_subject_006__combined_strong,calibration_subject_006,combined_strong,MISMATCH,knee,POSITIVE_CANONICAL,HALF,0.5,INTERIOR,asym_h+0.500_k+0.250_p+0.03000,asym_h+0.500_k+0.750_p+0.03000,0.00242275250591,0.00584227977056,0.00341952726465,-0.00242275250591,-0.00584227977056,0.00341952726465,DIRECT_PAIRED_ENDPOINT_DIFFERENCE,True,False,True,False,False,False,False,INDEPENDENT_CALIBRATION_DECISION_ERROR_ONLY
dlv_pair_00198b17ed14d0ce774aea69,calibration_subject_001__matched_linear,calibration_subject_001,matched_linear,MATCHED,knee,POSITIVE_CANONICAL,HALF,0.5,INTERIOR,asym_h-3.000_k-2.250_p+0.02500,asym_h-3.000_k-1.750_p+0.02500,0.00224243955048,0.00224243955049,3.99680288865e-15,-0.00224243955048,-0.00224243955049,3.99680288865e-15,DIRECT_PAIRED_ENDPOINT_DIFFERENCE,True,False,True,False,False,False,False,INDEPENDENT_CALIBRATION_DECISION_ERROR_ONLY
dlv_pair_0019d510f5ef8ed9c695e0e6,calibration_subject_001__matched_linear,calibration_subject_001,matched_linear,MATCHED,phase,POSITIVE_CANONICAL,INITIAL,0.01,INTERIOR,asym_h-3.250_k-3.000_p-0.01500,asym_h-3.250_k-3.000_p-0.00500,-8.98635971313e-05,-8.9863597136e-05,4.77395900589e-15,8.98635971313e-05,8.9863597136e-05,4.77395900589e-15,DIRECT_PAIRED_ENDPOINT_DIFFERENCE,True,False,True,False,False,False,False,INDEPENDENT_CALIBRATION_DECISION_ERROR_ONLY
dlv_pair_001a2b3b458ebed0776db437,calibration_subject_005__matched_linear,calibration_subject_005,matched_linear,MATCHED,knee,POSITIVE_CANONICAL,INITIAL,1,INTERIOR,asym_h-3.250_k+0.500_p+0.02000,asym_h-3.250_k+1.500_p+0.02000,0.0049886001793,0.0049886001793,8.881784197e-16,-0.0049886001793,-0.0049886001793,8.881784197e-16,DIRECT_PAIRED_ENDPOINT_DIFFERENCE,True,False,True,False,False,False,False,INDEPENDENT_CALIBRATION_DECISION_ERROR_ONLY
dlv_pair_001a3126d1508a1594b4d725,calibration_subject_006__matched_linear,calibration_subject_006,matched_linear,MATCHED,hip,POSITIVE_CANONICAL,HALF,0.5,INTERIOR,asym_h-3.750_k+2.000_p-0.01250,asym_h-3.250_k+2.000_p-0.01250,-0.000685332655365,-0.000685332655344,2.13162820728e-14,0.000685332655365,0.000685332655344,2.13162820728e-14,DIRECT_PAIRED_ENDPOINT_DIFFERENCE,True,False,True,False,False,False,False,INDEPENDENT_CALIBRATION_DECISION_ERROR_ONLY
dlv_pair_001a84cfb800ca2f5d2b8f6b,calibration_subject_002__hip_knee_coupling_strong,calibration_subject_002,hip_knee_coupling_strong,MISMATCH,hip,POSITIVE_CANONICAL,HALF,0.5,INTERIOR,asym_h+0.500_k+1.500_p+0.02750,asym_h+1.000_k+1.500_p+0.02750,-0.000887584168416,-0.0010703725949,0.000182788426481,0.000887584168416,0.0010703725949,0.000182788426481,DIRECT_PAIRED_ENDPOINT_DIFFERENCE,True,False,True,False,False,False,False,INDEPENDENT_CALIBRATION_DECISION_ERROR_ONLY
dlv_pair_001bf7360a8de7f19564a66f,calibration_subject_005__matched_linear,calibration_subject_005,matched_linear,MATCHED,phase,POSITIVE_CANONICAL,HALF,0.005,INTERIOR,asym_h-0.750_k+0.750_p+0.01750,asym_h-0.750_k+0.750_p+0.02250,-4.8642231546e-05,-4.86422315464e-05,4.4408920985e-16,4.8642231546e-05,4.86422315464e-05,4.4408920985e-16,DIRECT_PAIRED_ENDPOINT_DIFFERENCE,True,False,True,False,False,False,False,INDEPENDENT_CALIBRATION_DECISION_ERROR_ONLY
dlv_pair_001c055735d42b21832d3c3f,calibration_subject_001__nonlinear_stiffness_strong,calibration_subject_001,nonlinear_stiffness_strong,MISMATCH,hip,POSITIVE_CANONICAL,MINIMUM,0.25,INTERIOR,asym_h-4.500_k-0.500_p+0.00500,asym_h-4.250_k-0.500_p+0.00500,0.00042631975652,0.000739315327884,0.000312995571364,-0.00042631975652,-0.000739315327884,0.000312995571364,DIRECT_PAIRED_ENDPOINT_DIFFERENCE,True,False,True,False,False,False,False,INDEPENDENT_CALIBRATION_DECISION_ERROR_ONLY
dlv_pair_001c4b8cff8bb8d3d11a850e,calibration_subject_001__matched_linear,calibration_subject_001,matched_linear,MATCHED,hip,POSITIVE_CANONICAL,INITIAL,1,INTERIOR,asym_h-0.250_k+0.250_p+0.02000,asym_h+0.750_k+0.250_p+0.02000,0.000248210252058,0.000248210252051,7.77156117238e-15,-0.000248210252058,-0.000248210252051,7.77156117238e-15,DIRECT_PAIRED_ENDPOINT_DIFFERENCE,True,False,True,False,False,False,False,INDEPENDENT_CALIBRATION_DECISION_ERROR_ONLY
dlv_pair_001c5a9c5f6129b6980aa942,calibration_subject_006__combined_strong,calibration_subject_006,combined_strong,MISMATCH,phase,POSITIVE_CANONICAL,MINIMUM,0.0025,INTERIOR,asym_h-2.000_k+1.500_p-0.01500,asym_h-2.000_k+1.500_p-0.01250,-3.1127416128e-05,-3.26711830456e-05,1.54376691763e-06,3.1127416128e-05,3.26711830456e-05,1.54376691763e-06,DIRECT_PAIRED_ENDPOINT_DIFFERENCE,True,False,True,False,False,False,False,INDEPENDENT_CALIBRATION_DECISION_ERROR_ONLY
dlv_pair_001c7dd824926825f292a9b2,calibration_subject_002__matched_linear,calibration_subject_002,matched_linear,MATCHED,knee,POSITIVE_CANONICAL,MINIMUM,0.25,INTERIOR,asym_h-2.750_k-4.500_p-0.02500,asym_h-2.750_k-4.250_p-0.02500,0.00116484077878,0.00116484077878,0,-0.00116484077878,-0.00116484077878,0,DIRECT_PAIRED_ENDPOINT_DIFFERENCE,True,False,True,False,False,False,False,INDEPENDENT_CALIBRATION_DECISION_ERROR_ONLY
dlv_pair_001c82c97e3dc622feef4be0,calibration_subject_001__nonlinear_stiffness_strong,calibration_subject_001,nonlinear_stiffness_strong,MISMATCH,hip,POSITIVE_CANONICAL,HALF,0.5,INTERIOR,asym_h-3.750_k+1.750_p-0.01250,asym_h-3.250_k+1.750_p-0.01250,0.000846000644046,0.00148357853962,0.000637577895577,-0.000846000644046,-0.00148357853962,0.000637577895577,DIRECT_PAIRED_ENDPOINT_DIFFERENCE,True,False,True,False,False,False,False,INDEPENDENT_CALIBRATION_DECISION_ERROR_ONLY
dlv_pair_001d03ae5e07a8b1cdaa11bc,calibration_subject_002__hip_knee_coupling_strong,calibration_subject_002,hip_knee_coupling_strong,MISMATCH,hip,POSITIVE_CANONICAL,INITIAL,1,INTERIOR,asym_h-1.750_k-1.500_p+0.00250,asym_h-0.750_k-1.500_p+0.00250,-0.00182364214113,-0.00215377253297,0.000330130391845,0.00182364214113,0.00215377253297,0.000330130391845,DIRECT_PAIRED_ENDPOINT_DIFFERENCE,True,False,True,False,False,False,False,INDEPENDENT_CALIBRATION_DECISION_ERROR_ONLY
dlv_pair_001dd4c37529660f481dc656,calibration_subject_002__matched_linear,calibration_subject_002,matched_linear,MATCHED,knee,POSITIVE_CANONICAL,HALF,0.5,INTERIOR,asym_h-1.750_k-1.750_p-0.02250,asym_h-1.750_k-1.250_p-0.02250,0.00238639257349,0.00238639257349,0,-0.00238639257349,-0.00238639257349,0,DIRECT_PAIRED_ENDPOINT_DIFFERENCE,True,False,True,False,False,False,False,INDEPENDENT_CALIBRATION_DECISION_ERROR_ONLY
dlv_pair_001e10b97187e9c71fca6147,calibration_subject_004__nonlinear_stiffness_strong,calibration_subject_004,nonlinear_stiffness_strong,MISMATCH,knee,POSITIVE_CANONICAL,HALF,0.5,LOWER_EDGE,asym_h-4.500_k-5.000_p-0.01750,asym_h-4.500_k-4.500_p-0.01750,0.0020726211772,0.00339499883169,0.00132237765449,-0.0020726211772,-0.00339499883169,0.00132237765449,DIRECT_PAIRED_ENDPOINT_DIFFERENCE,True,False,True,False,False,False,False,INDEPENDENT_CALIBRATION_DECISION_ERROR_ONLY
dlv_pair_001e49fad8d827e462d3d6c8,calibration_subject_001__nonlinear_stiffness_strong,calibration_subject_001,nonlinear_stiffness_strong,MISMATCH,knee,POSITIVE_CANONICAL,INITIAL,1,INTERIOR,asym_h-2.750_k-2.500_p+0.02750,asym_h-2.750_k-1.500_p+0.02750,0.00417597099781,0.00706327795895,0.00288730696114,-0.00417597099781,-0.00706327795895,0.00288730696114,DIRECT_PAIRED_ENDPOINT_DIFFERENCE,True,False,True,False,False,False,False,INDEPENDENT_CALIBRATION_DECISION_ERROR_ONLY
dlv_pair_001e7b9fecab56343e33eed3,calibration_subject_004__nonlinear_stiffness_strong,calibration_subject_004,nonlinear_stiffness_strong,MISMATCH,knee,POSITIVE_CANONICAL,INITIAL,1,INTERIOR,asym_h+0.250_k-2.750_p-0.01000,asym_h+0.250_k-1.750_p-0.01000,0.00420249877618,0.00705370307113,0.00285120429495,-0.00420249877618,-0.00705370307113,0.00285120429495,DIRECT_PAIRED_ENDPOINT_DIFFERENCE,True,False,True,False,False,False,False,INDEPENDENT_CALIBRATION_DECISION_ERROR_ONLY
dlv_pair_001ec9d46f754ca5c593577b,calibration_subject_006__combined_strong,calibration_subject_006,combined_strong,MISMATCH,hip,POSITIVE_CANONICAL,INITIAL,1,INTERIOR,asym_h-4.750_k+1.500_p+0.02750,asym_h-3.750_k+1.500_p+0.02750,0.000867877976723,0.00121894334865,0.000351065371927,-0.000867877976723,-0.00121894334865,0.000351065371927,DIRECT_PAIRED_ENDPOINT_DIFFERENCE,True,False,True,False,False,False,False,INDEPENDENT_CALIBRATION_DECISION_ERROR_ONLY
dlv_pair_001ed31b443b4367ed1933fd,calibration_subject_002__hip_knee_coupling_strong,calibration_subject_002,hip_knee_coupling_strong,MISMATCH,phase,POSITIVE_CANONICAL,MINIMUM,0.0025,INTERIOR,asym_h-4.750_k-4.750_p-0.02000,asym_h-4.750_k-4.750_p-0.01750,-1.64339119626e-05,-1.63842181434e-05,4.96938191707e-08,1.64339119626e-05,1.63842181434e-05,4.96938191707e-08,DIRECT_PAIRED_ENDPOINT_DIFFERENCE,True,False,True,False,False,False,False,INDEPENDENT_CALIBRATION_DECISION_ERROR_ONLY
dlv_pair_001fef24d34310a5c4e77ae6,calibration_subject_003__matched_linear,calibration_subject_003,matched_linear,MATCHED,knee,POSITIVE_CANONICAL,INITIAL,1,INTERIOR,asym_h-4.500_k+0.250_p-0.01250,asym_h-4.500_k+1.250_p-0.01250,0.00474246867848,0.00474246867848,2.22044604925e-16,-0.00474246867848,-0.00474246867848,2.22044604925e-16,DIRECT_PAIRED_ENDPOINT_DIFFERENCE,True,False,True,False,False,False,False,INDEPENDENT_CALIBRATION_DECISION_ERROR_ONLY
dlv_pair_00203826c5cdc16492ac9319,calibration_subject_004__matched_linear,calibration_subject_004,matched_linear,MATCHED,hip,POSITIVE_CANONICAL,MINIMUM,0.25,UPPER_EDGE,asym_h+1.750_k+0.250_p-0.00750,asym_h+2.000_k+0.250_p-0.00750,-0.000477991273252,-0.000477991273252,3.33066907388e-16,0.000477991273252,0.000477991273252,3.33066907388e-16,DIRECT_PAIRED_ENDPOINT_DIFFERENCE,True,False,True,False,False,False,False,INDEPENDENT_CALIBRATION_DECISION_ERROR_ONLY
dlv_pair_002134eab2ae5259c1ace0f0,calibration_subject_001__nonlinear_stiffness_strong,calibration_subject_001,nonlinear_stiffness_strong,MISMATCH,phase,POSITIVE_CANONICAL,MINIMUM,0.0025,INTERIOR,asym_h+0.750_k-0.750_p+0.00750,asym_h+0.750_k-0.750_p+0.01000,-2.64732340117e-05,-6.60640841899e-06,1.98668255927e-05,2.64732340117e-05,6.60640841899e-06,1.98668255927e-05,DIRECT_PAIRED_ENDPOINT_DIFFERENCE,True,False,True,False,False,False,False,INDEPENDENT_CALIBRATION_DECISION_ERROR_ONLY
dlv_pair_0022b543d56b9b93b941f786,calibration_subject_006__matched_linear,calibration_subject_006,matched_linear,MATCHED,knee,POSITIVE_CANONICAL,HALF,0.5,INTERIOR,asym_h+2.000_k-2.250_p+0.00500,asym_h+2.000_k-1.750_p+0.00500,0.00317418609643,0.0031741860964,2.5202062659e-14,-0.00317418609643,-0.0031741860964,2.5202062659e-14,DIRECT_PAIRED_ENDPOINT_DIFFERENCE,True,False,True,False,False,False,False,INDEPENDENT_CALIBRATION_DECISION_ERROR_ONLY
dlv_pair_0022ccc4bab8e16630928c7d,calibration_subject_005__hip_knee_coupling_strong,calibration_subject_005,hip_knee_coupling_strong,MISMATCH,hip,POSITIVE_CANONICAL,INITIAL,1,INTERIOR,asym_h-3.500_k+0.500_p-0.00750,asym_h-2.500_k+0.500_p-0.00750,-0.00124047652464,-0.00167638260584,0.000435906081194,0.00124047652464,0.00167638260584,0.000435906081194,DIRECT_PAIRED_ENDPOINT_DIFFERENCE,True,False,True,False,False,False,False,INDEPENDENT_CALIBRATION_DECISION_ERROR_ONLY
dlv_pair_0022f3f7ddfa1c0a8fe0a073,calibration_subject_001__nonlinear_stiffness_strong,calibration_subject_001,nonlinear_stiffness_strong,MISMATCH,phase,POSITIVE_CANONICAL,HALF,0.005,INTERIOR,asym_h-1.500_k-1.500_p+0.00500,asym_h-1.500_k-1.500_p+0.01000,-5.19641751475e-05,-1.17215732991e-05,4.02426018484e-05,5.19641751475e-05,1.17215732991e-05,4.02426018484e-05,DIRECT_PAIRED_ENDPOINT_DIFFERENCE,True,False,True,False,False,False,False,INDEPENDENT_CALIBRATION_DECISION_ERROR_ONLY
dlv_pair_002341373b24c70a725e874c,calibration_subject_005__hip_knee_coupling_strong,calibration_subject_005,hip_knee_coupling_strong,MISMATCH,knee,POSITIVE_CANONICAL,INITIAL,1,INTERIOR,asym_h+1.000_k-0.250_p-0.02750,asym_h+1.000_k+0.750_p-0.02750,0.00504704220235,0.00543485155391,0.000387809351552,-0.00504704220235,-0.00543485155391,0.000387809351552,DIRECT_PAIRED_ENDPOINT_DIFFERENCE,True,False,True,False,False,False,False,INDEPENDENT_CALIBRATION_DECISION_ERROR_ONLY
dlv_pair_002354f0f9f307634face039,calibration_subject_003__combined_strong,calibration_subject_003,combined_strong,MISMATCH,hip,POSITIVE_CANONICAL,MINIMUM,0.25,INTERIOR,asym_h-1.500_k+1.250_p+0.02000,asym_h-1.250_k+1.250_p+0.02000,0.000224228703133,0.000540800338648,0.000316571635515,-0.000224228703133,-0.000540800338648,0.000316571635515,DIRECT_PAIRED_ENDPOINT_DIFFERENCE,True,False,True,False,False,False,False,INDEPENDENT_CALIBRATION_DECISION_ERROR_ONLY
dlv_pair_002384897c51013ed271b03f,calibration_subject_002__matched_linear,calibration_subject_002,matched_linear,MATCHED,hip,POSITIVE_CANONICAL,HALF,0.5,INTERIOR,asym_h-1.000_k+1.000_p-0.01500,asym_h-0.500_k+1.000_p-0.01500,-0.000994628534211,-0.000994628534211,2.22044604925e-16,0.000994628534211,0.000994628534211,2.22044604925e-16,DIRECT_PAIRED_ENDPOINT_DIFFERENCE,True,False,True,False,False,False,False,INDEPENDENT_CALIBRATION_DECISION_ERROR_ONLY
dlv_pair_0023ce53605b7832c51a2567,calibration_subject_002__matched_linear,calibration_subject_002,matched_linear,MATCHED,hip,POSITIVE_CANONICAL,INITIAL,1,INTERIOR,asym_h+0.750_k+1.250_p+0.02750,asym_h+1.750_k+1.250_p+0.02750,-0.00191859541967,-0.00191859541967,2.22044604925e-16,0.00191859541967,0.00191859541967,2.22044604925e-16,DIRECT_PAIRED_ENDPOINT_DIFFERENCE,True,False,True,False,False,False,False,INDEPENDENT_CALIBRATION_DECISION_ERROR_ONLY
dlv_pair_0024e735b21721e3355c736f,calibration_subject_005__hip_knee_coupling_strong,calibration_subject_005,hip_knee_coupling_strong,MISMATCH,knee,POSITIVE_CANONICAL,MINIMUM,0.25,LOWER_EDGE,asym_h-3.500_k-5.000_p-0.01500,asym_h-3.500_k-4.750_p-0.01500,0.00121383780549,0.0012994229371,8.55851316034e-05,-0.00121383780549,-0.0012994229371,8.55851316034e-05,DIRECT_PAIRED_ENDPOINT_DIFFERENCE,True,False,True,False,False,False,False,INDEPENDENT_CALIBRATION_DECISION_ERROR_ONLY
dlv_pair_002587dc11c9376290061b45,calibration_subject_006__matched_linear,calibration_subject_006,matched_linear,MATCHED,hip,POSITIVE_CANONICAL,HALF,0.5,LOWER_EDGE,asym_h-5.000_k-3.000_p+0.01000,asym_h-4.500_k-3.000_p+0.01000,-0.000568013143152,-0.000568013143134,1.82076576039e-14,0.000568013143152,0.000568013143134,1.82076576039e-14,DIRECT_PAIRED_ENDPOINT_DIFFERENCE,True,False,True,False,False,False,False,INDEPENDENT_CALIBRATION_DECISION_ERROR_ONLY
dlv_pair_0025b10da326881038a16ec8,calibration_subject_001__matched_linear,calibration_subject_001,matched_linear,MATCHED,hip,POSITIVE_CANONICAL,HALF,0.5,INTERIOR,asym_h-4.250_k+0.250_p+0.02000,asym_h-3.750_k+0.250_p+0.02000,9.11007325091e-05,9.11007325046e-05,4.4408920985e-15,-9.11007325091e-05,-9.11007325046e-05,4.4408920985e-15,DIRECT_PAIRED_ENDPOINT_DIFFERENCE,True,False,True,False,False,False,False,INDEPENDENT_CALIBRATION_DECISION_ERROR_ONLY
dlv_pair_0025f8649b3181841485601a,calibration_subject_004__nonlinear_stiffness_strong,calibration_subject_004,nonlinear_stiffness_strong,MISMATCH,phase,POSITIVE_CANONICAL,HALF,0.005,INTERIOR,asym_h-4.750_k-3.000_p+0.00000,asym_h-4.750_k-3.000_p+0.00500,-4.21941577873e-05,-1.18117265635e-06,4.10129851309e-05,4.21941577873e-05,1.18117265635e-06,4.10129851309e-05,DIRECT_PAIRED_ENDPOINT_DIFFERENCE,True,False,True,False,False,False,False,INDEPENDENT_CALIBRATION_DECISION_ERROR_ONLY
dlv_pair_0025fe64cfbc76b370cb088a,calibration_subject_004__matched_linear,calibration_subject_004,matched_linear,MATCHED,hip,POSITIVE_CANONICAL,HALF,0.5,INTERIOR,asym_h+0.000_k-1.250_p-0.02500,asym_h+0.500_k-1.250_p-0.02500,-0.000992582896942,-0.000992582896942,1.11022302463e-16,0.000992582896942,0.000992582896942,1.11022302463e-16,DIRECT_PAIRED_ENDPOINT_DIFFERENCE,True,False,True,False,False,False,False,INDEPENDENT_CALIBRATION_DECISION_ERROR_ONLY
dlv_pair_00264835b9d6134a36296bca,calibration_subject_002__hip_knee_coupling_strong,calibration_subject_002,hip_knee_coupling_strong,MISMATCH,knee,POSITIVE_CANONICAL,INITIAL,1,INTERIOR,asym_h-4.000_k-0.500_p+0.02500,asym_h-4.000_k+0.500_p+0.02500,0.00492172203794,0.00527952736935,0.000357805331416,-0.00492172203794,-0.00527952736935,0.000357805331416,DIRECT_PAIRED_ENDPOINT_DIFFERENCE,True,False,True,False,False,False,False,INDEPENDENT_CALIBRATION_DECISION_ERROR_ONLY
dlv_pair_0026529ec885ab543cd8c7f2,calibration_subject_001__nonlinear_stiffness_strong,calibration_subject_001,nonlinear_stiffness_strong,MISMATCH,hip,POSITIVE_CANONICAL,INITIAL,1,LOWER_EDGE,asym_h-5.000_k+0.250_p+0.01250,asym_h-4.000_k+0.250_p+0.01250,0.00169590386931,0.0029255703864,0.00122966651709,-0.00169590386931,-0.0029255703864,0.00122966651709,DIRECT_PAIRED_ENDPOINT_DIFFERENCE,True,False,True,False,False,False,False,INDEPENDENT_CALIBRATION_DECISION_ERROR_ONLY
dlv_pair_002707a68b5a7f4abcdd1239,calibration_subject_003__combined_strong,calibration_subject_003,combined_strong,MISMATCH,knee,POSITIVE_CANONICAL,HALF,0.5,INTERIOR,asym_h+0.500_k-1.500_p+0.00250,asym_h+0.500_k-1.000_p+0.00250,0.00214485123736,0.00355395674066,0.0014091055033,-0.00214485123736,-0.00355395674066,0.0014091055033,DIRECT_PAIRED_ENDPOINT_DIFFERENCE,True,False,True,False,False,False,False,INDEPENDENT_CALIBRATION_DECISION_ERROR_ONLY
dlv_pair_002781ce7e760a651c139320,calibration_subject_006__combined_strong,calibration_subject_006,combined_strong,MISMATCH,knee,POSITIVE_CANONICAL,INITIAL,1,INTERIOR,asym_h-2.250_k-1.750_p+0.01000,asym_h-2.250_k-0.750_p+0.01000,0.00484161571091,0.0113314100469,0.00648979433594,-0.00484161571091,-0.0113314100469,0.00648979433594,DIRECT_PAIRED_ENDPOINT_DIFFERENCE,True,False,True,False,False,False,False,INDEPENDENT_CALIBRATION_DECISION_ERROR_ONLY
dlv_pair_0027b3e29fc733f6d5ff6b40,calibration_subject_002__matched_linear,calibration_subject_002,matched_linear,MATCHED,knee,POSITIVE_CANONICAL,INITIAL,1,INTERIOR,asym_h-0.750_k-4.500_p-0.02750,asym_h-0.750_k-3.500_p-0.02750,0.00467312594082,0.00467312594082,1.11022302463e-16,-0.00467312594082,-0.00467312594082,1.11022302463e-16,DIRECT_PAIRED_ENDPOINT_DIFFERENCE,True,False,True,False,False,False,False,INDEPENDENT_CALIBRATION_DECISION_ERROR_ONLY
dlv_pair_0028223c9c82c621e8224e6f,calibration_subject_004__matched_linear,calibration_subject_004,matched_linear,MATCHED,knee,POSITIVE_CANONICAL,INITIAL,1,INTERIOR,asym_h-5.000_k-2.250_p+0.00750,asym_h-5.000_k-1.250_p+0.00750,0.00458994463523,0.00458994463523,7.77156117238e-16,-0.00458994463523,-0.00458994463523,7.77156117238e-16,DIRECT_PAIRED_ENDPOINT_DIFFERENCE,True,False,True,False,False,False,False,INDEPENDENT_CALIBRATION_DECISION_ERROR_ONLY
dlv_pair_0029d923a34b43af199f19d2,calibration_subject_003__matched_linear,calibration_subject_003,matched_linear,MATCHED,phase,POSITIVE_CANONICAL,MINIMUM,0.0025,INTERIOR,asym_h-4.000_k-1.250_p+0.02250,asym_h-4.000_k-1.250_p+0.02500,-2.41386819833e-05,-2.41386819833e-05,0,2.41386819833e-05,2.41386819833e-05,0,DIRECT_PAIRED_ENDPOINT_DIFFERENCE,True,False,True,False,False,False,False,INDEPENDENT_CALIBRATION_DECISION_ERROR_ONLY
dlv_pair_002a0890f0a7b2159854a2b3,calibration_subject_004__nonlinear_stiffness_strong,calibration_subject_004,nonlinear_stiffness_strong,MISMATCH,knee,POSITIVE_CANONICAL,HALF,0.5,INTERIOR,asym_h-0.500_k-1.500_p+0.00750,asym_h-0.500_k-1.000_p+0.00750,0.00211012583261,0.00359497079283,0.00148484496023,-0.00211012583261,-0.00359497079283,0.00148484496023,DIRECT_PAIRED_ENDPOINT_DIFFERENCE,True,False,True,False,False,False,False,INDEPENDENT_CALIBRATION_DECISION_ERROR_ONLY
dlv_pair_002a2a2996d2601dd503357c,calibration_subject_006__matched_linear,calibration_subject_006,matched_linear,MATCHED,hip,POSITIVE_CANONICAL,INITIAL,1,INTERIOR,asym_h-3.750_k-1.250_p+0.02750,asym_h-2.750_k-1.250_p+0.02750,-0.00114258870102,-0.00114258870099,3.63042929052e-14,0.00114258870102,0.00114258870099,3.63042929052e-14,DIRECT_PAIRED_ENDPOINT_DIFFERENCE,True,False,True,False,False,False,False,INDEPENDENT_CALIBRATION_DECISION_ERROR_ONLY
dlv_pair_002a9caef29265e7e0ccf02e,calibration_subject_003__matched_linear,calibration_subject_003,matched_linear,MATCHED,phase,POSITIVE_CANONICAL,INITIAL,0.01,INTERIOR,asym_h-4.250_k+0.250_p+0.01500,asym_h-4.250_k+0.250_p+0.02500,-0.000103274027343,-0.000103274027343,0,0.000103274027343,0.000103274027343,0,DIRECT_PAIRED_ENDPOINT_DIFFERENCE,True,False,True,False,False,False,False,INDEPENDENT_CALIBRATION_DECISION_ERROR_ONLY
dlv_pair_002a9ce146a69f3065f09f82,calibration_subject_004__matched_linear,calibration_subject_004,matched_linear,MATCHED,phase,POSITIVE_CANONICAL,INITIAL,0.01,INTERIOR,asym_h+0.250_k+1.250_p-0.00500,asym_h+0.250_k+1.250_p+0.00500,-8.36019968391e-05,-8.360199684e-05,8.881784197e-16,8.36019968391e-05,8.360199684e-05,8.881784197e-16,DIRECT_PAIRED_ENDPOINT_DIFFERENCE,True,False,True,False,False,False,False,INDEPENDENT_CALIBRATION_DECISION_ERROR_ONLY
dlv_pair_002b0dc9208b0cd157e0cad9,calibration_subject_005__hip_knee_coupling_strong,calibration_subject_005,hip_knee_coupling_strong,MISMATCH,phase,POSITIVE_CANONICAL,HALF,0.005,UPPER_EDGE,asym_h+1.250_k-2.750_p+0.02500,asym_h+1.250_k-2.750_p+0.03000,-3.91804715449e-05,-2.40722917921e-05,1.51081797528e-05,3.91804715449e-05,2.40722917921e-05,1.51081797528e-05,DIRECT_PAIRED_ENDPOINT_DIFFERENCE,True,False,True,False,False,False,False,INDEPENDENT_CALIBRATION_DECISION_ERROR_ONLY
dlv_pair_002c21a1f720ffa22e169ed0,calibration_subject_005__hip_knee_coupling_strong,calibration_subject_005,hip_knee_coupling_strong,MISMATCH,knee,POSITIVE_CANONICAL,HALF,0.5,INTERIOR,asym_h+1.250_k+0.750_p+0.00500,asym_h+1.250_k+1.250_p+0.00500,0.00253071275915,0.00272656864959,0.000195855890438,-0.00253071275915,-0.00272656864959,0.000195855890438,DIRECT_PAIRED_ENDPOINT_DIFFERENCE,True,False,True,False,False,False,False,INDEPENDENT_CALIBRATION_DECISION_ERROR_ONLY
dlv_pair_002d543b3deeb2235ef4345e,calibration_subject_003__combined_strong,calibration_subject_003,combined_strong,MISMATCH,phase,POSITIVE_CANONICAL,INITIAL,0.01,INTERIOR,asym_h-0.500_k-1.250_p-0.01500,asym_h-0.500_k-1.250_p-0.00500,-9.51527306848e-05,-5.3843930479e-05,4.13088002058e-05,9.51527306848e-05,5.3843930479e-05,4.13088002058e-05,DIRECT_PAIRED_ENDPOINT_DIFFERENCE,True,False,True,False,False,False,False,INDEPENDENT_CALIBRATION_DECISION_ERROR_ONLY
dlv_pair_002ded23ec87c3cf1d78bff0,calibration_subject_006__matched_linear,calibration_subject_006,matched_linear,MATCHED,phase,POSITIVE_CANONICAL,HALF,0.005,INTERIOR,asym_h-3.000_k-4.750_p+0.02250,asym_h-3.000_k-4.750_p+0.02750,1.41828840313e-05,1.41828840585e-05,2.72004641033e-14,-1.41828840313e-05,-1.41828840585e-05,2.72004641033e-14,DIRECT_PAIRED_ENDPOINT_DIFFERENCE,True,False,True,False,False,False,False,INDEPENDENT_CALIBRATION_DECISION_ERROR_ONLY
dlv_pair_002f7a33b518a07a6f45dbf5,calibration_subject_004__nonlinear_stiffness_strong,calibration_subject_004,nonlinear_stiffness_strong,MISMATCH,phase,POSITIVE_CANONICAL,MINIMUM,0.0025,INTERIOR,asym_h-4.250_k-4.500_p+0.02000,asym_h-4.250_k-4.500_p+0.02250,-2.18382701824e-05,6.2996309006e-06,2.8137901083e-05,2.18382701824e-05,-6.2996309006e-06,2.8137901083e-05,DIRECT_PAIRED_ENDPOINT_DIFFERENCE,True,False,True,False,False,False,False,INDEPENDENT_CALIBRATION_DECISION_ERROR_ONLY
dlv_pair_0030109bcd18c27c70fa9b4a,calibration_subject_005__hip_knee_coupling_strong,calibration_subject_005,hip_knee_coupling_strong,MISMATCH,phase,POSITIVE_CANONICAL,HALF,0.005,INTERIOR,asym_h+0.750_k-4.250_p+0.01500,asym_h+0.750_k-4.250_p+0.02000,-3.71299343431e-05,-2.5275788837e-05,1.18541455061e-05,3.71299343431e-05,2.5275788837e-05,1.18541455061e-05,DIRECT_PAIRED_ENDPOINT_DIFFERENCE,True,False,True,False,False,False,False,INDEPENDENT_CALIBRATION_DECISION_ERROR_ONLY
dlv_pair_003081a15c3f5c3a5ed99865,calibration_subject_001__matched_linear,calibration_subject_001,matched_linear,MATCHED,phase,POSITIVE_CANONICAL,HALF,0.005,INTERIOR,asym_h-0.500_k-0.500_p-0.02250,asym_h-0.500_k-0.500_p-0.01750,-4.70871170665e-05,-4.70871170688e-05,2.33146835171e-15,4.70871170665e-05,4.70871170688e-05,2.33146835171e-15,DIRECT_PAIRED_ENDPOINT_DIFFERENCE,True,False,True,False,False,False,False,INDEPENDENT_CALIBRATION_DECISION_ERROR_ONLY
dlv_pair_00309a3f4d0617d5b3da6a56,calibration_subject_002__matched_linear,calibration_subject_002,matched_linear,MATCHED,phase,POSITIVE_CANONICAL,INITIAL,0.01,UPPER_EDGE,asym_h-2.750_k-0.750_p+0.02000,asym_h-2.750_k-0.750_p+0.03000,-8.13992270845e-05,-8.13992270847e-05,2.22044604925e-16,8.13992270845e-05,8.13992270847e-05,2.22044604925e-16,DIRECT_PAIRED_ENDPOINT_DIFFERENCE,True,False,True,False,False,False,False,INDEPENDENT_CALIBRATION_DECISION_ERROR_ONLY
dlv_pair_00310be3f51e1340134ec16d,calibration_subject_003__matched_linear,calibration_subject_003,matched_linear,MATCHED,phase,POSITIVE_CANONICAL,INITIAL,0.01,UPPER_EDGE,asym_h-4.250_k-4.750_p+0.02000,asym_h-4.250_k-4.750_p+0.03000,-8.04854105922e-05,-8.04854105925e-05,2.22044604925e-16,8.04854105922e-05,8.04854105925e-05,2.22044604925e-16,DIRECT_PAIRED_ENDPOINT_DIFFERENCE,True,False,True,False,False,False,False,INDEPENDENT_CALIBRATION_DECISION_ERROR_ONLY
dlv_pair_00314c49dbce9ddb98d1c480,calibration_subject_002__matched_linear,calibration_subject_002,matched_linear,MATCHED,knee,POSITIVE_CANONICAL,MINIMUM,0.25,UPPER_EDGE,asym_h+0.500_k+1.750_p+0.01250,asym_h+0.500_k+2.000_p+0.01250,0.00122208263516,0.00122208263516,0,-0.00122208263516,-0.00122208263516,0,DIRECT_PAIRED_ENDPOINT_DIFFERENCE,True,False,True,False,False,False,False,INDEPENDENT_CALIBRATION_DECISION_ERROR_ONLY
dlv_pair_0031dac1be73ead8d6955a80,calibration_subject_003__matched_linear,calibration_subject_003,matched_linear,MATCHED,knee,POSITIVE_CANONICAL,HALF,0.5,INTERIOR,asym_h-0.250_k+0.250_p+0.02250,asym_h-0.250_k+0.750_p+0.02250,0.00234266814014,0.00234266814014,0,-0.00234266814014,-0.00234266814014,0,DIRECT_PAIRED_ENDPOINT_DIFFERENCE,True,False,True,False,False,False,False,INDEPENDENT_CALIBRATION_DECISION_ERROR_ONLY
dlv_pair_00320f58e51f553f9f3e1558,calibration_subject_003__combined_strong,calibration_subject_003,combined_strong,MISMATCH,phase,POSITIVE_CANONICAL,INITIAL,0.01,LOWER_EDGE,asym_h+1.500_k-0.750_p-0.03000,asym_h+1.500_k-0.750_p-0.02000,-8.65322478477e-05,-8.23637425099e-05,4.1685053378e-06,8.65322478477e-05,8.23637425099e-05,4.1685053378e-06,DIRECT_PAIRED_ENDPOINT_DIFFERENCE,True,False,True,False,False,False,False,INDEPENDENT_CALIBRATION_DECISION_ERROR_ONLY
dlv_pair_003288819795e077e4d59649,calibration_subject_002__hip_knee_coupling_strong,calibration_subject_002,hip_knee_coupling_strong,MISMATCH,knee,POSITIVE_CANONICAL,INITIAL,1,UPPER_EDGE,asym_h-4.000_k+1.000_p+0.00250,asym_h-4.000_k+2.000_p+0.00250,0.00499808302999,0.00538880276811,0.000390719738121,-0.00499808302999,-0.00538880276811,0.000390719738121,DIRECT_PAIRED_ENDPOINT_DIFFERENCE,True,False,True,False,False,False,False,INDEPENDENT_CALIBRATION_DECISION_ERROR_ONLY
dlv_pair_003378ab24bc0ea52d6dd3a9,calibration_subject_001__nonlinear_stiffness_strong,calibration_subject_001,nonlinear_stiffness_strong,MISMATCH,knee,POSITIVE_CANONICAL,HALF,0.5,INTERIOR,asym_h-1.250_k-1.500_p+0.02750,asym_h-1.250_k-1.000_p+0.02750,0.00208910334929,0.00356103459542,0.00147193124613,-0.00208910334929,-0.00356103459542,0.00147193124613,DIRECT_PAIRED_ENDPOINT_DIFFERENCE,True,False,True,False,False,False,False,INDEPENDENT_CALIBRATION_DECISION_ERROR_ONLY
dlv_pair_0033a285112cff0386f56c0d,calibration_subject_003__combined_strong,calibration_subject_003,combined_strong,MISMATCH,hip,POSITIVE_CANONICAL,INITIAL,1,INTERIOR,asym_h-1.000_k+0.500_p+0.02500,asym_h+0.000_k+0.500_p+0.02500,0.000918306094782,0.00227204366862,0.00135373757384,-0.000918306094782,-0.00227204366862,0.00135373757384,DIRECT_PAIRED_ENDPOINT_DIFFERENCE,True,False,True,False,False,False,False,INDEPENDENT_CALIBRATION_DECISION_ERROR_ONLY
dlv_pair_0036a6551691e87364896f7c,calibration_subject_004__nonlinear_stiffness_strong,calibration_subject_004,nonlinear_stiffness_strong,MISMATCH,phase,POSITIVE_CANONICAL,INITIAL,0.01,INTERIOR,asym_h-2.750_k-0.250_p-0.02250,asym_h-2.750_k-0.250_p-0.01250,-8.02431503247e-05,-4.0393710827e-05,3.98494394978e-05,8.02431503247e-05,4.0393710827e-05,3.98494394978e-05,DIRECT_PAIRED_ENDPOINT_DIFFERENCE,True,False,True,False,False,False,False,INDEPENDENT_CALIBRATION_DECISION_ERROR_ONLY
dlv_pair_0039857d4f1c88bb6f4ae8ed,calibration_subject_002__hip_knee_coupling_strong,calibration_subject_002,hip_knee_coupling_strong,MISMATCH,knee,POSITIVE_CANONICAL,HALF,0.5,INTERIOR,asym_h-1.250_k+1.000_p+0.02250,asym_h-1.250_k+1.500_p+0.02250,0.002481419851,0.00265985952455,0.000178439673547,-0.002481419851,-0.00265985952455,0.000178439673547,DIRECT_PAIRED_ENDPOINT_DIFFERENCE,True,False,True,False,False,False,False,INDEPENDENT_CALIBRATION_DECISION_ERROR_ONLY
dlv_pair_00398905c4b193766df5b0f4,calibration_subject_006__combined_strong,calibration_subject_006,combined_strong,MISMATCH,phase,POSITIVE_CANONICAL,INITIAL,0.01,INTERIOR,asym_h+1.750_k-0.500_p-0.02500,asym_h+1.750_k-0.500_p-0.01500,-0.000109831466061,-0.000115074119973,5.242653912e-06,0.000109831466061,0.000115074119973,5.242653912e-06,DIRECT_PAIRED_ENDPOINT_DIFFERENCE,True,False,True,False,False,False,False,INDEPENDENT_CALIBRATION_DECISION_ERROR_ONLY
dlv_pair_003994e7a4e6b16e3b1f080b,calibration_subject_002__matched_linear,calibration_subject_002,matched_linear,MATCHED,phase,POSITIVE_CANONICAL,INITIAL,0.01,INTERIOR,asym_h+1.500_k-2.500_p-0.01500,asym_h+1.500_k-2.500_p-0.00500,-7.00974892378e-05,-7.00974892379e-05,1.11022302463e-16,7.00974892378e-05,7.00974892379e-05,1.11022302463e-16,DIRECT_PAIRED_ENDPOINT_DIFFERENCE,True,False,True,False,False,False,False,INDEPENDENT_CALIBRATION_DECISION_ERROR_ONLY
dlv_pair_0039beea02c02122a809f6db,calibration_subject_001__nonlinear_stiffness_strong,calibration_subject_001,nonlinear_stiffness_strong,MISMATCH,hip,POSITIVE_CANONICAL,INITIAL,1,INTERIOR,asym_h-0.250_k-2.000_p+0.02000,asym_h+0.750_k-2.000_p+0.02000,0.00178736918715,0.00342197301045,0.0016346038233,-0.00178736918715,-0.00342197301045,0.0016346038233,DIRECT_PAIRED_ENDPOINT_DIFFERENCE,True,False,True,False,False,False,False,INDEPENDENT_CALIBRATION_DECISION_ERROR_ONLY
dlv_pair_003b3c141073787f4eeca179,calibration_subject_006__matched_linear,calibration_subject_006,matched_linear,MATCHED,phase,POSITIVE_CANONICAL,INITIAL,0.01,INTERIOR,asym_h-2.000_k-4.500_p-0.01750,asym_h-2.000_k-4.500_p-0.00750,-7.49117822828e-05,-7.49117822293e-05,5.35127497869e-14,7.49117822828e-05,7.49117822293e-05,5.35127497869e-14,DIRECT_PAIRED_ENDPOINT_DIFFERENCE,True,False,True,False,False,False,False,INDEPENDENT_CALIBRATION_DECISION_ERROR_ONLY
dlv_pair_003f15082fe441e37e0843a2,calibration_subject_002__matched_linear,calibration_subject_002,matched_linear,MATCHED,hip,POSITIVE_CANONICAL,INITIAL,1,UPPER_EDGE,asym_h+1.000_k+1.250_p+0.02000,asym_h+2.000_k+1.250_p+0.02000,-0.00190885923823,-0.00190885923823,2.22044604925e-16,0.00190885923823,0.00190885923823,2.22044604925e-16,DIRECT_PAIRED_ENDPOINT_DIFFERENCE,True,False,True,False,False,False,False,INDEPENDENT_CALIBRATION_DECISION_ERROR_ONLY
dlv_pair_003f4bda7d576170800b5f5b,calibration_subject_001__nonlinear_stiffness_strong,calibration_subject_001,nonlinear_stiffness_strong,MISMATCH,phase,POSITIVE_CANONICAL,INITIAL,0.01,INTERIOR,asym_h-2.250_k-2.000_p-0.02000,asym_h-2.250_k-2.000_p-0.01000,-9.09515756639e-05,-4.29342833115e-05,4.80172923524e-05,9.09515756639e-05,4.29342833115e-05,4.80172923524e-05,DIRECT_PAIRED_ENDPOINT_DIFFERENCE,True,False,True,False,False,False,False,INDEPENDENT_CALIBRATION_DECISION_ERROR_ONLY
dlv_pair_0043c79ce3e9446413f25822,calibration_subject_001__matched_linear,calibration_subject_001,matched_linear,MATCHED,hip,POSITIVE_CANONICAL,MINIMUM,0.25,UPPER_EDGE,asym_h+1.750_k+1.500_p-0.03000,asym_h+2.000_k+1.500_p-0.03000,6.56761464632e-05,6.5676146461e-05,2.22044604925e-15,-6.56761464632e-05,-6.5676146461e-05,2.22044604925e-15,DIRECT_PAIRED_ENDPOINT_DIFFERENCE,True,False,True,False,False,False,False,INDEPENDENT_CALIBRATION_DECISION_ERROR_ONLY
dlv_pair_00448b0e7ef9dd2d8428e5a5,calibration_subject_001__nonlinear_stiffness_strong,calibration_subject_001,nonlinear_stiffness_strong,MISMATCH,hip,POSITIVE_CANONICAL,HALF,0.5,UPPER_EDGE,asym_h+1.500_k+1.000_p-0.01750,asym_h+2.000_k+1.000_p-0.01750,0.000889332929067,0.00173909001626,0.000849757087194,-0.000889332929067,-0.00173909001626,0.000849757087194,DIRECT_PAIRED_ENDPOINT_DIFFERENCE,True,False,True,False,False,False,False,INDEPENDENT_CALIBRATION_DECISION_ERROR_ONLY
dlv_pair_00496f527677ac7dd3bdb304,calibration_subject_006__matched_linear,calibration_subject_006,matched_linear,MATCHED,phase,POSITIVE_CANONICAL,INITIAL,0.01,LOWER_EDGE,asym_h-4.250_k-1.500_p-0.03000,asym_h-4.250_k-1.500_p-0.02000,-0.000155228396587,-0.000155228396531,5.62883073485e-14,0.000155228396587,0.000155228396531,5.62883073485e-14,DIRECT_PAIRED_ENDPOINT_DIFFERENCE,True,False,True,False,False,False,False,INDEPENDENT_CALIBRATION_DECISION_ERROR_ONLY
dlv_pair_004d9555ae82e3d8b04ccb10,calibration_subject_003__combined_strong,calibration_subject_003,combined_strong,MISMATCH,phase,POSITIVE_CANONICAL,MINIMUM,0.0025,UPPER_EDGE,asym_h-4.000_k-0.250_p+0.02750,asym_h-4.000_k-0.250_p+0.03000,-2.78602417868e-05,1.16475198653e-06,2.90249937733e-05,2.78602417868e-05,-1.16475198653e-06,2.90249937733e-05,DIRECT_PAIRED_ENDPOINT_DIFFERENCE,True,False,True,False,False,False,False,INDEPENDENT_CALIBRATION_DECISION_ERROR_ONLY
dlv_pair_0058d34a5234d8ce9c5b19dc,calibration_subject_003__combined_strong,calibration_subject_003,combined_strong,MISMATCH,phase,POSITIVE_CANONICAL,HALF,0.005,LOWER_EDGE,asym_h-0.500_k+1.000_p-0.03000,asym_h-0.500_k+1.000_p-0.02500,-4.56633545012e-05,-5.26706664021e-05,7.00731190095e-06,4.56633545012e-05,5.26706664021e-05,7.00731190095e-06,DIRECT_PAIRED_ENDPOINT_DIFFERENCE,True,False,True,False,False,False,False,INDEPENDENT_CALIBRATION_DECISION_ERROR_ONLY
dlv_pair_00636a4fb92e7583d4f86528,calibration_subject_006__combined_strong,calibration_subject_006,combined_strong,MISMATCH,phase,POSITIVE_CANONICAL,INITIAL,0.01,UPPER_EDGE,asym_h-4.250_k-0.500_p+0.02000,asym_h-4.250_k-0.500_p+0.03000,-0.000109040025733,7.37610406963e-05,0.00018280106643,0.000109040025733,-7.37610406963e-05,0.00018280106643,DIRECT_PAIRED_ENDPOINT_DIFFERENCE,True,False,True,False,False,False,False,INDEPENDENT_CALIBRATION_DECISION_ERROR_ONLY
dlv_pair_0063d1b5e106da14008377d9,calibration_subject_006__combined_strong,calibration_subject_006,combined_strong,MISMATCH,hip,POSITIVE_CANONICAL,INITIAL,1,LOWER_EDGE,asym_h-5.000_k+1.250_p+0.00500,asym_h-4.000_k+1.250_p+0.00500,0.000864741149765,0.00120391363611,0.00033917248634,-0.000864741149765,-0.00120391363611,0.00033917248634,DIRECT_PAIRED_ENDPOINT_DIFFERENCE,True,False,True,False,False,False,False,INDEPENDENT_CALIBRATION_DECISION_ERROR_ONLY
dlv_pair_006b7c14bb55ca27a352ac54,calibration_subject_004__nonlinear_stiffness_strong,calibration_subject_004,nonlinear_stiffness_strong,MISMATCH,knee,POSITIVE_CANONICAL,MINIMUM,0.25,UPPER_EDGE,asym_h-5.000_k+1.750_p-0.03000,asym_h-5.000_k+2.000_p-0.03000,0.00107717857432,0.00193261754416,0.000855438969838,-0.00107717857432,-0.00193261754416,0.000855438969838,DIRECT_PAIRED_ENDPOINT_DIFFERENCE,True,False,True,False,False,False,False,INDEPENDENT_CALIBRATION_DECISION_ERROR_ONLY
dlv_pair_006d887e67496d3ff3ff10ee,calibration_subject_002__matched_linear,calibration_subject_002,matched_linear,MATCHED,hip,POSITIVE_CANONICAL,MINIMUM,0.25,LOWER_EDGE,asym_h-5.000_k-0.750_p+0.01750,asym_h-4.750_k-0.750_p+0.01750,-0.00053192802907,-0.00053192802907,2.22044604925e-16,0.00053192802907,0.00053192802907,2.22044604925e-16,DIRECT_PAIRED_ENDPOINT_DIFFERENCE,True,False,True,False,False,False,False,INDEPENDENT_CALIBRATION_DECISION_ERROR_ONLY
dlv_pair_006f3cb86ac92df8725a7811,calibration_subject_005__matched_linear,calibration_subject_005,matched_linear,MATCHED,knee,POSITIVE_CANONICAL,HALF,0.5,UPPER_EDGE,asym_h-1.000_k+1.500_p+0.02500,asym_h-1.000_k+2.000_p+0.02500,0.0024994761874,0.0024994761874,4.4408920985e-16,-0.0024994761874,-0.0024994761874,4.4408920985e-16,DIRECT_PAIRED_ENDPOINT_DIFFERENCE,True,False,True,False,False,False,False,INDEPENDENT_CALIBRATION_DECISION_ERROR_ONLY
dlv_pair_0074f4f3c69a16e98ad030b5,calibration_subject_003__combined_strong,calibration_subject_003,combined_strong,MISMATCH,hip,POSITIVE_CANONICAL,MINIMUM,0.25,LOWER_EDGE,asym_h-5.000_k-3.250_p+0.01250,asym_h-4.750_k-3.250_p+0.01250,0.000222696860723,0.000508894612719,0.000286197751996,-0.000222696860723,-0.000508894612719,0.000286197751996,DIRECT_PAIRED_ENDPOINT_DIFFERENCE,True,False,True,False,False,False,False,INDEPENDENT_CALIBRATION_DECISION_ERROR_ONLY
dlv_pair_0075018219fc9b26c9c52a1f,calibration_subject_002__hip_knee_coupling_strong,calibration_subject_002,hip_knee_coupling_strong,MISMATCH,knee,POSITIVE_CANONICAL,HALF,0.5,LOWER_EDGE,asym_h+2.000_k-5.000_p+0.03000,asym_h+2.000_k-4.500_p+0.03000,0.0023446629744,0.00245380770764,0.000109144733236,-0.0023446629744,-0.00245380770764,0.000109144733236,DIRECT_PAIRED_ENDPOINT_DIFFERENCE,True,False,True,False,False,False,False,INDEPENDENT_CALIBRATION_DECISION_ERROR_ONLY
dlv_pair_0077da5f3340ad166e3e7fca,calibration_subject_003__matched_linear,calibration_subject_003,matched_linear,MATCHED,hip,POSITIVE_CANONICAL,HALF,0.5,UPPER_EDGE,asym_h+1.500_k-2.250_p+0.00750,asym_h+2.000_k-2.250_p+0.00750,-0.000259464618371,-0.000259464618371,0,0.000259464618371,0.000259464618371,0,DIRECT_PAIRED_ENDPOINT_DIFFERENCE,True,False,True,False,False,False,False,INDEPENDENT_CALIBRATION_DECISION_ERROR_ONLY
dlv_pair_007a615d795cf4d54c83be4a,calibration_subject_002__matched_linear,calibration_subject_002,matched_linear,MATCHED,hip,POSITIVE_CANONICAL,MINIMUM,0.25,UPPER_EDGE,asym_h+1.750_k-3.750_p+0.00250,asym_h+2.000_k-3.750_p+0.00250,-0.000470221796388,-0.000470221796388,1.11022302463e-16,0.000470221796388,0.000470221796388,1.11022302463e-16,DIRECT_PAIRED_ENDPOINT_DIFFERENCE,True,False,True,False,False,False,False,INDEPENDENT_CALIBRATION_DECISION_ERROR_ONLY
dlv_pair_007b6f080be9e50803052318,calibration_subject_004__nonlinear_stiffness_strong,calibration_subject_004,nonlinear_stiffness_strong,MISMATCH,hip,POSITIVE_CANONICAL,HALF,0.5,LOWER_EDGE,asym_h-5.000_k+0.000_p-0.02250,asym_h-4.500_k+0.000_p-0.02250,-0.000117620160301,0.000643647277425,0.000761267437726,0.000117620160301,-0.000643647277425,0.000761267437726,DIRECT_PAIRED_ENDPOINT_DIFFERENCE,True,False,True,False,False,False,False,INDEPENDENT_CALIBRATION_DECISION_ERROR_ONLY
dlv_pair_00823666813eb15b4defdb70,calibration_subject_002__matched_linear,calibration_subject_002,matched_linear,MATCHED,phase,POSITIVE_CANONICAL,MINIMUM,0.0025,LOWER_EDGE,asym_h+0.750_k+0.500_p-0.03000,asym_h+0.750_k+0.500_p-0.02750,-1.82253236036e-05,-1.82253236036e-05,0,1.82253236036e-05,1.82253236036e-05,0,DIRECT_PAIRED_ENDPOINT_DIFFERENCE,True,False,True,False,False,False,False,INDEPENDENT_CALIBRATION_DECISION_ERROR_ONLY
dlv_pair_008b4fa50a621faaf9010a20,calibration_subject_002__hip_knee_coupling_strong,calibration_subject_002,hip_knee_coupling_strong,MISMATCH,phase,POSITIVE_CANONICAL,INITIAL,0.01,UPPER_EDGE,asym_h+1.500_k-1.750_p+0.02000,asym_h+1.500_k-1.750_p+0.03000,-8.207070734e-05,-3.34830713101e-05,4.85876360299e-05,8.207070734e-05,3.34830713101e-05,4.85876360299e-05,DIRECT_PAIRED_ENDPOINT_DIFFERENCE,True,False,True,False,False,False,False,INDEPENDENT_CALIBRATION_DECISION_ERROR_ONLY
dlv_pair_008ed35f3af57913f92332eb,calibration_subject_004__nonlinear_stiffness_strong,calibration_subject_004,nonlinear_stiffness_strong,MISMATCH,phase,POSITIVE_CANONICAL,HALF,0.005,LOWER_EDGE,asym_h+0.500_k-1.750_p-0.03000,asym_h+0.500_k-1.750_p-0.02500,-3.34642074775e-05,-1.88716080858e-05,1.45925993917e-05,3.34642074775e-05,1.88716080858e-05,1.45925993917e-05,DIRECT_PAIRED_ENDPOINT_DIFFERENCE,True,False,True,False,False,False,False,INDEPENDENT_CALIBRATION_DECISION_ERROR_ONLY
dlv_pair_008f2d0ad1c7a2f8e9225a78,calibration_subject_006__matched_linear,calibration_subject_006,matched_linear,MATCHED,knee,POSITIVE_CANONICAL,INITIAL,1,LOWER_EDGE,asym_h-2.250_k-5.000_p-0.00500,asym_h-2.250_k-4.000_p-0.00500,0.00632736050838,0.00632736050832,5.29576382746e-14,-0.00632736050838,-0.00632736050832,5.29576382746e-14,DIRECT_PAIRED_ENDPOINT_DIFFERENCE,True,False,True,False,False,False,False,INDEPENDENT_CALIBRATION_DECISION_ERROR_ONLY
dlv_pair_008f68aec3a77596702ba07a,calibration_subject_006__matched_linear,calibration_subject_006,matched_linear,MATCHED,knee,POSITIVE_CANONICAL,INITIAL,1,UPPER_EDGE,asym_h+0.500_k+1.000_p-0.01000,asym_h+0.500_k+2.000_p-0.01000,0.00683204500764,0.00683204500758,6.10622663544e-14,-0.00683204500764,-0.00683204500758,6.10622663544e-14,DIRECT_PAIRED_ENDPOINT_DIFFERENCE,True,False,True,False,False,False,False,INDEPENDENT_CALIBRATION_DECISION_ERROR_ONLY
dlv_pair_00916bde4e59f6b269fad33d,calibration_subject_006__combined_strong,calibration_subject_006,combined_strong,MISMATCH,knee,POSITIVE_CANONICAL,HALF,0.5,UPPER_EDGE,asym_h-2.500_k+1.500_p-0.02250,asym_h-2.500_k+2.000_p-0.02250,0.00249400186873,0.00622398919383,0.00372998732511,-0.00249400186873,-0.00622398919383,0.00372998732511,DIRECT_PAIRED_ENDPOINT_DIFFERENCE,True,False,True,False,False,False,False,INDEPENDENT_CALIBRATION_DECISION_ERROR_ONLY
dlv_pair_0092d1af5038ce4ca48da873,calibration_subject_002__hip_knee_coupling_strong,calibration_subject_002,hip_knee_coupling_strong,MISMATCH,phase,POSITIVE_CANONICAL,INITIAL,0.01,LOWER_EDGE,asym_h+0.750_k+0.750_p-0.03000,asym_h+0.750_k+0.750_p-0.02000,-8.86104300359e-05,-9.9122932703e-05,1.0512502667e-05,8.86104300359e-05,9.9122932703e-05,1.0512502667e-05,DIRECT_PAIRED_ENDPOINT_DIFFERENCE,True,False,True,False,False,False,False,INDEPENDENT_CALIBRATION_DECISION_ERROR_ONLY
dlv_pair_0094a54fa8311a0796801a95,calibration_subject_001__matched_linear,calibration_subject_001,matched_linear,MATCHED,hip,POSITIVE_CANONICAL,INITIAL,1,UPPER_EDGE,asym_h+1.000_k-0.250_p+0.00000,asym_h+2.000_k-0.250_p+0.00000,0.000273532375572,0.000273532375564,7.77156117238e-15,-0.000273532375572,-0.000273532375564,7.77156117238e-15,DIRECT_PAIRED_ENDPOINT_DIFFERENCE,True,False,True,False,False,False,False,INDEPENDENT_CALIBRATION_DECISION_ERROR_ONLY
dlv_pair_00991a50824bd67fd36a6477,calibration_subject_005__matched_linear,calibration_subject_005,matched_linear,MATCHED,knee,POSITIVE_CANONICAL,MINIMUM,0.25,UPPER_EDGE,asym_h+1.750_k+1.750_p-0.02750,asym_h+1.750_k+2.000_p-0.02750,0.00125119515152,0.00125119515152,0,-0.00125119515152,-0.00125119515152,0,DIRECT_PAIRED_ENDPOINT_DIFFERENCE,True,False,True,False,False,False,False,INDEPENDENT_CALIBRATION_DECISION_ERROR_ONLY
dlv_pair_009b2492995474e079af3c4a,calibration_subject_005__hip_knee_coupling_strong,calibration_subject_005,hip_knee_coupling_strong,MISMATCH,knee,POSITIVE_CANONICAL,HALF,0.5,UPPER_EDGE,asym_h-1.000_k+1.500_p+0.01000,asym_h-1.000_k+2.000_p+0.01000,0.00256073899194,0.00277410110852,0.000213362116577,-0.00256073899194,-0.00277410110852,0.000213362116577,DIRECT_PAIRED_ENDPOINT_DIFFERENCE,True,False,True,False,False,False,False,INDEPENDENT_CALIBRATION_DECISION_ERROR_ONLY
dlv_pair_00a8539809593371400d5ad1,calibration_subject_004__nonlinear_stiffness_strong,calibration_subject_004,nonlinear_stiffness_strong,MISMATCH,phase,POSITIVE_CANONICAL,INITIAL,0.01,UPPER_EDGE,asym_h-0.250_k+0.250_p+0.02000,asym_h-0.250_k+0.250_p+0.03000,-0.000104743573371,-3.39277009132e-06,0.00010135080328,0.000104743573371,3.39277009132e-06,0.00010135080328,DIRECT_PAIRED_ENDPOINT_DIFFERENCE,True,False,True,False,False,False,False,INDEPENDENT_CALIBRATION_DECISION_ERROR_ONLY
dlv_pair_00ae1ef437722134cf17e2fb,calibration_subject_005__matched_linear,calibration_subject_005,matched_linear,MATCHED,phase,POSITIVE_CANONICAL,HALF,0.005,LOWER_EDGE,asym_h+0.000_k-0.750_p-0.03000,asym_h+0.000_k-0.750_p-0.02500,-4.39675702995e-05,-4.39675702999e-05,4.4408920985e-16,4.39675702995e-05,4.39675702999e-05,4.4408920985e-16,DIRECT_PAIRED_ENDPOINT_DIFFERENCE,True,False,True,False,False,False,False,INDEPENDENT_CALIBRATION_DECISION_ERROR_ONLY
dlv_pair_00afa297631eef98446728fe,calibration_subject_003__matched_linear,calibration_subject_003,matched_linear,MATCHED,phase,POSITIVE_CANONICAL,HALF,0.005,UPPER_EDGE,asym_h-4.000_k-5.000_p+0.02500,asym_h-4.000_k-5.000_p+0.03000,-3.94387659076e-05,-3.94387659076e-05,0,3.94387659076e-05,3.94387659076e-05,0,DIRECT_PAIRED_ENDPOINT_DIFFERENCE,True,False,True,False,False,False,False,INDEPENDENT_CALIBRATION_DECISION_ERROR_ONLY
dlv_pair_00afe453689e75986b3e732a,calibration_subject_004__nonlinear_stiffness_strong,calibration_subject_004,nonlinear_stiffness_strong,MISMATCH,knee,POSITIVE_CANONICAL,INITIAL,1,LOWER_EDGE,asym_h-4.750_k-5.000_p+0.02250,asym_h-4.750_k-4.000_p+0.02250,0.004138205364,0.00679987441191,0.00266166904791,-0.004138205364,-0.00679987441191,0.00266166904791,DIRECT_PAIRED_ENDPOINT_DIFFERENCE,True,False,True,False,False,False,False,INDEPENDENT_CALIBRATION_DECISION_ERROR_ONLY
dlv_pair_00ba247f288e264a115f61ce,calibration_subject_004__nonlinear_stiffness_strong,calibration_subject_004,nonlinear_stiffness_strong,MISMATCH,phase,POSITIVE_CANONICAL,MINIMUM,0.0025,LOWER_EDGE,asym_h-2.500_k+1.250_p-0.03000,asym_h-2.500_k+1.250_p-0.02750,-1.86743344244e-05,-1.51478323485e-05,3.52650207591e-06,1.86743344244e-05,1.51478323485e-05,3.52650207591e-06,DIRECT_PAIRED_ENDPOINT_DIFFERENCE,True,False,True,False,False,False,False,INDEPENDENT_CALIBRATION_DECISION_ERROR_ONLY
dlv_pair_00bcbc3a6a79a05d207cdc19,calibration_subject_001__nonlinear_stiffness_strong,calibration_subject_001,nonlinear_stiffness_strong,MISMATCH,hip,POSITIVE_CANONICAL,MINIMUM,0.25,LOWER_EDGE,asym_h-5.000_k+2.000_p+0.01500,asym_h-4.750_k+2.000_p+0.01500,0.000417952293814,0.000710770851114,0.000292818557301,-0.000417952293814,-0.000710770851114,0.000292818557301,DIRECT_PAIRED_ENDPOINT_DIFFERENCE,True,False,True,False,False,False,False,INDEPENDENT_CALIBRATION_DECISION_ERROR_ONLY
dlv_pair_00bfb95ac4a44f35c749320f,calibration_subject_004__matched_linear,calibration_subject_004,matched_linear,MATCHED,knee,POSITIVE_CANONICAL,INITIAL,1,LOWER_EDGE,asym_h+2.000_k-5.000_p+0.00500,asym_h+2.000_k-4.000_p+0.00500,0.00450657258714,0.00450657258714,5.55111512313e-16,-0.00450657258714,-0.00450657258714,5.55111512313e-16,DIRECT_PAIRED_ENDPOINT_DIFFERENCE,True,False,True,False,False,False,False,INDEPENDENT_CALIBRATION_DECISION_ERROR_ONLY
dlv_pair_00c031e24cb77262b460c7d8,calibration_subject_005__hip_knee_coupling_strong,calibration_subject_005,hip_knee_coupling_strong,MISMATCH,phase,POSITIVE_CANONICAL,MINIMUM,0.0025,UPPER_EDGE,asym_h-2.250_k+0.000_p+0.02750,asym_h-2.250_k+0.000_p+0.03000,-2.34101484626e-05,-1.85273977407e-05,4.88275072197e-06,2.34101484626e-05,1.85273977407e-05,4.88275072197e-06,DIRECT_PAIRED_ENDPOINT_DIFFERENCE,True,False,True,False,False,False,False,INDEPENDENT_CALIBRATION_DECISION_ERROR_ONLY
dlv_pair_00c0332ff216cd124a9c3c41,calibration_subject_006__combined_strong,calibration_subject_006,combined_strong,MISMATCH,phase,POSITIVE_CANONICAL,INITIAL,0.01,LOWER_EDGE,asym_h+1.750_k-0.500_p-0.03000,asym_h+1.750_k-0.500_p-0.02000,-0.000109183625988,-0.000140320672025,3.11370460374e-05,0.000109183625988,0.000140320672025,3.11370460374e-05,DIRECT_PAIRED_ENDPOINT_DIFFERENCE,True,False,True,False,False,False,False,INDEPENDENT_CALIBRATION_DECISION_ERROR_ONLY
dlv_pair_00c5d78eb9199f90a3db126b,calibration_subject_001__nonlinear_stiffness_strong,calibration_subject_001,nonlinear_stiffness_strong,MISMATCH,knee,POSITIVE_CANONICAL,MINIMUM,0.25,UPPER_EDGE,asym_h-3.500_k+1.750_p+0.00000,asym_h-3.500_k+2.000_p+0.00000,0.00107106155596,0.00190964032393,0.000838578767965,-0.00107106155596,-0.00190964032393,0.000838578767965,DIRECT_PAIRED_ENDPOINT_DIFFERENCE,True,False,True,False,False,False,False,INDEPENDENT_CALIBRATION_DECISION_ERROR_ONLY
dlv_pair_00cae58979cbfc908dc8c42c,calibration_subject_002__hip_knee_coupling_strong,calibration_subject_002,hip_knee_coupling_strong,MISMATCH,hip,POSITIVE_CANONICAL,MINIMUM,0.25,LOWER_EDGE,asym_h-5.000_k+1.750_p-0.00250,asym_h-4.750_k+1.750_p-0.00250,-0.000487144673458,-0.000571301413231,8.41567397734e-05,0.000487144673458,0.000571301413231,8.41567397734e-05,DIRECT_PAIRED_ENDPOINT_DIFFERENCE,True,False,True,False,False,False,False,INDEPENDENT_CALIBRATION_DECISION_ERROR_ONLY
dlv_pair_00d00b09cb7f179ce7afa2c7,calibration_subject_006__combined_strong,calibration_subject_006,combined_strong,MISMATCH,hip,POSITIVE_CANONICAL,MINIMUM,0.25,LOWER_EDGE,asym_h-5.000_k+2.000_p-0.00250,asym_h-4.750_k+2.000_p-0.00250,0.000209546295934,0.00027514396136,6.55976654256e-05,-0.000209546295934,-0.00027514396136,6.55976654256e-05,DIRECT_PAIRED_ENDPOINT_DIFFERENCE,True,False,True,False,False,False,False,INDEPENDENT_CALIBRATION_DECISION_ERROR_ONLY
dlv_pair_00d3ed76adfb63b748c42e44,calibration_subject_004__nonlinear_stiffness_strong,calibration_subject_004,nonlinear_stiffness_strong,MISMATCH,phase,POSITIVE_CANONICAL,MINIMUM,0.0025,UPPER_EDGE,asym_h-4.250_k-4.750_p+0.02750,asym_h-4.250_k-4.750_p+0.03000,-2.19564860675e-05,8.71951086689e-06,3.06759969344e-05,2.19564860675e-05,-8.71951086689e-06,3.06759969344e-05,DIRECT_PAIRED_ENDPOINT_DIFFERENCE,True,False,True,False,False,False,False,INDEPENDENT_CALIBRATION_DECISION_ERROR_ONLY
dlv_pair_00d5935b8c3393181594ad0a,calibration_subject_004__matched_linear,calibration_subject_004,matched_linear,MATCHED,phase,POSITIVE_CANONICAL,INITIAL,0.01,UPPER_EDGE,asym_h+1.250_k-4.500_p+0.02000,asym_h+1.250_k-4.500_p+0.03000,-7.0611419037e-05,-7.06114190375e-05,5.55111512313e-16,7.0611419037e-05,7.06114190375e-05,5.55111512313e-16,DIRECT_PAIRED_ENDPOINT_DIFFERENCE,True,False,True,False,False,False,False,INDEPENDENT_CALIBRATION_DECISION_ERROR_ONLY
dlv_pair_00d7d67d4494d300c2807f0b,calibration_subject_006__matched_linear,calibration_subject_006,matched_linear,MATCHED,knee,POSITIVE_CANONICAL,HALF,0.5,UPPER_EDGE,asym_h+1.500_k+1.500_p-0.00500,asym_h+1.500_k+2.000_p-0.00500,0.00339677323511,0.00339677323508,2.975397706e-14,-0.00339677323511,-0.00339677323508,2.975397706e-14,DIRECT_PAIRED_ENDPOINT_DIFFERENCE,True,False,True,False,False,False,False,INDEPENDENT_CALIBRATION_DECISION_ERROR_ONLY
dlv_pair_00d840f66133040dec5216f9,calibration_subject_006__matched_linear,calibration_subject_006,matched_linear,MATCHED,phase,POSITIVE_CANONICAL,MINIMUM,0.0025,LOWER_EDGE,asym_h+1.750_k+0.000_p-0.03000,asym_h+1.750_k+0.000_p-0.02750,-3.89953593234e-05,-3.89953593096e-05,1.37667655054e-14,3.89953593234e-05,3.89953593096e-05,1.37667655054e-14,DIRECT_PAIRED_ENDPOINT_DIFFERENCE,True,False,True,False,False,False,False,INDEPENDENT_CALIBRATION_DECISION_ERROR_ONLY
dlv_pair_00dcd2e808c98339ba715a92,calibration_subject_005__hip_knee_coupling_strong,calibration_subject_005,hip_knee_coupling_strong,MISMATCH,phase,POSITIVE_CANONICAL,INITIAL,0.01,UPPER_EDGE,asym_h-0.250_k-5.000_p+0.02000,asym_h-0.250_k-5.000_p+0.03000,-6.7927843998e-05,-3.70206477668e-05,3.09071962312e-05,6.7927843998e-05,3.70206477668e-05,3.09071962312e-05,DIRECT_PAIRED_ENDPOINT_DIFFERENCE,True,False,True,False,False,False,False,INDEPENDENT_CALIBRATION_DECISION_ERROR_ONLY
dlv_pair_00dd4803d4b130acb0337d99,calibration_subject_003__matched_linear,calibration_subject_003,matched_linear,MATCHED,hip,POSITIVE_CANONICAL,INITIAL,1,LOWER_EDGE,asym_h-5.000_k-0.250_p-0.02000,asym_h-4.000_k-0.250_p-0.02000,-0.000647438081286,-0.000647438081286,2.22044604925e-16,0.000647438081286,0.000647438081286,2.22044604925e-16,DIRECT_PAIRED_ENDPOINT_DIFFERENCE,True,False,True,False,False,False,False,INDEPENDENT_CALIBRATION_DECISION_ERROR_ONLY
dlv_pair_00e25361a2782a5167ac139d,calibration_subject_006__combined_strong,calibration_subject_006,combined_strong,MISMATCH,phase,POSITIVE_CANONICAL,MINIMUM,0.0025,UPPER_EDGE,asym_h+1.000_k+0.000_p+0.02750,asym_h+1.000_k+0.000_p+0.03000,-2.60762245017e-05,2.51232584065e-05,5.11994829082e-05,2.60762245017e-05,-2.51232584065e-05,5.11994829082e-05,DIRECT_PAIRED_ENDPOINT_DIFFERENCE,True,False,True,False,False,False,False,INDEPENDENT_CALIBRATION_DECISION_ERROR_ONLY
dlv_pair_00ea1d22ad062b859e5c00bd,calibration_subject_006__combined_strong,calibration_subject_006,combined_strong,MISMATCH,phase,POSITIVE_CANONICAL,HALF,0.005,LOWER_EDGE,asym_h-1.500_k+1.500_p-0.03000,asym_h-1.500_k+1.500_p-0.02500,-6.1231600603e-05,-9.93394719646e-05,3.81078713616e-05,6.1231600603e-05,9.93394719646e-05,3.81078713616e-05,DIRECT_PAIRED_ENDPOINT_DIFFERENCE,True,False,True,False,False,False,False,INDEPENDENT_CALIBRATION_DECISION_ERROR_ONLY
dlv_pair_00eab6262edc32880f770851,calibration_subject_006__matched_linear,calibration_subject_006,matched_linear,MATCHED,knee,POSITIVE_CANONICAL,HALF,0.5,LOWER_EDGE,asym_h+0.250_k-5.000_p-0.01500,asym_h+0.250_k-4.500_p-0.01500,0.00308734018006,0.00308734018004,2.47579734491e-14,-0.00308734018006,-0.00308734018004,2.47579734491e-14,DIRECT_PAIRED_ENDPOINT_DIFFERENCE,True,False,True,False,False,False,False,INDEPENDENT_CALIBRATION_DECISION_ERROR_ONLY
dlv_pair_00f88bebc2053318cf526229,calibration_subject_002__matched_linear,calibration_subject_002,matched_linear,MATCHED,phase,POSITIVE_CANONICAL,HALF,0.005,LOWER_EDGE,asym_h-3.500_k-3.500_p-0.03000,asym_h-3.500_k-3.500_p-0.02500,-2.82479720674e-05,-2.82479720672e-05,1.11022302463e-16,2.82479720674e-05,2.82479720672e-05,1.11022302463e-16,DIRECT_PAIRED_ENDPOINT_DIFFERENCE,True,False,True,False,False,False,False,INDEPENDENT_CALIBRATION_DECISION_ERROR_ONLY
dlv_pair_00fd8e489a0fa2664d22ea1f,calibration_subject_001__nonlinear_stiffness_strong,calibration_subject_001,nonlinear_stiffness_strong,MISMATCH,phase,POSITIVE_CANONICAL,INITIAL,0.01,LOWER_EDGE,asym_h-2.750_k+0.250_p-0.03000,asym_h-2.750_k+0.250_p-0.02000,-9.09398626877e-05,-6.87623345387e-05,2.2177528149e-05,9.09398626877e-05,6.87623345387e-05,2.2177528149e-05,DIRECT_PAIRED_ENDPOINT_DIFFERENCE,True,False,True,False,False,False,False,INDEPENDENT_CALIBRATION_DECISION_ERROR_ONLY
dlv_pair_00ffab62491daeb67c61e878,calibration_subject_005__matched_linear,calibration_subject_005,matched_linear,MATCHED,phase,POSITIVE_CANONICAL,INITIAL,0.01,UPPER_EDGE,asym_h-2.250_k-1.000_p+0.02000,asym_h-2.250_k-1.000_p+0.03000,-8.78444927166e-05,-8.78444927174e-05,7.77156117238e-16,8.78444927166e-05,8.78444927174e-05,7.77156117238e-16,DIRECT_PAIRED_ENDPOINT_DIFFERENCE,True,False,True,False,False,False,False,INDEPENDENT_CALIBRATION_DECISION_ERROR_ONLY
dlv_pair_0100ce085994e11a31c2c510,calibration_subject_006__matched_linear,calibration_subject_006,matched_linear,MATCHED,phase,POSITIVE_CANONICAL,INITIAL,0.01,UPPER_EDGE,asym_h-0.250_k+0.500_p+0.02000,asym_h-0.250_k+0.500_p+0.03000,-2.5542099539e-05,-2.55420994815e-05,5.75095526756e-14,2.5542099539e-05,2.55420994815e-05,5.75095526756e-14,DIRECT_PAIRED_ENDPOINT_DIFFERENCE,True,False,True,False,False,False,False,INDEPENDENT_CALIBRATION_DECISION_ERROR_ONLY
dlv_pair_01022e481d043c0dc165a281,calibration_subject_002__matched_linear,calibration_subject_002,matched_linear,MATCHED,hip,POSITIVE_CANONICAL,INITIAL,1,LOWER_EDGE,asym_h-5.000_k-3.250_p-0.02500,asym_h-4.000_k-3.250_p-0.02500,-0.00211166667052,-0.00211166667052,4.4408920985e-16,0.00211166667052,0.00211166667052,4.4408920985e-16,DIRECT_PAIRED_ENDPOINT_DIFFERENCE,True,False,True,False,False,False,False,INDEPENDENT_CALIBRATION_DECISION_ERROR_ONLY
dlv_pair_010c2735f3f26e8210c4e41c,calibration_subject_005__matched_linear,calibration_subject_005,matched_linear,MATCHED,hip,POSITIVE_CANONICAL,HALF,0.5,UPPER_EDGE,asym_h+1.500_k-3.750_p+0.01250,asym_h+2.000_k-3.750_p+0.01250,-0.000630500050401,-0.000630500050401,1.11022302463e-16,0.000630500050401,0.000630500050401,1.11022302463e-16,DIRECT_PAIRED_ENDPOINT_DIFFERENCE,True,False,True,False,False,False,False,INDEPENDENT_CALIBRATION_DECISION_ERROR_ONLY
dlv_pair_010eb38898727ee0537df897,calibration_subject_001__matched_linear,calibration_subject_001,matched_linear,MATCHED,hip,POSITIVE_CANONICAL,INITIAL,1,LOWER_EDGE,asym_h-5.000_k-2.250_p-0.02000,asym_h-4.000_k-2.250_p-0.02000,0.000196411271489,0.00019641127148,8.881784197e-15,-0.000196411271489,-0.00019641127148,8.881784197e-15,DIRECT_PAIRED_ENDPOINT_DIFFERENCE,True,False,True,False,False,False,False,INDEPENDENT_CALIBRATION_DECISION_ERROR_ONLY
dlv_pair_010f3993049d143a2fa871c0,calibration_subject_005__hip_knee_coupling_strong,calibration_subject_005,hip_knee_coupling_strong,MISMATCH,knee,POSITIVE_CANONICAL,INITIAL,1,LOWER_EDGE,asym_h-3.750_k-5.000_p+0.00500,asym_h-3.750_k-4.000_p+0.00500,0.00486478772898,0.0052123655084,0.000347577779421,-0.00486478772898,-0.0052123655084,0.000347577779421,DIRECT_PAIRED_ENDPOINT_DIFFERENCE,True,False,True,False,False,False,False,INDEPENDENT_CALIBRATION_DECISION_ERROR_ONLY
dlv_pair_0119be2b6c3d63127fc30309,calibration_subject_004__matched_linear,calibration_subject_004,matched_linear,MATCHED,phase,POSITIVE_CANONICAL,MINIMUM,0.0025,LOWER_EDGE,asym_h-2.250_k-2.500_p-0.03000,asym_h-2.250_k-2.500_p-0.02750,-1.25125434592e-05,-1.25125434594e-05,1.11022302463e-16,1.25125434592e-05,1.25125434594e-05,1.11022302463e-16,DIRECT_PAIRED_ENDPOINT_DIFFERENCE,True,False,True,False,False,False,False,INDEPENDENT_CALIBRATION_DECISION_ERROR_ONLY
dlv_pair_011b62c3cb030fbaa3f38401,calibration_subject_006__combined_strong,calibration_subject_006,combined_strong,MISMATCH,knee,POSITIVE_CANONICAL,INITIAL,1,LOWER_EDGE,asym_h-2.500_k-5.000_p+0.02500,asym_h-2.500_k-4.000_p+0.02500,0.00470347974739,0.0102248020826,0.0055213223352,-0.00470347974739,-0.0102248020826,0.0055213223352,DIRECT_PAIRED_ENDPOINT_DIFFERENCE,True,False,True,False,False,False,False,INDEPENDENT_CALIBRATION_DECISION_ERROR_ONLY
dlv_pair_011ce102ce5ca7e2b9a1c05f,calibration_subject_002__hip_knee_coupling_strong,calibration_subject_002,hip_knee_coupling_strong,MISMATCH,knee,POSITIVE_CANONICAL,INITIAL,1,LOWER_EDGE,asym_h-2.250_k-5.000_p+0.00250,asym_h-2.250_k-4.000_p+0.00250,0.0047306030151,0.00499401531912,0.000263412304015,-0.0047306030151,-0.00499401531912,0.000263412304015,DIRECT_PAIRED_ENDPOINT_DIFFERENCE,True,False,True,False,False,False,False,INDEPENDENT_CALIBRATION_DECISION_ERROR_ONLY
dlv_pair_011f69ed957f70c5bed7c5c6,calibration_subject_003__matched_linear,calibration_subject_003,matched_linear,MATCHED,knee,POSITIVE_CANONICAL,MINIMUM,0.25,LOWER_EDGE,asym_h+1.750_k-5.000_p+0.02500,asym_h+1.750_k-4.750_p+0.02500,0.00112081671773,0.00112081671773,0,-0.00112081671773,-0.00112081671773,0,DIRECT_PAIRED_ENDPOINT_DIFFERENCE,True,False,True,False,False,False,False,INDEPENDENT_CALIBRATION_DECISION_ERROR_ONLY
dlv_pair_0122d0bf97b6bfe2e7488526,calibration_subject_006__combined_strong,calibration_subject_006,combined_strong,MISMATCH,knee,POSITIVE_CANONICAL,INITIAL,1,UPPER_EDGE,asym_h-0.500_k+1.000_p-0.00250,asym_h-0.500_k+2.000_p-0.00250,0.00492432306616,0.0121650679197,0.00724074485354,-0.00492432306616,-0.0121650679197,0.00724074485354,DIRECT_PAIRED_ENDPOINT_DIFFERENCE,True,False,True,False,False,False,False,INDEPENDENT_CALIBRATION_DECISION_ERROR_ONLY
dlv_pair_012a022f2fa8a2164511649f,calibration_subject_001__matched_linear,calibration_subject_001,matched_linear,MATCHED,knee,POSITIVE_CANONICAL,INITIAL,1,UPPER_EDGE,asym_h-3.000_k+1.000_p-0.02750,asym_h-3.000_k+2.000_p-0.02750,0.00461753747553,0.00461753747554,8.65973959208e-15,-0.00461753747553,-0.00461753747554,8.65973959208e-15,DIRECT_PAIRED_ENDPOINT_DIFFERENCE,True,False,True,False,False,False,False,INDEPENDENT_CALIBRATION_DECISION_ERROR_ONLY
dlv_pair_012b122e6eec62928bb259de,calibration_subject_001__nonlinear_stiffness_strong,calibration_subject_001,nonlinear_stiffness_strong,MISMATCH,knee,POSITIVE_CANONICAL,HALF,0.5,UPPER_EDGE,asym_h-4.000_k+1.500_p-0.01750,asym_h-4.000_k+2.000_p-0.01750,0.00214614951483,0.00382413198592,0.00167798247109,-0.00214614951483,-0.00382413198592,0.00167798247109,DIRECT_PAIRED_ENDPOINT_DIFFERENCE,True,False,True,False,False,False,False,INDEPENDENT_CALIBRATION_DECISION_ERROR_ONLY
dlv_pair_013630cef56ddf57b01ec3b3,calibration_subject_001__matched_linear,calibration_subject_001,matched_linear,MATCHED,phase,POSITIVE_CANONICAL,MINIMUM,0.0025,UPPER_EDGE,asym_h-3.250_k+0.500_p+0.02750,asym_h-3.250_k+0.500_p+0.03000,-2.7286823816e-05,-2.72868238171e-05,1.11022302463e-15,2.7286823816e-05,2.72868238171e-05,1.11022302463e-15,DIRECT_PAIRED_ENDPOINT_DIFFERENCE,True,False,True,False,False,False,False,INDEPENDENT_CALIBRATION_DECISION_ERROR_ONLY
dlv_pair_013f1396ebb1db15218895c0,calibration_subject_003__combined_strong,calibration_subject_003,combined_strong,MISMATCH,phase,POSITIVE_CANONICAL,INITIAL,0.01,UPPER_EDGE,asym_h-2.250_k+1.500_p+0.02000,asym_h-2.250_k+1.500_p+0.03000,-0.000117106521384,-1.52025100171e-05,0.000101904011367,0.000117106521384,1.52025100171e-05,0.000101904011367,DIRECT_PAIRED_ENDPOINT_DIFFERENCE,True,False,True,False,False,False,False,INDEPENDENT_CALIBRATION_DECISION_ERROR_ONLY
dlv_pair_0140a876ebeb5cf43ad7b855,calibration_subject_006__combined_strong,calibration_subject_006,combined_strong,MISMATCH,knee,POSITIVE_CANONICAL,HALF,0.5,LOWER_EDGE,asym_h+0.000_k-5.000_p+0.02500,asym_h+0.000_k-4.500_p+0.02500,0.00232155181774,0.00497385903693,0.00265230721919,-0.00232155181774,-0.00497385903693,0.00265230721919,DIRECT_PAIRED_ENDPOINT_DIFFERENCE,True,False,True,False,False,False,False,INDEPENDENT_CALIBRATION_DECISION_ERROR_ONLY
dlv_pair_014507ad7f59f9e5a195cccc,calibration_subject_003__matched_linear,calibration_subject_003,matched_linear,MATCHED,phase,POSITIVE_CANONICAL,INITIAL,0.01,LOWER_EDGE,asym_h-3.500_k-4.250_p-0.03000,asym_h-3.500_k-4.250_p-0.02000,-7.53588603677e-05,-7.53588603678e-05,1.11022302463e-16,7.53588603677e-05,7.53588603678e-05,1.11022302463e-16,DIRECT_PAIRED_ENDPOINT_DIFFERENCE,True,False,True,False,False,False,False,INDEPENDENT_CALIBRATION_DECISION_ERROR_ONLY
dlv_pair_01594228842d25543a081ccb,calibration_subject_004__nonlinear_stiffness_strong,calibration_subject_004,nonlinear_stiffness_strong,MISMATCH,hip,POSITIVE_CANONICAL,INITIAL,1,LOWER_EDGE,asym_h-5.000_k+1.750_p+0.02250,asym_h-4.000_k+1.750_p+0.02250,-0.000234888972715,0.0012829389935,0.00151782796622,0.000234888972715,-0.0012829389935,0.00151782796622,DIRECT_PAIRED_ENDPOINT_DIFFERENCE,True,False,True,False,False,False,False,INDEPENDENT_CALIBRATION_DECISION_ERROR_ONLY
dlv_pair_015a4f2993ed918b187f4347,calibration_subject_004__nonlinear_stiffness_strong,calibration_subject_004,nonlinear_stiffness_strong,MISMATCH,phase,POSITIVE_CANONICAL,INITIAL,0.01,LOWER_EDGE,asym_h-4.500_k-2.500_p-0.03000,asym_h-4.500_k-2.500_p-0.02000,-6.72132859852e-05,-3.11921422038e-05,3.60211437814e-05,6.72132859852e-05,3.11921422038e-05,3.60211437814e-05,DIRECT_PAIRED_ENDPOINT_DIFFERENCE,True,False,True,False,False,False,False,INDEPENDENT_CALIBRATION_DECISION_ERROR_ONLY
dlv_pair_015fe86d5b28d9d9542e1235,calibration_subject_001__matched_linear,calibration_subject_001,matched_linear,MATCHED,phase,POSITIVE_CANONICAL,HALF,0.005,UPPER_EDGE,asym_h+1.750_k-1.000_p+0.02500,asym_h+1.750_k-1.000_p+0.03000,-5.08111156059e-05,-5.08111156082e-05,2.33146835171e-15,5.08111156059e-05,5.08111156082e-05,2.33146835171e-15,DIRECT_PAIRED_ENDPOINT_DIFFERENCE,True,False,True,False,False,False,False,INDEPENDENT_CALIBRATION_DECISION_ERROR_ONLY
dlv_pair_017576ae7f7f12699afa8197,calibration_subject_005__matched_linear,calibration_subject_005,matched_linear,MATCHED,phase,POSITIVE_CANONICAL,MINIMUM,0.0025,LOWER_EDGE,asym_h-0.250_k-2.250_p-0.03000,asym_h-0.250_k-2.250_p-0.02750,-2.01218669741e-05,-2.01218669743e-05,2.22044604925e-16,2.01218669741e-05,2.01218669743e-05,2.22044604925e-16,DIRECT_PAIRED_ENDPOINT_DIFFERENCE,True,False,True,False,False,False,False,INDEPENDENT_CALIBRATION_DECISION_ERROR_ONLY
dlv_pair_0181a86794f9552af62d40cd,calibration_subject_001__matched_linear,calibration_subject_001,matched_linear,MATCHED,knee,POSITIVE_CANONICAL,MINIMUM,0.25,LOWER_EDGE,asym_h-3.500_k-5.000_p+0.03000,asym_h-3.500_k-4.750_p+0.03000,0.00109876232325,0.00109876232325,1.66533453694e-15,-0.00109876232325,-0.00109876232325,1.66533453694e-15,DIRECT_PAIRED_ENDPOINT_DIFFERENCE,True,False,True,False,False,False,False,INDEPENDENT_CALIBRATION_DECISION_ERROR_ONLY
dlv_pair_0190cac7b08135bbb722a185,calibration_subject_001__nonlinear_stiffness_strong,calibration_subject_001,nonlinear_stiffness_strong,MISMATCH,hip,POSITIVE_CANONICAL,MINIMUM,0.25,UPPER_EDGE,asym_h+1.750_k-4.000_p-0.02000,asym_h+2.000_k-4.000_p-0.02000,0.000457550782864,0.000909103422914,0.000451552640049,-0.000457550782864,-0.000909103422914,0.000451552640049,DIRECT_PAIRED_ENDPOINT_DIFFERENCE,True,False,True,False,False,False,False,INDEPENDENT_CALIBRATION_DECISION_ERROR_ONLY
dlv_pair_019216186a51c75e80c00a95,calibration_subject_003__combined_strong,calibration_subject_003,combined_strong,MISMATCH,knee,POSITIVE_CANONICAL,MINIMUM,0.25,UPPER_EDGE,asym_h-3.000_k+1.750_p+0.03000,asym_h-3.000_k+2.000_p+0.03000,0.00109780600006,0.00192876322042,0.000830957220361,-0.00109780600006,-0.00192876322042,0.000830957220361,DIRECT_PAIRED_ENDPOINT_DIFFERENCE,True,False,True,False,False,False,False,INDEPENDENT_CALIBRATION_DECISION_ERROR_ONLY
dlv_pair_0192bb1b7aae07abe3534ff7,calibration_subject_001__matched_linear,calibration_subject_001,matched_linear,MATCHED,hip,POSITIVE_CANONICAL,HALF,0.5,UPPER_EDGE,asym_h+1.500_k+0.500_p-0.01500,asym_h+2.000_k+0.500_p-0.01500,0.000135251409147,0.000135251409143,3.99680288865e-15,-0.000135251409147,-0.000135251409143,3.99680288865e-15,DIRECT_PAIRED_ENDPOINT_DIFFERENCE,True,False,True,False,False,False,False,INDEPENDENT_CALIBRATION_DECISION_ERROR_ONLY
dlv_pair_0195d567153a58498cfd9d3b,calibration_subject_002__hip_knee_coupling_strong,calibration_subject_002,hip_knee_coupling_strong,MISMATCH,phase,POSITIVE_CANONICAL,HALF,0.005,LOWER_EDGE,asym_h+2.000_k+1.500_p-0.03000,asym_h+2.000_k+1.500_p-0.02500,-4.52009263736e-05,-5.17717377717e-05,6.5708113981e-06,4.52009263736e-05,5.17717377717e-05,6.5708113981e-06,DIRECT_PAIRED_ENDPOINT_DIFFERENCE,True,False,True,False,False,False,False,INDEPENDENT_CALIBRATION_DECISION_ERROR_ONLY
dlv_pair_019801c8da24f3d032872e9a,calibration_subject_005__hip_knee_coupling_strong,calibration_subject_005,hip_knee_coupling_strong,MISMATCH,phase,POSITIVE_CANONICAL,INITIAL,0.01,LOWER_EDGE,asym_h+0.250_k+1.000_p-0.03000,asym_h+0.250_k+1.000_p-0.02000,-0.000107193798706,-0.000136561744764,2.93679460583e-05,0.000107193798706,0.000136561744764,2.93679460583e-05,DIRECT_PAIRED_ENDPOINT_DIFFERENCE,True,False,True,False,False,False,False,INDEPENDENT_CALIBRATION_DECISION_ERROR_ONLY
dlv_pair_019cf1eacec08aaf82c9187d,calibration_subject_001__nonlinear_stiffness_strong,calibration_subject_001,nonlinear_stiffness_strong,MISMATCH,knee,POSITIVE_CANONICAL,MINIMUM,0.25,LOWER_EDGE,asym_h-2.000_k-5.000_p+0.02750,asym_h-2.000_k-4.750_p+0.02750,0.0010250529455,0.00166564541925,0.00064059247375,-0.0010250529455,-0.00166564541925,0.00064059247375,DIRECT_PAIRED_ENDPOINT_DIFFERENCE,True,False,True,False,False,False,False,INDEPENDENT_CALIBRATION_DECISION_ERROR_ONLY
dlv_pair_019d72ed06224105a574824e,calibration_subject_006__matched_linear,calibration_subject_006,matched_linear,MATCHED,hip,POSITIVE_CANONICAL,HALF,0.5,UPPER_EDGE,asym_h+1.500_k-1.750_p-0.01500,asym_h+2.000_k-1.750_p-0.01500,-0.000408251106121,-0.000408251106105,1.54321000423e-14,0.000408251106121,0.000408251106105,1.54321000423e-14,DIRECT_PAIRED_ENDPOINT_DIFFERENCE,True,False,True,False,False,False,False,INDEPENDENT_CALIBRATION_DECISION_ERROR_ONLY
dlv_pair_01bb55553acd2885c4486624,calibration_subject_002__matched_linear,calibration_subject_002,matched_linear,MATCHED,knee,POSITIVE_CANONICAL,INITIAL,1,LOWER_EDGE,asym_h-3.250_k-5.000_p+0.02000,asym_h-3.250_k-4.000_p+0.02000,0.00463535451278,0.00463535451278,1.11022302463e-16,-0.00463535451278,-0.00463535451278,1.11022302463e-16,DIRECT_PAIRED_ENDPOINT_DIFFERENCE,True,False,True,False,False,False,False,INDEPENDENT_CALIBRATION_DECISION_ERROR_ONLY
dlv_pair_01bbeb06e5117a388a465422,calibration_subject_005__hip_knee_coupling_strong,calibration_subject_005,hip_knee_coupling_strong,MISMATCH,hip,POSITIVE_CANONICAL,INITIAL,1,UPPER_EDGE,asym_h+1.000_k-1.000_p-0.02000,asym_h+2.000_k-1.000_p-0.02000,-0.00110210992788,-0.00152555378521,0.000423443857331,0.00110210992788,0.00152555378521,0.000423443857331,DIRECT_PAIRED_ENDPOINT_DIFFERENCE,True,False,True,False,False,False,False,INDEPENDENT_CALIBRATION_DECISION_ERROR_ONLY
dlv_pair_01c00dc29d51c377b81d7069,calibration_subject_004__matched_linear,calibration_subject_004,matched_linear,MATCHED,phase,POSITIVE_CANONICAL,HALF,0.005,UPPER_EDGE,asym_h-0.500_k+2.000_p+0.02500,asym_h-0.500_k+2.000_p+0.03000,-4.67845048271e-05,-4.67845048273e-05,2.22044604925e-16,4.67845048271e-05,4.67845048273e-05,2.22044604925e-16,DIRECT_PAIRED_ENDPOINT_DIFFERENCE,True,False,True,False,False,False,False,INDEPENDENT_CALIBRATION_DECISION_ERROR_ONLY
dlv_pair_01c44bfe3e91d6fda1c3ce10,calibration_subject_006__combined_strong,calibration_subject_006,combined_strong,MISMATCH,phase,POSITIVE_CANONICAL,MINIMUM,0.0025,LOWER_EDGE,asym_h-2.250_k+0.250_p-0.03000,asym_h-2.250_k+0.250_p-0.02750,-2.93975606429e-05,-4.72334372111e-05,1.78358765682e-05,2.93975606429e-05,4.72334372111e-05,1.78358765682e-05,DIRECT_PAIRED_ENDPOINT_DIFFERENCE,True,False,True,False,False,False,False,INDEPENDENT_CALIBRATION_DECISION_ERROR_ONLY
dlv_pair_01d533713eba349d73f5478f,calibration_subject_002__matched_linear,calibration_subject_002,matched_linear,MATCHED,hip,POSITIVE_CANONICAL,HALF,0.5,LOWER_EDGE,asym_h-5.000_k-4.250_p+0.02000,asym_h-4.500_k-4.250_p+0.02000,-0.00106061135363,-0.00106061135363,1.11022302463e-16,0.00106061135363,0.00106061135363,1.11022302463e-16,DIRECT_PAIRED_ENDPOINT_DIFFERENCE,True,False,True,False,False,False,False,INDEPENDENT_CALIBRATION_DECISION_ERROR_ONLY
dlv_pair_01d6194e443cb11a4f8ca262,calibration_subject_004__matched_linear,calibration_subject_004,matched_linear,MATCHED,knee,POSITIVE_CANONICAL,HALF,0.5,LOWER_EDGE,asym_h+1.500_k-5.000_p+0.01250,asym_h+1.500_k-4.500_p+0.01250,0.00224721600845,0.00224721600845,0,-0.00224721600845,-0.00224721600845,0,DIRECT_PAIRED_ENDPOINT_DIFFERENCE,True,False,True,False,False,False,False,INDEPENDENT_CALIBRATION_DECISION_ERROR_ONLY
dlv_pair_01e96b2f4ee8197bdc3d0853,calibration_subject_005__matched_linear,calibration_subject_005,matched_linear,MATCHED,knee,POSITIVE_CANONICAL,INITIAL,1,UPPER_EDGE,asym_h-1.750_k+1.000_p+0.00000,asym_h-1.750_k+2.000_p+0.00000,0.00500715699188,0.00500715699188,1.11022302463e-15,-0.00500715699188,-0.00500715699188,1.11022302463e-15,DIRECT_PAIRED_ENDPOINT_DIFFERENCE,True,False,True,False,False,False,False,INDEPENDENT_CALIBRATION_DECISION_ERROR_ONLY
dlv_pair_01ed05e42c762d657014d5a3,calibration_subject_001__nonlinear_stiffness_strong,calibration_subject_001,nonlinear_stiffness_strong,MISMATCH,phase,POSITIVE_CANONICAL,MINIMUM,0.0025,UPPER_EDGE,asym_h+1.250_k-4.750_p+0.02750,asym_h+1.250_k-4.750_p+0.03000,-2.42960308989e-05,5.23432945787e-06,2.95303603568e-05,2.42960308989e-05,-5.23432945787e-06,2.95303603568e-05,DIRECT_PAIRED_ENDPOINT_DIFFERENCE,True,False,True,False,False,False,False,INDEPENDENT_CALIBRATION_DECISION_ERROR_ONLY
dlv_pair_01f99930caf056366c9ff116,calibration_subject_005__matched_linear,calibration_subject_005,matched_linear,MATCHED,phase,POSITIVE_CANONICAL,HALF,0.005,UPPER_EDGE,asym_h-3.750_k-3.750_p+0.02500,asym_h-3.750_k-3.750_p+0.03000,-3.66781137537e-05,-3.66781137542e-05,4.4408920985e-16,3.66781137537e-05,3.66781137542e-05,4.4408920985e-16,DIRECT_PAIRED_ENDPOINT_DIFFERENCE,True,False,True,False,False,False,False,INDEPENDENT_CALIBRATION_DECISION_ERROR_ONLY
dlv_pair_01fcf3a064cfbc67cbfcd484,calibration_subject_002__hip_knee_coupling_strong,calibration_subject_002,hip_knee_coupling_strong,MISMATCH,phase,POSITIVE_CANONICAL,MINIMUM,0.0025,UPPER_EDGE,asym_h-0.500_k+0.750_p+0.02750,asym_h-0.500_k+0.750_p+0.03000,-2.30313912586e-05,-1.22273654086e-05,1.080402585e-05,2.30313912586e-05,1.22273654086e-05,1.080402585e-05,DIRECT_PAIRED_ENDPOINT_DIFFERENCE,True,False,True,False,False,False,False,INDEPENDENT_CALIBRATION_DECISION_ERROR_ONLY
dlv_pair_0203a9851ddaa9d99bd52cfa,calibration_subject_003__matched_linear,calibration_subject_003,matched_linear,MATCHED,phase,POSITIVE_CANONICAL,MINIMUM,0.0025,LOWER_EDGE,asym_h-1.250_k+1.500_p-0.03000,asym_h-1.250_k+1.500_p-0.02750,-2.3940892474e-05,-2.39408924743e-05,2.22044604925e-16,2.3940892474e-05,2.39408924743e-05,2.22044604925e-16,DIRECT_PAIRED_ENDPOINT_DIFFERENCE,True,False,True,False,False,False,False,INDEPENDENT_CALIBRATION_DECISION_ERROR_ONLY
dlv_pair_02059c858883906003903743,calibration_subject_004__matched_linear,calibration_subject_004,matched_linear,MATCHED,hip,POSITIVE_CANONICAL,INITIAL,1,LOWER_EDGE,asym_h-5.000_k-3.500_p-0.03000,asym_h-4.000_k-3.500_p-0.03000,-0.00214813833012,-0.00214813833012,3.33066907388e-16,0.00214813833012,0.00214813833012,3.33066907388e-16,DIRECT_PAIRED_ENDPOINT_DIFFERENCE,True,False,True,False,False,False,False,INDEPENDENT_CALIBRATION_DECISION_ERROR_ONLY
dlv_pair_0206a628f5048139f34eb0eb,calibration_subject_004__matched_linear,calibration_subject_004,matched_linear,MATCHED,hip,POSITIVE_CANONICAL,MINIMUM,0.25,LOWER_EDGE,asym_h-5.000_k-4.500_p+0.00250,asym_h-4.750_k-4.500_p+0.00250,-0.000541482112471,-0.000541482112471,1.11022302463e-16,0.000541482112471,0.000541482112471,1.11022302463e-16,DIRECT_PAIRED_ENDPOINT_DIFFERENCE,True,False,True,False,False,False,False,INDEPENDENT_CALIBRATION_DECISION_ERROR_ONLY
dlv_pair_02099ef2c03b1d1153d525cf,calibration_subject_003__combined_strong,calibration_subject_003,combined_strong,MISMATCH,hip,POSITIVE_CANONICAL,INITIAL,1,LOWER_EDGE,asym_h-5.000_k+0.250_p+0.00750,asym_h-4.000_k+0.250_p+0.00750,0.00086485659152,0.00193697702533,0.00107212043381,-0.00086485659152,-0.00193697702533,0.00107212043381,DIRECT_PAIRED_ENDPOINT_DIFFERENCE,True,False,True,False,False,False,False,INDEPENDENT_CALIBRATION_DECISION_ERROR_ONLY
dlv_pair_020aba14d00f51bc815a445b,calibration_subject_004__matched_linear,calibration_subject_004,matched_linear,MATCHED,phase,POSITIVE_CANONICAL,MINIMUM,0.0025,UPPER_EDGE,asym_h-0.500_k-0.500_p+0.02750,asym_h-0.500_k-0.500_p+0.03000,-2.09299652132e-05,-2.09299652135e-05,3.33066907388e-16,2.09299652132e-05,2.09299652135e-05,3.33066907388e-16,DIRECT_PAIRED_ENDPOINT_DIFFERENCE,True,False,True,False,False,False,False,INDEPENDENT_CALIBRATION_DECISION_ERROR_ONLY
dlv_pair_020ddaff557e2fb95d61662f,calibration_subject_004__nonlinear_stiffness_strong,calibration_subject_004,nonlinear_stiffness_strong,MISMATCH,hip,POSITIVE_CANONICAL,INITIAL,1,UPPER_EDGE,asym_h+1.000_k-0.750_p-0.00250,asym_h+2.000_k-0.750_p-0.00250,-0.000173016302869,0.00192517283284,0.00209818913571,0.000173016302869,-0.00192517283284,0.00209818913571,DIRECT_PAIRED_ENDPOINT_DIFFERENCE,True,False,True,False,False,False,False,INDEPENDENT_CALIBRATION_DECISION_ERROR_ONLY
dlv_pair_02144a5447fee12d38a9873c,calibration_subject_001__nonlinear_stiffness_strong,calibration_subject_001,nonlinear_stiffness_strong,MISMATCH,hip,POSITIVE_CANONICAL,HALF,0.5,LOWER_EDGE,asym_h-5.000_k-0.250_p-0.02000,asym_h-4.500_k-0.250_p-0.02000,0.000848130566202,0.00145827881846,0.000610148252258,-0.000848130566202,-0.00145827881846,0.000610148252258,DIRECT_PAIRED_ENDPOINT_DIFFERENCE,True,False,True,False,False,False,False,INDEPENDENT_CALIBRATION_DECISION_ERROR_ONLY
dlv_pair_0218e42c1f18f8a765298bf0,calibration_subject_002__hip_knee_coupling_strong,calibration_subject_002,hip_knee_coupling_strong,MISMATCH,hip,POSITIVE_CANONICAL,INITIAL,1,LOWER_EDGE,asym_h-5.000_k-2.250_p+0.00250,asym_h-4.000_k-2.250_p+0.00250,-0.00191895735316,-0.0022202473581,0.00030129000494,0.00191895735316,0.0022202473581,0.00030129000494,DIRECT_PAIRED_ENDPOINT_DIFFERENCE,True,False,True,False,False,False,False,INDEPENDENT_CALIBRATION_DECISION_ERROR_ONLY
dlv_pair_0219aed8ba291eea7fa1583b,calibration_subject_001__matched_linear,calibration_subject_001,matched_linear,MATCHED,knee,POSITIVE_CANONICAL,MINIMUM,0.25,UPPER_EDGE,asym_h-3.250_k+1.750_p+0.01000,asym_h-3.250_k+2.000_p+0.01000,0.00115430642746,0.00115430642746,2.44249065418e-15,-0.00115430642746,-0.00115430642746,2.44249065418e-15,DIRECT_PAIRED_ENDPOINT_DIFFERENCE,True,False,True,False,False,False,False,INDEPENDENT_CALIBRATION_DECISION_ERROR_ONLY
dlv_pair_021d551ebbf65f18ad71b34e,calibration_subject_004__matched_linear,calibration_subject_004,matched_linear,MATCHED,phase,POSITIVE_CANONICAL,HALF,0.005,LOWER_EDGE,asym_h+2.000_k-1.500_p-0.03000,asym_h+2.000_k-1.500_p-0.02500,-2.86564915547e-05,-2.8656491555e-05,3.33066907388e-16,2.86564915547e-05,2.8656491555e-05,3.33066907388e-16,DIRECT_PAIRED_ENDPOINT_DIFFERENCE,True,False,True,False,False,False,False,INDEPENDENT_CALIBRATION_DECISION_ERROR_ONLY
dlv_pair_021f9a5e1de58a46db7cfa04,calibration_subject_005__matched_linear,calibration_subject_005,matched_linear,MATCHED,hip,POSITIVE_CANONICAL,HALF,0.5,LOWER_EDGE,asym_h-5.000_k-3.750_p+0.01750,asym_h-4.500_k-3.750_p+0.01750,-0.000713801897344,-0.000713801897345,4.4408920985e-16,0.000713801897344,0.000713801897345,4.4408920985e-16,DIRECT_PAIRED_ENDPOINT_DIFFERENCE,True,False,True,False,False,False,False,INDEPENDENT_CALIBRATION_DECISION_ERROR_ONLY
dlv_pair_0232aabe3875f3d8a9d4b40b,calibration_subject_004__matched_linear,calibration_subject_004,matched_linear,MATCHED,phase,POSITIVE_CANONICAL,INITIAL,0.01,LOWER_EDGE,asym_h-0.750_k+1.000_p-0.03000,asym_h-0.750_k+1.000_p-0.02000,-6.73701389649e-05,-6.73701389651e-05,2.22044604925e-16,6.73701389649e-05,6.73701389651e-05,2.22044604925e-16,DIRECT_PAIRED_ENDPOINT_DIFFERENCE,True,False,True,False,False,False,False,INDEPENDENT_CALIBRATION_DECISION_ERROR_ONLY
dlv_pair_02447971c1ecd742f1a88338,calibration_subject_006__combined_strong,calibration_subject_006,combined_strong,MISMATCH,hip,POSITIVE_CANONICAL,HALF,0.5,LOWER_EDGE,asym_h-5.000_k-1.500_p-0.00750,asym_h-4.500_k-1.500_p-0.00750,0.000458751063107,0.00069639498284,0.000237643919734,-0.000458751063107,-0.00069639498284,0.000237643919734,DIRECT_PAIRED_ENDPOINT_DIFFERENCE,True,False,True,False,False,False,False,INDEPENDENT_CALIBRATION_DECISION_ERROR_ONLY
dlv_pair_024491836e14b3289e51465a,calibration_subject_002__matched_linear,calibration_subject_002,matched_linear,MATCHED,knee,POSITIVE_CANONICAL,HALF,0.5,LOWER_EDGE,asym_h-0.750_k-5.000_p+0.00500,asym_h-0.750_k-4.500_p+0.00500,0.00231476850026,0.00231476850026,1.11022302463e-16,-0.00231476850026,-0.00231476850026,1.11022302463e-16,DIRECT_PAIRED_ENDPOINT_DIFFERENCE,True,False,True,False,False,False,False,INDEPENDENT_CALIBRATION_DECISION_ERROR_ONLY
dlv_pair_024dacf2f9c3fe78b59946c1,calibration_subject_006__combined_strong,calibration_subject_006,combined_strong,MISMATCH,knee,POSITIVE_CANONICAL,MINIMUM,0.25,UPPER_EDGE,asym_h-4.250_k+1.750_p-0.00250,asym_h-4.250_k+2.000_p-0.00250,0.00125557824465,0.00315057885814,0.0018950006135,-0.00125557824465,-0.00315057885814,0.0018950006135,DIRECT_PAIRED_ENDPOINT_DIFFERENCE,True,False,True,False,False,False,False,INDEPENDENT_CALIBRATION_DECISION_ERROR_ONLY
dlv_pair_02511f8a4e4c9b8aac31a81d,calibration_subject_006__combined_strong,calibration_subject_006,combined_strong,MISMATCH,hip,POSITIVE_CANONICAL,HALF,0.5,UPPER_EDGE,asym_h+1.500_k+2.000_p+0.00250,asym_h+2.000_k+2.000_p+0.00250,0.000502720659043,0.000920729877526,0.000418009218483,-0.000502720659043,-0.000920729877526,0.000418009218483,DIRECT_PAIRED_ENDPOINT_DIFFERENCE,True,False,True,False,False,False,False,INDEPENDENT_CALIBRATION_DECISION_ERROR_ONLY
dlv_pair_0255206375cc1907e2514b93,calibration_subject_002__matched_linear,calibration_subject_002,matched_linear,MATCHED,hip,POSITIVE_CANONICAL,HALF,0.5,UPPER_EDGE,asym_h+1.500_k-3.500_p+0.01000,asym_h+2.000_k-3.500_p+0.01000,-0.000943330111226,-0.000943330111226,1.11022302463e-16,0.000943330111226,0.000943330111226,1.11022302463e-16,DIRECT_PAIRED_ENDPOINT_DIFFERENCE,True,False,True,False,False,False,False,INDEPENDENT_CALIBRATION_DECISION_ERROR_ONLY
dlv_pair_026482746712d1506207a356,calibration_subject_003__combined_strong,calibration_subject_003,combined_strong,MISMATCH,phase,POSITIVE_CANONICAL,MINIMUM,0.0025,LOWER_EDGE,asym_h-3.500_k+1.000_p-0.03000,asym_h-3.500_k+1.000_p-0.02750,-2.29892489856e-05,-2.83372308776e-05,5.347981892e-06,2.29892489856e-05,2.83372308776e-05,5.347981892e-06,DIRECT_PAIRED_ENDPOINT_DIFFERENCE,True,False,True,False,False,False,False,INDEPENDENT_CALIBRATION_DECISION_ERROR_ONLY
dlv_pair_0267944c761f3086d124e604,calibration_subject_002__matched_linear,calibration_subject_002,matched_linear,MATCHED,phase,POSITIVE_CANONICAL,INITIAL,0.01,LOWER_EDGE,asym_h-2.750_k-2.000_p-0.03000,asym_h-2.750_k-2.000_p-0.02000,-6.46389222888e-05,-6.46389222891e-05,3.33066907388e-16,6.46389222888e-05,6.46389222891e-05,3.33066907388e-16,DIRECT_PAIRED_ENDPOINT_DIFFERENCE,True,False,True,False,False,False,False,INDEPENDENT_CALIBRATION_DECISION_ERROR_ONLY
dlv_pair_026f40cd5d549dc3d61da1ee,calibration_subject_002__hip_knee_coupling_strong,calibration_subject_002,hip_knee_coupling_strong,MISMATCH,hip,POSITIVE_CANONICAL,MINIMUM,0.25,UPPER_EDGE,asym_h+1.750_k-3.500_p+0.01000,asym_h+2.000_k-3.500_p+0.01000,-0.00042748348384,-0.000511539192612,8.40557087718e-05,0.00042748348384,0.000511539192612,8.40557087718e-05,DIRECT_PAIRED_ENDPOINT_DIFFERENCE,True,False,True,False,False,False,False,INDEPENDENT_CALIBRATION_DECISION_ERROR_ONLY
dlv_pair_02709b685f6df7c901a075fc,calibration_subject_003__matched_linear,calibration_subject_003,matched_linear,MATCHED,knee,POSITIVE_CANONICAL,INITIAL,1,LOWER_EDGE,asym_h-3.500_k-5.000_p-0.01250,asym_h-3.500_k-4.000_p-0.01250,0.00454564416271,0.00454564416271,0,-0.00454564416271,-0.00454564416271,0,DIRECT_PAIRED_ENDPOINT_DIFFERENCE,True,False,True,False,False,False,False,INDEPENDENT_CALIBRATION_DECISION_ERROR_ONLY
dlv_pair_027633cffe3284f466bf0983,calibration_subject_002__matched_linear,calibration_subject_002,matched_linear,MATCHED,phase,POSITIVE_CANONICAL,MINIMUM,0.0025,UPPER_EDGE,asym_h-3.000_k-4.000_p+0.02750,asym_h-3.000_k-4.000_p+0.03000,-1.65306624176e-05,-1.65306624177e-05,1.11022302463e-16,1.65306624176e-05,1.65306624177e-05,1.11022302463e-16,DIRECT_PAIRED_ENDPOINT_DIFFERENCE,True,False,True,False,False,False,False,INDEPENDENT_CALIBRATION_DECISION_ERROR_ONLY
dlv_pair_0279edcfba9149a7588ab4c7,calibration_subject_005__matched_linear,calibration_subject_005,matched_linear,MATCHED,knee,POSITIVE_CANONICAL,HALF,0.5,LOWER_EDGE,asym_h-0.750_k-5.000_p+0.00250,asym_h-0.750_k-4.500_p+0.00250,0.00236470350068,0.00236470350068,2.22044604925e-16,-0.00236470350068,-0.00236470350068,2.22044604925e-16,DIRECT_PAIRED_ENDPOINT_DIFFERENCE,True,False,True,False,False,False,False,INDEPENDENT_CALIBRATION_DECISION_ERROR_ONLY
dlv_pair_027cc39c099e771bb585a565,calibration_subject_005__matched_linear,calibration_subject_005,matched_linear,MATCHED,phase,POSITIVE_CANONICAL,INITIAL,0.01,LOWER_EDGE,asym_h+0.250_k-1.250_p-0.03000,asym_h+0.250_k-1.250_p-0.02000,-8.64069020001e-05,-8.64069020007e-05,5.55111512313e-16,8.64069020001e-05,8.64069020007e-05,5.55111512313e-16,DIRECT_PAIRED_ENDPOINT_DIFFERENCE,True,False,True,False,False,False,False,INDEPENDENT_CALIBRATION_DECISION_ERROR_ONLY
dlv_pair_02846e57cf115d11094bbe76,calibration_subject_004__matched_linear,calibration_subject_004,matched_linear,MATCHED,knee,POSITIVE_CANONICAL,MINIMUM,0.25,LOWER_EDGE,asym_h-4.250_k-5.000_p-0.01250,asym_h-4.250_k-4.750_p-0.01250,0.00112168358585,0.00112168358585,1.11022302463e-16,-0.00112168358585,-0.00112168358585,1.11022302463e-16,DIRECT_PAIRED_ENDPOINT_DIFFERENCE,True,False,True,False,False,False,False,INDEPENDENT_CALIBRATION_DECISION_ERROR_ONLY
dlv_pair_02878375ae76fec4bd5d77ec,calibration_subject_006__matched_linear,calibration_subject_006,matched_linear,MATCHED,phase,POSITIVE_CANONICAL,HALF,0.005,LOWER_EDGE,asym_h-3.500_k+0.000_p-0.03000,asym_h-3.500_k+0.000_p-0.02500,-8.81143330485e-05,-8.811433302e-05,2.84217094304e-14,8.81143330485e-05,8.811433302e-05,2.84217094304e-14,DIRECT_PAIRED_ENDPOINT_DIFFERENCE,True,False,True,False,False,False,False,INDEPENDENT_CALIBRATION_DECISION_ERROR_ONLY
dlv_pair_028b11cb003fc6901534c1b1,calibration_subject_005__matched_linear,calibration_subject_005,matched_linear,MATCHED,knee,POSITIVE_CANONICAL,MINIMUM,0.25,LOWER_EDGE,asym_h-2.750_k-5.000_p-0.03000,asym_h-2.750_k-4.750_p-0.03000,0.00118846896579,0.00118846896579,3.33066907388e-16,-0.00118846896579,-0.00118846896579,3.33066907388e-16,DIRECT_PAIRED_ENDPOINT_DIFFERENCE,True,False,True,False,False,False,False,INDEPENDENT_CALIBRATION_DECISION_ERROR_ONLY
dlv_pair_028f22f53e73f3c1130cda24,calibration_subject_006__matched_linear,calibration_subject_006,matched_linear,MATCHED,hip,POSITIVE_CANONICAL,MINIMUM,0.25,LOWER_EDGE,asym_h-5.000_k+1.500_p+0.00750,asym_h-4.750_k+1.500_p+0.00750,-0.000353805488045,-0.000353805488034,1.06581410364e-14,0.000353805488045,0.000353805488034,1.06581410364e-14,DIRECT_PAIRED_ENDPOINT_DIFFERENCE,True,False,True,False,False,False,False,INDEPENDENT_CALIBRATION_DECISION_ERROR_ONLY
dlv_pair_0293046b00a6a160c24006b9,calibration_subject_006__matched_linear,calibration_subject_006,matched_linear,MATCHED,phase,POSITIVE_CANONICAL,HALF,0.005,UPPER_EDGE,asym_h-3.500_k+0.750_p+0.02500,asym_h-3.500_k+0.750_p+0.03000,-1.65886287162e-05,-1.65886286869e-05,2.93098878501e-14,1.65886287162e-05,1.65886286869e-05,2.93098878501e-14,DIRECT_PAIRED_ENDPOINT_DIFFERENCE,True,False,True,False,False,False,False,INDEPENDENT_CALIBRATION_DECISION_ERROR_ONLY
dlv_pair_0295d88c3a910d20bd934e29,calibration_subject_001__matched_linear,calibration_subject_001,matched_linear,MATCHED,phase,POSITIVE_CANONICAL,INITIAL,0.01,LOWER_EDGE,asym_h+0.750_k-0.500_p-0.03000,asym_h+0.750_k-0.500_p-0.02000,-9.06029019586e-05,-9.06029019642e-05,5.55111512313e-15,9.06029019586e-05,9.06029019642e-05,5.55111512313e-15,DIRECT_PAIRED_ENDPOINT_DIFFERENCE,True,False,True,False,False,False,False,INDEPENDENT_CALIBRATION_DECISION_ERROR_ONLY
dlv_pair_029b4548de930154e2dcf4cb,calibration_subject_002__matched_linear,calibration_subject_002,matched_linear,MATCHED,phase,POSITIVE_CANONICAL,HALF,0.005,UPPER_EDGE,asym_h-3.750_k-4.750_p+0.02500,asym_h-3.750_k-4.750_p+0.03000,-3.14902912051e-05,-3.14902912051e-05,0,3.14902912051e-05,3.14902912051e-05,0,DIRECT_PAIRED_ENDPOINT_DIFFERENCE,True,False,True,False,False,False,False,INDEPENDENT_CALIBRATION_DECISION_ERROR_ONLY
dlv_pair_02ac7e3cdc3622392637e8a5,calibration_subject_004__nonlinear_stiffness_strong,calibration_subject_004,nonlinear_stiffness_strong,MISMATCH,knee,POSITIVE_CANONICAL,MINIMUM,0.25,LOWER_EDGE,asym_h-4.250_k-5.000_p+0.00500,asym_h-4.250_k-4.750_p+0.00500,0.00103377172951,0.00168872786392,0.000654956134412,-0.00103377172951,-0.00168872786392,0.000654956134412,DIRECT_PAIRED_ENDPOINT_DIFFERENCE,True,False,True,False,False,False,False,INDEPENDENT_CALIBRATION_DECISION_ERROR_ONLY
dlv_pair_02ad696f27dad602fcffbdfe,calibration_subject_005__matched_linear,calibration_subject_005,matched_linear,MATCHED,hip,POSITIVE_CANONICAL,INITIAL,1,LOWER_EDGE,asym_h-5.000_k+1.250_p+0.02750,asym_h-4.000_k+1.250_p+0.02750,-0.00146162731362,-0.00146162731362,6.66133814775e-16,0.00146162731362,0.00146162731362,6.66133814775e-16,DIRECT_PAIRED_ENDPOINT_DIFFERENCE,True,False,True,False,False,False,False,INDEPENDENT_CALIBRATION_DECISION_ERROR_ONLY
dlv_pair_02b264af0297c083efcec331,calibration_subject_004__nonlinear_stiffness_strong,calibration_subject_004,nonlinear_stiffness_strong,MISMATCH,hip,POSITIVE_CANONICAL,MINIMUM,0.25,LOWER_EDGE,asym_h-5.000_k-3.000_p+0.00000,asym_h-4.750_k-3.000_p+0.00000,-5.87558482233e-05,0.000329702878276,0.0003884587265,5.87558482233e-05,-0.000329702878276,0.0003884587265,DIRECT_PAIRED_ENDPOINT_DIFFERENCE,True,False,True,False,False,False,False,INDEPENDENT_CALIBRATION_DECISION_ERROR_ONLY
dlv_pair_02b77a987f4b16e2ed471f85,calibration_subject_002__hip_knee_coupling_strong,calibration_subject_002,hip_knee_coupling_strong,MISMATCH,knee,POSITIVE_CANONICAL,HALF,0.5,UPPER_EDGE,asym_h-3.500_k+1.500_p+0.01500,asym_h-3.500_k+2.000_p+0.01500,0.00250016474128,0.00269408388684,0.000193919145558,-0.00250016474128,-0.00269408388684,0.000193919145558,DIRECT_PAIRED_ENDPOINT_DIFFERENCE,True,False,True,False,False,False,False,INDEPENDENT_CALIBRATION_DECISION_ERROR_ONLY
dlv_pair_02bd90a783774cede8098f52,calibration_subject_003__matched_linear,calibration_subject_003,matched_linear,MATCHED,hip,POSITIVE_CANONICAL,MINIMUM,0.25,UPPER_EDGE,asym_h+1.750_k-0.500_p-0.02500,asym_h+2.000_k-0.500_p-0.02500,-0.000132482181536,-0.000132482181536,1.11022302463e-16,0.000132482181536,0.000132482181536,1.11022302463e-16,DIRECT_PAIRED_ENDPOINT_DIFFERENCE,True,False,True,False,False,False,False,INDEPENDENT_CALIBRATION_DECISION_ERROR_ONLY
dlv_pair_02c470805a1206d26f126db7,calibration_subject_004__matched_linear,calibration_subject_004,matched_linear,MATCHED,hip,POSITIVE_CANONICAL,INITIAL,1,UPPER_EDGE,asym_h+1.000_k+0.750_p-0.02000,asym_h+2.000_k+0.750_p-0.02000,-0.00192530730587,-0.00192530730587,3.33066907388e-16,0.00192530730587,0.00192530730587,3.33066907388e-16,DIRECT_PAIRED_ENDPOINT_DIFFERENCE,True,False,True,False,False,False,False,INDEPENDENT_CALIBRATION_DECISION_ERROR_ONLY
dlv_pair_02cb3f7425c2b23c7bcae3c4,calibration_subject_003__combined_strong,calibration_subject_003,combined_strong,MISMATCH,hip,POSITIVE_CANONICAL,HALF,0.5,UPPER_EDGE,asym_h+1.500_k-0.250_p-0.01500,asym_h+2.000_k-0.250_p-0.01500,0.000476965114425,0.00124793701216,0.000770971897737,-0.000476965114425,-0.00124793701216,0.000770971897737,DIRECT_PAIRED_ENDPOINT_DIFFERENCE,True,False,True,False,False,False,False,INDEPENDENT_CALIBRATION_DECISION_ERROR_ONLY
dlv_pair_02d1451f77afe3fa8a0f0b7d,calibration_subject_004__matched_linear,calibration_subject_004,matched_linear,MATCHED,hip,POSITIVE_CANONICAL,HALF,0.5,UPPER_EDGE,asym_h+1.500_k-1.500_p+0.00750,asym_h+2.000_k-1.500_p+0.00750,-0.000959402622767,-0.000959402622767,0,0.000959402622767,0.000959402622767,0,DIRECT_PAIRED_ENDPOINT_DIFFERENCE,True,False,True,False,False,False,False,INDEPENDENT_CALIBRATION_DECISION_ERROR_ONLY
dlv_pair_02d4c90d19398d5e154cd2bc,calibration_subject_005__hip_knee_coupling_strong,calibration_subject_005,hip_knee_coupling_strong,MISMATCH,hip,POSITIVE_CANONICAL,HALF,0.5,UPPER_EDGE,asym_h+1.500_k-1.250_p-0.00750,asym_h+2.000_k-1.250_p-0.00750,-0.000545551118287,-0.000755182907291,0.000209631789003,0.000545551118287,0.000755182907291,0.000209631789003,DIRECT_PAIRED_ENDPOINT_DIFFERENCE,True,False,True,False,False,False,False,INDEPENDENT_CALIBRATION_DECISION_ERROR_ONLY
dlv_pair_02dfd321c8f578c855ad8e12,calibration_subject_005__matched_linear,calibration_subject_005,matched_linear,MATCHED,hip,POSITIVE_CANONICAL,MINIMUM,0.25,UPPER_EDGE,asym_h+1.750_k-1.250_p-0.00750,asym_h+2.000_k-1.250_p-0.00750,-0.00031936297575,-0.00031936297575,1.11022302463e-16,0.00031936297575,0.00031936297575,1.11022302463e-16,DIRECT_PAIRED_ENDPOINT_DIFFERENCE,True,False,True,False,False,False,False,INDEPENDENT_CALIBRATION_DECISION_ERROR_ONLY
dlv_pair_02ea28d9ed9c136ddbbe277e,calibration_subject_001__matched_linear,calibration_subject_001,matched_linear,MATCHED,hip,POSITIVE_CANONICAL,MINIMUM,0.25,LOWER_EDGE,asym_h-5.000_k-1.000_p+0.02000,asym_h-4.750_k-1.000_p+0.02000,4.54727659365e-05,4.54727659344e-05,2.10942374679e-15,-4.54727659365e-05,-4.54727659344e-05,2.10942374679e-15,DIRECT_PAIRED_ENDPOINT_DIFFERENCE,True,False,True,False,False,False,False,INDEPENDENT_CALIBRATION_DECISION_ERROR_ONLY
dlv_pair_02eca0df6507289735080c6c,calibration_subject_006__combined_strong,calibration_subject_006,combined_strong,MISMATCH,knee,POSITIVE_CANONICAL,MINIMUM,0.25,LOWER_EDGE,asym_h+2.000_k-5.000_p+0.01750,asym_h+2.000_k-4.750_p+0.01750,0.00115070183266,0.00244062105765,0.00128991922499,-0.00115070183266,-0.00244062105765,0.00128991922499,DIRECT_PAIRED_ENDPOINT_DIFFERENCE,True,False,True,False,False,False,False,INDEPENDENT_CALIBRATION_DECISION_ERROR_ONLY
dlv_pair_02f36c3902012d7362309ea0,calibration_subject_003__combined_strong,calibration_subject_003,combined_strong,MISMATCH,knee,POSITIVE_CANONICAL,MINIMUM,0.25,LOWER_EDGE,asym_h-3.750_k-5.000_p+0.02250,asym_h-3.750_k-4.750_p+0.02250,0.00105528859003,0.00167085060627,0.000615562016241,-0.00105528859003,-0.00167085060627,0.000615562016241,DIRECT_PAIRED_ENDPOINT_DIFFERENCE,True,False,True,False,False,False,False,INDEPENDENT_CALIBRATION_DECISION_ERROR_ONLY
dlv_pair_02f4d8b3847033abc840c6da,calibration_subject_002__matched_linear,calibration_subject_002,matched_linear,MATCHED,knee,POSITIVE_CANONICAL,MINIMUM,0.25,LOWER_EDGE,asym_h-2.250_k-5.000_p+0.00500,asym_h-2.250_k-4.750_p+0.00500,0.00115651492278,0.00115651492278,1.11022302463e-16,-0.00115651492278,-0.00115651492278,1.11022302463e-16,DIRECT_PAIRED_ENDPOINT_DIFFERENCE,True,False,True,False,False,False,False,INDEPENDENT_CALIBRATION_DECISION_ERROR_ONLY
dlv_pair_02fd2dfd27f208c4ce51b69a,calibration_subject_006__matched_linear,calibration_subject_006,matched_linear,MATCHED,knee,POSITIVE_CANONICAL,MINIMUM,0.25,LOWER_EDGE,asym_h-0.500_k-5.000_p+0.03000,asym_h-0.500_k-4.750_p+0.03000,0.00153723153691,0.0015372315369,1.15463194561e-14,-0.00153723153691,-0.0015372315369,1.15463194561e-14,DIRECT_PAIRED_ENDPOINT_DIFFERENCE,True,False,True,False,False,False,False,INDEPENDENT_CALIBRATION_DECISION_ERROR_ONLY
dlv_pair_0309690bd728fd69d7493fd6,calibration_subject_004__nonlinear_stiffness_strong,calibration_subject_004,nonlinear_stiffness_strong,MISMATCH,hip,POSITIVE_CANONICAL,HALF,0.5,UPPER_EDGE,asym_h+1.500_k-3.750_p-0.02750,asym_h+2.000_k-3.750_p-0.02750,-8.50343084116e-05,0.00100061847096,0.00108565277937,8.50343084116e-05,-0.00100061847096,0.00108565277937,DIRECT_PAIRED_ENDPOINT_DIFFERENCE,True,False,True,False,False,False,False,INDEPENDENT_CALIBRATION_DECISION_ERROR_ONLY
dlv_pair_030c844143fdbee0d27296f3,calibration_subject_003__combined_strong,calibration_subject_003,combined_strong,MISMATCH,knee,POSITIVE_CANONICAL,HALF,0.5,LOWER_EDGE,asym_h-0.500_k-5.000_p+0.01250,asym_h-0.500_k-4.500_p+0.01250,0.00210156299138,0.00329851271565,0.00119694972427,-0.00210156299138,-0.00329851271565,0.00119694972427,DIRECT_PAIRED_ENDPOINT_DIFFERENCE,True,False,True,False,False,False,False,INDEPENDENT_CALIBRATION_DECISION_ERROR_ONLY
dlv_pair_0310774f5a62e7c69b5f76c2,calibration_subject_006__matched_linear,calibration_subject_006,matched_linear,MATCHED,hip,POSITIVE_CANONICAL,INITIAL,1,UPPER_EDGE,asym_h+1.000_k+1.250_p-0.01750,asym_h+2.000_k+1.250_p-0.01750,-0.0010080475492,-0.00100804754916,3.5527136788e-14,0.0010080475492,0.00100804754916,3.5527136788e-14,DIRECT_PAIRED_ENDPOINT_DIFFERENCE,True,False,True,False,False,False,False,INDEPENDENT_CALIBRATION_DECISION_ERROR_ONLY
dlv_pair_0318dc9f2c156c3aec1e6e5e,calibration_subject_003__combined_strong,calibration_subject_003,combined_strong,MISMATCH,knee,POSITIVE_CANONICAL,INITIAL,1,UPPER_EDGE,asym_h-0.750_k+1.000_p+0.00000,asym_h-0.750_k+2.000_p+0.00000,0.00437222739669,0.00759415489364,0.00322192749695,-0.00437222739669,-0.00759415489364,0.00322192749695,DIRECT_PAIRED_ENDPOINT_DIFFERENCE,True,False,True,False,False,False,False,INDEPENDENT_CALIBRATION_DECISION_ERROR_ONLY
dlv_pair_0319b01c3597af139380e340,calibration_subject_001__nonlinear_stiffness_strong,calibration_subject_001,nonlinear_stiffness_strong,MISMATCH,hip,POSITIVE_CANONICAL,INITIAL,1,UPPER_EDGE,asym_h+1.000_k-2.750_p+0.00750,asym_h+2.000_k-2.750_p+0.00750,0.00181344345253,0.00356498729839,0.00175154384586,-0.00181344345253,-0.00356498729839,0.00175154384586,DIRECT_PAIRED_ENDPOINT_DIFFERENCE,True,False,True,False,False,False,False,INDEPENDENT_CALIBRATION_DECISION_ERROR_ONLY
dlv_pair_031ed1a058516e450ec6f351,calibration_subject_002__matched_linear,calibration_subject_002,matched_linear,MATCHED,knee,POSITIVE_CANONICAL,INITIAL,1,UPPER_EDGE,asym_h-2.250_k+1.000_p+0.01750,asym_h-2.250_k+2.000_p+0.01750,0.00487796768119,0.00487796768119,2.22044604925e-16,-0.00487796768119,-0.00487796768119,2.22044604925e-16,DIRECT_PAIRED_ENDPOINT_DIFFERENCE,True,False,True,False,False,False,False,INDEPENDENT_CALIBRATION_DECISION_ERROR_ONLY
dlv_pair_0325389ed1e46d3593aa2618,calibration_subject_001__matched_linear,calibration_subject_001,matched_linear,MATCHED,knee,POSITIVE_CANONICAL,HALF,0.5,UPPER_EDGE,asym_h-2.500_k+1.500_p-0.01000,asym_h-2.500_k+2.000_p-0.01000,0.002306955999,0.00230695599901,4.4408920985e-15,-0.002306955999,-0.00230695599901,4.4408920985e-15,DIRECT_PAIRED_ENDPOINT_DIFFERENCE,True,False,True,False,False,False,False,INDEPENDENT_CALIBRATION_DECISION_ERROR_ONLY
dlv_pair_0325a6de0f8c609896b1da8d,calibration_subject_002__hip_knee_coupling_strong,calibration_subject_002,hip_knee_coupling_strong,MISMATCH,phase,POSITIVE_CANONICAL,MINIMUM,0.0025,LOWER_EDGE,asym_h-4.250_k+2.000_p-0.03000,asym_h-4.250_k+2.000_p-0.02750,-2.3362766381e-05,-2.93705861916e-05,6.00781981053e-06,2.3362766381e-05,2.93705861916e-05,6.00781981053e-06,DIRECT_PAIRED_ENDPOINT_DIFFERENCE,True,False,True,False,False,False,False,INDEPENDENT_CALIBRATION_DECISION_ERROR_ONLY
dlv_pair_032a73c2ea058cb9c9f22d97,calibration_subject_003__matched_linear,calibration_subject_003,matched_linear,MATCHED,phase,POSITIVE_CANONICAL,MINIMUM,0.0025,UPPER_EDGE,asym_h-3.500_k+0.000_p+0.02750,asym_h-3.500_k+0.000_p+0.03000,-2.51571452379e-05,-2.51571452379e-05,0,2.51571452379e-05,2.51571452379e-05,0,DIRECT_PAIRED_ENDPOINT_DIFFERENCE,True,False,True,False,False,False,False,INDEPENDENT_CALIBRATION_DECISION_ERROR_ONLY
dlv_pair_032aae4c9c529cc54e46a0b9,calibration_subject_001__nonlinear_stiffness_strong,calibration_subject_001,nonlinear_stiffness_strong,MISMATCH,knee,POSITIVE_CANONICAL,INITIAL,1,UPPER_EDGE,asym_h-4.000_k+1.000_p+0.03000,asym_h-4.000_k+2.000_p+0.03000,0.00427095973116,0.00757922592347,0.00330826619232,-0.00427095973116,-0.00757922592347,0.00330826619232,DIRECT_PAIRED_ENDPOINT_DIFFERENCE,True,False,True,False,False,False,False,INDEPENDENT_CALIBRATION_DECISION_ERROR_ONLY
dlv_pair_0330583a318aa9944a32d0b0,calibration_subject_002__hip_knee_coupling_strong,calibration_subject_002,hip_knee_coupling_strong,MISMATCH,hip,POSITIVE_CANONICAL,HALF,0.5,UPPER_EDGE,asym_h+1.500_k-0.250_p+0.01750,asym_h+2.000_k-0.250_p+0.01750,-0.000865655853282,-0.00104547819835,0.000179822345064,0.000865655853282,0.00104547819835,0.000179822345064,DIRECT_PAIRED_ENDPOINT_DIFFERENCE,True,False,True,False,False,False,False,INDEPENDENT_CALIBRATION_DECISION_ERROR_ONLY
dlv_pair_03369e962bc619c476d59c4e,calibration_subject_003__combined_strong,calibration_subject_003,combined_strong,MISMATCH,hip,POSITIVE_CANONICAL,MINIMUM,0.25,UPPER_EDGE,asym_h+1.750_k-3.750_p+0.02750,asym_h+2.000_k-3.750_p+0.02750,0.00024616724053,0.000660518962229,0.000414351721699,-0.00024616724053,-0.000660518962229,0.000414351721699,DIRECT_PAIRED_ENDPOINT_DIFFERENCE,True,False,True,False,False,False,False,INDEPENDENT_CALIBRATION_DECISION_ERROR_ONLY
dlv_pair_03387a782c61def74e8e5e8a,calibration_subject_001__nonlinear_stiffness_strong,calibration_subject_001,nonlinear_stiffness_strong,MISMATCH,knee,POSITIVE_CANONICAL,HALF,0.5,LOWER_EDGE,asym_h-4.750_k-5.000_p-0.00750,asym_h-4.750_k-4.500_p-0.00750,0.00207131459813,0.00338770767622,0.00131639307809,-0.00207131459813,-0.00338770767622,0.00131639307809,DIRECT_PAIRED_ENDPOINT_DIFFERENCE,True,False,True,False,False,False,False,INDEPENDENT_CALIBRATION_DECISION_ERROR_ONLY
dlv_pair_0342a3da02cab3f0cb1f41d4,calibration_subject_002__hip_knee_coupling_strong,calibration_subject_002,hip_knee_coupling_strong,MISMATCH,hip,POSITIVE_CANONICAL,INITIAL,1,UPPER_EDGE,asym_h+1.000_k-3.750_p+0.01500,asym_h+2.000_k-3.750_p+0.01500,-0.00172181209381,-0.00205249504787,0.000330682954053,0.00172181209381,0.00205249504787,0.000330682954053,DIRECT_PAIRED_ENDPOINT_DIFFERENCE,True,False,True,False,False,False,False,INDEPENDENT_CALIBRATION_DECISION_ERROR_ONLY
dlv_pair_0348d47ad07b08d74e441051,calibration_subject_005__hip_knee_coupling_strong,calibration_subject_005,hip_knee_coupling_strong,MISMATCH,knee,POSITIVE_CANONICAL,HALF,0.5,LOWER_EDGE,asym_h-2.000_k-5.000_p-0.02500,asym_h-2.000_k-4.500_p-0.02500,0.00242523760068,0.00259059253614,0.000165354935459,-0.00242523760068,-0.00259059253614,0.000165354935459,DIRECT_PAIRED_ENDPOINT_DIFFERENCE,True,False,True,False,False,False,False,INDEPENDENT_CALIBRATION_DECISION_ERROR_ONLY
dlv_pair_034bc605573017d14d74b880,calibration_subject_003__combined_strong,calibration_subject_003,combined_strong,MISMATCH,knee,POSITIVE_CANONICAL,HALF,0.5,UPPER_EDGE,asym_h-3.250_k+1.500_p+0.00250,asym_h-3.250_k+2.000_p+0.00250,0.00220003532335,0.00386413719548,0.00166410187213,-0.00220003532335,-0.00386413719548,0.00166410187213,DIRECT_PAIRED_ENDPOINT_DIFFERENCE,True,False,True,False,False,False,False,INDEPENDENT_CALIBRATION_DECISION_ERROR_ONLY
dlv_pair_03524f7626253d8bc8b00909,calibration_subject_005__matched_linear,calibration_subject_005,matched_linear,MATCHED,knee,POSITIVE_CANONICAL,INITIAL,1,LOWER_EDGE,asym_h+2.000_k-5.000_p+0.02250,asym_h+2.000_k-4.000_p+0.02250,0.00471064960563,0.00471064960563,6.66133814775e-16,-0.00471064960563,-0.00471064960563,6.66133814775e-16,DIRECT_PAIRED_ENDPOINT_DIFFERENCE,True,False,True,False,False,False,False,INDEPENDENT_CALIBRATION_DECISION_ERROR_ONLY
dlv_pair_0363db2b86a8c3aa91b584fe,calibration_subject_002__hip_knee_coupling_strong,calibration_subject_002,hip_knee_coupling_strong,MISMATCH,hip,POSITIVE_CANONICAL,HALF,0.5,LOWER_EDGE,asym_h-5.000_k-2.750_p+0.02500,asym_h-4.500_k-2.750_p+0.02500,-0.000962192569726,-0.00110805500929,0.000145862439559,0.000962192569726,0.00110805500929,0.000145862439559,DIRECT_PAIRED_ENDPOINT_DIFFERENCE,True,False,True,False,False,False,False,INDEPENDENT_CALIBRATION_DECISION_ERROR_ONLY
dlv_pair_0366c69af681f8ae2a268319,calibration_subject_006__matched_linear,calibration_subject_006,matched_linear,MATCHED,phase,POSITIVE_CANONICAL,MINIMUM,0.0025,UPPER_EDGE,asym_h+0.000_k-1.500_p+0.02750,asym_h+0.000_k-1.500_p+0.03000,2.37138858272e-06,2.37138859649e-06,1.37667655054e-14,-2.37138858272e-06,-2.37138859649e-06,1.37667655054e-14,DIRECT_PAIRED_ENDPOINT_DIFFERENCE,True,False,True,False,False,False,False,INDEPENDENT_CALIBRATION_DECISION_ERROR_ONLY
dlv_pair_03757dd3e21bea8254c41d21,calibration_subject_006__matched_linear,calibration_subject_006,matched_linear,MATCHED,hip,POSITIVE_CANONICAL,INITIAL,1,LOWER_EDGE,asym_h-5.000_k-3.000_p-0.03000,asym_h-4.000_k-3.000_p-0.03000,-0.00113817778328,-0.00113817778324,3.74145159299e-14,0.00113817778328,0.00113817778324,3.74145159299e-14,DIRECT_PAIRED_ENDPOINT_DIFFERENCE,True,False,True,False,False,False,False,INDEPENDENT_CALIBRATION_DECISION_ERROR_ONLY
dlv_pair_0375aba11632dc07bd63d21d,calibration_subject_006__combined_strong,calibration_subject_006,combined_strong,MISMATCH,hip,POSITIVE_CANONICAL,MINIMUM,0.25,UPPER_EDGE,asym_h+1.750_k-0.250_p-0.00500,asym_h+2.000_k-0.250_p-0.00500,0.000263834246562,0.000509480550438,0.000245646303876,-0.000263834246562,-0.000509480550438,0.000245646303876,DIRECT_PAIRED_ENDPOINT_DIFFERENCE,True,False,True,False,False,False,False,INDEPENDENT_CALIBRATION_DECISION_ERROR_ONLY
dlv_pair_037714fc6a79036ab5e8c762,calibration_subject_006__combined_strong,calibration_subject_006,combined_strong,MISMATCH,phase,POSITIVE_CANONICAL,HALF,0.005,UPPER_EDGE,asym_h-1.500_k-2.250_p+0.02500,asym_h-1.500_k-2.250_p+0.03000,-4.79726782928e-05,5.99249433336e-05,0.000107897621626,4.79726782928e-05,-5.99249433336e-05,0.000107897621626,DIRECT_PAIRED_ENDPOINT_DIFFERENCE,True,False,True,False,False,False,False,INDEPENDENT_CALIBRATION_DECISION_ERROR_ONLY
dlv_pair_038b4b62b73130aab6ec0b61,calibration_subject_006__matched_linear,calibration_subject_006,matched_linear,MATCHED,hip,POSITIVE_CANONICAL,MINIMUM,0.25,UPPER_EDGE,asym_h+1.750_k-0.250_p+0.00750,asym_h+2.000_k-0.250_p+0.00750,-0.000221461366203,-0.000221461366195,7.77156117238e-15,0.000221461366203,0.000221461366195,7.77156117238e-15,DIRECT_PAIRED_ENDPOINT_DIFFERENCE,True,False,True,False,False,False,False,INDEPENDENT_CALIBRATION_DECISION_ERROR_ONLY
dlv_pair_038d8fb46f141d9780642297,calibration_subject_003__matched_linear,calibration_subject_003,matched_linear,MATCHED,hip,POSITIVE_CANONICAL,MINIMUM,0.25,LOWER_EDGE,asym_h-5.000_k-2.000_p+0.01250,asym_h-4.750_k-2.000_p+0.01250,-0.000159699150432,-0.000159699150432,1.11022302463e-16,0.000159699150432,0.000159699150432,1.11022302463e-16,DIRECT_PAIRED_ENDPOINT_DIFFERENCE,True,False,True,False,False,False,False,INDEPENDENT_CALIBRATION_DECISION_ERROR_ONLY
dlv_pair_0390d1c13a7c6b84e153b842,calibration_subject_003__matched_linear,calibration_subject_003,matched_linear,MATCHED,phase,POSITIVE_CANONICAL,HALF,0.005,LOWER_EDGE,asym_h+0.750_k-1.250_p-0.03000,asym_h+0.750_k-1.250_p-0.02500,-4.21414709268e-05,-4.2141470927e-05,1.11022302463e-16,4.21414709268e-05,4.2141470927e-05,1.11022302463e-16,DIRECT_PAIRED_ENDPOINT_DIFFERENCE,True,False,True,False,False,False,False,INDEPENDENT_CALIBRATION_DECISION_ERROR_ONLY
dlv_pair_03940ee24f4db96b67cf055d,calibration_subject_003__matched_linear,calibration_subject_003,matched_linear,MATCHED,knee,POSITIVE_CANONICAL,HALF,0.5,LOWER_EDGE,asym_h+1.250_k-5.000_p+0.01000,asym_h+1.250_k-4.500_p+0.01000,0.00224854816001,0.00224854816001,1.11022302463e-16,-0.00224854816001,-0.00224854816001,1.11022302463e-16,DIRECT_PAIRED_ENDPOINT_DIFFERENCE,True,False,True,False,False,False,False,INDEPENDENT_CALIBRATION_DECISION_ERROR_ONLY
dlv_pair_039762d1512edef6bb2d2138,calibration_subject_003__combined_strong,calibration_subject_003,combined_strong,MISMATCH,hip,POSITIVE_CANONICAL,HALF,0.5,LOWER_EDGE,asym_h-5.000_k-0.500_p-0.00750,asym_h-4.500_k-0.500_p-0.00750,0.000433903500606,0.000971069099661,0.000537165599054,-0.000433903500606,-0.000971069099661,0.000537165599054,DIRECT_PAIRED_ENDPOINT_DIFFERENCE,True,False,True,False,False,False,False,INDEPENDENT_CALIBRATION_DECISION_ERROR_ONLY
dlv_pair_0397b60c68f226bcfd921297,calibration_subject_002__hip_knee_coupling_strong,calibration_subject_002,hip_knee_coupling_strong,MISMATCH,knee,POSITIVE_CANONICAL,MINIMUM,0.25,LOWER_EDGE,asym_h-1.250_k-5.000_p-0.00500,asym_h-1.250_k-4.750_p-0.00500,0.00117856032145,0.00124100385889,6.24435374387e-05,-0.00117856032145,-0.00124100385889,6.24435374387e-05,DIRECT_PAIRED_ENDPOINT_DIFFERENCE,True,False,True,False,False,False,False,INDEPENDENT_CALIBRATION_DECISION_ERROR_ONLY
dlv_pair_03985a5a46db27e37a72e865,calibration_subject_001__matched_linear,calibration_subject_001,matched_linear,MATCHED,knee,POSITIVE_CANONICAL,INITIAL,1,LOWER_EDGE,asym_h-5.000_k-5.000_p+0.00250,asym_h-5.000_k-4.000_p+0.00250,0.00443121168966,0.00443121168967,7.43849426499e-15,-0.00443121168966,-0.00443121168967,7.43849426499e-15,DIRECT_PAIRED_ENDPOINT_DIFFERENCE,True,False,True,False,False,False,False,INDEPENDENT_CALIBRATION_DECISION_ERROR_ONLY
dlv_pair_039cb47d76ff8ace757536b8,calibration_subject_003__combined_strong,calibration_subject_003,combined_strong,MISMATCH,hip,POSITIVE_CANONICAL,INITIAL,1,UPPER_EDGE,asym_h+1.000_k-0.250_p-0.00500,asym_h+2.000_k-0.250_p-0.00500,0.000950536027978,0.00247435886041,0.00152382283243,-0.000950536027978,-0.00247435886041,0.00152382283243,DIRECT_PAIRED_ENDPOINT_DIFFERENCE,True,False,True,False,False,False,False,INDEPENDENT_CALIBRATION_DECISION_ERROR_ONLY
dlv_pair_03a17458af96f1b40f1fbf7d,calibration_subject_003__combined_strong,calibration_subject_003,combined_strong,MISMATCH,phase,POSITIVE_CANONICAL,HALF,0.005,UPPER_EDGE,asym_h-5.000_k-1.250_p+0.02500,asym_h-5.000_k-1.250_p+0.03000,-5.40820329259e-05,4.58285185823e-06,5.86648847841e-05,5.40820329259e-05,-4.58285185823e-06,5.86648847841e-05,DIRECT_PAIRED_ENDPOINT_DIFFERENCE,True,False,True,False,False,False,False,INDEPENDENT_CALIBRATION_DECISION_ERROR_ONLY
dlv_pair_03a6fd5b06b62272c8fc29b2,calibration_subject_001__matched_linear,calibration_subject_001,matched_linear,MATCHED,knee,POSITIVE_CANONICAL,HALF,0.5,LOWER_EDGE,asym_h-1.750_k-5.000_p-0.01000,asym_h-1.750_k-4.500_p-0.01000,0.00220057685173,0.00220057685173,3.66373598126e-15,-0.00220057685173,-0.00220057685173,3.66373598126e-15,DIRECT_PAIRED_ENDPOINT_DIFFERENCE,True,False,True,False,False,False,False,INDEPENDENT_CALIBRATION_DECISION_ERROR_ONLY
dlv_pair_03aa93d2e28dea0808ad7a2e,calibration_subject_001__nonlinear_stiffness_strong,calibration_subject_001,nonlinear_stiffness_strong,MISMATCH,phase,POSITIVE_CANONICAL,MINIMUM,0.0025,LOWER_EDGE,asym_h+0.250_k-0.250_p-0.03000,asym_h+0.250_k-0.250_p-0.02750,-2.1181644716e-05,-1.65961573589e-05,4.58548735705e-06,2.1181644716e-05,1.65961573589e-05,4.58548735705e-06,DIRECT_PAIRED_ENDPOINT_DIFFERENCE,True,False,True,False,False,False,False,INDEPENDENT_CALIBRATION_DECISION_ERROR_ONLY
dlv_pair_03b8412d652b1222fe708722,calibration_subject_002__hip_knee_coupling_strong,calibration_subject_002,hip_knee_coupling_strong,MISMATCH,phase,POSITIVE_CANONICAL,HALF,0.005,UPPER_EDGE,asym_h-2.750_k-1.500_p+0.02500,asym_h-2.750_k-1.500_p+0.03000,-4.0806891052e-05,-1.8631101119e-05,2.2175789933e-05,4.0806891052e-05,1.8631101119e-05,2.2175789933e-05,DIRECT_PAIRED_ENDPOINT_DIFFERENCE,True,False,True,False,False,False,False,INDEPENDENT_CALIBRATION_DECISION_ERROR_ONLY
dlv_pair_03c5e2c5cd597075c7489ecd,calibration_subject_001__nonlinear_stiffness_strong,calibration_subject_001,nonlinear_stiffness_strong,MISMATCH,phase,POSITIVE_CANONICAL,HALF,0.005,LOWER_EDGE,asym_h-5.000_k+0.750_p-0.03000,asym_h-5.000_k+0.750_p-0.02500,-4.58401016012e-05,-3.81627862133e-05,7.67731538798e-06,4.58401016012e-05,3.81627862133e-05,7.67731538798e-06,DIRECT_PAIRED_ENDPOINT_DIFFERENCE,True,False,True,False,False,False,False,INDEPENDENT_CALIBRATION_DECISION_ERROR_ONLY
dlv_pair_03ca6b6e207f0b2ff2daa2be,calibration_subject_003__matched_linear,calibration_subject_003,matched_linear,MATCHED,hip,POSITIVE_CANONICAL,INITIAL,1,UPPER_EDGE,asym_h+1.000_k-0.250_p-0.03000,asym_h+2.000_k-0.250_p-0.03000,-0.000539672109074,-0.000539672109074,0,0.000539672109074,0.000539672109074,0,DIRECT_PAIRED_ENDPOINT_DIFFERENCE,True,False,True,False,False,False,False,INDEPENDENT_CALIBRATION_DECISION_ERROR_ONLY
dlv_pair_03cba0c5cf4992e67752c6a8,calibration_subject_004__nonlinear_stiffness_strong,calibration_subject_004,nonlinear_stiffness_strong,MISMATCH,knee,POSITIVE_CANONICAL,INITIAL,1,UPPER_EDGE,asym_h-2.000_k+1.000_p+0.00250,asym_h-2.000_k+2.000_p+0.00250,0.00428695895823,0.00760376325245,0.00331680429422,-0.00428695895823,-0.00760376325245,0.00331680429422,DIRECT_PAIRED_ENDPOINT_DIFFERENCE,True,False,True,False,False,False,False,INDEPENDENT_CALIBRATION_DECISION_ERROR_ONLY
dlv_pair_03d9fcfa9c498db2328f3c17,calibration_subject_002__matched_linear,calibration_subject_002,matched_linear,MATCHED,knee,POSITIVE_CANONICAL,HALF,0.5,UPPER_EDGE,asym_h-4.500_k+1.500_p+0.01500,asym_h-4.500_k+2.000_p+0.01500,0.00244679770647,0.00244679770647,0,-0.00244679770647,-0.00244679770647,0,DIRECT_PAIRED_ENDPOINT_DIFFERENCE,True,False,True,False,False,False,False,INDEPENDENT_CALIBRATION_DECISION_ERROR_ONLY
dlv_pair_03ddf03ac10e3926033b9d0b,calibration_subject_006__combined_strong,calibration_subject_006,combined_strong,MISMATCH,hip,POSITIVE_CANONICAL,INITIAL,1,UPPER_EDGE,asym_h+1.000_k+2.000_p-0.01000,asym_h+2.000_k+2.000_p-0.01000,0.000997202339976,0.00180706635003,0.000809864010056,-0.000997202339976,-0.00180706635003,0.000809864010056,DIRECT_PAIRED_ENDPOINT_DIFFERENCE,True,False,True,False,False,False,False,INDEPENDENT_CALIBRATION_DECISION_ERROR_ONLY
dlv_pair_040050f4a60ec421e5739e47,calibration_subject_005__hip_knee_coupling_strong,calibration_subject_005,hip_knee_coupling_strong,MISMATCH,hip,POSITIVE_CANONICAL,MINIMUM,0.25,LOWER_EDGE,asym_h-5.000_k-3.000_p+0.00250,asym_h-4.750_k-3.000_p+0.00250,-0.000310976877195,-0.000410044245712,9.90673685168e-05,0.000310976877195,0.000410044245712,9.90673685168e-05,DIRECT_PAIRED_ENDPOINT_DIFFERENCE,True,False,True,False,False,False,False,INDEPENDENT_CALIBRATION_DECISION_ERROR_ONLY
dlv_pair_040e99c7a131d211b0f67bc9,calibration_subject_006__matched_linear,calibration_subject_006,matched_linear,MATCHED,knee,POSITIVE_CANONICAL,MINIMUM,0.25,UPPER_EDGE,asym_h-0.500_k+1.750_p+0.03000,asym_h-0.500_k+2.000_p+0.03000,0.00172146236227,0.00172146236226,1.487698853e-14,-0.00172146236227,-0.00172146236226,1.487698853e-14,DIRECT_PAIRED_ENDPOINT_DIFFERENCE,True,False,True,False,False,False,False,INDEPENDENT_CALIBRATION_DECISION_ERROR_ONLY
dlv_pair_04101adadcaa8831d1561c8d,calibration_subject_003__matched_linear,calibration_subject_003,matched_linear,MATCHED,hip,POSITIVE_CANONICAL,HALF,0.5,LOWER_EDGE,asym_h-5.000_k-3.500_p-0.02500,asym_h-4.500_k-3.500_p-0.02500,-0.000313896585888,-0.000313896585888,0,0.000313896585888,0.000313896585888,0,DIRECT_PAIRED_ENDPOINT_DIFFERENCE,True,False,True,False,False,False,False,INDEPENDENT_CALIBRATION_DECISION_ERROR_ONLY
dlv_pair_0412e87c7326971592e81373,calibration_subject_002__hip_knee_coupling_strong,calibration_subject_002,hip_knee_coupling_strong,MISMATCH,knee,POSITIVE_CANONICAL,MINIMUM,0.25,UPPER_EDGE,asym_h-2.000_k+1.750_p+0.00750,asym_h-2.000_k+2.000_p+0.00750,0.00125028751947,0.00134487039349,9.45828740189e-05,-0.00125028751947,-0.00134487039349,9.45828740189e-05,DIRECT_PAIRED_ENDPOINT_DIFFERENCE,True,False,True,False,False,False,False,INDEPENDENT_CALIBRATION_DECISION_ERROR_ONLY
dlv_pair_0412eacc1f9a42af04221c5b,calibration_subject_005__hip_knee_coupling_strong,calibration_subject_005,hip_knee_coupling_strong,MISMATCH,phase,POSITIVE_CANONICAL,MINIMUM,0.0025,LOWER_EDGE,asym_h-3.250_k+0.250_p-0.03000,asym_h-3.250_k+0.250_p-0.02750,-2.64121831093e-05,-3.5648620379e-05,9.23643726969e-06,2.64121831093e-05,3.5648620379e-05,9.23643726969e-06,DIRECT_PAIRED_ENDPOINT_DIFFERENCE,True,False,True,False,False,False,False,INDEPENDENT_CALIBRATION_DECISION_ERROR_ONLY
dlv_pair_041b29e3a305de3d13a316cb,calibration_subject_004__matched_linear,calibration_subject_004,matched_linear,MATCHED,knee,POSITIVE_CANONICAL,INITIAL,1,UPPER_EDGE,asym_h-4.500_k+1.000_p+0.00000,asym_h-4.500_k+2.000_p+0.00000,0.00471230754535,0.00471230754535,6.66133814775e-16,-0.00471230754535,-0.00471230754535,6.66133814775e-16,DIRECT_PAIRED_ENDPOINT_DIFFERENCE,True,False,True,False,False,False,False,INDEPENDENT_CALIBRATION_DECISION_ERROR_ONLY
dlv_pair_041f73b45a78754f16a90d48,calibration_subject_005__hip_knee_coupling_strong,calibration_subject_005,hip_knee_coupling_strong,MISMATCH,phase,POSITIVE_CANONICAL,HALF,0.005,LOWER_EDGE,asym_h+0.000_k+2.000_p-0.03000,asym_h+0.000_k+2.000_p-0.02500,-5.59513480591e-05,-7.29674093976e-05,1.70160613384e-05,5.59513480591e-05,7.29674093976e-05,1.70160613384e-05,DIRECT_PAIRED_ENDPOINT_DIFFERENCE,True,False,True,False,False,False,False,INDEPENDENT_CALIBRATION_DECISION_ERROR_ONLY
dlv_pair_0428b8597118d4136a289e94,calibration_subject_004__nonlinear_stiffness_strong,calibration_subject_004,nonlinear_stiffness_strong,MISMATCH,phase,POSITIVE_CANONICAL,HALF,0.005,UPPER_EDGE,asym_h+0.250_k+1.000_p+0.02500,asym_h+0.250_k+1.000_p+0.03000,-5.39061008089e-05,-2.87493543727e-06,5.10311653716e-05,5.39061008089e-05,2.87493543727e-06,5.10311653716e-05,DIRECT_PAIRED_ENDPOINT_DIFFERENCE,True,False,True,False,False,False,False,INDEPENDENT_CALIBRATION_DECISION_ERROR_ONLY
dlv_pair_042aa2cec1e54ed45bc7bd7a,calibration_subject_001__nonlinear_stiffness_strong,calibration_subject_001,nonlinear_stiffness_strong,MISMATCH,phase,POSITIVE_CANONICAL,HALF,0.005,UPPER_EDGE,asym_h-1.000_k-0.750_p+0.02500,asym_h-1.000_k-0.750_p+0.03000,-5.57581178422e-05,-3.38477212658e-06,5.23733457156e-05,5.57581178422e-05,3.38477212658e-06,5.23733457156e-05,DIRECT_PAIRED_ENDPOINT_DIFFERENCE,True,False,True,False,False,False,False,INDEPENDENT_CALIBRATION_DECISION_ERROR_ONLY
dlv_pair_044a9f03e2e4e1535d97911e,calibration_subject_004__nonlinear_stiffness_strong,calibration_subject_004,nonlinear_stiffness_strong,MISMATCH,hip,POSITIVE_CANONICAL,MINIMUM,0.25,UPPER_EDGE,asym_h+1.750_k+2.000_p+0.01250,asym_h+2.000_k+2.000_p+0.01250,-4.24626083755e-05,0.000479396649931,0.000521859258306,4.24626083755e-05,-0.000479396649931,0.000521859258306,DIRECT_PAIRED_ENDPOINT_DIFFERENCE,True,False,True,False,False,False,False,INDEPENDENT_CALIBRATION_DECISION_ERROR_ONLY
dlv_pair_0459443c866f870ade04c592,calibration_subject_001__matched_linear,calibration_subject_001,matched_linear,MATCHED,phase,POSITIVE_CANONICAL,MINIMUM,0.0025,LOWER_EDGE,asym_h-1.250_k+1.250_p-0.03000,asym_h-1.250_k+1.250_p-0.02750,-2.40039195731e-05,-2.40039195749e-05,1.7763568394e-15,2.40039195731e-05,2.40039195749e-05,1.7763568394e-15,DIRECT_PAIRED_ENDPOINT_DIFFERENCE,True,False,True,False,False,False,False,INDEPENDENT_CALIBRATION_DECISION_ERROR_ONLY
dlv_pair_0476ee86f88493149f4f4ffb,calibration_subject_004__matched_linear,calibration_subject_004,matched_linear,MATCHED,hip,POSITIVE_CANONICAL,HALF,0.5,LOWER_EDGE,asym_h-5.000_k-3.000_p+0.00500,asym_h-4.500_k-3.000_p+0.00500,-0.00107869590611,-0.00107869590611,2.22044604925e-16,0.00107869590611,0.00107869590611,2.22044604925e-16,DIRECT_PAIRED_ENDPOINT_DIFFERENCE,True,False,True,False,False,False,False,INDEPENDENT_CALIBRATION_DECISION_ERROR_ONLY
dlv_pair_0485573764efd1aeb836b8e2,calibration_subject_003__combined_strong,calibration_subject_003,combined_strong,MISMATCH,knee,POSITIVE_CANONICAL,INITIAL,1,LOWER_EDGE,asym_h-1.250_k-5.000_p+0.02750,asym_h-1.250_k-4.000_p+0.02750,0.00420985911303,0.00664914298148,0.00243928386845,-0.00420985911303,-0.00664914298148,0.00243928386845,DIRECT_PAIRED_ENDPOINT_DIFFERENCE,True,False,True,False,False,False,False,INDEPENDENT_CALIBRATION_DECISION_ERROR_ONLY
dlv_pair_0492a8a9c01960c22d9278e0,calibration_subject_005__hip_knee_coupling_strong,calibration_subject_005,hip_knee_coupling_strong,MISMATCH,hip,POSITIVE_CANONICAL,MINIMUM,0.25,UPPER_EDGE,asym_h+1.750_k-1.000_p+0.00000,asym_h+2.000_k-1.000_p+0.00000,-0.000272485079228,-0.000377670512452,0.000105185433224,0.000272485079228,0.000377670512452,0.000105185433224,DIRECT_PAIRED_ENDPOINT_DIFFERENCE,True,False,True,False,False,False,False,INDEPENDENT_CALIBRATION_DECISION_ERROR_ONLY
dlv_pair_049bef5738f7facd40580619,calibration_subject_005__hip_knee_coupling_strong,calibration_subject_005,hip_knee_coupling_strong,MISMATCH,hip,POSITIVE_CANONICAL,INITIAL,1,LOWER_EDGE,asym_h-5.000_k+1.000_p-0.02750,asym_h-4.000_k+1.000_p-0.02750,-0.00128500588023,-0.00172970079294,0.000444694912711,0.00128500588023,0.00172970079294,0.000444694912711,DIRECT_PAIRED_ENDPOINT_DIFFERENCE,True,False,True,False,False,False,False,INDEPENDENT_CALIBRATION_DECISION_ERROR_ONLY
dlv_pair_04ae62deed27042853eb1b19,calibration_subject_005__hip_knee_coupling_strong,calibration_subject_005,hip_knee_coupling_strong,MISMATCH,knee,POSITIVE_CANONICAL,INITIAL,1,UPPER_EDGE,asym_h-3.500_k+1.000_p+0.03000,asym_h-3.500_k+2.000_p+0.03000,0.0051303639691,0.00557515764104,0.000444793671941,-0.0051303639691,-0.00557515764104,0.000444793671941,DIRECT_PAIRED_ENDPOINT_DIFFERENCE,True,False,True,False,False,False,False,INDEPENDENT_CALIBRATION_DECISION_ERROR_ONLY
dlv_pair_04bd04677bc5a2a5116093b3,calibration_subject_003__matched_linear,calibration_subject_003,matched_linear,MATCHED,knee,POSITIVE_CANONICAL,INITIAL,1,UPPER_EDGE,asym_h-0.500_k+1.000_p+0.01750,asym_h-0.500_k+2.000_p+0.01750,0.00472477103579,0.00472477103579,2.22044604925e-16,-0.00472477103579,-0.00472477103579,2.22044604925e-16,DIRECT_PAIRED_ENDPOINT_DIFFERENCE,True,False,True,False,False,False,False,INDEPENDENT_CALIBRATION_DECISION_ERROR_ONLY
dlv_pair_04be16c9f791611a62674aba,calibration_subject_005__hip_knee_coupling_strong,calibration_subject_005,hip_knee_coupling_strong,MISMATCH,hip,POSITIVE_CANONICAL,HALF,0.5,LOWER_EDGE,asym_h-5.000_k-3.750_p+0.02750,asym_h-4.500_k-3.750_p+0.02750,-0.00061568927036,-0.000807732944639,0.000192043674279,0.00061568927036,0.000807732944639,0.000192043674279,DIRECT_PAIRED_ENDPOINT_DIFFERENCE,True,False,True,False,False,False,False,INDEPENDENT_CALIBRATION_DECISION_ERROR_ONLY
dlv_pair_04e21e7c8442c7c810f5ef1d,calibration_subject_001__matched_linear,calibration_subject_001,matched_linear,MATCHED,hip,POSITIVE_CANONICAL,HALF,0.5,LOWER_EDGE,asym_h-5.000_k-4.250_p-0.02250,asym_h-4.500_k-4.250_p-0.02250,0.00010528956002,0.000105289560016,4.32986979604e-15,-0.00010528956002,-0.000105289560016,4.32986979604e-15,DIRECT_PAIRED_ENDPOINT_DIFFERENCE,True,False,True,False,False,False,False,INDEPENDENT_CALIBRATION_DECISION_ERROR_ONLY
dlv_pair_05168113d7bbf2c17d69f1bc,calibration_subject_001__matched_linear,calibration_subject_001,matched_linear,MATCHED,phase,POSITIVE_CANONICAL,HALF,0.005,LOWER_EDGE,asym_h-4.000_k+1.500_p-0.03000,asym_h-4.000_k+1.500_p-0.02500,-4.98057526754e-05,-4.98057526785e-05,3.10862446895e-15,4.98057526754e-05,4.98057526785e-05,3.10862446895e-15,DIRECT_PAIRED_ENDPOINT_DIFFERENCE,True,False,True,False,False,False,False,INDEPENDENT_CALIBRATION_DECISION_ERROR_ONLY
dlv_pair_055e1f998502ccea0fb5e03a,calibration_subject_003__matched_linear,calibration_subject_003,matched_linear,MATCHED,knee,POSITIVE_CANONICAL,MINIMUM,0.25,UPPER_EDGE,asym_h-0.250_k+1.750_p-0.00750,asym_h-0.250_k+2.000_p-0.00750,0.00118668459832,0.00118668459832,2.22044604925e-16,-0.00118668459832,-0.00118668459832,2.22044604925e-16,DIRECT_PAIRED_ENDPOINT_DIFFERENCE,True,False,True,False,False,False,False,INDEPENDENT_CALIBRATION_DECISION_ERROR_ONLY
dlv_pair_057f2949adbcc190ec1b436c,calibration_subject_004__matched_linear,calibration_subject_004,matched_linear,MATCHED,knee,POSITIVE_CANONICAL,MINIMUM,0.25,UPPER_EDGE,asym_h-0.750_k+1.750_p-0.00750,asym_h-0.750_k+2.000_p-0.00750,0.00118354545332,0.00118354545333,4.4408920985e-16,-0.00118354545332,-0.00118354545333,4.4408920985e-16,DIRECT_PAIRED_ENDPOINT_DIFFERENCE,True,False,True,False,False,False,False,INDEPENDENT_CALIBRATION_DECISION_ERROR_ONLY
dlv_pair_0595e655eeffef796d945f6e,calibration_subject_005__hip_knee_coupling_strong,calibration_subject_005,hip_knee_coupling_strong,MISMATCH,knee,POSITIVE_CANONICAL,MINIMUM,0.25,UPPER_EDGE,asym_h-4.500_k+1.750_p-0.01750,asym_h-4.500_k+2.000_p-0.01750,0.00129659352948,0.00141458024731,0.000117986717837,-0.00129659352948,-0.00141458024731,0.000117986717837,DIRECT_PAIRED_ENDPOINT_DIFFERENCE,True,False,True,False,False,False,False,INDEPENDENT_CALIBRATION_DECISION_ERROR_ONLY
dlv_pair_05c6c141f58e87b063465f8f,calibration_subject_001__nonlinear_stiffness_strong,calibration_subject_001,nonlinear_stiffness_strong,MISMATCH,knee,POSITIVE_CANONICAL,INITIAL,1,LOWER_EDGE,asym_h-3.750_k-5.000_p-0.02500,asym_h-3.750_k-4.000_p-0.02500,0.00414401778691,0.00679361633166,0.00264959854475,-0.00414401778691,-0.00679361633166,0.00264959854475,DIRECT_PAIRED_ENDPOINT_DIFFERENCE,True,False,True,False,False,False,False,INDEPENDENT_CALIBRATION_DECISION_ERROR_ONLY
dlv_pair_0716bceff28b5d90884a9dc0,calibration_subject_004__nonlinear_stiffness_strong,calibration_subject_004,nonlinear_stiffness_strong,MISMATCH,knee,POSITIVE_CANONICAL,HALF,0.5,UPPER_EDGE,asym_h+0.000_k+1.500_p+0.02250,asym_h+0.000_k+2.000_p+0.02250,0.00214246151042,0.0037955353165,0.00165307380608,-0.00214246151042,-0.0037955353165,0.00165307380608,DIRECT_PAIRED_ENDPOINT_DIFFERENCE,True,False,True,False,False,False,False,INDEPENDENT_CALIBRATION_DECISION_ERROR_ONLY
dlv_pair_076bebcdbec155672583b516,calibration_subject_003__matched_linear,calibration_subject_003,matched_linear,MATCHED,knee,POSITIVE_CANONICAL,HALF,0.5,UPPER_EDGE,asym_h-0.500_k+1.500_p-0.01250,asym_h-0.500_k+2.000_p-0.01250,0.00237320877437,0.00237320877437,0,-0.00237320877437,-0.00237320877437,0,DIRECT_PAIRED_ENDPOINT_DIFFERENCE,True,False,True,False,False,False,False,INDEPENDENT_CALIBRATION_DECISION_ERROR_ONLY
dlv_pair_082e591118a82b9b886f1797,calibration_subject_004__matched_linear,calibration_subject_004,matched_linear,MATCHED,knee,POSITIVE_CANONICAL,HALF,0.5,UPPER_EDGE,asym_h-3.500_k+1.500_p-0.01000,asym_h-3.500_k+2.000_p-0.01000,0.00236353191615,0.00236353191615,6.66133814775e-16,-0.00236353191615,-0.00236353191615,6.66133814775e-16,DIRECT_PAIRED_ENDPOINT_DIFFERENCE,True,False,True,False,False,False,False,INDEPENDENT_CALIBRATION_DECISION_ERROR_ONLY
