pair_id,case_id,subject_id,scenario_name,calibration_category,assignment_id,assignment_stratum_id,within_stratum_assignment_rank,case_assignment_rule,prediction_used_for_assignment,truth_used_for_assignment,error_used_for_assignment,truth_optimum_used_for_assignment,future_prospective_used_for_assignment,heldout_final_test_used_for_assignment,data_role
dlv_pair_000006b9f8a79d69f2a134ae,calibration_subject_005__matched_linear,calibration_subject_005,matched_linear,MATCHED,INDEPENDENT_ONE_STEP_ASSIGNMENT_V1,hip|MINIMUM|0.25|INTERIOR,1,ONE_PAIR_PER_FROZEN_CASE_PER_STRATUM_BY_SHA256_CASE_PERMUTATION,False,False,False,False,False,False,INDEPENDENT_CALIBRATION_DECISION_ERROR_ONLY
dlv_pair_000045af365e954bc2b0f73c,calibration_subject_004__matched_linear,calibration_subject_004,matched_linear,MATCHED,INDEPENDENT_ONE_STEP_ASSIGNMENT_V1,phase|HALF|0.005|INTERIOR,1,ONE_PAIR_PER_FROZEN_CASE_PER_STRATUM_BY_SHA256_CASE_PERMUTATION,False,False,False,False,False,False,INDEPENDENT_CALIBRATION_DECISION_ERROR_ONLY
dlv_pair_0001081c8581c60034d25557,calibration_subject_005__matched_linear,calibration_subject_005,matched_linear,MATCHED,INDEPENDENT_ONE_STEP_ASSIGNMENT_V1,phase|MINIMUM|0.0025|UPPER_EDGE,1,ONE_PAIR_PER_FROZEN_CASE_PER_STRATUM_BY_SHA256_CASE_PERMUTATION,False,False,False,False,False,False,INDEPENDENT_CALIBRATION_DECISION_ERROR_ONLY
dlv_pair_00019cf4a53fbf4be440df91,calibration_subject_005__matched_linear,calibration_subject_005,matched_linear,MATCHED,INDEPENDENT_ONE_STEP_ASSIGNMENT_V1,hip|INITIAL|1.0|INTERIOR,1,ONE_PAIR_PER_FROZEN_CASE_PER_STRATUM_BY_SHA256_CASE_PERMUTATION,False,False,False,False,False,False,INDEPENDENT_CALIBRATION_DECISION_ERROR_ONLY
dlv_pair_0001aa159b8440e38116209e,calibration_subject_001__matched_linear,calibration_subject_001,matched_linear,MATCHED,INDEPENDENT_ONE_STEP_ASSIGNMENT_V1,knee|INITIAL|1.0|INTERIOR,1,ONE_PAIR_PER_FROZEN_CASE_PER_STRATUM_BY_SHA256_CASE_PERMUTATION,False,False,False,False,False,False,INDEPENDENT_CALIBRATION_DECISION_ERROR_ONLY
dlv_pair_0002c2bd3b8c023d56d971c8,calibration_subject_002__matched_linear,calibration_subject_002,matched_linear,MATCHED,INDEPENDENT_ONE_STEP_ASSIGNMENT_V1,hip|MINIMUM|0.25|INTERIOR,2,ONE_PAIR_PER_FROZEN_CASE_PER_STRATUM_BY_SHA256_CASE_PERMUTATION,False,False,False,False,False,False,INDEPENDENT_CALIBRATION_DECISION_ERROR_ONLY
dlv_pair_0002c70b5d52c25bbd3d03aa,calibration_subject_005__matched_linear,calibration_subject_005,matched_linear,MATCHED,INDEPENDENT_ONE_STEP_ASSIGNMENT_V1,hip|MINIMUM|0.25|LOWER_EDGE,1,ONE_PAIR_PER_FROZEN_CASE_PER_STRATUM_BY_SHA256_CASE_PERMUTATION,False,False,False,False,False,False,INDEPENDENT_CALIBRATION_DECISION_ERROR_ONLY
dlv_pair_000453ae3e7fb394f0969b24,calibration_subject_004__matched_linear,calibration_subject_004,matched_linear,MATCHED,INDEPENDENT_ONE_STEP_ASSIGNMENT_V1,knee|HALF|0.5|INTERIOR,1,ONE_PAIR_PER_FROZEN_CASE_PER_STRATUM_BY_SHA256_CASE_PERMUTATION,False,False,False,False,False,False,INDEPENDENT_CALIBRATION_DECISION_ERROR_ONLY
dlv_pair_0004c49febb111b2e9bb07fa,calibration_subject_006__combined_strong,calibration_subject_006,combined_strong,MISMATCH,INDEPENDENT_ONE_STEP_ASSIGNMENT_V1,hip|HALF|0.5|INTERIOR,1,ONE_PAIR_PER_FROZEN_CASE_PER_STRATUM_BY_SHA256_CASE_PERMUTATION,False,False,False,False,False,False,INDEPENDENT_CALIBRATION_DECISION_ERROR_ONLY
dlv_pair_0005c90608d3de5086a94fa7,calibration_subject_005__hip_knee_coupling_strong,calibration_subject_005,hip_knee_coupling_strong,MISMATCH,INDEPENDENT_ONE_STEP_ASSIGNMENT_V1,knee|MINIMUM|0.25|INTERIOR,1,ONE_PAIR_PER_FROZEN_CASE_PER_STRATUM_BY_SHA256_CASE_PERMUTATION,False,False,False,False,False,False,INDEPENDENT_CALIBRATION_DECISION_ERROR_ONLY
dlv_pair_000642d4ed7ec403aa2df7f7,calibration_subject_006__matched_linear,calibration_subject_006,matched_linear,MATCHED,INDEPENDENT_ONE_STEP_ASSIGNMENT_V1,phase|MINIMUM|0.0025|INTERIOR,1,ONE_PAIR_PER_FROZEN_CASE_PER_STRATUM_BY_SHA256_CASE_PERMUTATION,False,False,False,False,False,False,INDEPENDENT_CALIBRATION_DECISION_ERROR_ONLY
dlv_pair_000649940aacd97d9a4a09bb,calibration_subject_003__matched_linear,calibration_subject_003,matched_linear,MATCHED,INDEPENDENT_ONE_STEP_ASSIGNMENT_V1,hip|HALF|0.5|INTERIOR,2,ONE_PAIR_PER_FROZEN_CASE_PER_STRATUM_BY_SHA256_CASE_PERMUTATION,False,False,False,False,False,False,INDEPENDENT_CALIBRATION_DECISION_ERROR_ONLY
dlv_pair_00075f2e6c465570d20dbfa4,calibration_subject_004__nonlinear_stiffness_strong,calibration_subject_004,nonlinear_stiffness_strong,MISMATCH,INDEPENDENT_ONE_STEP_ASSIGNMENT_V1,hip|HALF|0.5|INTERIOR,3,ONE_PAIR_PER_FROZEN_CASE_PER_STRATUM_BY_SHA256_CASE_PERMUTATION,False,False,False,False,False,False,INDEPENDENT_CALIBRATION_DECISION_ERROR_ONLY
dlv_pair_0007d9a4359c85bfa322d8e5,calibration_subject_005__hip_knee_coupling_strong,calibration_subject_005,hip_knee_coupling_strong,MISMATCH,INDEPENDENT_ONE_STEP_ASSIGNMENT_V1,hip|MINIMUM|0.25|INTERIOR,3,ONE_PAIR_PER_FROZEN_CASE_PER_STRATUM_BY_SHA256_CASE_PERMUTATION,False,False,False,False,False,False,INDEPENDENT_CALIBRATION_DECISION_ERROR_ONLY
dlv_pair_000846dbdf42b4d5401683ce,calibration_subject_003__matched_linear,calibration_subject_003,matched_linear,MATCHED,INDEPENDENT_ONE_STEP_ASSIGNMENT_V1,hip|INITIAL|1.0|INTERIOR,2,ONE_PAIR_PER_FROZEN_CASE_PER_STRATUM_BY_SHA256_CASE_PERMUTATION,False,False,False,False,False,False,INDEPENDENT_CALIBRATION_DECISION_ERROR_ONLY
dlv_pair_0008703ccf4ffc243694551c,calibration_subject_002__hip_knee_coupling_strong,calibration_subject_002,hip_knee_coupling_strong,MISMATCH,INDEPENDENT_ONE_STEP_ASSIGNMENT_V1,phase|INITIAL|0.01|INTERIOR,1,ONE_PAIR_PER_FROZEN_CASE_PER_STRATUM_BY_SHA256_CASE_PERMUTATION,False,False,False,False,False,False,INDEPENDENT_CALIBRATION_DECISION_ERROR_ONLY
dlv_pair_0008d1722a8105961d9aa864,calibration_subject_002__hip_knee_coupling_strong,calibration_subject_002,hip_knee_coupling_strong,MISMATCH,INDEPENDENT_ONE_STEP_ASSIGNMENT_V1,hip|MINIMUM|0.25|INTERIOR,4,ONE_PAIR_PER_FROZEN_CASE_PER_STRATUM_BY_SHA256_CASE_PERMUTATION,False,False,False,False,False,False,INDEPENDENT_CALIBRATION_DECISION_ERROR_ONLY
dlv_pair_00097d643d4fd0153d035a32,calibration_subject_003__matched_linear,calibration_subject_003,matched_linear,MATCHED,INDEPENDENT_ONE_STEP_ASSIGNMENT_V1,knee|MINIMUM|0.25|INTERIOR,2,ONE_PAIR_PER_FROZEN_CASE_PER_STRATUM_BY_SHA256_CASE_PERMUTATION,False,False,False,False,False,False,INDEPENDENT_CALIBRATION_DECISION_ERROR_ONLY
dlv_pair_0009e0ef912c7fe68c7dbac0,calibration_subject_001__matched_linear,calibration_subject_001,matched_linear,MATCHED,INDEPENDENT_ONE_STEP_ASSIGNMENT_V1,phase|INITIAL|0.01|UPPER_EDGE,1,ONE_PAIR_PER_FROZEN_CASE_PER_STRATUM_BY_SHA256_CASE_PERMUTATION,False,False,False,False,False,False,INDEPENDENT_CALIBRATION_DECISION_ERROR_ONLY
dlv_pair_0009fa7776501245a694a460,calibration_subject_005__matched_linear,calibration_subject_005,matched_linear,MATCHED,INDEPENDENT_ONE_STEP_ASSIGNMENT_V1,hip|HALF|0.5|INTERIOR,4,ONE_PAIR_PER_FROZEN_CASE_PER_STRATUM_BY_SHA256_CASE_PERMUTATION,False,False,False,False,False,False,INDEPENDENT_CALIBRATION_DECISION_ERROR_ONLY
dlv_pair_000a7c2910bf523451df6bcb,calibration_subject_004__matched_linear,calibration_subject_004,matched_linear,MATCHED,INDEPENDENT_ONE_STEP_ASSIGNMENT_V1,knee|MINIMUM|0.25|INTERIOR,3,ONE_PAIR_PER_FROZEN_CASE_PER_STRATUM_BY_SHA256_CASE_PERMUTATION,False,False,False,False,False,False,INDEPENDENT_CALIBRATION_DECISION_ERROR_ONLY
dlv_pair_000a98d9e6e7a8b4e36b972c,calibration_subject_003__combined_strong,calibration_subject_003,combined_strong,MISMATCH,INDEPENDENT_ONE_STEP_ASSIGNMENT_V1,knee|INITIAL|1.0|INTERIOR,2,ONE_PAIR_PER_FROZEN_CASE_PER_STRATUM_BY_SHA256_CASE_PERMUTATION,False,False,False,False,False,False,INDEPENDENT_CALIBRATION_DECISION_ERROR_ONLY
dlv_pair_000aad9acfd5e693e3c0cb37,calibration_subject_001__matched_linear,calibration_subject_001,matched_linear,MATCHED,INDEPENDENT_ONE_STEP_ASSIGNMENT_V1,knee|MINIMUM|0.25|INTERIOR,4,ONE_PAIR_PER_FROZEN_CASE_PER_STRATUM_BY_SHA256_CASE_PERMUTATION,False,False,False,False,False,False,INDEPENDENT_CALIBRATION_DECISION_ERROR_ONLY
dlv_pair_000abb7076d134c593a25003,calibration_subject_005__matched_linear,calibration_subject_005,matched_linear,MATCHED,INDEPENDENT_ONE_STEP_ASSIGNMENT_V1,phase|INITIAL|0.01|INTERIOR,2,ONE_PAIR_PER_FROZEN_CASE_PER_STRATUM_BY_SHA256_CASE_PERMUTATION,False,False,False,False,False,False,INDEPENDENT_CALIBRATION_DECISION_ERROR_ONLY
dlv_pair_000b40f0d5e083ac74e139b7,calibration_subject_006__combined_strong,calibration_subject_006,combined_strong,MISMATCH,INDEPENDENT_ONE_STEP_ASSIGNMENT_V1,knee|MINIMUM|0.25|INTERIOR,5,ONE_PAIR_PER_FROZEN_CASE_PER_STRATUM_BY_SHA256_CASE_PERMUTATION,False,False,False,False,False,False,INDEPENDENT_CALIBRATION_DECISION_ERROR_ONLY
dlv_pair_000b8e40370842eef7a49f70,calibration_subject_006__matched_linear,calibration_subject_006,matched_linear,MATCHED,INDEPENDENT_ONE_STEP_ASSIGNMENT_V1,knee|INITIAL|1.0|INTERIOR,3,ONE_PAIR_PER_FROZEN_CASE_PER_STRATUM_BY_SHA256_CASE_PERMUTATION,False,False,False,False,False,False,INDEPENDENT_CALIBRATION_DECISION_ERROR_ONLY
dlv_pair_000c11f9caa2db09611f8919,calibration_subject_005__hip_knee_coupling_strong,calibration_subject_005,hip_knee_coupling_strong,MISMATCH,INDEPENDENT_ONE_STEP_ASSIGNMENT_V1,phase|INITIAL|0.01|INTERIOR,3,ONE_PAIR_PER_FROZEN_CASE_PER_STRATUM_BY_SHA256_CASE_PERMUTATION,False,False,False,False,False,False,INDEPENDENT_CALIBRATION_DECISION_ERROR_ONLY
dlv_pair_000c681055eb4f3785d2084f,calibration_subject_003__matched_linear,calibration_subject_003,matched_linear,MATCHED,INDEPENDENT_ONE_STEP_ASSIGNMENT_V1,phase|HALF|0.005|INTERIOR,2,ONE_PAIR_PER_FROZEN_CASE_PER_STRATUM_BY_SHA256_CASE_PERMUTATION,False,False,False,False,False,False,INDEPENDENT_CALIBRATION_DECISION_ERROR_ONLY
dlv_pair_000c7abb57630c2589d2dac8,calibration_subject_003__combined_strong,calibration_subject_003,combined_strong,MISMATCH,INDEPENDENT_ONE_STEP_ASSIGNMENT_V1,phase|HALF|0.005|INTERIOR,3,ONE_PAIR_PER_FROZEN_CASE_PER_STRATUM_BY_SHA256_CASE_PERMUTATION,False,False,False,False,False,False,INDEPENDENT_CALIBRATION_DECISION_ERROR_ONLY
dlv_pair_000c8496ceeb403de1c12cf1,calibration_subject_005__hip_knee_coupling_strong,calibration_subject_005,hip_knee_coupling_strong,MISMATCH,INDEPENDENT_ONE_STEP_ASSIGNMENT_V1,phase|MINIMUM|0.0025|INTERIOR,2,ONE_PAIR_PER_FROZEN_CASE_PER_STRATUM_BY_SHA256_CASE_PERMUTATION,False,False,False,False,False,False,INDEPENDENT_CALIBRATION_DECISION_ERROR_ONLY
dlv_pair_000e1ef173e2bdbdbd200e8d,calibration_subject_006__combined_strong,calibration_subject_006,combined_strong,MISMATCH,INDEPENDENT_ONE_STEP_ASSIGNMENT_V1,hip|MINIMUM|0.25|INTERIOR,5,ONE_PAIR_PER_FROZEN_CASE_PER_STRATUM_BY_SHA256_CASE_PERMUTATION,False,False,False,False,False,False,INDEPENDENT_CALIBRATION_DECISION_ERROR_ONLY
dlv_pair_000e5f89ed1026532dd87b66,calibration_subject_004__matched_linear,calibration_subject_004,matched_linear,MATCHED,INDEPENDENT_ONE_STEP_ASSIGNMENT_V1,phase|MINIMUM|0.0025|INTERIOR,3,ONE_PAIR_PER_FROZEN_CASE_PER_STRATUM_BY_SHA256_CASE_PERMUTATION,False,False,False,False,False,False,INDEPENDENT_CALIBRATION_DECISION_ERROR_ONLY
dlv_pair_000e6e185d97b21ba43a023f,calibration_subject_001__nonlinear_stiffness_strong,calibration_subject_001,nonlinear_stiffness_strong,MISMATCH,INDEPENDENT_ONE_STEP_ASSIGNMENT_V1,phase|INITIAL|0.01|UPPER_EDGE,2,ONE_PAIR_PER_FROZEN_CASE_PER_STRATUM_BY_SHA256_CASE_PERMUTATION,False,False,False,False,False,False,INDEPENDENT_CALIBRATION_DECISION_ERROR_ONLY
dlv_pair_000ff92276236b1bc4a8f779,calibration_subject_004__nonlinear_stiffness_strong,calibration_subject_004,nonlinear_stiffness_strong,MISMATCH,INDEPENDENT_ONE_STEP_ASSIGNMENT_V1,hip|INITIAL|1.0|INTERIOR,3,ONE_PAIR_PER_FROZEN_CASE_PER_STRATUM_BY_SHA256_CASE_PERMUTATION,False,False,False,False,False,False,INDEPENDENT_CALIBRATION_DECISION_ERROR_ONLY
dlv_pair_00115ba97effd32ba8db0996,calibration_subject_006__combined_strong,calibration_subject_006,combined_strong,MISMATCH,INDEPENDENT_ONE_STEP_ASSIGNMENT_V1,phase|HALF|0.005|INTERIOR,4,ONE_PAIR_PER_FROZEN_CASE_PER_STRATUM_BY_SHA256_CASE_PERMUTATION,False,False,False,False,False,False,INDEPENDENT_CALIBRATION_DECISION_ERROR_ONLY
dlv_pair_001172732ee75469b569ea09,calibration_subject_003__combined_strong,calibration_subject_003,combined_strong,MISMATCH,INDEPENDENT_ONE_STEP_ASSIGNMENT_V1,hip|HALF|0.5|INTERIOR,5,ONE_PAIR_PER_FROZEN_CASE_PER_STRATUM_BY_SHA256_CASE_PERMUTATION,False,False,False,False,False,False,INDEPENDENT_CALIBRATION_DECISION_ERROR_ONLY
dlv_pair_00118fd29c54553f43bfa711,calibration_subject_004__matched_linear,calibration_subject_004,matched_linear,MATCHED,INDEPENDENT_ONE_STEP_ASSIGNMENT_V1,hip|MINIMUM|0.25|INTERIOR,6,ONE_PAIR_PER_FROZEN_CASE_PER_STRATUM_BY_SHA256_CASE_PERMUTATION,False,False,False,False,False,False,INDEPENDENT_CALIBRATION_DECISION_ERROR_ONLY
dlv_pair_0011b4ebd067d971d307b48c,calibration_subject_005__hip_knee_coupling_strong,calibration_subject_005,hip_knee_coupling_strong,MISMATCH,INDEPENDENT_ONE_STEP_ASSIGNMENT_V1,hip|HALF|0.5|INTERIOR,6,ONE_PAIR_PER_FROZEN_CASE_PER_STRATUM_BY_SHA256_CASE_PERMUTATION,False,False,False,False,False,False,INDEPENDENT_CALIBRATION_DECISION_ERROR_ONLY
dlv_pair_0012b0d1d5d8f372619532ac,calibration_subject_005__matched_linear,calibration_subject_005,matched_linear,MATCHED,INDEPENDENT_ONE_STEP_ASSIGNMENT_V1,knee|MINIMUM|0.25|INTERIOR,6,ONE_PAIR_PER_FROZEN_CASE_PER_STRATUM_BY_SHA256_CASE_PERMUTATION,False,False,False,False,False,False,INDEPENDENT_CALIBRATION_DECISION_ERROR_ONLY
dlv_pair_0012e78be01fd534949b39b9,calibration_subject_004__matched_linear,calibration_subject_004,matched_linear,MATCHED,INDEPENDENT_ONE_STEP_ASSIGNMENT_V1,hip|INITIAL|1.0|INTERIOR,4,ONE_PAIR_PER_FROZEN_CASE_PER_STRATUM_BY_SHA256_CASE_PERMUTATION,False,False,False,False,False,False,INDEPENDENT_CALIBRATION_DECISION_ERROR_ONLY
dlv_pair_0013ad59d6db0b54fa018620,calibration_subject_005__matched_linear,calibration_subject_005,matched_linear,MATCHED,INDEPENDENT_ONE_STEP_ASSIGNMENT_V1,knee|HALF|0.5|INTERIOR,2,ONE_PAIR_PER_FROZEN_CASE_PER_STRATUM_BY_SHA256_CASE_PERMUTATION,False,False,False,False,False,False,INDEPENDENT_CALIBRATION_DECISION_ERROR_ONLY
dlv_pair_0014706d4a38ce22d514586e,calibration_subject_004__nonlinear_stiffness_strong,calibration_subject_004,nonlinear_stiffness_strong,MISMATCH,INDEPENDENT_ONE_STEP_ASSIGNMENT_V1,hip|MINIMUM|0.25|INTERIOR,7,ONE_PAIR_PER_FROZEN_CASE_PER_STRATUM_BY_SHA256_CASE_PERMUTATION,False,False,False,False,False,False,INDEPENDENT_CALIBRATION_DECISION_ERROR_ONLY
dlv_pair_00148be7ab91cf38a4ef7ce1,calibration_subject_003__combined_strong,calibration_subject_003,combined_strong,MISMATCH,INDEPENDENT_ONE_STEP_ASSIGNMENT_V1,phase|MINIMUM|0.0025|INTERIOR,4,ONE_PAIR_PER_FROZEN_CASE_PER_STRATUM_BY_SHA256_CASE_PERMUTATION,False,False,False,False,False,False,INDEPENDENT_CALIBRATION_DECISION_ERROR_ONLY
dlv_pair_0014c1b3e9ed44d74d09f93d,calibration_subject_003__matched_linear,calibration_subject_003,matched_linear,MATCHED,INDEPENDENT_ONE_STEP_ASSIGNMENT_V1,hip|MINIMUM|0.25|INTERIOR,8,ONE_PAIR_PER_FROZEN_CASE_PER_STRATUM_BY_SHA256_CASE_PERMUTATION,False,False,False,False,False,False,INDEPENDENT_CALIBRATION_DECISION_ERROR_ONLY
dlv_pair_00150e4c1cca9c8fb7db13ce,calibration_subject_005__matched_linear,calibration_subject_005,matched_linear,MATCHED,INDEPENDENT_ONE_STEP_ASSIGNMENT_V1,hip|INITIAL|1.0|UPPER_EDGE,1,ONE_PAIR_PER_FROZEN_CASE_PER_STRATUM_BY_SHA256_CASE_PERMUTATION,False,False,False,False,False,False,INDEPENDENT_CALIBRATION_DECISION_ERROR_ONLY
dlv_pair_001580ffa04c10c86fca7c13,calibration_subject_001__matched_linear,calibration_subject_001,matched_linear,MATCHED,INDEPENDENT_ONE_STEP_ASSIGNMENT_V1,phase|MINIMUM|0.0025|INTERIOR,5,ONE_PAIR_PER_FROZEN_CASE_PER_STRATUM_BY_SHA256_CASE_PERMUTATION,False,False,False,False,False,False,INDEPENDENT_CALIBRATION_DECISION_ERROR_ONLY
dlv_pair_0015b62a400f165bdc63f003,calibration_subject_003__combined_strong,calibration_subject_003,combined_strong,MISMATCH,INDEPENDENT_ONE_STEP_ASSIGNMENT_V1,knee|MINIMUM|0.25|INTERIOR,7,ONE_PAIR_PER_FROZEN_CASE_PER_STRATUM_BY_SHA256_CASE_PERMUTATION,False,False,False,False,False,False,INDEPENDENT_CALIBRATION_DECISION_ERROR_ONLY
dlv_pair_001691e397f55d5d0a8e68c0,calibration_subject_002__matched_linear,calibration_subject_002,matched_linear,MATCHED,INDEPENDENT_ONE_STEP_ASSIGNMENT_V1,phase|MINIMUM|0.0025|INTERIOR,6,ONE_PAIR_PER_FROZEN_CASE_PER_STRATUM_BY_SHA256_CASE_PERMUTATION,False,False,False,False,False,False,INDEPENDENT_CALIBRATION_DECISION_ERROR_ONLY
dlv_pair_0016bcb3e1eb50547bd0ad02,calibration_subject_006__matched_linear,calibration_subject_006,matched_linear,MATCHED,INDEPENDENT_ONE_STEP_ASSIGNMENT_V1,knee|MINIMUM|0.25|INTERIOR,8,ONE_PAIR_PER_FROZEN_CASE_PER_STRATUM_BY_SHA256_CASE_PERMUTATION,False,False,False,False,False,False,INDEPENDENT_CALIBRATION_DECISION_ERROR_ONLY
dlv_pair_001730bf50bacb398b1d63b8,calibration_subject_002__hip_knee_coupling_strong,calibration_subject_002,hip_knee_coupling_strong,MISMATCH,INDEPENDENT_ONE_STEP_ASSIGNMENT_V1,knee|MINIMUM|0.25|INTERIOR,9,ONE_PAIR_PER_FROZEN_CASE_PER_STRATUM_BY_SHA256_CASE_PERMUTATION,False,False,False,False,False,False,INDEPENDENT_CALIBRATION_DECISION_ERROR_ONLY
dlv_pair_001799ad1eafaf2224b026f9,calibration_subject_004__nonlinear_stiffness_strong,calibration_subject_004,nonlinear_stiffness_strong,MISMATCH,INDEPENDENT_ONE_STEP_ASSIGNMENT_V1,knee|MINIMUM|0.25|INTERIOR,10,ONE_PAIR_PER_FROZEN_CASE_PER_STRATUM_BY_SHA256_CASE_PERMUTATION,False,False,False,False,False,False,INDEPENDENT_CALIBRATION_DECISION_ERROR_ONLY
dlv_pair_00189880976df2cd3d6b3f61,calibration_subject_002__hip_knee_coupling_strong,calibration_subject_002,hip_knee_coupling_strong,MISMATCH,INDEPENDENT_ONE_STEP_ASSIGNMENT_V1,phase|HALF|0.005|INTERIOR,5,ONE_PAIR_PER_FROZEN_CASE_PER_STRATUM_BY_SHA256_CASE_PERMUTATION,False,False,False,False,False,False,INDEPENDENT_CALIBRATION_DECISION_ERROR_ONLY
dlv_pair_0018ec3db6166f3c8ff3fdfc,calibration_subject_002__matched_linear,calibration_subject_002,matched_linear,MATCHED,INDEPENDENT_ONE_STEP_ASSIGNMENT_V1,phase|HALF|0.005|INTERIOR,6,ONE_PAIR_PER_FROZEN_CASE_PER_STRATUM_BY_SHA256_CASE_PERMUTATION,False,False,False,False,False,False,INDEPENDENT_CALIBRATION_DECISION_ERROR_ONLY
dlv_pair_0018fc8da219d19de6467b4b,calibration_subject_001__nonlinear_stiffness_strong,calibration_subject_001,nonlinear_stiffness_strong,MISMATCH,INDEPENDENT_ONE_STEP_ASSIGNMENT_V1,knee|MINIMUM|0.25|INTERIOR,11,ONE_PAIR_PER_FROZEN_CASE_PER_STRATUM_BY_SHA256_CASE_PERMUTATION,False,False,False,False,False,False,INDEPENDENT_CALIBRATION_DECISION_ERROR_ONLY
dlv_pair_001906d19b5de7552c3326a1,calibration_subject_001__matched_linear,calibration_subject_001,matched_linear,MATCHED,INDEPENDENT_ONE_STEP_ASSIGNMENT_V1,hip|MINIMUM|0.25|INTERIOR,9,ONE_PAIR_PER_FROZEN_CASE_PER_STRATUM_BY_SHA256_CASE_PERMUTATION,False,False,False,False,False,False,INDEPENDENT_CALIBRATION_DECISION_ERROR_ONLY
dlv_pair_00191fb932b34acbe9eaa5da,calibration_subject_006__matched_linear,calibration_subject_006,matched_linear,MATCHED,INDEPENDENT_ONE_STEP_ASSIGNMENT_V1,hip|MINIMUM|0.25|INTERIOR,10,ONE_PAIR_PER_FROZEN_CASE_PER_STRATUM_BY_SHA256_CASE_PERMUTATION,False,False,False,False,False,False,INDEPENDENT_CALIBRATION_DECISION_ERROR_ONLY
dlv_pair_00195db687c38480904a40e9,calibration_subject_005__matched_linear,calibration_subject_005,matched_linear,MATCHED,INDEPENDENT_ONE_STEP_ASSIGNMENT_V1,phase|MINIMUM|0.0025|INTERIOR,7,ONE_PAIR_PER_FROZEN_CASE_PER_STRATUM_BY_SHA256_CASE_PERMUTATION,False,False,False,False,False,False,INDEPENDENT_CALIBRATION_DECISION_ERROR_ONLY
dlv_pair_001987d2d595327823014e03,calibration_subject_006__combined_strong,calibration_subject_006,combined_strong,MISMATCH,INDEPENDENT_ONE_STEP_ASSIGNMENT_V1,knee|HALF|0.5|INTERIOR,3,ONE_PAIR_PER_FROZEN_CASE_PER_STRATUM_BY_SHA256_CASE_PERMUTATION,False,False,False,False,False,False,INDEPENDENT_CALIBRATION_DECISION_ERROR_ONLY
dlv_pair_00198b17ed14d0ce774aea69,calibration_subject_001__matched_linear,calibration_subject_001,matched_linear,MATCHED,INDEPENDENT_ONE_STEP_ASSIGNMENT_V1,knee|HALF|0.5|INTERIOR,4,ONE_PAIR_PER_FROZEN_CASE_PER_STRATUM_BY_SHA256_CASE_PERMUTATION,False,False,False,False,False,False,INDEPENDENT_CALIBRATION_DECISION_ERROR_ONLY
dlv_pair_0019d510f5ef8ed9c695e0e6,calibration_subject_001__matched_linear,calibration_subject_001,matched_linear,MATCHED,INDEPENDENT_ONE_STEP_ASSIGNMENT_V1,phase|INITIAL|0.01|INTERIOR,4,ONE_PAIR_PER_FROZEN_CASE_PER_STRATUM_BY_SHA256_CASE_PERMUTATION,False,False,False,False,False,False,INDEPENDENT_CALIBRATION_DECISION_ERROR_ONLY
dlv_pair_001a2b3b458ebed0776db437,calibration_subject_005__matched_linear,calibration_subject_005,matched_linear,MATCHED,INDEPENDENT_ONE_STEP_ASSIGNMENT_V1,knee|INITIAL|1.0|INTERIOR,4,ONE_PAIR_PER_FROZEN_CASE_PER_STRATUM_BY_SHA256_CASE_PERMUTATION,False,False,False,False,False,False,INDEPENDENT_CALIBRATION_DECISION_ERROR_ONLY
dlv_pair_001a3126d1508a1594b4d725,calibration_subject_006__matched_linear,calibration_subject_006,matched_linear,MATCHED,INDEPENDENT_ONE_STEP_ASSIGNMENT_V1,hip|HALF|0.5|INTERIOR,7,ONE_PAIR_PER_FROZEN_CASE_PER_STRATUM_BY_SHA256_CASE_PERMUTATION,False,False,False,False,False,False,INDEPENDENT_CALIBRATION_DECISION_ERROR_ONLY
dlv_pair_001a84cfb800ca2f5d2b8f6b,calibration_subject_002__hip_knee_coupling_strong,calibration_subject_002,hip_knee_coupling_strong,MISMATCH,INDEPENDENT_ONE_STEP_ASSIGNMENT_V1,hip|HALF|0.5|INTERIOR,8,ONE_PAIR_PER_FROZEN_CASE_PER_STRATUM_BY_SHA256_CASE_PERMUTATION,False,False,False,False,False,False,INDEPENDENT_CALIBRATION_DECISION_ERROR_ONLY
dlv_pair_001bf7360a8de7f19564a66f,calibration_subject_005__matched_linear,calibration_subject_005,matched_linear,MATCHED,INDEPENDENT_ONE_STEP_ASSIGNMENT_V1,phase|HALF|0.005|INTERIOR,7,ONE_PAIR_PER_FROZEN_CASE_PER_STRATUM_BY_SHA256_CASE_PERMUTATION,False,False,False,False,False,False,INDEPENDENT_CALIBRATION_DECISION_ERROR_ONLY
dlv_pair_001c055735d42b21832d3c3f,calibration_subject_001__nonlinear_stiffness_strong,calibration_subject_001,nonlinear_stiffness_strong,MISMATCH,INDEPENDENT_ONE_STEP_ASSIGNMENT_V1,hip|MINIMUM|0.25|INTERIOR,11,ONE_PAIR_PER_FROZEN_CASE_PER_STRATUM_BY_SHA256_CASE_PERMUTATION,False,False,False,False,False,False,INDEPENDENT_CALIBRATION_DECISION_ERROR_ONLY
dlv_pair_001c4b8cff8bb8d3d11a850e,calibration_subject_001__matched_linear,calibration_subject_001,matched_linear,MATCHED,INDEPENDENT_ONE_STEP_ASSIGNMENT_V1,hip|INITIAL|1.0|INTERIOR,5,ONE_PAIR_PER_FROZEN_CASE_PER_STRATUM_BY_SHA256_CASE_PERMUTATION,False,False,False,False,False,False,INDEPENDENT_CALIBRATION_DECISION_ERROR_ONLY
dlv_pair_001c5a9c5f6129b6980aa942,calibration_subject_006__combined_strong,calibration_subject_006,combined_strong,MISMATCH,INDEPENDENT_ONE_STEP_ASSIGNMENT_V1,phase|MINIMUM|0.0025|INTERIOR,8,ONE_PAIR_PER_FROZEN_CASE_PER_STRATUM_BY_SHA256_CASE_PERMUTATION,False,False,False,False,False,False,INDEPENDENT_CALIBRATION_DECISION_ERROR_ONLY
dlv_pair_001c7dd824926825f292a9b2,calibration_subject_002__matched_linear,calibration_subject_002,matched_linear,MATCHED,INDEPENDENT_ONE_STEP_ASSIGNMENT_V1,knee|MINIMUM|0.25|INTERIOR,12,ONE_PAIR_PER_FROZEN_CASE_PER_STRATUM_BY_SHA256_CASE_PERMUTATION,False,False,False,False,False,False,INDEPENDENT_CALIBRATION_DECISION_ERROR_ONLY
dlv_pair_001c82c97e3dc622feef4be0,calibration_subject_001__nonlinear_stiffness_strong,calibration_subject_001,nonlinear_stiffness_strong,MISMATCH,INDEPENDENT_ONE_STEP_ASSIGNMENT_V1,hip|HALF|0.5|INTERIOR,9,ONE_PAIR_PER_FROZEN_CASE_PER_STRATUM_BY_SHA256_CASE_PERMUTATION,False,False,False,False,False,False,INDEPENDENT_CALIBRATION_DECISION_ERROR_ONLY
dlv_pair_001d03ae5e07a8b1cdaa11bc,calibration_subject_002__hip_knee_coupling_strong,calibration_subject_002,hip_knee_coupling_strong,MISMATCH,INDEPENDENT_ONE_STEP_ASSIGNMENT_V1,hip|INITIAL|1.0|INTERIOR,6,ONE_PAIR_PER_FROZEN_CASE_PER_STRATUM_BY_SHA256_CASE_PERMUTATION,False,False,False,False,False,False,INDEPENDENT_CALIBRATION_DECISION_ERROR_ONLY
dlv_pair_001dd4c37529660f481dc656,calibration_subject_002__matched_linear,calibration_subject_002,matched_linear,MATCHED,INDEPENDENT_ONE_STEP_ASSIGNMENT_V1,knee|HALF|0.5|INTERIOR,5,ONE_PAIR_PER_FROZEN_CASE_PER_STRATUM_BY_SHA256_CASE_PERMUTATION,False,False,False,False,False,False,INDEPENDENT_CALIBRATION_DECISION_ERROR_ONLY
dlv_pair_001e10b97187e9c71fca6147,calibration_subject_004__nonlinear_stiffness_strong,calibration_subject_004,nonlinear_stiffness_strong,MISMATCH,INDEPENDENT_ONE_STEP_ASSIGNMENT_V1,knee|HALF|0.5|LOWER_EDGE,1,ONE_PAIR_PER_FROZEN_CASE_PER_STRATUM_BY_SHA256_CASE_PERMUTATION,False,False,False,False,False,False,INDEPENDENT_CALIBRATION_DECISION_ERROR_ONLY
dlv_pair_001e49fad8d827e462d3d6c8,calibration_subject_001__nonlinear_stiffness_strong,calibration_subject_001,nonlinear_stiffness_strong,MISMATCH,INDEPENDENT_ONE_STEP_ASSIGNMENT_V1,knee|INITIAL|1.0|INTERIOR,5,ONE_PAIR_PER_FROZEN_CASE_PER_STRATUM_BY_SHA256_CASE_PERMUTATION,False,False,False,False,False,False,INDEPENDENT_CALIBRATION_DECISION_ERROR_ONLY
dlv_pair_001e7b9fecab56343e33eed3,calibration_subject_004__nonlinear_stiffness_strong,calibration_subject_004,nonlinear_stiffness_strong,MISMATCH,INDEPENDENT_ONE_STEP_ASSIGNMENT_V1,knee|INITIAL|1.0|INTERIOR,6,ONE_PAIR_PER_FROZEN_CASE_PER_STRATUM_BY_SHA256_CASE_PERMUTATION,False,False,False,False,False,False,INDEPENDENT_CALIBRATION_DECISION_ERROR_ONLY
dlv_pair_001ec9d46f754ca5c593577b,calibration_subject_006__combined_strong,calibration_subject_006,combined_strong,MISMATCH,INDEPENDENT_ONE_STEP_ASSIGNMENT_V1,hip|INITIAL|1.0|INTERIOR,7,ONE_PAIR_PER_FROZEN_CASE_PER_STRATUM_BY_SHA256_CASE_PERMUTATION,False,False,False,False,False,False,INDEPENDENT_CALIBRATION_DECISION_ERROR_ONLY
dlv_pair_001ed31b443b4367ed1933fd,calibration_subject_002__hip_knee_coupling_strong,calibration_subject_002,hip_knee_coupling_strong,MISMATCH,INDEPENDENT_ONE_STEP_ASSIGNMENT_V1,phase|MINIMUM|0.0025|INTERIOR,9,ONE_PAIR_PER_FROZEN_CASE_PER_STRATUM_BY_SHA256_CASE_PERMUTATION,False,False,False,False,False,False,INDEPENDENT_CALIBRATION_DECISION_ERROR_ONLY
dlv_pair_001fef24d34310a5c4e77ae6,calibration_subject_003__matched_linear,calibration_subject_003,matched_linear,MATCHED,INDEPENDENT_ONE_STEP_ASSIGNMENT_V1,knee|INITIAL|1.0|INTERIOR,7,ONE_PAIR_PER_FROZEN_CASE_PER_STRATUM_BY_SHA256_CASE_PERMUTATION,False,False,False,False,False,False,INDEPENDENT_CALIBRATION_DECISION_ERROR_ONLY
dlv_pair_00203826c5cdc16492ac9319,calibration_subject_004__matched_linear,calibration_subject_004,matched_linear,MATCHED,INDEPENDENT_ONE_STEP_ASSIGNMENT_V1,hip|MINIMUM|0.25|UPPER_EDGE,1,ONE_PAIR_PER_FROZEN_CASE_PER_STRATUM_BY_SHA256_CASE_PERMUTATION,False,False,False,False,False,False,INDEPENDENT_CALIBRATION_DECISION_ERROR_ONLY
dlv_pair_002134eab2ae5259c1ace0f0,calibration_subject_001__nonlinear_stiffness_strong,calibration_subject_001,nonlinear_stiffness_strong,MISMATCH,INDEPENDENT_ONE_STEP_ASSIGNMENT_V1,phase|MINIMUM|0.0025|INTERIOR,10,ONE_PAIR_PER_FROZEN_CASE_PER_STRATUM_BY_SHA256_CASE_PERMUTATION,False,False,False,False,False,False,INDEPENDENT_CALIBRATION_DECISION_ERROR_ONLY
dlv_pair_0022b543d56b9b93b941f786,calibration_subject_006__matched_linear,calibration_subject_006,matched_linear,MATCHED,INDEPENDENT_ONE_STEP_ASSIGNMENT_V1,knee|HALF|0.5|INTERIOR,6,ONE_PAIR_PER_FROZEN_CASE_PER_STRATUM_BY_SHA256_CASE_PERMUTATION,False,False,False,False,False,False,INDEPENDENT_CALIBRATION_DECISION_ERROR_ONLY
dlv_pair_0022ccc4bab8e16630928c7d,calibration_subject_005__hip_knee_coupling_strong,calibration_subject_005,hip_knee_coupling_strong,MISMATCH,INDEPENDENT_ONE_STEP_ASSIGNMENT_V1,hip|INITIAL|1.0|INTERIOR,8,ONE_PAIR_PER_FROZEN_CASE_PER_STRATUM_BY_SHA256_CASE_PERMUTATION,False,False,False,False,False,False,INDEPENDENT_CALIBRATION_DECISION_ERROR_ONLY
dlv_pair_0022f3f7ddfa1c0a8fe0a073,calibration_subject_001__nonlinear_stiffness_strong,calibration_subject_001,nonlinear_stiffness_strong,MISMATCH,INDEPENDENT_ONE_STEP_ASSIGNMENT_V1,phase|HALF|0.005|INTERIOR,8,ONE_PAIR_PER_FROZEN_CASE_PER_STRATUM_BY_SHA256_CASE_PERMUTATION,False,False,False,False,False,False,INDEPENDENT_CALIBRATION_DECISION_ERROR_ONLY
dlv_pair_002341373b24c70a725e874c,calibration_subject_005__hip_knee_coupling_strong,calibration_subject_005,hip_knee_coupling_strong,MISMATCH,INDEPENDENT_ONE_STEP_ASSIGNMENT_V1,knee|INITIAL|1.0|INTERIOR,8,ONE_PAIR_PER_FROZEN_CASE_PER_STRATUM_BY_SHA256_CASE_PERMUTATION,False,False,False,False,False,False,INDEPENDENT_CALIBRATION_DECISION_ERROR_ONLY
dlv_pair_002354f0f9f307634face039,calibration_subject_003__combined_strong,calibration_subject_003,combined_strong,MISMATCH,INDEPENDENT_ONE_STEP_ASSIGNMENT_V1,hip|MINIMUM|0.25|INTERIOR,12,ONE_PAIR_PER_FROZEN_CASE_PER_STRATUM_BY_SHA256_CASE_PERMUTATION,False,False,False,False,False,False,INDEPENDENT_CALIBRATION_DECISION_ERROR_ONLY
dlv_pair_002384897c51013ed271b03f,calibration_subject_002__matched_linear,calibration_subject_002,matched_linear,MATCHED,INDEPENDENT_ONE_STEP_ASSIGNMENT_V1,hip|HALF|0.5|INTERIOR,10,ONE_PAIR_PER_FROZEN_CASE_PER_STRATUM_BY_SHA256_CASE_PERMUTATION,False,False,False,False,False,False,INDEPENDENT_CALIBRATION_DECISION_ERROR_ONLY
dlv_pair_0023ce53605b7832c51a2567,calibration_subject_002__matched_linear,calibration_subject_002,matched_linear,MATCHED,INDEPENDENT_ONE_STEP_ASSIGNMENT_V1,hip|INITIAL|1.0|INTERIOR,9,ONE_PAIR_PER_FROZEN_CASE_PER_STRATUM_BY_SHA256_CASE_PERMUTATION,False,False,False,False,False,False,INDEPENDENT_CALIBRATION_DECISION_ERROR_ONLY
dlv_pair_0024e735b21721e3355c736f,calibration_subject_005__hip_knee_coupling_strong,calibration_subject_005,hip_knee_coupling_strong,MISMATCH,INDEPENDENT_ONE_STEP_ASSIGNMENT_V1,knee|MINIMUM|0.25|LOWER_EDGE,1,ONE_PAIR_PER_FROZEN_CASE_PER_STRATUM_BY_SHA256_CASE_PERMUTATION,False,False,False,False,False,False,INDEPENDENT_CALIBRATION_DECISION_ERROR_ONLY
dlv_pair_002587dc11c9376290061b45,calibration_subject_006__matched_linear,calibration_subject_006,matched_linear,MATCHED,INDEPENDENT_ONE_STEP_ASSIGNMENT_V1,hip|HALF|0.5|LOWER_EDGE,1,ONE_PAIR_PER_FROZEN_CASE_PER_STRATUM_BY_SHA256_CASE_PERMUTATION,False,False,False,False,False,False,INDEPENDENT_CALIBRATION_DECISION_ERROR_ONLY
dlv_pair_0025b10da326881038a16ec8,calibration_subject_001__matched_linear,calibration_subject_001,matched_linear,MATCHED,INDEPENDENT_ONE_STEP_ASSIGNMENT_V1,hip|HALF|0.5|INTERIOR,11,ONE_PAIR_PER_FROZEN_CASE_PER_STRATUM_BY_SHA256_CASE_PERMUTATION,False,False,False,False,False,False,INDEPENDENT_CALIBRATION_DECISION_ERROR_ONLY
dlv_pair_0025f8649b3181841485601a,calibration_subject_004__nonlinear_stiffness_strong,calibration_subject_004,nonlinear_stiffness_strong,MISMATCH,INDEPENDENT_ONE_STEP_ASSIGNMENT_V1,phase|HALF|0.005|INTERIOR,9,ONE_PAIR_PER_FROZEN_CASE_PER_STRATUM_BY_SHA256_CASE_PERMUTATION,False,False,False,False,False,False,INDEPENDENT_CALIBRATION_DECISION_ERROR_ONLY
dlv_pair_0025fe64cfbc76b370cb088a,calibration_subject_004__matched_linear,calibration_subject_004,matched_linear,MATCHED,INDEPENDENT_ONE_STEP_ASSIGNMENT_V1,hip|HALF|0.5|INTERIOR,12,ONE_PAIR_PER_FROZEN_CASE_PER_STRATUM_BY_SHA256_CASE_PERMUTATION,False,False,False,False,False,False,INDEPENDENT_CALIBRATION_DECISION_ERROR_ONLY
dlv_pair_00264835b9d6134a36296bca,calibration_subject_002__hip_knee_coupling_strong,calibration_subject_002,hip_knee_coupling_strong,MISMATCH,INDEPENDENT_ONE_STEP_ASSIGNMENT_V1,knee|INITIAL|1.0|INTERIOR,9,ONE_PAIR_PER_FROZEN_CASE_PER_STRATUM_BY_SHA256_CASE_PERMUTATION,False,False,False,False,False,False,INDEPENDENT_CALIBRATION_DECISION_ERROR_ONLY
dlv_pair_0026529ec885ab543cd8c7f2,calibration_subject_001__nonlinear_stiffness_strong,calibration_subject_001,nonlinear_stiffness_strong,MISMATCH,INDEPENDENT_ONE_STEP_ASSIGNMENT_V1,hip|INITIAL|1.0|LOWER_EDGE,1,ONE_PAIR_PER_FROZEN_CASE_PER_STRATUM_BY_SHA256_CASE_PERMUTATION,False,False,False,False,False,False,INDEPENDENT_CALIBRATION_DECISION_ERROR_ONLY
dlv_pair_002707a68b5a7f4abcdd1239,calibration_subject_003__combined_strong,calibration_subject_003,combined_strong,MISMATCH,INDEPENDENT_ONE_STEP_ASSIGNMENT_V1,knee|HALF|0.5|INTERIOR,7,ONE_PAIR_PER_FROZEN_CASE_PER_STRATUM_BY_SHA256_CASE_PERMUTATION,False,False,False,False,False,False,INDEPENDENT_CALIBRATION_DECISION_ERROR_ONLY
dlv_pair_002781ce7e760a651c139320,calibration_subject_006__combined_strong,calibration_subject_006,combined_strong,MISMATCH,INDEPENDENT_ONE_STEP_ASSIGNMENT_V1,knee|INITIAL|1.0|INTERIOR,10,ONE_PAIR_PER_FROZEN_CASE_PER_STRATUM_BY_SHA256_CASE_PERMUTATION,False,False,False,False,False,False,INDEPENDENT_CALIBRATION_DECISION_ERROR_ONLY
dlv_pair_0027b3e29fc733f6d5ff6b40,calibration_subject_002__matched_linear,calibration_subject_002,matched_linear,MATCHED,INDEPENDENT_ONE_STEP_ASSIGNMENT_V1,knee|INITIAL|1.0|INTERIOR,11,ONE_PAIR_PER_FROZEN_CASE_PER_STRATUM_BY_SHA256_CASE_PERMUTATION,False,False,False,False,False,False,INDEPENDENT_CALIBRATION_DECISION_ERROR_ONLY
dlv_pair_0028223c9c82c621e8224e6f,calibration_subject_004__matched_linear,calibration_subject_004,matched_linear,MATCHED,INDEPENDENT_ONE_STEP_ASSIGNMENT_V1,knee|INITIAL|1.0|INTERIOR,12,ONE_PAIR_PER_FROZEN_CASE_PER_STRATUM_BY_SHA256_CASE_PERMUTATION,False,False,False,False,False,False,INDEPENDENT_CALIBRATION_DECISION_ERROR_ONLY
dlv_pair_0029d923a34b43af199f19d2,calibration_subject_003__matched_linear,calibration_subject_003,matched_linear,MATCHED,INDEPENDENT_ONE_STEP_ASSIGNMENT_V1,phase|MINIMUM|0.0025|INTERIOR,11,ONE_PAIR_PER_FROZEN_CASE_PER_STRATUM_BY_SHA256_CASE_PERMUTATION,False,False,False,False,False,False,INDEPENDENT_CALIBRATION_DECISION_ERROR_ONLY
dlv_pair_002a0890f0a7b2159854a2b3,calibration_subject_004__nonlinear_stiffness_strong,calibration_subject_004,nonlinear_stiffness_strong,MISMATCH,INDEPENDENT_ONE_STEP_ASSIGNMENT_V1,knee|HALF|0.5|INTERIOR,8,ONE_PAIR_PER_FROZEN_CASE_PER_STRATUM_BY_SHA256_CASE_PERMUTATION,False,False,False,False,False,False,INDEPENDENT_CALIBRATION_DECISION_ERROR_ONLY
dlv_pair_002a2a2996d2601dd503357c,calibration_subject_006__matched_linear,calibration_subject_006,matched_linear,MATCHED,INDEPENDENT_ONE_STEP_ASSIGNMENT_V1,hip|INITIAL|1.0|INTERIOR,10,ONE_PAIR_PER_FROZEN_CASE_PER_STRATUM_BY_SHA256_CASE_PERMUTATION,False,False,False,False,False,False,INDEPENDENT_CALIBRATION_DECISION_ERROR_ONLY
dlv_pair_002a9caef29265e7e0ccf02e,calibration_subject_003__matched_linear,calibration_subject_003,matched_linear,MATCHED,INDEPENDENT_ONE_STEP_ASSIGNMENT_V1,phase|INITIAL|0.01|INTERIOR,5,ONE_PAIR_PER_FROZEN_CASE_PER_STRATUM_BY_SHA256_CASE_PERMUTATION,False,False,False,False,False,False,INDEPENDENT_CALIBRATION_DECISION_ERROR_ONLY
dlv_pair_002a9ce146a69f3065f09f82,calibration_subject_004__matched_linear,calibration_subject_004,matched_linear,MATCHED,INDEPENDENT_ONE_STEP_ASSIGNMENT_V1,phase|INITIAL|0.01|INTERIOR,6,ONE_PAIR_PER_FROZEN_CASE_PER_STRATUM_BY_SHA256_CASE_PERMUTATION,False,False,False,False,False,False,INDEPENDENT_CALIBRATION_DECISION_ERROR_ONLY
dlv_pair_002b0dc9208b0cd157e0cad9,calibration_subject_005__hip_knee_coupling_strong,calibration_subject_005,hip_knee_coupling_strong,MISMATCH,INDEPENDENT_ONE_STEP_ASSIGNMENT_V1,phase|HALF|0.005|UPPER_EDGE,1,ONE_PAIR_PER_FROZEN_CASE_PER_STRATUM_BY_SHA256_CASE_PERMUTATION,False,False,False,False,False,False,INDEPENDENT_CALIBRATION_DECISION_ERROR_ONLY
dlv_pair_002c21a1f720ffa22e169ed0,calibration_subject_005__hip_knee_coupling_strong,calibration_subject_005,hip_knee_coupling_strong,MISMATCH,INDEPENDENT_ONE_STEP_ASSIGNMENT_V1,knee|HALF|0.5|INTERIOR,9,ONE_PAIR_PER_FROZEN_CASE_PER_STRATUM_BY_SHA256_CASE_PERMUTATION,False,False,False,False,False,False,INDEPENDENT_CALIBRATION_DECISION_ERROR_ONLY
dlv_pair_002d543b3deeb2235ef4345e,calibration_subject_003__combined_strong,calibration_subject_003,combined_strong,MISMATCH,INDEPENDENT_ONE_STEP_ASSIGNMENT_V1,phase|INITIAL|0.01|INTERIOR,7,ONE_PAIR_PER_FROZEN_CASE_PER_STRATUM_BY_SHA256_CASE_PERMUTATION,False,False,False,False,False,False,INDEPENDENT_CALIBRATION_DECISION_ERROR_ONLY
dlv_pair_002ded23ec87c3cf1d78bff0,calibration_subject_006__matched_linear,calibration_subject_006,matched_linear,MATCHED,INDEPENDENT_ONE_STEP_ASSIGNMENT_V1,phase|HALF|0.005|INTERIOR,10,ONE_PAIR_PER_FROZEN_CASE_PER_STRATUM_BY_SHA256_CASE_PERMUTATION,False,False,False,False,False,False,INDEPENDENT_CALIBRATION_DECISION_ERROR_ONLY
dlv_pair_002f7a33b518a07a6f45dbf5,calibration_subject_004__nonlinear_stiffness_strong,calibration_subject_004,nonlinear_stiffness_strong,MISMATCH,INDEPENDENT_ONE_STEP_ASSIGNMENT_V1,phase|MINIMUM|0.0025|INTERIOR,12,ONE_PAIR_PER_FROZEN_CASE_PER_STRATUM_BY_SHA256_CASE_PERMUTATION,False,False,False,False,False,False,INDEPENDENT_CALIBRATION_DECISION_ERROR_ONLY
dlv_pair_0030109bcd18c27c70fa9b4a,calibration_subject_005__hip_knee_coupling_strong,calibration_subject_005,hip_knee_coupling_strong,MISMATCH,INDEPENDENT_ONE_STEP_ASSIGNMENT_V1,phase|HALF|0.005|INTERIOR,11,ONE_PAIR_PER_FROZEN_CASE_PER_STRATUM_BY_SHA256_CASE_PERMUTATION,False,False,False,False,False,False,INDEPENDENT_CALIBRATION_DECISION_ERROR_ONLY
dlv_pair_003081a15c3f5c3a5ed99865,calibration_subject_001__matched_linear,calibration_subject_001,matched_linear,MATCHED,INDEPENDENT_ONE_STEP_ASSIGNMENT_V1,phase|HALF|0.005|INTERIOR,12,ONE_PAIR_PER_FROZEN_CASE_PER_STRATUM_BY_SHA256_CASE_PERMUTATION,False,False,False,False,False,False,INDEPENDENT_CALIBRATION_DECISION_ERROR_ONLY
dlv_pair_00309a3f4d0617d5b3da6a56,calibration_subject_002__matched_linear,calibration_subject_002,matched_linear,MATCHED,INDEPENDENT_ONE_STEP_ASSIGNMENT_V1,phase|INITIAL|0.01|UPPER_EDGE,3,ONE_PAIR_PER_FROZEN_CASE_PER_STRATUM_BY_SHA256_CASE_PERMUTATION,False,False,False,False,False,False,INDEPENDENT_CALIBRATION_DECISION_ERROR_ONLY
dlv_pair_00310be3f51e1340134ec16d,calibration_subject_003__matched_linear,calibration_subject_003,matched_linear,MATCHED,INDEPENDENT_ONE_STEP_ASSIGNMENT_V1,phase|INITIAL|0.01|UPPER_EDGE,4,ONE_PAIR_PER_FROZEN_CASE_PER_STRATUM_BY_SHA256_CASE_PERMUTATION,False,False,False,False,False,False,INDEPENDENT_CALIBRATION_DECISION_ERROR_ONLY
dlv_pair_00314c49dbce9ddb98d1c480,calibration_subject_002__matched_linear,calibration_subject_002,matched_linear,MATCHED,INDEPENDENT_ONE_STEP_ASSIGNMENT_V1,knee|MINIMUM|0.25|UPPER_EDGE,1,ONE_PAIR_PER_FROZEN_CASE_PER_STRATUM_BY_SHA256_CASE_PERMUTATION,False,False,False,False,False,False,INDEPENDENT_CALIBRATION_DECISION_ERROR_ONLY
dlv_pair_0031dac1be73ead8d6955a80,calibration_subject_003__matched_linear,calibration_subject_003,matched_linear,MATCHED,INDEPENDENT_ONE_STEP_ASSIGNMENT_V1,knee|HALF|0.5|INTERIOR,10,ONE_PAIR_PER_FROZEN_CASE_PER_STRATUM_BY_SHA256_CASE_PERMUTATION,False,False,False,False,False,False,INDEPENDENT_CALIBRATION_DECISION_ERROR_ONLY
dlv_pair_00320f58e51f553f9f3e1558,calibration_subject_003__combined_strong,calibration_subject_003,combined_strong,MISMATCH,INDEPENDENT_ONE_STEP_ASSIGNMENT_V1,phase|INITIAL|0.01|LOWER_EDGE,1,ONE_PAIR_PER_FROZEN_CASE_PER_STRATUM_BY_SHA256_CASE_PERMUTATION,False,False,False,False,False,False,INDEPENDENT_CALIBRATION_DECISION_ERROR_ONLY
dlv_pair_003288819795e077e4d59649,calibration_subject_002__hip_knee_coupling_strong,calibration_subject_002,hip_knee_coupling_strong,MISMATCH,INDEPENDENT_ONE_STEP_ASSIGNMENT_V1,knee|INITIAL|1.0|UPPER_EDGE,1,ONE_PAIR_PER_FROZEN_CASE_PER_STRATUM_BY_SHA256_CASE_PERMUTATION,False,False,False,False,False,False,INDEPENDENT_CALIBRATION_DECISION_ERROR_ONLY
dlv_pair_003378ab24bc0ea52d6dd3a9,calibration_subject_001__nonlinear_stiffness_strong,calibration_subject_001,nonlinear_stiffness_strong,MISMATCH,INDEPENDENT_ONE_STEP_ASSIGNMENT_V1,knee|HALF|0.5|INTERIOR,11,ONE_PAIR_PER_FROZEN_CASE_PER_STRATUM_BY_SHA256_CASE_PERMUTATION,False,False,False,False,False,False,INDEPENDENT_CALIBRATION_DECISION_ERROR_ONLY
dlv_pair_0033a285112cff0386f56c0d,calibration_subject_003__combined_strong,calibration_subject_003,combined_strong,MISMATCH,INDEPENDENT_ONE_STEP_ASSIGNMENT_V1,hip|INITIAL|1.0|INTERIOR,11,ONE_PAIR_PER_FROZEN_CASE_PER_STRATUM_BY_SHA256_CASE_PERMUTATION,False,False,False,False,False,False,INDEPENDENT_CALIBRATION_DECISION_ERROR_ONLY
dlv_pair_0036a6551691e87364896f7c,calibration_subject_004__nonlinear_stiffness_strong,calibration_subject_004,nonlinear_stiffness_strong,MISMATCH,INDEPENDENT_ONE_STEP_ASSIGNMENT_V1,phase|INITIAL|0.01|INTERIOR,8,ONE_PAIR_PER_FROZEN_CASE_PER_STRATUM_BY_SHA256_CASE_PERMUTATION,False,False,False,False,False,False,INDEPENDENT_CALIBRATION_DECISION_ERROR_ONLY
dlv_pair_0039857d4f1c88bb6f4ae8ed,calibration_subject_002__hip_knee_coupling_strong,calibration_subject_002,hip_knee_coupling_strong,MISMATCH,INDEPENDENT_ONE_STEP_ASSIGNMENT_V1,knee|HALF|0.5|INTERIOR,12,ONE_PAIR_PER_FROZEN_CASE_PER_STRATUM_BY_SHA256_CASE_PERMUTATION,False,False,False,False,False,False,INDEPENDENT_CALIBRATION_DECISION_ERROR_ONLY
dlv_pair_00398905c4b193766df5b0f4,calibration_subject_006__combined_strong,calibration_subject_006,combined_strong,MISMATCH,INDEPENDENT_ONE_STEP_ASSIGNMENT_V1,phase|INITIAL|0.01|INTERIOR,9,ONE_PAIR_PER_FROZEN_CASE_PER_STRATUM_BY_SHA256_CASE_PERMUTATION,False,False,False,False,False,False,INDEPENDENT_CALIBRATION_DECISION_ERROR_ONLY
dlv_pair_003994e7a4e6b16e3b1f080b,calibration_subject_002__matched_linear,calibration_subject_002,matched_linear,MATCHED,INDEPENDENT_ONE_STEP_ASSIGNMENT_V1,phase|INITIAL|0.01|INTERIOR,10,ONE_PAIR_PER_FROZEN_CASE_PER_STRATUM_BY_SHA256_CASE_PERMUTATION,False,False,False,False,False,False,INDEPENDENT_CALIBRATION_DECISION_ERROR_ONLY
dlv_pair_0039beea02c02122a809f6db,calibration_subject_001__nonlinear_stiffness_strong,calibration_subject_001,nonlinear_stiffness_strong,MISMATCH,INDEPENDENT_ONE_STEP_ASSIGNMENT_V1,hip|INITIAL|1.0|INTERIOR,12,ONE_PAIR_PER_FROZEN_CASE_PER_STRATUM_BY_SHA256_CASE_PERMUTATION,False,False,False,False,False,False,INDEPENDENT_CALIBRATION_DECISION_ERROR_ONLY
dlv_pair_003b3c141073787f4eeca179,calibration_subject_006__matched_linear,calibration_subject_006,matched_linear,MATCHED,INDEPENDENT_ONE_STEP_ASSIGNMENT_V1,phase|INITIAL|0.01|INTERIOR,11,ONE_PAIR_PER_FROZEN_CASE_PER_STRATUM_BY_SHA256_CASE_PERMUTATION,False,False,False,False,False,False,INDEPENDENT_CALIBRATION_DECISION_ERROR_ONLY
dlv_pair_003f15082fe441e37e0843a2,calibration_subject_002__matched_linear,calibration_subject_002,matched_linear,MATCHED,INDEPENDENT_ONE_STEP_ASSIGNMENT_V1,hip|INITIAL|1.0|UPPER_EDGE,2,ONE_PAIR_PER_FROZEN_CASE_PER_STRATUM_BY_SHA256_CASE_PERMUTATION,False,False,False,False,False,False,INDEPENDENT_CALIBRATION_DECISION_ERROR_ONLY
dlv_pair_003f4bda7d576170800b5f5b,calibration_subject_001__nonlinear_stiffness_strong,calibration_subject_001,nonlinear_stiffness_strong,MISMATCH,INDEPENDENT_ONE_STEP_ASSIGNMENT_V1,phase|INITIAL|0.01|INTERIOR,12,ONE_PAIR_PER_FROZEN_CASE_PER_STRATUM_BY_SHA256_CASE_PERMUTATION,False,False,False,False,False,False,INDEPENDENT_CALIBRATION_DECISION_ERROR_ONLY
dlv_pair_0043c79ce3e9446413f25822,calibration_subject_001__matched_linear,calibration_subject_001,matched_linear,MATCHED,INDEPENDENT_ONE_STEP_ASSIGNMENT_V1,hip|MINIMUM|0.25|UPPER_EDGE,2,ONE_PAIR_PER_FROZEN_CASE_PER_STRATUM_BY_SHA256_CASE_PERMUTATION,False,False,False,False,False,False,INDEPENDENT_CALIBRATION_DECISION_ERROR_ONLY
dlv_pair_00448b0e7ef9dd2d8428e5a5,calibration_subject_001__nonlinear_stiffness_strong,calibration_subject_001,nonlinear_stiffness_strong,MISMATCH,INDEPENDENT_ONE_STEP_ASSIGNMENT_V1,hip|HALF|0.5|UPPER_EDGE,1,ONE_PAIR_PER_FROZEN_CASE_PER_STRATUM_BY_SHA256_CASE_PERMUTATION,False,False,False,False,False,False,INDEPENDENT_CALIBRATION_DECISION_ERROR_ONLY
dlv_pair_00496f527677ac7dd3bdb304,calibration_subject_006__matched_linear,calibration_subject_006,matched_linear,MATCHED,INDEPENDENT_ONE_STEP_ASSIGNMENT_V1,phase|INITIAL|0.01|LOWER_EDGE,2,ONE_PAIR_PER_FROZEN_CASE_PER_STRATUM_BY_SHA256_CASE_PERMUTATION,False,False,False,False,False,False,INDEPENDENT_CALIBRATION_DECISION_ERROR_ONLY
dlv_pair_004d9555ae82e3d8b04ccb10,calibration_subject_003__combined_strong,calibration_subject_003,combined_strong,MISMATCH,INDEPENDENT_ONE_STEP_ASSIGNMENT_V1,phase|MINIMUM|0.0025|UPPER_EDGE,2,ONE_PAIR_PER_FROZEN_CASE_PER_STRATUM_BY_SHA256_CASE_PERMUTATION,False,False,False,False,False,False,INDEPENDENT_CALIBRATION_DECISION_ERROR_ONLY
dlv_pair_0058d34a5234d8ce9c5b19dc,calibration_subject_003__combined_strong,calibration_subject_003,combined_strong,MISMATCH,INDEPENDENT_ONE_STEP_ASSIGNMENT_V1,phase|HALF|0.005|LOWER_EDGE,1,ONE_PAIR_PER_FROZEN_CASE_PER_STRATUM_BY_SHA256_CASE_PERMUTATION,False,False,False,False,False,False,INDEPENDENT_CALIBRATION_DECISION_ERROR_ONLY
dlv_pair_00636a4fb92e7583d4f86528,calibration_subject_006__combined_strong,calibration_subject_006,combined_strong,MISMATCH,INDEPENDENT_ONE_STEP_ASSIGNMENT_V1,phase|INITIAL|0.01|UPPER_EDGE,5,ONE_PAIR_PER_FROZEN_CASE_PER_STRATUM_BY_SHA256_CASE_PERMUTATION,False,False,False,False,False,False,INDEPENDENT_CALIBRATION_DECISION_ERROR_ONLY
dlv_pair_0063d1b5e106da14008377d9,calibration_subject_006__combined_strong,calibration_subject_006,combined_strong,MISMATCH,INDEPENDENT_ONE_STEP_ASSIGNMENT_V1,hip|INITIAL|1.0|LOWER_EDGE,2,ONE_PAIR_PER_FROZEN_CASE_PER_STRATUM_BY_SHA256_CASE_PERMUTATION,False,False,False,False,False,False,INDEPENDENT_CALIBRATION_DECISION_ERROR_ONLY
dlv_pair_006b7c14bb55ca27a352ac54,calibration_subject_004__nonlinear_stiffness_strong,calibration_subject_004,nonlinear_stiffness_strong,MISMATCH,INDEPENDENT_ONE_STEP_ASSIGNMENT_V1,knee|MINIMUM|0.25|UPPER_EDGE,2,ONE_PAIR_PER_FROZEN_CASE_PER_STRATUM_BY_SHA256_CASE_PERMUTATION,False,False,False,False,False,False,INDEPENDENT_CALIBRATION_DECISION_ERROR_ONLY
dlv_pair_006d887e67496d3ff3ff10ee,calibration_subject_002__matched_linear,calibration_subject_002,matched_linear,MATCHED,INDEPENDENT_ONE_STEP_ASSIGNMENT_V1,hip|MINIMUM|0.25|LOWER_EDGE,2,ONE_PAIR_PER_FROZEN_CASE_PER_STRATUM_BY_SHA256_CASE_PERMUTATION,False,False,False,False,False,False,INDEPENDENT_CALIBRATION_DECISION_ERROR_ONLY
dlv_pair_006f3cb86ac92df8725a7811,calibration_subject_005__matched_linear,calibration_subject_005,matched_linear,MATCHED,INDEPENDENT_ONE_STEP_ASSIGNMENT_V1,knee|HALF|0.5|UPPER_EDGE,1,ONE_PAIR_PER_FROZEN_CASE_PER_STRATUM_BY_SHA256_CASE_PERMUTATION,False,False,False,False,False,False,INDEPENDENT_CALIBRATION_DECISION_ERROR_ONLY
dlv_pair_0074f4f3c69a16e98ad030b5,calibration_subject_003__combined_strong,calibration_subject_003,combined_strong,MISMATCH,INDEPENDENT_ONE_STEP_ASSIGNMENT_V1,hip|MINIMUM|0.25|LOWER_EDGE,3,ONE_PAIR_PER_FROZEN_CASE_PER_STRATUM_BY_SHA256_CASE_PERMUTATION,False,False,False,False,False,False,INDEPENDENT_CALIBRATION_DECISION_ERROR_ONLY
dlv_pair_0075018219fc9b26c9c52a1f,calibration_subject_002__hip_knee_coupling_strong,calibration_subject_002,hip_knee_coupling_strong,MISMATCH,INDEPENDENT_ONE_STEP_ASSIGNMENT_V1,knee|HALF|0.5|LOWER_EDGE,2,ONE_PAIR_PER_FROZEN_CASE_PER_STRATUM_BY_SHA256_CASE_PERMUTATION,False,False,False,False,False,False,INDEPENDENT_CALIBRATION_DECISION_ERROR_ONLY
dlv_pair_0077da5f3340ad166e3e7fca,calibration_subject_003__matched_linear,calibration_subject_003,matched_linear,MATCHED,INDEPENDENT_ONE_STEP_ASSIGNMENT_V1,hip|HALF|0.5|UPPER_EDGE,2,ONE_PAIR_PER_FROZEN_CASE_PER_STRATUM_BY_SHA256_CASE_PERMUTATION,False,False,False,False,False,False,INDEPENDENT_CALIBRATION_DECISION_ERROR_ONLY
dlv_pair_007a615d795cf4d54c83be4a,calibration_subject_002__matched_linear,calibration_subject_002,matched_linear,MATCHED,INDEPENDENT_ONE_STEP_ASSIGNMENT_V1,hip|MINIMUM|0.25|UPPER_EDGE,3,ONE_PAIR_PER_FROZEN_CASE_PER_STRATUM_BY_SHA256_CASE_PERMUTATION,False,False,False,False,False,False,INDEPENDENT_CALIBRATION_DECISION_ERROR_ONLY
dlv_pair_007b6f080be9e50803052318,calibration_subject_004__nonlinear_stiffness_strong,calibration_subject_004,nonlinear_stiffness_strong,MISMATCH,INDEPENDENT_ONE_STEP_ASSIGNMENT_V1,hip|HALF|0.5|LOWER_EDGE,2,ONE_PAIR_PER_FROZEN_CASE_PER_STRATUM_BY_SHA256_CASE_PERMUTATION,False,False,False,False,False,False,INDEPENDENT_CALIBRATION_DECISION_ERROR_ONLY
dlv_pair_00823666813eb15b4defdb70,calibration_subject_002__matched_linear,calibration_subject_002,matched_linear,MATCHED,INDEPENDENT_ONE_STEP_ASSIGNMENT_V1,phase|MINIMUM|0.0025|LOWER_EDGE,1,ONE_PAIR_PER_FROZEN_CASE_PER_STRATUM_BY_SHA256_CASE_PERMUTATION,False,False,False,False,False,False,INDEPENDENT_CALIBRATION_DECISION_ERROR_ONLY
dlv_pair_008b4fa50a621faaf9010a20,calibration_subject_002__hip_knee_coupling_strong,calibration_subject_002,hip_knee_coupling_strong,MISMATCH,INDEPENDENT_ONE_STEP_ASSIGNMENT_V1,phase|INITIAL|0.01|UPPER_EDGE,6,ONE_PAIR_PER_FROZEN_CASE_PER_STRATUM_BY_SHA256_CASE_PERMUTATION,False,False,False,False,False,False,INDEPENDENT_CALIBRATION_DECISION_ERROR_ONLY
dlv_pair_008ed35f3af57913f92332eb,calibration_subject_004__nonlinear_stiffness_strong,calibration_subject_004,nonlinear_stiffness_strong,MISMATCH,INDEPENDENT_ONE_STEP_ASSIGNMENT_V1,phase|HALF|0.005|LOWER_EDGE,2,ONE_PAIR_PER_FROZEN_CASE_PER_STRATUM_BY_SHA256_CASE_PERMUTATION,False,False,False,False,False,False,INDEPENDENT_CALIBRATION_DECISION_ERROR_ONLY
dlv_pair_008f2d0ad1c7a2f8e9225a78,calibration_subject_006__matched_linear,calibration_subject_006,matched_linear,MATCHED,INDEPENDENT_ONE_STEP_ASSIGNMENT_V1,knee|INITIAL|1.0|LOWER_EDGE,1,ONE_PAIR_PER_FROZEN_CASE_PER_STRATUM_BY_SHA256_CASE_PERMUTATION,False,False,False,False,False,False,INDEPENDENT_CALIBRATION_DECISION_ERROR_ONLY
dlv_pair_008f68aec3a77596702ba07a,calibration_subject_006__matched_linear,calibration_subject_006,matched_linear,MATCHED,INDEPENDENT_ONE_STEP_ASSIGNMENT_V1,knee|INITIAL|1.0|UPPER_EDGE,2,ONE_PAIR_PER_FROZEN_CASE_PER_STRATUM_BY_SHA256_CASE_PERMUTATION,False,False,False,False,False,False,INDEPENDENT_CALIBRATION_DECISION_ERROR_ONLY
dlv_pair_00916bde4e59f6b269fad33d,calibration_subject_006__combined_strong,calibration_subject_006,combined_strong,MISMATCH,INDEPENDENT_ONE_STEP_ASSIGNMENT_V1,knee|HALF|0.5|UPPER_EDGE,2,ONE_PAIR_PER_FROZEN_CASE_PER_STRATUM_BY_SHA256_CASE_PERMUTATION,False,False,False,False,False,False,INDEPENDENT_CALIBRATION_DECISION_ERROR_ONLY
dlv_pair_0092d1af5038ce4ca48da873,calibration_subject_002__hip_knee_coupling_strong,calibration_subject_002,hip_knee_coupling_strong,MISMATCH,INDEPENDENT_ONE_STEP_ASSIGNMENT_V1,phase|INITIAL|0.01|LOWER_EDGE,3,ONE_PAIR_PER_FROZEN_CASE_PER_STRATUM_BY_SHA256_CASE_PERMUTATION,False,False,False,False,False,False,INDEPENDENT_CALIBRATION_DECISION_ERROR_ONLY
dlv_pair_0094a54fa8311a0796801a95,calibration_subject_001__matched_linear,calibration_subject_001,matched_linear,MATCHED,INDEPENDENT_ONE_STEP_ASSIGNMENT_V1,hip|INITIAL|1.0|UPPER_EDGE,3,ONE_PAIR_PER_FROZEN_CASE_PER_STRATUM_BY_SHA256_CASE_PERMUTATION,False,False,False,False,False,False,INDEPENDENT_CALIBRATION_DECISION_ERROR_ONLY
dlv_pair_00991a50824bd67fd36a6477,calibration_subject_005__matched_linear,calibration_subject_005,matched_linear,MATCHED,INDEPENDENT_ONE_STEP_ASSIGNMENT_V1,knee|MINIMUM|0.25|UPPER_EDGE,3,ONE_PAIR_PER_FROZEN_CASE_PER_STRATUM_BY_SHA256_CASE_PERMUTATION,False,False,False,False,False,False,INDEPENDENT_CALIBRATION_DECISION_ERROR_ONLY
dlv_pair_009b2492995474e079af3c4a,calibration_subject_005__hip_knee_coupling_strong,calibration_subject_005,hip_knee_coupling_strong,MISMATCH,INDEPENDENT_ONE_STEP_ASSIGNMENT_V1,knee|HALF|0.5|UPPER_EDGE,3,ONE_PAIR_PER_FROZEN_CASE_PER_STRATUM_BY_SHA256_CASE_PERMUTATION,False,False,False,False,False,False,INDEPENDENT_CALIBRATION_DECISION_ERROR_ONLY
dlv_pair_00a8539809593371400d5ad1,calibration_subject_004__nonlinear_stiffness_strong,calibration_subject_004,nonlinear_stiffness_strong,MISMATCH,INDEPENDENT_ONE_STEP_ASSIGNMENT_V1,phase|INITIAL|0.01|UPPER_EDGE,7,ONE_PAIR_PER_FROZEN_CASE_PER_STRATUM_BY_SHA256_CASE_PERMUTATION,False,False,False,False,False,False,INDEPENDENT_CALIBRATION_DECISION_ERROR_ONLY
dlv_pair_00ae1ef437722134cf17e2fb,calibration_subject_005__matched_linear,calibration_subject_005,matched_linear,MATCHED,INDEPENDENT_ONE_STEP_ASSIGNMENT_V1,phase|HALF|0.005|LOWER_EDGE,3,ONE_PAIR_PER_FROZEN_CASE_PER_STRATUM_BY_SHA256_CASE_PERMUTATION,False,False,False,False,False,False,INDEPENDENT_CALIBRATION_DECISION_ERROR_ONLY
dlv_pair_00afa297631eef98446728fe,calibration_subject_003__matched_linear,calibration_subject_003,matched_linear,MATCHED,INDEPENDENT_ONE_STEP_ASSIGNMENT_V1,phase|HALF|0.005|UPPER_EDGE,2,ONE_PAIR_PER_FROZEN_CASE_PER_STRATUM_BY_SHA256_CASE_PERMUTATION,False,False,False,False,False,False,INDEPENDENT_CALIBRATION_DECISION_ERROR_ONLY
dlv_pair_00afe453689e75986b3e732a,calibration_subject_004__nonlinear_stiffness_strong,calibration_subject_004,nonlinear_stiffness_strong,MISMATCH,INDEPENDENT_ONE_STEP_ASSIGNMENT_V1,knee|INITIAL|1.0|LOWER_EDGE,2,ONE_PAIR_PER_FROZEN_CASE_PER_STRATUM_BY_SHA256_CASE_PERMUTATION,False,False,False,False,False,False,INDEPENDENT_CALIBRATION_DECISION_ERROR_ONLY
dlv_pair_00ba247f288e264a115f61ce,calibration_subject_004__nonlinear_stiffness_strong,calibration_subject_004,nonlinear_stiffness_strong,MISMATCH,INDEPENDENT_ONE_STEP_ASSIGNMENT_V1,phase|MINIMUM|0.0025|LOWER_EDGE,2,ONE_PAIR_PER_FROZEN_CASE_PER_STRATUM_BY_SHA256_CASE_PERMUTATION,False,False,False,False,False,False,INDEPENDENT_CALIBRATION_DECISION_ERROR_ONLY
dlv_pair_00bcbc3a6a79a05d207cdc19,calibration_subject_001__nonlinear_stiffness_strong,calibration_subject_001,nonlinear_stiffness_strong,MISMATCH,INDEPENDENT_ONE_STEP_ASSIGNMENT_V1,hip|MINIMUM|0.25|LOWER_EDGE,4,ONE_PAIR_PER_FROZEN_CASE_PER_STRATUM_BY_SHA256_CASE_PERMUTATION,False,False,False,False,False,False,INDEPENDENT_CALIBRATION_DECISION_ERROR_ONLY
dlv_pair_00bfb95ac4a44f35c749320f,calibration_subject_004__matched_linear,calibration_subject_004,matched_linear,MATCHED,INDEPENDENT_ONE_STEP_ASSIGNMENT_V1,knee|INITIAL|1.0|LOWER_EDGE,3,ONE_PAIR_PER_FROZEN_CASE_PER_STRATUM_BY_SHA256_CASE_PERMUTATION,False,False,False,False,False,False,INDEPENDENT_CALIBRATION_DECISION_ERROR_ONLY
dlv_pair_00c031e24cb77262b460c7d8,calibration_subject_005__hip_knee_coupling_strong,calibration_subject_005,hip_knee_coupling_strong,MISMATCH,INDEPENDENT_ONE_STEP_ASSIGNMENT_V1,phase|MINIMUM|0.0025|UPPER_EDGE,3,ONE_PAIR_PER_FROZEN_CASE_PER_STRATUM_BY_SHA256_CASE_PERMUTATION,False,False,False,False,False,False,INDEPENDENT_CALIBRATION_DECISION_ERROR_ONLY
dlv_pair_00c0332ff216cd124a9c3c41,calibration_subject_006__combined_strong,calibration_subject_006,combined_strong,MISMATCH,INDEPENDENT_ONE_STEP_ASSIGNMENT_V1,phase|INITIAL|0.01|LOWER_EDGE,4,ONE_PAIR_PER_FROZEN_CASE_PER_STRATUM_BY_SHA256_CASE_PERMUTATION,False,False,False,False,False,False,INDEPENDENT_CALIBRATION_DECISION_ERROR_ONLY
dlv_pair_00c5d78eb9199f90a3db126b,calibration_subject_001__nonlinear_stiffness_strong,calibration_subject_001,nonlinear_stiffness_strong,MISMATCH,INDEPENDENT_ONE_STEP_ASSIGNMENT_V1,knee|MINIMUM|0.25|UPPER_EDGE,4,ONE_PAIR_PER_FROZEN_CASE_PER_STRATUM_BY_SHA256_CASE_PERMUTATION,False,False,False,False,False,False,INDEPENDENT_CALIBRATION_DECISION_ERROR_ONLY
dlv_pair_00cae58979cbfc908dc8c42c,calibration_subject_002__hip_knee_coupling_strong,calibration_subject_002,hip_knee_coupling_strong,MISMATCH,INDEPENDENT_ONE_STEP_ASSIGNMENT_V1,hip|MINIMUM|0.25|LOWER_EDGE,5,ONE_PAIR_PER_FROZEN_CASE_PER_STRATUM_BY_SHA256_CASE_PERMUTATION,False,False,False,False,False,False,INDEPENDENT_CALIBRATION_DECISION_ERROR_ONLY
dlv_pair_00d00b09cb7f179ce7afa2c7,calibration_subject_006__combined_strong,calibration_subject_006,combined_strong,MISMATCH,INDEPENDENT_ONE_STEP_ASSIGNMENT_V1,hip|MINIMUM|0.25|LOWER_EDGE,6,ONE_PAIR_PER_FROZEN_CASE_PER_STRATUM_BY_SHA256_CASE_PERMUTATION,False,False,False,False,False,False,INDEPENDENT_CALIBRATION_DECISION_ERROR_ONLY
dlv_pair_00d3ed76adfb63b748c42e44,calibration_subject_004__nonlinear_stiffness_strong,calibration_subject_004,nonlinear_stiffness_strong,MISMATCH,INDEPENDENT_ONE_STEP_ASSIGNMENT_V1,phase|MINIMUM|0.0025|UPPER_EDGE,4,ONE_PAIR_PER_FROZEN_CASE_PER_STRATUM_BY_SHA256_CASE_PERMUTATION,False,False,False,False,False,False,INDEPENDENT_CALIBRATION_DECISION_ERROR_ONLY
dlv_pair_00d5935b8c3393181594ad0a,calibration_subject_004__matched_linear,calibration_subject_004,matched_linear,MATCHED,INDEPENDENT_ONE_STEP_ASSIGNMENT_V1,phase|INITIAL|0.01|UPPER_EDGE,8,ONE_PAIR_PER_FROZEN_CASE_PER_STRATUM_BY_SHA256_CASE_PERMUTATION,False,False,False,False,False,False,INDEPENDENT_CALIBRATION_DECISION_ERROR_ONLY
dlv_pair_00d7d67d4494d300c2807f0b,calibration_subject_006__matched_linear,calibration_subject_006,matched_linear,MATCHED,INDEPENDENT_ONE_STEP_ASSIGNMENT_V1,knee|HALF|0.5|UPPER_EDGE,4,ONE_PAIR_PER_FROZEN_CASE_PER_STRATUM_BY_SHA256_CASE_PERMUTATION,False,False,False,False,False,False,INDEPENDENT_CALIBRATION_DECISION_ERROR_ONLY
dlv_pair_00d840f66133040dec5216f9,calibration_subject_006__matched_linear,calibration_subject_006,matched_linear,MATCHED,INDEPENDENT_ONE_STEP_ASSIGNMENT_V1,phase|MINIMUM|0.0025|LOWER_EDGE,3,ONE_PAIR_PER_FROZEN_CASE_PER_STRATUM_BY_SHA256_CASE_PERMUTATION,False,False,False,False,False,False,INDEPENDENT_CALIBRATION_DECISION_ERROR_ONLY
dlv_pair_00dcd2e808c98339ba715a92,calibration_subject_005__hip_knee_coupling_strong,calibration_subject_005,hip_knee_coupling_strong,MISMATCH,INDEPENDENT_ONE_STEP_ASSIGNMENT_V1,phase|INITIAL|0.01|UPPER_EDGE,9,ONE_PAIR_PER_FROZEN_CASE_PER_STRATUM_BY_SHA256_CASE_PERMUTATION,False,False,False,False,False,False,INDEPENDENT_CALIBRATION_DECISION_ERROR_ONLY
dlv_pair_00dd4803d4b130acb0337d99,calibration_subject_003__matched_linear,calibration_subject_003,matched_linear,MATCHED,INDEPENDENT_ONE_STEP_ASSIGNMENT_V1,hip|INITIAL|1.0|LOWER_EDGE,3,ONE_PAIR_PER_FROZEN_CASE_PER_STRATUM_BY_SHA256_CASE_PERMUTATION,False,False,False,False,False,False,INDEPENDENT_CALIBRATION_DECISION_ERROR_ONLY
dlv_pair_00e25361a2782a5167ac139d,calibration_subject_006__combined_strong,calibration_subject_006,combined_strong,MISMATCH,INDEPENDENT_ONE_STEP_ASSIGNMENT_V1,phase|MINIMUM|0.0025|UPPER_EDGE,5,ONE_PAIR_PER_FROZEN_CASE_PER_STRATUM_BY_SHA256_CASE_PERMUTATION,False,False,False,False,False,False,INDEPENDENT_CALIBRATION_DECISION_ERROR_ONLY
dlv_pair_00ea1d22ad062b859e5c00bd,calibration_subject_006__combined_strong,calibration_subject_006,combined_strong,MISMATCH,INDEPENDENT_ONE_STEP_ASSIGNMENT_V1,phase|HALF|0.005|LOWER_EDGE,4,ONE_PAIR_PER_FROZEN_CASE_PER_STRATUM_BY_SHA256_CASE_PERMUTATION,False,False,False,False,False,False,INDEPENDENT_CALIBRATION_DECISION_ERROR_ONLY
dlv_pair_00eab6262edc32880f770851,calibration_subject_006__matched_linear,calibration_subject_006,matched_linear,MATCHED,INDEPENDENT_ONE_STEP_ASSIGNMENT_V1,knee|HALF|0.5|LOWER_EDGE,3,ONE_PAIR_PER_FROZEN_CASE_PER_STRATUM_BY_SHA256_CASE_PERMUTATION,False,False,False,False,False,False,INDEPENDENT_CALIBRATION_DECISION_ERROR_ONLY
dlv_pair_00f88bebc2053318cf526229,calibration_subject_002__matched_linear,calibration_subject_002,matched_linear,MATCHED,INDEPENDENT_ONE_STEP_ASSIGNMENT_V1,phase|HALF|0.005|LOWER_EDGE,5,ONE_PAIR_PER_FROZEN_CASE_PER_STRATUM_BY_SHA256_CASE_PERMUTATION,False,False,False,False,False,False,INDEPENDENT_CALIBRATION_DECISION_ERROR_ONLY
dlv_pair_00fd8e489a0fa2664d22ea1f,calibration_subject_001__nonlinear_stiffness_strong,calibration_subject_001,nonlinear_stiffness_strong,MISMATCH,INDEPENDENT_ONE_STEP_ASSIGNMENT_V1,phase|INITIAL|0.01|LOWER_EDGE,5,ONE_PAIR_PER_FROZEN_CASE_PER_STRATUM_BY_SHA256_CASE_PERMUTATION,False,False,False,False,False,False,INDEPENDENT_CALIBRATION_DECISION_ERROR_ONLY
dlv_pair_00ffab62491daeb67c61e878,calibration_subject_005__matched_linear,calibration_subject_005,matched_linear,MATCHED,INDEPENDENT_ONE_STEP_ASSIGNMENT_V1,phase|INITIAL|0.01|UPPER_EDGE,10,ONE_PAIR_PER_FROZEN_CASE_PER_STRATUM_BY_SHA256_CASE_PERMUTATION,False,False,False,False,False,False,INDEPENDENT_CALIBRATION_DECISION_ERROR_ONLY
dlv_pair_0100ce085994e11a31c2c510,calibration_subject_006__matched_linear,calibration_subject_006,matched_linear,MATCHED,INDEPENDENT_ONE_STEP_ASSIGNMENT_V1,phase|INITIAL|0.01|UPPER_EDGE,11,ONE_PAIR_PER_FROZEN_CASE_PER_STRATUM_BY_SHA256_CASE_PERMUTATION,False,False,False,False,False,False,INDEPENDENT_CALIBRATION_DECISION_ERROR_ONLY
dlv_pair_01022e481d043c0dc165a281,calibration_subject_002__matched_linear,calibration_subject_002,matched_linear,MATCHED,INDEPENDENT_ONE_STEP_ASSIGNMENT_V1,hip|INITIAL|1.0|LOWER_EDGE,4,ONE_PAIR_PER_FROZEN_CASE_PER_STRATUM_BY_SHA256_CASE_PERMUTATION,False,False,False,False,False,False,INDEPENDENT_CALIBRATION_DECISION_ERROR_ONLY
dlv_pair_010c2735f3f26e8210c4e41c,calibration_subject_005__matched_linear,calibration_subject_005,matched_linear,MATCHED,INDEPENDENT_ONE_STEP_ASSIGNMENT_V1,hip|HALF|0.5|UPPER_EDGE,3,ONE_PAIR_PER_FROZEN_CASE_PER_STRATUM_BY_SHA256_CASE_PERMUTATION,False,False,False,False,False,False,INDEPENDENT_CALIBRATION_DECISION_ERROR_ONLY
dlv_pair_010eb38898727ee0537df897,calibration_subject_001__matched_linear,calibration_subject_001,matched_linear,MATCHED,INDEPENDENT_ONE_STEP_ASSIGNMENT_V1,hip|INITIAL|1.0|LOWER_EDGE,5,ONE_PAIR_PER_FROZEN_CASE_PER_STRATUM_BY_SHA256_CASE_PERMUTATION,False,False,False,False,False,False,INDEPENDENT_CALIBRATION_DECISION_ERROR_ONLY
dlv_pair_010f3993049d143a2fa871c0,calibration_subject_005__hip_knee_coupling_strong,calibration_subject_005,hip_knee_coupling_strong,MISMATCH,INDEPENDENT_ONE_STEP_ASSIGNMENT_V1,knee|INITIAL|1.0|LOWER_EDGE,4,ONE_PAIR_PER_FROZEN_CASE_PER_STRATUM_BY_SHA256_CASE_PERMUTATION,False,False,False,False,False,False,INDEPENDENT_CALIBRATION_DECISION_ERROR_ONLY
dlv_pair_0119be2b6c3d63127fc30309,calibration_subject_004__matched_linear,calibration_subject_004,matched_linear,MATCHED,INDEPENDENT_ONE_STEP_ASSIGNMENT_V1,phase|MINIMUM|0.0025|LOWER_EDGE,4,ONE_PAIR_PER_FROZEN_CASE_PER_STRATUM_BY_SHA256_CASE_PERMUTATION,False,False,False,False,False,False,INDEPENDENT_CALIBRATION_DECISION_ERROR_ONLY
dlv_pair_011b62c3cb030fbaa3f38401,calibration_subject_006__combined_strong,calibration_subject_006,combined_strong,MISMATCH,INDEPENDENT_ONE_STEP_ASSIGNMENT_V1,knee|INITIAL|1.0|LOWER_EDGE,5,ONE_PAIR_PER_FROZEN_CASE_PER_STRATUM_BY_SHA256_CASE_PERMUTATION,False,False,False,False,False,False,INDEPENDENT_CALIBRATION_DECISION_ERROR_ONLY
dlv_pair_011ce102ce5ca7e2b9a1c05f,calibration_subject_002__hip_knee_coupling_strong,calibration_subject_002,hip_knee_coupling_strong,MISMATCH,INDEPENDENT_ONE_STEP_ASSIGNMENT_V1,knee|INITIAL|1.0|LOWER_EDGE,6,ONE_PAIR_PER_FROZEN_CASE_PER_STRATUM_BY_SHA256_CASE_PERMUTATION,False,False,False,False,False,False,INDEPENDENT_CALIBRATION_DECISION_ERROR_ONLY
dlv_pair_011f69ed957f70c5bed7c5c6,calibration_subject_003__matched_linear,calibration_subject_003,matched_linear,MATCHED,INDEPENDENT_ONE_STEP_ASSIGNMENT_V1,knee|MINIMUM|0.25|LOWER_EDGE,2,ONE_PAIR_PER_FROZEN_CASE_PER_STRATUM_BY_SHA256_CASE_PERMUTATION,False,False,False,False,False,False,INDEPENDENT_CALIBRATION_DECISION_ERROR_ONLY
dlv_pair_0122d0bf97b6bfe2e7488526,calibration_subject_006__combined_strong,calibration_subject_006,combined_strong,MISMATCH,INDEPENDENT_ONE_STEP_ASSIGNMENT_V1,knee|INITIAL|1.0|UPPER_EDGE,3,ONE_PAIR_PER_FROZEN_CASE_PER_STRATUM_BY_SHA256_CASE_PERMUTATION,False,False,False,False,False,False,INDEPENDENT_CALIBRATION_DECISION_ERROR_ONLY
dlv_pair_012a022f2fa8a2164511649f,calibration_subject_001__matched_linear,calibration_subject_001,matched_linear,MATCHED,INDEPENDENT_ONE_STEP_ASSIGNMENT_V1,knee|INITIAL|1.0|UPPER_EDGE,4,ONE_PAIR_PER_FROZEN_CASE_PER_STRATUM_BY_SHA256_CASE_PERMUTATION,False,False,False,False,False,False,INDEPENDENT_CALIBRATION_DECISION_ERROR_ONLY
dlv_pair_012b122e6eec62928bb259de,calibration_subject_001__nonlinear_stiffness_strong,calibration_subject_001,nonlinear_stiffness_strong,MISMATCH,INDEPENDENT_ONE_STEP_ASSIGNMENT_V1,knee|HALF|0.5|UPPER_EDGE,5,ONE_PAIR_PER_FROZEN_CASE_PER_STRATUM_BY_SHA256_CASE_PERMUTATION,False,False,False,False,False,False,INDEPENDENT_CALIBRATION_DECISION_ERROR_ONLY
dlv_pair_013630cef56ddf57b01ec3b3,calibration_subject_001__matched_linear,calibration_subject_001,matched_linear,MATCHED,INDEPENDENT_ONE_STEP_ASSIGNMENT_V1,phase|MINIMUM|0.0025|UPPER_EDGE,6,ONE_PAIR_PER_FROZEN_CASE_PER_STRATUM_BY_SHA256_CASE_PERMUTATION,False,False,False,False,False,False,INDEPENDENT_CALIBRATION_DECISION_ERROR_ONLY
dlv_pair_013f1396ebb1db15218895c0,calibration_subject_003__combined_strong,calibration_subject_003,combined_strong,MISMATCH,INDEPENDENT_ONE_STEP_ASSIGNMENT_V1,phase|INITIAL|0.01|UPPER_EDGE,12,ONE_PAIR_PER_FROZEN_CASE_PER_STRATUM_BY_SHA256_CASE_PERMUTATION,False,False,False,False,False,False,INDEPENDENT_CALIBRATION_DECISION_ERROR_ONLY
dlv_pair_0140a876ebeb5cf43ad7b855,calibration_subject_006__combined_strong,calibration_subject_006,combined_strong,MISMATCH,INDEPENDENT_ONE_STEP_ASSIGNMENT_V1,knee|HALF|0.5|LOWER_EDGE,4,ONE_PAIR_PER_FROZEN_CASE_PER_STRATUM_BY_SHA256_CASE_PERMUTATION,False,False,False,False,False,False,INDEPENDENT_CALIBRATION_DECISION_ERROR_ONLY
dlv_pair_014507ad7f59f9e5a195cccc,calibration_subject_003__matched_linear,calibration_subject_003,matched_linear,MATCHED,INDEPENDENT_ONE_STEP_ASSIGNMENT_V1,phase|INITIAL|0.01|LOWER_EDGE,6,ONE_PAIR_PER_FROZEN_CASE_PER_STRATUM_BY_SHA256_CASE_PERMUTATION,False,False,False,False,False,False,INDEPENDENT_CALIBRATION_DECISION_ERROR_ONLY
dlv_pair_01594228842d25543a081ccb,calibration_subject_004__nonlinear_stiffness_strong,calibration_subject_004,nonlinear_stiffness_strong,MISMATCH,INDEPENDENT_ONE_STEP_ASSIGNMENT_V1,hip|INITIAL|1.0|LOWER_EDGE,6,ONE_PAIR_PER_FROZEN_CASE_PER_STRATUM_BY_SHA256_CASE_PERMUTATION,False,False,False,False,False,False,INDEPENDENT_CALIBRATION_DECISION_ERROR_ONLY
dlv_pair_015a4f2993ed918b187f4347,calibration_subject_004__nonlinear_stiffness_strong,calibration_subject_004,nonlinear_stiffness_strong,MISMATCH,INDEPENDENT_ONE_STEP_ASSIGNMENT_V1,phase|INITIAL|0.01|LOWER_EDGE,7,ONE_PAIR_PER_FROZEN_CASE_PER_STRATUM_BY_SHA256_CASE_PERMUTATION,False,False,False,False,False,False,INDEPENDENT_CALIBRATION_DECISION_ERROR_ONLY
dlv_pair_015fe86d5b28d9d9542e1235,calibration_subject_001__matched_linear,calibration_subject_001,matched_linear,MATCHED,INDEPENDENT_ONE_STEP_ASSIGNMENT_V1,phase|HALF|0.005|UPPER_EDGE,3,ONE_PAIR_PER_FROZEN_CASE_PER_STRATUM_BY_SHA256_CASE_PERMUTATION,False,False,False,False,False,False,INDEPENDENT_CALIBRATION_DECISION_ERROR_ONLY
dlv_pair_017576ae7f7f12699afa8197,calibration_subject_005__matched_linear,calibration_subject_005,matched_linear,MATCHED,INDEPENDENT_ONE_STEP_ASSIGNMENT_V1,phase|MINIMUM|0.0025|LOWER_EDGE,5,ONE_PAIR_PER_FROZEN_CASE_PER_STRATUM_BY_SHA256_CASE_PERMUTATION,False,False,False,False,False,False,INDEPENDENT_CALIBRATION_DECISION_ERROR_ONLY
dlv_pair_0181a86794f9552af62d40cd,calibration_subject_001__matched_linear,calibration_subject_001,matched_linear,MATCHED,INDEPENDENT_ONE_STEP_ASSIGNMENT_V1,knee|MINIMUM|0.25|LOWER_EDGE,3,ONE_PAIR_PER_FROZEN_CASE_PER_STRATUM_BY_SHA256_CASE_PERMUTATION,False,False,False,False,False,False,INDEPENDENT_CALIBRATION_DECISION_ERROR_ONLY
dlv_pair_0190cac7b08135bbb722a185,calibration_subject_001__nonlinear_stiffness_strong,calibration_subject_001,nonlinear_stiffness_strong,MISMATCH,INDEPENDENT_ONE_STEP_ASSIGNMENT_V1,hip|MINIMUM|0.25|UPPER_EDGE,4,ONE_PAIR_PER_FROZEN_CASE_PER_STRATUM_BY_SHA256_CASE_PERMUTATION,False,False,False,False,False,False,INDEPENDENT_CALIBRATION_DECISION_ERROR_ONLY
dlv_pair_019216186a51c75e80c00a95,calibration_subject_003__combined_strong,calibration_subject_003,combined_strong,MISMATCH,INDEPENDENT_ONE_STEP_ASSIGNMENT_V1,knee|MINIMUM|0.25|UPPER_EDGE,5,ONE_PAIR_PER_FROZEN_CASE_PER_STRATUM_BY_SHA256_CASE_PERMUTATION,False,False,False,False,False,False,INDEPENDENT_CALIBRATION_DECISION_ERROR_ONLY
dlv_pair_0192bb1b7aae07abe3534ff7,calibration_subject_001__matched_linear,calibration_subject_001,matched_linear,MATCHED,INDEPENDENT_ONE_STEP_ASSIGNMENT_V1,hip|HALF|0.5|UPPER_EDGE,4,ONE_PAIR_PER_FROZEN_CASE_PER_STRATUM_BY_SHA256_CASE_PERMUTATION,False,False,False,False,False,False,INDEPENDENT_CALIBRATION_DECISION_ERROR_ONLY
dlv_pair_0195d567153a58498cfd9d3b,calibration_subject_002__hip_knee_coupling_strong,calibration_subject_002,hip_knee_coupling_strong,MISMATCH,INDEPENDENT_ONE_STEP_ASSIGNMENT_V1,phase|HALF|0.005|LOWER_EDGE,6,ONE_PAIR_PER_FROZEN_CASE_PER_STRATUM_BY_SHA256_CASE_PERMUTATION,False,False,False,False,False,False,INDEPENDENT_CALIBRATION_DECISION_ERROR_ONLY
dlv_pair_019801c8da24f3d032872e9a,calibration_subject_005__hip_knee_coupling_strong,calibration_subject_005,hip_knee_coupling_strong,MISMATCH,INDEPENDENT_ONE_STEP_ASSIGNMENT_V1,phase|INITIAL|0.01|LOWER_EDGE,8,ONE_PAIR_PER_FROZEN_CASE_PER_STRATUM_BY_SHA256_CASE_PERMUTATION,False,False,False,False,False,False,INDEPENDENT_CALIBRATION_DECISION_ERROR_ONLY
dlv_pair_019cf1eacec08aaf82c9187d,calibration_subject_001__nonlinear_stiffness_strong,calibration_subject_001,nonlinear_stiffness_strong,MISMATCH,INDEPENDENT_ONE_STEP_ASSIGNMENT_V1,knee|MINIMUM|0.25|LOWER_EDGE,4,ONE_PAIR_PER_FROZEN_CASE_PER_STRATUM_BY_SHA256_CASE_PERMUTATION,False,False,False,False,False,False,INDEPENDENT_CALIBRATION_DECISION_ERROR_ONLY
dlv_pair_019d72ed06224105a574824e,calibration_subject_006__matched_linear,calibration_subject_006,matched_linear,MATCHED,INDEPENDENT_ONE_STEP_ASSIGNMENT_V1,hip|HALF|0.5|UPPER_EDGE,5,ONE_PAIR_PER_FROZEN_CASE_PER_STRATUM_BY_SHA256_CASE_PERMUTATION,False,False,False,False,False,False,INDEPENDENT_CALIBRATION_DECISION_ERROR_ONLY
dlv_pair_01bb55553acd2885c4486624,calibration_subject_002__matched_linear,calibration_subject_002,matched_linear,MATCHED,INDEPENDENT_ONE_STEP_ASSIGNMENT_V1,knee|INITIAL|1.0|LOWER_EDGE,7,ONE_PAIR_PER_FROZEN_CASE_PER_STRATUM_BY_SHA256_CASE_PERMUTATION,False,False,False,False,False,False,INDEPENDENT_CALIBRATION_DECISION_ERROR_ONLY
dlv_pair_01bbeb06e5117a388a465422,calibration_subject_005__hip_knee_coupling_strong,calibration_subject_005,hip_knee_coupling_strong,MISMATCH,INDEPENDENT_ONE_STEP_ASSIGNMENT_V1,hip|INITIAL|1.0|UPPER_EDGE,4,ONE_PAIR_PER_FROZEN_CASE_PER_STRATUM_BY_SHA256_CASE_PERMUTATION,False,False,False,False,False,False,INDEPENDENT_CALIBRATION_DECISION_ERROR_ONLY
dlv_pair_01c00dc29d51c377b81d7069,calibration_subject_004__matched_linear,calibration_subject_004,matched_linear,MATCHED,INDEPENDENT_ONE_STEP_ASSIGNMENT_V1,phase|HALF|0.005|UPPER_EDGE,4,ONE_PAIR_PER_FROZEN_CASE_PER_STRATUM_BY_SHA256_CASE_PERMUTATION,False,False,False,False,False,False,INDEPENDENT_CALIBRATION_DECISION_ERROR_ONLY
dlv_pair_01c44bfe3e91d6fda1c3ce10,calibration_subject_006__combined_strong,calibration_subject_006,combined_strong,MISMATCH,INDEPENDENT_ONE_STEP_ASSIGNMENT_V1,phase|MINIMUM|0.0025|LOWER_EDGE,6,ONE_PAIR_PER_FROZEN_CASE_PER_STRATUM_BY_SHA256_CASE_PERMUTATION,False,False,False,False,False,False,INDEPENDENT_CALIBRATION_DECISION_ERROR_ONLY
dlv_pair_01d533713eba349d73f5478f,calibration_subject_002__matched_linear,calibration_subject_002,matched_linear,MATCHED,INDEPENDENT_ONE_STEP_ASSIGNMENT_V1,hip|HALF|0.5|LOWER_EDGE,3,ONE_PAIR_PER_FROZEN_CASE_PER_STRATUM_BY_SHA256_CASE_PERMUTATION,False,False,False,False,False,False,INDEPENDENT_CALIBRATION_DECISION_ERROR_ONLY
dlv_pair_01d6194e443cb11a4f8ca262,calibration_subject_004__matched_linear,calibration_subject_004,matched_linear,MATCHED,INDEPENDENT_ONE_STEP_ASSIGNMENT_V1,knee|HALF|0.5|LOWER_EDGE,5,ONE_PAIR_PER_FROZEN_CASE_PER_STRATUM_BY_SHA256_CASE_PERMUTATION,False,False,False,False,False,False,INDEPENDENT_CALIBRATION_DECISION_ERROR_ONLY
dlv_pair_01e96b2f4ee8197bdc3d0853,calibration_subject_005__matched_linear,calibration_subject_005,matched_linear,MATCHED,INDEPENDENT_ONE_STEP_ASSIGNMENT_V1,knee|INITIAL|1.0|UPPER_EDGE,5,ONE_PAIR_PER_FROZEN_CASE_PER_STRATUM_BY_SHA256_CASE_PERMUTATION,False,False,False,False,False,False,INDEPENDENT_CALIBRATION_DECISION_ERROR_ONLY
dlv_pair_01ed05e42c762d657014d5a3,calibration_subject_001__nonlinear_stiffness_strong,calibration_subject_001,nonlinear_stiffness_strong,MISMATCH,INDEPENDENT_ONE_STEP_ASSIGNMENT_V1,phase|MINIMUM|0.0025|UPPER_EDGE,7,ONE_PAIR_PER_FROZEN_CASE_PER_STRATUM_BY_SHA256_CASE_PERMUTATION,False,False,False,False,False,False,INDEPENDENT_CALIBRATION_DECISION_ERROR_ONLY
dlv_pair_01f99930caf056366c9ff116,calibration_subject_005__matched_linear,calibration_subject_005,matched_linear,MATCHED,INDEPENDENT_ONE_STEP_ASSIGNMENT_V1,phase|HALF|0.005|UPPER_EDGE,5,ONE_PAIR_PER_FROZEN_CASE_PER_STRATUM_BY_SHA256_CASE_PERMUTATION,False,False,False,False,False,False,INDEPENDENT_CALIBRATION_DECISION_ERROR_ONLY
dlv_pair_01fcf3a064cfbc67cbfcd484,calibration_subject_002__hip_knee_coupling_strong,calibration_subject_002,hip_knee_coupling_strong,MISMATCH,INDEPENDENT_ONE_STEP_ASSIGNMENT_V1,phase|MINIMUM|0.0025|UPPER_EDGE,8,ONE_PAIR_PER_FROZEN_CASE_PER_STRATUM_BY_SHA256_CASE_PERMUTATION,False,False,False,False,False,False,INDEPENDENT_CALIBRATION_DECISION_ERROR_ONLY
dlv_pair_0203a9851ddaa9d99bd52cfa,calibration_subject_003__matched_linear,calibration_subject_003,matched_linear,MATCHED,INDEPENDENT_ONE_STEP_ASSIGNMENT_V1,phase|MINIMUM|0.0025|LOWER_EDGE,7,ONE_PAIR_PER_FROZEN_CASE_PER_STRATUM_BY_SHA256_CASE_PERMUTATION,False,False,False,False,False,False,INDEPENDENT_CALIBRATION_DECISION_ERROR_ONLY
dlv_pair_02059c858883906003903743,calibration_subject_004__matched_linear,calibration_subject_004,matched_linear,MATCHED,INDEPENDENT_ONE_STEP_ASSIGNMENT_V1,hip|INITIAL|1.0|LOWER_EDGE,7,ONE_PAIR_PER_FROZEN_CASE_PER_STRATUM_BY_SHA256_CASE_PERMUTATION,False,False,False,False,False,False,INDEPENDENT_CALIBRATION_DECISION_ERROR_ONLY
dlv_pair_0206a628f5048139f34eb0eb,calibration_subject_004__matched_linear,calibration_subject_004,matched_linear,MATCHED,INDEPENDENT_ONE_STEP_ASSIGNMENT_V1,hip|MINIMUM|0.25|LOWER_EDGE,7,ONE_PAIR_PER_FROZEN_CASE_PER_STRATUM_BY_SHA256_CASE_PERMUTATION,False,False,False,False,False,False,INDEPENDENT_CALIBRATION_DECISION_ERROR_ONLY
dlv_pair_02099ef2c03b1d1153d525cf,calibration_subject_003__combined_strong,calibration_subject_003,combined_strong,MISMATCH,INDEPENDENT_ONE_STEP_ASSIGNMENT_V1,hip|INITIAL|1.0|LOWER_EDGE,8,ONE_PAIR_PER_FROZEN_CASE_PER_STRATUM_BY_SHA256_CASE_PERMUTATION,False,False,False,False,False,False,INDEPENDENT_CALIBRATION_DECISION_ERROR_ONLY
dlv_pair_020aba14d00f51bc815a445b,calibration_subject_004__matched_linear,calibration_subject_004,matched_linear,MATCHED,INDEPENDENT_ONE_STEP_ASSIGNMENT_V1,phase|MINIMUM|0.0025|UPPER_EDGE,9,ONE_PAIR_PER_FROZEN_CASE_PER_STRATUM_BY_SHA256_CASE_PERMUTATION,False,False,False,False,False,False,INDEPENDENT_CALIBRATION_DECISION_ERROR_ONLY
dlv_pair_020ddaff557e2fb95d61662f,calibration_subject_004__nonlinear_stiffness_strong,calibration_subject_004,nonlinear_stiffness_strong,MISMATCH,INDEPENDENT_ONE_STEP_ASSIGNMENT_V1,hip|INITIAL|1.0|UPPER_EDGE,5,ONE_PAIR_PER_FROZEN_CASE_PER_STRATUM_BY_SHA256_CASE_PERMUTATION,False,False,False,False,False,False,INDEPENDENT_CALIBRATION_DECISION_ERROR_ONLY
dlv_pair_02144a5447fee12d38a9873c,calibration_subject_001__nonlinear_stiffness_strong,calibration_subject_001,nonlinear_stiffness_strong,MISMATCH,INDEPENDENT_ONE_STEP_ASSIGNMENT_V1,hip|HALF|0.5|LOWER_EDGE,4,ONE_PAIR_PER_FROZEN_CASE_PER_STRATUM_BY_SHA256_CASE_PERMUTATION,False,False,False,False,False,False,INDEPENDENT_CALIBRATION_DECISION_ERROR_ONLY
dlv_pair_0218e42c1f18f8a765298bf0,calibration_subject_002__hip_knee_coupling_strong,calibration_subject_002,hip_knee_coupling_strong,MISMATCH,INDEPENDENT_ONE_STEP_ASSIGNMENT_V1,hip|INITIAL|1.0|LOWER_EDGE,9,ONE_PAIR_PER_FROZEN_CASE_PER_STRATUM_BY_SHA256_CASE_PERMUTATION,False,False,False,False,False,False,INDEPENDENT_CALIBRATION_DECISION_ERROR_ONLY
dlv_pair_0219aed8ba291eea7fa1583b,calibration_subject_001__matched_linear,calibration_subject_001,matched_linear,MATCHED,INDEPENDENT_ONE_STEP_ASSIGNMENT_V1,knee|MINIMUM|0.25|UPPER_EDGE,6,ONE_PAIR_PER_FROZEN_CASE_PER_STRATUM_BY_SHA256_CASE_PERMUTATION,False,False,False,False,False,False,INDEPENDENT_CALIBRATION_DECISION_ERROR_ONLY
dlv_pair_021d551ebbf65f18ad71b34e,calibration_subject_004__matched_linear,calibration_subject_004,matched_linear,MATCHED,INDEPENDENT_ONE_STEP_ASSIGNMENT_V1,phase|HALF|0.005|LOWER_EDGE,7,ONE_PAIR_PER_FROZEN_CASE_PER_STRATUM_BY_SHA256_CASE_PERMUTATION,False,False,False,False,False,False,INDEPENDENT_CALIBRATION_DECISION_ERROR_ONLY
dlv_pair_021f9a5e1de58a46db7cfa04,calibration_subject_005__matched_linear,calibration_subject_005,matched_linear,MATCHED,INDEPENDENT_ONE_STEP_ASSIGNMENT_V1,hip|HALF|0.5|LOWER_EDGE,5,ONE_PAIR_PER_FROZEN_CASE_PER_STRATUM_BY_SHA256_CASE_PERMUTATION,False,False,False,False,False,False,INDEPENDENT_CALIBRATION_DECISION_ERROR_ONLY
dlv_pair_0232aabe3875f3d8a9d4b40b,calibration_subject_004__matched_linear,calibration_subject_004,matched_linear,MATCHED,INDEPENDENT_ONE_STEP_ASSIGNMENT_V1,phase|INITIAL|0.01|LOWER_EDGE,9,ONE_PAIR_PER_FROZEN_CASE_PER_STRATUM_BY_SHA256_CASE_PERMUTATION,False,False,False,False,False,False,INDEPENDENT_CALIBRATION_DECISION_ERROR_ONLY
dlv_pair_02447971c1ecd742f1a88338,calibration_subject_006__combined_strong,calibration_subject_006,combined_strong,MISMATCH,INDEPENDENT_ONE_STEP_ASSIGNMENT_V1,hip|HALF|0.5|LOWER_EDGE,6,ONE_PAIR_PER_FROZEN_CASE_PER_STRATUM_BY_SHA256_CASE_PERMUTATION,False,False,False,False,False,False,INDEPENDENT_CALIBRATION_DECISION_ERROR_ONLY
dlv_pair_024491836e14b3289e51465a,calibration_subject_002__matched_linear,calibration_subject_002,matched_linear,MATCHED,INDEPENDENT_ONE_STEP_ASSIGNMENT_V1,knee|HALF|0.5|LOWER_EDGE,6,ONE_PAIR_PER_FROZEN_CASE_PER_STRATUM_BY_SHA256_CASE_PERMUTATION,False,False,False,False,False,False,INDEPENDENT_CALIBRATION_DECISION_ERROR_ONLY
dlv_pair_024dacf2f9c3fe78b59946c1,calibration_subject_006__combined_strong,calibration_subject_006,combined_strong,MISMATCH,INDEPENDENT_ONE_STEP_ASSIGNMENT_V1,knee|MINIMUM|0.25|UPPER_EDGE,7,ONE_PAIR_PER_FROZEN_CASE_PER_STRATUM_BY_SHA256_CASE_PERMUTATION,False,False,False,False,False,False,INDEPENDENT_CALIBRATION_DECISION_ERROR_ONLY
dlv_pair_02511f8a4e4c9b8aac31a81d,calibration_subject_006__combined_strong,calibration_subject_006,combined_strong,MISMATCH,INDEPENDENT_ONE_STEP_ASSIGNMENT_V1,hip|HALF|0.5|UPPER_EDGE,6,ONE_PAIR_PER_FROZEN_CASE_PER_STRATUM_BY_SHA256_CASE_PERMUTATION,False,False,False,False,False,False,INDEPENDENT_CALIBRATION_DECISION_ERROR_ONLY
dlv_pair_0255206375cc1907e2514b93,calibration_subject_002__matched_linear,calibration_subject_002,matched_linear,MATCHED,INDEPENDENT_ONE_STEP_ASSIGNMENT_V1,hip|HALF|0.5|UPPER_EDGE,7,ONE_PAIR_PER_FROZEN_CASE_PER_STRATUM_BY_SHA256_CASE_PERMUTATION,False,False,False,False,False,False,INDEPENDENT_CALIBRATION_DECISION_ERROR_ONLY
dlv_pair_026482746712d1506207a356,calibration_subject_003__combined_strong,calibration_subject_003,combined_strong,MISMATCH,INDEPENDENT_ONE_STEP_ASSIGNMENT_V1,phase|MINIMUM|0.0025|LOWER_EDGE,8,ONE_PAIR_PER_FROZEN_CASE_PER_STRATUM_BY_SHA256_CASE_PERMUTATION,False,False,False,False,False,False,INDEPENDENT_CALIBRATION_DECISION_ERROR_ONLY
dlv_pair_0267944c761f3086d124e604,calibration_subject_002__matched_linear,calibration_subject_002,matched_linear,MATCHED,INDEPENDENT_ONE_STEP_ASSIGNMENT_V1,phase|INITIAL|0.01|LOWER_EDGE,10,ONE_PAIR_PER_FROZEN_CASE_PER_STRATUM_BY_SHA256_CASE_PERMUTATION,False,False,False,False,False,False,INDEPENDENT_CALIBRATION_DECISION_ERROR_ONLY
dlv_pair_026f40cd5d549dc3d61da1ee,calibration_subject_002__hip_knee_coupling_strong,calibration_subject_002,hip_knee_coupling_strong,MISMATCH,INDEPENDENT_ONE_STEP_ASSIGNMENT_V1,hip|MINIMUM|0.25|UPPER_EDGE,5,ONE_PAIR_PER_FROZEN_CASE_PER_STRATUM_BY_SHA256_CASE_PERMUTATION,False,False,False,False,False,False,INDEPENDENT_CALIBRATION_DECISION_ERROR_ONLY
dlv_pair_02709b685f6df7c901a075fc,calibration_subject_003__matched_linear,calibration_subject_003,matched_linear,MATCHED,INDEPENDENT_ONE_STEP_ASSIGNMENT_V1,knee|INITIAL|1.0|LOWER_EDGE,8,ONE_PAIR_PER_FROZEN_CASE_PER_STRATUM_BY_SHA256_CASE_PERMUTATION,False,False,False,False,False,False,INDEPENDENT_CALIBRATION_DECISION_ERROR_ONLY
dlv_pair_027633cffe3284f466bf0983,calibration_subject_002__matched_linear,calibration_subject_002,matched_linear,MATCHED,INDEPENDENT_ONE_STEP_ASSIGNMENT_V1,phase|MINIMUM|0.0025|UPPER_EDGE,10,ONE_PAIR_PER_FROZEN_CASE_PER_STRATUM_BY_SHA256_CASE_PERMUTATION,False,False,False,False,False,False,INDEPENDENT_CALIBRATION_DECISION_ERROR_ONLY
dlv_pair_0279edcfba9149a7588ab4c7,calibration_subject_005__matched_linear,calibration_subject_005,matched_linear,MATCHED,INDEPENDENT_ONE_STEP_ASSIGNMENT_V1,knee|HALF|0.5|LOWER_EDGE,7,ONE_PAIR_PER_FROZEN_CASE_PER_STRATUM_BY_SHA256_CASE_PERMUTATION,False,False,False,False,False,False,INDEPENDENT_CALIBRATION_DECISION_ERROR_ONLY
dlv_pair_027cc39c099e771bb585a565,calibration_subject_005__matched_linear,calibration_subject_005,matched_linear,MATCHED,INDEPENDENT_ONE_STEP_ASSIGNMENT_V1,phase|INITIAL|0.01|LOWER_EDGE,11,ONE_PAIR_PER_FROZEN_CASE_PER_STRATUM_BY_SHA256_CASE_PERMUTATION,False,False,False,False,False,False,INDEPENDENT_CALIBRATION_DECISION_ERROR_ONLY
dlv_pair_02846e57cf115d11094bbe76,calibration_subject_004__matched_linear,calibration_subject_004,matched_linear,MATCHED,INDEPENDENT_ONE_STEP_ASSIGNMENT_V1,knee|MINIMUM|0.25|LOWER_EDGE,5,ONE_PAIR_PER_FROZEN_CASE_PER_STRATUM_BY_SHA256_CASE_PERMUTATION,False,False,False,False,False,False,INDEPENDENT_CALIBRATION_DECISION_ERROR_ONLY
dlv_pair_02878375ae76fec4bd5d77ec,calibration_subject_006__matched_linear,calibration_subject_006,matched_linear,MATCHED,INDEPENDENT_ONE_STEP_ASSIGNMENT_V1,phase|HALF|0.005|LOWER_EDGE,8,ONE_PAIR_PER_FROZEN_CASE_PER_STRATUM_BY_SHA256_CASE_PERMUTATION,False,False,False,False,False,False,INDEPENDENT_CALIBRATION_DECISION_ERROR_ONLY
dlv_pair_028b11cb003fc6901534c1b1,calibration_subject_005__matched_linear,calibration_subject_005,matched_linear,MATCHED,INDEPENDENT_ONE_STEP_ASSIGNMENT_V1,knee|MINIMUM|0.25|LOWER_EDGE,6,ONE_PAIR_PER_FROZEN_CASE_PER_STRATUM_BY_SHA256_CASE_PERMUTATION,False,False,False,False,False,False,INDEPENDENT_CALIBRATION_DECISION_ERROR_ONLY
dlv_pair_028f22f53e73f3c1130cda24,calibration_subject_006__matched_linear,calibration_subject_006,matched_linear,MATCHED,INDEPENDENT_ONE_STEP_ASSIGNMENT_V1,hip|MINIMUM|0.25|LOWER_EDGE,8,ONE_PAIR_PER_FROZEN_CASE_PER_STRATUM_BY_SHA256_CASE_PERMUTATION,False,False,False,False,False,False,INDEPENDENT_CALIBRATION_DECISION_ERROR_ONLY
dlv_pair_0293046b00a6a160c24006b9,calibration_subject_006__matched_linear,calibration_subject_006,matched_linear,MATCHED,INDEPENDENT_ONE_STEP_ASSIGNMENT_V1,phase|HALF|0.005|UPPER_EDGE,6,ONE_PAIR_PER_FROZEN_CASE_PER_STRATUM_BY_SHA256_CASE_PERMUTATION,False,False,False,False,False,False,INDEPENDENT_CALIBRATION_DECISION_ERROR_ONLY
dlv_pair_0295d88c3a910d20bd934e29,calibration_subject_001__matched_linear,calibration_subject_001,matched_linear,MATCHED,INDEPENDENT_ONE_STEP_ASSIGNMENT_V1,phase|INITIAL|0.01|LOWER_EDGE,12,ONE_PAIR_PER_FROZEN_CASE_PER_STRATUM_BY_SHA256_CASE_PERMUTATION,False,False,False,False,False,False,INDEPENDENT_CALIBRATION_DECISION_ERROR_ONLY
dlv_pair_029b4548de930154e2dcf4cb,calibration_subject_002__matched_linear,calibration_subject_002,matched_linear,MATCHED,INDEPENDENT_ONE_STEP_ASSIGNMENT_V1,phase|HALF|0.005|UPPER_EDGE,7,ONE_PAIR_PER_FROZEN_CASE_PER_STRATUM_BY_SHA256_CASE_PERMUTATION,False,False,False,False,False,False,INDEPENDENT_CALIBRATION_DECISION_ERROR_ONLY
dlv_pair_02ac7e3cdc3622392637e8a5,calibration_subject_004__nonlinear_stiffness_strong,calibration_subject_004,nonlinear_stiffness_strong,MISMATCH,INDEPENDENT_ONE_STEP_ASSIGNMENT_V1,knee|MINIMUM|0.25|LOWER_EDGE,7,ONE_PAIR_PER_FROZEN_CASE_PER_STRATUM_BY_SHA256_CASE_PERMUTATION,False,False,False,False,False,False,INDEPENDENT_CALIBRATION_DECISION_ERROR_ONLY
dlv_pair_02ad696f27dad602fcffbdfe,calibration_subject_005__matched_linear,calibration_subject_005,matched_linear,MATCHED,INDEPENDENT_ONE_STEP_ASSIGNMENT_V1,hip|INITIAL|1.0|LOWER_EDGE,10,ONE_PAIR_PER_FROZEN_CASE_PER_STRATUM_BY_SHA256_CASE_PERMUTATION,False,False,False,False,False,False,INDEPENDENT_CALIBRATION_DECISION_ERROR_ONLY
dlv_pair_02b264af0297c083efcec331,calibration_subject_004__nonlinear_stiffness_strong,calibration_subject_004,nonlinear_stiffness_strong,MISMATCH,INDEPENDENT_ONE_STEP_ASSIGNMENT_V1,hip|MINIMUM|0.25|LOWER_EDGE,9,ONE_PAIR_PER_FROZEN_CASE_PER_STRATUM_BY_SHA256_CASE_PERMUTATION,False,False,False,False,False,False,INDEPENDENT_CALIBRATION_DECISION_ERROR_ONLY
dlv_pair_02b77a987f4b16e2ed471f85,calibration_subject_002__hip_knee_coupling_strong,calibration_subject_002,hip_knee_coupling_strong,MISMATCH,INDEPENDENT_ONE_STEP_ASSIGNMENT_V1,knee|HALF|0.5|UPPER_EDGE,6,ONE_PAIR_PER_FROZEN_CASE_PER_STRATUM_BY_SHA256_CASE_PERMUTATION,False,False,False,False,False,False,INDEPENDENT_CALIBRATION_DECISION_ERROR_ONLY
dlv_pair_02bd90a783774cede8098f52,calibration_subject_003__matched_linear,calibration_subject_003,matched_linear,MATCHED,INDEPENDENT_ONE_STEP_ASSIGNMENT_V1,hip|MINIMUM|0.25|UPPER_EDGE,6,ONE_PAIR_PER_FROZEN_CASE_PER_STRATUM_BY_SHA256_CASE_PERMUTATION,False,False,False,False,False,False,INDEPENDENT_CALIBRATION_DECISION_ERROR_ONLY
dlv_pair_02c470805a1206d26f126db7,calibration_subject_004__matched_linear,calibration_subject_004,matched_linear,MATCHED,INDEPENDENT_ONE_STEP_ASSIGNMENT_V1,hip|INITIAL|1.0|UPPER_EDGE,6,ONE_PAIR_PER_FROZEN_CASE_PER_STRATUM_BY_SHA256_CASE_PERMUTATION,False,False,False,False,False,False,INDEPENDENT_CALIBRATION_DECISION_ERROR_ONLY
dlv_pair_02cb3f7425c2b23c7bcae3c4,calibration_subject_003__combined_strong,calibration_subject_003,combined_strong,MISMATCH,INDEPENDENT_ONE_STEP_ASSIGNMENT_V1,hip|HALF|0.5|UPPER_EDGE,8,ONE_PAIR_PER_FROZEN_CASE_PER_STRATUM_BY_SHA256_CASE_PERMUTATION,False,False,False,False,False,False,INDEPENDENT_CALIBRATION_DECISION_ERROR_ONLY
dlv_pair_02d1451f77afe3fa8a0f0b7d,calibration_subject_004__matched_linear,calibration_subject_004,matched_linear,MATCHED,INDEPENDENT_ONE_STEP_ASSIGNMENT_V1,hip|HALF|0.5|UPPER_EDGE,9,ONE_PAIR_PER_FROZEN_CASE_PER_STRATUM_BY_SHA256_CASE_PERMUTATION,False,False,False,False,False,False,INDEPENDENT_CALIBRATION_DECISION_ERROR_ONLY
dlv_pair_02d4c90d19398d5e154cd2bc,calibration_subject_005__hip_knee_coupling_strong,calibration_subject_005,hip_knee_coupling_strong,MISMATCH,INDEPENDENT_ONE_STEP_ASSIGNMENT_V1,hip|HALF|0.5|UPPER_EDGE,10,ONE_PAIR_PER_FROZEN_CASE_PER_STRATUM_BY_SHA256_CASE_PERMUTATION,False,False,False,False,False,False,INDEPENDENT_CALIBRATION_DECISION_ERROR_ONLY
dlv_pair_02dfd321c8f578c855ad8e12,calibration_subject_005__matched_linear,calibration_subject_005,matched_linear,MATCHED,INDEPENDENT_ONE_STEP_ASSIGNMENT_V1,hip|MINIMUM|0.25|UPPER_EDGE,7,ONE_PAIR_PER_FROZEN_CASE_PER_STRATUM_BY_SHA256_CASE_PERMUTATION,False,False,False,False,False,False,INDEPENDENT_CALIBRATION_DECISION_ERROR_ONLY
dlv_pair_02ea28d9ed9c136ddbbe277e,calibration_subject_001__matched_linear,calibration_subject_001,matched_linear,MATCHED,INDEPENDENT_ONE_STEP_ASSIGNMENT_V1,hip|MINIMUM|0.25|LOWER_EDGE,10,ONE_PAIR_PER_FROZEN_CASE_PER_STRATUM_BY_SHA256_CASE_PERMUTATION,False,False,False,False,False,False,INDEPENDENT_CALIBRATION_DECISION_ERROR_ONLY
dlv_pair_02eca0df6507289735080c6c,calibration_subject_006__combined_strong,calibration_subject_006,combined_strong,MISMATCH,INDEPENDENT_ONE_STEP_ASSIGNMENT_V1,knee|MINIMUM|0.25|LOWER_EDGE,8,ONE_PAIR_PER_FROZEN_CASE_PER_STRATUM_BY_SHA256_CASE_PERMUTATION,False,False,False,False,False,False,INDEPENDENT_CALIBRATION_DECISION_ERROR_ONLY
dlv_pair_02f36c3902012d7362309ea0,calibration_subject_003__combined_strong,calibration_subject_003,combined_strong,MISMATCH,INDEPENDENT_ONE_STEP_ASSIGNMENT_V1,knee|MINIMUM|0.25|LOWER_EDGE,9,ONE_PAIR_PER_FROZEN_CASE_PER_STRATUM_BY_SHA256_CASE_PERMUTATION,False,False,False,False,False,False,INDEPENDENT_CALIBRATION_DECISION_ERROR_ONLY
dlv_pair_02f4d8b3847033abc840c6da,calibration_subject_002__matched_linear,calibration_subject_002,matched_linear,MATCHED,INDEPENDENT_ONE_STEP_ASSIGNMENT_V1,knee|MINIMUM|0.25|LOWER_EDGE,10,ONE_PAIR_PER_FROZEN_CASE_PER_STRATUM_BY_SHA256_CASE_PERMUTATION,False,False,False,False,False,False,INDEPENDENT_CALIBRATION_DECISION_ERROR_ONLY
dlv_pair_02fd2dfd27f208c4ce51b69a,calibration_subject_006__matched_linear,calibration_subject_006,matched_linear,MATCHED,INDEPENDENT_ONE_STEP_ASSIGNMENT_V1,knee|MINIMUM|0.25|LOWER_EDGE,11,ONE_PAIR_PER_FROZEN_CASE_PER_STRATUM_BY_SHA256_CASE_PERMUTATION,False,False,False,False,False,False,INDEPENDENT_CALIBRATION_DECISION_ERROR_ONLY
dlv_pair_0309690bd728fd69d7493fd6,calibration_subject_004__nonlinear_stiffness_strong,calibration_subject_004,nonlinear_stiffness_strong,MISMATCH,INDEPENDENT_ONE_STEP_ASSIGNMENT_V1,hip|HALF|0.5|UPPER_EDGE,11,ONE_PAIR_PER_FROZEN_CASE_PER_STRATUM_BY_SHA256_CASE_PERMUTATION,False,False,False,False,False,False,INDEPENDENT_CALIBRATION_DECISION_ERROR_ONLY
dlv_pair_030c844143fdbee0d27296f3,calibration_subject_003__combined_strong,calibration_subject_003,combined_strong,MISMATCH,INDEPENDENT_ONE_STEP_ASSIGNMENT_V1,knee|HALF|0.5|LOWER_EDGE,8,ONE_PAIR_PER_FROZEN_CASE_PER_STRATUM_BY_SHA256_CASE_PERMUTATION,False,False,False,False,False,False,INDEPENDENT_CALIBRATION_DECISION_ERROR_ONLY
dlv_pair_0310774f5a62e7c69b5f76c2,calibration_subject_006__matched_linear,calibration_subject_006,matched_linear,MATCHED,INDEPENDENT_ONE_STEP_ASSIGNMENT_V1,hip|INITIAL|1.0|UPPER_EDGE,7,ONE_PAIR_PER_FROZEN_CASE_PER_STRATUM_BY_SHA256_CASE_PERMUTATION,False,False,False,False,False,False,INDEPENDENT_CALIBRATION_DECISION_ERROR_ONLY
dlv_pair_0318dc9f2c156c3aec1e6e5e,calibration_subject_003__combined_strong,calibration_subject_003,combined_strong,MISMATCH,INDEPENDENT_ONE_STEP_ASSIGNMENT_V1,knee|INITIAL|1.0|UPPER_EDGE,6,ONE_PAIR_PER_FROZEN_CASE_PER_STRATUM_BY_SHA256_CASE_PERMUTATION,False,False,False,False,False,False,INDEPENDENT_CALIBRATION_DECISION_ERROR_ONLY
dlv_pair_0319b01c3597af139380e340,calibration_subject_001__nonlinear_stiffness_strong,calibration_subject_001,nonlinear_stiffness_strong,MISMATCH,INDEPENDENT_ONE_STEP_ASSIGNMENT_V1,hip|INITIAL|1.0|UPPER_EDGE,8,ONE_PAIR_PER_FROZEN_CASE_PER_STRATUM_BY_SHA256_CASE_PERMUTATION,False,False,False,False,False,False,INDEPENDENT_CALIBRATION_DECISION_ERROR_ONLY
dlv_pair_031ed1a058516e450ec6f351,calibration_subject_002__matched_linear,calibration_subject_002,matched_linear,MATCHED,INDEPENDENT_ONE_STEP_ASSIGNMENT_V1,knee|INITIAL|1.0|UPPER_EDGE,7,ONE_PAIR_PER_FROZEN_CASE_PER_STRATUM_BY_SHA256_CASE_PERMUTATION,False,False,False,False,False,False,INDEPENDENT_CALIBRATION_DECISION_ERROR_ONLY
dlv_pair_0325389ed1e46d3593aa2618,calibration_subject_001__matched_linear,calibration_subject_001,matched_linear,MATCHED,INDEPENDENT_ONE_STEP_ASSIGNMENT_V1,knee|HALF|0.5|UPPER_EDGE,7,ONE_PAIR_PER_FROZEN_CASE_PER_STRATUM_BY_SHA256_CASE_PERMUTATION,False,False,False,False,False,False,INDEPENDENT_CALIBRATION_DECISION_ERROR_ONLY
dlv_pair_0325a6de0f8c609896b1da8d,calibration_subject_002__hip_knee_coupling_strong,calibration_subject_002,hip_knee_coupling_strong,MISMATCH,INDEPENDENT_ONE_STEP_ASSIGNMENT_V1,phase|MINIMUM|0.0025|LOWER_EDGE,9,ONE_PAIR_PER_FROZEN_CASE_PER_STRATUM_BY_SHA256_CASE_PERMUTATION,False,False,False,False,False,False,INDEPENDENT_CALIBRATION_DECISION_ERROR_ONLY
dlv_pair_032a73c2ea058cb9c9f22d97,calibration_subject_003__matched_linear,calibration_subject_003,matched_linear,MATCHED,INDEPENDENT_ONE_STEP_ASSIGNMENT_V1,phase|MINIMUM|0.0025|UPPER_EDGE,11,ONE_PAIR_PER_FROZEN_CASE_PER_STRATUM_BY_SHA256_CASE_PERMUTATION,False,False,False,False,False,False,INDEPENDENT_CALIBRATION_DECISION_ERROR_ONLY
dlv_pair_032aae4c9c529cc54e46a0b9,calibration_subject_001__nonlinear_stiffness_strong,calibration_subject_001,nonlinear_stiffness_strong,MISMATCH,INDEPENDENT_ONE_STEP_ASSIGNMENT_V1,knee|INITIAL|1.0|UPPER_EDGE,8,ONE_PAIR_PER_FROZEN_CASE_PER_STRATUM_BY_SHA256_CASE_PERMUTATION,False,False,False,False,False,False,INDEPENDENT_CALIBRATION_DECISION_ERROR_ONLY
dlv_pair_0330583a318aa9944a32d0b0,calibration_subject_002__hip_knee_coupling_strong,calibration_subject_002,hip_knee_coupling_strong,MISMATCH,INDEPENDENT_ONE_STEP_ASSIGNMENT_V1,hip|HALF|0.5|UPPER_EDGE,12,ONE_PAIR_PER_FROZEN_CASE_PER_STRATUM_BY_SHA256_CASE_PERMUTATION,False,False,False,False,False,False,INDEPENDENT_CALIBRATION_DECISION_ERROR_ONLY
dlv_pair_03369e962bc619c476d59c4e,calibration_subject_003__combined_strong,calibration_subject_003,combined_strong,MISMATCH,INDEPENDENT_ONE_STEP_ASSIGNMENT_V1,hip|MINIMUM|0.25|UPPER_EDGE,8,ONE_PAIR_PER_FROZEN_CASE_PER_STRATUM_BY_SHA256_CASE_PERMUTATION,False,False,False,False,False,False,INDEPENDENT_CALIBRATION_DECISION_ERROR_ONLY
dlv_pair_03387a782c61def74e8e5e8a,calibration_subject_001__nonlinear_stiffness_strong,calibration_subject_001,nonlinear_stiffness_strong,MISMATCH,INDEPENDENT_ONE_STEP_ASSIGNMENT_V1,knee|HALF|0.5|LOWER_EDGE,9,ONE_PAIR_PER_FROZEN_CASE_PER_STRATUM_BY_SHA256_CASE_PERMUTATION,False,False,False,False,False,False,INDEPENDENT_CALIBRATION_DECISION_ERROR_ONLY
dlv_pair_0342a3da02cab3f0cb1f41d4,calibration_subject_002__hip_knee_coupling_strong,calibration_subject_002,hip_knee_coupling_strong,MISMATCH,INDEPENDENT_ONE_STEP_ASSIGNMENT_V1,hip|INITIAL|1.0|UPPER_EDGE,9,ONE_PAIR_PER_FROZEN_CASE_PER_STRATUM_BY_SHA256_CASE_PERMUTATION,False,False,False,False,False,False,INDEPENDENT_CALIBRATION_DECISION_ERROR_ONLY
dlv_pair_0348d47ad07b08d74e441051,calibration_subject_005__hip_knee_coupling_strong,calibration_subject_005,hip_knee_coupling_strong,MISMATCH,INDEPENDENT_ONE_STEP_ASSIGNMENT_V1,knee|HALF|0.5|LOWER_EDGE,10,ONE_PAIR_PER_FROZEN_CASE_PER_STRATUM_BY_SHA256_CASE_PERMUTATION,False,False,False,False,False,False,INDEPENDENT_CALIBRATION_DECISION_ERROR_ONLY
dlv_pair_034bc605573017d14d74b880,calibration_subject_003__combined_strong,calibration_subject_003,combined_strong,MISMATCH,INDEPENDENT_ONE_STEP_ASSIGNMENT_V1,knee|HALF|0.5|UPPER_EDGE,8,ONE_PAIR_PER_FROZEN_CASE_PER_STRATUM_BY_SHA256_CASE_PERMUTATION,False,False,False,False,False,False,INDEPENDENT_CALIBRATION_DECISION_ERROR_ONLY
dlv_pair_03524f7626253d8bc8b00909,calibration_subject_005__matched_linear,calibration_subject_005,matched_linear,MATCHED,INDEPENDENT_ONE_STEP_ASSIGNMENT_V1,knee|INITIAL|1.0|LOWER_EDGE,9,ONE_PAIR_PER_FROZEN_CASE_PER_STRATUM_BY_SHA256_CASE_PERMUTATION,False,False,False,False,False,False,INDEPENDENT_CALIBRATION_DECISION_ERROR_ONLY
dlv_pair_0363db2b86a8c3aa91b584fe,calibration_subject_002__hip_knee_coupling_strong,calibration_subject_002,hip_knee_coupling_strong,MISMATCH,INDEPENDENT_ONE_STEP_ASSIGNMENT_V1,hip|HALF|0.5|LOWER_EDGE,7,ONE_PAIR_PER_FROZEN_CASE_PER_STRATUM_BY_SHA256_CASE_PERMUTATION,False,False,False,False,False,False,INDEPENDENT_CALIBRATION_DECISION_ERROR_ONLY
dlv_pair_0366c69af681f8ae2a268319,calibration_subject_006__matched_linear,calibration_subject_006,matched_linear,MATCHED,INDEPENDENT_ONE_STEP_ASSIGNMENT_V1,phase|MINIMUM|0.0025|UPPER_EDGE,12,ONE_PAIR_PER_FROZEN_CASE_PER_STRATUM_BY_SHA256_CASE_PERMUTATION,False,False,False,False,False,False,INDEPENDENT_CALIBRATION_DECISION_ERROR_ONLY
dlv_pair_03757dd3e21bea8254c41d21,calibration_subject_006__matched_linear,calibration_subject_006,matched_linear,MATCHED,INDEPENDENT_ONE_STEP_ASSIGNMENT_V1,hip|INITIAL|1.0|LOWER_EDGE,11,ONE_PAIR_PER_FROZEN_CASE_PER_STRATUM_BY_SHA256_CASE_PERMUTATION,False,False,False,False,False,False,INDEPENDENT_CALIBRATION_DECISION_ERROR_ONLY
dlv_pair_0375aba11632dc07bd63d21d,calibration_subject_006__combined_strong,calibration_subject_006,combined_strong,MISMATCH,INDEPENDENT_ONE_STEP_ASSIGNMENT_V1,hip|MINIMUM|0.25|UPPER_EDGE,9,ONE_PAIR_PER_FROZEN_CASE_PER_STRATUM_BY_SHA256_CASE_PERMUTATION,False,False,False,False,False,False,INDEPENDENT_CALIBRATION_DECISION_ERROR_ONLY
dlv_pair_037714fc6a79036ab5e8c762,calibration_subject_006__combined_strong,calibration_subject_006,combined_strong,MISMATCH,INDEPENDENT_ONE_STEP_ASSIGNMENT_V1,phase|HALF|0.005|UPPER_EDGE,8,ONE_PAIR_PER_FROZEN_CASE_PER_STRATUM_BY_SHA256_CASE_PERMUTATION,False,False,False,False,False,False,INDEPENDENT_CALIBRATION_DECISION_ERROR_ONLY
dlv_pair_038b4b62b73130aab6ec0b61,calibration_subject_006__matched_linear,calibration_subject_006,matched_linear,MATCHED,INDEPENDENT_ONE_STEP_ASSIGNMENT_V1,hip|MINIMUM|0.25|UPPER_EDGE,10,ONE_PAIR_PER_FROZEN_CASE_PER_STRATUM_BY_SHA256_CASE_PERMUTATION,False,False,False,False,False,False,INDEPENDENT_CALIBRATION_DECISION_ERROR_ONLY
dlv_pair_038d8fb46f141d9780642297,calibration_subject_003__matched_linear,calibration_subject_003,matched_linear,MATCHED,INDEPENDENT_ONE_STEP_ASSIGNMENT_V1,hip|MINIMUM|0.25|LOWER_EDGE,11,ONE_PAIR_PER_FROZEN_CASE_PER_STRATUM_BY_SHA256_CASE_PERMUTATION,False,False,False,False,False,False,INDEPENDENT_CALIBRATION_DECISION_ERROR_ONLY
dlv_pair_0390d1c13a7c6b84e153b842,calibration_subject_003__matched_linear,calibration_subject_003,matched_linear,MATCHED,INDEPENDENT_ONE_STEP_ASSIGNMENT_V1,phase|HALF|0.005|LOWER_EDGE,9,ONE_PAIR_PER_FROZEN_CASE_PER_STRATUM_BY_SHA256_CASE_PERMUTATION,False,False,False,False,False,False,INDEPENDENT_CALIBRATION_DECISION_ERROR_ONLY
dlv_pair_03940ee24f4db96b67cf055d,calibration_subject_003__matched_linear,calibration_subject_003,matched_linear,MATCHED,INDEPENDENT_ONE_STEP_ASSIGNMENT_V1,knee|HALF|0.5|LOWER_EDGE,11,ONE_PAIR_PER_FROZEN_CASE_PER_STRATUM_BY_SHA256_CASE_PERMUTATION,False,False,False,False,False,False,INDEPENDENT_CALIBRATION_DECISION_ERROR_ONLY
dlv_pair_039762d1512edef6bb2d2138,calibration_subject_003__combined_strong,calibration_subject_003,combined_strong,MISMATCH,INDEPENDENT_ONE_STEP_ASSIGNMENT_V1,hip|HALF|0.5|LOWER_EDGE,8,ONE_PAIR_PER_FROZEN_CASE_PER_STRATUM_BY_SHA256_CASE_PERMUTATION,False,False,False,False,False,False,INDEPENDENT_CALIBRATION_DECISION_ERROR_ONLY
dlv_pair_0397b60c68f226bcfd921297,calibration_subject_002__hip_knee_coupling_strong,calibration_subject_002,hip_knee_coupling_strong,MISMATCH,INDEPENDENT_ONE_STEP_ASSIGNMENT_V1,knee|MINIMUM|0.25|LOWER_EDGE,12,ONE_PAIR_PER_FROZEN_CASE_PER_STRATUM_BY_SHA256_CASE_PERMUTATION,False,False,False,False,False,False,INDEPENDENT_CALIBRATION_DECISION_ERROR_ONLY
dlv_pair_03985a5a46db27e37a72e865,calibration_subject_001__matched_linear,calibration_subject_001,matched_linear,MATCHED,INDEPENDENT_ONE_STEP_ASSIGNMENT_V1,knee|INITIAL|1.0|LOWER_EDGE,10,ONE_PAIR_PER_FROZEN_CASE_PER_STRATUM_BY_SHA256_CASE_PERMUTATION,False,False,False,False,False,False,INDEPENDENT_CALIBRATION_DECISION_ERROR_ONLY
dlv_pair_039cb47d76ff8ace757536b8,calibration_subject_003__combined_strong,calibration_subject_003,combined_strong,MISMATCH,INDEPENDENT_ONE_STEP_ASSIGNMENT_V1,hip|INITIAL|1.0|UPPER_EDGE,10,ONE_PAIR_PER_FROZEN_CASE_PER_STRATUM_BY_SHA256_CASE_PERMUTATION,False,False,False,False,False,False,INDEPENDENT_CALIBRATION_DECISION_ERROR_ONLY
dlv_pair_03a17458af96f1b40f1fbf7d,calibration_subject_003__combined_strong,calibration_subject_003,combined_strong,MISMATCH,INDEPENDENT_ONE_STEP_ASSIGNMENT_V1,phase|HALF|0.005|UPPER_EDGE,9,ONE_PAIR_PER_FROZEN_CASE_PER_STRATUM_BY_SHA256_CASE_PERMUTATION,False,False,False,False,False,False,INDEPENDENT_CALIBRATION_DECISION_ERROR_ONLY
dlv_pair_03a6fd5b06b62272c8fc29b2,calibration_subject_001__matched_linear,calibration_subject_001,matched_linear,MATCHED,INDEPENDENT_ONE_STEP_ASSIGNMENT_V1,knee|HALF|0.5|LOWER_EDGE,12,ONE_PAIR_PER_FROZEN_CASE_PER_STRATUM_BY_SHA256_CASE_PERMUTATION,False,False,False,False,False,False,INDEPENDENT_CALIBRATION_DECISION_ERROR_ONLY
dlv_pair_03aa93d2e28dea0808ad7a2e,calibration_subject_001__nonlinear_stiffness_strong,calibration_subject_001,nonlinear_stiffness_strong,MISMATCH,INDEPENDENT_ONE_STEP_ASSIGNMENT_V1,phase|MINIMUM|0.0025|LOWER_EDGE,10,ONE_PAIR_PER_FROZEN_CASE_PER_STRATUM_BY_SHA256_CASE_PERMUTATION,False,False,False,False,False,False,INDEPENDENT_CALIBRATION_DECISION_ERROR_ONLY
dlv_pair_03b8412d652b1222fe708722,calibration_subject_002__hip_knee_coupling_strong,calibration_subject_002,hip_knee_coupling_strong,MISMATCH,INDEPENDENT_ONE_STEP_ASSIGNMENT_V1,phase|HALF|0.005|UPPER_EDGE,10,ONE_PAIR_PER_FROZEN_CASE_PER_STRATUM_BY_SHA256_CASE_PERMUTATION,False,False,False,False,False,False,INDEPENDENT_CALIBRATION_DECISION_ERROR_ONLY
dlv_pair_03c5e2c5cd597075c7489ecd,calibration_subject_001__nonlinear_stiffness_strong,calibration_subject_001,nonlinear_stiffness_strong,MISMATCH,INDEPENDENT_ONE_STEP_ASSIGNMENT_V1,phase|HALF|0.005|LOWER_EDGE,10,ONE_PAIR_PER_FROZEN_CASE_PER_STRATUM_BY_SHA256_CASE_PERMUTATION,False,False,False,False,False,False,INDEPENDENT_CALIBRATION_DECISION_ERROR_ONLY
dlv_pair_03ca6b6e207f0b2ff2daa2be,calibration_subject_003__matched_linear,calibration_subject_003,matched_linear,MATCHED,INDEPENDENT_ONE_STEP_ASSIGNMENT_V1,hip|INITIAL|1.0|UPPER_EDGE,11,ONE_PAIR_PER_FROZEN_CASE_PER_STRATUM_BY_SHA256_CASE_PERMUTATION,False,False,False,False,False,False,INDEPENDENT_CALIBRATION_DECISION_ERROR_ONLY
dlv_pair_03cba0c5cf4992e67752c6a8,calibration_subject_004__nonlinear_stiffness_strong,calibration_subject_004,nonlinear_stiffness_strong,MISMATCH,INDEPENDENT_ONE_STEP_ASSIGNMENT_V1,knee|INITIAL|1.0|UPPER_EDGE,9,ONE_PAIR_PER_FROZEN_CASE_PER_STRATUM_BY_SHA256_CASE_PERMUTATION,False,False,False,False,False,False,INDEPENDENT_CALIBRATION_DECISION_ERROR_ONLY
dlv_pair_03d9fcfa9c498db2328f3c17,calibration_subject_002__matched_linear,calibration_subject_002,matched_linear,MATCHED,INDEPENDENT_ONE_STEP_ASSIGNMENT_V1,knee|HALF|0.5|UPPER_EDGE,9,ONE_PAIR_PER_FROZEN_CASE_PER_STRATUM_BY_SHA256_CASE_PERMUTATION,False,False,False,False,False,False,INDEPENDENT_CALIBRATION_DECISION_ERROR_ONLY
dlv_pair_03ddf03ac10e3926033b9d0b,calibration_subject_006__combined_strong,calibration_subject_006,combined_strong,MISMATCH,INDEPENDENT_ONE_STEP_ASSIGNMENT_V1,hip|INITIAL|1.0|UPPER_EDGE,12,ONE_PAIR_PER_FROZEN_CASE_PER_STRATUM_BY_SHA256_CASE_PERMUTATION,False,False,False,False,False,False,INDEPENDENT_CALIBRATION_DECISION_ERROR_ONLY
dlv_pair_040050f4a60ec421e5739e47,calibration_subject_005__hip_knee_coupling_strong,calibration_subject_005,hip_knee_coupling_strong,MISMATCH,INDEPENDENT_ONE_STEP_ASSIGNMENT_V1,hip|MINIMUM|0.25|LOWER_EDGE,12,ONE_PAIR_PER_FROZEN_CASE_PER_STRATUM_BY_SHA256_CASE_PERMUTATION,False,False,False,False,False,False,INDEPENDENT_CALIBRATION_DECISION_ERROR_ONLY
dlv_pair_040e99c7a131d211b0f67bc9,calibration_subject_006__matched_linear,calibration_subject_006,matched_linear,MATCHED,INDEPENDENT_ONE_STEP_ASSIGNMENT_V1,knee|MINIMUM|0.25|UPPER_EDGE,8,ONE_PAIR_PER_FROZEN_CASE_PER_STRATUM_BY_SHA256_CASE_PERMUTATION,False,False,False,False,False,False,INDEPENDENT_CALIBRATION_DECISION_ERROR_ONLY
dlv_pair_04101adadcaa8831d1561c8d,calibration_subject_003__matched_linear,calibration_subject_003,matched_linear,MATCHED,INDEPENDENT_ONE_STEP_ASSIGNMENT_V1,hip|HALF|0.5|LOWER_EDGE,9,ONE_PAIR_PER_FROZEN_CASE_PER_STRATUM_BY_SHA256_CASE_PERMUTATION,False,False,False,False,False,False,INDEPENDENT_CALIBRATION_DECISION_ERROR_ONLY
dlv_pair_0412e87c7326971592e81373,calibration_subject_002__hip_knee_coupling_strong,calibration_subject_002,hip_knee_coupling_strong,MISMATCH,INDEPENDENT_ONE_STEP_ASSIGNMENT_V1,knee|MINIMUM|0.25|UPPER_EDGE,9,ONE_PAIR_PER_FROZEN_CASE_PER_STRATUM_BY_SHA256_CASE_PERMUTATION,False,False,False,False,False,False,INDEPENDENT_CALIBRATION_DECISION_ERROR_ONLY
dlv_pair_0412eacc1f9a42af04221c5b,calibration_subject_005__hip_knee_coupling_strong,calibration_subject_005,hip_knee_coupling_strong,MISMATCH,INDEPENDENT_ONE_STEP_ASSIGNMENT_V1,phase|MINIMUM|0.0025|LOWER_EDGE,11,ONE_PAIR_PER_FROZEN_CASE_PER_STRATUM_BY_SHA256_CASE_PERMUTATION,False,False,False,False,False,False,INDEPENDENT_CALIBRATION_DECISION_ERROR_ONLY
dlv_pair_041b29e3a305de3d13a316cb,calibration_subject_004__matched_linear,calibration_subject_004,matched_linear,MATCHED,INDEPENDENT_ONE_STEP_ASSIGNMENT_V1,knee|INITIAL|1.0|UPPER_EDGE,10,ONE_PAIR_PER_FROZEN_CASE_PER_STRATUM_BY_SHA256_CASE_PERMUTATION,False,False,False,False,False,False,INDEPENDENT_CALIBRATION_DECISION_ERROR_ONLY
dlv_pair_041f73b45a78754f16a90d48,calibration_subject_005__hip_knee_coupling_strong,calibration_subject_005,hip_knee_coupling_strong,MISMATCH,INDEPENDENT_ONE_STEP_ASSIGNMENT_V1,phase|HALF|0.005|LOWER_EDGE,11,ONE_PAIR_PER_FROZEN_CASE_PER_STRATUM_BY_SHA256_CASE_PERMUTATION,False,False,False,False,False,False,INDEPENDENT_CALIBRATION_DECISION_ERROR_ONLY
dlv_pair_0428b8597118d4136a289e94,calibration_subject_004__nonlinear_stiffness_strong,calibration_subject_004,nonlinear_stiffness_strong,MISMATCH,INDEPENDENT_ONE_STEP_ASSIGNMENT_V1,phase|HALF|0.005|UPPER_EDGE,11,ONE_PAIR_PER_FROZEN_CASE_PER_STRATUM_BY_SHA256_CASE_PERMUTATION,False,False,False,False,False,False,INDEPENDENT_CALIBRATION_DECISION_ERROR_ONLY
dlv_pair_042aa2cec1e54ed45bc7bd7a,calibration_subject_001__nonlinear_stiffness_strong,calibration_subject_001,nonlinear_stiffness_strong,MISMATCH,INDEPENDENT_ONE_STEP_ASSIGNMENT_V1,phase|HALF|0.005|UPPER_EDGE,12,ONE_PAIR_PER_FROZEN_CASE_PER_STRATUM_BY_SHA256_CASE_PERMUTATION,False,False,False,False,False,False,INDEPENDENT_CALIBRATION_DECISION_ERROR_ONLY
dlv_pair_044a9f03e2e4e1535d97911e,calibration_subject_004__nonlinear_stiffness_strong,calibration_subject_004,nonlinear_stiffness_strong,MISMATCH,INDEPENDENT_ONE_STEP_ASSIGNMENT_V1,hip|MINIMUM|0.25|UPPER_EDGE,11,ONE_PAIR_PER_FROZEN_CASE_PER_STRATUM_BY_SHA256_CASE_PERMUTATION,False,False,False,False,False,False,INDEPENDENT_CALIBRATION_DECISION_ERROR_ONLY
dlv_pair_0459443c866f870ade04c592,calibration_subject_001__matched_linear,calibration_subject_001,matched_linear,MATCHED,INDEPENDENT_ONE_STEP_ASSIGNMENT_V1,phase|MINIMUM|0.0025|LOWER_EDGE,12,ONE_PAIR_PER_FROZEN_CASE_PER_STRATUM_BY_SHA256_CASE_PERMUTATION,False,False,False,False,False,False,INDEPENDENT_CALIBRATION_DECISION_ERROR_ONLY
dlv_pair_0476ee86f88493149f4f4ffb,calibration_subject_004__matched_linear,calibration_subject_004,matched_linear,MATCHED,INDEPENDENT_ONE_STEP_ASSIGNMENT_V1,hip|HALF|0.5|LOWER_EDGE,10,ONE_PAIR_PER_FROZEN_CASE_PER_STRATUM_BY_SHA256_CASE_PERMUTATION,False,False,False,False,False,False,INDEPENDENT_CALIBRATION_DECISION_ERROR_ONLY
dlv_pair_0485573764efd1aeb836b8e2,calibration_subject_003__combined_strong,calibration_subject_003,combined_strong,MISMATCH,INDEPENDENT_ONE_STEP_ASSIGNMENT_V1,knee|INITIAL|1.0|LOWER_EDGE,11,ONE_PAIR_PER_FROZEN_CASE_PER_STRATUM_BY_SHA256_CASE_PERMUTATION,False,False,False,False,False,False,INDEPENDENT_CALIBRATION_DECISION_ERROR_ONLY
dlv_pair_0492a8a9c01960c22d9278e0,calibration_subject_005__hip_knee_coupling_strong,calibration_subject_005,hip_knee_coupling_strong,MISMATCH,INDEPENDENT_ONE_STEP_ASSIGNMENT_V1,hip|MINIMUM|0.25|UPPER_EDGE,12,ONE_PAIR_PER_FROZEN_CASE_PER_STRATUM_BY_SHA256_CASE_PERMUTATION,False,False,False,False,False,False,INDEPENDENT_CALIBRATION_DECISION_ERROR_ONLY
dlv_pair_049bef5738f7facd40580619,calibration_subject_005__hip_knee_coupling_strong,calibration_subject_005,hip_knee_coupling_strong,MISMATCH,INDEPENDENT_ONE_STEP_ASSIGNMENT_V1,hip|INITIAL|1.0|LOWER_EDGE,12,ONE_PAIR_PER_FROZEN_CASE_PER_STRATUM_BY_SHA256_CASE_PERMUTATION,False,False,False,False,False,False,INDEPENDENT_CALIBRATION_DECISION_ERROR_ONLY
dlv_pair_04ae62deed27042853eb1b19,calibration_subject_005__hip_knee_coupling_strong,calibration_subject_005,hip_knee_coupling_strong,MISMATCH,INDEPENDENT_ONE_STEP_ASSIGNMENT_V1,knee|INITIAL|1.0|UPPER_EDGE,11,ONE_PAIR_PER_FROZEN_CASE_PER_STRATUM_BY_SHA256_CASE_PERMUTATION,False,False,False,False,False,False,INDEPENDENT_CALIBRATION_DECISION_ERROR_ONLY
dlv_pair_04bd04677bc5a2a5116093b3,calibration_subject_003__matched_linear,calibration_subject_003,matched_linear,MATCHED,INDEPENDENT_ONE_STEP_ASSIGNMENT_V1,knee|INITIAL|1.0|UPPER_EDGE,12,ONE_PAIR_PER_FROZEN_CASE_PER_STRATUM_BY_SHA256_CASE_PERMUTATION,False,False,False,False,False,False,INDEPENDENT_CALIBRATION_DECISION_ERROR_ONLY
dlv_pair_04be16c9f791611a62674aba,calibration_subject_005__hip_knee_coupling_strong,calibration_subject_005,hip_knee_coupling_strong,MISMATCH,INDEPENDENT_ONE_STEP_ASSIGNMENT_V1,hip|HALF|0.5|LOWER_EDGE,11,ONE_PAIR_PER_FROZEN_CASE_PER_STRATUM_BY_SHA256_CASE_PERMUTATION,False,False,False,False,False,False,INDEPENDENT_CALIBRATION_DECISION_ERROR_ONLY
dlv_pair_04e21e7c8442c7c810f5ef1d,calibration_subject_001__matched_linear,calibration_subject_001,matched_linear,MATCHED,INDEPENDENT_ONE_STEP_ASSIGNMENT_V1,hip|HALF|0.5|LOWER_EDGE,12,ONE_PAIR_PER_FROZEN_CASE_PER_STRATUM_BY_SHA256_CASE_PERMUTATION,False,False,False,False,False,False,INDEPENDENT_CALIBRATION_DECISION_ERROR_ONLY
dlv_pair_05168113d7bbf2c17d69f1bc,calibration_subject_001__matched_linear,calibration_subject_001,matched_linear,MATCHED,INDEPENDENT_ONE_STEP_ASSIGNMENT_V1,phase|HALF|0.005|LOWER_EDGE,12,ONE_PAIR_PER_FROZEN_CASE_PER_STRATUM_BY_SHA256_CASE_PERMUTATION,False,False,False,False,False,False,INDEPENDENT_CALIBRATION_DECISION_ERROR_ONLY
dlv_pair_055e1f998502ccea0fb5e03a,calibration_subject_003__matched_linear,calibration_subject_003,matched_linear,MATCHED,INDEPENDENT_ONE_STEP_ASSIGNMENT_V1,knee|MINIMUM|0.25|UPPER_EDGE,10,ONE_PAIR_PER_FROZEN_CASE_PER_STRATUM_BY_SHA256_CASE_PERMUTATION,False,False,False,False,False,False,INDEPENDENT_CALIBRATION_DECISION_ERROR_ONLY
dlv_pair_057f2949adbcc190ec1b436c,calibration_subject_004__matched_linear,calibration_subject_004,matched_linear,MATCHED,INDEPENDENT_ONE_STEP_ASSIGNMENT_V1,knee|MINIMUM|0.25|UPPER_EDGE,11,ONE_PAIR_PER_FROZEN_CASE_PER_STRATUM_BY_SHA256_CASE_PERMUTATION,False,False,False,False,False,False,INDEPENDENT_CALIBRATION_DECISION_ERROR_ONLY
dlv_pair_0595e655eeffef796d945f6e,calibration_subject_005__hip_knee_coupling_strong,calibration_subject_005,hip_knee_coupling_strong,MISMATCH,INDEPENDENT_ONE_STEP_ASSIGNMENT_V1,knee|MINIMUM|0.25|UPPER_EDGE,12,ONE_PAIR_PER_FROZEN_CASE_PER_STRATUM_BY_SHA256_CASE_PERMUTATION,False,False,False,False,False,False,INDEPENDENT_CALIBRATION_DECISION_ERROR_ONLY
dlv_pair_05c6c141f58e87b063465f8f,calibration_subject_001__nonlinear_stiffness_strong,calibration_subject_001,nonlinear_stiffness_strong,MISMATCH,INDEPENDENT_ONE_STEP_ASSIGNMENT_V1,knee|INITIAL|1.0|LOWER_EDGE,12,ONE_PAIR_PER_FROZEN_CASE_PER_STRATUM_BY_SHA256_CASE_PERMUTATION,False,False,False,False,False,False,INDEPENDENT_CALIBRATION_DECISION_ERROR_ONLY
dlv_pair_0716bceff28b5d90884a9dc0,calibration_subject_004__nonlinear_stiffness_strong,calibration_subject_004,nonlinear_stiffness_strong,MISMATCH,INDEPENDENT_ONE_STEP_ASSIGNMENT_V1,knee|HALF|0.5|UPPER_EDGE,10,ONE_PAIR_PER_FROZEN_CASE_PER_STRATUM_BY_SHA256_CASE_PERMUTATION,False,False,False,False,False,False,INDEPENDENT_CALIBRATION_DECISION_ERROR_ONLY
dlv_pair_076bebcdbec155672583b516,calibration_subject_003__matched_linear,calibration_subject_003,matched_linear,MATCHED,INDEPENDENT_ONE_STEP_ASSIGNMENT_V1,knee|HALF|0.5|UPPER_EDGE,11,ONE_PAIR_PER_FROZEN_CASE_PER_STRATUM_BY_SHA256_CASE_PERMUTATION,False,False,False,False,False,False,INDEPENDENT_CALIBRATION_DECISION_ERROR_ONLY
dlv_pair_082e591118a82b9b886f1797,calibration_subject_004__matched_linear,calibration_subject_004,matched_linear,MATCHED,INDEPENDENT_ONE_STEP_ASSIGNMENT_V1,knee|HALF|0.5|UPPER_EDGE,12,ONE_PAIR_PER_FROZEN_CASE_PER_STRATUM_BY_SHA256_CASE_PERMUTATION,False,False,False,False,False,False,INDEPENDENT_CALIBRATION_DECISION_ERROR_ONLY
