swept_branch,swept_beta,beta_flex,beta_extend,finite,duration_s,sample_count,hip_min_deg,hip_max_deg,hip_rom_deg,knee_min_deg,knee_max_deg,knee_rom_deg,hip_min_error_deg,hip_max_error_deg,hip_rom_error_deg,knee_min_error_deg,knee_max_error_deg,knee_rom_error_deg,hip_q_max_abs_error_rad,hip_dq_max_abs_error_rad_s,hip_ddq_max_abs_error_rad_s2,max_knee_displacement_deg,rms_knee_displacement_deg,max_knee_displacement_fraction_of_rom,rms_knee_displacement_fraction_of_rom,joint_space_path_length_deg,signed_qspace_area_deg2,flex_coordination_slope,extension_coordination_slope,flex_knee_midpoint_time_s,extension_knee_midpoint_time_s,peak_abs_knee_dq_deg_s,rms_knee_dq_deg_s,peak_abs_knee_ddq_deg_s2,rms_knee_ddq_deg_s2,peak_abs_knee_jerk_deg_s3,rms_knee_jerk_deg_s3,peak_dq_ratio,rms_dq_ratio,peak_ddq_ratio,rms_ddq_ratio,peak_jerk_ratio,minimum_warp_derivative,warped_phase_min,warped_phase_max,q_closure_error_rad,dq_closure_error_rad_s,ddq_closure_error_rad_s2,branch_anchor_q_max_error_rad,branch_anchor_dq_max_error_rad_s,branch_anchor_ddq_max_error_rad_s2,kinematic_gate_pass,exclusion_reason
flex,-0.25,-0.25,0.0,True,24.0,401,28.90933692566648,112.02543857007235,83.11610164440587,18.320897421647064,119.5,101.17910257835294,0.0,0.0,0.0,0.0,0.0,0.0,0.0,0.0,0.0,31.865311684169363,9.332353412792262,0.31493965524642714,0.09223597734092671,272.6993302016235,1694.4661522301485,1.1960548844285728,1.2224081452046176,6.500491001146743,19.114337507314264,28.290056421386033,11.529855959876318,35.12290415439892,7.779243438868825,171.58937243907474,33.299474347603145,0.999304696885596,0.9827571655439715,2.0095820762649232,1.2665355633250042,1.1012900310514706,0.14138007461959723,0.0,1.0,0.0,0.0,0.0,0.0,0.0,0.0,False,warp_monotonic_reserve;maximum_knee_displacement;rms_knee_displacement;peak_ddq_ratio;rms_ddq_ratio
flex,-0.2475,-0.2475,0.0,True,24.0,401,28.90933692566648,112.02543857007235,83.11610164440587,18.320897421647064,119.5,101.17910257835294,0.0,0.0,0.0,0.0,0.0,0.0,0.0,0.0,0.0,31.434681759302023,9.202926444661928,0.3106835399628007,0.09095679058366027,272.4930084042699,1681.4442072107986,1.1963740470976967,1.2224081452046176,6.476806691099449,19.114337507314264,28.290056421386033,11.513675644226748,37.00358725665662,7.770339027746766,171.58937243907474,33.18203031838987,0.999304696885596,0.9813780224566064,2.1171867047665236,1.265085839653907,1.1012900310514706,0.14996627387340122,0.0,1.0,0.0,0.0,0.0,0.0,0.0,0.0,False,warp_monotonic_reserve;maximum_knee_displacement;rms_knee_displacement;peak_ddq_ratio;rms_ddq_ratio
flex,-0.245,-0.245,0.0,True,24.0,401,28.90933692566648,112.02543857007235,83.11610164440587,18.320897421647064,119.5,101.17910257835294,0.0,0.0,0.0,0.0,0.0,0.0,0.0,0.0,0.0,31.00743077808628,9.074432238803121,0.30646082034651545,0.0896868227485601,272.29231419113603,1668.5060018600884,1.1966891637286352,1.2224081452046176,6.45274209470816,19.114337507314264,28.290056421386033,11.497958347461015,38.846679647612184,7.7989284383000355,171.58937243907474,33.343547765913684,0.999304696885596,0.980038345181083,2.2226405538412637,1.2697404703367952,1.1012900310514706,0.15855247312720533,0.0,1.0,0.0,0.0,0.0,0.0,0.0,0.0,False,warp_monotonic_reserve;maximum_knee_displacement;rms_knee_displacement;peak_ddq_ratio;rms_ddq_ratio
flex,-0.2425,-0.2425,0.0,True,24.0,401,28.90933692566648,112.02543857007235,83.11610164440587,18.320897421647064,119.5,101.17910257835294,0.0,0.0,0.0,0.0,0.0,0.0,0.0,0.0,0.0,30.58367511235246,8.94685359373282,0.3022726465543466,0.08842590382539113,272.09704049536197,1655.6500349678827,1.197000186867624,1.2224081452046176,6.427679948681298,19.114337507314264,28.290056421386033,11.482466150855641,40.65239751138784,7.846324311239636,171.58937243907474,33.793239660742884,0.999304696885596,0.9787178545108673,2.325955992618284,1.277456973760882,1.1012900310514706,0.16713867238100932,0.0,1.0,0.0,0.0,0.0,0.0,0.0,0.0,False,warp_monotonic_reserve;maximum_knee_displacement;rms_knee_displacement;peak_ddq_ratio;rms_ddq_ratio
flex,-0.24,-0.24,0.0,True,24.0,401,28.90933692566648,112.02543857007235,83.11610164440587,18.320897421647064,119.5,101.17910257835294,0.0,0.0,0.0,0.0,0.0,0.0,0.0,0.0,0.0,30.163258435530167,8.820173667101214,0.29811747353829104,0.08717386735339824,271.9069890533949,1642.874807670365,1.197307089090338,1.2224081452046176,6.402759971292725,19.114337507314264,28.290056421386033,11.467867097419948,37.956584825039805,7.773679729822122,171.58937243907474,33.716594912164034,0.999304696885596,0.9774734916650507,2.1717131420943727,1.2656297380443047,1.1012900310514706,0.17572487163481332,0.0,1.0,0.0,0.0,0.0,0.0,0.0,0.0,False,warp_monotonic_reserve;maximum_knee_displacement;rms_knee_displacement;peak_ddq_ratio;rms_ddq_ratio
flex,-0.2375,-0.2375,0.0,True,24.0,401,28.90933692566648,112.02543857007235,83.11610164440587,18.320897421647064,119.5,101.17910257835294,0.0,0.0,0.0,0.0,0.0,0.0,0.0,0.0,0.0,29.74568515562723,8.694371458562303,0.293990403132823,0.08593050577642153,271.72197154430205,1630.1783866131864,1.1976099352099665,1.2224081452046176,6.377014196009932,19.114337507314264,28.290056421386033,11.454020393537593,34.65951860438275,7.6715704837788135,171.58937243907474,33.827544253105664,0.999304696885596,0.9762932559789411,1.9830691406711272,1.249005371873684,1.1012900310514706,0.18431107088861742,0.0,1.0,0.0,0.0,0.0,0.0,0.0,0.0,False,warp_monotonic_reserve;maximum_knee_displacement;rms_knee_displacement;peak_ddq_ratio;rms_ddq_ratio
flex,-0.235,-0.235,0.0,True,24.0,401,28.90933692566648,112.02543857007235,83.11610164440587,18.320897421647064,119.5,101.17910257835294,0.0,0.0,0.0,0.0,0.0,0.0,0.0,0.0,0.0,29.33043962499464,8.569432560866874,0.28988633895305793,0.08469567670093454,271.5418250858345,1617.5592435510757,1.1979087538213775,1.2224081452046176,6.350734964116165,19.114337507314264,28.290056421386033,11.440956649358371,31.416961621731318,7.54156168740727,171.58937243907474,33.42351390582206,0.999304696885596,0.9751797565349202,1.7975439242778843,1.2278386908919687,1.1012900310514706,0.19289727014242142,0.0,1.0,0.0,0.0,0.0,0.0,0.0,0.0,False,warp_monotonic_reserve;maximum_knee_displacement;rms_knee_displacement;peak_ddq_ratio;rms_ddq_ratio
flex,-0.2325,-0.2325,0.0,True,24.0,401,28.90933692566648,112.02543857007235,83.11610164440587,18.320897421647064,119.5,101.17910257835294,0.0,0.0,0.0,0.0,0.0,0.0,0.0,0.0,0.0,28.91721664030831,8.445340678493668,0.28580226453298363,0.08346921907074249,271.3663923077256,1605.0157560338057,1.1982035701041103,1.2224081452046176,6.324651314651547,19.114337507314264,28.290056421386033,11.428446819691002,28.424917253610154,7.434461054949673,171.58937243907474,32.80543013351939,0.999304696885596,0.9741134704695847,1.6263519662571624,1.210401679063236,1.1012900310514706,0.2014834693962254,0.0,1.0,0.0,0.0,0.0,0.0,0.0,0.0,False,warp_monotonic_reserve;maximum_knee_displacement;rms_knee_displacement;peak_ddq_ratio;rms_ddq_ratio
flex,-0.23,-0.23,0.0,True,24.0,401,28.90933692566648,112.02543857007235,83.11610164440587,18.320897421647064,119.5,101.17910257835294,0.0,0.0,0.0,0.0,0.0,0.0,0.0,0.0,0.0,28.50616313510895,8.322082531968524,0.28173963208493397,0.08225100163864289,271.19553466694333,1592.546542055598,1.1984943835634505,1.2224081452046176,6.297042844806046,19.114337507314264,28.290056421386033,11.416549515322314,30.304714474402534,7.362625959453223,171.58937243907474,32.384717537794856,0.999304696885596,0.973099393523639,1.7339059084172632,1.1987062354309526,1.1012900310514706,0.2100696686500294,0.0,1.0,0.0,0.0,0.0,0.0,0.0,0.0,False,warp_monotonic_reserve;maximum_knee_displacement;rms_knee_displacement;peak_ddq_ratio;rms_ddq_ratio
flex,-0.2275,-0.2275,0.0,True,24.0,401,28.90933692566648,112.02543857007235,83.11610164440587,18.320897421647064,119.5,101.17910257835294,0.0,0.0,0.0,0.0,0.0,0.0,0.0,0.0,0.0,28.097484612239825,8.199643920096085,0.27770047268882603,0.08104088404763517,271.02912051169244,1580.150208245232,1.1987811873605287,1.2224081452046176,6.269667705051879,19.114337507314264,28.290056421386033,11.404984176198147,32.147518189872194,7.332508288472807,171.58937243907474,32.131637043934575,0.999304696885596,0.9721136119201415,1.8393432407176569,1.1938027892692569,1.1012900310514706,0.2186558679038334,0.0,1.0,0.0,0.0,0.0,0.0,0.0,0.0,False,warp_monotonic_reserve;maximum_knee_displacement;rms_knee_displacement;peak_ddq_ratio;rms_ddq_ratio
flex,-0.225,-0.225,0.0,True,24.0,401,28.90933692566648,112.02543857007235,83.11610164440587,18.320897421647064,119.5,101.17910257835294,0.0,0.0,0.0,0.0,0.0,0.0,0.0,0.0,0.0,27.691335208314797,8.078014426502907,0.27368630974830666,0.07983876334786924,270.86702813576017,1567.8256415184342,1.1990639413571724,1.2224081452046176,6.241623292891449,19.114337507314264,28.290056421386033,11.393950413053673,33.95352606330397,7.306784101638998,171.58937243907474,31.984396005631016,0.999304696885596,0.9711731396513741,1.9426752726045267,1.189614644532733,1.1012900310514706,0.2272420671576375,0.0,1.0,0.0,0.0,0.0,0.0,0.0,0.0,False,warp_monotonic_reserve;maximum_knee_displacement;rms_knee_displacement;peak_ddq_ratio;rms_ddq_ratio
flex,-0.2225,-0.2225,0.0,True,24.0,401,28.90933692566648,112.02543857007235,83.11610164440587,18.320897421647064,119.5,101.17910257835294,0.0,0.0,0.0,0.0,0.0,0.0,0.0,0.0,0.0,27.28763536605237,7.9571815350906805,0.26969635696186245,0.07864451583694025,270.70913727909624,1555.5716013611177,1.1993426403884553,1.2224081452046176,6.212980041318945,19.114337507314264,28.290056421386033,11.383409261419215,35.72293575801338,7.299546464324677,171.58937243907474,31.95823503890659,0.999304696885596,0.9702746555473316,2.043913313525812,1.1884362876494357,1.1012900310514706,0.2358282664114415,0.0,1.0,0.0,0.0,0.0,0.0,0.0,0.0,False,warp_monotonic_reserve;maximum_knee_displacement;rms_knee_displacement;peak_ddq_ratio;rms_ddq_ratio
flex,-0.22,-0.22,0.0,True,24.0,401,28.90933692566648,112.02543857007235,83.11610164440587,18.320897421647064,119.5,101.17910257835294,0.0,0.0,0.0,0.0,0.0,0.0,0.0,0.0,0.0,26.886239104014123,7.837134743570708,0.2657291715272278,0.07745803771585781,270.55533093087024,1543.3869799113195,1.1996172575210153,1.2224081452046176,6.184451227367069,19.114337507314264,28.290056421386033,11.37339248938949,36.91543753219145,7.268839042256966,171.58937243907474,31.853954143866186,0.999304696885596,0.9694208673888246,2.112143155248688,1.1834368243452713,1.1012900310514706,0.2444144656652456,0.0,1.0,0.0,0.0,0.0,0.0,0.0,0.0,False,warp_monotonic_reserve;maximum_knee_displacement;rms_knee_displacement;peak_ddq_ratio;rms_ddq_ratio
flex,-0.2175,-0.2175,0.0,True,24.0,401,28.90933692566648,112.02543857007235,83.11610164440587,18.320897421647064,119.5,101.17910257835294,0.0,0.0,0.0,0.0,0.0,0.0,0.0,0.0,0.0,26.486991218192088,7.717864498326053,0.26178321949120475,0.07627923456179453,270.4055058032691,1531.2707091066718,1.1998877943658652,1.2224081452046176,6.154608828242777,19.114337507314264,28.290056421386033,11.364001698852734,33.74300675372194,7.20013245682905,171.58937243907474,31.576735018942944,0.999304696885596,0.9686204352999732,1.9306302597723313,1.1722507322062474,1.1012900310514706,0.2530006649190496,0.0,1.0,0.0,0.0,0.0,0.0,0.0,0.0,False,warp_monotonic_reserve;maximum_knee_displacement;rms_knee_displacement;peak_ddq_ratio;rms_ddq_ratio
flex,-0.215,-0.215,0.0,True,24.0,401,28.90933692566648,112.02543857007235,83.11610164440587,18.320897421647064,119.5,101.17910257835294,0.0,0.0,0.0,0.0,0.0,0.0,0.0,0.0,0.0,26.089621914602176,7.599361025315584,0.2578558343547119,0.07510800977336848,270.2595630487815,1519.2216555985274,1.200154269977675,1.2224081452046176,6.125205853376868,19.114337507314264,28.290056421386033,11.35524543852617,30.623388842917493,7.135961743805223,171.58937243907474,31.24295903668172,0.999304696885596,0.9678740879380248,1.752139090283931,1.1618031236685695,1.1012900310514706,0.2615868641728536,0.0,1.0,0.0,0.0,0.0,0.0,0.0,0.0,False,warp_monotonic_reserve;maximum_knee_displacement;rms_knee_displacement;peak_ddq_ratio;rms_ddq_ratio
flex,-0.2125,-0.2125,0.0,True,24.0,401,28.90933692566648,112.02543857007235,83.11610164440587,18.320897421647064,119.5,101.17910257835294,0.0,0.0,0.0,0.0,0.0,0.0,0.0,0.0,0.0,25.693783781427555,7.481616112467494,0.2539435824856257,0.07394428218686504,270.1174146631431,1507.2388364478152,1.200416690425911,1.2224081452046176,6.09463470353801,19.114337507314264,28.290056421386033,11.346904620433548,27.556304575400297,7.069605254443232,171.58937243907474,31.19296975762057,0.999304696885596,0.9671631511513427,1.5766536707610486,1.1509996497453292,1.1012900310514706,0.2701730634266577,0.0,1.0,0.0,0.0,0.0,0.0,0.0,0.0,False,warp_monotonic_reserve;maximum_knee_displacement;rms_knee_displacement;peak_ddq_ratio;rms_ddq_ratio
flex,-0.21,-0.21,0.0,True,24.0,401,28.90933692566648,112.02543857007235,83.11610164440587,18.320897421647064,119.5,101.17910257835294,0.0,0.0,0.0,0.0,0.0,0.0,0.0,0.0,0.0,25.299130094293943,7.364624069320876,0.25004303704613645,0.07278799556081972,269.9789824347099,1495.321432389991,1.200675046039673,1.2224081452046176,6.064246250813681,19.114337507314264,28.290056421386033,11.339168443020471,27.176519730896132,6.997627225500016,171.58937243907474,30.68824077034427,0.999304696885596,0.9665037514317729,1.5549240093128496,1.1392809351748188,1.1012900310514706,0.2787592626804617,0.0,1.0,0.0,0.0,0.0,0.0,0.0,0.0,False,warp_monotonic_reserve;maximum_knee_displacement;rms_knee_displacement;peak_ddq_ratio
flex,-0.2075,-0.2075,0.0,True,24.0,401,28.90933692566648,112.02543857007235,83.11610164440587,18.320897421647064,119.5,101.17910257835294,0.0,0.0,0.0,0.0,0.0,0.0,0.0,0.0,0.0,24.91191852313122,7.248375988427971,0.24621604549061374,0.0716390618587948,269.84419009561265,1483.468452124744,1.2009293542532462,1.2224081452046176,6.0332162926172295,19.114337507314264,28.290056421386033,11.331963430538234,28.956594890151326,6.949639360860506,171.58937243907474,30.44583107601095,0.999304696885596,0.9658896260108316,1.6567722824145956,1.131468049815005,1.1012900310514706,0.2873454619342657,0.0,1.0,0.0,0.0,0.0,0.0,0.0,0.0,False,warp_monotonic_reserve;maximum_knee_displacement;rms_knee_displacement;peak_ddq_ratio
flex,-0.205,-0.205,0.0,True,24.0,401,28.90933692566648,112.02543857007235,83.11610164440587,18.320897421647064,119.5,101.17910257835294,0.0,0.0,0.0,0.0,0.0,0.0,0.0,0.0,0.0,24.526675188925722,7.132866731515776,0.2424085069338533,0.07049743029685497,269.7129710310313,1471.6792494183596,1.2011795825003262,1.2224081452046176,6.002004267074388,19.114337507314264,28.290056421386033,11.325145926745426,30.70102674070235,6.924227927800141,171.58937243907474,30.44516812953563,0.999304696885596,0.9653085302255225,1.7565811981216397,1.127330824397274,1.1012900310514706,0.2959316611880698,0.0,1.0,0.0,0.0,0.0,0.0,0.0,0.0,False,warp_monotonic_reserve;maximum_knee_displacement;rms_knee_displacement;peak_ddq_ratio
flex,-0.2025,-0.2025,0.0,True,24.0,401,28.90933692566648,112.02543857007235,83.11610164440587,18.320897421647064,119.5,101.17910257835294,0.0,0.0,0.0,0.0,0.0,0.0,0.0,0.0,0.0,24.1423992655927,7.018089806371626,0.23861052974745317,0.06936303670945122,269.5852545085852,1459.953145857433,1.201425690726091,1.2224081452046176,5.97060223872071,19.114337507314264,28.290056421386033,11.318739583554395,32.409988367441414,6.911461941079292,171.58937243907474,30.923807864580624,0.999304696885596,0.9647624800668884,1.854360659609856,1.125252399122381,1.1012900310514706,0.3045178604418737,0.0,1.0,0.0,0.0,0.0,0.0,0.0,0.0,False,warp_monotonic_reserve;maximum_knee_displacement;rms_knee_displacement;peak_ddq_ratio
flex,-0.2,-0.2,0.0,True,24.0,401,28.90933692566648,112.02543857007235,83.11610164440587,18.320897421647064,119.5,101.17910257835294,0.0,0.0,0.0,0.0,0.0,0.0,0.0,0.0,0.0,23.759212599997554,6.904043254918328,0.2348233182004995,0.06823586174399844,269.4609756297049,1448.2897758314016,1.2016676217775195,1.2224081452046176,5.938770492755635,19.114337507314264,28.290056421386033,11.312636425785549,33.91977271867192,6.9222207347831395,171.58937243907474,31.520321115155205,0.999304696885596,0.9642422721778521,1.940744050855654,1.1270040340919611,1.1012900310514706,0.3131040596956778,0.0,1.0,0.0,0.0,0.0,0.0,0.0,0.0,False,warp_monotonic_reserve;maximum_knee_displacement;rms_knee_displacement;peak_ddq_ratio
flex,-0.1975,-0.1975,0.0,True,24.0,401,28.90933692566648,112.02543857007235,83.11610164440587,18.320897421647064,119.5,101.17910257835294,0.0,0.0,0.0,0.0,0.0,0.0,0.0,0.0,0.0,23.377292525636037,6.7907222534923175,0.23104862496218226,0.06711585772599231,269.3400617722349,1436.688593401453,1.201905338168594,1.2224081452046176,5.907133754069893,19.114337507314264,28.290056421386033,11.307042070395367,30.905452493090767,6.839948689241176,171.58937243907474,30.701699554441177,0.999304696885596,0.963765432496122,1.7682775637217285,1.1136093547294725,1.1012900310514706,0.3216902589494818,0.0,1.0,0.0,0.0,0.0,0.0,0.0,0.0,False,warp_monotonic_reserve;maximum_knee_displacement;rms_knee_displacement;peak_ddq_ratio
flex,-0.195,-0.195,0.0,True,24.0,401,28.90933692566648,112.02543857007235,83.11610164440587,18.320897421647064,119.5,101.17910257835294,0.0,0.0,0.0,0.0,0.0,0.0,0.0,0.0,0.0,22.996803697707236,6.678122142250606,0.22728807739620488,0.06600297860004321,269.22246035882915,1425.149020883423,1.2021388417920196,1.2224081452046176,5.874920719492759,19.114337507314264,28.290056421386033,11.302059378718704,27.941704402277356,6.7535997913576935,171.58937243907474,29.8449688522873,0.999304696885596,0.9633407284958312,1.598704597440776,1.099550924641411,1.1012900310514706,0.33027645820328577,0.0,1.0,0.0,0.0,0.0,0.0,0.0,0.0,False,warp_monotonic_reserve;maximum_knee_displacement;rms_knee_displacement;peak_ddq_ratio
flex,-0.1925,-0.1925,0.0,True,24.0,401,28.90933692566648,112.02543857007235,83.11610164440587,18.320897421647064,119.5,101.17910257835294,0.0,0.0,0.0,0.0,0.0,0.0,0.0,0.0,0.0,22.617743662999743,6.566238007701262,0.22354165125634118,0.0648971758038314,269.1081249865616,1413.6704243140148,1.2023681544584173,1.2224081452046176,5.843235560533439,19.114337507314264,28.290056421386033,11.297561575837006,25.028283941959945,6.7033598566719945,171.58937243907474,29.388592511072932,0.999304696885596,0.9629573544080217,1.4320111625260523,1.0913713806435161,1.1012900310514706,0.3388626574570899,0.0,1.0,0.0,0.0,0.0,0.0,0.0,0.0,False,warp_monotonic_reserve;maximum_knee_displacement;rms_knee_displacement;peak_ddq_ratio
flex,-0.19,-0.19,0.0,True,24.0,401,28.90933692566648,112.02543857007235,83.11610164440587,18.320897421647064,119.5,101.17910257835294,0.0,0.0,0.0,0.0,0.0,0.0,0.0,0.0,0.0,22.23999198618604,6.455068504160977,0.2198081562243886,0.06379843603734459,268.9970080356494,1402.2524878032345,1.2025932551779426,1.2224081452046176,5.8109031651301475,19.114337507314264,28.290056421386033,11.29335460737565,25.447069034869283,6.661889691777342,171.58937243907474,29.133523887033032,0.999304696885596,0.9625987698415706,1.4559722510743678,1.0846196394145942,1.1012900310514706,0.34744885671089387,0.0,1.0,0.0,0.0,0.0,0.0,0.0,0.0,False,warp_monotonic_reserve;maximum_knee_displacement;rms_knee_displacement;peak_ddq_ratio
flex,-0.1875,-0.1875,0.0,True,24.0,401,28.90933692566648,112.02543857007235,83.11610164440587,18.320897421647064,119.5,101.17910257835294,0.0,0.0,0.0,0.0,0.0,0.0,0.0,0.0,0.0,21.86342575561291,6.344612033722264,0.21608637750746906,0.06270674350772193,268.88906135971627,1390.894849722356,1.2028141226539564,1.2224081452046176,5.779394547718709,19.114337507314264,28.290056421386033,11.289617503944012,27.1450317598884,6.622002098503262,171.58937243907474,29.339506831525114,0.999304696885596,0.9622802346240794,1.5531224025357757,1.0781255560485117,1.1012900310514706,0.35603505596469787,0.0,1.0,0.0,0.0,0.0,0.0,0.0,0.0,False,warp_monotonic_reserve;maximum_knee_displacement;rms_knee_displacement;peak_ddq_ratio
flex,-0.185,-0.185,0.0,True,24.0,401,28.90933692566648,112.02543857007235,83.11610164440587,18.320897421647064,119.5,101.17910257835294,0.0,0.0,0.0,0.0,0.0,0.0,0.0,0.0,0.0,21.487925768719208,6.234866385942534,0.21237513697138194,0.061622076368134056,268.7842390586977,1379.5971446588705,1.2030307687595778,1.2224081452046176,5.747214250526241,19.114337507314264,28.290056421386033,11.286325036266327,28.80878014236812,6.613943472646478,171.58937243907474,29.867847021456388,0.999304696885596,0.9619995983165811,1.6483149559233992,1.0768135343436567,1.1012900310514706,0.36462125521850197,0.0,1.0,0.0,0.0,0.0,0.0,0.0,0.0,False,warp_monotonic_reserve;maximum_knee_displacement;rms_knee_displacement;peak_ddq_ratio
flex,-0.1825,-0.1825,0.0,True,24.0,401,28.90933692566648,112.02543857007235,83.11610164440587,18.320897421647064,119.5,101.17910257835294,0.0,0.0,0.0,0.0,0.0,0.0,0.0,0.0,0.0,21.11338424855552,6.125827869634042,0.20867336940654665,0.06054439813686043,268.6824832041116,1368.3589200601396,1.203243193934629,1.2224081452046176,5.71594677507406,19.114337507314264,28.290056421386033,11.283540181287465,30.438456627141445,6.608458895455619,171.58937243907474,30.11647896095826,0.999304696885596,0.961762228813007,1.7415580613202155,1.0759205924892705,1.1012900310514706,0.37320745447230597,0.0,1.0,0.0,0.0,0.0,0.0,0.0,0.0,False,warp_monotonic_reserve;maximum_knee_displacement;rms_knee_displacement;peak_ddq_ratio
flex,-0.18,-0.18,0.0,True,24.0,401,28.90933692566648,112.02543857007235,83.11610164440587,18.320897421647064,119.5,101.17910257835294,0.0,0.0,0.0,0.0,0.0,0.0,0.0,0.0,0.0,20.739695611150907,6.017496412482382,0.20498003127760617,0.05947370809918424,268.583745363925,1357.1800301816843,1.2034513759077732,1.2224081452046176,5.684365513598234,19.114337507314264,28.290056421386033,11.281083396140382,29.488680600372998,6.561813214382457,171.58937243907474,29.743261377934306,0.999304696885596,0.9615528226230338,1.6872159467994567,1.0683262275077747,1.1012900310514706,0.38179365372611007,0.0,1.0,0.0,0.0,0.0,0.0,0.0,0.0,False,warp_monotonic_reserve;maximum_knee_displacement;rms_knee_displacement;peak_ddq_ratio
flex,-0.1775,-0.1775,0.0,True,24.0,401,28.90933692566648,112.02543857007235,83.11610164440587,18.320897421647064,119.5,101.17910257835294,0.0,0.0,0.0,0.0,0.0,0.0,0.0,0.0,0.0,20.368843980983414,5.909871186482691,0.20131473260705995,0.058409998071549375,268.4879921485786,1346.0602669816562,1.2036553012569504,1.2224081452046176,5.653557201936572,19.114337507314264,28.290056421386033,11.279097531374639,26.656546958220943,6.509436659355136,171.58937243907474,29.014776543087873,0.999304696885596,0.9613835557358213,1.5251733953112179,1.0597988211927725,1.1012900310514706,0.39037985297991407,0.0,1.0,0.0,0.0,0.0,0.0,0.0,0.0,False,warp_monotonic_reserve;maximum_knee_displacement;rms_knee_displacement;peak_ddq_ratio
flex,-0.175,-0.175,0.0,True,24.0,401,28.90933692566648,112.02543857007235,83.11610164440587,18.320897421647064,119.5,101.17910257835294,0.0,0.0,0.0,0.0,0.0,0.0,0.0,0.0,0.0,20.004710372910793,5.8029502012588265,0.19771583126485212,0.05735324838214523,268.3951990466479,1334.9993305609441,1.203854971408947,1.2224081452046176,5.6228465079696734,19.114337507314264,28.290056421386033,11.277432457597527,23.872322904154057,6.48360399303606,171.58937243907474,28.627638665036276,0.999304696885596,0.9612416317437689,1.3658720251636207,1.0555930149539365,1.1012900310514706,0.39896605223371806,0.0,1.0,0.0,0.0,0.0,0.0,0.0,0.0,False,warp_monotonic_reserve;maximum_knee_displacement;rms_knee_displacement;peak_ddq_ratio
flex,-0.1725,-0.1725,0.0,True,24.0,401,28.90933692566648,112.02543857007235,83.11610164440587,18.320897421647064,119.5,101.17910257835294,0.0,0.0,0.0,0.0,0.0,0.0,0.0,0.0,0.0,19.6413240007368,5.696736158412022,0.19412431520161577,0.05630348573214986,268.3053420541804,1323.9973392977236,1.2040503395784183,1.2224081452046176,5.592722716172961,19.114337507314264,28.290056421386033,11.27605609226957,23.197143694371274,6.441045495202046,171.58937243907474,28.492598449641577,0.999304696885596,0.9611243160640967,1.327241163880578,1.0486640826673919,1.1012900310514706,0.40755225148752217,0.0,1.0,0.0,0.0,0.0,0.0,0.0,0.0,False,warp_monotonic_reserve;maximum_knee_displacement;rms_knee_displacement;peak_ddq_ratio
flex,-0.17,-0.17,0.0,True,24.0,401,28.90933692566648,112.02543857007235,83.11610164440587,18.320897421647064,119.5,101.17910257835294,0.0,0.0,0.0,0.0,0.0,0.0,0.0,0.0,0.0,19.278626023825353,5.591226561605407,0.19053960286805288,0.05526068544910813,268.2183917926616,1313.0539799623361,1.2042414200597313,1.2224081452046176,5.563089766815862,19.114337507314264,28.290056421386033,11.275280184826666,24.831874806543034,6.387540123190712,171.58937243907474,28.351247768904273,0.999304696885596,0.9610581809274595,1.4207734733983701,1.0399528941033864,1.1012900310514706,0.41613845074132605,0.0,1.0,0.0,0.0,0.0,0.0,0.0,0.0,False,warp_monotonic_reserve;maximum_knee_displacement;rms_knee_displacement;peak_ddq_ratio
flex,-0.1675,-0.1675,0.0,True,24.0,401,28.90933692566648,112.02543857007235,83.11610164440587,18.320897421647064,119.5,101.17910257835294,0.0,0.0,0.0,0.0,0.0,0.0,0.0,0.0,0.0,18.916678606621318,5.486420137630774,0.18696230866420535,0.05422483494931277,268.1343245574375,1302.1690211578054,1.2044282468661447,1.2224081452046176,5.533843221243768,19.114337507314264,28.290056421386033,11.274844217533587,26.433895055852762,6.386914450985249,171.58937243907474,28.524832167110773,0.999304696885596,0.9610210208811669,1.5124342075072006,1.0398510286578029,1.1012900310514706,0.42472464999513015,0.0,1.0,0.0,0.0,0.0,0.0,0.0,0.0,False,warp_monotonic_reserve;maximum_knee_displacement;rms_knee_displacement;peak_ddq_ratio
flex,-0.165,-0.165,0.0,True,24.0,401,28.90933692566648,112.02543857007235,83.11610164440587,18.320897421647064,119.5,101.17910257835294,0.0,0.0,0.0,0.0,0.0,0.0,0.0,0.0,0.0,18.55556756681517,5.382317701648257,0.18339328076611244,0.053195942289369476,268.0530953667685,1291.3424861411886,1.2046107960228762,1.2224081452046176,5.5054433924066135,19.114337507314264,28.290056421386033,11.274695989740104,28.00331037544225,6.392377500329276,171.58937243907474,28.896902191452604,0.999304696885596,0.9610083865580076,1.6022294272475255,1.040740465571917,1.1012900310514706,0.43331084924893415,0.0,1.0,0.0,0.0,0.0,0.0,0.0,0.0,False,warp_monotonic_reserve;maximum_knee_displacement;rms_knee_displacement;peak_ddq_ratio
flex,-0.1625,-0.1625,0.0,True,24.0,401,28.90933692566648,112.02543857007235,83.11610164440587,18.320897421647064,119.5,101.17910257835294,0.0,0.0,0.0,0.0,0.0,0.0,0.0,0.0,0.0,18.195378972889756,5.278919552109374,0.17983336982851061,0.05217401041901303,267.9746460907146,1280.5743609427393,1.204789049841958,1.2224081452046176,5.477227929128497,19.114337507314264,28.290056421386033,11.274859542251262,26.78020286374434,6.35716233137898,171.58937243907474,28.950198414551146,0.999304696885596,0.9610223270966267,1.5322484563674375,1.0350070977714958,1.1012900310514706,0.44189704850273814,0.0,1.0,0.0,0.0,0.0,0.0,0.0,0.0,False,warp_monotonic_reserve;maximum_knee_displacement;rms_knee_displacement;peak_ddq_ratio
flex,-0.16,-0.16,0.0,True,24.0,401,28.90933692566648,112.02543857007235,83.11610164440587,18.320897421647064,119.5,101.17910257835294,0.0,0.0,0.0,0.0,0.0,0.0,0.0,0.0,0.0,17.836213109043868,5.176228208499247,0.17628356700665074,0.051159064239483486,267.8989467082565,1269.8647698084706,1.20496300838611,1.2224081452046176,5.449919584963634,19.114337507314264,28.290056421386033,11.275422455639875,24.09984030153319,6.308692304389168,171.58937243907474,28.57423333969162,0.999304696885596,0.961070307502294,1.3788895957438225,1.0271157117491492,1.1012900310514706,0.45048324775654225,0.0,1.0,0.0,0.0,0.0,0.0,0.0,0.0,False,warp_monotonic_reserve;maximum_knee_displacement;rms_knee_displacement;peak_ddq_ratio
flex,-0.1575,-0.1575,0.0,True,24.0,401,28.90933692566648,112.02543857007235,83.11610164440587,18.320897421647064,119.5,101.17910257835294,0.0,0.0,0.0,0.0,0.0,0.0,0.0,0.0,0.0,17.482809160489722,5.07424089955611,0.1727907118661293,0.05015107636111544,267.8259706293701,1259.2134674264757,1.2051326992489462,1.2224081452046176,5.423084634572279,19.114337507314264,28.290056421386033,11.276384471103112,21.464596716977752,6.279364607323288,171.58937243907474,28.41532442044196,0.999304696885596,0.961152305715728,1.228112249689667,1.0223408809296421,1.1012900310514706,0.45906944701034624,0.0,1.0,0.0,0.0,0.0,0.0,0.0,0.0,False,warp_monotonic_reserve;maximum_knee_displacement;rms_knee_displacement
flex,-0.155,-0.155,0.0,True,24.0,401,28.90933692566648,112.02543857007235,83.11610164440587,18.320897421647064,119.5,101.17910257835294,0.0,0.0,0.0,0.0,0.0,0.0,0.0,0.0,0.0,17.133329493739865,4.972957879631645,0.1693366422228527,0.049150049297784534,267.755693567231,1248.6204344473504,1.2052981277254382,1.2224081452046176,5.396893085088128,19.114337507314264,28.290056421386033,11.27770550486225,21.9824312206852,6.235788334827409,171.58937243907474,28.03798469196032,0.999304696885596,0.9612649051616566,1.257740521103314,1.0152462451508706,1.1012900310514706,0.46765564626415024,0.0,1.0,0.0,0.0,0.0,0.0,0.0,0.0,False,warp_monotonic_reserve;maximum_knee_displacement;rms_knee_displacement;peak_ddq_ratio
flex,-0.1525,-0.1525,0.0,True,24.0,401,28.90933692566648,112.02543857007235,83.11610164440587,18.320897421647064,119.5,101.17910257835294,0.0,0.0,0.0,0.0,0.0,0.0,0.0,0.0,0.0,16.784865038219536,4.8723809552312,0.1658926063830361,0.04815600090402102,267.6881072908385,1238.0857681172301,1.2054593120025399,1.2224081452046176,5.371519331959609,19.114337507314264,28.290056421386033,11.27935624328855,23.541951321378612,6.218501955001675,171.58937243907474,27.76331390805362,0.999304696885596,0.9614056072677827,1.3469695788187999,1.0124318564532444,1.1012900310514706,0.47624184551795434,0.0,1.0,0.0,0.0,0.0,0.0,0.0,0.0,False,warp_monotonic_reserve;maximum_knee_displacement;rms_knee_displacement;peak_ddq_ratio
flex,-0.15,-0.15,0.0,True,24.0,401,28.90933692566648,112.02543857007235,83.11610164440587,18.320897421647064,119.5,101.17910257835294,0.0,0.0,0.0,0.0,0.0,0.0,0.0,0.0,0.0,16.437529129265158,4.772508801405885,0.1624597244923769,0.04716891808474049,267.62319041215375,1227.609380693589,1.2056162602292162,1.2224081452046176,5.346504134498215,19.114337507314264,28.290056421386033,11.281257546854247,25.070422909303268,6.211460156698979,171.58937243907474,27.680970073079667,0.999304696885596,0.9615676665085542,1.4344221736745952,1.0112853840423717,1.1012900310514706,0.48482804477175834,0.0,1.0,0.0,0.0,0.0,0.0,0.0,0.0,False,warp_monotonic_reserve;maximum_knee_displacement;rms_knee_displacement;peak_ddq_ratio
flex,-0.1475,-0.1475,0.0,True,24.0,401,28.90933692566648,112.02543857007235,83.11610164440587,18.320897421647064,119.5,101.17910257835294,0.0,0.0,0.0,0.0,0.0,0.0,0.0,0.0,0.0,16.091435143964105,4.673343573772218,0.15903911710921653,0.046188822144900804,267.5609143202927,1217.1914920288546,1.2057689705607317,1.2224081452046176,5.322283606299043,19.114337507314264,28.290056421386033,11.283453333418013,25.714997694347556,6.196684321629194,171.58937243907474,27.623884917604986,0.999304696885596,0.9617548262603374,1.4713019809121493,1.0088797361486186,1.1012900310514706,0.49341424402556244,0.0,1.0,0.0,0.0,0.0,0.0,0.0,0.0,False,warp_monotonic_reserve;maximum_knee_displacement;rms_knee_displacement;peak_ddq_ratio
flex,-0.145,-0.145,0.0,True,24.0,401,28.90933692566648,112.02543857007235,83.11610164440587,18.320897421647064,119.5,101.17910257835294,0.0,0.0,0.0,0.0,0.0,0.0,0.0,0.0,0.0,15.746650159874804,4.574885280261793,0.15563144719217709,0.045215713162893585,267.5012430900118,1206.8321634448503,1.205917460428323,1.2224081452046176,5.298737890849662,19.114337507314264,28.290056421386033,11.286004786935248,23.15634732515747,6.168357873972619,171.58937243907474,27.459176321153052,0.999304696885596,0.9619723015900674,1.324906970444057,1.0042679183514713,1.1012900310514706,0.5020004432793664,0.0,1.0,0.0,0.0,0.0,0.0,0.0,0.0,False,warp_monotonic_reserve;maximum_knee_displacement;rms_knee_displacement;peak_ddq_ratio
flex,-0.1425,-0.1425,0.0,True,24.0,401,28.90933692566648,112.02543857007235,83.11610164440587,18.320897421647064,119.5,101.17910257835294,0.0,0.0,0.0,0.0,0.0,0.0,0.0,0.0,0.0,15.405014729738824,4.477131113711313,0.1522549057776946,0.044249563394221945,267.44413594446496,1196.5311849080822,1.2060617651020598,1.2224081452046176,5.275677740264648,19.114337507314264,28.290056421386033,11.28888394151575,20.639877462045202,6.153845581060327,171.58937243907474,27.85388843005623,0.999304696885596,0.9622177088010979,1.1809253477929047,1.0019051776526817,1.1012900310514706,0.5105866425331704,0.0,1.0,0.0,0.0,0.0,0.0,0.0,0.0,False,warp_monotonic_reserve;maximum_knee_displacement;rms_knee_displacement
flex,-0.14,-0.14,0.0,True,24.0,401,28.90933692566648,112.02543857007235,83.11610164440587,18.320897421647064,119.5,101.17910257835294,0.0,0.0,0.0,0.0,0.0,0.0,0.0,0.0,0.0,15.069922466437575,4.380083933185424,0.14894303351591254,0.04329040109634787,267.3895524235627,1186.2887910056384,1.2062019153586134,1.2224081452046176,5.253329204598443,19.114337507314264,28.290056421386033,11.292025235165314,20.088929259094712,6.148606449593424,171.58937243907474,27.92243846206395,0.999304696885596,0.9624854596605996,1.1494024523987034,1.0010521967200354,1.1012900310514706,0.5191728417869744,0.0,1.0,0.0,0.0,0.0,0.0,0.0,0.0,False,warp_monotonic_reserve;maximum_knee_displacement;rms_knee_displacement
flex,-0.1375,-0.1375,0.0,True,24.0,401,28.90933692566648,112.02543857007235,83.11610164440587,18.320897421647064,119.5,101.17910257835294,0.0,0.0,0.0,0.0,0.0,0.0,0.0,0.0,0.0,14.736037056551694,4.2837425025833715,0.14564308914620122,0.04233821405231429,267.33744937191784,1176.105012452258,1.2063379241574912,1.2224081452046176,5.231606639747389,19.114337507314264,28.290056421386033,11.295473413253609,21.595123517841817,6.133807261983397,171.58937243907474,27.650713608555513,0.999304696885596,0.9627793680785484,1.2355804339359227,0.9986427468083943,1.1012900310514706,0.5277590410407784,0.0,1.0,0.0,0.0,0.0,0.0,0.0,0.0,False,warp_monotonic_reserve;maximum_knee_displacement;rms_knee_displacement
flex,-0.135,-0.135,0.0,True,24.0,401,28.90933692566648,112.02543857007235,83.11610164440587,18.320897421647064,119.5,101.17910257835294,0.0,0.0,0.0,0.0,0.0,0.0,0.0,0.0,0.0,14.403151683970506,4.188104813685366,0.1423530286090127,0.04139298241395356,267.2878041662964,1165.9798334446614,1.2064698071812276,1.2224081452046176,5.2103687174116216,19.114337507314264,28.290056421386033,11.299150018970211,23.071979038803374,6.106320944729143,171.58937243907474,27.413752858031803,0.999304696885596,0.9630927467213904,1.3200797786117113,0.9941677103114765,1.1012900310514706,0.5363452402945825,0.0,1.0,0.0,0.0,0.0,0.0,0.0,0.0,False,warp_monotonic_reserve;maximum_knee_displacement;rms_knee_displacement;peak_ddq_ratio
flex,-0.1325,-0.1325,0.0,True,24.0,401,28.90933692566648,112.02543857007235,83.11610164440587,18.320897421647064,119.5,101.17910257835294,0.0,0.0,0.0,0.0,0.0,0.0,0.0,0.0,0.0,14.071031079946138,4.093174443804028,0.13907052663418865,0.04045474153750553,267.2406032732466,1155.9136445443573,1.206597586274326,1.2224081452046176,5.189764459377681,19.114337507314264,28.290056421386033,11.303075939018703,23.757630956860066,6.102634869581463,171.58937243907474,27.43555206962946,0.999304696885596,0.9634273758852269,1.3593098433872866,0.9935675818670703,1.1012900310514706,0.5449314395483865,0.0,1.0,0.0,0.0,0.0,0.0,0.0,0.0,False,warp_monotonic_reserve;maximum_knee_displacement;rms_knee_displacement;peak_ddq_ratio
flex,-0.13,-0.13,0.0,True,24.0,401,28.90933692566648,112.02543857007235,83.11610164440587,18.320897421647064,119.5,101.17910257835294,0.0,0.0,0.0,0.0,0.0,0.0,0.0,0.0,0.0,13.739440274285144,3.998948189305779,0.13579326090232263,0.03952345975997366,267.1958155624761,1145.9062724981986,1.2067212846439073,1.2224081452046176,5.16975752427247,19.114337507314264,28.290056421386033,11.307347479682868,21.331699855186095,6.069206162712582,171.58937243907474,27.410405908336298,0.999304696885596,0.9637914643187883,1.2205084607126977,0.9881250672551918,1.1012900310514706,0.5535176388021905,0.0,1.0,0.0,0.0,0.0,0.0,0.0,0.0,False,warp_monotonic_reserve;maximum_knee_displacement;rms_knee_displacement
flex,-0.1275,-0.1275,0.0,True,24.0,401,28.90933692566648,112.02543857007235,83.11610164440587,18.320897421647064,119.5,101.17910257835294,0.0,0.0,0.0,0.0,0.0,0.0,0.0,0.0,0.0,13.41513038034897,3.905422788726186,0.13258795579808896,0.03859910484679218,267.1534193645555,1135.9575359050382,1.2068409712020947,1.2224081452046176,5.150204976629729,19.114337507314264,28.290056421386033,11.31188477443914,18.94478286260091,6.042848693256324,171.58937243907474,27.02069436956608,0.999304696885596,0.9641782045304118,1.0839392981871494,0.9838338180240893,1.1012900310514706,0.5621038380559946,0.0,1.0,0.0,0.0,0.0,0.0,0.0,0.0,False,warp_monotonic_reserve;maximum_knee_displacement;rms_knee_displacement
flex,-0.125,-0.125,0.0,True,24.0,401,28.90933692566648,112.02543857007235,83.11610164440587,18.320897421647064,119.5,101.17910257835294,0.0,0.0,0.0,0.0,0.0,0.0,0.0,0.0,0.0,13.093986019294363,3.8126015458152596,0.12941393712357155,0.03768170945045482,267.1133911069745,1126.067861358711,1.2069566755338481,1.2224081452046176,5.13120180595812,19.114337507314264,28.290056421386033,11.316613886296876,18.98887231314531,6.03974124487451,171.58937243907474,26.79368181709918,0.999304696885596,0.9645812944372609,1.0864619076267592,0.9833278955757573,1.1012900310514706,0.5706900373097986,0.0,1.0,0.0,0.0,0.0,0.0,0.0,0.0,False,warp_monotonic_reserve;maximum_knee_displacement;rms_knee_displacement
flex,-0.1225,-0.1225,0.0,True,24.0,401,28.90933692566648,112.02543857007235,83.11610164440587,18.320897421647064,119.5,101.17910257835294,0.0,0.0,0.0,0.0,0.0,0.0,0.0,0.0,0.0,12.773315489282282,3.7204808037080093,0.12624460154102124,0.03677123742846874,267.07568162299407,1116.23707992288,1.2070684186038458,1.2224081452046176,5.112732198866415,19.114337507314264,28.290056421386033,11.321623915993783,20.434767634082174,6.029882474436402,171.58937243907474,26.84032454010498,0.999304696885596,0.9650083286171637,1.1691898423196574,0.9817227930399332,1.1012900310514706,0.5792762365636026,0.0,1.0,0.0,0.0,0.0,0.0,0.0,0.0,False,warp_monotonic_reserve;maximum_knee_displacement;rms_knee_displacement
flex,-0.12,-0.12,0.0,True,24.0,401,28.90933692566648,112.02543857007235,83.11610164440587,18.320897421647064,119.5,101.17910257835294,0.0,0.0,0.0,0.0,0.0,0.0,0.0,0.0,0.0,12.453108747538494,3.629058024690649,0.12307984979304225,0.035867663699431535,267.0402446099341,1106.465118899247,1.2071762385047762,1.2224081452046176,5.094744874490814,19.114337507314264,28.290056421386033,11.32681954738848,21.853106089342848,6.041932473856312,171.58937243907474,27.12626548478863,0.999304696885596,0.9654511827170269,1.250341091238012,0.9836846487040851,1.1012900310514706,0.5878624358174067,0.0,1.0,0.0,0.0,0.0,0.0,0.0,0.0,False,warp_monotonic_reserve;maximum_knee_displacement;rms_knee_displacement;peak_ddq_ratio
flex,-0.1175,-0.1175,0.0,True,24.0,401,28.90933692566648,112.02543857007235,83.11610164440587,18.320897421647064,119.5,101.17910257835294,0.0,0.0,0.0,0.0,0.0,0.0,0.0,0.0,0.0,12.137933413696132,3.538335330895848,0.11996482578303692,0.03497100923736467,267.0070349508552,1096.7524133723168,1.2072801382958995,1.2224081452046176,5.077195944207129,19.114337507314264,28.290056421386033,11.332224033168417,21.172078895086894,6.02475602126165,171.58937243907474,27.150039671306512,0.999304696885596,0.9659118386996166,1.2113756333416623,0.9808881572156959,1.1012900310514706,0.5964486350712107,0.0,1.0,0.0,0.0,0.0,0.0,0.0,0.0,False,warp_monotonic_reserve;maximum_knee_displacement;rms_knee_displacement
flex,-0.115,-0.115,0.0,True,24.0,401,28.90933692566648,112.02543857007235,83.11610164440587,18.320897421647064,119.5,101.17910257835294,0.0,0.0,0.0,0.0,0.0,0.0,0.0,0.0,0.0,11.82847548055554,3.448307918209613,0.11690630949603044,0.034081226560981295,266.97602335545,1087.098712407224,1.207380165264346,1.2224081452046176,5.06012143944336,19.114337507314264,28.290056421386033,11.337902461815778,18.883451563118694,5.995536506822974,171.58937243907474,26.782332087145207,0.999304696885596,0.9663958444375585,1.0804301840315633,0.9761309395671564,1.1012900310514706,0.6050348343250147,0.0,1.0,0.0,0.0,0.0,0.0,0.0,0.0,False,warp_monotonic_reserve;maximum_knee_displacement;rms_knee_displacement
flex,-0.1125,-0.1125,0.0,True,24.0,401,28.90933692566648,112.02543857007235,83.11610164440587,18.320897421647064,119.5,101.17910257835294,0.0,0.0,0.0,0.0,0.0,0.0,0.0,0.0,0.0,11.519433600681296,3.358973529005644,0.11385190525643045,0.033198293357113544,266.947195260185,1077.5039433632974,1.2074763746597714,1.2224081452046176,5.043498138680053,19.114337507314264,28.290056421386033,11.343767695923539,17.826758226796514,5.988195915351947,171.58937243907474,26.633841296419046,0.999304696885596,0.9668957726991997,1.0199707191921308,0.974935820758116,1.1012900310514706,0.6136210335788188,0.0,1.0,0.0,0.0,0.0,0.0,0.0,0.0,False,warp_monotonic_reserve;maximum_knee_displacement;rms_knee_displacement
flex,-0.11,-0.11,0.0,True,24.0,401,28.90933692566648,112.02543857007235,83.11610164440587,18.320897421647064,119.5,101.17910257835294,0.0,0.0,0.0,0.0,0.0,0.0,0.0,0.0,0.0,11.211183797521358,3.2703327479991517,0.11080532947838151,0.03232221540477305,266.920518025399,1067.9683587712875,1.2075688111712395,1.2224081452046176,5.027291415858995,19.114337507314264,28.290056421386033,11.349834821658881,18.53608427114367,5.984499201490675,171.58937243907474,26.65195504989973,0.999304696885596,0.9674129093669441,1.0605553160318946,0.974333960228936,1.1012900310514706,0.6222072328326228,0.0,1.0,0.0,0.0,0.0,0.0,0.0,0.0,False,warp_monotonic_reserve;maximum_knee_displacement;rms_knee_displacement
flex,-0.1075,-0.1075,0.0,True,24.0,401,28.90933692566648,112.02543857007235,83.11610164440587,18.320897421647064,119.5,101.17910257835294,0.0,0.0,0.0,0.0,0.0,0.0,0.0,0.0,0.0,10.904163720323368,3.1823804348936835,0.10777090765238997,0.03145294190002578,266.89594434348874,1058.4916646365277,1.207657528783013,1.2224081452046176,5.0114737856697005,19.114337507314264,28.290056421386033,11.356158146225756,19.91820260098081,5.986629254179704,171.58937243907474,26.88275272471489,0.999304696885596,0.9679518833619171,1.1396342045744887,0.974680753269109,1.1012900310514706,0.6307934320864268,0.0,1.0,0.0,0.0,0.0,0.0,0.0,0.0,False,warp_monotonic_reserve;maximum_knee_displacement;rms_knee_displacement
flex,-0.105,-0.105,0.0,True,24.0,401,28.90933692566648,112.02543857007235,83.11610164440587,18.320897421647064,119.5,101.17910257835294,0.0,0.0,0.0,0.0,0.0,0.0,0.0,0.0,0.0,10.603711335344954,3.0951132929304035,0.10480139737485274,0.03059044025947505,266.8734234515374,1049.0737159862847,1.2077425788275196,1.2224081452046176,4.9960583597614745,19.114337507314264,28.290056421386033,11.362654323244762,20.365464793275986,5.98765023093405,171.58937243907474,26.825993172140567,0.999304696885596,0.9685055905839576,1.1652246307270702,0.9748469780927527,1.1012900310514706,0.6393796313402309,0.0,1.0,0.0,0.0,0.0,0.0,0.0,0.0,False,warp_monotonic_reserve;maximum_knee_displacement;rms_knee_displacement
flex,-0.1025,-0.1025,0.0,True,24.0,401,28.90933692566648,112.02543857007235,83.11610164440587,18.320897421647064,119.5,101.17910257835294,0.0,0.0,0.0,0.0,0.0,0.0,0.0,0.0,0.0,10.306691823063034,3.0085313637264233,0.10186581577042104,0.029734710894442073,266.8529016225026,1039.7147509538304,1.207823981380514,1.2224081452046176,4.981027725212424,19.114337507314264,28.290056421386033,11.369279744644851,18.180651013919018,5.96690410662602,171.58937243907474,26.544396774248003,0.999304696885596,0.9690703140617135,1.0402189480627992,0.9714693097572955,1.1012900310514706,0.6479658305940349,0.0,1.0,0.0,0.0,0.0,0.0,0.0,0.0,False,warp_monotonic_reserve;maximum_knee_displacement;rms_knee_displacement
flex,-0.1,-0.1,0.0,True,24.0,401,28.90933692566648,112.02543857007235,83.11610164440587,18.320897421647064,119.5,101.17910257835294,0.0,0.0,0.0,0.0,0.0,0.0,0.0,0.0,0.0,10.01070159990671,2.9226301968297284,0.09894040710782583,0.028885709819045372,266.8343532052454,1030.414570802438,1.2079017738693378,1.2224081452046176,4.966361914868693,19.114337507314264,28.290056421386033,11.376106086536478,17.826758226796514,5.96084843838149,171.58937243907474,26.288135710287452,0.999304696885596,0.9696521631699586,1.0199707191921308,0.9704833887931726,1.1012900310514706,0.6565520298478389,0.0,1.0,0.0,0.0,0.0,0.0,0.0,0.0,False,warp_monotonic_reserve;maximum_knee_displacement;rms_knee_displacement
flex,-0.0975,-0.0975,0.0,True,24.0,401,28.90933692566648,112.02543857007235,83.11610164440587,18.320897421647064,119.5,101.17910257835294,0.0,0.0,0.0,0.0,0.0,0.0,0.0,0.0,0.0,9.716131273974895,2.837406318022389,0.09602903194808175,0.02804340269597772,266.81775108941383,1021.1730379265947,1.2079760030294473,1.2224081452046176,4.95203337101941,19.114337507314264,28.290056421386033,11.383105878116037,17.826758226796514,5.962603147783787,171.58937243907474,26.340048981986435,0.999304696885596,0.9702487964111773,1.0199707191921308,0.9707690723405219,1.1012900310514706,0.6651382291016429,0.0,1.0,0.0,0.0,0.0,0.0,0.0,0.0,False,warp_monotonic_reserve;maximum_knee_displacement;rms_knee_displacement
flex,-0.095,-0.095,0.0,True,24.0,401,28.90933692566648,112.02543857007235,83.11610164440587,18.320897421647064,119.5,101.17910257835294,0.0,0.0,0.0,0.0,0.0,0.0,0.0,0.0,0.0,9.423366783493051,2.7528577662583844,0.09313550469767817,0.027207770143311716,266.8030516555617,1011.990180345687,1.208046718145823,1.2224081452046176,4.938043568394998,19.114337507314264,28.290056421386033,11.390209199233059,18.605243362179483,5.959676368731896,171.58937243907474,26.53641363959481,0.999304696885596,0.9708542540813517,1.06451230287858,0.9702925645947053,1.1012900310514706,0.6737244283554469,0.0,1.0,0.0,0.0,0.0,0.0,0.0,0.0,False,warp_monotonic_reserve;maximum_knee_displacement;rms_knee_displacement
flex,-0.0925,-0.0925,0.0,True,24.0,401,28.90933692566648,112.02543857007235,83.11610164440587,18.320897421647064,119.5,101.17910257835294,0.0,0.0,0.0,0.0,0.0,0.0,0.0,0.0,0.0,9.133455421520821,2.6689809285933106,0.09027017623968238,0.026378776452642045,266.79020884683615,1002.8658297218028,1.2081139683095257,1.2224081452046176,4.924383630501318,19.114337507314264,28.290056421386033,11.397507493587945,19.0913153082729,5.963647622984524,171.58937243907474,26.583092320605644,0.999304696885596,0.9714763304627457,1.0923232568461265,0.9709391229369765,1.1012900310514706,0.682310627609251,0.0,1.0,0.0,0.0,0.0,0.0,0.0,0.0,False,warp_monotonic_reserve;maximum_knee_displacement;rms_knee_displacement
flex,-0.09,-0.09,0.0,True,24.0,401,28.90933692566648,112.02543857007235,83.11610164440587,18.320897421647064,119.5,101.17910257835294,0.0,0.0,0.0,0.0,0.0,0.0,0.0,0.0,0.0,8.849750215988081,2.5857718582612876,0.08746618610433758,0.02555638261625092,266.7791719299538,993.7997498327592,1.2081777940564586,1.2224081452046176,4.911039286862714,19.114337507314264,28.290056421386033,11.405006513494765,17.826758226796514,5.953142789553577,171.58937243907474,26.41409561251492,0.999304696885596,0.9721155158587845,1.0199707191921308,0.9692288351394995,1.1012900310514706,0.6908968268630551,0.0,1.0,0.0,0.0,0.0,0.0,0.0,0.0,False,warp_monotonic_reserve;maximum_knee_displacement;rms_knee_displacement
flex,-0.0875,-0.0875,0.0,True,24.0,401,28.90933692566648,112.02543857007235,83.11610164440587,18.320897421647064,119.5,101.17910257835294,0.0,0.0,0.0,0.0,0.0,0.0,0.0,0.0,0.0,8.567525439313542,2.503225656925792,0.08467682773405569,0.024740540221606513,266.76988980559497,984.7916375745336,1.2082382553308741,1.2224081452046176,4.897994942095483,19.114337507314264,28.290056421386033,11.41264307809646,17.826758226796514,5.953059316131989,171.58937243907474,26.342268303635787,0.999304696885596,0.9727664249949066,1.0199707191921308,0.9692152448645757,1.1012900310514706,0.699483026116859,0.0,1.0,0.0,0.0,0.0,0.0,0.0,0.0,False,warp_monotonic_reserve;maximum_knee_displacement;rms_knee_displacement
flex,-0.085,-0.085,0.0,True,24.0,401,28.90933692566648,112.02543857007235,83.11610164440587,18.320897421647064,119.5,101.17910257835294,0.0,0.0,0.0,0.0,0.0,0.0,0.0,0.0,0.0,8.287087661037717,2.4213399402271163,0.08190513109779965,0.023931225702975914,266.7623206946994,975.8414659509608,1.2082954030482889,1.2224081452046176,4.885234017643274,19.114337507314264,28.290056421386033,11.420399132888903,17.826758226796514,5.9503693880770765,171.58937243907474,26.213699804624625,0.999304696885596,0.9734275189799616,1.0199707191921308,0.9687772987363815,1.1012900310514706,0.7080692253706631,0.0,1.0,0.0,0.0,0.0,0.0,0.0,0.0,False,warp_monotonic_reserve;maximum_knee_displacement;rms_knee_displacement
flex,-0.0825,-0.0825,0.0,True,24.0,401,28.90933692566648,112.02543857007235,83.11610164440587,18.320897421647064,119.5,101.17910257835294,0.0,0.0,0.0,0.0,0.0,0.0,0.0,0.0,0.0,8.008453409604556,2.3401110372408684,0.07915125955384732,0.023128402778910696,266.75643747818566,966.949078194141,1.2083492692507907,1.2224081452046176,4.872753472188608,19.114337507314264,28.290056421386033,11.42825799528356,17.826758226796514,5.947229963607373,171.58937243907474,26.08962483966028,0.999304696885596,0.9740973758592021,1.0199707191921308,0.9682661702737619,1.1012900310514706,0.7166554246244671,0.0,1.0,0.0,0.0,0.0,0.0,0.0,0.0,False,warp_monotonic_reserve;maximum_knee_displacement;rms_knee_displacement
flex,-0.08,-0.08,0.0,True,24.0,401,28.90933692566648,112.02543857007235,83.11610164440587,18.320897421647064,119.5,101.17910257835294,0.0,0.0,0.0,0.0,0.0,0.0,0.0,0.0,0.0,7.731510418275519,2.2595349520977166,0.07641410351794976,0.022332031956380876,266.75220980979316,958.114231569563,1.2083998999339214,1.2224081452046176,4.860546101961701,19.114337507314264,28.290056421386033,11.436272858078054,17.826758226796514,5.949660261854218,171.58937243907474,26.131053188582314,0.999304696885596,0.9747805295663733,1.0199707191921308,0.9686618461750631,1.1012900310514706,0.7252416238782711,0.0,1.0,0.0,0.0,0.0,0.0,0.0,0.0,False,warp_monotonic_reserve;maximum_knee_displacement;rms_knee_displacement
flex,-0.0775,-0.0775,0.0,True,24.0,401,28.90933692566648,112.02543857007235,83.11610164440587,18.320897421647064,119.5,101.17910257835294,0.0,0.0,0.0,0.0,0.0,0.0,0.0,0.0,0.0,7.457282593721615,2.179607065071714,0.07370378273464827,0.02154206757649219,266.7496003970724,949.3366289652735,1.2084473491571095,1.2224081452046176,4.848601730848245,19.114337507314264,28.290056421386033,11.44440952673404,17.826758226796514,5.952130125582576,171.58937243907474,26.210534994105494,0.999304696885596,0.9754740655006603,1.0199707191921308,0.9690639637168413,1.1012900310514706,0.7338278231320752,0.0,1.0,0.0,0.0,0.0,0.0,0.0,0.0,False,warp_monotonic_reserve;maximum_knee_displacement;rms_knee_displacement
flex,-0.075,-0.075,0.0,True,24.0,401,28.90933692566648,112.02543857007235,83.11610164440587,18.320897421647064,119.5,101.17910257835294,0.0,0.0,0.0,0.0,0.0,0.0,0.0,0.0,0.0,7.188802467657723,2.10032324563294,0.07105026912143964,0.02075846881530159,266.7485699769055,940.6160278172205,1.2084916639241754,1.2224081452046176,4.836908445801018,19.114337507314264,28.290056421386033,11.452642929895894,17.826758226796514,5.958064806475774,171.58937243907474,26.33613493685986,0.999304696885596,0.9761758466835547,1.0199707191921308,0.9700301867778997,1.1012900310514706,0.7424140223858792,0.0,1.0,0.0,0.0,0.0,0.0,0.0,0.0,False,warp_monotonic_reserve;maximum_knee_displacement;rms_knee_displacement
flex,-0.0725,-0.0725,0.0,True,24.0,401,28.90933692566648,112.02543857007235,83.11610164440587,18.320897421647064,119.5,101.17910257835294,0.0,0.0,0.0,0.0,0.0,0.0,0.0,0.0,0.0,6.921964876548657,2.0216800892780795,0.06841298944303541,0.019981202024523727,266.74906772673415,931.9522332434503,1.2085328880863306,1.2224081452046176,4.825453956805866,19.114337507314264,28.290056421386033,11.46099404620069,17.826758226796514,5.959270458109195,171.58937243907474,26.232329959071777,0.999304696885596,0.9768876612471876,1.0199707191921308,0.97022647844594,1.1012900310514706,0.7510002216396832,0.0,1.0,0.0,0.0,0.0,0.0,0.0,0.0,False,warp_monotonic_reserve;maximum_knee_displacement;rms_knee_displacement
flex,-0.07,-0.07,0.0,True,24.0,401,28.90933692566648,112.02543857007235,83.11610164440587,18.320897421647064,119.5,101.17910257835294,0.0,0.0,0.0,0.0,0.0,0.0,0.0,0.0,0.0,6.656670484348865,1.9436729185386954,0.06579096191522306,0.01921022097456852,266.7510393542003,923.3449424357366,1.2085710699954235,1.2224081452046176,4.814228432130994,19.114337507314264,28.290056421386033,11.46944570709528,17.826758226796514,5.966156613200638,171.58937243907474,26.196561165989053,0.999304696885596,0.9776080458152004,1.0199707191921308,0.9713476106468307,1.1012900310514706,0.7595864208934873,0.0,1.0,0.0,0.0,0.0,0.0,0.0,0.0,False,warp_monotonic_reserve;maximum_knee_displacement;rms_knee_displacement
flex,-0.0675,-0.0675,0.0,True,24.0,401,28.90933692566648,112.02543857007235,83.11610164440587,18.320897421647064,119.5,101.17910257835294,0.0,0.0,0.0,0.0,0.0,0.0,0.0,0.0,0.0,6.392819954754458,1.8662972429783053,0.06318320475123673,0.018445481284369444,266.7544447794943,914.7938587718133,1.2086062573493315,1.2224081452046176,4.803230263635898,19.114337507314264,28.290056421386033,11.478024988796554,17.826758226796514,5.959606047575079,171.58937243907474,25.975714280923768,0.999304696885596,0.9783393082521717,1.0199707191921308,0.9702811156348337,1.1012900310514706,0.7681726201472913,0.0,1.0,0.0,0.0,0.0,0.0,0.0,0.0,False,warp_monotonic_reserve;maximum_knee_displacement;rms_knee_displacement
flex,-0.065,-0.065,0.0,True,24.0,401,28.90933692566648,112.02543857007235,83.11610164440587,18.320897421647064,119.5,101.17910257835294,0.0,0.0,0.0,0.0,0.0,0.0,0.0,0.0,0.0,6.130313951461659,1.7895491817731852,0.06058873616431173,0.01768694459794562,266.75926198875663,906.2987156092161,1.2086385031259104,1.2224081452046176,4.792453313089443,19.114337507314264,28.290056421386033,11.48666750013265,17.826758226796514,5.957594780501236,171.58937243907474,25.870201740736142,0.999304696885596,0.9790759601213193,1.0199707191921308,0.9699536620339297,1.1012900310514706,0.7767588194010953,0.0,1.0,0.0,0.0,0.0,0.0,0.0,0.0,False,warp_monotonic_reserve;maximum_knee_displacement;rms_knee_displacement
flex,-0.0625,-0.0625,0.0,True,24.0,401,28.90933692566648,112.02543857007235,83.11610164440587,18.320897421647064,119.5,101.17910257835294,0.0,0.0,0.0,0.0,0.0,0.0,0.0,0.0,0.0,5.869078565894398,1.7134243216725074,0.05800682568171024,0.016934567297092147,266.76546643682536,897.859181241932,1.2086678547655552,1.2224081452046176,4.781889960887439,19.114337507314264,28.290056421386033,11.495439547800228,17.826758226796514,5.957919721402106,171.58937243907474,25.792095783443326,0.999304696885596,0.9798236531308246,1.0199707191921308,0.9700065655341433,1.1012900310514706,0.7853450186548994,0.0,1.0,0.0,0.0,0.0,0.0,0.0,0.0,False,warp_monotonic_reserve;maximum_knee_displacement;rms_knee_displacement
flex,-0.06,-0.06,0.0,True,24.0,401,28.90933692566648,112.02543857007235,83.11610164440587,18.320897421647064,119.5,101.17910257835294,0.0,0.0,0.0,0.0,0.0,0.0,0.0,0.0,0.0,5.6091584744442144,1.6379179241025834,0.05543791486093179,0.016188302548287403,266.7730282398969,889.4749074567361,1.2086943563832782,1.2224081452046176,4.771531301773613,19.114337507314264,28.290056421386033,11.504268956432504,17.826758226796514,5.974344241047237,171.58937243907474,26.025730004865178,0.999304696885596,0.9805762353513731,1.0199707191921308,0.9726806351148882,1.1012900310514706,0.7939312179087034,0.0,1.0,0.0,0.0,0.0,0.0,0.0,0.0,False,warp_monotonic_reserve;maximum_knee_displacement;rms_knee_displacement
flex,-0.0575,-0.0575,0.0,True,24.0,401,28.90933692566648,112.02543857007235,83.11610164440587,18.320897421647064,119.5,101.17910257835294,0.0,0.0,0.0,0.0,0.0,0.0,0.0,0.0,0.0,5.35063289548485,1.563025714388353,0.052882786653907395,0.015448108102935074,266.78189446047156,881.1455921756358,1.2087180524170216,1.2224081452046176,4.761368437117851,19.114337507314264,28.290056421386033,11.513194906148684,17.826758226796514,5.9901607756136395,171.58937243907474,26.252317981640022,0.999304696885596,0.9813370463340415,1.0199707191921308,0.9752557188841938,1.1012900310514706,0.8025174171625074,0.0,1.0,0.0,0.0,0.0,0.0,0.0,0.0,False,warp_monotonic_reserve;maximum_knee_displacement;rms_knee_displacement
flex,-0.055,-0.055,0.0,True,24.0,401,28.90933692566648,112.02543857007235,83.11610164440587,18.320897421647064,119.5,101.17910257835294,0.0,0.0,0.0,0.0,0.0,0.0,0.0,0.0,0.0,5.096861309974457,1.4887439546124592,0.05037464436915178,0.014713947017464186,266.7920242288591,872.8709798291388,1.2087389871346863,1.2224081452046176,4.751387208713149,19.114337507314264,28.290056421386033,11.52216370547159,17.826758226796514,5.982912162853656,171.58937243907474,26.004214051742263,0.999304696885596,0.9821015096397051,1.0199707191921308,0.9740755750929069,1.1012900310514706,0.8111036164163115,0.0,1.0,0.0,0.0,0.0,0.0,0.0,0.0,False,warp_monotonic_reserve;maximum_knee_displacement
flex,-0.0525,-0.0525,0.0,True,24.0,401,28.90933692566648,112.02543857007235,83.11610164440587,18.320897421647064,119.5,101.17910257835294,0.0,0.0,0.0,0.0,0.0,0.0,0.0,0.0,0.0,4.846668083067016,1.4150677085945775,0.04790186866219498,0.01398577050531508,266.8034095373904,864.6506708261436,1.208757225829937,1.2224081452046176,4.74158986623553,19.114337507314264,28.290056421386033,11.53125889967352,17.826758226796514,5.981815743858196,171.58937243907474,25.808330343751717,0.999304696885596,0.9828767463213313,1.0199707191921308,0.9738970675476722,1.1012900310514706,0.8196898156701155,0.0,1.0,0.0,0.0,0.0,0.0,0.0,0.0,False,warp_monotonic_reserve
flex,-0.05,-0.05,0.0,True,24.0,401,28.90933692566648,112.02543857007235,83.11610164440587,18.320897421647064,119.5,101.17910257835294,0.0,0.0,0.0,0.0,0.0,0.0,0.0,0.0,0.0,4.597652387648424,1.3419919415935124,0.045440731045108936,0.013263528805805289,266.81604571480733,856.4842710684562,1.2087728116141672,1.2224081452046176,4.731973760128498,19.114337507314264,28.290056421386033,11.540396463613842,17.826758226796514,5.9930177740889805,171.58937243907474,25.796320048894678,0.999304696885596,0.983655594423963,1.0199707191921308,0.9757208656817995,1.1012900310514706,0.8282760149239194,0.0,1.0,0.0,0.0,0.0,0.0,0.0,0.0,False,warp_monotonic_reserve
flex,-0.0475,-0.0475,0.0,True,24.0,401,28.90933692566648,112.02543857007235,83.11610164440587,18.320897421647064,119.5,101.17910257835294,0.0,0.0,0.0,0.0,0.0,0.0,0.0,0.0,0.0,4.349881935763733,1.2695131425031865,0.04299190074744132,0.012547187217044918,266.829910678729,848.3715410199022,1.2087857883928248,1.2224081452046176,4.722534061918921,19.114337507314264,28.290056421386033,11.54958405108011,17.826758226796514,6.003518107361367,171.58937243907474,25.866695721029792,0.999304696885596,0.9844387063247498,1.0199707191921308,0.9774304208102318,1.1012900310514706,0.8368622141777234,0.0,1.0,0.0,0.0,0.0,0.0,0.0,0.0,False,warp_monotonic_reserve
flex,-0.045,-0.045,0.0,True,24.0,401,28.90933692566648,112.02543857007235,83.11610164440587,18.320897421647064,119.5,101.17910257835294,0.0,0.0,0.0,0.0,0.0,0.0,0.0,0.0,0.0,4.103425975919137,1.1976272614332766,0.04055606218429789,0.011836705712089468,266.84497664643607,840.3121845003036,1.208796199896771,1.2224081452046176,4.7132649688903445,19.114337507314264,28.290056421386033,11.558843511349783,17.826758226796514,6.004439546640989,171.58937243907474,25.80818663827724,0.999304696885596,0.9852279443656029,1.0199707191921308,0.9775804399767816,1.1012900310514706,0.8454484134315275,0.0,1.0,0.0,0.0,0.0,0.0,0.0,0.0,False,warp_monotonic_reserve
flex,-0.0425,-0.0425,0.0,True,24.0,401,28.90933692566648,112.02543857007235,83.11610164440587,18.320897421647064,119.5,101.17910257835294,0.0,0.0,0.0,0.0,0.0,0.0,0.0,0.0,0.0,3.8583537566208577,1.1263291805346485,0.03813389977078473,0.011132033708862173,266.86123221601747,832.3057979256204,1.2088040957673114,1.2224081452046176,4.704159811519031,19.114337507314264,28.290056421386033,11.5681702280322,17.826758226796514,6.01003213139323,171.58937243907474,25.809602059402746,0.999304696885596,0.9860229150645032,1.0199707191921308,0.9784909664997378,1.1012900310514706,0.8540346126853315,0.0,1.0,0.0,0.0,0.0,0.0,0.0,0.0,True,
flex,-0.04,-0.04,0.0,True,24.0,401,28.90933692566648,112.02543857007235,83.11610164440587,18.320897421647064,119.5,101.17910257835294,0.0,0.0,0.0,0.0,0.0,0.0,0.0,0.0,0.0,3.614735108125089,1.0556141616863361,0.03572610367171268,0.01043312437831587,266.8786688858504,824.3520096835482,1.2088095270862087,1.2224081452046176,4.6952118741926485,19.114337507314264,28.290056421386033,11.577553543220505,17.826758226796514,6.024832704421048,171.58937243907474,25.940939582020036,0.999304696885596,0.9868227099856155,1.0199707191921308,0.9809006419707043,1.1012900310514706,0.8626208119391355,0.0,1.0,0.0,0.0,0.0,0.0,0.0,0.0,True,
flex,-0.0375,-0.0375,0.0,True,24.0,401,28.90933692566648,112.02543857007235,83.11610164440587,18.320897421647064,119.5,101.17910257835294,0.0,0.0,0.0,0.0,0.0,0.0,0.0,0.0,0.0,3.3726897169932357,0.985478545177447,0.033333856804881525,0.009739941549830352,266.89725957309054,816.4505503156622,1.2088125463406774,1.2224081452046176,4.686405932133915,19.114337507314264,28.290056421386033,11.586961763038628,17.826758226796514,6.034721729138274,171.58937243907474,25.94021196890587,0.999304696885596,0.9876246276742188,1.0199707191921308,0.9825106701938072,1.1012900310514706,0.8712070111929395,0.0,1.0,0.0,0.0,0.0,0.0,0.0,0.0,True,
flex,-0.035,-0.035,0.0,True,24.0,401,28.90933692566648,112.02543857007235,83.11610164440587,18.320897421647064,119.5,101.17910257835294,0.0,0.0,0.0,0.0,0.0,0.0,0.0,0.0,0.0,3.1324246485277314,0.9159181972883175,0.030959205692716898,0.009052444367936867,266.91698354757887,808.6011136450119,1.2088132049027764,1.2224081452046176,4.67774296889704,19.114337507314264,28.290056421386033,11.596426868979334,17.826758226796514,6.03482710077784,171.58937243907474,25.76879130030958,0.999304696885596,0.9884313941002897,1.0199707191921308,0.9825278257089836,1.1012900310514706,0.8797932104467436,0.0,1.0,0.0,0.0,0.0,0.0,0.0,0.0,True,
flex,-0.0325,-0.0325,0.0,True,24.0,401,28.90933692566648,112.02543857007235,83.11610164440587,18.320897421647064,119.5,101.17910257835294,0.0,0.0,0.0,0.0,0.0,0.0,0.0,0.0,0.0,2.896305583117112,0.8469282213998672,0.02862553145175623,0.008370584437077878,266.9378349048915,800.8033163832379,1.208811553512165,1.2224081452046176,4.6692261145038305,19.114337507314264,28.290056421386033,11.605955027719979,17.826758226796514,6.043995294905893,171.58937243907474,25.781804051613346,0.999304696885596,0.9892435348858637,1.0199707191921308,0.9840204957874938,1.1012900310514706,0.8883794097005476,0.0,1.0,0.0,0.0,0.0,0.0,0.0,0.0,True,
flex,-0.03,-0.03,0.0,True,24.0,401,28.90933692566648,112.02543857007235,83.11610164440587,18.320897421647064,119.5,101.17910257835294,0.0,0.0,0.0,0.0,0.0,0.0,0.0,0.0,0.0,2.6626661070912547,0.7785037462036174,0.026316364142776324,0.007694313611852263,266.9597999348043,793.0567863518381,1.2088076365023832,1.2224081452046176,4.660852328093475,19.114337507314264,28.290056421386033,11.615516461292456,17.826758226796514,6.059932367316355,171.58937243907474,25.901863622550295,0.999304696885596,0.9900585118802793,1.0199707191921308,0.9866152042757618,1.1012900310514706,0.8969656089543516,0.0,1.0,0.0,0.0,0.0,0.0,0.0,0.0,True,
flex,-0.0275,-0.0275,0.0,True,24.0,401,28.90933692566648,112.02543857007235,83.11610164440587,18.320897421647064,119.5,101.17910257835294,0.0,0.0,0.0,0.0,0.0,0.0,0.0,0.0,0.0,2.430354054804667,0.7106411264440267,0.02402031637830158,0.007023595864508753,266.98285874527284,785.3612671824287,1.2088015009251027,1.2224081452046176,4.652617877929473,19.114337507314264,28.290056421386033,11.625095013785499,17.826758226796514,6.072216121034582,171.58937243907474,25.976519636225856,0.999304696885596,0.9908749480205776,1.0199707191921308,0.9886151173852457,1.1012900310514706,0.9055518082081557,0.0,1.0,0.0,0.0,0.0,0.0,0.0,0.0,True,
flex,-0.025,-0.025,0.0,True,24.0,401,28.90933692566648,112.02543857007235,83.11610164440587,18.320897421647064,119.5,101.17910257835294,0.0,0.0,0.0,0.0,0.0,0.0,0.0,0.0,0.0,2.1994771345923,0.6433364393047254,0.02173845268976396,0.0063583924240336745,267.00699433796615,777.7164779638515,1.2087931986692706,1.2224081452046176,4.644518399836033,19.114337507314264,28.290056421386033,11.634699972049765,17.826758226796514,6.075914406749431,171.58937243907474,25.885496996890165,0.999304696885596,0.9916936348794426,1.0199707191921308,0.989217233827288,1.1012900310514706,0.9141380074619597,0.0,1.0,0.0,0.0,0.0,0.0,0.0,0.0,True,
flex,-0.0225,-0.0225,0.0,True,24.0,401,28.90933692566648,112.02543857007235,83.11610164440587,18.320897421647064,119.5,101.17910257835294,0.0,0.0,0.0,0.0,0.0,0.0,0.0,0.0,0.0,1.9702163466155014,0.5765851310511252,0.01947256198571013,0.005698658283755962,267.0321984273535,770.1220610963087,1.208782789265245,1.2224081452046176,4.636548955578385,19.114337507314264,28.290056421386033,11.644354155843628,17.826758226796514,6.082075492152444,171.58937243907474,25.805576061231868,0.999304696885596,0.9925165175185593,1.0199707191921308,0.9902203177175041,1.1012900310514706,0.9227242067157637,0.0,1.0,0.0,0.0,0.0,0.0,0.0,0.0,True,
flex,-0.02,-0.02,0.0,True,24.0,401,28.90933692566648,112.02543857007235,83.11610164440587,18.320897421647064,119.5,101.17910257835294,0.0,0.0,0.0,0.0,0.0,0.0,0.0,0.0,0.0,1.7427590761690652,0.5103822253073576,0.0172244962819222,0.005044344259844747,267.0584530350099,762.5776304973945,1.2087703243492536,1.2224081452046176,4.6287045278592736,19.114337507314264,28.290056421386033,11.654042829366015,17.826758226796514,6.0981741833870355,171.58937243907474,25.908644965884978,0.999304696885596,0.9933423399192793,1.0199707191921308,0.9928413393029353,1.1012900310514706,0.9313104059695678,0.0,1.0,0.0,0.0,0.0,0.0,0.0,0.0,True,
flex,-0.0175,-0.0175,0.0,True,24.0,401,28.90933692566648,112.02543857007235,83.11610164440587,18.320897421647064,119.5,101.17910257835294,0.0,0.0,0.0,0.0,0.0,0.0,0.0,0.0,0.0,1.5193478482209741,0.44472361889123924,0.015016419492793915,0.004395409798647364,267.08573295009967,755.0828929260189,1.208755851500717,1.2224081452046176,4.620971832537333,19.114337507314264,28.290056421386033,11.663749552118889,17.826758226796514,6.108266488815451,171.58937243907474,25.922251670826242,0.999304696885596,0.9941697007616466,1.0199707191921308,0.9944844635786404,1.1012900310514706,0.9398966052233718,0.0,1.0,0.0,0.0,0.0,0.0,0.0,0.0,True,
flex,-0.015,-0.015,0.0,True,24.0,401,28.90933692566648,112.02543857007235,83.11610164440587,18.320897421647064,119.5,101.17910257835294,0.0,0.0,0.0,0.0,0.0,0.0,0.0,0.0,0.0,1.297794555381472,0.3796052043054256,0.012826705538097276,0.0037518143038624,267.1140341136406,747.637554552582,1.2087394224556383,1.2224081452046176,4.61334324498244,19.114337507314264,28.290056421386033,11.673470777716526,17.826758226796514,6.120139400175195,171.58937243907474,26.00596700826726,0.999304696885596,0.9949982977664308,1.0199707191921308,0.996417487605397,1.1012900310514706,0.9484828044771758,0.0,1.0,0.0,0.0,0.0,0.0,0.0,0.0,True,
flex,-0.0125,-0.0125,0.0,True,24.0,401,28.90933692566648,112.02543857007235,83.11610164440587,18.320897421647064,119.5,101.17910257835294,0.0,0.0,0.0,0.0,0.0,0.0,0.0,0.0,0.0,1.077489587805431,0.3150229959707699,0.010649329360981678,0.0031135183841625455,267.1433534746958,740.2413282410785,1.2087210913134974,1.2224081452046176,4.605831203049449,19.114337507314264,28.290056421386033,11.68319606310505,17.826758226796514,6.136562605679211,171.58937243907474,26.176917607617685,0.999304696885596,0.9958272408109747,1.0199707191921308,0.9990913432313441,1.1012900310514706,0.9570690037309799,0.0,1.0,0.0,0.0,0.0,0.0,0.0,0.0,True,
flex,-0.01,-0.01,0.0,True,24.0,401,28.90933692566648,112.02543857007235,83.11610164440587,18.320897421647064,119.5,101.17910257835294,0.0,0.0,0.0,0.0,0.0,0.0,0.0,0.0,0.0,0.8585716774253029,0.25097246962511244,0.008485662113482638,0.002480477324166418,267.1736658839103,732.8938823793609,1.208700914799886,1.2224081452046176,4.598433868962909,19.114337507314264,28.290056421386033,11.692952198217153,17.826758226796514,6.149363974238386,171.58937243907474,26.167585955773685,0.999304696885596,0.9966588133581774,1.0199707191921308,1.0011755290094129,1.1012900310514706,0.9656552029847839,0.0,1.0,0.0,0.0,0.0,0.0,0.0,0.0,True,
flex,-0.0075,-0.0075,0.0,True,24.0,401,28.90933692566648,112.02543857007235,83.11610164440587,18.320897421647064,119.5,101.17910257835294,0.0,0.0,0.0,0.0,0.0,0.0,0.0,0.0,0.0,0.6412022898541068,0.18744905815484345,0.00633729963514512,0.0018526459849718788,267.2049551968998,725.5948955757489,1.208678946200401,1.2224081452046176,4.5911489228326126,19.114337507314264,28.290056421386033,11.702722779779107,17.826758226796514,6.148765423894061,171.58937243907474,25.91052136763812,0.999304696885596,0.9974916172609284,1.0199707191921308,1.0010780792633693,1.1012900310514706,0.9742414022385879,0.0,1.0,0.0,0.0,0.0,0.0,0.0,0.0,True,
flex,-0.005,-0.005,0.0,True,24.0,401,28.90933692566648,112.02543857007235,83.11610164440587,18.320897421647064,119.5,101.17910257835294,0.0,0.0,0.0,0.0,0.0,0.0,0.0,0.0,0.0,0.42554289869242723,0.12444858945212146,0.004205837844458914,0.00122998313170201,267.23724528643436,718.3440761830137,1.2086552391317826,1.2224081452046176,4.583973599317925,19.114337507314264,28.290056421386033,11.71250349712946,17.826758226796514,6.158998349942183,171.58937243907474,25.926916021569635,0.999304696885596,0.9983252850963003,1.0199707191921308,1.002744097926838,1.1012900310514706,0.9828276014923919,0.0,1.0,0.0,0.0,0.0,0.0,0.0,0.0,True,
flex,-0.0025,-0.0025,0.0,True,24.0,401,28.90933692566648,112.02543857007235,83.11610164440587,18.320897421647064,119.5,101.17910257835294,0.0,0.0,0.0,0.0,0.0,0.0,0.0,0.0,0.0,0.21175497754084915,0.06196695772781729,0.002092872659913804,0.0006124481849384874,267.27054783080087,711.1411246149187,1.2086298494072487,1.2224081452046176,4.576904721828405,19.114337507314264,28.290056421386033,11.722289234211598,17.826758226796514,6.184825830978633,171.58937243907474,26.30401961470196,0.999304696885596,0.9991593807928179,1.0199707191921308,1.0069490599518498,1.1012900310514706,0.991413800746196,0.0,1.0,0.0,0.0,0.0,0.0,0.0,0.0,True,
flex,0.0,0.0,0.0,True,24.0,401,28.90933692566648,112.02543857007235,83.11610164440587,18.320897421647064,119.5,101.17910257835294,0.0,0.0,0.0,0.0,0.0,0.0,0.0,0.0,0.0,0.0,0.0,0.0,0.0,267.304828123149,703.9857412207765,1.2086028328626828,1.2224081452046176,4.569938734131171,19.114337507314264,28.3097402719651,11.732151506109204,17.477715674932533,6.142143706131845,155.8076143441048,23.816911829039242,1.0,1.0,1.0,1.0,1.0,1.0,0.0,1.0,0.0,0.0,0.0,0.0,0.0,0.0,True,
flex,0.0025,0.0025,0.0,True,24.0,401,28.90933692566648,112.02543857007235,83.11610164440587,18.320897421647064,119.5,101.17910257835294,0.0,0.0,0.0,0.0,0.0,0.0,0.0,0.0,0.0,0.20960967731558355,0.06145665988604337,0.002071669662747425,0.0006074046746802426,267.3400379303623,696.8776251041073,1.2085742455822843,1.2224081452046176,4.563071875819731,19.114337507314264,28.290056421386033,11.741881684148314,17.826758226796514,6.210674678046367,171.58937243907474,26.361422573899457,0.999304696885596,1.0008293600738145,1.0199707191921308,1.011157500572008,1.1012900310514706,0.991413800746196,0.0,1.0,0.0,0.0,0.0,0.0,0.0,0.0,True,
flex,0.005,0.005,0.0,True,24.0,401,28.90933692566648,112.02543857007235,83.11610164440587,18.320897421647064,119.5,101.17910257835294,0.0,0.0,0.0,0.0,0.0,0.0,0.0,0.0,0.0,0.4171581657355574,0.12240749135456393,0.0041229676396122485,0.001209810012495137,267.37617361147534,689.8164703855047,1.208544144643524,1.2224081452046176,4.556300888821282,19.114337507314264,28.290056421386033,11.751685857751207,17.826758226796514,6.209886852822132,171.58937243907474,26.021603863659305,0.999304696885596,1.0016650272229974,1.0199707191921308,1.0110292350572418,1.1012900310514706,0.9828276014923919,0.0,1.0,0.0,0.0,0.0,0.0,0.0,0.0,True,
flex,0.0075,0.0075,0.0,True,24.0,401,28.90933692566648,112.02543857007235,83.11610164440587,18.320897421647064,119.5,101.17910257835294,0.0,0.0,0.0,0.0,0.0,0.0,0.0,0.0,0.0,0.6233218786199188,0.18285677138552384,0.0061605792375675535,0.001807258284821412,267.41322192833354,682.8019699398058,1.2085125873721898,1.2224081452046176,4.549594074785937,19.114337507314264,28.290056421386033,11.761486525456608,17.826758226796514,6.224119081957152,171.58937243907474,26.03038008309081,0.999304696885596,1.0025003955439995,1.0199707191921308,1.0133463786826526,1.1012900310514706,0.9742414022385879,0.0,1.0,0.0,0.0,0.0,0.0,0.0,0.0,True,
flex,0.01,0.01,0.0,True,24.0,401,28.90933692566648,112.02543857007235,83.11610164440587,18.320897421647064,119.5,101.17910257835294,0.0,0.0,0.0,0.0,0.0,0.0,0.0,0.0,0.0,0.8282201950427606,0.2428086846651913,0.008185684335373386,0.0023997908508544105,267.45111975363784,675.8338163614617,1.2084796311317836,1.2224081452046176,4.542978099925033,19.114337507314264,28.290056421386033,11.771283107533362,17.826758226796514,6.249128255526361,171.58937243907474,26.317764032904893,0.999304696885596,1.0033354156229384,1.0199707191921308,1.0174181123909085,1.1012900310514706,0.9656552029847839,0.0,1.0,0.0,0.0,0.0,0.0,0.0,0.0,True,
flex,0.0125,0.0125,0.0,True,24.0,401,28.90933692566648,112.02543857007235,83.11610164440587,18.320897421647064,119.5,101.17910257835294,0.0,0.0,0.0,0.0,0.0,0.0,0.0,0.0,0.0,1.031450459299208,0.3022676398278716,0.0101943032999374,0.0029874512831717993,267.48978916310864,668.9116877632001,1.20844533524537,1.2224081452046176,4.536453337855927,19.114337507314264,28.290056421386033,11.781079668731099,17.826758226796514,6.259446434890549,171.58937243907474,26.315045015526245,0.999304696885596,1.0041704339222364,1.0199707191921308,1.0190980111132206,1.1012900310514706,0.9570690037309799,0.0,1.0,0.0,0.0,0.0,0.0,0.0,0.0,True,
flex,0.015,0.015,0.0,True,24.0,401,28.90933692566648,112.02543857007235,83.11610164440587,18.320897421647064,119.5,101.17910257835294,0.0,0.0,0.0,0.0,0.0,0.0,0.0,0.0,0.0,1.2328745330245425,0.3612382118085224,0.012185070845729298,0.0035702847979777255,267.5292036184092,662.0352606730739,1.2084097577086648,1.2224081452046176,4.530018460896282,19.114337507314264,28.290056421386033,11.790858711137977,17.826758226796514,6.272302922390122,171.58937243907474,26.26826548285964,0.999304696885596,1.005003958992364,1.0199707191921308,1.0211911707842876,1.1012900310514706,0.9484828044771758,0.0,1.0,0.0,0.0,0.0,0.0,0.0,0.0,True,
flex,0.0175,0.0175,0.0,True,24.0,401,28.90933692566648,112.02543857007235,83.11610164440587,18.320897421647064,119.5,101.17910257835294,0.0,0.0,0.0,0.0,0.0,0.0,0.0,0.0,0.0,1.4323726867746274,0.4197245642945285,0.014156803631119383,0.004148332546925828,267.5693427022428,655.204237559241,1.2083729579539924,1.2224081452046176,4.5236718289178155,19.114337507314264,28.290056421386033,11.800628315700278,17.826758226796514,6.287114668771354,171.58937243907474,26.24132022183679,0.999304696885596,1.0058366796197113,1.0199707191921308,1.023602665384527,1.1012900310514706,0.9398966052233718,0.0,1.0,0.0,0.0,0.0,0.0,0.0,0.0,True,
flex,0.02,0.02,0.0,True,24.0,401,28.90933692566648,112.02543857007235,83.11610164440587,18.320897421647064,119.5,101.17910257835294,0.0,0.0,0.0,0.0,0.0,0.0,0.0,0.0,0.0,1.629980437886772,0.47773124910360043,0.016109852690426047,0.00472163951774178,267.61015040884297,648.4182687414607,1.2083349945778776,1.2224081452046176,4.5174115107844015,19.114337507314264,28.290056421386033,11.81040308486463,17.826758226796514,6.301338935813916,171.58937243907474,26.263491994947064,0.999304696885596,1.0066698404563459,1.0199707191921308,1.0259185127047974,1.1012900310514706,0.9313104059695678,0.0,1.0,0.0,0.0,0.0,0.0,0.0,0.0,True,
flex,0.0225,0.0225,0.0,True,24.0,401,28.90933692566648,112.02543857007235,83.11610164440587,18.320897421647064,119.5,101.17910257835294,0.0,0.0,0.0,0.0,0.0,0.0,0.0,0.0,0.0,1.8258111767820395,0.5352631389249556,0.018045338713773767,0.005290253869473182,267.6515664318125,641.6769740199366,1.208295928997412,1.2224081452046176,4.511235304496291,19.114337507314264,28.290056421386033,11.820175073657635,17.826758226796514,6.309021365900871,171.58937243907474,26.18754869674392,0.999304696885596,1.007502764305643,1.0199707191921308,1.0271692861243913,1.1012900310514706,0.9227242067157637,0.0,1.0,0.0,0.0,0.0,0.0,0.0,0.0,True,
flex,0.025,0.025,0.0,True,24.0,401,28.90933692566648,112.02543857007235,83.11610164440587,18.320897421647064,119.5,101.17910257835294,0.0,0.0,0.0,0.0,0.0,0.0,0.0,0.0,0.0,2.0199788783863255,0.5923250399199796,0.01996438816821939,0.005854223103642218,267.6935643986998,634.9799846612776,1.2082558195918875,1.2224081452046176,4.505140755974234,19.114337507314264,28.290056421386033,11.829942634324924,17.826758226796514,6.317008045709747,171.58937243907474,26.076707256213787,0.999304696885596,1.0083353107198452,1.0199707191921308,1.0284695943214957,1.1012900310514706,0.9141380074619597,0.0,1.0,0.0,0.0,0.0,0.0,0.0,0.0,True,
flex,0.0275,0.0275,0.0,True,24.0,401,28.90933692566648,112.02543857007235,83.11610164440587,18.320897421647064,119.5,101.17910257835294,0.0,0.0,0.0,0.0,0.0,0.0,0.0,0.0,0.0,2.2125975176255537,0.6489217542961905,0.021868127520820037,0.006413594682693162,267.7361159766888,628.3269357275407,1.208214721871851,1.2224081452046176,4.499125164617981,19.114337507314264,28.290056421386033,11.8396887551156,17.826758226796514,6.338367961070648,171.58937243907474,26.21523849131112,0.999304696885596,1.0091660296877685,1.0199707191921308,1.031947193736758,1.1012900310514706,0.9055518082081557,0.0,1.0,0.0,0.0,0.0,0.0,0.0,0.0,True,
flex,0.03,0.03,0.0,True,24.0,401,28.90933692566648,112.02543857007235,83.11610164440587,18.320897421647064,119.5,101.17910257835294,0.0,0.0,0.0,0.0,0.0,0.0,0.0,0.0,0.0,2.4037810694256763,0.7050575684542629,0.023757683238633115,0.0069684109711120185,267.7791634091717,621.7174953954392,1.2081726980801735,1.2224081452046176,4.493185885649295,19.114337507314264,28.290056421386033,11.849398010385107,17.826758226796514,6.359885893548678,171.58937243907474,26.35910080005712,0.999304696885596,1.009993606391364,1.0199707191921308,1.035450519856684,1.1012900310514706,0.8969656089543517,0.0,1.0,0.0,0.0,0.0,0.0,0.0,0.0,True,
flex,0.0325,0.0325,0.0,True,24.0,401,28.90933692566648,112.02543857007235,83.11610164440587,18.320897421647064,119.5,101.17910257835294,0.0,0.0,0.0,0.0,0.0,0.0,0.0,0.0,0.0,2.593640244429082,0.7607370803785107,0.025634149526287515,0.007518717412910409,267.8226614397903,615.1513034365668,1.2081298182370954,1.2224081452046176,4.487316454432616,19.114337507314264,28.290056421386033,11.859087961385677,17.826758226796514,6.373634909736076,171.58937243907474,26.354604816009097,0.999304696885596,1.010819537679033,1.0199707191921308,1.0376889917722256,1.1012900310514706,0.8883794097005476,0.0,1.0,0.0,0.0,0.0,0.0,0.0,0.0,True,
flex,0.035,0.035,0.0,True,24.0,401,28.90933692566648,112.02543857007235,83.11610164440587,18.320897421647064,119.5,101.17910257835294,0.0,0.0,0.0,0.0,0.0,0.0,0.0,0.0,0.0,2.7821935418586463,0.8159647896287385,0.027497709220183287,0.008064558479324885,267.86659230525487,608.6280062434314,1.208086140764366,1.2224081452046176,4.4814866315461,19.114337507314264,28.290056421386033,11.86874925513741,17.826758226796514,6.384879076125586,171.58937243907474,26.350930644041018,0.999304696885596,1.011643026341509,1.0199707191921308,1.0395196500777752,1.1012900310514706,0.8797932104467436,0.0,1.0,0.0,0.0,0.0,0.0,0.0,0.0,True,
flex,0.0375,0.0375,0.0,True,24.0,401,28.90933692566648,112.02543857007235,83.11610164440587,18.320897421647064,119.5,101.17910257835294,0.0,0.0,0.0,0.0,0.0,0.0,0.0,0.0,0.0,2.969356589138087,0.8707456504996526,0.029347528427015074,0.008605983135947945,267.91092320215256,602.147208872201,1.2080417163925852,1.2224081452046176,4.4757287362112015,19.114337507314264,28.290056421386033,11.878423165710402,17.826758226796514,6.402134894174337,171.58937243907474,26.368764138008938,0.999304696885596,1.0124675904095706,1.0199707191921308,1.0423290630245163,1.1012900310514706,0.8712070111929396,0.0,1.0,0.0,0.0,0.0,0.0,0.0,0.0,True,
flex,0.04,0.04,0.0,True,24.0,401,28.90933692566648,112.02543857007235,83.11610164440587,18.320897421647064,119.5,101.17910257835294,0.0,0.0,0.0,0.0,0.0,0.0,0.0,0.0,0.0,3.1550396093292363,0.9250850150765587,0.03118271983966233,0.009143044279921088,267.95559714298633,595.7084708968288,1.2079966055906766,1.2224081452046176,4.470042148435129,19.114337507314264,28.290056421386033,11.888093716594232,17.826758226796514,6.412828726088737,171.58937243907474,26.34602787632933,0.999304696885596,1.0132918681116438,1.0199707191921308,1.0440701215907175,1.1012900310514706,0.8626208119391356,0.0,1.0,0.0,0.0,0.0,0.0,0.0,0.0,True,
flex,0.0425,0.0425,0.0,True,24.0,401,28.90933692566648,112.02543857007235,83.11610164440587,18.320897421647064,119.5,101.17910257835294,0.0,0.0,0.0,0.0,0.0,0.0,0.0,0.0,0.0,3.3391528254938123,0.9789887170446898,0.033002396151003394,0.009675799568261267,268.0005779002082,589.311303792928,1.2079508761280686,1.2224081452046176,4.464426028190537,19.114337507314264,28.290056421386033,11.89775331001998,17.826758226796514,6.423303306555574,171.58937243907474,26.2870218660961,0.999304696885596,1.0141152118453758,1.0199707191921308,1.0457754839150117,1.1012900310514706,0.8540346126853315,0.0,1.0,0.0,0.0,0.0,0.0,0.0,0.0,True,
flex,0.045,0.045,0.0,True,24.0,401,28.90933692566648,112.02543857007235,83.11610164440587,18.320897421647064,119.5,101.17910257835294,0.0,0.0,0.0,0.0,0.0,0.0,0.0,0.0,0.0,3.5216064606936897,1.0324613095105446,0.03480567005391813,0.010204294001431849,268.0458428242532,582.9553405003734,1.2079045929248544,1.2224081452046176,4.4588793286813715,19.114337507314264,28.290056421386033,11.907356453463466,17.826758226796514,6.444716109985604,171.58937243907474,26.353811192592854,0.999304696885596,1.0149337440164345,1.0199707191921308,1.0492616940159987,1.1012900310514706,0.8454484134315275,0.0,1.0,0.0,0.0,0.0,0.0,0.0,0.0,False,warp_monotonic_reserve
flex,0.0475,0.0475,0.0,True,24.0,401,28.90933692566648,112.02543857007235,83.11610164440587,18.320897421647064,119.5,101.17910257835294,0.0,0.0,0.0,0.0,0.0,0.0,0.0,0.0,0.0,3.702310754113057,1.0855065773422596,0.03659165440063074,0.010728564987040135,268.09135253864986,576.6402920321294,1.2078578074309207,1.2224081452046176,4.45340080900813,19.114337507314264,28.290056421386033,11.916889880133414,17.88182650343255,6.47308564140592,171.58937243907474,26.593731439176725,0.999304696885596,1.0157463338184827,1.0231214900171202,1.053880526263768,1.1012900310514706,0.8368622141777236,0.0,1.0,0.0,0.0,0.0,0.0,0.0,0.0,False,warp_monotonic_reserve
flex,0.05,0.05,0.0,True,24.0,401,28.90933692566648,112.02543857007235,83.11610164440587,18.320897421647064,119.5,101.17910257835294,0.0,0.0,0.0,0.0,0.0,0.0,0.0,0.0,0.0,3.8811984771899546,1.1381291192856684,0.03835968474008119,0.011248657976624204,268.13704979642023,570.3657744982908,1.2078105792287164,1.2224081452046176,4.447989046186676,19.114337507314264,28.290056421386033,11.926446986774708,18.0558489054771,6.476227738086574,171.58937243907474,26.521773204538267,0.999304696885596,1.0165609420032062,1.0330783061869897,1.054392089788001,1.1012900310514706,0.8282760149239194,0.0,1.0,0.0,0.0,0.0,0.0,0.0,0.0,False,warp_monotonic_reserve
flex,0.0525,0.0525,0.0,True,24.0,401,28.90933692566648,112.02543857007235,83.11610164440587,18.320897421647064,119.5,101.17910257835294,0.0,0.0,0.0,0.0,0.0,0.0,0.0,0.0,0.0,4.058269721408408,1.1903357969418336,0.04010976197644855,0.011764640786569929,268.18290920002687,564.1312015925924,1.2077629751619456,1.2224081452046176,4.44264244648346,19.114337507314264,28.290056421386033,11.935974004170737,18.22798297824432,6.491451486105548,171.58937243907474,26.508020211343815,0.999304696885596,1.0173729855052926,1.0429270802469834,1.056870662212768,1.1012900310514706,0.8196898156701155,0.0,1.0,0.0,0.0,0.0,0.0,0.0,0.0,False,warp_monotonic_reserve
flex,0.055,0.055,0.0,True,24.0,401,28.90933692566648,112.02543857007235,83.11610164440587,18.320897421647064,119.5,101.17910257835294,0.0,0.0,0.0,0.0,0.0,0.0,0.0,0.0,0.0,4.233537096091965,1.2421316651381313,0.041842010733525926,0.012276563376080811,268.2289081517357,557.9361593217881,1.2077150568038963,1.2224081452046176,4.437359253681799,19.114337507314264,28.290056421386033,11.945484177692416,18.398179180314635,6.5002832744942465,171.58937243907474,26.42912713029526,0.999304696885596,1.0181835933052965,1.0526649776493548,1.058308562205222,1.1012900310514706,0.8111036164163115,0.0,1.0,0.0,0.0,0.0,0.0,0.0,0.0,False,warp_monotonic_reserve
flex,0.0575,0.0575,0.0,True,24.0,401,28.90933692566648,112.02543857007235,83.11610164440587,18.320897421647064,119.5,101.17910257835294,0.0,0.0,0.0,0.0,0.0,0.0,0.0,0.0,0.0,4.4070132105641875,1.2935217259693739,0.0435565556351066,0.012784475183179971,268.2750102820346,551.7802165671443,1.2076668781181514,1.2224081452046176,4.432137525780384,19.114337507314264,28.290056421386033,11.954973791379038,18.566387970262134,6.52340142141506,171.58937243907474,26.546714098410245,0.999304696885596,1.0189924486701185,1.0622891638459957,1.062072418608929,1.1012900310514706,0.8025174171625074,0.0,1.0,0.0,0.0,0.0,0.0,0.0,0.0,False,warp_monotonic_reserve
flex,0.06,0.06,0.0,True,24.0,401,28.90933692566648,112.02543857007235,83.11610164440587,18.320897421647064,119.5,101.17910257835294,0.0,0.0,0.0,0.0,0.0,0.0,0.0,0.0,0.0,4.578710674148667,1.3445107104013254,0.045253521304984105,0.013288422966196388,268.32117584155367,545.6629678379248,1.2076184956850473,1.2224081452046176,4.426975321729925,19.114337507314264,28.290056421386033,11.964418279229424,18.732559806664252,6.544071917186726,171.58937243907474,26.69792146461649,0.999304696885596,1.0197974576955704,1.0717968042889885,1.065437773892139,1.1012900310514706,0.7939312179087034,0.0,1.0,0.0,0.0,0.0,0.0,0.0,0.0,False,warp_monotonic_reserve
flex,0.0625,0.0625,0.0,True,24.0,401,28.90933692566648,112.02543857007235,83.11610164440587,18.320897421647064,119.5,101.17910257835294,0.0,0.0,0.0,0.0,0.0,0.0,0.0,0.0,0.0,4.748642096168965,1.395104073707176,0.0469330323669517,0.01378846064212528,268.3673890423303,539.5839556026198,1.2075699771729604,1.2224081452046176,4.4218711062050335,19.114337507314264,28.290056421386033,11.97381792261443,18.896645148099644,6.56518374016853,171.58937243907474,26.916241146248687,0.999304696885596,1.0205986443645383,1.081185064430486,1.0688749814847793,1.1012900310514706,0.7853450186548994,0.0,1.0,0.0,0.0,0.0,0.0,0.0,0.0,False,warp_monotonic_reserve
flex,0.065,0.065,0.0,True,24.0,401,28.90933692566648,112.02543857007235,83.11610164440587,18.320897421647064,119.5,101.17910257835294,0.0,0.0,0.0,0.0,0.0,0.0,0.0,0.0,0.0,4.91682601961098,1.4453076572678247,0.048595272089939696,0.014284645944043443,268.4136314839779,533.5426954760231,1.2075213764105008,1.2224081452046176,4.416796605426936,19.114337507314264,28.290056421386033,11.98322719117946,18.70107664768434,6.5794811269642155,171.58937243907474,26.897365060623233,0.999304696885596,1.021400651443984,1.069995472835527,1.071202733403285,1.1012900310514706,0.7767588194010954,0.0,1.0,0.0,0.0,0.0,0.0,0.0,0.0,False,warp_monotonic_reserve
flex,0.0675,0.0675,0.0,True,24.0,401,28.90933692566648,112.02543857007235,83.11610164440587,18.320897421647064,119.5,101.17910257835294,0.0,0.0,0.0,0.0,0.0,0.0,0.0,0.0,0.0,5.087131777447297,1.4951268157250217,0.05027848288640266,0.014777031794358898,268.4598739773704,527.5387234198445,1.2074727576408877,1.2224081452046176,4.411762235870159,19.114337507314264,28.290056421386033,11.992562499175955,19.44908910573388,6.593828082079202,171.58937243907474,26.808362416014837,0.999304696885596,1.0221963544309114,1.1127935404984757,1.073538555520352,1.1012900310514706,0.7681726201472913,0.0,1.0,0.0,0.0,0.0,0.0,0.0,0.0,False,warp_monotonic_reserve;maximum_knee_displacement
flex,0.07,0.07,0.0,True,24.0,401,28.90933692566648,112.02543857007235,83.11610164440587,18.320897421647064,119.5,101.17910257835294,0.0,0.0,0.0,0.0,0.0,0.0,0.0,0.0,0.0,5.255905858184349,1.544566116917736,0.051946555407666156,0.015265663339142848,268.50609721310127,521.571648127496,1.2074241754097734,1.2224081452046176,4.40678349799136,19.114337507314264,28.290056421386033,12.001900521963732,19.62300802244747,6.601454362236313,171.58937243907474,26.762420863026357,0.999304696885596,1.022992288815403,1.1227444356811358,1.0747801871919616,1.1012900310514706,0.7595864208934873,0.0,1.0,0.0,0.0,0.0,0.0,0.0,0.0,False,warp_monotonic_reserve;maximum_knee_displacement;rms_knee_displacement
flex,0.0725,0.0725,0.0,True,24.0,401,28.90933692566648,112.02543857007235,83.11610164440587,18.320897421647064,119.5,101.17910257835294,0.0,0.0,0.0,0.0,0.0,0.0,0.0,0.0,0.0,5.423054802900694,1.593631892795512,0.05359856595586118,0.015750603159989544,268.552296732077,515.6409359106547,1.2073756822111752,1.2224081452046176,4.401859970538238,19.114337507314264,28.290056421386033,12.011196445724984,19.79519119906342,6.628998537510954,171.58937243907474,26.845148916108958,0.999304696885596,1.023784634853247,1.132596019252947,1.0792646435304127,1.1012900310514706,0.7510002216396833,0.0,1.0,0.0,0.0,0.0,0.0,0.0,0.0,False,warp_monotonic_reserve;maximum_knee_displacement;rms_knee_displacement
flex,0.075,0.075,0.0,True,24.0,401,28.90933692566648,112.02543857007235,83.11610164440587,18.320897421647064,119.5,101.17910257835294,0.0,0.0,0.0,0.0,0.0,0.0,0.0,0.0,0.0,5.588589319679244,1.6423292900283148,0.05523462036393779,0.016231902123825397,268.5984611065569,509.7461720854123,1.2073273400267786,1.2224081452046176,4.396991092000001,19.114337507314264,28.290056421386033,12.02043076942855,19.965591186626163,6.648909431769975,171.58937243907474,27.101263084038877,0.999304696885596,1.0245717303573205,1.1423455763879873,1.0825063283902352,1.1012900310514706,0.7424140223858793,0.0,1.0,0.0,0.0,0.0,0.0,0.0,0.0,False,warp_monotonic_reserve;maximum_knee_displacement;rms_knee_displacement
flex,0.0775,0.0775,0.0,True,24.0,401,28.90933692566648,112.02543857007235,83.11610164440587,18.320897421647064,119.5,101.17910257835294,0.0,0.0,0.0,0.0,0.0,0.0,0.0,0.0,0.0,5.752520116602952,1.6906639602708713,0.05685482446484648,0.016709616088575442,268.6445686125359,503.88685650229655,1.2072792167981148,1.2224081452046176,4.392176168157632,19.114337507314264,28.290056421386033,12.029664673524444,20.134160536183618,6.658788163050382,171.58937243907474,27.22602724213959,0.999304696885596,1.0253587900957737,1.1519903922605343,1.0841146807429396,1.1012900310514706,0.7338278231320752,0.0,1.0,0.0,0.0,0.0,0.0,0.0,0.0,False,warp_monotonic_reserve;maximum_knee_displacement;rms_knee_displacement
flex,0.08,0.08,0.0,True,24.0,401,28.90933692566648,112.02543857007235,83.11610164440587,18.320897421647064,119.5,101.17910257835294,0.0,0.0,0.0,0.0,0.0,0.0,0.0,0.0,0.0,5.914857901754701,1.738641642959472,0.05845928409153702,0.017183801779750624,268.690615493173,498.06249240265095,1.2072313634331766,1.2224081452046176,4.387414379335223,19.114337507314264,28.290056421386033,12.038909507102241,20.300851798786205,6.669048251415664,171.58937243907474,27.252918536740847,0.999304696885596,1.026146781417995,1.1615277520450091,1.0857851216925773,1.1012900310514706,0.7252416238782712,0.0,1.0,0.0,0.0,0.0,0.0,0.0,0.0,False,warp_monotonic_reserve;maximum_knee_displacement;rms_knee_displacement
flex,0.0825,0.0825,0.0,True,24.0,401,28.90933692566648,112.02543857007235,83.11610164440587,18.320897421647064,119.5,101.17910257835294,0.0,0.0,0.0,0.0,0.0,0.0,0.0,0.0,0.0,6.075613383217416,1.7862678083579646,0.060048105076959644,0.017654513262505778,268.73660630385746,492.2726558323224,1.2071838153996088,1.2224081452046176,4.38270478732984,19.114337507314264,28.290056421386033,12.048106129379864,20.46561752547277,6.692685353882604,171.58937243907474,27.190057113430584,0.999304696885596,1.0269306634086794,1.1709549409151703,1.089633469044552,1.1012900310514706,0.7166554246244672,0.0,1.0,0.0,0.0,0.0,0.0,0.0,0.0,False,warp_monotonic_reserve;maximum_knee_displacement;rms_knee_displacement
flex,0.085,0.085,0.0,True,24.0,401,28.90933692566648,112.02543857007235,83.11610164440587,18.320897421647064,119.5,101.17910257835294,0.0,0.0,0.0,0.0,0.0,0.0,0.0,0.0,0.0,6.234803740408353,1.8335481259173139,0.061621457213263287,0.01812180657065442,268.78253580661203,486.5168782647484,1.2071366492105908,1.2224081452046176,4.378046342000959,19.114337507314264,28.290056421386033,12.057207144740739,19.756099390860367,6.717392164893333,171.58937243907474,27.247405006712896,0.999304696885596,1.027706396261783,1.130359353493524,1.0936559752236346,1.1012900310514706,0.7080692253706631,0.0,1.0,0.0,0.0,0.0,0.0,0.0,0.0,False,warp_monotonic_reserve;maximum_knee_displacement;rms_knee_displacement
flex,0.0875,0.0875,0.0,True,24.0,401,28.90933692566648,112.02543857007235,83.11610164440587,18.320897421647064,119.5,101.17910257835294,0.0,0.0,0.0,0.0,0.0,0.0,0.0,0.0,0.0,6.392504133658107,1.8804881061616494,0.06318008334485634,0.018585736167262428,268.82838941814805,480.7946942072964,1.2070899353488638,1.2224081452046176,4.373437887109042,19.114337507314264,28.290056421386033,12.066261256346953,20.99168121979522,6.737743342842613,171.58937243907474,27.46959474281419,0.999304696885596,1.0284781312331135,1.2010540513542396,1.0969693424978264,1.1012900310514706,0.6994830261168592,0.0,1.0,0.0,0.0,0.0,0.0,0.0,0.0,False,warp_monotonic_reserve;maximum_knee_displacement;rms_knee_displacement
flex,0.09,0.09,0.0,True,24.0,401,28.90933692566648,112.02543857007235,83.11610164440587,18.320897421647064,119.5,101.17910257835294,0.0,0.0,0.0,0.0,0.0,0.0,0.0,0.0,0.0,6.548820294249637,1.9270937178784389,0.0647250284630489,0.01904636104462481,268.874163785873,475.1056088392306,1.2070437111585208,1.2224081452046176,4.368878139030141,19.114337507314264,28.290056421386033,12.075364749478233,21.167412302304847,6.75994592883151,171.58937243907474,27.69994383338914,0.999304696885596,1.0292540752811032,1.211108630898732,1.1005841367864606,1.1012900310514706,0.6908968268630551,0.0,1.0,0.0,0.0,0.0,0.0,0.0,0.0,False,warp_monotonic_reserve;maximum_knee_displacement;rms_knee_displacement
flex,0.0925,0.0925,0.0,True,24.0,401,28.90933692566648,112.02543857007235,83.11610164440587,18.320897421647064,119.5,101.17910257835294,0.0,0.0,0.0,0.0,0.0,0.0,0.0,0.0,0.0,6.703858228315767,1.9733700764763364,0.06625734027561975,0.019503731760697935,268.91984691162173,469.4491903744353,1.20699802069423,1.2224081452046176,4.364365714116346,19.114337507314264,28.290056421386033,12.084426616894074,21.34157366106731,6.777745300403144,171.58937243907474,27.753404849660967,0.999304696885596,1.0300264713255223,1.2210733975765797,1.1034820454683862,1.1012900310514706,0.682310627609251,0.0,1.0,0.0,0.0,0.0,0.0,0.0,0.0,False,warp_monotonic_reserve;maximum_knee_displacement;rms_knee_displacement
flex,0.095,0.095,0.0,True,24.0,401,28.90933692566648,112.02543857007235,83.11610164440587,18.320897421647064,119.5,101.17910257835294,0.0,0.0,0.0,0.0,0.0,0.0,0.0,0.0,0.0,6.85772394198932,2.01932264030151,0.06777806649034775,0.01995790226284869,268.9654193630999,463.8249735974666,1.2069529396393583,1.2224081452046176,4.359899253111254,19.114337507314264,28.290056421386033,12.093424902323138,21.51412049742167,6.794563176714758,171.58937243907474,27.711664534638892,0.999304696885596,1.0307934479047436,1.2309457882003632,1.1062201572932242,1.1012900310514706,0.6737244283554471,0.0,1.0,0.0,0.0,0.0,0.0,0.0,0.0,False,warp_monotonic_reserve;maximum_knee_displacement;rms_knee_displacement
flex,0.0975,0.0975,0.0,True,24.0,401,28.90933692566648,112.02543857007235,83.11610164440587,18.320897421647064,119.5,101.17910257835294,0.0,0.0,0.0,0.0,0.0,0.0,0.0,0.0,0.0,7.010523441403123,2.0649577659946066,0.06928825481501168,0.02040893537670495,269.01087882446683,458.23244504078247,1.2069085265151072,1.2224081452046176,4.355477662803663,19.114337507314264,28.290056421386033,12.10237081304887,21.68500801269116,6.802185310765194,171.58937243907474,27.65000859654842,0.999304696885596,1.0315559602811883,1.2407232395817578,1.1074611139388375,1.1012900310514706,0.665138229101643,0.0,1.0,0.0,0.0,0.0,0.0,0.0,0.0,False,warp_monotonic_reserve;maximum_knee_displacement;rms_knee_displacement
flex,0.1,0.1,0.0,True,24.0,401,28.90933692566648,112.02543857007235,83.11610164440587,18.320897421647064,119.5,101.17910257835294,0.0,0.0,0.0,0.0,0.0,0.0,0.0,0.0,0.0,7.162362732689928,2.110281418321826,0.07078895295738966,0.020856890054817667,269.056236188811,452.6711501859628,1.2068648129443558,1.2224081452046176,4.351090386422097,19.114337507314264,28.290056421386033,12.111310509681775,21.854191408208084,6.813011673733063,171.58937243907474,27.73678188890082,0.999304696885596,1.0323179429940992,1.2504031885329572,1.109223749833706,1.1012900310514706,0.6565520298478389,0.0,1.0,0.0,0.0,0.0,0.0,0.0,0.0,False,warp_monotonic_reserve;maximum_knee_displacement;rms_knee_displacement;peak_ddq_ratio
flex,0.1025,0.1025,0.0,True,24.0,401,28.90933692566648,112.02543857007235,83.11610164440587,18.320897421647064,119.5,101.17910257835294,0.0,0.0,0.0,0.0,0.0,0.0,0.0,0.0,0.0,7.3133337867487,2.1552995722278716,0.07228106990853438,0.021301825350336655,269.10148112653667,447.1405662237719,1.2068218625241167,1.2224081452046176,4.346709202013751,19.114337507314264,28.290056421386033,12.120245055517733,22.021625885310517,6.837668774904164,171.58937243907474,28.010774395872396,0.999304696885596,1.0330794866744126,1.2599830718664855,1.1132381627733587,1.1012900310514706,0.647965830594035,0.0,1.0,0.0,0.0,0.0,0.0,0.0,0.0,False,warp_monotonic_reserve;maximum_knee_displacement;rms_knee_displacement;peak_ddq_ratio
flex,0.105,0.105,0.0,True,24.0,401,28.90933692566648,112.02543857007235,83.11610164440587,18.320897421647064,119.5,101.17910257835294,0.0,0.0,0.0,0.0,0.0,0.0,0.0,0.0,0.0,7.46345478457296,2.2000184467706276,0.0737647853596376,0.021743802729095534,269.14658998751213,441.6401544056422,1.2067797479679558,1.2224081452046176,4.3423709844153455,19.114337507314264,28.290056421386033,12.129124971495358,22.187266645324975,6.853162411726903,171.58937243907474,28.013960727264863,0.999304696885596,1.0338363739318777,1.2694603263942055,1.1157606756880716,1.1012900310514706,0.6393796313402309,0.0,1.0,0.0,0.0,0.0,0.0,0.0,0.0,False,warp_monotonic_reserve;maximum_knee_displacement;rms_knee_displacement;peak_ddq_ratio
flex,0.1075,0.1075,0.0,True,24.0,401,28.90933692566648,112.02543857007235,83.11610164440587,18.320897421647064,119.5,101.17910257835294,0.0,0.0,0.0,0.0,0.0,0.0,0.0,0.0,0.0,7.612719742255834,2.2444432303988924,0.0752400401689722,0.022182873470940296,269.1915795990427,436.1695340579097,1.2067385059766063,1.2224081452046176,4.338075548123476,19.114337507314264,28.290056421386033,12.137931230898566,21.01900106938067,6.880928279068121,171.58937243907474,28.042075561538333,0.999304696885596,1.0345869830080239,1.2026171760836708,1.1202812256246513,1.1012900310514706,0.6307934320864269,0.0,1.0,0.0,0.0,0.0,0.0,0.0,0.0,False,warp_monotonic_reserve;maximum_knee_displacement;rms_knee_displacement
flex,0.11,0.11,0.0,True,24.0,401,28.90933692566648,112.02543857007235,83.11610164440587,18.320897421647064,119.5,101.17910257835294,0.0,0.0,0.0,0.0,0.0,0.0,0.0,0.0,0.0,7.761122661967136,2.288577885823372,0.07670677505720051,0.02261907674117885,269.2364637002193,430.7283932718196,1.2066981910217562,1.2224081452046176,4.33382261467254,19.114337507314264,28.290056421386033,12.146643778225071,22.452538093382003,6.911028574344317,171.58937243907474,28.19264144145075,0.999304696885596,1.0353296044549058,1.2846380219804483,1.1251818428547797,1.1012900310514706,0.6222072328326229,0.0,1.0,0.0,0.0,0.0,0.0,0.0,0.0,False,warp_monotonic_reserve;maximum_knee_displacement;rms_knee_displacement;peak_ddq_ratio
flex,0.1125,0.1125,0.0,True,24.0,401,28.90933692566648,112.02543857007235,83.11610164440587,18.320897421647064,119.5,101.17910257835294,0.0,0.0,0.0,0.0,0.0,0.0,0.0,0.0,0.0,7.908657545876665,2.3324285462322774,0.07816493074498475,0.023052473156954998,269.28121616332044,425.3162026661835,1.206658875300041,1.2224081452046176,4.3296118170060796,19.114337507314264,28.290056421386033,12.15536184916943,22.853436080388107,6.925144892297427,171.58937243907474,28.29366688770156,0.999304696885596,1.036072696712095,1.3075756869741118,1.127480115026272,1.1012900310514706,0.6136210335788188,0.0,1.0,0.0,0.0,0.0,0.0,0.0,0.0,False,warp_monotonic_reserve;maximum_knee_displacement;rms_knee_displacement;peak_ddq_ratio
flex,0.115,0.115,0.0,True,24.0,401,28.90933692566648,112.02543857007235,83.11610164440587,18.320897421647064,119.5,101.17910257835294,0.0,0.0,0.0,0.0,0.0,0.0,0.0,0.0,0.0,8.055318396154206,2.3760010997789465,0.07961444795298693,0.023483120913619242,269.32580787519,419.9324986219006,1.2066205917101909,1.2224081452046176,4.325442703715503,19.114337507314264,28.290056421386033,12.16407885696711,23.02975836531698,6.929568325213339,171.58937243907474,28.295396242709966,0.999304696885596,1.0368156983510648,1.3176640925877676,1.1282002923987906,1.1012900310514706,0.6050348343250148,0.0,1.0,0.0,0.0,0.0,0.0,0.0,0.0,False,warp_monotonic_reserve;maximum_knee_displacement;rms_knee_displacement;peak_ddq_ratio
flex,0.1175,0.1175,0.0,True,24.0,401,28.90933692566648,112.02543857007235,83.11610164440587,18.320897421647064,119.5,101.17910257835294,0.0,0.0,0.0,0.0,0.0,0.0,0.0,0.0,0.0,8.201099215032414,2.419302799037227,0.08105526740249051,0.02391109169172283,269.3702525487831,414.5766651217098,1.2065833863399875,1.2224081452046176,4.321314743133472,19.114337507314264,28.290056421386033,12.172886363276675,23.204608414084955,6.9332396890290955,171.58937243907474,28.228250389795743,0.999304696885596,1.037566413708344,1.3276682631567371,1.128798025697035,1.1012900310514706,0.5964486350712108,0.0,1.0,0.0,0.0,0.0,0.0,0.0,0.0,False,warp_monotonic_reserve;maximum_knee_displacement;rms_knee_displacement;peak_ddq_ratio
flex,0.12,0.12,0.0,True,24.0,401,28.90933692566648,112.02543857007235,83.11610164440587,18.320897421647064,119.5,101.17910257835294,0.0,0.0,0.0,0.0,0.0,0.0,0.0,0.0,0.0,8.345999401300816,2.462342045146089,0.0824873831514535,0.02433646852361885,269.4145639361262,409.2479566336692,1.2065473309723547,1.2224081452046176,4.317227327271028,19.114337507314264,28.290056421386033,12.181652672840489,23.377944494411643,6.965416624429119,171.58937243907474,28.31504379130719,0.999304696885596,1.038313617625652,1.3375858109387562,1.1340367398886126,1.1012900310514706,0.5878624358174067,0.0,1.0,0.0,0.0,0.0,0.0,0.0,0.0,False,warp_monotonic_reserve;maximum_knee_displacement;rms_knee_displacement;peak_ddq_ratio
flex,0.1225,0.1225,0.0,True,24.0,401,28.90933692566648,112.02543857007235,83.11610164440587,18.320897421647064,119.5,101.17910257835294,0.0,0.0,0.0,0.0,0.0,0.0,0.0,0.0,0.0,8.490038489823405,2.505123156709589,0.0839109882719975,0.024759294092074256,269.4587190470361,403.94603626141617,1.2065124715423003,1.2224081452046176,4.313179775589048,19.114337507314264,28.290056421386033,12.190295641032252,23.549724874031394,7.009529120593301,171.58937243907474,28.471039584092573,0.999304696885596,1.0390503084352842,1.3474143481924048,1.1412186780318287,1.1012900310514706,0.5792762365636028,0.0,1.0,0.0,0.0,0.0,0.0,0.0,0.0,False,warp_monotonic_reserve;maximum_knee_displacement;rms_knee_displacement;peak_ddq_ratio
flex,0.125,0.125,0.0,True,24.0,401,28.90933692566648,112.02543857007235,83.11610164440587,18.320897421647064,119.5,101.17910257835294,0.0,0.0,0.0,0.0,0.0,0.0,0.0,0.0,0.0,8.633240710994116,2.547649673828468,0.08532632224434436,0.025179603385546655,269.50270507720575,398.6706594541808,1.206478854307712,1.2224081452046176,4.309171338595213,19.114337507314264,28.290056421386033,12.198854675246182,23.71990782066118,7.024305948078872,171.58937243907474,28.615296297802093,0.999304696885596,1.0397798450602989,1.3571514871752681,1.1436244875004054,1.1012900310514706,0.5706900373097987,0.0,1.0,0.0,0.0,0.0,0.0,0.0,0.0,False,warp_monotonic_reserve;maximum_knee_displacement;rms_knee_displacement;peak_ddq_ratio
flex,0.1275,0.1275,0.0,True,24.0,401,28.90933692566648,112.02543857007235,83.11610164440587,18.320897421647064,119.5,101.17910257835294,0.0,0.0,0.0,0.0,0.0,0.0,0.0,0.0,0.0,8.775630295206767,2.5899277490595516,0.08673362454871482,0.025597457212608855,269.54653572998683,393.42130070252307,1.2064465505956958,1.2224081452046176,4.305201187003535,19.114337507314264,28.290056421386033,12.207319765715985,24.538688791133648,7.0673603563648895,171.58937243907474,29.063571797154587,0.999304696885596,1.040501374309678,1.4039986258804025,1.150634158772511,1.1012900310514706,0.5621038380559946,0.0,1.0,0.0,0.0,0.0,0.0,0.0,0.0,False,warp_monotonic_reserve;maximum_knee_displacement;rms_knee_displacement;peak_ddq_ratio;rms_ddq_ratio
flex,0.13,0.13,0.0,True,24.0,401,28.90933692566648,112.02543857007235,83.11610164440587,18.320897421647064,119.5,101.17910257835294,0.0,0.0,0.0,0.0,0.0,0.0,0.0,0.0,0.0,8.917231472855235,2.6319603414631105,0.08813313466533018,0.02601288481902599,269.5901972624447,388.197740359156,1.2064155988132215,1.2224081452046176,4.3012683987309135,19.114337507314264,28.290056421386033,12.215737579161352,23.727902771276508,7.060760632563166,171.58937243907474,29.230833034507654,0.999304696885596,1.0412188738613146,1.3576089239916131,1.1495596603371954,1.1012900310514706,0.5535176388021907,0.0,1.0,0.0,0.0,0.0,0.0,0.0,0.0,False,warp_monotonic_reserve;maximum_knee_displacement;rms_knee_displacement;peak_ddq_ratio
flex,0.1325,0.1325,0.0,True,24.0,401,28.90933692566648,112.02543857007235,83.11610164440587,18.320897421647064,119.5,101.17910257835294,0.0,0.0,0.0,0.0,0.0,0.0,0.0,0.0,0.0,9.058068474333353,2.673755801304649,0.08952509207441131,0.026425968734345086,269.6336881408754,382.99925470177226,1.2063860530020376,1.2224081452046176,4.297372033431348,19.114337507314264,28.290056421386033,12.224271688305183,22.331132804496242,7.047802914936189,171.58937243907474,29.21265308833093,0.999304696885596,1.0419462859765936,1.2776917315644822,1.1474500194289174,1.1012900310514706,0.5449314395483866,0.0,1.0,0.0,0.0,0.0,0.0,0.0,0.0,False,warp_monotonic_reserve;maximum_knee_displacement;rms_knee_displacement;peak_ddq_ratio
flex,0.135,0.135,0.0,True,24.0,401,28.90933692566648,112.02543857007235,83.11610164440587,18.320897421647064,119.5,101.17910257835294,0.0,0.0,0.0,0.0,0.0,0.0,0.0,0.0,0.0,9.198165531929774,2.715323201805731,0.09090973627490646,0.02683679863342323,269.6770254017231,377.82504336642444,1.2063579751148352,1.2224081452046176,4.293511150430839,19.114337507314264,28.290056421386033,12.232820008990876,23.778453088456192,7.06584828349776,171.58937243907474,28.935500495978783,0.999304696885596,1.0426749094248366,1.3605011965356841,1.1503879787839804,1.1012900310514706,0.5363452402945825,0.0,1.0,0.0,0.0,0.0,0.0,0.0,0.0,False,warp_monotonic_reserve;maximum_knee_displacement;rms_knee_displacement;peak_ddq_ratio;rms_ddq_ratio
flex,0.1375,0.1375,0.0,True,24.0,401,28.90933692566648,112.02543857007235,83.11610164440587,18.320897421647064,119.5,101.17910257835294,0.0,0.0,0.0,0.0,0.0,0.0,0.0,0.0,0.0,9.33755072938878,2.7566668147837268,0.09228734483148629,0.027245416736612862,269.72021778755766,372.6747746121933,1.2063313986352104,1.2224081452046176,4.289684914845741,19.114337507314264,28.290056421386033,12.241284325448992,24.670724139131806,7.080693244287683,171.58937243907474,28.908473590606448,0.999304696885596,1.0433963727006654,1.4115531227296407,1.1528048810090297,1.1012900310514706,0.5277590410407786,0.0,1.0,0.0,0.0,0.0,0.0,0.0,0.0,False,warp_monotonic_reserve;maximum_knee_displacement;rms_knee_displacement;peak_ddq_ratio;rms_ddq_ratio
flex,0.14,0.14,0.0,True,24.0,401,28.90933692566648,112.02543857007235,83.11610164440587,18.320897421647064,119.5,101.17910257835294,0.0,0.0,0.0,0.0,0.0,0.0,0.0,0.0,0.0,9.480148101493,2.797792601425026,0.09369670079996596,0.027651881961084007,269.7632463794139,367.5479318818943,1.2063063828334524,1.2224081452046176,4.2858926859955515,19.114337507314264,28.290056421386033,12.24972250267688,26.21390984613119,7.10968953425449,171.58937243907474,28.906955771663245,0.999304696885596,1.0441156079767777,1.499847596429811,1.157525755569138,1.1012900310514706,0.5191728417869745,0.0,1.0,0.0,0.0,0.0,0.0,0.0,0.0,False,warp_monotonic_reserve;maximum_knee_displacement;rms_knee_displacement;peak_ddq_ratio;rms_ddq_ratio
flex,0.1425,0.1425,0.0,True,24.0,401,28.90933692566648,112.02543857007235,83.11610164440587,18.320897421647064,119.5,101.17910257835294,0.0,0.0,0.0,0.0,0.0,0.0,0.0,0.0,0.0,9.624021375892255,2.8387050002904615,0.0951186671026206,0.028056238175192084,269.80609443071125,362.4441405232308,1.2062829854436425,1.2224081452046176,4.282109352082596,19.114337507314264,28.290056421386033,12.258086388634311,25.25067428019394,7.1247431241740475,171.58937243907474,28.77156338773479,0.999304696885596,1.0448285109727096,1.4447353847510975,1.1599766246206924,1.1012900310514706,0.5105866425331707,0.0,1.0,0.0,0.0,0.0,0.0,0.0,0.0,False,warp_monotonic_reserve;maximum_knee_displacement;rms_knee_displacement;peak_ddq_ratio;rms_ddq_ratio
flex,0.145,0.145,0.0,True,24.0,401,28.90933692566648,112.02543857007235,83.11610164440587,18.320897421647064,119.5,101.17910257835294,0.0,0.0,0.0,0.0,0.0,0.0,0.0,0.0,0.0,9.766773205157634,2.879408355424979,0.09652954964286484,0.028458528313148157,269.84877565007207,357.36306247047145,1.206261239413639,1.2224081452046176,4.278334207802403,19.114337507314264,28.290056421386033,12.266393380747171,25.202989857863546,7.14864445181088,171.58937243907474,28.85135953531143,0.999304696885596,1.0455365645729835,1.4420070864301227,1.1638679903686104,1.1012900310514706,0.5020004432793665,0.0,1.0,0.0,0.0,0.0,0.0,0.0,0.0,False,warp_monotonic_reserve;maximum_knee_displacement;rms_knee_displacement;peak_ddq_ratio;rms_ddq_ratio
flex,0.1475,0.1475,0.0,True,24.0,401,28.90933692566648,112.02543857007235,83.11610164440587,18.320897421647064,119.5,101.17910257835294,0.0,0.0,0.0,0.0,0.0,0.0,0.0,0.0,0.0,9.908263563619684,2.9199087097583813,0.09792796448206031,0.028858812100030325,269.89130541470587,352.3041879514895,1.2062412002819323,1.2224081452046176,4.2745919308458955,19.114337507314264,28.290056421386033,12.274649435217759,25.377614612788175,7.183874170426924,171.58937243907474,29.447617892998924,0.999304696885596,1.046240276459613,1.4519983666507459,1.1696037269943873,1.1012900310514706,0.49341424402556255,0.0,1.0,0.0,0.0,0.0,0.0,0.0,0.0,False,warp_monotonic_reserve;maximum_knee_displacement;rms_knee_displacement;peak_ddq_ratio;rms_ddq_ratio
flex,0.15,0.15,0.0,True,24.0,401,28.90933692566648,112.02543857007235,83.11610164440587,18.320897421647064,119.5,101.17910257835294,0.0,0.0,0.0,0.0,0.0,0.0,0.0,0.0,0.0,10.04835793651229,2.96021362086058,0.09931258214838243,0.029257164230807393,269.933689418973,347.26684428074424,1.2062229312996497,1.2224081452046176,4.270882421554614,19.114337507314264,28.290056421386033,12.282913625370663,25.550776819015,7.213555739704734,171.58937243907474,29.886680792763038,0.999304696885596,1.0469446817981052,1.4619059661018103,1.1744361716094778,1.1012900310514706,0.48482804477175845,0.0,1.0,0.0,0.0,0.0,0.0,0.0,0.0,False,warp_monotonic_reserve;maximum_knee_displacement;rms_knee_displacement;peak_ddq_ratio;rms_ddq_ratio
flex,0.1525,0.1525,0.0,True,24.0,401,28.90933692566648,112.02543857007235,83.11610164440587,18.320897421647064,119.5,101.17910257835294,0.0,0.0,0.0,0.0,0.0,0.0,0.0,0.0,0.0,10.187029567225167,3.0003298378147187,0.10068313819384143,0.029653651409798462,269.975955437483,342.2504548287687,1.2062064716437433,1.2224081452046176,4.267205521367601,19.114337507314264,28.290056421386033,12.291143932404589,26.44696108311889,7.259334585079116,171.58937243907474,30.25383443407512,0.999304696885596,1.0476461990798793,1.513181789600258,1.1818894074119355,1.1012900310514706,0.47624184551795445,0.0,1.0,0.0,0.0,0.0,0.0,0.0,0.0,False,warp_monotonic_reserve;maximum_knee_displacement;rms_knee_displacement;peak_ddq_ratio;rms_ddq_ratio
flex,0.155,0.155,0.0,True,24.0,401,28.90933692566648,112.02543857007235,83.11610164440587,18.320897421647064,119.5,101.17910257835294,0.0,0.0,0.0,0.0,0.0,0.0,0.0,0.0,0.0,10.324349855904813,3.0402622473873215,0.10204033829920219,0.030048321935183673,270.01810142333375,337.2545962777863,1.206191877185574,1.2224081452046176,4.26356101544019,19.114337507314264,28.290056421386033,12.299348007203346,28.41310464531333,7.289488658554901,171.58937243907474,30.641878747436508,0.999304696885596,1.0483454804345809,1.6256760994267065,1.1867987802495787,1.1012900310514706,0.46765564626415046,0.0,1.0,0.0,0.0,0.0,0.0,0.0,0.0,False,warp_monotonic_reserve;maximum_knee_displacement;rms_knee_displacement;peak_ddq_ratio;rms_ddq_ratio
flex,0.1575,0.1575,0.0,True,24.0,401,28.90933692566648,112.02543857007235,83.11610164440587,18.320897421647064,119.5,101.17910257835294,0.0,0.0,0.0,0.0,0.0,0.0,0.0,0.0,0.0,10.460393788076743,3.08001456872587,0.10338492358119336,0.03044121256502262,270.06011207916947,332.2789851464509,1.206179181425766,1.2224081452046176,4.259948635014234,19.114337507314264,28.290056421386033,12.307533031086571,26.87179522219726,7.28229142645075,171.58937243907474,30.32056904545568,0.999304696885596,1.0490431379681513,1.5374889786505805,1.185627001722651,1.1012900310514706,0.45906944701034635,0.0,1.0,0.0,0.0,0.0,0.0,0.0,0.0,False,warp_monotonic_reserve;maximum_knee_displacement;rms_knee_displacement;peak_ddq_ratio;rms_ddq_ratio
flex,0.16,0.16,0.0,True,24.0,401,28.90933692566648,112.02543857007235,83.11610164440587,18.320897421647064,119.5,101.17910257835294,0.0,0.0,0.0,0.0,0.0,0.0,0.0,0.0,0.0,10.595236349266429,3.1195930079093905,0.10471763515654327,0.030832384636872844,270.10202679073484,327.32309457783674,1.2061684278766598,1.2224081452046176,4.256368059721391,19.114337507314264,28.290056421386033,12.315671828795349,24.567898943659333,7.27773025751617,171.58937243907474,29.86800810356971,0.999304696885596,1.0497368553740796,1.4056699056442437,1.184884399603129,1.1012900310514706,0.45048324775654236,0.0,1.0,0.0,0.0,0.0,0.0,0.0,0.0,False,warp_monotonic_reserve;maximum_knee_displacement;rms_knee_displacement;peak_ddq_ratio;rms_ddq_ratio
flex,0.1625,0.1625,0.0,True,24.0,401,28.90933692566648,112.02543857007235,83.11610164440587,18.320897421647064,119.5,101.17910257835294,0.0,0.0,0.0,0.0,0.0,0.0,0.0,0.0,0.0,10.729277437023782,3.1590035907050424,0.10604242539821943,0.031221897706186066,270.143898402215,322.38639579231045,1.2061596813087616,1.2224081452046176,4.252818919813976,19.114337507314264,28.290056421386033,12.323765061902495,24.90051078136322,7.287913557258883,171.58937243907474,29.92652282344753,0.999304696885596,1.050426689042093,1.4247005297767175,1.186542338627341,1.1012900310514706,0.44189704850273837,0.0,1.0,0.0,0.0,0.0,0.0,0.0,0.0,False,warp_monotonic_reserve;maximum_knee_displacement;rms_knee_displacement;peak_ddq_ratio;rms_ddq_ratio
flex,0.165,0.165,0.0,True,24.0,401,28.90933692566648,112.02543857007235,83.11610164440587,18.320897421647064,119.5,101.17910257835294,0.0,0.0,0.0,0.0,0.0,0.0,0.0,0.0,0.0,10.866049220938237,3.198252226526353,0.10739420437657653,0.03160981017843711,270.1857386302131,317.46840023546895,1.2061529807306324,1.2224081452046176,4.249300798318612,19.114337507314264,28.290056421386033,12.331852600423165,26.42618737819623,7.301893965003222,171.58937243907474,30.260249735399043,0.999304696885596,1.0511160373271418,1.5119932072186109,1.188818483311221,1.1012900310514706,0.43331084924893426,0.0,1.0,0.0,0.0,0.0,0.0,0.0,0.0,False,warp_monotonic_reserve;maximum_knee_displacement;rms_knee_displacement;peak_ddq_ratio;rms_ddq_ratio
flex,0.1675,0.1675,0.0,True,24.0,401,28.90933692566648,112.02543857007235,83.11610164440587,18.320897421647064,119.5,101.17910257835294,0.0,0.0,0.0,0.0,0.0,0.0,0.0,0.0,0.0,11.001791117776122,3.2373452367531828,0.10873580450327035,0.03199618453075513,270.227533659998,312.56858085953024,1.2061483642120236,1.2224081452046176,4.2458132331084695,19.114337507314264,28.290056421386033,12.339913330667814,27.938971563306012,7.32521337128434,171.58937243907474,30.450346772501625,0.999304696885596,1.051803100585782,1.59854823610488,1.1926151066721882,1.1012900310514706,0.42472464999513027,0.0,1.0,0.0,0.0,0.0,0.0,0.0,0.0,False,warp_monotonic_reserve;maximum_knee_displacement;rms_knee_displacement;peak_ddq_ratio;rms_ddq_ratio
flex,0.17,0.17,0.0,True,24.0,401,28.90933692566648,112.02543857007235,83.11610164440587,18.320897421647064,119.5,101.17910257835294,0.0,0.0,0.0,0.0,0.0,0.0,0.0,0.0,0.0,11.136382464659192,3.2762871846058808,0.11006603321110893,0.03238106586356337,270.2693094073934,307.6865554528784,1.206145884163584,1.2224081452046176,4.2423557181244895,19.114337507314264,28.290056421386033,12.347906247250176,30.007998994452603,7.3662562297167815,171.58937243907474,30.45743092232376,0.999304696885596,1.052484383688732,1.7169291200618206,1.199297278304133,1.1012900310514706,0.41613845074132627,0.0,1.0,0.0,0.0,0.0,0.0,0.0,0.0,False,warp_monotonic_reserve;maximum_knee_displacement;rms_knee_displacement;peak_ddq_ratio;rms_ddq_ratio
flex,0.1725,0.1725,0.0,True,24.0,401,28.90933692566648,112.02543857007235,83.11610164440587,18.320897421647064,119.5,101.17910257835294,0.0,0.0,0.0,0.0,0.0,0.0,0.0,0.0,0.0,11.269707182868231,3.315081493454432,0.11138374324027027,0.032764488011615224,270.3111020085716,302.822070679341,1.206145572412651,1.2224081452046176,4.23892768136174,19.114337507314264,28.290056421386033,12.355886292807437,29.637292300573574,7.366342720851339,171.58937243907474,30.53770384322193,0.999304696885596,1.0531645697188141,1.6957188714930838,1.1993113598917178,1.1012900310514706,0.4075522514875223,0.0,1.0,0.0,0.0,0.0,0.0,0.0,0.0,False,warp_monotonic_reserve;maximum_knee_displacement;rms_knee_displacement;peak_ddq_ratio;rms_ddq_ratio
flex,0.175,0.175,0.0,True,24.0,401,28.90933692566648,112.02543857007235,83.11610164440587,18.320897421647064,119.5,101.17910257835294,0.0,0.0,0.0,0.0,0.0,0.0,0.0,0.0,0.0,11.40174134614361,3.3537350812123337,0.11268869811643287,0.033146519347858484,270.3529226875251,297.97453723828175,1.206147461923638,1.2224081452046176,4.235528499646778,19.114337507314264,28.290056421386033,12.36399622039793,27.324135122806407,7.3550964104661976,171.58937243907474,30.521733473619193,0.999304696885596,1.0538558263554394,1.5633699295152244,1.197480352523083,1.1012900310514706,0.3989660522337183,0.0,1.0,0.0,0.0,0.0,0.0,0.0,0.0,False,warp_monotonic_reserve;maximum_knee_displacement;rms_knee_displacement;peak_ddq_ratio;rms_ddq_ratio
flex,0.1775,0.1775,0.0,True,24.0,401,28.90933692566648,112.02543857007235,83.11610164440587,18.320897421647064,119.5,101.17910257835294,0.0,0.0,0.0,0.0,0.0,0.0,0.0,0.0,0.0,11.532546354586316,3.3922573944512804,0.11398150468527363,0.033527253237142736,270.39477020320976,293.1430909456806,1.2061516025379413,1.2224081452046176,4.23215754476134,19.114337507314264,28.290056421386033,12.372154899452957,27.500604140519783,7.388201002781512,171.58937243907474,30.508289316602827,0.999304696885596,1.054551238364974,1.573466730550069,1.2028700981720273,1.1012900310514706,0.3903798529799142,0.0,1.0,0.0,0.0,0.0,0.0,0.0,0.0,False,warp_monotonic_reserve;maximum_knee_displacement;rms_knee_displacement;peak_ddq_ratio;rms_ddq_ratio
flex,0.18,0.18,0.0,True,24.0,401,28.90933692566648,112.02543857007235,83.11610164440587,18.320897421647064,119.5,101.17910257835294,0.0,0.0,0.0,0.0,0.0,0.0,0.0,0.0,0.0,11.662186824701152,3.430653371375933,0.11526280158168009,0.0339067384860351,270.4366634528782,288.327311506763,1.2061580359313453,1.2224081452046176,4.2288141864478845,19.114337507314264,28.290056421386033,12.380182746837276,27.675701547368455,7.431817452953007,171.58937243907474,30.406923204109194,0.999304696885596,1.0552354988248,1.583485053888502,1.2099712752623568,1.1012900310514706,0.3817936537261102,0.0,1.0,0.0,0.0,0.0,0.0,0.0,0.0,False,warp_monotonic_reserve;maximum_knee_displacement;rms_knee_displacement;peak_ddq_ratio;rms_ddq_ratio
flex,0.1825,0.1825,0.0,True,24.0,401,28.90933692566648,112.02543857007235,83.11610164440587,18.320897421647064,119.5,101.17910257835294,0.0,0.0,0.0,0.0,0.0,0.0,0.0,0.0,0.0,11.790727372992833,3.468925078192117,0.11653322744053904,0.03428499551580611,270.478646437017,283.52711949302386,1.2061667892724208,1.2224081452046176,4.225497792906089,19.114337507314264,28.331517256830182,12.388071154934376,28.611952661261043,7.461221971606128,171.58937243907474,30.64888438434965,1.0007692400091233,1.0559078740573389,1.6370533308479107,1.214758613374255,1.1012900310514706,0.3732074544723062,0.0,1.0,0.0,0.0,0.0,0.0,0.0,0.0,False,warp_monotonic_reserve;maximum_knee_displacement;rms_knee_displacement;peak_ddq_ratio;rms_ddq_ratio
flex,0.185,0.185,0.0,True,24.0,401,28.90933692566648,112.02543857007235,83.11610164440587,18.320897421647064,119.5,101.17910257835294,0.0,0.0,0.0,0.0,0.0,0.0,0.0,0.0,0.0,11.918232615966161,3.507078940479209,0.11779342089673804,0.03466208783343707,270.52075785110844,278.7419853353859,1.2061779085787019,1.2224081452046176,4.222207788618473,19.114337507314264,28.38791846886704,12.395866030594382,30.773876288660936,7.5289753550304646,171.58937243907474,31.519711736442265,1.0027615299946555,1.0565722769723496,1.7607493371000686,1.2257895150701397,1.1012900310514706,0.3646212552185021,0.0,1.0,0.0,0.0,0.0,0.0,0.0,0.0,False,warp_monotonic_reserve;maximum_knee_displacement;rms_knee_displacement;peak_ddq_ratio;rms_ddq_ratio
flex,0.1875,0.1875,0.0,True,24.0,401,28.90933692566648,112.02543857007235,83.11610164440587,18.320897421647064,119.5,101.17910257835294,0.0,0.0,0.0,0.0,0.0,0.0,0.0,0.0,0.0,12.047813561542313,3.545119224074181,0.11907412948451984,0.03503805760017338,270.56300543014663,273.9715910690629,1.2061914263925742,1.2224081452046176,4.218943741606803,19.114337507314264,28.454320986556315,12.403602918382786,32.968856163031155,7.5836246748049705,171.58937243907474,32.35136757139362,1.005107101414646,1.0572317372413698,1.8863366801599157,1.2346869493193493,1.1012900310514706,0.3560350559646981,0.0,1.0,0.0,0.0,0.0,0.0,0.0,0.0,False,warp_monotonic_reserve;maximum_knee_displacement;rms_knee_displacement;peak_ddq_ratio;rms_ddq_ratio
flex,0.19,0.19,0.0,True,24.0,401,28.90933692566648,112.02543857007235,83.11610164440587,18.320897421647064,119.5,101.17910257835294,0.0,0.0,0.0,0.0,0.0,0.0,0.0,0.0,0.0,12.177419785453495,3.5830521774087956,0.12035508790981142,0.0354129665721643,270.6053776642889,269.2153648866335,1.2062073973778016,1.2224081452046176,4.215700662478594,19.114337507314264,28.575213012688877,12.411368286556403,31.33246953981857,7.581347094825833,171.58937243907474,32.346039226049314,1.009377434698215,1.05789362506046,1.7927096493941288,1.2343161374191225,1.1012900310514706,0.3474488567108941,0.0,1.0,0.0,0.0,0.0,0.0,0.0,0.0,False,warp_monotonic_reserve;maximum_knee_displacement;rms_knee_displacement;peak_ddq_ratio;rms_ddq_ratio
flex,0.1925,0.1925,0.0,True,24.0,401,28.90933692566648,112.02543857007235,83.11610164440587,18.320897421647064,119.5,101.17910257835294,0.0,0.0,0.0,0.0,0.0,0.0,0.0,0.0,0.0,12.306073673959688,3.6208835839115157,0.12162663396258021,0.035786871909715835,270.64788151800803,264.4728301795878,1.2062258498573961,1.2224081452046176,4.212436883502275,19.114337507314264,28.69847435507765,12.419148713285677,28.810102318421727,7.584326923487114,171.58937243907474,32.28527330186481,1.0137314605990049,1.0585567964084626,1.6483906051717447,1.2348012821509702,1.1012900310514706,0.33886265745709,0.0,1.0,0.0,0.0,0.0,0.0,0.0,0.0,False,warp_monotonic_reserve;maximum_knee_displacement;rms_knee_displacement;peak_ddq_ratio;rms_ddq_ratio
flex,0.195,0.195,0.0,True,24.0,401,28.90933692566648,112.02543857007235,83.11610164440587,18.320897421647064,119.5,101.17910257835294,0.0,0.0,0.0,0.0,0.0,0.0,0.0,0.0,0.0,12.433672001687668,3.658616955494242,0.12288774741858431,0.036159808322682195,270.6905521748843,259.74376163935773,1.206246797589886,1.2224081452046176,4.209198113971919,19.114337507314264,28.824113347345737,12.426924859472413,27.076469833686,7.601945686731138,171.58937243907474,32.316579763164654,1.0181694734900135,1.0592196029007488,1.5491995829020444,1.2376697860621428,1.1012900310514706,0.330276458203286,0.0,1.0,0.0,0.0,0.0,0.0,0.0,0.0,False,warp_monotonic_reserve;maximum_knee_displacement;rms_knee_displacement;peak_ddq_ratio;rms_ddq_ratio
flex,0.1975,0.1975,0.0,True,24.0,401,28.90933692566648,112.02543857007235,83.11610164440587,18.320897421647064,119.5,101.17910257835294,0.0,0.0,0.0,0.0,0.0,0.0,0.0,0.0,0.0,12.560118220390734,3.696256308421049,0.12413747404672025,0.03653181550566407,270.73343101022846,255.02786971354436,1.206270263955845,1.2224081452046176,4.205984328661708,19.114337507314264,28.947353220525784,12.434645514437591,28.646940149471273,7.597928551091667,171.58937243907474,31.99871214469934,1.0225227410225344,1.0598776795511533,1.6390551650040992,1.237015757789333,1.1012900310514706,0.321690258949482,0.0,1.0,0.0,0.0,0.0,0.0,0.0,0.0,False,warp_monotonic_reserve;maximum_knee_displacement;rms_knee_displacement;peak_ddq_ratio;rms_ddq_ratio
flex,0.2,0.2,0.0,True,24.0,401,28.90933692566648,112.02543857007235,83.11610164440587,18.320897421647064,119.5,101.17910257835294,0.0,0.0,0.0,0.0,0.0,0.0,0.0,0.0,0.0,12.685403957966855,3.733808888899461,0.1253757311016205,0.03690296507629137,270.77655953781033,250.32448182542652,1.2062962930454935,1.2224081452046176,4.202795471530492,19.114337507314264,29.064614125972177,12.442406087665733,30.463914232250815,7.588499556774751,171.58937243907474,31.863784177029917,1.026664810300454,1.0605391586689519,1.7430146364003265,1.235480626934693,1.1012900310514706,0.3131040596956779,0.0,1.0,0.0,0.0,0.0,0.0,0.0,0.0,False,warp_monotonic_reserve;maximum_knee_displacement;rms_knee_displacement;peak_ddq_ratio;rms_ddq_ratio
flex,0.2025,0.2025,0.0,True,24.0,401,28.90933692566648,112.02543857007235,83.11610164440587,18.320897421647064,119.5,101.17910257835294,0.0,0.0,0.0,0.0,0.0,0.0,0.0,0.0,0.0,12.809583179241741,3.771281634578257,0.12660305194268767,0.03727332560256484,270.8199648238141,245.63296395152435,1.2063249221635115,1.2224081452046176,4.199631448856476,19.114337507314264,29.17581361780968,12.450180904873216,32.73848321938132,7.6131682792523305,171.58937243907474,32.15347863954692,1.0305927690443082,1.0612018518845514,1.8731557274579418,1.2394969319346805,1.1012900310514706,0.3045178604418739,0.0,1.0,0.0,0.0,0.0,0.0,0.0,0.0,False,warp_monotonic_reserve;maximum_knee_displacement;rms_knee_displacement;peak_ddq_ratio;rms_ddq_ratio
flex,0.205,0.205,0.0,True,24.0,401,28.90933692566648,112.02543857007235,83.11610164440587,18.320897421647064,119.5,101.17910257835294,0.0,0.0,0.0,0.0,0.0,0.0,0.0,0.0,0.0,12.932711162714597,3.8086788191768193,0.12781998291296887,0.037642939323635376,270.86364824279985,240.95297511619964,1.2063561585527236,1.2224081452046176,4.196492131704807,19.114337507314264,29.280869250163168,12.458027293038157,35.04834738897653,7.636056998971587,171.58937243907474,32.896827543526314,1.0343037049746362,1.0618706455121187,2.005316257618536,1.2432234353859766,1.1012900310514706,0.2959316611880699,0.0,1.0,0.0,0.0,0.0,0.0,0.0,0.0,False,warp_monotonic_reserve;maximum_knee_displacement;rms_knee_displacement;peak_ddq_ratio;rms_ddq_ratio
flex,0.2075,0.2075,0.0,True,24.0,401,28.90933692566648,112.02543857007235,83.11610164440587,18.320897421647064,119.5,101.17910257835294,0.0,0.0,0.0,0.0,0.0,0.0,0.0,0.0,0.0,13.05484318688464,3.8460049966860836,0.1290270703555113,0.038011851248707644,270.907581507175,236.2841575347357,1.2063900165114483,1.2224081452046176,4.193377357444914,19.114337507314264,29.37969857715721,12.4659420552423,34.54972167614267,7.636223272554015,171.58937243907474,33.15042115964274,1.0377947058119668,1.0625452670595836,1.9767870309102071,1.2432505063225068,1.1012900310514706,0.2873454619342659,0.0,1.0,0.0,0.0,0.0,0.0,0.0,0.0,False,warp_monotonic_reserve;maximum_knee_displacement;rms_knee_displacement;peak_ddq_ratio;rms_ddq_ratio
flex,0.21,0.21,0.0,True,24.0,401,28.90933692566648,112.02543857007235,83.11610164440587,18.320897421647064,119.5,101.17910257835294,0.0,0.0,0.0,0.0,0.0,0.0,0.0,0.0,0.0,13.176034530251044,3.8832649009013447,0.13022486061336178,0.03838010816407618,270.9517696414732,231.62615229489597,1.2064265014656939,1.2224081452046176,4.190286931016227,19.114337507314264,29.472219152916434,12.473974606276512,31.922531087657454,7.606581210752075,171.58937243907474,32.49502649994173,1.0410628592768307,1.063229928439044,1.826470442784605,1.2384244939040172,1.1012900310514706,0.2787592626804619,0.0,1.0,0.0,0.0,0.0,0.0,0.0,0.0,False,warp_monotonic_reserve;maximum_knee_displacement;rms_knee_displacement;peak_ddq_ratio;rms_ddq_ratio
flex,0.2125,0.2125,0.0,True,24.0,401,28.90933692566648,112.02543857007235,83.11610164440587,18.320897421647064,119.5,101.17910257835294,0.0,0.0,0.0,0.0,0.0,0.0,0.0,0.0,0.0,13.296340471313073,3.9204664628064902,0.13141390002956793,0.038747788455333325,270.9962723133914,226.9782488533649,1.2064656459837269,1.2224081452046176,4.187220626160704,19.114337507314264,29.558348531566207,12.481992541761636,29.907141953706205,7.611252876822829,171.58937243907474,32.09083454466074,1.0441052530897852,1.0639133440496376,1.7111585123564297,1.2391850860188012,1.1012900310514706,0.2701730634266578,0.0,1.0,0.0,0.0,0.0,0.0,0.0,0.0,False,warp_monotonic_reserve;maximum_knee_displacement;rms_knee_displacement;peak_ddq_ratio;rms_ddq_ratio
flex,0.215,0.215,0.0,True,24.0,401,28.90933692566648,112.02543857007235,83.11610164440587,18.320897421647064,119.5,101.17910257835294,0.0,0.0,0.0,0.0,0.0,0.0,0.0,0.0,0.0,13.415810595963222,3.957615851429354,0.13259467868450445,0.0391149530938425,271.04115143711374,222.33993224790805,1.206507476503424,1.2224081452046176,4.1841781866198,19.114337507314264,29.638004267230475,12.489918756204995,30.08346897891329,7.637857978978878,171.58937243907474,32.15991180262443,1.0469189749713368,1.0645889417385381,1.7212471891884933,1.2435166522323184,1.1012900310514706,0.2615868641728538,0.0,1.0,0.0,0.0,0.0,0.0,0.0,0.0,False,warp_monotonic_reserve;maximum_knee_displacement;rms_knee_displacement;peak_ddq_ratio;rms_ddq_ratio
flex,0.2175,0.2175,0.0,True,24.0,401,28.90933692566648,112.02543857007235,83.11610164440587,18.320897421647064,119.5,101.17910257835294,0.0,0.0,0.0,0.0,0.0,0.0,0.0,0.0,0.0,13.534455588682619,3.9947185554257163,0.13376730217785393,0.039481656326534546,271.0864373054235,217.71075013522778,1.206552017713154,1.2224081452046176,4.181159327293892,19.114337507314264,29.711103914034396,12.497668240409983,31.154305288108702,7.716951601144181,171.58937243907474,32.83170759447621,1.0495011126420348,1.0652494756739337,1.7825158543339767,1.2563938537354913,1.1012900310514706,0.2530006649190498,0.0,1.0,0.0,0.0,0.0,0.0,0.0,0.0,False,warp_monotonic_reserve;maximum_knee_displacement;rms_knee_displacement;peak_ddq_ratio;rms_ddq_ratio
flex,0.22,0.22,0.0,True,24.0,401,28.90933692566648,112.02543857007235,83.11610164440587,18.320897421647064,119.5,101.17910257835294,0.0,0.0,0.0,0.0,0.0,0.0,0.0,0.0,0.0,13.652269865921767,4.031777925162782,0.13493171532480702,0.03984793126664253,271.1321260760824,213.09046893664004,1.2065992848442928,1.2224081452046176,4.178163735362299,19.114337507314264,29.777565026102618,12.505185554321775,33.52436643282043,7.811992794000005,171.58937243907474,33.4728144590348,1.051848753822411,1.065890220375183,1.918120597470461,1.2718674729477772,1.1012900310514706,0.24441446566524572,0.0,1.0,0.0,0.0,0.0,0.0,0.0,0.0,False,warp_monotonic_reserve;maximum_knee_displacement;rms_knee_displacement;peak_ddq_ratio;rms_ddq_ratio
flex,0.2225,0.2225,0.0,True,24.0,401,28.90933692566648,112.02543857007235,83.11610164440587,18.320897421647064,119.5,101.17910257835294,0.0,0.0,0.0,0.0,0.0,0.0,0.0,0.0,0.0,13.769247789341549,4.068796050416061,0.13608786239904297,0.0402137985683871,271.1782416534278,208.47894128677967,1.2066493091517816,1.2224081452046176,4.175191063945501,19.114337507314264,29.837305157559843,12.512423278897849,35.93164575578403,7.942748098071828,171.58937243907474,34.473037708575816,1.053958986232999,1.06650713403951,2.055854805288949,1.2931556925544412,1.1012900310514706,0.23582826641144172,0.0,1.0,0.0,0.0,0.0,0.0,0.0,0.0,False,warp_monotonic_reserve;maximum_knee_displacement;rms_knee_displacement;peak_ddq_ratio;rms_ddq_ratio
flex,0.225,0.225,0.0,True,24.0,401,28.90933692566648,112.02543857007235,83.11610164440587,18.320897421647064,119.5,101.17910257835294,0.0,0.0,0.0,0.0,0.0,0.0,0.0,0.0,0.0,13.885383720602874,4.105773328260481,0.13723568767424138,0.04057926215624394,271.22481039661454,203.8761901041707,1.2067021186111735,1.2224081452046176,4.172240913526218,19.114337507314264,29.890814523383163,12.519476909062686,38.376316341884625,8.007760026574768,171.58937243907474,34.74183279217531,1.0558491259979446,1.0671083562587393,2.1957283809649093,1.303740259053274,1.1012900310514706,0.22724206715763773,0.0,1.0,0.0,0.0,0.0,0.0,0.0,0.0,False,warp_monotonic_reserve;maximum_knee_displacement;rms_knee_displacement;peak_ddq_ratio;rms_ddq_ratio
flex,0.2275,0.2275,0.0,True,24.0,401,28.90933692566648,112.02543857007235,83.11610164440587,18.320897421647064,119.5,101.17910257835294,0.0,0.0,0.0,0.0,0.0,0.0,0.0,0.0,0.0,14.000672021366654,4.142712228964266,0.1383751354240818,0.04094434644501967,271.2718534997655,199.2820181583051,1.206757728731133,1.2224081452046176,4.169312870538286,19.114337507314264,29.944012551327845,12.526560015140417,36.93771834042396,8.004064361402763,171.58937243907474,34.49961579550584,1.0577282682095515,1.067712090882695,2.113417967623881,1.3031385692607809,1.1012900310514706,0.21865586790383362,0.0,1.0,0.0,0.0,0.0,0.0,0.0,0.0,False,warp_monotonic_reserve;maximum_knee_displacement;rms_knee_displacement;peak_ddq_ratio;rms_ddq_ratio
flex,0.23,0.23,0.0,True,24.0,401,28.90933692566648,112.02543857007235,83.11610164440587,18.320897421647064,119.5,101.17910257835294,0.0,0.0,0.0,0.0,0.0,0.0,0.0,0.0,0.0,14.117379480576119,4.179615253176276,0.13952860937507963,0.04130907614978684,271.3194117810136,194.69629512321643,1.2068161156549895,1.2224081452046176,4.1664065195831546,19.114337507314264,29.998503498097453,12.53379803838892,34.18051535483508,7.977500510862591,171.58937243907474,34.836946926612654,1.059653080879895,1.0683290300046226,1.9556626272310054,1.298813719206613,1.1012900310514706,0.21006966865002963,0.0,1.0,0.0,0.0,0.0,0.0,0.0,0.0,False,warp_monotonic_reserve;maximum_knee_displacement;rms_knee_displacement;peak_ddq_ratio;rms_ddq_ratio
flex,0.2325,0.2325,0.0,True,24.0,401,28.90933692566648,112.02543857007235,83.11610164440587,18.320897421647064,119.5,101.17910257835294,0.0,0.0,0.0,0.0,0.0,0.0,0.0,0.0,0.0,14.234058205531952,4.216489941110914,0.14068179933212116,0.041673525793981724,271.3675167959824,190.11834598442834,1.2068772692277558,1.2224081452046176,4.163521443577678,19.114337507314264,30.06560524645332,12.541349683247313,31.3709584487532,7.915819847615493,171.58937243907474,35.0593608412336,1.062023351596307,1.068972700933562,1.7949118198407983,1.2887715146933059,1.1012900310514706,0.20148346939622563,0.0,1.0,0.0,0.0,0.0,0.0,0.0,0.0,False,warp_monotonic_reserve;maximum_knee_displacement;rms_knee_displacement;peak_ddq_ratio;rms_ddq_ratio
flex,0.235,0.235,0.0,True,24.0,401,28.90933692566648,112.02543857007235,83.11610164440587,18.320897421647064,119.5,101.17910257835294,0.0,0.0,0.0,0.0,0.0,0.0,0.0,0.0,0.0,14.349838418761735,4.253347951430634,0.14182610888102354,0.0420378106055729,271.4162196239247,185.5470427414213,1.2069411980420122,1.2224081452046176,4.160657223891381,19.114337507314264,30.181328469466596,12.549205836488522,31.305828462676637,7.856145337051595,171.58937243907474,34.94302218330462,1.0661111045004859,1.0696423268957835,1.7911853611154183,1.2790559311089746,1.1012900310514706,0.19289727014242164,0.0,1.0,0.0,0.0,0.0,0.0,0.0,0.0,False,warp_monotonic_reserve;maximum_knee_displacement;rms_knee_displacement;peak_ddq_ratio;rms_ddq_ratio
flex,0.2375,0.2375,0.0,True,24.0,401,28.90933692566648,112.02543857007235,83.11610164440587,18.320897421647064,119.5,101.17910257835294,0.0,0.0,0.0,0.0,0.0,0.0,0.0,0.0,0.0,14.464767063842572,4.2901983295968416,0.14296200198693282,0.04240201998505095,271.46559028936,180.98154358144552,1.2070079115924974,1.2224081452046176,4.15781344047439,19.114337507314264,30.29918558350439,12.55727505615862,32.80546270583715,7.817116514557251,171.58937243907474,34.933714852756346,1.070274233971317,1.0703301137578862,1.87698800667003,1.2727016638756339,1.1012900310514706,0.18431107088861765,0.0,1.0,0.0,0.0,0.0,0.0,0.0,0.0,False,warp_monotonic_reserve;maximum_knee_displacement;rms_knee_displacement;peak_ddq_ratio;rms_ddq_ratio
flex,0.24,0.24,0.0,True,24.0,401,28.90933692566648,112.02543857007235,83.11610164440587,18.320897421647064,119.5,101.17910257835294,0.0,0.0,0.0,0.0,0.0,0.0,0.0,0.0,0.0,14.57889108435154,4.327046497926936,0.14408994261499472,0.04276620752369372,271.5156977367708,176.42141370027207,1.2070773899778602,1.2224081452046176,4.1549896899414405,19.114337507314264,30.41916744635046,12.565448486543533,35.28635789852557,7.8238054518570594,171.58937243907474,34.67129436873965,1.0745124170734377,1.0710267831096802,2.01893419911477,1.2737906871254692,1.1012900310514706,0.17572487163481354,0.0,1.0,0.0,0.0,0.0,0.0,0.0,0.0,False,warp_monotonic_reserve;maximum_knee_displacement;rms_knee_displacement;peak_ddq_ratio;rms_ddq_ratio
flex,0.2425,0.2425,0.0,True,24.0,401,28.90933692566648,112.02543857007235,83.11610164440587,18.320897421647064,119.5,101.17910257835294,0.0,0.0,0.0,0.0,0.0,0.0,0.0,0.0,0.0,14.692256122275069,4.36389529789106,0.145210381866131,0.043130401305068566,271.5665946598623,171.8664698536673,1.207149626409997,1.2224081452046176,4.152185668551898,19.114337507314264,30.53686478073192,12.573540089089892,37.806191188018936,7.8769390014587675,171.58937243907474,34.577004155355226,1.0786699025625581,1.071716477795446,2.1631082626113765,1.2824413394292673,1.1012900310514706,0.16713867238100955,0.0,1.0,0.0,0.0,0.0,0.0,0.0,0.0,False,warp_monotonic_reserve;maximum_knee_displacement;rms_knee_displacement;peak_ddq_ratio;rms_ddq_ratio
flex,0.245,0.245,0.0,True,24.0,401,28.90933692566648,112.02543857007235,83.11610164440587,18.320897421647064,119.5,101.17910257835294,0.0,0.0,0.0,0.0,0.0,0.0,0.0,0.0,0.0,14.80488199637034,4.400743824614891,0.14632351561831122,0.043494592385882866,271.61829995204585,167.31691974414616,1.207224601846966,1.2224081452046176,4.149401123277042,19.114337507314264,30.649205063438735,12.58145814456419,40.36516023760921,7.974298820278566,173.01025886973963,34.935084544737826,1.0826381580685283,1.072391380047618,2.309521506606442,1.298292453222421,1.1104095239379148,0.15855247312720555,0.0,1.0,0.0,0.0,0.0,0.0,0.0,0.0,False,warp_monotonic_reserve;maximum_knee_displacement;rms_knee_displacement;peak_ddq_ratio;rms_ddq_ratio
flex,0.2475,0.2475,0.0,True,24.0,401,28.90933692566648,112.02543857007235,83.11610164440587,18.320897421647064,119.5,101.17910257835294,0.0,0.0,0.0,0.0,0.0,0.0,0.0,0.0,0.0,14.91676479960833,4.437593717033927,0.14742930525655543,0.043858796964496315,271.67081149756575,162.77265343745825,1.2073023320037615,1.2224081452046176,4.146610855364579,19.114337507314264,30.756121303047454,12.589209307278963,41.4159505581226,8.073491551533378,175.437357619623,35.34000532753357,1.0864148172176975,1.0730520570522355,2.3696432261753495,1.3144419827679092,1.1259870601199595,0.14996627387340145,0.0,1.0,0.0,0.0,0.0,0.0,0.0,0.0,False,warp_monotonic_reserve;maximum_knee_displacement;rms_knee_displacement;peak_ddq_ratio;rms_ddq_ratio
flex,0.25,0.25,0.0,True,24.0,401,28.90933692566648,112.02543857007235,83.11610164440587,18.320897421647064,119.5,101.17910257835294,0.0,0.0,0.0,0.0,0.0,0.0,0.0,0.0,0.0,15.027899743801768,4.474447731879567,0.14852770345698793,0.04422304228696397,271.72414041103025,158.2334560303878,1.2073828292971496,1.2224081452046176,4.143813993628471,19.114337507314264,30.857546508135012,12.59686192809523,38.55969115383193,8.113086647661447,177.8927560930325,35.57587857086831,1.089997513636428,1.073704334753583,2.206220301954922,1.320888444788741,1.1417462287828382,0.14138007461959745,0.0,1.0,0.0,0.0,0.0,0.0,0.0,0.0,False,warp_monotonic_reserve;maximum_knee_displacement;rms_knee_displacement;peak_ddq_ratio;rms_ddq_ratio
extend,-0.25,0.0,-0.25,True,24.0,401,28.90933692566648,112.02543857007235,83.11610164440587,18.320897435513555,119.49998949560383,101.17909206009027,0.0,0.0,0.0,1.3866490178315871e-08,1.050439617245047e-05,1.0518262669734213e-05,0.0,0.0,0.0,34.408739988194725,8.732691069600138,0.3400775368762403,0.0863092362658342,282.82487621205377,1847.589778160725,1.208602832862683,1.1688253535782556,4.56993873413117,19.96179306895963,47.31110444895556,13.360260029540589,48.09733499782764,10.641877703000578,406.3476737191787,42.99630869047975,1.6711952845363034,1.1387732269382638,2.751923414500408,1.7325999214861325,2.6080090849844493,0.14138007461959723,0.0,1.0,0.0,0.0,0.0,0.0,0.0,0.0,False,warp_monotonic_reserve;maximum_knee_displacement;rms_knee_displacement;peak_dq_ratio;rms_dq_ratio;peak_ddq_ratio;rms_ddq_ratio
extend,-0.2475,0.0,-0.2475,True,24.0,401,28.90933692566648,112.02543857007235,83.11610164440587,18.32089743537475,119.49998738717133,101.17908995179658,0.0,0.0,0.0,1.3727685654885136e-08,1.2612828669489318e-05,1.2626556355144203e-05,0.0,0.0,0.0,34.13977864214627,8.66203410633279,0.33741926714272324,0.08561090072552209,282.6537846279946,1838.9473100661562,1.208602832862683,1.1694099523339008,4.56993873413117,19.956871105005348,47.055011847225366,13.337861002793419,46.85272850604683,10.635267661560805,372.22090294692566,42.74364748333178,1.662149189472556,1.1368640266747394,2.680712364101763,1.7315237432402255,2.388977615207348,0.14996627387340122,0.0,1.0,0.0,0.0,0.0,0.0,0.0,0.0,False,warp_monotonic_reserve;maximum_knee_displacement;rms_knee_displacement;peak_dq_ratio;rms_dq_ratio;peak_ddq_ratio;rms_ddq_ratio
extend,-0.245,0.0,-0.245,True,24.0,401,28.90933692566648,112.02543857007235,83.11610164440587,18.320897435235945,119.49998527331581,101.17908783807987,0.0,0.0,0.0,1.35888811314544e-08,1.4726684185006889e-05,1.474027307324377e-05,0.0,0.0,0.0,33.86788587828994,8.5909200236856,0.33473202484735126,0.08490804726235641,282.48193842417083,1830.2333018655304,1.208602832862683,1.1699945124413946,4.56993873413117,19.951881220841496,46.89838827720236,13.315388411780997,46.74861767607918,10.595229884935769,338.5682645050178,43.25712762891018,1.6566166918756735,1.134948556097947,2.674755588519415,1.7250052085818675,2.172989208070934,0.15855247312720533,0.0,1.0,0.0,0.0,0.0,0.0,0.0,0.0,False,warp_monotonic_reserve;maximum_knee_displacement;rms_knee_displacement;peak_dq_ratio;rms_dq_ratio;peak_ddq_ratio;rms_ddq_ratio
extend,-0.2425,0.0,-0.2425,True,24.0,401,28.90933692566648,112.02543857007235,83.11610164440587,18.32089743509714,119.49998315404541,101.17908571894827,0.0,0.0,0.0,1.3450076608023664e-08,1.6845954590394285e-05,1.685940466700231e-05,0.0,0.0,0.0,33.59286178084528,8.519352666473514,0.3320138341297406,0.08420071387642661,282.3093745009032,1821.448141444425,1.208602832862683,1.170578978234851,4.56993873413117,19.946823295473504,46.72427447374594,13.2924950957387,46.70004226452967,10.580566590858117,325.09545645822675,43.62660753293223,1.6504663774685564,1.1329972246622444,2.671976311613156,1.7226178834427612,2.0865184145637823,0.16713867238100932,0.0,1.0,0.0,0.0,0.0,0.0,0.0,0.0,False,warp_monotonic_reserve;maximum_knee_displacement;rms_knee_displacement;peak_dq_ratio;rms_dq_ratio;peak_ddq_ratio;rms_ddq_ratio
extend,-0.24,0.0,-0.24,True,24.0,401,28.90933692566648,112.02543857007235,83.11610164440587,18.320897434958344,119.49998102936833,101.17908359440999,0.0,0.0,0.0,1.3311279190020286e-08,1.8970631671777483e-05,1.8983942950967503e-05,0.0,0.0,0.0,33.31468223083249,8.447337271780276,0.3292644566108268,0.08348895232826038,282.13612819565674,1812.5923179025235,1.208602832862683,1.1711632795801405,4.56993873413117,19.941796095546366,46.5311467331527,13.26903202760106,45.959462193891376,10.448379116742009,331.12552567871955,42.587122321019756,1.643644423655561,1.1309973299178386,2.629603493310563,1.701096492794714,2.1252204333699702,0.17572487163481332,0.0,1.0,0.0,0.0,0.0,0.0,0.0,0.0,False,warp_monotonic_reserve;maximum_knee_displacement;rms_knee_displacement;peak_dq_ratio;rms_dq_ratio;peak_ddq_ratio;rms_ddq_ratio
extend,-0.2375,0.0,-0.2375,True,24.0,401,28.90933692566648,112.02543857007235,83.11610164440587,18.320897434819543,119.49997889929264,101.1790814644731,0.0,0.0,0.0,1.317247821930323e-08,2.1100707357391002e-05,2.111387983916302e-05,0.0,0.0,0.0,33.033418714138065,8.374882336003694,0.3264845988187831,0.0827728465916981,281.9622387641171,1803.666565641162,1.208602832862683,1.17174732699046,4.56993873413117,19.93683137493375,46.319256573761,13.244951075860907,45.21507116543593,10.324709236829454,336.9807976595443,41.62430172070053,1.6361597149526157,1.1289447693344186,2.5870126283313892,1.6809618483074658,2.162800573502873,0.18431107088861742,0.0,1.0,0.0,0.0,0.0,0.0,0.0,0.0,False,warp_monotonic_reserve;maximum_knee_displacement;rms_knee_displacement;peak_dq_ratio;rms_dq_ratio;peak_ddq_ratio;rms_ddq_ratio
extend,-0.235,0.0,-0.235,True,24.0,401,28.90933692566648,112.02543857007235,83.11610164440587,18.320897434680752,119.49997676382644,101.17907932914568,0.0,0.0,0.0,1.303368790672721e-08,2.323617356125851e-05,2.324920725982338e-05,0.0,0.0,0.0,32.74914400426867,8.301993780088617,0.3236749800079299,0.08205245518618398,281.78774714252114,1794.6715144408818,1.208602832862683,1.172331065213056,4.56993873413117,19.931807958751275,46.08885551390883,13.221104057274282,44.02252192821066,10.29265644864,342.6626475879252,40.662001877154786,1.6280211358756351,1.1269121482440578,2.518780070976329,1.6757433464743916,2.19926766115003,0.19289727014242142,0.0,1.0,0.0,0.0,0.0,0.0,0.0,0.0,False,warp_monotonic_reserve;maximum_knee_displacement;rms_knee_displacement;peak_dq_ratio;rms_dq_ratio;peak_ddq_ratio;rms_ddq_ratio
extend,-0.2325,0.0,-0.2325,True,24.0,401,28.90933692566648,112.02543857007235,83.11610164440587,18.32089743454196,119.49997462297794,101.17907718843598,0.0,0.0,0.0,1.289489404143751e-08,2.537702205529513e-05,2.5389916956441994e-05,0.0,0.0,0.0,32.46200449082295,8.22866726244865,0.3208370470145693,0.08132773520180595,281.6126746117952,1785.6068830394875,1.208602832862683,1.1729145194505732,4.56993873413117,19.926721654784497,45.839766503996245,13.198019070560122,44.50581994533901,10.26169453716662,351.47530807487294,40.77859063377443,1.6192224324075124,1.1249444795941823,2.546432312614607,1.670702449850226,2.2558288280997068,0.2014834693962254,0.0,1.0,0.0,0.0,0.0,0.0,0.0,0.0,False,warp_monotonic_reserve;maximum_knee_displacement;rms_knee_displacement;peak_dq_ratio;rms_dq_ratio;peak_ddq_ratio;rms_ddq_ratio
extend,-0.23,0.0,-0.23,True,24.0,401,28.90933692566648,112.02543857007235,83.11610164440587,18.32089743440317,119.49997247675526,101.17907504235208,0.0,0.0,0.0,1.2756107281575169e-08,2.7523244739313668e-05,2.7536000857253384e-05,0.0,0.0,0.0,32.17231239143862,8.154901415474086,0.31797388563042883,0.08059867312184295,281.43705858555757,1776.4728228376273,1.208602832862683,1.1734977179580972,4.56993873413117,19.921568067143678,45.56852534776395,13.175359823833425,45.53129644662643,10.193078620550056,352.52914356272197,40.95979885786535,1.6096412369028366,1.12301309925743,2.6051056839155375,1.6595311194647022,2.262592525062049,0.2100696686500294,0.0,1.0,0.0,0.0,0.0,0.0,0.0,0.0,False,warp_monotonic_reserve;maximum_knee_displacement;rms_knee_displacement;peak_dq_ratio;rms_dq_ratio;peak_ddq_ratio;rms_ddq_ratio
extend,-0.2275,0.0,-0.2275,True,24.0,401,28.90933692566648,112.02543857007235,83.11610164440587,18.320897434264385,119.49997032516656,101.17907289090218,0.0,0.0,0.0,1.2617320521712827e-08,2.9674833442072668e-05,2.968745076259438e-05,0.0,0.0,0.0,31.880402608433485,8.080698692768921,0.3150888058504507,0.07986529319640132,281.2609358922312,1767.2696564715793,1.208602832862683,1.174080644982323,4.56993873413117,19.916343384212603,45.27457928370805,13.152771530515075,43.41371248142766,10.099239380504997,320.77425201786195,40.62506689478973,1.5992580238732563,1.1210877666953176,2.483946603141846,1.6442531897165953,2.05878418309791,0.2186558679038334,0.0,1.0,0.0,0.0,0.0,0.0,0.0,0.0,False,warp_monotonic_reserve;maximum_knee_displacement;rms_knee_displacement;peak_dq_ratio;rms_dq_ratio;peak_ddq_ratio;rms_ddq_ratio
extend,-0.225,0.0,-0.225,True,24.0,401,28.90933692566648,112.02543857007235,83.11610164440587,18.3208974341256,119.49996816821992,101.17907073409432,0.0,0.0,0.0,1.2478537314564164e-08,3.1831780077595795e-05,3.184425861491036e-05,0.0,0.0,0.0,31.586589506642014,8.006064154154505,0.3121849146881038,0.07912764543404228,281.08434489704257,1757.9979779078212,1.208602832862683,1.1746632672028754,4.56993873413117,19.91104467654452,44.98875744295285,13.130027742488597,42.31562099553041,10.027011786906785,289.4528961693011,40.39205684127317,1.5891617871007049,1.1191491804083409,2.421118513572212,1.6324938436228031,1.8577583476121875,0.2272420671576375,0.0,1.0,0.0,0.0,0.0,0.0,0.0,0.0,False,warp_monotonic_reserve;maximum_knee_displacement;rms_knee_displacement;peak_dq_ratio;rms_dq_ratio;peak_ddq_ratio;rms_ddq_ratio
extend,-0.2225,0.0,-0.2225,True,24.0,401,28.90933692566648,112.02543857007235,83.11610164440587,18.320897433986826,119.49996600592353,101.1790685719367,0.0,0.0,0.0,1.2339761212842859e-08,3.399407647464159e-05,3.400641624295986e-05,0.0,0.0,0.0,31.29091759432029,7.931003675062213,0.3092626520391269,0.07838578790437932,280.9073250218124,1748.658453632718,1.208602832862683,1.1752455396849248,4.56993873413117,19.905669759282485,44.8274815497603,13.10704220325665,41.64163978423375,9.993279993461444,281.515199638923,40.76545850043123,1.5834649530201652,1.1171899882499394,2.382556196629197,1.6270019836046687,1.8068128494490008,0.2358282664114415,0.0,1.0,0.0,0.0,0.0,0.0,0.0,0.0,False,warp_monotonic_reserve;maximum_knee_displacement;rms_knee_displacement;peak_dq_ratio;rms_dq_ratio;peak_ddq_ratio;rms_ddq_ratio
extend,-0.22,0.0,-0.22,True,24.0,401,28.90933692566648,112.02543857007235,83.11610164440587,18.32089743384805,119.4999638382855,101.17906640443745,0.0,0.0,0.0,1.2200985111121554e-08,3.616171450460115e-05,3.617391548971227e-05,0.0,0.0,0.0,30.993241269907884,7.855519890413725,0.30632057885576486,0.07763974664956554,280.72990128376716,1739.2514397594873,1.208602832862683,1.1758274210172024,4.56993873413117,19.90021732511055,44.64645438358256,13.083695300130135,41.27552664993115,9.93696857063189,285.9957392252006,39.925736478869126,1.5770704342277406,1.1151999949299283,2.3616087718563072,1.6178339430110669,1.8355697212176825,0.2444144656652456,0.0,1.0,0.0,0.0,0.0,0.0,0.0,0.0,False,warp_monotonic_reserve;maximum_knee_displacement;rms_knee_displacement;peak_dq_ratio;rms_dq_ratio;peak_ddq_ratio;rms_ddq_ratio
extend,-0.2175,0.0,-0.2175,True,24.0,401,28.90933692566648,112.02543857007235,83.11610164440587,18.320897433709273,119.49996166531398,101.1790642316047,0.0,0.0,0.0,1.2062209009400249e-08,3.833468602465473e-05,3.834674824076956e-05,0.0,0.0,0.0,30.698552099854325,7.77961712042706,0.3034080291044429,0.07688956436831941,280.5521123461562,1729.7775669007356,1.208602832862683,1.176408862292556,4.56993873413117,19.89468710865367,44.445941279858474,13.06002465512241,40.67601009986752,9.86245610574638,292.0849976804295,39.0318508583627,1.569987603308142,1.1131824071928964,2.3273070037526247,1.605702597922035,1.87465162668721,0.2530006649190496,0.0,1.0,0.0,0.0,0.0,0.0,0.0,0.0,False,warp_monotonic_reserve;maximum_knee_displacement;rms_knee_displacement;peak_dq_ratio;rms_dq_ratio;peak_ddq_ratio;rms_ddq_ratio
extend,-0.215,0.0,-0.215,True,24.0,401,28.90933692566648,112.02543857007235,83.11610164440587,18.320897433570504,119.49995948701705,101.17906205344654,0.0,0.0,0.0,1.1923440013106301e-08,4.051298294882599e-05,4.0524906395944527e-05,0.0,0.0,0.0,30.403171583130685,7.703298887249512,0.3004886464533179,0.0761352758716563,280.37399609125066,1720.2373508032779,1.208602832862683,1.176989830519404,4.56993873413117,19.8891955777749,44.22620757402691,13.0365160692983,41.53329148119359,9.78037634847935,297.9969839889612,38.671292523285906,1.5622258328460805,1.1111786327094295,2.3763569709949475,1.5923392249379273,1.9125957691055318,0.2615868641728536,0.0,1.0,0.0,0.0,0.0,0.0,0.0,0.0,False,warp_monotonic_reserve;maximum_knee_displacement;rms_knee_displacement;peak_dq_ratio;rms_dq_ratio;peak_ddq_ratio;rms_ddq_ratio
extend,-0.2125,0.0,-0.2125,True,24.0,401,28.90933692566648,112.02543857007235,83.11610164440587,18.320897433431735,119.499957303403,101.17905986997125,0.0,0.0,0.0,1.1784671016812354e-08,4.2696597006397496e-05,4.2708381684519736e-05,0.0,0.0,0.0,30.10591185050339,7.626567117568121,0.2975506906397931,0.07537690020191788,280.1955880611662,1710.6311244493886,1.208602832862683,1.177570318970724,4.56993873413117,19.88374419634077,43.98746729279658,13.013345700592911,39.61167775073074,9.688215295035803,304.8068253624981,38.107719342206714,1.553792683020727,1.1092036864522725,2.266410467332634,1.577334520090084,1.9563024993715972,0.2701730634266577,0.0,1.0,0.0,0.0,0.0,0.0,0.0,0.0,False,warp_monotonic_reserve;maximum_knee_displacement;rms_knee_displacement;peak_dq_ratio;rms_dq_ratio;peak_ddq_ratio;rms_ddq_ratio
extend,-0.21,0.0,-0.21,True,24.0,401,28.90933692566648,112.02543857007235,83.11610164440587,18.320897433292973,119.49995511447979,101.17905768118682,0.0,0.0,0.0,1.1645909125945764e-08,4.488552021086889e-05,4.4897166119994836e-05,0.0,0.0,0.0,29.80670781619318,7.549425000888739,0.2945935183909238,0.07461446888246984,280.01692817683994,1700.95937662293,1.208602832862683,1.178150323274029,4.56993873413117,19.878224521517517,43.726766926274685,12.990447422435949,38.87421739660613,9.604487513850602,287.9562805553298,37.34620233718141,1.544583825432582,1.1072519320664689,2.2242161458411633,1.5637028329803189,1.8481528118348025,0.2787592626804617,0.0,1.0,0.0,0.0,0.0,0.0,0.0,0.0,False,warp_monotonic_reserve;maximum_knee_displacement;rms_knee_displacement;peak_dq_ratio;rms_dq_ratio;peak_ddq_ratio;rms_ddq_ratio
extend,-0.2075,0.0,-0.2075,True,24.0,401,28.90933692566648,112.02543857007235,83.11610164440587,18.32089743315421,119.49995292025567,101.17905548710145,0.0,0.0,0.0,1.1507147235079174e-08,4.7079744334155293e-05,4.70912514884958e-05,0.0,0.0,0.0,29.50540557926911,7.471874420622484,0.2916156086324265,0.07384800052793783,279.83805202116304,1691.2224060216545,1.208602832862683,1.1787298387839782,4.56993873413117,19.872631224077104,43.44250944200761,12.96791107868475,39.038347310705554,9.578420959897338,258.65695516702044,37.00454554903295,1.5345428472555915,1.105331027470286,2.233606956239506,1.5594589475877905,1.6601047147527106,0.2873454619342657,0.0,1.0,0.0,0.0,0.0,0.0,0.0,0.0,False,warp_monotonic_reserve;maximum_knee_displacement;rms_knee_displacement;peak_dq_ratio;rms_dq_ratio;peak_ddq_ratio;rms_ddq_ratio
extend,-0.205,0.0,-0.205,True,24.0,401,28.90933692566648,112.02543857007235,83.11610164440587,18.32089743301545,119.49995072073875,101.1790532877233,0.0,0.0,0.0,1.1368385344212584e-08,4.927926124764781e-05,4.929062963299202e-05,0.0,0.0,0.0,29.20185270479942,7.393915714522787,0.288615454779168,0.07307749847649568,279.6589961006408,1681.4205335761699,1.208602832862683,1.17930887743986,4.56993873413117,19.866959207795908,43.13503257156746,12.945655098214104,40.12310625499787,9.563500575994492,248.91580882973898,37.16749579734498,1.5236816783615539,1.1034340198788772,2.2956722149076128,1.5570297657554033,1.5975843663198805,0.2959316611880698,0.0,1.0,0.0,0.0,0.0,0.0,0.0,0.0,False,warp_monotonic_reserve;maximum_knee_displacement;rms_knee_displacement;peak_dq_ratio;rms_dq_ratio;peak_ddq_ratio;rms_ddq_ratio
extend,-0.2025,0.0,-0.2025,True,24.0,401,28.90933692566648,112.02543857007235,83.11610164440587,18.320897432876695,119.49994851593718,101.17905108306049,0.0,0.0,0.0,1.1229630558773351e-08,5.148406282273754e-05,5.1495292453296315e-05,0.0,0.0,0.0,28.895947502986786,7.315551454319128,0.285592051783715,0.07230298814573866,279.47979357357804,1671.5541936657544,1.208602832862683,1.1798874090836435,4.56993873413117,19.861204482694923,42.93164718628141,12.922946529650906,39.321528999120126,9.497150755667466,244.55604395943726,37.35575914934546,1.516497388313953,1.101498435553072,2.249809399034746,1.5462273776151214,1.5696026473990512,0.3045178604418737,0.0,1.0,0.0,0.0,0.0,0.0,0.0,0.0,False,warp_monotonic_reserve;maximum_knee_displacement;rms_knee_displacement;peak_dq_ratio;rms_dq_ratio;peak_ddq_ratio;rms_ddq_ratio
extend,-0.2,0.0,-0.2,True,24.0,401,28.90933692566648,112.02543857007235,83.11610164440587,18.32089743273794,119.49994630585907,101.17904887312113,0.0,0.0,0.0,1.1090875773334119e-08,5.369414093081559e-05,5.370523180658893e-05,0.0,0.0,0.0,28.58765078344925,7.236787691356956,0.28254501230934537,0.07152452934392059,279.3004751905646,1661.6241134603188,1.208602832862683,1.1804653697887701,4.56993873413117,19.855364059341916,42.75124158534993,12.899680523806227,37.638372976232446,9.387622262202289,273.04120680475535,37.49534478738772,1.5101248254010344,1.0995153375822895,2.1535064236235057,1.5283950866910532,1.7524253095983962,0.3131040596956778,0.0,1.0,0.0,0.0,0.0,0.0,0.0,0.0,False,warp_monotonic_reserve;maximum_knee_displacement;rms_knee_displacement;peak_dq_ratio;peak_ddq_ratio;rms_ddq_ratio
extend,-0.1975,0.0,-0.1975,True,24.0,401,28.90933692566648,112.02543857007235,83.11610164440587,18.320897432599192,119.49994409051256,101.17904665791336,0.0,0.0,0.0,1.0952128093322244e-08,5.5909487443273065e-05,5.5920439578471814e-05,0.0,0.0,0.0,28.276927205640774,7.157632961897278,0.2794739870690508,0.07074220643886832,279.1210785680096,1651.6311756274495,1.208602832862683,1.1810426845472963,4.56993873413117,19.84943599298593,42.550850209565375,12.876161308260855,36.13681121033817,9.296745509258768,266.71019978851615,37.61471840520261,1.5030462943421323,1.0975106570654103,2.067593493477383,1.513599478302276,1.711791820388703,0.3216902589494818,0.0,1.0,0.0,0.0,0.0,0.0,0.0,0.0,False,warp_monotonic_reserve;maximum_knee_displacement;rms_knee_displacement;peak_dq_ratio;peak_ddq_ratio;rms_ddq_ratio
extend,-0.195,0.0,-0.195,True,24.0,401,28.90933692566648,112.02543857007235,83.11610164440587,18.320897432460445,119.4999418699058,101.17904443744536,0.0,0.0,0.0,1.081338041331037e-08,5.813009420307935e-05,5.814090758349266e-05,0.0,0.0,0.0,27.963772503782977,7.078091469474512,0.27637893390216495,0.06995606097606222,278.94164152633533,1641.5759542683118,1.208602832862683,1.1816193368129912,4.56993873413117,19.843419620551877,42.33075015863975,12.85304773339607,35.528655112711334,9.234168638943117,262.9931778637109,37.34637310134869,1.4952715832776304,1.0955405516799872,2.032797407482055,1.503411362668775,1.687935335964289,0.33027645820328577,0.0,1.0,0.0,0.0,0.0,0.0,0.0,0.0,False,warp_monotonic_reserve;maximum_knee_displacement;rms_knee_displacement;peak_dq_ratio;peak_ddq_ratio;rms_ddq_ratio
extend,-0.1925,0.0,-0.1925,True,24.0,401,28.90933692566648,112.02543857007235,83.11610164440587,18.320897432321697,119.49993964404692,101.17904221172522,0.0,0.0,0.0,1.0674632733298495e-08,6.035595308162556e-05,6.036662772146428e-05,0.0,0.0,0.0,27.64838695180252,6.998163245988238,0.2732618322087968,0.0691660932707806,278.7621958367423,1631.458656942495,1.208602832862683,1.1821953413384638,4.56993873413117,19.83741420097359,42.09055506170225,12.830518255637276,36.42289740519055,9.191461652582797,251.78852778821164,36.31511633856842,1.4867870442239335,1.0936202323125581,2.0839621196853657,1.4964582550236893,1.6160219694535,0.3388626574570899,0.0,1.0,0.0,0.0,0.0,0.0,0.0,0.0,False,warp_monotonic_reserve;maximum_knee_displacement;rms_knee_displacement;peak_dq_ratio;peak_ddq_ratio;rms_ddq_ratio
extend,-0.19,0.0,-0.19,True,24.0,401,28.90933692566648,112.02543857007235,83.11610164440587,18.320897432182957,119.49993741294406,101.1790399807611,0.0,0.0,0.0,1.0535892158713978e-08,6.258705593609193e-05,6.259759183535607e-05,0.0,0.0,0.0,27.331053515382635,6.917845768522936,0.2701254786700397,0.06837227838787922,278.5827687149963,1621.2793304939476,1.208602832862683,1.1827707315341691,4.56993873413117,19.831458386891292,41.826552132255046,12.808602828748365,37.265090973763044,9.138562699449727,248.6317568115625,35.4142900838561,1.4774615284505288,1.091752252097889,2.132148826932264,1.4878457972786419,1.595761271733828,0.34744885671089387,0.0,1.0,0.0,0.0,0.0,0.0,0.0,0.0,False,warp_monotonic_reserve;maximum_knee_displacement;rms_knee_displacement;peak_dq_ratio;peak_ddq_ratio;rms_ddq_ratio
extend,-0.1875,0.0,-0.1875,True,24.0,401,28.90933692566648,112.02543857007235,83.11610164440587,18.32089743204422,119.49993517660536,101.17903774456114,0.0,0.0,0.0,1.039715513684314e-08,6.482339463786957e-05,6.483379179655913e-05,0.0,0.0,0.0,27.012054228239933,6.837138808153329,0.26697266075592874,0.06757461406478338,278.40339113212815,1611.038159929698,1.208602832862683,1.1833455216646729,4.56993873413117,19.825424570589437,41.53841494465351,12.786889828827935,35.43267091010587,9.033109308278775,245.50616269033986,34.30035359580792,1.4672835054509015,1.0899015259195641,2.027305602695282,1.4706769721556352,1.5757006724211418,0.35603505596469787,0.0,1.0,0.0,0.0,0.0,0.0,0.0,0.0,False,warp_monotonic_reserve;maximum_knee_displacement;rms_knee_displacement;peak_dq_ratio;peak_ddq_ratio;rms_ddq_ratio
extend,-0.185,0.0,-0.185,True,24.0,401,28.90933692566648,112.02543857007235,83.11610164440587,18.32089743190548,119.49993293503898,101.1790355031335,0.0,0.0,0.0,1.0258414562258622e-08,6.706496101571702e-05,6.707521943383199e-05,0.0,0.0,0.0,26.691493005107105,6.756048601321386,0.26380440550396517,0.06677316193914166,278.224101336142,1600.7358751735067,1.208602832862683,1.18391967171066,4.56993873413117,19.819306213818304,41.22649620459728,12.764778901408615,34.09804128915835,8.940452648108392,242.41144975260954,34.4077025671186,1.4562654340359151,1.0880168820494431,1.9509438145892013,1.455591577771606,1.5558382738422407,0.36462125521850197,0.0,1.0,0.0,0.0,0.0,0.0,0.0,0.0,False,warp_monotonic_reserve;maximum_knee_displacement;rms_knee_displacement;peak_dq_ratio;peak_ddq_ratio;rms_ddq_ratio
extend,-0.1825,0.0,-0.1825,True,24.0,401,28.90933692566648,112.02543857007235,83.11610164440587,18.32089743176675,119.49993068825303,101.17903325648628,0.0,0.0,0.0,1.0119684645815141e-08,6.931174696944709e-05,6.932186666119833e-05,0.0,0.0,0.0,26.369105709384627,6.674584600831175,0.2606181023296232,0.06596801543740109,278.0449322372749,1590.3733785577037,1.208602832862683,1.1844930883827927,4.56993873413117,19.813097597899645,41.05089978048777,12.741878602025933,35.18332088497266,8.89118081173543,266.98431313494996,35.35259801046656,1.4500627482315736,1.086064955382731,2.0130388627064373,1.4475696494790826,1.7135511268743824,0.37320745447230597,0.0,1.0,0.0,0.0,0.0,0.0,0.0,0.0,False,warp_monotonic_reserve;maximum_knee_displacement;rms_knee_displacement;peak_dq_ratio;peak_ddq_ratio;rms_ddq_ratio
extend,-0.18,0.0,-0.18,True,24.0,401,28.90933692566648,112.02543857007235,83.11610164440587,18.32089743162802,119.49992843625566,101.17903100462763,0.0,0.0,0.0,9.98095472937166e-09,7.156374434202917e-05,7.157372530741668e-05,0.0,0.0,0.0,26.044582658087137,6.592754140932753,0.2574106904923203,0.06515924704735679,277.8659163676071,1579.9514943562922,1.208602832862683,1.1850657024200093,4.56993873413117,19.80679435848736,40.860161734262505,12.719032235130351,36.239830778160496,8.878675885755978,255.56142520318514,35.205722881549924,1.4433252068626705,1.0841176256978318,2.073487831715765,1.4455337274007751,1.6402370723600947,0.38179365372611007,0.0,1.0,0.0,0.0,0.0,0.0,0.0,0.0,False,warp_monotonic_reserve;maximum_knee_displacement;rms_knee_displacement;peak_dq_ratio;peak_ddq_ratio;rms_ddq_ratio
extend,-0.1775,0.0,-0.1775,True,24.0,401,28.90933692566648,112.02543857007235,83.11610164440587,18.320897431489296,119.49992617905498,101.17902874756568,0.0,0.0,0.0,9.842231918355537e-09,7.382094501906522e-05,7.3830787258089e-05,0.0,0.0,0.0,25.71774500230633,6.510555597450195,0.2541804023453415,0.06434684071652474,277.68707902501103,1569.470265458846,1.208602832862683,1.185637522272333,4.56993873413117,19.800393435532325,40.64916393631456,12.696802176676515,35.053151574759795,8.819960878716369,244.34216545149502,34.66892990087231,1.4358720195172219,1.0822228275917674,2.0055911325434184,1.4359743602076904,1.5682299384410032,0.39037985297991407,0.0,1.0,0.0,0.0,0.0,0.0,0.0,0.0,False,warp_monotonic_reserve;maximum_knee_displacement;rms_knee_displacement;peak_dq_ratio;peak_ddq_ratio;rms_ddq_ratio
extend,-0.175,0.0,-0.175,True,24.0,401,28.90933692566648,112.02543857007235,83.11610164440587,18.320897431350566,119.49992391665917,101.17902648530861,0.0,0.0,0.0,9.703502001912057e-09,7.608334082931378e-05,7.609304432776298e-05,0.0,0.0,0.0,25.395340310667933,6.427988341337236,0.25099392723909386,0.06353079022774898,277.50845115962227,1558.9298571896304,1.208602832862683,1.1862085713078439,4.56993873413117,19.793893211139405,40.417720179549846,12.675066970301799,35.020846505179165,8.752258716878453,233.3249469587979,34.099955180403555,1.4276966087030893,1.080370208627258,2.0037427748872196,1.4249517978781363,1.4975195399853454,0.39896605223371806,0.0,1.0,0.0,0.0,0.0,0.0,0.0,0.0,False,warp_monotonic_reserve;maximum_knee_displacement;rms_knee_displacement;peak_dq_ratio;peak_ddq_ratio;rms_ddq_ratio
extend,-0.1725,0.0,-0.1725,True,24.0,401,28.90933692566648,112.02543857007235,83.11610164440587,18.320897431211844,119.49992164907631,101.17902421786447,0.0,0.0,0.0,9.564779190895933e-09,7.835092368679852e-05,7.836048847309485e-05,0.0,0.0,0.0,25.071183988634303,6.345054306194618,0.24779013995720328,0.06271111469170244,277.3300642827587,1548.3306029085766,1.208602832862683,1.1867788479931827,4.56993873413117,19.787317646860025,40.16205852597658,12.653555313633568,34.24883446973315,8.666199628978426,224.43152930220307,34.02347481508798,1.4186657362501038,1.07853664411379,1.959571554242334,1.4109405516394473,1.4404400596657667,0.40755225148752217,0.0,1.0,0.0,0.0,0.0,0.0,0.0,0.0,False,warp_monotonic_reserve;maximum_knee_displacement;rms_knee_displacement;peak_dq_ratio;peak_ddq_ratio;rms_ddq_ratio
extend,-0.17,0.0,-0.17,True,24.0,401,28.90933692566648,112.02543857007235,83.11610164440587,18.320897431073128,119.49991937631461,101.17902194524149,0.0,0.0,0.0,9.426063485307168e-09,8.062368539185627e-05,8.063311145178886e-05,0.0,0.0,0.0,24.74495952014817,6.261757963178333,0.24456591222466825,0.06188785829889366,277.1519498886125,1537.6729570310736,1.208602832862683,1.1873483249648817,4.56993873413117,19.780853742004663,39.881596614432084,12.63208505872135,32.15440773419773,8.567521601302989,241.9690210311222,33.639011466042525,1.4087588311054375,1.0767066085145192,1.8397374309226973,1.3948748207811927,1.5529986904024338,0.41613845074132605,0.0,1.0,0.0,0.0,0.0,0.0,0.0,0.0,False,warp_monotonic_reserve;maximum_knee_displacement;rms_knee_displacement;peak_dq_ratio;peak_ddq_ratio;rms_ddq_ratio
extend,-0.1675,0.0,-0.1675,True,24.0,401,28.90933692566648,112.02543857007235,83.11610164440587,18.320897430934412,119.49991709838218,101.17901966744778,0.0,0.0,0.0,9.287347779718402e-09,8.290161781587813e-05,8.291090516365784e-05,0.0,0.0,0.0,24.41635258346949,6.178104928591523,0.24131813745394218,0.06106107655785154,276.97414100482973,1526.957507832569,1.208602832862683,1.1879169607360476,4.56993873413117,19.77430347159451,39.57669894569557,12.610481799743182,32.98476316731903,8.506132870917993,238.72610429093453,33.32103292368728,1.3979887687238177,1.0748652361995676,1.8872468107847484,1.3848801457422955,1.5321850943927702,0.42472464999513015,0.0,1.0,0.0,0.0,0.0,0.0,0.0,0.0,False,warp_monotonic_reserve;maximum_knee_displacement;rms_knee_displacement;peak_dq_ratio;peak_ddq_ratio;rms_ddq_ratio
extend,-0.165,0.0,-0.165,True,24.0,401,28.90933692566648,112.02543857007235,83.11610164440587,18.3208974307957,119.49991481528714,101.17901738449144,0.0,0.0,0.0,9.148635626843316e-09,8.51847128586769e-05,8.519386149430375e-05,0.0,0.0,0.0,24.085240584847895,6.094100092503755,0.23804560399412836,0.060230817799401745,276.79666869364763,1516.1847635985685,1.208602832862683,1.188484701368222,4.56993873413117,19.767658964731112,39.37179107170611,12.588733237068988,32.63206152039954,8.483653397409196,249.7628317520078,33.271814276919756,1.3907506989986647,1.073011478799412,1.867066733852535,1.381220271505495,1.603020704754523,0.43331084924893415,0.0,1.0,0.0,0.0,0.0,0.0,0.0,0.0,False,warp_monotonic_reserve;maximum_knee_displacement;rms_knee_displacement;peak_dq_ratio;peak_ddq_ratio;rms_ddq_ratio
extend,-0.1625,0.0,-0.1625,True,24.0,401,28.90933692566648,112.02543857007235,83.11610164440587,18.32089743065699,119.49991252703767,101.17901509638068,0.0,0.0,0.0,9.009927026681908e-09,8.747296233480029e-05,8.748197225827425e-05,0.0,0.0,0.0,23.751833780845047,6.009746131977905,0.23475038990834757,0.059397108482198355,276.61956351403666,1505.3551285779192,1.208602832862683,1.1890515155683716,4.56993873413117,19.76091343159652,39.18134828858916,12.567234449227868,33.970563501672366,8.455333069693848,238.92312730536156,33.14802393353486,1.3840235873654456,1.0711790111714647,1.9436500818236075,1.376609450093571,1.533449621901624,0.44189704850273814,0.0,1.0,0.0,0.0,0.0,0.0,0.0,0.0,False,warp_monotonic_reserve;maximum_knee_displacement;rms_knee_displacement;peak_dq_ratio;peak_ddq_ratio;rms_ddq_ratio
extend,-0.16,0.0,-0.16,True,24.0,401,28.90933692566648,112.02543857007235,83.11610164440587,18.320897430518286,119.49991023364184,101.17901280312356,0.0,0.0,0.0,8.871221979234178e-09,8.976635815827194e-05,8.977522938380389e-05,0.0,0.0,0.0,23.416375677815694,5.925044599330494,0.23143490188284768,0.058559963948505565,276.44286005357685,1494.4688895717645,1.208602832862683,1.1896173887494745,4.56993873413117,19.75406175136754,38.97029579798998,12.545956375736736,32.46702927326666,8.392559313155065,229.21018742604747,32.83858789491029,1.3765684680824124,1.069365356320515,1.8576242958244593,1.3663892794915522,1.4711103073552707,0.45048324775654225,0.0,1.0,0.0,0.0,0.0,0.0,0.0,0.0,False,warp_monotonic_reserve;maximum_knee_displacement;rms_knee_displacement;peak_dq_ratio;peak_ddq_ratio;rms_ddq_ratio
extend,-0.1575,0.0,-0.1575,True,24.0,401,28.90933692566648,112.02543857007235,83.11610164440587,18.320897430379578,119.49990793510784,101.17901050472827,0.0,0.0,0.0,8.73251337907277e-09,9.206489215785041e-05,9.207362467122948e-05,0.0,0.0,0.0,23.079119979285778,5.8399993058348825,0.2281016473872492,0.05771942186690573,276.26659343692927,1483.5264964369635,1.208602832862683,1.1901822904578412,4.56993873413117,19.747100496628633,38.7370001238502,12.524795728732633,32.70453510837392,8.32874005132562,226.1078768561405,32.61881509552421,1.3683276410066938,1.067561710416941,1.8712133620116327,1.3559988905845435,1.4511991458695717,0.45906944701034624,0.0,1.0,0.0,0.0,0.0,0.0,0.0,0.0,False,warp_monotonic_reserve;maximum_knee_displacement;rms_knee_displacement;peak_dq_ratio;peak_ddq_ratio;rms_ddq_ratio
extend,-0.155,0.0,-0.155,True,24.0,401,28.90933692566648,112.02543857007235,83.11610164440587,18.32089743024088,119.49990563144377,101.17900820120289,0.0,0.0,0.0,8.593815437052399e-09,9.43685562333485e-05,9.437715004878555e-05,0.0,0.0,0.0,22.74044054152354,5.754615094998553,0.22475432141645435,0.05687553010802985,276.0907969669217,1472.5284452656697,1.208602832862683,1.1907461801673425,4.56993873413117,19.740028113095004,38.47819435618377,12.503664279967726,30.19586408703505,8.230462770296748,190.17715453104003,31.421547484237117,1.359185707340749,1.0657605532503376,1.7276779556692046,1.3399984051301317,1.220589605531276,0.46765564626415024,0.0,1.0,0.0,0.0,0.0,0.0,0.0,0.0,False,warp_monotonic_reserve;maximum_knee_displacement;rms_knee_displacement;peak_dq_ratio;peak_ddq_ratio;rms_ddq_ratio
extend,-0.1525,0.0,-0.1525,True,24.0,401,28.90933692566648,112.02543857007235,83.11610164440587,18.32089743010218,119.49990332265783,101.17900589255565,0.0,0.0,0.0,8.455113942318349e-09,9.667734217089219e-05,9.668579728838722e-05,0.0,0.0,0.0,22.400789510400955,5.668896397414492,0.2213973927378316,0.05602833246148341,275.9155054292711,1461.4751622103793,1.208602832862683,1.1913090275523974,4.56993873413117,19.732945546613905,38.19416809788323,12.48279676719159,30.80055332984408,8.142872666174114,221.72801153640327,31.436137349596255,1.3491528968814523,1.0639818928941982,1.7622756830871136,1.3257378947426603,1.423088418815731,0.47624184551795434,0.0,1.0,0.0,0.0,0.0,0.0,0.0,0.0,False,warp_monotonic_reserve;maximum_knee_displacement;rms_knee_displacement;peak_dq_ratio;peak_ddq_ratio;rms_ddq_ratio
extend,-0.15,0.0,-0.15,True,24.0,401,28.90933692566648,112.02543857007235,83.11610164440587,18.32089742996348,119.49990100875809,101.1790035787946,0.0,0.0,0.0,8.316416000297977e-09,9.899124191292685e-05,9.899955833247986e-05,0.0,0.0,0.0,22.060620371434354,5.582846599842105,0.21803534335907598,0.05517786240018048,275.7407503793408,1450.3670360683886,1.208602832862683,1.1918708197314176,4.56993873413117,19.72589442254676,37.9032030588732,12.462243965048303,32.3007416539227,8.086365043506508,239.0765851765794,32.37871746621748,1.338874984183745,1.0622300571688768,1.8481100307776568,1.3165379109306252,1.534434540847106,0.48482804477175834,0.0,1.0,0.0,0.0,0.0,0.0,0.0,0.0,False,warp_monotonic_reserve;maximum_knee_displacement;rms_knee_displacement;peak_dq_ratio;peak_ddq_ratio;rms_ddq_ratio
extend,-0.1475,0.0,-0.1475,True,24.0,401,28.90933692566648,112.02543857007235,83.11610164440587,18.320897429824793,119.49989868975274,101.17900125992794,0.0,0.0,0.0,8.177728716418642e-09,0.00010131024725978932,0.00010131842499561117,0.0,0.0,0.0,21.720273540435883,5.496467645405476,0.21467153776755174,0.05432413912891765,275.5665592079478,1439.2042770666965,1.208602832862683,1.192431546208086,4.56993873413117,19.718742660080157,37.725453028990266,12.442118143388011,30.84107577421038,8.032722554074752,229.7655957859362,32.47651919982008,1.3325962254181989,1.0605146154913794,1.764594203717611,1.3078043983333536,1.4746750134976938,0.49341424402556244,0.0,1.0,0.0,0.0,0.0,0.0,0.0,0.0,False,warp_monotonic_reserve;maximum_knee_displacement;rms_knee_displacement;peak_dq_ratio;peak_ddq_ratio;rms_ddq_ratio
extend,-0.145,0.0,-0.145,True,24.0,401,28.90933692566648,112.02543857007235,83.11610164440587,18.320897429686102,119.49989636564986,101.17899893596376,0.0,0.0,0.0,8.039037879825628e-09,0.00010363435013971412,0.00010364238917759394,0.0,0.0,0.0,21.37965571468385,5.409762357927912,0.21130505380918432,0.05346719055685042,275.3929618921594,1427.9872205969937,1.208602832862683,1.192991185652672,4.56993873413117,19.71148152211982,37.52663744685849,12.422092835391169,31.580742150657375,7.958194014769358,226.50429386158336,31.400739853411103,1.3255733569559027,1.0588077411822288,1.8069147443537001,1.2956704361743454,1.4537434182218032,0.5020004432793664,0.0,1.0,0.0,0.0,0.0,0.0,0.0,0.0,False,warp_monotonic_reserve;maximum_knee_displacement;rms_knee_displacement;peak_dq_ratio;peak_ddq_ratio;rms_ddq_ratio
extend,-0.1425,0.0,-0.1425,True,24.0,401,28.90933692566648,112.02543857007235,83.11610164440587,18.320897429547415,119.49989403645766,101.17899660691025,0.0,0.0,0.0,7.900350595946293e-09,0.00010596354233882721,0.00010597144269297587,0.0,0.0,0.0,21.038569612988354,5.322736501482075,0.20793394166247045,0.05260707365298241,275.21999490171567,1416.7165237053177,1.208602832862683,1.1935496960332932,4.56993873413117,19.70410428264028,37.3057153095331,12.40209717113088,29.61757181604827,7.899589338335986,223.28228798886505,30.394357141641546,1.3177696068966283,1.057103393582398,1.6945905498695897,1.2861290318638494,1.4330640317471317,0.5105866425331704,0.0,1.0,0.0,0.0,0.0,0.0,0.0,0.0,False,warp_monotonic_reserve;maximum_knee_displacement;rms_knee_displacement;peak_dq_ratio;peak_ddq_ratio;rms_ddq_ratio
extend,-0.14,0.0,-0.14,True,24.0,401,28.90933692566648,112.02543857007235,83.11610164440587,18.32089742940873,119.49989170218423,101.1789942727755,0.0,0.0,0.0,7.761666864780636e-09,0.00010829781577115227,0.00010830557744156977,0.0,0.0,0.0,20.696819298342348,5.235394905670525,0.20455626479108927,0.051743836150515796,275.04768874532203,1405.3926504315934,1.208602832862683,1.1941070234586586,4.56993873413117,19.696606324534326,37.05891810341342,12.382147298484279,29.41596241737399,7.878240313327426,220.09909970285193,30.627858508714812,1.309051858031794,1.0554029490700496,1.6830553239611241,1.2826532055025666,1.412633783203675,0.5191728417869744,0.0,1.0,0.0,0.0,0.0,0.0,0.0,0.0,False,warp_monotonic_reserve;maximum_knee_displacement;rms_knee_displacement;peak_dq_ratio;peak_ddq_ratio;rms_ddq_ratio
extend,-0.1375,0.0,-0.1375,True,24.0,401,28.90933692566648,112.02543857007235,83.11610164440587,18.32089742927005,119.49988936283772,101.17899193356767,0.0,0.0,0.0,7.622986686328659e-09,0.0001106371622796587,0.00011064478526634502,0.0,0.0,0.0,20.354282778578124,5.1477423004692575,0.20117081748986457,0.05087752479799723,274.87607042221833,1394.016078038416,1.208602832862683,1.1946631150772873,4.56993873413117,19.688985319871406,36.786333730150695,12.362197579228631,30.503114656378443,7.858378328293184,234.85445891729222,31.221689715358767,1.2994232153581393,1.053702517632111,1.7452575166975413,1.2794194835343857,1.5073362101457417,0.5277590410407784,0.0,1.0,0.0,0.0,0.0,0.0,0.0,0.0,False,warp_monotonic_reserve;maximum_knee_displacement;rms_knee_displacement;peak_dq_ratio;peak_ddq_ratio;rms_ddq_ratio
extend,-0.135,0.0,-0.135,True,24.0,401,28.90933692566648,112.02543857007235,83.11610164440587,18.320897429131374,119.49988701842626,101.17898958929489,0.0,0.0,0.0,7.48431006059036e-09,0.00011298157373573758,0.0001129890580529036,0.0,0.0,0.0,20.01094897780237,5.059783515971412,0.19777749029060546,0.05000818733347752,274.7051703616502,1382.5873479553898,1.208602832862683,1.1952179272477805,4.56993873413117,19.681323378519764,36.48833863672801,12.342464441302337,29.000370937721808,7.788522765716974,224.8922675353287,30.626814537767526,1.2888969763124993,1.05202054668961,1.6592769602789499,1.268046326877945,1.44339715669254,0.5363452402945825,0.0,1.0,0.0,0.0,0.0,0.0,0.0,0.0,False,warp_monotonic_reserve;maximum_knee_displacement;rms_knee_displacement;peak_dq_ratio;peak_ddq_ratio;rms_ddq_ratio
extend,-0.1325,0.0,-0.1325,True,24.0,401,28.90933692566648,112.02543857007235,83.11610164440587,18.320897428992698,119.4998875348841,101.1789901058914,0.0,0.0,0.0,7.345633434852061e-09,0.00011246511590456976,0.00011247246153800461,0.0,0.0,0.0,19.666815941787206,4.9715225099891125,0.19437626387877135,0.0491358628738496,274.53502379851597,1371.106901442349,1.208602832862683,1.195771436106593,4.56993873413117,19.67370140629159,36.30616863877368,12.32305153790618,29.907754293481272,7.709241067741344,215.10023974917874,30.362224638495267,1.282462088665906,1.0503658712120518,1.7111935478145213,1.2551385048260966,1.3805502423913942,0.5449314395483865,0.0,1.0,0.0,0.0,0.0,0.0,0.0,0.0,False,warp_monotonic_reserve;maximum_knee_displacement;rms_knee_displacement;peak_dq_ratio;peak_ddq_ratio;rms_ddq_ratio
extend,-0.13,0.0,-0.13,True,24.0,401,28.90933692566648,112.02543857007235,83.11610164440587,18.320897428854025,119.49988981699524,101.17899238814121,0.0,0.0,0.0,7.206960361827441e-09,0.00011018300476450804,0.00011019021172842258,0.0,0.0,0.0,19.321888235950397,4.882962782289892,0.19096718337650362,0.048260586008939274,274.36566323776077,1359.575078264238,1.208602832862683,1.1963236206118373,4.56993873413117,19.66596760664315,36.112315448894925,12.304022909434053,28.40738399749676,7.623577102368041,193.10835158889574,30.039179100816256,1.27561450942228,1.0487439497373574,1.625348788471261,1.2411915883305118,1.2394025311395334,0.5535176388021905,0.0,1.0,0.0,0.0,0.0,0.0,0.0,0.0,False,warp_monotonic_reserve;maximum_knee_displacement;rms_knee_displacement;peak_dq_ratio;peak_ddq_ratio;rms_ddq_ratio
extend,-0.1275,0.0,-0.1275,True,24.0,401,28.90933692566648,112.02543857007235,83.11610164440587,18.320897428715355,119.49989209290538,101.17899466419003,0.0,0.0,0.0,7.0682908415165e-09,0.00010790709461616643,0.00010791416291056066,0.0,0.0,0.0,18.976248254422387,4.794108480264038,0.18755106312320977,0.047382397729328424,274.1971217692204,1347.99231873995,1.208602832862683,1.196874460534254,4.56993873413117,19.658112090216235,35.89489859056227,12.285316247987145,28.36228553094271,7.5736439634671875,218.91297174162338,29.844284840424226,1.2679345781956428,1.0471494713983105,1.6227684474591497,1.2330619936336302,1.4050210104504195,0.5621038380559946,0.0,1.0,0.0,0.0,0.0,0.0,0.0,0.0,False,warp_monotonic_reserve;maximum_knee_displacement;rms_knee_displacement;peak_dq_ratio;peak_ddq_ratio;rms_ddq_ratio
extend,-0.125,0.0,-0.125,True,24.0,401,28.90933692566648,112.02543857007235,83.11610164440587,18.32089742857669,119.49989436261701,101.17899693404033,0.0,0.0,0.0,6.929624873919238e-09,0.00010563738298685621,0.00010564431261173013,0.0,0.0,0.0,18.63002958829732,4.704963112333972,0.1841292234616358,0.04650133271038311,274.02943059110555,1336.3590123838928,1.208602832862683,1.1974239337275239,4.56993873413117,19.650127489599775,35.65097027683971,12.266800436496844,28.321610801243988,7.5238397995036,215.65786063909067,29.739874903405433,1.2593181687415396,1.0455712603190672,1.6204412137144641,1.2249533972955362,1.3841291489310992,0.5706900373097986,0.0,1.0,0.0,0.0,0.0,0.0,0.0,0.0,False,warp_monotonic_reserve;maximum_knee_displacement;rms_knee_displacement;peak_dq_ratio;peak_ddq_ratio;rms_ddq_ratio
extend,-0.1225,0.0,-0.1225,True,24.0,401,28.90933692566648,112.02543857007235,83.11610164440587,18.320897428438023,119.49989662613257,101.17899919769454,0.0,0.0,0.0,6.7909589063219755e-09,0.00010337386743231036,0.00010338065840187483,0.0,0.0,0.0,18.2833667273121,4.615533539702505,0.18070299361623107,0.045617458764553115,273.8626208729837,1324.6758202069088,1.208602832862683,1.1979719815174783,4.56993873413117,19.642009132468644,35.38089130900092,12.248282583408283,26.89058079616368,7.474870874282293,217.82163185433444,29.596899466806377,1.2497780258350983,1.0439928752224448,1.5385638086979283,1.2169807858484254,1.398016603818028,0.5792762365636026,0.0,1.0,0.0,0.0,0.0,0.0,0.0,0.0,False,warp_monotonic_reserve;maximum_knee_displacement;rms_knee_displacement;peak_dq_ratio;peak_ddq_ratio;rms_ddq_ratio
extend,-0.12,0.0,-0.12,True,24.0,401,28.90933692566648,112.02543857007235,83.11610164440587,18.320897428299368,119.49989888345458,101.1790014551552,0.0,0.0,0.0,6.6523035968657496e-09,0.00010111654542299675,0.00010112319773725176,0.0,0.0,0.0,17.93638477919079,4.525825050538355,0.17727361008466033,0.04473082815726264,273.6967221406687,1312.9433121282996,1.208602832862683,1.1985185634936768,4.56993873413117,19.633755313181624,35.11205533327538,12.230073203242966,28.499741373896516,7.443088690055375,209.27361850047063,29.652939316099108,1.2402817897996243,1.0424407830801097,1.6306330818032677,1.211806340940015,1.34315398757268,0.5878624358174067,0.0,1.0,0.0,0.0,0.0,0.0,0.0,0.0,False,warp_monotonic_reserve;maximum_knee_displacement;rms_knee_displacement;peak_dq_ratio;peak_ddq_ratio;rms_ddq_ratio
extend,-0.1175,0.0,-0.1175,True,24.0,401,28.90933692566648,112.02543857007235,83.11610164440587,18.32089742816071,119.49990113458554,101.17900370642484,0.0,0.0,0.0,6.513644734695845e-09,9.886541445780495e-05,9.887192810253964e-05,0.0,0.0,0.0,17.58916610999428,4.435842494091264,0.17384188692890667,0.04384148881589609,273.531762038494,1301.1620218829423,1.208602832862683,1.199063637681543,4.56993873413117,19.625555445968175,34.93800318778621,12.211962324351994,26.71115300076446,7.3614235456496475,186.12586974795403,28.73988859366009,1.2341336533696503,1.0408970867784089,1.5282977190820775,1.1985104709127152,1.1945877647345955,0.5964486350712107,0.0,1.0,0.0,0.0,0.0,0.0,0.0,0.0,False,warp_monotonic_reserve;maximum_knee_displacement;rms_knee_displacement;peak_dq_ratio;peak_ddq_ratio;rms_ddq_ratio
extend,-0.115,0.0,-0.115,True,24.0,401,28.90933692566648,112.02543857007235,83.11610164440587,18.32089742802205,119.49990337952788,101.17900595150583,0.0,0.0,0.0,6.37498587252594e-09,9.662047212088964e-05,9.662684711031488e-05,0.0,0.0,0.0,17.241780920827523,4.345590510041158,0.1704085179790512,0.04294948659656217,273.36777018605414,1289.33243364869,1.208602832862683,1.199607172247638,4.56993873413117,19.61728653430381,34.74166876352716,12.194321157556258,27.331330728694763,7.304386377772454,180.77327606541746,28.372299055622324,1.2271984281654305,1.0393934267901666,1.5637816312514345,1.1892242720534714,1.1602339001621282,0.6050348343250147,0.0,1.0,0.0,0.0,0.0,0.0,0.0,0.0,False,warp_monotonic_reserve;maximum_knee_displacement;rms_knee_displacement;peak_dq_ratio;peak_ddq_ratio;rms_ddq_ratio
extend,-0.1125,0.0,-0.1125,True,24.0,401,28.90933692566648,112.02543857007235,83.11610164440587,18.3208974278834,119.49990561828416,101.17900819040076,0.0,0.0,0.0,6.236334115783393e-09,9.438171584008614e-05,9.438795217420193e-05,0.0,0.0,0.0,16.894298307745956,4.255072560096334,0.16697418614345821,0.04205485571292958,273.20477398836545,1277.4549505796517,1.208602832862683,1.2001491510215279,4.56993873413117,19.608888600807536,34.51894490596054,12.17691685877791,25.9617752123574,7.2532069443223435,198.95700037801637,28.738001642005656,1.2193310349846043,1.0379099564506225,1.4854215330664267,1.1808917686314142,1.2769401624917711,0.6136210335788188,0.0,1.0,0.0,0.0,0.0,0.0,0.0,0.0,False,warp_monotonic_reserve;maximum_knee_displacement;rms_knee_displacement;peak_dq_ratio;peak_ddq_ratio;rms_ddq_ratio
extend,-0.11,0.0,-0.11,True,24.0,401,28.90933692566648,112.02543857007235,83.11610164440587,18.32089742774475,119.49990785085679,101.17901042311203,0.0,0.0,0.0,6.0976859117545246e-09,9.214914321376e-05,9.215524090677718e-05,0.0,0.0,0.0,16.546637935513616,4.164296009035832,0.16353809743172928,0.04115766895452554,273.0428036049803,1265.5303134603028,1.208602832862683,1.2006895248415221,4.56993873413117,19.600352130339306,34.26951492712945,12.159675210844405,25.861750434860458,7.21705024783998,208.48839170788915,28.815425736913156,1.2105202872901757,1.036440349795396,1.4796985438979735,1.175005111103967,1.338114267300426,0.6222072328326228,0.0,1.0,0.0,0.0,0.0,0.0,0.0,0.0,False,warp_monotonic_reserve;maximum_knee_displacement;rms_knee_displacement;peak_dq_ratio;peak_ddq_ratio;rms_ddq_ratio
extend,-0.1075,0.0,-0.1075,True,24.0,401,28.90933692566648,112.02543857007235,83.11610164440587,18.32089742760611,119.49991007724832,101.1790126496422,0.0,0.0,0.0,5.959044813153014e-09,8.992275168395736e-05,8.992871073587594e-05,0.0,0.0,0.0,16.198420324009646,4.073264506005298,0.16009650126581834,0.040257962387549036,272.8818861790543,1253.5589333710755,1.208602832862683,1.2012282717511018,4.56993873413117,19.59167087048168,33.99374877167443,12.142887932067547,26.372528722811754,7.16700713721077,206.59385981038787,28.423109492265542,1.2007792528332786,1.0350094716850922,1.5089230888814968,1.166857611953263,1.3259548365468228,0.6307934320864268,0.0,1.0,0.0,0.0,0.0,0.0,0.0,0.0,False,warp_monotonic_reserve;maximum_knee_displacement;rms_knee_displacement;peak_dq_ratio;peak_ddq_ratio;rms_ddq_ratio
extend,-0.105,0.0,-0.105,True,24.0,401,28.90933692566648,112.02543857007235,83.11610164440587,18.32089742746746,119.49991229746115,101.1790148699937,0.0,0.0,0.0,5.8203966091241455e-09,8.770253884904378e-05,8.77083592456529e-05,0.0,0.0,0.0,15.849230343715945,3.9819832359039236,0.15664529472815125,0.03935578725676364,272.72205122172727,1241.5413532271132,1.208602832862683,1.2017653531638828,4.56993873413117,19.582842143509236,33.809687736385406,12.126149300125007,25.736540244418517,7.129756929278152,203.4024380745411,28.506475864448074,1.1942775670699761,1.0335827400294515,1.4725345533187286,1.160792920256872,1.3054717443097614,0.6393796313402309,0.0,1.0,0.0,0.0,0.0,0.0,0.0,0.0,False,warp_monotonic_reserve;maximum_knee_displacement;rms_knee_displacement;peak_dq_ratio;peak_ddq_ratio;rms_ddq_ratio
extend,-0.1025,0.0,-0.1025,True,24.0,401,28.90933692566648,112.02543857007235,83.11610164440587,18.32089742732882,119.49991451149789,101.17901708416908,0.0,0.0,0.0,5.681755510522635e-09,8.548850210843284e-05,8.549418386394336e-05,0.0,0.0,0.0,15.49865688289043,3.890459108258045,0.15318041461069784,0.03845121185222294,272.5633280299865,1229.478313241667,1.208602832862683,1.2023007175761402,4.56993873413117,19.574031374316043,33.627563348399434,12.109695106507083,24.80082073478549,7.077802717638779,200.25481293422175,28.620390974574075,1.1878442905285334,1.032180252718462,1.4189966924771606,1.1523342755026789,1.28526974613676,0.6479658305940349,0.0,1.0,0.0,0.0,0.0,0.0,0.0,0.0,False,warp_monotonic_reserve;maximum_knee_displacement;rms_knee_displacement;peak_dq_ratio;peak_ddq_ratio;rms_ddq_ratio
extend,-0.1,0.0,-0.1,True,24.0,401,28.90933692566648,112.02543857007235,83.11610164440587,18.320897427190186,119.49991671936091,101.17901929217072,0.0,0.0,0.0,5.5431215173484816e-09,8.328063908891181e-05,8.328618221753459e-05,0.0,0.0,0.0,15.146377947326314,3.7986970744965847,0.14969867849536403,0.03754428511119556,272.4057448789007,1217.3703752181418,1.208602832862683,1.202834336962062,4.56993873413117,19.565166984963337,33.41901853368731,12.093572583266427,23.691270500607086,7.0149843310246665,205.36166213077772,28.02983658528881,1.180477751213489,1.0308060356166575,1.3555129824308998,1.1421068386956568,1.318046380437041,0.6565520298478389,0.0,1.0,0.0,0.0,0.0,0.0,0.0,0.0,False,warp_monotonic_reserve;maximum_knee_displacement;rms_knee_displacement;peak_dq_ratio;peak_ddq_ratio
extend,-0.0975,0.0,-0.0975,True,24.0,401,28.90933692566648,112.02543857007235,83.11610164440587,18.32089742705155,119.49991892105277,101.17902149400122,0.0,0.0,0.0,5.40448397146065e-09,8.107894723252684e-05,8.108435172005102e-05,0.0,0.0,0.0,14.79215886931533,3.706702555239357,0.14619776705234466,0.03663506060818134,272.24933084836624,1205.2180977113535,1.208602832862683,1.2033661777957412,4.56993873413117,19.556162539838454,33.18337739373104,12.077769435345424,25.255714515271155,6.96615604745561,197.76343825293634,27.18379322594447,1.172154074002306,1.029459040744253,1.4450237654051232,1.1341571250606093,1.269279675999474,0.6651382291016429,0.0,1.0,0.0,0.0,0.0,0.0,0.0,0.0,False,warp_monotonic_reserve;maximum_knee_displacement;rms_knee_displacement;peak_dq_ratio;peak_ddq_ratio
extend,-0.095,0.0,-0.095,True,24.0,401,28.90933692566648,112.02543857007235,83.11610164440587,18.320897426912918,119.49992111657589,101.17902368966297,0.0,0.0,0.0,5.265853531000175e-09,7.888342410922178e-05,7.88886899698582e-05,0.0,0.0,0.0,14.4357686406712,3.614480074388986,0.14267539712058785,0.0357235830550082,272.0941147952703,1193.0220267166928,1.208602832862683,1.2038962161013933,4.56993873413117,19.547007502575465,32.92099892543637,12.062301522828113,24.17551494606924,6.916270671942882,162.2682467385037,27.049648745532807,1.162885939933464,1.0281406199491194,1.3832193746430517,1.1260353067021547,1.0414654471259053,0.6737244283554469,0.0,1.0,0.0,0.0,0.0,0.0,0.0,0.0,False,warp_monotonic_reserve;maximum_knee_displacement;rms_knee_displacement;peak_dq_ratio;peak_ddq_ratio
extend,-0.0925,0.0,-0.0925,True,24.0,401,28.90933692566648,112.02543857007235,83.11610164440587,18.32089742677429,119.49992330593282,101.17902587915853,0.0,0.0,0.0,5.12722664325338e-09,7.669406717525362e-05,7.66991944090023e-05,0.0,0.0,0.0,14.077005998758693,3.522035424609223,0.13912957952811927,0.03480990970325878,271.9401238081658,1180.78280288878,1.208602832862683,1.2044244181570465,4.56993873413117,19.53769537887642,32.74561688466572,12.047077141807897,23.477435472536975,6.879005194231435,191.80815033802455,27.527386190516644,1.1566908269057288,1.0268429567700947,1.3432782583944627,1.1199681289390808,1.2310576164423628,0.682310627609251,0.0,1.0,0.0,0.0,0.0,0.0,0.0,0.0,False,warp_monotonic_reserve;maximum_knee_displacement;rms_knee_displacement;peak_dq_ratio;peak_ddq_ratio
extend,-0.09,0.0,-0.09,True,24.0,401,28.90933692566648,112.02543857007235,83.11610164440587,18.320897426635668,119.49992548912603,101.17902806249036,0.0,0.0,0.0,4.988603308220263e-09,7.451087397214451e-05,7.451586257900544e-05,0.0,0.0,0.0,13.715916394604236,3.4293750288828937,0.13556076348851434,0.03389410403425145,271.7873843249537,1168.501077833183,1.208602832862683,1.2049507421361685,4.56993873413117,19.52822412178899,32.57196428768462,12.03216561567864,22.216080356554418,6.843295960939754,196.43956838736372,27.527392144771675,1.1505568039400336,1.0255719600461357,1.271108923485802,1.114154322717642,1.2607828520724431,0.6908968268630551,0.0,1.0,0.0,0.0,0.0,0.0,0.0,0.0,False,warp_monotonic_reserve;maximum_knee_displacement;rms_knee_displacement;peak_dq_ratio;peak_ddq_ratio
extend,-0.0875,0.0,-0.0875,True,24.0,401,28.90933692566648,112.02543857007235,83.11610164440587,18.32089742649704,119.49992766615796,101.17903023966092,0.0,0.0,0.0,4.8499764204734674e-09,7.233384204141657e-05,7.233869202138976e-05,0.0,0.0,0.0,13.356604689464803,3.3365043798990275,0.13200951924950577,0.032976220334779545,271.63592280085703,1156.177491941432,1.208602832862683,1.205475155518621,4.56993873413117,19.51883955386626,32.37117393375099,12.017532060028007,23.385164732464837,6.810267238563939,194.34458971566764,27.51283798654154,1.1434641795639464,1.0243246563744253,1.337998922021891,1.1087769294236947,1.2473369195323987,0.699483026116859,0.0,1.0,0.0,0.0,0.0,0.0,0.0,0.0,False,warp_monotonic_reserve;maximum_knee_displacement;rms_knee_displacement;peak_dq_ratio;peak_ddq_ratio
extend,-0.085,0.0,-0.085,True,24.0,401,28.90933692566648,112.02543857007235,83.11610164440587,18.32089742635842,119.49992983703115,101.17903241067273,0.0,0.0,0.0,4.7113566381540295e-09,7.016296885353768e-05,7.016768020662312e-05,0.0,0.0,0.0,12.998244890752119,3.2434288197733703,0.1284676831432291,0.03205631140345077,271.4857611568357,1143.812699126801,1.208602832862683,1.2059976273096276,4.56993873413117,19.50931942457999,32.14303589709878,12.003197550260241,23.005215014528943,6.76086736255955,176.08465719015206,26.943886145009262,1.1354055384580748,1.0231028421351274,1.3162598272224009,1.1007341550491594,1.1301415398175916,0.7080692253706631,0.0,1.0,0.0,0.0,0.0,0.0,0.0,0.0,False,warp_monotonic_reserve;maximum_knee_displacement;rms_knee_displacement;peak_dq_ratio;peak_ddq_ratio
extend,-0.0825,0.0,-0.0825,True,24.0,401,28.90933692566648,112.02543857007235,83.11610164440587,18.320897426219805,119.49993200174804,101.17903457552823,0.0,0.0,0.0,4.57274040854827e-09,6.799825196424081e-05,6.800282470464936e-05,0.0,0.0,0.0,12.637483550333542,3.15015433549743,0.12490211148638222,0.0311344364124791,271.3369218994786,1131.4073874861572,1.208602832862683,1.2065181242264904,4.56993873413117,19.499643853359178,31.904527387464064,11.989183987264601,22.050436891026532,6.703831300175675,140.0842924105651,26.170733579175373,1.1269805756239613,1.021908384069329,1.2616315141601966,1.0914481361748478,0.899085022258191,0.7166554246244671,0.0,1.0,0.0,0.0,0.0,0.0,0.0,0.0,False,warp_monotonic_reserve;maximum_knee_displacement;rms_knee_displacement;peak_dq_ratio;peak_ddq_ratio
extend,-0.08,0.0,-0.08,True,24.0,401,28.90933692566648,112.02543857007235,83.11610164440587,18.32089742608119,119.49993416031114,101.17903673422995,0.0,0.0,0.0,4.434124178942511e-09,6.583968885820468e-05,6.584412298593634e-05,0.0,0.0,0.0,12.274377748097464,3.056687245720662,0.12131336842597715,0.030210657812007855,271.18943202807935,1118.9622682661402,1.208602832862683,1.2070366171767501,4.56993873413117,19.48980317493978,31.758441886529145,11.975484201782889,20.83396129854916,6.666720428234299,162.8936499345224,26.298614762682462,1.1218203198416223,1.0207406710991564,1.1920299932805483,1.0854061297163655,1.0454793921352772,0.7252416238782711,0.0,1.0,0.0,0.0,0.0,0.0,0.0,0.0,False,warp_monotonic_reserve;maximum_knee_displacement;rms_knee_displacement;peak_dq_ratio
extend,-0.0775,0.0,-0.0775,True,24.0,401,28.90933692566648,112.02543857007235,83.11610164440587,18.32089742594258,119.49993631272295,101.17903888678038,0.0,0.0,0.0,4.29551505476411e-09,6.368727704852972e-05,6.369157256358449e-05,0.0,0.0,0.0,11.909098032642845,2.963033083495112,0.11770313957292178,0.029285030287756742,271.04331481638457,1106.477938931132,1.208602832862683,1.207553075256937,4.56993873413117,19.479792857147974,31.587494319631702,11.962183418721509,21.809874552315506,6.640911800369598,189.9713625192138,27.071160974496873,1.1157818480910804,1.0196069674426316,1.2478675679337423,1.0812042371688277,1.2192687970926606,0.7338278231320752,0.0,1.0,0.0,0.0,0.0,0.0,0.0,0.0,False,warp_monotonic_reserve;maximum_knee_displacement;rms_knee_displacement;peak_dq_ratio
extend,-0.075,0.0,-0.075,True,24.0,401,28.90933692566648,112.02543857007235,83.11610164440587,18.320897425803974,119.49993845898592,101.17904103318195,0.0,0.0,0.0,4.156909483299387e-09,6.154101407673807e-05,6.154517099332679e-05,0.0,0.0,0.0,11.541815453442041,2.869196840974458,0.11407311548848811,0.02835760317949605,270.89859067393957,1093.9549581949054,1.208602832862683,1.2080674724184113,4.56993873413117,19.46977196737663,31.38873718217123,11.949310128943013,21.811341265288693,6.600315133968047,188.65387465261395,26.873343421650432,1.1087610441009674,1.0185097015428695,1.2479514869652946,1.0745947098858657,1.2108129339299645,0.7424140223858792,0.0,1.0,0.0,0.0,0.0,0.0,0.0,0.0,False,warp_monotonic_reserve;maximum_knee_displacement;rms_knee_displacement;peak_dq_ratio
extend,-0.0725,0.0,-0.0725,True,24.0,401,28.90933692566648,112.02543857007235,83.11610164440587,18.32089742566536,119.49994059910257,101.17904317343721,0.0,0.0,0.0,4.0182968064073066e-09,5.9400897427508426e-05,5.940491573142026e-05,0.0,0.0,0.0,11.172691457134235,2.775184067148458,0.11042489182469394,0.027428431330465297,270.75528321478896,1081.3939935201606,1.208602832862683,1.2085797835819847,4.56993873413117,19.459695241720894,31.16248766542886,11.936674135310701,20.56949370810989,6.56062555319572,185.59576671332738,25.990996653934808,1.100769112187469,1.0174326617837315,1.176898290982714,1.06813286485728,1.1911854725112134,0.7510002216396832,0.0,1.0,0.0,0.0,0.0,0.0,0.0,0.0,False,warp_monotonic_reserve;maximum_knee_displacement;rms_knee_displacement;peak_dq_ratio
extend,-0.07,0.0,-0.07,True,24.0,401,28.90933692566648,112.02543857007235,83.11610164440587,18.320897425526763,119.49994273307536,101.17904530754859,0.0,0.0,0.0,3.8796983403699414e-09,5.726692464236294e-05,5.7270804347808735e-05,0.0,0.0,0.0,10.801856384801127,2.6810023525335316,0.10675975680290489,0.026497589761258926,270.6134186004314,1068.7959415272726,1.208602832862683,1.209089965434226,4.56993873413117,19.44945706747205,31.002115471465327,11.924293736795352,19.39224193552809,6.53073701008547,164.6501589309949,25.991025580113774,1.0951041999550404,1.0163774078936925,1.109540989005873,1.0632667229139694,1.0567529682301735,0.7595864208934873,0.0,1.0,0.0,0.0,0.0,0.0,0.0,0.0,False,warp_monotonic_reserve;maximum_knee_displacement;rms_knee_displacement
extend,-0.0675,0.0,-0.0675,True,24.0,401,28.90933692566648,112.02543857007235,83.11610164440587,18.32089742538816,119.49994486090677,101.17904743551861,0.0,0.0,0.0,3.7410963216188975e-09,5.5139093234402026e-05,5.514283432717093e-05,0.0,0.0,0.0,10.429434290672404,2.5866576670697774,0.1030789365086122,0.025565137475563927,270.4730176366117,1056.1614989305397,1.208602832862683,1.2095979868236233,4.56993873413117,19.439045655666575,30.855816683225285,11.912286819728276,20.468388721512085,6.507256228874498,180.1538357521016,26.406671663875827,1.0899364101118774,1.0153539880153502,1.171113496878138,1.05944382616417,1.1562582259569651,0.7681726201472913,0.0,1.0,0.0,0.0,0.0,0.0,0.0,0.0,False,warp_monotonic_reserve;maximum_knee_displacement;rms_knee_displacement
extend,-0.065,0.0,-0.065,True,24.0,401,28.90933692566648,112.02543857007235,83.11610164440587,18.32089742524957,119.49994698259933,101.17904955734976,0.0,0.0,0.0,3.60250496100889e-09,5.301740067409355e-05,5.3021003182607274e-05,0.0,0.0,0.0,10.055546787383975,2.492155352197668,0.09938363289590332,0.024631127265313968,270.3340995264613,1043.4913058511393,1.208602832862683,1.210103821199854,4.56993873413117,19.428455251327946,30.68197002097681,11.90063926570237,20.467148219165725,6.47037816622574,164.83386460377744,25.90680615395089,1.0837955320756125,1.0143611987541612,1.1710425206493544,1.0534397232950135,1.0579320227555629,0.7767588194010953,0.0,1.0,0.0,0.0,0.0,0.0,0.0,0.0,False,warp_monotonic_reserve;maximum_knee_displacement;rms_knee_displacement
extend,-0.0625,0.0,-0.0625,True,24.0,401,28.90933692566648,112.02543857007235,83.11610164440587,18.320897425110974,119.49994909815548,101.17905167304451,0.0,0.0,0.0,3.4639100476852036e-09,5.09018445171705e-05,5.090530842721819e-05,0.0,0.0,0.0,9.680162789234004,2.397501461812977,0.09567353873036875,0.023695618963968924,270.1966876069666,1030.7860889988467,1.208602832862683,1.210607441052423,4.56993873413117,19.4178394669427,30.48026248260677,11.889376659336822,19.07704770695453,6.4279418881194825,165.31046680948631,25.444571708745112,1.0766705095062676,1.0134012208370944,1.0915069258344696,1.046530689554254,1.0609909374800788,0.7853450186548994,0.0,1.0,0.0,0.0,0.0,0.0,0.0,0.0,False,warp_monotonic_reserve;maximum_knee_displacement;rms_knee_displacement
extend,-0.06,0.0,-0.06,True,24.0,401,28.90933692566648,112.02543857007235,83.11610164440587,18.32089742497238,119.49995120757774,101.17905378260537,0.0,0.0,0.0,3.3253151343615173e-09,4.879242226252245e-05,4.87957475741041e-05,0.0,0.0,0.0,9.303010890924398,2.3027016359000507,0.09194597158756336,0.022758668314110043,270.06080483194563,1018.0465080381487,1.208602832862683,1.2111088266284857,4.56993873413117,19.407173727687347,30.319965111902814,11.878535796218767,18.35321036210091,6.40610581775298,180.3487220858111,25.849365717481014,1.0710082402955996,1.01247719056759,1.0500920545597419,1.0429755675298862,1.1575090398823942,0.7939312179087034,0.0,1.0,0.0,0.0,0.0,0.0,0.0,0.0,False,warp_monotonic_reserve;maximum_knee_displacement;rms_knee_displacement
extend,-0.0575,0.0,-0.0575,True,24.0,401,28.90933692566648,112.02543857007235,83.11610164440587,18.320897424833795,119.49995331086852,101.17905588603472,0.0,0.0,0.0,3.1867308791788673e-09,4.668913148009324e-05,4.669231822163056e-05,0.0,0.0,0.0,8.927298670099447,2.2077622293632855,0.08823263344509466,0.021820338124205023,269.9264693060759,1005.2732886102003,1.208602832862683,1.2116079481178381,4.56993873413117,19.396338137141573,30.19399525550822,11.867979518689802,19.31432595795804,6.39642095802586,174.9253431666735,26.38874563894479,1.0665585401152224,1.011577417194951,1.1050829706344103,1.0413987793284882,1.1227008635171498,0.8025174171625074,0.0,1.0,0.0,0.0,0.0,0.0,0.0,0.0,False,warp_monotonic_reserve;maximum_knee_displacement;rms_knee_displacement
extend,-0.055,0.0,-0.055,True,24.0,401,28.90933692566648,112.02543857007235,83.11610164440587,18.320897424695207,119.49995540803037,101.17905798333517,0.0,0.0,0.0,3.0481430712825386e-09,4.459196962613987e-05,4.4595017769211154e-05,0.0,0.0,0.0,8.55199054673939,2.112689848390575,0.0845232891853013,0.02088069368627293,269.7936979841993,992.4672254236339,1.208602832862683,1.2121047695119225,4.56993873413117,19.3853203817217,30.04107169741662,11.857794341067272,19.03225482068419,6.348671820756695,158.1107923084453,25.217930606334445,1.061156740006055,1.0107092748412465,1.0889440688167997,1.0336247610779064,1.0147821913199562,0.8111036164163115,0.0,1.0,0.0,0.0,0.0,0.0,0.0,0.0,False,warp_monotonic_reserve;maximum_knee_displacement;rms_knee_displacement
extend,-0.0525,0.0,-0.0525,True,24.0,401,28.90933692566648,112.02543857007235,83.11610164440587,18.320897424556623,119.49995749906583,101.17906007450921,0.0,0.0,0.0,2.9095588160998886e-09,4.250093417113021e-05,4.250384372994631e-05,0.0,0.0,0.0,8.17513957459947,2.017490331540061,0.08079869623540745,0.019939792705491927,269.6625120879686,979.6290698263238,1.208602832862683,1.2125992717018326,4.56993873413117,19.374115339814512,29.86001468799202,11.847980595897859,17.610230653518023,6.31932679521204,124.65018959073112,24.606771806471283,1.0547611670447625,1.0098727918513786,1.0075819392562582,1.0288471090155884,0.800026302408034,0.8196898156701155,0.0,1.0,0.0,0.0,0.0,0.0,0.0,0.0,False,warp_monotonic_reserve;maximum_knee_displacement;rms_knee_displacement
extend,-0.05,0.0,-0.05,True,24.0,401,28.90933692566648,112.02543857007235,83.11610164440587,18.320897424418046,119.49995958397726,101.17906215955921,0.0,0.0,0.0,2.7709816663445963e-09,4.041602274185152e-05,4.041879373062329e-05,0.0,0.0,0.0,7.796459630123309,1.9221698554475315,0.07705602670359467,0.018997696228418376,269.5329311038234,966.7595527972405,1.208602832862683,1.2130914286674594,4.56993873413117,19.362950381975345,29.724188893411135,11.838558039396386,17.018757800052864,6.304436544265372,143.2469475415556,25.14792564018409,1.0499633203221843,1.009069652163269,0.973740397005203,1.02642283311794,0.9193834854899411,0.8282760149239194,0.0,1.0,0.0,0.0,0.0,0.0,0.0,0.0,False,warp_monotonic_reserve;maximum_knee_displacement;rms_knee_displacement
extend,-0.0475,0.0,-0.0475,True,24.0,401,28.90933692566648,112.02543857007235,83.11610164440587,18.32089742427947,119.49996166276723,101.17906423848777,0.0,0.0,0.0,2.632404516589304e-09,3.8337232766139095e-05,3.8339865170655685e-05,0.0,0.0,0.0,7.415655413969645,1.8267345985245882,0.07329236200950659,0.018054465319159833,269.404971017874,953.8594168829325,1.208602832862683,1.213581215821435,4.56993873413117,19.35167183964553,29.61541658527533,11.829503950137997,18.31428698082473,6.303281654355106,172.7408217790667,26.419526950422096,1.0461210982780802,1.0082979190967742,1.0478650254673756,1.0262348059460726,1.1086802304639907,0.8368622141777234,0.0,1.0,0.0,0.0,0.0,0.0,0.0,0.0,False,warp_monotonic_reserve;maximum_knee_displacement;rms_knee_displacement
extend,-0.045,0.0,-0.045,True,24.0,401,28.90933692566648,112.02543857007235,83.11610164440587,18.3208974241409,119.49996373543819,101.17906631129729,0.0,0.0,0.0,2.4938344722613692e-09,3.626456181393678e-05,3.626705564840904e-05,0.0,0.0,0.0,7.032468064756685,1.7311905150244227,0.06950514370604101,0.017110158826362305,269.2786482862457,940.9293854829075,1.208602832862683,1.2140686089234114,4.56993873413117,19.340212816270938,29.47996857430965,11.820844865875607,18.174414106762626,6.27333589574187,171.83260720285432,25.50537976646439,1.0413365962069039,1.0075598546200344,1.039862098960068,1.0213593487692338,1.10285115349599,0.8454484134315275,0.0,1.0,0.0,0.0,0.0,0.0,0.0,0.0,False,warp_monotonic_reserve;maximum_knee_displacement;rms_knee_displacement
extend,-0.0425,0.0,-0.0425,True,24.0,401,28.90933692566648,112.02543857007235,83.11610164440587,18.320897424002325,119.49996580199264,101.17906837799032,0.0,0.0,0.0,2.3552608752197557e-09,3.4198007355712434e-05,3.420036262014037e-05,0.0,0.0,0.0,6.646952161733495,1.6355441464287739,0.06569491122523156,0.016164841402523916,269.15398435483473,927.9702547526492,1.208602832862683,1.2145535786433472,4.56993873413117,19.328562779570447,29.316186345686504,11.812545939438802,16.202653352932597,6.242406396750592,140.51110407517842,24.745481799895412,1.0355512295080318,1.0068524885045795,0.927046397497546,1.0163237292085257,0.9018243727476395,0.8540346126853315,0.0,1.0,0.0,0.0,0.0,0.0,0.0,0.0,False,maximum_knee_displacement;rms_knee_displacement
extend,-0.04,0.0,-0.04,True,24.0,401,28.90933692566648,112.02543857007235,83.11610164440587,18.320897423863755,119.49996786243307,101.17907043856931,0.0,0.0,0.0,2.216690830891821e-09,3.213756693298819e-05,3.21397836273718e-05,0.0,0.0,0.0,6.259322115784627,1.5398018596624246,0.06186378368929906,0.015218575974915417,269.031000357635,914.9828111308766,1.208602832862683,1.2150361031086492,4.56993873413117,19.316797892049554,29.223980990377964,11.804624050303067,16.174260329347042,6.228589539545351,125.08373270140112,24.948391148627476,1.0322942107426618,1.0061772594869853,0.9254218703503126,1.0140742121235629,0.802808856473155,0.8626208119391355,0.0,1.0,0.0,0.0,0.0,0.0,0.0,0.0,False,maximum_knee_displacement;rms_knee_displacement
extend,-0.0375,0.0,-0.0375,True,24.0,401,28.90933692566648,112.02543857007235,83.11610164440587,18.32089742372519,119.49996991676198,101.1790724930368,0.0,0.0,0.0,2.078124339277565e-09,3.0083238016231917e-05,3.0085316140571194e-05,0.0,0.0,0.0,5.869793613006465,1.443970037573417,0.058013892823974254,0.014271425628184524,268.9097138119663,901.9678630931955,1.208602832862683,1.2155161624550699,4.56993873413117,19.305067975207418,29.130005704031728,11.79709906058382,17.4454112372704,6.2255284945623375,172.03356907296782,25.517632949062502,1.02897467176267,1.0055358605317017,0.9981516784994696,1.0135758445943306,1.1041409612564097,0.8712070111929395,0.0,1.0,0.0,0.0,0.0,0.0,0.0,0.0,False,maximum_knee_displacement
extend,-0.035,0.0,-0.035,True,24.0,401,28.90933692566648,112.02543857007235,83.11610164440587,18.32089742358663,119.4999719649818,101.17907454139517,0.0,0.0,0.0,1.9395649530906667e-09,2.803501820380916e-05,2.8036957772314963e-05,0.0,0.0,0.0,5.479520848139558,1.3480544484539423,0.054156646071220345,0.01332344737303843,268.7901418067914,888.9261351564426,1.208602832862683,1.215993736984386,4.56993873413117,19.29316199463648,29.009151878641752,11.789997493241268,16.620530615630447,6.198254914684692,161.9950394504681,24.724858809024948,1.0247056878642322,1.004930552345999,0.9509555438911559,1.0091354437859912,1.0397119558784735,0.8797932104467436,0.0,1.0,0.0,0.0,0.0,0.0,0.0,0.0,False,maximum_knee_displacement
extend,-0.0325,0.0,-0.0325,True,24.0,401,28.90933692566648,112.02543857007235,83.11610164440587,18.32089742344807,119.49997400709505,101.17907658364697,0.0,0.0,0.0,1.8010055669037683e-09,2.5992904951976925e-05,2.5994705964649256e-05,0.0,0.0,0.0,5.0930877983060725,1.2520613817824808,0.05033734900309077,0.012374703371310162,268.6723060511306,875.8584124162232,1.208602832862683,1.2164688051573573,4.56993873413117,19.281064825425783,28.884247040160805,11.78326438716034,17.258741650176674,6.189469794815508,162.96825117152625,24.692491366890714,1.0202936078775908,1.0043566502720767,0.9874712445934841,1.0077051418768364,1.0459581956733321,0.8883794097005476,0.0,1.0,0.0,0.0,0.0,0.0,0.0,0.0,False,maximum_knee_displacement
extend,-0.03,0.0,-0.03,True,24.0,401,28.90933692566648,112.02543857007235,83.11610164440587,18.320897423309514,119.49997604310423,101.17907861979471,0.0,0.0,0.0,1.6624497334305488e-09,2.395689577383564e-05,2.3958558230674498e-05,0.0,0.0,0.0,4.704586410061594,1.1559977318131602,0.04649760958710194,0.01142526176211098,268.5562253941404,862.7655466154041,1.208602832862683,1.2169413400568079,4.56993873413117,19.268770856157552,28.826181129143148,11.776895776698778,15.562447731862543,6.187537493900549,133.79963387771448,25.120863582873625,1.018242514845305,1.003813816295014,0.8904165751010031,1.0073905447251887,0.8587490055666653,0.8969656089543516,0.0,1.0,0.0,0.0,0.0,0.0,0.0,0.0,True,
extend,-0.0275,0.0,-0.0275,True,24.0,401,28.90933692566648,112.02543857007235,83.11610164440587,18.320897423170962,119.49997807301177,101.17908064984081,0.0,0.0,0.0,1.523897452671008e-09,2.1926988225118293e-05,2.1928512126123678e-05,0.0,0.0,0.0,4.314234173596276,1.0598699119588597,0.04263957737968015,0.010475185932175057,268.44191459857956,849.6483689255674,1.208602832862683,1.217411322068233,4.56993873413117,19.256576662939548,28.745057055992522,11.770947454501645,16.045520479803653,6.178246690191937,162.80055942219457,25.14778563871587,1.0153769260984182,1.0033068059487842,0.9180559278016515,1.0058779126291117,1.0448819212560798,0.9055518082081557,0.0,1.0,0.0,0.0,0.0,0.0,0.0,0.0,True,
extend,-0.025,0.0,-0.025,True,24.0,401,28.90933692566648,112.02543857007235,83.11610164440587,18.320897423032413,119.49998009682022,101.1790826737878,0.0,0.0,0.0,1.3853487246251461e-09,1.9903179776292745e-05,1.990456513567551e-05,0.0,0.0,0.0,3.9223937054616584,0.9636836255574645,0.038766836288394266,0.009524532250236055,268.3293874517449,836.507621483154,1.208602832862683,1.217878737732475,4.56993873413117,19.244230170288734,28.63648689763539,11.765423222831094,16.09718079722128,6.159068899095014,133.02105938186398,24.36565103914539,1.0115418446983726,1.0028359433224643,0.9210117098030558,1.0027555840066509,0.8537519808761325,0.9141380074619597,0.0,1.0,0.0,0.0,0.0,0.0,0.0,0.0,True,
extend,-0.0225,0.0,-0.0225,True,24.0,401,28.90933692566648,112.02543857007235,83.11610164440587,18.32089742289386,119.49998211453203,101.17908469163817,0.0,0.0,0.0,1.2467964438656054e-09,1.788546796888113e-05,1.7886714772430423e-05,0.0,0.0,0.0,3.529714758737285,0.8674451926455183,0.03488580812429997,0.008573363180146515,268.2186582589073,823.344111790147,1.208602832862683,1.2183435693584845,4.56993873413117,19.23169443870321,28.582100930702534,11.760291039983272,16.542566855703566,6.160238751341085,160.99737786428645,24.8440716698756,1.0096207402865913,1.002398497313934,0.9464947916179798,1.0029460471905232,1.0333087926545101,0.9227242067157637,0.0,1.0,0.0,0.0,0.0,0.0,0.0,0.0,True,
extend,-0.02,0.0,-0.02,True,24.0,401,28.90933692566648,112.02543857007235,83.11610164440587,18.320897422755316,119.49998412614971,101.1790867033944,0.0,0.0,0.0,1.1082512685334223e-09,1.5873850287562163e-05,1.5874958535277983e-05,0.0,0.0,0.0,3.136880825625255,0.7711611893035337,0.031003248157850178,0.00762174371636028,268.10973679556685,810.1586941020072,1.208602832862683,1.218805799233494,4.56993873413117,19.21896131637431,28.53578196455092,11.755529462937485,16.09720206792273,6.1689914545420015,145.30335060383544,25.437603507969463,1.0079845908303746,1.0019926402089256,0.9210129268214491,1.0043710713546727,0.932581833150526,0.9313104059695678,0.0,1.0,0.0,0.0,0.0,0.0,0.0,0.0,True,
extend,-0.0175,0.0,-0.0175,True,24.0,401,28.90933692566648,112.02543857007235,83.11610164440587,18.320897422616778,119.49998613167573,101.17908870905895,0.0,0.0,0.0,9.697131986285967e-10,1.386832427385798e-05,1.3869293994162035e-05,0.0,0.0,0.0,2.7445528219890605,0.674838142530989,0.027125688527071912,0.00666973836824057,268.00263143133475,796.9522270170094,1.208602832862683,1.2192654079966614,4.56993873413117,19.20628859453298,28.465887304463088,11.751177911370712,16.087660631715263,6.1567417977328756,154.01699293376635,24.711724975405954,1.0055156646086443,1.0016217319774299,0.9204670067261158,1.0023767095495433,0.9885074845804146,0.9398966052233718,0.0,1.0,0.0,0.0,0.0,0.0,0.0,0.0,True,
extend,-0.015,0.0,-0.015,True,24.0,401,28.90933692566648,112.02543857007235,83.11610164440587,18.320897422478232,119.49998813111254,101.1790907086343,0.0,0.0,0.0,8.311680232964136e-10,1.1868887455079857e-05,1.1869718633761295e-05,0.0,0.0,0.0,2.3528674993023913,0.5784819993695186,0.02325448081020816,0.005717405913158234,267.8973563002869,783.7254902860707,1.208602832862683,1.2197223808925894,4.56993873413117,19.19352214062332,28.40450123231412,11.747239167156815,16.223553991640394,6.145178516720083,123.24018981046099,24.016565454448124,1.0033472917603155,1.0012860097348517,0.9282422424864752,1.0004940963177413,0.7909766819115921,0.9484828044771758,0.0,1.0,0.0,0.0,0.0,0.0,0.0,0.0,True,
extend,-0.0125,0.0,-0.0125,True,24.0,401,28.90933692566648,112.02543857007235,83.11610164440587,18.3208974223397,119.4999901244627,101.179092702123,0.0,0.0,0.0,6.926370588189457e-10,9.875537301695658e-06,9.876229938754477e-06,0.0,0.0,0.0,1.9614347030585435,0.4820990404470719,0.01938576892930644,0.004764808425472396,267.7939265069841,770.4793036824435,1.208602832862683,1.2201767039844738,4.56993873413117,19.180569673744735,28.391788849990814,11.743706301551859,16.83351829494726,6.155212718350496,140.82080421526388,24.607603063319004,1.00289824552389,1.000984882903757,0.9631417862627658,1.0021277607369563,0.9038120813804248,0.9570690037309799,0.0,1.0,0.0,0.0,0.0,0.0,0.0,0.0,True,
extend,-0.01,0.0,-0.01,True,24.0,401,28.90933692566648,112.02543857007235,83.11610164440587,18.32089742220117,119.49999211172863,101.17909468952746,0.0,0.0,0.0,5.541060943414777e-10,7.888271369438371e-06,7.888825479085426e-06,0.0,0.0,0.0,1.5698411540892891,0.38569551500336574,0.015515468254658679,0.0038120076693177202,267.6923510297615,757.2144914653444,1.208602832862683,1.2206283647556,4.56993873413117,19.16742190058873,28.356304303139876,11.740571198160255,16.853202118937624,6.177655196636908,157.96667849559367,25.760204291737637,1.0016448060182623,1.000717659676204,0.9642680103275384,1.0057816117961569,1.0138572441441824,0.9656552029847839,0.0,1.0,0.0,0.0,0.0,0.0,0.0,0.0,True,
extend,-0.0075,0.0,-0.0075,True,24.0,401,28.90933692566648,112.02543857007235,83.11610164440587,18.32089742206264,119.49999409291286,101.17909667085021,0.0,0.0,0.0,4.155751298640098e-10,5.907087142986711e-06,5.9075027252220025e-06,0.0,0.0,0.0,1.1777247814558365,0.28927771485962966,0.011640000271239886,0.002859065829681712,267.5926379274242,743.9318991917484,1.208602832862683,1.2210773497890821,4.56993873413117,19.154345201844986,28.297172258414612,11.737842027825712,16.86687724164785,6.161694812206987,146.64828316784107,24.462656645307266,0.9995560533784573,1.0004850365010667,0.9650504422519711,1.0031831078871736,0.9412138410897228,0.9742414022385879,0.0,1.0,0.0,0.0,0.0,0.0,0.0,0.0,True,
extend,-0.005,0.0,-0.005,True,24.0,401,28.90933692566648,112.02543857007235,83.11610164440587,18.320897421924116,119.49999606801782,101.1790986460937,0.0,0.0,0.0,2.7705127081389946e-10,3.9319821780736675e-06,3.932259232897195e-06,0.0,0.0,0.0,0.7851695873917066,0.19285173387292895,0.007760195212086137,0.0019060431349802185,267.49480377687587,730.6323528424334,1.208602832862683,1.2215236481158758,4.56993873413117,19.141194018409518,28.31757034209829,11.735520470654812,16.87446243162595,6.158695743132035,116.06324038737841,23.90620339679936,1.0002765857283735,1.0002871565836713,0.9654844343204529,1.0026948306311467,0.7449137892006357,0.9828276014923919,0.0,1.0,0.0,0.0,0.0,0.0,0.0,0.0,True,
extend,-0.0025,0.0,-0.0025,True,24.0,401,28.90933692566648,112.02543857007235,83.11610164440587,18.320897421785588,119.49999803704607,101.17910061526048,0.0,0.0,0.0,1.3852385905011033e-10,1.962953930956246e-06,1.96309245836801e-06,0.0,0.0,0.0,0.392489412104041,0.0964237695719789,0.0038791549055309893,0.000953000838264092,267.39886439303433,717.3166882217818,1.208602832862683,1.2219672498733678,4.56993873413117,19.127861080233778,28.315198396421966,11.733599981693235,16.945534181989466,6.1802666671671105,128.11485656355535,24.80849559315917,1.0001928002307485,1.0001234620592205,0.9695508553382437,1.0062067842856244,0.8222631294553465,0.991413800746196,0.0,1.0,0.0,0.0,0.0,0.0,0.0,0.0,True,
extend,0.0,0.0,0.0,True,24.0,401,28.90933692566648,112.02543857007235,83.11610164440587,18.320897421647064,119.5,101.17910257835294,0.0,0.0,0.0,0.0,0.0,0.0,0.0,0.0,0.0,0.0,0.0,0.0,0.0,267.304828123149,703.9857412207765,1.2086028328626828,1.2224081452046176,4.569938734131171,19.114337507314264,28.3097402719651,11.732151506109204,17.477715674932533,6.142143706131845,155.8076143441048,23.816911829039242,1.0,1.0,1.0,1.0,1.0,1.0,0.0,1.0,0.0,0.0,0.0,0.0,0.0,0.0,True,
extend,0.0025,0.0,0.0025,True,24.0,401,28.90933692566648,112.02543857007235,83.11610164440587,18.320897421508548,119.5000019568824,101.17910453537385,0.0,0.0,0.0,1.3851675362275273e-10,1.956882400122595e-06,1.957020913323504e-06,0.0,0.0,0.0,0.39196854616362486,0.09641351527618867,0.003874006945852134,0.0009528994903026165,267.21269994787394,690.6403462163884,1.208602832862683,1.2228463250170662,4.56993873413117,19.100944809839206,28.314630669960493,11.730969895781403,17.865212079480465,6.201196298773072,141.23249587058237,24.83744422212648,1.0001727461272485,0.999899284429869,1.0221708838703505,1.0096143293720519,0.906454389056154,0.991413800746196,0.0,1.0,0.0,0.0,0.0,0.0,0.0,0.0,True,
extend,0.005,0.0,0.005,True,24.0,401,28.90933692566648,112.02543857007235,83.11610164440587,18.32089742137003,119.50000390769671,101.17910648632667,0.0,0.0,0.0,2.7703350724550546e-10,3.9076967084383796e-06,3.907973734840198e-06,0.0,0.0,0.0,0.7840425397451867,0.19281087920994786,0.0077490560774447015,0.0019056393493966347,267.12248720524457,677.2813315297212,1.208602832862683,1.2232817832756753,4.56993873413117,19.087458454164246,28.371180414327203,11.730264664279964,17.89797162406506,6.200287353071306,110.64710342409822,23.942890709192884,1.0021702827992014,0.9998391734177438,1.0240452446388792,1.009466344279997,0.7101520929505504,0.9828276014923919,0.0,1.0,0.0,0.0,0.0,0.0,0.0,0.0,True,
extend,0.0075,0.0,0.0075,True,24.0,401,28.90933692566648,112.02543857007235,83.11610164440587,18.32089742123152,119.50000585244669,101.17910843121517,0.0,0.0,0.0,4.155431554409006e-10,5.852446690823854e-06,5.852862230426581e-06,0.0,0.0,0.0,1.1762909835079256,0.28918614859576813,0.011625829381091888,0.002858160837825408,267.03419353714605,663.9095239678745,1.208602832862683,1.2237145147097868,4.56993873413117,19.073795922178714,28.418255555050578,11.72995794598145,17.924953109095192,6.2237636218640855,135.34652626527935,24.504705538519346,1.003833143011663,0.9998130300204007,1.0255890095983258,1.0132885063647659,0.8686772263027105,0.9742414022385879,0.0,1.0,0.0,0.0,0.0,0.0,0.0,0.0,True,
extend,0.01,0.0,0.01,True,24.0,401,28.90933692566648,112.02543857007235,83.11610164440587,18.320897421093008,119.50000779113599,101.17911037004298,0.0,0.0,0.0,5.540563563499745e-10,7.791135985257824e-06,7.79169003806146e-06,0.0,0.0,0.0,1.568271000147206,0.38553334989933236,0.0154999496949752,0.003810404916378616,266.9478149139544,650.5257501355846,1.208602832862683,1.2241445140582863,4.56993873413117,19.059951729088283,28.418600416398924,11.730049529553618,17.94607278312255,6.261718955683985,168.8268843037757,25.896078144124623,1.003845324732337,0.9998208362247545,1.0267973868496876,1.0194679993294142,1.083559908252735,0.9656552029847839,0.0,1.0,0.0,0.0,0.0,0.0,0.0,0.0,True,
extend,0.0125,0.0,0.0125,True,24.0,401,28.90933692566648,112.02543857007235,83.11610164440587,18.320897420954502,119.5000097237683,101.17911230281379,0.0,0.0,0.0,6.925624518316909e-10,9.723768300773372e-06,9.724460852567063e-06,0.0,0.0,0.0,1.9596407771927744,0.48184667574985135,0.019368038727910555,0.0047623141881171565,266.86334586008957,637.1308317669758,1.208602832862683,1.224571777995766,4.56993873413117,19.046343441477777,28.514885086683094,11.730547437927019,18.42832285967733,6.2603573631627505,138.34003903761916,24.774566014346348,1.0072464393084224,0.9998632758721748,1.0543896698187056,1.019246318986788,0.8878901048577249,0.9570690037309799,0.0,1.0,0.0,0.0,0.0,0.0,0.0,0.0,True,
extend,0.015,0.0,0.015,True,24.0,401,28.90933692566648,112.02543857007235,83.11610164440587,18.320897420815992,119.50001165034739,101.1791142295314,0.0,0.0,0.0,8.31072100027086e-10,1.1650347389036142e-05,1.1651178454030742e-05,0.0,0.0,0.0,2.3500058180757577,0.5781206073672999,0.02322619748733111,0.0057138341083783,266.7807875281215,623.7255618658623,1.208602832862683,1.2249963042923815,4.56993873413117,19.032584811943096,28.616864610630216,11.731445080528912,19.1336424547948,6.269424501275218,107.57446725364329,24.114679009811184,1.0108487162268054,0.9999397872095391,1.0947450348009313,1.020722536175164,0.6904313868516242,0.9484828044771758,0.0,1.0,0.0,0.0,0.0,0.0,0.0,0.0,True,
extend,0.0175,0.0,0.0175,True,24.0,401,28.90933692566648,112.02543857007235,83.11610164440587,18.320897420677493,119.50001357087694,101.17911615019945,0.0,0.0,0.0,9.695710900814447e-10,1.357087694486836e-05,1.3571846508853014e-05,0.0,0.0,0.0,2.7389654979544247,0.6743495513550021,0.027070466412106926,0.006664909395028354,266.7001392404369,610.310729025092,1.208602832862683,1.2254180902470617,4.56993873413117,19.0186575345024,28.670776504568437,11.732734615776206,19.18761383075747,6.299513693326464,146.80403839323492,24.72909533015704,1.0127530747062652,1.0000497018527845,1.0978330456695415,1.0256213456936074,0.942213504848452,0.9398966052233718,0.0,1.0,0.0,0.0,0.0,0.0,0.0,0.0,True,
extend,0.02,0.0,0.02,True,24.0,401,28.90933692566648,112.02543857007235,83.11610164440587,18.320897420538994,119.50001548536063,101.17911806482164,0.0,0.0,0.0,1.1080700801358034e-09,1.5485360634670542e-05,1.548646869764525e-05,0.0,0.0,0.0,3.126133388416065,0.7705278737284346,0.030897026251000714,0.007615484364785099,266.62139424922,596.8871272187248,1.208602832862683,1.2258371351157586,4.56993873413117,19.004662112121984,28.69770847157522,11.734420588990474,19.236135979165837,6.332699471406245,169.39979209628154,25.587025403915913,1.0137044068890424,1.000193407226295,1.1006092750870942,1.0310243091649196,1.0872369287559855,0.9313104059695678,0.0,1.0,0.0,0.0,0.0,0.0,0.0,0.0,True,
extend,0.0225,0.0,0.0225,True,24.0,401,28.90933692566648,112.02543857007235,83.11610164440587,18.320897420400495,119.5000173938022,101.1791199734017,0.0,0.0,0.0,1.2465690701901622e-09,1.739380219589748e-05,1.739504875786224e-05,0.0,0.0,0.0,3.513433459370134,0.8666503303726508,0.03472489249100956,0.008565507187628179,266.54454642803404,583.4555242905394,1.208602832862683,1.2262534430195817,4.56993873413117,18.99084984815852,28.856772910770637,11.73650646318466,19.279124433876387,6.339715709826327,138.62039526569848,24.782207322778365,1.0193231246048293,1.0003711985029504,1.1030688902627892,1.0321666201813613,0.8896894792288653,0.9227242067157637,0.0,1.0,0.0,0.0,0.0,0.0,0.0,0.0,True,
extend,0.025,0.0,0.025,True,24.0,401,28.90933692566648,112.02543857007235,83.11610164440587,18.32089742026201,119.50001929620531,101.1791218759433,0.0,0.0,0.0,1.3850538493898057e-09,1.929620530916054e-05,1.9297590355904504e-05,0.0,0.0,0.0,3.902294083841028,0.962711629168915,0.038568182405246156,0.009514925559093515,266.469597092315,570.0167128889398,1.208602832862683,1.226667019193628,4.56993873413117,18.976893658031347,28.968470969733104,11.738977576494158,19.316494728764795,6.363508507387444,129.22125481815627,24.630215806716137,1.0232686945001872,1.000581825966141,1.1052070584069253,1.0360403161903562,0.8293641832726357,0.9141380074619597,0.0,1.0,0.0,0.0,0.0,0.0,0.0,0.0,True,
extend,0.0275,0.0,0.0275,True,24.0,401,28.90933692566648,112.02543857007235,83.11610164440587,18.320897420123522,119.50002119257371,101.1791237724502,0.0,0.0,0.0,1.523542181303128e-09,2.119257371191452e-05,2.1194097257648536e-05,0.0,0.0,0.0,4.289672147017967,1.0587065039194314,0.04239681947856823,0.010463687430905713,266.3965454191831,556.5714430303325,1.208602832862683,1.2270778628092935,4.56993873413117,18.962778984041407,29.032417606193224,11.741830920302904,19.741422595163087,6.402009911439662,155.56153811782542,25.33657414325409,1.0255275155224148,1.0008250331738948,1.1295196101328782,1.042308714634662,0.9984206405616615,0.9055518082081557,0.0,1.0,0.0,0.0,0.0,0.0,0.0,0.0,True,
extend,0.03,0.0,0.03,True,24.0,401,28.90933692566648,112.02543857007235,83.11610164440587,18.32089741998503,119.50002308291111,101.17912566292608,0.0,0.0,0.0,1.6620340659301291e-09,2.3082911113192495e-05,2.308457314370571e-05,0.0,0.0,0.0,4.675211981898585,1.1546297019390144,0.04620728848902478,0.01141174088834076,266.3253863197637,543.1204633297732,1.208602832862683,1.227485975564794,4.56993873413117,18.948749014913556,29.1233380058049,11.7450858630915,20.709464944166353,6.433067707575727,174.05830523484076,25.696073753429847,1.0287391451148529,1.0011024710152745,1.1849068453418639,1.0473652222030307,1.11713606531725,0.8969656089543517,0.0,1.0,0.0,0.0,0.0,0.0,0.0,0.0,True,
extend,0.0325,0.0,0.0325,True,24.0,401,28.90933692566648,112.02543857007235,83.11610164440587,18.320897419846546,119.50002496722122,101.17912754737468,0.0,0.0,0.0,1.8005188451297727e-09,2.4967221222027547e-05,2.4969021737319963e-05,0.0,0.0,0.0,5.058976068454967,1.2504768577374221,0.05000020695515958,0.012359042785233787,266.2561147910759,529.6644388237779,1.208602832862683,1.2278913659032005,4.56993873413117,18.93481500716382,29.29583551521443,11.748744428175335,20.799129963647733,6.445707934757564,142.84542369298998,24.823388135250283,1.0348323663084205,1.0014143119493037,1.1900370935475824,1.0494231726168608,0.9168064365423919,0.8883794097005476,0.0,1.0,0.0,0.0,0.0,0.0,0.0,0.0,False,maximum_knee_displacement
extend,0.035,0.0,0.035,True,24.0,401,28.90933692566648,112.02543857007235,83.11610164440587,18.320897419708068,119.50002684550769,101.17912942579963,0.0,0.0,0.0,1.9389965189020586e-09,2.6845507690609338e-05,2.6847446690680954e-05,0.0,0.0,0.0,5.441270466897819,1.3462428967117326,0.05377859981199288,0.013305542966930392,266.1887296092229,516.2041554313732,1.208602832862683,1.2282940433549092,4.56993873413117,18.920745628546477,29.42140349123598,11.752751496436638,20.86598263900107,6.476136177071863,130.4032119065666,24.844939418728142,1.039267870654813,1.0017558578506855,1.1938621171717636,1.054377182775223,0.836950186648568,0.8797932104467436,0.0,1.0,0.0,0.0,0.0,0.0,0.0,0.0,False,maximum_knee_displacement
extend,0.0375,0.0,0.0375,True,24.0,401,28.90933692566648,112.02543857007235,83.11610164440587,18.320897419569587,119.5000287177743,101.17913129820471,0.0,0.0,0.0,2.0774777453880233e-09,2.8717774299025223e-05,2.8719851769665183e-05,0.0,0.0,0.0,5.822404267451503,1.4419226581859865,0.057545521941575264,0.014251190428076429,266.12322504920155,502.7403762005506,1.208602832862683,1.2286940141684415,4.56993873413117,18.90653098885412,29.499595310075417,11.757124655977941,20.92757073706583,6.5264756771547505,160.1710960393626,25.76489850811069,1.0420298818244058,1.0021286078564304,1.197385924241877,1.0625729369762575,1.0280055741410747,0.8712070111929396,0.0,1.0,0.0,0.0,0.0,0.0,0.0,0.0,False,maximum_knee_displacement
extend,0.04,0.0,0.04,True,24.0,401,28.90933692566648,112.02543857007235,83.11610164440587,18.32089741943112,119.50003058402474,101.17913316459362,0.0,0.0,0.0,2.215944761019273e-09,3.0584024742097426e-05,3.058624068330573e-05,0.0,0.0,0.0,6.204204985583303,1.5375114450208454,0.06131903552691403,0.015195938744665174,266.0595907481445,489.2737738109381,1.208602832862683,1.2290912829399374,4.56993873413117,18.892584101543406,29.633143568972113,11.76191326930359,20.98381068507903,6.553744482692403,183.7084572432748,25.685165396594673,1.0467472779436824,1.0025367694219502,1.2006037330825288,1.0670125604761815,1.1790723965360919,0.8626208119391356,0.0,1.0,0.0,0.0,0.0,0.0,0.0,0.0,False,maximum_knee_displacement;rms_knee_displacement
extend,0.0425,0.0,0.0425,True,24.0,401,28.90933692566648,112.02543857007235,83.11610164440587,18.320897419292645,119.50003244426262,101.17913502496997,0.0,0.0,0.0,2.35441888207788e-09,3.244426261517219e-05,3.244661702694884e-05,0.0,0.0,0.0,6.585707236415189,1.6330057358612795,0.06508959922149168,0.016139753113511582,265.99782023812656,475.8049262005195,1.208602832862683,1.2294858634009016,4.56993873413117,18.87861688066105,29.824113648617196,11.767110656836016,21.034618910293258,6.572995834797036,151.9481737457869,24.971656371161682,1.053493015552381,1.0029797732077197,1.2035107620192165,1.070146865537363,0.9752294480949164,0.8540346126853315,0.0,1.0,0.0,0.0,0.0,0.0,0.0,0.0,False,maximum_knee_displacement;rms_knee_displacement
extend,0.045,0.0,0.045,True,24.0,401,28.90933692566648,112.02543857007235,83.11610164440587,18.32089741915417,119.5000342984917,101.17913687933753,0.0,0.0,0.0,2.492893003136487e-09,3.4298491698336875e-05,3.4300984594892725e-05,0.0,0.0,0.0,6.965800935502443,1.7284010997400105,0.06884624154585813,0.017082589741310855,265.93790976549826,462.3345386633867,1.208602832862683,1.229877769013969,4.56993873413117,18.864525427534467,29.96868019516843,11.77261866111241,21.765396116808134,6.608674983848906,119.75270858156313,25.036423019459203,1.0585996165018217,1.0034492526781753,1.2453227024413276,1.0759557737555556,0.7685934290546702,0.8454484134315275,0.0,1.0,0.0,0.0,0.0,0.0,0.0,0.0,False,warp_monotonic_reserve;maximum_knee_displacement;rms_knee_displacement
extend,0.0475,0.0,0.0475,True,24.0,401,28.90933692566648,112.02543857007235,83.11610164440587,18.320897419015708,119.50003614671577,101.17913872770006,0.0,0.0,0.0,2.631356466054058e-09,3.614671577167883e-05,3.614934712459217e-05,0.0,0.0,0.0,7.344790273465023,1.823692495092777,0.07259196895700107,0.018024398799945003,265.87985097590814,448.86337710033655,1.208602832862683,1.2302670108515534,4.56993873413117,18.85036463266428,30.066342665222383,11.778472553045875,22.69090906912709,6.6644221350448625,158.86926403765517,26.027073806137757,1.0620493998313658,1.0039482141798586,1.2982765878078448,1.0850319455065198,1.0196501930052575,0.8368622141777236,0.0,1.0,0.0,0.0,0.0,0.0,0.0,0.0,False,warp_monotonic_reserve;maximum_knee_displacement;rms_knee_displacement;peak_ddq_ratio
extend,0.05,0.0,0.05,True,24.0,401,28.90933692566648,112.02543857007235,83.11610164440587,18.32089741887724,119.50003798893846,101.17914057006122,0.0,0.0,0.0,2.7698234816853073e-09,3.7988938458966004e-05,3.799170828244769e-05,0.0,0.0,0.0,7.722867381912948,1.9188753577246345,0.07632868038073744,0.018965135179358408,265.82363071134944,435.3921271165054,1.208602832862683,1.2306535951123736,4.56993873413117,18.836550510382224,30.214747443263743,11.78469024463624,22.77850321434665,6.695158842914901,192.68033834480218,26.11684307243775,1.0672915806714467,1.004478184457444,1.3032883494618686,1.090036176820638,1.2366554687068316,0.8282760149239194,0.0,1.0,0.0,0.0,0.0,0.0,0.0,0.0,False,warp_monotonic_reserve;maximum_knee_displacement;rms_knee_displacement;peak_ddq_ratio
extend,0.0525,0.0,0.0525,True,24.0,401,28.90933692566648,112.02543857007235,83.11610164440587,18.320897418738777,119.50003982516346,101.17914240642467,0.0,0.0,0.0,2.908286944602878e-09,3.982516345502063e-05,3.9828071734859805e-05,0.0,0.0,0.0,8.099871207626947,2.013946920446761,0.08005478405340094,0.01990477153014046,265.76924057704696,421.9212722989838,1.208602832862683,1.2310375424561826,4.56993873413117,18.82264178852782,30.430141078557845,11.791367879655958,22.861133820430098,6.7242488182391895,167.05523369644683,25.540312492865773,1.0749000445155112,1.005047358407869,1.3080161186749792,1.0947723042569348,1.0721891507015915,0.8196898156701155,0.0,1.0,0.0,0.0,0.0,0.0,0.0,0.0,False,warp_monotonic_reserve;maximum_knee_displacement;rms_knee_displacement;peak_ddq_ratio
extend,0.055,0.0,0.055,True,24.0,401,28.90933692566648,112.02543857007235,83.11610164440587,18.320897418600325,119.50004165539451,101.17914423679419,0.0,0.0,0.0,3.0467397493794124e-09,4.165539451150835e-05,4.1658441247705014e-05,0.0,0.0,0.0,8.475571289349418,2.1089038282899955,0.08376800221948943,0.020843274693574828,265.71667559291006,408.45134660796316,1.208602832862683,1.23141886815495,4.56993873413117,18.80862243920389,30.599785329129162,11.798382390366209,22.938719595161146,6.76325105530625,134.17729516699242,25.59386578787139,1.0808924785308565,1.0056452462468215,1.312455244254893,1.1011222431273202,0.8611729005147252,0.8111036164163115,0.0,1.0,0.0,0.0,0.0,0.0,0.0,0.0,False,warp_monotonic_reserve;maximum_knee_displacement;rms_knee_displacement;peak_ddq_ratio
extend,0.0575,0.0,0.0575,True,24.0,401,28.90933692566648,112.02543857007235,83.11610164440587,18.32089741846187,119.50004347963534,101.17914606117347,0.0,0.0,0.0,3.1851961068696255e-09,4.347963533746224e-05,4.34828205300164e-05,0.0,0.0,0.0,8.849738399915296,2.203741520427477,0.08746606932060969,0.021780599592894224,265.66592779232286,394.98308084893193,1.208602832862683,1.2317975874920426,4.56993873413117,18.794698816821995,30.723134086682244,11.805663149972942,23.011179246321188,6.8133931811845025,149.52680949251902,26.203280102930616,1.0852495922439496,1.0062658280389116,1.3166010750091925,1.1092858629117606,0.959688716895989,0.8025174171625074,0.0,1.0,0.0,0.0,0.0,0.0,0.0,0.0,False,warp_monotonic_reserve;maximum_knee_displacement;rms_knee_displacement;peak_ddq_ratio
extend,0.06,0.0,0.06,True,24.0,401,28.90933692566648,112.02543857007235,83.11610164440587,18.32089741832342,119.50004529788956,101.17914787956613,0.0,0.0,0.0,3.323645358932481e-09,4.529788955665026e-05,4.530121319135105e-05,0.0,0.0,0.0,9.222239609196237,2.2984556842745403,0.09114767154664719,0.022716703604824126,265.6169872528442,381.51716214668323,1.208602832862683,1.2321737141644606,4.56993873413117,18.781023251695924,30.85255003324486,11.813303597219454,23.0784314816771,6.851744631166925,201.4049546889476,26.332680607231595,1.0898210204986545,1.006917068115596,1.3204489597446314,1.1155298473929662,1.2926515532427063,0.7939312179087034,0.0,1.0,0.0,0.0,0.0,0.0,0.0,0.0,False,warp_monotonic_reserve;maximum_knee_displacement;rms_knee_displacement;peak_ddq_ratio
extend,0.0625,0.0,0.0625,True,24.0,401,28.90933692566648,112.02543857007235,83.11610164440587,18.32089741818497,119.50004711016098,101.17914969197601,0.0,0.0,0.0,3.4620946109953366e-09,4.711016097758147e-05,4.7113623068639754e-05,0.0,0.0,0.0,9.593105679640914,2.393043510118304,0.09481311293715051,0.02365155895966892,265.5698469008373,368.0540848617502,1.208602832862683,1.2325472668642221,4.56993873413117,18.767264303838395,31.097539203851987,11.82133747010851,23.43959370298246,6.890520762760702,189.50965406375354,26.193163892881547,1.098474903164252,1.0076018421644883,1.3411131144901716,1.1218429741202138,1.2163054730124871,0.7853450186548994,0.0,1.0,0.0,0.0,0.0,0.0,0.0,0.0,False,warp_monotonic_reserve;maximum_knee_displacement;rms_knee_displacement;peak_ddq_ratio
extend,0.065,0.0,0.065,True,24.0,401,28.90933692566648,112.02543857007235,83.11610164440587,18.320897418046524,119.50004891645325,101.17915149840672,0.0,0.0,0.0,3.6005403103445133e-09,4.8916453252445535e-05,4.892005378565045e-05,0.0,0.0,0.0,9.962383288046667,2.48750209889936,0.09846285482055755,0.024585137004679816,265.52450022775156,354.5943467444132,1.208602832862683,1.2329182652816115,4.56993873413117,18.753410121255467,31.299224138958852,11.829714125184594,24.49138878651764,6.944168043585066,155.90796950315823,26.418904480972703,1.1055991273065198,1.0083158335472047,1.401292322293839,1.1305772668022307,1.0006440966282417,0.7767588194010954,0.0,1.0,0.0,0.0,0.0,0.0,0.0,0.0,False,warp_monotonic_reserve;maximum_knee_displacement;rms_knee_displacement;peak_dq_ratio;peak_ddq_ratio
extend,0.0675,0.0,0.0675,True,24.0,401,28.90933692566648,112.02543857007235,83.11610164440587,18.320897417908085,119.50005071677012,101.17915329886203,0.0,0.0,0.0,3.738978904266332e-09,5.071677011869724e-05,5.0720509094048793e-05,0.0,0.0,0.0,10.3301196542441,2.5818282473926293,0.10209736389235585,0.02551740608089764,265.48093812923406,341.1384290943767,1.208602832862683,1.233286722064087,4.56993873413117,18.739801829003753,31.455397528576924,11.838498242614456,25.062334001297803,6.9933766458923525,158.16374374760952,26.681664099493826,1.1111157229417234,1.0090645553332545,1.4339593610189878,1.1385888999814024,1.0151220427411278,0.7681726201472913,0.0,1.0,0.0,0.0,0.0,0.0,0.0,0.0,False,warp_monotonic_reserve;maximum_knee_displacement;rms_knee_displacement;peak_dq_ratio;peak_ddq_ratio
extend,0.07,0.0,0.07,True,24.0,401,28.90933692566648,112.02543857007235,83.11610164440587,18.32089741776964,119.50005251111524,101.1791550933456,0.0,0.0,0.0,3.877424603615509e-09,5.2511115242737105e-05,5.2514992660235293e-05,0.0,0.0,0.0,10.696373260728564,2.6760188638906817,0.10571721816217246,0.026448335631543845,265.43915256565674,327.6868586274151,1.208602832862683,1.2336526573475002,4.56993873413117,18.72635009451682,31.565476521031268,11.847534349229438,25.163522660509358,7.024490924330652,186.5780408114593,26.666004421095565,1.11500410169041,1.0098347556337088,1.4397489425119907,1.1436546034111736,1.1974898761969186,0.7595864208934873,0.0,1.0,0.0,0.0,0.0,0.0,0.0,0.0,False,warp_monotonic_reserve;maximum_knee_displacement;rms_knee_displacement;peak_dq_ratio;peak_ddq_ratio
extend,0.0725,0.0,0.0725,True,24.0,401,28.90933692566648,112.02543857007235,83.11610164440587,18.320897417631205,119.50005429949233,101.17915688186113,0.0,0.0,0.0,4.0158596448236494e-09,5.429949233359821e-05,5.430350819324303e-05,0.0,0.0,0.0,11.061213210386441,2.770070269103133,0.10932310060588504,0.027377889292485028,265.3991388221367,314.2403264621879,1.208602832862683,1.2340160986428537,4.56993873413117,18.71282796352271,31.80334323985007,11.856859082573703,25.25992828010074,7.074076650920739,206.80576894488166,26.504960039557663,1.1234063942064723,1.0106295572810802,1.4452648589729533,1.1517276360464384,1.327314905728203,0.7510002216396833,0.0,1.0,0.0,0.0,0.0,0.0,0.0,0.0,False,warp_monotonic_reserve;maximum_knee_displacement;rms_knee_displacement;peak_dq_ratio;peak_ddq_ratio;rms_ddq_ratio
extend,0.075,0.0,0.075,True,24.0,401,28.90933692566648,112.02543857007235,83.11610164440587,18.320897417492766,119.50005608190513,101.17915866441237,0.0,0.0,0.0,4.1542982387454686e-09,5.608190512873534e-05,5.60860594305268e-05,0.0,0.0,0.0,11.424709020543645,2.863980287042803,0.11291569829546934,0.028306045557430607,265.360888814957,300.799210344536,1.208602832862683,1.2343770600024624,4.56993873413117,18.699226728558298,32.04479622350944,11.866609925455359,25.351473001385905,7.1167834922181115,186.56168947132284,26.556453741023947,1.1319353662613123,1.0114606787404798,1.4505026556614795,1.1586807200738825,1.1973849304906046,0.7424140223858793,0.0,1.0,0.0,0.0,0.0,0.0,0.0,0.0,False,warp_monotonic_reserve;maximum_knee_displacement;rms_knee_displacement;peak_dq_ratio;peak_ddq_ratio;rms_ddq_ratio
extend,0.0775,0.0,0.0775,True,24.0,401,28.90933692566648,112.02543857007235,83.11610164440587,18.320897417354335,119.50005785835735,101.17916044100302,0.0,0.0,0.0,4.29272972723993e-09,5.785835735139244e-05,5.786265008111968e-05,0.0,0.0,0.0,11.786901077033704,2.9577459895781706,0.11649541038285002,0.029232775486298632,265.3243939860178,287.36400474391775,1.208602832862683,1.2347355610198516,4.56993873413117,18.68598467180228,32.24173231430308,11.87662391425003,25.438078965656878,7.155325336301531,151.6485035650294,26.60730832870037,1.1388918444522713,1.012314229667559,1.4554578778359188,1.1649557025437556,0.9733061134618882,0.7338278231320752,0.0,1.0,0.0,0.0,0.0,0.0,0.0,0.0,False,warp_monotonic_reserve;maximum_knee_displacement;rms_knee_displacement;peak_dq_ratio;peak_ddq_ratio;rms_ddq_ratio
extend,0.08,0.0,0.08,True,24.0,401,28.90933692566648,112.02543857007235,83.11610164440587,18.320897417215907,119.50005962885261,101.17916221163671,0.0,0.0,0.0,4.431157663020713e-09,5.9628852611126604e-05,5.9633283768789624e-05,0.0,0.0,0.0,12.147577987204585,3.0513647920351934,0.1200601475763982,0.030158053533556706,265.28964841422777,273.9352209525435,1.208602832862683,1.2350916382013004,4.56993873413117,18.67283505002233,32.39354097493203,11.886933430329865,25.519668314235826,7.209327645337468,157.88629199225508,27.266553542121457,1.1442542624458862,1.013192970116356,1.4601260707563453,1.1737477972292032,1.0133413097742416,0.7252416238782712,0.0,1.0,0.0,0.0,0.0,0.0,0.0,0.0,False,warp_monotonic_reserve;maximum_knee_displacement;rms_knee_displacement;peak_dq_ratio;peak_ddq_ratio;rms_ddq_ratio
extend,0.0825,0.0,0.0825,True,24.0,401,28.90933692566648,112.02543857007235,83.11610164440587,18.320897417077482,119.5000613933947,101.17916397631723,0.0,0.0,0.0,4.569582046087817e-09,6.139339470223604e-05,6.139796428783484e-05,0.0,0.0,0.0,12.506399467156356,3.1448346137856618,0.12360654669249928,0.03108185913539119,265.2566441145976,260.5132688066119,1.208602832862683,1.2354453157409342,4.56993873413117,18.659629057983132,32.52429980754854,11.897600309679536,25.679645013701602,7.278705695538494,213.9904037466908,28.045145702765545,1.1488731261783098,1.0141021707300812,1.4692792520096154,1.1850432102837307,1.3734271245183687,0.7166554246244672,0.0,1.0,0.0,0.0,0.0,0.0,0.0,0.0,False,warp_monotonic_reserve;maximum_knee_displacement;rms_knee_displacement;peak_dq_ratio;peak_ddq_ratio;rms_ddq_ratio
extend,0.085,0.0,0.085,True,24.0,401,28.90933692566648,112.02543857007235,83.11610164440587,18.320897416939065,119.5000631519873,101.17916573504824,0.0,0.0,0.0,4.707999323727563e-09,6.315198730533211e-05,6.315669530465584e-05,0.0,0.0,0.0,12.863182170051687,3.238152018003256,0.1271327956293194,0.03200415832405349,265.2253715572003,247.0986966592181,1.208602832862683,1.2357966017108408,4.56993873413117,18.646359736069616,32.80564228251906,11.908531523762981,26.771391206166182,7.330527693446743,213.78172367282912,27.87156140305027,1.1588111359328228,1.0150339021416432,1.5317442910782175,1.1934803293723828,1.3720877800021194,0.7080692253706631,0.0,1.0,0.0,0.0,0.0,0.0,0.0,0.0,False,warp_monotonic_reserve;maximum_knee_displacement;rms_knee_displacement;peak_dq_ratio;peak_ddq_ratio;rms_ddq_ratio
extend,0.0875,0.0,0.0875,True,24.0,401,28.90933692566648,112.02543857007235,83.11610164440587,18.320897416800637,119.5000649046341,101.17916748783347,0.0,0.0,0.0,4.846427259508346e-09,6.49046341010262e-05,6.490948052828571e-05,0.0,0.0,0.0,13.222748342697429,3.331315385991922,0.13068655488872075,0.03292493510121971,265.1958239877238,233.69180110622318,1.208602832862683,1.2361455136314703,4.56993873413117,18.63350529152462,33.05189134826027,11.919876427303945,27.75355615278225,7.359970755195911,192.35697859427765,27.016465220311566,1.1675095225437755,1.0160008947290688,1.5879395608081595,1.1982739426705826,1.234580090350737,0.6994830261168592,0.0,1.0,0.0,0.0,0.0,0.0,0.0,0.0,False,warp_monotonic_reserve;maximum_knee_displacement;rms_knee_displacement;peak_dq_ratio;peak_ddq_ratio;rms_ddq_ratio
extend,0.09,0.0,0.09,True,24.0,401,28.90933692566648,112.02543857007235,83.11610164440587,18.32089741666222,119.50006665133886,101.17916923467664,0.0,0.0,0.0,4.984844537148092e-09,6.665133885519481e-05,6.665632369617924e-05,0.0,0.0,0.0,13.580832699303329,3.424323117750383,0.13422566867289965,0.033844173653335106,265.1679995703356,220.2929651623637,1.208602832862683,1.2364920915952757,4.56993873413117,18.620726197090573,33.25422907590273,11.931459564610439,27.871406032463035,7.414806433091959,157.99873111408584,27.07314452270887,1.1746568056236855,1.0169881933759082,1.594682425944123,1.207201717812233,1.0140629633487739,0.6908968268630551,0.0,1.0,0.0,0.0,0.0,0.0,0.0,0.0,False,warp_monotonic_reserve;maximum_knee_displacement;rms_knee_displacement;peak_dq_ratio;peak_ddq_ratio;rms_ddq_ratio
extend,0.0925,0.0,0.0925,True,24.0,401,28.90933692566648,112.02543857007235,83.11610164440587,18.32089741652381,119.5000683921052,101.1791709755814,0.0,0.0,0.0,5.123254709360481e-09,6.839210520581673e-05,6.83972284605261e-05,0.0,0.0,0.0,13.937102816824435,3.5171727386908964,0.1377468514907173,0.03476184952290127,265.1418919727251,206.90263218883564,1.208602832862683,1.2368363624970544,4.56993873413117,18.60790520330249,33.41202630960173,11.943377367406987,27.984705496956998,7.479710083205383,166.46632806691784,27.87802334193468,1.1802307611663037,1.0180040175229403,1.6011649358213411,1.2177686555490739,1.0684094533356567,0.682310627609251,0.0,1.0,0.0,0.0,0.0,0.0,0.0,0.0,False,warp_monotonic_reserve;maximum_knee_displacement;rms_knee_displacement;peak_dq_ratio;peak_ddq_ratio;rms_ddq_ratio
extend,0.095,0.0,0.095,True,24.0,401,28.90933692566648,112.02543857007235,83.11610164440587,18.320897416385396,119.5000701269369,101.17917271055151,0.0,0.0,0.0,5.261668434286548e-09,7.012693690455762e-05,7.013219857299191e-05,0.0,0.0,0.0,14.291224852873142,3.6098622941126433,0.14124680382301316,0.03567794339070335,265.1174929023801,193.52114032132937,1.208602832862683,1.2371783353027928,4.56993873413117,18.59503552642157,33.55034907787955,11.955555710070355,28.09338103641094,7.5381533067045945,227.90598402019486,28.593260046346376,1.1851168098177214,1.0190420490090686,1.6073828845209994,1.2272837737708873,1.4627397061407996,0.6737244283554471,0.0,1.0,0.0,0.0,0.0,0.0,0.0,0.0,False,warp_monotonic_reserve;maximum_knee_displacement;rms_knee_displacement;peak_dq_ratio;peak_ddq_ratio;rms_ddq_ratio
extend,0.0975,0.0,0.0975,True,24.0,401,28.90933692566648,112.02543857007235,83.11610164440587,18.320897416246986,119.50007185583762,101.17917443959064,0.0,0.0,0.0,5.400078606498937e-09,7.1855837617818e-05,7.186123769997721e-05,0.0,0.0,0.0,14.64291527269586,3.70238922494923,0.14472272336430744,0.03659242996430123,265.09479921311527,180.14903001233466,1.208602832862683,1.237518048577185,4.56993873413117,18.58256112435497,33.84463281660702,11.967992616409095,28.19735914096946,7.576694771586292,222.44943220510567,28.318371944420015,1.1955119507091725,1.020102119391919,1.6133320661241566,1.2335586945030772,1.4277186204380286,0.665138229101643,0.0,1.0,0.0,0.0,0.0,0.0,0.0,0.0,False,warp_monotonic_reserve;maximum_knee_displacement;rms_knee_displacement;peak_dq_ratio;peak_ddq_ratio;rms_ddq_ratio
extend,0.1,0.0,0.1,True,24.0,401,28.90933692566648,112.02543857007235,83.11610164440587,18.320897416108583,119.50007357881114,101.17917616270256,0.0,0.0,0.0,5.538481673283968e-09,7.357881113989606e-05,7.358434962156934e-05,0.0,0.0,0.0,14.992137067588274,3.7947530926365807,0.14817424434041,0.037505304909162734,265.0738093196662,166.7865116243221,1.208602832862683,1.237855538230808,4.56993873413117,18.570208864482655,34.106676467987256,11.980768699812845,28.29656630076568,7.623027376926588,209.08375732256803,28.317391783991482,1.2047682578622176,1.021191099822925,1.6190082747112151,1.2411020877476935,1.3419354259593606,0.6565520298478389,0.0,1.0,0.0,0.0,0.0,0.0,0.0,0.0,False,warp_monotonic_reserve;maximum_knee_displacement;rms_knee_displacement;peak_dq_ratio;peak_ddq_ratio;rms_ddq_ratio
extend,0.1025,0.0,0.1025,True,24.0,401,28.90933692566648,112.02543857007235,83.11610164440587,18.32089741597018,119.50007529586104,101.17917787989086,0.0,0.0,0.0,5.676884740068999e-09,7.529586103771635e-05,7.53015379189037e-05,0.0,0.0,0.0,15.338928622987098,3.886951473741175,0.15160174613239583,0.038416544273370344,265.0545203757316,153.43401214582548,1.208602832862683,1.238190824763172,4.56993873413117,18.55782945450093,34.325656147169596,11.993724598293424,28.390929005922118,7.689053638038534,175.1207180334643,28.554215981010298,1.2125033934402432,1.0222954069462888,1.6244073043619707,1.2518517973394814,1.1239548129317098,0.647965830594035,0.0,1.0,0.0,0.0,0.0,0.0,0.0,0.0,False,warp_monotonic_reserve;maximum_knee_displacement;rms_knee_displacement;peak_dq_ratio;peak_ddq_ratio;rms_ddq_ratio
extend,0.105,0.0,0.105,True,24.0,401,28.90933692566648,112.02543857007235,83.11610164440587,18.32089741583178,119.50007700699113,101.17917959115935,0.0,0.0,0.0,5.8152842541403515e-09,7.700699113399878e-05,7.701280641470021e-05,0.0,0.0,0.0,15.683328374831731,3.9789819133452045,0.15500560862048154,0.03932612379383269,265.0369288283936,140.0919667724648,1.208602832862683,1.2385239311629976,4.56993873413117,18.54541473651943,34.50093294056367,12.00706294250409,28.48037374660636,7.736151838556815,171.1045267114224,28.27593003420957,1.218694788758965,1.0234323121596012,1.629524949158798,1.2595198368337805,1.0981782079888216,0.6393796313402309,0.0,1.0,0.0,0.0,0.0,0.0,0.0,0.0,False,warp_monotonic_reserve;maximum_knee_displacement;rms_knee_displacement;peak_dq_ratio;peak_ddq_ratio;rms_ddq_ratio
extend,0.1075,0.0,0.1075,True,24.0,401,28.90933692566648,112.02543857007235,83.11610164440587,18.32089741569338,119.5000787122051,101.17918129651171,0.0,0.0,0.0,5.953683768211704e-09,7.871220509514387e-05,7.871815877535937e-05,0.0,0.0,0.0,16.025388584354772,4.0708448007966975,0.1583863483266689,0.04023404731865695,265.02103337134486,126.76044872698185,1.208602832862683,1.2388548903423366,4.56993873413117,18.533287287113982,34.631867934579724,12.02073244562473,29.541620892783392,7.79263392655653,225.15912385357709,28.743467847185126,1.2233198751341203,1.024597443986745,1.6902449634853343,1.2687156633565837,1.4451098863262732,0.6307934320864269,0.0,1.0,0.0,0.0,0.0,0.0,0.0,0.0,False,warp_monotonic_reserve;maximum_knee_displacement;rms_knee_displacement;peak_dq_ratio;peak_ddq_ratio;rms_ddq_ratio
extend,0.11,0.0,0.11,True,24.0,401,28.90933692566648,112.02543857007235,83.11610164440587,18.320897415554988,119.50008041150662,101.17918299595163,0.0,0.0,0.0,6.0920761768556986e-09,8.041150661597385e-05,8.041759869570342e-05,0.0,0.0,0.0,16.365196966548936,4.162538263302637,0.16174483217891514,0.041140296338161075,265.0068322389191,113.43985889506251,1.208602832862683,1.2391837322382446,4.56993873413117,18.521404373499944,34.89732930333077,12.03458302637059,30.698159541655226,7.859771078147218,233.01683142153428,28.96631910486521,1.2326969081340993,1.0257780101206417,1.756417149277932,1.2796462365901053,1.4955420016053331,0.6222072328326229,0.0,1.0,0.0,0.0,0.0,0.0,0.0,0.0,False,warp_monotonic_reserve;maximum_knee_displacement;rms_knee_displacement;peak_dq_ratio;peak_ddq_ratio;rms_ddq_ratio
extend,0.1125,0.0,0.1125,True,24.0,401,28.90933692566648,112.02543857007235,83.11610164440587,18.320897415416596,119.50008210489936,101.17918468948277,0.0,0.0,0.0,6.230468585499693e-09,8.210489936288923e-05,8.211112982792201e-05,0.0,0.0,0.0,16.70284683993772,4.254061266899063,0.16508198248747127,0.04204486063319967,264.99432096444264,100.13044887301817,1.208602832862683,1.2395104825440575,4.56993873413117,18.50950978226734,35.18624003079406,12.048805338368746,31.012592303918844,7.914484710624522,227.19072281264073,29.565309124575947,1.242902255293338,1.0269902610867796,1.774407644609916,1.288554141565152,1.4581490369968997,0.6136210335788188,0.0,1.0,0.0,0.0,0.0,0.0,0.0,0.0,False,warp_monotonic_reserve;maximum_knee_displacement;rms_knee_displacement;peak_dq_ratio;peak_ddq_ratio;rms_ddq_ratio
extend,0.115,0.0,0.115,True,24.0,401,28.90933692566648,112.02543857007235,83.11610164440587,18.320897415278207,119.50008379238716,101.17918637710895,0.0,0.0,0.0,6.368857441430009e-09,8.379238715860993e-05,8.379875600894593e-05,0.0,0.0,0.0,17.038430375829407,4.34541278206919,0.16839871022412828,0.04294773002858085,264.9834971577046,86.83255598799713,1.208602832862683,1.239835184383646,4.56993873413117,18.497592622025934,35.43397683371682,12.06308917784051,31.141396692509176,7.9545771830527325,200.49475710416286,29.495250963662947,1.2516531940353686,1.028207756399922,1.7817772798062974,1.2950815812257035,1.2868097489854728,0.6050348343250148,0.0,1.0,0.0,0.0,0.0,0.0,0.0,0.0,False,warp_monotonic_reserve;maximum_knee_displacement;rms_knee_displacement;peak_dq_ratio;peak_ddq_ratio;rms_ddq_ratio
extend,0.1175,0.0,0.1175,True,24.0,401,28.90933692566648,112.02543857007235,83.11610164440587,18.32089741513982,119.50008547397357,101.17918805883374,0.0,0.0,0.0,6.507242744646646e-09,8.547397357006048e-05,8.54804808056997e-05,0.0,0.0,0.0,17.371989342134626,4.436589916528293,0.1716954282005198,0.04384887593851314,264.97436145394204,73.54676186131314,1.208602832862683,1.2401578765289627,4.56993873413117,18.4857604428104,35.639135577036285,12.077565709572141,31.26579882970689,7.998771088915963,174.78200194445137,29.10977795352786,1.2589001253511825,1.0294416760031673,1.7888950370413654,1.3022767736499885,1.1217808749605855,0.5964486350712108,0.0,1.0,0.0,0.0,0.0,0.0,0.0,0.0,False,warp_monotonic_reserve;maximum_knee_displacement;rms_knee_displacement;peak_dq_ratio;peak_ddq_ratio;rms_ddq_ratio
extend,0.12,0.0,0.12,True,24.0,401,28.90933692566648,112.02543857007235,83.11610164440587,18.320897415001443,119.5000871496624,101.17918973466097,0.0,0.0,0.0,6.645620942435926e-09,8.714966240574995e-05,8.715630802669239e-05,0.0,0.0,0.0,17.703496459264144,4.52759267313094,0.17497186679981258,0.04474829839120958,264.966912621524,60.27317430854549,1.208602832862683,1.2404785831624583,4.56993873413117,18.474374051173328,35.8010760465332,12.09249538225985,31.385730237264323,8.066250790796383,199.73856819469256,29.544748326300347,1.2646204346136902,1.030714219464606,1.795756998283214,1.3132631173613956,1.2819563988289122,0.5878624358174067,0.0,1.0,0.0,0.0,0.0,0.0,0.0,0.0,False,warp_monotonic_reserve;maximum_knee_displacement;rms_knee_displacement;peak_dq_ratio;peak_ddq_ratio;rms_ddq_ratio
extend,0.1225,0.0,0.1225,True,24.0,401,28.90933692566648,112.02543857007235,83.11610164440587,18.32089741486306,119.50008881945736,101.17919140459429,0.0,0.0,0.0,6.784002692938884e-09,8.881945736050056e-05,8.882624135253536e-05,0.0,0.0,0.0,18.032919455417414,4.618421350648159,0.17822770706483337,0.045646000339562814,264.96114786678027,47.01190772437201,1.208602832862683,1.240797342358633,4.56993873413117,18.462993264459683,35.93731376109013,12.107575687307364,31.501122436969222,8.155658265804774,245.8009409943004,30.300737031789602,1.269432831804485,1.0319996022044777,1.8023592455019624,1.3278195131876824,1.5775926101496118,0.5792762365636028,0.0,1.0,0.0,0.0,0.0,0.0,0.0,0.0,False,warp_monotonic_reserve;maximum_knee_displacement;rms_knee_displacement;peak_dq_ratio;peak_ddq_ratio;rms_ddq_ratio
extend,0.125,0.0,0.125,True,24.0,401,28.90933692566648,112.02543857007235,83.11610164440587,18.320897414724683,119.5000904833621,101.17919306863742,0.0,0.0,0.0,6.922380890728164e-09,9.048336210071284e-05,9.049028447805085e-05,0.0,0.0,0.0,18.362972335427784,4.709074231100846,0.18148977276416864,0.04654196480398851,264.9570639532996,33.763279714790656,1.208602832862683,1.2411141816009874,4.56993873413117,18.45160340263074,36.25335349063573,12.123079149274075,31.611906950583794,8.206124662735617,239.67059387683656,30.047263835586378,1.2805964711211824,1.0333210530874328,1.8086978606662694,1.3360359274146014,1.5382469905964826,0.5706900373097987,0.0,1.0,0.0,0.0,0.0,0.0,0.0,0.0,False,warp_monotonic_reserve;maximum_knee_displacement;rms_knee_displacement;peak_dq_ratio;peak_ddq_ratio;rms_ddq_ratio
extend,0.1275,0.0,0.1275,True,24.0,401,28.90933692566648,112.02543857007235,83.11610164440587,18.32089741458631,119.50009214138032,101.17919472679401,0.0,0.0,0.0,7.060755535803764e-09,9.2141380321209e-05,9.214844106963938e-05,0.0,0.0,0.0,18.69393052493899,4.799551628387151,0.18476078605720425,0.047436194886887696,264.9546608169477,20.527329767882236,1.208602832862683,1.241429124068161,4.56993873413117,18.440199448615594,36.542507024912105,12.138792243916345,31.718015299890887,8.267080532550137,233.42441838381117,30.257918405806663,1.2908103950745125,1.0346603721913576,1.8147689257459743,1.3459601285943403,1.4981579646568994,0.5621038380559946,0.0,1.0,0.0,0.0,0.0,0.0,0.0,0.0,False,warp_monotonic_reserve;maximum_knee_displacement;rms_knee_displacement;peak_dq_ratio;peak_ddq_ratio;rms_ddq_ratio
extend,0.13,0.0,0.13,True,24.0,401,28.90933692566648,112.02543857007235,83.11610164440587,18.32089741444794,119.50009379351579,101.17919637906785,0.0,0.0,0.0,7.1991230754520075e-09,9.379351578786554e-05,9.380071490738828e-05,0.0,0.0,0.0,19.022884415626507,4.889852955411022,0.18801198993532497,0.04832868478571775,264.95393883209215,7.3043544019295155,1.208602832862683,1.2417422184724958,4.56993873413117,18.429128338267265,36.790517886161346,12.154734434244794,31.60066231165505,8.29882436136006,205.47028515309304,30.518736222482403,1.2995710145244492,1.0360192184626615,1.8080544906093419,1.3511283288724016,1.318743541630174,0.5535176388021907,0.0,1.0,0.0,0.0,0.0,0.0,0.0,0.0,False,warp_monotonic_reserve;maximum_knee_displacement;rms_knee_displacement;peak_dq_ratio;peak_ddq_ratio;rms_ddq_ratio
extend,0.1325,0.0,0.1325,True,24.0,401,28.90933692566648,112.02543857007235,83.11610164440587,18.320897414309577,119.50009543977218,101.1791980254626,0.0,0.0,0.0,7.337487062386572e-09,9.543977218129385e-05,9.544710965769809e-05,0.0,0.0,0.0,19.34980264327595,4.979979003026312,0.19124307441145263,0.049219442316854156,264.9548982074821,-5.90550861305428,1.208602832862683,1.2420535128985086,4.56993873413117,18.418274615647086,36.9967524395261,12.170784585691267,32.68352890091907,8.365388122625816,186.77125186744564,30.838551926948018,1.3068559472502004,1.0373872668924926,1.870011476831353,1.3619655486527373,1.1987299379025016,0.5449314395483866,0.0,1.0,0.0,0.0,0.0,0.0,0.0,0.0,False,warp_monotonic_reserve;maximum_knee_displacement;rms_knee_displacement;peak_dq_ratio;peak_ddq_ratio;rms_ddq_ratio
extend,0.135,0.0,0.135,True,24.0,401,28.90933692566648,112.02543857007235,83.11610164440587,18.320897414171206,119.50009708015318,101.17919966598197,0.0,0.0,0.0,7.475858154748494e-09,9.708015318210528e-05,9.708762902960189e-05,0.0,0.0,0.0,19.674652982065425,5.069926827982002,0.19445372098284233,0.05010843839078191,264.9575378793646,-19.10167601125056,1.208602832862683,1.2423630466363396,4.56993873413117,18.407428031146914,37.1605770501502,12.186887008491915,33.880117627694474,8.434600281540336,215.78811422447194,30.647001749577377,1.312642811031015,1.0387597707160463,1.9384751564695115,1.3732339530121833,1.3849651387890376,0.5363452402945825,0.0,1.0,0.0,0.0,0.0,0.0,0.0,0.0,False,warp_monotonic_reserve;maximum_knee_displacement;rms_knee_displacement;peak_dq_ratio;peak_ddq_ratio;rms_ddq_ratio
extend,0.1375,0.0,0.1375,True,24.0,401,28.90933692566648,112.02543857007235,83.11610164440587,18.320897414032842,119.5000987146625,101.17920130062966,0.0,0.0,0.0,7.614222141683058e-09,9.871466249933292e-05,9.872227671792189e-05,0.0,0.0,0.0,19.997343755996212,5.1596958875543,0.19764302357307725,0.05099566764351008,264.96186110687745,-32.2838788387221,1.208602832862683,1.2426708650964713,4.56993873413117,18.396577903326385,37.28706408962248,12.203216725328286,34.60627129423324,8.501160452817153,254.79476534230102,30.955621845429437,1.3171107799440869,1.040151648141757,1.9800225577457693,1.3840705883078324,1.635316517840911,0.5277590410407786,0.0,1.0,0.0,0.0,0.0,0.0,0.0,0.0,False,warp_monotonic_reserve;maximum_knee_displacement;rms_knee_displacement;peak_dq_ratio;peak_ddq_ratio;rms_ddq_ratio
extend,0.14,0.0,0.14,True,24.0,401,28.90933692566648,112.02543857007235,83.11610164440587,18.32089741389449,119.5001003433039,101.17920292940941,0.0,0.0,0.0,7.752575470476586e-09,0.00010034330389885326,0.00010035105647432374,0.0,0.0,0.0,20.317686382658934,5.249286940504433,0.20080911833473666,0.05188113757422778,264.9678690850733,-45.452105976398,1.208602832862683,1.2429770013867927,4.56993873413117,18.385722096890973,37.59645432559861,12.219970035588377,34.74969276144578,8.587117193599358,248.21942295140832,31.79444745308744,1.3280395356657533,1.0415796309163885,1.988228519547645,1.39806517145254,1.5931148422772834,0.5191728417869745,0.0,1.0,0.0,0.0,0.0,0.0,0.0,0.0,False,warp_monotonic_reserve;maximum_knee_displacement;rms_knee_displacement;peak_dq_ratio;peak_ddq_ratio;rms_ddq_ratio
extend,0.1425,0.0,0.1425,True,24.0,401,28.90933692566648,112.02543857007235,83.11610164440587,18.32089741375613,119.50010196608096,101.17920455232483,0.0,0.0,0.0,7.890935904697471e-09,0.00010196608096180171,0.00010197397189415369,0.0,0.0,0.0,20.635483361504853,5.338701088196801,0.203950053278292,0.05276485906823022,264.9755611465133,-58.606447271193815,1.208602832862683,1.2432814827914405,4.56993873413117,18.37530965222673,37.90017941442646,12.237157707604467,34.88893054434203,8.622962031224178,241.51449326992892,31.834092157227747,1.3387681783841263,1.043044636887982,1.9961951088597687,1.4039010553621,1.550081453250022,0.5105866425331707,0.0,1.0,0.0,0.0,0.0,0.0,0.0,0.0,False,warp_monotonic_reserve;maximum_knee_displacement;rms_knee_displacement;peak_dq_ratio;peak_ddq_ratio;rms_ddq_ratio
extend,0.145,0.0,0.145,True,24.0,401,28.90933692566648,112.02543857007235,83.11610164440587,18.320897413617775,119.50010358299753,101.17920616937975,0.0,0.0,0.0,8.029289233491e-09,0.00010358299752510902,0.00010359102681434251,0.0,0.0,0.0,20.950552325284512,5.427940279902325,0.20706402598363075,0.05364685139106602,264.9849403576329,-71.74701740236691,1.208602832862683,1.2435843499764303,4.56993873413117,18.365006071301874,38.164122278159276,12.254654852937032,35.023921659134125,8.663845170885002,227.8868918269156,31.500312584819888,1.3480915724243816,1.0445360210832384,2.0039187220196797,1.4105572232436834,1.4626171691687802,0.5020004432793665,0.0,1.0,0.0,0.0,0.0,0.0,0.0,0.0,False,warp_monotonic_reserve;maximum_knee_displacement;rms_knee_displacement;peak_dq_ratio;peak_ddq_ratio;rms_ddq_ratio
extend,0.1475,0.0,0.1475,True,24.0,401,28.90933692566648,112.02543857007235,83.11610164440587,18.320897413479425,119.50010519405726,101.17920778057783,0.0,0.0,0.0,8.167639009570848e-09,0.00010519405725517572,0.00010520222488707986,0.0,0.0,0.0,21.263009804034354,5.517005015883835,0.21015218817115236,0.054527119487064776,264.99601104782704,-84.8736962075069,1.208602832862683,1.2438856434312702,4.56993873413117,18.354714245878355,38.3874376513518,12.272303403376995,35.1546031220558,8.690393686037599,189.13397370100827,31.124873625930313,1.3559798600260053,1.046040310422732,2.011395755366155,1.4148795765494344,1.2138942919907716,0.49341424402556255,0.0,1.0,0.0,0.0,0.0,0.0,0.0,0.0,False,warp_monotonic_reserve;maximum_knee_displacement;rms_knee_displacement;peak_dq_ratio;peak_ddq_ratio;rms_ddq_ratio
extend,0.15,0.0,0.15,True,24.0,401,28.90933692566648,112.02543857007235,83.11610164440587,18.32089741334108,119.50010679926383,101.17920938592275,0.0,0.0,0.0,8.305985232937019e-09,0.00010679926383261318,0.00010680756980718797,0.0,0.0,0.0,21.573246220052518,5.605895261385444,0.21321839856551633,0.055405663012717946,265.0087772510068,-97.98616643118248,1.208602832862683,1.2441854258544933,4.56993873413117,18.344424993674284,38.56950563640085,12.289829541124607,35.280911949341814,8.741665557229524,202.16830855208462,31.54922326679551,1.3624111442165334,1.047534165811361,2.018622605238027,1.4232271297238643,1.2975508893011554,0.48482804477175845,0.0,1.0,0.0,0.0,0.0,0.0,0.0,0.0,False,warp_monotonic_reserve;maximum_knee_displacement;rms_knee_displacement;peak_dq_ratio;peak_ddq_ratio;rms_ddq_ratio
extend,0.1525,0.0,0.1525,True,24.0,401,28.90933692566648,112.02543857007235,83.11610164440587,18.320897413202733,119.50010839862094,101.17921098541821,0.0,0.0,0.0,8.444331456303189e-09,0.00010839862093803276,0.00010840706526948907,0.0,0.0,0.0,21.881662115962754,5.694610072760208,0.21626661591525415,0.05628247264152507,265.0232412645844,-111.08391656929399,1.208602832862683,1.2444837705573504,4.56993873413117,18.33413656354097,38.710138029526064,12.30720542815584,35.402785157192305,8.826571345841252,266.2475428957527,32.7929340698182,1.3673787769738175,1.0490152144512617,2.0255956679721514,1.4370506077592227,1.7088224090751991,0.47624184551795445,0.0,1.0,0.0,0.0,0.0,0.0,0.0,0.0,False,warp_monotonic_reserve;maximum_knee_displacement;rms_knee_displacement;peak_dq_ratio;peak_ddq_ratio;rms_ddq_ratio
extend,0.155,0.0,0.155,True,24.0,401,28.90933692566648,112.02543857007235,83.11610164440587,18.320897413064394,119.50010999213232,101.17921257906792,0.0,0.0,0.0,8.582670574242002e-09,0.00010999213232310012,0.00011000071498301622,0.0,0.0,0.0,22.18866023523968,5.783147814828826,0.2193008207209272,0.0571575322122507,265.03940198455695,-124.16645817963655,1.208602832862683,1.2447807320841056,4.56993873413117,18.324253931613036,38.8981190959133,12.324633426314868,35.5201597618418,8.915041606889103,259.2069744612964,33.4946518221557,1.3740189320787866,1.0505007048278523,2.0323113399073485,1.4514544161493663,1.6636348329474557,0.46765564626415046,0.0,1.0,0.0,0.0,0.0,0.0,0.0,0.0,False,warp_monotonic_reserve;maximum_knee_displacement;rms_knee_displacement;peak_dq_ratio;peak_ddq_ratio;rms_ddq_ratio
extend,0.1575,0.0,0.1575,True,24.0,401,28.90933692566648,112.02543857007235,83.11610164440587,18.32089741292605,119.50011157980171,101.17921416687565,0.0,0.0,0.0,8.721013244894493e-09,0.00011157980171105919,0.00011158852271364594,0.0,0.0,0.0,22.494661387991336,5.871509132738604,0.22232517204401478,0.05803084810118489,265.05725990199903,-137.23376654007836,1.208602832862683,1.2450763483589886,4.56993873413117,18.31450661646578,39.22565525792025,12.342602828546813,35.25268647574955,8.967177365655054,252.02227936135125,33.07343493273271,1.3855886659887549,1.0520323422451314,2.0170076645834687,1.459942618519803,1.6175222271535081,0.45906944701034635,0.0,1.0,0.0,0.0,0.0,0.0,0.0,0.0,False,warp_monotonic_reserve;maximum_knee_displacement;rms_knee_displacement;peak_dq_ratio;peak_ddq_ratio;rms_ddq_ratio
extend,0.16,0.0,0.16,True,24.0,401,28.90933692566648,112.02543857007235,83.11610164440587,18.32089741278772,119.5001131616328,101.17921574884508,0.0,0.0,0.0,8.859345257405948e-09,0.00011316163279673219,0.0001131704921419896,0.0,0.0,0.0,22.800095244500305,5.959698697272744,0.2253439165152107,0.058902466471844446,265.076821911764,-150.28639681258505,1.208602832862683,1.2453706479943267,4.56993873413117,18.304777722355077,39.52177675291239,12.36120020127766,36.03344153352011,9.040248933236919,244.69378381809366,32.89671227576134,1.396048722921364,1.0536175052666934,2.06167912350246,1.471839371685789,1.5704866854432522,0.45048324775654236,0.0,1.0,0.0,0.0,0.0,0.0,0.0,0.0,False,warp_monotonic_reserve;maximum_knee_displacement;rms_knee_displacement;peak_dq_ratio;peak_ddq_ratio;rms_ddq_ratio
extend,0.1625,0.0,0.1625,True,24.0,401,28.90933692566648,112.02543857007235,83.11610164440587,18.32089741264938,119.50011473762925,101.17921732497987,0.0,0.0,0.0,8.997684375344761e-09,0.00011473762924651965,0.0001147466269344477,0.0,0.0,0.0,23.10539153534375,6.047719889641546,0.2283613013611281,0.05977242074229905,265.0980937508956,-163.32471973808782,1.208602832862683,1.2456636625842796,4.56993873413117,18.295057634761644,39.77878003692782,12.380220860268734,37.264700146634055,9.110103554760741,227.43863217900514,33.23699558783387,1.405126986499428,1.0552387474558325,2.1321264654786134,1.483212375129861,1.4597401618428067,0.44189704850273837,0.0,1.0,0.0,0.0,0.0,0.0,0.0,0.0,False,warp_monotonic_reserve;maximum_knee_displacement;rms_knee_displacement;peak_dq_ratio;peak_ddq_ratio;rms_ddq_ratio
extend,0.165,0.0,0.165,True,24.0,401,28.90933692566648,112.02543857007235,83.11610164440587,18.320897412511055,119.50011630779477,101.17921889528371,0.0,0.0,0.0,9.136009282428859e-09,0.00011630779476945463,0.00011631693077163163,0.0,0.0,0.0,23.41086332770491,6.135575449548705,0.23138042076994678,0.06064073799031104,265.12108109803165,-176.34889706871093,1.208602832862683,1.2459554424974972,4.56993873413117,18.285343108065064,39.996065271969805,12.399395218026019,38.517244753639375,9.179785207889108,211.4298841792385,33.21217395825625,1.4128022683266217,1.0568730902911854,2.203791700816077,1.494557217657528,1.3569932706388188,0.43331084924893426,0.0,1.0,0.0,0.0,0.0,0.0,0.0,0.0,False,warp_monotonic_reserve;maximum_knee_displacement;rms_knee_displacement;peak_dq_ratio;peak_ddq_ratio;rms_ddq_ratio
extend,0.1675,0.0,0.1675,True,24.0,401,28.90933692566648,112.02543857007235,83.11610164440587,18.320897412372723,119.50011787213313,101.17922045976042,0.0,0.0,0.0,9.274341294940314e-09,0.00011787213313141365,0.0001178814074762613,0.0,0.0,0.0,23.716382352647862,6.22326425933476,0.23440000700027885,0.06150740716953359,265.1457895151632,-189.3585276368213,1.208602832862683,1.2462460441163208,4.56993873413117,18.275851067232356,40.17303262004171,12.41835658219758,38.820341889259765,9.23835000407483,226.58246394971218,33.59842903831294,1.4190533800066236,1.058489278435507,2.2211336201639873,1.504092129080596,1.4542451272586683,0.42472464999513027,0.0,1.0,0.0,0.0,0.0,0.0,0.0,0.0,False,warp_monotonic_reserve;maximum_knee_displacement;rms_knee_displacement;peak_dq_ratio;peak_ddq_ratio;rms_ddq_ratio
extend,0.17,0.0,0.17,True,24.0,401,28.90933692566648,112.02543857007235,83.11610164440587,18.3208974122344,119.50011943064798,101.17922201841358,0.0,0.0,0.0,9.412662649310732e-09,0.00011943064798458636,0.00011944006064368295,0.0,0.0,0.0,24.021715996723202,6.310784915631802,0.23741776102551237,0.062372414409830726,265.17222797509396,-202.35308297315896,1.208602832862683,1.2465355349547431,4.56993873413117,18.266653314316528,40.31317030257173,12.437194885183146,38.97400911591959,9.286386257001379,273.38027381205006,34.33877867234256,1.4240035378386542,1.0600949773540522,2.229925800418998,1.511912892518383,1.7546014998232582,0.41613845074132627,0.0,1.0,0.0,0.0,0.0,0.0,0.0,0.0,False,warp_monotonic_reserve;maximum_knee_displacement;rms_knee_displacement;peak_dq_ratio;peak_ddq_ratio;rms_ddq_ratio
extend,0.1725,0.0,0.1725,True,24.0,401,28.90933692566648,112.02543857007235,83.11610164440587,18.32089741209608,119.50012098334305,101.17922357124698,0.0,0.0,0.0,9.550984003681151e-09,0.0001209833430522167,0.00012099289403977309,0.0,0.0,0.0,24.326632601842128,6.398139548068456,0.2404313932613073,0.06323578075930993,265.2004088105024,-215.3324805471476,1.208602832862683,1.2468239852686513,4.56993873413117,18.25748317089,40.46863089674346,12.456143922517494,39.12366111464297,9.318961191355418,265.71811148203807,34.840321345576236,1.4294949550215128,1.0617101148098276,2.2384882465364853,1.5172164047630605,1.7054244274300572,0.4075522514875223,0.0,1.0,0.0,0.0,0.0,0.0,0.0,0.0,False,warp_monotonic_reserve;maximum_knee_displacement;rms_knee_displacement;peak_dq_ratio;peak_ddq_ratio;rms_ddq_ratio
extend,0.175,0.0,0.175,True,24.0,401,28.90933692566648,112.02543857007235,83.11610164440587,18.32089741195776,119.50012253022197,101.17922511826421,0.0,0.0,0.0,9.68930535805157e-09,0.00012253022197228347,0.0001225399112740888,0.0,0.0,0.0,24.630982320596857,6.485331675954509,0.2434394226962298,0.06409754100094214,265.2303439484912,-228.29692153329955,1.208602832862683,1.2471114532846495,4.56993873413117,18.24832920444528,40.804081215649056,12.475479328558151,39.26924065743681,9.359851532908362,257.8970994002638,34.886607737416256,1.4413442449013563,1.0633581847337958,2.246817684175904,1.523873745181866,1.6552278300769818,0.3989660522337183,0.0,1.0,0.0,0.0,0.0,0.0,0.0,0.0,False,warp_monotonic_reserve;maximum_knee_displacement;rms_knee_displacement;peak_dq_ratio;peak_ddq_ratio;rms_ddq_ratio
extend,0.1775,0.0,0.1775,True,24.0,401,28.90933692566648,112.02543857007235,83.11610164440587,18.32089741181945,119.5001240712886,101.17922665946915,0.0,0.0,0.0,9.827616054280952e-09,0.0001240712885959283,0.0001240811162119826,0.0,0.0,0.0,24.93475865195287,6.572364688261047,0.24644178507754042,0.06495772862950053,265.2620436409763,-241.24664581543936,1.208602832862683,1.2473979886249678,4.56993873413117,18.239185455263623,41.11133895953051,12.494979270431095,39.41069051626585,9.432042701027763,249.91722386929047,34.67708080063134,1.4521976734715125,1.0650202790106034,2.2549108389942947,1.5356271608577856,1.6040116198515328,0.3903798529799142,0.0,1.0,0.0,0.0,0.0,0.0,0.0,0.0,False,warp_monotonic_reserve;maximum_knee_displacement;rms_knee_displacement;peak_dq_ratio;peak_ddq_ratio;rms_ddq_ratio
extend,0.18,0.0,0.18,True,24.0,401,28.90933692566648,112.02543857007235,83.11610164440587,18.320897411681134,119.50012560654652,101.17922819486539,0.0,0.0,0.0,9.965930303224013e-09,0.00012560654651849745,0.00012561651244880068,0.0,0.0,0.0,25.237969584466697,6.659239649084092,0.24943855935984857,0.06581635416193958,265.2955166620569,-254.1815670608628,1.208602832862683,1.2476836495560046,4.56993873413117,18.23005139079712,41.38076950050338,12.514642332809897,39.5479534631363,9.539676677938303,241.77847119103882,35.07516497689536,1.4617149116511823,1.0666962770036879,2.2627644366510706,1.5531510062870428,1.5517757088370878,0.3817936537261102,0.0,1.0,0.0,0.0,0.0,0.0,0.0,0.0,False,warp_monotonic_reserve;maximum_knee_displacement;rms_knee_displacement;peak_dq_ratio;peak_ddq_ratio;rms_ddq_ratio
extend,0.1825,0.0,0.1825,True,24.0,401,28.90933692566648,112.02543857007235,83.11610164440587,18.32089741154282,119.50012713599946,101.17922972445665,0.0,0.0,0.0,1.0104244552167074e-08,0.00012713599946323484,0.000127146103707787,0.0,0.0,0.0,25.540623613689732,6.745958465682589,0.25242982950862913,0.06667343644858413,265.33076828503243,-267.10182903504074,1.208602832862683,1.2479684705509817,4.56993873413117,18.221283659742557,41.61179846670383,12.53481470212337,39.68097227001087,9.57323171764228,228.29093677265394,34.50770575591347,1.4698756705977853,1.0684156862103427,2.2703752028031574,1.5586140890980944,1.465210398950516,0.3732074544723062,0.0,1.0,0.0,0.0,0.0,0.0,0.0,0.0,False,warp_monotonic_reserve;maximum_knee_displacement;rms_knee_displacement;peak_dq_ratio;peak_ddq_ratio;rms_ddq_ratio
extend,0.185,0.0,0.185,True,24.0,401,28.90933692566648,112.02543857007235,83.11610164440587,18.320897411404516,119.50012865965115,101.17923124824664,0.0,0.0,0.0,1.0242548142969099e-08,0.0001286596511533844,0.00012866989369797466,0.0,0.0,0.0,25.842737572641,6.832526811053709,0.2554157618924167,0.06752903155829645,265.36780715160955,-280.00796954462635,1.208602832862683,1.2482525021753956,4.56993873413117,18.212654597888267,41.80385148626958,12.555220731505214,39.809689708912586,9.639836952018,239.7388580091345,35.08029218911044,1.476659661468798,1.070155011633409,2.2777398631109302,1.5694580610991444,1.5386851215093094,0.3646212552185021,0.0,1.0,0.0,0.0,0.0,0.0,0.0,0.0,False,warp_monotonic_reserve;maximum_knee_displacement;rms_knee_displacement;peak_dq_ratio;peak_ddq_ratio;rms_ddq_ratio
extend,0.1875,0.0,0.1875,True,24.0,401,28.90933692566648,112.02543857007235,83.11610164440587,18.320897411266216,119.50013017750531,101.1792327662391,0.0,0.0,0.0,1.0380848181057445e-08,0.00013017750531219008,0.00013018788615681842,0.0,0.0,0.0,26.144335119905797,6.91894824789939,0.25839659033998313,0.06838317470291227,265.4066430145549,-292.90010124577555,1.208602832862683,1.2485358195140883,4.56993873413117,18.204052214454922,41.956502651383246,12.575418736940449,39.6837454448848,9.757388326817619,283.57202375997787,36.09858677398138,1.4820518396960505,1.0718766059568985,2.2705338719865624,1.58859655417645,1.820013899537043,0.3560350559646981,0.0,1.0,0.0,0.0,0.0,0.0,0.0,0.0,False,warp_monotonic_reserve;maximum_knee_displacement;rms_knee_displacement;peak_dq_ratio;peak_ddq_ratio;rms_ddq_ratio
extend,0.19,0.0,0.19,True,24.0,401,28.90933692566648,112.02543857007235,83.11610164440587,18.320897411127913,119.50013168956558,101.17923427843766,0.0,0.0,0.0,1.051915177185947e-08,0.00013168956557763067,0.0001317000847222971,0.0,0.0,0.0,26.445440114884327,7.0052218329984495,0.2613725506648472,0.06923585656013916,265.4472830533356,-305.7777935727213,1.208602832862683,1.2488184850660637,4.56993873413117,18.19546709628769,42.10502938266061,12.595482579034526,39.3797393119025,9.823838279038409,275.28940280608424,36.42052719021859,1.4872983283550951,1.0735867647528898,2.2531399437046002,1.599415244750956,1.7668546172467612,0.3474488567108941,0.0,1.0,0.0,0.0,0.0,0.0,0.0,0.0,False,warp_monotonic_reserve;maximum_knee_displacement;rms_knee_displacement;peak_dq_ratio;peak_ddq_ratio;rms_ddq_ratio
extend,0.1925,0.0,0.1925,True,24.0,401,28.90933692566648,112.02543857007235,83.11610164440587,18.320897410989613,119.50013319583572,101.1792357848461,0.0,0.0,0.0,1.0657451809947815e-08,0.0001331958357155827,0.0001332064931602872,0.0,0.0,0.0,26.74607592004711,7.0913487828474775,0.26434387376914115,0.07008708915317714,265.4897376244493,-318.64098563153243,1.208602832862683,1.249100559804745,4.56993873413117,18.186894433725413,42.29712861191122,12.615749477022412,41.33166086870368,9.899655174350077,274.9696393347681,37.08056975870784,1.4940839515153628,1.0753142311922155,2.3648205313228514,1.6117589636444065,1.7648023204276215,0.33886265745709,0.0,1.0,0.0,0.0,0.0,0.0,0.0,0.0,False,warp_monotonic_reserve;maximum_knee_displacement;rms_knee_displacement;peak_dq_ratio;peak_ddq_ratio;rms_ddq_ratio
extend,0.195,0.0,0.195,True,24.0,401,28.90933692566648,112.02543857007235,83.11610164440587,18.32089741085132,119.50013469631944,101.17923728546812,0.0,0.0,0.0,1.0795744742608804e-08,0.0001346963194350792,0.0001347071151798218,0.0,0.0,0.0,27.046263097037823,7.177331173541626,0.2673107628731263,0.07093689300103756,265.53401982357116,-331.4898097679363,1.208602832862683,1.24938208758074,4.56993873413117,18.17833399253377,42.6315004122204,12.636359212540285,41.91373416535237,9.94010368933649,272.3399472615792,37.15515490337187,1.5058951443096784,1.0770709196825696,2.398124271209382,1.6183443704537641,1.7479245055386703,0.330276458203286,0.0,1.0,0.0,0.0,0.0,0.0,0.0,0.0,False,warp_monotonic_reserve;maximum_knee_displacement;rms_knee_displacement;peak_dq_ratio;peak_ddq_ratio;rms_ddq_ratio
extend,0.1975,0.0,0.1975,True,24.0,401,28.90933692566648,112.02543857007235,83.11610164440587,18.320897410713023,119.5001361910204,101.17923878030737,0.0,0.0,0.0,1.0934041227983471e-08,0.00013619102040252073,0.00013620195443309058,0.0,0.0,0.0,27.346021227105787,7.263174770461765,0.270273411507372,0.07178532508565366,265.5801497681779,-344.3248533919673,1.208602832862683,1.249663118736195,4.56993873413117,18.17009984210165,42.93306332782719,12.65755232484614,43.211357632276936,9.95213464705422,253.73274212210373,37.00471275853935,1.5165474114343411,1.0788773327939942,2.472368725751327,1.6203031259458764,1.6285002706076288,0.321690258949482,0.0,1.0,0.0,0.0,0.0,0.0,0.0,0.0,False,warp_monotonic_reserve;maximum_knee_displacement;rms_knee_displacement;peak_dq_ratio;peak_ddq_ratio;rms_ddq_ratio
extend,0.2,0.0,0.2,True,24.0,401,28.90933692566648,112.02543857007235,83.11610164440587,18.320897410574734,119.5001376799424,101.17924026936767,0.0,0.0,0.0,1.107233060793078e-08,0.00013767994239799464,0.00013769101472860257,0.0,0.0,0.0,27.645369660641578,7.3488882291020685,0.2732320109207635,0.07263247095328901,265.62815030147294,-357.1470921759012,1.208602832862683,1.2499437021047903,4.56993873413117,18.16201958056616,43.19794038444177,12.679418325625177,43.52237894844332,9.969021074446937,240.72082754928687,37.2647909150413,1.525903804466208,1.0807411001317797,2.49016403275546,1.6230523985452556,1.5449875704896503,0.3131040596956779,0.0,1.0,0.0,0.0,0.0,0.0,0.0,0.0,False,warp_monotonic_reserve;maximum_knee_displacement;rms_knee_displacement;peak_dq_ratio;peak_ddq_ratio;rms_ddq_ratio
extend,0.2025,0.0,0.2025,True,24.0,401,28.90933692566648,112.02543857007235,83.11610164440587,18.320897410436448,119.50013916308899,101.17924175265254,0.0,0.0,0.0,1.1210616435164411e-08,0.00013916308898842544,0.0001391742996048606,0.0,0.0,0.0,27.94428906814666,7.434477100587123,0.2761863700709012,0.0734783854682826,265.6780438342145,-369.95706485699907,1.208602832862683,1.2502238868692928,4.56993873413117,18.153968882455384,43.42558712009099,12.70122719390128,43.686746218065124,10.034141060459206,264.10889698511033,37.60552782503879,1.5339450910856638,1.082599997731657,2.4995684236197397,1.633654557844664,1.6950962127038258,0.3045178604418739,0.0,1.0,0.0,0.0,0.0,0.0,0.0,0.0,False,warp_monotonic_reserve;maximum_knee_displacement;rms_knee_displacement;peak_dq_ratio;peak_ddq_ratio;rms_ddq_ratio
extend,0.205,0.0,0.205,True,24.0,401,28.90933692566648,112.02543857007235,83.11610164440587,18.320897410298166,119.50014064046401,101.17924323016584,0.0,0.0,0.0,1.1348898709684363e-08,0.00014064046401074393,0.00014065181289879547,0.0,0.0,0.0,28.24267829636748,7.519941479213644,0.27913548921326314,0.07432306956261263,265.7298512412672,-382.7543463746298,1.208602832862683,1.2505037643534285,4.56993873413117,18.14593844792718,43.61545907280176,12.722327908563022,43.84729296655839,10.102654079803125,276.51496579404517,38.08590626624542,1.5406520389730947,1.084398535250607,2.5087542206357383,1.6448091355657162,1.774720490767257,0.2959316611880699,0.0,1.0,0.0,0.0,0.0,0.0,0.0,0.0,False,warp_monotonic_reserve;maximum_knee_displacement;rms_knee_displacement;peak_dq_ratio;peak_ddq_ratio;rms_ddq_ratio
extend,0.2075,0.0,0.2075,True,24.0,401,28.90933692566648,112.02543857007235,83.11610164440587,18.320897410159883,119.50014211207112,101.17924470191123,0.0,0.0,0.0,1.1487180984204315e-08,0.00014211207111713975,0.00014212355829101853,0.0,0.0,0.0,28.540425782839044,7.60527955752566,0.2820782657242624,0.07516650537235338,265.78359486807335,-395.53819003491026,1.208602832862683,1.2507834365584214,4.56993873413117,18.137922915737583,43.76812410585408,12.742675430026251,44.00396780425261,10.17766494174533,302.94320692856013,38.291393218421206,1.5460447070649137,1.0861328737010294,2.517718483506711,1.6570216244834406,1.9443414765308127,0.2873454619342659,0.0,1.0,0.0,0.0,0.0,0.0,0.0,0.0,False,warp_monotonic_reserve;maximum_knee_displacement;rms_knee_displacement;peak_dq_ratio;peak_ddq_ratio;rms_ddq_ratio
extend,0.21,0.0,0.21,True,24.0,401,28.90933692566648,112.02543857007235,83.11610164440587,18.320897410021608,119.50014357791402,101.17924616789242,0.0,0.0,0.0,1.162545615329691e-08,0.000143577914016646,0.000143589539476352,0.0,0.0,0.0,28.8374259485767,7.690490426827074,0.28501365611782375,0.07600868391643986,265.8392950845465,-408.30816337127817,1.208602832862683,1.2510629715156805,4.56993873413117,18.129920664101547,43.923288729722756,12.76318761199515,44.156719341470904,10.209218720082678,301.81877915343637,38.17566167474831,1.551525669531473,1.0878812471309343,2.526458271935549,1.6621588827188425,1.9371247061575725,0.2787592626804619,0.0,1.0,0.0,0.0,0.0,0.0,0.0,0.0,False,warp_monotonic_reserve;maximum_knee_displacement;rms_knee_displacement;peak_dq_ratio;peak_ddq_ratio;rms_ddq_ratio
extend,0.2125,0.0,0.2125,True,24.0,401,28.90933692566648,112.02543857007235,83.11610164440587,18.32089740988333,119.50014503799639,101.17924762811306,0.0,0.0,0.0,1.1763734875103182e-08,0.00014503799638987402,0.00014504976012119641,0.0,0.0,0.0,29.133671992180474,7.775581333280821,0.2879415931725566,0.07684967681206128,265.8969779885007,-421.0650827894515,1.208602832862683,1.2513424194494656,4.56993873413117,18.12203572354428,44.101231452957975,12.784465520407293,44.30549618855567,10.257675463969587,314.71720932313576,38.787493318738086,1.557811234906703,1.0896948879112347,2.5349706456262453,1.6700481061244319,2.0199090439063867,0.2701730634266578,0.0,1.0,0.0,0.0,0.0,0.0,0.0,0.0,False,warp_monotonic_reserve;maximum_knee_displacement;rms_knee_displacement;peak_dq_ratio;peak_ddq_ratio;rms_ddq_ratio
extend,0.215,0.0,0.215,True,24.0,401,28.90933692566648,112.02543857007235,83.11610164440587,18.320897409745058,119.50014649232202,101.17924908257696,0.0,0.0,0.0,1.1902006491482098e-08,0.0001464923220169112,0.00014650422401984997,0.0,0.0,0.0,29.429238176938064,7.860561085894114,0.29086281086697824,0.07768957112272179,265.9566718614979,-433.8100776058536,1.208602832862683,1.2516218079790888,4.56993873413117,18.114475950312457,44.35992836467542,12.806601625034345,44.450246955813505,10.307680153845164,328.18769480898186,38.75936110747467,1.5669493233961134,1.0915816777822593,2.543252664280745,1.6781893500073544,2.106364930818924,0.2615868641728538,0.0,1.0,0.0,0.0,0.0,0.0,0.0,0.0,False,warp_monotonic_reserve;maximum_knee_displacement;rms_knee_displacement;peak_dq_ratio;peak_ddq_ratio;rms_ddq_ratio
extend,0.2175,0.0,0.2175,True,24.0,401,28.90933692566648,112.02543857007235,83.11610164440587,18.32089740960679,119.50014794089452,101.17925053128774,0.0,0.0,0.0,1.2040274555147334e-08,0.00014794089452152548,0.00014795293479608063,0.0,0.0,0.0,29.724201163610594,7.945437719052892,0.293778066874948,0.07852844625598411,266.0184089474112,-446.54412948481763,1.208602832862683,1.2519011776131828,4.56993873413117,18.10695198614651,44.67818047913097,12.829253400418828,44.59092025359466,10.380544354385648,309.5584471683545,38.512535465284515,1.5781911119606915,1.0935124212927474,2.551301387603491,1.6900523418269273,1.9867992233337672,0.2530006649190498,0.0,1.0,0.0,0.0,0.0,0.0,0.0,0.0,False,warp_monotonic_reserve;maximum_knee_displacement;rms_knee_displacement;peak_dq_ratio;peak_ddq_ratio;rms_ddq_ratio
extend,0.22,0.0,0.22,True,24.0,401,28.90933692566648,112.02543857007235,83.11610164440587,18.32089740946852,119.50014938371768,101.17925197424915,0.0,0.0,0.0,1.2178542618812571e-08,0.0001493837176838042,0.00014939589621576488,0.0,0.0,0.0,30.018634024100074,8.030215603824578,0.29668808339996583,0.079366345413135,266.0822211904567,-459.2676813791968,1.208602832862683,1.2521805779030737,4.56993873413117,18.099453859048396,44.9613239540902,12.852020558140524,44.72746469221528,10.519117683047382,290.48579829513085,39.38689225181705,1.5881927393948938,1.0954529995157476,2.559113875296975,1.712613410940858,1.8643876906656571,0.24441446566524572,0.0,1.0,0.0,0.0,0.0,0.0,0.0,0.0,False,warp_monotonic_reserve;maximum_knee_displacement;rms_knee_displacement;peak_dq_ratio;peak_ddq_ratio;rms_ddq_ratio
extend,0.2225,0.0,0.2225,True,24.0,401,28.90933692566648,112.02543857007235,83.11610164440587,18.32089740933026,119.50015082079514,101.17925341146488,0.0,0.0,0.0,1.231680357705045e-08,0.0001508207951417262,0.00015083311194530324,0.0,0.0,0.0,30.312593525914167,8.114894922932828,0.29959342150164003,0.08020327040011713,266.1481366480182,-471.98056884708626,1.208602832862683,1.2524600621594921,4.56993873413117,18.09197449797566,45.20884770369368,12.874533789515354,46.086186696166884,10.667905242328844,290.104917550374,40.64396151173125,1.5969361523413064,1.0973719341086998,2.6368541263241934,1.7368374549229164,1.8619431326999876,0.23582826641144172,0.0,1.0,0.0,0.0,0.0,0.0,0.0,0.0,False,warp_monotonic_reserve;maximum_knee_displacement;rms_knee_displacement;peak_dq_ratio;peak_ddq_ratio;rms_ddq_ratio
extend,0.225,0.0,0.225,True,24.0,401,28.90933692566648,112.02543857007235,83.11610164440587,18.320897409191996,119.50015225213062,101.17925484293862,0.0,0.0,0.0,1.2455068088002008e-08,0.00015225213061853538,0.00015226458567951795,0.0,0.0,0.0,30.606131808836594,8.199477208875997,0.3024945965016368,0.0810392363633225,266.21618486528166,-484.6827076886002,1.208602832862683,1.2527397017935915,4.56993873413117,18.084510028293955,45.42024064208094,12.896933715333207,43.736393533959756,10.731941546212113,309.9803448551179,41.622287080998866,1.6044032974424787,1.0992812110052852,2.502409030299584,1.747263180361307,1.989507035070308,0.22724206715763773,0.0,1.0,0.0,0.0,0.0,0.0,0.0,0.0,False,warp_monotonic_reserve;maximum_knee_displacement;rms_knee_displacement;peak_dq_ratio;peak_ddq_ratio;rms_ddq_ratio
extend,0.2275,0.0,0.2275,True,24.0,401,28.90933692566648,112.02543857007235,83.11610164440587,18.32089740905374,119.5001536777279,101.17925626867415,0.0,0.0,0.0,1.2593325493526208e-08,0.0001536777278943191,0.0001536903212127072,0.0,0.0,0.0,30.899297711294594,8.283968530669418,0.305392091092785,0.08187430328564463,266.28640542497783,-497.37457550189333,1.208602832862683,1.2530195733758382,4.56993873413117,18.077059703557744,45.5949916833918,12.919359464807282,45.02553994317448,10.769001965529043,325.19842899014884,42.384254968790756,1.6105761213409695,1.1011926890033659,2.5761684639230342,1.7532969726478553,2.0871793099401446,0.21865586790383362,0.0,1.0,0.0,0.0,0.0,0.0,0.0,0.0,False,warp_monotonic_reserve;maximum_knee_displacement;rms_knee_displacement;peak_dq_ratio;rms_dq_ratio;peak_ddq_ratio;rms_ddq_ratio
extend,0.23,0.0,0.23,True,24.0,401,28.90933692566648,112.02543857007235,83.11610164440587,18.320897408915485,119.50015509759054,101.17925768867505,0.0,0.0,0.0,1.273157934633673e-08,0.00015509759053600192,0.00015511032211179554,0.0,0.0,0.0,31.19198207965958,8.368375011797072,0.3082848264591451,0.08270853168831593,266.3588415666223,-510.0566636494128,1.208602832862683,1.2532997541561819,4.56993873413117,18.069743027523568,45.74487785515149,12.941669830661214,46.334024344447926,10.799347727142642,337.18534387023607,41.64175870829861,1.615870630238606,1.1030943321795823,2.6510343345899967,1.758237554155791,2.1641133861760715,0.21006966865002963,0.0,1.0,0.0,0.0,0.0,0.0,0.0,0.0,False,warp_monotonic_reserve;maximum_knee_displacement;rms_knee_displacement;peak_dq_ratio;rms_dq_ratio;peak_ddq_ratio;rms_ddq_ratio
extend,0.2325,0.0,0.2325,True,24.0,401,28.90933692566648,112.02543857007235,83.11610164440587,18.32089740877723,119.5001565117224,101.17925910294517,0.0,0.0,0.0,1.2869833199147251e-08,0.00015651172239472544,0.00015652459222792459,0.0,0.0,0.0,31.483851494158102,8.452699585559824,0.3111695072584485,0.08354195056250935,266.4335355797875,-522.7291176889103,1.208602832862683,1.2535803112858444,4.56993873413117,18.062709212968652,45.91280898887511,12.96406360950091,47.66198453291293,10.822589513527202,351.057856582017,41.055879860541054,1.621802550917155,1.1050030851332102,2.7270145263475296,1.7620215402519415,2.253149552798475,0.20148346939622563,0.0,1.0,0.0,0.0,0.0,0.0,0.0,0.0,False,warp_monotonic_reserve;maximum_knee_displacement;rms_knee_displacement;peak_dq_ratio;rms_dq_ratio;peak_ddq_ratio;rms_ddq_ratio
extend,0.235,0.0,0.235,True,24.0,401,28.90933692566648,112.02543857007235,83.11610164440587,18.320897408638984,119.50015792012705,101.17926051148807,0.0,0.0,0.0,1.3008079946530415e-08,0.00015792012705162506,0.00015793313512801888,0.0,0.0,0.0,31.774555467201388,8.536945468060356,0.314042669459291,0.08437459169445942,266.51053129534546,-535.3922390595396,1.208602832862683,1.2538612911942983,4.56993873413117,18.055710455755477,46.102796617319626,12.986820685309185,48.70338045155892,10.852988346605883,369.8558828398127,41.133594932579335,1.6285135848800012,1.1069428040156697,2.786598738496009,1.7669707623042248,2.3737985104051287,0.19289727014242164,0.0,1.0,0.0,0.0,0.0,0.0,0.0,0.0,False,warp_monotonic_reserve;maximum_knee_displacement;rms_knee_displacement;peak_dq_ratio;rms_dq_ratio;peak_ddq_ratio;rms_ddq_ratio
extend,0.2375,0.0,0.2375,True,24.0,401,28.90933692566648,112.02543857007235,83.11610164440587,18.32089740850074,119.5001593228083,101.17926191430756,0.0,0.0,0.0,1.31463231411999e-08,0.00015932280830099899,0.00015933595462058747,0.0,0.0,0.0,32.06376175641884,8.621119145173072,0.3169010293562222,0.08520651918707117,266.5898790854853,-548.0467563693662,1.208602832862683,1.2541427441406143,4.56993873413117,18.048738073808448,46.31514977274409,13.010073371456263,48.87935290601788,10.907474187606661,388.1763811413291,41.42868275330077,1.6360146482378575,1.1089247666705988,2.796667128309178,1.7758415806386092,2.4913826116612787,0.18431107088861765,0.0,1.0,0.0,0.0,0.0,0.0,0.0,0.0,False,warp_monotonic_reserve;maximum_knee_displacement;rms_knee_displacement;peak_dq_ratio;rms_dq_ratio;peak_ddq_ratio;rms_ddq_ratio
extend,0.24,0.0,0.24,True,24.0,401,28.90933692566648,112.02543857007235,83.11610164440587,18.32089740836249,119.50016071976982,101.17926331140734,0.0,0.0,0.0,1.3284573441296743e-08,0.0001607197698234586,0.0001607330544004526,0.0,0.0,0.0,32.35127149441775,8.705228054466287,0.3197426214505607,0.08603780654928198,266.67163093126294,-560.6934852849519,1.208602832862683,1.2544247242510576,4.56993873413117,18.041785320537393,46.61180371983423,13.033656042795657,49.051729880175856,10.942708182554957,369.5094864394285,41.63657953919526,1.6464935132588803,1.1109348558965275,2.806529800145934,1.7815780134923571,2.3715752788779505,0.17572487163481354,0.0,1.0,0.0,0.0,0.0,0.0,0.0,0.0,False,warp_monotonic_reserve;maximum_knee_displacement;rms_knee_displacement;peak_dq_ratio;rms_dq_ratio;peak_ddq_ratio;rms_ddq_ratio
extend,0.2425,0.0,0.2425,True,24.0,401,28.90933692566648,112.02543857007235,83.11610164440587,18.320897408224255,119.50016211101527,101.17926470279102,0.0,0.0,0.0,1.342280953053887e-08,0.00016211101527119354,0.00016212443807717136,0.0,0.0,0.0,32.63694502300027,8.78927924274179,0.3225660654355604,0.08686852342790237,266.7558412145719,-573.3331457904402,1.208602832862683,1.254707293122623,4.56993873413117,18.034848202542836,46.90202226065806,13.057466473070098,49.220465752137144,11.00722728982511,350.40528070762815,42.65425476279627,1.6567450570044522,1.1129643583507058,2.81618414371689,1.7920823439601938,2.248961208877442,0.16713867238100955,0.0,1.0,0.0,0.0,0.0,0.0,0.0,0.0,False,warp_monotonic_reserve;maximum_knee_displacement;rms_knee_displacement;peak_dq_ratio;rms_dq_ratio;peak_ddq_ratio;rms_ddq_ratio
extend,0.245,0.0,0.245,True,24.0,401,28.90933692566648,112.02543857007235,83.11610164440587,18.320897408086015,119.50016349654842,101.17926608846241,0.0,0.0,0.0,1.3561049172494677e-08,0.00016349654842429118,0.00016351010947346367,0.0,0.0,0.0,32.920644036521544,8.873277796715673,0.32536999437238384,0.08769872009730685,266.84256569743593,-585.966203305396,1.208602832862683,1.2549905105366121,4.56993873413117,18.02792522662146,47.15816034825417,13.081131109802998,49.385514900092154,11.121065155067905,330.86041364722166,43.61615118027195,1.6657927587896135,1.1149814339672777,2.8256275487375895,1.8106162420077352,2.1235188988678604,0.15855247312720555,0.0,1.0,0.0,0.0,0.0,0.0,0.0,0.0,False,warp_monotonic_reserve;maximum_knee_displacement;rms_knee_displacement;peak_dq_ratio;rms_dq_ratio;peak_ddq_ratio;rms_ddq_ratio
extend,0.2475,0.0,0.2475,True,24.0,401,28.90933692566648,112.02543857007235,83.11610164440587,18.32089740794778,119.50016487637298,101.1792674684252,0.0,0.0,0.0,1.3699285261736804e-08,0.00016487637297757374,0.00016489007225573005,0.0,0.0,0.0,33.202338841592805,8.957225018352837,0.3281541147874974,0.08852840942541841,266.9318582944868,-598.5925455181107,1.208602832862683,1.255274446887229,4.56993873413117,18.021017735781246,47.37974277664812,13.104383274151143,49.546831702156105,11.246590627376051,352.1250404971155,44.590742083581716,1.6736198326611949,1.116963352146227,2.834857404919271,1.8310529947627758,2.259998922257028,0.14996627387340145,0.0,1.0,0.0,0.0,0.0,0.0,0.0,0.0,False,warp_monotonic_reserve;maximum_knee_displacement;rms_knee_displacement;peak_dq_ratio;rms_dq_ratio;peak_ddq_ratio;rms_ddq_ratio
extend,0.25,0.0,0.25,True,24.0,401,28.90933692566648,112.02543857007235,83.11610164440587,18.32089740780955,119.5001662504926,101.17926884268304,0.0,0.0,0.0,1.3837514245551574e-08,0.00016625049259744173,0.00016626433010458186,0.0,0.0,0.0,33.48219945942029,9.04112364735918,0.3309201070793421,0.08935761849002118,267.0237760784834,-611.2122326272248,1.208602832862683,1.2555591748992907,4.56993873413117,18.014422053206484,47.56629433986679,13.127561804639402,49.7043705364643,11.29175761060674,366.6973036595099,44.1913174385769,1.6802094926660736,1.11893899407995,2.843871101974324,1.8384066135303732,2.3535262073241827,0.14138007461959745,0.0,1.0,0.0,0.0,0.0,0.0,0.0,0.0,False,warp_monotonic_reserve;maximum_knee_displacement;rms_knee_displacement;peak_dq_ratio;rms_dq_ratio;peak_ddq_ratio;rms_ddq_ratio
