trial_id,q_hip_rad,q_knee_rad,dq_hip_rad_s,dq_knee_rad_s,ddq_hip_rad_s2,ddq_knee_rad_s2,fx_observed_n,fz_observed_n,sample_valid,force_mapping_valid,wrench_is_stale,trajectory_sample_index,candidate_id,excitation_duration_s,trajectory_sha256,within_identification_role
1,0.5061580913269217,0.3203519370158654,0.0,0.0,0.0,0.0,-233.44774655048693,-28.88910365822743,True,True,False,0,ID-G-coupled-neg-d14,14.0,80eafeaec97df2d48995a6a716b7c2873eb4339c035d7a812a4ffb1056332407,validation
1,0.5061605539303131,0.32035377451492425,0.00018586122307911795,0.0001387315070866506,0.009336307024761495,0.006976256008241838,-233.50526543079962,-28.8914694133125,True,True,False,1,ID-G-coupled-neg-d14,14.0,80eafeaec97df2d48995a6a716b7c2873eb4339c035d7a812a4ffb1056332407,train
1,0.5061777034068777,0.32036660661062033,0.0007404464460772253,0.0005553811448238206,0.01866967267622782,0.014118541315937073,-233.57153124821204,-28.898333682420006,True,True,False,2,ID-G-coupled-neg-d14,14.0,80eafeaec97df2d48995a6a716b7c2873eb4339c035d7a812a4ffb1056332407,train
1,0.5062243148111216,0.32040179213347353,0.001675764099862194,0.001272896186942989,0.028678747015209265,0.022343130962528768,-233.6471318375323,-28.91076129675938,True,True,False,3,ID-G-coupled-neg-d14,14.0,80eafeaec97df2d48995a6a716b7c2873eb4339c035d7a812a4ffb1056332407,train
1,0.5063162732279723,0.32047245682462444,0.003038125196763405,0.0023606299858696584,0.04039710532728438,0.033051317072212684,-233.7354921131701,-28.93026535655421,True,True,False,4,ID-G-coupled-neg-d14,14.0,80eafeaec97df2d48995a6a716b7c2873eb4339c035d7a812a4ffb1056332407,train
1,0.5064721830991518,0.32059567663813104,0.004919822695895634,0.003950521265990239,0.05508320421675865,0.04796405466600441,-233.8418962536058,-28.958749048523394,True,True,False,5,ID-G-coupled-neg-d14,14.0,80eafeaec97df2d48995a6a716b7c2873eb4339c035d7a812a4ffb1056332407,validation
1,0.5067153232970715,0.32079515412231946,0.007464477966797889,0.006245278535012198,0.07402888526854147,0.0688814689618747,-233.9716819519124,-28.998281106235634,True,True,False,6,ID-G-coupled-neg-d14,14.0,80eafeaec97df2d48995a6a716b7c2873eb4339c035d7a812a4ffb1056332407,train
1,0.5070756452065603,0.32110400772031034,0.010863383570483562,0.009515302709656202,0.09829546682845622,0.09735376021524819,-234.12757203436735,-29.050692267335073,True,True,False,7,ID-G-coupled-neg-d14,14.0,80eafeaec97df2d48995a6a716b7c2873eb4339c035d7a812a4ffb1056332407,train
1,0.5075913976639419,0.32156715506700123,0.015339822423813394,0.014080652246962963,0.1283706142400024,0.13425515265290042,-234.30617947366846,-29.116988158262302,True,True,False,8,ID-G-coupled-neg-d14,14.0,80eafeaec97df2d48995a6a716b7c2873eb4339c035d7a812a4ffb1056332407,train
1,0.5083098387796374,0.3222426197985128,0.02111817576339507,0.020274147848222065,0.1637446051643488,0.17925908856973385,-234.49382750669224,-29.196589757762357,True,True,False,9,ID-G-coupled-neg-d14,14.0,80eafeaec97df2d48995a6a716b7c2873eb4339c035d7a812a4ffb1056332407,train
1,0.5092863665472795,0.3232009345381794,0.02837451659548902,0.028381577061742512,0.20239981126360754,0.23020757031988182,-234.66190337632094,-29.286432961966895,True,True,False,10,ID-G-coupled-neg-d14,14.0,80eafeaec97df2d48995a6a716b7c2873eb4339c035d7a812a4ffb1056332407,validation
1,0.5105812730310519,0.3245216571226312,0.03716587361321965,0.03855553092461375,0.24025167467820902,0.2824192322396982,-234.7623501578158,-29.380004919913933,True,True,False,11,ID-G-coupled-neg-d14,14.0,80eafeaec97df2d48995a6a716b7c2873eb4339c035d7a812a4ffb1056332407,train
1,0.5122532053902307,0.3262858684410461,0.04733352777025282,0.05069731171156836,0.27037702915617,0.32774672454758946,-234.7228602307564,-29.46635249095282,True,True,False,12,ID-G-coupled-neg-d14,14.0,80eafeaec97df2d48995a6a716b7c2873eb4339c035d7a812a4ffb1056332407,train
1,0.5143483049204954,0.32856338332717694,0.05838579614684973,0.0643130542258359,0.28285187515088767,0.3543354426061532,-234.44707010389908,-29.529476627121223,True,True,False,13,ID-G-coupled-neg-d14,14.0,80eafeaec97df2d48995a6a716b7c2873eb4339c035d7a812a4ffb1056332407,train
1,0.5168838958998153,0.3313932849657421,0.06931947534389003,0.07829668893734207,0.26139690844281127,0.3426858230565077,-233.79848988028021,-29.546849604904054,True,True,False,14,ID-G-coupled-neg-d14,14.0,80eafeaec97df2d48995a6a716b7c2873eb4339c035d7a812a4ffb1056332407,train
1,0.5198255119652545,0.334756291235996,0.0785567948462885,0.09084426609614565,0.19436756562050314,0.2783109307443176,-232.6679831876176,-29.493244878672588,True,True,False,15,ID-G-coupled-neg-d14,14.0,80eafeaec97df2d48995a6a716b7c2873eb4339c035d7a812a4ffb1056332407,validation
1,0.5230559811138705,0.33853738495395325,0.08318048585013298,0.0985540391106248,0.020767739435431164,0.0892208914050331,-230.6764332778563,-29.322501308660073,True,True,False,16,ID-G-coupled-neg-d14,14.0,80eafeaec97df2d48995a6a716b7c2873eb4339c035d7a812a4ffb1056332407,train
1,0.5263461103026892,0.34248963409924504,0.08200374238941056,0.09995979804486703,-0.08595128406991472,-0.02583481287665974,-228.77272563649746,-29.064529121176268,True,True,False,17,ID-G-coupled-neg-d14,14.0,80eafeaec97df2d48995a6a716b7c2873eb4339c035d7a812a4ffb1056332407,train
1,0.5295372980792825,0.34644244629483056,0.07913950013850789,0.09964042973557191,-0.04881888952900546,0.019712945469057223,-227.5669932792568,-28.791732588742573,True,True,False,18,ID-G-coupled-neg-d14,14.0,80eafeaec97df2d48995a6a716b7c2873eb4339c035d7a812a4ffb1056332407,train
1,0.532650143290738,0.3504233697618046,0.07820718376088631,0.10149655741780297,0.011488867718879386,0.08329523647898363,-226.56622027224566,-28.52328296897773,True,True,False,19,ID-G-coupled-neg-d14,14.0,80eafeaec97df2d48995a6a716b7c2873eb4339c035d7a812a4ffb1056332407,train
1,0.5357935863055201,0.3545481371747943,0.08123757202921945,0.10745086640157542,0.15589478624109748,0.2313383287383283,-226.10311444552605,-28.284019716528576,True,True,False,20,ID-G-coupled-neg-d14,14.0,80eafeaec97df2d48995a6a716b7c2873eb4339c035d7a812a4ffb1056332407,validation
1,0.5391933571549048,0.35904763702204795,0.09173732752901315,0.12098417949168691,0.39202759923752145,0.46922254325094187,-226.2552647682624,-28.105387983530186,True,True,False,21,ID-G-coupled-neg-d14,14.0,80eafeaec97df2d48995a6a716b7c2873eb4339c035d7a812a4ffb1056332407,train
1,0.543135032868055,0.3642120569106525,0.10680582989850068,0.1392548764596907,0.3621024146250781,0.44629800430130634,-225.05569476034827,-27.934670626006465,True,True,False,22,ID-G-coupled-neg-d14,14.0,80eafeaec97df2d48995a6a716b7c2873eb4339c035d7a812a4ffb1056332407,train
1,0.5476441146258525,0.3700764270472123,0.12016684800705874,0.156101311909336,0.30506854402538386,0.39676759379083515,-223.490855139711,-27.715120336774454,True,True,False,23,ID-G-coupled-neg-d14,14.0,80eafeaec97df2d48995a6a716b7c2873eb4339c035d7a812a4ffb1056332407,train
1,0.5526216811701279,0.3765537414477845,0.12997448910629192,0.16971456955011116,0.1795422154890532,0.27989152045063914,-221.3478840273226,-27.43053762698438,True,True,False,24,ID-G-coupled-neg-d14,14.0,80eafeaec97df2d48995a6a716b7c2873eb4339c035d7a812a4ffb1056332407,train
1,0.5579183200196806,0.3835078466132209,0.13707790054992672,0.180968692181327,0.17878984370582102,0.28814103938538643,-219.63723867031817,-27.094444357350593,True,True,False,25,ID-G-coupled-neg-d14,14.0,80eafeaec97df2d48995a6a716b7c2873eb4339c035d7a812a4ffb1056332407,validation
1,0.5635106762110352,0.3909297327518313,0.14528822723807405,0.19370935308528472,0.23916354118088784,0.358504079124178,-218.18018747215837,-26.745408355383432,True,True,False,26,ID-G-coupled-neg-d14,14.0,80eafeaec97df2d48995a6a716b7c2873eb4339c035d7a812a4ffb1056332407,train
1,0.5694760354234049,0.3989126326066641,0.15587261123067264,0.20925121609655442,0.29767460427957876,0.4284229222922138,-216.70073059829397,-26.395868994040153,True,True,False,27,ID-G-coupled-neg-d14,14.0,80eafeaec97df2d48995a6a716b7c2873eb4339c035d7a812a4ffb1056332407,train
1,0.5758906125100284,0.40755099520316274,0.1674732965017898,0.22630576537960567,0.2858278199533703,0.43006521989811886,-214.83313794037755,-26.035388743430865,True,True,False,28,ID-G-coupled-neg-d14,14.0,80eafeaec97df2d48995a6a716b7c2873eb4339c035d7a812a4ffb1056332407,train
1,0.5827551347431443,0.41686658661993053,0.1785368109009496,0.24338980706206817,0.27063964686666864,0.43030788657116825,-212.84890341515245,-25.645397948678504,True,True,False,29,ID-G-coupled-neg-d14,14.0,80eafeaec97df2d48995a6a716b7c2873eb4339c035d7a812a4ffb1056332407,train
1,0.5900511908108018,0.42686302135972165,0.1893602202326089,0.26071863916931814,0.2749732483270821,0.4433011460273079,-210.87199579592382,-25.22136166061837,True,True,False,30,ID-G-coupled-neg-d14,14.0,80eafeaec97df2d48995a6a716b7c2873eb4339c035d7a812a4ffb1056332407,validation
1,0.5977811691404957,0.4375578602735648,0.20044773722782838,0.27862422034058215,0.28422595446110094,0.45950147158262106,-208.85633180620795,-24.771575237063388,True,True,False,31,ID-G-coupled-neg-d14,14.0,80eafeaec97df2d48995a6a716b7c2873eb4339c035d7a812a4ffb1056332407,train
1,0.6059546400085879,0.4489720455174811,0.21162339351607967,0.29688603756522497,0.27867509283760344,0.460371574649638,-206.7215619161306,-24.299526700133207,True,True,False,32,ID-G-coupled-neg-d14,14.0,80eafeaec97df2d48995a6a716b7c2873eb4339c035d7a812a4ffb1056332407,train
1,0.614566119092985,0.4611101664072476,0.22250805319439299,0.3150981060626923,0.26947353875719793,0.4570303856329218,-204.5189807456973,-23.802884626859715,True,True,False,33,ID-G-coupled-neg-d14,14.0,80eafeaec97df2d48995a6a716b7c2873eb4339c035d7a812a4ffb1056332407,train
1,0.6236058028481506,0.4739743656035118,0.23331417800618232,0.333673432439556,0.27550485558048765,0.4803591450049553,-202.34477143918636,-23.28991181435609,True,True,False,34,ID-G-coupled-neg-d14,14.0,80eafeaec97df2d48995a6a716b7c2873eb4339c035d7a812a4ffb1056332407,train
1,0.633079195079521,0.48759485718693185,0.24438422375468621,0.35325260735123487,0.2828247104409999,0.5073703958263158,-200.16359010987634,-22.76309678369386,True,True,False,35,ID-G-coupled-neg-d14,14.0,80eafeaec97df2d48995a6a716b7c2873eb4339c035d7a812a4ffb1056332407,validation
1,0.6429990288117643,0.5020160909101511,0.25586587490033197,0.3741253763751491,0.29650651606925593,0.5461203452119001,-198.00301473931904,-22.22320948555786,True,True,False,36,ID-G-coupled-neg-d14,14.0,80eafeaec97df2d48995a6a716b7c2873eb4339c035d7a812a4ffb1056332407,train
1,0.65338035447003,0.5172878964972305,0.26752583515753686,0.39590780788519375,0.2909851260030034,0.5508042903984972,-195.76436544504784,-21.66116981855468,True,True,False,37,ID-G-coupled-neg-d14,14.0,80eafeaec97df2d48995a6a716b7c2873eb4339c035d7a812a4ffb1056332407,train
1,0.6642186894345522,0.5334244401375241,0.2788779409362887,0.41765948071473263,0.2808613695526226,0.5448815600786174,-193.49474913286076,-21.072268994229745,True,True,False,38,ID-G-coupled-neg-d14,14.0,80eafeaec97df2d48995a6a716b7c2873eb4339c035d7a812a4ffb1056332407,train
1,0.6754993210246804,0.5504184343014378,0.28982621046541646,0.439127726335203,0.27069412782366853,0.5367888053274686,-191.22026995968048,-20.458764452765955,True,True,False,39,ID-G-coupled-neg-d14,14.0,80eafeaec97df2d48995a6a716b7c2873eb4339c035d7a812a4ffb1056332407,train
1,0.6872107611543555,0.5682704065771704,0.3007206638002458,0.46129669744793933,0.2788798584936475,0.5841813106947846,-189.02613192843123,-19.84417656286189,True,True,False,40,ID-G-coupled-neg-d14,14.0,80eafeaec97df2d48995a6a716b7c2873eb4339c035d7a812a4ffb1056332407,validation
1,0.6993613182920657,0.5870390318078128,0.31198039237424585,0.4852936357678803,0.2891574874951208,0.6260243641666584,-186.88187734083027,-19.213506487175408,True,True,False,41,ID-G-coupled-neg-d14,14.0,80eafeaec97df2d48995a6a716b7c2873eb4339c035d7a812a4ffb1056332407,train
1,0.7119623124359372,0.6067832521944053,0.3233176523628227,0.5102147028307481,0.2821673252246581,0.6279605440386711,-184.70988092331942,-18.556003984981444,True,True,False,42,ID-G-coupled-neg-d14,14.0,80eafeaec97df2d48995a6a716b7c2873eb4339c035d7a812a4ffb1056332407,train
1,0.7250024358005944,0.6275016703621106,0.33398702400468466,0.5339733068114948,0.2548520531350629,0.5642983078347517,-182.48447876190716,-17.850339064455195,True,True,False,43,ID-G-coupled-neg-d14,14.0,80eafeaec97df2d48995a6a716b7c2873eb4339c035d7a812a4ffb1056332407,train
1,0.7384456352702359,0.6491126841932459,0.3436776128164309,0.5553226647623932,0.23310536271512952,0.5120516287846886,-180.28699171291987,-17.11625381396398,True,True,False,44,ID-G-coupled-neg-d14,14.0,80eafeaec97df2d48995a6a716b7c2873eb4339c035d7a812a4ffb1056332407,train
1,0.7522623661074347,0.6715663268773058,0.3529863919918818,0.5776238287546318,0.23645260151431358,0.6276742783200563,-178.21566780738902,-16.44415606368641,True,True,False,45,ID-G-coupled-neg-d14,14.0,80eafeaec97df2d48995a6a716b7c2873eb4339c035d7a812a4ffb1056332407,validation
1,0.76645312417618,0.6949868869638323,0.36259256837676507,0.6034586351419358,0.24833848020827556,0.6670071958608427,-176.27883403912105,-15.719435794097457,True,True,False,46,ID-G-coupled-neg-d14,14.0,80eafeaec97df2d48995a6a716b7c2873eb4339c035d7a812a4ffb1056332407,train
1,0.781025576950504,0.7194147850977393,0.3720018536175804,0.6269716944047479,0.22548005375284164,0.49534548211800555,-174.2825292448389,-14.876786152581719,True,True,False,47,ID-G-coupled-neg-d14,14.0,80eafeaec97df2d48995a6a716b7c2873eb4339c035d7a812a4ffb1056332407,train
1,0.7959515484184905,0.7446133074608856,0.3803721487626007,0.6419025774451816,0.19583082491982184,0.24885890668153843,-172.25450502880676,-13.95758055770869,True,True,False,48,ID-G-coupled-neg-d14,14.0,80eafeaec97df2d48995a6a716b7c2873eb4339c035d7a812a4ffb1056332407,train
1,0.8112023928500142,0.7702727941680462,0.38880778113717807,0.652655687747806,0.23059634349242142,0.33871477013841345,-170.45295561478702,-13.17261028676139,True,True,False,49,ID-G-coupled-neg-d14,14.0,80eafeaec97df2d48995a6a716b7c2873eb4339c035d7a812a4ffb1056332407,train
1,0.8268047911301784,0.7964573022793715,0.39782335525435936,0.6682114529715697,0.22387922755985232,0.44085757361697203,-168.6809646207729,-12.502248887143132,True,True,False,50,ID-G-coupled-neg-d14,14.0,80eafeaec97df2d48995a6a716b7c2873eb4339c035d7a812a4ffb1056332407,validation
1,0.8427391409344027,0.8232615355563877,0.405010954385013,0.6810013089496404,0.1363966321209469,0.13855778302797445,-166.76583485200806,-11.706207566306782,True,True,False,51,ID-G-coupled-neg-d14,14.0,80eafeaec97df2d48995a6a716b7c2873eb4339c035d7a812a4ffb1056332407,train
1,0.8588927788156903,0.8502989817617764,0.40896070468752843,0.6803668572892666,0.0611406138444234,-0.1565918686967883,-164.85780611657444,-10.880992170381358,True,True,False,52,ID-G-coupled-neg-d14,14.0,80eafeaec97df2d48995a6a716b7c2873eb4339c035d7a812a4ffb1056332407,train
1,0.8751724882755137,0.8771519561713996,0.4121167739681356,0.6743938774666002,0.09923333997628839,-0.07322504664022941,-163.33480660760927,-10.192284313238112,True,True,False,53,ID-G-coupled-neg-d14,14.0,80eafeaec97df2d48995a6a716b7c2873eb4339c035d7a812a4ffb1056332407,train
1,0.8915952352495251,0.9038668714975698,0.41585509661472225,0.6726191956647468,0.08928240947706356,-0.04786179326456858,-161.850387816773,-9.622658106717829,True,True,False,54,ID-G-coupled-neg-d14,14.0,80eafeaec97df2d48995a6a716b7c2873eb4339c035d7a812a4ffb1056332407,train
1,0.9081431855621073,0.9304828154707024,0.41803179140703545,0.6681526914987653,0.019161430307116034,-0.21305500324336288,-160.29406275157893,-9.067227446201501,True,True,False,55,ID-G-coupled-neg-d14,14.0,80eafeaec97df2d48995a6a716b7c2873eb4339c035d7a812a4ffb1056332407,validation
1,0.9247424920680499,0.9567810832514035,0.4189714268523099,0.6573641823832325,0.02875320039359487,-0.2973938456771256,-159.01132980264174,-8.507380518956595,True,True,False,56,ID-G-coupled-neg-d14,14.0,80eafeaec97df2d48995a6a716b7c2873eb4339c035d7a812a4ffb1056332407,train
1,0.9413833326600152,0.9826235622814394,0.4200400590059362,0.6459713731792789,0.025352216920784428,-0.25357519410771734,-157.79813603334486,-8.112310339901178,True,True,False,57,ID-G-coupled-neg-d14,14.0,80eafeaec97df2d48995a6a716b7c2873eb4339c035d7a812a4ffb1056332407,train
1,0.958052934160656,1.0080646295829145,0.42013672319896334,0.6370677723707682,-0.021135541416288525,-0.20451674531486122,-156.5878601564453,-7.851232516422202,True,True,False,58,ID-G-coupled-neg-d14,14.0,80eafeaec97df2d48995a6a716b7c2873eb4339c035d7a812a4ffb1056332407,train
1,0.9746839639662602,1.0331777551355064,0.4179444671186959,0.6289937114942953,-0.09043419211621902,-0.22048587883851867,-155.405332102918,-7.632068309544944,True,True,False,59,ID-G-coupled-neg-d14,14.0,80eafeaec97df2d48995a6a716b7c2873eb4339c035d7a812a4ffb1056332407,train
1,0.9911977046031614,1.05794411431528,0.4148514842690285,0.61951185154574,-0.06466076000013495,-0.25442016674001766,-154.54145860915352,-7.321549166317588,True,True,False,60,ID-G-coupled-neg-d14,14.0,80eafeaec97df2d48995a6a716b7c2873eb4339c035d7a812a4ffb1056332407,validation
1,1.0076339436914188,1.0823230438204197,0.4146817034959679,0.6104063301439152,0.058660138287407466,-0.15487954229310172,-154.02322627908256,-7.016175969837752,True,True,False,61,ID-G-coupled-neg-d14,14.0,80eafeaec97df2d48995a6a716b7c2873eb4339c035d7a812a4ffb1056332407,train
1,1.02412707269758,1.1064523125938122,0.4168529960497034,0.6065693751089966,0.050849938071503266,-0.0898038099770179,-153.28233729233347,-6.913825785260444,True,True,False,62,ID-G-coupled-neg-d14,14.0,80eafeaec97df2d48995a6a716b7c2873eb4339c035d7a812a4ffb1056332407,train
1,1.0406886575779126,1.1304345909680533,0.4178350682229578,0.6023216815927551,-0.0020659628423541523,-0.13418416142568293,-152.4761360622294,-6.836435394763042,True,True,False,63,ID-G-coupled-neg-d14,14.0,80eafeaec97df2d48995a6a716b7c2873eb4339c035d7a812a4ffb1056332407,train
1,1.0572869488857,1.1542124452632163,0.4197222274746539,0.5969046924728503,0.09907790993118144,-0.08382795038713399,-152.1137740814673,-6.661983336517457,True,True,False,64,ID-G-coupled-neg-d14,14.0,80eafeaec97df2d48995a6a716b7c2873eb4339c035d7a812a4ffb1056332407,train
1,1.0740008267854682,1.177859068893228,0.42265834276380987,0.5956573230812375,0.048259799723264496,-0.041882557049721304,-151.4518436343121,-6.713525740938541,True,True,False,65,ID-G-coupled-neg-d14,14.0,80eafeaec97df2d48995a6a716b7c2873eb4339c035d7a812a4ffb1056332407,validation
1,1.0908069526042163,1.2014329732345839,0.42478068082819675,0.5926954220702495,0.05905039574236035,-0.07558944059706384,-150.97403409723952,-6.671360618249455,True,True,False,66,ID-G-coupled-neg-d14,14.0,80eafeaec97df2d48995a6a716b7c2873eb4339c035d7a812a4ffb1056332407,train
1,1.1077206500293262,1.2248956882636015,0.42846589227863463,0.5907632592613403,0.1278902543508649,-0.0016764788836107255,-150.7014940479307,-6.657167571433005,True,True,False,67,ID-G-coupled-neg-d14,14.0,80eafeaec97df2d48995a6a716b7c2873eb4339c035d7a812a4ffb1056332407,train
1,1.124814207314184,1.2483585361504308,0.4333208097316301,0.5926505999802406,0.1167985995614304,0.047159238257188686,-150.30057140041066,-6.766488311177179,True,True,False,68,ID-G-coupled-neg-d14,14.0,80eafeaec97df2d48995a6a716b7c2873eb4339c035d7a812a4ffb1056332407,train
1,1.142071809276647,1.2718820058653797,0.4362273620491254,0.5930374190723401,0.028611667196683357,0.0017660258017640094,-149.72615735487608,-6.9249095584465525,True,True,False,69,ID-G-coupled-neg-d14,14.0,80eafeaec97df2d48995a6a716b7c2873eb4339c035d7a812a4ffb1056332407,train
1,1.1593875763376944,1.2954193668190999,0.43656955954767324,0.5940244956659169,-0.011768729567103385,0.047062641489772315,-149.3018232443928,-7.0882329939385365,True,True,False,70,ID-G-coupled-neg-d14,14.0,80eafeaec97df2d48995a6a716b7c2873eb4339c035d7a812a4ffb1056332407,validation
1,1.176703672969088,1.3190301484178055,0.4367203687903743,0.5966247626247894,0.01990869939251564,0.06650481472090584,-149.09633896849067,-7.156480108739899,True,True,False,71,ID-G-coupled-neg-d14,14.0,80eafeaec97df2d48995a6a716b7c2873eb4339c035d7a812a4ffb1056332407,train
1,1.194041373730136,1.3427343935855214,0.43741961800998885,0.5981706465989004,0.015401367246811565,0.0075216662896830195,-148.83032166451417,-7.212466676174497,True,True,False,72,ID-G-coupled-neg-d14,14.0,80eafeaec97df2d48995a6a716b7c2873eb4339c035d7a812a4ffb1056332407,train
1,1.211425221622341,1.366447418779444,0.43961043994507654,0.5970238221121845,0.09610070350232214,-0.03477899511521487,-148.7972392706458,-7.177372386377275,True,True,False,73,ID-G-coupled-neg-d14,14.0,80eafeaec97df2d48995a6a716b7c2873eb4339c035d7a812a4ffb1056332407,train
1,1.228870973642418,1.390142178290505,0.43827122218042,0.5985689759029794,-0.16649320606442097,0.05772687576869761,-147.9846140866614,-7.614731936823976,True,True,False,74,ID-G-coupled-neg-d14,14.0,80eafeaec97df2d48995a6a716b7c2873eb4339c035d7a812a4ffb1056332407,train
1,1.2461239944949531,1.4138275768463906,0.43161157382831583,0.5930608641417119,-0.1691273358574664,-0.3038997827629684,-147.73493463799815,-7.463288545055118,True,True,False,75,ID-G-coupled-neg-d14,14.0,80eafeaec97df2d48995a6a716b7c2873eb4339c035d7a812a4ffb1056332407,validation
1,1.263114378671741,1.4371428792493643,0.4251211539108338,0.5832576539219295,-0.15782831213452275,-0.1959223760009271,-147.56861814785103,-7.529529969189497,True,True,False,76,ID-G-coupled-neg-d14,14.0,80eafeaec97df2d48995a6a716b7c2873eb4339c035d7a812a4ffb1056332407,train
1,1.2798217408107948,1.4600930070974651,0.4164597648081925,0.573083962422393,-0.2799043930413973,-0.31809338426736605,-147.0932052393196,-7.610480921674551,True,True,False,77,ID-G-coupled-neg-d14,14.0,80eafeaec97df2d48995a6a716b7c2873eb4339c035d7a812a4ffb1056332407,train
1,1.2961392399297005,1.482482814199577,0.40673702960785,0.5533943921344336,-0.20945831515885968,-0.6810888038612368,-147.0327917555561,-7.314463949611422,True,True,False,78,ID-G-coupled-neg-d14,14.0,80eafeaec97df2d48995a6a716b7c2873eb4339c035d7a812a4ffb1056332407,train
1,1.31209373824158,1.5039411066465265,0.3973196234679991,0.5302825987068309,-0.26569974250440587,-0.4472035731850405,-146.7460960037064,-7.499587828589522,True,True,False,79,ID-G-coupled-neg-d14,14.0,80eafeaec97df2d48995a6a716b7c2873eb4339c035d7a812a4ffb1056332407,train
1,1.3276119245951685,1.5245946400883104,0.38426595629990484,0.5094655628872594,-0.3933556551983754,-0.6521164002982146,-146.27548762614333,-7.5531779610249785,True,True,False,80,ID-G-coupled-neg-d14,14.0,80eafeaec97df2d48995a6a716b7c2873eb4339c035d7a812a4ffb1056332407,validation
1,1.3426497359312153,1.544266571624091,0.376617173119323,0.4823667123974509,0.011118948161857399,-0.6805181908801874,-147.0923882285758,-7.138269738114619,True,True,False,81,ID-G-coupled-neg-d14,14.0,80eafeaec97df2d48995a6a716b7c2873eb4339c035d7a812a4ffb1056332407,train
1,1.3576217535653023,1.5629132800147465,0.3788899965821962,0.45979785769207737,0.10421871609774169,-0.4081163333854722,-147.30014056700657,-7.322448532501408,True,True,False,82,ID-G-coupled-neg-d14,14.0,80eafeaec97df2d48995a6a716b7c2873eb4339c035d7a812a4ffb1056332407,train
1,1.3726802822240423,1.5808740382572701,0.37901911674817834,0.44587858267096225,-0.0991305342427132,-0.35842811575885813,-146.83898721187566,-7.8125213327643515,True,True,False,83,ID-G-coupled-neg-d14,14.0,80eafeaec97df2d48995a6a716b7c2873eb4339c035d7a812a4ffb1056332407,train
1,1.3876493505517984,1.5982807393653786,0.37604628850025384,0.43212422208018264,-0.05035720412199634,-0.3143778088593049,-146.97057803878147,-8.077859591324895,True,True,False,84,ID-G-coupled-neg-d14,14.0,80eafeaec97df2d48995a6a716b7c2873eb4339c035d7a812a4ffb1056332407,train
1,1.4025085276114748,1.6151996791060372,0.3727058562671827,0.4217674285708437,-0.11842996684537485,-0.1932711488174516,-146.86669287092462,-8.548575250506346,True,True,False,85,ID-G-coupled-neg-d14,14.0,80eafeaec97df2d48995a6a716b7c2873eb4339c035d7a812a4ffb1056332407,validation
1,1.4171737982227044,1.6317962578965608,0.36607037876377496,0.41475946387089657,-0.21661904340137164,-0.21661404072047252,-146.69017921631604,-8.988871303638398,True,True,False,86,ID-G-coupled-neg-d14,14.0,80eafeaec97df2d48995a6a716b7c2873eb4339c035d7a812a4ffb1056332407,train
1,1.431544106071768,1.6480619743229097,0.3589906813665156,0.40553028396011115,-0.13982525938983703,-0.20271745722714427,-146.93107052818362,-9.251658766400677,True,True,False,87,ID-G-coupled-neg-d14,14.0,80eafeaec97df2d48995a6a716b7c2873eb4339c035d7a812a4ffb1056332407,train
1,1.4455612478707809,1.664006025319878,0.34489116787177726,0.39852185744774815,-0.5731304369741156,-0.1751926195438712,-145.97126562224318,-10.019036567183832,True,True,False,88,ID-G-coupled-neg-d14,14.0,80eafeaec97df2d48995a6a716b7c2873eb4339c035d7a812a4ffb1056332407,train
1,1.458846044085186,1.6796564007848445,0.3263288666534427,0.3891363044785334,-0.3616243598499813,-0.3815898131897403,-146.47778925280383,-9.939289016882842,True,True,False,89,ID-G-coupled-neg-d14,14.0,80eafeaec97df2d48995a6a716b7c2873eb4339c035d7a812a4ffb1056332407,train
1,1.4714910198635707,1.6947198084354183,0.3108561645195508,0.36996096000947587,-0.4186119902212853,-0.4526084914880364,-146.35842313067712,-10.1200582821745,True,True,False,90,ID-G-coupled-neg-d14,14.0,80eafeaec97df2d48995a6a716b7c2873eb4339c035d7a812a4ffb1056332407,validation
1,1.4835038598080172,1.7090780583733325,0.29512734242500516,0.35444524645059605,-0.37412963452648207,-0.38157933350185863,-146.51763966668446,-10.272505123705532,True,True,False,91,ID-G-coupled-neg-d14,14.0,80eafeaec97df2d48995a6a716b7c2873eb4339c035d7a812a4ffb1056332407,train
1,1.4949248724320712,1.7228320284528775,0.28094196600037435,0.3390834953217194,-0.34086490430686656,-0.3734153900544938,-146.658265503132,-10.379103130120395,True,True,False,92,ID-G-coupled-neg-d14,14.0,80eafeaec97df2d48995a6a716b7c2873eb4339c035d7a812a4ffb1056332407,train
1,1.505783476854145,1.7359994073868523,0.2661147275985351,0.3249233156049732,-0.4068054158430397,-0.35862442866817185,-146.57574845252816,-10.568170221552329,True,True,False,93,ID-G-coupled-neg-d14,14.0,80eafeaec97df2d48995a6a716b7c2873eb4339c035d7a812a4ffb1056332407,train
1,1.5160807460443726,1.7485994486321847,0.2546310789146244,0.3101921928536939,-0.17149530559956036,-0.38614926900476765,-147.2121225788046,-10.421087539846717,True,True,False,94,ID-G-coupled-neg-d14,14.0,80eafeaec97df2d48995a6a716b7c2873eb4339c035d7a812a4ffb1056332407,train
1,1.526061355994594,1.7605957942515387,0.2489770010710311,0.2949787645044309,-0.11340784339200423,-0.33254024461614096,-147.4714542500069,-10.495532957159945,True,True,False,95,ID-G-coupled-neg-d14,14.0,80eafeaec97df2d48995a6a716b7c2873eb4339c035d7a812a4ffb1056332407,validation
1,1.5358158334600416,1.7720780442041435,0.24202709470998923,0.28498012937231243,-0.2371759650878595,-0.1793021878781019,-147.33388724457782,-10.834866954285388,True,True,False,96,ID-G-coupled-neg-d14,14.0,80eafeaec97df2d48995a6a716b7c2873eb4339c035d7a812a4ffb1056332407,train
1,1.5452440516890964,1.783269082727581,0.23370974112450493,0.2791362754945386,-0.1820471157445116,-0.21817383854345532,-147.60321707909276,-10.906111178226524,True,True,False,97,ID-G-coupled-neg-d14,14.0,80eafeaec97df2d48995a6a716b7c2873eb4339c035d7a812a4ffb1056332407,train
1,1.5543525470536703,1.794101450650322,0.22506877970088218,0.26616902321492175,-0.25364112095198804,-0.3284376012143234,-147.5394552422615,-11.01823691129249,True,True,False,98,ID-G-coupled-neg-d14,14.0,80eafeaec97df2d48995a6a716b7c2873eb4339c035d7a812a4ffb1056332407,train
1,1.563082714629951,1.804434748395629,0.2151584993498727,0.2548741504147495,-0.24596340326487734,-0.3433278934503225,-147.67560797068904,-11.11090357001834,True,True,False,99,ID-G-coupled-neg-d14,14.0,80eafeaec97df2d48995a6a716b7c2873eb4339c035d7a812a4ffb1056332407,train
1,1.571422198906242,1.8142091673436684,0.20527922410697064,0.23696513241511333,-0.2520854505854867,-0.47572023634962507,-147.73408101283886,-11.128613934943328,True,True,False,100,ID-G-coupled-neg-d14,14.0,80eafeaec97df2d48995a6a716b7c2873eb4339c035d7a812a4ffb1056332407,validation
1,1.5793303621767347,1.8232515276222292,0.19253865571876494,0.2189625240560551,-0.3901834619467554,-0.48481772165245185,-147.47790444796777,-11.347238733816148,True,True,False,101,ID-G-coupled-neg-d14,14.0,80eafeaec97df2d48995a6a716b7c2873eb4339c035d7a812a4ffb1056332407,train
1,1.58670513553473,1.8315166683214308,0.18041719463652134,0.19658905899663523,-0.22100417394956517,-0.6676969757453193,-147.89419179417058,-11.181394923999648,True,True,False,102,ID-G-coupled-neg-d14,14.0,80eafeaec97df2d48995a6a716b7c2873eb4339c035d7a812a4ffb1056332407,train
1,1.5937161087381035,1.8387357417606485,0.17378995138553002,0.1671723758956844,-0.11320824694965995,-0.6766519675514996,-148.17317660567068,-11.186211454118709,True,True,False,103,ID-G-coupled-neg-d14,14.0,80eafeaec97df2d48995a6a716b7c2873eb4339c035d7a812a4ffb1056332407,train
1,1.600508502203025,1.8449134842177708,0.1683767695412188,0.14545300781733284,-0.15962699021245585,-0.520610956066871,-148.12253891621958,-11.52677104358359,True,True,False,104,ID-G-coupled-neg-d14,14.0,80eafeaec97df2d48995a6a716b7c2873eb4339c035d7a812a4ffb1056332407,train
1,1.6070907008381814,1.850256347903868,0.16422408607639002,0.12409471090049237,-0.049925924048436515,-0.4867329688114149,-148.40791354582757,-11.723306530652415,True,True,False,105,ID-G-coupled-neg-d14,14.0,80eafeaec97df2d48995a6a716b7c2873eb4339c035d7a812a4ffb1056332407,validation
1,1.613552192877067,1.8548442115436643,0.16122753477789054,0.10815070872485973,-0.10103264936979453,-0.35068774492567634,-148.33265911877683,-12.201621711416621,True,True,False,106,ID-G-coupled-neg-d14,14.0,80eafeaec97df2d48995a6a716b7c2873eb4339c035d7a812a4ffb1056332407,train
1,1.6198812084914864,1.8588735588294896,0.1582126773304201,0.09533461265400209,-0.05109259733774884,-0.3020706857097705,-148.4771334550063,-12.599832692917214,True,True,False,107,ID-G-coupled-neg-d14,14.0,80eafeaec97df2d48995a6a716b7c2873eb4339c035d7a812a4ffb1056332407,train
1,1.62611614322974,1.8624321116885676,0.15613781264023913,0.08491165037713451,-0.053507765465866254,-0.17551843673080508,-148.50782021242247,-13.131183703000957,True,True,False,108,ID-G-coupled-neg-d14,14.0,80eafeaec97df2d48995a6a716b7c2873eb4339c035d7a812a4ffb1056332407,train
1,1.6322412629666738,1.8657115856964206,0.1520334977064524,0.0809273067745023,-0.15306970210176635,-0.10181572995778534,-148.30149401646923,-13.762347230809052,True,True,False,109,ID-G-coupled-neg-d14,14.0,80eafeaec97df2d48995a6a716b7c2873eb4339c035d7a812a4ffb1056332407,train
1,1.6381512992909877,1.8688255614760592,0.14594681564753187,0.07599882540171958,-0.15378235204141907,-0.11550957508057713,-148.29936434992473,-14.247644646532581,True,True,False,110,ID-G-coupled-neg-d14,14.0,80eafeaec97df2d48995a6a716b7c2873eb4339c035d7a812a4ffb1056332407,validation
1,1.6438580569328118,1.8717548618304598,0.14275399101608102,0.0714329658170333,-0.007805741091588049,-0.1518534448883793,-148.65395447303038,-14.588483317684432,True,True,False,111,ID-G-coupled-neg-d14,14.0,80eafeaec97df2d48995a6a716b7c2873eb4339c035d7a812a4ffb1056332407,train
1,1.6495004181135724,1.8744663853354626,0.1413824607965509,0.06659926934852692,-0.061098813207458975,0.029064388100409493,-148.5671430214775,-15.221421732458985,True,True,False,112,ID-G-coupled-neg-d14,14.0,80eafeaec97df2d48995a6a716b7c2873eb4339c035d7a812a4ffb1056332407,train
1,1.6550772965117342,1.877205592440681,0.14022440446410955,0.07202370470476561,0.0023842937987853664,0.13014461363135632,-148.78097403978444,-15.749402991348571,True,True,False,113,ID-G-coupled-neg-d14,14.0,80eafeaec97df2d48995a6a716b7c2873eb4339c035d7a812a4ffb1056332407,train
1,1.6606414757705752,1.8801511973257785,0.1403240300311297,0.07655651901555,0.0026233648488266145,0.13083713310043826,-148.8392801523657,-16.2485962157053,True,True,False,114,ID-G-coupled-neg-d14,14.0,80eafeaec97df2d48995a6a716b7c2873eb4339c035d7a812a4ffb1056332407,train
1,1.6662019371480918,1.8833061221890097,0.13984061880559204,0.08296694325557798,-0.026832774064331825,0.1973662677761325,-148.8466692056011,-16.79189977819407,True,True,False,115,ID-G-coupled-neg-d14,14.0,80eafeaec97df2d48995a6a716b7c2873eb4339c035d7a812a4ffb1056332407,validation
1,1.6717774068395168,1.8867546464638119,0.14251303664871345,0.09041134464688007,0.16034727281995226,0.13818566519613723,-149.38480986932396,-17.069991296908714,True,True,False,116,ID-G-coupled-neg-d14,14.0,80eafeaec97df2d48995a6a716b7c2873eb4339c035d7a812a4ffb1056332407,train
1,1.6774907034952362,1.8904533990229053,0.14390807195071822,0.09710675397273671,-0.08835253241457486,0.26316975474943943,-148.90363980814675,-17.780070602750353,True,True,False,117,ID-G-coupled-neg-d14,14.0,80eafeaec97df2d48995a6a716b7c2873eb4339c035d7a812a4ffb1056332407,train
1,1.6830664307236356,1.8945117277856243,0.13564737985550634,0.10623704021350382,-0.3263717194189072,0.11482091903770635,-148.38358558619726,-18.29560313128963,True,True,False,118,ID-G-coupled-neg-d14,14.0,80eafeaec97df2d48995a6a716b7c2873eb4339c035d7a812a4ffb1056332407,train
1,1.6882388076357464,1.8987323163616914,0.12635340002224985,0.10414101135612955,-0.14355722625722447,-0.23907994704775717,-148.81955284571364,-18.25111304407064,True,True,False,119,ID-G-coupled-neg-d14,14.0,80eafeaec97df2d48995a6a716b7c2873eb4339c035d7a812a4ffb1056332407,train
1,1.6930751909002166,1.9026736555544206,0.11593708279197192,0.095898706043134,-0.3796295213333471,-0.09604781593261001,-148.2903072705374,-18.745114700139915,True,True,False,120,ID-G-coupled-neg-d14,14.0,80eafeaec97df2d48995a6a716b7c2873eb4339c035d7a812a4ffb1056332407,validation
1,1.6973978117734456,1.906404463777649,0.10257018787593489,0.09166254541830493,-0.29492747974308464,-0.15197727494168822,-148.50202703945382,-18.857838007722506,True,True,False,121,ID-G-coupled-neg-d14,14.0,80eafeaec97df2d48995a6a716b7c2873eb4339c035d7a812a4ffb1056332407,train
1,1.7012933778178814,1.9099121061089208,0.09531255666308905,0.08508031298807563,-0.07293952678432016,-0.17391426975322738,-149.07124478671096,-18.83195944876263,True,True,False,122,ID-G-coupled-neg-d14,14.0,80eafeaec97df2d48995a6a716b7c2873eb4339c035d7a812a4ffb1056332407,train
1,1.7049626800062436,1.9132017110694168,0.08835143487598918,0.08225079651756127,-0.2760502383117197,0.039153654526307535,-148.65734364953346,-19.259348882872246,True,True,False,123,ID-G-coupled-neg-d14,14.0,80eafeaec97df2d48995a6a716b7c2873eb4339c035d7a812a4ffb1056332407,train
1,1.7083414763599096,1.9164538292425342,0.08427792792212797,0.08068382802209262,0.06728046319248211,-0.1041997070152852,-149.53216841658903,-19.053184527400987,True,True,False,124,ID-G-coupled-neg-d14,14.0,80eafeaec97df2d48995a6a716b7c2873eb4339c035d7a812a4ffb1056332407,train
1,1.7117983921762394,1.9196308536773905,0.09153246001351463,0.08095554463401347,0.2959952881020903,0.11566927418175382,-150.2422575877461,-19.142163519607603,True,True,False,125,ID-G-coupled-neg-d14,14.0,80eafeaec97df2d48995a6a716b7c2873eb4339c035d7a812a4ffb1056332407,validation
1,1.7156196668563537,1.9229880819055865,0.10008426273956472,0.08960024872879824,0.13678524988555094,0.2838172427795605,-150.04228822187372,-19.564491504995562,True,True,False,126,ID-G-coupled-neg-d14,14.0,80eafeaec97df2d48995a6a716b7c2873eb4339c035d7a812a4ffb1056332407,train
1,1.719722185934687,1.9267321261339723,0.10738131837023998,0.09837918950451843,0.22994094525280462,0.17074932156557165,-150.41943830184235,-19.651273648687088,True,True,False,127,ID-G-coupled-neg-d14,14.0,80eafeaec97df2d48995a6a716b7c2873eb4339c035d7a812a4ffb1056332407,train
1,1.7241761976264742,1.9307583289071923,0.11752709444421489,0.10442801887189825,0.2808230514518196,0.1517423048703777,-150.7233119946828,-19.824230519722672,True,True,False,128,ID-G-coupled-neg-d14,14.0,80eafeaec97df2d48995a6a716b7c2873eb4339c035d7a812a4ffb1056332407,train
1,1.7290292623278545,1.9350372403493794,0.1264266499680749,0.11161800553661416,0.169105571255539,0.18373905196309426,-150.64505177031222,-20.179716437560188,True,True,False,129,ID-G-coupled-neg-d14,14.0,80eafeaec97df2d48995a6a716b7c2873eb4339c035d7a812a4ffb1056332407,train
1,1.7341837920388323,1.9395888263524657,0.13362647025982788,0.11743728102815539,0.19343799286740435,0.12360574534087025,-150.88016656900345,-20.395633618330685,True,True,False,130,ID-G-coupled-neg-d14,14.0,80eafeaec97df2d48995a6a716b7c2873eb4339c035d7a812a4ffb1056332407,validation
1,1.7396419148244193,1.9443420326421637,0.14170524623334319,0.12221552642188675,0.2134419387379055,0.12624510953181808,-151.12240388678862,-20.663949279027527,True,True,False,131,ID-G-coupled-neg-d14,14.0,80eafeaec97df2d48995a6a716b7c2873eb4339c035d7a812a4ffb1056332407,train
1,1.7454035257833709,1.9492964861767905,0.1481208376618242,0.12768081743694715,0.11129553706928656,0.136510376441074,-151.0697289915481,-21.05018070527466,True,True,False,132,ID-G-coupled-neg-d14,14.0,80eafeaec97df2d48995a6a716b7c2873eb4339c035d7a812a4ffb1056332407,train
1,1.7513907988870958,1.954463069786521,0.15435519628249533,0.1328270966601465,0.20155533790271066,0.14189541146291876,-151.49143128881946,-21.303528480393787,True,True,False,133,ID-G-coupled-neg-d14,14.0,80eafeaec97df2d48995a6a716b7c2873eb4339c035d7a812a4ffb1056332407,train
1,1.7576465007978996,1.9598545500235975,0.16042492226116714,0.1390158706589033,0.10574375277711967,0.13771481025811916,-151.47050384347017,-21.70285056480869,True,True,False,134,ID-G-coupled-neg-d14,14.0,80eafeaec97df2d48995a6a716b7c2873eb4339c035d7a812a4ffb1056332407,train
1,1.7640780889386019,1.965457742948705,0.1634830040679172,0.1431067561411485,0.0491982266616196,0.07928251662870298,-151.5267344592327,-22.03960265935936,True,True,False,135,ID-G-coupled-neg-d14,14.0,80eafeaec97df2d48995a6a716b7c2873eb4339c035d7a812a4ffb1056332407,validation
1,1.7706159731931168,1.971190160404016,0.16651007264938592,0.1459512008795165,0.10242082880133467,0.08375365049520232,-151.86482000928262,-22.32741936946875,True,True,False,136,ID-G-coupled-neg-d14,14.0,80eafeaec97df2d48995a6a716b7c2873eb4339c035d7a812a4ffb1056332407,train
1,1.7772891927915482,1.9770523147860297,0.16965191193439702,0.1495016016927325,0.056608361472327895,0.06752780191119306,-151.96866730504735,-22.680919538746743,True,True,False,137,ID-G-coupled-neg-d14,14.0,80eafeaec97df2d48995a6a716b7c2873eb4339c035d7a812a4ffb1056332407,train
1,1.784068375038474,1.9830219555397188,0.17227992330991795,0.15137059183281665,0.07541509739012434,0.0471865494718738,-152.23065992408158,-22.983344815703685,True,True,False,138,ID-G-coupled-neg-d14,14.0,80eafeaec97df2d48995a6a716b7c2873eb4339c035d7a812a4ffb1056332407,train
1,1.790960887729055,1.9890668505308322,0.17522561255513855,0.15346522695142883,0.07297849308079288,0.05542665772248174,-152.45353536058013,-23.323602069515555,True,True,False,139,ID-G-coupled-neg-d14,14.0,80eafeaec97df2d48995a6a716b7c2873eb4339c035d7a812a4ffb1056332407,train
1,1.7979507988620962,1.9951939762289659,0.17676118797590898,0.15514943134673345,0.005560705396346001,0.01205370665380883,-152.50818962422844,-23.68373621838679,True,True,False,140,ID-G-coupled-neg-d14,14.0,80eafeaec97df2d48995a6a716b7c2873eb4339c035d7a812a4ffb1056332407,validation
1,1.8049723606766768,2.001344836280614,0.17740450982868836,0.15486844482071271,0.026341044891183333,-0.009459776955350609,-152.778379642691,-23.989166616486806,True,True,False,141,ID-G-coupled-neg-d14,14.0,80eafeaec97df2d48995a6a716b7c2873eb4339c035d7a812a4ffb1056332407,train
1,1.8120315872538018,2.007482467981071,0.17855703704713097,0.15467360241221154,0.03150858853785956,0.0019402995096040173,-153.0214736844877,-24.328724006063496,True,True,False,142,ID-G-coupled-neg-d14,14.0,80eafeaec97df2d48995a6a716b7c2873eb4339c035d7a812a4ffb1056332407,train
1,1.819113772011647,2.0136168804318437,0.17790670281362306,0.15436218869004983,-0.06246058435336308,-0.03172188209986424,-153.00819648488806,-24.712786150948403,True,True,False,143,ID-G-coupled-neg-d14,14.0,80eafeaec97df2d48995a6a716b7c2873eb4339c035d7a812a4ffb1056332407,train
1,1.8261369508842624,2.0197106621306595,0.17657714013044154,0.15304474025011686,-0.005887017751375495,-0.016471498748769044,-153.37109331271583,-25.016028367616183,True,True,False,144,ID-G-coupled-neg-d14,14.0,80eafeaec97df2d48995a6a716b7c2873eb4339c035d7a812a4ffb1056332407,train
1,1.8331385454334557,2.025773783761231,0.1764917762211062,0.15266972335038584,0.0012754822684855167,-0.010751660543729521,-153.62310696267036,-25.349496290184764,True,True,False,145,ID-G-coupled-neg-d14,14.0,80eafeaec97df2d48995a6a716b7c2873eb4339c035d7a812a4ffb1056332407,validation
1,1.8400992733540564,2.0318096588376466,0.17346691245094384,0.15114301671284275,-0.15035898974059075,-0.08031469483027155,-153.4567411372692,-25.73644479217663,True,True,False,146,ID-G-coupled-neg-d14,14.0,80eafeaec97df2d48995a6a716b7c2873eb4339c035d7a812a4ffb1056332407,train
1,1.8468442804562664,2.0377221819799565,0.16619128415636206,0.1465256957822374,-0.21483274912558512,-0.14847340766224656,-153.47782419455987,-26.038621510415815,True,True,False,147,ID-G-coupled-neg-d14,14.0,80eafeaec97df2d48995a6a716b7c2873eb4339c035d7a812a4ffb1056332407,train
1,1.8532884437453956,2.0434132457718786,0.15923426517645586,0.14051253371114508,-0.1377190567372601,-0.14222821952311843,-153.85654874315242,-26.265757366763555,True,True,False,148,ID-G-coupled-neg-d14,14.0,80eafeaec97df2d48995a6a716b7c2873eb4339c035d7a812a4ffb1056332407,train
1,1.859492865051173,2.048884486835448,0.15350878799416862,0.13564576103347117,-0.15056489944821552,-0.10004626244797064,-154.02191499764479,-26.56108621326653,True,True,False,149,ID-G-coupled-neg-d14,14.0,80eafeaec97df2d48995a6a716b7c2873eb4339c035d7a812a4ffb1056332407,train
1,1.8654531310104812,2.054199403524793,0.14675628165359092,0.1326760037429148,-0.188770707644302,-0.049404055780997165,-154.1234155928868,-26.86697821580252,True,True,False,150,ID-G-coupled-neg-d14,14.0,80eafeaec97df2d48995a6a716b7c2873eb4339c035d7a812a4ffb1056332407,validation
1,1.8711326495913236,2.059424575106181,0.13976960482698852,0.1306693792342255,-0.16402092951422523,-0.05976717724406764,-154.3771460696887,-27.075855018872968,True,True,False,151,ID-G-coupled-neg-d14,14.0,80eafeaec97df2d48995a6a716b7c2873eb4339c035d7a812a4ffb1056332407,train
1,1.876553499606198,2.0645541203015068,0.13368940211722752,0.12778092848385114,-0.1430174476970687,-0.08637411233339015,-154.62473540468548,-27.24600824323445,True,True,False,152,ID-G-coupled-neg-d14,14.0,80eafeaec97df2d48995a6a716b7c2873eb4339c035d7a812a4ffb1056332407,train
1,1.8817380676316209,2.0695611874096844,0.1275753959690704,0.1249551509527564,-0.16450043650819665,-0.04998249211056385,-154.7763085899257,-27.45313104123204,True,True,False,153,ID-G-coupled-neg-d14,14.0,80eafeaec97df2d48995a6a716b7c2873eb4339c035d7a812a4ffb1056332407,train
1,1.886661596379638,2.0744835058405493,0.12048966983383999,0.12330667243869468,-0.1917469159673636,-0.036173912867747515,-154.91067097173266,-27.628339067609843,True,True,False,154,ID-G-coupled-neg-d14,14.0,80eafeaec97df2d48995a6a716b7c2873eb4339c035d7a812a4ffb1056332407,train
1,1.8913006287198444,2.079356130531708,0.11366496444006738,0.12266547751773724,-0.1533434915202891,0.0055180450051088336,-155.22329880071376,-27.746772307387978,True,True,False,155,ID-G-coupled-neg-d14,14.0,80eafeaec97df2d48995a6a716b7c2873eb4339c035d7a812a4ffb1056332407,validation
1,1.8956943444746819,2.084222178134965,0.10800402535450757,0.12249035921358199,-0.13260143401191646,-0.01891687026669853,-155.4968948638068,-27.805671456626836,True,True,False,156,ID-G-coupled-neg-d14,14.0,80eafeaec97df2d48995a6a716b7c2873eb4339c035d7a812a4ffb1056332407,train
1,1.8998697336019421,2.0890566586784027,0.10241446425073027,0.12102397349773848,-0.14853979128540867,-0.05471158410342843,-155.68003592564398,-27.844064725083708,True,True,False,157,ID-G-coupled-neg-d14,14.0,80eafeaec97df2d48995a6a716b7c2873eb4339c035d7a812a4ffb1056332407,train
1,1.9038020671567708,2.0937977175015425,0.09553957186564667,0.11758499151263394,-0.19618594331509842,-0.11866780787031757,-155.76953870691858,-27.851756050346264,True,True,False,158,ID-G-coupled-neg-d14,14.0,80eafeaec97df2d48995a6a716b7c2873eb4339c035d7a812a4ffb1056332407,train
1,1.9074417800531007,2.0983657769520745,0.08808201908330775,0.11272306144486903,-0.18005196115843894,-0.12342194325899572,-156.01910577028664,-27.82306432144317,True,True,False,159,ID-G-coupled-neg-d14,14.0,80eafeaec97df2d48995a6a716b7c2873eb4339c035d7a812a4ffb1056332407,train
1,1.9108119436611926,2.1027528887850115,0.08227178564870084,0.10883132623471109,-0.11505217598166025,-0.07210722011769816,-156.4069972676805,-27.77868888679643,True,True,False,160,ID-G-coupled-neg-d14,14.0,80eafeaec97df2d48995a6a716b7c2873eb4339c035d7a812a4ffb1056332407,validation
1,1.9139880415451673,2.107015551961676,0.07794429105499281,0.10611927513718292,-0.10344948001947078,-0.06656399877270511,-156.66149451259355,-27.730338528272494,True,True,False,161,ID-G-coupled-neg-d14,14.0,80eafeaec97df2d48995a6a716b7c2873eb4339c035d7a812a4ffb1056332407,train
1,1.9169868861340071,2.1111581872676775,0.07298503889044916,0.10236997747378589,-0.14475098920823176,-0.12241584304463568,-156.76444393537113,-27.66320808006345,True,True,False,162,ID-G-coupled-neg-d14,14.0,80eafeaec97df2d48995a6a716b7c2873eb4339c035d7a812a4ffb1056332407,train
1,1.9197536597413773,2.115107541774026,0.06617798461688168,0.09639783241279297,-0.19593124040205712,-0.17650432849684314,-156.82043875258444,-27.581644925509437,True,True,False,163,ID-G-coupled-neg-d14,14.0,80eafeaec97df2d48995a6a716b7c2873eb4339c035d7a812a4ffb1056332407,train
1,1.9222154344345408,2.1187830360226925,0.05773492316231539,0.08870647059027272,-0.22774936317569094,-0.20921498200207475,-156.90357383771118,-27.480091806580194,True,True,False,164,ID-G-coupled-neg-d14,14.0,80eafeaec97df2d48995a6a716b7c2873eb4339c035d7a812a4ffb1056332407,train
1,1.9243480543201368,2.12214454068428,0.05030934492891207,0.08098378526216908,-0.14948262772807788,-0.17976111008617787,-157.26486004222352,-27.333772052253543,True,True,False,165,ID-G-coupled-neg-d14,14.0,80eafeaec97df2d48995a6a716b7c2873eb4339c035d7a812a4ffb1056332407,validation
1,1.926238429160446,2.125223879727209,0.045298888302960964,0.07448073382769682,-0.10480801823604195,-0.14902964075441258,-157.5420320143548,-27.20795842213443,True,True,False,166,ID-G-coupled-neg-d14,14.0,80eafeaec97df2d48995a6a716b7c2873eb4339c035d7a812a4ffb1056332407,train
1,1.9279625692645614,2.1280705208548216,0.041863504191586486,0.06927587047398277,-0.06985422413326156,-0.11460746755019377,-157.793393306367,-27.096814489838373,True,True,False,167,ID-G-coupled-neg-d14,14.0,80eafeaec97df2d48995a6a716b7c2873eb4339c035d7a812a4ffb1056332407,train
1,1.929559392275522,2.1307259780519114,0.0384444191587709,0.06455141901927239,-0.10076138172053938,-0.12338743651190301,-157.86085438336127,-27.007485486232003,True,True,False,168,ID-G-coupled-neg-d14,14.0,80eafeaec97df2d48995a6a716b7c2873eb4339c035d7a812a4ffb1056332407,train
1,1.9309978176147504,2.133187317922081,0.03391569186204099,0.059502977310569416,-0.12582789394535515,-0.13045291213044008,-157.9254942625737,-26.914775130343212,True,True,False,169,ID-G-coupled-neg-d14,14.0,80eafeaec97df2d48995a6a716b7c2873eb4339c035d7a812a4ffb1056332407,train
1,1.9322384694795027,2.1354434548681738,0.02851215012767404,0.054220382251310935,-0.14492071252365712,-0.1352055397201344,-157.98877466885813,-26.814605658720694,True,True,False,170,ID-G-coupled-neg-d14,14.0,80eafeaec97df2d48995a6a716b7c2873eb4339c035d7a812a4ffb1056332407,validation
1,1.9332537206487,2.137488125462039,0.022645054448359507,0.048884472162423497,-0.14977235291004062,-0.133387629561371,-158.07472968635778,-26.70142194386484,True,True,False,171,ID-G-coupled-neg-d14,14.0,80eafeaec97df2d48995a6a716b7c2873eb4339c035d7a812a4ffb1056332407,train
1,1.9340455181563876,2.1393292765912513,0.017548349905893653,0.04411584265131697,-0.10878127431196567,-0.10792233712228474,-158.2748565153033,-26.56635147458691,True,True,False,172,ID-G-coupled-neg-d14,14.0,80eafeaec97df2d48995a6a716b7c2873eb4339c035d7a812a4ffb1056332407,train
1,1.9346640719984012,2.1409995964474597,0.013830716432812095,0.04022735766062121,-0.07980052631274727,-0.08893677242914155,-158.44287172281577,-26.432086087881437,True,True,False,173,ID-G-coupled-neg-d14,14.0,80eafeaec97df2d48995a6a716b7c2873eb4339c035d7a812a4ffb1056332407,train
1,1.935157918941931,2.142528078415248,0.01125722886978766,0.036904787911840105,-0.05132450461279809,-0.07895438464610177,-158.60687028734435,-26.293152296384136,True,True,False,174,ID-G-coupled-neg-d14,14.0,80eafeaec97df2d48995a6a716b7c2873eb4339c035d7a812a4ffb1056332407,train
1,1.9355705609854374,2.1439320423593493,0.009698818766802174,0.033935647996869364,-0.028525268223771938,-0.07103215587277344,-158.75432327531135,-26.159839956353817,True,True,False,175,ID-G-coupled-neg-d14,14.0,80eafeaec97df2d48995a6a716b7c2873eb4339c035d7a812a4ffb1056332407,validation
1,1.9359360262809135,2.1452235026077786,0.008801455817812968,0.03120995589599959,-0.01740062020811889,-0.06649389602592293,-158.86792056931716,-26.03866199590569,True,True,False,176,ID-G-coupled-neg-d14,14.0,80eafeaec97df2d48995a6a716b7c2873eb4339c035d7a812a4ffb1056332407,train
1,1.936269175274721,2.1464083251086636,0.007945169491558953,0.028511714140075126,-0.025100538905762748,-0.06910522943862506,-158.9251425184541,-25.933269813148993,True,True,False,177,ID-G-coupled-neg-d14,14.0,80eafeaec97df2d48995a6a716b7c2873eb4339c035d7a812a4ffb1056332407,train
1,1.9365638257325022,2.1474849624927836,0.006895812956965803,0.025776508223002557,-0.027431240568357013,-0.0685117050031018,-158.98769284043067,-25.833898393145358,True,True,False,178,ID-G-coupled-neg-d14,14.0,80eafeaec97df2d48995a6a716b7c2873eb4339c035d7a812a4ffb1056332407,train
1,1.93681543396076,2.148453950504007,0.005784959567688488,0.023092975700425504,-0.028251144892778874,-0.06656063200828094,-159.0464350830924,-25.741422347790806,True,True,False,179,ID-G-coupled-neg-d14,14.0,80eafeaec97df2d48995a6a716b7c2873eb4339c035d7a812a4ffb1056332407,train
1,1.937023849669462,2.1493180190800945,0.004751990142618188,0.020486693254635462,-0.023925071190212418,-0.06457430050468652,-159.1113660728722,-25.6525968467246,True,True,False,180,ID-G-coupled-neg-d14,14.0,80eafeaec97df2d48995a6a716b7c2873eb4339c035d7a812a4ffb1056332407,validation
1,1.937194564046372,2.150080647988411,0.003880800204705592,0.017987180903305824,-0.02009078333464284,-0.06125497156356453,-159.16908459503657,-25.571928408924833,True,True,False,181,ID-G-coupled-neg-d14,14.0,80eafeaec97df2d48995a6a716b7c2873eb4339c035d7a812a4ffb1056332407,train
1,1.9373335764851962,2.1507470532470614,0.0031496802106118433,0.015642109308670854,-0.01684565126239114,-0.056870808143372094,-159.21956526643123,-25.49987174879746,True,True,False,182,ID-G-coupled-neg-d14,14.0,80eafeaec97df2d48995a6a716b7c2873eb4339c035d7a812a4ffb1056332407,train
1,1.9374460958146449,2.1513239427057127,0.002543674738597138,0.013475019486402987,-0.013802128032022116,-0.05229892155268364,-159.2640284760539,-25.435844173028517,True,True,False,183,ID-G-coupled-neg-d14,14.0,80eafeaec97df2d48995a6a716b7c2873eb4339c035d7a812a4ffb1056332407,train
1,1.9375365721724056,2.1518189725619044,0.00202941473664548,0.011525346632118889,-0.012101958730424339,-0.04611538350651237,-159.30024200101272,-25.381228294262854,True,True,False,184,ID-G-coupled-neg-d14,14.0,80eafeaec97df2d48995a6a716b7c2873eb4339c035d7a812a4ffb1056332407,train
1,1.937607750389731,2.1522417471707413,0.0015656545157179058,0.0098357068281284,-0.011162670774409484,-0.03934899067085609,-159.3300611738956,-25.334620843325606,True,True,False,185,ID-G-coupled-neg-d14,14.0,80eafeaec97df2d48995a6a716b7c2873eb4339c035d7a812a4ffb1056332407,validation
1,1.9376614788067261,2.1526023562475336,0.0011540349703761527,0.008380161581899243,-0.00954912051946683,-0.03421684527026576,-159.35744720893769,-25.292916204024632,True,True,False,186,ID-G-coupled-neg-d14,14.0,80eafeaec97df2d48995a6a716b7c2873eb4339c035d7a812a4ffb1056332407,train
1,1.937700191282259,2.1529090192713736,0.0008093119949699319,0.007109866952479304,-0.00781916650197111,-0.02997330045932358,-159.38170203741578,-25.255935784010703,True,True,False,187,ID-G-coupled-neg-d14,14.0,80eafeaec97df2d48995a6a716b7c2873eb4339c035d7a812a4ffb1056332407,train
1,1.937726601653588,2.1531684218001015,0.0005337570504648846,0.005992360475986223,-0.006088738960891393,-0.026474718280721985,-159.40298436338614,-25.223249130386854,True,True,False,188,ID-G-coupled-neg-d14,14.0,80eafeaec97df2d48995a6a716b7c2873eb4339c035d7a812a4ffb1056332407,train
1,1.9377434127716193,2.1533860991499294,0.00032438407918943435,0.005002584886197815,-0.004498487235770649,-0.023504932923779153,-159.4213004921,-25.194660522412693,True,True,False,189,ID-G-coupled-neg-d14,14.0,80eafeaec97df2d48995a6a716b7c2873eb4339c035d7a812a4ffb1056332407,train
1,1.9377531175111318,2.153566743009382,0.00017403330233602027,0.0041226119838383085,-0.0031222089923101178,-0.020915949767326504,-159.43674368398752,-25.170010006305244,True,True,False,190,ID-G-coupled-neg-d14,14.0,80eafeaec97df2d48995a6a716b7c2873eb4339c035d7a812a4ffb1056332407,validation
1,1.9377578763143273,2.1537144426831807,7.333669785372269e-05,0.003339807149832261,-0.0019983995071930975,-0.018588562692428406,-159.44944862005258,-25.149153013882447,True,True,False,191,ID-G-coupled-neg-d14,14.0,80eafeaec97df2d48995a6a716b7c2873eb4339c035d7a812a4ffb1056332407,train
1,1.9377594565565512,2.1538328719099065,1.2050647209663272e-05,0.002645658148697318,-0.0011342460402850919,-0.01643292208407403,-159.45960146502574,-25.131922802724905,True,True,False,192,ID-G-coupled-neg-d14,14.0,80eafeaec97df2d48995a6a716b7c2873eb4339c035d7a812a4ffb1056332407,train
1,1.9377592199541849,2.153925431319832,-1.9887668629421843e-05,0.002034760780091333,-0.0005146956879983446,-0.01438131271646955,-159.46743311805645,-25.118113918518663,True,True,False,193,ID-G-coupled-neg-d14,14.0,80eafeaec97df2d48995a6a716b7c2873eb4339c035d7a812a4ffb1056332407,train
1,1.937758145342423,2.153995355573261,-3.162007793641736e-05,0.0015040359704434722,-0.00010951121881583304,-0.012383434194195285,-159.473212609757,-25.10747443958858,True,True,False,194,ID-G-coupled-neg-d14,14.0,80eafeaec97df2d48995a6a716b7c2873eb4339c035d7a812a4ffb1056332407,train
1,1.93775687540415,2.15404579307395,-3.089587558845878e-05,0.0010521270780992503,0.00012029241241219258,-0.010402105770343277,-159.47723841255757,-25.099705896041122,True,True,False,195,ID-G-coupled-neg-d14,14.0,80eafeaec97df2d48995a6a716b7c2873eb4339c035d7a812a4ffb1056332407,validation
1,1.9377557772929743,2.1540798649159374,-2.3836486544287857e-05,0.0006789496215529238,0.0002169695896062532,-0.008409865898246906,-159.47982922088403,-25.09446787709945,True,True,False,196,ID-G-coupled-neg-d14,14.0,80eafeaec97df2d48995a6a716b7c2873eb4339c035d7a812a4ffb1056332407,train
1,1.9377550085187552,2.1541007084316885,-1.4899469981177854e-05,0.00038535974996855486,0.00022147186776210492,-0.006386387314951097,-159.48131475694998,-25.091385201952995,True,True,False,197,ID-G-coupled-neg-d14,14.0,80eafeaec97df2d48995a6a716b7c2873eb4339c035d7a812a4ffb1056332407,train
1,1.9377545808997145,2.154111509408664,-7.0061392799867345e-06,0.00017290909587090622,0.00016976129620911492,-0.004316698793248529,-159.482027099335,-25.090055862804743,True,True,False,198,ID-G-coupled-neg-d14,14.0,80eafeaec97df2d48995a6a716b7c2873eb4339c035d7a812a4ffb1056332407,train
1,1.9377544167699101,2.1541155257809974,-1.7990901835751347e-06,4.36551925825874e-05,8.99302749761669e-05,-0.0021901479650016605,-159.48229276919963,-25.090058392718397,True,True,False,199,ID-G-coupled-neg-d14,14.0,80eafeaec97df2d48995a6a716b7c2873eb4339c035d7a812a4ffb1056332407,train
1,1.9377543928936172,2.1541161044420427,-0.0,0.0,-0.0,0.0,-159.48242556871605,-25.090957721336366,True,True,False,200,ID-G-coupled-neg-d14,14.0,80eafeaec97df2d48995a6a716b7c2873eb4339c035d7a812a4ffb1056332407,validation
1,1.9377543745968195,2.1541165469349126,-1.8066775842735448e-06,4.3652699236742904e-05,-0.0001188473801086886,0.00286363006279916,-159.4827523195113,-25.09265167226344,True,True,False,201,ID-G-coupled-neg-d14,14.0,80eafeaec97df2d48995a6a716b7c2873eb4339c035d7a812a4ffb1056332407,train
1,1.9377542467003837,2.154119617494141,-7.244628479205673e-06,0.0001728306571491107,-0.00024150847671558707,0.00563849247283197,-159.483415911483,-25.094359119113193,True,True,False,202,ID-G-coupled-neg-d14,14.0,80eafeaec97df2d48995a6a716b7c2873eb4339c035d7a812a4ffb1056332407,train
1,1.9377538949411217,2.154127868911945,-1.6677326368258577e-05,0.00038477374153438005,-0.00038619645028767027,0.008319535971257664,-159.48456482653134,-25.095737557717626,True,True,False,203,ID-G-coupled-neg-d14,14.0,80eafeaec97df2d48995a6a716b7c2873eb4339c035d7a812a4ffb1056332407,train
1,1.937753183973244,2.1541437674046944,-3.118514325280106e-05,0.0006765172021451882,-0.0005817648349724789,0.010898432205621974,-159.48630904115413,-25.096456822799297,True,True,False,204,ID-G-coupled-neg-d14,14.0,80eafeaec97df2d48995a6a716b7c2873eb4339c035d7a812a4ffb1056332407,train
1,1.937751930908038,2.154169685009621,-5.287037870541372e-05,0.0010448035435182332,-0.0008665585560445392,0.013364358573335238,-159.48872099544587,-25.09619565844246,True,True,False,205,ID-G-coupled-neg-d14,14.0,80eafeaec97df2d48995a6a716b7c2873eb4339c035d7a812a4ffb1056332407,validation
1,1.93774987011085,2.154207889707283,-8.512930583456811e-05,0.0014860220603303287,-0.0012873899651000954,0.015705049712451888,-159.49183648187758,-25.09463754337011,True,True,False,206,ID-G-coupled-neg-d14,14.0,80eafeaec97df2d48995a6a716b7c2873eb4339c035d7a812a4ffb1056332407,train
1,1.9377466101966745,2.1542605342409678,-0.00013289518574741483,0.0019961849977100385,-0.001898650046442478,0.01790816727473692,-159.4956554942225,-25.09146587421594,True,True,False,207,ID-G-coupled-neg-d14,14.0,80eafeaec97df2d48995a6a716b7c2873eb4339c035d7a812a4ffb1056332407,train
1,1.9377415840418069,2.1543296448957565,-0.00020285644238557694,0.002570950494444408,-0.002761559904009386,0.019963018270933604,-159.5001431115403,-25.08635854747983,True,True,False,208,ID-G-coupled-neg-d14,14.0,80eafeaec97df2d48995a6a716b7c2873eb4339c035d7a812a4ffb1056332407,train
1,1.9377339925001729,2.1544171118191997,-0.0003036542792879707,0.0032057031092676243,-0.003943563691612553,0.02186263409244499,-159.50523052612266,-25.078981912751594,True,True,False,209,ID-G-coupled-neg-d14,14.0,80eafeaec97df2d48995a6a716b7c2873eb4339c035d7a812a4ffb1056332407,train
1,1.9377227423829286,2.1545246827965374,-0.00044606401893426456,0.003895702886724157,-0.0055178620109899,0.023606209249023898,-159.51081635518926,-25.068984001522384,True,True,False,210,ID-G-coupled-neg-d14,14.0,80eafeaec97df2d48995a6a716b7c2873eb4339c035d7a812a4ffb1056332407,validation
1,1.937706379131797,2.1546539627218633,-0.0006431642821468621,0.0046363135346742905,-0.007563074834286742,0.025201873626165466,-159.5167684244312,-25.055986854611483,True,True,False,211,ID-G-coupled-neg-d14,14.0,80eafeaec97df2d48995a6a716b7c2873eb4339c035d7a812a4ffb1056332407,train
1,1.937683014493211,2.154806421320604,-0.000910498184196548,0.005423320098405452,-0.010163054494608989,0.026669822562344014,-159.52292616623922,-25.039577757994298,True,True,False,212,ID-G-coupled-neg-d14,14.0,80eafeaec97df2d48995a6a716b7c2873eb4339c035d7a812a4ffb1056332407,train
1,1.9376502493838923,2.1549834119676032,-0.0012662292184627826,0.006253343237894975,-0.01340670428169994,0.02804551913078988,-159.5291041648431,-25.019298866474504,True,True,False,213,ID-G-coupled-neg-d14,14.0,80eafeaec97df2d48995a6a716b7c2873eb4339c035d7a812a4ffb1056332407,train
1,1.9376050920310333,2.1551862047001653,-0.0017313000838655856,0.007124366882865136,-0.0173884224091592,0.029384089406395992,-159.53509570316874,-24.994635888322662,True,True,False,214,ID-G-coupled-neg-d14,14.0,80eafeaec97df2d48995a6a716b7c2873eb4339c035d7a812a4ffb1056332407,train
1,1.9375438713732485,2.1554160367391475,-0.0023295748173893707,0.008036343738622052,-0.022206255269425015,0.030760497372703335,-159.5406830353649,-24.96500066760073,True,True,False,215,ID-G-coupled-neg-d14,14.0,80eafeaec97df2d48995a6a716b7c2873eb4339c035d7a812a4ffb1056332407,validation
1,1.9374621456232737,2.1556741839967835,-0.003088070210122241,0.00899207412261681,-0.027970889254163904,0.03228971033015034,-159.54562548869941,-24.92972873187343,True,True,False,216,ID-G-coupled-neg-d14,14.0,80eafeaec97df2d48995a6a716b7c2873eb4339c035d7a812a4ffb1056332407,train
1,1.937354605820875,2.155962057166203,-0.004036813702119781,0.009997502617193506,-0.03476677834195151,0.034058437322035284,-159.54975600567874,-24.887995142206822,True,True,False,217,ID-G-coupled-neg-d14,14.0,80eafeaec97df2d48995a6a716b7c2873eb4339c035d7a812a4ffb1056332407,train
1,1.9372149741453009,2.15628132602303,-0.005210394237868234,0.011065244047715679,-0.042824321440529126,0.03644637410928081,-159.55261159131993,-24.839072698416466,True,True,False,218,ID-G-coupled-neg-d14,14.0,80eafeaec97df2d48995a6a716b7c2873eb4339c035d7a812a4ffb1056332407,train
1,1.9370361654365411,2.1566335805009373,-0.006614267304670955,0.01215323472594027,-0.04975857824460393,0.03503750464134202,-159.559554435785,-24.777760714503767,True,True,False,219,ID-G-coupled-neg-d14,14.0,80eafeaec97df2d48995a6a716b7c2873eb4339c035d7a812a4ffb1056332407,train
1,1.936811597388978,2.1570178980574575,-0.008226565738756879,0.013168939082573626,-0.056507913023746005,0.03157781718435766,-159.56845944977383,-24.704185615255522,True,True,False,220,ID-G-coupled-neg-d14,14.0,80eafeaec97df2d48995a6a716b7c2873eb4339c035d7a812a4ffb1056332407,validation
1,1.9365350581303433,2.157431099518935,-0.01003921157475123,0.014045980269552095,-0.06291422583233852,0.025804843220703255,-159.57941060954738,-24.617250392353398,True,True,False,221,ID-G-coupled-neg-d14,14.0,80eafeaec97df2d48995a6a716b7c2873eb4339c035d7a812a4ffb1056332407,train
1,1.9362006972803483,2.157867809106742,-0.012034824187010594,0.014703576491785846,-0.0684975131126184,0.016994230780177488,-159.59306181509382,-24.515675477782416,True,True,False,222,ID-G-coupled-neg-d14,14.0,80eafeaec97df2d48995a6a716b7c2873eb4339c035d7a812a4ffb1056332407,train
1,1.9358033795676641,2.1583198797015912,-0.014184904518547967,0.015040312934597021,-0.07302970181883235,0.0045264360302837104,-159.60922836040848,-24.398738635705474,True,True,False,223,ID-G-coupled-neg-d14,14.0,80eafeaec97df2d48995a6a716b7c2873eb4339c035d7a812a4ffb1056332407,train
1,1.9353394452268855,2.158775670522121,-0.01640212256112587,0.014922418740060924,-0.07260932463253418,-0.013174703936901379,-159.63683351567528,-24.263380245973227,True,True,False,224,ID-G-coupled-neg-d14,14.0,80eafeaec97df2d48995a6a716b7c2873eb4339c035d7a812a4ffb1056332407,train
1,1.9348089111385915,2.159218986498668,-0.018559946427692136,0.01419193920330582,-0.06899321649635821,-0.03599286626237951,-159.67049042524147,-24.1118844969878,True,True,False,225,ID-G-coupled-neg-d14,14.0,80eafeaec97df2d48995a6a716b7c2873eb4339c035d7a812a4ffb1056332407,validation
1,1.9342156931832581,2.159628297041431,-0.020495878112728252,0.012633065692414935,-0.057608146618964455,-0.06815406090876315,-159.71968742658356,-23.941306669779436,True,True,False,226,ID-G-coupled-neg-d14,14.0,80eafeaec97df2d48995a6a716b7c2873eb4339c035d7a812a4ffb1056332407,train
1,1.9335679159936523,2.1599759720244847,-0.02219753701143294,0.010147084234101014,-0.05420445672449187,-0.09657273893950488,-159.74440241777853,-23.772485924062252,True,True,False,227,ID-G-coupled-neg-d14,14.0,80eafeaec97df2d48995a6a716b7c2873eb4339c035d7a812a4ffb1056332407,train
1,1.9328654333841762,2.1602387308996898,-0.024270899573713648,0.007165155537328245,-0.08408103316930153,-0.0991198162898073,-159.6802554682816,-23.638539210207274,True,True,False,228,ID-G-coupled-neg-d14,14.0,80eafeaec97df2d48995a6a716b7c2873eb4339c035d7a812a4ffb1056332407,train
1,1.9320857222319263,2.1604095533637175,-0.027308530304106238,0.004071348622512295,-0.11771255220378053,-0.10432010571855664,-159.59418332964103,-23.50640720899006,True,True,False,229,ID-G-coupled-neg-d14,14.0,80eafeaec97df2d48995a6a716b7c2873eb4339c035d7a812a4ffb1056332407,train
1,1.93119661579607,2.1604867461748176,-0.031545334815933024,0.0010861348197977476,-0.16352462809557067,-0.09094030305357743,-159.46823043555602,-23.389062009945203,True,True,False,230,ID-G-coupled-neg-d14,14.0,80eafeaec97df2d48995a6a716b7c2873eb4339c035d7a812a4ffb1056332407,validation
1,1.9301564022394704,2.1604836792767363,-0.03732300621440585,-0.0010741741571363434,-0.21949813230905868,-0.04864215528016831,-159.31071257487406,-23.286418811645166,True,True,False,231,ID-G-coupled-neg-d14,14.0,80eafeaec97df2d48995a6a716b7c2873eb4339c035d7a812a4ffb1056332407,train
1,1.9289122490657233,2.1604375127636533,-0.045093262580930465,-0.0016549635561159668,-0.2955274511016867,0.013660683107322161,-159.09763234407194,-23.191864636499233,True,True,False,232,ID-G-coupled-neg-d14,14.0,80eafeaec97df2d48995a6a716b7c2873eb4339c035d7a812a4ffb1056332407,train
1,1.9274089334546782,2.16039230547734,-0.053999248368603134,-0.0013858381334598375,-0.2901208339961664,0.0025899771714019636,-159.0760702829912,-22.973989202954467,True,True,False,233,ID-G-coupled-neg-d14,14.0,80eafeaec97df2d48995a6a716b7c2873eb4339c035d7a812a4ffb1056332407,train
1,1.9256413888095436,2.1603466616888034,-0.06239519227439833,-0.0017963668516049224,-0.26101477089605407,-0.0314052083136722,-159.11461637740106,-22.68537085217396,True,True,False,234,ID-G-coupled-neg-d14,14.0,80eafeaec97df2d48995a6a716b7c2873eb4339c035d7a812a4ffb1056332407,train
1,1.9236324729564902,2.160278120498425,-0.06991931304961539,-0.00269748565077513,-0.23299981955157958,-0.027007579912672046,-159.16223339680397,-22.379924910712326,True,True,False,235,ID-G-coupled-neg-d14,14.0,80eafeaec97df2d48995a6a716b7c2873eb4339c035d7a812a4ffb1056332407,validation
1,1.9214116797778844,2.1601909445574847,-0.07624538537037122,-0.0027901107551488863,-0.18129336206925467,0.02383405443190337,-159.28773696550553,-22.054771130514823,True,True,False,236,ID-G-coupled-neg-d14,14.0,80eafeaec97df2d48995a6a716b7c2873eb4339c035d7a812a4ffb1056332407,train
1,1.9190129254222554,2.160109889151131,-0.08200166208890368,-0.0028507530020413186,-0.19858829619929305,-0.032627838215807364,-159.2231865454788,-21.69209233546828,True,True,False,237,ID-G-coupled-neg-d14,14.0,80eafeaec97df2d48995a6a716b7c2873eb4339c035d7a812a4ffb1056332407,train
1,1.9164248118916671,2.159987935126222,-0.08896800676742503,-0.0059299516123373554,-0.262860776784677,-0.17750395095010765,-159.00763847121618,-21.280962592857016,True,True,False,238,ID-G-coupled-neg-d14,14.0,80eafeaec97df2d48995a6a716b7c2873eb4339c035d7a812a4ffb1056332407,train
1,1.9135914397108857,2.159711051008454,-0.09832320632861115,-0.01282273714572817,-0.3569380372162152,-0.2777922076878973,-158.69389993051286,-20.88282191114795,True,True,False,239,ID-G-coupled-neg-d14,14.0,80eafeaec97df2d48995a6a716b7c2873eb4339c035d7a812a4ffb1056332407,train
1,1.9104279523275423,2.1591801000502655,-0.11083745122182384,-0.022661320178674078,-0.4715102992046347,-0.3726657207872999,-158.2891385518656,-20.47725399703905,True,True,False,240,ID-G-coupled-neg-d14,14.0,80eafeaec97df2d48995a6a716b7c2873eb4339c035d7a812a4ffb1056332407,validation
1,1.906857028054345,2.158331654427742,-0.12431853229657874,-0.03279816800265342,-0.4141996952396897,-0.2839698969137142,-158.32799352047073,-20.02730379027178,True,True,False,241,ID-G-coupled-neg-d14,14.0,80eafeaec97df2d48995a6a716b7c2873eb4339c035d7a812a4ffb1056332407,train
1,1.902902868440538,2.1572211281656997,-0.1361319229747112,-0.039912006746264155,-0.3620800520153601,-0.18193381471391354,-158.3560695051925,-19.574429524287915,True,True,False,242,ID-G-coupled-neg-d14,14.0,80eafeaec97df2d48995a6a716b7c2873eb4339c035d7a812a4ffb1056332407,train
1,1.8986153185403358,2.15594404126101,-0.14626890694847242,-0.04369686185643763,-0.30375150350088537,-0.06389845598577468,-158.41016167415262,-19.10864449442596,True,True,False,243,ID-G-coupled-neg-d14,14.0,80eafeaec97df2d48995a6a716b7c2873eb4339c035d7a812a4ffb1056332407,train
1,1.8940325350634897,2.1545929438212323,-0.15610463149107115,-0.04536977678436894,-0.3456904124571852,-0.05393754162917482,-158.1938881499537,-18.63412932638238,True,True,False,244,ID-G-coupled-neg-d14,14.0,80eafeaec97df2d48995a6a716b7c2873eb4339c035d7a812a4ffb1056332407,train
1,1.889125522874039,2.153182705728137,-0.16787325018244909,-0.04800344385378498,-0.432465531741633,-0.12696802728298412,-157.83372329569193,-18.109922331800462,True,True,False,245,ID-G-coupled-neg-d14,14.0,80eafeaec97df2d48995a6a716b7c2873eb4339c035d7a812a4ffb1056332407,validation
1,1.8838165825324844,2.1516464978525844,-0.18277679583565687,-0.0541013219886721,-0.5531495450479706,-0.28441892588073453,-157.3399098738148,-17.51689543132862,True,True,False,246,ID-G-coupled-neg-d14,14.0,80eafeaec97df2d48995a6a716b7c2873eb4339c035d7a812a4ffb1056332407,train
1,1.8780242610380806,2.1498738239476056,-0.19890778275073787,-0.06252342117611241,-0.5082857841364945,-0.24960741247070606,-157.2740528651294,-16.850663690388544,True,True,False,247,ID-G-coupled-neg-d14,14.0,80eafeaec97df2d48995a6a716b7c2873eb4339c035d7a812a4ffb1056332407,train
1,1.8717655420230024,2.147869206317906,-0.21345187033754998,-0.06945229065286739,-0.4483077907429541,-0.20853463260304703,-157.2454804900848,-16.140496250376735,True,True,False,248,ID-G-coupled-neg-d14,14.0,80eafeaec97df2d48995a6a716b7c2873eb4339c035d7a812a4ffb1056332407,train
1,1.8650822355970722,2.1456664018394913,-0.22728259402455098,-0.07588269720293465,-0.4635169167119056,-0.22232405713813227,-157.01106205289085,-15.42407645269504,True,True,False,249,ID-G-coupled-neg-d14,14.0,80eafeaec97df2d48995a6a716b7c2873eb4339c035d7a812a4ffb1056332407,train
1,1.8579549396938468,2.1432512664578787,-0.24332491716571292,-0.08384913524102179,-0.5972302505919378,-0.31353771041390205,-156.43743316486945,-14.722811949340617,True,True,False,250,ID-G-coupled-neg-d14,14.0,80eafeaec97df2d48995a6a716b7c2873eb4339c035d7a812a4ffb1056332407,validation
1,1.8502848176904938,2.1405497076747912,-0.26288908360144164,-0.09469326284449527,-0.6944920209717282,-0.3989667757306175,-155.913166812292,-13.95144195688539,True,True,False,251,ID-G-coupled-neg-d14,14.0,80eafeaec97df2d48995a6a716b7c2873eb4339c035d7a812a4ffb1056332407,train
1,1.842005602816388,2.13749348136227,-0.28248765142743165,-0.10656661106724405,-0.5944727574731831,-0.36257039713053624,-155.87973952351606,-13.036292130652349,True,True,False,252,ID-G-coupled-neg-d14,14.0,80eafeaec97df2d48995a6a716b7c2873eb4339c035d7a812a4ffb1056332407,train
1,1.8331831578225102,2.134105335453664,-0.2985295401769637,-0.11642802669024085,-0.45945869549412627,-0.2842716397962692,-155.94494323749763,-12.07611486687285,True,True,False,253,ID-G-coupled-neg-d14,14.0,80eafeaec97df2d48995a6a716b7c2873eb4339c035d7a812a4ffb1056332407,train
1,1.8239176566321134,2.1304489183528292,-0.31233673077717283,-0.1246424009007273,-0.4503777627960102,-0.27273881507354714,-155.6845110164083,-11.158788799081307,True,True,False,254,ID-G-coupled-neg-d14,14.0,80eafeaec97df2d48995a6a716b7c2873eb4339c035d7a812a4ffb1056332407,train
1,1.8142148860431808,2.126534066128048,-0.3281324944560008,-0.13398017789193603,-0.5940148649704452,-0.3622720509371753,-154.99838869229833,-10.293331172780682,True,True,False,255,ID-G-coupled-neg-d14,14.0,80eafeaec97df2d48995a6a716b7c2873eb4339c035d7a812a4ffb1056332407,validation
1,1.8039835617892084,2.1222899545623473,-0.34661659921150484,-0.14613440567862968,-0.6249285507540383,-0.42542529133041174,-154.5539330136978,-9.307787857875546,True,True,False,256,ID-G-coupled-neg-d14,14.0,80eafeaec97df2d48995a6a716b7c2873eb4339c035d7a812a4ffb1056332407,train
1,1.7931981128693966,2.117660653936469,-0.3639608549000573,-0.15888787935727314,-0.5159207684481629,-0.39378376564720347,-154.4535278235792,-8.210471059045808,True,True,False,257,ID-G-coupled-neg-d14,14.0,80eafeaec97df2d48995a6a716b7c2873eb4339c035d7a812a4ffb1056332407,train
1,1.7819241504196146,2.1126652823139773,-0.3792548923389794,-0.17049070336181332,-0.49169988722495184,-0.3892253957265153,-154.13274385718753,-7.15168034545534,True,True,False,258,ID-G-coupled-neg-d14,14.0,80eafeaec97df2d48995a6a716b7c2873eb4339c035d7a812a4ffb1056332407,train
1,1.770183396421248,2.1073072412981904,-0.3952147458412182,-0.1832314891098866,-0.5617224613844828,-0.47081867836702557,-153.53696440415456,-6.115251771661363,True,True,False,259,ID-G-coupled-neg-d14,14.0,80eafeaec97df2d48995a6a716b7c2873eb4339c035d7a812a4ffb1056332407,train
1,1.7579281905984834,2.101518165834909,-0.4131102742350443,-0.1987702191329216,-0.6189818310122592,-0.5362164373762128,-152.9348895248479,-5.05298957644294,True,True,False,260,ID-G-coupled-neg-d14,14.0,80eafeaec97df2d48995a6a716b7c2873eb4339c035d7a812a4ffb1056332407,validation
1,1.7451198823338094,2.0952406456871113,-0.43113780961617876,-0.21490172250155998,-0.5683893369979545,-0.4971676536445075,-152.58829243034765,-3.9216008670664237,True,True,False,261,ID-G-coupled-neg-d14,14.0,80eafeaec97df2d48995a6a716b7c2873eb4339c035d7a812a4ffb1056332407,train
1,1.731773002867207,2.0885032725776997,-0.44912954621661916,-0.2292772556453353,-0.6184981648180108,-0.48323441332173545,-151.97761584949035,-2.865990856441492,True,True,False,262,ID-G-coupled-neg-d14,14.0,80eafeaec97df2d48995a6a716b7c2873eb4339c035d7a812a4ffb1056332407,train
1,1.7178512317390695,2.081316622937965,-0.4692482904201903,-0.24512829697465532,-0.7092630374597347,-0.5914023375940303,-151.20494897804446,-1.7703089410081319,True,True,False,263,ID-G-coupled-neg-d14,14.0,80eafeaec97df2d48995a6a716b7c2873eb4339c035d7a812a4ffb1056332407,train
1,1.7032993484256413,2.0735880676625458,-0.489933906126247,-0.26471104536705453,-0.6533548210967094,-0.6452265913443149,-150.75206777004837,-0.5202629614026222,True,True,False,264,ID-G-coupled-neg-d14,14.0,80eafeaec97df2d48995a6a716b7c2873eb4339c035d7a812a4ffb1056332407,train
1,1.6881616803854986,2.065272074790438,-0.5073333977337012,-0.2830299702531174,-0.49101633957829055,-0.5320066236997869,-150.58199806678445,0.775103540842089,True,True,False,265,ID-G-coupled-neg-d14,14.0,80eafeaec97df2d48995a6a716b7c2873eb4339c035d7a812a4ffb1056332407,validation
1,1.672530398218827,2.0564660147658804,-0.5238486767040325,-0.2973018939167141,-0.5994290839613945,-0.48395155056104444,-149.75886479556286,1.8117820413672092,True,True,False,266,ID-G-coupled-neg-d14,14.0,80eafeaec97df2d48995a6a716b7c2873eb4339c035d7a812a4ffb1056332407,train
1,1.656352561022802,2.0472062317761304,-0.5432245189178547,-0.3138515457475564,-0.6790660165417077,-0.6056703980750224,-148.92257769521137,2.9770788297106634,True,True,False,267,ID-G-coupled-neg-d14,14.0,80eafeaec97df2d48995a6a716b7c2873eb4339c035d7a812a4ffb1056332407,train
1,1.639599510872811,2.0373914434846254,-0.560118320734032,-0.3333894118019037,-0.43104775862257966,-0.6076472847478234,-148.85168356942063,4.477084704250949,True,True,False,268,ID-G-coupled-neg-d14,14.0,80eafeaec97df2d48995a6a716b7c2873eb4339c035d7a812a4ffb1056332407,train
1,1.6224299219155411,2.0270305193069347,-0.571303494057129,-0.3488003438837823,-0.30465406760745734,-0.42774822850392363,-148.5647304255246,5.754065066275821,True,True,False,269,ID-G-coupled-neg-d14,14.0,80eafeaec97df2d48995a6a716b7c2873eb4339c035d7a812a4ffb1056332407,train
1,1.6049365540353078,2.0162714093695553,-0.582901638912156,-0.36019496435509885,-0.4621542146585407,-0.3695924018243979,-147.59908522904956,6.7450093186003315,True,True,False,270,ID-G-coupled-neg-d14,14.0,80eafeaec97df2d48995a6a716b7c2873eb4339c035d7a812a4ffb1056332407,validation
1,1.587055429682025,2.0051592504380906,-0.5956414899289065,-0.3729933507230515,-0.3766845860371071,-0.4687105221103415,-147.12442800316734,8.10337491426791,True,True,False,271,ID-G-coupled-neg-d14,14.0,80eafeaec97df2d48995a6a716b7c2873eb4339c035d7a812a4ffb1056332407,train
1,1.5688352236117313,1.9936178239355418,-0.6049894852295231,-0.38836001595441105,-0.23797011884223757,-0.541946689413242,-146.76650557984118,9.532451860893161,True,True,False,272,ID-G-coupled-neg-d14,14.0,80eafeaec97df2d48995a6a716b7c2873eb4339c035d7a812a4ffb1056332407,train
1,1.5503580275993047,1.9815790419602832,-0.6138368793108675,-0.40571177014661974,-0.34670005192820147,-0.6020161718055314,-145.83887495847898,10.643776773803495,True,True,False,273,ID-G-coupled-neg-d14,14.0,80eafeaec97df2d48995a6a716b7c2873eb4339c035d7a812a4ffb1056332407,train
1,1.5315876708782852,1.9689865608035977,-0.6234718752296092,-0.4248471162216192,-0.28791812080677803,-0.6529922671744995,-145.26316002054762,11.93535337388154,True,True,False,274,ID-G-coupled-neg-d14,14.0,80eafeaec97df2d48995a6a716b7c2873eb4339c035d7a812a4ffb1056332407,train
1,1.5125717618130934,1.9558005195615507,-0.6293687044578867,-0.44451314073381676,-0.09889976414386074,-0.6426149042659675,-144.98987739145804,13.346048724047264,True,True,False,275,ID-G-coupled-neg-d14,14.0,80eafeaec97df2d48995a6a716b7c2873eb4339c035d7a812a4ffb1056332407,validation
1,1.493432212004626,1.942024764141775,-0.6326876930466606,-0.4636627841816664,-0.1202730828043229,-0.6217498235298875,-144.25960933749755,14.446775675371732,True,True,False,276,ID-G-coupled-neg-d14,14.0,80eafeaec97df2d48995a6a716b7c2873eb4339c035d7a812a4ffb1056332407,train
1,1.4741801335462092,1.927666677832257,-0.6368555247114916,-0.4832778702431931,-0.1549675473449801,-0.6719209760963666,-143.46992902053566,15.514192884245276,True,True,False,277,ID-G-coupled-neg-d14,14.0,80eafeaec97df2d48995a6a716b7c2873eb4339c035d7a812a4ffb1056332407,train
1,1.4548019757450448,1.9126887562317554,-0.6404551480505117,-0.5045917438100309,-0.08177132307967604,-0.7339754000919312,-142.90003714173938,16.68889147970482,True,True,False,278,ID-G-coupled-neg-d14,14.0,80eafeaec97df2d48995a6a716b7c2873eb4339c035d7a812a4ffb1056332407,train
1,1.4353375551901109,1.8970475389558996,-0.6429027414778842,-0.5265429772808975,-0.07969449258192078,-0.7078883860661167,-142.19862435352334,17.67864049473004,True,True,False,279,ID-G-coupled-neg-d14,14.0,80eafeaec97df2d48995a6a716b7c2873eb4339c035d7a812a4ffb1056332407,train
1,1.4157991039378437,1.8807314602022975,-0.6453610356082311,-0.5501223074748601,-0.08251157313636844,-0.8669756842570686,-141.42836190588372,18.696792721840218,True,True,False,280,ID-G-coupled-neg-d14,14.0,80eafeaec97df2d48995a6a716b7c2873eb4339c035d7a812a4ffb1056332407,validation
1,1.3961882941878914,1.8636389472196058,-0.6475565852292777,-0.5767177914233071,-0.06217771980343683,-0.8589349154249031,-140.74028077009586,19.61321269983531,True,True,False,281,ID-G-coupled-neg-d14,14.0,80eafeaec97df2d48995a6a716b7c2873eb4339c035d7a812a4ffb1056332407,train
1,1.3765176409103121,1.8457740701167074,-0.6493935253530184,-0.5999927984855155,-0.059004875757449934,-0.6424324647580246,-140.09034350240415,20.332588228457336,True,True,False,282,ID-G-coupled-neg-d14,14.0,80eafeaec97df2d48995a6a716b7c2873eb4339c035d7a812a4ffb1056332407,train
1,1.3567931688218506,1.8272906986782573,-0.6510903138242494,-0.6191027993392009,-0.05291172840253327,-0.6863465021128196,-139.40164313921852,21.116081616010828,True,True,False,283,ID-G-coupled-neg-d14,14.0,80eafeaec97df2d48995a6a716b7c2873eb4339c035d7a812a4ffb1056332407,train
1,1.3370277774308243,1.8081806896261725,-0.6518335228861529,-0.6411806007387395,0.004207428670002312,-0.7510646217855184,-138.81308845996028,21.94604609737822,True,True,False,284,ID-G-coupled-neg-d14,14.0,80eafeaec97df2d48995a6a716b7c2873eb4339c035d7a812a4ffb1056332407,train
1,1.3172301583941892,1.7883939572095353,-0.6544122322572091,-0.6625761153971336,-0.1754334563032499,-0.602459064481727,-137.7958408824588,22.2721033928422,True,True,False,285,ID-G-coupled-neg-d14,14.0,80eafeaec97df2d48995a6a716b7c2873eb4339c035d7a812a4ffb1056332407,validation
1,1.297334945739207,1.7680318247189364,-0.6561629342087781,-0.6806893984002303,0.0613419179762963,-0.7056530767872587,-137.60309483177457,23.277122862376572,True,True,False,286,ID-G-coupled-neg-d14,14.0,80eafeaec97df2d48995a6a716b7c2873eb4339c035d7a812a4ffb1056332407,train
1,1.2775153864039623,1.7470352256462656,-0.6487664240718549,-0.7034365148966311,0.42819953812524447,-0.6819033245700687,-137.73983746828878,24.405277455424542,True,True,False,287,ID-G-coupled-neg-d14,14.0,80eafeaec97df2d48995a6a716b7c2873eb4339c035d7a812a4ffb1056332407,train
1,1.2579963752427288,1.725421761684984,-0.6394238744048194,-0.7199606206873539,0.18639533297151448,-0.3608092058411199,-136.76269040677488,24.396668244874917,True,True,False,288,ID-G-coupled-neg-d14,14.0,80eafeaec97df2d48995a6a716b7c2873eb4339c035d7a812a4ffb1056332407,train
1,1.2387129507906165,1.7034629298879618,-0.6311259768420959,-0.7275851514722851,0.3613864536718842,-0.28462991070650423,-136.63884318592275,25.039357735500538,True,True,False,289,ID-G-coupled-neg-d14,14.0,80eafeaec97df2d48995a6a716b7c2873eb4339c035d7a812a4ffb1056332407,train
1,1.2197710094245946,1.6812388837532006,-0.6166017278222103,-0.7381360189025366,0.5970551309464756,-0.3670415953201917,-136.6377693675885,25.826959368244243,True,True,False,290,ID-G-coupled-neg-d14,14.0,80eafeaec97df2d48995a6a716b7c2873eb4339c035d7a812a4ffb1056332407,validation
1,1.201326147704553,1.6586824879675381,-0.6000736824663537,-0.7487615489620514,0.49209230400805043,-0.3011261527478909,-136.02144226397235,25.95591615042367,True,True,False,291,ID-G-coupled-neg-d14,14.0,80eafeaec97df2d48995a6a716b7c2873eb4339c035d7a812a4ffb1056332407,train
1,1.1833296877810153,1.6358505372171839,-0.5871905398034254,-0.7561233834819335,0.35671627304475,-0.19891013938510452,-135.38780517090748,25.926945126425654,True,True,False,292,ID-G-coupled-neg-d14,14.0,80eafeaec97df2d48995a6a716b7c2873eb4339c035d7a812a4ffb1056332407,train
1,1.1656747342751645,1.6128269667391792,-0.5771255844678367,-0.7626355081023025,0.30662544655706553,-0.3489421286884902,-134.89200652450157,26.089263786612868,True,True,False,293,ID-G-coupled-neg-d14,14.0,80eafeaec97df2d48995a6a716b7c2873eb4339c035d7a812a4ffb1056332407,train
1,1.1483188908389539,1.5894732080827862,-0.5669110322355614,-0.7788537333209502,0.36689411188382215,-0.6769598193550826,-134.56569799808446,26.485052558152855,True,True,False,294,ID-G-coupled-neg-d14,14.0,80eafeaec97df2d48995a6a716b7c2873eb4339c035d7a812a4ffb1056332407,train
1,1.1312818832927347,1.5655057952563673,-0.5567232354778605,-0.8017768652643008,0.30457340005084693,-0.7356241920682135,-134.05604439658885,26.500162649139476,True,True,False,295,ID-G-coupled-neg-d14,14.0,80eafeaec97df2d48995a6a716b7c2873eb4339c035d7a812a4ffb1056332407,validation
1,1.1145179376824346,1.5408724336817212,-0.5491477651418327,-0.821622514054831,0.19462177026606067,-0.5834779832664672,-133.5372430572724,26.23926326642762,True,True,False,296,ID-G-coupled-neg-d14,14.0,80eafeaec97df2d48995a6a716b7c2873eb4339c035d7a812a4ffb1056332407,train
1,1.097967722247104,1.5156965475783946,-0.5414900746263963,-0.8384741258324391,0.31035970674838526,-0.6309244453277726,-133.48797117641567,26.35737776180497,True,True,False,297,ID-G-coupled-neg-d14,14.0,80eafeaec97df2d48995a6a716b7c2873eb4339c035d7a812a4ffb1056332407,train
1,1.0817217781387107,1.4899319217249747,-0.5284677305032199,-0.8608573818423666,0.5483686192524273,-0.7185765946885183,-133.72113416028253,26.645098613930596,True,True,False,298,ID-G-coupled-neg-d14,14.0,80eafeaec97df2d48995a6a716b7c2873eb4339c035d7a812a4ffb1056332407,train
1,1.0659188702310434,1.4635282490776962,-0.5143082434272734,-0.8780190802520265,0.3849949128161281,-0.29483352076858493,-133.3113475545675,25.938668960525526,True,True,False,299,ID-G-coupled-neg-d14,14.0,80eafeaec97df2d48995a6a716b7c2873eb4339c035d7a812a4ffb1056332407,train
1,1.0505123077311052,1.4368591589115727,-0.5009492492715831,-0.8787502518327706,0.49572057039774037,-0.028016918276152835,-133.56348532273262,25.622370894200856,True,True,False,300,ID-G-coupled-neg-d14,14.0,80eafeaec97df2d48995a6a716b7c2873eb4339c035d7a812a4ffb1056332407,validation
1,1.0355621472253533,1.41013326296647,-0.4842084510438984,-0.8841757354376925,0.6079005836111288,-0.14480482052513327,-133.78368144300057,25.475274135834105,True,True,False,301,ID-G-coupled-neg-d14,14.0,80eafeaec97df2d48995a6a716b7c2873eb4339c035d7a812a4ffb1056332407,train
1,1.0211250795143243,1.3833009958883735,-0.4686450185838895,-0.8830492725968125,0.4182419619979752,0.24230326185115977,-133.5385115359627,24.510703241370422,True,True,False,302,ID-G-coupled-neg-d14,14.0,80eafeaec97df2d48995a6a716b7c2873eb4339c035d7a812a4ffb1056332407,train
1,1.0071425498643012,1.3566870015611974,-0.451943776529369,-0.8708825925572734,0.6825352996068877,0.37411642958940133,-134.32084384818108,24.3202900843327,True,True,False,303,ID-G-coupled-neg-d14,14.0,80eafeaec97df2d48995a6a716b7c2873eb4339c035d7a812a4ffb1056332407,train
1,0.9937479411265213,1.3303994660164533,-0.4312070917864747,-0.862857173587034,0.6845426030437892,0.29976388449206054,-134.55632268370408,23.809678040926563,True,True,False,304,ID-G-coupled-neg-d14,14.0,80eafeaec97df2d48995a6a716b7c2873eb4339c035d7a812a4ffb1056332407,train
1,0.980960653611235,1.304402015495492,-0.4126440815365585,-0.8505029758379612,0.539501021196629,0.4389123614112421,-134.56910110233198,22.892413586113165,True,True,False,305,ID-G-coupled-neg-d14,14.0,80eafeaec97df2d48995a6a716b7c2873eb4339c035d7a812a4ffb1056332407,validation
1,0.9687243598040566,1.278799226039165,-0.3930818129314884,-0.8378384912023111,0.7496935232054315,0.38965312453555445,-135.38257258489836,22.59079800482116,True,True,False,306,ID-G-coupled-neg-d14,14.0,80eafeaec97df2d48995a6a716b7c2873eb4339c035d7a812a4ffb1056332407,train
1,0.9571384332228736,1.253561149406707,-0.37106807349375776,-0.8255052517260626,0.7017021843364741,0.5382673606559,-135.7180388915803,21.740567153436825,True,True,False,307,ID-G-coupled-neg-d14,14.0,80eafeaec97df2d48995a6a716b7c2873eb4339c035d7a812a4ffb1056332407,train
1,0.9461887501955388,1.2288222200902188,-0.35144082153939876,-0.8046380183039917,0.5925675144068535,0.7305622043382974,-136.00348033916313,20.69903703438912,True,True,False,308,ID-G-coupled-neg-d14,14.0,80eafeaec97df2d48995a6a716b7c2873eb4339c035d7a812a4ffb1056332407,train
1,0.9357917421643778,1.2047449121167861,-0.3343806868004774,-0.7831970649072403,0.5323416021329387,0.6672163775456832,-136.39453801478112,19.84377801850456,True,True,False,309,ID-G-coupled-neg-d14,14.0,80eafeaec97df2d48995a6a716b7c2873eb4339c035d7a812a4ffb1056332407,train
1,0.9259265514663434,1.1812834142007647,-0.3149980108400597,-0.7638095753909026,0.7446564859985381,0.6468324603422508,-137.45393485220796,19.3701770184827,True,True,False,310,ID-G-coupled-neg-d14,14.0,80eafeaec97df2d48995a6a716b7c2873eb4339c035d7a812a4ffb1056332407,validation
1,0.9166487679466971,1.1584242685288868,-0.2988684944897759,-0.7425875900620968,0.32049281692853027,0.800258771548346,-137.09365434628197,17.800268176919648,True,True,False,311,ID-G-coupled-neg-d14,14.0,80eafeaec97df2d48995a6a716b7c2873eb4339c035d7a812a4ffb1056332407,train
1,0.9076616029726132,1.1362836648691779,-0.29594874277889255,-0.7181787617290362,-0.1259016937126019,0.6387285528794235,-136.60753999269582,16.357484259758856,True,True,False,312,ID-G-coupled-neg-d14,14.0,80eafeaec97df2d48995a6a716b7c2873eb4339c035d7a812a4ffb1056332407,train
1,0.8986697487448208,1.1147218325499357,-0.2955077017592526,-0.7058833560164811,0.1535893430349507,0.16516689176812122,-137.73198062066442,16.251553404286337,True,True,False,313,ID-G-coupled-neg-d14,14.0,80eafeaec97df2d48995a6a716b7c2873eb4339c035d7a812a4ffb1056332407,train
1,0.889762431883431,1.0933418446183938,-0.29225366618590626,-0.7035447974900447,0.061468321370327705,0.1654911217685072,-137.98964087206934,15.37799071454114,True,True,False,314,ID-G-coupled-neg-d14,14.0,80eafeaec97df2d48995a6a716b7c2873eb4339c035d7a812a4ffb1056332407,train
1,0.8809192668771224,1.0721071692366861,-0.2910216484485278,-0.6961703816940118,0.020033246072728248,0.2595545431928303,-138.42526548164045,14.505439350664004,True,True,False,315,ID-G-coupled-neg-d14,14.0,80eafeaec97df2d48995a6a716b7c2873eb4339c035d7a812a4ffb1056332407,validation
1,0.8721090485889402,1.05110880036251,-0.28960316392034324,-0.6883970022974578,0.07318017461756143,0.24927397311179791,-139.1177326214806,13.83490103760251,True,True,False,316,ID-G-coupled-neg-d14,14.0,80eafeaec97df2d48995a6a716b7c2873eb4339c035d7a812a4ffb1056332407,train
1,0.863352222524503,1.0303400347125777,-0.28796117718280034,-0.6810295880113834,0.03536375058279983,0.23748244520425796,-139.61373156761982,13.0399127513369,True,True,False,317,ID-G-coupled-neg-d14,14.0,80eafeaec97df2d48995a6a716b7c2873eb4339c035d7a812a4ffb1056332407,train
1,0.854622116593852,1.0097996663923023,-0.2880266466392464,-0.672715642420524,-0.0390936658264985,0.3354742396462215,-140.04383959558004,12.13546615015819,True,True,False,318,ID-G-coupled-neg-d14,14.0,80eafeaec97df2d48995a6a716b7c2873eb4339c035d7a812a4ffb1056332407,train
1,0.845871194388549,0.989551921906418,-0.28883057965727477,-0.6625659303875406,-0.014042034706871693,0.30235664333802414,-140.75617684233669,11.456249609508866,True,True,False,319,ID-G-coupled-neg-d14,14.0,80eafeaec97df2d48995a6a716b7c2873eb4339c035d7a812a4ffb1056332407,train
1,0.8371300308368926,0.9695846965867786,-0.2866467913332425,-0.6541880844513825,0.15666970761438173,0.2537885343899373,-141.88008831917753,11.01392375468609,True,True,False,320,ID-G-coupled-neg-d14,14.0,80eafeaec97df2d48995a6a716b7c2873eb4339c035d7a812a4ffb1056332407,validation
1,0.8285167169509535,0.9498939248964618,-0.28095292789784293,-0.6423478469183636,0.21820060159329174,0.5678895711346623,-142.80846297916753,10.204484479776212,True,True,False,321,ID-G-coupled-neg-d14,14.0,80eafeaec97df2d48995a6a716b7c2873eb4339c035d7a812a4ffb1056332407,train
1,0.820081940352235,0.9306994784390977,-0.27560666900007397,-0.6225012143806273,0.1350322807888316,0.7233901034937752,-143.4413892125476,9.256482697051243,True,True,False,322,ID-G-coupled-neg-d14,14.0,80eafeaec97df2d48995a6a716b7c2873eb4339c035d7a812a4ffb1056332407,train
1,0.8117892963610395,0.9121268332796219,-0.2709887431537083,-0.6030042988789164,0.16911696171619559,0.5504247621981481,-144.40155727919108,8.67654033935841,True,True,False,323,ID-G-coupled-neg-d14,14.0,80eafeaec97df2d48995a6a716b7c2873eb4339c035d7a812a4ffb1056332407,train
1,0.8036480341482956,0.8940863849910883,-0.26576779964909436,-0.5865522304294383,0.1750462723257156,0.5352406939671431,-145.2855093636997,8.001164782725011,True,True,False,324,ID-G-coupled-neg-d14,14.0,80eafeaec97df2d48995a6a716b7c2873eb4339c035d7a812a4ffb1056332407,train
1,0.7956667611857199,0.8765400930809776,-0.26047597412286955,-0.5703591195758988,0.17386035387056573,0.5346627444090764,-146.17088973087095,7.321115128532178,True,True,False,325,ID-G-coupled-neg-d14,14.0,80eafeaec97df2d48995a6a716b7c2873eb4339c035d7a812a4ffb1056332407,validation
1,0.7878404661063254,0.8594895650675142,-0.25571144030880394,-0.5537431735379679,0.1406388721091211,0.5418907173431825,-146.98791682092522,6.604916921322654,True,True,False,326,ID-G-coupled-neg-d14,14.0,80eafeaec97df2d48995a6a716b7c2873eb4339c035d7a812a4ffb1056332407,train
1,0.7801522857753375,0.8429190430374834,-0.25108171367349535,-0.5395108508757525,0.16434184958661138,0.42013306517721855,-147.96868282616765,6.059571920925394,True,True,False,327,ID-G-coupled-neg-d14,14.0,80eafeaec97df2d48995a6a716b7c2873eb4339c035d7a812a4ffb1056332407,train
1,0.7726180377859093,0.8267507773539385,-0.24547831216324958,-0.5263649634316757,0.20460905156527281,0.46221910660120596,-149.01064345523616,5.45584877195706,True,True,False,328,ID-G-coupled-neg-d14,14.0,80eafeaec97df2d48995a6a716b7c2873eb4339c035d7a812a4ffb1056332407,train
1,0.765247488054926,0.8110145259712878,-0.24109096094071553,-0.5108867141714747,0.08613576254714993,0.4835021732488731,-149.6303209977156,4.652165023167278,True,True,False,329,ID-G-coupled-neg-d14,14.0,80eafeaec97df2d48995a6a716b7c2873eb4339c035d7a812a4ffb1056332407,train
1,0.7579600335416474,0.7956962609230253,-0.23985246733847684,-0.50048631250597,-0.003253895029426774,0.2151582799899594,-150.29716278272815,4.085113069196341,True,True,False,330,ID-G-coupled-neg-d14,14.0,80eafeaec97df2d48995a6a716b7c2873eb4339c035d7a812a4ffb1056332407,validation
1,0.750695459340608,0.7805819303964442,-0.23872763567877878,-0.4967159947668053,0.07642192817630224,0.11554815126296988,-151.41323766559725,3.6779877010628894,True,True,False,331,ID-G-coupled-neg-d14,14.0,80eafeaec97df2d48995a6a716b7c2873eb4339c035d7a812a4ffb1056332407,train
1,0.743486484287849,0.7655909921262684,-0.23667706943257752,-0.4911352414500834,0.05908093634159323,0.21677675678373468,-152.28440240054118,3.020896285173409,True,True,False,332,ID-G-coupled-neg-d14,14.0,80eafeaec97df2d48995a6a716b7c2873eb4339c035d7a812a4ffb1056332407,train
1,0.7363230223989127,0.750792068074755,-0.23600741017272497,-0.48480476823681956,-0.013771695210167828,0.17381588166636158,-153.02545370865553,2.3691538452848113,True,True,False,333,ID-G-coupled-neg-d14,14.0,80eafeaec97df2d48995a6a716b7c2873eb4339c035d7a812a4ffb1056332407,train
1,0.729161844836363,0.7361514459349441,-0.23602668805858174,-0.48075464418539976,0.012230211207116842,0.1310310319519407,-154.0706989539785,1.8537453827739347,True,True,False,334,ID-G-coupled-neg-d14,14.0,80eafeaec97df2d48995a6a716b7c2873eb4339c035d7a812a4ffb1056332407,train
1,0.7220126032509004,0.7216356900505885,-0.23520265644575714,-0.4761066133780754,0.04174647235394894,0.174855258354089,-155.16762735869395,1.289216304977267,True,True,False,335,ID-G-coupled-neg-d14,14.0,80eafeaec97df2d48995a6a716b7c2873eb4339c035d7a812a4ffb1056332407,validation
1,0.7148899227741896,0.7072785543369886,-0.23466204153147807,-0.47058362658840547,-0.005215401829284222,0.16159354123918268,-156.0717221798265,0.6566874017224604,True,True,False,336,ID-G-coupled-neg-d14,14.0,80eafeaec97df2d48995a6a716b7c2873eb4339c035d7a812a4ffb1056332407,train
1,0.7077676598043182,0.6930694186941821,-0.23499382422247428,-0.46648198960750986,-0.016314680819371825,0.12144322871789529,-157.10431379701555,0.09019484845016779,True,True,False,337,ID-G-coupled-neg-d14,14.0,80eafeaec97df2d48995a6a716b7c2873eb4339c035d7a812a4ffb1056332407,train
1,0.7006385367612993,0.6789750518134836,-0.23484736613497337,-0.46266483861321217,0.025397992362970613,0.1491688866605663,-158.3395560868182,-0.45162139060840634,True,True,False,338,ID-G-coupled-neg-d14,14.0,80eafeaec97df2d48995a6a716b7c2873eb4339c035d7a812a4ffb1056332407,train
1,0.6935244360274048,0.665016510048732,-0.23427991179370872,-0.45759730873633275,0.012403171187065206,0.1682811568569381,-159.45500428272365,-1.0633919770293558,True,True,False,339,ID-G-coupled-neg-d14,14.0,80eafeaec97df2d48995a6a716b7c2873eb4339c035d7a812a4ffb1056332407,train
1,0.6864179821700547,0.6512100879326119,-0.23445786899310278,-0.45295504049298174,-0.0232792339949882,0.12454421530348793,-160.53032080662692,-1.6655465914662662,True,True,False,340,ID-G-coupled-neg-d14,14.0,80eafeaec97df2d48995a6a716b7c2873eb4339c035d7a812a4ffb1056332407,validation
1,0.6792925193499911,0.6375210292148358,-0.23544289215452907,-0.4496899368823919,-0.04108837273277693,0.10627392099009703,-161.67958337717695,-2.25384798646936,True,True,False,341,ID-G-coupled-neg-d14,14.0,80eafeaec97df2d48995a6a716b7c2873eb4339c035d7a812a4ffb1056332407,train
1,0.6721352377770371,0.623932827375421,-0.23635548732189451,-0.4459977435546686,-0.019271667768134892,0.1488881002052307,-163.00598863316304,-2.8341342368806366,True,True,False,342,ID-G-coupled-neg-d14,14.0,80eafeaec97df2d48995a6a716b7c2873eb4339c035d7a812a4ffb1056332407,train
1,0.664959718006865,0.6104772525144421,-0.23666452989815545,-0.44121886777806263,-0.0012368992421133323,0.1489479262211953,-164.39112528785083,-3.4027614531401404,True,True,False,343,ID-G-coupled-neg-d14,14.0,80eafeaec97df2d48995a6a716b7c2873eb4339c035d7a812a4ffb1056332407,train
1,0.657785780513276,0.5971589106610115,-0.23616644927649577,-0.437007227503438,0.033555468863803395,0.13011775213113697,-165.8882151093872,-3.9443332353363294,True,True,False,344,ID-G-coupled-neg-d14,14.0,80eafeaec97df2d48995a6a716b7c2873eb4339c035d7a812a4ffb1056332407,train
1,0.6506361424419522,0.5839585084636899,-0.23527998731201868,-0.4335577048301016,0.025299457469686957,0.0921002089706066,-167.28233732711442,-4.528124359821117,True,True,False,345,ID-G-coupled-neg-d14,14.0,80eafeaec97df2d48995a6a716b7c2873eb4339c035d7a812a4ffb1056332407,validation
1,0.6435052608571707,0.5708441167699252,-0.23506746532875328,-0.4312782107319049,-0.010198362536445871,0.0612495096712208,-168.61106311231902,-5.1506827927426215,True,True,False,346,ID-G-coupled-neg-d14,14.0,80eafeaec97df2d48995a6a716b7c2873eb4339c035d7a812a4ffb1056332407,train
1,0.6363766843371312,0.5577948519423839,-0.23473970260690713,-0.42873969321660677,0.03111816633194628,0.12386486358458791,-170.2744517094108,-5.760534810381852,True,True,False,347,ID-G-coupled-neg-d14,14.0,80eafeaec97df2d48995a6a716b7c2873eb4339c035d7a812a4ffb1056332407,train
1,0.6292831821850899,0.54486094133361,-0.23256099538905128,-0.4235448151284318,0.11078873058524044,0.22042581943487635,-172.19880153619266,-6.384388666402703,True,True,False,348,ID-G-coupled-neg-d14,14.0,80eafeaec97df2d48995a6a716b7c2873eb4339c035d7a812a4ffb1056332407,train
1,0.6222940658371515,0.5321339913806679,-0.22780634760893487,-0.4148775899011984,0.2005057350534936,0.35636349191840344,-174.29501833939233,-7.061661126897825,True,True,False,349,ID-G-coupled-neg-d14,14.0,80eafeaec97df2d48995a6a716b7c2873eb4339c035d7a812a4ffb1056332407,train
1,0.6154630105105892,0.5197065685542285,-0.22301008354519905,-0.4052251445520062,0.11797444265157693,0.24354092924640655,-175.83897629479546,-7.794753230331745,True,True,False,350,ID-G-coupled-neg-d14,14.0,80eafeaec97df2d48995a6a716b7c2873eb4339c035d7a812a4ffb1056332407,validation
1,0.6087473227634027,0.507513898042521,-0.2199496654340595,-0.3989462907688944,0.08490486724493049,0.18385762349451887,-177.55088442613646,-8.4987108582367,True,True,False,351,ID-G-coupled-neg-d14,14.0,80eafeaec97df2d48995a6a716b7c2873eb4339c035d7a812a4ffb1056332407,train
1,0.6021252910199771,0.4955080428405384,-0.21632767173570627,-0.3920557498768794,0.15219525694261063,0.2866043403865734,-179.71304894120647,-9.218869592817938,True,True,False,352,ID-G-coupled-neg-d14,14.0,80eafeaec97df2d48995a6a716b7c2873eb4339c035d7a812a4ffb1056332407,train
1,0.5956516506200387,0.4837751225740107,-0.20992849084861698,-0.3805375320096726,0.2664019806190413,0.4773541362331522,-182.21687046467454,-9.996880321008149,True,True,False,353,ID-G-coupled-neg-d14,14.0,80eafeaec97df2d48995a6a716b7c2873eb4339c035d7a812a4ffb1056332407,train
1,0.5894208001235467,0.47247912836343914,-0.2004439085797285,-0.36339068982092354,0.3560087672588917,0.6477352623174596,-184.79435412055685,-10.841081397366919,True,True,False,354,ID-G-coupled-neg-d14,14.0,80eafeaec97df2d48995a6a716b7c2873eb4339c035d7a812a4ffb1056332407,train
1,0.5834994453234772,0.4617504393300421,-0.19013535794773176,-0.3443779823208567,0.3243032310376224,0.5881310630840779,-186.9685940897325,-11.684367061177852,True,True,False,355,ID-G-coupled-neg-d14,14.0,80eafeaec97df2d48995a6a716b7c2873eb4339c035d7a812a4ffb1056332407,validation
1,0.5778730487865145,0.4515601519228999,-0.18109430554879538,-0.32800590987893224,0.27316854496129855,0.4917830142267927,-189.01364799695355,-12.50175475713317,True,True,False,356,ID-G-coupled-neg-d14,14.0,80eafeaec97df2d48995a6a716b7c2873eb4339c035d7a812a4ffb1056332407,train
1,0.5724981889683133,0.44182450780954924,-0.17352370151237317,-0.31428806414888494,0.22733774502048,0.41547872107621814,-191.02336865481016,-13.304070504402581,True,True,False,357,ID-G-coupled-neg-d14,14.0,80eafeaec97df2d48995a6a716b7c2873eb4339c035d7a812a4ffb1056332407,train
1,0.5673469674595526,0.43249402549196564,-0.16587611841280414,-0.30040066161274437,0.275055381265742,0.5067204649570225,-193.42863281691353,-14.124091634132338,True,True,False,358,ID-G-coupled-neg-d14,14.0,80eafeaec97df2d48995a6a716b7c2873eb4339c035d7a812a4ffb1056332407,train
1,0.5624462827104888,0.42362576391646567,-0.15711238992044507,-0.2840012469665188,0.30148655254532647,0.570616609976477,-195.80814392782193,-14.964490972543565,True,True,False,359,ID-G-coupled-neg-d14,14.0,80eafeaec97df2d48995a6a716b7c2873eb4339c035d7a812a4ffb1056332407,train
1,0.5578224472054439,0.41528173078547137,-0.1476591348339407,-0.2659050893815263,0.3206359088023643,0.6198737854312537,-198.18067849839088,-15.805217423641956,True,True,False,360,ID-G-coupled-neg-d14,14.0,80eafeaec97df2d48995a6a716b7c2873eb4339c035d7a812a4ffb1056332407,validation
1,0.5534868918320957,0.4074934423768227,-0.13833220357170659,-0.2479107955911304,0.2948100674293039,0.563784623156815,-200.3311932547217,-16.603265484218277,True,True,False,361,ID-G-coupled-neg-d14,14.0,80eafeaec97df2d48995a6a716b7c2873eb4339c035d7a812a4ffb1056332407,train
1,0.5494223273268158,0.4002235639916564,-0.1297924288183227,-0.2317205698746281,0.2688200513195363,0.5048976575128457,-202.39376279551013,-17.363260881834076,True,True,False,362,ID-G-coupled-neg-d14,14.0,80eafeaec97df2d48995a6a716b7c2873eb4339c035d7a812a4ffb1056332407,train
1,0.5456038291534253,0.3934160096758572,-0.12213885024163046,-0.21748394947719102,0.23673326038995765,0.43528722090333294,-204.3387454561015,-18.085493266802185,True,True,False,363,ID-G-coupled-neg-d14,14.0,80eafeaec97df2d48995a6a716b7c2873eb4339c035d7a812a4ffb1056332407,train
1,0.5420055483077253,0.3870142093685225,-0.11518452296997089,-0.20476257759920322,0.22207600946862535,0.4048914853663473,-206.2811117532206,-18.786623494251078,True,True,False,364,ID-G-coupled-neg-d14,14.0,80eafeaec97df2d48995a6a716b7c2873eb4339c035d7a812a4ffb1056332407,train
1,0.5386151874291555,0.38099292781351457,-0.10831512230848155,-0.1921232682713659,0.23012266781166246,0.4278455808313873,-208.28021882684692,-19.484124755298105,True,True,False,365,ID-G-coupled-neg-d14,14.0,80eafeaec97df2d48995a6a716b7c2873eb4339c035d7a812a4ffb1056332407,validation
1,0.5354354269109366,0.37536258112429044,-0.10134478459073212,-0.17910118939094657,0.22906689404565822,0.42952769489734766,-210.202404951137,-20.16008671503105,True,True,False,366,ID-G-coupled-neg-d14,14.0,80eafeaec97df2d48995a6a716b7c2873eb4339c035d7a812a4ffb1056332407,train
1,0.532465876284837,0.3701259028742566,-0.09447810484970495,-0.16623075654222697,0.22346458314378675,0.41848822497319643,-212.0439208182108,-20.807314681653807,True,True,False,367,ID-G-coupled-neg-d14,14.0,80eafeaec97df2d48995a6a716b7c2873eb4339c035d7a812a4ffb1056332407,train
1,0.5297018801902481,0.3652743208237967,-0.08779671736515589,-0.1537155596910182,0.21687735148171272,0.4062557578851331,-213.8071572497891,-21.42540211352067,True,True,False,368,ID-G-coupled-neg-d14,14.0,80eafeaec97df2d48995a6a716b7c2873eb4339c035d7a812a4ffb1056332407,train
1,0.5271367318464585,0.36079559039792647,-0.08139144998283653,-0.1416834557242412,0.20550272591450128,0.3869093408594754,-215.46488706609108,-22.010403920050496,True,True,False,369,ID-G-coupled-neg-d14,14.0,80eafeaec97df2d48995a6a716b7c2873eb4339c035d7a812a4ffb1056332407,train
1,0.5247611808038799,0.35667430442094084,-0.07527934536933246,-0.13010413539630836,0.1973847214714784,0.3760634471577185,-217.05075048047473,-22.56469468916925,True,True,False,370,ID-G-coupled-neg-d14,14.0,80eafeaec97df2d48995a6a716b7c2873eb4339c035d7a812a4ffb1056332407,validation
1,0.5225650321434429,0.3528917867274094,-0.0696311149211651,-0.11957943229780055,0.17572514046832433,0.3196419882176293,-218.47595648879292,-23.063754900804607,True,True,False,371,ID-G-coupled-neg-d14,14.0,80eafeaec97df2d48995a6a716b7c2873eb4339c035d7a812a4ffb1056332407,train
1,0.5205298964570738,0.34940111198881474,-0.06467265605734414,-0.11089925562408195,0.15217078755483696,0.2555657746368608,-219.77625790075436,-23.517327638401916,True,True,False,372,ID-G-coupled-neg-d14,14.0,80eafeaec97df2d48995a6a716b7c2873eb4339c035d7a812a4ffb1056332407,train
1,0.5186345221085605,0.34614470043188517,-0.060408949899420084,-0.10411515308348236,0.1300236509381006,0.19505258414561083,-220.97780363332203,-23.936068574915506,True,True,False,373,ID-G-coupled-neg-d14,14.0,80eafeaec97df2d48995a6a716b7c2873eb4339c035d7a812a4ffb1056332407,train
1,0.5168642014337959,0.34308542811849696,-0.056249586176554955,-0.09731758927525405,0.14308143479600374,0.2496168292697432,-222.28716120476702,-24.38251290482998,True,True,False,374,ID-G-coupled-neg-d14,14.0,80eafeaec97df2d48995a6a716b7c2873eb4339c035d7a812a4ffb1056332407,train
1,0.5152270776098821,0.34026080926492186,-0.051598122169284256,-0.0885535932479712,0.16181539958708405,0.322290754319297,-223.61551924245995,-24.833867213654873,True,True,False,375,ID-G-coupled-neg-d14,14.0,80eafeaec97df2d48995a6a716b7c2873eb4339c035d7a812a4ffb1056332407,validation
1,0.5137378519665805,0.33772942603492245,-0.0465543189514753,-0.07817268196622693,0.16941439430790817,0.3576390435550128,-224.85455279139063,-25.254077141535923,True,True,False,376,ID-G-coupled-neg-d14,14.0,80eafeaec97df2d48995a6a716b7c2873eb4339c035d7a812a4ffb1056332407,train
1,0.5124033782744642,0.3355232842306808,-0.04144767277136347,-0.06728922768173216,0.1665247307192979,0.35733557737376487,-225.9582052649609,-25.623834753385612,True,True,False,377,ID-G-coupled-neg-d14,14.0,80eafeaec97df2d48995a6a716b7c2873eb4339c035d7a812a4ffb1056332407,train
1,0.5112126170365803,0.33361373726338217,-0.037367131588809034,-0.059597080360545146,0.10648427847192056,0.1630356232412336,-226.6232424655028,-25.850703122659397,True,True,False,378,ID-G-coupled-neg-d14,14.0,80eafeaec97df2d48995a6a716b7c2873eb4339c035d7a812a4ffb1056332407,train
1,0.5101218396425943,0.3318610914534466,-0.03473723965492798,-0.05654059413636065,0.06981954205513312,0.04832154982876843,-227.2091319640288,-26.04464483526874,True,True,False,379,ID-G-coupled-neg-d14,14.0,80eafeaec97df2d48995a6a716b7c2873eb4339c035d7a812a4ffb1056332407,train
1,0.5090965207107486,0.33015676354422674,-0.03297257400638209,-0.05615296461786818,0.048716132903714904,-0.015252093496622434,-227.7792558775422,-26.23524239325613,True,True,False,380,ID-G-coupled-neg-d14,14.0,80eafeaec97df2d48995a6a716b7c2873eb4339c035d7a812a4ffb1056332407,validation
1,0.5081164326254574,0.3284406535290399,-0.03171092762775588,-0.05714172625206489,0.03632954309151647,-0.04404619163865613,-228.3609275874365,-26.441655481194882,True,True,False,381,ID-G-coupled-neg-d14,14.0,80eafeaec97df2d48995a6a716b7c2873eb4339c035d7a812a4ffb1056332407,train
1,0.5071720532725257,0.3266888772555774,-0.030526535909056792,-0.05828115385319252,0.04210481810768542,-0.02857155868064478,-229.05083886333057,-26.68219195843826,True,True,False,382,ID-G-coupled-neg-d14,14.0,80eafeaec97df2d48995a6a716b7c2873eb4339c035d7a812a4ffb1056332407,train
1,0.5062883265976708,0.3249479312439024,-0.02709644225122482,-0.055357085084651994,0.17008558373734728,0.19941079267111256,-230.5069655782371,-27.04154781231592,True,True,False,383,ID-G-coupled-neg-d14,14.0,80eafeaec97df2d48995a6a716b7c2873eb4339c035d7a812a4ffb1056332407,train
1,0.5055547574596804,0.32338033940881983,-0.02101013145703216,-0.04746233744038484,0.221985440433192,0.306413640400017,-231.68192483529947,-27.41932453499545,True,True,False,384,ID-G-coupled-neg-d14,14.0,80eafeaec97df2d48995a6a716b7c2873eb4339c035d7a812a4ffb1056332407,train
1,0.5050221547432107,0.3220894002552372,-0.014071071333114473,-0.03747864551648822,0.2292824685399722,0.3416348332596611,-232.5944544149525,-27.777781304652482,True,True,False,385,ID-G-coupled-neg-d14,14.0,80eafeaec97df2d48995a6a716b7c2873eb4339c035d7a812a4ffb1056332407,validation
1,0.5046982063026872,0.3211089589127071,-0.007403978628665141,-0.027241473176787864,0.20659201122282744,0.32700683551396725,-233.23894186233917,-28.09220926132052,True,True,False,386,ID-G-coupled-neg-d14,14.0,80eafeaec97df2d48995a6a716b7c2873eb4339c035d7a812a4ffb1056332407,train
1,0.5045631112514893,0.32042721323898565,-0.0017015224756592754,-0.017930100902487214,0.167562857192871,0.2834815311245278,-233.64647108947003,-28.351448399232265,True,True,False,387,ID-G-coupled-neg-d14,14.0,80eafeaec97df2d48995a6a716b7c2873eb4339c035d7a812a4ffb1056332407,train
1,0.5045816911897191,0.3200052422807397,0.0026949795110750557,-0.010183925455958939,0.1218680026467669,0.22594880523437633,-233.8585329921275,-28.55325385935567,True,True,False,388,ID-G-coupled-neg-d14,14.0,80eafeaec97df2d48995a6a716b7c2873eb4339c035d7a812a4ffb1056332407,train
1,0.5047124361329658,0.3197909426225167,0.005695724609482147,-0.004253063750506334,0.07648026270130465,0.16527589610491702,-233.9227110885688,-28.701448972994626,True,True,False,389,ID-G-coupled-neg-d14,14.0,80eafeaec97df2d48995a6a716b7c2873eb4339c035d7a812a4ffb1056332407,train
1,0.5049139325288653,0.31972904167336685,0.00738471853290431,-0.00011461053850647932,0.03596755964644823,0.10871825497033663,-233.8857239941487,-28.80334390970505,True,True,False,390,ID-G-coupled-neg-d14,14.0,80eafeaec97df2d48995a6a716b7c2873eb4339c035d7a812a4ffb1056332407,validation
1,0.5051491057422082,0.31976783320645147,0.007954337559044017,0.0024291088314534258,0.0029786002679627437,0.06064967833036817,-233.78939682246408,-28.86780696753211,True,True,False,391,ID-G-coupled-neg-d14,14.0,80eafeaec97df2d48995a6a716b7c2873eb4339c035d7a812a4ffb1056332407,train
1,0.5053876881293854,0.3198632476130858,0.007653389599416372,0.0036724428893893475,-0.021347426619906153,0.02317029443997042,-233.6681434532798,-28.903873262633592,True,True,False,392,ID-G-coupled-neg-d14,14.0,80eafeaec97df2d48995a6a716b7c2873eb4339c035d7a812a4ffb1056332407,train
1,0.5056072968359819,0.3199808282879776,0.006747260208350124,0.003946269089308087,-0.03699604779596294,-0.003321541536304838,-233.54793530743012,-28.919838770820476,True,True,False,393,ID-G-coupled-neg-d14,14.0,80eafeaec97df2d48995a6a716b7c2873eb4339c035d7a812a4ffb1056332407,train
1,0.5057934734296862,0.32009613717899443,0.005489106246783264,0.0035742493968531543,-0.04473422288597117,-0.019620216893098515,-233.44636374341673,-28.922747964042923,True,True,False,394,ID-G-coupled-neg-d14,14.0,80eafeaec97df2d48995a6a716b7c2873eb4339c035d7a812a4ffb1056332407,train
1,0.505939001295655,0.32019405802741135,0.0041008277760058625,0.002843572781799531,-0.045809439766157124,-0.027267515204747763,-233.37348314918782,-28.918186004432567,True,True,False,395,ID-G-coupled-neg-d14,14.0,80eafeaec97df2d48995a6a716b7c2873eb4339c035d7a812a4ffb1056332407,validation
1,0.5060427774401238,0.3202674067270222,0.0027624894127873828,0.0019881867011614317,-0.041693699744908844,-0.02817479174148749,-233.33314688251596,-28.910292816747752,True,True,False,396,ID-G-coupled-neg-d14,14.0,80eafeaec97df2d48995a6a716b7c2873eb4339c035d7a812a4ffb1056332407,train
1,0.5061084742481893,0.32031519641992606,0.0016088213781780948,0.0011824574654639348,-0.033872653044146515,-0.024313053246614452,-233.3246023746334,-28.90192817086827,True,True,False,397,ID-G-coupled-neg-d14,14.0,80eafeaec97df2d48995a6a716b7c2873eb4339c035d7a812a4ffb1056332407,train
1,0.5061431853293766,0.3203408426601726,0.0007314485394603012,0.0005432261516272502,-0.023678362830931447,-0.017468683255992587,-233.34416340979473,-28.894929442015055,True,True,False,398,ID-G-coupled-neg-d14,14.0,80eafeaec97df2d48995a6a716b7c2873eb4339c035d7a812a4ffb1056332407,train
1,0.5061562096116462,0.32035053383095125,0.00018557474507919169,0.00013834452540479708,-0.012161965453949137,-0.00905923788294922,-233.3868268099588,-28.890415780167967,True,True,False,399,ID-G-coupled-neg-d14,14.0,80eafeaec97df2d48995a6a716b7c2873eb4339c035d7a812a4ffb1056332407,train
1,0.5061580913269217,0.3203519370158654,0.0,0.0,0.0,0.0,-233.44774655048693,-28.88910365822743,True,True,False,400,ID-G-coupled-neg-d14,14.0,80eafeaec97df2d48995a6a716b7c2873eb4339c035d7a812a4ffb1056332407,validation
2,0.5061580913269217,0.3203519370158654,0.0,0.0,0.0,0.0,-233.44774655048693,-28.88910365822743,True,True,False,0,ID-F-coupled-pos-d14,14.0,98e2d347db00f25db75a250a43a41e02b48b645aa1386f2533196df299780aa4,validation
2,0.5061605539303131,0.3203537745149242,0.00018586122307911795,0.00013873150708754536,0.009336307024761495,0.006976256008468492,-233.5052654307997,-28.891469413312667,True,True,False,1,ID-F-coupled-pos-d14,14.0,98e2d347db00f25db75a250a43a41e02b48b645aa1386f2533196df299780aa4,train
2,0.5061777034068777,0.32036660661062305,0.0007404464460772253,0.0005553811451366525,0.01866967267622782,0.014118541347399868,-233.5715312482063,-28.898333682437293,True,True,False,2,ID-F-coupled-pos-d14,14.0,98e2d347db00f25db75a250a43a41e02b48b645aa1386f2533196df299780aa4,train
2,0.5062243148111216,0.32040179213357983,0.001675764099862194,0.0012728961950311305,0.028678747015209265,0.022343131511601055,-233.6471318374701,-28.910761297069747,True,True,False,3,ID-F-coupled-pos-d14,14.0,98e2d347db00f25db75a250a43a41e02b48b645aa1386f2533196df299780aa4,train
2,0.5063162732279723,0.3204724568260832,0.003038125196763405,0.002360630070176241,0.04039710532728438,0.033051321447971065,-233.7354921128879,-28.93026535904507,True,True,False,4,ID-F-coupled-pos-d14,14.0,98e2d347db00f25db75a250a43a41e02b48b645aa1386f2533196df299780aa4,train
2,0.5064721830991518,0.3205956766496225,0.004919822695895634,0.00395052180735054,0.05508320421675865,0.047964077721851815,-233.84189625278435,-28.958749061495734,True,True,False,5,ID-F-coupled-pos-d14,14.0,98e2d347db00f25db75a250a43a41e02b48b645aa1386f2533196df299780aa4,validation
2,0.5067153232970715,0.32079515418657384,0.007464477966797889,0.006245281112390686,0.07402888526854147,0.06888156293149456,-233.97168194974498,-28.99828115768126,True,True,False,6,ID-F-coupled-pos-d14,14.0,98e2d347db00f25db75a250a43a41e02b48b645aa1386f2533196df299780aa4,train
2,0.5070756452065603,0.32110400800455896,0.010863383570483562,0.009515312689123447,0.09829546682845622,0.0973540795510013,-234.12757202685123,-29.05069243494805,True,True,False,7,ID-F-coupled-pos-d14,14.0,98e2d347db00f25db75a250a43a41e02b48b645aa1386f2533196df299780aa4,train
2,0.5075913976639419,0.32156715612397724,0.015339822423813394,0.01408068528370874,0.1283706142400024,0.1342560934042467,-234.30617944011607,-29.116988623681234,True,True,False,8,ID-F-coupled-pos-d14,14.0,98e2d347db00f25db75a250a43a41e02b48b645aa1386f2533196df299780aa4,train
2,0.5083098387796374,0.32224262322298947,0.02111817576339507,0.02027424410007919,0.1637446051643488,0.17926154429862673,-234.4938273592361,-29.196590876650408,True,True,False,9,ID-F-coupled-pos-d14,14.0,98e2d347db00f25db75a250a43a41e02b48b645aa1386f2533196df299780aa4,train
2,0.5092863665472795,0.32320094442470115,0.02837451659548902,0.028381828281186437,0.20239981126360754,0.23021332423364263,-234.66190280640117,-29.286435291880483,True,True,False,10,ID-F-coupled-pos-d14,14.0,98e2d347db00f25db75a250a43a41e02b48b645aa1386f2533196df299780aa4,validation
2,0.5105812730310519,0.3245216829333321,0.03716587361321965,0.03855612493475124,0.24025167467820902,0.2824314165486947,-234.76234824466883,-29.380009042200737,True,True,False,11,ID-F-coupled-pos-d14,14.0,98e2d347db00f25db75a250a43a41e02b48b645aa1386f2533196df299780aa4,train
2,0.5122532053902307,0.3262859299690545,0.04733352777025282,0.050698592161350274,0.27037702915617,0.32777006251774743,-234.722854586813,-29.46635828282997,True,True,False,12,ID-F-coupled-pos-d14,14.0,98e2d347db00f25db75a250a43a41e02b48b645aa1386f2533196df299780aa4,train
2,0.5143483049204954,0.3285635180582419,0.05838579614684973,0.06431557610543977,0.28285187515088767,0.3543755775236098,-234.44705530219738,-29.529481412260747,True,True,False,13,ID-F-coupled-pos-d14,14.0,98e2d347db00f25db75a250a43a41e02b48b645aa1386f2533196df299780aa4,train
2,0.5168838958998153,0.3313935565067149,0.06931947534389003,0.07830119885196025,0.26139690844281127,0.34274627090367704,-233.7984548200577,-29.546844278267447,True,True,False,14,ID-F-coupled-pos-d14,14.0,98e2d347db00f25db75a250a43a41e02b48b645aa1386f2533196df299780aa4,train
2,0.5198255119652545,0.3347567943205093,0.0785567948462885,0.09085153458365726,0.19436756562050314,0.27838505223060683,-232.66790892749918,-29.49320747615847,True,True,False,15,ID-F-coupled-pos-d14,14.0,98e2d347db00f25db75a250a43a41e02b48b645aa1386f2533196df299780aa4,validation
2,0.5230559811138705,0.33853822945169365,0.08318048585013298,0.09856379013318302,0.020767739435431164,0.0892801386022931,-230.67628128534295,-29.322386811479454,True,True,False,16,ID-F-coupled-pos-d14,14.0,98e2d347db00f25db75a250a43a41e02b48b645aa1386f2533196df299780aa4,train
2,0.5263461103026892,0.34249092323570784,0.08200374238941056,0.09997233642589964,-0.08595128406991472,-0.02575272233230571,-228.7724516870761,-29.064332665019787,True,True,False,17,ID-F-coupled-pos-d14,14.0,98e2d347db00f25db75a250a43a41e02b48b645aa1386f2533196df299780aa4,train
2,0.5295372980792825,0.3464443333632438,0.07913950013850789,0.09965854184462158,-0.04881888952900546,0.01988768954580896,-227.56657841732522,-28.791474012694064,True,True,False,18,ID-F-coupled-pos-d14,14.0,98e2d347db00f25db75a250a43a41e02b48b645aa1386f2533196df299780aa4,train
2,0.532650143290738,0.3504261312594317,0.07820718376088631,0.10152333480035258,0.011488867718879386,0.0835871656958192,-226.56562212421778,-28.522931100179086,True,True,False,19,ID-F-coupled-pos-d14,14.0,98e2d347db00f25db75a250a43a41e02b48b645aa1386f2533196df299780aa4,train
2,0.5357935863055201,0.3545522550548288,0.08123757202921945,0.10749433729965399,0.15589478624109748,0.23191461367798968,-226.1022700964681,-28.28360260139418,True,True,False,20,ID-F-coupled-pos-d14,14.0,98e2d347db00f25db75a250a43a41e02b48b645aa1386f2533196df299780aa4,validation
2,0.5391933571549048,0.35905405229417575,0.09173732752901315,0.12106022254230238,0.39202759923752145,0.4701533923445623,-226.25414271385097,-28.104835205630213,True,True,False,21,ID-F-coupled-pos-d14,14.0,98e2d347db00f25db75a250a43a41e02b48b645aa1386f2533196df299780aa4,train
2,0.543135032868055,0.3642221086514377,0.10680582989850068,0.1393633093235936,0.3621024146250781,0.44720448735032103,-225.05395702116834,-27.933464834046898,True,True,False,22,ID-F-coupled-pos-d14,14.0,98e2d347db00f25db75a250a43a41e02b48b645aa1386f2533196df299780aa4,train
2,0.5476441146258525,0.37009153941074624,0.12016684800705874,0.15624889810043144,0.30506854402538386,0.397787297717713,-223.48813865428153,-27.71304988498935,True,True,False,23,ID-F-coupled-pos-d14,14.0,98e2d347db00f25db75a250a43a41e02b48b645aa1386f2533196df299780aa4,train
2,0.5526216811701279,0.3765754791667257,0.12997448910629192,0.16990028925611741,0.1795422154890532,0.2810205296216965,-221.34372380313215,-27.42724769484796,True,True,False,24,ID-F-coupled-pos-d14,14.0,98e2d347db00f25db75a250a43a41e02b48b645aa1386f2533196df299780aa4,train
2,0.5579183200196806,0.38353813234139666,0.13707790054992672,0.18121655673866333,0.17878984370582102,0.290013600276683,-219.63137232874067,-27.09002289373739,True,True,False,25,ID-F-coupled-pos-d14,14.0,98e2d347db00f25db75a250a43a41e02b48b645aa1386f2533196df299780aa4,validation
2,0.5635106762110352,0.3909716028520926,0.14528822723807405,0.19405111060864344,0.23916354118088784,0.36125548782708555,-218.17234571215175,-26.739509339816493,True,True,False,26,ID-F-coupled-pos-d14,14.0,98e2d347db00f25db75a250a43a41e02b48b645aa1386f2533196df299780aa4,train
2,0.5694760354234049,0.39897042537751265,0.15587261123067264,0.20971920195199634,0.29767460427957876,0.43189867782758995,-216.69041211127393,-26.3877342958944,True,True,False,27,ID-F-coupled-pos-d14,14.0,98e2d347db00f25db75a250a43a41e02b48b645aa1386f2533196df299780aa4,train
2,0.5758906125100284,0.40763006117996575,0.1674732965017898,0.22691505003588547,0.2858278199533703,0.4340104917426858,-214.81938668032973,-26.023910386527564,True,True,False,28,ID-F-coupled-pos-d14,14.0,98e2d347db00f25db75a250a43a41e02b48b645aa1386f2533196df299780aa4,train
2,0.5827551347431443,0.41697315510755456,0.1785368109009496,0.24417266822584524,0.27063964686666864,0.4351936464905742,-212.83076734779314,-25.62983571295686,True,True,False,29,ID-F-coupled-pos-d14,14.0,98e2d347db00f25db75a250a43a41e02b48b645aa1386f2533196df299780aa4,train
2,0.5900511908108018,0.427004842692476,0.1893602202326089,0.26172068114870034,0.2749732483270821,0.44943003649355684,-210.84856735289782,-25.200732457912704,True,True,False,30,ID-F-coupled-pos-d14,14.0,98e2d347db00f25db75a250a43a41e02b48b645aa1386f2533196df299780aa4,validation
2,0.5977811691404957,0.43774461620565497,0.20044773722782838,0.2798968118822879,0.28422595446110094,0.4669125136469479,-208.8265969260456,-24.74449512565367,True,True,False,31,ID-F-coupled-pos-d14,14.0,98e2d347db00f25db75a250a43a41e02b48b645aa1386f2533196df299780aa4,train
2,0.6059546400085879,0.4492153650202363,0.21162339351607967,0.2984741156048837,0.27867509283760344,0.46900233961693005,-206.68423112330913,-24.264246426731408,True,True,False,32,ID-F-coupled-pos-d14,14.0,98e2d347db00f25db75a250a43a41e02b48b645aa1386f2533196df299780aa4,train
2,0.614566119092985,0.4614236447407267,0.22250805319439299,0.3170569445319678,0.26947353875719793,0.46745160202828884,-204.4726267817922,-23.75780523637654,True,True,False,33,ID-F-coupled-pos-d14,14.0,98e2d347db00f25db75a250a43a41e02b48b645aa1386f2533196df299780aa4,train
2,0.6236058028481506,0.4743745857700348,0.23331417800618232,0.33610313739639885,0.27550485558048765,0.4933977156610852,-202.28830855034602,-23.23345292581431,True,True,False,34,ID-F-coupled-pos-d14,14.0,98e2d347db00f25db75a250a43a41e02b48b645aa1386f2533196df299780aa4,train
2,0.633079195079521,0.4881023921721859,0.24438422375468621,0.35625155349429927,0.2828247104409999,0.5232397911803712,-200.09562250483415,-22.692781230941414,True,True,False,35,ID-F-coupled-pos-d14,14.0,98e2d347db00f25db75a250a43a41e02b48b645aa1386f2533196df299780aa4,validation
2,0.6429990288117643,0.5026560383346546,0.25586587490033197,0.3778253007143882,0.29650651606925593,0.5647936091648049,-197.9222945572323,-22.136050358177805,True,True,False,36,ID-F-coupled-pos-d14,14.0,98e2d347db00f25db75a250a43a41e02b48b645aa1386f2533196df299780aa4,train
2,0.65338035447003,0.5180893875972192,0.26752583515753686,0.40037023061031796,0.2909851260030034,0.5712267406109284,-195.66871213733958,-21.552774161211282,True,True,False,37,ID-F-coupled-pos-d14,14.0,98e2d347db00f25db75a250a43a41e02b48b645aa1386f2533196df299780aa4,train
2,0.6642186894345522,0.5344195668230892,0.2788779409362887,0.4229770377892795,0.2808613695526226,0.5678137675076949,-193.38220414007384,-20.939226507993162,True,True,False,38,ID-F-coupled-pos-d14,14.0,98e2d347db00f25db75a250a43a41e02b48b645aa1386f2533196df299780aa4,train
2,0.6754993210246804,0.5516433144736667,0.28982621046541646,0.44541353086338414,0.27069412782366853,0.5645382764300613,-191.0888849244979,-20.298280449051763,True,True,False,39,ID-F-coupled-pos-d14,14.0,98e2d347db00f25db75a250a43a41e02b48b645aa1386f2533196df299780aa4,train
2,0.6872107611543555,0.5697694573795411,0.3007206638002458,0.46887514011229114,0.2788798584936475,0.6192927166841685,-188.87623634324774,-19.653877722864742,True,True,False,40,ID-F-coupled-pos-d14,14.0,98e2d347db00f25db75a250a43a41e02b48b645aa1386f2533196df299780aa4,validation
2,0.6993613182920657,0.5888674395860657,0.31198039237424585,0.4943604794605583,0.2891574874951208,0.664723763666527,-186.7124696750255,-18.985513123691778,True,True,False,41,ID-F-coupled-pos-d14,14.0,98e2d347db00f25db75a250a43a41e02b48b645aa1386f2533196df299780aa4,train
2,0.7119623124359372,0.6090013418333504,0.3233176523628227,0.5208180813403251,0.2821673252246581,0.6655750984584142,-184.51860016223657,-18.280896462841582,True,True,False,42,ID-F-coupled-pos-d14,14.0,98e2d347db00f25db75a250a43a41e02b48b645aa1386f2533196df299780aa4,train
2,0.7250024358005944,0.6301675775501107,0.33398702400468466,0.5459440253862583,0.2548520531350629,0.6001726017220835,-182.2669880263936,-17.520580736624414,True,True,False,43,ID-F-coupled-pos-d14,14.0,98e2d347db00f25db75a250a43a41e02b48b645aa1386f2533196df299780aa4,train
2,0.7384456352702359,0.6522832361869556,0.3436776128164309,0.5688178407341695,0.23310536271512952,0.5632746244947214,-180.04117765196787,-16.736405229631014,True,True,False,44,ID-F-coupled-pos-d14,14.0,98e2d347db00f25db75a250a43a41e02b48b645aa1386f2533196df299780aa4,train
2,0.7522623661074347,0.6753257460248916,0.3529863919918818,0.593932075104888,0.23645260151431358,0.6984820902404862,-177.95298933900486,-16.014800618516276,True,True,False,45,ID-F-coupled-pos-d14,14.0,98e2d347db00f25db75a250a43a41e02b48b645aa1386f2533196df299780aa4,validation
2,0.76645312417618,0.699444445491775,0.36259256837676507,0.622358611247826,0.24833848020827556,0.7168415506629242,-175.9972506148073,-15.205054268543506,True,True,False,46,ID-F-coupled-pos-d14,14.0,98e2d347db00f25db75a250a43a41e02b48b645aa1386f2533196df299780aa4,train
2,0.781025576950504,0.7246437242117086,0.3720018536175804,0.6468219054585099,0.22548005375284164,0.5076991944867987,-173.96564129084683,-14.253454088829786,True,True,False,47,ID-F-coupled-pos-d14,14.0,98e2d347db00f25db75a250a43a41e02b48b645aa1386f2533196df299780aa4,train
2,0.7959515484184905,0.7506317841066905,0.3803721487626007,0.6617916043931041,0.19583082491982184,0.2835815357464687,-171.891007791455,-13.255021295278716,True,True,False,48,ID-F-coupled-pos-d14,14.0,98e2d347db00f25db75a250a43a41e02b48b645aa1386f2533196df299780aa4,train
2,0.8112023928500142,0.7771458216080235,0.38880778113717807,0.6760843277132469,0.23059634349242142,0.43408671546565836,-170.0781802151894,-12.425278853228157,True,True,False,49,ID-F-coupled-pos-d14,14.0,98e2d347db00f25db75a250a43a41e02b48b645aa1386f2533196df299780aa4,train
2,0.8268047911301784,0.8043332008775737,0.39782335525435936,0.695266770729532,0.22387922755985232,0.47434913613640184,-168.30513672275964,-11.62893774025877,True,True,False,50,ID-F-coupled-pos-d14,14.0,98e2d347db00f25db75a250a43a41e02b48b645aa1386f2533196df299780aa4,validation
2,0.8427391409344027,0.8321790822426688,0.405010954385013,0.7060059079903492,0.1363966321209469,0.07744587673647041,-166.33957449955034,-10.660640201850052,True,True,False,51,ID-F-coupled-pos-d14,14.0,98e2d347db00f25db75a250a43a41e02b48b645aa1386f2533196df299780aa4,train
2,0.8588927788156903,0.860165914167192,0.40896070468752843,0.7032869927498874,0.0611406138444234,-0.14788276913331344,-164.3815031132366,-9.769195995150158,True,True,False,52,ID-F-coupled-pos-d14,14.0,98e2d347db00f25db75a250a43a41e02b48b645aa1386f2533196df299780aa4,train
2,0.8751724882755137,0.887995730284188,0.4121167739681356,0.7010572354830635,0.09923333997628839,0.005625656516088322,-162.86862156784733,-9.041101665121326,True,True,False,53,ID-F-coupled-pos-d14,14.0,98e2d347db00f25db75a250a43a41e02b48b645aa1386f2533196df299780aa4,train
2,0.8915952352495251,0.915804129403216,0.41585509661472225,0.7007806073949973,0.08928240947706356,-0.05554731681818931,-161.38311539898717,-8.324549717237565,True,True,False,54,ID-F-coupled-pos-d14,14.0,98e2d347db00f25db75a250a43a41e02b48b645aa1386f2533196df299780aa4,train
2,0.9081431855621073,0.9434956191039665,0.41803179140703545,0.6939811203225777,0.019161430307116034,-0.2541261688250048,-159.7950849441749,-7.639044137856571,True,True,False,55,ID-F-coupled-pos-d14,14.0,98e2d347db00f25db75a250a43a41e02b48b645aa1386f2533196df299780aa4,validation
2,0.9247424920680499,0.9708116772295686,0.4189714268523099,0.6831214258085431,0.02875320039359487,-0.26897369081214706,-158.50243904079966,-7.0230127905790765,True,True,False,56,ID-F-coupled-pos-d14,14.0,98e2d347db00f25db75a250a43a41e02b48b645aa1386f2533196df299780aa4,train
2,0.9413833326600152,0.997719710751027,0.4200400590059362,0.6741151568918028,0.025352216920784428,-0.19441083913138305,-157.30521496218677,-6.557880265169323,True,True,False,57,ID-F-coupled-pos-d14,14.0,98e2d347db00f25db75a250a43a41e02b48b645aa1386f2533196df299780aa4,train
2,0.958052934160656,1.0243167628082073,0.42013672319896334,0.6670585184119597,-0.021135541416288525,-0.18067618784116588,-156.10937554622313,-6.179901898442127,True,True,False,58,ID-F-coupled-pos-d14,14.0,98e2d347db00f25db75a250a43a41e02b48b645aa1386f2533196df299780aa4,train
2,0.9746839639662602,1.0506210147503134,0.4179444671186959,0.6588838075121887,-0.09043419211621902,-0.22817813694326697,-154.92825053976907,-5.83509688212629,True,True,False,59,ID-F-coupled-pos-d14,14.0,98e2d347db00f25db75a250a43a41e02b48b645aa1386f2533196df299780aa4,train
2,0.9911977046031614,1.0765703760667955,0.4148514842690285,0.6497105652460285,-0.06466076000013495,-0.177953745251919,-154.0687922610312,-5.4627780069912415,True,True,False,60,ID-F-coupled-pos-d14,14.0,98e2d347db00f25db75a250a43a41e02b48b645aa1386f2533196df299780aa4,validation
2,1.0076339436914188,1.1022560526851013,0.4146817034959679,0.6462927842815405,0.058660138287407466,-0.05267365588243227,-153.59276562882914,-5.070563148071166,True,True,False,61,ID-F-coupled-pos-d14,14.0,98e2d347db00f25db75a250a43a41e02b48b645aa1386f2533196df299780aa4,train
2,1.02412707269758,1.1278423513213287,0.4168529960497034,0.6434616557052938,0.050849938071503266,-0.10179266225740631,-152.86147278158296,-4.772638206250603,True,True,False,62,ID-F-coupled-pos-d14,14.0,98e2d347db00f25db75a250a43a41e02b48b645aa1386f2533196df299780aa4,train
2,1.0406886575779126,1.1532714976457696,0.4178350682229578,0.6388858259336658,-0.0020659628423541523,-0.06272628841907073,-152.06278326124288,-4.605001683924394,True,True,False,63,ID-F-coupled-pos-d14,14.0,98e2d347db00f25db75a250a43a41e02b48b645aa1386f2533196df299780aa4,train
2,1.0572869488857,1.178607585204983,0.4197222274746539,0.638929994038231,0.09907790993118144,-0.011912367942122352,-151.74387419169358,-4.302400292012459,True,True,False,64,ID-F-coupled-pos-d14,14.0,98e2d347db00f25db75a250a43a41e02b48b645aa1386f2533196df299780aa4,train
2,1.0740008267854682,1.2039177386496538,0.42265834276380987,0.6369886625439755,0.048259799723264496,-0.04604458719721603,-151.0889137798429,-4.152714497335889,True,True,False,65,ID-F-coupled-pos-d14,14.0,98e2d347db00f25db75a250a43a41e02b48b645aa1386f2533196df299780aa4,validation
2,1.0908069526042163,1.2291654059503152,0.42478068082819675,0.6367022530411683,0.05905039574236035,0.05788421184100548,-150.64941605935323,-4.036165503521893,True,True,False,66,ID-F-coupled-pos-d14,14.0,98e2d347db00f25db75a250a43a41e02b48b645aa1386f2533196df299780aa4,train
2,1.1077206500293262,1.2544946733269875,0.42846589227863463,0.6403524913446657,0.1278902543508649,0.05988500457159796,-150.42601726878704,-3.8227805137219733,True,True,False,67,ID-F-coupled-pos-d14,14.0,98e2d347db00f25db75a250a43a41e02b48b645aa1386f2533196df299780aa4,train
2,1.124814207314184,1.2799222074275154,0.4333208097316301,0.64168858224717,0.1167985995614304,0.048083181290374456,-150.04189491833174,-3.7062199834462,True,True,False,68,ID-F-coupled-pos-d14,14.0,98e2d347db00f25db75a250a43a41e02b48b645aa1386f2533196df299780aa4,train
2,1.142071809276647,1.3054280062435257,0.4362273620491254,0.6446586338265498,0.028611667196683357,0.10028053824007843,-149.52085885369632,-3.7394302734615543,True,True,False,69,ID-F-coupled-pos-d14,14.0,98e2d347db00f25db75a250a43a41e02b48b645aa1386f2533196df299780aa4,train
2,1.1593875763376944,1.3310814657561112,0.43656955954767324,0.6485086265140779,-0.011768729567103385,0.06698518361279442,-149.14521050106055,-3.6674465996130436,True,True,False,70,ID-F-coupled-pos-d14,14.0,98e2d347db00f25db75a250a43a41e02b48b645aa1386f2533196df299780aa4,validation
2,1.176703672969088,1.356835974035773,0.4367203687903743,0.6493874401507289,0.01990869939251564,-0.029073216264351012,-148.95960884596397,-3.4546965978766337,True,True,False,71,ID-F-coupled-pos-d14,14.0,98e2d347db00f25db75a250a43a41e02b48b645aa1386f2533196df299780aa4,train
2,1.194041373730136,1.3825788951231037,0.43741961800998885,0.649566830872334,0.015401367246811565,0.09320366599246593,-148.74637134194623,-3.4023440734294113,True,True,False,72,ID-F-coupled-pos-d14,14.0,98e2d347db00f25db75a250a43a41e02b48b645aa1386f2533196df299780aa4,train
2,1.211425221622341,1.4083745553816327,0.43961043994507654,0.6481497220299255,0.09610070350232214,-0.27983121861914384,-148.73070384483552,-2.978616121922368,True,True,False,73,ID-F-coupled-pos-d14,14.0,98e2d347db00f25db75a250a43a41e02b48b645aa1386f2533196df299780aa4,train
2,1.228870973642418,1.4338308443101737,0.43827122218042,0.6360007271892277,-0.16649320606442097,-0.24317150155803646,-147.91426621783944,-3.1730534937534713,True,True,False,74,ID-F-coupled-pos-d14,14.0,98e2d347db00f25db75a250a43a41e02b48b645aa1386f2533196df299780aa4,train
2,1.2461239944949531,1.458850676579938,0.43161157382831583,0.62451527101525,-0.1691273358574664,-0.36863779646232314,-147.7151538819358,-2.9948357886530346,True,True,False,75,ID-F-coupled-pos-d14,14.0,98e2d347db00f25db75a250a43a41e02b48b645aa1386f2533196df299780aa4,validation
2,1.263114378671741,1.483227232579557,0.4251211539108338,0.6014591491916498,-0.15782831213452275,-0.8191557160488829,-147.4936933844242,-2.6068414844174015,True,True,False,76,ID-F-coupled-pos-d14,14.0,98e2d347db00f25db75a250a43a41e02b48b645aa1386f2533196df299780aa4,train
2,1.2798217408107948,1.5065063678956665,0.4164597648081925,0.574528671335802,-0.2799043930413973,-0.5077152888419016,-147.05802823435351,-2.828180830138443,True,True,False,77,ID-F-coupled-pos-d14,14.0,98e2d347db00f25db75a250a43a41e02b48b645aa1386f2533196df299780aa4,train
2,1.2961392399297005,1.5288099699768352,0.40673702960785,0.5478261088234451,-0.20945831515885968,-0.8268757856355976,-147.02901329107985,-2.5346591528960154,True,True,False,78,ID-F-coupled-pos-d14,14.0,98e2d347db00f25db75a250a43a41e02b48b645aa1386f2533196df299780aa4,train
2,1.31209373824158,1.5498930153260793,0.3973196234679991,0.5153180220691523,-0.26569974250440587,-0.7818951209697259,-146.75492087882353,-2.622453783741971,True,True,False,79,ID-F-coupled-pos-d14,14.0,98e2d347db00f25db75a250a43a41e02b48b645aa1386f2533196df299780aa4,train
2,1.3276119245951685,1.5698278920257824,0.38426595629990484,0.49246825072575473,-0.3933556551983754,-0.41685220257670824,-146.41616183041995,-3.0473592399770375,True,True,False,80,ID-F-coupled-pos-d14,14.0,98e2d347db00f25db75a250a43a41e02b48b645aa1386f2533196df299780aa4,validation
2,1.3426497359312153,1.5890231106143964,0.376617173119323,0.47512502296441766,0.011118948161857399,-0.4401152543531942,-147.3277882906276,-2.691910509980719,True,True,False,81,ID-F-coupled-pos-d14,14.0,98e2d347db00f25db75a250a43a41e02b48b645aa1386f2533196df299780aa4,train
2,1.3576217535653023,1.6075469616819256,0.3788899965821962,0.45949989797077634,0.10421871609774169,-0.33423712550265766,-147.61438762251467,-2.812593607425974,True,True,False,82,ID-F-coupled-pos-d14,14.0,98e2d347db00f25db75a250a43a41e02b48b645aa1386f2533196df299780aa4,train
2,1.3726802822240423,1.6255557117169084,0.37901911674817834,0.449390222434035,-0.0991305342427132,-0.23029580751069564,-147.2539629464751,-3.343094898232504,True,True,False,83,ID-F-coupled-pos-d14,14.0,98e2d347db00f25db75a250a43a41e02b48b645aa1386f2533196df299780aa4,train
2,1.3876493505517984,1.64316597133756,0.37604628850025384,0.4379018028876286,-0.05035720412199634,-0.30200398662957073,-147.44517761623888,-3.5214456516222192,True,True,False,84,ID-F-coupled-pos-d14,14.0,98e2d347db00f25db75a250a43a41e02b48b645aa1386f2533196df299780aa4,train
2,1.4025085276114748,1.6603253780726621,0.3727058562671827,0.42780418598982933,-0.11842996684537485,-0.23301854951719964,-147.40795084875754,-3.932191792770414,True,True,False,85,ID-F-coupled-pos-d14,14.0,98e2d347db00f25db75a250a43a41e02b48b645aa1386f2533196df299780aa4,validation
2,1.4171737982227044,1.6771030918493348,0.36607037876377496,0.41731825670831013,-0.21661904340137164,-0.38575524663516114,-147.2665137469615,-4.26564472266482,True,True,False,86,ID-F-coupled-pos-d14,14.0,98e2d347db00f25db75a250a43a41e02b48b645aa1386f2533196df299780aa4,train
2,1.431544106071768,1.6932501155042832,0.3589906813665156,0.3952853649201415,-0.13982525938983703,-0.5777403119099782,-147.480662859318,-4.3630175015859685,True,True,False,87,ID-F-coupled-pos-d14,14.0,98e2d347db00f25db75a250a43a41e02b48b645aa1386f2533196df299780aa4,train
2,1.4455612478707809,1.7085270160210049,0.34489116787177726,0.37582517356921946,-0.5731304369741156,-0.46197647776591405,-146.55084919868844,-5.2094095457695,True,True,False,88,ID-F-coupled-pos-d14,14.0,98e2d347db00f25db75a250a43a41e02b48b645aa1386f2533196df299780aa4,train
2,1.458846044085186,1.723064797827411,0.3263288666534427,0.35719614945835304,-0.3616243598499813,-0.4550481506972225,-147.0791034223283,-5.29333589945691,True,True,False,89,ID-F-coupled-pos-d14,14.0,98e2d347db00f25db75a250a43a41e02b48b645aa1386f2533196df299780aa4,train
2,1.4714910198635707,1.7368892649286465,0.3108561645195508,0.3399964171704061,-0.4186119902212853,-0.4327635677605246,-147.0159451536137,-5.6512014762896925,True,True,False,90,ID-F-coupled-pos-d14,14.0,98e2d347db00f25db75a250a43a41e02b48b645aa1386f2533196df299780aa4,validation
2,1.4835038598080172,1.750029051636059,0.29512734242500516,0.32233596974934065,-0.37412963452648207,-0.45976970447723575,-147.17955984958215,-5.855585443405875,True,True,False,91,ID-F-coupled-pos-d14,14.0,98e2d347db00f25db75a250a43a41e02b48b645aa1386f2533196df299780aa4,train
2,1.4949248724320712,1.7624523539775183,0.28094196600037435,0.3045661505051639,-0.34086490430686656,-0.3815591323509,-147.34202420446576,-6.113229717211528,True,True,False,92,ID-F-coupled-pos-d14,14.0,98e2d347db00f25db75a250a43a41e02b48b645aa1386f2533196df299780aa4,train
2,1.505783476854145,1.7742811635042306,0.2661147275985351,0.2929534038387731,-0.4068054158430397,-0.21342422704686154,-147.31235768975245,-6.523952260487157,True,True,False,93,ID-F-coupled-pos-d14,14.0,98e2d347db00f25db75a250a43a41e02b48b645aa1386f2533196df299780aa4,train
2,1.5160807460443726,1.785754222382312,0.2546310789146244,0.28481826441761177,-0.17149530559956036,-0.31052927748305614,-147.97160050569556,-6.461461693121631,True,True,False,94,ID-F-coupled-pos-d14,14.0,98e2d347db00f25db75a250a43a41e02b48b645aa1386f2533196df299780aa4,train
2,1.526061355994594,1.7967485997425856,0.2489770010710311,0.26932698563855445,-0.11340784339200423,-0.35292986443073365,-148.22924691546953,-6.574848256704897,True,True,False,95,ID-F-coupled-pos-d14,14.0,98e2d347db00f25db75a250a43a41e02b48b645aa1386f2533196df299780aa4,validation
2,1.5358158334600416,1.8071769081591627,0.24202709470998923,0.25580497915478634,-0.2371759650878595,-0.43814844459932817,-148.05612824046398,-6.88148156061278,True,True,False,96,ID-F-coupled-pos-d14,14.0,98e2d347db00f25db75a250a43a41e02b48b645aa1386f2533196df299780aa4,train
2,1.5452440516890964,1.816925575292371,0.23370974112450493,0.23539608395748354,-0.1820471157445116,-0.5022513623127506,-148.2631323646595,-7.017422561175664,True,True,False,97,ID-F-coupled-pos-d14,14.0,98e2d347db00f25db75a250a43a41e02b48b645aa1386f2533196df299780aa4,train
2,1.5543525470536703,1.82587893351159,0.22506877970088218,0.2156812280460791,-0.25364112095198804,-0.5457354495269803,-148.16891947481287,-7.328720807804018,True,True,False,98,ID-F-coupled-pos-d14,14.0,98e2d347db00f25db75a250a43a41e02b48b645aa1386f2533196df299780aa4,train
2,1.563082714629951,1.8339644006492737,0.2151584993498727,0.19068886930235562,-0.24596340326487734,-0.7377621304180643,-148.19419158547953,-7.501922182141136,True,True,False,99,ID-F-coupled-pos-d14,14.0,98e2d347db00f25db75a250a43a41e02b48b645aa1386f2533196df299780aa4,train
2,1.571422198906242,1.840919802932873,0.20527922410697064,0.1609050387284148,-0.2520854505854867,-0.6286905614145115,-148.19839622968948,-7.886917692840129,True,True,False,100,ID-F-coupled-pos-d14,14.0,98e2d347db00f25db75a250a43a41e02b48b645aa1386f2533196df299780aa4,validation
2,1.5793303621767347,1.8468716973526864,0.19253865571876494,0.13963248476016407,-0.3901834619467554,-0.5419370869705789,-147.88396506865888,-8.46931196092072,True,True,False,101,ID-F-coupled-pos-d14,14.0,98e2d347db00f25db75a250a43a41e02b48b645aa1386f2533196df299780aa4,train
2,1.58670513553473,1.851979470945651,0.18041719463652134,0.11855415028618217,-0.22100417394956517,-0.45627273423934495,-148.27259379235332,-8.774083705506932,True,True,False,102,ID-F-coupled-pos-d14,14.0,98e2d347db00f25db75a250a43a41e02b48b645aa1386f2533196df299780aa4,train
2,1.5937161087381035,1.8563663797280472,0.17378995138553002,0.10335509128667175,-0.11320824694965995,-0.34139298932975637,-148.55197970698703,-9.199018435271416,True,True,False,103,ID-F-coupled-pos-d14,14.0,98e2d347db00f25db75a250a43a41e02b48b645aa1386f2533196df299780aa4,train
2,1.600508502203025,1.860212407949605,0.1683767695412188,0.09086526556632406,-0.15962699021245585,-0.29450835587733876,-148.45829142983317,-9.77019098021032,True,True,False,104,ID-F-coupled-pos-d14,14.0,98e2d347db00f25db75a250a43a41e02b48b645aa1386f2533196df299780aa4,train
2,1.6070907008381814,1.8636032127834257,0.16422408607639002,0.08104020433715078,-0.049925924048436515,-0.15888297740033272,-148.74855870810256,-10.273334928020653,True,True,False,105,ID-F-coupled-pos-d14,14.0,98e2d347db00f25db75a250a43a41e02b48b645aa1386f2533196df299780aa4,validation
2,1.613552192877067,1.866733939502049,0.16122753477789054,0.07709060026246164,-0.10103264936979453,-0.10791523491086394,-148.66283207067997,-10.91489730004669,True,True,False,106,ID-F-coupled-pos-d14,14.0,98e2d347db00f25db75a250a43a41e02b48b645aa1386f2533196df299780aa4,train
2,1.6198812084914864,1.869693887050222,0.1582126773304201,0.07211907426600873,-0.05109259733774884,-0.11536377503023122,-148.79674930191052,-11.43075316244262,True,True,False,107,ID-F-coupled-pos-d14,14.0,98e2d347db00f25db75a250a43a41e02b48b645aa1386f2533196df299780aa4,train
2,1.62611614322974,1.8724697687175447,0.15613781264023913,0.06764815168461105,-0.053507765465866254,-0.14253911962536878,-148.80362546928856,-11.991393425147407,True,True,False,108,ID-F-coupled-pos-d14,14.0,98e2d347db00f25db75a250a43a41e02b48b645aa1386f2533196df299780aa4,train
2,1.6322412629666738,1.8750328604983557,0.1520334977064524,0.06245170043065046,-0.15306970210176635,-0.013460361073752558,-148.58518636370238,-12.723634174966612,True,True,False,109,ID-F-coupled-pos-d14,14.0,98e2d347db00f25db75a250a43a41e02b48b645aa1386f2533196df299780aa4,train
2,1.6381512992909877,1.877574413591556,0.14594681564753187,0.0665951410771261,-0.15378235204141907,0.12031287386644617,-148.62109518308142,-13.386067570593006,True,True,False,110,ID-F-coupled-pos-d14,14.0,98e2d347db00f25db75a250a43a41e02b48b645aa1386f2533196df299780aa4,validation
2,1.6438580569328118,1.8802940329871267,0.14275399101608102,0.07037788311006428,-0.007805741091588049,0.09976336976157203,-149.00163155135678,-13.79173358838501,True,True,False,111,ID-F-coupled-pos-d14,14.0,98e2d347db00f25db75a250a43a41e02b48b645aa1386f2533196df299780aa4,train
2,1.6495004181135724,1.8831756908350719,0.1413824607965509,0.07524430515467588,-0.061098813207458975,0.15010128264463257,-148.93761734598507,-14.380938956927253,True,True,False,112,ID-F-coupled-pos-d14,14.0,98e2d347db00f25db75a250a43a41e02b48b645aa1386f2533196df299780aa4,train
2,1.6550772965117342,1.8862914815156822,0.14022440446410955,0.08188109846579164,0.0023842937987853664,0.14690886253127153,-149.15883951641567,-14.81744669255319,True,True,False,113,ID-F-coupled-pos-d14,14.0,98e2d347db00f25db75a250a43a41e02b48b645aa1386f2533196df299780aa4,train
2,1.6606414757705752,1.8896336136472989,0.1403240300311297,0.08655204972190683,0.0026233648488266145,0.1512456384614411,-149.23897318805268,-15.2751281048556,True,True,False,114,ID-F-coupled-pos-d14,14.0,98e2d347db00f25db75a250a43a41e02b48b645aa1386f2533196df299780aa4,train
2,1.6662019371480918,1.89322679279157,0.13984061880559204,0.09508022164196464,-0.026832774064331825,0.19399060472550553,-149.27286564777913,-15.766980687711179,True,True,False,115,ID-F-coupled-pos-d14,14.0,98e2d347db00f25db75a250a43a41e02b48b645aa1386f2533196df299780aa4,validation
2,1.6717774068395168,1.8970963115057045,0.14251303664871345,0.09852886044273597,0.16034727281995226,-0.040688145023427456,-149.7934280060486,-15.885756398832324,True,True,False,116,ID-F-coupled-pos-d14,14.0,98e2d347db00f25db75a250a43a41e02b48b645aa1386f2533196df299780aa4,train
2,1.6774907034952362,1.9008963285084948,0.14390807195071822,0.09165743356341913,-0.08835253241457486,-0.20957960123447694,-149.2386664064899,-16.37399142885902,True,True,False,117,ID-F-coupled-pos-d14,14.0,98e2d347db00f25db75a250a43a41e02b48b645aa1386f2533196df299780aa4,train
2,1.6830664307236356,1.9044166915564984,0.13564737985550634,0.08687186309776664,-0.3263717194189072,-0.07850910746069108,-148.70377743787944,-17.034425587586572,True,True,False,118,ID-F-coupled-pos-d14,14.0,98e2d347db00f25db75a250a43a41e02b48b645aa1386f2533196df299780aa4,train
2,1.6882388076357464,1.9077814354693874,0.12635340002224985,0.08232916758780204,-0.14355722625722447,-0.14085487999157362,-149.14432415919268,-17.220557434876206,True,True,False,119,ID-F-coupled-pos-d14,14.0,98e2d347db00f25db75a250a43a41e02b48b645aa1386f2533196df299780aa4,train
2,1.6930751909002166,1.9109335864320067,0.11593708279197192,0.07659950961861192,-0.3796295213333471,-0.12478101848954076,-148.5771497026766,-17.74771383607238,True,True,False,120,ID-F-coupled-pos-d14,14.0,98e2d347db00f25db75a250a43a41e02b48b645aa1386f2533196df299780aa4,validation
2,1.6973978117734456,1.9139201726004589,0.10257018787593489,0.07508350023984887,-0.29492747974308464,0.020172001773224545,-148.79920411203642,-18.056523816318293,True,True,False,121,ID-F-coupled-pos-d14,14.0,98e2d347db00f25db75a250a43a41e02b48b645aa1386f2533196df299780aa4,train
2,1.7012933778178814,1.9168817280451453,0.09531255666308905,0.07344572511688104,-0.07293952678432016,-0.08569083030910975,-149.34992857519836,-18.065165695813235,True,True,False,122,ID-F-coupled-pos-d14,14.0,98e2d347db00f25db75a250a43a41e02b48b645aa1386f2533196df299780aa4,train
2,1.7049626800062436,1.9197735057815157,0.08835143487598918,0.07349688627845669,-0.2760502383117197,0.08655782214063644,-148.92570255172208,-18.52885349502944,True,True,False,123,ID-F-coupled-pos-d14,14.0,98e2d347db00f25db75a250a43a41e02b48b645aa1386f2533196df299780aa4,train
2,1.7083414763599096,1.9228003163023026,0.08427792792212797,0.0801907134925508,0.06728046319248211,0.24920833266836054,-149.8626252818532,-18.539454621230103,True,True,False,124,ID-F-coupled-pos-d14,14.0,98e2d347db00f25db75a250a43a41e02b48b645aa1386f2533196df299780aa4,train
2,1.7117983921762394,1.9261570509356951,0.09153246001351463,0.08841080130452068,0.2959952881020903,0.15864119126977083,-150.56057296414815,-18.478506212174928,True,True,False,125,ID-F-coupled-pos-d14,14.0,98e2d347db00f25db75a250a43a41e02b48b645aa1386f2533196df299780aa4,validation
2,1.7156196668563537,1.929777137031902,0.10008426273956472,0.09390233161308069,0.13678524988555094,0.12284135726601222,-150.33639271273915,-18.75151455376782,True,True,False,126,ID-F-coupled-pos-d14,14.0,98e2d347db00f25db75a250a43a41e02b48b645aa1386f2533196df299780aa4,train
2,1.719722185934687,1.9336059601929239,0.10738131837023998,0.09948337467477424,0.22994094525280462,0.16680012134085473,-150.7344874479808,-18.893905956657996,True,True,False,127,ID-F-coupled-pos-d14,14.0,98e2d347db00f25db75a250a43a41e02b48b645aa1386f2533196df299780aa4,train
2,1.7241761976264742,1.9376792443300062,0.11752709444421489,0.10553576098238086,0.2808230514518196,0.12342547878924506,-151.04048510365283,-19.04660500418741,True,True,False,128,ID-F-coupled-pos-d14,14.0,98e2d347db00f25db75a250a43a41e02b48b645aa1386f2533196df299780aa4,train
2,1.7290292623278545,1.9419538857215983,0.1264266499680749,0.1099075331491089,0.169105571255539,0.10553302945112558,-150.95096806837245,-19.36329452967303,True,True,False,129,ID-F-coupled-pos-d14,14.0,98e2d347db00f25db75a250a43a41e02b48b645aa1386f2533196df299780aa4,train
2,1.7341837920388323,1.9463983791753146,0.13362647025982788,0.11431951420980384,0.19343799286740435,0.12276786888459845,-151.1930145958903,-19.623032403463323,True,True,False,130,ID-F-coupled-pos-d14,14.0,98e2d347db00f25db75a250a43a41e02b48b645aa1386f2533196df299780aa4,validation
2,1.7396419148244193,1.9510318243659508,0.14170524623334319,0.11922892265564292,0.2134419387379055,0.11590879307244426,-151.4332487029705,-19.898185457685408,True,True,False,131,ID-F-coupled-pos-d14,14.0,98e2d347db00f25db75a250a43a41e02b48b645aa1386f2533196df299780aa4,train
2,1.7454035257833709,1.9558524825523542,0.1481208376618242,0.12401584166113276,0.11129553706928656,0.1391496714691109,-151.37942092306224,-20.302263227585108,True,True,False,132,ID-F-coupled-pos-d14,14.0,98e2d347db00f25db75a250a43a41e02b48b645aa1386f2533196df299780aa4,train
2,1.7513907988870958,1.9608853151494616,0.15435519628249533,0.12953594481091651,0.20155533790271066,0.1148503456450799,-151.79605406922013,-20.553868777754992,True,True,False,133,ID-F-coupled-pos-d14,14.0,98e2d347db00f25db75a250a43a41e02b48b645aa1386f2533196df299780aa4,train
2,1.7576465007978996,1.9660997259750184,0.16042492226116714,0.1331134230735796,0.10574375277711967,0.07371903761329254,-151.75891514178113,-20.941012095478737,True,True,False,134,ID-F-coupled-pos-d14,14.0,98e2d347db00f25db75a250a43a41e02b48b645aa1386f2533196df299780aa4,train
2,1.7640780889386019,1.9714337390161751,0.1634830040679172,0.1358969893062183,0.0491982266616196,0.08225139895522189,-151.81331172833387,-21.335746562676842,True,True,False,135,ID-F-coupled-pos-d14,14.0,98e2d347db00f25db75a250a43a41e02b48b645aa1386f2533196df299780aa4,validation
2,1.7706159731931168,1.9768949543650436,0.16651007264938592,0.13937349961895748,0.10242082880133467,0.07037776593462271,-152.14181198726658,-21.646090678417863,True,True,False,136,ID-F-coupled-pos-d14,14.0,98e2d347db00f25db75a250a43a41e02b48b645aa1386f2533196df299780aa4,train
2,1.7772891927915482,1.9824666579015775,0.16965191193439702,0.14141067145479175,0.056608361472327895,0.04936398931964615,-152.23081892796154,-22.021641067930073,True,True,False,137,ID-F-coupled-pos-d14,14.0,98e2d347db00f25db75a250a43a41e02b48b645aa1386f2533196df299780aa4,train
2,1.784068375038474,1.9881180789781392,0.17227992330991795,0.14359515193707373,0.07541509739012434,0.05825526064573923,-152.48607943615855,-22.374882381900086,True,True,False,138,ID-F-coupled-pos-d14,14.0,98e2d347db00f25db75a250a43a41e02b48b645aa1386f2533196df299780aa4,train
2,1.790960887729055,1.9938594381311483,0.17522561255513855,0.14574765494961006,0.07297849308079288,0.034938540691262995,-152.6927304657034,-22.731747178260804,True,True,False,139,ID-F-coupled-pos-d14,14.0,98e2d347db00f25db75a250a43a41e02b48b645aa1386f2533196df299780aa4,train
2,1.7979507988620962,1.9996538838518239,0.17676118797590898,0.14616202761324695,0.005560705396346001,0.0007414376050159726,-152.73175812532412,-23.127719303679193,True,True,False,140,ID-F-coupled-pos-d14,14.0,98e2d347db00f25db75a250a43a41e02b48b645aa1386f2533196df299780aa4,validation
2,1.8049723606766768,2.005453296168048,0.17740450982868836,0.1462868407975762,0.026341044891183333,0.007688766253869405,-152.99195374613967,-23.488368659855997,True,True,False,141,ID-F-coupled-pos-d14,14.0,98e2d347db00f25db75a250a43a41e02b48b645aa1386f2533196df299780aa4,train
2,1.8120315872538018,2.0112647686929406,0.17855703704713097,0.14671094508302462,0.03150858853785956,0.0005479106225207958,-153.2193306494649,-23.85703116434776,True,True,False,142,ID-F-coupled-pos-d14,14.0,98e2d347db00f25db75a250a43a41e02b48b645aa1386f2533196df299780aa4,train
2,1.819113772011647,2.0170732966008127,0.17790670281362306,0.14597265611385787,-0.06246058435336308,-0.020542715550085862,-153.19179937549748,-24.28246460665207,True,True,False,143,ID-F-coupled-pos-d14,14.0,98e2d347db00f25db75a250a43a41e02b48b645aa1386f2533196df299780aa4,train
2,1.8261369508842624,2.022856220067291,0.17657714013044154,0.1457797138687511,-0.005887017751375495,0.002870726766476989,-153.5438743626356,-24.629460044367224,True,True,False,144,ID-F-coupled-pos-d14,14.0,98e2d347db00f25db75a250a43a41e02b48b645aa1386f2533196df299780aa4,train
2,1.8331385454334557,2.0286394889073507,0.1764917762211062,0.1457038160931526,0.0012754822684855167,-0.020884917918539924,-153.77854384607969,-24.980147874953417,True,True,False,145,ID-F-coupled-pos-d14,14.0,98e2d347db00f25db75a250a43a41e02b48b645aa1386f2533196df299780aa4,validation
2,1.8400992733540564,2.0343822683625863,0.17346691245094384,0.14335909837611757,-0.15035898974059075,-0.09372622762871755,-153.59466454067544,-25.395354269246415,True,True,False,146,ID-F-coupled-pos-d14,14.0,98e2d347db00f25db75a250a43a41e02b48b645aa1386f2533196df299780aa4,train
2,1.8468442804562664,2.039980246792245,0.16619128415636206,0.13857650283929304,-0.21483274912558512,-0.1346076332183961,-153.60246772125055,-25.746989034008642,True,True,False,147,ID-F-coupled-pos-d14,14.0,98e2d347db00f25db75a250a43a41e02b48b645aa1386f2533196df299780aa4,train
2,1.8532884437453956,2.045376056802399,0.15923426517645586,0.1336138737167311,-0.1377190567372601,-0.11207461515436286,-153.96973158497798,-26.02085351884558,True,True,False,148,ID-F-coupled-pos-d14,14.0,98e2d347db00f25db75a250a43a41e02b48b645aa1386f2533196df299780aa4,train
2,1.859492865051173,2.050598654975071,0.15350878799416862,0.1299774717945786,-0.15056489944821552,-0.07059687190283115,-154.12385588902697,-26.349962860326084,True,True,False,149,ID-F-coupled-pos-d14,14.0,98e2d347db00f25db75a250a43a41e02b48b645aa1386f2533196df299780aa4,train
2,1.8654531310104812,2.055711038614575,0.14675628165359092,0.12806148562493755,-0.188770707644302,-0.03494467981146169,-154.21395026368333,-26.676196594418204,True,True,False,150,ID-F-coupled-pos-d14,14.0,98e2d347db00f25db75a250a43a41e02b48b645aa1386f2533196df299780aa4,validation
2,1.8711326495913236,2.0607583293762564,0.13976960482698852,0.12629869304783778,-0.16402092951422523,-0.05473745214357431,-154.45638528082196,-26.901621563318376,True,True,False,151,ID-F-coupled-pos-d14,14.0,98e2d347db00f25db75a250a43a41e02b48b645aa1386f2533196df299780aa4,train
2,1.876553499606198,2.0657181821041264,0.13368940211722752,0.12362589831153005,-0.1430174476970687,-0.07240748142806512,-154.69563651456795,-27.096935707185217,True,True,False,152,ID-F-coupled-pos-d14,14.0,98e2d347db00f25db75a250a43a41e02b48b645aa1386f2533196df299780aa4,train
2,1.8817380676316209,2.07057577764896,0.1275753959690704,0.1215488638607462,-0.16450043650819665,-0.03588286924105756,-154.8398133246638,-27.32490926560338,True,True,False,153,ID-F-coupled-pos-d14,14.0,98e2d347db00f25db75a250a43a41e02b48b645aa1386f2533196df299780aa4,train
2,1.886661596379638,2.075371552802942,0.12048966983383999,0.12032146361106578,-0.1917469159673636,-0.023266493854118178,-154.9670936624044,-27.516139696255696,True,True,False,154,ID-F-coupled-pos-d14,14.0,98e2d347db00f25db75a250a43a41e02b48b645aa1386f2533196df299780aa4,train
2,1.8913006287198444,2.080137194789318,0.11366496444006738,0.12022285499427904,-0.1533434915202891,0.011838946029864099,-155.2732025183605,-27.64599516160391,True,True,False,155,ID-F-coupled-pos-d14,14.0,98e2d347db00f25db75a250a43a41e02b48b645aa1386f2533196df299780aa4,validation
2,1.8956943444746819,2.084907691201377,0.10800402535450757,0.12011865197527463,-0.13260143401191646,-0.01719062233688186,-155.5401184654872,-27.713898479157773,True,True,False,156,ID-F-coupled-pos-d14,14.0,98e2d347db00f25db75a250a43a41e02b48b645aa1386f2533196df299780aa4,train
2,1.8998697336019421,2.0896494615888486,0.10241446425073027,0.11873156492267614,-0.14853979128540867,-0.05400499563432619,-155.7171978256598,-27.762969573415102,True,True,False,157,ID-F-coupled-pos-d14,14.0,98e2d347db00f25db75a250a43a41e02b48b645aa1386f2533196df299780aa4,train
2,1.9038020671567708,2.094299446490956,0.09553957186564667,0.1153110344369069,-0.19618594331509842,-0.11361735242527209,-155.80131348725698,-27.783748332443817,True,True,False,158,ID-F-coupled-pos-d14,14.0,98e2d347db00f25db75a250a43a41e02b48b645aa1386f2533196df299780aa4,train
2,1.9074417800531007,2.0987833835508165,0.08808201908330775,0.11075651522809732,-0.18005196115843894,-0.11325009070679448,-156.0466395916885,-27.76906015560837,True,True,False,159,ID-F-coupled-pos-d14,14.0,98e2d347db00f25db75a250a43a41e02b48b645aa1386f2533196df299780aa4,train
2,1.9108119436611926,2.1031015763419965,0.08227178564870084,0.10729940700753941,-0.11505217598166025,-0.06452201319210295,-156.4303349080191,-27.73346631382533,True,True,False,160,ID-F-coupled-pos-d14,14.0,98e2d347db00f25db75a250a43a41e02b48b645aa1386f2533196df299780aa4,validation
2,1.9139880415451673,2.107307901496006,0.07794429105499281,0.10480250374813535,-0.10344948001947078,-0.06381449789968682,-156.6806045176616,-27.690278168734494,True,True,False,161,ID-F-coupled-pos-d14,14.0,98e2d347db00f25db75a250a43a41e02b48b645aa1386f2533196df299780aa4,train
2,1.9169868861340071,2.1113992609056704,0.07298503889044916,0.10111276463538958,-0.14475098920823176,-0.12035078144533523,-156.77994373080074,-27.629201344932287,True,True,False,162,ID-F-coupled-pos-d14,14.0,98e2d347db00f25db75a250a43a41e02b48b645aa1386f2533196df299780aa4,train
2,1.9197536597413773,2.1153005754009864,0.06617798461688168,0.09524251652681075,-0.19593124040205712,-0.17306262546064913,-156.832932162835,-27.554603860344017,True,True,False,163,ID-F-coupled-pos-d14,14.0,98e2d347db00f25db75a250a43a41e02b48b645aa1386f2533196df299780aa4,train
2,1.9222154344345408,2.118933270773523,0.05773492316231539,0.08770739129153228,-0.22774936317569094,-0.20384882086381434,-156.9136068880203,-27.459937412578196,True,True,False,164,ID-F-coupled-pos-d14,14.0,98e2d347db00f25db75a250a43a41e02b48b645aa1386f2533196df299780aa4,train
2,1.9243480543201368,2.1222599213889515,0.05030934492891207,0.0802157907920158,-0.14948262772807788,-0.1745680407303161,-157.27280516720512,-27.31879386079514,True,True,False,165,ID-F-coupled-pos-d14,14.0,98e2d347db00f25db75a250a43a41e02b48b645aa1386f2533196df299780aa4,validation
2,1.926238429160446,2.125312588209983,0.045298888302960964,0.07389524768678658,-0.10480801823604195,-0.14489819057562828,-157.54822037977323,-27.196503441617764,True,True,False,166,ID-F-coupled-pos-d14,14.0,98e2d347db00f25db75a250a43a41e02b48b645aa1386f2533196df299780aa4,train
2,1.9279625692645614,2.1281390410167416,0.041863504191586486,0.06883546925506116,-0.06985422413326156,-0.11202864922843386,-157.79812908999784,-27.087679519205885,True,True,False,167,ID-F-coupled-pos-d14,14.0,98e2d347db00f25db75a250a43a41e02b48b645aa1386f2533196df299780aa4,train
2,1.929559392275522,2.130778615354882,0.0384444191587709,0.06418983877872113,-0.10076138172053938,-0.12150995026426403,-157.8644480501693,-27.000294497083054,True,True,False,168,ID-F-coupled-pos-d14,14.0,98e2d347db00f25db75a250a43a41e02b48b645aa1386f2533196df299780aa4,train
2,1.9309978176147504,2.133227027458076,0.03391569186204099,0.05921149452296018,-0.12582789394535515,-0.128800227825494,-157.92822119108183,-26.909377402049813,True,True,False,169,ID-F-coupled-pos-d14,14.0,98e2d347db00f25db75a250a43a41e02b48b645aa1386f2533196df299780aa4,train
2,1.9322384694795027,2.1354728389141364,0.02851215012767404,0.05398991225506425,-0.14492071252365712,-0.1337496947080122,-157.99081122542077,-26.810657535981935,True,True,False,170,ID-F-coupled-pos-d14,14.0,98e2d347db00f25db75a250a43a41e02b48b645aa1386f2533196df299780aa4,validation
2,1.9332537206487,2.137509462484493,0.022645054448359507,0.04870754075257739,-0.14977235291004062,-0.13202448035410963,-158.07624728512346,-26.69866450706954,True,True,False,171,ID-F-coupled-pos-d14,14.0,98e2d347db00f25db75a250a43a41e02b48b645aa1386f2533196df299780aa4,train
2,1.9340455181563876,2.1393446505570908,0.017548349905893653,0.04398918684102102,-0.10878127431196567,-0.10686952082659201,-158.27596821742645,-26.564400850772998,True,True,False,172,ID-F-coupled-pos-d14,14.0,98e2d347db00f25db75a250a43a41e02b48b645aa1386f2533196df299780aa4,train
2,1.9346640719984012,2.1410106840403147,0.013830716432812095,0.04013589553866691,-0.07980052631274727,-0.08821129946854071,-158.44367016283107,-26.43065856314434,True,True,False,173,ID-F-coupled-pos-d14,14.0,98e2d347db00f25db75a250a43a41e02b48b645aa1386f2533196df299780aa4,train
2,1.935157918941931,2.142536042432123,0.01125722886978766,0.03683756276595629,-0.05132450461279809,-0.07842984554009623,-158.6074429898078,-26.292119676715153,True,True,False,174,ID-F-coupled-pos-d14,14.0,98e2d347db00f25db75a250a43a41e02b48b645aa1386f2533196df299780aa4,train
2,1.9355705609854374,2.1439377144064387,0.009698818766802174,0.03388642760765604,-0.028525268223771938,-0.07064672974168297,-158.754731627274,-26.159103111030685,True,True,False,175,ID-F-coupled-pos-d14,14.0,98e2d347db00f25db75a250a43a41e02b48b645aa1386f2533196df299780aa4,validation
2,1.9359360262809135,2.145227496071184,0.008801455817812968,0.03117393373250784,-0.01740062020811889,-0.06621864993281038,-158.86820671010895,-26.03813806671411,True,True,False,176,ID-F-coupled-pos-d14,14.0,98e2d347db00f25db75a250a43a41e02b48b645aa1386f2533196df299780aa4,train
2,1.936269175274721,2.146411083027664,0.007945169491558953,0.02848511749479532,-0.025100538905762748,-0.0688908142455756,-158.9253413422058,-25.932912119820745,True,True,False,177,ID-F-coupled-pos-d14,14.0,98e2d347db00f25db75a250a43a41e02b48b645aa1386f2533196df299780aa4,train
2,1.9365638257325022,2.1474868218274294,0.006895812956965803,0.025757474822792066,-0.027431240568357013,-0.0683451494246794,-158.98782880131344,-25.83366318865741,True,True,False,178,ID-F-coupled-pos-d14,14.0,98e2d347db00f25db75a250a43a41e02b48b645aa1386f2533196df299780aa4,train
2,1.93681543396076,2.148455174359783,0.005784959567688488,0.023079693435098945,-0.028251144892778874,-0.06643680399584774,-159.04652572710174,-25.741271174177466,True,True,False,179,ID-F-coupled-pos-d14,14.0,98e2d347db00f25db75a250a43a41e02b48b645aa1386f2533196df299780aa4,train
2,1.937023849669462,2.149318803902708,0.004751990142618188,0.020477626853842128,-0.023925071190212418,-0.06448363977105243,-159.1114251833452,-25.652503042510073,True,True,False,180,ID-F-coupled-pos-d14,14.0,98e2d347db00f25db75a250a43a41e02b48b645aa1386f2533196df299780aa4,validation
2,1.937194564046372,2.1500811372513593,0.003880800204705592,0.017981173163142523,-0.02009078333464284,-0.06119031275616512,-159.16912222991652,-25.571872408863282,True,True,False,181,ID-F-coupled-pos-d14,14.0,98e2d347db00f25db75a250a43a41e02b48b645aa1386f2533196df299780aa4,train
2,1.9373335764851962,2.150747349434506,0.0031496802106118433,0.015638248729194632,-0.01684565126239114,-0.05682639950048,-159.21958856803033,-25.499839485913803,True,True,False,182,ID-F-coupled-pos-d14,14.0,98e2d347db00f25db75a250a43a41e02b48b645aa1386f2533196df299780aa4,train
2,1.9374460958146449,2.151324116464367,0.002543674738597138,0.013472610350739891,-0.013802128032022116,-0.05226900308765615,-159.2640425614645,-25.43582654747403,True,True,False,183,ID-F-coupled-pos-d14,14.0,98e2d347db00f25db75a250a43a41e02b48b645aa1386f2533196df299780aa4,train
2,1.9375365721724056,2.151819071311784,0.00202941473664548,0.011523900757999144,-0.012101958730424339,-0.04609607509125334,-159.30025027223004,-25.381219098457034,True,True,False,184,ID-F-coupled-pos-d14,14.0,98e2d347db00f25db75a250a43a41e02b48b645aa1386f2533196df299780aa4,train
2,1.937607750389731,2.152241801635852,0.0015656545157179058,0.009834868923017038,-0.011162670774409484,-0.03933724452139959,-159.33006585513033,-25.334616143496454,True,True,False,185,ID-F-coupled-pos-d14,14.0,98e2d347db00f25db75a250a43a41e02b48b645aa1386f2533196df299780aa4,validation
2,1.9376614788067261,2.1526023853093825,0.0011540349703761527,0.008379687454268744,-0.00954912051946683,-0.034209852441835754,-159.3574497841726,-25.29291394162422,True,True,False,186,ID-F-coupled-pos-d14,14.0,98e2d347db00f25db75a250a43a41e02b48b645aa1386f2533196df299780aa4,train
2,1.937700191282259,2.152909034165535,0.0008093119949699319,0.007109607440815218,-0.00781916650197111,-0.029969235796249584,-159.38170341094755,-25.255934794114065,True,True,False,187,ID-F-coupled-pos-d14,14.0,98e2d347db00f25db75a250a43a41e02b48b645aa1386f2533196df299780aa4,train
2,1.937726601653588,2.153168429072489,0.0005337570504648846,0.005992224017642476,-0.006088738960891393,-0.026472427500657283,-159.40298506963728,-25.22324875877003,True,True,False,188,ID-F-coupled-pos-d14,14.0,98e2d347db00f25db75a250a43a41e02b48b645aa1386f2533196df299780aa4,train
2,1.9377434127716193,2.1533861024988297,0.00032438407918943435,0.005002516610507029,-0.004498487235770649,-0.02350369199653415,-159.4213008398738,-25.194660421512268,True,True,False,189,ID-F-coupled-pos-d14,14.0,98e2d347db00f25db75a250a43a41e02b48b645aa1386f2533196df299780aa4,train
2,1.9377531175111318,2.1535667444454556,0.00017403330233602027,0.00412257985530899,-0.0031222089923101178,-0.02091531059109806,-159.43674384663228,-25.170010004769566,True,True,False,190,ID-F-coupled-pos-d14,14.0,98e2d347db00f25db75a250a43a41e02b48b645aa1386f2533196df299780aa4,validation
2,1.9377578763143273,2.1537144432473005,7.333669785372269e-05,0.0033397931421896582,-0.0019983995071930975,-0.018588253912223927,-159.44944869152084,-25.149153036482378,True,True,False,191,ID-F-coupled-pos-d14,14.0,98e2d347db00f25db75a250a43a41e02b48b645aa1386f2533196df299780aa4,train
2,1.9377594565565512,2.1538328721085045,1.2050647209663272e-05,0.0026456526013629257,-0.0011342460402850919,-0.01643278466184879,-159.45960149410544,-25.131922822579476,True,True,False,192,ID-F-coupled-pos-d14,14.0,98e2d347db00f25db75a250a43a41e02b48b645aa1386f2533196df299780aa4,train
2,1.9377592199541849,2.1539254313806158,-1.9887668629421843e-05,0.0020347588383615015,-0.0005146956879983446,-0.014381257730823604,-159.4674331287877,-25.118113930107782,True,True,False,193,ID-F-coupled-pos-d14,14.0,98e2d347db00f25db75a250a43a41e02b48b645aa1386f2533196df299780aa4,train
2,1.937758145342423,2.153995355588736,-3.162007793641736e-05,0.001504035392999872,-0.00010951121881583304,-0.012383415094472293,-159.47321261323796,-25.107474444776123,True,True,False,194,ID-F-coupled-pos-d14,14.0,98e2d347db00f25db75a250a43a41e02b48b645aa1386f2533196df299780aa4,train
2,1.93775687540415,2.1540457930770107,-3.089587558845878e-05,0.0010521269408183508,0.00012029241241219258,-0.01040210031144541,-159.4772384135017,-25.099705897824734,True,True,False,195,ID-F-coupled-pos-d14,14.0,98e2d347db00f25db75a250a43a41e02b48b645aa1386f2533196df299780aa4,validation
2,1.9377557772929743,2.154079864916357,-2.3836486544287857e-05,0.0006789495979877285,0.0002169695896062532,-0.008409864723608742,-159.47982922108048,-25.094467877541206,True,True,False,196,ID-F-coupled-pos-d14,14.0,98e2d347db00f25db75a250a43a41e02b48b645aa1386f2533196df299780aa4,train
2,1.9377550085187552,2.1541007084317214,-1.4899469981177854e-05,0.00038535974755159793,0.00022147186776210492,-0.006386387153551301,-159.48131475697676,-25.09138520202067,True,True,False,197,ID-F-coupled-pos-d14,14.0,98e2d347db00f25db75a250a43a41e02b48b645aa1386f2533196df299780aa4,train
2,1.9377545808997145,2.154111509408665,-7.0061392799867345e-06,0.00017290909577414342,0.00016976129620911492,-0.0043166987838203314,-159.4820270993365,-25.090055862809077,True,True,False,198,ID-F-coupled-pos-d14,14.0,98e2d347db00f25db75a250a43a41e02b48b645aa1386f2533196df299780aa4,train
2,1.9377544167699101,2.1541155257809965,-1.7990901835751347e-06,4.365519257697276e-05,8.99302749761669e-05,-0.0021901479645874728,-159.48229276919957,-25.090058392718657,True,True,False,199,ID-F-coupled-pos-d14,14.0,98e2d347db00f25db75a250a43a41e02b48b645aa1386f2533196df299780aa4,train
2,1.9377543928936172,2.1541161044420427,-0.0,0.0,-0.0,0.0,-159.48242556871605,-25.090957721336366,True,True,False,200,ID-F-coupled-pos-d14,14.0,98e2d347db00f25db75a250a43a41e02b48b645aa1386f2533196df299780aa4,validation
2,1.9377543745968195,2.1541165469349126,-1.8066775842735448e-06,4.3652699237129916e-05,-0.0001188473801086886,0.0028636300629009065,-159.48275231951132,-25.09265167226349,True,True,False,201,ID-F-coupled-pos-d14,14.0,98e2d347db00f25db75a250a43a41e02b48b645aa1386f2533196df299780aa4,train
2,1.9377542467003837,2.154119617494141,-7.244628479205673e-06,0.00017283065724426288,-0.00024150847671558707,0.005638492485066923,-159.48341591148537,-25.09435911911993,True,True,False,202,ID-F-coupled-pos-d14,14.0,98e2d347db00f25db75a250a43a41e02b48b645aa1386f2533196df299780aa4,train
2,1.9377538949411217,2.15412786891197,-1.6677326368258577e-05,0.0003847737439435327,-0.00038619645028767027,0.008319536181633,-159.48456482657613,-25.09573755783398,True,True,False,203,ID-F-coupled-pos-d14,14.0,98e2d347db00f25db75a250a43a41e02b48b645aa1386f2533196df299780aa4,train
2,1.937753183973244,2.1541437674050137,-3.118514325280106e-05,0.0006765172256060105,-0.0005817648349724789,0.010898433731457222,-159.48630904150133,-25.096456823654147,True,True,False,204,ID-F-coupled-pos-d14,14.0,98e2d347db00f25db75a250a43a41e02b48b645aa1386f2533196df299780aa4,train
2,1.937751930908038,2.1541696850119454,-5.287037870541372e-05,0.0010448036795255911,-0.0008665585560445392,0.013364365620027083,-159.48872099717295,-25.096195662412764,True,True,False,205,ID-F-coupled-pos-d14,14.0,98e2d347db00f25db75a250a43a41e02b48b645aa1386f2533196df299780aa4,validation
2,1.93774987011085,2.1542078897189745,-8.512930583456811e-05,0.0014860226285321788,-0.0012873899651000954,0.015705074138506612,-159.4918364883489,-25.094637557126923,True,True,False,206,ID-F-coupled-pos-d14,14.0,98e2d347db00f25db75a250a43a41e02b48b645aa1386f2533196df299780aa4,train
2,1.9377466101966745,2.1542605342865686,-0.00013289518574741483,0.001996186890247147,-0.001898650046442478,0.017908236666744952,-159.4956555141545,-25.091465913038785,True,True,False,207,ID-F-coupled-pos-d14,14.0,98e2d347db00f25db75a250a43a41e02b48b645aa1386f2533196df299780aa4,train
2,1.9377415840418069,2.154329645043338,-0.00020285644238557694,0.0025709558323573495,-0.002761559904009386,0.01996318861273429,-159.50014316470373,-25.086358641526616,True,True,False,208,ID-F-coupled-pos-d14,14.0,98e2d347db00f25db75a250a43a41e02b48b645aa1386f2533196df299780aa4,train
2,1.9377339925001729,2.154417112233264,-0.0003036542792879707,0.003205716364706812,-0.003943563691612553,0.021863007949994556,-159.50523065309284,-25.078982114998077,True,True,False,209,ID-F-coupled-pos-d14,14.0,98e2d347db00f25db75a250a43a41e02b48b645aa1386f2533196df299780aa4,train
2,1.9377227423829286,2.1545246838342718,-0.00044606401893426456,0.0038957326504231037,-0.0055178620109899,0.023606960255033328,-159.5108166329907,-25.06898439649226,True,True,False,210,ID-F-coupled-pos-d14,14.0,98e2d347db00f25db75a250a43a41e02b48b645aa1386f2533196df299780aa4,validation
2,1.937706379131797,2.154653965095303,-0.0006431642821468621,0.004636375130645113,-0.007563074834286742,0.025203277983487624,-159.51676899041632,-25.05598756636068,True,True,False,211,ID-F-coupled-pos-d14,14.0,98e2d347db00f25db75a250a43a41e02b48b645aa1386f2533196df299780aa4,train
2,1.937683014493211,2.154806426353803,-0.000910498184196548,0.005423439273197022,-0.010163054494608989,0.02667229861847185,-159.5229272531844,-25.03957895527054,True,True,False,212,ID-F-coupled-pos-d14,14.0,98e2d347db00f25db75a250a43a41e02b48b645aa1386f2533196df299780aa4,train
2,1.9376502493838923,2.154983421985348,-0.0012662292184627826,0.006253561195602594,-0.01340670428169994,0.028049677001033148,-159.5291061510983,-25.019300762707115,True,True,False,213,ID-F-coupled-pos-d14,14.0,98e2d347db00f25db75a250a43a41e02b48b645aa1386f2533196df299780aa4,train
2,1.9376050920310333,2.1551862235942125,-0.0017313000838655856,0.00712474702616086,-0.0173884224091592,0.029390794643206663,-159.53509918301617,-24.99463873434326,True,True,False,214,ID-F-coupled-pos-d14,14.0,98e2d347db00f25db75a250a43a41e02b48b645aa1386f2533196df299780aa4,train
2,1.9375438713732485,2.1554160707710412,-0.0023295748173893707,0.008036980631193324,-0.022206255269425015,0.030770956225362987,-159.54068891676044,-24.965004735872785,True,True,False,215,ID-F-coupled-pos-d14,14.0,98e2d347db00f25db75a250a43a41e02b48b645aa1386f2533196df299780aa4,validation
2,1.9374621456232737,2.155674242917374,-0.003088070210122241,0.008993105607728199,-0.027970889254163904,0.03230558949822473,-159.5456351291143,-24.92973429302497,True,True,False,216,ID-F-coupled-pos-d14,14.0,98e2d347db00f25db75a250a43a41e02b48b645aa1386f2533196df299780aa4,train
2,1.937354605820875,2.155962155759296,-0.004036813702119781,0.00999912579514659,-0.03476677834195151,0.03408204410346144,-159.54977140087647,-24.88800243675014,True,True,False,217,ID-F-coupled-pos-d14,14.0,98e2d347db00f25db75a250a43a41e02b48b645aa1386f2533196df299780aa4,train
2,1.9372149741453009,2.1562814862692,-0.005210394237868234,0.011067741581515425,-0.042824321440529126,0.03648022494778707,-159.55263552425504,-24.839081563354505,True,True,False,218,ID-F-coupled-pos-d14,14.0,98e2d347db00f25db75a250a43a41e02b48b645aa1386f2533196df299780aa4,train
2,1.9370361654365411,2.156633833341989,-0.006614267304670955,0.012156898085854727,-0.04975857824460393,0.03508146573241984,-159.5595899396987,-24.777768529783522,True,True,False,219,ID-F-coupled-pos-d14,14.0,98e2d347db00f25db75a250a43a41e02b48b645aa1386f2533196df299780aa4,train
2,1.936811597388978,2.157018283937067,-0.008226565738756879,0.013174103980020502,-0.056507913023746005,0.03163286258220158,-159.56851060468267,-24.70418933135623,True,True,False,220,ID-F-coupled-pos-d14,14.0,98e2d347db00f25db75a250a43a41e02b48b645aa1386f2533196df299780aa4,validation
2,1.9365350581303433,2.157431668937413,-0.01003921157475123,0.014052962677708069,-0.06291422583233852,0.02586889393504698,-159.57948169431043,-24.617244020128677,True,True,False,221,ID-F-coupled-pos-d14,14.0,98e2d347db00f25db75a250a43a41e02b48b645aa1386f2533196df299780aa4,train
2,1.9362006972803483,2.1578686204685056,-0.012034824187010594,0.014712557126966088,-0.0684975131126184,0.017060306351179836,-159.59315654975347,-24.51564887068324,True,True,False,222,ID-F-coupled-pos-d14,14.0,98e2d347db00f25db75a250a43a41e02b48b645aa1386f2533196df299780aa4,train
2,1.9358033795676641,2.158320992707941,-0.014184904518547967,0.015051157943719102,-0.07302970181883235,0.004579192705507207,-159.6093483575369,-24.398675713309444,True,True,False,223,ID-F-coupled-pos-d14,14.0,98e2d347db00f25db75a250a43a41e02b48b645aa1386f2533196df299780aa4,train
2,1.9353394452268855,2.158777131303009,-0.01640212256112587,0.014934289893098012,-0.07260932463253418,-0.013164479004462373,-159.63697524903245,-24.26325623032486,True,True,False,224,ID-F-coupled-pos-d14,14.0,98e2d347db00f25db75a250a43a41e02b48b645aa1386f2533196df299780aa4,train
2,1.9348089111385915,2.1592208011427223,-0.018559946427692136,0.014202954767708007,-0.06899321649635821,-0.03607507670983163,-159.67064112704264,-24.111664211956455,True,True,False,225,ID-F-coupled-pos-d14,14.0,98e2d347db00f25db75a250a43a41e02b48b645aa1386f2533196df299780aa4,validation
2,1.9342156931832581,2.1596303820390474,-0.020495878112728252,0.012638967705256115,-0.057608146618964455,-0.068393056732116,-159.71981950341458,-23.94094783423476,True,True,False,226,ID-F-coupled-pos-d14,14.0,98e2d347db00f25db75a250a43a41e02b48b645aa1386f2533196df299780aa4,train
2,1.9335679159936523,2.159978109417943,-0.02219753701143294,0.010143538957562,-0.05420445672449187,-0.09691079575681767,-159.74450012336317,-23.772025649866737,True,True,False,227,ID-F-coupled-pos-d14,14.0,98e2d347db00f25db75a250a43a41e02b48b645aa1386f2533196df299780aa4,train
2,1.9328654333841762,2.16024063628948,-0.024270899573713648,0.0071530783701341085,-0.08408103316930153,-0.09946244557949217,-159.68031585189703,-23.63806638151837,True,True,False,228,ID-F-coupled-pos-d14,14.0,98e2d347db00f25db75a250a43a41e02b48b645aa1386f2533196df299780aa4,train
2,1.9320857222319263,2.1604109026361034,-0.027308530304106238,0.0040461714863629745,-0.11771255220378053,-0.10474068214122226,-159.5941576502118,-23.505904081035403,True,True,False,229,ID-F-coupled-pos-d14,14.0,98e2d347db00f25db75a250a43a41e02b48b645aa1386f2533196df299780aa4,train
2,1.93119661579607,2.16048717811808,-0.031545334815933024,0.00105127381901882,-0.16352462809557067,-0.09109313511336889,-159.46816225193118,-23.38876725191953,True,True,False,230,ID-F-coupled-pos-d14,14.0,98e2d347db00f25db75a250a43a41e02b48b645aa1386f2533196df299780aa4,validation
2,1.9301564022394704,2.1604831044883057,-0.03732300621440585,-0.0011029254905590641,-0.21949813230905868,-0.04812059433879901,-159.31070492043003,-23.286625039545093,True,True,False,231,ID-F-coupled-pos-d14,14.0,98e2d347db00f25db75a250a43a41e02b48b645aa1386f2533196df299780aa4,train
2,1.9289122490657233,2.160436451327191,-0.045093262580930465,-0.0016531555864449138,-0.2955274511016867,0.01438256468224485,-159.0976895438099,-23.19237638182785,True,True,False,232,ID-F-coupled-pos-d14,14.0,98e2d347db00f25db75a250a43a41e02b48b645aa1386f2533196df299780aa4,train
2,1.9274089334546782,2.160391211130312,-0.053999248368603134,-0.0013911838053003536,-0.2901208339961664,0.002021437278295259,-159.07586624139196,-22.973811773141716,True,True,False,233,ID-F-coupled-pos-d14,14.0,98e2d347db00f25db75a250a43a41e02b48b645aa1386f2533196df299780aa4,train
2,1.9256413888095436,2.1603449408055218,-0.06239519227439833,-0.0018364343671404392,-0.26101477089605407,-0.03234735089474505,-159.1142174103907,-22.68492131717757,True,True,False,234,ID-F-coupled-pos-d14,14.0,98e2d347db00f25db75a250a43a41e02b48b645aa1386f2533196df299780aa4,train
2,1.9236324729564902,2.1602750544045572,-0.06991931304961539,-0.002745383791332705,-0.23299981955157958,-0.02650647894871944,-159.1619882748517,-22.38034708575546,True,True,False,235,ID-F-coupled-pos-d14,14.0,98e2d347db00f25db75a250a43a41e02b48b645aa1386f2533196df299780aa4,validation
2,1.9214116797778844,2.1601871919089715,-0.07624538537037122,-0.002779965689416503,-0.18129336206925467,0.02422281352189437,-159.2875457811573,-22.05549099898159,True,True,False,236,ID-F-coupled-pos-d14,14.0,98e2d347db00f25db75a250a43a41e02b48b645aa1386f2533196df299780aa4,train
2,1.9190129254222554,2.160105258926756,-0.08200166208890368,-0.002931021872593684,-0.19858829619929305,-0.03843787626728953,-159.2215316225055,-21.68934581275643,True,True,False,237,ID-F-coupled-pos-d14,14.0,98e2d347db00f25db75a250a43a41e02b48b645aa1386f2533196df299780aa4,train
2,1.9164248118916671,2.159976593513217,-0.08896800676742503,-0.006323622274228032,-0.262860776784677,-0.18896431994451837,-159.00366830956213,-21.27474768459399,True,True,False,238,ID-F-coupled-pos-d14,14.0,98e2d347db00f25db75a250a43a41e02b48b645aa1386f2533196df299780aa4,train
2,1.9135914397108857,2.159682760734598,-0.09832320632861115,-0.013571425094832792,-0.3569380372162152,-0.2914838447443441,-158.68740129249912,-20.875986040487334,True,True,False,239,ID-F-coupled-pos-d14,14.0,98e2d347db00f25db75a250a43a41e02b48b645aa1386f2533196df299780aa4,train
2,1.9104279523275423,2.1591222759654225,-0.11083745122182384,-0.023884864160062216,-0.4715102992046347,-0.3837446074397176,-158.27985428465828,-20.473291826127692,True,True,False,240,ID-F-coupled-pos-d14,14.0,98e2d347db00f25db75a250a43a41e02b48b645aa1386f2533196df299780aa4,validation
2,1.906857028054345,2.1582355942254967,-0.12431853229657874,-0.034068270602691596,-0.4141996952396897,-0.283823557108319,-158.3179778099428,-20.03366374797502,True,True,False,241,ID-F-coupled-pos-d14,14.0,98e2d347db00f25db75a250a43a41e02b48b645aa1386f2533196df299780aa4,train
2,1.902902868440538,2.157086970354919,-0.1361319229747112,-0.041125381669785833,-0.3620800520153601,-0.17740025100739773,-158.34427453318966,-19.588087798472877,True,True,False,242,ID-F-coupled-pos-d14,14.0,98e2d347db00f25db75a250a43a41e02b48b645aa1386f2533196df299780aa4,train
2,1.8986153185403358,2.1557760915965116,-0.14626890694847242,-0.04467841939117027,-0.30375150350088537,-0.060171928002557905,-158.39632776011433,-19.127224081614102,True,True,False,243,ID-F-coupled-pos-d14,14.0,98e2d347db00f25db75a250a43a41e02b48b645aa1386f2533196df299780aa4,train
2,1.8940325350634897,2.1543933699051814,-0.15610463149107115,-0.04648813516790966,-0.3456904124571852,-0.06425718475718932,-158.17469368343646,-18.648935630739892,True,True,False,244,ID-F-coupled-pos-d14,14.0,98e2d347db00f25db75a250a43a41e02b48b645aa1386f2533196df299780aa4,train
2,1.889125522874039,2.152941062837878,-0.16787325018244909,-0.04971050869218791,-0.432465531741633,-0.1560421940335246,-157.80639060435215,-18.117822484204474,True,True,False,245,ID-F-coupled-pos-d14,14.0,98e2d347db00f25db75a250a43a41e02b48b645aa1386f2533196df299780aa4,validation
2,1.8838165825324844,2.1513349701595943,-0.18277679583565687,-0.05706881967451816,-0.5531495450479706,-0.3140356692908699,-157.30457995326216,-17.527517958557034,True,True,False,246,ID-F-coupled-pos-d14,14.0,98e2d347db00f25db75a250a43a41e02b48b645aa1386f2533196df299780aa4,train
2,1.8780242610380806,2.149468154860679,-0.19890778275073787,-0.06571562363976316,-0.5082857841364945,-0.2565157491099579,-157.236424196109,-16.883541145230268,True,True,False,247,ID-F-coupled-pos-d14,14.0,98e2d347db00f25db75a250a43a41e02b48b645aa1386f2533196df299780aa4,train
2,1.8717655420230024,2.1473627149302175,-0.21345187033754998,-0.07290850121322985,-0.4483077907429541,-0.22319822127033015,-157.19888099415846,-16.180924693374017,True,True,False,248,ID-F-coupled-pos-d14,14.0,98e2d347db00f25db75a250a43a41e02b48b645aa1386f2533196df299780aa4,train
2,1.8650822355970722,2.1450446198093753,-0.22728259402455098,-0.08008053495631354,-0.4635169167119056,-0.2591600366571062,-156.9504502886288,-15.464390484347383,True,True,False,249,ID-F-coupled-pos-d14,14.0,98e2d347db00f25db75a250a43a41e02b48b645aa1386f2533196df299780aa4,train
2,1.8579549396938468,2.1424789585187187,-0.24332491716571292,-0.08966712029662932,-0.5972302505919378,-0.37139832995301303,-156.35860709018934,-14.763862927127605,True,True,False,250,ID-F-coupled-pos-d14,14.0,98e2d347db00f25db75a250a43a41e02b48b645aa1386f2533196df299780aa4,validation
2,1.8502848176904938,2.1395740590392847,-0.26288908360144164,-0.10229438037271203,-0.6944920209717282,-0.4417614241291111,-155.82018014475233,-14.017093265979561,True,True,False,251,ID-F-coupled-pos-d14,14.0,98e2d347db00f25db75a250a43a41e02b48b645aa1386f2533196df299780aa4,train
2,1.842005602816388,2.136277689947686,-0.28248765142743165,-0.11470410664292831,-0.5944727574731831,-0.3727376068393185,-155.77777221392137,-13.145675465943363,True,True,False,252,ID-F-coupled-pos-d14,14.0,98e2d347db00f25db75a250a43a41e02b48b645aa1386f2533196df299780aa4,train
2,1.8331831578225102,2.1326402364876342,-0.2985295401769637,-0.12471641703258945,-0.45945869549412627,-0.3019655816431347,-155.82641573548247,-12.212037019623295,True,True,False,253,ID-F-coupled-pos-d14,14.0,98e2d347db00f25db75a250a43a41e02b48b645aa1386f2533196df299780aa4,train
2,1.8239176566321134,2.1287163043054806,-0.31233673077717283,-0.13413113028169116,-0.4503777627960102,-0.3382622668723588,-155.53723553001356,-11.2983835883403,True,True,False,254,ID-F-coupled-pos-d14,14.0,98e2d347db00f25db75a250a43a41e02b48b645aa1386f2533196df299780aa4,train
2,1.8142148860431808,2.1244717438941256,-0.3281324944560008,-0.14636357788966137,-0.5940148649704452,-0.4549057685153494,-154.81911227597263,-10.446429343083736,True,True,False,255,ID-F-coupled-pos-d14,14.0,98e2d347db00f25db75a250a43a41e02b48b645aa1386f2533196df299780aa4,validation
2,1.8039835617892084,2.1198145202096352,-0.34661659921150484,-0.16089389656065586,-0.6249285507540383,-0.4806116841146452,-154.3545128676988,-9.51898849816591,True,True,False,256,ID-F-coupled-pos-d14,14.0,98e2d347db00f25db75a250a43a41e02b48b645aa1386f2533196df299780aa4,train
2,1.7931981128693966,2.11472303219545,-0.3639608549000573,-0.1745489901189254,-0.5159207684481629,-0.4385487227330302,-154.2305564020596,-8.47909140363764,True,True,False,257,ID-F-coupled-pos-d14,14.0,98e2d347db00f25db75a250a43a41e02b48b645aa1386f2533196df299780aa4,train
2,1.7819241504196146,2.1092218245094787,-0.3792548923389794,-0.1884271043643416,-0.49169988722495184,-0.498390235859645,-153.86414232405394,-7.439354921613926,True,True,False,258,ID-F-coupled-pos-d14,14.0,98e2d347db00f25db75a250a43a41e02b48b645aa1386f2533196df299780aa4,train
2,1.770183396421248,2.1032563948647676,-0.3952147458412182,-0.20548705654843694,-0.5617224613844828,-0.6075483722075689,-153.22116354300664,-6.442538319189502,True,True,False,259,ID-F-coupled-pos-d14,14.0,98e2d347db00f25db75a250a43a41e02b48b645aa1386f2533196df299780aa4,train
2,1.7579281905984834,2.096737026020767,-0.4131102742350443,-0.22440166655699217,-0.6189818310122592,-0.6053932599518906,-152.59236244446322,-5.484667408127919,True,True,False,260,ID-F-coupled-pos-d14,14.0,98e2d347db00f25db75a250a43a41e02b48b645aa1386f2533196df299780aa4,validation
2,1.7451198823338094,2.0896662423669086,-0.43113780961617876,-0.24153346378953125,-0.5683893369979545,-0.5613064831109125,-152.21100321143786,-4.444478584273163,True,True,False,261,ID-F-coupled-pos-d14,14.0,98e2d347db00f25db75a250a43a41e02b48b645aa1386f2533196df299780aa4,train
2,1.731773002867207,2.08207148416218,-0.44912954621661916,-0.2597686680742697,-0.6184981648180108,-0.6760012240579069,-151.52449378340032,-3.4080668720387592,True,True,False,262,ID-F-coupled-pos-d14,14.0,98e2d347db00f25db75a250a43a41e02b48b645aa1386f2533196df299780aa4,train
2,1.7178512317390695,2.073852755241783,-0.4692482904201903,-0.2826187491794379,-0.7092630374597347,-0.7654495673721563,-150.6960004017386,-2.409074817803379,True,True,False,263,ID-F-coupled-pos-d14,14.0,98e2d347db00f25db75a250a43a41e02b48b645aa1386f2533196df299780aa4,train
2,1.7032993484256413,2.0649398123397718,-0.489933906126247,-0.3043794681801046,-0.6533548210967094,-0.6311955405988978,-150.2409163966052,-1.376159404116585,True,True,False,264,ID-F-coupled-pos-d14,14.0,98e2d347db00f25db75a250a43a41e02b48b645aa1386f2533196df299780aa4,train
2,1.6881616803854986,2.0554432842938963,-0.5073333977337012,-0.3216035814229286,-0.49101633957829055,-0.5984579195029534,-150.01928191772228,-0.18022345304166976,True,True,False,265,ID-F-coupled-pos-d14,14.0,98e2d347db00f25db75a250a43a41e02b48b645aa1386f2533196df299780aa4,validation
2,1.672530398218827,2.045388705791491,-0.5238486767040325,-0.3421096540033099,-0.5994290839613945,-0.7518514111394652,-149.09132455079583,0.8444312516530701,True,True,False,266,ID-F-coupled-pos-d14,14.0,98e2d347db00f25db75a250a43a41e02b48b645aa1386f2533196df299780aa4,train
2,1.656352561022802,2.034653811056844,-0.5432245189178547,-0.3652017879398654,-0.6790660165417077,-0.6705525346349768,-148.2448421746455,1.7794934133313873,True,True,False,267,ID-F-coupled-pos-d14,14.0,98e2d347db00f25db75a250a43a41e02b48b645aa1386f2533196df299780aa4,train
2,1.639599510872811,2.0233040664473783,-0.560118320734032,-0.3821766965428524,-0.43104775862257966,-0.4749248136624605,-148.1995534208739,3.004217470721386,True,True,False,268,ID-F-coupled-pos-d14,14.0,98e2d347db00f25db75a250a43a41e02b48b645aa1386f2533196df299780aa4,train
2,1.6224299219155411,2.011504951035544,-0.571303494057129,-0.3960394367485981,-0.30465406760745734,-0.5055440739197194,-147.8416289619787,4.222623660057415,True,True,False,269,ID-F-coupled-pos-d14,14.0,98e2d347db00f25db75a250a43a41e02b48b645aa1386f2533196df299780aa4,train
2,1.6049365540353078,1.9992403406654478,-0.582901638912156,-0.4131445377417814,-0.4621542146585407,-0.6136704253688186,-146.7912990200397,5.165139223054084,True,True,False,270,ID-F-coupled-pos-d14,14.0,98e2d347db00f25db75a250a43a41e02b48b645aa1386f2533196df299780aa4,validation
2,1.587055429682025,1.9864123543360088,-0.5956414899289065,-0.4330550232701979,-0.3766845860371071,-0.6947305541576296,-146.27522698933996,6.365400529721811,True,True,False,271,ID-F-coupled-pos-d14,14.0,98e2d347db00f25db75a250a43a41e02b48b645aa1386f2533196df299780aa4,train
2,1.5688352236117313,1.9729453446149297,-0.6049894852295231,-0.45524684001064786,-0.23797011884223757,-0.7679336295739354,-145.87361895079687,7.622155234877816,True,True,False,272,ID-F-coupled-pos-d14,14.0,98e2d347db00f25db75a250a43a41e02b48b645aa1386f2533196df299780aa4,train
2,1.5503580275993047,1.958778654054105,-0.6138368793108675,-0.4787887217282683,-0.34670005192820147,-0.7699717371177651,-144.91778334076764,8.521398383963309,True,True,False,273,ID-F-coupled-pos-d14,14.0,98e2d347db00f25db75a250a43a41e02b48b645aa1386f2533196df299780aa4,train
2,1.5315876708782852,1.9439052484100434,-0.6234718752296092,-0.5017104335225321,-0.28791812080677803,-0.7386771003390679,-144.3353230000483,9.562960958205245,True,True,False,274,ID-F-coupled-pos-d14,14.0,98e2d347db00f25db75a250a43a41e02b48b645aa1386f2533196df299780aa4,train
2,1.5125717618130934,1.9283424395258133,-0.6293687044578867,-0.5246860925086331,-0.09889976414386074,-0.7861385697400535,-144.02990700833945,10.7778540448355,True,True,False,275,ID-F-coupled-pos-d14,14.0,98e2d347db00f25db75a250a43a41e02b48b645aa1386f2533196df299780aa4,validation
2,1.493432212004626,1.912054637968311,-0.6326876930466606,-0.5496013745202672,-0.1202730828043229,-0.8578940715729751,-143.25060385185583,11.708067813382627,True,True,False,276,ID-F-coupled-pos-d14,14.0,98e2d347db00f25db75a250a43a41e02b48b645aa1386f2533196df299780aa4,train
2,1.4741801335462092,1.8949940245514523,-0.6368555247114916,-0.5750308200630644,-0.1549675473449801,-0.814463010537199,-142.46378165750272,12.503438095892832,True,True,False,277,ID-F-coupled-pos-d14,14.0,98e2d347db00f25db75a250a43a41e02b48b645aa1386f2533196df299780aa4,train
2,1.4548019757450448,1.8771431401010246,-0.6404551480505117,-0.6030628046610411,-0.08177132307967604,-1.0238282742003126,-141.84150884625137,13.50908094261596,True,True,False,278,ID-F-coupled-pos-d14,14.0,98e2d347db00f25db75a250a43a41e02b48b645aa1386f2533196df299780aa4,train
2,1.4353375551901109,1.8583886398531477,-0.6429027414778842,-0.6331554857413372,-0.07969449258192078,-0.9395865642700403,-141.1351074878226,14.221125430478565,True,True,False,279,ID-F-coupled-pos-d14,14.0,98e2d347db00f25db75a250a43a41e02b48b645aa1386f2533196df299780aa4,train
2,1.4157991039378437,1.8388018517513385,-0.6453610356082311,-0.6566674927719178,-0.08251157313636844,-0.6605704220752561,-140.49881232352448,14.742890343713473,True,True,False,280,ID-F-coupled-pos-d14,14.0,98e2d347db00f25db75a250a43a41e02b48b645aa1386f2533196df299780aa4,validation
2,1.3961882941878914,1.8185554421326828,-0.6475565852292777,-0.6790064960402209,-0.06217771980343683,-0.7970378369857696,-139.82643483126375,15.445291275425276,True,True,False,281,ID-F-coupled-pos-d14,14.0,98e2d347db00f25db75a250a43a41e02b48b645aa1386f2533196df299780aa4,train
2,1.3765176409103121,1.797587013546577,-0.6493935253530184,-0.7035439055409999,-0.059004875757449934,-0.7684476447706479,-139.1620304522765,16.001625629348236,True,True,False,282,ID-F-coupled-pos-d14,14.0,98e2d347db00f25db75a250a43a41e02b48b645aa1386f2533196df299780aa4,train
2,1.3567931688218506,1.775937498517561,-0.6510903138242494,-0.7227981850223477,-0.05291172840253327,-0.6114319916245426,-138.57235897830242,16.432875245230473,True,True,False,283,ID-F-coupled-pos-d14,14.0,98e2d347db00f25db75a250a43a41e02b48b645aa1386f2533196df299780aa4,train
2,1.3370277774308243,1.7536831312423786,-0.6518335228861529,-0.7456531330951801,0.004207428670002312,-0.7810264054310029,-138.0192673551067,17.066953472463315,True,True,False,284,ID-F-coupled-pos-d14,14.0,98e2d347db00f25db75a250a43a41e02b48b645aa1386f2533196df299780aa4,train
2,1.3172301583941892,1.7307470392900162,-0.6544122322572091,-0.7650250587014289,-0.1754334563032499,-0.4474132537921652,-137.10578290507218,17.066022423835037,True,True,False,285,ID-F-coupled-pos-d14,14.0,98e2d347db00f25db75a250a43a41e02b48b645aa1386f2533196df299780aa4,validation
2,1.297334945739207,1.7074078586707149,-0.6561629342087781,-0.7722172571244514,0.0613419179762963,-0.18202673523258509,-137.13897919465714,17.615589452144434,True,True,False,286,ID-F-coupled-pos-d14,14.0,98e2d347db00f25db75a250a43a41e02b48b645aa1386f2533196df299780aa4,train
2,1.2775153864039623,1.683870930462531,-0.6487664240718549,-0.7803619237434668,0.42819953812524447,-0.30595735302163257,-137.41744827680802,18.55900170254549,True,True,False,287,ID-F-coupled-pos-d14,14.0,98e2d347db00f25db75a250a43a41e02b48b645aa1386f2533196df299780aa4,train
2,1.2579963752427288,1.6600622230866648,-0.6394238744048194,-0.7891255076715907,0.18639533297151448,-0.23569804345500547,-136.48381164507862,18.517864034036872,True,True,False,288,ID-F-coupled-pos-d14,14.0,98e2d347db00f25db75a250a43a41e02b48b645aa1386f2533196df299780aa4,train
2,1.2387129507906165,1.6360410307293856,-0.6311259768420959,-0.7940066050472268,0.3613864536718842,-0.10327699168704926,-136.49035729668054,18.9756659140908,True,True,False,289,ID-F-coupled-pos-d14,14.0,98e2d347db00f25db75a250a43a41e02b48b645aa1386f2533196df299780aa4,train
2,1.2197710094245946,1.6119151080227236,-0.6166017278222103,-0.797422167679371,0.5970551309464756,-0.25634569445743444,-136.63025671253553,19.637554558160502,True,True,False,290,ID-F-coupled-pos-d14,14.0,98e2d347db00f25db75a250a43a41e02b48b645aa1386f2533196df299780aa4,validation
2,1.201326147704553,1.5875428553706663,-0.6000736824663537,-0.8113408519464874,0.49209230400805043,-0.6102415172760669,-136.00373686895966,19.885005304780332,True,True,False,291,ID-F-coupled-pos-d14,14.0,98e2d347db00f25db75a250a43a41e02b48b645aa1386f2533196df299780aa4,train
2,1.1833296877810153,1.5626222059777632,-0.5871905398034254,-0.8318907614502503,0.35671627304475,-0.6323743735178718,-135.3724846509746,19.839077173901394,True,True,False,292,ID-F-coupled-pos-d14,14.0,98e2d347db00f25db75a250a43a41e02b48b645aa1386f2533196df299780aa4,train
2,1.1656747342751645,1.5371272640374736,-0.5771255844678367,-0.8482066268856494,0.30662544655706553,-0.4562365939850723,-135.00641974893693,19.709273066410148,True,True,False,293,ID-F-coupled-pos-d14,14.0,98e2d347db00f25db75a250a43a41e02b48b645aa1386f2533196df299780aa4,train
2,1.1483188908389539,1.5112005855863193,-0.5669110322355614,-0.8617808282865203,0.36689411188382215,-0.5531704332026531,-134.87425866520806,19.803432167982866,True,True,False,294,ID-F-coupled-pos-d14,14.0,98e2d347db00f25db75a250a43a41e02b48b645aa1386f2533196df299780aa4,train
2,1.1312818832927347,1.4847728919753158,-0.5567232354778605,-0.8806109883438773,0.30457340005084693,-0.5501909126582099,-134.5129381161962,19.614763527393556,True,True,False,295,ID-F-coupled-pos-d14,14.0,98e2d347db00f25db75a250a43a41e02b48b645aa1386f2533196df299780aa4,validation
2,1.1145179376824346,1.4578607932113723,-0.5491477651418327,-0.8909978049510898,0.19462177026606067,-0.010838995771778664,-134.2123165833059,18.979328097596426,True,True,False,296,ID-F-coupled-pos-d14,14.0,98e2d347db00f25db75a250a43a41e02b48b645aa1386f2533196df299780aa4,train
2,1.097967722247104,1.4309087045049678,-0.5414900746263963,-0.8859815751065923,0.31035970674838526,0.0524790608534379,-134.43060142939783,18.8416634620703,True,True,False,297,ID-F-coupled-pos-d14,14.0,98e2d347db00f25db75a250a43a41e02b48b645aa1386f2533196df299780aa4,train
2,1.0817217781387107,1.404016511227376,-0.5284677305032199,-0.8868018300420011,0.5483686192524273,0.08300235955038385,-134.94643740047115,18.908898082470976,True,True,False,298,ID-F-coupled-pos-d14,14.0,98e2d347db00f25db75a250a43a41e02b48b645aa1386f2533196df299780aa4,train
2,1.0659188702310434,1.377211545995785,-0.5143082434272734,-0.8785042995545446,0.3849949128161281,0.48500722366699694,-134.73998142273652,18.12787699946916,True,True,False,299,ID-F-coupled-pos-d14,14.0,98e2d347db00f25db75a250a43a41e02b48b645aa1386f2533196df299780aa4,train
2,1.0505123077311052,1.3508281646600706,-0.5009492492715831,-0.8613482909996448,0.49572057039774037,0.46441835039284096,-135.15508939434514,17.924786114784293,True,True,False,300,ID-F-coupled-pos-d14,14.0,98e2d347db00f25db75a250a43a41e02b48b645aa1386f2533196df299780aa4,validation
2,1.0355621472253533,1.324884116364049,-0.4842084510438984,-0.8489821856102955,0.6079005836111288,0.48895398515586946,-135.6136226241285,17.70921284778799,True,True,False,301,ID-F-coupled-pos-d14,14.0,98e2d347db00f25db75a250a43a41e02b48b645aa1386f2533196df299780aa4,train
2,1.0211250795143243,1.2993854329172705,-0.4686450185838895,-0.8319484642399682,0.4182419619979752,0.5627026652509027,-135.4665064980644,16.985048196076576,True,True,False,302,ID-F-coupled-pos-d14,14.0,98e2d347db00f25db75a250a43a41e02b48b645aa1386f2533196df299780aa4,train
2,1.0071425498643012,1.2744007897292773,-0.451943776529369,-0.815697749546342,0.6825352996068877,0.5030660686805668,-136.36509345321176,16.984915874750943,True,True,False,303,ID-F-coupled-pos-d14,14.0,98e2d347db00f25db75a250a43a41e02b48b645aa1386f2533196df299780aa4,train
2,0.9937479411265213,1.2498919734461706,-0.4312070917864747,-0.799268302426909,0.6845426030437892,0.682641182695044,-136.764131432326,16.44977645163224,True,True,False,304,ID-F-coupled-pos-d14,14.0,98e2d347db00f25db75a250a43a41e02b48b645aa1386f2533196df299780aa4,train
2,0.980960653611235,1.2260036708501723,-0.4126440815365585,-0.7752358757514282,0.539501021196629,0.8059780323335094,-136.89192147696372,15.673647247653426,True,True,False,305,ID-F-coupled-pos-d14,14.0,98e2d347db00f25db75a250a43a41e02b48b645aa1386f2533196df299780aa4,validation
2,0.9687243598040566,1.2028508438548056,-0.3930818129314884,-0.751710074131151,0.7496935232054315,0.7314532049379443,-137.85890083690006,15.51070479798545,True,True,False,306,ID-F-coupled-pos-d14,14.0,98e2d347db00f25db75a250a43a41e02b48b645aa1386f2533196df299780aa4,train
2,0.9571384332228736,1.1803736524960051,-0.37106807349375776,-0.730430174146378,0.7017021843364741,0.7030927324717752,-138.2701270137396,14.933240428648052,True,True,False,307,ID-F-coupled-pos-d14,14.0,98e2d347db00f25db75a250a43a41e02b48b645aa1386f2533196df299780aa4,train
2,0.9461887501955388,1.1585488825231345,-0.35144082153939876,-0.7079623950792263,0.5925675144068535,0.8197614219333362,-138.57822962639906,14.151089047087966,True,True,False,308,ID-F-coupled-pos-d14,14.0,98e2d347db00f25db75a250a43a41e02b48b645aa1386f2533196df299780aa4,train
2,0.9357917421643778,1.1374684386334406,-0.3343806868004774,-0.682546067350317,0.5323416021329387,0.7064232736466979,-139.0193406793086,13.5358957369867,True,True,False,309,ID-F-coupled-pos-d14,14.0,98e2d347db00f25db75a250a43a41e02b48b645aa1386f2533196df299780aa4,train
2,0.9259265514663434,1.1170275985796985,-0.3149980108400597,-0.6672769284291907,0.7446564859985381,0.2957557276518404,-140.0778798815141,13.491183944385831,True,True,False,310,ID-F-coupled-pos-d14,14.0,98e2d347db00f25db75a250a43a41e02b48b645aa1386f2533196df299780aa4,validation
2,0.9166487679466971,1.0968689906319804,-0.2988684944897759,-0.6625227305285946,0.32049281692853027,0.17721665661968983,-139.564668467099,12.362288370522041,True,True,False,311,ID-F-coupled-pos-d14,14.0,98e2d347db00f25db75a250a43a41e02b48b645aa1386f2533196df299780aa4,train
2,0.9076616029726132,1.0768855060688367,-0.29594874277889255,-0.6544047409249459,-0.1259016937126019,0.30136311244511715,-138.97302500446165,11.01593881925402,True,True,False,312,ID-F-coupled-pos-d14,14.0,98e2d347db00f25db75a250a43a41e02b48b645aa1386f2533196df299780aa4,train
2,0.8986697487448208,1.0571727154949642,-0.2955077017592526,-0.6453990703650865,0.1535893430349507,0.288941374961602,-140.17858063237986,10.774123083418075,True,True,False,313,ID-F-coupled-pos-d14,14.0,98e2d347db00f25db75a250a43a41e02b48b645aa1386f2533196df299780aa4,train
2,0.889762431883431,1.037725380527959,-0.29225366618590626,-0.6369410281646877,0.061468321370327705,0.2697425740163468,-140.49865781470993,10.028064192176355,True,True,False,314,ID-F-coupled-pos-d14,14.0,98e2d347db00f25db75a250a43a41e02b48b645aa1386f2533196df299780aa4,train
2,0.8809192668771224,1.0185270937253776,-0.2910216484485278,-0.6288103597625944,0.020033246072728248,0.2918897682403,-140.95576023257712,9.335809903686677,True,True,False,315,ID-F-coupled-pos-d14,14.0,98e2d347db00f25db75a250a43a41e02b48b645aa1386f2533196df299780aa4,validation
2,0.8721090485889402,0.9996015944847085,-0.28960316392034324,-0.6187176263067636,0.07318017461756143,0.3392054202971466,-141.69391749537098,8.764360987967793,True,True,False,316,ID-F-coupled-pos-d14,14.0,98e2d347db00f25db75a250a43a41e02b48b645aa1386f2533196df299780aa4,train
2,0.863352222524503,0.9809798843841866,-0.28796117718280034,-0.6093974359711732,0.03536375058279983,0.2797564680434636,-142.21645818202737,8.142378793547184,True,True,False,317,ID-F-coupled-pos-d14,14.0,98e2d347db00f25db75a250a43a41e02b48b645aa1386f2533196df299780aa4,train
2,0.854622116593852,0.9626175721910651,-0.2880266466392464,-0.601307775881897,-0.0390936658264985,0.31029445834345165,-142.64527011805848,7.437520433208237,True,True,False,318,ID-F-coupled-pos-d14,14.0,98e2d347db00f25db75a250a43a41e02b48b645aa1386f2533196df299780aa4,train
2,0.845871194388549,0.9445633012014458,-0.28883057965727477,-0.5877656143367779,-0.014042034706871693,0.555290773904364,-143.39092494731094,6.749071342199169,True,True,False,319,ID-F-coupled-pos-d14,14.0,98e2d347db00f25db75a250a43a41e02b48b645aa1386f2533196df299780aa4,train
2,0.8371300308368926,0.9270052289759505,-0.2866467913332425,-0.5694770841906769,0.15666970761438173,0.6187677845895362,-144.6021583391584,6.3716264819448085,True,True,False,320,ID-F-coupled-pos-d14,14.0,98e2d347db00f25db75a250a43a41e02b48b645aa1386f2533196df299780aa4,validation
2,0.8285167169509535,0.909992124759676,-0.28095292789784293,-0.5530174423534402,0.21820060159329174,0.4794785297323502,-145.552690284605,5.993743964221835,True,True,False,321,ID-F-coupled-pos-d14,14.0,98e2d347db00f25db75a250a43a41e02b48b645aa1386f2533196df299780aa4,train
2,0.820081940352235,0.8934350672546215,-0.27560666900007397,-0.5387471324217895,0.1350322807888316,0.4620468842960002,-146.10441598317246,5.377209960303481,True,True,False,322,ID-F-coupled-pos-d14,14.0,98e2d347db00f25db75a250a43a41e02b48b645aa1386f2533196df299780aa4,train
2,0.8117892963610395,0.8773044197919416,-0.2709887431537083,-0.5248520146293794,0.16911696171619559,0.4544748353630932,-146.98822826717023,4.9219139113615515,True,True,False,323,ID-F-coupled-pos-d14,14.0,98e2d347db00f25db75a250a43a41e02b48b645aa1386f2533196df299780aa4,train
2,0.8036480341482956,0.861595705319063,-0.26576779964909436,-0.5107997986082567,0.1750462723257156,0.4718030161805016,-147.81663071917643,4.426093827887992,True,True,False,324,ID-F-coupled-pos-d14,14.0,98e2d347db00f25db75a250a43a41e02b48b645aa1386f2533196df299780aa4,train
2,0.7956667611857199,0.8463015829323933,-0.26047597412286955,-0.4982128808887695,0.17386035387056573,0.35520861959417044,-148.6376510877976,4.009210012068949,True,True,False,325,ID-F-coupled-pos-d14,14.0,98e2d347db00f25db75a250a43a41e02b48b645aa1386f2533196df299780aa4,validation
2,0.7878404661063254,0.8313505968871209,-0.25571144030880394,-0.4875056378895658,0.1406388721091211,0.35957248858125956,-149.35955488001736,3.4960406728947855,True,True,False,326,ID-F-coupled-pos-d14,14.0,98e2d347db00f25db75a250a43a41e02b48b645aa1386f2533196df299780aa4,train
2,0.7801522857753375,0.8167386854593687,-0.25108171367349535,-0.4754730074183561,0.16434184958661138,0.4410498973495541,-150.26987487754903,3.0115952950305376,True,True,False,327,ID-F-coupled-pos-d14,14.0,98e2d347db00f25db75a250a43a41e02b48b645aa1386f2533196df299780aa4,train
2,0.7726180377859093,0.8025033729668372,-0.24547831216324958,-0.4641681705193976,0.20460905156527281,0.2632030635688058,-151.26586179427886,2.698693589500609,True,True,False,328,ID-F-coupled-pos-d14,14.0,98e2d347db00f25db75a250a43a41e02b48b645aa1386f2533196df299780aa4,train
2,0.765247488054926,0.7885140133294328,-0.24109096094071553,-0.4591298679387328,0.08613576254714993,0.07714695743644162,-151.75071363320953,2.2120614345239655,True,True,False,329,ID-F-coupled-pos-d14,14.0,98e2d347db00f25db75a250a43a41e02b48b645aa1386f2533196df299780aa4,train
2,0.7579600335416474,0.7746157288724252,-0.23985246733847684,-0.456844488590463,-0.003253895029426774,0.1273980698186396,-152.2785090749085,1.6335578245709679,True,True,False,330,ID-F-coupled-pos-d14,14.0,98e2d347db00f25db75a250a43a41e02b48b645aa1386f2533196df299780aa4,validation
2,0.750695459340608,0.7608282468520902,-0.23872763567877878,-0.45210606004301,0.07642192817630224,0.16047394040085117,-153.36731317415354,1.2586030823877872,True,True,False,331,ID-F-coupled-pos-d14,14.0,98e2d347db00f25db75a250a43a41e02b48b645aa1386f2533196df299780aa4,train
2,0.743486484287849,0.7471838260018546,-0.23667706943257752,-0.4478707692123211,0.05908093634159323,0.0994018548574716,-154.2013199560463,0.8142133310903736,True,True,False,332,ID-F-coupled-pos-d14,14.0,98e2d347db00f25db75a250a43a41e02b48b645aa1386f2533196df299780aa4,train
2,0.7363230223989127,0.7336355236713454,-0.23600741017272497,-0.44543559480894956,-0.013771695210167828,0.08949822483906093,-154.8592763351643,0.2763310626514023,True,True,False,333,ID-F-coupled-pos-d14,14.0,98e2d347db00f25db75a250a43a41e02b48b645aa1386f2533196df299780aa4,train
2,0.729161844836363,0.7201703674333795,-0.23602668805858174,-0.4422072710082038,0.012230211207116842,0.12304876695688258,-155.8537623591649,-0.17332304906396723,True,True,False,334,ID-F-coupled-pos-d14,14.0,98e2d347db00f25db75a250a43a41e02b48b645aa1386f2533196df299780aa4,train
2,0.7220126032509004,0.7068159566776638,-0.23520265644575714,-0.43840437901651474,0.04174647235394894,0.10566389568841768,-156.91060768842084,-0.5965543256936323,True,True,False,335,ID-F-coupled-pos-d14,14.0,98e2d347db00f25db75a250a43a41e02b48b645aa1386f2533196df299780aa4,validation
2,0.7148899227741896,0.6935587477847815,-0.23466204153147807,-0.4358659127382956,-0.005215401829284222,0.07190601093625781,-157.74262512356833,-1.100178525662249,True,True,False,336,ID-F-coupled-pos-d14,14.0,98e2d347db00f25db75a250a43a41e02b48b645aa1386f2533196df299780aa4,train
2,0.7077676598043182,0.680369629009067,-0.23499382422247428,-0.43365978639006664,-0.016314680819371825,0.08947206406319909,-158.70789494873776,-1.593116542511979,True,True,False,337,ID-F-coupled-pos-d14,14.0,98e2d347db00f25db75a250a43a41e02b48b645aa1386f2533196df299780aa4,train
2,0.7006385367612993,0.667263203284296,-0.23484736613497337,-0.43037418913169223,0.025397992362970613,0.11304667291184091,-159.89873658311487,-2.037965761414489,True,True,False,338,ID-F-coupled-pos-d14,14.0,98e2d347db00f25db75a250a43a41e02b48b645aa1386f2533196df299780aa4,train
2,0.6935244360274048,0.654258902907277,-0.23427991179370872,-0.4271792201722781,0.012403171187065206,0.08593203072472588,-160.9556675858571,-2.5225187849557313,True,True,False,339,ID-F-coupled-pos-d14,14.0,98e2d347db00f25db75a250a43a41e02b48b645aa1386f2533196df299780aa4,train
2,0.6864179821700547,0.64133305482007,-0.23445786899310278,-0.42524333169242184,-0.0232792339949882,0.05543848098003615,-161.95452880916025,-3.0301612797932114,True,True,False,340,ID-F-coupled-pos-d14,14.0,98e2d347db00f25db75a250a43a41e02b48b645aa1386f2533196df299780aa4,validation
2,0.6792925193499911,0.6284606300463259,-0.23544289215452907,-0.4233926241812241,-0.04108837273277693,0.0773935205571846,-163.03965208922568,-3.5509277821762657,True,True,False,341,ID-F-coupled-pos-d14,14.0,98e2d347db00f25db75a250a43a41e02b48b645aa1386f2533196df299780aa4,train
2,0.6721352377770371,0.6156607705674976,-0.23635548732189451,-0.420389036992138,-0.019271667768134892,0.10473697886134434,-164.3186177866117,-4.0399815768818925,True,True,False,342,ID-F-coupled-pos-d14,14.0,98e2d347db00f25db75a250a43a41e02b48b645aa1386f2533196df299780aa4,train
2,0.664959718006865,0.6029541372848124,-0.23666452989815545,-0.41750305665010096,-0.0012368992421133323,0.08675020679071842,-165.6406493663464,-4.511287356881094,True,True,False,343,ID-F-coupled-pos-d14,14.0,98e2d347db00f25db75a250a43a41e02b48b645aa1386f2533196df299780aa4,train
2,0.657785780513276,0.5903276475232638,-0.23616644927649577,-0.41510294527722036,0.033555468863803395,0.0662773738225688,-167.07419429533897,-4.969697417726276,True,True,False,344,ID-F-coupled-pos-d14,14.0,98e2d347db00f25db75a250a43a41e02b48b645aa1386f2533196df299780aa4,train
2,0.6506361424419522,0.5777608710738034,-0.23527998731201868,-0.41365249583304037,0.025299457469686957,0.03215240430809224,-168.4010722483852,-5.47616167699435,True,True,False,345,ID-F-coupled-pos-d14,14.0,98e2d347db00f25db75a250a43a41e02b48b645aa1386f2533196df299780aa4,validation
2,0.6435052608571707,0.5652248865045221,-0.23506746532875328,-0.4129397041386607,-0.010198362536445871,0.03293985288343148,-169.66343148104448,-6.042917531029708,True,True,False,346,ID-F-coupled-pos-d14,14.0,98e2d347db00f25db75a250a43a41e02b48b645aa1386f2533196df299780aa4,train
2,0.6363766843371312,0.5527260381823909,-0.23473970260690713,-0.4107682347218552,0.03111816633194628,0.11262985036178683,-171.28016702776935,-6.599446482715413,True,True,False,347,ID-F-coupled-pos-d14,14.0,98e2d347db00f25db75a250a43a41e02b48b645aa1386f2533196df299780aa4,train
2,0.6292831821850899,0.5403318954081325,-0.23256099538905128,-0.40595622117151126,0.11078873058524044,0.21114082942810763,-173.15799682643166,-7.161682470315961,True,True,False,348,ID-F-coupled-pos-d14,14.0,98e2d347db00f25db75a250a43a41e02b48b645aa1386f2533196df299780aa4,train
2,0.6222940658371515,0.5281352478284607,-0.22780634760893487,-0.39766763189638094,0.2005057350534936,0.2951899551643177,-175.21532023426388,-7.747992147698058,True,True,False,349,ID-F-coupled-pos-d14,14.0,98e2d347db00f25db75a250a43a41e02b48b645aa1386f2533196df299780aa4,train
2,0.6154630105105892,0.5161867674144199,-0.22301008354519905,-0.3908080133694216,0.11797444265157693,0.17144355710214038,-176.67385032198115,-8.398236765562375,True,True,False,350,ID-F-coupled-pos-d14,14.0,98e2d347db00f25db75a250a43a41e02b48b645aa1386f2533196df299780aa4,validation
2,0.6087473227634027,0.5044051634029983,-0.2199496654340595,-0.38615135287892904,0.08490486724493049,0.1549019617068723,-178.31083687666933,-9.063081303779521,True,True,False,351,ID-F-coupled-pos-d14,14.0,98e2d347db00f25db75a250a43a41e02b48b645aa1386f2533196df299780aa4,train
2,0.6021252910199771,0.49278120286082433,-0.21632767173570627,-0.3796720111885646,0.15219525694261063,0.2795108159665574,-180.42251582284246,-9.744210406995746,True,True,False,352,ID-F-coupled-pos-d14,14.0,98e2d347db00f25db75a250a43a41e02b48b645aa1386f2533196df299780aa4,train
2,0.5956516506200387,0.48142250365174516,-0.20992849084861698,-0.36832147813780963,0.2664019806190413,0.46410575081288086,-182.8831050078225,-10.469517102936482,True,True,False,353,ID-F-coupled-pos-d14,14.0,98e2d347db00f25db75a250a43a41e02b48b645aa1386f2533196df299780aa4,train
2,0.5894208001235467,0.47048888834534247,-0.2004439085797285,-0.3518062614703222,0.3560087672588917,0.6014256936843514,-185.41252431379544,-11.24282765268595,True,True,False,354,ID-F-coupled-pos-d14,14.0,98e2d347db00f25db75a250a43a41e02b48b645aa1386f2533196df299780aa4,train
2,0.5834994453234772,0.46008307578751306,-0.19013535794773176,-0.3346462881364648,0.3243032310376224,0.5293646875729897,-187.51278010392392,-12.019852024280723,True,True,False,355,ID-F-coupled-pos-d14,14.0,98e2d347db00f25db75a250a43a41e02b48b645aa1386f2533196df299780aa4,validation
2,0.5778730487865145,0.4501618061114488,-0.18109430554879538,-0.3199423894946297,0.27316854496129855,0.44293663461747185,-189.48547608747202,-12.790050984106742,True,True,False,356,ID-F-coupled-pos-d14,14.0,98e2d347db00f25db75a250a43a41e02b48b645aa1386f2533196df299780aa4,train
2,0.5724981889683133,0.44064998165288255,-0.17352370151237317,-0.3075385865019095,0.22733774502048,0.38691945317271237,-191.43038293403256,-13.558658649362219,True,True,False,357,ID-F-coupled-pos-d14,14.0,98e2d347db00f25db75a250a43a41e02b48b645aa1386f2533196df299780aa4,train
2,0.5673469674595526,0.4315152347645179,-0.16587611841280414,-0.2942558511436146,0.275055381265742,0.4843658301907696,-193.7899131873021,-14.346636306856421,True,True,False,358,ID-F-coupled-pos-d14,14.0,98e2d347db00f25db75a250a43a41e02b48b645aa1386f2533196df299780aa4,train
2,0.5624462827104888,0.42282245533056473,-0.15711238992044507,-0.2785808802370133,0.30148655254532647,0.5465700026915566,-196.124299978857,-15.151935290719248,True,True,False,359,ID-F-coupled-pos-d14,14.0,98e2d347db00f25db75a250a43a41e02b48b645aa1386f2533196df299780aa4,train
2,0.5578224472054439,0.41463184545288506,-0.1476591348339407,-0.2612109314828538,0.3206359088023643,0.5921229865217226,-198.45386028991294,-15.959022603795013,True,True,False,360,ID-F-coupled-pos-d14,14.0,98e2d347db00f25db75a250a43a41e02b48b645aa1386f2533196df299780aa4,validation
2,0.5534868918320957,0.40697223999490456,-0.13833220357170659,-0.24409382403816698,0.2948100674293039,0.5373471756699507,-200.55970868265226,-16.727974499314033,True,True,False,361,ID-F-coupled-pos-d14,14.0,98e2d347db00f25db75a250a43a41e02b48b645aa1386f2533196df299780aa4,train
2,0.5494223273268158,0.39980668513851697,-0.1297924288183227,-0.2286340637783665,0.2688200513195363,0.482619213684888,-202.58317694904687,-17.46509445473186,True,True,False,362,ID-F-coupled-pos-d14,14.0,98e2d347db00f25db75a250a43a41e02b48b645aa1386f2533196df299780aa4,train
2,0.5456038291534253,0.39308300331248036,-0.12213885024163046,-0.21501599099088742,0.23673326038995765,0.41799255879642055,-204.4943276631796,-18.16895556661144,True,True,False,363,ID-F-coupled-pos-d14,14.0,98e2d347db00f25db75a250a43a41e02b48b645aa1386f2533196df299780aa4,train
2,0.5420055483077253,0.3867489234721842,-0.11518452296997089,-0.20275060932814143,0.22207600946862535,0.39241782720766816,-206.40904190735048,-18.855602821586096,True,True,False,364,ID-F-coupled-pos-d14,14.0,98e2d347db00f25db75a250a43a41e02b48b645aa1386f2533196df299780aa4,train
2,0.5386151874291555,0.38078360411161244,-0.10831512230848155,-0.19044076934632398,0.23012266781166246,0.41719761899045005,-208.3861564003963,-19.540114528425203,True,True,False,365,ID-F-coupled-pos-d14,14.0,98e2d347db00f25db75a250a43a41e02b48b645aa1386f2533196df299780aa4,validation
2,0.5354354269109366,0.37519949373057127,-0.10134478459073212,-0.17772811513800593,0.22906689404565822,0.4199062273344612,-210.28882134456046,-20.20447421238756,True,True,False,366,ID-F-coupled-pos-d14,14.0,98e2d347db00f25db75a250a43a41e02b48b645aa1386f2533196df299780aa4,train
2,0.532465876284837,0.3700002233555296,-0.09447810484970495,-0.16512964435715868,0.22346458314378675,0.4102971596999111,-212.11330545926313,-20.842178144256042,True,True,False,367,ID-F-coupled-pos-d14,14.0,98e2d347db00f25db75a250a43a41e02b48b645aa1386f2533196df299780aa4,train
2,0.5297018801902481,0.36517849589362794,-0.08779671736515589,-0.15284140363602675,0.21687735148171272,0.3993821406362196,-213.86222152032593,-21.452471867806437,True,True,False,368,ID-F-coupled-pos-d14,14.0,98e2d347db00f25db75a250a43a41e02b48b645aa1386f2533196df299780aa4,train
2,0.5271367318464585,0.3607232974792677,-0.08139144998283653,-0.14099956984477297,0.20550272591450128,0.38135014166245623,-215.50796554073122,-22.031216033020346,True,True,False,369,ID-F-coupled-pos-d14,14.0,98e2d347db00f25db75a250a43a41e02b48b645aa1386f2533196df299780aa4,train
2,0.5247611808038799,0.3566203919333396,-0.07527934536933246,-0.12957126360705837,0.1973847214714784,0.371216693267098,-217.08425891008844,-22.58033252358142,True,True,False,370,ID-F-coupled-pos-d14,14.0,98e2d347db00f25db75a250a43a41e02b48b645aa1386f2533196df299780aa4,validation
2,0.5225650321434429,0.3528518742697338,-0.0696311149211651,-0.11918242569356778,0.17572514046832433,0.315679620534965,-218.5013913236303,-23.075349842875383,True,True,False,371,ID-F-coupled-pos-d14,14.0,98e2d347db00f25db75a250a43a41e02b48b645aa1386f2533196df299780aa4,train
2,0.5205298964570738,0.3493715588612104,-0.06467265605734414,-0.11060730522984326,0.15217078755483696,0.25258657132554524,-219.79536717542447,-23.525996359678107,True,True,False,372,ID-F-coupled-pos-d14,14.0,98e2d347db00f25db75a250a43a41e02b48b645aa1386f2533196df299780aa4,train
2,0.5186345221085605,0.34612275642458873,-0.060408949899420084,-0.10390075393114234,0.1300236509381006,0.19333095721057406,-220.99197490833066,-23.942808707157305,True,True,False,373,ID-F-coupled-pos-d14,14.0,98e2d347db00f25db75a250a43a41e02b48b645aa1386f2533196df299780aa4,train
2,0.5168642014337959,0.3430693699107356,-0.056249586176554955,-0.09714404058547293,0.14308143479600374,0.2484021901150335,-222.2980590779996,-24.38768401153445,True,True,False,374,ID-F-coupled-pos-d14,14.0,98e2d347db00f25db75a250a43a41e02b48b645aa1386f2533196df299780aa4,train
2,0.5152270776098821,0.3402494925202691,-0.051598122169284256,-0.08841495065826799,0.16181539958708405,0.3211052769401543,-223.62381426540117,-24.837547807402892,True,True,False,375,ID-F-coupled-pos-d14,14.0,98e2d347db00f25db75a250a43a41e02b48b645aa1386f2533196df299780aa4,validation
2,0.5137378519665805,0.33772177819589516,-0.0465543189514753,-0.07806879043234484,0.16941439430790817,0.3565408216086229,-224.8605818934857,-25.256544582873257,True,True,False,376,ID-F-coupled-pos-d14,14.0,98e2d347db00f25db75a250a43a41e02b48b645aa1386f2533196df299780aa4,train
2,0.5124033782744642,0.3355183075261576,-0.04144767277136347,-0.06721582052962578,0.1665247307192979,0.356169446708542,-225.96247898067207,-25.625293736643574,True,True,False,377,ID-F-coupled-pos-d14,14.0,98e2d347db00f25db75a250a43a41e02b48b645aa1386f2533196df299780aa4,train
2,0.5112126170365803,0.3336104499227097,-0.037367131588809034,-0.0595555156713899,0.10648427847192056,0.16231416151076286,-226.62590460216478,-25.851634196957807,True,True,False,378,ID-F-coupled-pos-d14,14.0,98e2d347db00f25db75a250a43a41e02b48b645aa1386f2533196df299780aa4,train
2,0.5101218396425943,0.3318587999723118,-0.03473723965492798,-0.05651475340449478,0.06981954205513312,0.04795633834303721,-227.21087430909594,-26.04533601692688,True,True,False,379,ID-F-coupled-pos-d14,14.0,98e2d347db00f25db75a250a43a41e02b48b645aa1386f2533196df299780aa4,train
2,0.5090965207107486,0.3301551184835873,-0.03297257400638209,-0.056135340672682416,0.048716132903714904,-0.015452082366181565,-227.78047012637944,-26.235763402947658,True,True,False,380,ID-F-coupled-pos-d14,14.0,98e2d347db00f25db75a250a43a41e02b48b645aa1386f2533196df299780aa4,validation
2,0.5081164326254574,0.32843946491899045,-0.03171092762775588,-0.05712884934210308,0.03632954309151647,-0.04416108997470322,-228.36180393007214,-26.442050201316135,True,True,False,381,ID-F-coupled-pos-d14,14.0,98e2d347db00f25db75a250a43a41e02b48b645aa1386f2533196df299780aa4,train
2,0.5071720532725257,0.3266880333363313,-0.030526535909056792,-0.05827119498391823,0.04210481810768542,-0.028592388900791174,-229.05146293969034,-26.682511294337587,True,True,False,382,ID-F-coupled-pos-d14,14.0,98e2d347db00f25db75a250a43a41e02b48b645aa1386f2533196df299780aa4,train
2,0.5062883265976708,0.32494738538513296,-0.02709644225122482,-0.055347992027070705,0.17008558373734728,0.1993328373555784,-230.50746392987895,-27.04175090724192,True,True,False,383,ID-F-coupled-pos-d14,14.0,98e2d347db00f25db75a250a43a41e02b48b645aa1386f2533196df299780aa4,train
2,0.5055547574596804,0.323380028438604,-0.02101013145703216,-0.04745600279114907,0.221985440433192,0.3063213292322082,-231.68225838660635,-27.419429522709155,True,True,False,384,ID-F-coupled-pos-d14,14.0,98e2d347db00f25db75a250a43a41e02b48b645aa1386f2533196df299780aa4,train
2,0.5050221547432107,0.32208924155276614,-0.014071071333114473,-0.037474836390918205,0.2292824685399722,0.3415629032407561,-232.59464977610833,-27.777829093640722,True,True,False,385,ID-F-coupled-pos-d14,14.0,98e2d347db00f25db75a250a43a41e02b48b645aa1386f2533196df299780aa4,validation
2,0.5046982063026872,0.3211088866707384,-0.007403978628665141,-0.02723945049158298,0.20659201122282744,0.32696064546545334,-233.23904367566985,-28.09222758455245,True,True,False,386,ID-F-coupled-pos-d14,14.0,98e2d347db00f25db75a250a43a41e02b48b645aa1386f2533196df299780aa4,train
2,0.5045631112514893,0.32042718451618,-0.0017015224756592754,-0.017929150687513603,0.167562857192871,0.28345579551047545,-233.64651823570884,-28.35145364622913,True,True,False,387,ID-F-coupled-pos-d14,14.0,98e2d347db00f25db75a250a43a41e02b48b645aa1386f2533196df299780aa4,train
2,0.5045816911897191,0.3200052328295821,0.0026949795110750557,-0.01018353846268733,0.1218680026467669,0.22593625985782728,-233.85855199507122,-28.55325437969285,True,True,False,388,ID-F-coupled-pos-d14,14.0,98e2d347db00f25db75a250a43a41e02b48b645aa1386f2533196df299780aa4,train
2,0.5047124361329658,0.31979094044530326,0.005695724609482147,-0.004252934474690184,0.07648026270130465,0.16527064025685356,-233.92271740468738,-28.701448358419395,True,True,False,389,ID-F-coupled-pos-d14,14.0,98e2d347db00f25db75a250a43a41e02b48b645aa1386f2533196df299780aa4,train
2,0.5049139325288653,0.3197290416428389,0.00738471853290431,-0.00011458088786486014,0.03596755964644823,0.10871646746668676,-233.88572545378295,-28.803343355686472,True,True,False,390,ID-F-coupled-pos-d14,14.0,98e2d347db00f25db75a250a43a41e02b48b645aa1386f2533196df299780aa4,validation
2,0.5051491057422082,0.3197678335202068,0.007954337559044017,0.0024291087608163606,0.0029786002679627437,0.0606492702655897,-233.78939683517206,-28.867806681292652,True,True,False,391,ID-F-coupled-pos-d14,14.0,98e2d347db00f25db75a250a43a41e02b48b645aa1386f2533196df299780aa4,train
2,0.5053876881293854,0.31986324782389564,0.007653389599416372,0.0036724382314742084,-0.021347426619906153,0.023170303426907724,-233.66814323514797,-28.903873160294893,True,True,False,392,ID-F-coupled-pos-d14,14.0,98e2d347db00f25db75a250a43a41e02b48b645aa1386f2533196df299780aa4,train
2,0.5056072968359819,0.31998082837812564,0.006747260208350124,0.0039462660807902785,-0.03699604779596294,-0.003321471165617836,-233.54793516262185,-28.919838748851756,True,True,False,393,ID-F-coupled-pos-d14,14.0,98e2d347db00f25db75a250a43a41e02b48b645aa1386f2533196df299780aa4,train
2,0.5057934734296862,0.3200961372071156,0.005489106246783264,0.0035742481730140097,-0.04473422288597117,-0.019620173453595065,-233.44636368268638,-28.92274796465041,True,True,False,394,ID-F-coupled-pos-d14,14.0,98e2d347db00f25db75a250a43a41e02b48b645aa1386f2533196df299780aa4,train
2,0.505939001295655,0.3201940580337367,0.0041008277760058625,0.0028435724319031924,-0.045809439766157124,-0.027267498646005486,-233.37348313100046,-28.91818600707747,True,True,False,395,ID-F-coupled-pos-d14,14.0,98e2d347db00f25db75a250a43a41e02b48b645aa1386f2533196df299780aa4,validation
2,0.5060427774401238,0.3202674067279615,0.0027624894127873828,0.001988186634043294,-0.041693699744908844,-0.028174787554058268,-233.33314687875804,-28.910292817816774,True,True,False,396,ID-F-coupled-pos-d14,14.0,98e2d347db00f25db75a250a43a41e02b48b645aa1386f2533196df299780aa4,train
2,0.5061084742481893,0.3203151964200019,0.0016088213781780948,0.0011824574581327865,-0.033872653044146515,-0.02431305261874008,-233.3246023741686,-28.901928171074093,True,True,False,397,ID-F-coupled-pos-d14,14.0,98e2d347db00f25db75a250a43a41e02b48b645aa1386f2533196df299780aa4,train
2,0.5061431853293766,0.3203408426601752,0.0007314485394603012,0.0005432261513250207,-0.023678362830931447,-0.017468683216700018,-233.34416340977037,-28.89492944203004,True,True,False,398,ID-F-coupled-pos-d14,14.0,98e2d347db00f25db75a250a43a41e02b48b645aa1386f2533196df299780aa4,train
2,0.5061562096116462,0.32035053383095147,0.00018557474507919169,0.00013834452540333134,-0.012161965453949137,-0.00905923788262353,-233.38682680995856,-28.89041578016799,True,True,False,399,ID-F-coupled-pos-d14,14.0,98e2d347db00f25db75a250a43a41e02b48b645aa1386f2533196df299780aa4,train
2,0.5061580913269217,0.3203519370158654,0.0,0.0,0.0,0.0,-233.44774655048693,-28.88910365822743,True,True,False,400,ID-F-coupled-pos-d14,14.0,98e2d347db00f25db75a250a43a41e02b48b645aa1386f2533196df299780aa4,validation
