reference_version,trajectory_id,profile,time_s,cycle_phase,segment_phase,global_phase,q_hip_rad,q_knee_rad,dq_hip_rad_s,dq_knee_rad_s,ddq_hip_rad_s2,ddq_knee_rad_s2,minimum_jerk_phase_rate_s_inv,minimum_jerk_phase_acceleration_s_inv2,theta_shank_rad,x_knee_m,z_knee_m,x_pull_m,z_pull_m,extension_source_is_measured,measured_extension_is_reversed_flexion,reference_provenance,spline_family,spline_degree,continuity_order,minimum_jerk_controls,retimed_trajectory,retimed_timing_is_original,repeatable_loop,active_reference,allowed_for_first_robot_trial,model_angle_definition,L1_m,L2_m,L2_definition,source_approved_hip_min_deg,source_approved_hip_max_deg,source_approved_knee_min_deg,source_approved_knee_max_deg,approved_hip_min_deg,approved_hip_max_deg,approved_knee_min_deg,approved_knee_max_deg,joint_limit_valid,trajectory_sample_valid,formal_execution_allowed,invalid_reason,frozen_local_domain_in_domain_percent,frozen_local_domain_minimum_required_percent,frozen_local_domain_coverage_valid
reference_measured_asymmetric_closed,reference_measured_asymmetric_closed_nominal,nominal,0.0,flexion,0.0,0.0,0.5061580913269217,0.3203519370158654,0.0,0.0,0.0,0.0,0.0,0.0,0.1858061543110563,0.3673377096772649,0.2036246720047976,0.6621740022645605,0.2590463335946366,True,False,periodic_cubic_fit_of_measured_flexion_and_measured_extension,periodic_cubic_B_spline,3,2,each_measured_branch_phase_progress,True,False,True,False,False,theta_shank = q_hip - q_knee,0.42,0.3,knee_to_strap_equivalent_pull_point,0.0,120.0,5.0,145.0,0.0,120.0,5.0,145.0,True,True,False,outside_frozen_local_identification_domain,66.33416458852868,90.0,False
reference_measured_asymmetric_closed,reference_measured_asymmetric_closed_nominal,nominal,0.034,flexion,1.2406437500000003e-06,7.030314583333335e-07,0.5061605539303131,0.3203537745149243,0.0002168380935750731,0.0001618534249335242,0.012707751227822741,0.009495459566927947,0.00010919393382352942,0.006390895328719723,0.1858067794153888,0.3673372082293432,0.20362557661126984,0.6621734661722604,0.2590474225045419,True,False,periodic_cubic_fit_of_measured_flexion_and_measured_extension,periodic_cubic_B_spline,3,2,each_measured_branch_phase_progress,True,False,True,False,False,theta_shank = q_hip - q_knee,0.42,0.3,knee_to_strap_equivalent_pull_point,0.0,120.0,5.0,145.0,0.0,120.0,5.0,145.0,True,True,False,outside_frozen_local_identification_domain,66.33416458852868,90.0,False
reference_measured_asymmetric_closed,reference_measured_asymmetric_closed_nominal,nominal,0.068,flexion,9.850600000000002e-06,5.582006666666668e-06,0.5061777034068778,0.3203666066106219,0.000863854187142009,0.0006479446691724431,0.025411498922251984,0.019216903482122287,0.0004323970588235294,0.012589100346020761,0.18581109679625596,0.36733371610327153,0.20363187622216983,0.6621697347662239,0.25905499503534435,True,False,periodic_cubic_fit_of_measured_flexion_and_measured_extension,periodic_cubic_B_spline,3,2,each_measured_branch_phase_progress,True,False,True,False,False,theta_shank = q_hip - q_knee,0.42,0.3,knee_to_strap_equivalent_pull_point,0.0,120.0,5.0,145.0,0.0,120.0,5.0,145.0,True,True,False,outside_frozen_local_identification_domain,66.33416458852868,90.0,False
reference_measured_asymmetric_closed,reference_measured_asymmetric_closed_nominal,nominal,0.102,flexion,3.299518124999999e-05,1.8697269374999995e-05,0.5062243148111278,0.3204017921335329,0.0019550581169718714,0.0014850455566332672,0.039034961251717126,0.030411484217552257,0.000963090992647059,0.018596561418685122,0.18582252267759491,0.36732422413653537,0.20364899794129193,0.662159609522263,0.25907548551221227,True,False,periodic_cubic_fit_of_measured_flexion_and_measured_extension,periodic_cubic_B_spline,3,2,each_measured_branch_phase_progress,True,False,True,False,False,theta_shank = q_hip - q_knee,0.42,0.3,knee_to_strap_equivalent_pull_point,0.0,120.0,5.0,145.0,0.0,120.0,5.0,145.0,True,True,False,outside_frozen_local_identification_domain,66.33416458852868,90.0,False
reference_measured_asymmetric_closed,reference_measured_asymmetric_closed_nominal,nominal,0.136,flexion,7.761920000000002e-05,4.3984213333333344e-05,0.5063162732280541,0.3204724568254354,0.003544479402079249,0.0027540683719376306,0.05498494929913277,0.044986518275771104,0.0016948235294117647,0.02441522491349481,0.18584381640261866,0.36730549534399126,0.2036827756343309,0.6621397004264912,0.25911554133630865,True,False,periodic_cubic_fit_of_measured_flexion_and_measured_extension,periodic_cubic_B_spline,3,2,each_measured_branch_phase_progress,True,False,True,False,False,theta_shank = q_hip - q_knee,0.42,0.3,knee_to_strap_equivalent_pull_point,0.0,120.0,5.0,145.0,0.0,120.0,5.0,145.0,True,True,False,outside_frozen_local_identification_domain,66.33416458852868,90.0,False
reference_measured_asymmetric_closed,reference_measured_asymmetric_closed_nominal,nominal,0.17,flexion,0.00015044921875000003,8.525455729166668e-05,0.506472183099746,0.320595676644471,0.005739793172578959,0.004608941819582541,0.07497436221626755,0.06528442427021085,0.0026212086397058828,0.030047037197231837,0.18587650645527498,0.3672737347244945,0.20374003971120067,0.6621061275494293,0.2591824435292469,True,False,periodic_cubic_fit_of_measured_flexion_and_measured_extension,periodic_cubic_B_spline,3,2,each_measured_branch_phase_progress,True,False,True,False,False,theta_shank = q_hip - q_knee,0.42,0.3,knee_to_strap_equivalent_pull_point,0.0,120.0,5.0,145.0,0.0,120.0,5.0,145.0,True,True,False,outside_frozen_local_identification_domain,66.33416458852868,90.0,False
reference_measured_asymmetric_closed,reference_measured_asymmetric_closed_nominal,nominal,0.204,flexion,0.00025799579999999996,0.00014619761999999997,0.5067153233000674,0.3207951541574426,0.008708557782417125,0.007286159952630074,0.10076154653874049,0.09375540547249683,0.0037359264705882356,0.0354939446366782,0.18592016914262482,0.36722418647482424,0.20382933269748862,0.6620541582543773,0.25928460963727074,True,False,periodic_cubic_fit_of_measured_flexion_and_measured_extension,periodic_cubic_B_spline,3,2,each_measured_branch_phase_progress,True,False,True,False,False,theta_shank = q_hip - q_knee,0.42,0.3,knee_to_strap_equivalent_pull_point,0.0,120.0,5.0,145.0,0.0,120.0,5.0,145.0,True,True,False,outside_frozen_local_identification_domain,66.33416458852868,90.0,False
reference_measured_asymmetric_closed,reference_measured_asymmetric_closed_nominal,nominal,0.23800000000000002,flexion,0.0004065557562500001,0.00023038159520833337,0.5070756452182814,0.3211040078741557,0.012673947787596965,0.011101192581629405,0.13379104754996582,0.1325094945845231,0.005032723345588236,0.040757893598615924,0.1859716373441257,0.3671507184615638,0.2039616383861375,0.6619778356672515,0.2594320896208591,True,False,periodic_cubic_fit_of_measured_flexion_and_measured_extension,periodic_cubic_B_spline,3,2,each_measured_branch_phase_progress,True,False,True,False,False,theta_shank = q_hip - q_knee,0.42,0.3,knee_to_strap_equivalent_pull_point,0.0,120.0,5.0,145.0,0.0,120.0,5.0,145.0,True,True,False,outside_frozen_local_identification_domain,66.33416458852868,90.0,False
reference_measured_asymmetric_closed,reference_measured_asymmetric_closed_nominal,nominal,0.272,flexion,0.0006022144000000002,0.0003412548266666668,0.5075913977020252,0.32156715563357263,0.01789646154998891,0.016427449077570086,0.17472680720051947,0.18273697415604742,0.006505411764705883,0.045840830449827,0.18602424206845258,0.3670454759134822,0.20415097014573647,0.6618696747034447,0.25963693060292514,True,False,periodic_cubic_fit_of_measured_flexion_and_measured_extension,periodic_cubic_B_spline,3,2,each_measured_branch_phase_progress,True,False,True,False,False,theta_shank = q_hip - q_knee,0.42,0.3,knee_to_strap_equivalent_pull_point,0.0,120.0,5.0,145.0,0.0,120.0,5.0,145.0,True,True,False,outside_frozen_local_identification_domain,66.33416458852868,90.0,False
reference_measured_asymmetric_closed,reference_measured_asymmetric_closed_nominal,nominal,0.306,flexion,0.0008508477937499999,0.00048214708312499993,0.508309838887006,0.32224262161811956,0.02463787043452021,0.02365322665987118,0.2228741467170185,0.2439926699703271,0.008147870404411764,0.05074470155709342,0.18606721726888642,0.3668987107345163,0.20441461802265937,0.6617205247319569,0.25991324855764225,True,False,periodic_cubic_fit_of_measured_flexion_and_measured_extension,periodic_cubic_B_spline,3,2,each_measured_branch_phase_progress,True,False,True,False,False,theta_shank = q_hip - q_knee,0.42,0.3,knee_to_strap_equivalent_pull_point,0.0,120.0,5.0,145.0,0.0,120.0,5.0,145.0,True,True,False,outside_frozen_local_identification_domain,66.33416458852868,90.0,False
reference_measured_asymmetric_closed,reference_measured_asymmetric_closed_nominal,nominal,0.34,flexion,0.001158125,0.0006562708333333334,0.5092863668179174,0.3232009397520767,0.033103632003130906,0.033112019268223714,0.27549146296238014,0.3133452485751322,0.00995404411764706,0.055471453287197235,0.1860854270658407,0.3666989192437177,0.20477280733898573,0.6615197225734841,0.26027680651013735,True,False,periodic_cubic_fit_of_measured_flexion_and_measured_extension,periodic_cubic_B_spline,3,2,each_measured_branch_phase_progress,True,False,True,False,False,theta_shank = q_hip - q_knee,0.42,0.3,knee_to_strap_equivalent_pull_point,0.0,120.0,5.0,145.0,0.0,120.0,5.0,145.0,True,True,False,outside_frozen_local_identification_domain,66.33416458852868,90.0,False
reference_measured_asymmetric_closed,reference_measured_asymmetric_closed_nominal,nominal,0.374,flexion,0.0015295103312499999,0.0008667225210416665,0.5105812736541232,0.3245216706510463,0.04336009004634273,0.04498168606728106,0.3269965140744021,0.3843974931385593,0.011917943933823527,0.06002303200692041,0.1860596030030769,0.36643345017238355,0.20524747646381256,0.6612556867426027,0.2607438621455284,True,False,periodic_cubic_fit_of_measured_flexion_and_measured_extension,periodic_cubic_B_spline,3,2,each_measured_branch_phase_progress,True,False,True,False,False,theta_shank = q_hip - q_knee,0.42,0.3,knee_to_strap_equivalent_pull_point,0.0,120.0,5.0,145.0,0.0,120.0,5.0,145.0,True,True,False,outside_frozen_local_identification_domain,66.33416458852868,90.0,False
reference_measured_asymmetric_closed,reference_measured_asymmetric_closed_nominal,nominal,0.408,flexion,0.0019702655999999995,0.0011164838399999996,0.5122532067211975,0.3262859005359933,0.05522300861245355,0.05914825360810723,0.3680755181440057,0.4461876406920394,0.01403364705882353,0.06440138408304498,0.18596730618520413,0.3660897781328077,0.20585984151036268,0.66091713558707,0.261329015801465,True,False,periodic_cubic_fit_of_measured_flexion_and_measured_extension,periodic_cubic_B_spline,3,2,each_measured_branch_phase_progress,True,False,True,False,False,theta_shank = q_hip - q_knee,0.42,0.3,knee_to_strap_equivalent_pull_point,0.0,120.0,5.0,145.0,0.0,120.0,5.0,145.0,True,True,False,outside_frozen_local_identification_domain,66.33416458852868,90.0,False
reference_measured_asymmetric_closed,reference_measured_asymmetric_closed_nominal,nominal,0.442,flexion,0.0024854523687500006,0.0014084230089583337,0.514348307590261,0.32856345336240794,0.06811431581352657,0.07503052864024655,0.38470608297271425,0.48198529291834724,0.016295296875,0.06860845588235295,0.185784854227853,0.36565767784981545,0.20662638415623635,0.6604951508562313,0.2620417656959401,True,False,periodic_cubic_fit_of_measured_flexion_and_measured_extension,periodic_cubic_B_spline,3,2,each_measured_branch_phase_progress,True,False,True,False,False,theta_shank = q_hip - q_knee,0.42,0.3,knee_to_strap_equivalent_pull_point,0.0,120.0,5.0,145.0,0.0,120.0,5.0,145.0,True,True,False,outside_frozen_local_identification_domain,66.33416458852868,90.0,False
reference_measured_asymmetric_closed,reference_measured_asymmetric_closed_nominal,nominal,0.47600000000000003,flexion,0.003079934200000001,0.0017452960466666672,0.5168839009754819,0.3313934258117717,0.08088434799754403,0.09136220731085577,0.35710726763582196,0.4679982139382019,0.018697102941176474,0.0726461937716263,0.18549047516371014,0.365132582469614,0.20755287812764853,0.659986355828786,0.26288146328810635,True,False,periodic_cubic_fit_of_measured_flexion_and_measured_extension,periodic_cubic_B_spline,3,2,each_measured_branch_phase_progress,True,False,True,False,False,theta_shank = q_hip - q_knee,0.42,0.3,knee_to_strap_equivalent_pull_point,0.0,120.0,5.0,145.0,0.0,120.0,5.0,145.0,True,True,False,outside_frozen_local_identification_domain,66.33416458852868,90.0,False
reference_measured_asymmetric_closed,reference_measured_asymmetric_closed_nominal,nominal,0.51,flexion,0.0037583789062499997,0.002129748046875,0.5198255211788149,0.33475655199182175,0.09159736917696513,0.10592876050867019,0.2586318881746369,0.37200855174660197,0.02123334099264706,0.07651654411764706,0.18506896918699312,0.3645204618419628,0.20862605996979894,0.6593975303368378,0.2638303575911687,True,False,periodic_cubic_fit_of_measured_flexion_and_measured_extension,periodic_cubic_B_spline,3,2,each_measured_branch_phase_progress,True,False,True,False,False,theta_shank = q_hip - q_knee,0.42,0.3,knee_to_strap_equivalent_pull_point,0.0,120.0,5.0,145.0,0.0,120.0,5.0,145.0,True,True,False,outside_frozen_local_identification_domain,66.33416458852868,90.0,False
reference_measured_asymmetric_closed,reference_measured_asymmetric_closed_nominal,nominal,0.544,flexion,0.004525260800000001,0.002564314453333334,0.5230559971779404,0.3385378232686766,0.09727867904112263,0.1152570355685793,0.05461755893305853,0.15195871252143187,0.02389835294117647,0.08022145328719724,0.18451817390926378,0.3638445994730863,0.20980254391753547,0.6587520295036353,0.264844416276466,True,False,periodic_cubic_fit_of_measured_flexion_and_measured_extension,periodic_cubic_B_spline,3,2,each_measured_branch_phase_progress,True,False,True,False,False,theta_shank = q_hip - q_knee,0.42,0.3,knee_to_strap_equivalent_pull_point,0.0,120.0,5.0,145.0,0.0,120.0,5.0,145.0,True,True,False,outside_frozen_local_identification_domain,66.33416458852868,90.0,False
reference_measured_asymmetric_closed,reference_measured_asymmetric_closed_nominal,nominal,0.5780000000000001,flexion,0.005384862943750001,0.003051422334791667,0.5263461373352241,0.34249030570613825,0.09542390641878051,0.11634103777083152,-0.09399623212819214,-0.008522472749335375,0.02668654687500001,0.08376286764705883,0.1838558316290858,0.36315235163245785,0.21099850592792288,0.6580961735320411,0.26584503656812747,True,False,periodic_cubic_fit_of_measured_flexion_and_measured_extension,periodic_cubic_B_spline,3,2,each_measured_branch_phase_progress,True,False,True,False,False,theta_shank = q_hip - q_knee,0.42,0.3,knee_to_strap_equivalent_pull_point,0.0,120.0,5.0,145.0,0.0,120.0,5.0,145.0,True,True,False,outside_frozen_local_identification_domain,66.33416458852868,90.0,False
reference_measured_asymmetric_closed,reference_measured_asymmetric_closed_nominal,nominal,0.612,flexion,0.0063412794,0.00359339166,0.52953734216195,0.3464434339220917,0.09240677083127233,0.11634723157776322,-0.07370228432138548,0.018571102438739884,0.02959239705882353,0.08714273356401384,0.18309390823985833,0.36247716419301,0.212156323117162,0.6574626893316038,0.26677811326274425,True,False,periodic_cubic_fit_of_measured_flexion_and_measured_extension,periodic_cubic_B_spline,3,2,each_measured_branch_phase_progress,True,False,True,False,False,theta_shank = q_hip - q_knee,0.42,0.3,knee_to_strap_equivalent_pull_point,0.0,120.0,5.0,145.0,0.0,120.0,5.0,145.0,True,True,False,outside_frozen_local_identification_domain,66.33416458852868,90.0,False
reference_measured_asymmetric_closed,reference_measured_asymmetric_closed_nominal,nominal,0.646,flexion,0.007398417481250002,0.004192436572708334,0.532650213188249,0.35042482042271317,0.09122089042944789,0.11840365820283398,0.018122168562187457,0.11640185520059315,0.03261044393382353,0.0903629974048443,0.18222539276553584,0.36181499379401383,0.21328363806405243,0.656847847540015,0.2676492081474307,True,False,periodic_cubic_fit_of_measured_flexion_and_measured_extension,periodic_cubic_B_spline,3,2,each_measured_branch_phase_progress,True,False,True,False,False,theta_shank = q_hip - q_knee,0.42,0.3,knee_to_strap_equivalent_pull_point,0.0,120.0,5.0,145.0,0.0,120.0,5.0,145.0,True,True,False,outside_frozen_local_identification_domain,66.33416458852868,90.0,False
reference_measured_asymmetric_closed,reference_measured_asymmetric_closed_nominal,nominal,0.68,flexion,0.008560000000000002,0.004850666666666667,0.5357936943756195,0.3545503041865989,0.094776713204703,0.1253855588189963,0.2105122346808092,0.3135034320070689,0.035735294117647066,0.09342560553633218,0.18124339018902064,0.361142754163112,0.21441994103973175,0.6562288527760624,0.26849576193399205,True,False,periodic_cubic_fit_of_measured_flexion_and_measured_extension,periodic_cubic_B_spline,3,2,each_measured_branch_phase_progress,True,False,True,False,False,theta_shank = q_hip - q_knee,0.42,0.3,knee_to_strap_equivalent_pull_point,0.0,120.0,5.0,145.0,0.0,120.0,5.0,145.0,True,True,False,outside_frozen_local_identification_domain,66.33416458852868,90.0,False
reference_measured_asymmetric_closed,reference_measured_asymmetric_closed_nominal,nominal,0.714,flexion,0.009829567518749997,0.005570088260624998,0.5391935204808139,0.35905100790910727,0.10706280720816712,0.14122749466417128,0.5299328165621588,0.6358694491758041,0.038961620404411756,0.09633250432525953,0.18014251257170666,0.36041167786487693,0.21564652201838122,0.655557128514608,0.269397456529022,True,False,periodic_cubic_fit_of_measured_flexion_and_measured_extension,periodic_cubic_B_spline,3,2,each_measured_branch_phase_progress,True,False,True,False,False,theta_shank = q_hip - q_knee,0.42,0.3,knee_to_strap_equivalent_pull_point,0.0,120.0,5.0,145.0,0.0,120.0,5.0,145.0,True,True,False,outside_frozen_local_identification_domain,66.33416458852868,90.0,False
reference_measured_asymmetric_closed,reference_measured_asymmetric_closed_nominal,nominal,0.748,flexion,0.011210480599999998,0.006352605673333332,0.5431352746468978,0.36421732445124283,0.12460813678361905,0.16252890192839847,0.4949746400936669,0.6101558246365223,0.04228416176470589,0.09908564013840832,0.17891795019565498,0.3595588545582644,0.21706549727846855,0.6547699052705271,0.270454967563927,True,False,periodic_cubic_fit_of_measured_flexion_and_measured_extension,periodic_cubic_B_spline,3,2,each_measured_branch_phase_progress,True,False,True,False,False,theta_shank = q_hip - q_knee,0.42,0.3,knee_to_strap_equivalent_pull_point,0.0,120.0,5.0,145.0,0.0,120.0,5.0,145.0,True,True,False,outside_frozen_local_identification_domain,66.33416458852868,90.0,False
reference_measured_asymmetric_closed,reference_measured_asymmetric_closed_nominal,nominal,0.782,flexion,0.012705922056250001,0.007200022498541667,0.5476444658478831,0.3700843343346382,0.14016148133424372,0.1821710635831003,0.4105783620279186,0.5361140898081767,0.04569772334558824,0.10168695934256058,0.17756013151324485,0.3585764126309236,0.21868460463584902,0.6538596844050388,0.27167318274825014,True,False,periodic_cubic_fit_of_measured_flexion_and_measured_extension,periodic_cubic_B_spline,3,2,each_measured_branch_phase_progress,True,False,True,False,False,theta_shank = q_hip - q_knee,0.42,0.3,knee_to_strap_equivalent_pull_point,0.0,120.0,5.0,145.0,0.0,120.0,5.0,145.0,True,True,False,outside_frozen_local_identification_domain,66.33416458852868,90.0,False
reference_measured_asymmetric_closed,reference_measured_asymmetric_closed_nominal,nominal,0.816,flexion,0.014318899199999997,0.008114042879999998,0.5526221826243566,0.3765651118182099,0.15180909997774542,0.1982807355991058,0.26273264736938173,0.3998976425634083,0.04919717647058823,0.10413840830449825,0.1760570708061467,0.35748342476713585,0.2204667798484831,0.6528460080102834,0.27301146958907174,True,False,periodic_cubic_fit_of_measured_flexion_and_measured_extension,periodic_cubic_B_spline,3,2,each_measured_branch_phase_progress,True,False,True,False,False,theta_shank = q_hip - q_knee,0.42,0.3,knee_to_strap_equivalent_pull_point,0.0,120.0,5.0,145.0,0.0,120.0,5.0,145.0,True,True,False,outside_frozen_local_identification_domain,66.33416458852868,90.0,False
reference_measured_asymmetric_closed,reference_measured_asymmetric_closed_nominal,nominal,0.85,flexion,0.01605224609375,0.009096272786458333,0.5579190246616946,0.38352369420314575,0.15983834823829238,0.21118890794084735,0.25343050401938294,0.40346054070585136,0.052777458639705885,0.10644193339100347,0.17439533045854888,0.3563106376589369,0.22235721146632903,0.6517601286886767,0.27441101296312326,True,False,periodic_cubic_fit_of_measured_flexion_and_measured_extension,periodic_cubic_B_spline,3,2,each_measured_branch_phase_progress,True,False,True,False,False,theta_shank = q_hip - q_knee,0.42,0.3,knee_to_strap_equivalent_pull_point,0.0,120.0,5.0,145.0,0.0,120.0,5.0,145.0,True,True,False,outside_frozen_local_identification_domain,66.33416458852868,90.0,False
reference_measured_asymmetric_closed,reference_measured_asymmetric_closed_nominal,nominal,0.884,flexion,0.017908625800000005,0.010148221286666669,0.563511651928405,0.39095164328532434,0.16951851984926875,0.22620931954458204,0.32036808757547264,0.4847399380302806,0.05643357352941176,0.10859948096885816,0.1725600086430807,0.3550615109028539,0.22434643628857245,0.6506060397596212,0.2758579055243793,True,False,periodic_cubic_fit_of_measured_flexion_and_measured_extension,periodic_cubic_B_spline,3,2,each_measured_branch_phase_progress,True,False,True,False,False,theta_shank = q_hip - q_knee,0.42,0.3,knee_to_strap_equivalent_pull_point,0.0,120.0,5.0,145.0,0.0,120.0,5.0,145.0,True,True,False,outside_frozen_local_identification_domain,66.33416458852868,90.0,False
reference_measured_asymmetric_closed,reference_measured_asymmetric_closed_nominal,nominal,0.918,flexion,0.019890532631250003,0.011271301824375001,0.5694773682329723,0.398942860848868,0.1819157008814666,0.24446316581507727,0.400410944630798,0.5809128584363923,0.06016059099264707,0.11061299740484434,0.17053450738410436,0.35371681338861927,0.22646062776165016,0.6493650724613687,0.2773733659246335,True,False,periodic_cubic_fit_of_measured_flexion_and_measured_extension,periodic_cubic_B_spline,3,2,each_measured_branch_phase_progress,True,False,True,False,False,theta_shank = q_hip - q_knee,0.42,0.3,knee_to_strap_equivalent_pull_point,0.0,120.0,5.0,145.0,0.0,120.0,5.0,145.0,True,True,False,outside_frozen_local_identification_domain,66.33416458852868,90.0,False
reference_measured_asymmetric_closed,reference_measured_asymmetric_closed_nominal,nominal,0.9520000000000001,flexion,0.022000294400000005,0.012466833493333336,0.5758924102195869,0.40759232452473265,0.1953819168798922,0.2643764404516861,0.3901833665814827,0.5892927635557801,0.06395364705882355,0.11248442906574395,0.16830008569485427,0.3522567907300786,0.22872506068322646,0.6480180722021802,0.2789770694189997,True,False,periodic_cubic_fit_of_measured_flexion_and_measured_extension,periodic_cubic_B_spline,3,2,each_measured_branch_phase_progress,True,False,True,False,False,theta_shank = q_hip - q_knee,0.42,0.3,knee_to_strap_equivalent_pull_point,0.0,120.0,5.0,145.0,0.0,120.0,5.0,145.0,True,True,False,outside_frozen_local_identification_domain,66.33416458852868,90.0,False
reference_measured_asymmetric_closed,reference_measured_asymmetric_closed_nominal,nominal,0.9859999999999999,flexion,0.024240074668749997,0.013736042312291665,0.5827575311075157,0.41692226529744925,0.20833366039575357,0.2844473596634015,0.36984662859051654,0.5899283795310203,0.06780794393382353,0.1142157223183391,0.16583526581006647,0.3506782769940661,0.23113793726792883,0.64656252206685,0.2806607958052625,True,False,periodic_cubic_fit_of_measured_flexion_and_measured_extension,periodic_cubic_B_spline,3,2,each_measured_branch_phase_progress,True,False,True,False,False,theta_shank = q_hip - q_knee,0.42,0.3,knee_to_strap_equivalent_pull_point,0.0,120.0,5.0,145.0,0.0,120.0,5.0,145.0,True,True,False,outside_frozen_local_identification_domain,66.33416458852868,90.0,False
reference_measured_asymmetric_closed,reference_measured_asymmetric_closed_nominal,nominal,1.02,flexion,0.026611874999999997,0.015080062499999998,0.5900543502090481,0.4269370882965628,0.22093912991402884,0.3047771497255374,0.37548023032670863,0.6085575232911242,0.07171875,0.11580882352941178,0.16311726191248527,0.3489823846047001,0.23369059723407182,0.645000139905834,0.2824090593041946,True,False,periodic_cubic_fit_of_measured_flexion_and_measured_extension,periodic_cubic_B_spline,3,2,each_measured_branch_phase_progress,True,False,True,False,False,theta_shank = q_hip - q_knee,0.42,0.3,knee_to_strap_equivalent_pull_point,0.0,120.0,5.0,145.0,0.0,120.0,5.0,145.0,True,True,False,outside_frozen_local_identification_domain,66.33416458852868,90.0,False
reference_measured_asymmetric_closed,reference_measured_asymmetric_closed_nominal,nominal,1.054,flexion,0.029117537206250002,0.016499937750208336,0.5977852917970292,0.43765535572765485,0.23388138159571628,0.32582875808523526,0.3859368938717977,0.6296577562289569,0.07568139981617648,0.11726567906574396,0.16012993606937437,0.347165325401196,0.23638154927802996,0.643327297559277,0.2842154937885552,True,False,periodic_cubic_fit_of_measured_flexion_and_measured_extension,periodic_cubic_B_spline,3,2,each_measured_branch_phase_progress,True,False,True,False,False,theta_shank = q_hip - q_knee,0.42,0.3,knee_to_strap_equivalent_pull_point,0.0,120.0,5.0,145.0,0.0,120.0,5.0,145.0,True,True,False,outside_frozen_local_identification_domain,66.33416458852868,90.0,False
reference_measured_asymmetric_closed,reference_measured_asymmetric_closed_nominal,nominal,1.088,flexion,0.03175874560000001,0.017996622506666674,0.605959967776214,0.44909902592840173,0.24693857537753588,0.34733987304273306,0.37959584205378133,0.6329594806949996,0.07969129411764707,0.11858823529411765,0.15686094184781224,0.3452214046962256,0.2392115836232953,0.6415381630241339,0.2860771224982505,True,False,periodic_cubic_fit_of_measured_flexion_and_measured_extension,periodic_cubic_B_spline,3,2,each_measured_branch_phase_progress,True,False,True,False,False,theta_shank = q_hip - q_knee,0.42,0.3,knee_to_strap_equivalent_pull_point,0.0,120.0,5.0,145.0,0.0,120.0,5.0,145.0,True,True,False,outside_frozen_local_identification_domain,66.33416458852868,90.0,False
reference_measured_asymmetric_closed,reference_measured_asymmetric_closed_nominal,nominal,1.122,flexion,0.03453702924375,0.019570983238125002,0.6145729418104959,0.4612737190985263,0.2596323266105012,0.368790828726543,0.3678402993780509,0.630479603972933,0.08374389981617648,0.1197784385813149,0.1532992227119696,0.3431483022551816,0.24217605715550514,0.6396301026048083,0.2879859039293606,True,False,periodic_cubic_fit_of_measured_flexion_and_measured_extension,periodic_cubic_B_spline,3,2,each_measured_branch_phase_progress,True,False,True,False,False,theta_shank = q_hip - q_knee,0.42,0.3,knee_to_strap_equivalent_pull_point,0.0,120.0,5.0,145.0,0.0,120.0,5.0,145.0,True,True,False,outside_frozen_local_identification_domain,66.33416458852868,90.0,False
reference_measured_asymmetric_closed,reference_measured_asymmetric_closed_nominal,nominal,1.1560000000000001,flexion,0.0374537642,0.021223799713333335,0.6236144652789981,0.4741831216679565,0.2722647435164433,0.3907703127907517,0.37538709709466994,0.6630493502472166,0.08783475000000003,0.12083823529411766,0.1494313436110416,0.34094466563943177,0.24526869953586836,0.6376014347426586,0.28993145074126037,True,False,periodic_cubic_fit_of_measured_flexion_and_measured_extension,periodic_cubic_B_spline,3,2,each_measured_branch_phase_progress,True,False,True,False,False,theta_shank = q_hip - q_knee,0.42,0.3,knee_to_strap_equivalent_pull_point,0.0,120.0,5.0,145.0,0.0,120.0,5.0,145.0,True,True,False,outside_frozen_local_identification_domain,66.33416458852868,90.0,False
reference_measured_asymmetric_closed,reference_measured_asymmetric_closed_nominal,nominal,1.1900000000000002,flexion,0.040510175781250005,0.022955766276041668,0.6330901044313918,0.4878595051700357,0.2851857222008593,0.4139476854144898,0.3862198933444978,0.7031262649333535,0.09195944393382355,0.121769571799308,0.14523059926135612,0.3386053165155254,0.2484883088344819,0.6354470844303658,0.2919044903938038,True,False,periodic_cubic_fit_of_measured_flexion_and_measured_extension,periodic_cubic_B_spline,3,2,each_measured_branch_phase_progress,True,False,True,False,False,theta_shank = q_hip - q_knee,0.42,0.3,knee_to_strap_equivalent_pull_point,0.0,120.0,5.0,145.0,0.0,120.0,5.0,145.0,True,True,False,outside_frozen_local_identification_domain,66.33416458852868,90.0,False
reference_measured_asymmetric_closed,reference_measured_asymmetric_closed_nominal,nominal,1.224,flexion,0.0437073408,0.02476749312,0.64301266282961,0.5023496461507865,0.29858666651402016,0.4387033098009352,0.40254684308976063,0.7542735135060601,0.09611364705882353,0.12257439446366782,0.14066301667882353,0.33612304829660317,0.25183585210172,0.6331600260451797,0.29389573619561205,True,False,periodic_cubic_fit_of_measured_flexion_and_measured_extension,periodic_cubic_B_spline,3,2,each_measured_branch_phase_progress,True,False,True,False,False,theta_shank = q_hip - q_knee,0.42,0.3,knee_to_strap_equivalent_pull_point,0.0,120.0,5.0,145.0,0.0,120.0,5.0,145.0,True,True,False,outside_frozen_local_identification_domain,66.33416458852868,90.0,False
reference_measured_asymmetric_closed,reference_measured_asymmetric_closed_nominal,nominal,1.258,flexion,0.047046189818749994,0.02665950756395833,0.6533972700873488,0.5177054857723823,0.31222473174857823,0.46460781888476105,0.3962148075709205,0.763040220060268,0.10029309099264708,0.12325464965397924,0.13569178431496653,0.333489755279738,0.25531271633716257,0.6307321512718184,0.29589544696100417,True,False,periodic_cubic_fit_of_measured_flexion_and_measured_extension,periodic_cubic_B_spline,3,2,each_measured_branch_phase_progress,True,False,True,False,False,theta_shank = q_hip - q_knee,0.42,0.3,knee_to_strap_equivalent_pull_point,0.0,120.0,5.0,145.0,0.0,120.0,5.0,145.0,True,True,False,outside_frozen_local_identification_domain,66.33416458852868,90.0,False
reference_measured_asymmetric_closed,reference_measured_asymmetric_closed_nominal,nominal,1.292,flexion,0.05052750940000001,0.02863225532666667,0.6642395319595599,0.5339427551077185,0.3254829586703567,0.49050120635658,0.3835179588243857,0.7586554842123093,0.10449357352941176,0.12381228373702424,0.13029677685184138,0.33070204074228027,0.2589134223034627,0.6281590540330697,0.29789194516058376,True,False,periodic_cubic_fit_of_measured_flexion_and_measured_extension,periodic_cubic_B_spline,3,2,each_measured_branch_phase_progress,True,False,True,False,False,theta_shank = q_hip - q_knee,0.42,0.3,knee_to_strap_equivalent_pull_point,0.0,120.0,5.0,145.0,0.0,120.0,5.0,145.0,True,True,False,outside_frozen_local_identification_domain,66.33416458852868,90.0,False
reference_measured_asymmetric_closed,reference_measured_asymmetric_closed_nominal,nominal,1.326,flexion,0.054151944356249995,0.030686101801874997,0.6755248338295179,0.5510562749586332,0.3382720803118887,0.5161107714018052,0.36969678791683247,0.7510844771581071,0.10871095863970591,0.12424924307958479,0.1244685588708847,0.3277591280765059,0.262628928266725,0.6254382633947853,0.2998731546133896,True,False,periodic_cubic_fit_of_measured_flexion_and_measured_extension,periodic_cubic_B_spline,3,2,each_measured_branch_phase_progress,True,False,True,False,False,theta_shank = q_hip - q_knee,0.42,0.3,knee_to_strap_equivalent_pull_point,0.0,120.0,5.0,145.0,0.0,120.0,5.0,145.0,True,True,False,outside_frozen_local_identification_domain,66.33416458852868,90.0,False
reference_measured_asymmetric_closed,reference_measured_asymmetric_closed_nominal,nominal,1.36,flexion,0.057920000000000006,0.032821333333333334,0.6872417958267788,0.5690507555054605,0.35102365366641536,0.542773145830597,0.3807616164986317,0.8190532188533348,0.11294117647058825,0.1245674740484429,0.11819104032131833,0.3246594870056359,0.2664511540549924,0.6225665567729213,0.3018259725374909,True,False,periodic_cubic_fit_of_measured_flexion_and_measured_extension,periodic_cubic_B_spline,3,2,each_measured_branch_phase_progress,True,False,True,False,False,theta_shank = q_hip - q_knee,0.42,0.3,knee_to_strap_equivalent_pull_point,0.0,120.0,5.0,145.0,0.0,120.0,5.0,145.0,True,True,False,outside_frozen_local_identification_domain,66.33416458852868,90.0,False
reference_measured_asymmetric_closed,reference_measured_asymmetric_closed_nominal,nominal,1.3940000000000001,flexion,0.06183204439375,0.035038158489791665,0.6993988452002483,0.5879904153447473,0.36415551442763017,0.5716148863754291,0.3914116853154342,0.873064942789693,0.11718022334558827,0.12476892301038062,0.11140842985550103,0.3213963159178325,0.2703782685691377,0.6195364650564819,0.30373170124980736,True,False,periodic_cubic_fit_of_measured_flexion_and_measured_extension,periodic_cubic_B_spline,3,2,each_measured_branch_phase_progress,True,False,True,False,False,theta_shank = q_hip - q_knee,0.42,0.3,knee_to_strap_equivalent_pull_point,0.0,120.0,5.0,145.0,0.0,120.0,5.0,145.0,True,True,False,outside_frozen_local_identification_domain,66.33416458852868,90.0,False
reference_measured_asymmetric_closed,reference_measured_asymmetric_closed_nominal,nominal,1.428,flexion,0.06588831059999999,0.03733670933999999,0.7120074316481917,0.6079369674124173,0.37747166056283643,0.6017031344119019,0.38210154659059425,0.8722699710301884,0.12142416176470586,0.12485553633217997,0.10407046423577437,0.31796177158708083,0.27440902282761226,0.6163386381192463,0.3055738350113285,True,False,periodic_cubic_fit_of_measured_flexion_and_measured_extension,periodic_cubic_B_spline,3,2,each_measured_branch_phase_progress,True,False,True,False,False,theta_shank = q_hip - q_knee,0.42,0.3,knee_to_strap_equivalent_pull_point,0.0,120.0,5.0,145.0,0.0,120.0,5.0,145.0,True,True,False,outside_frozen_local_identification_domain,66.33416458852868,90.0,False
reference_measured_asymmetric_closed,reference_measured_asymmetric_closed_nominal,nominal,1.462,flexion,0.07008889893124999,0.039717042727708325,0.7250563882931008,0.628888203185257,0.38993287576314495,0.6303341215888439,0.35027927766574335,0.8011323624439639,0.12566912040441175,0.12482926038062289,0.09616818510784386,0.3143540516342097,0.2785346122498183,0.6129678724733765,0.3073406186344948,True,False,periodic_cubic_fit_of_measured_flexion_and_measured_extension,periodic_cubic_B_spline,3,2,each_measured_branch_phase_progress,True,False,True,False,False,theta_shank = q_hip - q_knee,0.42,0.3,knee_to_strap_equivalent_pull_point,0.0,120.0,5.0,145.0,0.0,120.0,5.0,145.0,True,True,False,outside_frozen_local_identification_domain,66.33416458852868,90.0,False
reference_measured_asymmetric_closed,reference_measured_asymmetric_closed_nominal,nominal,1.496,flexion,0.0744337792,0.04217914154666666,0.7385098143473879,0.6507618545187032,0.40125935521113665,0.6558622837656567,0.3213022774895193,0.7417461364698312,0.12991129411764707,0.12469204152249135,0.08774795982868477,0.310578472087033,0.282738417403939,0.6094242572968529,0.30902903668774684,True,False,periodic_cubic_fit_of_measured_flexion_and_measured_extension,periodic_cubic_B_spline,3,2,each_measured_branch_phase_progress,True,False,True,False,False,theta_shank = q_hip - q_knee,0.42,0.3,knee_to_strap_equivalent_pull_point,0.0,120.0,5.0,145.0,0.0,120.0,5.0,145.0,True,True,False,outside_frozen_local_identification_domain,66.33416458852868,90.0,False
reference_measured_asymmetric_closed,reference_measured_asymmetric_closed_nominal,nominal,1.53,flexion,0.07892279296875002,0.04472291601562501,0.7523383289512761,0.6735209652429323,0.4121860094550861,0.6838430410493673,0.3230384020766329,0.8978227476127101,0.1341469439338235,0.12444582612456748,0.0788173637083438,0.306639049215514,0.2870060861657912,0.6057077049816063,0.31062682151129994,True,False,periodic_cubic_fit_of_measured_flexion_and_measured_extension,periodic_cubic_B_spline,3,2,each_measured_branch_phase_progress,True,False,True,False,False,theta_shank = q_hip - q_knee,0.42,0.3,knee_to_strap_equivalent_pull_point,0.0,120.0,5.0,145.0,0.0,120.0,5.0,145.0,True,True,False,outside_frozen_local_identification_domain,66.33416458852868,90.0,False
reference_measured_asymmetric_closed,reference_measured_asymmetric_closed_nominal,nominal,1.564,flexion,0.0835556558,0.047348204953333334,0.7665426034337222,0.6973036365623682,0.423458477694128,0.7155225694205815,0.33860404922254234,0.9530489890822701,0.13837239705882357,0.12409256055363324,0.069238966871354,0.3025315396314268,0.2913325720345022,0.6018127216900993,0.3120876693738,True,False,periodic_cubic_fit_of_measured_flexion_and_measured_extension,periodic_cubic_B_spline,3,2,each_measured_branch_phase_progress,True,False,True,False,False,theta_shank = q_hip - q_knee,0.42,0.3,knee_to_strap_equivalent_pull_point,0.0,120.0,5.0,145.0,0.0,120.0,5.0,145.0,True,True,False,outside_frozen_local_identification_domain,66.33416458852868,90.0,False
reference_measured_asymmetric_closed,reference_measured_asymmetric_closed_nominal,nominal,1.598,flexion,0.08833195950625002,0.05005477705354167,0.7811304922606448,0.7221339119497971,0.43448694851375214,0.7435890122445409,0.3092260659818341,0.6887506204162681,0.14258404687500004,0.12363419117647059,0.058996580310847646,0.2982495734244236,0.29571471379041886,0.5977276353654983,0.3134034225058051,True,False,periodic_cubic_fit_of_measured_flexion_and_measured_extension,periodic_cubic_B_spline,3,2,each_measured_branch_phase_progress,True,False,True,False,False,theta_shank = q_hip - q_knee,0.42,0.3,knee_to_strap_equivalent_pull_point,0.0,120.0,5.0,145.0,0.0,120.0,5.0,145.0,True,True,False,outside_frozen_local_identification_domain,66.33416458852868,90.0,False
reference_measured_asymmetric_closed,reference_measured_asymmetric_closed_nominal,nominal,1.632,flexion,0.09325117439999998,0.05284233215999999,0.7960740177738425,0.7477473243903892,0.4443077029024658,0.7610388549922045,0.2693808743173052,0.33993888360525,0.1467783529411765,0.12307266435986157,0.0483266933834533,0.2937974172396799,0.3001384307670269,0.5934471650205759,0.3146307961655887,True,False,periodic_cubic_fit_of_measured_flexion_and_measured_extension,periodic_cubic_B_spline,3,2,each_measured_branch_phase_progress,True,False,True,False,False,theta_shank = q_hip - q_knee,0.42,0.3,knee_to_strap_equivalent_pull_point,0.0,120.0,5.0,145.0,0.0,120.0,5.0,145.0,True,True,False,outside_frozen_local_identification_domain,66.33416458852868,90.0,False
reference_measured_asymmetric_closed,reference_measured_asymmetric_closed_nominal,nominal,1.666,flexion,0.09831265154374998,0.05571050254145832,0.8113447436833724,0.7738526182557173,0.45423220956324367,0.7755974257678866,0.3132807794330711,0.5209262548768041,0.15095184099264705,0.12240992647058825,0.03749212542765512,0.28918000827258233,0.3045897615079489,0.5889691840495443,0.3158347642633828,True,False,periodic_cubic_fit_of_measured_flexion_and_measured_extension,periodic_cubic_B_spline,3,2,each_measured_branch_phase_progress,True,False,True,False,False,theta_shank = q_hip - q_knee,0.42,0.3,knee_to_strap_equivalent_pull_point,0.0,120.0,5.0,145.0,0.0,120.0,5.0,145.0,True,True,False,outside_frozen_local_identification_domain,66.33416458852868,90.0,False
reference_measured_asymmetric_closed,reference_measured_asymmetric_closed_nominal,nominal,1.7,flexion,0.103515625,0.05865885416666666,0.8269695710106665,0.800559623911363,0.4648541010075951,0.7963766988383328,0.3020022042112015,0.6428963851174708,0.15510110294117646,0.12164792387543254,0.026409947099303444,0.28438574069190675,0.3090707855671829,0.584281123976969,0.31699284870159217,True,False,periodic_cubic_fit_of_measured_flexion_and_measured_extension,periodic_cubic_B_spline,3,2,each_measured_branch_phase_progress,True,False,True,False,False,theta_shank = q_hip - q_knee,0.42,0.3,knee_to_strap_equivalent_pull_point,0.0,120.0,5.0,145.0,0.0,120.0,5.0,145.0,True,True,False,outside_frozen_local_identification_domain,66.33416458852868,90.0,False
reference_measured_asymmetric_closed,reference_measured_asymmetric_closed_nominal,nominal,1.734,flexion,0.10885921408125004,0.06168688797937502,0.8429291277546572,0.8279174553759138,0.47333024803993623,0.810165275192293,0.19346160045220662,0.16409926662599983,0.159222796875,0.12078860294117652,0.015011672378743457,0.2794171005305684,0.31356990278260166,0.5793832986192071,0.3180732353538811,True,False,periodic_cubic_fit_of_measured_flexion_and_measured_extension,periodic_cubic_B_spline,3,2,each_measured_branch_phase_progress,True,False,True,False,False,theta_shank = q_hip - q_knee,0.42,0.3,knee_to_strap_equivalent_pull_point,0.0,120.0,5.0,145.0,0.0,120.0,5.0,145.0,True,True,False,outside_frozen_local_identification_domain,66.33416458852868,90.0,False
reference_measured_asymmetric_closed,reference_measured_asymmetric_closed_nominal,nominal,1.768,flexion,0.11434242560000002,0.06479404117333334,0.8591109903488238,0.8554662237025339,0.4779691682706723,0.8080881405980196,0.10351377012516119,-0.1883837509271249,0.1633136470588235,0.11983391003460211,0.0036447666462898765,0.27430659463397195,0.31805014092170086,0.5743046019875919,0.3191435684946764,True,False,periodic_cubic_fit_of_measured_flexion_and_measured_extension,periodic_cubic_B_spline,3,2,each_measured_branch_phase_progress,True,False,True,False,False,theta_shank = q_hip - q_knee,0.42,0.3,knee_to_strap_equivalent_pull_point,0.0,120.0,5.0,145.0,0.0,120.0,5.0,145.0,True,True,False,outside_frozen_local_identification_domain,66.33416458852868,90.0,False
reference_measured_asymmetric_closed,reference_measured_asymmetric_closed_nominal,nominal,1.802,flexion,0.11996415611875,0.06797968846729166,0.875422190979169,0.8828370972877402,0.4816348023719486,0.8026227682678583,0.12794070506651697,-0.05778337857509863,0.16737044393382358,0.11878579152249134,-0.007414906308571223,0.26908255546320753,0.32248190390375375,0.5690743083756589,0.3202574523950136,True,False,periodic_cubic_fit_of_measured_flexion_and_measured_extension,periodic_cubic_B_spline,3,2,each_measured_branch_phase_progress,True,False,True,False,False,theta_shank = q_hip - q_knee,0.42,0.3,knee_to_strap_equivalent_pull_point,0.0,120.0,5.0,145.0,0.0,120.0,5.0,145.0,True,True,False,outside_frozen_local_identification_domain,66.33416458852868,90.0,False
reference_measured_asymmetric_closed,reference_measured_asymmetric_closed_nominal,nominal,1.836,flexion,0.12572319420000003,0.07124314338000001,0.8918799521940803,0.9101367075219131,0.48636962598966016,0.8030512339841269,0.11336658888583886,-0.07782146353308195,0.17139004411764708,0.11764619377162633,-0.018256755327832774,0.26373902413212336,0.326866528035275,0.5636890291535299,0.32138980568900277,True,False,periodic_cubic_fit_of_measured_flexion_and_measured_extension,periodic_cubic_B_spline,3,2,each_measured_branch_phase_progress,True,False,True,False,False,theta_shank = q_hip - q_knee,0.42,0.3,knee_to_strap_equivalent_pull_point,0.0,120.0,5.0,145.0,0.0,120.0,5.0,145.0,True,True,False,outside_frozen_local_identification_domain,66.33416458852868,90.0,False
reference_measured_asymmetric_closed,reference_measured_asymmetric_closed_nominal,nominal,1.87,flexion,0.13161822265625006,0.07458365950520837,0.9084667033611399,0.937341507108374,0.48891317189190786,0.7959787278705525,0.039509419810714486,-0.31108482411739435,0.17536937040441175,0.1164170631487889,-0.028874803747234168,0.2582813398146922,0.3311959382352499,0.5581562853600622,0.3225347007854771,True,False,periodic_cubic_fit_of_measured_flexion_and_measured_extension,periodic_cubic_B_spline,3,2,each_measured_branch_phase_progress,True,False,True,False,False,theta_shank = q_hip - q_knee,0.42,0.3,knee_to_strap_equivalent_pull_point,0.0,120.0,5.0,145.0,0.0,120.0,5.0,145.0,True,True,False,outside_frozen_local_identification_domain,66.33416458852868,90.0,False
reference_measured_asymmetric_closed,reference_measured_asymmetric_closed_nominal,nominal,1.9040000000000001,flexion,0.13764782080000001,0.07800043178666667,0.9251088666914974,0.9641987858916902,0.49005682131816747,0.783256992916088,0.037504303620143065,-0.41181113078173714,0.1793054117647059,0.11510034602076123,-0.03908991920019278,0.2527340111585415,0.33544823684693026,0.5525048370752255,0.3237242473711098,True,False,periodic_cubic_fit_of_measured_flexion_and_measured_extension,periodic_cubic_B_spline,3,2,each_measured_branch_phase_progress,True,False,True,False,False,theta_shank = q_hip - q_knee,0.42,0.3,knee_to_strap_equivalent_pull_point,0.0,120.0,5.0,145.0,0.0,120.0,5.0,145.0,True,True,False,outside_frozen_local_identification_domain,66.33416458852868,90.0,False
reference_measured_asymmetric_closed,reference_measured_asymmetric_closed_nominal,nominal,1.9380000000000002,flexion,0.14381046669375003,0.08149259779312501,0.941796894014123,0.9906222223106993,0.49163580733604745,0.7718376612694335,0.035413384711096285,-0.2928165369777749,0.18319522334558824,0.11369798875432525,-0.048825328296576265,0.24710111048006844,0.33961896472299213,0.5467435946099295,0.32497718530633746,True,False,periodic_cubic_fit_of_measured_flexion_and_measured_extension,periodic_cubic_B_spline,3,2,each_measured_branch_phase_progress,True,False,True,False,False,theta_shank = q_hip - q_knee,0.42,0.3,knee_to_strap_equivalent_pull_point,0.0,120.0,5.0,145.0,0.0,120.0,5.0,145.0,True,True,False,outside_frozen_local_identification_domain,66.33416458852868,90.0,False
reference_measured_asymmetric_closed,reference_measured_asymmetric_closed_nominal,nominal,1.9719999999999998,flexion,0.15010453939999996,0.08505923899333331,0.9585182893237926,1.016695930405021,0.49162687772349967,0.7621584760894416,-0.025546925291884626,-0.2475031055501426,0.18703592647058823,0.11221193771626298,-0.05817764108122836,0.2413879275986101,0.3437031690421957,0.5408803750913622,0.32625972056429686,True,False,periodic_cubic_fit_of_measured_flexion_and_measured_extension,periodic_cubic_B_spline,3,2,each_measured_branch_phase_progress,True,False,True,False,False,theta_shank = q_hip - q_knee,0.42,0.3,knee_to_strap_equivalent_pull_point,0.0,120.0,5.0,145.0,0.0,120.0,5.0,145.0,True,True,False,outside_frozen_local_identification_domain,66.33416458852868,90.0,False
reference_measured_asymmetric_closed,reference_measured_asymmetric_closed_nominal,nominal,2.006,flexion,0.15652832123125002,0.08869938203104168,0.9752059989759776,1.042470908921929,0.48943193509944394,0.753538170122586,-0.12022123591035361,-0.3113008582611602,0.19082470863970588,0.11064413927335642,-0.06726490994595147,0.23561896507901842,0.34768333767250376,0.5349405357203791,0.327519078479842,True,False,periodic_cubic_fit_of_measured_flexion_and_measured_extension,periodic_cubic_B_spline,3,2,each_measured_branch_phase_progress,True,False,True,False,False,theta_shank = q_hip - q_knee,0.42,0.3,knee_to_strap_equivalent_pull_point,0.0,120.0,5.0,145.0,0.0,120.0,5.0,145.0,True,True,False,outside_frozen_local_identification_domain,66.33416458852868,90.0,False
reference_measured_asymmetric_closed,reference_measured_asymmetric_closed_nominal,nominal,2.04,flexion,0.16307999999999995,0.09241199999999997,0.9917815846974785,1.0678997456451045,0.48590469270838366,0.7421342646605471,-0.06881252606427396,-0.3179056444187555,0.19455882352941176,0.10899653979238756,-0.07611816094762602,0.22982380658860974,0.35154091927558206,0.5289551299704129,0.3287275159378266,True,False,periodic_cubic_fit_of_measured_flexion_and_measured_extension,periodic_cubic_B_spline,3,2,each_measured_branch_phase_progress,True,False,True,False,False,theta_shank = q_hip - q_knee,0.42,0.3,knee_to_strap_equivalent_pull_point,0.0,120.0,5.0,145.0,0.0,120.0,5.0,145.0,True,True,False,outside_frozen_local_identification_domain,66.33416458852868,90.0,False
reference_measured_asymmetric_closed,reference_measured_asymmetric_closed_nominal,nominal,2.074,flexion,0.16975767126875,0.09619601371895832,1.0082851119161458,1.0929861845311062,0.4856493590259689,0.7347164365080612,0.06587430881426629,-0.10965877471056662,0.19823559099264706,0.10727108564013846,-0.0847010726149604,0.22399110738613287,0.3552857776662807,0.5229156098541559,0.3299058284101267,True,False,periodic_cubic_fit_of_measured_flexion_and_measured_extension,periodic_cubic_B_spline,3,2,each_measured_branch_phase_progress,True,False,True,False,False,theta_shank = q_hip - q_knee,0.42,0.3,knee_to_strap_equivalent_pull_point,0.0,120.0,5.0,145.0,0.0,120.0,5.0,145.0,True,True,False,outside_frozen_local_identification_domain,66.33416458852868,90.0,False
reference_measured_asymmetric_closed,reference_measured_asymmetric_closed_nominal,nominal,2.108,flexion,0.1765593406,0.10005029300666667,1.024851246801566,1.1179245818044459,0.48877953170167365,0.7321058457783831,0.07536462329015517,-0.10739039050146743,0.20185239705882355,0.105469723183391,-0.09307333500287984,0.2180749294748422,0.35894752420728937,0.5167764703686222,0.331065819315345,True,False,periodic_cubic_fit_of_measured_flexion_and_measured_extension,periodic_cubic_B_spline,3,2,each_measured_branch_phase_progress,True,False,True,False,False,theta_shank = q_hip - q_knee,0.42,0.3,knee_to_strap_equivalent_pull_point,0.0,120.0,5.0,145.0,0.0,120.0,5.0,145.0,True,True,False,outside_frozen_local_identification_domain,66.33416458852868,90.0,False
reference_measured_asymmetric_closed,reference_measured_asymmetric_closed_nominal,nominal,2.142,flexion,0.18348292580624997,0.10397365795687498,1.041491825129264,1.1427238629596832,0.48967983313145963,0.7261451015152186,0.024474510509200104,-0.17149338983636836,0.20540669393382352,0.10359439878892727,-0.10123203783041923,0.21207191800411485,0.3625265529503404,0.5105360414829788,0.3322087859482436,True,False,periodic_cubic_fit_of_measured_flexion_and_measured_extension,periodic_cubic_B_spline,3,2,each_measured_branch_phase_progress,True,False,True,False,False,theta_shank = q_hip - q_knee,0.42,0.3,knee_to_strap_equivalent_pull_point,0.0,120.0,5.0,145.0,0.0,120.0,5.0,145.0,True,True,False,outside_frozen_local_identification_domain,66.33416458852868,90.0,False
reference_measured_asymmetric_closed,reference_measured_asymmetric_closed_nominal,nominal,2.176,flexion,0.1905262592000001,0.10796488021333339,1.0581753605542439,1.1673481868977549,0.4922558015804047,0.7233378393900671,0.12289415920245639,0.004760860573801928,0.208896,0.10164705882352937,-0.109172826343511,0.20599446058724205,0.36601404646184166,0.504208429674564,0.333327219739357,True,False,periodic_cubic_fit_of_measured_flexion_and_measured_extension,periodic_cubic_B_spline,3,2,each_measured_branch_phase_progress,True,False,True,False,False,theta_shank = q_hip - q_knee,0.42,0.3,knee_to_strap_equivalent_pull_point,0.0,120.0,5.0,145.0,0.0,120.0,5.0,145.0,True,True,False,outside_frozen_local_identification_domain,66.33416458852868,90.0,False
reference_measured_asymmetric_closed,reference_measured_asymmetric_closed_nominal,nominal,2.21,flexion,0.19768708984374994,0.11202268424479163,1.0749809877499203,1.1919378609559759,0.49604821518081926,0.7225397961743824,0.08349292934294075,-0.07854788890117309,0.21231789981617652,0.09962964965397918,-0.11695687320605552,0.19981456578036028,0.36942406432446445,0.4977650670929432,0.3344169397984412,True,False,periodic_cubic_fit_of_measured_flexion_and_measured_extension,periodic_cubic_B_spline,3,2,each_measured_branch_phase_progress,True,False,True,False,False,theta_shank = q_hip - q_knee,0.42,0.3,knee_to_strap_equivalent_pull_point,0.0,120.0,5.0,145.0,0.0,120.0,5.0,145.0,True,True,False,outside_frozen_local_identification_domain,66.33416458852868,90.0,False
reference_measured_asymmetric_closed,reference_measured_asymmetric_closed_nominal,nominal,2.244,flexion,0.2049630858,0.11614574862,1.0918856120565041,1.2164447715594404,0.4984602460943241,0.7193612784669443,0.10111416518921179,-0.028628106239628748,0.2156700441176471,0.09754411764705885,-0.12455915950293628,0.19354133873583412,0.3727489103945726,0.4912170984819249,0.3354777142829956,True,False,periodic_cubic_fit_of_measured_flexion_and_measured_extension,periodic_cubic_B_spline,3,2,each_measured_branch_phase_progress,True,False,True,False,False,theta_shank = q_hip - q_knee,0.42,0.3,knee_to_strap_equivalent_pull_point,0.0,120.0,5.0,145.0,0.0,120.0,5.0,145.0,True,True,False,outside_frozen_local_identification_domain,66.33416458852868,90.0,False
reference_measured_asymmetric_closed,reference_measured_asymmetric_closed_nominal,nominal,2.278,flexion,0.21235183638125005,0.12033270728270835,1.1089047887632735,1.2409221489291535,0.5029932986193628,0.7213803621345278,0.16435050308842808,0.11026808042060932,0.2189501498161765,0.09539240916955012,-0.13201736016588006,0.18716973623371794,0.3759886831251713,0.4845592434647692,0.33649841864299135,True,False,periodic_cubic_fit_of_measured_flexion_and_measured_extension,periodic_cubic_B_spline,3,2,each_measured_branch_phase_progress,True,False,True,False,False,theta_shank = q_hip - q_knee,0.42,0.3,knee_to_strap_equivalent_pull_point,0.0,120.0,5.0,145.0,0.0,120.0,5.0,145.0,True,True,False,outside_frozen_local_identification_domain,66.33416458852868,90.0,False
reference_measured_asymmetric_closed,reference_measured_asymmetric_closed_nominal,nominal,2.3120000000000003,flexion,0.2198508544,0.12458215082666665,1.1261110234010683,1.2655025179096002,0.5090417135699215,0.7239458373379662,0.15119263786353973,0.011027514886594925,0.2221560000000001,0.09317647058823529,-0.13939149450853194,0.18067300040056258,0.37915335542001777,0.47776321808983224,0.3374711943275028,True,False,periodic_cubic_fit_of_measured_flexion_and_measured_extension,periodic_cubic_B_spline,3,2,each_measured_branch_phase_progress,True,False,True,False,False,theta_shank = q_hip - q_knee,0.42,0.3,knee_to_strap_equivalent_pull_point,0.0,120.0,5.0,145.0,0.0,120.0,5.0,145.0,True,True,False,outside_frozen_local_identification_domain,66.33416458852868,90.0,False
reference_measured_asymmetric_closed,reference_measured_asymmetric_closed_nominal,nominal,2.346,flexion,0.2274575784187501,0.12889262777062507,1.1434887018459146,1.2901303583845427,0.5126446773445178,0.7252712109252677,0.05557648862701739,0.07710905355190156,0.22528544393382358,0.09089824826989626,-0.14664165653862815,0.17405724745761048,0.38223562707769687,0.47083745715564373,0.33840062814315364,True,False,periodic_cubic_fit_of_measured_flexion_and_measured_extension,periodic_cubic_B_spline,3,2,each_measured_branch_phase_progress,True,False,True,False,False,theta_shank = q_hip - q_knee,0.42,0.3,knee_to_strap_equivalent_pull_point,0.0,120.0,5.0,145.0,0.0,120.0,5.0,145.0,True,True,False,outside_frozen_local_identification_domain,66.33416458852868,90.0,False
reference_measured_asymmetric_closed,reference_measured_asymmetric_closed_nominal,nominal,2.3800000000000003,flexion,0.235169375,0.13326264583333333,1.1609321274971793,1.3148435114627721,0.5130993015976362,0.7288146219017535,-0.009024970946040656,0.14069377676461126,0.22833639705882358,0.0885596885813149,-0.15391138396559279,0.1673636070361274,0.38521347723029725,0.46381730882227534,0.3392221443806217,True,False,periodic_cubic_fit_of_measured_flexion_and_measured_extension,periodic_cubic_B_spline,3,2,each_measured_branch_phase_progress,True,False,True,False,False,theta_shank = q_hip - q_knee,0.42,0.3,knee_to_strap_equivalent_pull_point,0.0,120.0,5.0,145.0,0.0,120.0,5.0,145.0,True,True,False,outside_frozen_local_identification_domain,66.33416458852868,90.0,False
reference_measured_asymmetric_closed,reference_measured_asymmetric_closed_nominal,nominal,2.4139999999999997,flexion,0.2429835409562499,0.13769067320854161,1.1783836279153164,1.3396878778977084,0.513724176741693,0.7321049013265616,0.03109915212701686,0.05422744591539236,0.23130684099264712,0.08616273788927328,-0.161304249982392,0.16061591004930362,0.3880754172052566,0.45672150594813576,0.3398937186320691,True,False,periodic_cubic_fit_of_measured_flexion_and_measured_extension,periodic_cubic_B_spline,3,2,each_measured_branch_phase_progress,True,False,True,False,False,theta_shank = q_hip - q_knee,0.42,0.3,knee_to_strap_equivalent_pull_point,0.0,120.0,5.0,145.0,0.0,120.0,5.0,145.0,True,True,False,outside_frozen_local_identification_domain,66.33416458852868,90.0,False
reference_measured_asymmetric_closed,reference_measured_asymmetric_closed_nominal,nominal,2.448,flexion,0.2508973056,0.14217513984,1.1958646191154827,1.3645859558271807,0.5144160110333431,0.7315246697917532,0.024966654599687083,-0.06523741688634843,0.2341948235294118,0.0837093425605536,-0.16872133671169798,0.15380777231700513,0.39082370600422933,0.4495478588381775,0.34044711199024796,True,False,periodic_cubic_fit_of_measured_flexion_and_measured_extension,periodic_cubic_B_spline,3,2,each_measured_branch_phase_progress,True,False,True,False,False,theta_shank = q_hip - q_knee,0.42,0.3,knee_to_strap_equivalent_pull_point,0.0,120.0,5.0,145.0,0.0,120.0,5.0,145.0,True,True,False,outside_frozen_local_identification_domain,66.33416458852868,90.0,False
reference_measured_asymmetric_closed,reference_measured_asymmetric_closed_nominal,nominal,2.4819999999999998,flexion,0.25890783299375,0.1467144386964583,1.2133997622618578,1.389469517721679,0.5174452210655813,0.7330593112962976,0.09168259195453791,0.08300984743580048,0.23699845863970587,0.08120144896193777,-0.17606975545982118,0.1469313279875462,0.39346052515572144,0.44229324469574,0.3409120888472833,True,False,periodic_cubic_fit_of_measured_flexion_and_measured_extension,periodic_cubic_B_spline,3,2,each_measured_branch_phase_progress,True,False,True,False,False,theta_shank = q_hip - q_knee,0.42,0.3,knee_to_strap_equivalent_pull_point,0.0,120.0,5.0,145.0,0.0,120.0,5.0,145.0,True,True,False,outside_frozen_local_identification_domain,66.33416458852868,90.0,False
reference_measured_asymmetric_closed,reference_measured_asymmetric_closed_nominal,nominal,2.516,flexion,0.2670122242,0.15130692704666665,1.231004907658859,1.4143794684008133,0.5165604989561151,0.7295758115833596,-0.17642249216285624,-0.36190381147995054,0.23971592647058826,0.07864100346020762,-0.18337456074195435,0.13998198660820876,0.395986165699282,0.4349521703875412,0.3412815892802396,True,False,periodic_cubic_fit_of_measured_flexion_and_measured_extension,periodic_cubic_B_spline,3,2,each_measured_branch_phase_progress,True,False,True,False,False,theta_shank = q_hip - q_knee,0.42,0.3,knee_to_strap_equivalent_pull_point,0.0,120.0,5.0,145.0,0.0,120.0,5.0,145.0,True,True,False,outside_frozen_local_identification_domain,66.33416458852868,90.0,False
reference_measured_asymmetric_closed,reference_measured_asymmetric_closed_nominal,nominal,2.55,flexion,0.27520751953125,0.155950927734375,1.2484254870157394,1.4389182096145496,0.5079868981273312,0.7145874926773395,-0.23215110443068815,-0.3172405133496172,0.24234547334558823,0.07602995242214533,-0.19049272259881023,0.1330627870011635,0.39836452492093594,0.42763610526281837,0.34156170660777674,True,False,periodic_cubic_fit_of_measured_flexion_and_measured_extension,periodic_cubic_B_spline,3,2,each_measured_branch_phase_progress,True,False,True,False,False,theta_shank = q_hip - q_knee,0.42,0.3,knee_to_strap_equivalent_pull_point,0.0,120.0,5.0,145.0,0.0,120.0,5.0,145.0,True,True,False,outside_frozen_local_identification_domain,66.33416458852868,90.0,False
reference_measured_asymmetric_closed,reference_measured_asymmetric_closed_nominal,nominal,2.584,flexion,0.2834907008000001,0.16064473045333338,1.2655916342061813,1.4630620913134984,0.5017774414847038,0.7045318939079525,-0.23638749513409335,-0.5191434108532847,0.24488541176470585,0.07337024221453288,-0.19747045710731714,0.12620513401392003,0.40058989521520444,0.4203749293279022,0.3417330219977984,True,False,periodic_cubic_fit_of_measured_flexion_and_measured_extension,periodic_cubic_B_spline,3,2,each_measured_branch_phase_progress,True,False,True,False,False,theta_shank = q_hip - q_knee,0.42,0.3,knee_to_strap_equivalent_pull_point,0.0,120.0,5.0,145.0,0.0,120.0,5.0,145.0,True,True,False,outside_frozen_local_identification_domain,66.33416458852868,90.0,False
reference_measured_asymmetric_closed,reference_measured_asymmetric_closed_nominal,nominal,2.618,flexion,0.29185869356875,0.16538659302229167,1.2824829744496533,1.48658892829077,0.49115174590080873,0.6766232794483743,-0.3466063159470111,-0.945570368112413,0.24733412040441174,0.07066381920415232,-0.20410595384111674,0.11942095172711835,0.4026644214337657,0.41319372921968156,0.3418568955483547,True,False,periodic_cubic_fit_of_measured_flexion_and_measured_extension,periodic_cubic_B_spline,3,2,each_measured_branch_phase_progress,True,False,True,False,False,theta_shank = q_hip - q_knee,0.42,0.3,knee_to_strap_equivalent_pull_point,0.0,120.0,5.0,145.0,0.0,120.0,5.0,145.0,True,True,False,outside_frozen_local_identification_domain,66.33416458852868,90.0,False
reference_measured_asymmetric_closed,reference_measured_asymmetric_closed_nominal,nominal,2.652,flexion,0.30030836939999994,0.17017474265999996,1.2989926475220284,1.5091013053326263,0.48051905004276263,0.6498266789321954,-0.28758305883006086,-0.6756808065670341,0.24969004411764714,0.06791262975778545,-0.21010865781059795,0.11275712089436063,0.40458105700540964,0.40615959834065285,0.3420112062114531,True,False,periodic_cubic_fit_of_measured_flexion_and_measured_extension,periodic_cubic_B_spline,3,2,each_measured_branch_phase_progress,True,False,True,False,False,theta_shank = q_hip - q_knee,0.42,0.3,knee_to_strap_equivalent_pull_point,0.0,120.0,5.0,145.0,0.0,120.0,5.0,145.0,True,True,False,outside_frozen_local_identification_domain,66.33416458852868,90.0,False
reference_measured_asymmetric_closed,reference_measured_asymmetric_closed_nominal,nominal,2.686,flexion,0.30883654810625005,0.17500737726020835,1.3151474657154714,1.5307328152038684,0.46964809618537656,0.6210883055743657,-0.3141845322526965,-0.9542223914083448,0.2519516939338236,0.06511862024221449,-0.21558534948839703,0.10620675850705744,0.40634975630289677,0.3992621617170521,0.34217397699771457,True,False,periodic_cubic_fit_of_measured_flexion_and_measured_extension,periodic_cubic_B_spline,3,2,each_measured_branch_phase_progress,True,False,True,False,False,theta_shank = q_hip - q_knee,0.42,0.3,knee_to_strap_equivalent_pull_point,0.0,120.0,5.0,145.0,0.0,120.0,5.0,145.0,True,True,False,outside_frozen_local_identification_domain,66.33416458852868,90.0,False
reference_measured_asymmetric_closed,reference_measured_asymmetric_closed_nominal,nominal,2.72,flexion,0.31744000000000006,0.1798826666666667,1.3308740365996354,1.551259018636236,0.4545132376675446,0.5862627092002943,-0.4617514898359977,-0.9455612703858376,0.25411764705882356,0.0622837370242214,-0.22038498203660062,0.09980340015455395,0.4079697063724094,0.3925474089131012,0.34238811340627584,True,False,periodic_cubic_fit_of_measured_flexion_and_measured_extension,periodic_cubic_B_spline,3,2,each_measured_branch_phase_progress,True,False,True,False,False,theta_shank = q_hip - q_knee,0.42,0.3,knee_to_strap_equivalent_pull_point,0.0,120.0,5.0,145.0,0.0,120.0,5.0,145.0,True,True,False,outside_frozen_local_identification_domain,66.33416458852868,90.0,False
reference_measured_asymmetric_closed,reference_measured_asymmetric_closed_nominal,nominal,2.754,flexion,0.32611544814375,0.18479875394812498,1.3461281839855557,1.5707109030171662,0.4454157766689495,0.5600130729825589,-0.029006410029709703,-0.5667972356571782,0.2561865468750001,0.059409926470588126,-0.22458271903161053,0.09356880011580287,0.40944459899342783,0.38603493618715834,0.34263472508626214,True,False,periodic_cubic_fit_of_measured_flexion_and_measured_extension,periodic_cubic_B_spline,3,2,each_measured_branch_phase_progress,True,False,True,False,False,theta_shank = q_hip - q_knee,0.42,0.3,knee_to_strap_equivalent_pull_point,0.0,120.0,5.0,145.0,0.0,120.0,5.0,145.0,True,True,False,outside_frozen_local_identification_domain,66.33416458852868,90.0,False
reference_measured_asymmetric_closed,reference_measured_asymmetric_closed_nominal,nominal,2.7880000000000003,flexion,0.33485957059999993,0.1897537566733333,1.3613243439101188,1.5894738425859745,0.44945477630934244,0.5436336755018562,0.12090915235652425,-0.5349268012500051,0.2581571029411766,0.056499134948096816,-0.22814949867585566,0.08733625057431944,0.41081915648569706,0.3795622306896654,0.3429665475039827,True,False,periodic_cubic_fit_of_measured_flexion_and_measured_extension,periodic_cubic_B_spline,3,2,each_measured_branch_phase_progress,True,False,True,False,False,theta_shank = q_hip - q_knee,0.42,0.3,knee_to_strap_equivalent_pull_point,0.0,120.0,5.0,145.0,0.0,120.0,5.0,145.0,True,True,False,outside_frozen_local_identification_domain,66.33416458852868,90.0,False
reference_measured_asymmetric_closed,reference_measured_asymmetric_closed_nominal,nominal,2.822,flexion,0.3436690026812501,0.19474576818604172,1.3766146435742523,1.6076275681249848,0.4491503339040225,0.5251199805041242,-0.05569260995305733,-0.4158453914304251,0.260028090992647,0.053553308823529454,-0.2310129245507324,0.08104473821032901,0.41210647945454487,0.3730752296650034,0.3434173823521566,True,False,periodic_cubic_fit_of_measured_flexion_and_measured_extension,periodic_cubic_B_spline,3,2,each_measured_branch_phase_progress,True,False,True,False,False,theta_shank = q_hip - q_knee,0.42,0.3,knee_to_strap_equivalent_pull_point,0.0,120.0,5.0,145.0,0.0,120.0,5.0,145.0,True,True,False,outside_frozen_local_identification_domain,66.33416458852868,90.0,False
reference_measured_asymmetric_closed,reference_measured_asymmetric_closed_nominal,nominal,2.856,flexion,0.3525403391999999,0.19977285887999993,1.3918229019566244,1.625286922878552,0.4453409153762929,0.5145934852322263,-0.07622425428005178,-0.25171300562833027,0.26179835294117637,0.05057439446366789,-0.23346402092192764,0.07476818570316712,0.41329132389472767,0.366629436489103,0.3438866389687875,True,False,periodic_cubic_fit_of_measured_flexion_and_measured_extension,periodic_cubic_B_spline,3,2,each_measured_branch_phase_progress,True,False,True,False,False,theta_shank = q_hip - q_knee,0.42,0.3,knee_to_strap_equivalent_pull_point,0.0,120.0,5.0,145.0,0.0,120.0,5.0,145.0,True,True,False,outside_frozen_local_identification_domain,66.33416458852868,90.0,False
reference_measured_asymmetric_closed,reference_measured_asymmetric_closed_nominal,nominal,2.8899999999999997,flexion,0.36147013671875,0.20483307747395832,1.406928446629307,1.6426069179038192,0.44288507677389793,0.5035977877467758,-0.1445604845329098,-0.3388264895024451,0.26346679687499996,0.0475643382352942,-0.23567847127451214,0.06851690251694835,0.41437354412351546,0.36022374458659,0.3443227176490395,True,False,periodic_cubic_fit_of_measured_flexion_and_measured_extension,periodic_cubic_B_spline,3,2,each_measured_branch_phase_progress,True,False,True,False,False,theta_shank = q_hip - q_knee,0.42,0.3,knee_to_strap_equivalent_pull_point,0.0,120.0,5.0,145.0,0.0,120.0,5.0,145.0,True,True,False,outside_frozen_local_identification_domain,66.33416458852868,90.0,False
reference_measured_asymmetric_closed,reference_measured_asymmetric_closed_nominal,nominal,2.924,flexion,0.3704549158,0.20992445228666667,1.4218469896199448,1.659527047600502,0.43361367071054796,0.4917063796107948,-0.26982179905609055,-0.2849330540840312,0.26503239705882353,0.044525086505190395,-0.23768005798055714,0.06232765777092197,0.41534956732467027,0.3538937027916061,0.34471500502690855,True,False,periodic_cubic_fit_of_measured_flexion_and_measured_extension,periodic_cubic_B_spline,3,2,each_measured_branch_phase_progress,True,False,True,False,False,theta_shank = q_hip - q_knee,0.42,0.3,knee_to_strap_equivalent_pull_point,0.0,120.0,5.0,145.0,0.0,120.0,5.0,145.0,True,True,False,outside_frozen_local_identification_domain,66.33416458852868,90.0,False
reference_measured_asymmetric_closed,reference_measured_asymmetric_closed_nominal,nominal,2.9579999999999997,flexion,0.37949116325625,0.21504499251187498,1.4364771712542226,1.676111640857352,0.42735390155051317,0.48358148727820083,-0.24962339808466072,-0.33515593898167895,0.26649419393382356,0.04145858564013849,-0.2396344696031294,0.05624456467718272,0.4162169493716879,0.34767200392539377,0.34501268227181375,True,False,periodic_cubic_fit_of_measured_flexion_and_measured_extension,periodic_cubic_B_spline,3,2,each_measured_branch_phase_progress,True,False,True,False,False,theta_shank = q_hip - q_knee,0.42,0.3,knee_to_strap_equivalent_pull_point,0.0,120.0,5.0,145.0,0.0,120.0,5.0,145.0,True,True,False,outside_frozen_local_identification_domain,66.33416458852868,90.0,False
reference_measured_asymmetric_closed,reference_measured_asymmetric_closed_nominal,nominal,2.992,flexion,0.3885753343999999,0.2201926894933333,1.4507604552538318,1.692269592280917,0.41006248757081915,0.4643241428335715,-0.6975745094114579,-0.7439192251946763,0.267851294117647,0.03836678200692041,-0.2415091370270852,0.05029408473080938,0.4169778232005752,0.34158752764429406,0.3452273520132134,True,False,periodic_cubic_fit_of_measured_flexion_and_measured_extension,periodic_cubic_B_spline,3,2,each_measured_branch_phase_progress,True,False,True,False,False,theta_shank = q_hip - q_knee,0.42,0.3,knee_to_strap_equivalent_pull_point,0.0,120.0,5.0,145.0,0.0,120.0,5.0,145.0,True,True,False,outside_frozen_local_identification_domain,66.33416458852868,90.0,False
reference_measured_asymmetric_closed,reference_measured_asymmetric_closed_nominal,nominal,3.026,flexion,0.3977038552937501,0.2253655179997917,1.4643173006049137,1.7076424087051216,0.3889329787036872,0.44140265800859624,-0.4803424236723713,-0.5387146253966315,0.2691028704044118,0.035251621972318334,-0.2433251081002079,0.044636732366049515,0.4176213142593199,0.33579939826450905,0.34534198120413717,True,False,periodic_cubic_fit_of_measured_flexion_and_measured_extension,periodic_cubic_B_spline,3,2,each_measured_branch_phase_progress,True,False,True,False,False,theta_shank = q_hip - q_knee,0.42,0.3,knee_to_strap_equivalent_pull_point,0.0,120.0,5.0,145.0,0.0,120.0,5.0,145.0,True,True,False,outside_frozen_local_identification_domain,66.33416458852868,90.0,False
reference_measured_asymmetric_closed,reference_measured_asymmetric_closed_nominal,nominal,3.06,flexion,0.40687312500000017,0.23056143750000008,1.4772398438251408,1.722321727450614,0.3708331645198972,0.42184706393536797,-0.55027461831475,-0.5828624284195706,0.27024816176470573,0.03211505190311418,-0.24508188362547312,0.03923642614398468,0.4181632490588426,0.33027166424270027,0.3453725203578334,True,False,periodic_cubic_fit_of_measured_flexion_and_measured_extension,periodic_cubic_B_spline,3,2,each_measured_branch_phase_progress,True,False,True,False,False,theta_shank = q_hip - q_knee,0.42,0.3,knee_to_strap_equivalent_pull_point,0.0,120.0,5.0,145.0,0.0,120.0,5.0,145.0,True,True,False,outside_frozen_local_identification_domain,66.33416458852868,90.0,False
reference_measured_asymmetric_closed,reference_measured_asymmetric_closed_nominal,nominal,3.094,flexion,0.41607951783125,0.23577839343770834,1.4895353552601345,1.7363401434986239,0.35272053071385423,0.4031155751785568,-0.498302559257748,-0.5212961655574361,0.27128647334558836,0.028959018166089884,-0.2468047882384894,0.03409205884534127,0.4186140603511614,0.3250014535694003,0.34532201397993767,True,False,periodic_cubic_fit_of_measured_flexion_and_measured_extension,periodic_cubic_B_spline,3,2,each_measured_branch_phase_progress,True,False,True,False,False,theta_shank = q_hip - q_knee,0.42,0.3,knee_to_strap_equivalent_pull_point,0.0,120.0,5.0,145.0,0.0,120.0,5.0,145.0,True,True,False,outside_frozen_local_identification_domain,66.33416458852868,90.0,False
reference_measured_asymmetric_closed,reference_measured_asymmetric_closed_nominal,nominal,3.128,flexion,0.42531938559999993,0.24101431850666663,1.5012437052470948,1.7497395873052117,0.3361787244372513,0.3849354827826152,-0.4591185516323437,-0.5396247240744365,0.27221717647058835,0.025785467128027695,-0.2484958820581169,0.02918855416280813,0.41898452036547223,0.3199735892482985,0.34520062394945117,True,False,periodic_cubic_fit_of_measured_flexion_and_measured_extension,periodic_cubic_B_spline,3,2,each_measured_branch_phase_progress,True,False,True,False,False,theta_shank = q_hip - q_knee,0.42,0.3,knee_to_strap_equivalent_pull_point,0.0,120.0,5.0,145.0,0.0,120.0,5.0,145.0,True,True,False,outside_frozen_local_identification_domain,66.33416458852868,90.0,False
reference_measured_asymmetric_closed,reference_measured_asymmetric_closed_nominal,nominal,3.162,flexion,0.43458905986874996,0.24626713392562496,1.512393852682701,1.7625017025770202,0.3191841438834997,0.3654555759965091,-0.5150279068839353,-0.5688732500562398,0.2730397086397059,0.02259634515570935,-0.2501078498943192,0.024515097363639295,0.4192839252836332,0.31518081743909004,0.3450313888083068,True,False,periodic_cubic_fit_of_measured_flexion_and_measured_extension,periodic_cubic_B_spline,3,2,each_measured_branch_phase_progress,True,False,True,False,False,theta_shank = q_hip - q_knee,0.42,0.3,knee_to_strap_equivalent_pull_point,0.0,120.0,5.0,145.0,0.0,120.0,5.0,145.0,True,True,False,outside_frozen_local_identification_domain,66.33416458852868,90.0,False
reference_measured_asymmetric_closed,reference_measured_asymmetric_closed_nominal,nominal,3.196,flexion,0.4438848542000001,0.2515347507133334,1.5229863903010359,1.7746331400323048,0.30550252408807094,0.3494153864003885,-0.25718835589768524,-0.36476820597202564,0.27375357352941193,0.01939359861591689,-0.2516467497312689,0.020072524358346833,0.4195200755218796,0.31062363308356605,0.3448203217167575,True,False,periodic_cubic_fit_of_measured_flexion_and_measured_extension,periodic_cubic_B_spline,3,2,each_measured_branch_phase_progress,True,False,True,False,False,theta_shank = q_hip - q_knee,0.42,0.3,knee_to_strap_equivalent_pull_point,0.0,120.0,5.0,145.0,0.0,120.0,5.0,145.0,True,True,False,outside_frozen_local_identification_domain,66.33416458852868,90.0,False
reference_measured_asymmetric_closed,reference_measured_asymmetric_closed_nominal,nominal,3.23,flexion,0.4532030664062502,0.2568150709635418,1.533265496017556,1.7863453283169246,0.2996900831800044,0.34063376149206176,-0.17932697866410627,-0.22521780844265318,0.27435834099264705,0.016179173875432565,-0.2530798322993686,0.015759248668643568,0.4197042364348969,0.3062030081594047,0.34458817574962863,True,False,periodic_cubic_fit_of_measured_flexion_and_measured_extension,periodic_cubic_B_spline,3,2,each_measured_branch_phase_progress,True,False,True,False,False,theta_shank = q_hip - q_knee,0.42,0.3,knee_to_strap_equivalent_pull_point,0.0,120.0,5.0,145.0,0.0,120.0,5.0,145.0,True,True,False,outside_frozen_local_identification_domain,66.33416458852868,90.0,False
reference_measured_asymmetric_closed,reference_measured_asymmetric_closed_nominal,nominal,3.264,flexion,0.4625399807999999,0.26210598911999994,1.5433211829727609,1.7977548287896674,0.2913985759916693,0.3291596054109339,-0.282814810053001,-0.481492749229162,0.27485364705882365,0.01295501730103792,-0.25443364581690653,0.011538108622749284,0.41984148443121916,0.3018799088420107,0.3443322860151422,True,False,periodic_cubic_fit_of_measured_flexion_and_measured_extension,periodic_cubic_B_spline,3,2,each_measured_branch_phase_progress,True,False,True,False,False,theta_shank = q_hip - q_knee,0.42,0.3,knee_to_strap_equivalent_pull_point,0.0,120.0,5.0,145.0,0.0,120.0,5.0,145.0,True,True,False,outside_frozen_local_identification_domain,66.33416458852868,90.0,False
reference_measured_asymmetric_closed,reference_measured_asymmetric_closed_nominal,nominal,3.298,flexion,0.47189187044375003,0.26740539325145835,1.5530527976758555,1.8086314702319324,0.28127927265384817,0.3114878376774159,-0.2638643255330721,-0.40398499759615664,0.27523919393382357,0.009723075259515542,-0.2555786725560769,0.0074518911989741995,0.41993388684120103,0.2977070410543408,0.3440922888725489,True,False,periodic_cubic_fit_of_measured_flexion_and_measured_extension,periodic_cubic_B_spline,3,2,each_measured_branch_phase_progress,True,False,True,False,False,theta_shank = q_hip - q_knee,0.42,0.3,knee_to_strap_equivalent_pull_point,0.0,120.0,5.0,145.0,0.0,120.0,5.0,145.0,True,True,False,outside_frozen_local_identification_domain,66.33416458852868,90.0,False
reference_measured_asymmetric_closed,reference_measured_asymmetric_closed_nominal,nominal,3.332,flexion,0.4812549993999999,0.2727111663266666,1.562466339143892,1.8189946578251897,0.2720246230210903,0.29655016845620674,-0.33062862968172757,-0.6489092475280533,0.2755147499999999,0.006485294117647096,-0.25652831868129766,0.0034985543530746737,0.41998542845846276,0.29368155065955875,0.34386822505088177,True,False,periodic_cubic_fit_of_measured_flexion_and_measured_extension,periodic_cubic_B_spline,3,2,each_measured_branch_phase_progress,True,False,True,False,False,theta_shank = q_hip - q_knee,0.42,0.3,knee_to_strap_equivalent_pull_point,0.0,120.0,5.0,145.0,0.0,120.0,5.0,145.0,True,True,False,outside_frozen_local_identification_domain,66.33416458852868,90.0,False
reference_measured_asymmetric_closed,reference_measured_asymmetric_closed_nominal,nominal,3.366,flexion,0.49062562498125,0.278021187489375,1.5715026570681978,1.828624497551476,0.25957097656955097,0.27031178803799166,-0.3323383639675076,-0.6216447011435343,0.27568014981617645,0.0032436202422144764,-0.25712184048327824,-0.0002966586901192054,0.4199998952304888,0.2898411092881799,0.3437104753049798,True,False,periodic_cubic_fit_of_measured_flexion_and_measured_extension,periodic_cubic_B_spline,3,2,each_measured_branch_phase_progress,True,False,True,False,False,theta_shank = q_hip - q_knee,0.42,0.3,knee_to_strap_equivalent_pull_point,0.0,120.0,5.0,145.0,0.0,120.0,5.0,145.0,True,True,False,outside_frozen_local_identification_domain,66.33416458852868,90.0,False
reference_measured_asymmetric_closed,reference_measured_asymmetric_closed_nominal,nominal,3.4,flexion,0.5,0.2833333333333333,1.5801488451662136,1.8375004672874014,0.24872838866033192,0.25062893990099855,-0.38177943381848967,-0.8162266365439803,0.2757352941176471,0.0,-0.2573516221211878,-0.003928000451930771,0.4199816315179149,0.2861922299590778,0.3436255452754725,True,False,periodic_cubic_fit_of_measured_flexion_and_measured_extension,periodic_cubic_B_spline,3,2,each_measured_branch_phase_progress,True,False,True,False,False,theta_shank = q_hip - q_knee,0.42,0.3,knee_to_strap_equivalent_pull_point,0.0,120.0,5.0,145.0,0.0,120.0,5.0,145.0,True,True,False,outside_frozen_local_identification_domain,66.33416458852868,90.0,False
reference_measured_asymmetric_closed,reference_measured_asymmetric_closed_nominal,nominal,3.4339999999999997,flexion,0.50937437501875,0.28864547917729166,1.5883637122584313,1.8454397431923444,0.2337559630030247,0.21491728671328314,-0.5135845423725992,-1.0656546759336885,0.2756801498161764,-0.0032436202422144378,-0.25707603093391307,-0.007377922393854079,0.41993519292999276,0.28276334006396275,0.3436590641649312,True,False,periodic_cubic_fit_of_measured_flexion_and_measured_extension,periodic_cubic_B_spline,3,2,each_measured_branch_phase_progress,True,False,True,False,False,theta_shank = q_hip - q_knee,0.42,0.3,knee_to_strap_equivalent_pull_point,0.0,120.0,5.0,145.0,0.0,120.0,5.0,145.0,True,True,False,outside_frozen_local_identification_domain,66.33416458852868,90.0,False
reference_measured_asymmetric_closed,reference_measured_asymmetric_closed_nominal,nominal,3.468,flexion,0.5187450006000003,0.2939555003400002,1.5960446359644516,1.8522469926122105,0.21922275956981796,0.18758569629805408,-0.3231735234968521,-0.7528904524756629,0.27551474999999986,-0.0064852941176469425,-0.2562023566477589,-0.01060316322177191,0.4198661369171041,0.27960462898653027,0.3438435261911964,True,False,periodic_cubic_fit_of_measured_flexion_and_measured_extension,periodic_cubic_B_spline,3,2,each_measured_branch_phase_progress,True,False,True,False,False,theta_shank = q_hip - q_knee,0.42,0.3,knee_to_strap_equivalent_pull_point,0.0,120.0,5.0,145.0,0.0,120.0,5.0,145.0,True,True,False,outside_frozen_local_identification_domain,66.33416458852868,90.0,False
reference_measured_asymmetric_closed,reference_measured_asymmetric_closed_nominal,nominal,3.502,flexion,0.5281081295562499,0.29926127341520825,1.6033606552712873,1.8581829411648392,0.21214994436213755,0.16177686892839513,-0.16817613239734927,-0.7311678107258528,0.2752391939338235,-0.009723075259515466,-0.2548222858935518,-0.0136746008223769,0.41977732822574954,0.2766378315701899,0.344155297055519,True,False,periodic_cubic_fit_of_measured_flexion_and_measured_extension,periodic_cubic_B_spline,3,2,each_measured_branch_phase_progress,True,False,True,False,False,theta_shank = q_hip - q_knee,0.42,0.3,knee_to_strap_equivalent_pull_point,0.0,120.0,5.0,145.0,0.0,120.0,5.0,145.0,True,True,False,outside_frozen_local_identification_domain,66.33416458852868,90.0,False
reference_measured_asymmetric_closed,reference_measured_asymmetric_closed_nominal,nominal,3.536,flexion,0.5374600192000001,0.3045606775466667,1.610456445210249,1.8632984007795828,0.20490829897568388,0.1403623486035102,-0.1948822361276012,-0.5419688305061933,0.27485364705882337,-0.012955017301038036,-0.25284195556933375,-0.016652883310462135,0.4196697290458869,0.2738087363255902,0.3446227602969676,True,False,periodic_cubic_fit_of_measured_flexion_and_measured_extension,periodic_cubic_B_spline,3,2,each_measured_branch_phase_progress,True,False,True,False,False,theta_shank = q_hip - q_knee,0.42,0.3,knee_to_strap_equivalent_pull_point,0.0,120.0,5.0,145.0,0.0,120.0,5.0,145.0,True,True,False,outside_frozen_local_identification_domain,66.33416458852868,90.0,False
reference_measured_asymmetric_closed,reference_measured_asymmetric_closed_nominal,nominal,3.57,flexion,0.5467969335937501,0.3098515957031251,1.6173398533351626,1.8677886779797535,0.20061589814022318,0.12463565842281793,-0.09228760688771087,-0.4254106039809249,0.27435834099264705,-0.016179173875432565,-0.25044882464459084,-0.019541224004888273,0.4195451591478452,0.27109916093402386,0.3451935173195643,True,False,periodic_cubic_fit_of_measured_flexion_and_measured_extension,periodic_cubic_B_spline,3,2,each_measured_branch_phase_progress,True,False,True,False,False,theta_shank = q_hip - q_knee,0.42,0.3,knee_to_strap_equivalent_pull_point,0.0,120.0,5.0,145.0,0.0,120.0,5.0,145.0,True,True,False,outside_frozen_local_identification_domain,66.33416458852868,90.0,False
reference_measured_asymmetric_closed,reference_measured_asymmetric_closed_nominal,nominal,3.604,flexion,0.5561151458,0.31513191595333334,1.6240998411403467,1.8717760440288131,0.1967038879512126,0.11019932022700311,-0.12560358896387713,-0.3601157214983485,0.27375357352941204,-0.019393598615917045,-0.24767620288846648,-0.022376876073723732,0.4194034756856233,0.2684685404425038,0.34585795446575485,True,False,periodic_cubic_fit_of_measured_flexion_and_measured_extension,periodic_cubic_B_spline,3,2,each_measured_branch_phase_progress,True,False,True,False,False,theta_shank = q_hip - q_knee,0.42,0.3,knee_to_strap_equivalent_pull_point,0.0,120.0,5.0,145.0,0.0,120.0,5.0,145.0,True,True,False,outside_frozen_local_identification_domain,66.33416458852868,90.0,False
reference_measured_asymmetric_closed,reference_measured_asymmetric_closed_nominal,nominal,3.638,flexion,0.56541094013125,0.32039953274104166,1.6307241251828735,1.875368765073012,0.1931083058139609,0.10260518744610478,-0.08595233980996894,-0.12447666395125578,0.27303970863970584,-0.02259634515570923,-0.24464463989013852,-0.02515461254674332,0.4192460440691399,0.26591242502071183,0.3465825756568377,True,False,periodic_cubic_fit_of_measured_flexion_and_measured_extension,periodic_cubic_B_spline,3,2,each_measured_branch_phase_progress,True,False,True,False,False,theta_shank = q_hip - q_knee,0.42,0.3,knee_to_strap_equivalent_pull_point,0.0,120.0,5.0,145.0,0.0,120.0,5.0,145.0,True,True,False,outside_frozen_local_identification_domain,66.33416458852868,90.0,False
reference_measured_asymmetric_closed,reference_measured_asymmetric_closed_nominal,nominal,3.672,flexion,0.5746806144000002,0.3256523481600001,1.6372506029346596,1.878780893864359,0.19075990218334987,0.09754605663581288,-0.09038951845907284,-0.19087597938733505,0.2722171764705883,-0.025785467128027657,-0.24153029092969946,-0.027890257373876463,0.41907294537302087,0.2634016676719532,0.34731631220858966,True,False,periodic_cubic_fit_of_measured_flexion_and_measured_extension,periodic_cubic_B_spline,3,2,each_measured_branch_phase_progress,True,False,True,False,False,theta_shank = q_hip - q_knee,0.42,0.3,knee_to_strap_equivalent_pull_point,0.0,120.0,5.0,145.0,0.0,120.0,5.0,145.0,True,True,False,outside_frozen_local_identification_domain,66.33416458852868,90.0,False
reference_measured_asymmetric_closed,reference_measured_asymmetric_closed_nominal,nominal,3.706,flexion,0.5839204821687498,0.3308882732289582,1.6436630600345,1.8820028846552737,0.18589491218221613,0.09251183664592284,-0.19081296989713198,-0.11930230339436462,0.2712864733455884,-0.028959018166090002,-0.23833982462077374,-0.03057695282489032,0.4188854854920906,0.2609424264131404,0.3480585730316903,True,False,periodic_cubic_fit_of_measured_flexion_and_measured_extension,periodic_cubic_B_spline,3,2,each_measured_branch_phase_progress,True,False,True,False,False,theta_shank = q_hip - q_knee,0.42,0.3,knee_to_strap_equivalent_pull_point,0.0,120.0,5.0,145.0,0.0,120.0,5.0,145.0,True,True,False,outside_frozen_local_identification_domain,66.33416458852868,90.0,False
reference_measured_asymmetric_closed,reference_measured_asymmetric_closed_nominal,nominal,3.74,flexion,0.5931268750000003,0.3361052291666668,1.6498557678493613,1.8850359022959977,0.17841929366201909,0.08533652427889174,-0.18826564825101924,-0.22410329922858338,0.2702481617647056,-0.032115051903114256,-0.23518013444663644,-0.03317038535887,0.41868810054161326,0.2585713293948035,0.3487826510216639,True,False,periodic_cubic_fit_of_measured_flexion_and_measured_extension,periodic_cubic_B_spline,3,2,each_measured_branch_phase_progress,True,False,True,False,False,theta_shank = q_hip - q_knee,0.42,0.3,knee_to_strap_equivalent_pull_point,0.0,120.0,5.0,145.0,0.0,120.0,5.0,145.0,True,True,False,outside_frozen_local_identification_domain,66.33416458852868,90.0,False
reference_measured_asymmetric_closed,reference_measured_asymmetric_closed_nominal,nominal,3.774,flexion,0.60229614470625,0.341301148666875,1.6558400929330281,1.8878860770506343,0.17449065077465772,0.084643313116118,-0.030201703857797434,0.18555149085328623,0.26910287040441183,-0.03525162197231841,-0.23204598411760613,-0.03567534215667219,0.41848210231980576,0.2562840335525037,0.3494913570309751,True,False,periodic_cubic_fit_of_measured_flexion_and_measured_extension,periodic_cubic_B_spline,3,2,each_measured_branch_phase_progress,True,False,True,False,False,theta_shank = q_hip - q_knee,0.42,0.3,knee_to_strap_equivalent_pull_point,0.0,120.0,5.0,145.0,0.0,120.0,5.0,145.0,True,True,False,outside_frozen_local_identification_domain,66.33416458852868,90.0,False
reference_measured_asymmetric_closed,reference_measured_asymmetric_closed_nominal,nominal,3.8080000000000003,flexion,0.6114246655999999,0.3464739771733332,1.6617545032504648,1.8908829076310294,0.17306274099383556,0.09114487759481808,-0.08243831349208039,0.10865036691275161,0.2678512941176471,-0.03836678200692045,-0.2291284043805646,-0.038149778626166725,0.41826378565538574,0.2540096401800822,0.35012514755045415,True,False,periodic_cubic_fit_of_measured_flexion_and_measured_extension,periodic_cubic_B_spline,3,2,each_measured_branch_phase_progress,True,False,True,False,False,theta_shank = q_hip - q_knee,0.42,0.3,knee_to_strap_equivalent_pull_point,0.0,120.0,5.0,145.0,0.0,120.0,5.0,145.0,True,True,False,outside_frozen_local_identification_domain,66.33416458852868,90.0,False
reference_measured_asymmetric_closed,reference_measured_asymmetric_closed_nominal,nominal,3.842,flexion,0.6205088367437501,0.35162167415479173,1.6675975238492229,1.8940469928601706,0.17119772347692447,0.09569925902644243,-0.006328904919658155,0.18761195936029024,0.26649419393382356,-0.041458585640138525,-0.22644946901094776,-0.04059303740336032,0.41803373705284763,0.2517478718233563,0.3506780187173075,True,False,periodic_cubic_fit_of_measured_flexion_and_measured_extension,periodic_cubic_B_spline,3,2,each_measured_branch_phase_progress,True,False,True,False,False,theta_shank = q_hip - q_knee,0.42,0.3,knee_to_strap_equivalent_pull_point,0.0,120.0,5.0,145.0,0.0,120.0,5.0,145.0,True,True,False,outside_frozen_local_identification_domain,66.33416458852868,90.0,False
reference_measured_asymmetric_closed,reference_measured_asymmetric_closed_nominal,nominal,3.8760000000000003,flexion,0.6295450841999999,0.3567422143799999,1.6734215768932776,1.8974235762393539,0.17131570414884226,0.10331967317578478,-0.013926521701508078,0.2393926785530767,0.2650323970588235,-0.044525086505190395,-0.22400199934607623,-0.04302698585073183,0.41779023263906123,0.24947789871244996,0.35115021083024367,True,False,periodic_cubic_fit_of_measured_flexion_and_measured_extension,periodic_cubic_B_spline,3,2,each_measured_branch_phase_progress,True,False,True,False,False,theta_shank = q_hip - q_knee,0.42,0.3,knee_to_strap_equivalent_pull_point,0.0,120.0,5.0,145.0,0.0,120.0,5.0,145.0,True,True,False,outside_frozen_local_identification_domain,66.33416458852868,90.0,False
reference_measured_asymmetric_closed,reference_measured_asymmetric_closed_nominal,nominal,3.91,flexion,0.6385298632812499,0.3618335891927083,1.679235310650203,1.901066472934183,0.17093416531443695,0.11078910688282279,0.0065409782448612695,0.18883160846158373,0.2634667968749999,-0.047564338235294046,-0.22183116228398014,-0.045455166203581754,0.4175330260774646,0.24719369365586835,0.3515281412357809,True,False,periodic_cubic_fit_of_measured_flexion_and_measured_extension,periodic_cubic_B_spline,3,2,each_measured_branch_phase_progress,True,False,True,False,False,theta_shank = q_hip - q_knee,0.42,0.3,knee_to_strap_equivalent_pull_point,0.0,120.0,5.0,145.0,0.0,120.0,5.0,145.0,True,True,False,outside_frozen_local_identification_domain,66.33416458852868,90.0,False
reference_measured_asymmetric_closed,reference_measured_asymmetric_closed_nominal,nominal,3.9439999999999995,flexion,0.6474596607999998,0.3668938077866666,1.6850571479546341,1.9049331215702743,0.1727933455381009,0.11793086753349345,0.18908842989413102,0.36419737108208133,0.2617983529411766,-0.05057439446366785,-0.21987597361564015,-0.04788519149735411,0.41726131912179654,0.24489216091937216,0.3518287438106256,True,False,periodic_cubic_fit_of_measured_flexion_and_measured_extension,periodic_cubic_B_spline,3,2,each_measured_branch_phase_progress,True,False,True,False,False,theta_shank = q_hip - q_knee,0.42,0.3,knee_to_strap_equivalent_pull_point,0.0,120.0,5.0,145.0,0.0,120.0,5.0,145.0,True,True,False,outside_frozen_local_identification_domain,66.33416458852868,90.0,False
reference_measured_asymmetric_closed,reference_measured_asymmetric_closed_nominal,nominal,3.9779999999999998,flexion,0.6563309973187499,0.37192089848062493,1.6910096346649695,1.909134584360176,0.17563841249673165,0.12745017986867327,-0.11421101390133505,0.051787242659894775,0.260028090992647,-0.05355330882352942,-0.21812494969520646,-0.050368070952926905,0.4169688926388645,0.24252340656981997,0.35204907752404563,True,False,periodic_cubic_fit_of_measured_flexion_and_measured_extension,periodic_cubic_B_spline,3,2,each_measured_branch_phase_progress,True,False,True,False,False,theta_shank = q_hip - q_knee,0.42,0.3,knee_to_strap_equivalent_pull_point,0.0,120.0,5.0,145.0,0.0,120.0,5.0,145.0,True,True,False,outside_frozen_local_identification_domain,66.33416458852868,90.0,False
reference_measured_asymmetric_closed,reference_measured_asymmetric_closed_nominal,nominal,4.012,flexion,0.6651404294000002,0.37691290999333343,1.6968171328987627,1.9133909257951884,0.16411490680458282,0.12064044995295482,-0.4019451892568763,-0.3228798481411923,0.25815710294117633,-0.056499134948096816,-0.21657379289642575,-0.05278875406809088,0.4166693502574177,0.24020307186568615,0.3522039336684334,True,False,periodic_cubic_fit_of_measured_flexion_and_measured_extension,periodic_cubic_B_spline,3,2,each_measured_branch_phase_progress,True,False,True,False,False,theta_shank = q_hip - q_knee,0.42,0.3,knee_to_strap_equivalent_pull_point,0.0,120.0,5.0,145.0,0.0,120.0,5.0,145.0,True,True,False,outside_frozen_local_identification_domain,66.33416458852868,90.0,False
reference_measured_asymmetric_closed,reference_measured_asymmetric_closed_nominal,nominal,4.045999999999999,flexion,0.6738845518562497,0.3818679127185415,1.7022136521013491,1.9173467336655816,0.15460688268224304,0.11366802754012469,-0.26172561768060776,-0.1344131393677162,0.2561865468749999,-0.059409926470588334,-0.2151330815642325,-0.055036538637706994,0.41637840892003536,0.2380478592460911,0.3523351757326679,True,False,periodic_cubic_fit_of_measured_flexion_and_measured_extension,periodic_cubic_B_spline,3,2,each_measured_branch_phase_progress,True,False,True,False,False,theta_shank = q_hip - q_knee,0.42,0.3,knee_to_strap_equivalent_pull_point,0.0,120.0,5.0,145.0,0.0,120.0,5.0,145.0,True,True,False,outside_frozen_local_identification_domain,66.33416458852868,90.0,False
reference_measured_asymmetric_closed,reference_measured_asymmetric_closed_nominal,nominal,4.08,flexion,0.6825599999999996,0.3867839999999998,1.707266371415694,1.9211163669294598,0.14149734829004745,0.10798480708254539,-0.4691150753277446,-0.18175659096712693,0.2541176470588238,-0.06228373702422151,-0.21384999551376582,-0.0571396703755381,0.41609501086816075,0.23602665921101543,0.3524278827976387,True,False,periodic_cubic_fit_of_measured_flexion_and_measured_extension,periodic_cubic_B_spline,3,2,each_measured_branch_phase_progress,True,False,True,False,False,theta_shank = q_hip - q_knee,0.42,0.3,knee_to_strap_equivalent_pull_point,0.0,120.0,5.0,145.0,0.0,120.0,5.0,145.0,True,True,False,outside_frozen_local_identification_domain,66.33416458852868,90.0,False
reference_measured_asymmetric_closed,reference_measured_asymmetric_closed_nominal,nominal,4.114,flexion,0.6911634518937497,0.39165928940645817,1.7117973768194976,1.9246631052639662,0.12573394179020456,0.10060374668646,-0.35970684123567415,-0.19732725481262525,0.25195169393382355,-0.06511862024221464,-0.2128657284444686,-0.05902440612931671,0.4158318403887339,0.2342044468976044,0.3524532970754303,True,False,periodic_cubic_fit_of_measured_flexion_and_measured_extension,periodic_cubic_B_spline,3,2,each_measured_branch_phase_progress,True,False,True,False,False,theta_shank = q_hip - q_knee,0.42,0.3,knee_to_strap_equivalent_pull_point,0.0,120.0,5.0,145.0,0.0,120.0,5.0,145.0,True,True,False,outside_frozen_local_identification_domain,66.33416458852868,90.0,False
reference_measured_asymmetric_closed,reference_measured_asymmetric_closed_nominal,nominal,4.148,flexion,0.6996916306000001,0.39649192400666666,1.7158932627454968,1.9280037257635687,0.11641715242687636,0.09708478386698638,-0.13713813747102782,0.014777843011755713,0.24969004411764698,-0.06791262975778534,-0.2121104630180719,-0.06072710604539006,0.4155865957792093,0.23254953096686315,0.3524295361359433,True,False,periodic_cubic_fit_of_measured_flexion_and_measured_extension,periodic_cubic_B_spline,3,2,each_measured_branch_phase_progress,True,False,True,False,False,theta_shank = q_hip - q_knee,0.42,0.3,knee_to_strap_equivalent_pull_point,0.0,120.0,5.0,145.0,0.0,120.0,5.0,145.0,True,True,False,outside_frozen_local_identification_domain,66.33416458852868,90.0,False
reference_measured_asymmetric_closed,reference_measured_asymmetric_closed_nominal,nominal,4.1819999999999995,flexion,0.7081413064312495,0.40128007364437474,1.7197547388873278,1.9313052482684374,0.10919500772672866,0.09609113325829616,-0.31392957694937224,-0.10765322709594323,0.2473341204044119,-0.07066381920415234,-0.21155050938110964,-0.062331427031404006,0.41534900168921646,0.23098052902608682,0.3523561732582866,True,False,periodic_cubic_fit_of_measured_flexion_and_measured_extension,periodic_cubic_B_spline,3,2,each_measured_branch_phase_progress,True,False,True,False,False,theta_shank = q_hip - q_knee,0.42,0.3,knee_to_strap_equivalent_pull_point,0.0,120.0,5.0,145.0,0.0,120.0,5.0,145.0,True,True,False,outside_frozen_local_identification_domain,66.33416458852868,90.0,False
reference_measured_asymmetric_closed,reference_measured_asymmetric_closed_nominal,nominal,4.216,flexion,0.7165092992000002,0.40602193621333343,1.7233175133454124,1.9345238866486192,0.1028983545258762,0.09484052265510783,0.0750185171178184,0.1293046531330069,0.24488541176470605,-0.07337024221453303,-0.2112063733032068,-0.06381082311795994,0.41512429325806555,0.2295227936756007,0.35223240778141196,True,False,periodic_cubic_fit_of_measured_flexion_and_measured_extension,periodic_cubic_B_spline,3,2,each_measured_branch_phase_progress,True,False,True,False,False,theta_shank = q_hip - q_knee,0.42,0.3,knee_to_strap_equivalent_pull_point,0.0,120.0,5.0,145.0,0.0,120.0,5.0,145.0,True,True,False,outside_frozen_local_identification_domain,66.33416458852868,90.0,False
reference_measured_asymmetric_closed,reference_measured_asymmetric_closed_nominal,nominal,4.25,flexion,0.72479248046875,0.41071573893229163,1.726950192175396,1.9378776854270878,0.11242089090462905,0.10368737371503542,0.36601587177096606,0.3500964767220062,0.24234547334558823,-0.07602995242214533,-0.2109274932516918,-0.06531841199848978,0.4148897504807699,0.22803273268022864,0.3520796723428978,True,False,periodic_cubic_fit_of_measured_flexion_and_measured_extension,periodic_cubic_B_spline,3,2,each_measured_branch_phase_progress,True,False,True,False,False,theta_shank = q_hip - q_knee,0.42,0.3,knee_to_strap_equivalent_pull_point,0.0,120.0,5.0,145.0,0.0,120.0,5.0,145.0,True,True,False,outside_frozen_local_identification_domain,66.33416458852868,90.0,False
reference_measured_asymmetric_closed,reference_measured_asymmetric_closed_nominal,nominal,4.284,flexion,0.7329877757999999,0.4153597396199999,1.7309390253598558,1.9415809047540258,0.12101993712937628,0.11324519495694405,0.22018488725388824,0.22903908122730599,0.23971592647058804,-0.07864100346020778,-0.21064187939417,-0.06697281398148822,0.41462590631483814,0.22639625816059436,0.35189961588974167,True,False,periodic_cubic_fit_of_measured_flexion_and_measured_extension,periodic_cubic_B_spline,3,2,each_measured_branch_phase_progress,True,False,True,False,False,theta_shank = q_hip - q_knee,0.42,0.3,knee_to_strap_equivalent_pull_point,0.0,120.0,5.0,145.0,0.0,120.0,5.0,145.0,True,True,False,outside_frozen_local_identification_domain,66.33416458852868,90.0,False
reference_measured_asymmetric_closed,reference_measured_asymmetric_closed_nominal,nominal,4.318,flexion,0.7410921670062504,0.41995222797020854,1.7352009378151134,1.9455543700198406,0.12988358775401365,0.12001723371946499,0.2830012169411237,0.1691483783453303,0.23699845863970573,-0.08120144896193764,-0.21035343220472713,-0.06873929970356743,0.41433670930327077,0.22464785345602692,0.35169504297079923,True,False,periodic_cubic_fit_of_measured_flexion_and_measured_extension,periodic_cubic_B_spline,3,2,each_measured_branch_phase_progress,True,False,True,False,False,theta_shank = q_hip - q_knee,0.42,0.3,knee_to_strap_equivalent_pull_point,0.0,120.0,5.0,145.0,0.0,120.0,5.0,145.0,True,True,False,outside_frozen_local_identification_domain,66.33416458852868,90.0,False
reference_measured_asymmetric_closed,reference_measured_asymmetric_closed_nominal,nominal,4.352,flexion,0.7491026944000009,0.42449152682666713,1.7398062447610716,1.9497479616069353,0.14141183502564503,0.1270666995342364,0.35318817910200045,0.2401524857805154,0.23419482352941146,-0.08370934256055376,-0.2099417168458637,-0.07064671174442629,0.4140157510526622,0.22276620708461353,0.35149488202300694,True,False,periodic_cubic_fit_of_measured_flexion_and_measured_extension,periodic_cubic_B_spline,3,2,each_measured_branch_phase_progress,True,False,True,False,False,theta_shank = q_hip - q_knee,0.42,0.3,knee_to_strap_equivalent_pull_point,0.0,120.0,5.0,145.0,0.0,120.0,5.0,145.0,True,True,False,outside_frozen_local_identification_domain,66.33416458852868,90.0,False
reference_measured_asymmetric_closed,reference_measured_asymmetric_closed_nominal,nominal,4.386,flexion,0.75701645904375,0.428975993458125,1.7448025999015693,1.9541970547047602,0.15185398791811525,0.13413125558031688,0.2451497750068954,0.16348288100767633,0.23130684099264703,-0.08616273788927331,-0.20939445480319097,-0.072714391068932,0.4136576088161251,0.22073269911893573,0.35129732289412646,True,False,periodic_cubic_fit_of_measured_flexion_and_measured_extension,periodic_cubic_B_spline,3,2,each_measured_branch_phase_progress,True,False,True,False,False,theta_shank = q_hip - q_knee,0.42,0.3,knee_to_strap_equivalent_pull_point,0.0,120.0,5.0,145.0,0.0,120.0,5.0,145.0,True,True,False,outside_frozen_local_identification_domain,66.33416458852868,90.0,False
reference_measured_asymmetric_closed,reference_measured_asymmetric_closed_nominal,nominal,4.42,flexion,0.7648306249999993,0.43340402083333296,1.7500925333992905,1.9588414173778408,0.1594773038618485,0.13898334291256462,0.25696118253748845,0.14349676123310778,0.22833639705882397,-0.08855968858131517,-0.2087488839785503,-0.07490158470932372,0.4132671685581036,0.21858570230820468,0.35109633649763594,True,False,periodic_cubic_fit_of_measured_flexion_and_measured_extension,periodic_cubic_B_spline,3,2,each_measured_branch_phase_progress,True,False,True,False,False,theta_shank = q_hip - q_knee,0.42,0.3,knee_to_strap_equivalent_pull_point,0.0,120.0,5.0,145.0,0.0,120.0,5.0,145.0,True,True,False,outside_frozen_local_identification_domain,66.33416458852868,90.0,False
reference_measured_asymmetric_closed,reference_measured_asymmetric_closed_nominal,nominal,4.454,flexion,0.7725424215812496,0.43777403889604144,1.7556783147750954,1.9636613513643772,0.16920324503048867,0.1447399899121113,0.2640831651413034,0.1736996675392038,0.225285443933824,-0.09089824826989627,-0.20798303658928186,-0.07720882426115924,0.4128423397087675,0.2163259900527331,0.3508962923311604,True,False,periodic_cubic_fit_of_measured_flexion_and_measured_extension,periodic_cubic_B_spline,3,2,each_measured_branch_phase_progress,True,False,True,False,False,theta_shank = q_hip - q_knee,0.42,0.3,knee_to_strap_equivalent_pull_point,0.0,120.0,5.0,145.0,0.0,120.0,5.0,145.0,True,True,False,outside_frozen_local_identification_domain,66.33416458852868,90.0,False
reference_measured_asymmetric_closed,reference_measured_asymmetric_closed_nominal,nominal,4.488,flexion,0.7801491456,0.44208451584,1.7615600022164295,1.9686776409062388,0.17610947120746848,0.1501830764725427,0.16225398307820055,0.15502021573628977,0.22215600000000002,-0.09317647058823522,-0.20711763868980926,-0.0796356843788277,0.41238108319067657,0.21395262799156525,0.35068908338920657,True,False,periodic_cubic_fit_of_measured_flexion_and_measured_extension,periodic_cubic_B_spline,3,2,each_measured_branch_phase_progress,True,False,True,False,False,theta_shank = q_hip - q_knee,0.42,0.3,knee_to_strap_equivalent_pull_point,0.0,120.0,5.0,145.0,0.0,120.0,5.0,145.0,True,True,False,outside_frozen_local_identification_domain,66.33416458852868,90.0,False
reference_measured_asymmetric_closed,reference_measured_asymmetric_closed_nominal,nominal,4.522,flexion,0.7876481636187505,0.4463339593839586,1.7676599526730916,1.9738869197841555,0.1831827098935338,0.1565050864928377,0.24473564927634306,0.1992933570039378,0.21895014981617644,-0.09539240916955015,-0.20622696711106392,-0.08214969136227271,0.4118876402722996,0.21149345186052562,0.35045715567193897,True,False,periodic_cubic_fit_of_measured_flexion_and_measured_extension,periodic_cubic_B_spline,3,2,each_measured_branch_phase_progress,True,False,True,False,False,theta_shank = q_hip - q_knee,0.42,0.3,knee_to_strap_equivalent_pull_point,0.0,120.0,5.0,145.0,0.0,120.0,5.0,145.0,True,True,False,outside_frozen_local_identification_domain,66.33416458852868,90.0,False
reference_measured_asymmetric_closed,reference_measured_asymmetric_closed_nominal,nominal,4.556,flexion,0.7950369142000001,0.4505209180466667,1.7740211338655552,1.9793149931791194,0.19029131754309056,0.16233485942228257,0.14141382404769745,0.12736343384307675,0.215670044117647,-0.09754411764705904,-0.20529385931356425,-0.08476810353017293,0.4113567413133008,0.20893223311240333,0.3502002841232594,True,False,periodic_cubic_fit_of_measured_flexion_and_measured_extension,periodic_cubic_B_spline,3,2,each_measured_branch_phase_progress,True,False,True,False,False,theta_shank = q_hip - q_knee,0.42,0.3,knee_to_strap_equivalent_pull_point,0.0,120.0,5.0,145.0,0.0,120.0,5.0,145.0,True,True,False,outside_frozen_local_identification_domain,66.33416458852868,90.0,False
reference_measured_asymmetric_closed,reference_measured_asymmetric_closed_nominal,nominal,4.59,flexion,0.8023129101562498,0.45464398242187487,1.780551220494093,1.9848920447533662,0.19345214112583084,0.16550102967904795,0.07698320392457703,0.08990707819349951,0.21231789981617638,-0.09962964965397945,-0.20434082425927325,-0.08745247225977665,0.4107944316755681,0.20630601524102876,0.3499179089328954,True,False,periodic_cubic_fit_of_measured_flexion_and_measured_extension,periodic_cubic_B_spline,3,2,each_measured_branch_phase_progress,True,False,True,False,False,theta_shank = q_hip - q_knee,0.42,0.3,knee_to_strap_equivalent_pull_point,0.0,120.0,5.0,145.0,0.0,120.0,5.0,145.0,True,True,False,outside_frozen_local_identification_domain,66.33416458852868,90.0,False
reference_measured_asymmetric_closed,reference_measured_asymmetric_closed_nominal,nominal,4.6240000000000006,flexion,0.8094737407999993,0.4587017864533329,1.7871808540445155,1.9905785069836262,0.1969008791851652,0.16924438926267538,0.12713869986937015,0.12376500501483956,0.2088960000000005,-0.10164705882352951,-0.2033976529391106,-0.09017394700614638,0.4102056304846786,0.203641826816795,0.3496061993584202,True,False,periodic_cubic_fit_of_measured_flexion_and_measured_extension,periodic_cubic_B_spline,3,2,each_measured_branch_phase_progress,True,False,True,False,False,theta_shank = q_hip - q_knee,0.42,0.3,knee_to_strap_equivalent_pull_point,0.0,120.0,5.0,145.0,0.0,120.0,5.0,145.0,True,True,False,outside_frozen_local_identification_domain,66.33416458852868,90.0,False
reference_measured_asymmetric_closed,reference_measured_asymmetric_closed_nominal,nominal,4.658,flexion,0.8165170741937502,0.46269300870979174,1.79393931776014,1.9963918079805507,0.20039282781481446,0.17235572184965428,0.08117502582855297,0.06052530355217582,0.2054066939338235,-0.10359439878892736,-0.20245249022041079,-0.09294422634806834,0.40958682936412766,0.20092869255183057,0.3492651289798262,True,False,periodic_cubic_fit_of_measured_flexion_and_measured_extension,periodic_cubic_B_spline,3,2,each_measured_branch_phase_progress,True,False,True,False,False,theta_shank = q_hip - q_knee,0.42,0.3,knee_to_strap_equivalent_pull_point,0.0,120.0,5.0,145.0,0.0,120.0,5.0,145.0,True,True,False,outside_frozen_local_identification_domain,66.33416458852868,90.0,False
reference_measured_asymmetric_closed,reference_measured_asymmetric_closed_nominal,nominal,4.692,flexion,0.8234406594000007,0.46661637366000036,1.8007974934544304,2.002282044729822,0.2031664783366684,0.17423421227799038,0.09846120413470048,0.0705853398131388,0.2018523970588235,-0.10546972318339083,-0.20148455127539178,-0.0957510369783306,0.40893977419367555,0.19818013196987222,0.3489025530659198,True,False,periodic_cubic_fit_of_measured_flexion_and_measured_extension,periodic_cubic_B_spline,3,2,each_measured_branch_phase_progress,True,False,True,False,False,theta_shank = q_hip - q_knee,0.42,0.3,knee_to_strap_equivalent_pull_point,0.0,120.0,5.0,145.0,0.0,120.0,5.0,145.0,True,True,False,outside_frozen_local_identification_domain,66.33416458852868,90.0,False
reference_measured_asymmetric_closed,reference_measured_asymmetric_closed_nominal,nominal,4.726,flexion,0.8302423287312501,0.4704706529477084,1.8077630120242714,2.008250236606628,0.2065228579397597,0.17684547831713263,0.0840498530444171,0.06417321943177501,0.19823559099264693,-0.10727108564013853,-0.20048722458235657,-0.09859716869901877,0.4082629034391163,0.19539373078160985,0.3485188575217956,True,False,periodic_cubic_fit_of_measured_flexion_and_measured_extension,periodic_cubic_B_spline,3,2,each_measured_branch_phase_progress,True,False,True,False,False,theta_shank = q_hip - q_knee,0.42,0.3,knee_to_strap_equivalent_pull_point,0.0,120.0,5.0,145.0,0.0,120.0,5.0,145.0,True,True,False,outside_frozen_local_identification_domain,66.33416458852868,90.0,False
reference_measured_asymmetric_closed,reference_measured_asymmetric_closed_nominal,nominal,4.760000000000001,flexion,0.8369199999999997,0.4742546666666665,1.8148202112877223,2.01428614879762,0.20819761067605763,0.1778142331454753,0.01220595167412844,-0.005407483833231391,0.19455882352941184,-0.10899653979238753,-0.1994659375098975,-0.10147588218513993,0.4075569228153873,0.19257587978638213,0.3481131571082644,True,False,periodic_cubic_fit_of_measured_flexion_and_measured_extension,periodic_cubic_B_spline,3,2,each_measured_branch_phase_progress,True,False,True,False,False,theta_shank = q_hip - q_knee,0.42,0.3,knee_to_strap_equivalent_pull_point,0.0,120.0,5.0,145.0,0.0,120.0,5.0,145.0,True,True,False,outside_frozen_local_identification_domain,66.33416458852868,90.0,False
reference_measured_asymmetric_closed,reference_measured_asymmetric_closed_nominal,nominal,4.794,flexion,0.8434716787687504,0.4779672846356252,1.821903618186902,2.0203239055434796,0.20865870587060245,0.17737296680620687,0.03213676831630405,-0.007680405568662466,0.19082470863970577,-0.1106441392733563,-0.19842028735657768,-0.10436020381465684,0.4068279093913829,0.18975355477249684,0.3476916513956535,True,False,periodic_cubic_fit_of_measured_flexion_and_measured_extension,periodic_cubic_B_spline,3,2,each_measured_branch_phase_progress,True,False,True,False,False,theta_shank = q_hip - q_knee,0.42,0.3,knee_to_strap_equivalent_pull_point,0.0,120.0,5.0,145.0,0.0,120.0,5.0,145.0,True,True,False,outside_frozen_local_identification_domain,66.33416458852868,90.0,False
reference_measured_asymmetric_closed,reference_measured_asymmetric_closed_nominal,nominal,4.827999999999999,flexion,0.8498954605999995,0.4816074276733331,1.8290195246106085,2.0263551624874396,0.20990951149365172,0.17748271184391243,0.021595059401306654,0.00024257534500321531,0.18703592647058845,-0.11221193771626325,-0.19733563787683117,-0.10725248653002423,0.40607499816305725,0.18692524114884174,0.3472577852258655,True,False,periodic_cubic_fit_of_measured_flexion_and_measured_extension,periodic_cubic_B_spline,3,2,each_measured_branch_phase_progress,True,False,True,False,False,theta_shank = q_hip - q_knee,0.42,0.3,knee_to_strap_equivalent_pull_point,0.0,120.0,5.0,145.0,0.0,120.0,5.0,145.0,True,True,False,outside_frozen_local_identification_domain,66.33416458852868,90.0,False
reference_measured_asymmetric_closed,reference_measured_asymmetric_closed_nominal,nominal,4.862,flexion,0.8561895333062499,0.4851740688735416,1.8361535031774823,2.0323820145598033,0.20921382605459418,0.1767787237666086,-0.070113880519585,-0.04527862246792158,0.1831952233455885,-0.11369798875432517,-0.196228511382321,-0.11014666306727466,0.40529953443736433,0.18409600240198593,0.3468080494370259,True,False,periodic_cubic_fit_of_measured_flexion_and_measured_extension,periodic_cubic_B_spline,3,2,each_measured_branch_phase_progress,True,False,True,False,False,theta_shank = q_hip - q_knee,0.42,0.3,knee_to_strap_equivalent_pull_point,0.0,120.0,5.0,145.0,0.0,120.0,5.0,145.0,True,True,False,outside_frozen_local_identification_domain,66.33416458852868,90.0,False
reference_measured_asymmetric_closed,reference_measured_asymmetric_closed_nominal,nominal,4.896,flexion,0.8623521792000004,0.4886662348800002,1.843223868780758,2.0383661565509645,0.2071670884067177,0.1755266658390611,-0.007418474409211145,-0.004777005030972864,0.17930541176470605,-0.11510034602076143,-0.19514228777020648,-0.11300950197103783,0.40451063331420345,0.18129652473208746,0.3463387960884523,True,False,periodic_cubic_fit_of_measured_flexion_and_measured_extension,periodic_cubic_B_spline,3,2,each_measured_branch_phase_progress,True,False,True,False,False,theta_shank = q_hip - q_knee,0.42,0.3,knee_to_strap_equivalent_pull_point,0.0,120.0,5.0,145.0,0.0,120.0,5.0,145.0,True,True,False,outside_frozen_local_identification_domain,66.33416458852868,90.0,False
reference_measured_asymmetric_closed,reference_measured_asymmetric_closed_nominal,nominal,4.93,flexion,0.8683817773437499,0.49208300716145825,1.8502683201543666,2.04433308687071,0.20720972873344926,0.1754243890599302,-0.018068251084466663,-0.018323216877001128,0.17536937040441197,-0.11641706314878894,-0.19406476671634354,-0.11585622989287703,0.4037045132210053,0.1785123073252433,0.3458498306441896,True,False,periodic_cubic_fit_of_measured_flexion_and_measured_extension,periodic_cubic_B_spline,3,2,each_measured_branch_phase_progress,True,False,True,False,False,theta_shank = q_hip - q_knee,0.42,0.3,knee_to_strap_equivalent_pull_point,0.0,120.0,5.0,145.0,0.0,120.0,5.0,145.0,True,True,False,outside_frozen_local_identification_domain,66.33416458852868,90.0,False
reference_measured_asymmetric_closed,reference_measured_asymmetric_closed_nominal,nominal,4.9639999999999995,flexion,0.8742768058000001,0.4954235232866667,1.8572678489294447,2.0502646887523728,0.20352748888617825,0.17288666632151795,-0.1944930404851888,-0.12332691407201807,0.17139004411764708,-0.11764619377162613,-0.19299683982292803,-0.1186791100921745,0.4028836914392658,0.17575104382672538,0.3453434058708666,True,False,periodic_cubic_fit_of_measured_flexion_and_measured_extension,periodic_cubic_B_spline,3,2,each_measured_branch_phase_progress,True,False,True,False,False,theta_shank = q_hip - q_knee,0.42,0.3,knee_to_strap_equivalent_pull_point,0.0,120.0,5.0,145.0,0.0,120.0,5.0,145.0,True,True,False,outside_frozen_local_identification_domain,66.33416458852868,90.0,False
reference_measured_asymmetric_closed,reference_measured_asymmetric_closed_nominal,nominal,4.998,flexion,0.8800358438812501,0.4986869781993751,1.864047870272554,2.056056719701274,0.19484483755362897,0.16741850972544683,-0.270940172382409,-0.1941786104721718,0.16737044393382358,-0.11878579152249134,-0.19200884942871999,-0.12140792144013919,0.4020697907224378,0.1730789380186255,0.34482042735380475,True,False,periodic_cubic_fit_of_measured_flexion_and_measured_extension,periodic_cubic_B_spline,3,2,each_measured_branch_phase_progress,True,False,True,False,False,theta_shank = q_hip - q_knee,0.42,0.3,knee_to_strap_equivalent_pull_point,0.0,120.0,5.0,145.0,0.0,120.0,5.0,145.0,True,True,False,outside_frozen_local_identification_domain,66.33416458852868,90.0,False
reference_measured_asymmetric_closed,reference_measured_asymmetric_closed_nominal,nominal,5.032,flexion,0.8856575743999999,0.5018726254933332,1.870523524732205,2.0616308465889173,0.18649763549855972,0.1606325923132992,-0.20071748568198133,-0.1723379170506804,0.16331364705882348,-0.11983391003460207,-0.1911073218567123,-0.12400902271939632,0.4012751702811678,0.17052932893955533,0.3442913181647328,True,False,periodic_cubic_fit_of_measured_flexion_and_measured_extension,periodic_cubic_B_spline,3,2,each_measured_branch_phase_progress,True,False,True,False,False,theta_shank = q_hip - q_knee,0.42,0.3,knee_to_strap_equivalent_pull_point,0.0,120.0,5.0,145.0,0.0,120.0,5.0,145.0,True,True,False,outside_frozen_local_identification_domain,66.33416458852868,90.0,False
reference_measured_asymmetric_closed,reference_measured_asymmetric_closed_nominal,nominal,5.066,flexion,0.8911407859187506,0.5049797786872919,1.876756170750862,2.0670048929361795,0.17996298712271797,0.1557722265995127,-0.21559844794029265,-0.11990201282763314,0.15922279687499988,-0.12078860294117648,-0.19024872218531752,-0.12650760400778396,0.4004944770258508,0.16807956539600113,0.34376353641435015,True,False,periodic_cubic_fit_of_measured_flexion_and_measured_extension,periodic_cubic_B_spline,3,2,each_measured_branch_phase_progress,True,False,True,False,False,theta_shank = q_hip - q_knee,0.42,0.3,knee_to_strap_equivalent_pull_point,0.0,120.0,5.0,145.0,0.0,120.0,5.0,145.0,True,True,False,outside_frozen_local_identification_domain,66.33416458852868,90.0,False
reference_measured_asymmetric_closed,reference_measured_asymmetric_closed_nominal,nominal,5.1,flexion,0.896484375,0.5080078124999999,1.8827416436499358,2.0722429453569244,0.17191874742254148,0.1527306763412568,-0.2535912988124011,-0.05571107906163342,0.15510110294117646,-0.12164792387543254,-0.18950130170698865,-0.12890247241622332,0.39973009969851503,0.16572701656668465,0.34321935539559056,True,False,periodic_cubic_fit_of_measured_flexion_and_measured_extension,periodic_cubic_B_spline,3,2,each_measured_branch_phase_progress,True,False,True,False,False,theta_shank = q_hip - q_knee,0.42,0.3,knee_to_strap_equivalent_pull_point,0.0,120.0,5.0,145.0,0.0,120.0,5.0,145.0,True,True,False,outside_frozen_local_identification_domain,66.33416458852868,90.0,False
reference_measured_asymmetric_closed,reference_measured_asymmetric_closed_nominal,nominal,5.1339999999999995,flexion,0.90168734845625,0.5109561641252083,1.8884435912779085,2.0774019775964065,0.1636816959788983,0.15054852764976887,-0.22499997606543937,-0.08188927679573703,0.1509518409926475,-0.1224099264705884,-0.18895838631849804,-0.13117960471328804,0.39898861049817635,0.1634805213987412,0.34263783339933757,True,False,periodic_cubic_fit_of_measured_flexion_and_measured_extension,periodic_cubic_B_spline,3,2,each_measured_branch_phase_progress,True,False,True,False,False,theta_shank = q_hip - q_knee,0.42,0.3,knee_to_strap_equivalent_pull_point,0.0,120.0,5.0,145.0,0.0,120.0,5.0,145.0,True,True,False,outside_frozen_local_identification_domain,66.33416458852868,90.0,False
reference_measured_asymmetric_closed,reference_measured_asymmetric_closed_nominal,nominal,5.168,flexion,0.9067488256000007,0.5138243345066671,1.893884322770789,2.0824668986162562,0.15651730378882286,0.14720741792276693,-0.1972705478114155,-0.11378271304932118,0.14677835294117625,-0.1230726643598616,-0.18858257584546712,-0.13334844234632126,0.3982689956848384,0.16133284016946475,0.3420289589240796,True,False,periodic_cubic_fit_of_measured_flexion_and_measured_extension,periodic_cubic_B_spline,3,2,each_measured_branch_phase_progress,True,False,True,False,False,theta_shank = q_hip - q_knee,0.42,0.3,knee_to_strap_equivalent_pull_point,0.0,120.0,5.0,145.0,0.0,120.0,5.0,145.0,True,True,False,outside_frozen_local_identification_domain,66.33416458852868,90.0,False
reference_measured_asymmetric_closed,reference_measured_asymmetric_closed_nominal,nominal,5.202,flexion,0.9116680404937498,0.5166118896131249,1.899086444841423,2.0874164505271473,0.14931686155940738,0.14426367104239524,-0.22654424606462054,-0.05907100932363654,0.1425840468750002,-0.12363419117647075,-0.18833000568572422,-0.13541847259546222,0.3975699149582524,0.15927700507613354,0.34140430768912383,True,False,periodic_cubic_fit_of_measured_flexion_and_measured_extension,periodic_cubic_B_spline,3,2,each_measured_branch_phase_progress,True,False,True,False,False,theta_shank = q_hip - q_knee,0.42,0.3,knee_to_strap_equivalent_pull_point,0.0,120.0,5.0,145.0,0.0,120.0,5.0,145.0,True,True,False,outside_frozen_local_identification_domain,66.33416458852868,90.0,False
reference_measured_asymmetric_closed,reference_measured_asymmetric_closed_nominal,nominal,5.236,flexion,0.9164443441999999,0.5193184617133333,1.9040254096420388,2.0922909340700637,0.14101617510160303,0.14256181238777288,-0.2606404047872226,-0.0423493200286002,0.13837239705882354,-0.12409256055363303,-0.1882655244280249,-0.13738039677484284,0.3968962415820875,0.15731870191309935,0.3407496367647479,True,False,periodic_cubic_fit_of_measured_flexion_and_measured_extension,periodic_cubic_B_spline,3,2,each_measured_branch_phase_progress,True,False,True,False,False,theta_shank = q_hip - q_knee,0.42,0.3,knee_to_strap_equivalent_pull_point,0.0,120.0,5.0,145.0,0.0,120.0,5.0,145.0,True,True,False,outside_frozen_local_identification_domain,66.33416458852868,90.0,False
reference_measured_asymmetric_closed,reference_measured_asymmetric_closed_nominal,nominal,5.27,flexion,0.9210772070312503,0.5219437506510418,1.9086779583959463,2.097123445726194,0.1329705045410897,0.14201134029042972,-0.21003317943682065,0.010088013721185562,0.1341469439338231,-0.12444582612456756,-0.18844548733024769,-0.1392254823473761,0.3962527792522602,0.15546350726251004,0.3400531404393247,True,False,periodic_cubic_fit_of_measured_flexion_and_measured_extension,periodic_cubic_B_spline,3,2,each_measured_branch_phase_progress,True,False,True,False,False,theta_shank = q_hip - q_knee,0.42,0.3,knee_to_strap_equivalent_pull_point,0.0,120.0,5.0,145.0,0.0,120.0,5.0,145.0,True,True,False,outside_frozen_local_identification_domain,66.33416458852868,90.0,False
reference_measured_asymmetric_closed,reference_measured_asymmetric_closed_nominal,nominal,5.304,flexion,0.9255662207999991,0.5244875251199994,1.9130834579174727,2.101953725475889,0.12630676119119308,0.1418729199299387,-0.18502942556890312,-0.026549144442045786,0.12991129411764757,-0.12469204152249153,-0.1888702675584164,-0.14096981705837414,0.39563557812528505,0.15369527347025075,0.33931076633015067,True,False,periodic_cubic_fit_of_measured_flexion_and_measured_extension,periodic_cubic_B_spline,3,2,each_measured_branch_phase_progress,True,False,True,False,False,theta_shank = q_hip - q_knee,0.42,0.3,knee_to_strap_equivalent_pull_point,0.0,120.0,5.0,145.0,0.0,120.0,5.0,145.0,True,True,False,outside_frozen_local_identification_domain,66.33416458852868,90.0,False
reference_measured_asymmetric_closed,reference_measured_asymmetric_closed_nominal,nominal,5.338,flexion,0.9299111010687495,0.5269496239389581,1.9172690736293794,2.10675225477501,0.11972530551866736,0.14007835800984336,-0.21085404407565111,-0.0803711133985868,0.12566912040441183,-0.12482926038062277,-0.18948318114563079,-0.1426245558650675,0.3950420687272334,0.15200595707587844,0.3385366632853194,True,False,periodic_cubic_fit_of_measured_flexion_and_measured_extension,periodic_cubic_B_spline,3,2,each_measured_branch_phase_progress,True,False,True,False,False,theta_shank = q_hip - q_knee,0.42,0.3,knee_to_strap_equivalent_pull_point,0.0,120.0,5.0,145.0,0.0,120.0,5.0,145.0,True,True,False,outside_frozen_local_identification_domain,66.33416458852868,90.0,False
reference_measured_asymmetric_closed,reference_measured_asymmetric_closed_nominal,nominal,5.372,flexion,0.9341116894000003,0.5293299573266669,1.9212102404644595,2.111456790333604,0.1118318062923323,0.1362398124120745,-0.25756573500549196,-0.15150326629433158,0.12142416176470625,-0.12485553633218022,-0.19024654986914435,-0.14418037085659585,0.394476894963006,0.15040692178403398,0.3377465942881117,True,False,periodic_cubic_fit_of_measured_flexion_and_measured_extension,periodic_cubic_B_spline,3,2,each_measured_branch_phase_progress,True,False,True,False,False,theta_shank = q_hip - q_knee,0.42,0.3,knee_to_strap_equivalent_pull_point,0.0,120.0,5.0,145.0,0.0,120.0,5.0,145.0,True,True,False,outside_frozen_local_identification_domain,66.33416458852868,90.0,False
reference_measured_asymmetric_closed,reference_measured_asymmetric_closed_nominal,nominal,5.406,flexion,0.9381679556062503,0.5316285081768751,1.9248575456648607,2.1159903768573036,0.10283031802018154,0.1304248922747254,-0.23620146916815998,-0.15333627870308017,0.1171802233455879,-0.12476892301038062,-0.19113283119244295,-0.1456181862942694,0.39394840248485263,0.1489187116486356,0.3369570369092608,True,False,periodic_cubic_fit_of_measured_flexion_and_measured_extension,periodic_cubic_B_spline,3,2,each_measured_branch_phase_progress,True,False,True,False,False,theta_shank = q_hip - q_knee,0.42,0.3,knee_to_strap_equivalent_pull_point,0.0,120.0,5.0,145.0,0.0,120.0,5.0,145.0,True,True,False,outside_frozen_local_identification_domain,66.33416458852868,90.0,False
reference_measured_asymmetric_closed,reference_measured_asymmetric_closed_nominal,nominal,5.44,flexion,0.9420800000000005,0.5338453333333336,1.9282342015087128,2.12034944633341,0.0962329478819123,0.1263251106021843,-0.16413151919058372,-0.09886302241651704,0.11294117647058807,-0.12456747404844302,-0.192115244824697,-0.1469475817875931,0.3934544550602758,0.14753318493570527,0.33617375996971055,True,False,periodic_cubic_fit_of_measured_flexion_and_measured_extension,periodic_cubic_B_spline,3,2,each_measured_branch_phase_progress,True,False,True,False,False,theta_shank = q_hip - q_knee,0.42,0.3,knee_to_strap_equivalent_pull_point,0.0,120.0,5.0,145.0,0.0,120.0,5.0,145.0,True,True,False,outside_frozen_local_identification_domain,66.33416458852868,90.0,False
reference_measured_asymmetric_closed,reference_measured_asymmetric_closed_nominal,nominal,5.474,flexion,0.9458480556437507,0.5359805648647921,1.9314158212602728,2.124589469578019,0.09104974539886311,0.12314568529671051,-0.14143273844528334,-0.08868113533371993,0.1087109586397055,-0.1242492430795847,-0.1931736483177462,-0.1481986583883543,0.39298493311053523,0.14622131731718938,0.3353925906894542,True,False,periodic_cubic_fit_of_measured_flexion_and_measured_extension,periodic_cubic_B_spline,3,2,each_measured_branch_phase_progress,True,False,True,False,False,theta_shank = q_hip - q_knee,0.42,0.3,knee_to_strap_equivalent_pull_point,0.0,120.0,5.0,145.0,0.0,120.0,5.0,145.0,True,True,False,outside_frozen_local_identification_domain,66.33416458852868,90.0,False
reference_measured_asymmetric_closed,reference_measured_asymmetric_closed_nominal,nominal,5.508,flexion,0.9494724905999994,0.5380344113399996,1.9344193361289426,2.128711186918921,0.08525691479048401,0.11882919663780088,-0.201988468171463,-0.16793370474479363,0.10449357352941234,-0.1238122837370245,-0.19429185078997824,-0.14937832424638836,0.39253804432862405,0.14497706750496936,0.33461651683750276,True,False,periodic_cubic_fit_of_measured_flexion_and_measured_extension,periodic_cubic_B_spline,3,2,each_measured_branch_phase_progress,True,False,True,False,False,theta_shank = q_hip - q_knee,0.42,0.3,knee_to_strap_equivalent_pull_point,0.0,120.0,5.0,145.0,0.0,120.0,5.0,145.0,True,True,False,outside_frozen_local_identification_domain,66.33416458852868,90.0,False
reference_measured_asymmetric_closed,reference_measured_asymmetric_closed_nominal,nominal,5.542,flexion,0.9529538101812496,0.5400071591027081,1.9371900366440014,2.1326404730840607,0.0773576078095516,0.11191478119741444,-0.2658302511526545,-0.23670003584055566,0.10029309099264747,-0.12325464965397939,-0.19545043644005933,-0.15046535484443938,0.3921226555448396,0.14382273231170264,0.3338601310717364,True,False,periodic_cubic_fit_of_measured_flexion_and_measured_extension,periodic_cubic_B_spline,3,2,each_measured_branch_phase_progress,True,False,True,False,False,theta_shank = q_hip - q_knee,0.42,0.3,knee_to_strap_equivalent_pull_point,0.0,120.0,5.0,145.0,0.0,120.0,5.0,145.0,True,True,False,outside_frozen_local_identification_domain,66.33416458852868,90.0,False
reference_measured_asymmetric_closed,reference_measured_asymmetric_closed_nominal,nominal,5.5760000000000005,flexion,0.956292659199999,0.5418991735466661,1.9396550929366385,2.1362978520116287,0.06737248346404243,0.10294891237970197,-0.3016656732261903,-0.2784590847262395,0.09611364705882419,-0.12257439446366811,-0.19664275907499018,-0.15143150113372414,0.3917505589841409,0.14278690912733757,0.3331371896606361,True,False,periodic_cubic_fit_of_measured_flexion_and_measured_extension,periodic_cubic_B_spline,3,2,each_measured_branch_phase_progress,True,False,True,False,False,theta_shank = q_hip - q_knee,0.42,0.3,knee_to_strap_equivalent_pull_point,0.0,120.0,5.0,145.0,0.0,120.0,5.0,145.0,True,True,False,outside_frozen_local_identification_domain,66.33416458852868,90.0,False
reference_measured_asymmetric_closed,reference_measured_asymmetric_closed_nominal,nominal,5.61,flexion,0.9594898242187502,0.5437109003906251,1.9417904374882087,2.139644636186405,0.05876769180806705,0.09413210740156208,-0.20780355217991012,-0.2411497936889883,0.09195944393382306,-0.12176957179930786,-0.19785419869819632,-0.15226767767901034,0.39142630766753655,0.14187951014599354,0.33245655360121984,True,False,periodic_cubic_fit_of_measured_flexion_and_measured_extension,periodic_cubic_B_spline,3,2,each_measured_branch_phase_progress,True,False,True,False,False,theta_shank = q_hip - q_knee,0.42,0.3,knee_to_strap_equivalent_pull_point,0.0,120.0,5.0,145.0,0.0,120.0,5.0,145.0,True,True,False,outside_frozen_local_identification_domain,66.33416458852868,90.0,False
reference_measured_asymmetric_closed,reference_measured_asymmetric_closed_nominal,nominal,5.644,flexion,0.9625462358000005,0.5454428669533337,1.9436830592495407,2.142712874717797,0.05292517885667261,0.08660118443545942,-0.1429406650334108,-0.1982459823530462,0.08783474999999959,-0.12083823529411727,-0.19902981546825615,-0.15300822647195336,0.3911374216716005,0.14106943227052973,0.33182190406836587,True,False,periodic_cubic_fit_of_measured_flexion_and_measured_extension,periodic_cubic_B_spline,3,2,each_measured_branch_phase_progress,True,False,True,False,False,theta_shank = q_hip - q_knee,0.42,0.3,knee_to_strap_equivalent_pull_point,0.0,120.0,5.0,145.0,0.0,120.0,5.0,145.0,True,True,False,outside_frozen_local_identification_domain,66.33416458852868,90.0,False
reference_measured_asymmetric_closed,reference_measured_asymmetric_closed_nominal,nominal,5.678,flexion,0.9654629707562496,0.5470956834285414,1.9454090390669938,2.145551254260027,0.048856241219069244,0.08059926425513068,-0.09823541495319503,-0.15641134821617933,0.08374389981617678,-0.11977843858131525,-0.2001422151930332,-0.1536830935262427,0.39087275009164313,0.14032840071368902,0.33123013734871765,True,False,periodic_cubic_fit_of_measured_flexion_and_measured_extension,periodic_cubic_B_spline,3,2,each_measured_branch_phase_progress,True,False,True,False,False,theta_shank = q_hip - q_knee,0.42,0.3,knee_to_strap_equivalent_pull_point,0.0,120.0,5.0,145.0,0.0,120.0,5.0,145.0,True,True,False,outside_frozen_local_identification_domain,66.33416458852868,90.0,False
reference_measured_asymmetric_closed,reference_measured_asymmetric_closed_nominal,nominal,5.712,flexion,0.9682412543999992,0.5486700441599995,1.9470073570278388,2.148200264835386,0.04490183766342079,0.07514356838075598,-0.13851225099581638,-0.16740373194910457,0.07969129411764687,-0.11858823529411733,-0.2011929078075474,-0.15430763589619018,0.3906266164819402,0.13964103001484207,0.3306751210116491,True,False,periodic_cubic_fit_of_measured_flexion_and_measured_extension,periodic_cubic_B_spline,3,2,each_measured_branch_phase_progress,True,False,True,False,False,theta_shank = q_hip - q_knee,0.42,0.3,knee_to_strap_equivalent_pull_point,0.0,120.0,5.0,145.0,0.0,120.0,5.0,145.0,True,True,False,outside_frozen_local_identification_domain,66.33416458852868,90.0,False
reference_measured_asymmetric_closed,reference_measured_asymmetric_closed_nominal,nominal,5.7459999999999996,flexion,0.9708824627937505,0.5501667289164586,1.94844698747816,2.1506563453987315,0.039596146517157885,0.06927949577345813,-0.17181978325407285,-0.1768126714432214,0.07568139981617585,-0.11726567906574394,-0.2022093579205715,-0.15486983376970762,0.390404065793561,0.13901774259789026,0.3301538171900961,True,False,periodic_cubic_fit_of_measured_flexion_and_measured_extension,periodic_cubic_B_spline,3,2,each_measured_branch_phase_progress,True,False,True,False,False,theta_shank = q_hip - q_knee,0.42,0.3,knee_to_strap_equivalent_pull_point,0.0,120.0,5.0,145.0,0.0,120.0,5.0,145.0,True,True,False,outside_frozen_local_identification_domain,66.33416458852868,90.0,False
reference_measured_asymmetric_closed,reference_measured_asymmetric_closed_nominal,nominal,5.779999999999999,flexion,0.9733881250000005,0.5515866041666669,1.9496886026011992,2.152908282212001,0.033302139793660555,0.06315499752023587,-0.19619259167999786,-0.18254238337948872,0.07171874999999972,-0.11580882352941156,-0.20321967961080167,-0.15535444586306774,0.39021147619025653,0.13847210838903323,0.32966433739462747,True,False,periodic_cubic_fit_of_measured_flexion_and_measured_extension,periodic_cubic_B_spline,3,2,each_measured_branch_phase_progress,True,False,True,False,False,theta_shank = q_hip - q_knee,0.42,0.3,knee_to_strap_equivalent_pull_point,0.0,120.0,5.0,145.0,0.0,120.0,5.0,145.0,True,True,False,outside_frozen_local_identification_domain,66.33416458852868,90.0,False
reference_measured_asymmetric_closed,reference_measured_asymmetric_closed_nominal,nominal,5.814,flexion,0.9757599253312499,0.5529306243543749,1.9507046168042717,2.154949691618766,0.02640885897488617,0.056931460760811695,-0.20069328136160397,-0.17912394600512838,0.06780794393382299,-0.11421572231833908,-0.2042450748144944,-0.15575082601185453,0.39005343248922325,0.13801348903561217,0.3292050372376415,True,False,periodic_cubic_fit_of_measured_flexion_and_measured_extension,periodic_cubic_B_spline,3,2,each_measured_branch_phase_progress,True,False,True,False,False,theta_shank = q_hip - q_knee,0.42,0.3,knee_to_strap_equivalent_pull_point,0.0,120.0,5.0,145.0,0.0,120.0,5.0,145.0,True,True,False,outside_frozen_local_identification_domain,66.33416458852868,90.0,False
reference_measured_asymmetric_closed,reference_measured_asymmetric_closed_nominal,nominal,5.848,flexion,0.9779997056000003,0.5541998331733334,1.951497012966772,2.1567884590090793,0.020494913860734695,0.05141557646012921,-0.14909460269330727,-0.14659004505011342,0.06395364705882338,-0.1124844290657439,-0.20529144604230742,-0.15605985392526336,0.38992989368965475,0.13764063030357795,0.32877414527837195,True,False,periodic_cubic_fit_of_measured_flexion_and_measured_extension,periodic_cubic_B_spline,3,2,each_measured_branch_phase_progress,True,False,True,False,False,theta_shank = q_hip - q_knee,0.42,0.3,knee_to_strap_equivalent_pull_point,0.0,120.0,5.0,145.0,0.0,120.0,5.0,145.0,True,True,False,outside_frozen_local_identification_domain,66.33416458852868,90.0,False
reference_measured_asymmetric_closed,reference_measured_asymmetric_closed_nominal,nominal,5.882,flexion,0.98010946736875,0.5553953648422917,1.952116031708777,2.158457100194885,0.01614992322341757,0.04688471867111566,-0.10813295844317126,-0.12099621619859305,0.060160590992647846,-0.11061299740484429,-0.20634106848610823,-0.15630119792227573,0.3898332150138846,0.13733493408628702,0.32836922572706817,True,False,periodic_cubic_fit_of_measured_flexion_and_measured_extension,periodic_cubic_B_spline,3,2,each_measured_branch_phase_progress,True,False,True,False,False,theta_shank = q_hip - q_knee,0.42,0.3,knee_to_strap_equivalent_pull_point,0.0,120.0,5.0,145.0,0.0,120.0,5.0,145.0,True,True,False,outside_frozen_local_identification_domain,66.33416458852868,90.0,False
reference_measured_asymmetric_closed,reference_measured_asymmetric_closed_nominal,nominal,5.9159999999999995,flexion,0.9820913742000004,0.5565184453800002,1.952610235744504,2.159984377330695,0.013144716470228949,0.04302893011789304,-0.06943658356813925,-0.10723462670408615,0.056433573529411855,-0.10859948096885795,-0.20737414158619072,-0.15649383597523714,0.38975592272825765,0.1370786425605608,0.32798861870462026,True,False,periodic_cubic_fit_of_measured_flexion_and_measured_extension,periodic_cubic_B_spline,3,2,each_measured_branch_phase_progress,True,False,True,False,False,theta_shank = q_hip - q_knee,0.42,0.3,knee_to_strap_equivalent_pull_point,0.0,120.0,5.0,145.0,0.0,120.0,5.0,145.0,True,True,False,outside_frozen_local_identification_domain,66.33416458852868,90.0,False
reference_measured_asymmetric_closed,reference_measured_asymmetric_closed_nominal,nominal,5.95,flexion,0.98394775390625,0.5575703938802083,1.9530231488633665,2.1613874663036436,0.01131048367583562,0.03956407170410927,-0.04007743187313108,-0.09693017854671211,0.052777458639705885,-0.10644193339100347,-0.20836431744027717,-0.15665475796342912,0.3896912711460438,0.13685641617305114,0.327633309070056,True,False,periodic_cubic_fit_of_measured_flexion_and_measured_extension,periodic_cubic_B_spline,3,2,each_measured_branch_phase_progress,True,False,True,False,False,theta_shank = q_hip - q_knee,0.42,0.3,knee_to_strap_equivalent_pull_point,0.0,120.0,5.0,145.0,0.0,120.0,5.0,145.0,True,True,False,outside_frozen_local_identification_domain,66.33416458852868,90.0,False
reference_measured_asymmetric_closed,reference_measured_asymmetric_closed_nominal,nominal,5.984,flexion,0.985681100799999,0.5585526237866661,1.9533888173466278,2.1626782904252364,0.010294107339565201,0.03640486284570699,-0.02596687429070733,-0.09134342120615332,0.04919717647058812,-0.10413840830449825,-0.20928947307860857,-0.1567972453028905,0.3896339613861004,0.1366563899582627,0.3273044823892882,True,False,periodic_cubic_fit_of_measured_flexion_and_measured_extension,periodic_cubic_B_spline,3,2,each_measured_branch_phase_progress,True,False,True,False,False,theta_shank = q_hip - q_knee,0.42,0.3,knee_to_strap_equivalent_pull_point,0.0,120.0,5.0,145.0,0.0,120.0,5.0,145.0,True,True,False,outside_frozen_local_identification_domain,66.33416458852868,90.0,False
reference_measured_asymmetric_closed,reference_measured_asymmetric_closed_nominal,nominal,6.018,flexion,0.9872940779437491,0.5594666441681245,1.9537221165726335,2.1638626453832375,0.009268239737432519,0.033249717064034866,-0.033658217267768555,-0.09371380169869564,0.0456977233455881,-0.10168695934256056,-0.21014052881060397,-0.15692710128906617,0.3895816793446673,0.13647338184449798,0.32700247755212986,True,False,periodic_cubic_fit_of_measured_flexion_and_measured_extension,periodic_cubic_B_spline,3,2,each_measured_branch_phase_progress,True,False,True,False,False,theta_shank = q_hip - q_knee,0.42,0.3,knee_to_strap_equivalent_pull_point,0.0,120.0,5.0,145.0,0.0,120.0,5.0,145.0,True,True,False,outside_frozen_local_identification_domain,66.33416458852868,90.0,False
reference_measured_asymmetric_closed,reference_measured_asymmetric_closed_nominal,nominal,6.052,flexion,0.9887895194000009,0.5603140609933338,1.9540168764736028,2.1649389429120673,0.00804885098720135,0.030064780925857595,-0.037507032852787676,-0.09321713744378987,0.042284161764705695,-0.0990856401384081,-0.21092206643846456,-0.15704192752744647,0.38953540660441155,0.13630955800551517,0.32672692042933643,True,False,periodic_cubic_fit_of_measured_flexion_and_measured_extension,periodic_cubic_B_spline,3,2,each_measured_branch_phase_progress,True,False,True,False,False,theta_shank = q_hip - q_knee,0.42,0.3,knee_to_strap_equivalent_pull_point,0.0,120.0,5.0,145.0,0.0,120.0,5.0,145.0,True,True,False,outside_frozen_local_identification_domain,66.33416458852868,90.0,False
reference_measured_asymmetric_closed,reference_measured_asymmetric_closed_nominal,nominal,6.086,flexion,0.9901704324812499,0.5610965784060417,1.954268563154794,2.1659076916321043,0.0067513024737704454,0.02693569888017301,-0.03839244727919518,-0.09053381132412577,0.03896162040441108,-0.09633250432525886,-0.21163912847731026,-0.15713996342610262,0.38949586890549065,0.13616640911213299,0.3264770476814964,True,False,periodic_cubic_fit_of_measured_flexion_and_measured_extension,periodic_cubic_B_spline,3,2,each_measured_branch_phase_progress,True,False,True,False,False,theta_shank = q_hip - q_knee,0.42,0.3,knee_to_strap_equivalent_pull_point,0.0,120.0,5.0,145.0,0.0,120.0,5.0,145.0,True,True,False,outside_frozen_local_identification_domain,66.33416458852868,90.0,False
reference_measured_asymmetric_closed,reference_measured_asymmetric_closed_nominal,nominal,6.12,flexion,0.9914400000000017,0.5618160000000009,1.9544770341193058,2.1667715959446654,0.005545326948190471,0.02389718704435524,-0.03256550955055816,-0.08786297295939005,0.035735294117645804,-0.09342560553633204,-0.21229456182535955,-0.1572211585903159,0.38946310132221607,0.13604384631273062,0.32625205087044695,True,False,periodic_cubic_fit_of_measured_flexion_and_measured_extension,periodic_cubic_B_spline,3,2,each_measured_branch_phase_progress,True,False,True,False,False,theta_shank = q_hip - q_knee,0.42,0.3,knee_to_strap_equivalent_pull_point,0.0,120.0,5.0,145.0,0.0,120.0,5.0,145.0,True,True,False,outside_frozen_local_identification_domain,66.33416458852868,90.0,False
reference_measured_asymmetric_closed,reference_measured_asymmetric_closed_nominal,nominal,6.154,flexion,0.9926015825187511,0.5624742300939589,1.9546477866688041,2.16753411524403,0.0045283328255123195,0.02098274208185789,-0.02737748683440197,-0.08331135245470359,0.03261044393382327,-0.09036299740484381,-0.21288632857522605,-0.15728765811547493,0.38943624973100466,0.13593988924294872,0.32605166587843515,True,False,periodic_cubic_fit_of_measured_flexion_and_measured_extension,periodic_cubic_B_spline,3,2,each_measured_branch_phase_progress,True,False,True,False,False,theta_shank = q_hip - q_knee,0.42,0.3,knee_to_strap_equivalent_pull_point,0.0,120.0,5.0,145.0,0.0,120.0,5.0,145.0,True,True,False,outside_frozen_local_identification_domain,66.33416458852868,90.0,False
reference_measured_asymmetric_closed,reference_measured_asymmetric_closed_nominal,nominal,6.188,flexion,0.9936587206,0.5630732750066667,1.954786824922472,2.1682004497788383,0.0036759016252601623,0.01824652565207542,-0.022873977590494372,-0.07747562952266585,0.029592397058824105,-0.08714273356401431,-0.21341362485636628,-0.15734180313106416,0.38941437696554737,0.13585228100886793,0.3258751841366609,True,False,periodic_cubic_fit_of_measured_flexion_and_measured_extension,periodic_cubic_B_spline,3,2,each_measured_branch_phase_progress,True,False,True,False,False,theta_shank = q_hip - q_knee,0.42,0.3,knee_to_strap_equivalent_pull_point,0.0,120.0,5.0,145.0,0.0,120.0,5.0,145.0,True,True,False,outside_frozen_local_identification_domain,66.33416458852868,90.0,False
reference_measured_asymmetric_closed,reference_measured_asymmetric_closed_nominal,nominal,6.222,flexion,0.9946151370562508,0.5636152443318755,1.9548993613020527,2.1687772950727817,0.002965895007206515,0.015722958467812916,-0.018988896443247943,-0.0708812315807947,0.026686546875000265,-0.08376286764705936,-0.21387793377072906,-0.15738562541878937,0.3893966678228468,0.13577892530476532,0.32572134922092444,True,False,periodic_cubic_fit_of_measured_flexion_and_measured_extension,periodic_cubic_B_spline,3,2,each_measured_branch_phase_progress,True,False,True,False,False,theta_shank = q_hip - q_knee,0.42,0.3,knee_to_strap_equivalent_pull_point,0.0,120.0,5.0,145.0,0.0,120.0,5.0,145.0,True,True,False,outside_frozen_local_identification_domain,66.33416458852868,90.0,False
reference_measured_asymmetric_closed,reference_measured_asymmetric_closed_nominal,nominal,6.256,flexion,0.9954747391999996,0.5641023522133332,1.9549898486282788,2.1692722983928365,0.0023699190491051608,0.01344270484525468,-0.016701954710788183,-0.062428008173233226,0.023898352941177176,-0.08022145328719725,-0.21428244976455768,-0.15742086023772067,0.3893824248242542,0.13571790881602502,0.3255885216856725,True,False,periodic_cubic_fit_of_measured_flexion_and_measured_extension,periodic_cubic_B_spline,3,2,each_measured_branch_phase_progress,True,False,True,False,False,theta_shank = q_hip - q_knee,0.42,0.3,knee_to_strap_equivalent_pull_point,0.0,120.0,5.0,145.0,0.0,120.0,5.0,145.0,True,True,False,outside_frozen_local_identification_domain,66.33416458852868,90.0,False
reference_measured_asymmetric_closed,reference_measured_asymmetric_closed_nominal,nominal,6.29,flexion,0.9962416210937501,0.5645369186197917,1.9550610336961143,2.1696950577097143,0.0018263028443152689,0.011475315785425912,-0.015145044047327279,-0.05362703396424849,0.021233340992647433,-0.07651654411764724,-0.2146340240136,-0.15744857805317186,0.3893712178230875,0.1356677445908181,0.3254742585866388,True,False,periodic_cubic_fit_of_measured_flexion_and_measured_extension,periodic_cubic_B_spline,3,2,each_measured_branch_phase_progress,True,False,True,False,False,theta_shank = q_hip - q_knee,0.42,0.3,knee_to_strap_equivalent_pull_point,0.0,120.0,5.0,145.0,0.0,120.0,5.0,145.0,True,True,False,outside_frozen_local_identification_domain,66.33416458852868,90.0,False
reference_measured_asymmetric_closed,reference_measured_asymmetric_closed_nominal,nominal,6.324,flexion,0.9969200657999995,0.5649213706199997,1.9551147662510022,2.170055658222743,0.0013465655090097067,0.009776526136032816,-0.013010190503496688,-0.04655313611999647,0.018697102941176567,-0.07264619377162605,-0.21494089197174082,-0.15746949973620344,0.38936275714663543,0.13562720117760135,0.32537585291269355,True,False,periodic_cubic_fit_of_measured_flexion_and_measured_extension,periodic_cubic_B_spline,3,2,each_measured_branch_phase_progress,True,False,True,False,False,theta_shank = q_hip - q_knee,0.42,0.3,knee_to_strap_equivalent_pull_point,0.0,120.0,5.0,145.0,0.0,120.0,5.0,145.0,True,True,False,outside_frozen_local_identification_domain,66.33416458852868,90.0,False
reference_measured_asymmetric_closed,reference_measured_asymmetric_closed_nominal,nominal,6.3580000000000005,flexion,0.9975145476312512,0.565258243657709,1.9551534811324365,2.1703623165686343,0.0009442283082347364,0.008294777202829482,-0.010641190230414046,-0.040798742786614564,0.016295296874999383,-0.06860845588235324,-0.21520883543619784,-0.1574845737511666,0.38935666044182854,0.13559497176879476,0.32529122516029085,True,False,periodic_cubic_fit_of_measured_flexion_and_measured_extension,periodic_cubic_B_spline,3,2,each_measured_branch_phase_progress,True,False,True,False,False,theta_shank = q_hip - q_knee,0.42,0.3,knee_to_strap_equivalent_pull_point,0.0,120.0,5.0,145.0,0.0,120.0,5.0,145.0,True,True,False,outside_frozen_local_identification_domain,66.33416458852868,90.0,False
reference_measured_asymmetric_closed,reference_measured_asymmetric_closed_nominal,nominal,6.392,flexion,0.9980297344000011,0.5655501828266672,1.9551798928425637,2.1706217166252717,0.0006227495336239697,0.0069910293675052824,-0.008288515495063792,-0.03603323289121414,0.014033647058824131,-0.06440138408304524,-0.21544182378270804,-0.15749485727148815,0.3893525008691142,0.1355697537940716,0.3252187832083379,True,False,periodic_cubic_fit_of_measured_flexion_and_measured_extension,periodic_cubic_B_spline,3,2,each_measured_branch_phase_progress,True,False,True,False,False,theta_shank = q_hip - q_knee,0.42,0.3,knee_to_strap_equivalent_pull_point,0.0,120.0,5.0,145.0,0.0,120.0,5.0,145.0,True,True,False,outside_frozen_local_identification_domain,66.33416458852868,90.0,False
reference_measured_asymmetric_closed,reference_measured_asymmetric_closed_nominal,nominal,6.426,flexion,0.9984704896687511,0.5657999441456256,1.9551967046684917,2.1708393927212515,0.0003784616979050786,0.005836325145613108,-0.006123128963146108,-0.031992443874519695,0.011917943933823635,-0.06002303200692036,-0.21564268805275977,-0.15750140297570014,0.3893498530379665,0.1355503200055036,0.32515727046219045,True,False,periodic_cubic_fit_of_measured_flexion_and_measured_extension,periodic_cubic_B_spline,3,2,each_measured_branch_phase_progress,True,False,True,False,False,theta_shank = q_hip - q_knee,0.42,0.3,knee_to_strap_equivalent_pull_point,0.0,120.0,5.0,145.0,0.0,120.0,5.0,145.0,True,True,False,outside_frozen_local_identification_domain,66.33416458852868,90.0,False
reference_measured_asymmetric_closed,reference_measured_asymmetric_closed_nominal,nominal,6.46,flexion,0.9988418750000019,0.5660103958333343,1.9552064097604371,2.171020035976724,0.00020304601890844162,0.004809701933546641,-0.004249854922490311,-0.02846862171079556,0.009954044117646783,-0.05547145328719719,-0.21581362621628708,-0.1575051816444053,0.3893483244540329,0.13553556409320977,0.3251056490930049,True,False,periodic_cubic_fit_of_measured_flexion_and_measured_extension,periodic_cubic_B_spline,3,2,each_measured_branch_phase_progress,True,False,True,False,False,theta_shank = q_hip - q_knee,0.42,0.3,knee_to_strap_equivalent_pull_point,0.0,120.0,5.0,145.0,0.0,120.0,5.0,145.0,True,True,False,outside_frozen_local_identification_domain,66.33416458852868,90.0,False
reference_measured_asymmetric_closed,reference_measured_asymmetric_closed_nominal,nominal,6.494000000000001,flexion,0.9991491522062494,0.5661845195835413,1.9552111687269016,2.171167735377815,8.55625265018205e-05,0.003896436641777758,-0.0027201173985247507,-0.02530097397110116,0.008147870404411731,-0.050744701557092806,-0.21595656665091356,-0.1575070345382408,0.3893475748877466,0.1355245253297683,0.3250630128116043,True,False,periodic_cubic_fit_of_measured_flexion_and_measured_extension,periodic_cubic_B_spline,3,2,each_measured_branch_phase_progress,True,False,True,False,False,theta_shank = q_hip - q_knee,0.42,0.3,knee_to_strap_equivalent_pull_point,0.0,120.0,5.0,145.0,0.0,120.0,5.0,145.0,True,True,False,outside_frozen_local_identification_domain,66.33416458852868,90.0,False
reference_measured_asymmetric_closed,reference_measured_asymmetric_closed_nominal,nominal,6.528,flexion,0.9993977856000003,0.5663254118400002,1.9552127490384108,2.171286164491065,1.4060329301106204e-05,0.003086599161075101,-0.00154387110269546,-0.022366973359615867,0.006505411764706433,-0.04584083044982766,-0.21607341545265424,-0.1575076498284978,0.3893473259770809,0.1355163964650053,0.325028523953233,True,False,periodic_cubic_fit_of_measured_flexion_and_measured_extension,periodic_cubic_B_spline,3,2,each_measured_branch_phase_progress,True,False,True,False,False,theta_shank = q_hip - q_knee,0.42,0.3,knee_to_strap_equivalent_pull_point,0.0,120.0,5.0,145.0,0.0,120.0,5.0,145.0,True,True,False,outside_frozen_local_identification_domain,66.33416458852868,90.0,False
reference_measured_asymmetric_closed,reference_measured_asymmetric_closed_nominal,nominal,6.561999999999999,flexion,0.9995934442437502,0.5664362850714584,1.9552125124624067,2.1713787238584463,-2.3201846139085447e-05,0.002373886881111357,-0.000700572153660248,-0.019574541644359556,0.005032723345589156,-0.040757893598616056,-0.21616621139603964,-0.1575075577182588,0.3893473632396004,0.13551051878971387,0.3250013700499085,True,False,periodic_cubic_fit_of_measured_flexion_and_measured_extension,periodic_cubic_B_spline,3,2,each_measured_branch_phase_progress,True,False,True,False,False,theta_shank = q_hip - q_knee,0.42,0.3,knee_to_strap_equivalent_pull_point,0.0,120.0,5.0,145.0,0.0,120.0,5.0,145.0,True,True,False,outside_frozen_local_identification_domain,66.33416458852868,90.0,False
reference_measured_asymmetric_closed,reference_measured_asymmetric_closed_nominal,nominal,6.596,flexion,0.9997420041999998,0.5665204690466665,1.9552114378593706,2.171448648097946,-3.688996057316622e-05,0.0017547084251622676,-0.0001490619673616833,-0.016855221838087922,0.003735926470588487,-0.03549394463667843,-0.21623721023857523,-0.1575071393243092,0.3893475324974754,0.13550636795410104,0.3249807355257057,True,False,periodic_cubic_fit_of_measured_flexion_and_measured_extension,periodic_cubic_B_spline,3,2,each_measured_branch_phase_progress,True,False,True,False,False,theta_shank = q_hip - q_knee,0.42,0.3,knee_to_strap_equivalent_pull_point,0.0,120.0,5.0,145.0,0.0,120.0,5.0,145.0,True,True,False,outside_frozen_local_identification_domain,66.33416458852868,90.0,False
reference_measured_asymmetric_closed,reference_measured_asymmetric_closed_nominal,nominal,6.63,flexion,0.9998495507812493,0.5665814121093745,1.9552101679234994,2.1714990855948297,-3.604515714906396e-05,0.001227481542173204,0.00016372990452485117,-0.014158419471638336,0.0026212086397054183,-0.030047037197231556,-0.2162889176713303,-0.15750664487778435,0.3893477325211276,0.13550353376709226,0.32496578465918813,True,False,periodic_cubic_fit_of_measured_flexion_and_measured_extension,periodic_cubic_B_spline,3,2,each_measured_branch_phase_progress,True,False,True,False,False,theta_shank = q_hip - q_knee,0.42,0.3,knee_to_strap_equivalent_pull_point,0.0,120.0,5.0,145.0,0.0,120.0,5.0,145.0,True,True,False,outside_frozen_local_identification_domain,66.33416458852868,90.0,False
reference_measured_asymmetric_closed,reference_measured_asymmetric_closed_nominal,nominal,6.664,flexion,0.9999223807999993,0.5666226824533329,1.9552090698128362,2.1715331574360093,-2.7809228957138006e-05,0.0007921078833574479,0.00029531940759128255,-0.011446761429964383,0.0016948235294112588,-0.024415224913494644,-0.21632408762317312,-0.1575062173307926,0.3893479054806191,0.13550169682286275,0.3249556525046272,True,False,periodic_cubic_fit_of_measured_flexion_and_measured_extension,periodic_cubic_B_spline,3,2,each_measured_branch_phase_progress,True,False,True,False,False,theta_shank = q_hip - q_knee,0.42,0.3,knee_to_strap_equivalent_pull_point,0.0,120.0,5.0,145.0,0.0,120.0,5.0,145.0,True,True,False,outside_frozen_local_identification_domain,66.33416458852868,90.0,False
reference_measured_asymmetric_closed,reference_measured_asymmetric_closed_nominal,nominal,6.6979999999999995,flexion,0.9999670048187479,0.5666479693972905,1.955208301038692,2.171554000951642,-1.7382714448633752e-05,0.000449586374188585,0.00030144777762419056,-0.008692582662869255,0.0009630909926486787,-0.018596561418685688,-0.21634569991294983,-0.15750591801014324,0.3893480265672115,0.13550060441105083,0.3249494410343111,True,False,periodic_cubic_fit_of_measured_flexion_and_measured_extension,periodic_cubic_B_spline,3,2,each_measured_branch_phase_progress,True,False,True,False,False,theta_shank = q_hip - q_knee,0.42,0.3,knee_to_strap_equivalent_pull_point,0.0,120.0,5.0,145.0,0.0,120.0,5.0,145.0,True,True,False,outside_frozen_local_identification_domain,66.33416458852868,90.0,False
reference_measured_asymmetric_closed,reference_measured_asymmetric_closed_nominal,nominal,6.732,flexion,0.9999901494000003,0.5666610846600002,1.9552078734196574,2.171564801928608,-8.173829137633959e-06,0.00020172727837639118,0.00023106398454522648,-0.005875506690394857,0.0004323970588233508,-0.012589100346020834,-0.2163569285089506,-0.15750575151750157,0.3893480939197045,0.13550004777952124,0.324946218338998,True,False,periodic_cubic_fit_of_measured_flexion_and_measured_extension,periodic_cubic_B_spline,3,2,each_measured_branch_phase_progress,True,False,True,False,False,theta_shank = q_hip - q_knee,0.42,0.3,knee_to_strap_equivalent_pull_point,0.0,120.0,5.0,145.0,0.0,120.0,5.0,145.0,True,True,False,outside_frozen_local_identification_domain,66.33416458852868,90.0,False
reference_measured_asymmetric_closed,reference_measured_asymmetric_closed_nominal,nominal,6.766,flexion,0.9999987593562523,0.5666659636352096,1.955207709289854,2.1715688183009405,-2.098938534971512e-06,5.093105807003028e-05,0.0001224050960714758,-0.0029810347307745212,0.00010919393382380349,-0.006390895328719608,-0.2163611090110864,-0.15750568761387337,0.3893481197710873,0.1354998424484106,0.3249450192795738,True,False,periodic_cubic_fit_of_measured_flexion_and_measured_extension,periodic_cubic_B_spline,3,2,each_measured_branch_phase_progress,True,False,True,False,False,theta_shank = q_hip - q_knee,0.42,0.3,knee_to_strap_equivalent_pull_point,0.0,120.0,5.0,145.0,0.0,120.0,5.0,145.0,True,True,False,outside_frozen_local_identification_domain,66.33416458852868,90.0,False
reference_measured_asymmetric_closed,reference_measured_asymmetric_closed_nominal,nominal,6.8,flexion,1.0,0.5666666666666667,1.9552076854135605,2.1715693969619863,-0.0,0.0,-0.0,0.0,0.0,0.0,-0.21636171154842576,-0.15750567831768333,0.3893481235317392,0.13549981293927468,0.3249448464934649,True,False,periodic_cubic_fit_of_measured_flexion_and_measured_extension,periodic_cubic_B_spline,3,2,each_measured_branch_phase_progress,True,False,True,False,False,theta_shank = q_hip - q_knee,0.42,0.3,knee_to_strap_equivalent_pull_point,0.0,120.0,5.0,145.0,0.0,120.0,5.0,145.0,True,True,False,outside_frozen_local_identification_domain,66.33416458852868,90.0,False
reference_measured_asymmetric_closed,reference_measured_asymmetric_closed_nominal,nominal,6.826,extension,1.2406437500000003e-06,0.5666672042789583,1.9552076671167629,2.1715698394548557,-2.1077905781824207e-06,5.092814901376339e-05,-0.00016176449113936,0.003897718694225294,0.0001427920673076923,0.010928809171597631,-0.21636217233809285,-0.15750567119385947,0.3893481264135887,0.13549979038670282,0.3249447143614185,True,False,periodic_cubic_fit_of_measured_flexion_and_measured_extension,periodic_cubic_B_spline,3,2,each_measured_branch_phase_progress,True,False,True,False,False,theta_shank = q_hip - q_knee,0.42,0.3,knee_to_strap_equivalent_pull_point,0.0,120.0,5.0,145.0,0.0,120.0,5.0,145.0,True,True,False,outside_frozen_local_identification_domain,66.33416458852868,90.0,False
reference_measured_asymmetric_closed,reference_measured_asymmetric_closed_nominal,nominal,6.851999999999999,extension,9.850600000000002e-06,0.56667093526,1.9552075392203268,2.171572910014084,-8.452066472783313e-06,0.00020163576683296277,-0.00032871988009169727,0.007674614753261771,0.0005654423076923076,0.021528106508875735,-0.21636537079375717,-0.1575056213976204,0.3893481465579995,0.1354996341899851,0.3249437973411804,True,False,periodic_cubic_fit_of_measured_flexion_and_measured_extension,periodic_cubic_B_spline,3,2,each_measured_branch_phase_progress,True,False,True,False,False,theta_shank = q_hip - q_knee,0.42,0.3,knee_to_strap_equivalent_pull_point,0.0,120.0,5.0,145.0,0.0,120.0,5.0,145.0,True,True,False,outside_frozen_local_identification_domain,66.33416458852868,90.0,False
reference_measured_asymmetric_closed,reference_measured_asymmetric_closed_nominal,nominal,6.878,extension,3.299518124999999e-05,0.5666809645785417,1.9552071874610588,2.1715811614318943,-1.9456881571435502e-05,0.0004489026990572676,-0.0005256563470138287,0.011323812926313863,0.0012594266826923078,0.03180122041420118,-0.21637397397083546,-0.15750548444079165,0.38934820196203745,0.13549921705394957,0.32494133197150316,True,False,periodic_cubic_fit_of_measured_flexion_and_measured_extension,periodic_cubic_B_spline,3,2,each_measured_branch_phase_progress,True,False,True,False,False,theta_shank = q_hip - q_knee,0.42,0.3,knee_to_strap_equivalent_pull_point,0.0,120.0,5.0,145.0,0.0,120.0,5.0,145.0,True,True,False,outside_frozen_local_identification_domain,66.33416458852868,90.0,False
reference_measured_asymmetric_closed,reference_measured_asymmetric_closed_nominal,nominal,6.904,extension,7.761920000000002e-05,0.5667003016533333,1.9552064764931056,2.1715970599247156,-3.638267406856955e-05,0.0007892700759034089,-0.0007918471157097263,0.014833977671674683,0.0022163076923076923,0.04175147928994082,-0.21639058343161,-0.15750520762665762,0.38934831394329095,0.13549842406428672,0.32493657731154474,True,False,periodic_cubic_fit_of_measured_flexion_and_measured_extension,periodic_cubic_B_spline,3,2,each_measured_branch_phase_progress,True,False,True,False,False,theta_shank = q_hip - q_knee,0.42,0.3,knee_to_strap_equivalent_pull_point,0.0,120.0,5.0,145.0,0.0,120.0,5.0,145.0,True,True,False,outside_frozen_local_identification_domain,66.33416458852868,90.0,False
reference_measured_asymmetric_closed,reference_measured_asymmetric_closed_nominal,nominal,6.93,extension,0.00015044921875000003,0.566731861328125,1.9552052234273871,2.171622977530132,-6.168214912044675e-05,0.0012189375061316427,-0.0011794849369934338,0.01819037928510137,0.0034277343750000002,0.051382211538461536,-0.216417754102745,-0.1575047197475092,0.3893485113073615,0.13549716172516782,0.32492881359407405,True,False,periodic_cubic_fit_of_measured_flexion_and_measured_extension,periodic_cubic_B_spline,3,2,each_measured_branch_phase_progress,True,False,True,False,False,theta_shank = q_hip - q_knee,0.42,0.3,knee_to_strap_equivalent_pull_point,0.0,120.0,5.0,145.0,0.0,120.0,5.0,145.0,True,True,False,outside_frozen_local_identification_domain,66.33416458852868,90.0,False
reference_measured_asymmetric_closed,reference_measured_asymmetric_closed_nominal,nominal,6.9559999999999995,extension,0.00025799579999999996,0.5667784648466666,1.9552031626277973,2.1716611822300758,-9.931769363745685e-05,0.0017336925649994444,-0.0017522893424268917,0.021376325730682495,0.004885442307692308,0.060696745562130165,-0.2164580196022785,-0.15750391737792233,0.38934883589219654,0.13549536996592362,0.3249173403640127,True,False,periodic_cubic_fit_of_measured_flexion_and_measured_extension,periodic_cubic_B_spline,3,2,each_measured_branch_phase_progress,True,False,True,False,False,theta_shank = q_hip - q_knee,0.42,0.3,knee_to_strap_equivalent_pull_point,0.0,120.0,5.0,145.0,0.0,120.0,5.0,145.0,True,True,False,outside_frozen_local_identification_domain,66.33416458852868,90.0,False
reference_measured_asymmetric_closed,reference_measured_asymmetric_closed_nominal,nominal,6.982,extension,0.0004065557562500001,0.5668428408277083,1.9551999027048963,2.1717138267719904,-0.00015504495250904247,0.002328883032243765,-0.002584298123854259,0.024375028238375732,0.006581253605769232,0.06969840976331361,-0.21651392406709413,-0.15750264812989886,0.389349349340755,0.1354930367478175,0.32490147394491353,True,False,periodic_cubic_fit_of_measured_flexion_and_measured_extension,periodic_cubic_B_spline,3,2,each_measured_branch_phase_progress,True,False,True,False,False,theta_shank = q_hip - q_knee,0.42,0.3,knee_to_strap_equivalent_pull_point,0.0,120.0,5.0,145.0,0.0,120.0,5.0,145.0,True,True,False,outside_frozen_local_identification_domain,66.33416458852868,90.0,False
reference_measured_asymmetric_closed,reference_measured_asymmetric_closed_nominal,nominal,7.008,extension,0.0006022144000000002,0.56692762624,1.9551948765236662,2.171782937451407,-0.00023666746282081206,0.002999443743637691,-0.003758850274594318,0.027171941456884664,0.008507076923076923,0.0783905325443787,-0.21658806092774086,-0.15750069118751778,0.3893501409726907,0.1354902149218535,0.3248805439737209,True,False,periodic_cubic_fit_of_measured_flexion_and_measured_extension,periodic_cubic_B_spline,3,2,each_measured_branch_phase_progress,True,False,True,False,False,theta_shank = q_hip - q_knee,0.42,0.3,knee_to_strap_equivalent_pull_point,0.0,120.0,5.0,145.0,0.0,120.0,5.0,145.0,True,True,False,outside_frozen_local_identification_domain,66.33416458852868,90.0,False
reference_measured_asymmetric_closed,reference_measured_asymmetric_closed_nominal,nominal,7.034,extension,0.0008508477937499999,0.5670353673772917,1.9551872849127474,2.1718704044388066,-0.0003542673582892367,0.0037399906622713696,-0.005367762177913018,0.029757595037439962,0.010654907451923077,0.08677644230769228,-0.21668311952605923,-0.1574977353881978,0.38935133664543803,0.13548704100790485,0.3248538886329334,True,False,periodic_cubic_fit_of_measured_flexion_and_measured_extension,periodic_cubic_B_spline,3,2,each_measured_branch_phase_progress,True,False,True,False,False,theta_shank = q_hip - q_knee,0.42,0.3,knee_to_strap_equivalent_pull_point,0.0,120.0,5.0,145.0,0.0,120.0,5.0,145.0,True,True,False,outside_frozen_local_identification_domain,66.33416458852868,90.0,False
reference_measured_asymmetric_closed,reference_measured_asymmetric_closed_nominal,nominal,7.06,extension,0.001158125,0.5671685208333334,1.9551760346322338,2.17197797556471,-0.0005204171395443144,0.00454499493779661,-0.007510694095581974,0.032130912745479176,0.013016826923076923,0.0948594674556213,-0.21680194093247618,-0.15749335506647513,0.3893531085145015,0.1354837555839057,0.32482084809419315,True,False,periodic_cubic_fit_of_measured_flexion_and_measured_extension,periodic_cubic_B_spline,3,2,each_measured_branch_phase_progress,True,False,True,False,False,theta_shank = q_hip - q_knee,0.42,0.3,knee_to_strap_equivalent_pull_point,0.0,120.0,5.0,145.0,0.0,120.0,5.0,145.0,True,True,False,outside_frozen_local_identification_domain,66.33416458852868,90.0,False
reference_measured_asymmetric_closed,reference_measured_asymmetric_closed_nominal,nominal,7.086,extension,0.0015295103312499999,0.567329454476875,1.9551596710286692,2.172107255805455,-0.0007503773750133064,0.0054090493821051305,-0.010294699943760225,0.0343029973351839,0.015585003605769228,0.10264293639053253,-0.21694758477678588,-0.1574869838254752,0.3893556856211997,0.13548072499111508,0.3247807555727857,True,False,periodic_cubic_fit_of_measured_flexion_and_measured_extension,periodic_cubic_B_spline,3,2,each_measured_branch_phase_progress,True,False,True,False,False,theta_shank = q_hip - q_knee,0.42,0.3,knee_to_strap_equivalent_pull_point,0.0,120.0,5.0,145.0,0.0,120.0,5.0,145.0,True,True,False,outside_frozen_local_identification_domain,66.33416458852868,90.0,False
reference_measured_asymmetric_closed,reference_measured_asymmetric_closed_nominal,nominal,7.112,extension,0.0019702655999999995,0.5675204484266666,1.955136305682187,2.17225971502618,-0.0010622849687416756,0.006327239021347765,-0.01383394989745836,0.03630134426675196,0.018351692307692305,0.11013017751479287,-0.21712340934399288,-0.15747788635198756,0.3893593652528606,0.13547846407709035,0.32473292528224734,True,False,periodic_cubic_fit_of_measured_flexion_and_measured_extension,periodic_cubic_B_spline,3,2,each_measured_branch_phase_progress,True,False,True,False,False,theta_shank = q_hip - q_knee,0.42,0.3,knee_to_strap_equivalent_pull_point,0.0,120.0,5.0,145.0,0.0,120.0,5.0,145.0,True,True,False,outside_frozen_local_identification_domain,66.33416458852868,90.0,False
reference_measured_asymmetric_closed,reference_measured_asymmetric_closed_nominal,nominal,7.138,extension,0.0024854523687500006,0.5677436960264584,1.9551035392340697,2.1724367068266535,-0.0014773363210202155,0.0072956262546526604,-0.01824961249251405,0.03817443469824091,0.021309234375,0.11732451923076923,-0.2173331675925838,-0.15746512834401197,0.3893645250348365,0.13547765971148115,0.3246766364754282,True,False,periodic_cubic_fit_of_measured_flexion_and_measured_extension,periodic_cubic_B_spline,3,2,each_measured_branch_phase_progress,True,False,True,False,False,theta_shank = q_hip - q_knee,0.42,0.3,knee_to_strap_equivalent_pull_point,0.0,120.0,5.0,145.0,0.0,120.0,5.0,145.0,True,True,False,outside_frozen_local_identification_domain,66.33416458852868,90.0,False
reference_measured_asymmetric_closed,reference_measured_asymmetric_closed_nominal,nominal,7.164,extension,0.003079934200000001,0.56800130482,1.9550583794753096,2.1726395015914672,-0.0020199693295211043,0.008311859721967603,-0.02366988055124464,0.03999664785078745,0.024450057692307695,0.1242292899408284,-0.21758112211615765,-0.15744754457543014,0.3893716357250075,0.13547919482036558,0.32461111266544923,True,False,periodic_cubic_fit_of_measured_flexion_and_measured_extension,periodic_cubic_B_spline,3,2,each_measured_branch_phase_progress,True,False,True,False,False,theta_shank = q_hip - q_knee,0.42,0.3,knee_to_strap_equivalent_pull_point,0.0,120.0,5.0,145.0,0.0,120.0,5.0,145.0,True,True,False,outside_frozen_local_identification_domain,66.33416458852868,90.0,False
reference_measured_asymmetric_closed,reference_measured_asymmetric_closed_nominal,nominal,7.1899999999999995,extension,0.0037583789062499997,0.5682952975260417,1.9549971546796314,2.1728693370614813,-0.002718047746036396,0.009375914314965747,-0.030230123403632764,0.041873424644521325,0.027766676682692306,0.13084781804733725,-0.2178721823818499,-0.15742370508151077,0.38938127468897304,0.13548417269170082,0.32453549503915047,True,False,periodic_cubic_fit_of_measured_flexion_and_measured_extension,periodic_cubic_B_spline,3,2,each_measured_branch_phase_progress,True,False,True,False,False,theta_shank = q_hip - q_knee,0.42,0.3,knee_to_strap_equivalent_pull_point,0.0,120.0,5.0,145.0,0.0,120.0,5.0,145.0,True,True,False,outside_frozen_local_identification_domain,66.33416458852868,90.0,False
reference_measured_asymmetric_closed,reference_measured_asymmetric_closed_nominal,nominal,7.216,extension,0.004525260800000001,0.5686276130133333,1.9549154220791467,2.17312748991296,-0.0036030509288653345,0.010490967909117322,-0.038073146468053404,0.04394660825863066,0.03125169230769231,0.1371834319526627,-0.2182120678338133,-0.15739187941157348,0.38939414003717715,0.13549394130626882,0.3244488090084117,True,False,periodic_cubic_fit_of_measured_flexion_and_measured_extension,periodic_cubic_B_spline,3,2,each_measured_branch_phase_progress,True,False,True,False,False,theta_shank = q_hip - q_knee,0.42,0.3,knee_to_strap_equivalent_pull_point,0.0,120.0,5.0,145.0,0.0,120.0,5.0,145.0,True,True,False,outside_frozen_local_identification_domain,66.33416458852868,90.0,False
reference_measured_asymmetric_closed,reference_measured_asymmetric_closed_nominal,nominal,7.242,extension,0.005384862943750001,0.569000107275625,1.954807871308283,2.1734153719501705,-0.00471027152490906,0.011664418400290645,-0.04734953825936093,0.04639988281340041,0.034897792067307705,0.14323946005917157,-0.2186075006418875,-0.15734999886143425,0.3894110654030091,0.13551011744360358,0.3243499227923871,True,False,periodic_cubic_fit_of_measured_flexion_and_measured_extension,periodic_cubic_B_spline,3,2,each_measured_branch_phase_progress,True,False,True,False,False,theta_shank = q_hip - q_knee,0.42,0.3,knee_to_strap_equivalent_pull_point,0.0,120.0,5.0,145.0,0.0,120.0,5.0,145.0,True,True,False,outside_frozen_local_identification_domain,66.33416458852868,90.0,False
reference_measured_asymmetric_closed,reference_measured_asymmetric_closed_nominal,nominal,7.268,extension,0.0063412794,0.5694145544066667,1.9546682225825769,2.1737346545833924,-0.006079023088212736,0.012909042540437276,-0.05821808426656146,0.049464228548615236,0.038697749999999996,0.14901923076923074,-0.21906643200081555,-0.15729561656825014,0.3894330353326667,0.13553461029843983,0.32423749688713444,True,False,periodic_cubic_fit_of_measured_flexion_and_measured_extension,periodic_cubic_B_spline,3,2,each_measured_branch_phase_progress,True,False,True,False,False,theta_shank = q_hip - q_knee,0.42,0.3,knee_to_strap_equivalent_pull_point,0.0,120.0,5.0,145.0,0.0,120.0,5.0,145.0,True,True,False,outside_frozen_local_identification_domain,66.33416458852868,90.0,False
reference_measured_asymmetric_closed,reference_measured_asymmetric_closed_nominal,nominal,7.294,extension,0.007398417481250002,0.5698726475752083,1.954489388058973,2.1740869295440417,-0.007718068313377412,0.014180115564484085,-0.06771734248875542,0.04765129655287903,0.042644426682692305,0.15452607248520706,-0.2195975414850686,-0.1572259699819746,0.38946115899178857,0.13556958961716722,0.3241101048378931,True,False,periodic_cubic_fit_of_measured_flexion_and_measured_extension,periodic_cubic_B_spline,3,2,each_measured_branch_phase_progress,True,False,True,False,False,theta_shank = q_hip - q_knee,0.42,0.3,knee_to_strap_equivalent_pull_point,0.0,120.0,5.0,145.0,0.0,120.0,5.0,145.0,True,True,False,outside_frozen_local_identification_domain,66.33416458852868,90.0,False
reference_measured_asymmetric_closed,reference_measured_asymmetric_closed_nominal,nominal,7.32,extension,0.008560000000000002,0.570376,1.9542647818388215,2.174471275447858,-0.009599368507624504,0.015364892059741252,-0.07694910757417789,0.04300945898933932,0.046730769230769235,0.1597633136094674,-0.22020649360903644,-0.15713849061802884,0.3894964630985597,0.1356172190327252,0.3239671225946039,True,False,periodic_cubic_fit_of_measured_flexion_and_measured_extension,periodic_cubic_B_spline,3,2,each_measured_branch_phase_progress,True,False,True,False,False,theta_shank = q_hip - q_knee,0.42,0.3,knee_to_strap_equivalent_pull_point,0.0,120.0,5.0,145.0,0.0,120.0,5.0,145.0,True,True,False,outside_frozen_local_identification_domain,66.33416458852868,90.0,False
reference_measured_asymmetric_closed,reference_measured_asymmetric_closed_nominal,nominal,7.346,extension,0.009829567518749997,0.5709261459247916,1.9539881873243772,2.174884513424902,-0.011714900402845648,0.016388540330741858,-0.0856560596103681,0.035125023311952955,0.05094981129807691,0.1647342825443787,-0.220896326100525,-0.1570307520234112,0.38953991184339753,0.13567968370604155,0.3238086345465589,True,False,periodic_cubic_fit_of_measured_flexion_and_measured_extension,periodic_cubic_B_spline,3,2,each_measured_branch_phase_progress,True,False,True,False,False,theta_shank = q_hip - q_knee,0.42,0.3,knee_to_strap_equivalent_pull_point,0.0,120.0,5.0,145.0,0.0,120.0,5.0,145.0,True,True,False,outside_frozen_local_identification_domain,66.33416458852868,90.0,False
reference_measured_asymmetric_closed,reference_measured_asymmetric_closed_nominal,nominal,7.372,extension,0.011210480599999998,0.5715245415933333,1.9536537480214486,2.175321265536956,-0.014044437310641613,0.017155931240686817,-0.09331590255375945,0.023144467654963932,0.05529467307692308,0.16944230769230767,-0.22166751751550717,-0.156900465787343,0.3895924073127129,0.1357591915076457,0.32363541380952354,True,False,periodic_cubic_fit_of_measured_flexion_and_measured_extension,periodic_cubic_B_spline,3,2,each_measured_branch_phase_progress,True,False,True,False,False,theta_shank = q_hip - q_knee,0.42,0.3,knee_to_strap_equivalent_pull_point,0.0,120.0,5.0,145.0,0.0,120.0,5.0,145.0,True,True,False,outside_frozen_local_identification_domain,66.33416458852868,90.0,False
reference_measured_asymmetric_closed,reference_measured_asymmetric_closed_nominal,nominal,7.398,extension,0.012705922056250001,0.572172566224375,1.9532563208655769,2.1757733775252692,-0.016552897265760442,0.01754806605019384,-0.09930724878929033,0.006083955165310753,0.059758561298076926,0.17389071745562132,-0.22251705665969235,-0.15674561879794724,0.3896547330492068,0.13585789984728464,0.3234491375422601,True,False,periodic_cubic_fit_of_measured_flexion_and_measured_extension,periodic_cubic_B_spline,3,2,each_measured_branch_phase_progress,True,False,True,False,False,theta_shank = q_hip - q_knee,0.42,0.3,knee_to_strap_equivalent_pull_point,0.0,120.0,5.0,145.0,0.0,120.0,5.0,145.0,True,True,False,outside_frozen_local_identification_domain,66.33416458852868,90.0,False
reference_measured_asymmetric_closed,reference_measured_asymmetric_closed_nominal,nominal,7.4239999999999995,extension,0.014318899199999997,0.5728715229866667,1.9527922362925998,2.176229192036533,-0.019143937329796457,0.01741069877861897,-0.09902555028964105,-0.017877617745915224,0.06433476923076922,0.1780828402366863,-0.2234369557439333,-0.1565647691745391,0.38972743430931733,0.13597772320996793,0.3232527011435449,True,False,periodic_cubic_fit_of_measured_flexion_and_measured_extension,periodic_cubic_B_spline,3,2,each_measured_branch_phase_progress,True,False,True,False,False,theta_shank = q_hip - q_knee,0.42,0.3,knee_to_strap_equivalent_pull_point,0.0,120.0,5.0,145.0,0.0,120.0,5.0,145.0,True,True,False,outside_frozen_local_identification_domain,66.33416458852868,90.0,False
reference_measured_asymmetric_closed,reference_measured_asymmetric_closed_nominal,nominal,7.45,extension,0.01605224609375,0.5736226399739583,1.9522614990165208,2.176672481838011,-0.021657593241056563,0.01655076241394832,-0.09336879334975404,-0.049691876615688656,0.0690166766826923,0.1820220044378698,-0.2244109828214904,-0.15635790425660864,0.3898104741749267,0.13611970117633435,0.3230508282785342,True,False,periodic_cubic_fit_of_measured_flexion_and_measured_extension,periodic_cubic_B_spline,3,2,each_measured_branch_phase_progress,True,False,True,False,False,theta_shank = q_hip - q_knee,0.42,0.3,knee_to_strap_equivalent_pull_point,0.0,120.0,5.0,145.0,0.0,120.0,5.0,145.0,True,True,False,outside_frozen_local_identification_domain,66.33416458852868,90.0,False
reference_measured_asymmetric_closed,reference_measured_asymmetric_closed_nominal,nominal,7.476,extension,0.017908625800000005,0.57442707118,1.9516680099858312,2.1770816566687294,-0.023942852461893094,0.014746196093905229,-0.08121478264542407,-0.09080285318979588,0.07379774999999998,0.18571153846153846,-0.2254136466828982,-0.15612652849280792,0.3899032022191975,0.1362839924480622,0.3228503332045986,True,False,periodic_cubic_fit_of_measured_flexion_and_measured_extension,periodic_cubic_B_spline,3,2,each_measured_branch_phase_progress,True,False,True,False,False,theta_shank = q_hip - q_knee,0.42,0.3,knee_to_strap_equivalent_pull_point,0.0,120.0,5.0,145.0,0.0,120.0,5.0,145.0,True,True,False,outside_frozen_local_identification_domain,66.33416458852868,90.0,False
reference_measured_asymmetric_closed,reference_measured_asymmetric_closed_nominal,nominal,7.502,extension,0.019890532631250003,0.5752858974735416,1.9510198757040278,2.1774290010867228,-0.025881318590570482,0.011794465821275763,-0.07791816728688558,-0.1283415016634654,0.0786715420673077,0.18915477071005923,-0.22640912538269498,-0.15587378608589522,0.3900043112726429,0.13646984027697365,0.3226603870848789,True,False,periodic_cubic_fit_of_measured_flexion_and_measured_extension,periodic_cubic_B_spline,3,2,each_measured_branch_phase_progress,True,False,True,False,False,theta_shank = q_hip - q_knee,0.42,0.3,knee_to_strap_equivalent_pull_point,0.0,120.0,5.0,145.0,0.0,120.0,5.0,145.0,True,True,False,outside_frozen_local_identification_domain,66.33416458852868,90.0,False
reference_measured_asymmetric_closed,reference_measured_asymmetric_closed_nominal,nominal,7.528,extension,0.022000294400000005,0.5762001275733333,1.9503169281945605,2.1776911794148806,-0.028345392981723786,0.008335942747236867,-0.11344842282290768,-0.13689452323600393,0.08363169230769232,0.19235502958579878,-0.22737425122032007,-0.15559959503782195,0.390113785995914,0.13667889981955772,0.322487744829033,True,False,periodic_cubic_fit_of_measured_flexion_and_measured_extension,periodic_cubic_B_spline,3,2,each_measured_branch_phase_progress,True,False,True,False,False,theta_shank = q_hip - q_knee,0.42,0.3,knee_to_strap_equivalent_pull_point,0.0,120.0,5.0,145.0,0.0,120.0,5.0,145.0,True,True,False,outside_frozen_local_identification_domain,66.33416458852868,90.0,False
reference_measured_asymmetric_closed,reference_measured_asymmetric_closed_nominal,nominal,7.554,extension,0.024240074668749997,0.577170699023125,1.9495366183874976,2.1778611257246827,-0.03188391728366634,0.00472345818557866,-0.16090139200751138,-0.13996164654143406,0.08867192668269229,0.1953156434911242,-0.22832450733718512,-0.15529513808462814,0.39023508310667854,0.13691896276135962,0.3223313330867355,True,False,periodic_cubic_fit_of_measured_flexion_and_measured_extension,periodic_cubic_B_spline,3,2,each_measured_branch_phase_progress,True,False,True,False,False,theta_shank = q_hip - q_knee,0.42,0.3,knee_to_strap_equivalent_pull_point,0.0,120.0,5.0,145.0,0.0,120.0,5.0,145.0,True,True,False,outside_frozen_local_identification_domain,66.33416458852868,90.0,False
reference_measured_asymmetric_closed,reference_measured_asymmetric_closed_nominal,nominal,7.58,extension,0.026611874999999997,0.5781984791666667,1.9486467489177663,2.177937097274948,-0.03683411035971356,0.001190526153568971,-0.22245867350780202,-0.1218963789464611,0.09378605769230769,0.19803994082840237,-0.22929034835718176,-0.15494781835738813,0.3903731209833559,0.13720056197582825,0.3221871703140404,True,False,periodic_cubic_fit_of_measured_flexion_and_measured_extension,periodic_cubic_B_spline,3,2,each_measured_branch_phase_progress,True,False,True,False,False,theta_shank = q_hip - q_knee,0.42,0.3,knee_to_strap_equivalent_pull_point,0.0,120.0,5.0,145.0,0.0,120.0,5.0,145.0,True,True,False,outside_frozen_local_identification_domain,66.33416458852868,90.0,False
reference_measured_asymmetric_closed,reference_measured_asymmetric_closed_nominal,nominal,7.606,extension,0.029117537206250002,0.5792842661227083,1.9476055721028798,2.177932563272252,-0.04359432874612191,-0.0012961127432321636,-0.3004796026558461,-0.06571761478897638,0.09896798437500001,0.20053125,-0.23032699116937239,-0.1545412870025816,0.39053423743839116,0.13753625189219346,0.3220454699420261,True,False,periodic_cubic_fit_of_measured_flexion_and_measured_extension,periodic_cubic_B_spline,3,2,each_measured_branch_phase_progress,True,False,True,False,False,theta_shank = q_hip - q_knee,0.42,0.3,knee_to_strap_equivalent_pull_point,0.0,120.0,5.0,145.0,0.0,120.0,5.0,145.0,True,True,False,outside_frozen_local_identification_domain,66.33416458852868,90.0,False
reference_measured_asymmetric_closed,reference_measured_asymmetric_closed_nominal,nominal,7.632,extension,0.03175874560000001,0.58042878976,1.9463602138180403,2.1778849459762797,-0.05262172836099074,-0.002020320007781317,-0.39727656931153343,0.014293088155746196,0.10421169230769232,0.202792899408284,-0.23152473215823943,-0.15405481223983128,0.3907263938176564,0.13794048536566947,0.321887842291095,True,False,periodic_cubic_fit_of_measured_flexion_and_measured_extension,periodic_cubic_B_spline,3,2,each_measured_branch_phase_progress,True,False,True,False,False,theta_shank = q_hip - q_knee,0.42,0.3,knee_to_strap_equivalent_pull_point,0.0,120.0,5.0,145.0,0.0,120.0,5.0,145.0,True,True,False,outside_frozen_local_identification_domain,66.33416458852868,90.0,False
reference_measured_asymmetric_closed,reference_measured_asymmetric_closed_nominal,nominal,7.6579999999999995,extension,0.03453702924375,0.5816327126722917,1.9448554032571104,2.177838227796226,-0.06307522121474508,-0.0016772470601890538,-0.39283038446709556,-0.0007724225508280664,0.10951125360576924,0.2048282174556213,-0.23298282453911545,-0.15346666883283683,0.3909577746475345,0.13842794544491716,0.32169354032966146,True,False,periodic_cubic_fit_of_measured_flexion_and_measured_extension,periodic_cubic_B_spline,3,2,each_measured_branch_phase_progress,True,False,True,False,False,theta_shank = q_hip - q_knee,0.42,0.3,knee_to_strap_equivalent_pull_point,0.0,120.0,5.0,145.0,0.0,120.0,5.0,145.0,True,True,False,outside_frozen_local_identification_domain,66.33416458852868,90.0,False
reference_measured_asymmetric_closed,reference_measured_asymmetric_closed_nominal,nominal,7.684,extension,0.0374537642,0.5828966311533333,1.943086018898639,2.1777904344286743,-0.07288281239024533,-0.002160968052213259,-0.3585255627135382,-0.03813382682607879,0.11486082692307696,0.20664053254437867,-0.2347044155300353,-0.15277467439190168,0.39122870403952775,0.13900026269341514,0.3214620494769117,True,False,periodic_cubic_fit_of_measured_flexion_and_measured_extension,periodic_cubic_B_spline,3,2,each_measured_branch_phase_progress,True,False,True,False,False,theta_shank = q_hip - q_knee,0.42,0.3,knee_to_strap_equivalent_pull_point,0.0,120.0,5.0,145.0,0.0,120.0,5.0,145.0,True,True,False,outside_frozen_local_identification_domain,66.33416458852868,90.0,False
reference_measured_asymmetric_closed,reference_measured_asymmetric_closed_nominal,nominal,7.71,extension,0.040510175781250005,0.584221076171875,1.9410748561245619,2.1777189741126945,-0.08164040716073107,-0.003274759633960425,-0.3155507639150877,-0.029226031233918943,0.1202546574519231,0.2082331730769231,-0.23664411798813267,-0.15198754134706693,0.39153516735444543,0.13965152037826556,0.3212026878306315,True,False,periodic_cubic_fit_of_measured_flexion_and_measured_extension,periodic_cubic_B_spline,3,2,each_measured_branch_phase_progress,True,False,True,False,False,theta_shank = q_hip - q_knee,0.42,0.3,knee_to_strap_equivalent_pull_point,0.0,120.0,5.0,145.0,0.0,120.0,5.0,145.0,True,True,False,outside_frozen_local_identification_domain,66.33416458852868,90.0,False
reference_measured_asymmetric_closed,reference_measured_asymmetric_closed_nominal,nominal,7.736,extension,0.0437073408,0.5856065143466667,1.938851338279982,2.177628720735148,-0.0891560968696114,-0.003471468430600587,-0.2593565772596025,0.016107526665884022,0.1256870769230769,0.20960946745562126,-0.238777382455166,-0.1511165809175913,0.39187214620559224,0.14037177954430366,0.32091768394114845,True,False,periodic_cubic_fit_of_measured_flexion_and_measured_extension,periodic_cubic_B_spline,3,2,each_measured_branch_phase_progress,True,False,True,False,False,theta_shank = q_hip - q_knee,0.42,0.3,knee_to_strap_equivalent_pull_point,0.0,120.0,5.0,145.0,0.0,120.0,5.0,145.0,True,True,False,outside_frozen_local_identification_domain,66.33416458852868,90.0,False
reference_measured_asymmetric_closed,reference_measured_asymmetric_closed_nominal,nominal,7.762,extension,0.047046189818749994,0.5870533489214583,1.9364493023248799,2.1775439602717537,-0.09573614657212853,-0.003433100541888291,-0.2788506837688262,-0.06106210350068235,0.13115250360576924,0.2107727440828402,-0.2410946579468738,-0.15017485488351898,0.39223400281045756,0.14114830207734322,0.3206042728210402,True,False,periodic_cubic_fit_of_measured_flexion_and_measured_extension,periodic_cubic_B_spline,3,2,each_measured_branch_phase_progress,True,False,True,False,False,theta_shank = q_hip - q_knee,0.42,0.3,knee_to_strap_equivalent_pull_point,0.0,120.0,5.0,145.0,0.0,120.0,5.0,145.0,True,True,False,outside_frozen_local_identification_domain,66.33416458852868,90.0,False
reference_measured_asymmetric_closed,reference_measured_asymmetric_closed_nominal,nominal,7.788,extension,0.05052750940000001,0.58856192074,1.9338572618866026,2.177414786563074,-0.10400094636720991,-0.0072887707848321,-0.35950069818683195,-0.24238945691402702,0.1366454423076923,0.21172633136094673,-0.2435575246764714,-0.149157665137794,0.3926219440258551,0.141988193981759,0.32027494189351086,True,False,periodic_cubic_fit_of_measured_flexion_and_measured_extension,periodic_cubic_B_spline,3,2,each_measured_branch_phase_progress,True,False,True,False,False,theta_shank = q_hip - q_knee,0.42,0.3,knee_to_strap_equivalent_pull_point,0.0,120.0,5.0,145.0,0.0,120.0,5.0,145.0,True,True,False,outside_frozen_local_identification_domain,66.33416458852868,90.0,False
reference_measured_asymmetric_closed,reference_measured_asymmetric_closed_nominal,nominal,7.814,extension,0.054151944356249995,0.5901325092210417,1.9310192194259912,2.1771248361144857,-0.11487780791163024,-0.015592698170934024,-0.4872738320192035,-0.38457922178731196,0.142160484375,0.21247355769230766,-0.2461056166884945,-0.14804278819181682,0.3930436780618572,0.14291777913753495,0.319955045160552,True,False,periodic_cubic_fit_of_measured_flexion_and_measured_extension,periodic_cubic_B_spline,3,2,each_measured_branch_phase_progress,True,False,True,False,False,theta_shank = q_hip - q_knee,0.42,0.3,knee_to_strap_equivalent_pull_point,0.0,120.0,5.0,145.0,0.0,120.0,5.0,145.0,True,True,False,outside_frozen_local_identification_domain,66.33416458852868,90.0,False
reference_measured_asymmetric_closed,reference_measured_asymmetric_closed_nominal,nominal,7.84,extension,0.057920000000000006,0.5917653333333334,1.9278502101750623,2.1765737135970196,-0.12958555357940427,-0.027420872795020028,-0.6360155448704494,-0.5147072570281006,0.1476923076923077,0.2130177514792899,-0.24872350342195726,-0.14679648785671445,0.39351085264949615,0.14397174490478704,0.3196607692592027,True,False,periodic_cubic_fit_of_measured_flexion_and_measured_extension,periodic_cubic_B_spline,3,2,each_measured_branch_phase_progress,True,False,True,False,False,theta_shank = q_hip - q_knee,0.42,0.3,knee_to_strap_equivalent_pull_point,0.0,120.0,5.0,145.0,0.0,120.0,5.0,145.0,True,True,False,outside_frozen_local_identification_domain,66.33416458852868,90.0,False
reference_measured_asymmetric_closed,reference_measured_asymmetric_closed_nominal,nominal,7.866,extension,0.06183204439375,0.593460552570625,1.9242727936661053,2.17569963893682,-0.14531478172786627,-0.039283843155374525,-0.570079458008914,-0.39192533083552955,0.15323567668269233,0.2133622411242603,-0.2514268452707149,-0.14538779929566875,0.39403348565313884,0.14517972921325095,0.31939762713849373,True,False,periodic_cubic_fit_of_measured_flexion_and_measured_extension,periodic_cubic_B_spline,3,2,each_measured_branch_phase_progress,True,False,True,False,False,theta_shank = q_hip - q_knee,0.42,0.3,knee_to_strap_equivalent_pull_point,0.0,120.0,5.0,145.0,0.0,120.0,5.0,145.0,True,True,False,outside_frozen_local_identification_domain,66.33416458852868,90.0,False
reference_measured_asymmetric_closed,reference_measured_asymmetric_closed_nominal,nominal,7.8919999999999995,extension,0.06588831059999999,0.5952182679266667,1.9203110417482268,2.1745624037055222,-0.1591071255816849,-0.04756264690337717,-0.49560520040232015,-0.24701484933809723,0.15878544230769226,0.21351035502958582,-0.2542513619572955,-0.14382559949774656,0.39460638227113587,0.1465299600059097,0.31915010973320357,True,False,periodic_cubic_fit_of_measured_flexion_and_measured_extension,periodic_cubic_B_spline,3,2,each_measured_branch_phase_progress,True,False,True,False,False,theta_shank = q_hip - q_knee,0.42,0.3,knee_to_strap_equivalent_pull_point,0.0,120.0,5.0,145.0,0.0,120.0,5.0,145.0,True,True,False,outside_frozen_local_identification_domain,66.33416458852868,90.0,False
reference_measured_asymmetric_closed,reference_measured_asymmetric_closed_nominal,nominal,7.918,extension,0.07008889893124999,0.5970385228702083,1.9160146585677729,2.1732594266094787,-0.17105795564638315,-0.05196937760275631,-0.42035998614568715,-0.08612197638732214,0.16433654206730766,0.21346542159763318,-0.2572447680417058,-0.14212889706011983,0.39522066826075003,0.14799949065391493,0.31889558298431736,True,False,periodic_cubic_fit_of_measured_flexion_and_measured_extension,periodic_cubic_B_spline,3,2,each_measured_branch_phase_progress,True,False,True,False,False,theta_shank = q_hip - q_knee,0.42,0.3,knee_to_strap_equivalent_pull_point,0.0,120.0,5.0,145.0,0.0,120.0,5.0,145.0,True,True,False,outside_frozen_local_identification_domain,66.33416458852868,90.0,False
reference_measured_asymmetric_closed,reference_measured_asymmetric_closed_nominal,nominal,7.944,extension,0.0744337792,0.59892130432,1.9114216485062803,2.171882291471078,-0.1825578033523158,-0.05406366448844548,-0.48009114819476995,-0.09433105413595734,0.16988399999999998,0.2132307692307692,-0.26046064296479776,-0.14031215178203602,0.3958692966905806,0.1495692841962655,0.31861159108681647,True,False,periodic_cubic_fit_of_measured_flexion_and_measured_extension,periodic_cubic_B_spline,3,2,each_measured_branch_phase_progress,True,False,True,False,False,theta_shank = q_hip - q_knee,0.42,0.3,knee_to_strap_equivalent_pull_point,0.0,120.0,5.0,145.0,0.0,120.0,5.0,145.0,True,True,False,outside_frozen_local_identification_domain,66.33416458852868,90.0,False
reference_measured_asymmetric_closed,reference_measured_asymmetric_closed_nominal,nominal,7.97,extension,0.07892279296875002,0.6008665436197916,1.9065028525501406,2.170439484893645,-0.1962938727240768,-0.057360988376679745,-0.5935133943387574,-0.2012478261676017,0.17542292668269227,0.21280972633136092,-0.2639366323435042,-0.1383632619467251,0.3965546718215055,0.1512478763634857,0.31828981018702773,True,False,periodic_cubic_fit_of_measured_flexion_and_measured_extension,periodic_cubic_B_spline,3,2,each_measured_branch_phase_progress,True,False,True,False,False,theta_shank = q_hip - q_knee,0.42,0.3,knee_to_strap_equivalent_pull_point,0.0,120.0,5.0,145.0,0.0,120.0,5.0,145.0,True,True,False,outside_frozen_local_identification_domain,66.33416458852868,90.0,False
reference_measured_asymmetric_closed,reference_measured_asymmetric_closed_nominal,nominal,7.996,extension,0.0835556558,0.6028741175133333,1.9011803957948854,2.1688555205536475,-0.2138465561139231,-0.06546026860245745,-0.750550030151439,-0.4145796130589338,0.18094851923076927,0.21220562130177514,-0.2676751247587621,-0.13625066700971494,0.397285483927374,0.15306585554303798,0.3179384626979518,True,False,periodic_cubic_fit_of_measured_flexion_and_measured_extension,periodic_cubic_B_spline,3,2,each_measured_branch_phase_progress,True,False,True,False,False,theta_shank = q_hip - q_knee,0.42,0.3,knee_to_strap_equivalent_pull_point,0.0,120.0,5.0,145.0,0.0,120.0,5.0,145.0,True,True,False,outside_frozen_local_identification_domain,66.33416458852868,90.0,False
reference_measured_asymmetric_closed,reference_measured_asymmetric_closed_nominal,nominal,8.022,extension,0.08833195950625002,0.604943849119375,1.895372638247883,2.1670203094280125,-0.23265758257945773,-0.07542793487323218,-0.6936574871363694,-0.3495099254776647,0.18645606129807696,0.21142178254437866,-0.27164767118012945,-0.1339410443489101,0.39807009010816585,0.15505798644056037,0.3175743746771773,True,False,periodic_cubic_fit_of_measured_flexion_and_measured_extension,periodic_cubic_B_spline,3,2,each_measured_branch_phase_progress,True,False,True,False,False,theta_shank = q_hip - q_knee,0.42,0.3,knee_to_strap_equivalent_pull_point,0.0,120.0,5.0,145.0,0.0,120.0,5.0,145.0,True,True,False,outside_frozen_local_identification_domain,66.33416458852868,90.0,False
reference_measured_asymmetric_closed,reference_measured_asymmetric_closed_nominal,nominal,8.048,extension,0.09325117439999998,0.6070755089066666,1.8890963651875936,2.164947706848872,-0.2498617007346554,-0.08382870220105604,-0.6299500649945886,-0.30518302763570704,0.1919409230769231,0.21046153846153837,-0.27585134166127845,-0.1314400261012685,0.3989028948735492,0.1572180747971009,0.31719303753829986,True,False,periodic_cubic_fit_of_measured_flexion_and_measured_extension,periodic_cubic_B_spline,3,2,each_measured_branch_phase_progress,True,False,True,False,False,theta_shank = q_hip - q_knee,0.42,0.3,knee_to_strap_equivalent_pull_point,0.0,120.0,5.0,145.0,0.0,120.0,5.0,145.0,True,True,False,outside_frozen_local_identification_domain,66.33416458852868,90.0,False
reference_measured_asymmetric_closed,reference_measured_asymmetric_closed_nominal,nominal,8.074,extension,0.09831265154374998,0.6092688156689583,1.8823931772836573,2.1626677673407833,-0.26582201012918144,-0.09165580364831576,-0.6518668781120789,-0.3360961780841125,0.1973985612980769,0.20932821745562127,-0.28027459005712596,-0.12876317209747154,0.39977499360439855,0.15953068317255434,0.3167891332814171,True,False,periodic_cubic_fit_of_measured_flexion_and_measured_extension,periodic_cubic_B_spline,3,2,each_measured_branch_phase_progress,True,False,True,False,False,theta_shank = q_hip - q_knee,0.42,0.3,knee_to_strap_equivalent_pull_point,0.0,120.0,5.0,145.0,0.0,120.0,5.0,145.0,True,True,False,outside_frozen_local_identification_domain,66.33416458852868,90.0,False
reference_measured_asymmetric_closed,reference_measured_asymmetric_closed_nominal,nominal,8.1,extension,0.103515625,0.6115234375,1.8752434523333015,2.1601562498947824,-0.28485833120667337,-0.10211997302209887,-0.8096319005276168,-0.4677582172540314,0.20282451923076922,0.20802514792899407,-0.2849127975614809,-0.12590162412258937,0.4006853891063339,0.16200422586460156,0.3163632594892927,True,False,periodic_cubic_fit_of_measured_flexion_and_measured_extension,periodic_cubic_B_spline,3,2,each_measured_branch_phase_progress,True,False,True,False,False,theta_shank = q_hip - q_knee,0.42,0.3,knee_to_strap_equivalent_pull_point,0.0,120.0,5.0,145.0,0.0,120.0,5.0,145.0,True,True,False,outside_frozen_local_identification_domain,66.33416458852868,90.0,False
reference_measured_asymmetric_closed,reference_measured_asymmetric_closed_nominal,nominal,8.126,extension,0.10885921408125004,0.6138389927685417,1.8675481233901823,2.157329373837018,-0.30769767422639366,-0.11587343968338401,-0.9498653359855985,-0.5927106194549444,0.20821442668269227,0.2065556582840237,-0.2897812504468358,-0.12281452087455412,0.40164237010349607,0.16467740047755386,0.3159195892499018,True,False,periodic_cubic_fit_of_measured_flexion_and_measured_extension,periodic_cubic_B_spline,3,2,each_measured_branch_phase_progress,True,False,True,False,False,theta_shank = q_hip - q_knee,0.42,0.3,knee_to_strap_equivalent_pull_point,0.0,120.0,5.0,145.0,0.0,120.0,5.0,145.0,True,True,False,outside_frozen_local_identification_domain,66.33416458852868,90.0,False
reference_measured_asymmetric_closed,reference_measured_asymmetric_closed_nominal,nominal,8.152,extension,0.11434242560000002,0.6162150510933333,1.8592406838031976,2.1541248262459005,-0.33070225408195486,-0.13022566713039044,-0.8091647768786694,-0.5036646728227973,0.21356399999999998,0.20492307692307696,-0.2948841424427029,-0.11947370161905829,0.40264877327695936,0.16757704447340704,0.31546007465288894,True,False,periodic_cubic_fit_of_measured_flexion_and_measured_extension,periodic_cubic_B_spline,3,2,each_measured_branch_phase_progress,True,False,True,False,False,theta_shank = q_hip - q_knee,0.42,0.3,knee_to_strap_equivalent_pull_point,0.0,120.0,5.0,145.0,0.0,120.0,5.0,145.0,True,True,False,outside_frozen_local_identification_domain,66.33416458852868,90.0,False
reference_measured_asymmetric_closed,reference_measured_asymmetric_closed_nominal,nominal,8.178,extension,0.11996415611875,0.618651134318125,1.8503867476387976,2.150579886859808,-0.34968406032612337,-0.14203916594014834,-0.649207768352397,-0.40458190682397144,0.21886904206730776,0.20313073224852066,-0.3001931392210102,-0.11590403879027367,0.4036907898281836,0.17067977963925945,0.31497937560009004,True,False,periodic_cubic_fit_of_measured_flexion_and_measured_extension,periodic_cubic_B_spline,3,2,each_measured_branch_phase_progress,True,False,True,False,False,theta_shank = q_hip - q_knee,0.42,0.3,knee_to_strap_equivalent_pull_point,0.0,120.0,5.0,145.0,0.0,120.0,5.0,145.0,True,True,False,outside_frozen_local_identification_domain,66.33416458852868,90.0,False
reference_measured_asymmetric_closed,reference_measured_asymmetric_closed_nominal,nominal,8.204,extension,0.12572319420000003,0.6211467174866667,1.8410862322075017,2.146755601968688,-0.36581436125313294,-0.1522874170620768,-0.6472085747463044,-0.4252735586322536,0.22412544230769232,0.2011819526627219,-0.3056693697611863,-0.1121445477077283,0.4047512821714454,0.17394917180929265,0.3144718069131336,True,False,periodic_cubic_fit_of_measured_flexion_and_measured_extension,periodic_cubic_B_spline,3,2,each_measured_branch_phase_progress,True,False,True,False,False,theta_shank = q_hip - q_knee,0.42,0.3,knee_to_strap_equivalent_pull_point,0.0,120.0,5.0,145.0,0.0,120.0,5.0,145.0,True,True,False,outside_frozen_local_identification_domain,66.33416458852868,90.0,False
reference_measured_asymmetric_closed,reference_measured_asymmetric_closed_nominal,nominal,8.23,extension,0.13161822265625006,0.6237012298177084,1.8313446607640917,2.142641003283246,-0.3841764500819339,-0.1648073545934976,-0.7915451738345252,-0.558356000397803,0.22932917668269226,0.19908006656804725,-0.31129634251915417,-0.10819637542134942,0.4058245240811383,0.17738481737320422,0.31393664499994506,True,False,periodic_cubic_fit_of_measured_flexion_and_measured_extension,periodic_cubic_B_spline,3,2,each_measured_branch_phase_progress,True,False,True,False,False,theta_shank = q_hip - q_knee,0.42,0.3,knee_to_strap_equivalent_pull_point,0.0,120.0,5.0,145.0,0.0,120.0,5.0,145.0,True,True,False,outside_frozen_local_identification_domain,66.33416458852868,90.0,False
reference_measured_asymmetric_closed,reference_measured_asymmetric_closed_nominal,nominal,8.256,extension,0.13764782080000001,0.62631405568,1.8210704796857042,2.1381505141429655,-0.4063322769548481,-0.18089675466367025,-0.8334221847475046,-0.6224622668725002,0.2344763076923077,0.19682840236686386,-0.3170800344572613,-0.10402122363995457,0.40691471469147755,0.18102374444395553,0.31337666804711656,True,False,periodic_cubic_fit_of_measured_flexion_and_measured_extension,periodic_cubic_B_spline,3,2,each_measured_branch_phase_progress,True,False,True,False,False,theta_shank = q_hip - q_knee,0.42,0.3,knee_to_strap_equivalent_pull_point,0.0,120.0,5.0,145.0,0.0,120.0,5.0,145.0,True,True,False,outside_frozen_local_identification_domain,66.33416458852868,90.0,False
reference_measured_asymmetric_closed,reference_measured_asymmetric_closed_nominal,nominal,8.282,extension,0.14381046669375003,0.6289845355672916,1.8102378440352318,2.133242818855202,-0.42648118056769785,-0.1964052031536357,-0.7274442917502599,-0.5738740835308089,0.239562984375,0.1944302884615384,-0.32300497481997015,-0.09960724782644689,0.40801764199656954,0.1848785129264908,0.3127923726148434,True,False,periodic_cubic_fit_of_measured_flexion_and_measured_extension,periodic_cubic_B_spline,3,2,each_measured_branch_phase_progress,True,False,True,False,False,theta_shank = q_hip - q_knee,0.42,0.3,knee_to_strap_equivalent_pull_point,0.0,120.0,5.0,145.0,0.0,120.0,5.0,145.0,True,True,False,outside_frozen_local_identification_domain,66.33416458852868,90.0,False
reference_measured_asymmetric_closed,reference_measured_asymmetric_closed_nominal,nominal,8.308,extension,0.15010453939999996,0.6317119670733333,1.798912087776421,2.1279457686493974,-0.44455654899913155,-0.2111598834340815,-0.6925181322599578,-0.6043224247798243,0.24458544230769227,0.19188905325443784,-0.32903368087297635,-0.0949798498772304,0.40911957679546307,0.18892665935130076,0.3121809672651529,True,False,periodic_cubic_fit_of_measured_flexion_and_measured_extension,periodic_cubic_B_spline,3,2,each_measured_branch_phase_progress,True,False,True,False,False,theta_shank = q_hip - q_knee,0.42,0.3,knee_to_strap_equivalent_pull_point,0.0,120.0,5.0,145.0,0.0,120.0,5.0,145.0,True,True,False,outside_frozen_local_identification_domain,66.33416458852868,90.0,False
reference_measured_asymmetric_closed,reference_measured_asymmetric_closed_nominal,nominal,8.334,extension,0.15652832123125002,0.634495605866875,1.7871146539314724,2.122235740652644,-0.46324408776935805,-0.22867051603130592,-0.7669278076621939,-0.7416111753149321,0.2495400036057692,0.189208025147929,-0.3351210867211716,-0.09014679114946557,0.4102115991113058,0.19316435678907506,0.3115465422079302,True,False,periodic_cubic_fit_of_measured_flexion_and_measured_extension,periodic_cubic_B_spline,3,2,each_measured_branch_phase_progress,True,False,True,False,False,theta_shank = q_hip - q_knee,0.42,0.3,knee_to_strap_equivalent_pull_point,0.0,120.0,5.0,145.0,0.0,120.0,5.0,145.0,True,True,False,outside_frozen_local_identification_domain,66.33416458852868,90.0,False
reference_measured_asymmetric_closed,reference_measured_asymmetric_closed_nominal,nominal,8.36,extension,0.16307999999999995,0.6373346666666666,1.7747976030241097,2.1160257888744343,-0.4845288524852678,-0.24928504993468156,-0.8316696752939351,-0.7955023005307442,0.2544230769230769,0.18639053254437868,-0.34122818585032455,-0.08508748376734294,0.4112907974975153,0.19761582737033395,0.3108973820172467,True,False,periodic_cubic_fit_of_measured_flexion_and_measured_extension,periodic_cubic_B_spline,3,2,each_measured_branch_phase_progress,True,False,True,False,False,theta_shank = q_hip - q_knee,0.42,0.3,knee_to_strap_equivalent_pull_point,0.0,120.0,5.0,145.0,0.0,120.0,5.0,145.0,True,True,False,outside_frozen_local_identification_domain,66.33416458852868,90.0,False
reference_measured_asymmetric_closed,reference_measured_asymmetric_closed_nominal,nominal,8.386,extension,0.16975767126875,0.6402283242164584,1.7619220066290255,2.109283096582484,-0.5057717098303293,-0.269045182123879,-0.8017117523274215,-0.7168858310729405,0.25923115745192304,0.18343990384615388,-0.34736108995345827,-0.07978496292933686,0.41235222770146923,0.20229733230401548,0.31022691881144016,True,False,periodic_cubic_fit_of_measured_flexion_and_measured_extension,periodic_cubic_B_spline,3,2,each_measured_branch_phase_progress,True,False,True,False,False,theta_shank = q_hip - q_knee,0.42,0.3,knee_to_strap_equivalent_pull_point,0.0,120.0,5.0,145.0,0.0,120.0,5.0,145.0,True,True,False,outside_frozen_local_identification_domain,66.33416458852868,90.0,False
reference_measured_asymmetric_closed,reference_measured_asymmetric_closed_nominal,nominal,8.411999999999999,extension,0.1765593406,0.64317571426,1.7485021212831637,2.1020521462722668,-0.5267724637251683,-0.287454570225477,-0.8580616363975815,-0.7793710458901209,0.26396082692307693,0.18035946745562126,-0.35355002498910304,-0.07424422514591882,0.4133857702346346,0.20720062494997393,0.3095166393318469,True,False,periodic_cubic_fit_of_measured_flexion_and_measured_extension,periodic_cubic_B_spline,3,2,each_measured_branch_phase_progress,True,False,True,False,False,theta_shank = q_hip - q_knee,0.42,0.3,knee_to_strap_equivalent_pull_point,0.0,120.0,5.0,145.0,0.0,120.0,5.0,145.0,True,True,False,outside_frozen_local_identification_domain,66.33416458852868,90.0,False
reference_measured_asymmetric_closed,reference_measured_asymmetric_closed_nominal,nominal,8.438,extension,0.18348292580624997,0.6461759345160416,1.7345013567076613,2.094290769975103,-0.5505978371319755,-0.3103729211684026,-0.9510800530832673,-0.9663695321273915,0.2686087536057692,0.1771525517751478,-0.35978941326744196,-0.068449420772281,0.4143846966237282,0.21234187538925947,0.3087615552203309,True,False,periodic_cubic_fit_of_measured_flexion_and_measured_extension,periodic_cubic_B_spline,3,2,each_measured_branch_phase_progress,True,False,True,False,False,theta_shank = q_hip - q_knee,0.42,0.3,knee_to_strap_equivalent_pull_point,0.0,120.0,5.0,145.0,0.0,120.0,5.0,145.0,True,True,False,outside_frozen_local_identification_domain,66.33416458852868,90.0,False
reference_measured_asymmetric_closed,reference_measured_asymmetric_closed_nominal,nominal,8.464,extension,0.1905262592000001,0.6492280456533334,1.71986422927704,2.0858870198364663,-0.5749819806729786,-0.33569652338705624,-0.8818497830975658,-0.9031521695019175,0.2731716923076923,0.17382248520710047,-0.3660227905594262,-0.062376903381755604,0.415342174507361,0.21775055309807534,0.30797081833570594,True,False,periodic_cubic_fit_of_measured_flexion_and_measured_extension,periodic_cubic_B_spline,3,2,each_measured_branch_phase_progress,True,False,True,False,False,theta_shank = q_hip - q_knee,0.42,0.3,knee_to_strap_equivalent_pull_point,0.0,120.0,5.0,145.0,0.0,120.0,5.0,145.0,True,True,False,outside_frozen_local_identification_domain,66.33416458852868,90.0,False
reference_measured_asymmetric_closed,reference_measured_asymmetric_closed_nominal,nominal,8.49,extension,0.19768708984374994,0.6523310722656249,1.7046348119409895,2.076876470128069,-0.5957118998416036,-0.3564837388919609,-0.701290958875413,-0.688248013082756,0.27764648437500006,0.17037259615384603,-0.3722416581870793,-0.05604449502211551,0.41624393638552387,0.2234098206594347,0.30713259212216837,True,False,periodic_cubic_fit_of_measured_flexion_and_measured_extension,periodic_cubic_B_spline,3,2,each_measured_branch_phase_progress,True,False,True,False,False,theta_shank = q_hip - q_knee,0.42,0.3,knee_to_strap_equivalent_pull_point,0.0,120.0,5.0,145.0,0.0,120.0,5.0,145.0,True,True,False,outside_frozen_local_identification_domain,66.33416458852868,90.0,False
reference_measured_asymmetric_closed,reference_measured_asymmetric_closed_nominal,nominal,8.516,extension,0.2049630858,0.6554840038466666,1.6889050312864826,2.067369461147307,-0.6149649069805819,-0.37567671322994783,-0.8284377634973243,-0.8458643226714497,0.2820300576923077,0.1668062130177515,-0.3784644298608242,-0.04949040591158642,0.41707397392154116,0.22927952854804096,0.3062257730278188,True,False,periodic_cubic_fit_of_measured_flexion_and_measured_extension,periodic_cubic_B_spline,3,2,each_measured_branch_phase_progress,True,False,True,False,False,theta_shank = q_hip - q_knee,0.42,0.3,knee_to_strap_equivalent_pull_point,0.0,120.0,5.0,145.0,0.0,120.0,5.0,145.0,True,True,False,outside_frozen_local_identification_domain,66.33416458852868,90.0,False
reference_measured_asymmetric_closed,reference_measured_asymmetric_closed_nominal,nominal,8.542,extension,0.21235183638125005,0.6586857957652084,1.672621714808798,2.057291833449237,-0.6380794865758361,-0.40039515148028554,-0.910209274830731,-1.0082824770217778,0.28631942668269234,0.16312666420118332,-0.3846701186404389,-0.04269279755612307,0.4178245146432074,0.2353838841043774,0.3052484998057445,True,False,periodic_cubic_fit_of_measured_flexion_and_measured_extension,periodic_cubic_B_spline,3,2,each_measured_branch_phase_progress,True,False,True,False,False,theta_shank = q_hip - q_knee,0.42,0.3,knee_to_strap_equivalent_pull_point,0.0,120.0,5.0,145.0,0.0,120.0,5.0,145.0,True,True,False,outside_frozen_local_identification_domain,66.33416458852868,90.0,False
reference_measured_asymmetric_closed,reference_measured_asymmetric_closed_nominal,nominal,8.568,extension,0.2198508544,0.6619353702399999,1.6557559873058698,2.0465735573446637,-0.6580362180759051,-0.42285111973469514,-0.6239532031842197,-0.7314671074378967,0.2905116923076924,0.15933727810650883,-0.3908175700387939,-0.0356401453308642,0.41848510133670813,0.24173923070526912,0.3042017615631202,True,False,periodic_cubic_fit_of_measured_flexion_and_measured_extension,periodic_cubic_B_spline,3,2,each_measured_branch_phase_progress,True,False,True,False,False,theta_shank = q_hip - q_knee,0.42,0.3,knee_to_strap_equivalent_pull_point,0.0,120.0,5.0,145.0,0.0,120.0,5.0,145.0,True,True,False,outside_frozen_local_identification_domain,66.33416458852868,90.0,False
reference_measured_asymmetric_closed,reference_measured_asymmetric_closed_nominal,nominal,8.594,extension,0.2274575784187501,0.6652316173147917,1.638466321866217,2.0353565166379446,-0.6712114978792622,-0.439262257550638,-0.4734389560724686,-0.5699102381696799,0.2946040420673077,0.15544138313609474,-0.3968901947717276,-0.02839971155125718,0.4190387289783671,0.24828055450244055,0.30307308589191223,True,False,periodic_cubic_fit_of_measured_flexion_and_measured_extension,periodic_cubic_B_spline,3,2,each_measured_branch_phase_progress,True,False,True,False,False,theta_shank = q_hip - q_knee,0.42,0.3,knee_to_strap_equivalent_pull_point,0.0,120.0,5.0,145.0,0.0,120.0,5.0,145.0,True,True,False,outside_frozen_local_identification_domain,66.33416458852868,90.0,False
reference_measured_asymmetric_closed,reference_measured_asymmetric_closed_nominal,nominal,8.620000000000001,extension,0.235169375,0.6685733958333333,1.620845295395766,2.0237437343239146,-0.6848593960302444,-0.4545971218460437,-0.6095792408335857,-0.6908972610921129,0.29859375000000005,0.1514423076923077,-0.4028984389281487,-0.02101179217771413,0.419474080950755,0.25496673424541094,0.3018481783896251,True,False,periodic_cubic_fit_of_measured_flexion_and_measured_extension,periodic_cubic_B_spline,3,2,each_measured_branch_phase_progress,True,False,True,False,False,theta_shank = q_hip - q_knee,0.42,0.3,knee_to_strap_equivalent_pull_point,0.0,120.0,5.0,145.0,0.0,120.0,5.0,145.0,True,True,False,outside_frozen_local_identification_domain,66.33416458852868,90.0,False
reference_measured_asymmetric_closed,reference_measured_asymmetric_closed_nominal,nominal,8.645999999999999,extension,0.2429835409562499,0.671959534414375,1.6028287672557398,2.011670574115963,-0.7004425795523891,-0.4744646297625903,-0.5109414243047652,-0.7942050136929655,0.30247817668269233,0.14734338017751464,-0.4088418068602231,-0.013451324368517129,0.41978454220317946,0.2618232378868155,0.30052048485506233,True,False,periodic_cubic_fit_of_measured_flexion_and_measured_extension,periodic_cubic_B_spline,3,2,each_measured_branch_phase_progress,True,False,True,False,False,theta_shank = q_hip - q_knee,0.42,0.3,knee_to_strap_equivalent_pull_point,0.0,120.0,5.0,145.0,0.0,120.0,5.0,145.0,True,True,False,outside_frozen_local_identification_domain,66.33416458852868,90.0,False
reference_measured_asymmetric_closed,reference_measured_asymmetric_closed_nominal,nominal,8.672,extension,0.2508973056,0.6753888324266667,1.584465270746328,1.9990555840525186,-0.7113942622087639,-0.49637861797901683,-0.35968964569723694,-0.8968085720567163,0.3062547692307692,0.14314792899408274,-0.41459031330619056,-0.00574077768785963,0.41996076420487016,0.2688436498846051,0.29911626853087653,True,False,periodic_cubic_fit_of_measured_flexion_and_measured_extension,periodic_cubic_B_spline,3,2,each_measured_branch_phase_progress,True,False,True,False,False,theta_shank = q_hip - q_knee,0.42,0.3,knee_to_strap_equivalent_pull_point,0.0,120.0,5.0,145.0,0.0,120.0,5.0,145.0,True,True,False,outside_frozen_local_identification_domain,66.33416458852868,90.0,False
reference_measured_asymmetric_closed,reference_measured_asymmetric_closed_nominal,nominal,8.698,extension,0.25890783299375,0.6788600609639583,1.5658367794797312,1.9858342800069013,-0.7219748221641258,-0.5210260703842511,-0.4529675618803734,-0.9753249026084743,0.3099210612980769,0.13885928254437876,-0.4199975005271701,0.0020830013330429623,0.4199948346175778,0.27600998918173186,0.2976673833723882,True,False,periodic_cubic_fit_of_measured_flexion_and_measured_extension,periodic_cubic_B_spline,3,2,each_measured_branch_phase_progress,True,False,True,False,False,theta_shank = q_hip - q_knee,0.42,0.3,knee_to_strap_equivalent_pull_point,0.0,120.0,5.0,145.0,0.0,120.0,5.0,145.0,True,True,False,outside_frozen_local_identification_domain,66.33416458852868,90.0,False
reference_measured_asymmetric_closed,reference_measured_asymmetric_closed_nominal,nominal,8.724,extension,0.2670122242,0.68237196382,1.5469070293817873,1.9719581628076501,-0.7338372711111533,-0.5463341246918293,-0.3803443663624988,-0.9676852186287185,0.31347467307692306,0.1344807692307692,-0.42505113342586287,0.01003255058965226,0.4198801590080985,0.2833378451063236,0.29616994928733403,True,False,periodic_cubic_fit_of_measured_flexion_and_measured_extension,periodic_cubic_B_spline,3,2,each_measured_branch_phase_progress,True,False,True,False,False,theta_shank = q_hip - q_knee,0.42,0.3,knee_to_strap_equivalent_pull_point,0.0,120.0,5.0,145.0,0.0,120.0,5.0,145.0,True,True,False,outside_frozen_local_identification_domain,66.33416458852868,90.0,False
reference_measured_asymmetric_closed,reference_measured_asymmetric_closed_nominal,nominal,8.75,extension,0.27520751953125,0.6859232584635416,1.5277235618122502,1.957429283478753,-0.7409044910483767,-0.5711117916058337,-0.16754537646796638,-0.9328416200115659,0.3169133112980769,0.1300157174556213,-0.4297057216665028,0.018084968019832726,0.4196104549838119,0.2908114839278446,0.29462946634683185,True,False,periodic_cubic_fit_of_measured_flexion_and_measured_extension,periodic_cubic_B_spline,3,2,each_measured_branch_phase_progress,True,False,True,False,False,theta_shank = q_hip - q_knee,0.42,0.3,knee_to_strap_equivalent_pull_point,0.0,120.0,5.0,145.0,0.0,120.0,5.0,145.0,True,True,False,outside_frozen_local_identification_domain,66.33416458852868,90.0,False
reference_measured_asymmetric_closed,reference_measured_asymmetric_closed_nominal,nominal,8.776,extension,0.2834907008000001,0.6895126370133333,1.5084082489901287,1.9422592302109478,-0.7448688126810878,-0.5961235651947269,-0.16739532199525703,-1.0025507903656232,0.32023476923076916,0.12546745562130177,-0.4338509812208191,0.026185997788889054,0.4191828879138559,0.298392093392739,0.29307245410242333,True,False,periodic_cubic_fit_of_measured_flexion_and_measured_extension,periodic_cubic_B_spline,3,2,each_measured_branch_phase_progress,True,False,True,False,False,theta_shank = q_hip - q_knee,0.42,0.3,knee_to_strap_equivalent_pull_point,0.0,120.0,5.0,145.0,0.0,120.0,5.0,145.0,True,True,False,outside_frozen_local_identification_domain,66.33416458852868,90.0,False
reference_measured_asymmetric_closed,reference_measured_asymmetric_closed_nominal,nominal,8.802,extension,0.29185869356875,0.693138767213125,1.4889721924272938,1.9264095036038675,-0.7504222181780034,-0.6234206915510236,-0.204816272811608,-1.0753326433723605,0.32343692668269225,0.12083931213017761,-0.4374373111765737,0.03432780130678562,0.41859479458951926,0.30607987373042267,0.291508952996294,True,False,periodic_cubic_fit_of_measured_flexion_and_measured_extension,periodic_cubic_B_spline,3,2,each_measured_branch_phase_progress,True,False,True,False,False,theta_shank = q_hip - q_knee,0.42,0.3,knee_to_strap_equivalent_pull_point,0.0,120.0,5.0,145.0,0.0,120.0,5.0,145.0,True,True,False,outside_frozen_local_identification_domain,66.33416458852868,90.0,False
reference_measured_asymmetric_closed,reference_measured_asymmetric_closed_nominal,nominal,8.828,extension,0.30030836939999994,0.6968002934066666,1.4694018606726604,1.9098369464849494,-0.7547025549545427,-0.6512761077907805,-0.13569711495694473,-1.052661563219727,0.3265177500000001,0.11613461538461534,-0.44043508581228896,0.042512743867570035,0.41784287311003687,0.3138826210794924,0.2899429523047987,True,False,periodic_cubic_fit_of_measured_flexion_and_measured_extension,periodic_cubic_B_spline,3,2,each_measured_branch_phase_progress,True,False,True,False,False,theta_shank = q_hip - q_knee,0.42,0.3,knee_to_strap_equivalent_pull_point,0.0,120.0,5.0,145.0,0.0,120.0,5.0,145.0,True,True,False,outside_frozen_local_identification_domain,66.33416458852868,90.0,False
reference_measured_asymmetric_closed,reference_measured_asymmetric_closed_nominal,nominal,8.854,extension,0.30883654810625005,0.7004958375127084,1.4497371202361629,1.892525865822923,-0.7578846802128945,-0.6815632887643953,-0.11720370712607223,-1.283950192424765,0.3294752920673078,0.11135669378698215,-0.44278874558676007,0.05072076633005953,0.41692613717886706,0.3217888592657115,0.28838785886369467,True,False,periodic_cubic_fit_of_measured_flexion_and_measured_extension,periodic_cubic_B_spline,3,2,each_measured_branch_phase_progress,True,False,True,False,False,theta_shank = q_hip - q_knee,0.42,0.3,knee_to_strap_equivalent_pull_point,0.0,120.0,5.0,145.0,0.0,120.0,5.0,145.0,True,True,False,outside_frozen_local_identification_domain,66.33416458852868,90.0,False
reference_measured_asymmetric_closed,reference_measured_asymmetric_closed_nominal,nominal,8.879999999999999,extension,0.31744000000000006,0.704224,1.429990284453321,1.8743681461001602,-0.7611288468916996,-0.7149044917335952,-0.12043105184704823,-1.201074782711198,0.33230769230769236,0.10650887573964486,-0.44437786164683923,0.05894331460381832,0.4158433426947163,0.32980680312035476,0.28687446819915396,True,False,periodic_cubic_fit_of_measured_flexion_and_measured_extension,periodic_cubic_B_spline,3,2,each_measured_branch_phase_progress,True,False,True,False,False,theta_shank = q_hip - q_knee,0.42,0.3,knee_to_strap_equivalent_pull_point,0.0,120.0,5.0,145.0,0.0,120.0,5.0,145.0,True,True,False,outside_frozen_local_identification_domain,66.33416458852868,90.0,False
reference_measured_asymmetric_closed,reference_measured_asymmetric_closed_nominal,nominal,8.906,extension,0.32611544814375,0.7079833608622916,1.410163138653494,1.8554092728453366,-0.763939570923855,-0.742039593956991,-0.09759579400049825,-0.8736484436060572,0.3350131766826924,0.10159448964497021,-0.44524613419184256,0.06717617560234414,0.41459300697363793,0.33792758189845834,0.285388997791738,True,False,periodic_cubic_fit_of_measured_flexion_and_measured_extension,periodic_cubic_B_spline,3,2,each_measured_branch_phase_progress,True,False,True,False,False,theta_shank = q_hip - q_knee,0.42,0.3,knee_to_strap_equivalent_pull_point,0.0,120.0,5.0,145.0,0.0,120.0,5.0,145.0,True,True,False,outside_frozen_local_identification_domain,66.33416458852868,90.0,False
reference_measured_asymmetric_closed,reference_measured_asymmetric_closed_nominal,nominal,8.932,extension,0.33485957059999993,0.7117724805933333,1.3902683430854392,1.8358171388063307,-0.7664197992346421,-0.7657376778733139,-0.09242859755302243,-1.0052637473355377,0.3375900576923078,0.0966168639053253,-0.44554879572089146,0.07541058079396147,0.4131745930043586,0.3461228696067385,0.2838886437068901,True,False,periodic_cubic_fit_of_measured_flexion_and_measured_extension,periodic_cubic_B_spline,3,2,each_measured_branch_phase_progress,True,False,True,False,False,theta_shank = q_hip - q_knee,0.42,0.3,knee_to_strap_equivalent_pull_point,0.0,120.0,5.0,145.0,0.0,120.0,5.0,145.0,True,True,False,outside_frozen_local_identification_domain,66.33416458852868,90.0,False
reference_measured_asymmetric_closed,reference_measured_asymmetric_closed_nominal,nominal,8.958,extension,0.3436690026812501,0.715589901161875,1.370312099991584,1.8155448364820597,-0.7686114601113162,-0.7938459407155964,-0.07776098331422437,-1.0312461124684886,0.3400367343749999,0.09157932692307698,-0.44523273649047557,0.08364043043621251,0.41158751001025906,0.3543935677447574,0.2823871282864412,True,False,periodic_cubic_fit_of_measured_flexion_and_measured_extension,periodic_cubic_B_spline,3,2,each_measured_branch_phase_progress,True,False,True,False,False,theta_shank = q_hip - q_knee,0.42,0.3,knee_to_strap_equivalent_pull_point,0.0,120.0,5.0,145.0,0.0,120.0,5.0,145.0,True,True,False,outside_frozen_local_identification_domain,66.33416458852868,90.0,False
reference_measured_asymmetric_closed,reference_measured_asymmetric_closed_nominal,nominal,8.984,extension,0.3525403391999999,0.7194341469866666,1.3503075185459414,1.7945875489767256,-0.7697891258653115,-0.8169611650653164,0.008566556168862594,-0.7366079985954044,0.34235169230769213,0.08648520710059181,-0.4442800304307841,0.09185678195990368,0.40983207732920407,0.36273288636203516,0.28088970235524313,True,False,periodic_cubic_fit_of_measured_flexion_and_measured_extension,periodic_cubic_B_spline,3,2,each_measured_branch_phase_progress,True,False,True,False,False,theta_shank = q_hip - q_knee,0.42,0.3,knee_to_strap_equivalent_pull_point,0.0,120.0,5.0,145.0,0.0,120.0,5.0,145.0,True,True,False,outside_frozen_local_identification_domain,66.33416458852868,90.0,False
reference_measured_asymmetric_closed,reference_measured_asymmetric_closed_nominal,nominal,9.01,extension,0.36147013671875,0.7233037259114583,1.3302635318963005,1.7730563984996237,-0.7730589004766535,-0.8407159914633808,-0.18876770795205305,-1.0429017636926805,0.3445335036057692,0.08133783284023681,-0.4427928666033232,0.10005244896447946,0.4079086999025765,0.3711200121894558,0.27936930451239483,True,False,periodic_cubic_fit_of_measured_flexion_and_measured_extension,periodic_cubic_B_spline,3,2,each_measured_branch_phase_progress,True,False,True,False,False,theta_shank = q_hip - q_knee,0.42,0.3,knee_to_strap_equivalent_pull_point,0.0,120.0,5.0,145.0,0.0,120.0,5.0,145.0,True,True,False,outside_frozen_local_identification_domain,66.33416458852868,90.0,False
reference_measured_asymmetric_closed,reference_measured_asymmetric_closed_nominal,nominal,9.036,extension,0.3704549158,0.72719713018,1.3101150468619092,1.7508451261390123,-0.7755736553080842,-0.866569283008717,0.08862929181301829,-0.7702108353517687,0.3465808269230769,0.07614053254437882,-0.44073007927710317,0.1082503271975096,0.4058101362233724,0.3795824629617328,0.27783016864396903,True,False,periodic_cubic_fit_of_measured_flexion_and_measured_extension,periodic_cubic_B_spline,3,2,each_measured_branch_phase_progress,True,False,True,False,False,theta_shank = q_hip - q_knee,0.42,0.3,knee_to_strap_equivalent_pull_point,0.0,120.0,5.0,145.0,0.0,120.0,5.0,145.0,True,True,False,outside_frozen_local_identification_domain,66.33416458852868,90.0,False
reference_measured_asymmetric_closed,reference_measured_asymmetric_closed_nominal,nominal,9.062,extension,0.37949116325625,0.7311128374110416,1.290035613741451,1.7281174545837368,-0.7668958513044747,-0.8794381229765218,0.5083211516457123,-0.287403802770809,0.3484924074519231,0.07089663461538473,-0.43808184084228574,0.11637639549869323,0.403554871821332,0.3880465008875868,0.2762939043647412,True,False,periodic_cubic_fit_of_measured_flexion_and_measured_extension,periodic_cubic_B_spline,3,2,each_measured_branch_phase_progress,True,False,True,False,False,theta_shank = q_hip - q_knee,0.42,0.3,knee_to_strap_equivalent_pull_point,0.0,120.0,5.0,145.0,0.0,120.0,5.0,145.0,True,True,False,outside_frozen_local_identification_domain,66.33416458852868,90.0,False
reference_measured_asymmetric_closed,reference_measured_asymmetric_closed_nominal,nominal,9.088000000000001,extension,0.3885753343999999,0.7350493115733333,1.2702504603796212,1.705154147998055,-0.7559282621501588,-0.8875831529789467,0.29837177076708304,-0.4425478240697222,0.35026707692307685,0.06560946745562128,-0.4349036876184338,0.12433749245905865,0.40117351354369535,0.3964106799988234,0.27477659656407905,True,False,periodic_cubic_fit_of_measured_flexion_and_measured_extension,periodic_cubic_B_spline,3,2,each_measured_branch_phase_progress,True,False,True,False,False,theta_shank = q_hip - q_knee,0.42,0.3,knee_to_strap_equivalent_pull_point,0.0,120.0,5.0,145.0,0.0,120.0,5.0,145.0,True,True,False,outside_frozen_local_identification_domain,66.33416458852868,90.0,False
reference_measured_asymmetric_closed,reference_measured_asymmetric_closed_nominal,nominal,9.114,extension,0.3977038552937501,0.7390050039606251,1.2506949867908326,1.6819105570292057,-0.7470913762375243,-0.8998542520619157,0.5179572860191086,-0.38420478709914113,0.3519037536057692,0.060282359467455596,-0.4312155702383731,0.13215835689916108,0.3986654847133295,0.4046958596522162,0.2732728629482176,True,False,periodic_cubic_fit_of_measured_flexion_and_measured_extension,periodic_cubic_B_spline,3,2,each_measured_branch_phase_progress,True,False,True,False,False,theta_shank = q_hip - q_knee,0.42,0.3,knee_to_strap_equivalent_pull_point,0.0,120.0,5.0,145.0,0.0,120.0,5.0,145.0,True,True,False,outside_frozen_local_identification_domain,66.33416458852868,90.0,False
reference_measured_asymmetric_closed,reference_measured_asymmetric_closed_nominal,nominal,9.14,extension,0.40687312500000017,0.7429783541666668,1.2314754779829673,1.6583829559752754,-0.7302840686527808,-0.9096057270438082,0.7515899637993478,-0.2690208444527357,0.3534014423076921,0.05491863905325441,-0.4269074779923081,0.1397956317781949,0.3960519932227779,0.4128708067441754,0.27183464814851244,True,False,periodic_cubic_fit_of_measured_flexion_and_measured_extension,periodic_cubic_B_spline,3,2,each_measured_branch_phase_progress,True,False,True,False,False,theta_shank = q_hip - q_knee,0.42,0.3,knee_to_strap_equivalent_pull_point,0.0,120.0,5.0,145.0,0.0,120.0,5.0,145.0,True,True,False,outside_frozen_local_identification_domain,66.33416458852868,90.0,False
reference_measured_asymmetric_closed,reference_measured_asymmetric_closed_nominal,nominal,9.166,extension,0.41607951783125,0.7469677910602084,1.212747944772379,1.6346731791981652,-0.7109145214011838,-0.9140783631463972,0.6354249984299297,-0.20228792005120122,0.3547592343750001,0.04952163461538447,-0.4219252344257862,0.1471877612080371,0.393364669169164,0.4208784254504596,0.27050938720480755,True,False,periodic_cubic_fit_of_measured_flexion_and_measured_extension,periodic_cubic_B_spline,3,2,each_measured_branch_phase_progress,True,False,True,False,False,theta_shank = q_hip - q_knee,0.42,0.3,knee_to_strap_equivalent_pull_point,0.0,120.0,5.0,145.0,0.0,120.0,5.0,145.0,True,True,False,outside_frozen_local_identification_domain,66.33416458852868,90.0,False
reference_measured_asymmetric_closed,reference_measured_asymmetric_closed_nominal,nominal,9.192,extension,0.42531938559999993,0.7509717337599999,1.194464147485935,1.6107891567801138,-0.696031096427437,-0.9253340808768343,0.5003978201480863,-0.685049801670335,0.35597630769230787,0.044094674556213034,-0.4163250092941788,0.15435495881733563,0.3906079193878416,0.428729344897588,0.26928728526864243,True,False,periodic_cubic_fit_of_measured_flexion_and_measured_extension,periodic_cubic_B_spline,3,2,each_measured_branch_phase_progress,True,False,True,False,False,theta_shank = q_hip - q_knee,0.42,0.3,knee_to_strap_equivalent_pull_point,0.0,120.0,5.0,145.0,0.0,120.0,5.0,145.0,True,True,False,outside_frozen_local_identification_domain,66.33416458852868,90.0,False
reference_measured_asymmetric_closed,reference_measured_asymmetric_closed_nominal,nominal,9.218,extension,0.43458905986874996,0.7549885926097917,1.1765176509665516,1.5864482427431936,-0.6847723617574267,-0.9484206045505853,0.4245194952186637,-1.0106413436032335,0.3570519266826923,0.03864108727810651,-0.40993059177664204,0.16133976979018813,0.3877750361795471,0.4364843160020092,0.268211334790325,True,False,periodic_cubic_fit_of_measured_flexion_and_measured_extension,periodic_cubic_B_spline,3,2,each_measured_branch_phase_progress,True,False,True,False,False,theta_shank = q_hip - q_knee,0.42,0.3,knee_to_strap_equivalent_pull_point,0.0,120.0,5.0,145.0,0.0,120.0,5.0,145.0,True,True,False,outside_frozen_local_identification_domain,66.33416458852868,90.0,False
reference_measured_asymmetric_closed,reference_measured_asymmetric_closed_nominal,nominal,9.244,extension,0.4438848542000001,0.7590167701533334,1.1588665391022337,1.5614683584626305,-0.6725999143982498,-0.9716632776796316,0.4881079042602118,-0.7668028461950667,0.35798544230769247,0.033164201183431836,-0.40260181936039685,0.16815894191715344,0.3848669513654081,0.44417234634340863,0.26732291460884394,True,False,periodic_cubic_fit_of_measured_flexion_and_measured_extension,periodic_cubic_B_spline,3,2,each_measured_branch_phase_progress,True,False,True,False,False,theta_shank = q_hip - q_knee,0.42,0.3,knee_to_strap_equivalent_pull_point,0.0,120.0,5.0,145.0,0.0,120.0,5.0,145.0,True,True,False,outside_frozen_local_identification_domain,66.33416458852868,90.0,False
reference_measured_asymmetric_closed,reference_measured_asymmetric_closed_nominal,nominal,9.27,extension,0.4532030664062502,0.7630546621093751,1.1415310357897162,1.5359469408843478,-0.6612274940002637,-0.9909694165936745,0.41369709648690306,-0.6358909744178318,0.35877629206730766,0.027667344674556272,-0.39441590509463165,0.1748052031589473,0.38189414887971135,0.45177155458046203,0.26661344719788604,True,False,periodic_cubic_fit_of_measured_flexion_and_measured_extension,periodic_cubic_B_spline,3,2,each_measured_branch_phase_progress,True,False,True,False,False,theta_shank = q_hip - q_knee,0.42,0.3,knee_to_strap_equivalent_pull_point,0.0,120.0,5.0,145.0,0.0,120.0,5.0,145.0,True,True,False,outside_frozen_local_identification_domain,66.33416458852868,90.0,False
reference_measured_asymmetric_closed,reference_measured_asymmetric_closed_nominal,nominal,9.296,extension,0.4625399807999999,0.7671006583466666,1.1244658806896586,1.5099510698804752,-0.6522694228276735,-1.0107382875312914,0.2735749696485832,-0.9712009282224816,0.35942400000000013,0.022153846153845906,-0.38548518919081665,0.1812965170031811,0.3788556095962092,0.45928134891074185,0.26605298006424655,True,False,periodic_cubic_fit_of_measured_flexion_and_measured_extension,periodic_cubic_B_spline,3,2,each_measured_branch_phase_progress,True,False,True,False,False,theta_shank = q_hip - q_knee,0.42,0.3,knee_to_strap_equivalent_pull_point,0.0,120.0,5.0,145.0,0.0,120.0,5.0,145.0,True,True,False,outside_frozen_local_identification_domain,66.33416458852868,90.0,False
reference_measured_asymmetric_closed,reference_measured_asymmetric_closed_nominal,nominal,9.322,extension,0.47189187044375003,0.7711531438589583,1.1076122687802876,1.4833541272980004,-0.64347471966516,-1.0337527844906653,0.4377073113222969,-0.6123565088272722,0.35992817668269234,0.016627034023668587,-0.3757418585177128,0.18765555264112324,0.3757464485034484,0.466726245687349,0.2656576285320307,True,False,periodic_cubic_fit_of_measured_flexion_and_measured_extension,periodic_cubic_B_spline,3,2,each_measured_branch_phase_progress,True,False,True,False,False,theta_shank = q_hip - q_knee,0.42,0.3,knee_to_strap_equivalent_pull_point,0.0,120.0,5.0,145.0,0.0,120.0,5.0,145.0,True,True,False,outside_frozen_local_identification_domain,66.33416458852868,90.0,False
reference_measured_asymmetric_closed,reference_measured_asymmetric_closed_nominal,nominal,9.347999999999999,extension,0.4812549993999999,0.77521049974,1.0910612785684324,1.4563657712081262,-0.6283367302515179,-1.0383812173258484,0.7196361273847236,0.2191788041443039,0.3602885192307691,0.011090236686390594,-0.3653044926396938,0.19384854235236199,0.37258924115957043,0.474053051181194,0.2654191276390884,True,False,periodic_cubic_fit_of_measured_flexion_and_measured_extension,periodic_cubic_B_spline,3,2,each_measured_branch_phase_progress,True,False,True,False,False,theta_shank = q_hip - q_knee,0.42,0.3,knee_to_strap_equivalent_pull_point,0.0,120.0,5.0,145.0,0.0,120.0,5.0,145.0,True,True,False,outside_frozen_local_identification_domain,66.33416458852868,90.0,False
reference_measured_asymmetric_closed,reference_measured_asymmetric_closed_nominal,nominal,9.373999999999999,extension,0.49062562498125,0.7792711041585416,1.07495222031274,1.4294040033435023,-0.6114799494059242,-1.0372170870631503,0.564456781284259,-0.16236574708428844,0.3605048112980769,0.0055467825443786005,-0.3544517830307623,0.19982519308124236,0.3694183160186352,0.4811762639348535,0.2652954322248876,True,False,periodic_cubic_fit_of_measured_flexion_and_measured_extension,periodic_cubic_B_spline,3,2,each_measured_branch_phase_progress,True,False,True,False,False,theta_shank = q_hip - q_knee,0.42,0.3,knee_to_strap_equivalent_pull_point,0.0,120.0,5.0,145.0,0.0,120.0,5.0,145.0,True,True,False,outside_frozen_local_identification_domain,66.33416458852868,90.0,False
reference_measured_asymmetric_closed,reference_measured_asymmetric_closed_nominal,nominal,9.4,extension,0.5,0.7833333333333333,1.059238953991077,1.4023741416071218,-0.596604963418834,-1.0398468869080346,0.6744930029792772,0.23441731423487072,0.3605769230769231,0.0,-0.3431351876160449,0.20560505400938398,0.3662329337536403,0.4881164007953601,0.2653005854347099,True,False,periodic_cubic_fit_of_measured_flexion_and_measured_extension,periodic_cubic_B_spline,3,2,each_measured_branch_phase_progress,True,False,True,False,False,theta_shank = q_hip - q_knee,0.42,0.3,knee_to_strap_equivalent_pull_point,0.0,120.0,5.0,145.0,0.0,120.0,5.0,145.0,True,True,False,outside_frozen_local_identification_domain,66.33416458852868,90.0,False
reference_measured_asymmetric_closed,reference_measured_asymmetric_closed_nominal,nominal,9.426,extension,0.50937437501875,0.787395562508125,1.0439820896636,1.3754889789693303,-0.5763756017615539,-1.0261200396444479,0.782089988682801,0.6678122135539576,0.36050481129807677,-0.0055467825443785345,-0.33150688930573025,0.21116847434673364,0.36305354349196606,0.49483436613958953,0.26541307117969304,True,False,periodic_cubic_fit_of_measured_flexion_and_measured_extension,periodic_cubic_B_spline,3,2,each_measured_branch_phase_progress,True,False,True,False,False,theta_shank = q_hip - q_knee,0.42,0.3,knee_to_strap_equivalent_pull_point,0.0,120.0,5.0,145.0,0.0,120.0,5.0,145.0,True,True,False,outside_frozen_local_identification_domain,66.33416458852868,90.0,False
reference_measured_asymmetric_closed,reference_measured_asymmetric_closed_nominal,nominal,9.452,extension,0.5187450006000003,0.7914561669266668,1.029238871604546,1.3490189182790138,-0.5584537086219147,-1.0113988764558477,0.6090129980247809,0.37709636703121396,0.36028851923076904,-0.011090236686390332,-0.3197800466744678,0.2164979083635972,0.35990089701775885,0.5012892838879695,0.2655935673612788,True,False,periodic_cubic_fit_of_measured_flexion_and_measured_extension,periodic_cubic_B_spline,3,2,each_measured_branch_phase_progress,True,False,True,False,False,theta_shank = q_hip - q_knee,0.42,0.3,knee_to_strap_equivalent_pull_point,0.0,120.0,5.0,145.0,0.0,120.0,5.0,145.0,True,True,False,outside_frozen_local_identification_domain,66.33416458852868,90.0,False
reference_measured_asymmetric_closed,reference_measured_asymmetric_closed_nominal,nominal,9.478,extension,0.5281081295562499,0.7955135228077083,1.0149512958510603,1.3228751137584478,-0.5392995593138262,-0.9982782871359067,0.8873889116349718,0.6569685385136428,0.3599281766826923,-0.016627034023668455,-0.30792381790738754,0.2216177477429677,0.3567710384621127,0.5075072099961909,0.26584680971881886,True,False,periodic_cubic_fit_of_measured_flexion_and_measured_extension,periodic_cubic_B_spline,3,2,each_measured_branch_phase_progress,True,False,True,False,False,theta_shank = q_hip - q_knee,0.42,0.3,knee_to_strap_equivalent_pull_point,0.0,120.0,5.0,145.0,0.0,120.0,5.0,145.0,True,True,False,outside_frozen_local_identification_domain,66.33416458852868,90.0,False
reference_measured_asymmetric_closed,reference_measured_asymmetric_closed_nominal,nominal,9.504,extension,0.5374600192000001,0.79956600832,1.0012532906392406,1.297161337236539,-0.5143511718352349,-0.9798890814040284,0.9154196782276461,0.6339155516707776,0.3594239999999998,-0.022153846153846104,-0.2959080465972983,0.22648385512170663,0.3537019414269729,0.5134451778899387,0.2662193761061816,True,False,periodic_cubic_fit_of_measured_flexion_and_measured_extension,periodic_cubic_B_spline,3,2,each_measured_branch_phase_progress,True,False,True,False,False,theta_shank = q_hip - q_knee,0.42,0.3,knee_to_strap_equivalent_pull_point,0.0,120.0,5.0,145.0,0.0,120.0,5.0,145.0,True,True,False,outside_frozen_local_identification_domain,66.33416458852868,90.0,False
reference_measured_asymmetric_closed,reference_measured_asymmetric_closed_nominal,nominal,9.530000000000001,extension,0.5467969335937501,0.8036120045572918,0.9881647936341967,1.2718820463496947,-0.4932718673056721,-0.9649357480228405,0.7800600992541002,0.6151276501071485,0.35877629206730766,-0.027667344674556272,-0.28371725271549797,0.23109375069043842,0.35070739711592264,0.5191002057852332,0.2667295320339265,True,False,periodic_cubic_fit_of_measured_flexion_and_measured_extension,periodic_cubic_B_spline,3,2,each_measured_branch_phase_progress,True,False,True,False,False,theta_shank = q_hip - q_knee,0.42,0.3,knee_to_strap_equivalent_pull_point,0.0,120.0,5.0,145.0,0.0,120.0,5.0,145.0,True,True,False,outside_frozen_local_identification_domain,66.33416458852868,90.0,False
reference_measured_asymmetric_closed,reference_measured_asymmetric_closed_nominal,nominal,9.556000000000001,extension,0.5561151458,0.8076498965133333,0.97563000406072,1.2470477340443706,-0.4700543191384612,-0.9436965053566385,0.9858286650738164,1.0076792825380132,0.35798544230769264,-0.0331642011834321,-0.27141772998365066,0.23547152440055705,0.3477832100554566,0.5244890568308659,0.2673539495348265,True,False,periodic_cubic_fit_of_measured_flexion_and_measured_extension,periodic_cubic_B_spline,3,2,each_measured_branch_phase_progress,True,False,True,False,False,theta_shank = q_hip - q_knee,0.42,0.3,knee_to_strap_equivalent_pull_point,0.0,120.0,5.0,145.0,0.0,120.0,5.0,145.0,True,True,False,outside_frozen_local_identification_domain,66.33416458852868,90.0,False
reference_measured_asymmetric_closed,reference_measured_asymmetric_closed_nominal,nominal,9.582,extension,0.56541094013125,0.811678074056875,0.9637488090514301,1.2228698494560701,-0.4439423399117381,-0.9160953779404267,0.9681464532731108,1.0258307110159188,0.3570519266826922,-0.03864108727810631,-0.25912104040464,0.2395868876111347,0.3449610460397079,0.5295715580775455,0.2680917355543972,True,False,periodic_cubic_fit_of_measured_flexion_and_measured_extension,periodic_cubic_B_spline,3,2,each_measured_branch_phase_progress,True,False,True,False,False,theta_shank = q_hip - q_knee,0.42,0.3,knee_to_strap_equivalent_pull_point,0.0,120.0,5.0,145.0,0.0,120.0,5.0,145.0,True,True,False,outside_frozen_local_identification_domain,66.33416458852868,90.0,False
reference_measured_asymmetric_closed,reference_measured_asymmetric_closed_nominal,nominal,9.608,extension,0.5746806144000002,0.8156949329066667,0.9525075830105624,1.1993679453935868,-0.42138233971308836,-0.892248118068691,0.8326078657296285,0.9202717804758331,0.35597630769230776,-0.044094674556212965,-0.24686036238302445,0.24344945347735136,0.3422460571015814,0.5343547746093995,0.26893784380279767,True,False,periodic_cubic_fit_of_measured_flexion_and_measured_extension,periodic_cubic_B_spline,3,2,each_measured_branch_phase_progress,True,False,True,False,False,theta_shank = q_hip - q_knee,0.42,0.3,knee_to_strap_equivalent_pull_point,0.0,120.0,5.0,145.0,0.0,120.0,5.0,145.0,True,True,False,outside_frozen_local_identification_domain,66.33416458852868,90.0,False
reference_measured_asymmetric_closed,reference_measured_asymmetric_closed_nominal,nominal,9.634,extension,0.5839204821687498,0.8196988756064583,0.941823237616495,1.1764838476166608,-0.4012373873422148,-0.8683773194828088,0.7137128836242949,0.9031483950125678,0.35475923437500023,-0.04952163461538467,-0.2346606100001658,0.24709216360736258,0.33962547413854627,0.5388701565780017,0.26987160099858626,True,False,periodic_cubic_fit_of_measured_flexion_and_measured_extension,periodic_cubic_B_spline,3,2,each_measured_branch_phase_progress,True,False,True,False,False,theta_shank = q_hip - q_knee,0.42,0.3,knee_to_strap_equivalent_pull_point,0.0,120.0,5.0,145.0,0.0,120.0,5.0,145.0,True,True,False,outside_frozen_local_identification_domain,66.33416458852868,90.0,False
reference_measured_asymmetric_closed,reference_measured_asymmetric_closed_nominal,nominal,9.66,extension,0.5931268750000003,0.8236883125000001,0.9316753754279133,1.1542594682560487,-0.3783090284992818,-0.8400341484101526,0.9257572927128176,1.1324616544787982,0.35340144230769194,-0.054918639053254545,-0.2225840928281354,0.25052585440651637,0.3371005729361565,0.5431249342248414,0.2708753625592205,True,False,periodic_cubic_fit_of_measured_flexion_and_measured_extension,periodic_cubic_B_spline,3,2,each_measured_branch_phase_progress,True,False,True,False,False,theta_shank = q_hip - q_knee,0.42,0.3,knee_to_strap_equivalent_pull_point,0.0,120.0,5.0,145.0,0.0,120.0,5.0,145.0,True,True,False,outside_frozen_local_identification_domain,66.33416458852868,90.0,False
reference_measured_asymmetric_closed,reference_measured_asymmetric_closed_nominal,nominal,9.686,extension,0.60229614470625,0.8276616627060417,0.9221200244664244,1.1327666203693327,-0.35898775463057275,-0.8155293469790388,0.44303788951374345,0.6463773675326252,0.3519037536057693,-0.06028235946745573,-0.21064659590290835,0.2537354826623254,0.3346913575790638,0.547104258952048,0.2719636834768727,True,False,periodic_cubic_fit_of_measured_flexion_and_measured_extension,periodic_cubic_B_spline,3,2,each_measured_branch_phase_progress,True,False,True,False,False,theta_shank = q_hip - q_knee,0.42,0.3,knee_to_strap_equivalent_pull_point,0.0,120.0,5.0,145.0,0.0,120.0,5.0,145.0,True,True,False,outside_frozen_local_identification_domain,66.33416458852868,90.0,False
reference_measured_asymmetric_closed,reference_measured_asymmetric_closed_nominal,nominal,9.712,extension,0.6114246655999999,0.8316173550933332,0.9128608103556642,1.1117084503821237,-0.3556883915709884,-0.8067273548274407,-0.056053320819185,0.14584299908218515,0.35026707692307696,-0.06560946745562135,-0.1988476400264595,0.2568235406423543,0.3323276530352612,0.5509120003354937,0.2730657101434127,True,False,periodic_cubic_fit_of_measured_flexion_and_measured_extension,periodic_cubic_B_spline,3,2,each_measured_branch_phase_progress,True,False,True,False,False,theta_shank = q_hip - q_knee,0.42,0.3,knee_to_strap_equivalent_pull_point,0.0,120.0,5.0,145.0,0.0,120.0,5.0,145.0,True,True,False,outside_frozen_local_identification_domain,66.33416458852868,90.0,False
reference_measured_asymmetric_closed,reference_measured_asymmetric_closed_nominal,nominal,9.738,extension,0.6205088367437501,0.835553829255625,0.9036028139272753,1.0907857194361046,-0.35528589329198945,-0.8016061658789574,0.20075016552575753,0.3832047521889794,0.3484924074519231,-0.0708966346153848,-0.18718290550882932,0.2598891787584974,0.32993577369578125,0.5546488901081447,0.2741082485395234,True,False,periodic_cubic_fit_of_measured_flexion_and_measured_extension,periodic_cubic_B_spline,3,2,each_measured_branch_phase_progress,True,False,True,False,False,theta_shank = q_hip - q_knee,0.42,0.3,knee_to_strap_equivalent_pull_point,0.0,120.0,5.0,145.0,0.0,120.0,5.0,145.0,True,True,False,outside_frozen_local_identification_domain,66.33416458852868,90.0,False
reference_measured_asymmetric_closed,reference_measured_asymmetric_closed_nominal,nominal,9.764,extension,0.6295450841999999,0.8394695364866667,0.8944356232806717,1.0700833656584607,-0.35068314856976385,-0.7912839823030521,0.08856704689595528,0.35978869449652817,0.34658082692307685,-0.07614053254437882,-0.17564774237778902,0.26290280040732916,0.3275394900435427,0.5582868669411812,0.2751157050034976,True,False,periodic_cubic_fit_of_measured_flexion_and_measured_extension,periodic_cubic_B_spline,3,2,each_measured_branch_phase_progress,True,False,True,False,False,theta_shank = q_hip - q_knee,0.42,0.3,knee_to_strap_equivalent_pull_point,0.0,120.0,5.0,145.0,0.0,120.0,5.0,145.0,True,True,False,outside_frozen_local_identification_domain,66.33416458852868,90.0,False
reference_measured_asymmetric_closed,reference_measured_asymmetric_closed_nominal,nominal,9.790000000000001,extension,0.6385298632812499,0.8433629407552083,0.8853391858949546,1.0496354445285248,-0.3492147946907816,-0.7816453724733227,0.05227172857795925,0.3534818182038616,0.34453350360576906,-0.08133783284023655,-0.1642962586335701,0.26587132488708504,0.32513449309906517,0.5618314355572489,0.2760670610070516,True,False,periodic_cubic_fit_of_measured_flexion_and_measured_extension,periodic_cubic_B_spline,3,2,each_measured_branch_phase_progress,True,False,True,False,False,theta_shank = q_hip - q_knee,0.42,0.3,knee_to_strap_equivalent_pull_point,0.0,120.0,5.0,145.0,0.0,120.0,5.0,145.0,True,True,False,outside_frozen_local_identification_domain,66.33416458852868,90.0,False
reference_measured_asymmetric_closed,reference_measured_asymmetric_closed_nominal,nominal,9.815999999999999,extension,0.6474596607999998,0.8472325196799999,0.8762825999937665,1.0294288057099321,-0.3471404804914607,-0.7726375119865975,0.11735853069360623,0.36100161525281727,0.3423516923076924,-0.08648520710059175,-0.15314620571616566,0.2688049895588832,0.3227133055643177,0.5652937961226718,0.27694882608098575,True,False,periodic_cubic_fit_of_measured_flexion_and_measured_extension,periodic_cubic_B_spline,3,2,each_measured_branch_phase_progress,True,False,True,False,False,theta_shank = q_hip - q_knee,0.42,0.3,knee_to_strap_equivalent_pull_point,0.0,120.0,5.0,145.0,0.0,120.0,5.0,145.0,True,True,False,outside_frozen_local_identification_domain,66.33416458852868,90.0,False
reference_measured_asymmetric_closed,reference_measured_asymmetric_closed_nominal,nominal,9.841999999999999,extension,0.6563309973187499,0.8510767655047916,0.867286583874713,1.009470323057673,-0.34518431589921117,-0.7622500857858935,0.04963815896729614,0.4574652034714831,0.3400367343749999,-0.09157932692307691,-0.1421837391829599,0.2716972076072382,0.32028210592917816,0.5686698805048687,0.2777705598265375,True,False,periodic_cubic_fit_of_measured_flexion_and_measured_extension,periodic_cubic_B_spline,3,2,each_measured_branch_phase_progress,True,False,True,False,False,theta_shank = q_hip - q_knee,0.42,0.3,knee_to_strap_equivalent_pull_point,0.0,120.0,5.0,145.0,0.0,120.0,5.0,145.0,True,True,False,outside_frozen_local_identification_domain,66.33416458852868,90.0,False
reference_measured_asymmetric_closed,reference_measured_asymmetric_closed_nominal,nominal,9.868,extension,0.6651404294000002,0.8548941860733335,0.8583247069386682,0.9898167543366683,-0.34459581446722803,-0.7499212183311966,-0.039639847348036286,0.38690269886440803,0.3375900576923075,-0.0966168639053253,-0.13149204739800002,0.2745565873637385,0.3178343599033588,0.5719667983011377,0.27850032336791414,True,False,periodic_cubic_fit_of_measured_flexion_and_measured_extension,periodic_cubic_B_spline,3,2,each_measured_branch_phase_progress,True,False,True,False,False,theta_shank = q_hip - q_knee,0.42,0.3,knee_to_strap_equivalent_pull_point,0.0,120.0,5.0,145.0,0.0,120.0,5.0,145.0,True,True,False,outside_frozen_local_identification_domain,66.33416458852868,90.0,False
reference_measured_asymmetric_closed,reference_measured_asymmetric_closed_nominal,nominal,9.894,extension,0.6738845518562497,0.8586833058043749,0.8493496424428896,0.9704369347231895,-0.34550850985016024,-0.7408925558432367,0.012041127701146376,0.37652950394432605,0.3350131766826922,-0.10159448964497057,-0.12108729228029991,0.2773980750091596,0.3153574289297981,0.5752014410699519,0.279119946085901,True,False,periodic_cubic_fit_of_measured_flexion_and_measured_extension,periodic_cubic_B_spline,3,2,each_measured_branch_phase_progress,True,False,True,False,False,theta_shank = q_hip - q_knee,0.42,0.3,knee_to_strap_equivalent_pull_point,0.0,120.0,5.0,145.0,0.0,120.0,5.0,145.0,True,True,False,outside_frozen_local_identification_domain,66.33416458852868,90.0,False
reference_measured_asymmetric_closed,reference_measured_asymmetric_closed_nominal,nominal,9.92,extension,0.6825599999999996,0.8624426666666665,0.8403921428413588,0.9513438373807523,-0.34268636613014053,-0.7262075867894159,0.20796920261287422,0.7439360669516903,0.3323076923076926,-0.10650887573964506,-0.11095169453939357,0.2802117225852187,0.3128600174612033,0.5783670743168743,0.2796427593899426,True,False,periodic_cubic_fit_of_measured_flexion_and_measured_extension,periodic_cubic_B_spline,3,2,each_measured_branch_phase_progress,True,False,True,False,False,theta_shank = q_hip - q_knee,0.42,0.3,knee_to_strap_equivalent_pull_point,0.0,120.0,5.0,145.0,0.0,120.0,5.0,145.0,True,True,False,outside_frozen_local_identification_domain,66.33416458852868,90.0,False
reference_measured_asymmetric_closed,reference_measured_asymmetric_closed_nominal,nominal,9.946,extension,0.6911634518937497,0.8661708291539583,0.8315704444248448,0.9327448052153995,-0.3355778223812991,-0.7038252913752369,0.293929922057476,0.9116781176957481,0.3294752920673077,-0.11135669378698242,-0.10117436079055464,0.2829607402097815,0.310375932539771,0.581426611831259,0.2800753801152409,True,False,periodic_cubic_fit_of_measured_flexion_and_measured_extension,periodic_cubic_B_spline,3,2,each_measured_branch_phase_progress,True,False,True,False,False,theta_shank = q_hip - q_knee,0.42,0.3,knee_to_strap_equivalent_pull_point,0.0,120.0,5.0,145.0,0.0,120.0,5.0,145.0,True,True,False,outside_frozen_local_identification_domain,66.33416458852868,90.0,False
reference_measured_asymmetric_closed,reference_measured_asymmetric_closed_nominal,nominal,9.972,extension,0.6996916306000001,0.86986637326,0.8229353479445626,0.9147347547683176,-0.32918269381255594,-0.682680748982393,0.20089550526496064,0.707170894238999,0.3265177499999999,-0.11613461538461513,-0.09179940682375498,0.2856302836224698,0.3079209981111185,0.5843671014158984,0.2804198400508506,True,False,periodic_cubic_fit_of_measured_flexion_and_measured_extension,periodic_cubic_B_spline,3,2,each_measured_branch_phase_progress,True,False,True,False,False,theta_shank = q_hip - q_knee,0.42,0.3,knee_to_strap_equivalent_pull_point,0.0,120.0,5.0,145.0,0.0,120.0,5.0,145.0,True,True,False,outside_frozen_local_identification_domain,66.33416458852868,90.0,False
reference_measured_asymmetric_closed,reference_measured_asymmetric_closed_nominal,nominal,9.998,extension,0.7081413064312495,0.8735278994535414,0.8144505299998982,0.8972258908360197,-0.3233220228954018,-0.6642100818592326,0.23764941494279238,0.6870618374292918,0.32343692668269247,-0.12083931213017764,-0.08277536083612147,0.28823262437911,0.3054864223554475,0.5872054470236165,0.2806821622379517,True,False,periodic_cubic_fit_of_measured_flexion_and_measured_extension,periodic_cubic_B_spline,3,2,each_measured_branch_phase_progress,True,False,True,False,False,theta_shank = q_hip - q_knee,0.42,0.3,knee_to_strap_equivalent_pull_point,0.0,120.0,5.0,145.0,0.0,120.0,5.0,145.0,True,True,False,outside_frozen_local_identification_domain,66.33416458852868,90.0,False
reference_measured_asymmetric_closed,reference_measured_asymmetric_closed_nominal,nominal,10.024000000000001,extension,0.7165092992000002,0.8771540296533333,0.8061252896827361,0.8801820822599891,-0.3170112986820855,-0.6468018325155535,0.2527373605430995,0.690928028565468,0.32023476923076943,-0.12546745562130202,-0.07405679257725295,0.2907658542903028,0.30307625769570007,0.5899435689267611,0.2808795222396484,True,False,periodic_cubic_fit_of_measured_flexion_and_measured_extension,periodic_cubic_B_spline,3,2,each_measured_branch_phase_progress,True,False,True,False,False,theta_shank = q_hip - q_knee,0.42,0.3,knee_to_strap_equivalent_pull_point,0.0,120.0,5.0,145.0,0.0,120.0,5.0,145.0,True,True,False,outside_frozen_local_identification_domain,66.33416458852868,90.0,False
reference_measured_asymmetric_closed,reference_measured_asymmetric_closed_nominal,nominal,10.05,extension,0.72479248046875,0.880743408203125,0.7979682537065065,0.8636013794857735,-0.3105248913792301,-0.6286606040941858,0.24052788063795322,0.6883070469164698,0.3169133112980769,-0.1300157174556213,-0.06563312577926705,0.2932283574878708,0.30069441359121624,0.5925824333288998,0.28101860922739413,True,False,periodic_cubic_fit_of_measured_flexion_and_measured_extension,periodic_cubic_B_spline,3,2,each_measured_branch_phase_progress,True,False,True,False,False,theta_shank = q_hip - q_knee,0.42,0.3,knee_to_strap_equivalent_pull_point,0.0,120.0,5.0,145.0,0.0,120.0,5.0,145.0,True,True,False,outside_frozen_local_identification_domain,66.33416458852868,90.0,False
reference_measured_asymmetric_closed,reference_measured_asymmetric_closed_nominal,nominal,10.076,extension,0.7329877757999999,0.8842947028466666,0.7899744001227665,0.847476324967876,-0.30447613136002255,-0.612259537774581,0.21583495668969055,0.5584802026442126,0.31347467307692284,-0.1344807692307695,-0.05750192484510941,0.29562267015883,0.29834080660909196,0.5951268360990457,0.2810997340074318,True,False,periodic_cubic_fit_of_measured_flexion_and_measured_extension,periodic_cubic_B_spline,3,2,each_measured_branch_phase_progress,True,False,True,False,False,theta_shank = q_hip - q_knee,0.42,0.3,knee_to_strap_equivalent_pull_point,0.0,120.0,5.0,145.0,0.0,120.0,5.0,145.0,True,True,False,outside_frozen_local_identification_domain,66.33416458852868,90.0,False
reference_measured_asymmetric_closed,reference_measured_asymmetric_closed_nominal,nominal,10.102,extension,0.7410921670062504,0.8878066057027085,0.7821268264148542,0.8317311112985655,-0.2990704184134774,-0.5988463764632146,0.24289905841846715,0.5756988186411234,0.3099210612980767,-0.13885928254437854,-0.04960428488371127,0.2979547947704761,0.29601172320244923,0.597585782683432,0.28113653976472114,True,False,periodic_cubic_fit_of_measured_flexion_and_measured_extension,periodic_cubic_B_spline,3,2,each_measured_branch_phase_progress,True,False,True,False,False,theta_shank = q_hip - q_knee,0.42,0.3,knee_to_strap_equivalent_pull_point,0.0,120.0,5.0,145.0,0.0,120.0,5.0,145.0,True,True,False,outside_frozen_local_identification_domain,66.33416458852868,90.0,False
reference_measured_asymmetric_closed,reference_measured_asymmetric_closed_nominal,nominal,10.128,extension,0.7491026944000009,0.8912778342400004,0.774441283171256,0.816373148676476,-0.2920453043004294,-0.5822617130644058,0.2713459936195942,0.6556584721010363,0.30625476923076883,-0.14314792899408305,-0.04193186550521999,0.30022098358299293,0.2937130589818237,0.599957280023432,0.2811371854070282,True,False,periodic_cubic_fit_of_measured_flexion_and_measured_extension,periodic_cubic_B_spline,3,2,each_measured_branch_phase_progress,True,False,True,False,False,theta_shank = q_hip - q_knee,0.42,0.3,knee_to_strap_equivalent_pull_point,0.0,120.0,5.0,145.0,0.0,120.0,5.0,145.0,True,True,False,outside_frozen_local_identification_domain,66.33416458852868,90.0,False
reference_measured_asymmetric_closed,reference_measured_asymmetric_closed_nominal,nominal,10.154,extension,0.75701645904375,0.8947071322522917,0.7669274430011545,0.8014292758291832,-0.2865773109543126,-0.5686907299345636,0.13523024043156479,0.3553662421687087,0.3024781766826923,-0.14734338017751467,-0.03450183282802877,0.30241940093050756,0.2914489765650806,0.6022408621719825,0.28110048010294897,True,False,periodic_cubic_fit_of_measured_flexion_and_measured_extension,periodic_cubic_B_spline,3,2,each_measured_branch_phase_progress,True,False,True,False,False,theta_shank = q_hip - q_knee,0.42,0.3,knee_to_strap_equivalent_pull_point,0.0,120.0,5.0,145.0,0.0,120.0,5.0,145.0,True,True,False,outside_frozen_local_identification_domain,66.33416458852868,90.0,False
reference_measured_asymmetric_closed,reference_measured_asymmetric_closed_nominal,nominal,10.18,extension,0.7648306249999993,0.898093270833333,0.7595045847011324,0.7867273498515824,-0.28494376110287034,-0.5633571879985153,0.03094147281904011,0.12719901147911483,0.29859375000000055,-0.15144230769230815,-0.02722276515045008,0.3045744340800128,0.2891961516079354,0.6044632791034528,0.28103033073632466,True,False,periodic_cubic_fit_of_measured_flexion_and_measured_extension,periodic_cubic_B_spline,3,2,each_measured_branch_phase_progress,True,False,True,False,False,theta_shank = q_hip - q_knee,0.42,0.3,knee_to_strap_equivalent_pull_point,0.0,120.0,5.0,145.0,0.0,120.0,5.0,145.0,True,True,False,outside_frozen_local_identification_domain,66.33416458852868,90.0,False
reference_measured_asymmetric_closed,reference_measured_asymmetric_closed_nominal,nominal,10.206,extension,0.7725424215812496,0.9014350493518748,0.7521123519098752,0.7721295572502166,-0.28340084512495883,-0.5590668967650844,0.09911772967189839,0.24412359133126318,0.2946040420673083,-0.15544138313609476,-0.02001720534034135,0.3067038981718207,0.286936785453189,0.6066437969022394,0.28093202487626096,True,False,periodic_cubic_fit_of_measured_flexion_and_measured_extension,periodic_cubic_B_spline,3,2,each_measured_branch_phase_progress,True,False,True,False,False,theta_shank = q_hip - q_knee,0.42,0.3,knee_to_strap_equivalent_pull_point,0.0,120.0,5.0,145.0,0.0,120.0,5.0,145.0,True,True,False,outside_frozen_local_identification_domain,66.33416458852868,90.0,False
reference_measured_asymmetric_closed,reference_measured_asymmetric_closed_nominal,nominal,10.232,extension,0.7801491456,0.9047312964266667,0.7447833003747336,0.7576913379849777,-0.2805017484793466,-0.5516427726666933,0.0783955020103254,0.24301072632259854,0.2905116923076923,-0.15933727810650872,-0.01290803761024406,0.3087986165703861,0.28468125053156496,0.6087736243021591,0.2808089467828017,True,False,periodic_cubic_fit_of_measured_flexion_and_measured_extension,periodic_cubic_B_spline,3,2,each_measured_branch_phase_progress,True,False,True,False,False,theta_shank = q_hip - q_knee,0.42,0.3,knee_to_strap_equivalent_pull_point,0.0,120.0,5.0,145.0,0.0,120.0,5.0,145.0,True,True,False,outside_frozen_local_identification_domain,66.33416458852868,90.0,False
reference_measured_asymmetric_closed,reference_measured_asymmetric_closed_nominal,nominal,10.258,extension,0.7876481636187505,0.9079808709014585,0.7375071611328602,0.743417796686993,-0.2795274516976093,-0.5467176788020665,0.0013301661653631058,0.14687814437817295,0.2863194266826923,-0.16312666420118335,-0.005910635554132848,0.3108618045082669,0.28242687283235646,0.610856564181625,0.2806536924906823,True,False,periodic_cubic_fit_of_measured_flexion_and_measured_extension,periodic_cubic_B_spline,3,2,each_measured_branch_phase_progress,True,False,True,False,False,theta_shank = q_hip - q_knee,0.42,0.3,knee_to_strap_equivalent_pull_point,0.0,120.0,5.0,145.0,0.0,120.0,5.0,145.0,True,True,False,outside_frozen_local_identification_domain,66.33416458852868,90.0,False
reference_measured_asymmetric_closed,reference_measured_asymmetric_closed_nominal,nominal,10.284,extension,0.7950369142000001,0.91118266282,0.7302405042886507,0.729254225447646,-0.27930671668392854,-0.5425887004217373,0.025839937795303053,0.1832432482359514,0.2820300576923076,-0.16680621301775184,0.000986278841004773,0.3129058782309272,0.28016051000905207,0.6129057323190461,0.28045639361338354,True,False,periodic_cubic_fit_of_measured_flexion_and_measured_extension,periodic_cubic_B_spline,3,2,each_measured_branch_phase_progress,True,False,True,False,False,theta_shank = q_hip - q_knee,0.42,0.3,knee_to_strap_equivalent_pull_point,0.0,120.0,5.0,145.0,0.0,120.0,5.0,145.0,True,True,False,outside_frozen_local_identification_domain,66.33416458852868,90.0,False
reference_measured_asymmetric_closed,reference_measured_asymmetric_closed_nominal,nominal,10.31,extension,0.8023129101562498,0.9143355944010416,0.7229927642153529,0.7152160164852519,-0.27802711497808635,-0.5370333785481953,0.05965270665267629,0.2271588562200326,0.2776464843749999,-0.17037259615384648,0.0077767477301009524,0.3149281726134775,0.27788531104456693,0.6149191009884083,0.28021831184763657,True,False,periodic_cubic_fit_of_measured_flexion_and_measured_extension,periodic_cubic_B_spline,3,2,each_measured_branch_phase_progress,True,False,True,False,False,theta_shank = q_hip - q_knee,0.42,0.3,knee_to_strap_equivalent_pull_point,0.0,120.0,5.0,145.0,0.0,120.0,5.0,145.0,True,True,False,outside_frozen_local_identification_domain,66.33416458852868,90.0,False
reference_measured_asymmetric_closed,reference_measured_asymmetric_closed_nominal,nominal,10.336,extension,0.8094737407999993,0.9174386210133331,0.715778334442734,0.7013221878657951,-0.2771484966576958,-0.5320118367679239,0.009088341630637431,0.16045986464222806,0.27317169230769295,-0.17382248520710072,0.014456146576938833,0.31692474362932815,0.27560607191331,0.6168933971491551,0.27994276483556874,True,False,periodic_cubic_fit_of_measured_flexion_and_measured_extension,periodic_cubic_B_spline,3,2,each_measured_branch_phase_progress,True,False,True,False,False,theta_shank = q_hip - q_knee,0.42,0.3,knee_to_strap_equivalent_pull_point,0.0,120.0,5.0,145.0,0.0,120.0,5.0,145.0,True,True,False,outside_frozen_local_identification_domain,66.33416458852868,90.0,False
reference_measured_asymmetric_closed,reference_measured_asymmetric_closed_nominal,nominal,10.362,extension,0.8165170741937502,0.920490732150625,0.7085708273556698,0.6875378248228173,-0.2773611177026062,-0.528437608759199,-0.004721109165254117,0.14230304348667105,0.26860875360576913,-0.1771525517751479,0.02103300253285245,0.3189029273545816,0.2733146957715198,0.6188365717215438,0.27962413130511593,True,False,periodic_cubic_fit_of_measured_flexion_and_measured_extension,periodic_cubic_B_spline,3,2,each_measured_branch_phase_progress,True,False,True,False,False,theta_shank = q_hip - q_knee,0.42,0.3,knee_to_strap_equivalent_pull_point,0.0,120.0,5.0,145.0,0.0,120.0,5.0,145.0,True,True,False,outside_frozen_local_identification_domain,66.33416458852868,90.0,False
reference_measured_asymmetric_closed,reference_measured_asymmetric_closed_nominal,nominal,10.388,extension,0.8234406594000007,0.923490952406667,0.7013627108652858,0.6738531466994951,-0.2769426559237797,-0.5239995537272759,0.03332727952599923,0.1950027717327376,0.2639608269230769,-0.18035946745562095,0.027509564165790645,0.32086470988556226,0.2710089259601129,0.6207512006261691,0.27926075432017444,True,False,periodic_cubic_fit_of_measured_flexion_and_measured_extension,periodic_cubic_B_spline,3,2,each_measured_branch_phase_progress,True,False,True,False,False,theta_shank = q_hip - q_knee,0.42,0.3,knee_to_strap_equivalent_pull_point,0.0,120.0,5.0,145.0,0.0,120.0,5.0,145.0,True,True,False,outside_frozen_local_identification_domain,66.33416458852868,90.0,False
reference_measured_asymmetric_closed,reference_measured_asymmetric_closed_nominal,nominal,10.414,extension,0.8302423287312501,0.9264383424502084,0.694175604252132,0.6602983938710008,-0.2759660053293053,-0.5187175395177807,0.020666476537238465,0.18473461212381115,0.2592311574519229,-0.18343990384615402,0.03387721038113123,0.32280417614344,0.2686958575496745,0.6226320427995269,0.27885707679048133,True,False,periodic_cubic_fit_of_measured_flexion_and_measured_extension,periodic_cubic_B_spline,3,2,each_measured_branch_phase_progress,True,False,True,False,False,theta_shank = q_hip - q_knee,0.42,0.3,knee_to_strap_equivalent_pull_point,0.0,120.0,5.0,145.0,0.0,120.0,5.0,145.0,True,True,False,outside_frozen_local_identification_domain,66.33416458852868,90.0,False
reference_measured_asymmetric_closed,reference_measured_asymmetric_closed_nominal,nominal,10.440000000000001,extension,0.8369199999999997,0.9293319999999998,0.687001862264372,0.6468673052249418,-0.2760402078702777,-0.514704154175179,-0.021234473501830525,0.1245720633224362,0.254423076923077,-0.18639053254437865,0.04013455703943014,0.3247234082346051,0.2663732496789082,0.6244818232653111,0.2784103846486173,True,False,periodic_cubic_fit_of_measured_flexion_and_measured_extension,periodic_cubic_B_spline,3,2,each_measured_branch_phase_progress,True,False,True,False,False,theta_shank = q_hip - q_knee,0.42,0.3,knee_to_strap_equivalent_pull_point,0.0,120.0,5.0,145.0,0.0,120.0,5.0,145.0,True,True,False,outside_frozen_local_identification_domain,66.33416458852868,90.0,False
reference_measured_asymmetric_closed,reference_measured_asymmetric_closed_nominal,nominal,10.466,extension,0.8434716787687504,0.9321710607997918,0.679814554359709,0.6335231460074979,-0.27691645368298257,-0.5117186189137697,-0.04184286433206044,0.13212025688317813,0.24954000360576906,-0.18920802514792878,0.046291408352211016,0.32662951116802147,0.2640325026093176,0.6263081343907967,0.27791496576619057,True,False,periodic_cubic_fit_of_measured_flexion_and_measured_extension,periodic_cubic_B_spline,3,2,each_measured_branch_phase_progress,True,False,True,False,False,theta_shank = q_hip - q_knee,0.42,0.3,knee_to_strap_equivalent_pull_point,0.0,120.0,5.0,145.0,0.0,120.0,5.0,145.0,True,True,False,outside_frozen_local_identification_domain,66.33416458852868,90.0,False
reference_measured_asymmetric_closed,reference_measured_asymmetric_closed_nominal,nominal,10.491999999999999,extension,0.8498954605999995,0.9349546995933331,0.6726005929401733,0.6202690259905026,-0.2778942179845728,-0.5076083916897032,-0.019227332707467737,0.18309884416894412,0.24458544230769258,-0.1918890532544383,0.05233156694967067,0.32852571586929596,0.26166936009507613,0.6281150206744656,0.2773616654182328,True,False,periodic_cubic_fit_of_measured_flexion_and_measured_extension,periodic_cubic_B_spline,3,2,each_measured_branch_phase_progress,True,False,True,False,False,theta_shank = q_hip - q_knee,0.42,0.3,knee_to_strap_equivalent_pull_point,0.0,120.0,5.0,145.0,0.0,120.0,5.0,145.0,True,True,False,outside_frozen_local_identification_domain,66.33416458852868,90.0,False
reference_measured_asymmetric_closed,reference_measured_asymmetric_closed_nominal,nominal,10.518,extension,0.8561895333062499,0.937682131099375,0.6653732793609728,0.607136020020339,-0.27793847460570986,-0.5027157314428001,0.008430077287730708,0.16641522442880752,0.23956298437500032,-0.19443028846153826,0.05823725934063384,0.3304082858460425,0.25928818840101425,0.6298996928585103,0.27674949206632715,True,False,periodic_cubic_fit_of_measured_flexion_and_measured_extension,periodic_cubic_B_spline,3,2,each_measured_branch_phase_progress,True,False,True,False,False,theta_shank = q_hip - q_knee,0.42,0.3,knee_to_strap_equivalent_pull_point,0.0,120.0,5.0,145.0,0.0,120.0,5.0,145.0,True,True,False,outside_frozen_local_identification_domain,66.33416458852868,90.0,False
reference_measured_asymmetric_closed,reference_measured_asymmetric_closed_nominal,nominal,10.544,extension,0.8623521792000004,0.9403526109866669,0.6581521551367239,0.5941161108543755,-0.277370379447869,-0.4989247781242814,0.044704730398877734,0.1396621874381277,0.2344763076923079,-0.19682840236686416,0.06403604428234833,0.33227200731991174,0.2568955296450222,0.631657125234123,0.27609321626330435,True,False,periodic_cubic_fit_of_measured_flexion_and_measured_extension,periodic_cubic_B_spline,3,2,each_measured_branch_phase_progress,True,False,True,False,False,theta_shank = q_hip - q_knee,0.42,0.3,knee_to_strap_equivalent_pull_point,0.0,120.0,5.0,145.0,0.0,120.0,5.0,145.0,True,True,False,outside_frozen_local_identification_domain,66.33416458852868,90.0,False
reference_measured_asymmetric_closed,reference_measured_asymmetric_closed_nominal,nominal,10.57,extension,0.8683817773437499,0.9429654368489583,0.6509596602409848,0.5811898771505055,-0.2759453644140097,-0.4956173954825696,0.03438527866650973,0.09012123871328181,0.22932917668269256,-0.1990800665680473,0.06976978309047932,0.3341111166667913,0.2544990407048124,0.6333812394200753,0.2754129984181267,True,False,periodic_cubic_fit_of_measured_flexion_and_measured_extension,periodic_cubic_B_spline,3,2,each_measured_branch_phase_progress,True,False,True,False,False,theta_shank = q_hip - q_knee,0.42,0.3,knee_to_strap_equivalent_pull_point,0.0,120.0,5.0,145.0,0.0,120.0,5.0,145.0,True,True,False,outside_frozen_local_identification_domain,66.33416458852868,90.0,False
reference_measured_asymmetric_closed,reference_measured_asymmetric_closed_nominal,nominal,10.596,extension,0.8742768058000001,0.94551994918,0.6437899778017261,0.5683254266233045,-0.2757043339408089,-0.4940533811858849,0.00586667641605812,0.07326303393086409,0.22412544230769232,-0.20118195266272157,0.07546455117842155,0.3359271909920741,0.2520970494713783,0.6350733615408004,0.274714932794809,True,False,periodic_cubic_fit_of_measured_flexion_and_measured_extension,periodic_cubic_B_spline,3,2,each_measured_branch_phase_progress,True,False,True,False,False,theta_shank = q_hip - q_knee,0.42,0.3,knee_to_strap_equivalent_pull_point,0.0,120.0,5.0,145.0,0.0,120.0,5.0,145.0,True,True,False,outside_frozen_local_identification_domain,66.33416458852868,90.0,False
reference_measured_asymmetric_closed,reference_measured_asymmetric_closed_nominal,nominal,10.622,extension,0.8800358438812501,0.9480155323485417,0.6366263870407873,0.5555140171707524,-0.275161545625153,-0.4910497147261164,0.05359342657929972,0.1669346238429123,0.21886904206730776,-0.20313073224852066,0.0811123698700349,0.33772447628437946,0.24968415672293187,0.636738134759971,0.27399119366786445,True,False,periodic_cubic_fit_of_measured_flexion_and_measured_extension,periodic_cubic_B_spline,3,2,each_measured_branch_phase_progress,True,False,True,False,False,theta_shank = q_hip - q_knee,0.42,0.3,knee_to_strap_equivalent_pull_point,0.0,120.0,5.0,145.0,0.0,120.0,5.0,145.0,True,True,False,outside_frozen_local_identification_domain,66.33416458852868,90.0,False
reference_measured_asymmetric_closed,reference_measured_asymmetric_closed_nominal,nominal,10.648,extension,0.8856575743999999,0.9504516155733334,0.6295013937182239,0.542816486125053,-0.2724855862292453,-0.48515231632491146,0.1567563485162532,0.2980831218745933,0.21356399999999992,-0.20492307692307687,0.08668490759317093,0.3394948868371309,0.24727155479642957,0.6383684514834748,0.27324447060478096,True,False,periodic_cubic_fit_of_measured_flexion_and_measured_extension,periodic_cubic_B_spline,3,2,each_measured_branch_phase_progress,True,False,True,False,False,theta_shank = q_hip - q_knee,0.42,0.3,knee_to_strap_equivalent_pull_point,0.0,120.0,5.0,145.0,0.0,120.0,5.0,145.0,True,True,False,outside_frozen_local_identification_domain,66.33416458852868,90.0,False
reference_measured_asymmetric_closed,reference_measured_asymmetric_closed_nominal,nominal,10.674,extension,0.8911407859187506,0.9528276738981252,0.6224840526574061,0.5303246270488798,-0.266780848141852,-0.474970160957458,0.2742590892978559,0.47285351713147106,0.20821442668269216,-0.20655565828402364,0.0921594256085263,0.34122170257892376,0.24488313475848128,0.6399486000788958,0.2724918419002733,True,False,periodic_cubic_fit_of_measured_flexion_and_measured_extension,periodic_cubic_B_spline,3,2,each_measured_branch_phase_progress,True,False,True,False,False,theta_shank = q_hip - q_knee,0.42,0.3,knee_to_strap_equivalent_pull_point,0.0,120.0,5.0,145.0,0.0,120.0,5.0,145.0,True,True,False,outside_frozen_local_identification_domain,66.33416458852868,90.0,False
reference_measured_asymmetric_closed,reference_measured_asymmetric_closed_nominal,nominal,10.7,extension,0.896484375,0.9551432291666666,0.6156277903910777,0.5181128597793758,-0.26109169041595853,-0.4652227990227749,0.16630084983420437,0.2821523141071377,0.20282451923076922,-0.20802514792899407,0.09751493061170191,0.34289265232092664,0.24253789185263422,0.6414674080108337,0.2717460288132882,True,False,periodic_cubic_fit_of_measured_flexion_and_measured_extension,periodic_cubic_B_spline,3,2,each_measured_branch_phase_progress,True,False,True,False,False,theta_shank = q_hip - q_knee,0.42,0.3,knee_to_strap_equivalent_pull_point,0.0,120.0,5.0,145.0,0.0,120.0,5.0,145.0,True,True,False,outside_frozen_local_identification_domain,66.33416458852868,90.0,False
reference_measured_asymmetric_closed,reference_measured_asymmetric_closed_nominal,nominal,10.725999999999999,extension,0.90168734845625,0.9573978509977084,0.6088896735967609,0.5061033832117766,-0.25732158340153494,-0.4586637144243281,0.13634497634630155,0.24770963012660033,0.1973985612980775,-0.20932821745562155,0.10278629038498432,0.34451910458287305,0.24022195273832772,0.6429357461139285,0.27100357156069554,True,False,periodic_cubic_fit_of_measured_flexion_and_measured_extension,periodic_cubic_B_spline,3,2,each_measured_branch_phase_progress,True,False,True,False,False,theta_shank = q_hip - q_knee,0.42,0.3,knee_to_strap_equivalent_pull_point,0.0,120.0,5.0,145.0,0.0,120.0,5.0,145.0,True,True,False,outside_frozen_local_identification_domain,66.33416458852868,90.0,False
reference_measured_asymmetric_closed,reference_measured_asymmetric_closed_nominal,nominal,10.752,extension,0.9067488256000007,0.9595911577600003,0.6022477603753293,0.4942675956287052,-0.2531876524966621,-0.4510643410760139,0.22274209362873607,0.40126745276304193,0.19194092307692276,-0.21046153846153845,0.10798016474662414,0.3461070270115586,0.2379284048894125,0.6443597683166293,0.2702595401000814,True,False,periodic_cubic_fit_of_measured_flexion_and_measured_extension,periodic_cubic_B_spline,3,2,each_measured_branch_phase_progress,True,False,True,False,False,theta_shank = q_hip - q_knee,0.42,0.3,knee_to_strap_equivalent_pull_point,0.0,120.0,5.0,145.0,0.0,120.0,5.0,145.0,True,True,False,outside_frozen_local_identification_domain,66.33416458852868,90.0,False
reference_measured_asymmetric_closed,reference_measured_asymmetric_closed_nominal,nominal,10.778,extension,0.9116680404937498,0.9617228175472916,0.5957565659301798,0.4827031920672852,-0.24552573349031298,-0.4374657164727323,0.36393642851443725,0.6434857278071973,0.18645606129807718,-0.2114217825443789,0.1130533738628946,0.34764416401681864,0.2356767600444458,0.6457290452911992,0.2695205712311073,True,False,periodic_cubic_fit_of_measured_flexion_and_measured_extension,periodic_cubic_B_spline,3,2,each_measured_branch_phase_progress,True,False,True,False,False,theta_shank = q_hip - q_knee,0.42,0.3,knee_to_strap_equivalent_pull_point,0.0,120.0,5.0,145.0,0.0,120.0,5.0,145.0,True,True,False,outside_frozen_local_identification_domain,66.33416458852868,90.0,False
reference_measured_asymmetric_closed,reference_measured_asymmetric_closed_nominal,nominal,10.804,extension,0.9164443441999999,0.9637925491533332,0.5895102793810895,0.47157243035663343,-0.2344312561596379,-0.4177995285747823,0.4854853968218754,0.8621191661576766,0.18094851923076924,-0.21220562130177478,0.11793784902445603,0.3491094771834791,0.23350069152077013,0.6470254939980464,0.26880008139286954,True,False,periodic_cubic_fit_of_measured_flexion_and_measured_extension,periodic_cubic_B_spline,3,2,each_measured_branch_phase_progress,True,False,True,False,False,theta_shank = q_hip - q_knee,0.42,0.3,knee_to_strap_equivalent_pull_point,0.0,120.0,5.0,145.0,0.0,120.0,5.0,145.0,True,True,False,outside_frozen_local_identification_domain,66.33416458852868,90.0,False
reference_measured_asymmetric_closed,reference_measured_asymmetric_closed_nominal,nominal,10.83,extension,0.9210772070312503,0.9658001230468751,0.5835754081673181,0.4609920954502736,-0.22232686822718034,-0.39657825788933015,0.4392987972165334,0.7585570454506123,0.17542292668269172,-0.21280972633136105,0.12258331271704453,0.35048911731024457,0.23142467164735392,0.6482379381229562,0.2681076336956911,True,False,periodic_cubic_fit_of_measured_flexion_and_measured_extension,periodic_cubic_B_spline,3,2,each_measured_branch_phase_progress,True,False,True,False,False,theta_shank = q_hip - q_knee,0.42,0.3,knee_to_strap_equivalent_pull_point,0.0,120.0,5.0,145.0,0.0,120.0,5.0,145.0,True,True,False,outside_frozen_local_identification_domain,66.33416458852868,90.0,False
reference_measured_asymmetric_closed,reference_measured_asymmetric_closed_nominal,nominal,10.856,extension,0.9255662207999991,0.9677453623466663,0.5779372278636665,0.4509248797501908,-0.21166817946748204,-0.37834189156164894,0.3738221913247989,0.6398477586167334,0.16988400000000065,-0.21323076923076947,0.12701234811347573,0.35178835357454263,0.2294448829006926,0.6493717844126313,0.26744622091177395,True,False,periodic_cubic_fit_of_measured_flexion_and_measured_extension,periodic_cubic_B_spline,3,2,each_measured_branch_phase_progress,True,False,True,False,False,theta_shank = q_hip - q_knee,0.42,0.3,knee_to_strap_equivalent_pull_point,0.0,120.0,5.0,145.0,0.0,120.0,5.0,145.0,True,True,False,outside_frozen_local_identification_domain,66.33416458852868,90.0,False
reference_measured_asymmetric_closed,reference_measured_asymmetric_closed_nominal,nominal,10.882000000000001,extension,0.9299111010687495,0.9696281437964581,0.5725521414608201,0.4412911036644878,-0.20285146334993814,-0.36317407637045146,0.3177287259196979,0.5516959742062115,0.16433654206730774,-0.213465421597633,0.1312610377963323,0.3530188273515946,0.22754715453133012,0.6504381168933122,0.2668124854034863,True,False,periodic_cubic_fit_of_measured_flexion_and_measured_extension,periodic_cubic_B_spline,3,2,each_measured_branch_phase_progress,True,False,True,False,False,theta_shank = q_hip - q_knee,0.42,0.3,knee_to_strap_equivalent_pull_point,0.0,120.0,5.0,145.0,0.0,120.0,5.0,145.0,True,True,False,outside_frozen_local_identification_domain,66.33416458852868,90.0,False
reference_measured_asymmetric_closed,reference_measured_asymmetric_closed_nominal,nominal,10.908000000000001,extension,0.9341116894000003,0.9714483987400002,0.5673920866718072,0.4320495407109144,-0.19383299509442956,-0.3471887171155524,0.37378629149507847,0.6732742915693626,0.1587854423076928,-0.21351035502958624,0.1353425459608928,0.3541882781671032,0.2257225367769526,0.6514448290779973,0.26620145648288157,True,False,periodic_cubic_fit_of_measured_flexion_and_measured_extension,periodic_cubic_B_spline,3,2,each_measured_branch_phase_progress,True,False,True,False,False,theta_shank = q_hip - q_knee,0.42,0.3,knee_to_strap_equivalent_pull_point,0.0,120.0,5.0,145.0,0.0,120.0,5.0,145.0,True,True,False,outside_frozen_local_identification_domain,66.33416458852868,90.0,False
reference_measured_asymmetric_closed,reference_measured_asymmetric_closed_nominal,nominal,10.934000000000001,extension,0.9381679556062503,0.9732061140960417,0.5624838096186723,0.4232614087785246,-0.18356236089075403,-0.3284350137515943,0.41210580745880077,0.7628553015244104,0.15323567668269186,-0.2133622411242603,0.1392224008401477,0.3552919160674148,0.22398137060288087,0.6523891776988751,0.265613295024983,True,False,periodic_cubic_fit_of_measured_flexion_and_measured_extension,periodic_cubic_B_spline,3,2,each_measured_branch_phase_progress,True,False,True,False,False,theta_shank = q_hip - q_knee,0.42,0.3,knee_to_strap_equivalent_pull_point,0.0,120.0,5.0,145.0,0.0,120.0,5.0,145.0,True,True,False,outside_frozen_local_identification_domain,66.33416458852868,90.0,False
reference_measured_asymmetric_closed,reference_measured_asymmetric_closed_nominal,nominal,10.96,extension,0.9420800000000005,0.9749013333333336,0.5578534818778669,0.4149876085101491,-0.17251128512903324,-0.3077397440595629,0.43644708818366384,0.8255261222338381,0.14769230769230748,-0.2130177514792901,0.14286587336771778,0.35632521080424046,0.22233385739763878,0.6532688160335405,0.2650479688062313,True,False,periodic_cubic_fit_of_measured_flexion_and_measured_extension,periodic_cubic_B_spline,3,2,each_measured_branch_phase_progress,True,False,True,False,False,theta_shank = q_hip - q_knee,0.42,0.3,knee_to_strap_equivalent_pull_point,0.0,120.0,5.0,145.0,0.0,120.0,5.0,145.0,True,True,False,outside_frozen_local_identification_domain,66.33416458852868,90.0,False
reference_measured_asymmetric_closed,reference_measured_asymmetric_closed_nominal,nominal,10.986,extension,0.9458480556437507,0.9765341574456253,0.553512404636934,0.40725822165069625,-0.16158070376343758,-0.28718920921055235,0.4017855772899219,0.7492331806225216,0.14216048437499948,-0.2124735576923075,0.1462541829862377,0.35728701876065033,0.22078493206087835,0.6540841910823547,0.2645049332255679,True,False,periodic_cubic_fit_of_measured_flexion_and_measured_extension,periodic_cubic_B_spline,3,2,each_measured_branch_phase_progress,True,False,True,False,False,theta_shank = q_hip - q_knee,0.42,0.3,knee_to_strap_equivalent_pull_point,0.0,120.0,5.0,145.0,0.0,120.0,5.0,145.0,True,True,False,outside_frozen_local_identification_domain,66.33416458852868,90.0,False
reference_measured_asymmetric_closed,reference_measured_asymmetric_closed_nominal,nominal,11.012,extension,0.9494724905999994,0.9781047459266664,0.549443169851824,0.40003588974535437,-0.1515895937484482,-0.2687066221960991,0.3655477794379913,0.6705418234354765,0.13664544230769304,-0.21172633136094718,0.1494072801064696,0.3581824839116188,0.21932922335818122,0.6548403276712735,0.26398483594912325,True,False,periodic_cubic_fit_of_measured_flexion_and_measured_extension,periodic_cubic_B_spline,3,2,each_measured_branch_phase_progress,True,False,True,False,False,theta_shank = q_hip - q_knee,0.42,0.3,knee_to_strap_equivalent_pull_point,0.0,120.0,5.0,145.0,0.0,120.0,5.0,145.0,True,True,False,outside_frozen_local_identification_domain,66.33416458852868,90.0,False
reference_measured_asymmetric_closed,reference_measured_asymmetric_closed_nominal,nominal,11.038,extension,0.9529538101812496,0.9796133177452082,0.5456207447707442,0.3932663839122784,-0.1426148702687008,-0.2523849783841022,0.32589863018194065,0.587352270957746,0.13115250360576974,-0.21077274408284044,0.15235436085846576,0.35901823470739735,0.217958498681708,0.6555431866831976,0.2634881907051495,True,False,periodic_cubic_fit_of_measured_flexion_and_measured_extension,periodic_cubic_B_spline,3,2,each_measured_branch_phase_progress,True,False,True,False,False,theta_shank = q_hip - q_knee,0.42,0.3,knee_to_strap_equivalent_pull_point,0.0,120.0,5.0,145.0,0.0,120.0,5.0,145.0,True,True,False,outside_frozen_local_identification_domain,66.33416458852868,90.0,False
reference_measured_asymmetric_closed,reference_measured_asymmetric_closed_nominal,nominal,11.064,extension,0.956292659199999,0.9810601523199995,0.5420191823255709,0.38689517769227233,-0.1345221914142745,-0.23788967472676148,0.3068126576882278,0.5513648727122915,0.1256870769230778,-0.20960946745562173,0.15512400463329856,0.3598008956983149,0.21666406129003088,0.656198609497401,0.2630148461234614,True,False,periodic_cubic_fit_of_measured_flexion_and_measured_extension,periodic_cubic_B_spline,3,2,each_measured_branch_phase_progress,True,False,True,False,False,theta_shank = q_hip - q_knee,0.42,0.3,knee_to_strap_equivalent_pull_point,0.0,120.0,5.0,145.0,0.0,120.0,5.0,145.0,True,True,False,outside_frozen_local_identification_domain,66.33416458852868,90.0,False
reference_measured_asymmetric_closed,reference_measured_asymmetric_closed_nominal,nominal,11.09,extension,0.9594898242187502,0.9824455904947917,0.5386260967810271,0.38089915451012507,-0.1264591510094236,-0.22324994167414233,0.3126470754821376,0.572836908031552,0.12025465745192246,-0.20823317307692288,0.15772694227090206,0.3605339827848703,0.21544198118583766,0.6568100444289906,0.2625641128932369,True,False,periodic_cubic_fit_of_measured_flexion_and_measured_extension,periodic_cubic_B_spline,3,2,each_measured_branch_phase_progress,True,False,True,False,False,theta_shank = q_hip - q_knee,0.42,0.3,knee_to_strap_equivalent_pull_point,0.0,120.0,5.0,145.0,0.0,120.0,5.0,145.0,True,True,False,outside_frozen_local_identification_domain,66.33416458852868,90.0,False
reference_measured_asymmetric_closed,reference_measured_asymmetric_closed_nominal,nominal,11.116,extension,0.9625462358000005,0.9837700355133336,0.5354440893417842,0.37528968420605346,-0.11831133209193591,-0.2082214783421347,0.31206627804121545,0.5777298892754408,0.11486082692307638,-0.206640532544378,0.16015440513573076,0.36121769438222917,0.21429367061391816,0.6573784959996867,0.26213486191707175,True,False,periodic_cubic_fit_of_measured_flexion_and_measured_extension,periodic_cubic_B_spline,3,2,each_measured_branch_phase_progress,True,False,True,False,False,theta_shank = q_hip - q_knee,0.42,0.3,knee_to_strap_equivalent_pull_point,0.0,120.0,5.0,145.0,0.0,120.0,5.0,145.0,True,True,False,outside_frozen_local_identification_domain,66.33416458852868,90.0,False
reference_measured_asymmetric_closed,reference_measured_asymmetric_closed_nominal,nominal,11.142,extension,0.9654629707562496,0.9850339539943749,0.5324726990023483,0.3700698751182658,-0.11028898223696429,-0.19335788609959847,0.3047272256140212,0.5649143459000325,0.10951125360576963,-0.20482821745562188,0.1624028238840825,0.361852848964564,0.21321940740989886,0.6579053350377859,0.26172637072306376,True,False,periodic_cubic_fit_of_measured_flexion_and_measured_extension,periodic_cubic_B_spline,3,2,each_measured_branch_phase_progress,True,False,True,False,False,theta_shank = q_hip - q_knee,0.42,0.3,knee_to_strap_equivalent_pull_point,0.0,120.0,5.0,145.0,0.0,120.0,5.0,145.0,True,True,False,outside_frozen_local_identification_domain,66.33416458852868,90.0,False
reference_measured_asymmetric_closed,reference_measured_asymmetric_closed_nominal,nominal,11.168,extension,0.9682412543999992,0.9862378769066663,0.5297072079578743,0.36523172892870875,-0.10248094552741249,-0.1788800563561225,0.2951836250185005,0.547885835696315,0.10421169230769206,-0.20279289940828343,0.16447547902916554,0.3624411208609682,0.2122178925280454,0.6583924328934767,0.26133836591986803,True,False,periodic_cubic_fit_of_measured_flexion_and_measured_extension,periodic_cubic_B_spline,3,2,each_measured_branch_phase_progress,True,False,True,False,False,theta_shank = q_hip - q_knee,0.42,0.3,knee_to_strap_equivalent_pull_point,0.0,120.0,5.0,145.0,0.0,120.0,5.0,145.0,True,True,False,outside_frozen_local_identification_domain,66.33416458852868,90.0,False
reference_measured_asymmetric_closed,reference_measured_asymmetric_closed_nominal,nominal,11.193999999999999,extension,0.9708824627937505,0.9873824005439585,0.5271408545029923,0.3607635620577447,-0.09499312260144142,-0.16492233052119146,0.2808165530961203,0.525453950360262,0.09896798437499918,-0.20053124999999994,0.16637729244524763,0.3629845528360387,0.2112870426751745,0.6588419117374191,0.26097027107168386,True,False,periodic_cubic_fit_of_measured_flexion_and_measured_extension,periodic_cubic_B_spline,3,2,each_measured_branch_phase_progress,True,False,True,False,False,theta_shank = q_hip - q_knee,0.42,0.3,knee_to_strap_equivalent_pull_point,0.0,120.0,5.0,145.0,0.0,120.0,5.0,145.0,True,True,False,outside_frozen_local_identification_domain,66.33416458852868,90.0,False
reference_measured_asymmetric_closed,reference_measured_asymmetric_closed_nominal,nominal,11.219999999999999,extension,0.9733881250000005,0.9884681875000002,0.5247643402021261,0.3566505045826902,-0.08787738399143968,-0.1515714531739648,0.26657617117360194,0.5012896176981934,0.09378605769230731,-0.19803994082840196,0.16811383561943594,0.3634856540066241,0.21042380885103462,0.6592562897892437,0.2606207311545481,True,False,periodic_cubic_fit_of_measured_flexion_and_measured_extension,periodic_cubic_B_spline,3,2,each_measured_branch_phase_progress,True,False,True,False,False,theta_shank = q_hip - q_knee,0.42,0.3,knee_to_strap_equivalent_pull_point,0.0,120.0,5.0,145.0,0.0,120.0,5.0,145.0,True,True,False,outside_frozen_local_identification_domain,66.33416458852868,90.0,False
reference_measured_asymmetric_closed,reference_measured_asymmetric_closed_nominal,nominal,11.245999999999999,extension,0.9757599253312499,0.9894959676435416,0.5225674285078143,0.35287422557178094,-0.08124606423577857,-0.13925023291382227,0.23802697453955382,0.42809340621655667,0.0886719266826916,-0.19531564349112418,0.1696932029360334,0.36394705899414626,0.2096247558126459,0.659638046546019,0.2602887457917053,True,False,periodic_cubic_fit_of_measured_flexion_and_measured_extension,periodic_cubic_B_spline,3,2,each_measured_branch_phase_progress,True,False,True,False,False,theta_shank = q_hip - q_knee,0.42,0.3,knee_to_strap_equivalent_pull_point,0.0,120.0,5.0,145.0,0.0,120.0,5.0,145.0,True,True,False,outside_frozen_local_identification_domain,66.33416458852868,90.0,False
reference_measured_asymmetric_closed,reference_measured_asymmetric_closed_nominal,nominal,11.272,extension,0.9779997056000003,0.9904665390933334,0.5205316941666329,0.34938813281546893,-0.07548606736014069,-0.12927976784619438,0.20634822846785678,0.3428681831070702,0.0836316923076921,-0.1923550295857987,0.171143561351164,0.36437304487652117,0.20888342243321434,0.6599902405111591,0.25997621688715106,True,False,periodic_cubic_fit_of_measured_flexion_and_measured_extension,periodic_cubic_B_spline,3,2,each_measured_branch_phase_progress,True,False,True,False,False,theta_shank = q_hip - q_knee,0.42,0.3,knee_to_strap_equivalent_pull_point,0.0,120.0,5.0,145.0,0.0,120.0,5.0,145.0,True,True,False,outside_frozen_local_identification_domain,66.33416458852868,90.0,False
reference_measured_asymmetric_closed,reference_measured_asymmetric_closed_nominal,nominal,11.298,extension,0.98010946736875,0.991380769193125,0.5186358549181281,0.3461350613501911,-0.07045383505930586,-0.12122990101349355,0.18184081000822735,0.27971400990160494,0.07867154206730871,-0.18915477071005912,0.17250079356793702,0.36476839921412985,0.20819225474248848,0.6603159778082645,0.2596862231965104,True,False,periodic_cubic_fit_of_measured_flexion_and_measured_extension,periodic_cubic_B_spline,3,2,each_measured_branch_phase_progress,True,False,True,False,False,theta_shank = q_hip - q_knee,0.42,0.3,knee_to_strap_equivalent_pull_point,0.0,120.0,5.0,145.0,0.0,120.0,5.0,145.0,True,True,False,outside_frozen_local_identification_domain,66.33416458852868,90.0,False
reference_measured_asymmetric_closed,reference_measured_asymmetric_closed_nominal,nominal,11.324,extension,0.9820913742000004,0.9922395954866668,0.516865177151166,0.34307837459798174,-0.06566032082863288,-0.11352661371053138,0.19803845130534925,0.34938543931797034,0.0737977500000001,-0.1857115384615381,0.17378680255318424,0.3651364685892357,0.20754604141294064,0.6606175811044225,0.25942004402299096,True,False,periodic_cubic_fit_of_measured_flexion_and_measured_extension,periodic_cubic_B_spline,3,2,each_measured_branch_phase_progress,True,False,True,False,False,theta_shank = q_hip - q_knee,0.42,0.3,knee_to_strap_equivalent_pull_point,0.0,120.0,5.0,145.0,0.0,120.0,5.0,145.0,True,True,False,outside_frozen_local_identification_domain,66.33416458852868,90.0,False
reference_measured_asymmetric_closed,reference_measured_asymmetric_closed_nominal,nominal,11.35,extension,0.98394775390625,0.9930440266927083,0.515227782251896,0.34025585528575464,-0.060198699637086996,-0.10321366383885186,0.2198770132131965,0.43644667432105205,0.0690166766826923,-0.1820220044378698,0.1749719269661414,0.36547581379029964,0.20694789086704463,0.6608952416684633,0.25917203884610196,True,False,periodic_cubic_fit_of_measured_flexion_and_measured_extension,periodic_cubic_B_spline,3,2,each_measured_branch_phase_progress,True,False,True,False,False,theta_shank = q_hip - q_knee,0.42,0.3,knee_to_strap_equivalent_pull_point,0.0,120.0,5.0,145.0,0.0,120.0,5.0,145.0,True,True,False,outside_frozen_local_identification_domain,66.33416458852868,90.0,False
reference_measured_asymmetric_closed,reference_measured_asymmetric_closed_nominal,nominal,11.376000000000001,extension,0.985681100799999,0.9937951436799997,0.5137383534208095,0.33772610336386444,-0.054329957882565,-0.09118084686389971,0.22979317751883188,0.4831525650246662,0.06433476923076907,-0.1780828402366863,0.1760122500569451,0.3657836424461486,0.2064033113078085,0.6611485804849793,0.258934762623356,True,False,periodic_cubic_fit_of_measured_flexion_and_measured_extension,periodic_cubic_B_spline,3,2,each_measured_branch_phase_progress,True,False,True,False,False,theta_shank = q_hip - q_knee,0.42,0.3,knee_to_strap_equivalent_pull_point,0.0,120.0,5.0,145.0,0.0,120.0,5.0,145.0,True,True,False,outside_frozen_local_identification_domain,66.33416458852868,90.0,False
reference_measured_asymmetric_closed,reference_measured_asymmetric_closed_nominal,nominal,11.402000000000001,extension,0.9872940779437491,0.9944941004422914,0.512403729496495,0.33552114697100016,-0.048337699604825826,-0.07838904353597628,0.22351557115027026,0.47493321784122544,0.059758561298076746,-0.17389071745562126,0.17688258252549488,0.36605878739099085,0.2059149440274731,0.6613778937415897,0.2587034411104894,True,False,periodic_cubic_fit_of_measured_flexion_and_measured_extension,periodic_cubic_B_spline,3,2,each_measured_branch_phase_progress,True,False,True,False,False,theta_shank = q_hip - q_knee,0.42,0.3,knee_to_strap_equivalent_pull_point,0.0,120.0,5.0,145.0,0.0,120.0,5.0,145.0,True,True,False,outside_frozen_local_identification_domain,66.33416458852868,90.0,False
reference_measured_asymmetric_closed,reference_measured_asymmetric_closed_nominal,nominal,11.428,extension,0.9887895194000009,0.9951421250733337,0.5112128588154231,0.3336123353695237,-0.043604501213190594,-0.06952846321807148,0.14568278635798773,0.22395228562959385,0.05529467307692283,-0.1694423076923073,0.17760052344589938,0.3663037458353576,0.20547886944156993,0.6615848770575161,0.25847937457276965,True,False,periodic_cubic_fit_of_measured_flexion_and_measured_extension,periodic_cubic_B_spline,3,2,each_measured_branch_phase_progress,True,False,True,False,False,theta_shank = q_hip - q_knee,0.42,0.3,knee_to_strap_equivalent_pull_point,0.0,120.0,5.0,145.0,0.0,120.0,5.0,145.0,True,True,False,outside_frozen_local_identification_domain,66.33416458852868,90.0,False
reference_measured_asymmetric_closed,reference_measured_asymmetric_closed_nominal,nominal,11.454,extension,0.9901704324812499,0.995740520741875,0.5101220029685034,0.3318601090610739,-0.04052617594078904,-0.06594407097870385,0.09511316361828245,0.06531900217335862,0.050949811298076034,-0.16473428254437752,0.17826189390742953,0.36652767567248395,0.20507916268145432,0.6617736893490695,0.258274946424956,True,False,periodic_cubic_fit_of_measured_flexion_and_measured_extension,periodic_cubic_B_spline,3,2,each_measured_branch_phase_progress,True,False,True,False,False,theta_shank = q_hip - q_knee,0.42,0.3,knee_to_strap_equivalent_pull_point,0.0,120.0,5.0,145.0,0.0,120.0,5.0,145.0,True,True,False,outside_frozen_local_identification_domain,66.33416458852868,90.0,False
reference_measured_asymmetric_closed,reference_measured_asymmetric_closed_nominal,nominal,11.48,extension,0.9914400000000017,0.9962906666666673,0.5090966287808486,0.33015604910330837,-0.03847616002612902,-0.0655144201226236,0.06562490998569848,-0.021971773010962287,0.046730769230767584,-0.1597633136094672,0.17894057967754023,0.3667377658333178,0.20470322692030662,0.6619476082939422,0.25809937766521873,True,False,periodic_cubic_fit_of_measured_flexion_and_measured_extension,periodic_cubic_B_spline,3,2,each_measured_branch_phase_progress,True,False,True,False,False,theta_shank = q_hip - q_knee,0.42,0.3,knee_to_strap_equivalent_pull_point,0.0,120.0,5.0,145.0,0.0,120.0,5.0,145.0,True,True,False,outside_frozen_local_identification_domain,66.33416458852868,90.0,False
reference_measured_asymmetric_closed,reference_measured_asymmetric_closed_nominal,nominal,11.506,extension,0.9926015825187511,0.9967940190914588,0.5081165025229686,0.3284401291335118,-0.03697733454811603,-0.06662575825046153,0.051895835307709345,-0.055996347612528835,0.04264442668269197,-0.15452607248520625,0.1796763733894568,0.36693822465613046,0.204343679339996,0.6621086986561642,0.25795702915695284,True,False,periodic_cubic_fit_of_measured_flexion_and_measured_extension,periodic_cubic_B_spline,3,2,each_measured_branch_phase_progress,True,False,True,False,False,theta_shank = q_hip - q_knee,0.42,0.3,knee_to_strap_equivalent_pull_point,0.0,120.0,5.0,145.0,0.0,120.0,5.0,145.0,True,True,False,outside_frozen_local_identification_domain,66.33416458852868,90.0,False
reference_measured_asymmetric_closed,reference_measured_asymmetric_closed_nominal,nominal,11.532,extension,0.9936587206,0.99725211226,0.5071720973551932,0.32668849938441374,-0.03566658121750511,-0.0680752742582207,0.06479672296002387,-0.02650781721843254,0.03869775000000075,-0.14901923076923151,0.18048359797077945,0.36713104421791964,0.20399704990871786,0.6622581440405582,0.25784865109455435,True,False,periodic_cubic_fit_of_measured_flexion_and_measured_extension,periodic_cubic_B_spline,3,2,each_measured_branch_phase_progress,True,False,True,False,False,theta_shank = q_hip - q_knee,0.42,0.3,knee_to_strap_equivalent_pull_point,0.0,120.0,5.0,145.0,0.0,120.0,5.0,145.0,True,True,False,outside_frozen_local_identification_domain,66.33416458852868,90.0,False
reference_measured_asymmetric_closed,reference_measured_asymmetric_closed_nominal,nominal,11.558,extension,0.9946151370562508,0.9976665593910421,0.5062883536302063,0.32494768534699686,-0.03160126885347848,-0.0645589148456623,0.2297957847997131,0.2685201850630568,0.03489779206730804,-0.14323946005917246,0.18134066828320944,0.36731118194201673,0.2036725205332292,0.6623920187659731,0.25777704658487843,True,False,periodic_cubic_fit_of_measured_flexion_and_measured_extension,periodic_cubic_B_spline,3,2,each_measured_branch_phase_progress,True,False,True,False,False,theta_shank = q_hip - q_knee,0.42,0.3,knee_to_strap_equivalent_pull_point,0.0,120.0,5.0,145.0,0.0,120.0,5.0,145.0,True,True,False,outside_frozen_local_identification_domain,66.33416458852868,90.0,False
reference_measured_asymmetric_closed,reference_measured_asymmetric_closed_nominal,nominal,11.584,extension,0.9954747391999996,0.9980390536533332,0.5055547735237503,0.3233801999870957,-0.024514814041250926,-0.05537378964242519,0.30254393341168934,0.4176562018080322,0.03125169230769323,-0.13718343195266275,0.18217457353665462,0.36746049320553753,0.20340301357930538,0.6624961093869117,0.257753590250366,True,False,periodic_cubic_fit_of_measured_flexion_and_measured_extension,periodic_cubic_B_spline,3,2,each_measured_branch_phase_progress,True,False,True,False,False,theta_shank = q_hip - q_knee,0.42,0.3,knee_to_strap_equivalent_pull_point,0.0,120.0,5.0,145.0,0.0,120.0,5.0,145.0,True,True,False,outside_frozen_local_identification_domain,66.33416458852868,90.0,False
reference_measured_asymmetric_closed,reference_measured_asymmetric_closed_nominal,nominal,11.61,extension,0.9962416210937501,0.9983713691406251,0.5050221639567704,0.3220893301171343,-0.016415859171396516,-0.043722079767819,0.31199491373690613,0.4648117559706023,0.027766676682692792,-0.13084781804733756,0.18293283383963604,0.36756877547210054,0.20320727176442416,0.6625630949560489,0.2577815465850957,True,False,periodic_cubic_fit_of_measured_flexion_and_measured_extension,periodic_cubic_B_spline,3,2,each_measured_branch_phase_progress,True,False,True,False,False,theta_shank = q_hip - q_knee,0.42,0.3,knee_to_strap_equivalent_pull_point,0.0,120.0,5.0,145.0,0.0,120.0,5.0,145.0,True,True,False,outside_frozen_local_identification_domain,66.33416458852868,90.0,False
reference_measured_asymmetric_closed,reference_measured_asymmetric_closed_nominal,nominal,11.636,extension,0.9969200657999995,0.9986653618466664,0.5046982113783544,0.32110892786720696,-0.008638226680269076,-0.03178087716275323,0.281216732017839,0.44509618687876473,0.024450057692307816,-0.12422928994082796,0.1835892835111474,0.3676345857032875,0.20308818625112626,0.6625930163646458,0.2578560982232715,True,False,periodic_cubic_fit_of_measured_flexion_and_measured_extension,periodic_cubic_B_spline,3,2,each_measured_branch_phase_progress,True,False,True,False,False,theta_shank = q_hip - q_knee,0.42,0.3,knee_to_strap_equivalent_pull_point,0.0,120.0,5.0,145.0,0.0,120.0,5.0,145.0,True,True,False,outside_frozen_local_identification_domain,66.33416458852868,90.0,False
reference_measured_asymmetric_closed,reference_measured_asymmetric_closed_nominal,nominal,11.661999999999999,extension,0.9975145476312512,0.9989229706402089,0.5045631139212553,0.3204272015472848,-0.001985149775488472,-0.020917918185347273,0.228068947822208,0.3858267996993756,0.02130923437499919,-0.11732451923076972,0.18413591237397048,0.36766201904582463,0.20303851790029312,0.6625904679199857,0.25796765447353026,True,False,periodic_cubic_fit_of_measured_flexion_and_measured_extension,periodic_cubic_B_spline,3,2,each_measured_branch_phase_progress,True,False,True,False,False,theta_shank = q_hip - q_knee,0.42,0.3,knee_to_strap_equivalent_pull_point,0.0,120.0,5.0,145.0,0.0,120.0,5.0,145.0,True,True,False,outside_frozen_local_identification_domain,66.33416458852868,90.0,False
reference_measured_asymmetric_closed,reference_measured_asymmetric_closed_nominal,nominal,11.688,extension,0.9980297344000011,0.9991462182400005,0.5045816925206861,0.3200052388861093,0.003144099579848217,-0.011881067795939483,0.16587772359367559,0.30753533037173025,0.018351692307693093,-0.11013017751479331,0.18457645363457675,0.36765824681107984,0.20304534851062966,0.6625624685155984,0.2581044079000898,True,False,periodic_cubic_fit_of_measured_flexion_and_measured_extension,periodic_cubic_B_spline,3,2,each_measured_branch_phase_progress,True,False,True,False,False,theta_shank = q_hip - q_knee,0.42,0.3,knee_to_strap_equivalent_pull_point,0.0,120.0,5.0,145.0,0.0,120.0,5.0,145.0,True,True,False,outside_frozen_local_identification_domain,66.33416458852868,90.0,False
reference_measured_asymmetric_closed,reference_measured_asymmetric_closed_nominal,nominal,11.714,extension,0.9984704896687511,0.9993372121897921,0.5047124367560368,0.3197909421569766,0.006644994265516414,-0.00496184924642335,0.10409845484632467,0.22495547323838572,0.015585003605769369,-0.10264293639053242,0.1849214945990602,0.3676316966599378,0.20309341597140826,0.6625169031792227,0.2582542261184561,True,False,periodic_cubic_fit_of_measured_flexion_and_measured_extension,periodic_cubic_B_spline,3,2,each_measured_branch_phase_progress,True,False,True,False,False,theta_shank = q_hip - q_knee,0.42,0.3,knee_to_strap_equivalent_pull_point,0.0,120.0,5.0,145.0,0.0,120.0,5.0,145.0,True,True,False,outside_frozen_local_identification_domain,66.33416458852868,90.0,False
reference_measured_asymmetric_closed,reference_measured_asymmetric_closed_nominal,nominal,11.74,extension,0.9988418750000019,0.9994981458333341,0.504913932799503,0.31972904192874,0.00861549558127504,-0.0001337045404144229,0.048956155981424276,0.14797674550980539,0.013016826923076562,-0.09485946745562121,0.185184890870763,0.36759076667739854,0.20316748818037386,0.6624614338159014,0.2584059680770389,True,False,periodic_cubic_fit_of_measured_flexion_and_measured_extension,periodic_cubic_B_spline,3,2,each_measured_branch_phase_progress,True,False,True,False,False,theta_shank = q_hip - q_knee,0.42,0.3,knee_to_strap_equivalent_pull_point,0.0,120.0,5.0,145.0,0.0,120.0,5.0,145.0,True,True,False,outside_frozen_local_identification_domain,66.33416458852868,90.0,False
reference_measured_asymmetric_closed,reference_measured_asymmetric_closed_nominal,nominal,11.766,extension,0.9991491522062494,0.9996312992893748,0.5051491058495771,0.3197678334706979,0.00928005650326844,0.002833956312772598,0.004054331742754491,0.08255079393076148,0.010654907451923032,-0.08677644230769123,0.18538127237887914,0.36754297699491345,0.20325393000312814,0.6624027906315515,0.25855031598057765,True,False,periodic_cubic_fit_of_measured_flexion_and_measured_extension,periodic_cubic_B_spline,3,2,each_measured_branch_phase_progress,True,False,True,False,False,theta_shank = q_hip - q_knee,0.42,0.3,knee_to_strap_equivalent_pull_point,0.0,120.0,5.0,145.0,0.0,120.0,5.0,145.0,True,True,False,outside_frozen_local_identification_domain,66.33416458852868,90.0,False
reference_measured_asymmetric_closed,reference_measured_asymmetric_closed_nominal,nominal,11.792,extension,0.9993977856000003,0.9997390404266668,0.505387688167469,0.31986324775657443,0.008928952909837844,0.004284512358182492,-0.029056157623037274,0.031537414276636214,0.008507076923077643,-0.07839053254437983,0.1855244404108946,0.36749447374107985,0.20334161347291105,0.6623463676811037,0.25868021338274777,True,False,periodic_cubic_fit_of_measured_flexion_and_measured_extension,periodic_cubic_B_spline,3,2,each_measured_branch_phase_progress,True,False,True,False,False,theta_shank = q_hip - q_knee,0.42,0.3,knee_to_strap_equivalent_pull_point,0.0,120.0,5.0,145.0,0.0,120.0,5.0,145.0,True,True,False,outside_frozen_local_identification_domain,66.33416458852868,90.0,False
reference_measured_asymmetric_closed,reference_measured_asymmetric_closed_nominal,nominal,11.818,extension,0.9995934442437502,0.9998238258389585,0.5056072968477029,0.3199808283447727,0.007871803009003305,0.004603978282907982,-0.05035570755102274,-0.004520915214932572,0.006581253605770434,-0.06969840976331383,0.1856264685029302,0.3674498092963107,0.20342231354525703,0.662296055609915,0.25879099634318337,True,False,periodic_cubic_fit_of_measured_flexion_and_measured_extension,periodic_cubic_B_spline,3,2,each_measured_branch_phase_progress,True,False,True,False,False,theta_shank = q_hip - q_knee,0.42,0.3,knee_to_strap_equivalent_pull_point,0.0,120.0,5.0,145.0,0.0,120.0,5.0,145.0,True,True,False,outside_frozen_local_identification_domain,66.33416458852868,90.0,False
reference_measured_asymmetric_closed,reference_measured_asymmetric_closed_nominal,nominal,11.844,extension,0.9997420041999998,0.9998882018199999,0.5057934734326825,0.32009613719605146,0.006403957117421529,0.004169956745095454,-0.060888239218444856,-0.026705257019943314,0.004885442307692636,-0.06069674556213056,0.1856973362366311,0.36741193045666365,0.20349072057002432,0.6622542521768097,0.2588802983141623,True,False,periodic_cubic_fit_of_measured_flexion_and_measured_extension,periodic_cubic_B_spline,3,2,each_measured_branch_phase_progress,True,False,True,False,False,theta_shank = q_hip - q_knee,0.42,0.3,knee_to_strap_equivalent_pull_point,0.0,120.0,5.0,145.0,0.0,120.0,5.0,145.0,True,True,False,outside_frozen_local_identification_domain,66.33416458852868,90.0,False
reference_measured_asymmetric_closed,reference_measured_asymmetric_closed_nominal,nominal,11.870000000000001,extension,0.9998495507812493,0.9999348053385413,0.505939001296249,0.32019405803116796,0.004784299031488419,0.0033175013341440567,-0.06235173500011346,-0.037114104197033385,0.003427734374999393,-0.05138221153846105,0.18574494326508106,0.36738231299635715,0.203544187088324,0.662221997449181,0.2589478013364868,True,False,periodic_cubic_fit_of_measured_flexion_and_measured_extension,periodic_cubic_B_spline,3,2,each_measured_branch_phase_progress,True,False,True,False,False,theta_shank = q_hip - q_knee,0.42,0.3,knee_to_strap_equivalent_pull_point,0.0,120.0,5.0,145.0,0.0,120.0,5.0,145.0,True,True,False,outside_frozen_local_identification_domain,66.33416458852868,90.0,False
reference_measured_asymmetric_closed,reference_measured_asymmetric_closed_nominal,nominal,11.896,extension,0.9999223807999993,0.999966365013333,0.5060427774402054,0.32026740672757364,0.0032229043078232343,0.002319551105155292,-0.05674975746416987,-0.038349018715525866,0.0022163076923070305,-0.04175147928994054,0.18577537071263178,0.3673611879872746,0.20358231151202277,0.6621991865130464,0.2589948969535716,True,False,periodic_cubic_fit_of_measured_flexion_and_measured_extension,periodic_cubic_B_spline,3,2,each_measured_branch_phase_progress,True,False,True,False,False,theta_shank = q_hip - q_knee,0.42,0.3,knee_to_strap_equivalent_pull_point,0.0,120.0,5.0,145.0,0.0,120.0,5.0,145.0,True,True,False,outside_frozen_local_identification_domain,66.33416458852868,90.0,False
reference_measured_asymmetric_closed,reference_measured_asymmetric_closed_nominal,nominal,11.922,extension,0.9999670048187479,0.9999857020881241,0.5061084742481946,0.32031519641997,0.0018769582739626178,0.0013795337047816097,-0.04610444433693626,-0.03309276641334231,0.001259426682694426,-0.03180122041420214,0.18579327782822458,0.3673478124864764,0.2036064455300975,0.6621848186854034,0.2590243106608824,True,False,periodic_cubic_fit_of_measured_flexion_and_measured_extension,periodic_cubic_B_spline,3,2,each_measured_branch_phase_progress,True,False,True,False,False,theta_shank = q_hip - q_knee,0.42,0.3,knee_to_strap_equivalent_pull_point,0.0,120.0,5.0,145.0,0.0,120.0,5.0,145.0,True,True,False,outside_frozen_local_identification_domain,66.33416458852868,90.0,False
reference_measured_asymmetric_closed,reference_measured_asymmetric_closed_nominal,nominal,11.948,extension,0.9999901494000003,0.9999957314066668,0.5061431853293763,0.320340842660174,0.0008533566291917239,0.0006337638432874021,-0.03222888274531257,-0.02377681884877719,0.0005654423076920742,-0.02152810650887586,0.18580234266920231,0.36734074486531676,0.20361919644717752,0.6621772486979955,0.25903973422626103,True,False,periodic_cubic_fit_of_measured_flexion_and_measured_extension,periodic_cubic_B_spline,3,2,each_measured_branch_phase_progress,True,False,True,False,False,theta_shank = q_hip - q_knee,0.42,0.3,knee_to_strap_equivalent_pull_point,0.0,120.0,5.0,145.0,0.0,120.0,5.0,145.0,True,True,False,outside_frozen_local_identification_domain,66.33416458852868,90.0,False
reference_measured_asymmetric_closed,reference_measured_asymmetric_closed_nominal,nominal,11.974,extension,0.9999987593562523,0.9999994623877093,0.5061562096116458,0.32035053383095097,0.0002165038693383158,0.0001614019463432403,-0.016553786313679344,-0.012330629341108923,0.00014279206730805072,-0.010928809171597434,0.1858056757806948,0.36733809284027047,0.2036239807794574,0.66217441194848,0.2590455012811724,True,False,periodic_cubic_fit_of_measured_flexion_and_measured_extension,periodic_cubic_B_spline,3,2,each_measured_branch_phase_progress,True,False,True,False,False,theta_shank = q_hip - q_knee,0.42,0.3,knee_to_strap_equivalent_pull_point,0.0,120.0,5.0,145.0,0.0,120.0,5.0,145.0,True,True,False,outside_frozen_local_identification_domain,66.33416458852868,90.0,False
reference_measured_asymmetric_closed,reference_measured_asymmetric_closed_nominal,nominal,12.0,extension,1.0,1.0,0.5061580913269217,0.3203519370158654,0.0,0.0,0.0,0.0,0.0,0.0,0.1858061543110563,0.3673377096772649,0.2036246720047976,0.6621740022645605,0.2590463335946366,True,False,periodic_cubic_fit_of_measured_flexion_and_measured_extension,periodic_cubic_B_spline,3,2,each_measured_branch_phase_progress,True,False,True,False,False,theta_shank = q_hip - q_knee,0.42,0.3,knee_to_strap_equivalent_pull_point,0.0,120.0,5.0,145.0,0.0,120.0,5.0,145.0,True,True,False,outside_frozen_local_identification_domain,66.33416458852868,90.0,False
