E0,E2,beta_extend,beta_flex,candidate_id,candidate_index,canonical_beta_id,hip_extension,hip_flexion,knee_extension,knee_flexion,leg_id
32.2098871239909,1.0159773057335362,-0.03,-0.03,SUBJECT_V3_2b023179d7127656ae81fdb7,0,MYOLEG_V3_K0000,0.9990775988961,1.0002590920928682,1.0159773057335362,0.9909159242029051,LEG_0_NOMINAL
32.20869214307491,1.0146011551181837,-0.0275,-0.03,SUBJECT_V3_c3a6ab3b7fcc6243cd116284,1,MYOLEG_V3_K0001,0.9991623806578868,1.0002590920928682,1.0146011551181837,0.9909159242029051,LEG_0_NOMINAL
32.207483227682985,1.0132330897182888,-0.025,-0.03,SUBJECT_V3_645e1edebf34834b73af8c1d,2,MYOLEG_V3_K0002,0.9992447740756416,1.0002590920928682,1.0132330897182888,0.9909159242029051,LEG_0_NOMINAL
32.206279368411,1.011873213547599,-0.0225,-0.03,SUBJECT_V3_9f6bf4ff5fb659d2f3cd3425,3,MYOLEG_V3_K0003,0.9993262626135273,1.0002590920928682,1.011873213547599,0.9909159242029051,LEG_0_NOMINAL
32.205059925123145,1.010521935741288,-0.02,-0.03,SUBJECT_V3_28218e444a1d5c0f2a4726f4,4,MYOLEG_V3_K0004,0.9994051764914429,1.0002590920928682,1.010521935741288,0.9909159242029051,LEG_0_NOMINAL
32.20385855433492,1.0091770823832436,-0.0175,-0.03,SUBJECT_V3_e2572ac03470a6b0eef6938f,5,MYOLEG_V3_K0005,0.9994844449470401,1.0002590920928682,1.0091770823832436,0.9909159242029051,LEG_0_NOMINAL
32.202654669160246,1.0078408966976482,-0.015,-0.03,SUBJECT_V3_14ddfd588eae11e553fe6943,6,MYOLEG_V3_K0006,0.9995621652264897,1.0002590920928682,1.0078408966976482,0.9909159242029051,LEG_0_NOMINAL
32.20145283392593,1.0065128759880575,-0.0125,-0.03,SUBJECT_V3_95d784febf9da9dee736faeb,7,MYOLEG_V3_K0007,0.9996387652540365,1.0002590920928682,1.0065128759880575,0.9909159242029051,LEG_0_NOMINAL
32.20024767259064,1.005193418552114,-0.01,-0.03,SUBJECT_V3_3f93f2a28c556bfe0eb55eb8,8,MYOLEG_V3_K0008,0.9997137761364514,1.0002590920928682,1.005193418552114,0.9909159242029051,LEG_0_NOMINAL
32.199046428713984,1.0038817726982328,-0.0075,-0.03,SUBJECT_V3_f707e88fb70ff61f56e4a1d9,9,MYOLEG_V3_K0009,0.9997878677259529,1.0002590920928682,1.0038817726982328,0.9909159242029051,LEG_0_NOMINAL
32.19784468906474,1.0025786655612576,-0.005,-0.03,SUBJECT_V3_994eeeb9b592957cb9cb580d,10,MYOLEG_V3_K0010,0.999860604512289,1.0002590920928682,1.0025786655612576,0.9909159242029051,LEG_0_NOMINAL
32.196642828442634,1.0012839976118537,-0.0025,-0.03,SUBJECT_V3_de61462183ef37132ece0011,11,MYOLEG_V3_K0011,0.9999320332151755,1.0002590920928682,1.0012839976118537,0.9909159242029051,LEG_0_NOMINAL
32.195440828680475,1.0002590920928682,0.0,-0.03,SUBJECT_V3_9a8c9319939fd1096f43bd4b,12,MYOLEG_V3_K0012,1.0000021484052202,1.0002590920928682,0.9999978351614803,0.9909159242029051,LEG_0_NOMINAL
32.194259708721475,1.0002590920928682,0.0025,-0.03,SUBJECT_V3_e00ebd07ff84f8269ae98cb3,13,MYOLEG_V3_K0013,1.0000712055917576,1.0002590920928682,0.9987311369437473,0.9909159242029051,LEG_0_NOMINAL
32.19306057261588,1.0002590920928682,0.005,-0.03,SUBJECT_V3_01cd3d65ca5d890d07365c74,14,MYOLEG_V3_K0014,1.00013893394607,1.0002590920928682,0.9974621536176823,0.9909159242029051,LEG_0_NOMINAL
32.191861139817824,1.0002590920928682,0.0075,-0.03,SUBJECT_V3_e72c7f3ad9d2c4eabde6ab40,15,MYOLEG_V3_K0015,1.0002053281719585,1.0002590920928682,0.9962018451813773,0.9909159242029051,LEG_0_NOMINAL
32.1906616290585,1.0002704032668155,0.01,-0.03,SUBJECT_V3_289c23b88f82c23f7aa517db,16,MYOLEG_V3_K0016,1.0002704032668155,1.0002590920928682,0.994950263723556,0.9909159242029051,LEG_0_NOMINAL
32.189464436549464,1.0003343825627784,0.0125,-0.03,SUBJECT_V3_723573f948849ac143ed785c,17,MYOLEG_V3_K0017,1.0003343825627784,1.0002590920928682,0.993707165638869,0.9909159242029051,LEG_0_NOMINAL
32.18826429859461,1.0003967808298175,0.015,-0.03,SUBJECT_V3_1f3625e88d8636b7636b364c,18,MYOLEG_V3_K0018,1.0003967808298175,1.0002590920928682,0.9924731551865336,0.9909159242029051,LEG_0_NOMINAL
32.18706496577938,1.0004579224561794,0.0175,-0.03,SUBJECT_V3_a3fe25fafe7578ca45d0e1b7,19,MYOLEG_V3_K0019,1.0004579224561794,1.0002590920928682,0.9912480300037217,0.9909159242029051,LEG_0_NOMINAL
32.185873461206455,1.0005183953159156,0.02,-0.03,SUBJECT_V3_94a29360f3942e58e2c095f3,20,MYOLEG_V3_K0020,1.0005183953159156,1.0002590920928682,0.9900315312498769,0.9909159242029051,LEG_0_NOMINAL
32.18467417071635,1.0005768252197094,0.0225,-0.03,SUBJECT_V3_2b75883c4b1db0922a0a757b,21,MYOLEG_V3_K0021,1.0005768252197094,1.0002590920928682,0.9888248777906783,0.9909159242029051,LEG_0_NOMINAL
32.183472284013504,1.0006338599693343,0.025,-0.03,SUBJECT_V3_3dba8b1dd3d24bbbec90c2e4,22,MYOLEG_V3_K0022,1.0006338599693343,1.0002590920928682,0.9876261989862162,0.9909159242029051,LEG_0_NOMINAL
32.18227457982359,1.0006899658437316,0.0275,-0.03,SUBJECT_V3_c544f8fdd1ade10ed7d9dbc2,23,MYOLEG_V3_K0023,1.0006899658437316,1.0002590920928682,0.9864360432721867,0.9909159242029051,LEG_0_NOMINAL
32.18108482537364,1.0007454122563846,0.03,-0.03,SUBJECT_V3_ac125e924831bda091f98b43,24,MYOLEG_V3_K0024,1.0007454122563846,1.0002590920928682,0.9852546483756783,0.9909159242029051,LEG_0_NOMINAL
32.211485658757304,1.0159773057335362,-0.03,-0.0275,SUBJECT_V3_4595abd6516470533fdd6835,25,MYOLEG_V3_K0025,0.9990775988961,1.0002393850980598,1.0159773057335362,0.9916918932333085,LEG_0_NOMINAL
32.21029073714592,1.0146011551181837,-0.0275,-0.0275,SUBJECT_V3_ad4023aa19bfb95c0543a247,26,MYOLEG_V3_K0026,0.9991623806578868,1.0002393850980598,1.0146011551181837,0.9916918932333085,LEG_0_NOMINAL
32.209081881754614,1.0132330897182888,-0.025,-0.0275,SUBJECT_V3_98a6cf6833654558d305c44d,27,MYOLEG_V3_K0027,0.9992447740756416,1.0002393850980598,1.0132330897182888,0.9916918932333085,LEG_0_NOMINAL
32.207878082236796,1.011873213547599,-0.0225,-0.0275,SUBJECT_V3_fc4a3ef1ca4ff928f09744e5,28,MYOLEG_V3_K0028,0.9993262626135273,1.0002393850980598,1.011873213547599,0.9916918932333085,LEG_0_NOMINAL
32.20665869948116,1.010521935741288,-0.02,-0.0275,SUBJECT_V3_c9938986154724108916f770,29,MYOLEG_V3_K0029,0.9994051764914429,1.0002393850980598,1.010521935741288,0.9916918932333085,LEG_0_NOMINAL
32.20545738833254,1.0091770823832436,-0.0175,-0.0275,SUBJECT_V3_09bd238562b946ed1362620b,30,MYOLEG_V3_K0030,0.9994844449470401,1.0002393850980598,1.0091770823832436,0.9916918932333085,LEG_0_NOMINAL
32.204253562926766,1.0078408966976482,-0.015,-0.0275,SUBJECT_V3_2e1abd4cc5c45b6b04b53511,31,MYOLEG_V3_K0031,0.9995621652264897,1.0002393850980598,1.0078408966976482,0.9916918932333085,LEG_0_NOMINAL
32.20305178736402,1.0065128759880575,-0.0125,-0.0275,SUBJECT_V3_cb0eab0e91c1768d12458a3d,32,MYOLEG_V3_K0032,0.9996387652540365,1.0002393850980598,1.0065128759880575,0.9916918932333085,LEG_0_NOMINAL
32.201846685869924,1.005193418552114,-0.01,-0.0275,SUBJECT_V3_319b6abb653d1aba61617324,33,MYOLEG_V3_K0033,0.9997137761364514,1.0002393850980598,1.005193418552114,0.9916918932333085,LEG_0_NOMINAL
32.200645501644395,1.0038817726982328,-0.0075,-0.0275,SUBJECT_V3_ec785324e47f15ec2fadfa50,34,MYOLEG_V3_K0034,0.9997878677259529,1.0002393850980598,1.0038817726982328,0.9916918932333085,LEG_0_NOMINAL
32.19944382167535,1.0025786655612576,-0.005,-0.0275,SUBJECT_V3_3d1937523b114d1007dee61c,35,MYOLEG_V3_K0035,0.999860604512289,1.0002393850980598,1.0025786655612576,0.9916918932333085,LEG_0_NOMINAL
32.19824202074391,1.0012839976118537,-0.0025,-0.0275,SUBJECT_V3_bf873e8f61e9344471c44d76,36,MYOLEG_V3_K0036,0.9999320332151755,1.0002393850980598,1.0012839976118537,0.9916918932333085,LEG_0_NOMINAL
32.19704008068379,1.0002393850980598,0.0,-0.0275,SUBJECT_V3_1639b782d207d8ff49d65af5,37,MYOLEG_V3_K0037,1.0000021484052202,1.0002393850980598,0.9999978351614803,0.9916918932333085,LEG_0_NOMINAL
32.19585901939409,1.0002393850980598,0.0025,-0.0275,SUBJECT_V3_59476ab689575818ad3c703c,38,MYOLEG_V3_K0038,1.0000712055917576,1.0002393850980598,0.9987311369437473,0.9916918932333085,LEG_0_NOMINAL
32.19465994285711,1.0002393850980598,0.005,-0.0275,SUBJECT_V3_031d458fc22d30cdc6d9bf2c,39,MYOLEG_V3_K0039,1.00013893394607,1.0002393850980598,0.9974621536176823,0.9916918932333085,LEG_0_NOMINAL
32.19346056964684,1.0002393850980598,0.0075,-0.0275,SUBJECT_V3_c840b25c1f40341444fe42fc,40,MYOLEG_V3_K0040,1.0002053281719585,1.0002393850980598,0.9962018451813773,0.9916918932333085,LEG_0_NOMINAL
32.192261118483614,1.0002704032668155,0.01,-0.0275,SUBJECT_V3_e2eda8d8626955ef63bd43eb,41,MYOLEG_V3_K0041,1.0002704032668155,1.0002393850980598,0.994950263723556,0.9916918932333085,LEG_0_NOMINAL
32.191063985459934,1.0003343825627784,0.0125,-0.0275,SUBJECT_V3_f78a66d573db024703ea3cce,42,MYOLEG_V3_K0042,1.0003343825627784,1.0002393850980598,0.993707165638869,0.9916918932333085,LEG_0_NOMINAL
32.18986390714122,1.0003967808298175,0.015,-0.0275,SUBJECT_V3_49dea8c30f66701ed0cbcc3b,43,MYOLEG_V3_K0043,1.0003967808298175,1.0002393850980598,0.9924731551865336,0.9916918932333085,LEG_0_NOMINAL
32.188664633926564,1.0004579224561794,0.0175,-0.0275,SUBJECT_V3_e6502195676a2b19e4ccd0d4,44,MYOLEG_V3_K0044,1.0004579224561794,1.0002393850980598,0.9912480300037217,0.9916918932333085,LEG_0_NOMINAL
32.1874731885696,1.0005183953159156,0.02,-0.0275,SUBJECT_V3_46a80a04dfbb24db727da9c5,45,MYOLEG_V3_K0045,1.0005183953159156,1.0002393850980598,0.9900315312498769,0.9916918932333085,LEG_0_NOMINAL
32.18627395768682,1.0005768252197094,0.0225,-0.0275,SUBJECT_V3_fd2e1bc0f1aeecb5558c6461,46,MYOLEG_V3_K0046,1.0005768252197094,1.0002393850980598,0.9888248777906783,0.9916918932333085,LEG_0_NOMINAL
32.1850721307248,1.0006338599693343,0.025,-0.0275,SUBJECT_V3_38758d96bcd4c56894273e70,47,MYOLEG_V3_K0047,1.0006338599693343,1.0002393850980598,0.9876261989862162,0.9916918932333085,LEG_0_NOMINAL
32.183874486072256,1.0006899658437316,0.0275,-0.0275,SUBJECT_V3_3ffa9ceb27ec4e76c56b31c4,48,MYOLEG_V3_K0048,1.0006899658437316,1.0002393850980598,0.9864360432721867,0.9916918932333085,LEG_0_NOMINAL
32.182684790768874,1.0007454122563846,0.03,-0.0275,SUBJECT_V3_fd0a29436b4ee1f3c12c1e88,49,MYOLEG_V3_K0049,1.0007454122563846,1.0002393850980598,0.9852546483756783,0.9916918932333085,LEG_0_NOMINAL
32.21307155406011,1.0159773057335362,-0.03,-0.025,SUBJECT_V3_704de6ada4e40b49937cf9b6,50,MYOLEG_V3_K0050,0.9990775988961,1.0002191913123064,1.0159773057335362,0.992465175099273,LEG_0_NOMINAL
32.2118766912786,1.0146011551181837,-0.0275,-0.025,SUBJECT_V3_ae96cb76946dcab7b24f7276,51,MYOLEG_V3_K0051,0.9991623806578868,1.0002191913123064,1.0146011551181837,0.992465175099273,LEG_0_NOMINAL
32.21066789540761,1.0132330897182888,-0.025,-0.025,SUBJECT_V3_615f2da765f636b9dd8f0db8,52,MYOLEG_V3_K0052,0.9992447740756416,1.0002191913123064,1.0132330897182888,0.992465175099273,LEG_0_NOMINAL
32.20946415516561,1.011873213547599,-0.0225,-0.025,SUBJECT_V3_d0ccb3c54f2281c495ab64de,53,MYOLEG_V3_K0053,0.9993262626135273,1.0002191913123064,1.011873213547599,0.992465175099273,LEG_0_NOMINAL
32.20824483245764,1.010521935741288,-0.02,-0.025,SUBJECT_V3_df82280b5638914358d2a0d1,54,MYOLEG_V3_K0054,0.9994051764914429,1.0002191913123064,1.010521935741288,0.992465175099273,LEG_0_NOMINAL
32.207043580471215,1.0091770823832436,-0.0175,-0.025,SUBJECT_V3_f876bf7ea7e16bc671377a9b,55,MYOLEG_V3_K0055,0.9994844449470401,1.0002191913123064,1.0091770823832436,0.992465175099273,LEG_0_NOMINAL
32.205839814355876,1.0078408966976482,-0.015,-0.025,SUBJECT_V3_97bee82ff5c2743935c887e4,56,MYOLEG_V3_K0056,0.9995621652264897,1.0002191913123064,1.0078408966976482,0.992465175099273,LEG_0_NOMINAL
32.204638097987036,1.0065128759880575,-0.0125,-0.025,SUBJECT_V3_520c0227aba2d467c359db13,57,MYOLEG_V3_K0057,0.9996387652540365,1.0002191913123064,1.0065128759880575,0.992465175099273,LEG_0_NOMINAL
32.2034330558551,1.005193418552114,-0.01,-0.025,SUBJECT_V3_4868447366b744e5a3a8e11f,58,MYOLEG_V3_K0058,0.9997137761364514,1.0002191913123064,1.005193418552114,0.992465175099273,LEG_0_NOMINAL
32.20223193080319,1.0038817726982328,-0.0075,-0.025,SUBJECT_V3_e9edbf1d89cd9f6da4aa97fc,59,MYOLEG_V3_K0059,0.9997878677259529,1.0002191913123064,1.0038817726982328,0.992465175099273,LEG_0_NOMINAL
32.20103031003661,1.0025786655612576,-0.005,-0.025,SUBJECT_V3_fb33b5f85339915f70a393bb,60,MYOLEG_V3_K0060,0.999860604512289,1.0002191913123064,1.0025786655612576,0.992465175099273,LEG_0_NOMINAL
32.199828568318004,1.0012839976118537,-0.0025,-0.025,SUBJECT_V3_a32fb999190c8254f366c1f8,61,MYOLEG_V3_K0061,0.9999320332151755,1.0002191913123064,1.0012839976118537,0.992465175099273,LEG_0_NOMINAL
32.19862668748199,1.0002191913123064,0.0,-0.025,SUBJECT_V3_dd1f1b59d52801892b54712e,62,MYOLEG_V3_K0062,1.0000021484052202,1.0002191913123064,0.9999978351614803,0.992465175099273,LEG_0_NOMINAL
32.19744568439194,1.0002191913123064,0.0025,-0.025,SUBJECT_V3_1982eb337a2361e80dc8b86e,63,MYOLEG_V3_K0063,1.0000712055917576,1.0002191913123064,0.9987311369437473,0.992465175099273,LEG_0_NOMINAL
32.196246666946706,1.0002191913123064,0.005,-0.025,SUBJECT_V3_532637c7dcbefc9a65569ec8,64,MYOLEG_V3_K0064,1.00013893394607,1.0002191913123064,0.9974621536176823,0.992465175099273,LEG_0_NOMINAL
32.19504735284722,1.0002191913123064,0.0075,-0.025,SUBJECT_V3_acaf5971e72f2a2d30339d8a,65,MYOLEG_V3_K0065,1.0002053281719585,1.0002191913123064,0.9962018451813773,0.992465175099273,LEG_0_NOMINAL
32.193847960803026,1.0002704032668155,0.01,-0.025,SUBJECT_V3_800829de50935ec144fbae8c,66,MYOLEG_V3_K0066,1.0002704032668155,1.0002191913123064,0.994950263723556,0.992465175099273,LEG_0_NOMINAL
32.1926508867885,1.0003343825627784,0.0125,-0.025,SUBJECT_V3_b6ba626bdea1bb1f5c0dcbbe,67,MYOLEG_V3_K0067,1.0003343825627784,1.0002191913123064,0.993707165638869,0.992465175099273,LEG_0_NOMINAL
32.19145086762853,1.0003967808298175,0.015,-0.025,SUBJECT_V3_738ab62b0f945ffe7066c73e,68,MYOLEG_V3_K0068,1.0003967808298175,1.0002191913123064,0.9924731551865336,0.992465175099273,LEG_0_NOMINAL
32.190251653537345,1.0004579224561794,0.0175,-0.025,SUBJECT_V3_a52dbb03fc0b8e6346bddac7,69,MYOLEG_V3_K0069,1.0004579224561794,1.0002191913123064,0.9912480300037217,0.992465175099273,LEG_0_NOMINAL
32.1890602669223,1.0005183953159156,0.02,-0.025,SUBJECT_V3_93436537da3e48c8ae98e78a,70,MYOLEG_V3_K0070,1.0005183953159156,1.0002191913123064,0.9900315312498769,0.992465175099273,LEG_0_NOMINAL
32.18786109516968,1.0005768252197094,0.0225,-0.025,SUBJECT_V3_26d5208eb4f0e38ca3d17977,71,MYOLEG_V3_K0071,1.0005768252197094,1.0002191913123064,0.9888248777906783,0.992465175099273,LEG_0_NOMINAL
32.186659327470245,1.0006338599693343,0.025,-0.025,SUBJECT_V3_35494b82d0fcf56f1631d766,72,MYOLEG_V3_K0072,1.0006338599693343,1.0002191913123064,0.9876261989862162,0.992465175099273,LEG_0_NOMINAL
32.18546174187845,1.0006899658437316,0.0275,-0.025,SUBJECT_V3_a08b846789e252210b4964b9,73,MYOLEG_V3_K0073,1.0006899658437316,1.0002191913123064,0.9864360432721867,0.992465175099273,LEG_0_NOMINAL
32.18427210524816,1.0007454122563846,0.03,-0.025,SUBJECT_V3_3308873d6d8e1487aa124618,74,MYOLEG_V3_K0074,1.0007454122563846,1.0002191913123064,0.9852546483756783,0.992465175099273,LEG_0_NOMINAL
32.21464143253698,1.0159773057335362,-0.03,-0.0225,SUBJECT_V3_a3b85ac7cf87324c57d4e653,75,MYOLEG_V3_K0075,0.9990775988961,1.0001985080962292,1.0159773057335362,0.9932344153480367,LEG_0_NOMINAL
32.21344662798548,1.0146011551181837,-0.0275,-0.0225,SUBJECT_V3_933a746ae2b76ba68cc8f7ac,76,MYOLEG_V3_K0076,0.9991623806578868,1.0001985080962292,1.0146011551181837,0.9932344153480367,LEG_0_NOMINAL
32.21223789102791,1.0132330897182888,-0.025,-0.0225,SUBJECT_V3_7a17eaf7e448b71745e1d8cf,77,MYOLEG_V3_K0077,0.9992447740756416,1.0001985080962292,1.0132330897182888,0.9932344153480367,LEG_0_NOMINAL
32.211034209457324,1.011873213547599,-0.0225,-0.0225,SUBJECT_V3_94de50ee88557e739a21bf57,78,MYOLEG_V3_K0078,0.9993262626135273,1.0001985080962292,1.011873213547599,0.9932344153480367,LEG_0_NOMINAL
32.20981494618474,1.010521935741288,-0.02,-0.0225,SUBJECT_V3_7ded74cc42be53eb4f0228ad,79,MYOLEG_V3_K0079,0.9994051764914429,1.0001985080962292,1.010521935741288,0.9932344153480367,LEG_0_NOMINAL
32.20861375275726,1.0091770823832436,-0.0175,-0.0225,SUBJECT_V3_620ad57340fbac2466f0ca65,80,MYOLEG_V3_K0080,0.9994844449470401,1.0001985080962292,1.0091770823832436,0.9932344153480367,LEG_0_NOMINAL
32.2074100453278,1.0078408966976482,-0.015,-0.0225,SUBJECT_V3_3e9c7f1a617f70c036d6efe4,81,MYOLEG_V3_K0081,0.9995621652264897,1.0001985080962292,1.0078408966976482,0.9932344153480367,LEG_0_NOMINAL
32.20620838754928,1.0065128759880575,-0.0125,-0.0225,SUBJECT_V3_38a1b864b278ed447c942425,82,MYOLEG_V3_K0082,0.9996387652540365,1.0001985080962292,1.0065128759880575,0.9932344153480367,LEG_0_NOMINAL
32.205003404174214,1.005193418552114,-0.01,-0.0225,SUBJECT_V3_10c8cfe1e4f3c31952a7dd8b,83,MYOLEG_V3_K0083,0.9997137761364514,1.0001985080962292,1.005193418552114,0.9932344153480367,LEG_0_NOMINAL
32.20380233769255,1.0038817726982328,-0.0075,-0.0225,SUBJECT_V3_a86b0dcfa7895609f0dd5297,84,MYOLEG_V3_K0084,0.9997878677259529,1.0001985080962292,1.0038817726982328,0.9932344153480367,LEG_0_NOMINAL
32.20260077552476,1.0025786655612576,-0.005,-0.0225,SUBJECT_V3_c4cb0a71ac7f788ded53e232,85,MYOLEG_V3_K0085,0.999860604512289,1.0001985080962292,1.0025786655612576,0.9932344153480367,LEG_0_NOMINAL
32.20139909241522,1.0012839976118537,-0.0025,-0.0225,SUBJECT_V3_94dbda0e09fe3515ca38fdbb,86,MYOLEG_V3_K0086,0.9999320332151755,1.0001985080962292,1.0012839976118537,0.9932344153480367,LEG_0_NOMINAL
32.20019727019944,1.0001985080962292,0.0,-0.0225,SUBJECT_V3_0bc5dc4d9bb9b97d87e9e4c2,87,MYOLEG_V3_K0087,1.0000021484052202,1.0001985080962292,0.9999978351614803,0.9932344153480367,LEG_0_NOMINAL
32.199016324715586,1.0001985080962292,0.0025,-0.0225,SUBJECT_V3_28d34c1d8f7bc59245b57b51,88,MYOLEG_V3_K0088,1.0000712055917576,1.0001985080962292,0.9987311369437473,0.9932344153480367,LEG_0_NOMINAL
32.19781736575957,1.0001985080962292,0.005,-0.0225,SUBJECT_V3_b11edf958fc8cc8f0ccac7dd,89,MYOLEG_V3_K0089,1.00013893394607,1.0001985080962292,0.9974621536176823,0.9932344153480367,LEG_0_NOMINAL
32.19661811016813,1.0002053281719585,0.0075,-0.0225,SUBJECT_V3_a58f70f570605fee63593d3e,90,MYOLEG_V3_K0090,1.0002053281719585,1.0001985080962292,0.9962018451813773,0.9932344153480367,LEG_0_NOMINAL
32.195418776640146,1.0002704032668155,0.01,-0.0225,SUBJECT_V3_477d5b56cc51b55358e41d2b,91,MYOLEG_V3_K0091,1.0002704032668155,1.0001985080962292,0.994950263723556,0.9932344153480367,LEG_0_NOMINAL
32.194221761033084,1.0003343825627784,0.0125,-0.0225,SUBJECT_V3_2daab397d2153d05c59c8137,92,MYOLEG_V3_K0092,1.0003343825627784,1.0001985080962292,0.993707165638869,0.9932344153480367,LEG_0_NOMINAL
32.19302180042864,1.0003967808298175,0.015,-0.0225,SUBJECT_V3_796885a6a8fa6281a29cc967,93,MYOLEG_V3_K0093,1.0003967808298175,1.0001985080962292,0.9924731551865336,0.9932344153480367,LEG_0_NOMINAL
32.19182264485805,1.0004579224561794,0.0175,-0.0225,SUBJECT_V3_85d9cff90cbd9e54da56e20f,94,MYOLEG_V3_K0094,1.0004579224561794,1.0001985080962292,0.9912480300037217,0.9932344153480367,LEG_0_NOMINAL
32.19063131638595,1.0005183953159156,0.02,-0.0225,SUBJECT_V3_0b76852025f29c6b3931eea9,95,MYOLEG_V3_K0095,1.0005183953159156,1.0001985080962292,0.9900315312498769,0.9932344153480367,LEG_0_NOMINAL
32.18943220316055,1.0005768252197094,0.0225,-0.0225,SUBJECT_V3_f1f39ce8fb22b412d4211a0a,96,MYOLEG_V3_K0096,1.0005768252197094,1.0001985080962292,0.9888248777906783,0.9932344153480367,LEG_0_NOMINAL
32.188230494119416,1.0006338599693343,0.025,-0.0225,SUBJECT_V3_9c973c0880002f10966a5bff,97,MYOLEG_V3_K0097,1.0006338599693343,1.0001985080962292,0.9876261989862162,0.9932344153480367,LEG_0_NOMINAL
32.187032966986145,1.0006899658437316,0.0275,-0.0225,SUBJECT_V3_bb7bbaacb1d1863de2118d97,98,MYOLEG_V3_K0098,1.0006899658437316,1.0001985080962292,0.9864360432721867,0.9932344153480367,LEG_0_NOMINAL
32.185843388430676,1.0007454122563846,0.03,-0.0225,SUBJECT_V3_28a11e068e930586ae9542e3,99,MYOLEG_V3_K0099,1.0007454122563846,1.0001985080962292,0.9852546483756783,0.9932344153480367,LEG_0_NOMINAL
32.216203181918296,1.0159773057335362,-0.03,-0.02,SUBJECT_V3_8ae120570cfc54c0cca4d2f8,100,MYOLEG_V3_K0100,0.9990775988961,1.000177847576167,1.0159773057335362,0.993999636868882,LEG_0_NOMINAL
32.21500843528965,1.0146011551181837,-0.0275,-0.02,SUBJECT_V3_0202f88213d5525c92b15dc1,101,MYOLEG_V3_K0101,0.9991623806578868,1.000177847576167,1.0146011551181837,0.993999636868882,LEG_0_NOMINAL
32.21379975693474,1.0132330897182888,-0.025,-0.02,SUBJECT_V3_2ffe94f7dc5c9f197cb5f49f,102,MYOLEG_V3_K0102,0.9992447740756416,1.000177847576167,1.0132330897182888,0.993999636868882,LEG_0_NOMINAL
32.21259613372607,1.011873213547599,-0.0225,-0.02,SUBJECT_V3_1eb612fb4a479a913d0c4993,103,MYOLEG_V3_K0103,0.9993262626135273,1.000177847576167,1.011873213547599,0.993999636868882,LEG_0_NOMINAL
32.211376929575366,1.010521935741288,-0.02,-0.02,SUBJECT_V3_d183ab492935241c669640b4,104,MYOLEG_V3_K0104,0.9994051764914429,1.000177847576167,1.010521935741288,0.993999636868882,LEG_0_NOMINAL
32.210175794397934,1.0091770823832436,-0.0175,-0.02,SUBJECT_V3_02c9e30c69361068eeeea5bf,105,MYOLEG_V3_K0105,0.9994844449470401,1.000177847576167,1.0091770823832436,0.993999636868882,LEG_0_NOMINAL
32.20897214534478,1.0078408966976482,-0.015,-0.02,SUBJECT_V3_831caa7e26e2bae2ae3bc1b4,106,MYOLEG_V3_K0106,0.9995621652264897,1.000177847576167,1.0078408966976482,0.993999636868882,LEG_0_NOMINAL
32.20777054584754,1.0065128759880575,-0.0125,-0.02,SUBJECT_V3_4e5f6494aef0487eecf3e0ef,107,MYOLEG_V3_K0107,0.9996387652540365,1.000177847576167,1.0065128759880575,0.993999636868882,LEG_0_NOMINAL
32.20656562091939,1.005193418552114,-0.01,-0.02,SUBJECT_V3_fe81fb9ff9ddc27c2cdfffc2,108,MYOLEG_V3_K0108,0.9997137761364514,1.000177847576167,1.005193418552114,0.993999636868882,LEG_0_NOMINAL
32.20536461269902,1.0038817726982328,-0.0075,-0.02,SUBJECT_V3_b5b749e0dafb8856f14e1dbf,109,MYOLEG_V3_K0109,0.9997878677259529,1.000177847576167,1.0038817726982328,0.993999636868882,LEG_0_NOMINAL
32.20416310882092,1.0025786655612576,-0.005,-0.02,SUBJECT_V3_6378b0574acb992e4bbec3e3,110,MYOLEG_V3_K0110,0.999860604512289,1.000177847576167,1.0025786655612576,0.993999636868882,LEG_0_NOMINAL
32.20296148401129,1.0012839976118537,-0.0025,-0.02,SUBJECT_V3_b321220b125f095576b7f27c,111,MYOLEG_V3_K0111,0.9999320332151755,1.000177847576167,1.0012839976118537,0.993999636868882,LEG_0_NOMINAL
32.2017597201065,1.000177847576167,0.0,-0.02,SUBJECT_V3_5fcfd59d1fc5dd3b8872474f,112,MYOLEG_V3_K0112,1.0000021484052202,1.000177847576167,0.9999978351614803,0.993999636868882,LEG_0_NOMINAL
32.20057883192497,1.000177847576167,0.0025,-0.02,SUBJECT_V3_07399d820bcccba3c142d627,113,MYOLEG_V3_K0113,1.0000712055917576,1.000177847576167,0.9987311369437473,0.993999636868882,LEG_0_NOMINAL
32.19937993114965,1.000177847576167,0.005,-0.02,SUBJECT_V3_4d3f47fbbf65945a71b9df13,114,MYOLEG_V3_K0114,1.00013893394607,1.000177847576167,0.9974621536176823,0.993999636868882,LEG_0_NOMINAL
32.198180733757624,1.0002053281719585,0.0075,-0.02,SUBJECT_V3_470b7bdf71cc5497520fba1c,115,MYOLEG_V3_K0115,1.0002053281719585,1.000177847576167,0.9962018451813773,0.993999636868882,LEG_0_NOMINAL
32.19698145843717,1.0002704032668155,0.01,-0.02,SUBJECT_V3_3a29b6aace71ccc31ed68c7b,116,MYOLEG_V3_K0116,1.0002704032668155,1.000177847576167,0.994950263723556,0.993999636868882,LEG_0_NOMINAL
32.19578450092947,1.0003343825627784,0.0125,-0.02,SUBJECT_V3_3f2f6bc8bb7bef10f31fa7e7,117,MYOLEG_V3_K0117,1.0003343825627784,1.000177847576167,0.993707165638869,0.993999636868882,LEG_0_NOMINAL
32.194584598571666,1.0003967808298175,0.015,-0.02,SUBJECT_V3_ed52f0c1fc081ff0687ee6c4,118,MYOLEG_V3_K0118,1.0003967808298175,1.000177847576167,0.9924731551865336,0.993999636868882,LEG_0_NOMINAL
32.19338550121298,1.0004579224561794,0.0175,-0.02,SUBJECT_V3_bded7f5c3b4b164adb878319,119,MYOLEG_V3_K0119,1.0004579224561794,1.000177847576167,0.9912480300037217,0.993999636868882,LEG_0_NOMINAL
32.19219423057711,1.0005183953159156,0.02,-0.02,SUBJECT_V3_eb20d548633a38ccbd208752,120,MYOLEG_V3_K0120,1.0005183953159156,1.000177847576167,0.9900315312498769,0.993999636868882,LEG_0_NOMINAL
32.1909951755702,1.0005768252197094,0.0225,-0.02,SUBJECT_V3_dfc318710656d12cbbd3c855,121,MYOLEG_V3_K0121,1.0005768252197094,1.000177847576167,0.9888248777906783,0.993999636868882,LEG_0_NOMINAL
32.189793524877935,1.0006338599693343,0.025,-0.02,SUBJECT_V3_abeb7d824860ca05d80a79b7,122,MYOLEG_V3_K0122,1.0006338599693343,1.000177847576167,0.9876261989862162,0.993999636868882,LEG_0_NOMINAL
32.18859605589481,1.0006899658437316,0.0275,-0.02,SUBJECT_V3_76e59ed47803154f29d2628d,123,MYOLEG_V3_K0123,1.0006899658437316,1.000177847576167,0.9864360432721867,0.993999636868882,LEG_0_NOMINAL
32.18740653510781,1.0007454122563846,0.03,-0.02,SUBJECT_V3_a11eadc5c754d4d4cd0bf2db,124,MYOLEG_V3_K0124,1.0007454122563846,1.000177847576167,0.9852546483756783,0.993999636868882,LEG_0_NOMINAL
32.21775374946625,1.0159773057335362,-0.03,-0.0175,SUBJECT_V3_0d287810ffbd11d6ee7b1643,125,MYOLEG_V3_K0125,0.9990775988961,1.0001569299149786,1.0159773057335362,0.9947613519548771,LEG_0_NOMINAL
32.21655906034018,1.0146011551181837,-0.0275,-0.0175,SUBJECT_V3_69ce5b94df6f716b45cecf47,126,MYOLEG_V3_K0126,0.9991623806578868,1.0001569299149786,1.0146011551181837,0.9947613519548771,LEG_0_NOMINAL
32.21535044016272,1.0132330897182888,-0.025,-0.0175,SUBJECT_V3_9488202f238897a20c4e8533,127,MYOLEG_V3_K0127,0.9992447740756416,1.0001569299149786,1.0132330897182888,0.9947613519548771,LEG_0_NOMINAL
32.21414687489253,1.011873213547599,-0.0225,-0.0175,SUBJECT_V3_b8f3ae1aaa09e8c3f45baa59,128,MYOLEG_V3_K0128,0.9993262626135273,1.0001569299149786,1.011873213547599,0.9947613519548771,LEG_0_NOMINAL
32.21292772943472,1.010521935741288,-0.02,-0.0175,SUBJECT_V3_2e2709b1b398b3002673f9c5,129,MYOLEG_V3_K0129,0.9994051764914429,1.0001569299149786,1.010521935741288,0.9947613519548771,LEG_0_NOMINAL
32.21172665208468,1.0091770823832436,-0.0175,-0.0175,SUBJECT_V3_d594f41848cf631c86ac5bdd,130,MYOLEG_V3_K0130,0.9994844449470401,1.0001569299149786,1.0091770823832436,0.9947613519548771,LEG_0_NOMINAL
32.21052306098428,1.0078408966976482,-0.015,-0.0175,SUBJECT_V3_c3f2fad65655d9695680fa79,131,MYOLEG_V3_K0131,0.9995621652264897,1.0001569299149786,1.0078408966976482,0.9947613519548771,LEG_0_NOMINAL
32.209321519345416,1.0065128759880575,-0.0125,-0.0175,SUBJECT_V3_bdaaf48a0d6dafbca3b6c5fe,132,MYOLEG_V3_K0132,0.9996387652540365,1.0001569299149786,1.0065128759880575,0.9947613519548771,LEG_0_NOMINAL
32.208116652440125,1.005193418552114,-0.01,-0.0175,SUBJECT_V3_5e64f181e15acc8c6f140d04,133,MYOLEG_V3_K0133,0.9997137761364514,1.0001569299149786,1.005193418552114,0.9947613519548771,LEG_0_NOMINAL
32.20691570205831,1.0038817726982328,-0.0075,-0.0175,SUBJECT_V3_b9fb511f9f0fe7166353f628,134,MYOLEG_V3_K0134,0.9997878677259529,1.0001569299149786,1.0038817726982328,0.9947613519548771,LEG_0_NOMINAL
32.20571425604695,1.0025786655612576,-0.005,-0.0175,SUBJECT_V3_5ff0da18fcbba4cb188942ad,135,MYOLEG_V3_K0135,0.999860604512289,1.0001569299149786,1.0025786655612576,0.9947613519548771,LEG_0_NOMINAL
32.20451268911421,1.0012839976118537,-0.0025,-0.0175,SUBJECT_V3_1b7e83a69b17122b97806b4b,136,MYOLEG_V3_K0136,0.9999320332151755,1.0001569299149786,1.0012839976118537,0.9947613519548771,LEG_0_NOMINAL
32.20331098309734,1.0001569299149786,0.0,-0.0175,SUBJECT_V3_b89f554f1f9e0a106f743fbf,137,MYOLEG_V3_K0137,1.0000021484052202,1.0001569299149786,0.9999978351614803,0.9947613519548771,LEG_0_NOMINAL
32.20213015180236,1.0001569299149786,0.0025,-0.0175,SUBJECT_V3_73671ea584004f3b948350d1,138,MYOLEG_V3_K0138,1.0000712055917576,1.0001569299149786,0.9987311369437473,0.9947613519548771,LEG_0_NOMINAL
32.20093130878557,1.0001569299149786,0.005,-0.0175,SUBJECT_V3_46dd630e78146ad6f0e67322,139,MYOLEG_V3_K0139,1.00013893394607,1.0001569299149786,0.9974621536176823,0.9947613519548771,LEG_0_NOMINAL
32.19973216917067,1.0002053281719585,0.0075,-0.0175,SUBJECT_V3_df759be6805499955c6442ba,140,MYOLEG_V3_K0140,1.0002053281719585,1.0001569299149786,0.9962018451813773,0.9947613519548771,LEG_0_NOMINAL
32.19853295163541,1.0002704032668155,0.01,-0.0175,SUBJECT_V3_6ae36d7038759cdef8e0a981,141,MYOLEG_V3_K0141,1.0002704032668155,1.0001569299149786,0.994950263723556,0.9947613519548771,LEG_0_NOMINAL
32.19733605180551,1.0003343825627784,0.0125,-0.0175,SUBJECT_V3_dba2019cc7c0f83c4a7e6c76,142,MYOLEG_V3_K0142,1.0003343825627784,1.0001569299149786,0.993707165638869,0.9947613519548771,LEG_0_NOMINAL
32.1961362072717,1.0003967808298175,0.015,-0.0175,SUBJECT_V3_0f024b1e2b4e4b2e70b96c00,143,MYOLEG_V3_K0143,1.0003967808298175,1.0001569299149786,0.9924731551865336,0.9947613519548771,LEG_0_NOMINAL
32.194937167702534,1.0004579224561794,0.0175,-0.0175,SUBJECT_V3_42aa221683f5f7c9aae20ef7,144,MYOLEG_V3_K0144,1.0004579224561794,1.0001569299149786,0.9912480300037217,0.9947613519548771,LEG_0_NOMINAL
32.193745954483234,1.0005183953159156,0.02,-0.0175,SUBJECT_V3_1a7881c386a10ee815f2604b,145,MYOLEG_V3_K0145,1.0005183953159156,1.0001569299149786,0.9900315312498769,0.9947613519548771,LEG_0_NOMINAL
32.19254695727239,1.0005768252197094,0.0225,-0.0175,SUBJECT_V3_7f1b009479e32ff7f4feea68,146,MYOLEG_V3_K0146,1.0005768252197094,1.0001569299149786,0.9888248777906783,0.9947613519548771,LEG_0_NOMINAL
32.191345364505615,1.0006338599693343,0.025,-0.0175,SUBJECT_V3_9604efcb45aa0c5beb850890,147,MYOLEG_V3_K0147,1.0006338599693343,1.0001569299149786,0.9876261989862162,0.9947613519548771,LEG_0_NOMINAL
32.190147953250715,1.0006899658437316,0.0275,-0.0175,SUBJECT_V3_ed9ceec8add6b3b163e97db3,148,MYOLEG_V3_K0148,1.0006899658437316,1.0001569299149786,0.9864360432721867,0.9947613519548771,LEG_0_NOMINAL
32.18895848981301,1.0007454122563846,0.03,-0.0175,SUBJECT_V3_0e9f6b5caa26918b9cba2a83,149,MYOLEG_V3_K0149,1.0007454122563846,1.0001569299149786,0.9852546483756783,0.9947613519548771,LEG_0_NOMINAL
32.21929335679346,1.0159773057335362,-0.03,-0.015,SUBJECT_V3_068f79542479a8c2c388cd2b,150,MYOLEG_V3_K0150,0.9990775988961,1.000135804342918,1.0159773057335362,0.995519351140657,LEG_0_NOMINAL
32.218098724758036,1.0146011551181837,-0.0275,-0.015,SUBJECT_V3_f4662aea8f6ed5cecc48c0fc,151,MYOLEG_V3_K0151,0.9991623806578868,1.000135804342918,1.0146011551181837,0.995519351140657,LEG_0_NOMINAL
32.21689016234126,1.0132330897182888,-0.025,-0.015,SUBJECT_V3_b856fb4f521a2178989582f5,152,MYOLEG_V3_K0152,0.9992447740756416,1.000135804342918,1.0132330897182888,0.995519351140657,LEG_0_NOMINAL
32.21568665459447,1.011873213547599,-0.0225,-0.015,SUBJECT_V3_dff468cc0fbb7d577b76d8bc,153,MYOLEG_V3_K0153,0.9993262626135273,1.000135804342918,1.011873213547599,0.995519351140657,LEG_0_NOMINAL
32.214467567409095,1.010521935741288,-0.02,-0.015,SUBJECT_V3_0966dcd7da4d52cad7534b59,154,MYOLEG_V3_K0154,0.9994051764914429,1.000135804342918,1.010521935741288,0.995519351140657,LEG_0_NOMINAL
32.21326654747219,1.0091770823832436,-0.0175,-0.015,SUBJECT_V3_3fd65ad772fa6d9240809591,155,MYOLEG_V3_K0155,0.9994844449470401,1.000135804342918,1.0091770823832436,0.995519351140657,LEG_0_NOMINAL
32.21206301390938,1.0078408966976482,-0.015,-0.015,SUBJECT_V3_a9c28b2413760301932c9c64,156,MYOLEG_V3_K0156,0.9995621652264897,1.000135804342918,1.0078408966976482,0.995519351140657,LEG_0_NOMINAL
32.21086152971442,1.0065128759880575,-0.0125,-0.015,SUBJECT_V3_a25e82c6485427d96415a626,157,MYOLEG_V3_K0157,0.9996387652540365,1.000135804342918,1.0065128759880575,0.995519351140657,LEG_0_NOMINAL
32.209656720416305,1.005193418552114,-0.01,-0.015,SUBJECT_V3_b43a8fe8bf224deee8b5160b,158,MYOLEG_V3_K0158,0.9997137761364514,1.000135804342918,1.005193418552114,0.995519351140657,LEG_0_NOMINAL
32.20845582745871,1.0038817726982328,-0.0075,-0.015,SUBJECT_V3_3c90b27913733aa2ba114933,159,MYOLEG_V3_K0159,0.9997878677259529,1.000135804342918,1.0038817726982328,0.995519351140657,LEG_0_NOMINAL
32.20725443889955,1.0025786655612576,-0.005,-0.015,SUBJECT_V3_182ed93f55741dfbed653ded,160,MYOLEG_V3_K0160,0.999860604512289,1.000135804342918,1.0025786655612576,0.995519351140657,LEG_0_NOMINAL
32.20605292942906,1.0012839976118537,-0.0025,-0.015,SUBJECT_V3_f11ce20c0bd8816babba04bb,161,MYOLEG_V3_K0161,0.9999320332151755,1.000135804342918,1.0012839976118537,0.995519351140657,LEG_0_NOMINAL
32.2048512808854,1.000135804342918,0.0,-0.015,SUBJECT_V3_65fc5f16dea13ba03c62b1c6,162,MYOLEG_V3_K0162,1.0000021484052202,1.000135804342918,0.9999978351614803,0.995519351140657,LEG_0_NOMINAL
32.20367050606944,1.000135804342918,0.0025,-0.015,SUBJECT_V3_c842f6b6a81ea29bc9940950,163,MYOLEG_V3_K0163,1.0000712055917576,1.000135804342918,0.9987311369437473,0.995519351140657,LEG_0_NOMINAL
32.20247172039741,1.00013893394607,0.005,-0.015,SUBJECT_V3_b354810bf063c6e2de67c5a8,164,MYOLEG_V3_K0164,1.00013893394607,1.000135804342918,0.9974621536176823,0.995519351140657,LEG_0_NOMINAL
32.20127263814573,1.0002053281719585,0.0075,-0.015,SUBJECT_V3_3f4d4998143469198a415ff5,165,MYOLEG_V3_K0165,1.0002053281719585,1.000135804342918,0.9962018451813773,0.995519351140657,LEG_0_NOMINAL
32.20007347798168,1.0002704032668155,0.01,-0.015,SUBJECT_V3_6f15b4fd57dff9684119d62a,166,MYOLEG_V3_K0166,1.0002704032668155,1.000135804342918,0.994950263723556,0.995519351140657,LEG_0_NOMINAL
32.198876635416376,1.0003343825627784,0.0125,-0.015,SUBJECT_V3_30da9bd2d09f153cd08bd9d0,167,MYOLEG_V3_K0167,1.0003343825627784,1.000135804342918,0.993707165638869,0.995519351140657,LEG_0_NOMINAL
32.19767684829233,1.0003967808298175,0.015,-0.015,SUBJECT_V3_4b678c49a217e4dffa3f903c,168,MYOLEG_V3_K0168,1.0003967808298175,1.000135804342918,0.9924731551865336,0.995519351140657,LEG_0_NOMINAL
32.19647786609868,1.0004579224561794,0.0175,-0.015,SUBJECT_V3_68735586b70f2cac22444d58,169,MYOLEG_V3_K0169,1.0004579224561794,1.000135804342918,0.9912480300037217,0.995519351140657,LEG_0_NOMINAL
32.19528670988463,1.0005183953159156,0.02,-0.015,SUBJECT_V3_684be0fc33dca6cf5d4c887d,170,MYOLEG_V3_K0170,1.0005183953159156,1.000135804342918,0.9900315312498769,0.995519351140657,LEG_0_NOMINAL
32.194087770055795,1.0005768252197094,0.0225,-0.015,SUBJECT_V3_839f12d1aa61d439db6840c6,171,MYOLEG_V3_K0171,1.0005768252197094,1.000135804342918,0.9888248777906783,0.995519351140657,LEG_0_NOMINAL
32.19288623479954,1.0006338599693343,0.025,-0.015,SUBJECT_V3_1a16fe3244ea30ef6a6eac75,172,MYOLEG_V3_K0172,1.0006338599693343,1.000135804342918,0.9876261989862162,0.995519351140657,LEG_0_NOMINAL
32.19168888085929,1.0006899658437316,0.0275,-0.015,SUBJECT_V3_6bb8140e050e9bb6baef8211,173,MYOLEG_V3_K0173,1.0006899658437316,1.000135804342918,0.9864360432721867,0.995519351140657,LEG_0_NOMINAL
32.19049947436003,1.0007454122563846,0.03,-0.015,SUBJECT_V3_02b0622db55d97aa8f0a6940,174,MYOLEG_V3_K0174,1.0007454122563846,1.000135804342918,0.9852546483756783,0.995519351140657,LEG_0_NOMINAL
32.22082031578896,1.0159773057335362,-0.03,-0.0125,SUBJECT_V3_66a119b5cd0eefb1e0aad206,175,MYOLEG_V3_K0175,0.9990775988961,1.000114257873301,1.0159773057335362,0.9962742828383065,LEG_0_NOMINAL
32.219625740369786,1.0146011551181837,-0.0275,-0.0125,SUBJECT_V3_cbef35b34ea21fcb7389f66b,176,MYOLEG_V3_K0176,0.9991623806578868,1.000114257873301,1.0146011551181837,0.9962742828383065,LEG_0_NOMINAL
32.21841723523371,1.0132330897182888,-0.025,-0.0125,SUBJECT_V3_5cf14e1089bef6f5fed443e5,177,MYOLEG_V3_K0177,0.9992447740756416,1.000114257873301,1.0132330897182888,0.9962742828383065,LEG_0_NOMINAL
32.21721378453233,1.011873213547599,-0.0225,-0.0125,SUBJECT_V3_c23381cc470aa14e3aa2e98b,178,MYOLEG_V3_K0178,0.9993262626135273,1.000114257873301,1.011873213547599,0.9962742828383065,LEG_0_NOMINAL
32.21599475513516,1.010521935741288,-0.02,-0.0125,SUBJECT_V3_2d20d3d1036b22af51180411,179,MYOLEG_V3_K0179,0.9994051764914429,1.000114257873301,1.010521935741288,0.9962742828383065,LEG_0_NOMINAL
32.214793792134294,1.0091770823832436,-0.0175,-0.0125,SUBJECT_V3_c23aef57bc37834bfffbe006,180,MYOLEG_V3_K0180,0.9994844449470401,1.000114257873301,1.0091770823832436,0.9962742828383065,LEG_0_NOMINAL
32.21359031563095,1.0078408966976482,-0.015,-0.0125,SUBJECT_V3_60f64fb8bde2c5a4a7774685,181,MYOLEG_V3_K0181,0.9995621652264897,1.000114257873301,1.0078408966976482,0.9962742828383065,LEG_0_NOMINAL
32.21238888840255,1.0065128759880575,-0.0125,-0.0125,SUBJECT_V3_8acb8fbcd162a4db612d46a5,182,MYOLEG_V3_K0182,0.9996387652540365,1.000114257873301,1.0065128759880575,0.9962742828383065,LEG_0_NOMINAL
32.21118413623291,1.005193418552114,-0.01,-0.0125,SUBJECT_V3_d81afe94ff985bc8c2a6933b,183,MYOLEG_V3_K0183,0.9997137761364514,1.000114257873301,1.005193418552114,0.9962742828383065,LEG_0_NOMINAL
32.20998330022235,1.0038817726982328,-0.0075,-0.0125,SUBJECT_V3_81e234e5fa5f96afa4882546,184,MYOLEG_V3_K0184,0.9997878677259529,1.000114257873301,1.0038817726982328,0.9962742828383065,LEG_0_NOMINAL
32.208781968637965,1.0025786655612576,-0.005,-0.0125,SUBJECT_V3_15089981184968ad89199774,185,MYOLEG_V3_K0185,0.999860604512289,1.000114257873301,1.0025786655612576,0.9962742828383065,LEG_0_NOMINAL
32.207580516152255,1.0012839976118537,-0.0025,-0.0125,SUBJECT_V3_e98b1c184791fdf881527118,186,MYOLEG_V3_K0186,0.9999320332151755,1.000114257873301,1.0012839976118537,0.9962742828383065,LEG_0_NOMINAL
32.2063789246042,1.000114257873301,0.0,-0.0125,SUBJECT_V3_ac1a8ca1969300daf534c060,187,MYOLEG_V3_K0187,1.0000021484052202,1.000114257873301,0.9999978351614803,0.9962742828383065,LEG_0_NOMINAL
32.20519820579794,1.000114257873301,0.0025,-0.0125,SUBJECT_V3_f25fd2ba4a3c3b0bf59d6997,188,MYOLEG_V3_K0188,1.0000712055917576,1.000114257873301,0.9987311369437473,0.9962742828383065,LEG_0_NOMINAL
32.203999476994134,1.00013893394607,0.005,-0.0125,SUBJECT_V3_d6fc4e3d1f7999bd85fc0085,189,MYOLEG_V3_K0189,1.00013893394607,1.000114257873301,0.9974621536176823,0.9962742828383065,LEG_0_NOMINAL
32.202800451628995,1.0002053281719585,0.0075,-0.0125,SUBJECT_V3_8a99e7392781aada22a5b46d,190,MYOLEG_V3_K0190,1.0002053281719585,1.000114257873301,0.9962018451813773,0.9962742828383065,LEG_0_NOMINAL
32.20160134835942,1.0002704032668155,0.01,-0.0125,SUBJECT_V3_3da7a42f857092b623bf2e43,191,MYOLEG_V3_K0191,1.0002704032668155,1.000114257873301,0.994950263723556,0.9962742828383065,LEG_0_NOMINAL
32.200404562582854,1.0003343825627784,0.0125,-0.0125,SUBJECT_V3_f01524647ef395fde4fbd445,192,MYOLEG_V3_K0192,1.0003343825627784,1.000114257873301,0.993707165638869,0.9962742828383065,LEG_0_NOMINAL
32.199204832391494,1.0003967808298175,0.015,-0.0125,SUBJECT_V3_fe9452eb36adc0952eaac989,193,MYOLEG_V3_K0193,1.0003967808298175,1.000114257873301,0.9924731551865336,0.9962742828383065,LEG_0_NOMINAL
32.19800590709657,1.0004579224561794,0.0175,-0.0125,SUBJECT_V3_994cd28e98d0b98e7c452eaa,194,MYOLEG_V3_K0194,1.0004579224561794,1.000114257873301,0.9912480300037217,0.9962742828383065,LEG_0_NOMINAL
32.196814807414064,1.0005183953159156,0.02,-0.0125,SUBJECT_V3_59c4ec004889e5a24570e456,195,MYOLEG_V3_K0195,1.0005183953159156,1.000114257873301,0.9900315312498769,0.9962742828383065,LEG_0_NOMINAL
32.195615924490404,1.0005768252197094,0.0225,-0.0125,SUBJECT_V3_f65ab8a452e46ac5c117373b,196,MYOLEG_V3_K0196,1.0005768252197094,1.000114257873301,0.9888248777906783,0.9962742828383065,LEG_0_NOMINAL
32.19441444626675,1.0006338599693343,0.025,-0.0125,SUBJECT_V3_de1c1b4d550cc2f691261545,197,MYOLEG_V3_K0197,1.0006338599693343,1.000114257873301,0.9876261989862162,0.9962742828383065,LEG_0_NOMINAL
32.19321714916487,1.0006899658437316,0.0275,-0.0125,SUBJECT_V3_16e41798a1e11fcde9f3d5b5,198,MYOLEG_V3_K0198,1.0006899658437316,1.000114257873301,0.9864360432721867,0.9962742828383065,LEG_0_NOMINAL
32.192027799130905,1.0007454122563846,0.03,-0.0125,SUBJECT_V3_90459ce91ded5b12a7b3a949,199,MYOLEG_V3_K0199,1.0007454122563846,1.000114257873301,0.9852546483756783,0.9962742828383065,LEG_0_NOMINAL
32.222334645274394,1.0159773057335362,-0.03,-0.01,SUBJECT_V3_6c5c248ddd21ac9d37411ef7,200,MYOLEG_V3_K0200,0.9990775988961,1.0000923553943983,1.0159773057335362,0.9970257569153611,LEG_0_NOMINAL
32.22114012599789,1.0146011551181837,-0.0275,-0.01,SUBJECT_V3_0c745a468b47be5cfaed6b2a,201,MYOLEG_V3_K0201,0.9991623806578868,1.0000923553943983,1.0146011551181837,0.9970257569153611,LEG_0_NOMINAL
32.21993167766338,1.0132330897182888,-0.025,-0.01,SUBJECT_V3_575eae9f82b6eb3b3e1d6c73,202,MYOLEG_V3_K0202,0.9992447740756416,1.0000923553943983,1.0132330897182888,0.9970257569153611,LEG_0_NOMINAL
32.218728283530254,1.011873213547599,-0.0225,-0.01,SUBJECT_V3_65a88c49c56b4f9b5bbc5a2b,203,MYOLEG_V3_K0203,0.9993262626135273,1.0000923553943983,1.011873213547599,0.9970257569153611,LEG_0_NOMINAL
32.21750931143791,1.010521935741288,-0.02,-0.01,SUBJECT_V3_6f94eb0f112b3bb41ea2c594,204,MYOLEG_V3_K0204,0.9994051764914429,1.0000923553943983,1.010521935741288,0.9970257569153611,LEG_0_NOMINAL
32.216308404896836,1.0091770823832436,-0.0175,-0.01,SUBJECT_V3_9689b5205d858dbd84c0640a,205,MYOLEG_V3_K0205,0.9994844449470401,1.0000923553943983,1.0091770823832436,0.9970257569153611,LEG_0_NOMINAL
32.21510498497567,1.0078408966976482,-0.015,-0.01,SUBJECT_V3_29aa50992e36fbe5bb1c3598,206,MYOLEG_V3_K0206,0.9995621652264897,1.0000923553943983,1.0078408966976482,0.9970257569153611,LEG_0_NOMINAL
32.21390361423732,1.0065128759880575,-0.0125,-0.01,SUBJECT_V3_1234b721980b7ca6228edc65,207,MYOLEG_V3_K0207,0.9996387652540365,1.0000923553943983,1.0065128759880575,0.9970257569153611,LEG_0_NOMINAL
32.212698918718296,1.005193418552114,-0.01,-0.01,SUBJECT_V3_28d269c68760d0d26c3ac484,208,MYOLEG_V3_K0208,0.9997137761364514,1.0000923553943983,1.005193418552114,0.9970257569153611,LEG_0_NOMINAL
32.21149813917841,1.0038817726982328,-0.0075,-0.01,SUBJECT_V3_126149fe61f1a416df9dba63,209,MYOLEG_V3_K0209,0.9997878677259529,1.0000923553943983,1.0038817726982328,0.9970257569153611,LEG_0_NOMINAL
32.210296864092236,1.0025786655612576,-0.005,-0.01,SUBJECT_V3_787115b37e77d87680434b07,210,MYOLEG_V3_K0210,0.999860604512289,1.0000923553943983,1.0025786655612576,0.9970257569153611,LEG_0_NOMINAL
32.209095468114626,1.0012839976118537,-0.0025,-0.01,SUBJECT_V3_d4ef75a64f1dbd6b1d4869c5,211,MYOLEG_V3_K0211,0.9999320332151755,1.0000923553943983,1.0012839976118537,0.9970257569153611,LEG_0_NOMINAL
32.20789393308544,1.0000923553943983,0.0,-0.01,SUBJECT_V3_cf031e4dc9288775a3a91480,212,MYOLEG_V3_K0212,1.0000021484052202,1.0000923553943983,0.9999978351614803,0.9970257569153611,LEG_0_NOMINAL
32.206713269820355,1.0000923553943983,0.0025,-0.01,SUBJECT_V3_87735a6f56b56f8933c3eeff,213,MYOLEG_V3_K0213,1.0000712055917576,1.0000923553943983,0.9987311369437473,0.9970257569153611,LEG_0_NOMINAL
32.205514597409106,1.00013893394607,0.005,-0.01,SUBJECT_V3_cdf44492778bc0edb26e0785,214,MYOLEG_V3_K0214,1.00013893394607,1.0000923553943983,0.9974621536176823,0.9970257569153611,LEG_0_NOMINAL
32.20431562845466,1.0002053281719585,0.0075,-0.01,SUBJECT_V3_24ed3b9df3fc9063c64d683a,215,MYOLEG_V3_K0215,1.0002053281719585,1.0000923553943983,0.9962018451813773,0.9970257569153611,LEG_0_NOMINAL
32.20311658160364,1.0002704032668155,0.01,-0.01,SUBJECT_V3_ffc0727e7a71ec02fb6b43fd,216,MYOLEG_V3_K0216,1.0002704032668155,1.0000923553943983,0.994950263723556,0.9970257569153611,LEG_0_NOMINAL
32.20191985214078,1.0003343825627784,0.0125,-0.01,SUBJECT_V3_c9f9c7db06e1b6c9ba6d2730,217,MYOLEG_V3_K0217,1.0003343825627784,1.0000923553943983,0.993707165638869,0.9970257569153611,LEG_0_NOMINAL
32.20072017840589,1.0003967808298175,0.015,-0.01,SUBJECT_V3_8f1f13aed258518de7a5e6ef,218,MYOLEG_V3_K0218,1.0003967808298175,1.0000923553943983,0.9924731551865336,0.9970257569153611,LEG_0_NOMINAL
32.19952130953375,1.0004579224561794,0.0175,-0.01,SUBJECT_V3_53fb161bab49ad1d29cab89d,219,MYOLEG_V3_K0219,1.0004579224561794,1.0000923553943983,0.9912480300037217,0.9970257569153611,LEG_0_NOMINAL
32.1983302659099,1.0005183953159156,0.02,-0.01,SUBJECT_V3_153d2c2a608fe97d3d48f194,220,MYOLEG_V3_K0220,1.0005183953159156,1.0000923553943983,0.9900315312498769,0.9970257569153611,LEG_0_NOMINAL
32.19713143941541,1.0005768252197094,0.0225,-0.01,SUBJECT_V3_8ddbb02d40caaa1158964912,221,MYOLEG_V3_K0221,1.0005768252197094,1.0000923553943983,0.9888248777906783,0.9970257569153611,LEG_0_NOMINAL
32.195930017747294,1.0006338599693343,0.025,-0.01,SUBJECT_V3_a1351a8b3a35f51e12ce3660,222,MYOLEG_V3_K0222,1.0006338599693343,1.0000923553943983,0.9876261989862162,0.9970257569153611,LEG_0_NOMINAL
32.19473277700834,1.0006899658437316,0.0275,-0.01,SUBJECT_V3_7a08e22ad1a81e2e7a713e4b,223,MYOLEG_V3_K0223,1.0006899658437316,1.0000923553943983,0.9864360432721867,0.9970257569153611,LEG_0_NOMINAL
32.19354348296734,1.0007454122563846,0.03,-0.01,SUBJECT_V3_d200a63c39a19aabfafc4805,224,MYOLEG_V3_K0224,1.0007454122563846,1.0000923553943983,0.9852546483756783,0.9970257569153611,LEG_0_NOMINAL
32.22383803842897,1.0159773057335362,-0.03,-0.0075,SUBJECT_V3_bcc0533a9aab62e783cfa67e,225,MYOLEG_V3_K0225,0.9990775988961,1.0000702398697154,1.0159773057335362,0.9977735782725157,LEG_0_NOMINAL
32.22264357488446,1.0146011551181837,-0.0275,-0.0075,SUBJECT_V3_dae35593aa5460adff50f14c,226,MYOLEG_V3_K0226,0.9991623806578868,1.0000702398697154,1.0146011551181837,0.9977735782725157,LEG_0_NOMINAL
32.22143518293603,1.0132330897182888,-0.025,-0.0075,SUBJECT_V3_0cbade9e16084aa6dde4f0b2,227,MYOLEG_V3_K0227,0.9992447740756416,1.0000702398697154,1.0132330897182888,0.9977735782725157,LEG_0_NOMINAL
32.22023184495734,1.011873213547599,-0.0225,-0.0075,SUBJECT_V3_3c95b33635541b8ebab50eec,228,MYOLEG_V3_K0228,0.9993262626135273,1.0000702398697154,1.011873213547599,0.9977735782725157,LEG_0_NOMINAL
32.21901292975065,1.010521935741288,-0.02,-0.0075,SUBJECT_V3_a8a9fca7cff388e3b20343b7,229,MYOLEG_V3_K0229,0.9994051764914429,1.0000702398697154,1.010521935741288,0.9977735782725157,LEG_0_NOMINAL
32.21781207925637,1.0091770823832436,-0.0175,-0.0075,SUBJECT_V3_eb8b7dc941bd62f09c35dfed,230,MYOLEG_V3_K0230,0.9994844449470401,1.0000702398697154,1.0091770823832436,0.9977735782725157,LEG_0_NOMINAL
32.21660871550349,1.0078408966976482,-0.015,-0.0075,SUBJECT_V3_988c2cf7d9db7ad1c69ce842,231,MYOLEG_V3_K0231,0.9995621652264897,1.0000702398697154,1.0078408966976482,0.9977735782725157,LEG_0_NOMINAL
32.21540740084197,1.0065128759880575,-0.0125,-0.0075,SUBJECT_V3_f9c414301b98a78714dd896c,232,MYOLEG_V3_K0232,0.9996387652540365,1.0000702398697154,1.0065128759880575,0.9977735782725157,LEG_0_NOMINAL
32.214202761559164,1.005193418552114,-0.01,-0.0075,SUBJECT_V3_72dcc646ed19724bd829ceca,233,MYOLEG_V3_K0233,0.9997137761364514,1.0000702398697154,1.005193418552114,0.9977735782725157,LEG_0_NOMINAL
32.21300203807689,1.0038817726982328,-0.0075,-0.0075,SUBJECT_V3_e8701622861c5410f91a0255,234,MYOLEG_V3_K0234,0.9997878677259529,1.0000702398697154,1.0038817726982328,0.9977735782725157,LEG_0_NOMINAL
32.211800819075634,1.0025786655612576,-0.005,-0.0075,SUBJECT_V3_040e4f47768502d21b12ac64,235,MYOLEG_V3_K0235,0.999860604512289,1.0000702398697154,1.0025786655612576,0.9977735782725157,LEG_0_NOMINAL
32.21059947919277,1.0012839976118537,-0.0025,-0.0075,SUBJECT_V3_273caff4cf448a23fd974858,236,MYOLEG_V3_K0236,0.9999320332151755,1.0000702398697154,1.0012839976118537,0.9977735782725157,LEG_0_NOMINAL
32.209398000269005,1.0000702398697154,0.0,-0.0075,SUBJECT_V3_9a0dd4f30d5617d33b791f9a,237,MYOLEG_V3_K0237,1.0000021484052202,1.0000702398697154,0.9999978351614803,0.9977735782725157,LEG_0_NOMINAL
32.20821739213883,1.0000712055917576,0.0025,-0.0075,SUBJECT_V3_20b6802a7e7f88f41558ba7d,238,MYOLEG_V3_K0238,1.0000712055917576,1.0000702398697154,0.9987311369437473,0.9977735782725157,LEG_0_NOMINAL
32.2070187757076,1.00013893394607,0.005,-0.0075,SUBJECT_V3_2c6ba274f6efa4b04ac3ce52,239,MYOLEG_V3_K0239,1.00013893394607,1.0000702398697154,0.9974621536176823,0.9977735782725157,LEG_0_NOMINAL
32.205819862751206,1.0002053281719585,0.0075,-0.0075,SUBJECT_V3_2f087a5020dd052c6ccb812a,240,MYOLEG_V3_K0240,1.0002053281719585,1.0000702398697154,0.9962018451813773,0.9977735782725157,LEG_0_NOMINAL
32.204620871906044,1.0002704032668155,0.01,-0.0075,SUBJECT_V3_fb3cb9c76f5adf40f82912c5,241,MYOLEG_V3_K0241,1.0002704032668155,1.0000702398697154,0.994950263723556,0.9977735782725157,LEG_0_NOMINAL
32.20342419834496,1.0003343825627784,0.0125,-0.0075,SUBJECT_V3_d21a5a3204dfe3c53b840776,242,MYOLEG_V3_K0242,1.0003343825627784,1.0000702398697154,0.993707165638869,0.9977735782725157,LEG_0_NOMINAL
32.20222458065354,1.0003967808298175,0.015,-0.0075,SUBJECT_V3_bd9d23e3b51edee92e00b6cb,243,MYOLEG_V3_K0243,1.0003967808298175,1.0000702398697154,0.9924731551865336,0.9977735782725157,LEG_0_NOMINAL
32.20102576779146,1.0004579224561794,0.0175,-0.0075,SUBJECT_V3_9f8a820185e1599543e1378a,244,MYOLEG_V3_K0244,1.0004579224561794,1.0000702398697154,0.9912480300037217,0.9977735782725157,LEG_0_NOMINAL
32.1998347798162,1.0005183953159156,0.02,-0.0075,SUBJECT_V3_21335cc8b7f33814013bee98,245,MYOLEG_V3_K0245,1.0005183953159156,1.0000702398697154,0.9900315312498769,0.9977735782725157,LEG_0_NOMINAL
32.19863600933809,1.0005768252197094,0.0225,-0.0075,SUBJECT_V3_4ce61c84e1ecdc2ffa2b0920,246,MYOLEG_V3_K0246,1.0005768252197094,1.0000702398697154,0.9888248777906783,0.9977735782725157,LEG_0_NOMINAL
32.1974346438118,1.0006338599693343,0.025,-0.0075,SUBJECT_V3_1992e9334c778bf54e0fa4ba,247,MYOLEG_V3_K0247,1.0006338599693343,1.0000702398697154,0.9876261989862162,0.9977735782725157,LEG_0_NOMINAL
32.19623745902348,1.0006899658437316,0.0275,-0.0075,SUBJECT_V3_067dc7876c08ca94bf27bc19,248,MYOLEG_V3_K0248,1.0006899658437316,1.0000702398697154,0.9864360432721867,0.9977735782725157,LEG_0_NOMINAL
32.19504822056585,1.0007454122563846,0.03,-0.0075,SUBJECT_V3_606cbdb4a15f4bd152efce33,249,MYOLEG_V3_K0249,1.0007454122563846,1.0000702398697154,0.9852546483756783,0.9977735782725157,LEG_0_NOMINAL
32.22533027831117,1.0159773057335362,-0.03,-0.005,SUBJECT_V3_be2e8edb8a1613613cae7426,250,MYOLEG_V3_K0250,0.9990775988961,1.0000478577043335,1.0159773057335362,0.9985179994872121,LEG_0_NOMINAL
32.22413587008004,1.0146011551181837,-0.0275,-0.005,SUBJECT_V3_b45310d498d467332af60d6e,251,MYOLEG_V3_K0251,0.9991623806578868,1.0000478577043335,1.0146011551181837,0.9985179994872121,LEG_0_NOMINAL
32.222927534094175,1.0132330897182888,-0.025,-0.005,SUBJECT_V3_dccf3abc47d03f39164ff5c5,252,MYOLEG_V3_K0252,0.9992447740756416,1.0000478577043335,1.0132330897182888,0.9985179994872121,LEG_0_NOMINAL
32.221724251848165,1.011873213547599,-0.0225,-0.005,SUBJECT_V3_434d773e9a2d1526e7130b31,253,MYOLEG_V3_K0253,0.9993262626135273,1.0000478577043335,1.011873213547599,0.9985179994872121,LEG_0_NOMINAL
32.22050539309985,1.010521935741288,-0.02,-0.005,SUBJECT_V3_25b3a4a786e34686f556e94d,254,MYOLEG_V3_K0254,0.9994051764914429,1.0000478577043335,1.010521935741288,0.9985179994872121,LEG_0_NOMINAL
32.21930459823139,1.0091770823832436,-0.0175,-0.005,SUBJECT_V3_99e365b380386e84eb8c54bb,255,MYOLEG_V3_K0255,0.9994844449470401,1.0000478577043335,1.0091770823832436,0.9985179994872121,LEG_0_NOMINAL
32.218101290224915,1.0078408966976482,-0.015,-0.005,SUBJECT_V3_a95a1d6f82b41f4673100c90,256,MYOLEG_V3_K0256,0.9995621652264897,1.0000478577043335,1.0078408966976482,0.9985179994872121,LEG_0_NOMINAL
32.21690003121902,1.0065128759880575,-0.0125,-0.005,SUBJECT_V3_a5b987b21c66755eb09f2f2b,257,MYOLEG_V3_K0257,0.9996387652540365,1.0000478577043335,1.0065128759880575,0.9985179994872121,LEG_0_NOMINAL
32.21569544775004,1.005193418552114,-0.01,-0.005,SUBJECT_V3_0ccba29a9517fef264133f67,258,MYOLEG_V3_K0258,0.9997137761364514,1.0000478577043335,1.005193418552114,0.9985179994872121,LEG_0_NOMINAL
32.21449477990432,1.0038817726982328,-0.0075,-0.005,SUBJECT_V3_c430a9cbf246de8d8060aa40,259,MYOLEG_V3_K0259,0.9997878677259529,1.0000478577043335,1.0038817726982328,0.9985179994872121,LEG_0_NOMINAL
32.21329361656672,1.0025786655612576,-0.005,-0.005,SUBJECT_V3_6215b1d6402b2ccebd46f930,260,MYOLEG_V3_K0260,0.999860604512289,1.0000478577043335,1.0025786655612576,0.9985179994872121,LEG_0_NOMINAL
32.21209233235727,1.0012839976118537,-0.0025,-0.005,SUBJECT_V3_b5642b2a64394274ae1ed1ea,261,MYOLEG_V3_K0261,0.9999320332151755,1.0000478577043335,1.0012839976118537,0.9985179994872121,LEG_0_NOMINAL
32.210890909117516,1.0000478577043335,0.0,-0.005,SUBJECT_V3_13ec013ffb9c203bd63c97ad,262,MYOLEG_V3_K0262,1.0000021484052202,1.0000478577043335,0.9999978351614803,0.9985179994872121,LEG_0_NOMINAL
32.20971035570812,1.0000712055917576,0.0025,-0.005,SUBJECT_V3_740f59d7c172d97480f734b2,263,MYOLEG_V3_K0263,1.0000712055917576,1.0000478577043335,0.9987311369437473,0.9985179994872121,LEG_0_NOMINAL
32.208511794836454,1.00013893394607,0.005,-0.005,SUBJECT_V3_80256b2167044daf98abd3d1,264,MYOLEG_V3_K0264,1.00013893394607,1.0000478577043335,0.9974621536176823,0.9985179994872121,LEG_0_NOMINAL
32.20731293745749,1.0002053281719585,0.0075,-0.005,SUBJECT_V3_3b4bc94aa4149422e935cb98,265,MYOLEG_V3_K0265,1.0002053281719585,1.0000478577043335,0.9962018451813773,0.9985179994872121,LEG_0_NOMINAL
32.206114002197516,1.0002704032668155,0.01,-0.005,SUBJECT_V3_37750de62702f973810211b9,266,MYOLEG_V3_K0266,1.0002704032668155,1.0000478577043335,0.994950263723556,0.9985179994872121,LEG_0_NOMINAL
32.204917384118325,1.0003343825627784,0.0125,-0.005,SUBJECT_V3_a2522f3202337339bd6890b2,267,MYOLEG_V3_K0267,1.0003343825627784,1.0000478577043335,0.993707165638869,0.9985179994872121,LEG_0_NOMINAL
32.20371782204943,1.0003967808298175,0.015,-0.005,SUBJECT_V3_c0c3ab092c847105d0036254,268,MYOLEG_V3_K0268,1.0003967808298175,1.0000478577043335,0.9924731551865336,0.9985179994872121,LEG_0_NOMINAL
32.20251906477669,1.0004579224561794,0.0175,-0.005,SUBJECT_V3_30a88610c6996b705204c3c8,269,MYOLEG_V3_K0269,1.0004579224561794,1.0000478577043335,0.9912480300037217,0.9985179994872121,LEG_0_NOMINAL
32.20132813203204,1.0005183953159156,0.02,-0.005,SUBJECT_V3_02741dbecf5416bc15ced956,270,MYOLEG_V3_K0270,1.0005183953159156,1.0000478577043335,0.9900315312498769,0.9985179994872121,LEG_0_NOMINAL
32.200129417149554,1.0005768252197094,0.0225,-0.005,SUBJECT_V3_99a5072382f383f87f72b551,271,MYOLEG_V3_K0271,1.0005768252197094,1.0000478577043335,0.9888248777906783,0.9985179994872121,LEG_0_NOMINAL
32.198928107343406,1.0006338599693343,0.025,-0.005,SUBJECT_V3_5b026a3fa199ffc124244498,272,MYOLEG_V3_K0272,1.0006338599693343,1.0000478577043335,0.9876261989862162,0.9985179994872121,LEG_0_NOMINAL
32.19773097808545,1.0006899658437316,0.0275,-0.005,SUBJECT_V3_8f4540cff94628f6ef78c9a5,273,MYOLEG_V3_K0273,1.0006899658437316,1.0000478577043335,0.9864360432721867,0.9985179994872121,LEG_0_NOMINAL
32.196541794793696,1.0007454122563846,0.03,-0.005,SUBJECT_V3_9b6dc58e85172e17f4c5252a,274,MYOLEG_V3_K0274,1.0007454122563846,1.0000478577043335,0.9852546483756783,0.9985179994872121,LEG_0_NOMINAL
32.226811511009565,1.0159773057335362,-0.03,-0.0025,SUBJECT_V3_8a278cb951a775f4fcb43240,275,MYOLEG_V3_K0275,0.9990775988961,1.0000252330257968,1.0159773057335362,0.9992589367977572,LEG_0_NOMINAL
32.225617157678755,1.0146011551181837,-0.0275,-0.0025,SUBJECT_V3_20b00fb61ec911e20b44b34e,276,MYOLEG_V3_K0276,0.9991623806578868,1.0000252330257968,1.0146011551181837,0.9992589367977572,LEG_0_NOMINAL
32.22440887723752,1.0132330897182888,-0.025,-0.0025,SUBJECT_V3_074b0c32f306160ca16e36af,277,MYOLEG_V3_K0277,0.9992447740756416,1.0000252330257968,1.0132330897182888,0.9992589367977572,LEG_0_NOMINAL
32.223205650307975,1.011873213547599,-0.0225,-0.0025,SUBJECT_V3_c37abadf1fea562fcb27c273,278,MYOLEG_V3_K0278,0.9993262626135273,1.0000252330257968,1.011873213547599,0.9992589367977572,LEG_0_NOMINAL
32.22198684759641,1.010521935741288,-0.02,-0.0025,SUBJECT_V3_8e6d068b59c54d998929fa25,279,MYOLEG_V3_K0279,0.9994051764914429,1.0000252330257968,1.010521935741288,0.9992589367977572,LEG_0_NOMINAL
32.220786107938366,1.0091770823832436,-0.0175,-0.0025,SUBJECT_V3_a17e7c6cf7bcc6474256a8cf,280,MYOLEG_V3_K0280,0.9994844449470401,1.0000252330257968,1.0091770823832436,0.9992589367977572,LEG_0_NOMINAL
32.21958285526198,1.0078408966976482,-0.015,-0.0025,SUBJECT_V3_048897fd3fc643832870cd96,281,MYOLEG_V3_K0281,0.9995621652264897,1.0000252330257968,1.0078408966976482,0.9992589367977572,LEG_0_NOMINAL
32.21838165149609,1.0065128759880575,-0.0125,-0.0025,SUBJECT_V3_18466cbc87ae59461c3b2609,282,MYOLEG_V3_K0282,0.9996387652540365,1.0000252330257968,1.0065128759880575,0.9992589367977572,LEG_0_NOMINAL
32.21717712342412,1.005193418552114,-0.01,-0.0025,SUBJECT_V3_a1d4ba4e7be03f4c2886031b,283,MYOLEG_V3_K0283,0.9997137761364514,1.0000252330257968,1.005193418552114,0.9992589367977572,LEG_0_NOMINAL
32.21597651079946,1.0038817726982328,-0.0075,-0.0025,SUBJECT_V3_9d8f426a03632f1326996d8c,284,MYOLEG_V3_K0284,0.9997878677259529,1.0000252330257968,1.0038817726982328,0.9992589367977572,LEG_0_NOMINAL
32.214775402709826,1.0025786655612576,-0.005,-0.0025,SUBJECT_V3_8f655a090c824faf36635757,285,MYOLEG_V3_K0285,0.999860604512289,1.0000252330257968,1.0025786655612576,0.9992589367977572,LEG_0_NOMINAL
32.213574173758026,1.0012839976118537,-0.0025,-0.0025,SUBJECT_V3_76381b759651eeec079b7e95,286,MYOLEG_V3_K0286,0.9999320332151755,1.0000252330257968,1.0012839976118537,0.9992589367977572,LEG_0_NOMINAL
32.21237280578644,1.0000252330257968,0.0,-0.0025,SUBJECT_V3_d1ea503d6437234a6db811c5,287,MYOLEG_V3_K0287,1.0000021484052202,1.0000252330257968,0.9999978351614803,0.9992589367977572,LEG_0_NOMINAL
32.211192306689156,1.0000712055917576,0.0025,-0.0025,SUBJECT_V3_245092d38e2778edfcb4a118,288,MYOLEG_V3_K0288,1.0000712055917576,1.0000252330257968,0.9987311369437473,0.9992589367977572,LEG_0_NOMINAL
32.209993800962124,1.00013893394607,0.005,-0.0025,SUBJECT_V3_3cc0d227f00ad59256a13809,289,MYOLEG_V3_K0289,1.00013893394607,1.0000252330257968,0.9974621536176823,0.9992589367977572,LEG_0_NOMINAL
32.20879499874555,1.0002053281719585,0.0075,-0.0025,SUBJECT_V3_238f77b62df66c7abe1e4411,290,MYOLEG_V3_K0290,1.0002053281719585,1.0000252330257968,0.9962018451813773,0.9992589367977572,LEG_0_NOMINAL
32.20759611865566,1.0002704032668155,0.01,-0.0025,SUBJECT_V3_4b0a64dc68666f4cf9c814d0,291,MYOLEG_V3_K0291,1.0002704032668155,1.0000252330257968,0.994950263723556,0.9992589367977572,LEG_0_NOMINAL
32.206399555644005,1.0003343825627784,0.0125,-0.0025,SUBJECT_V3_e2b8bd9f22ecb99cd7eb9363,292,MYOLEG_V3_K0292,1.0003343825627784,1.0000252330257968,0.993707165638869,0.9992589367977572,LEG_0_NOMINAL
32.205200048782245,1.0003967808298175,0.015,-0.0025,SUBJECT_V3_4039042ef92290876f9db034,293,MYOLEG_V3_K0293,1.0003967808298175,1.0000252330257968,0.9924731551865336,0.9992589367977572,LEG_0_NOMINAL
32.204001346683704,1.0004579224561794,0.0175,-0.0025,SUBJECT_V3_a7afc3f68f047e777669d8ef,294,MYOLEG_V3_K0294,1.0004579224561794,1.0000252330257968,0.9912480300037217,0.9992589367977572,LEG_0_NOMINAL
32.20281046875719,1.0005183953159156,0.02,-0.0025,SUBJECT_V3_09e6932bc57d9f84e508beb4,295,MYOLEG_V3_K0295,1.0005183953159156,1.0000252330257968,0.9900315312498769,0.9992589367977572,LEG_0_NOMINAL
32.201611809055144,1.0005768252197094,0.0225,-0.0025,SUBJECT_V3_93b35086119a2129e59846a8,296,MYOLEG_V3_K0296,1.0005768252197094,1.0000252330257968,0.9888248777906783,0.9992589367977572,LEG_0_NOMINAL
32.20041055455302,1.0006338599693343,0.025,-0.0025,SUBJECT_V3_f95e1fa8aa37671a64ae004d,297,MYOLEG_V3_K0297,1.0006338599693343,1.0000252330257968,0.9876261989862162,0.9992589367977572,LEG_0_NOMINAL
32.19921348041072,1.0006899658437316,0.0275,-0.0025,SUBJECT_V3_222e7c465cccd48e1f436ef4,298,MYOLEG_V3_K0298,1.0006899658437316,1.0000252330257968,0.9864360432721867,0.9992589367977572,LEG_0_NOMINAL
32.19802435187285,1.0007454122563846,0.03,-0.0025,SUBJECT_V3_662f4e941fca39e832b3de38,299,MYOLEG_V3_K0299,1.0007454122563846,1.0000252330257968,0.9852546483756783,0.9992589367977572,LEG_0_NOMINAL
32.22828189196628,1.0159773057335362,-0.03,0.0,SUBJECT_V3_30628803fed6d9e1615d8be2,300,MYOLEG_V3_K0300,0.9990775988961,1.0000023750627736,1.0159773057335362,0.9999964029121396,LEG_0_NOMINAL
32.22708759312859,1.0146011551181837,-0.0275,0.0,SUBJECT_V3_96671fb9d7f9917ed08ebcf2,301,MYOLEG_V3_K0301,0.9991623806578868,1.0000023750627736,1.0146011551181837,0.9999964029121396,LEG_0_NOMINAL
32.22587936782001,1.0132330897182888,-0.025,0.0,SUBJECT_V3_e035e48153dbe9271a7313aa,302,MYOLEG_V3_K0302,0.9992447740756416,1.0000023750627736,1.0132330897182888,0.9999964029121396,LEG_0_NOMINAL
32.22467619579665,1.011873213547599,-0.0225,0.0,SUBJECT_V3_74a1d33714b86b8235bfb60a,303,MYOLEG_V3_K0303,0.9993262626135273,1.0000023750627736,1.011873213547599,0.9999964029121396,LEG_0_NOMINAL
32.223457448706206,1.010521935741288,-0.02,0.0,SUBJECT_V3_f121146973e59096d27d3038,304,MYOLEG_V3_K0304,0.9994051764914429,1.0000023750627736,1.010521935741288,0.9999964029121396,LEG_0_NOMINAL
32.222256763849074,1.0091770823832436,-0.0175,0.0,SUBJECT_V3_07531fc8c309a984f3291ead,305,MYOLEG_V3_K0305,0.9994844449470401,1.0000023750627736,1.0091770823832436,0.9999964029121396,LEG_0_NOMINAL
32.221053566092394,1.0078408966976482,-0.015,0.0,SUBJECT_V3_165478f1a465ac9e75c3be94,306,MYOLEG_V3_K0306,0.9995621652264897,1.0000023750627736,1.0078408966976482,0.9999964029121396,LEG_0_NOMINAL
32.21985241715677,1.0065128759880575,-0.0125,0.0,SUBJECT_V3_1796d5388b97177f8baadc90,307,MYOLEG_V3_K0307,0.9996387652540365,1.0000023750627736,1.0065128759880575,0.9999964029121396,LEG_0_NOMINAL
32.21864794407093,1.005193418552114,-0.01,0.0,SUBJECT_V3_f5dba2b51e945ec700a4c601,308,MYOLEG_V3_K0308,0.9997137761364514,1.0000023750627736,1.005193418552114,0.9999964029121396,LEG_0_NOMINAL
32.21744738625774,1.0038817726982328,-0.0075,0.0,SUBJECT_V3_b563cde61a8ef38630883fab,309,MYOLEG_V3_K0309,0.9997878677259529,1.0000023750627736,1.0038817726982328,0.9999964029121396,LEG_0_NOMINAL
32.21624633300629,1.0025786655612576,-0.005,0.0,SUBJECT_V3_9dd91d2bb7dbbcc07d0fa421,310,MYOLEG_V3_K0310,0.999860604512289,1.0000023750627736,1.0025786655612576,0.9999964029121396,LEG_0_NOMINAL
32.21504515890228,1.0012839976118537,-0.0025,0.0,SUBJECT_V3_619d45a8a7dce4a588dc128a,311,MYOLEG_V3_K0311,0.9999320332151755,1.0000023750627736,1.0012839976118537,0.9999964029121396,LEG_0_NOMINAL
32.213792487735084,1.0,0.0,0.0,SUBJECT_V3_82a48e48ffd600b6993ec90c,312,MYOLEG_V3_K0312,1.0,1.0,1.0,1.0,LEG_0_NOMINAL
32.21266340060092,1.0000712055917576,0.0025,0.0,SUBJECT_V3_83d89371eb6e61c817a37dc5,313,MYOLEG_V3_K0313,1.0000712055917576,1.0000023750627736,0.9987311369437473,0.9999964029121396,LEG_0_NOMINAL
32.211464949609514,1.00013893394607,0.005,0.0,SUBJECT_V3_8b3fdff83617020395d8f848,314,MYOLEG_V3_K0314,1.00013893394607,1.0000023750627736,0.9974621536176823,0.9999964029121396,LEG_0_NOMINAL
32.21026620214617,1.0002053281719585,0.0075,0.0,SUBJECT_V3_1e663bba19314399cc682892,315,MYOLEG_V3_K0315,1.0002053281719585,1.0000023750627736,0.9962018451813773,0.9999964029121396,LEG_0_NOMINAL
32.20906737681714,1.0002704032668155,0.01,0.0,SUBJECT_V3_489be3ec3aeeb33d48b55745,316,MYOLEG_V3_K0316,1.0002704032668155,1.0000023750627736,0.994950263723556,0.9999964029121396,LEG_0_NOMINAL
32.20787086846458,1.0003343825627784,0.0125,0.0,SUBJECT_V3_8241f0ddc1e7990440777a1a,317,MYOLEG_V3_K0317,1.0003343825627784,1.0000023750627736,0.993707165638869,0.9999964029121396,LEG_0_NOMINAL
32.20667141640047,1.0003967808298175,0.015,0.0,SUBJECT_V3_3227a748fff9c957b3e592b6,318,MYOLEG_V3_K0318,1.0003967808298175,1.0000023750627736,0.9924731551865336,0.9999964029121396,LEG_0_NOMINAL
32.205472769066894,1.0004579224561794,0.0175,0.0,SUBJECT_V3_a0b2a2e1fe60cdb7f2eb7177,319,MYOLEG_V3_K0319,1.0004579224561794,1.0000023750627736,0.9912480300037217,0.9999964029121396,LEG_0_NOMINAL
32.20428194555191,1.0005183953159156,0.02,0.0,SUBJECT_V3_613b08e3b13c185bc00e3a02,320,MYOLEG_V3_K0320,1.0005183953159156,1.0000023750627736,0.9900315312498769,0.9999964029121396,LEG_0_NOMINAL
32.20308334062102,1.0005768252197094,0.0225,0.0,SUBJECT_V3_6e4f4fe8928d6baa725ff461,321,MYOLEG_V3_K0321,1.0005768252197094,1.0000023750627736,0.9888248777906783,0.9999964029121396,LEG_0_NOMINAL
32.201882141012696,1.0006338599693343,0.025,0.0,SUBJECT_V3_55ebe3fb139b93b47bee8792,322,MYOLEG_V3_K0322,1.0006338599693343,1.0000023750627736,0.9876261989862162,0.9999964029121396,LEG_0_NOMINAL
32.20068512157725,1.0006899658437316,0.0275,0.0,SUBJECT_V3_dd308d2d871249acbb7f4fff,323,MYOLEG_V3_K0323,1.0006899658437316,1.0000023750627736,0.9864360432721867,0.9999964029121396,LEG_0_NOMINAL
32.19949604738714,1.0007454122563846,0.03,0.0,SUBJECT_V3_2879806fd3fc636589e5a319,324,MYOLEG_V3_K0324,1.0007454122563846,1.0000023750627736,0.9852546483756783,0.9999964029121396,LEG_0_NOMINAL
32.22974147577163,1.0159773057335362,-0.03,0.0025,SUBJECT_V3_7f04016317a85742465d0b19,325,MYOLEG_V3_K0325,0.9990775988961,0.9999792825942457,1.0159773057335362,1.0007304344637749,LEG_0_NOMINAL
32.228547231021984,1.0146011551181837,-0.0275,0.0025,SUBJECT_V3_9ba0e267949a076822673edc,326,MYOLEG_V3_K0326,0.9991623806578868,0.9999792825942457,1.0146011551181837,1.0007304344637749,LEG_0_NOMINAL
32.22733906043625,1.0132330897182888,-0.025,0.0025,SUBJECT_V3_03f8d26db02198b3e0553589,327,MYOLEG_V3_K0327,0.9992447740756416,0.9999792825942457,1.0132330897182888,1.0007304344637749,LEG_0_NOMINAL
32.226135942910936,1.011873213547599,-0.0225,0.0025,SUBJECT_V3_ffde33d9e8fa132bcf83556b,328,MYOLEG_V3_K0328,0.9993262626135273,0.9999792825942457,1.011873213547599,1.0007304344637749,LEG_0_NOMINAL
32.22491725102815,1.010521935741288,-0.02,0.0025,SUBJECT_V3_891283cacb748b53b4cdc402,329,MYOLEG_V3_K0329,0.9994051764914429,0.9999792825942457,1.010521935741288,1.0007304344637749,LEG_0_NOMINAL
32.22371662056458,1.0091770823832436,-0.0175,0.0025,SUBJECT_V3_ce8874c402aa0f32d690e879,330,MYOLEG_V3_K0330,0.9994844449470401,0.9999792825942457,1.0091770823832436,1.0007304344637749,LEG_0_NOMINAL
32.22251347731936,1.0078408966976482,-0.015,0.0025,SUBJECT_V3_77305848b5b65eaf4c87ec10,331,MYOLEG_V3_K0331,0.9995621652264897,0.9999792825942457,1.0078408966976482,1.0007304344637749,LEG_0_NOMINAL
32.221312382806445,1.0065128759880575,-0.0125,0.0025,SUBJECT_V3_a571b2a0c144f84c32b88c6a,332,MYOLEG_V3_K0332,0.9996387652540365,0.9999792825942457,1.0065128759880575,1.0007304344637749,LEG_0_NOMINAL
32.22010796429798,1.005193418552114,-0.01,0.0025,SUBJECT_V3_632e295faa30d990cffcc8ab,333,MYOLEG_V3_K0333,0.9997137761364514,0.9999792825942457,1.005193418552114,1.0007304344637749,LEG_0_NOMINAL
32.218907460888836,1.0038817726982328,-0.0075,0.0025,SUBJECT_V3_d94e667255be2e6d7b49da52,334,MYOLEG_V3_K0334,0.9997878677259529,0.9999792825942457,1.0038817726982328,1.0007304344637749,LEG_0_NOMINAL
32.21770646206794,1.0025786655612576,-0.005,0.0025,SUBJECT_V3_ad95b5c826e9b65cdbff8bb5,335,MYOLEG_V3_K0335,0.999860604512289,0.9999792825942457,1.0025786655612576,1.0007304344637749,LEG_0_NOMINAL
32.216505342404005,1.0012839976118537,-0.0025,0.0025,SUBJECT_V3_895c8f9e4cc2447bc879b25c,336,MYOLEG_V3_K0336,0.9999320332151755,0.9999792825942457,1.0012839976118537,1.0007304344637749,LEG_0_NOMINAL
32.21530408374109,1.0007304344637749,0.0,0.0025,SUBJECT_V3_acecd1b0fdc6a9f671ce5239,337,MYOLEG_V3_K0337,1.0000021484052202,0.9999792825942457,0.9999978351614803,1.0007304344637749,LEG_0_NOMINAL
32.214123692061634,1.0007304344637749,0.0025,0.0025,SUBJECT_V3_d77c75dfa974cbf89a492fc7,338,MYOLEG_V3_K0338,1.0000712055917576,0.9999792825942457,0.9987311369437473,1.0007304344637749,LEG_0_NOMINAL
32.21292529539897,1.0007304344637749,0.005,0.0025,SUBJECT_V3_55ba9341fcd03fb559d6d226,339,MYOLEG_V3_K0339,1.00013893394607,0.9999792825942457,0.9974621536176823,1.0007304344637749,LEG_0_NOMINAL
32.21172660228186,1.0007304344637749,0.0075,0.0025,SUBJECT_V3_29e7b929148fc5ad3ea47e0c,340,MYOLEG_V3_K0340,1.0002053281719585,0.9999792825942457,0.9962018451813773,1.0007304344637749,LEG_0_NOMINAL
32.21052783130663,1.0007304344637749,0.01,0.0025,SUBJECT_V3_9b3a130e37897edfac7dec9b,341,MYOLEG_V3_K0341,1.0002704032668155,0.9999792825942457,0.994950263723556,1.0007304344637749,LEG_0_NOMINAL
32.20933137720686,1.0007304344637749,0.0125,0.0025,SUBJECT_V3_46d0ec87eb013a2eec376b47,342,MYOLEG_V3_K0342,1.0003343825627784,0.9999792825942457,0.993707165638869,1.0007304344637749,LEG_0_NOMINAL
32.20813197953305,1.0007304344637749,0.015,0.0025,SUBJECT_V3_889e72d8bcb9b7bc86b1c3ea,343,MYOLEG_V3_K0343,1.0003967808298175,0.9999792825942457,0.9924731551865336,1.0007304344637749,LEG_0_NOMINAL
32.20693338655734,1.0007304344637749,0.0175,0.0025,SUBJECT_V3_c5b08fc347e3b0c487b3b9f7,344,MYOLEG_V3_K0344,1.0004579224561794,0.9999792825942457,0.9912480300037217,1.0007304344637749,LEG_0_NOMINAL
32.205742617049424,1.0007304344637749,0.02,0.0025,SUBJECT_V3_49cae346eb6a5ca628a62162,345,MYOLEG_V3_K0345,1.0005183953159156,0.9999792825942457,0.9900315312498769,1.0007304344637749,LEG_0_NOMINAL
32.20454406648254,1.0007304344637749,0.0225,0.0025,SUBJECT_V3_4a4f57c5714ec7cc117ed419,346,MYOLEG_V3_K0346,1.0005768252197094,0.9999792825942457,0.9888248777906783,1.0007304344637749,LEG_0_NOMINAL
32.20334292135997,1.0007304344637749,0.025,0.0025,SUBJECT_V3_6b367d6cb0e3f048e6cf4f25,347,MYOLEG_V3_K0347,1.0006338599693343,0.9999792825942457,0.9876261989862162,1.0007304344637749,LEG_0_NOMINAL
32.202145956224705,1.0007304344637749,0.0275,0.0025,SUBJECT_V3_1fd35966037f5ac873fa1c06,348,MYOLEG_V3_K0348,1.0006899658437316,0.9999792825942457,0.9864360432721867,1.0007304344637749,LEG_0_NOMINAL
32.20095693597836,1.0007454122563846,0.03,0.0025,SUBJECT_V3_5743da49035607eb9911ee97,349,MYOLEG_V3_K0349,1.0007454122563846,0.9999792825942457,0.9852546483756783,1.0007304344637749,LEG_0_NOMINAL
32.2311905176604,1.0159773057335362,-0.03,0.005,SUBJECT_V3_4d2be3df3622a01cf95654a0,350,MYOLEG_V3_K0350,0.9990775988961,0.9999559738199174,1.0159773057335362,1.0014610287658943,LEG_0_NOMINAL
32.229996326603306,1.0146011551181837,-0.0275,0.005,SUBJECT_V3_8922b3f39a4cb60cb851e192,351,MYOLEG_V3_K0351,0.9991623806578868,0.9999559738199174,1.0146011551181837,1.0014610287658943,LEG_0_NOMINAL
32.22878821034026,1.0132330897182888,-0.025,0.005,SUBJECT_V3_52dc49ed9b7311d92b9456e7,352,MYOLEG_V3_K0352,0.9992447740756416,0.9999559738199174,1.0132330897182888,1.0014610287658943,LEG_0_NOMINAL
32.227585146914485,1.011873213547599,-0.0225,0.005,SUBJECT_V3_235103f7785e0f896258795d,353,MYOLEG_V3_K0353,0.9993262626135273,0.9999559738199174,1.011873213547599,1.0014610287658943,LEG_0_NOMINAL
32.22636650983569,1.010521935741288,-0.02,0.005,SUBJECT_V3_9652b17b1deea917716f4d71,354,MYOLEG_V3_K0354,0.9994051764914429,0.9999559738199174,1.010521935741288,1.0014610287658943,LEG_0_NOMINAL
32.22516593336794,1.0091770823832436,-0.0175,0.005,SUBJECT_V3_c3433fede7bb8181c2d3f24c,355,MYOLEG_V3_K0355,0.9994844449470401,0.9999559738199174,1.0091770823832436,1.0014610287658943,LEG_0_NOMINAL
32.22396284423558,1.0078408966976482,-0.015,0.005,SUBJECT_V3_0305302c58ed60727287cf42,356,MYOLEG_V3_K0356,0.9995621652264897,0.9999559738199174,1.0078408966976482,1.0014610287658943,LEG_0_NOMINAL
32.22276180374741,1.0065128759880575,-0.0125,0.005,SUBJECT_V3_2da05c169a1de2caa0e4006f,357,MYOLEG_V3_K0357,0.9996387652540365,0.9999559738199174,1.0065128759880575,1.0014610287658943,LEG_0_NOMINAL
32.22155743941726,1.005193418552114,-0.01,0.005,SUBJECT_V3_7807280bed3c0fdba9d0983c,358,MYOLEG_V3_K0358,0.9997137761364514,0.9999559738199174,1.005193418552114,1.0014610287658943,LEG_0_NOMINAL
32.22035699001433,1.0038817726982328,-0.0075,0.005,SUBJECT_V3_b999ef855f2e2426e713e972,359,MYOLEG_V3_K0359,0.9997878677259529,0.9999559738199174,1.0038817726982328,1.0014610287658943,LEG_0_NOMINAL
32.21915604522597,1.0025786655612576,-0.005,0.005,SUBJECT_V3_c6a243533ed0eae5183dd7b2,360,MYOLEG_V3_K0360,0.999860604512289,0.9999559738199174,1.0025786655612576,1.0014610287658943,LEG_0_NOMINAL
32.21795497960405,1.0014610287658943,-0.0025,0.005,SUBJECT_V3_3d3643f4352808a0513d961c,361,MYOLEG_V3_K0361,0.9999320332151755,0.9999559738199174,1.0012839976118537,1.0014610287658943,LEG_0_NOMINAL
32.216753774993414,1.0014610287658943,0.0,0.005,SUBJECT_V3_ef15ac6bef0e20884882c154,362,MYOLEG_V3_K0362,1.0000021484052202,0.9999559738199174,0.9999978351614803,1.0014610287658943,LEG_0_NOMINAL
32.215573436431235,1.0014610287658943,0.0025,0.005,SUBJECT_V3_d26b4e11eec780e7fc7270c9,363,MYOLEG_V3_K0363,1.0000712055917576,0.9999559738199174,0.9987311369437473,1.0014610287658943,LEG_0_NOMINAL
32.21437509370005,1.0014610287658943,0.005,0.005,SUBJECT_V3_3c197b3e4eb71b19e50287c4,364,MYOLEG_V3_K0364,1.00013893394607,0.9999559738199174,0.9974621536176823,1.0014610287658943,LEG_0_NOMINAL
32.21317645453176,1.0014610287658943,0.0075,0.005,SUBJECT_V3_1e5cb1176c983e8194c8c03c,365,MYOLEG_V3_K0365,1.0002053281719585,0.9999559738199174,0.9962018451813773,1.0014610287658943,LEG_0_NOMINAL
32.21197773751289,1.0014610287658943,0.01,0.005,SUBJECT_V3_a1b2032fd17486b7fd903e15,366,MYOLEG_V3_K0366,1.0002704032668155,0.9999559738199174,0.994950263723556,1.0014610287658943,LEG_0_NOMINAL
32.2107813372692,1.0014610287658943,0.0125,0.005,SUBJECT_V3_b3e9138b95c5b4c4daee4e0c,367,MYOLEG_V3_K0367,1.0003343825627784,0.9999559738199174,0.993707165638869,1.0014610287658943,LEG_0_NOMINAL
32.20958199358798,1.0014610287658943,0.015,0.005,SUBJECT_V3_bef591cbdbb289bbb1289356,368,MYOLEG_V3_K0368,1.0003967808298175,0.9999559738199174,0.9924731551865336,1.0014610287658943,LEG_0_NOMINAL
32.20838345457265,1.0014610287658943,0.0175,0.005,SUBJECT_V3_26dae1825e835b2ebaf29a2d,369,MYOLEG_V3_K0369,1.0004579224561794,0.9999559738199174,0.9912480300037217,1.0014610287658943,LEG_0_NOMINAL
32.20719273867688,1.0014610287658943,0.02,0.005,SUBJECT_V3_735d70a85f06633e64b42148,370,MYOLEG_V3_K0370,1.0005183953159156,0.9999559738199174,0.9900315312498769,1.0014610287658943,LEG_0_NOMINAL
32.20599424207648,1.0014610287658943,0.0225,0.005,SUBJECT_V3_c1c8e37dd70e71577469eff6,371,MYOLEG_V3_K0371,1.0005768252197094,0.9999559738199174,0.9888248777906783,1.0014610287658943,LEG_0_NOMINAL
32.20479315104123,1.0014610287658943,0.025,0.005,SUBJECT_V3_aacc4f4fa552a3db604932e2,372,MYOLEG_V3_K0372,1.0006338599693343,0.9999559738199174,0.9876261989862162,1.0014610287658943,LEG_0_NOMINAL
32.203596239809094,1.0014610287658943,0.0275,0.005,SUBJECT_V3_a51a33fd33d579b4c9d73cc7,373,MYOLEG_V3_K0373,1.0006899658437316,0.9999559738199174,0.9864360432721867,1.0014610287658943,LEG_0_NOMINAL
32.20240727311206,1.0014610287658943,0.03,0.005,SUBJECT_V3_169d07b5caca5d11acc65e32,374,MYOLEG_V3_K0374,1.0007454122563846,0.9999559738199174,0.9852546483756783,1.0014610287658943,LEG_0_NOMINAL
32.23262915983981,1.0159773057335362,-0.03,0.0075,SUBJECT_V3_34e1be5401297f247735fd9f,375,MYOLEG_V3_K0375,0.9990775988961,0.9999324563228437,1.0159773057335362,1.0021882031875584,LEG_0_NOMINAL
32.23143502208514,1.0146011551181837,-0.0275,0.0075,SUBJECT_V3_3235905389665e3f175df167,376,MYOLEG_V3_K0376,0.9991623806578868,0.9999324563228437,1.0146011551181837,1.0021882031875584,LEG_0_NOMINAL
32.23022695975009,1.0132330897182888,-0.025,0.0075,SUBJECT_V3_10e27945011a9499fb18e5be,377,MYOLEG_V3_K0377,0.9992447740756416,0.9999324563228437,1.0132330897182888,1.0021882031875584,LEG_0_NOMINAL
32.22902395003077,1.011873213547599,-0.0225,0.0075,SUBJECT_V3_f5c1d22f50792f62afe2f727,378,MYOLEG_V3_K0378,0.9993262626135273,0.9999324563228437,1.011873213547599,1.0021882031875584,LEG_0_NOMINAL
32.22780536735775,1.010521935741288,-0.02,0.0075,SUBJECT_V3_23e30b8bbcd554abb7fe5029,379,MYOLEG_V3_K0379,0.9994051764914429,0.9999324563228437,1.010521935741288,1.0021882031875584,LEG_0_NOMINAL
32.226604844493494,1.0091770823832436,-0.0175,0.0075,SUBJECT_V3_1c3bef61e953bf67ec389627,380,MYOLEG_V3_K0380,0.9994844449470401,0.9999324563228437,1.0091770823832436,1.0021882031875584,LEG_0_NOMINAL
32.225401809080815,1.0078408966976482,-0.015,0.0075,SUBJECT_V3_856707befbd866f83feb30cf,381,MYOLEG_V3_K0381,0.9995621652264897,0.9999324563228437,1.0078408966976482,1.0021882031875584,LEG_0_NOMINAL
32.22420082222486,1.0065128759880575,-0.0125,0.0075,SUBJECT_V3_ac68f78997d9d8b8b0133b43,382,MYOLEG_V3_K0382,0.9996387652540365,0.9999324563228437,1.0065128759880575,1.0021882031875584,LEG_0_NOMINAL
32.222996511679355,1.005193418552114,-0.01,0.0075,SUBJECT_V3_3e10bacea6e3358dba5938c6,383,MYOLEG_V3_K0383,0.9997137761364514,0.9999324563228437,1.005193418552114,1.0021882031875584,LEG_0_NOMINAL
32.22179611589024,1.0038817726982328,-0.0075,0.0075,SUBJECT_V3_b36d3a477ecc79dee2e6e7f6,384,MYOLEG_V3_K0384,0.9997878677259529,0.9999324563228437,1.0038817726982328,1.0021882031875584,LEG_0_NOMINAL
32.22059522474182,1.0025786655612576,-0.005,0.0075,SUBJECT_V3_180dd8d6707e8169d178b729,385,MYOLEG_V3_K0385,0.999860604512289,0.9999324563228437,1.0025786655612576,1.0021882031875584,LEG_0_NOMINAL
32.219394212769224,1.0021882031875584,-0.0025,0.0075,SUBJECT_V3_939564cf6a45804324771771,386,MYOLEG_V3_K0386,0.9999320332151755,0.9999324563228437,1.0012839976118537,1.0021882031875584,LEG_0_NOMINAL
32.21819306181814,1.0021882031875584,0.0,0.0075,SUBJECT_V3_1c86ded7775fc6f048eac9ec,387,MYOLEG_V3_K0387,1.0000021484052202,0.9999324563228437,0.9999978351614803,1.0021882031875584,LEG_0_NOMINAL
32.217012775987286,1.0021882031875584,0.0025,0.0075,SUBJECT_V3_c3f20339922248efd4c4c2c5,388,MYOLEG_V3_K0388,1.0000712055917576,0.9999324563228437,0.9987311369437473,1.0021882031875584,LEG_0_NOMINAL
32.2158144867957,1.0021882031875584,0.005,0.0075,SUBJECT_V3_efe54a0a96d96c2937b0291e,389,MYOLEG_V3_K0389,1.00013893394607,0.9999324563228437,0.9974621536176823,1.0021882031875584,LEG_0_NOMINAL
32.21461590118426,1.0021882031875584,0.0075,0.0075,SUBJECT_V3_5f4dce8a179bef75f008b298,390,MYOLEG_V3_K0390,1.0002053281719585,0.9999324563228437,0.9962018451813773,1.0021882031875584,LEG_0_NOMINAL
32.213417237729686,1.0021882031875584,0.01,0.0075,SUBJECT_V3_de7c5dc94bb6c79cb4fa874f,391,MYOLEG_V3_K0391,1.0002704032668155,0.9999324563228437,0.994950263723556,1.0021882031875584,LEG_0_NOMINAL
32.21222089095074,1.0021882031875584,0.0125,0.0075,SUBJECT_V3_f386e744168acf6275de42a4,392,MYOLEG_V3_K0392,1.0003343825627784,0.9999324563228437,0.993707165638869,1.0021882031875584,LEG_0_NOMINAL
32.2110216008698,1.0021882031875584,0.015,0.0075,SUBJECT_V3_edb749f78a567e3ebf1bdb1a,393,MYOLEG_V3_K0393,1.0003967808298175,0.9999324563228437,0.9924731551865336,1.0021882031875584,LEG_0_NOMINAL
32.20982311542277,1.0021882031875584,0.0175,0.0075,SUBJECT_V3_50bff791754772de518bb1b6,394,MYOLEG_V3_K0394,1.0004579224561794,0.9999324563228437,0.9912480300037217,1.0021882031875584,LEG_0_NOMINAL
32.2086324527496,1.0021882031875584,0.02,0.0075,SUBJECT_V3_1e7d69de7c274663756605ee,395,MYOLEG_V3_K0395,1.0005183953159156,0.9999324563228437,0.9900315312498769,1.0021882031875584,LEG_0_NOMINAL
32.20743400972355,1.0021882031875584,0.0225,0.0075,SUBJECT_V3_6ea69483a47facd0dbf4c302,396,MYOLEG_V3_K0396,1.0005768252197094,0.9999324563228437,0.9888248777906783,1.0021882031875584,LEG_0_NOMINAL
32.20623297238263,1.0021882031875584,0.025,0.0075,SUBJECT_V3_9636b382982341ad9c3a2512,397,MYOLEG_V3_K0397,1.0006338599693343,0.9999324563228437,0.9876261989862162,1.0021882031875584,LEG_0_NOMINAL
32.205036114661944,1.0021882031875584,0.0275,0.0075,SUBJECT_V3_cb0feb6dd77c224789f53b29,398,MYOLEG_V3_K0398,1.0006899658437316,0.9999324563228437,0.9864360432721867,1.0021882031875584,LEG_0_NOMINAL
32.20384720112512,1.0021882031875584,0.03,0.0075,SUBJECT_V3_9acb944351960b96ea7e8603,399,MYOLEG_V3_K0399,1.0007454122563846,0.9999324563228437,0.9852546483756783,1.0021882031875584,LEG_0_NOMINAL
32.234057573673596,1.0159773057335362,-0.03,0.01,SUBJECT_V3_d42127304907886409a6050f,400,MYOLEG_V3_K0400,0.9990775988961,0.9999087307541437,1.0159773057335362,1.002912029685051,LEG_0_NOMINAL
32.23286348883767,1.0146011551181837,-0.0275,0.01,SUBJECT_V3_b89cc32250977b8d8eee7ad1,401,MYOLEG_V3_K0401,0.9991623806578868,0.9999087307541437,1.0146011551181837,1.002912029685051,LEG_0_NOMINAL
32.23165548004244,1.0132330897182888,-0.025,0.01,SUBJECT_V3_1911f180c4cf279dbc5b71cc,402,MYOLEG_V3_K0402,0.9992447740756416,0.9999087307541437,1.0132330897182888,1.002912029685051,LEG_0_NOMINAL
32.230452523643,1.011873213547599,-0.0225,0.01,SUBJECT_V3_5366738d77dced171445f759,403,MYOLEG_V3_K0403,0.9993262626135273,0.9999087307541437,1.011873213547599,1.002912029685051,LEG_0_NOMINAL
32.22923399498415,1.010521935741288,-0.02,0.01,SUBJECT_V3_685d031c577378013e35bc3a,404,MYOLEG_V3_K0404,0.9994051764914429,0.9999087307541437,1.010521935741288,1.002912029685051,LEG_0_NOMINAL
32.22803352533753,1.0091770823832436,-0.0175,0.01,SUBJECT_V3_3c0950e16ef17d39f0b43ba4,405,MYOLEG_V3_K0405,0.9994844449470401,0.9999087307541437,1.0091770823832436,1.002912029685051,LEG_0_NOMINAL
32.22683054325786,1.0078408966976482,-0.015,0.01,SUBJECT_V3_063cf46b19ef7d40f36c3608,406,MYOLEG_V3_K0406,0.9995621652264897,0.9999087307541437,1.0078408966976482,1.002912029685051,LEG_0_NOMINAL
32.22562960964805,1.0065128759880575,-0.0125,0.01,SUBJECT_V3_b0c3cd17a402f42ecca6aa70,407,MYOLEG_V3_K0407,0.9996387652540365,0.9999087307541437,1.0065128759880575,1.002912029685051,LEG_0_NOMINAL
32.224425352500056,1.005193418552114,-0.01,0.01,SUBJECT_V3_ec789f421e7ff0abc2d1c607,408,MYOLEG_V3_K0408,0.9997137761364514,0.9999087307541437,1.005193418552114,1.002912029685051,LEG_0_NOMINAL
32.22322500993884,1.0038817726982328,-0.0075,0.01,SUBJECT_V3_f627a9313ca6d65472ab9030,409,MYOLEG_V3_K0409,0.9997878677259529,0.9999087307541437,1.0038817726982328,1.002912029685051,LEG_0_NOMINAL
32.22202417204424,1.002912029685051,-0.005,0.01,SUBJECT_V3_6aa5a8091b0317fc13c2cfc6,410,MYOLEG_V3_K0410,0.999860604512289,0.9999087307541437,1.0025786655612576,1.002912029685051,LEG_0_NOMINAL
32.22082321333482,1.002912029685051,-0.0025,0.01,SUBJECT_V3_e1ec2c9e857c70b4d380c97c,411,MYOLEG_V3_K0411,0.9999320332151755,0.9999087307541437,1.0012839976118537,1.002912029685051,LEG_0_NOMINAL
32.21962211565702,1.002912029685051,0.0,0.01,SUBJECT_V3_3aafe73bd8a9616fe6687940,412,MYOLEG_V3_K0412,1.0000021484052202,0.9999087307541437,0.9999978351614803,1.002912029685051,LEG_0_NOMINAL
32.21844188217792,1.002912029685051,0.0025,0.01,SUBJECT_V3_c5c70d75d0ee78f3a5ade3e1,413,MYOLEG_V3_K0413,1.0000712055917576,0.9999087307541437,0.9987311369437473,1.002912029685051,LEG_0_NOMINAL
32.21724364614056,1.002912029685051,0.005,0.01,SUBJECT_V3_397d42e3d3e337650bd3ea90,414,MYOLEG_V3_K0414,1.00013893394607,0.9999087307541437,0.9974621536176823,1.002912029685051,LEG_0_NOMINAL
32.216045113700446,1.002912029685051,0.0075,0.01,SUBJECT_V3_34bfd78eb3f6579dbaf1d11c,415,MYOLEG_V3_K0415,1.0002053281719585,0.9999087307541437,0.9962018451813773,1.002912029685051,LEG_0_NOMINAL
32.21484650342461,1.002912029685051,0.01,0.01,SUBJECT_V3_59fa09550cd3b0a8e7c52a96,416,MYOLEG_V3_K0416,1.0002704032668155,0.9999087307541437,0.994950263723556,1.002912029685051,LEG_0_NOMINAL
32.213650209725564,1.002912029685051,0.0125,0.01,SUBJECT_V3_a3457b1f2394fc1d9f1f6103,417,MYOLEG_V3_K0417,1.0003343825627784,0.9999087307541437,0.993707165638869,1.002912029685051,LEG_0_NOMINAL
32.212450972859074,1.002912029685051,0.015,0.01,SUBJECT_V3_c52a0631a83f8586bd8b396b,418,MYOLEG_V3_K0418,1.0003967808298175,0.9999087307541437,0.9924731551865336,1.002912029685051,LEG_0_NOMINAL
32.21125254059475,1.002912029685051,0.0175,0.01,SUBJECT_V3_3afc12a75994cc6856444ef9,419,MYOLEG_V3_K0419,1.0004579224561794,0.9999087307541437,0.9912480300037217,1.002912029685051,LEG_0_NOMINAL
32.210061930761064,1.002912029685051,0.02,0.01,SUBJECT_V3_4f5ffb9c5b12916b0306ce34,420,MYOLEG_V3_K0420,1.0005183953159156,0.9999087307541437,0.9900315312498769,1.002912029685051,LEG_0_NOMINAL
32.20886354092372,1.002912029685051,0.0225,0.01,SUBJECT_V3_c7d400a3841c37bde55c8bbc,421,MYOLEG_V3_K0421,1.0005768252197094,0.9999087307541437,0.9888248777906783,1.002912029685051,LEG_0_NOMINAL
32.20766255689063,1.002912029685051,0.025,0.01,SUBJECT_V3_696d00f7653cbfc4433d92ee,422,MYOLEG_V3_K0422,1.0006338599693343,0.9999087307541437,0.9876261989862162,1.002912029685051,LEG_0_NOMINAL
32.20646575229621,1.002912029685051,0.0275,0.01,SUBJECT_V3_7721a0c53493fa1e26264c4a,423,MYOLEG_V3_K0423,1.0006899658437316,0.9999087307541437,0.9864360432721867,1.002912029685051,LEG_0_NOMINAL
32.20527689153693,1.002912029685051,0.03,0.01,SUBJECT_V3_afe3fffc66a847b55b8f9851,424,MYOLEG_V3_K0424,1.0007454122563846,0.9999087307541437,0.9852546483756783,1.002912029685051,LEG_0_NOMINAL
32.23547587382486,1.0159773057335362,-0.03,0.0125,SUBJECT_V3_2aae45081cba14e3102b6fcf,425,MYOLEG_V3_K0425,0.9990775988961,0.9998848119958017,1.0159773057335362,1.0036324691409695,LEG_0_NOMINAL
32.23428184152837,1.0146011551181837,-0.0275,0.0125,SUBJECT_V3_7b35732992526d18e1244de8,426,MYOLEG_V3_K0426,0.9991623806578868,0.9998848119958017,1.0146011551181837,1.0036324691409695,LEG_0_NOMINAL
32.233073885889176,1.0132330897182888,-0.025,0.0125,SUBJECT_V3_7d2be474908426a0d5d592dd,427,MYOLEG_V3_K0427,0.9992447740756416,0.9998848119958017,1.0132330897182888,1.0036324691409695,LEG_0_NOMINAL
32.23187098242742,1.011873213547599,-0.0225,0.0125,SUBJECT_V3_b218c0539201d5d584bba19e,428,MYOLEG_V3_K0428,0.9993262626135273,0.9998848119958017,1.011873213547599,1.0036324691409695,LEG_0_NOMINAL
32.23065250739554,1.010521935741288,-0.02,0.0125,SUBJECT_V3_1fb381ebf2473f6cd6a13073,429,MYOLEG_V3_K0429,0.9994051764914429,0.9998848119958017,1.010521935741288,1.0036324691409695,LEG_0_NOMINAL
32.2294520905851,1.0091770823832436,-0.0175,0.0125,SUBJECT_V3_5f5711b5d0fc84411762f5f2,430,MYOLEG_V3_K0430,0.9994844449470401,0.9998848119958017,1.0091770823832436,1.0036324691409695,LEG_0_NOMINAL
32.22824916145614,1.0078408966976482,-0.015,0.0125,SUBJECT_V3_c3c2977899ec603033ec8d12,431,MYOLEG_V3_K0431,0.9995621652264897,0.9998848119958017,1.0078408966976482,1.0036324691409695,LEG_0_NOMINAL
32.22704828071082,1.0065128759880575,-0.0125,0.0125,SUBJECT_V3_ef08f77ca2c663b06f6e56d1,432,MYOLEG_V3_K0432,0.9996387652540365,0.9998848119958017,1.0065128759880575,1.0036324691409695,LEG_0_NOMINAL
32.22584407657756,1.005193418552114,-0.01,0.0125,SUBJECT_V3_a0056d954b616f24b4cd6435,433,MYOLEG_V3_K0433,0.9997137761364514,0.9998848119958017,1.005193418552114,1.0036324691409695,LEG_0_NOMINAL
32.2246437868627,1.0038817726982328,-0.0075,0.0125,SUBJECT_V3_c44fe7fdfa893b2e7a23c8d2,434,MYOLEG_V3_K0434,0.9997878677259529,0.9998848119958017,1.0038817726982328,1.0036324691409695,LEG_0_NOMINAL
32.2234430018402,1.0036324691409695,-0.005,0.0125,SUBJECT_V3_50673c4b964e8529b8dcfd1c,435,MYOLEG_V3_K0435,0.999860604512289,0.9998848119958017,1.0025786655612576,1.0036324691409695,LEG_0_NOMINAL
32.22224209601213,1.0036324691409695,-0.0025,0.0125,SUBJECT_V3_62f55aaa1bd3bf0d0b5ea0fd,436,MYOLEG_V3_K0436,0.9999320332151755,0.9998848119958017,1.0012839976118537,1.0036324691409695,LEG_0_NOMINAL
32.22104105122576,1.0036324691409695,0.0,0.0125,SUBJECT_V3_b751207c5edbfc27ab6e0ce4,437,MYOLEG_V3_K0437,1.0000021484052202,0.9998848119958017,0.9999978351614803,1.0036324691409695,LEG_0_NOMINAL
32.21986086972315,1.0036324691409695,0.0025,0.0125,SUBJECT_V3_631e7d2c4a4b390e2c102f93,438,MYOLEG_V3_K0438,1.0000712055917576,0.9998848119958017,0.9987311369437473,1.0036324691409695,LEG_0_NOMINAL
32.21866268645899,1.0036324691409695,0.005,0.0125,SUBJECT_V3_2fd9e0ee3b5d6733e25d154b,439,MYOLEG_V3_K0439,1.00013893394607,0.9998848119958017,0.9974621536176823,1.0036324691409695,LEG_0_NOMINAL
32.21746420680906,1.0036324691409695,0.0075,0.0125,SUBJECT_V3_82464d680537b269efc77b32,440,MYOLEG_V3_K0440,1.0002053281719585,0.9998848119958017,0.9962018451813773,1.0036324691409695,LEG_0_NOMINAL
32.216265649330765,1.0036324691409695,0.01,0.0125,SUBJECT_V3_b940b9078ec46df85aa8a6e3,441,MYOLEG_V3_K0441,1.0002704032668155,0.9998848119958017,0.994950263723556,1.0036324691409695,LEG_0_NOMINAL
32.21506940833114,1.0036324691409695,0.0125,0.0125,SUBJECT_V3_e882eea5457a9f0ce6214e18,442,MYOLEG_V3_K0442,1.0003343825627784,0.9998848119958017,0.993707165638869,1.0036324691409695,LEG_0_NOMINAL
32.21387022429764,1.0036324691409695,0.015,0.0125,SUBJECT_V3_152e2e244905e1befcf9c11a,443,MYOLEG_V3_K0443,1.0003967808298175,0.9998848119958017,0.9924731551865336,1.0036324691409695,LEG_0_NOMINAL
32.21267184483479,1.0036324691409695,0.0175,0.0125,SUBJECT_V3_48267a7fbc4ae63c92708ad6,444,MYOLEG_V3_K0444,1.0004579224561794,0.9998848119958017,0.9912480300037217,1.0036324691409695,LEG_0_NOMINAL
32.21148128746184,1.0036324691409695,0.02,0.0125,SUBJECT_V3_51be87873247df0fd5e7cb34,445,MYOLEG_V3_K0445,1.0005183953159156,0.9998848119958017,0.9900315312498769,1.0036324691409695,LEG_0_NOMINAL
32.21028295043193,1.0036324691409695,0.0225,0.0125,SUBJECT_V3_58939aec851279e9c99abb5f,446,MYOLEG_V3_K0446,1.0005768252197094,0.9998848119958017,0.9888248777906783,1.0036324691409695,LEG_0_NOMINAL
32.20908201932454,1.0036324691409695,0.025,0.0125,SUBJECT_V3_eacaf33d91edf97e6a1204eb,447,MYOLEG_V3_K0447,1.0006338599693343,0.9998848119958017,0.9876261989862162,1.0036324691409695,LEG_0_NOMINAL
32.20788526747556,1.0036324691409695,0.0275,0.0125,SUBJECT_V3_b7ffaf55681363af67f6aa5d,448,MYOLEG_V3_K0448,1.0006899658437316,0.9998848119958017,0.9864360432721867,1.0036324691409695,LEG_0_NOMINAL
32.206696459115506,1.0036324691409695,0.03,0.0125,SUBJECT_V3_77a1069bf880a394e6fe2406,449,MYOLEG_V3_K0449,1.0007454122563846,0.9998848119958017,0.9852546483756783,1.0036324691409695,LEG_0_NOMINAL
32.23688482188468,1.0159773057335362,-0.03,0.015,SUBJECT_V3_27f26be69b6e432269c3b93c,450,MYOLEG_V3_K0450,0.9990775988961,0.9998607551875031,1.0159773057335362,1.0043494947558043,LEG_0_NOMINAL
32.23569084177659,1.0146011551181837,-0.0275,0.015,SUBJECT_V3_9c3a33b8017a02f91e06b5c9,451,MYOLEG_V3_K0451,0.9991623806578868,0.9998607551875031,1.0146011551181837,1.0043494947558043,LEG_0_NOMINAL
32.2344829389383,1.0132330897182888,-0.025,0.015,SUBJECT_V3_ed3e12e5a1d56c3e878d9826,452,MYOLEG_V3_K0452,0.9992447740756416,0.9998607551875031,1.0132330897182888,1.0043494947558043,LEG_0_NOMINAL
32.23328008806054,1.011873213547599,-0.0225,0.015,SUBJECT_V3_79f44dc46c4020cd29c30f69,453,MYOLEG_V3_K0453,0.9993262626135273,0.9998607551875031,1.011873213547599,1.0043494947558043,LEG_0_NOMINAL
32.23206166629737,1.010521935741288,-0.02,0.015,SUBJECT_V3_42ccc7e88207625c5bb66c26,454,MYOLEG_V3_K0454,0.9994051764914429,0.9998607551875031,1.010521935741288,1.0043494947558043,LEG_0_NOMINAL
32.23086130197011,1.0091770823832436,-0.0175,0.015,SUBJECT_V3_56eedde66b2b28d759c1ecd8,455,MYOLEG_V3_K0455,0.9994844449470401,0.9998607551875031,1.0091770823832436,1.0043494947558043,LEG_0_NOMINAL
32.22965842543808,1.0078408966976482,-0.015,0.015,SUBJECT_V3_2c81d0a380ba122a3f209c59,456,MYOLEG_V3_K0456,0.9995621652264897,0.9998607551875031,1.0078408966976482,1.0043494947558043,LEG_0_NOMINAL
32.228457597204056,1.0065128759880575,-0.0125,0.015,SUBJECT_V3_7f0f01ea1b8be9bf17631369,457,MYOLEG_V3_K0457,0.9996387652540365,0.9998607551875031,1.0065128759880575,1.0043494947558043,LEG_0_NOMINAL
32.22725344573134,1.005193418552114,-0.01,0.015,SUBJECT_V3_d158ef5e88edcc40050cff0c,458,MYOLEG_V3_K0458,0.9997137761364514,0.9998607551875031,1.005193418552114,1.0043494947558043,LEG_0_NOMINAL
32.22605320850976,1.0043494947558043,-0.0075,0.015,SUBJECT_V3_9f6523014f6911348e8247fc,459,MYOLEG_V3_K0459,0.9997878677259529,0.9998607551875031,1.0038817726982328,1.0043494947558043,LEG_0_NOMINAL
32.22485247600613,1.0043494947558043,-0.005,0.015,SUBJECT_V3_b456001d222b142d8bf58125,460,MYOLEG_V3_K0460,0.999860604512289,0.9998607551875031,1.0025786655612576,1.0043494947558043,LEG_0_NOMINAL
32.22365162270611,1.0043494947558043,-0.0025,0.015,SUBJECT_V3_7cc4ed80eecf1658201d4e18,461,MYOLEG_V3_K0461,0.9999320332151755,0.9998607551875031,1.0012839976118537,1.0043494947558043,LEG_0_NOMINAL
32.222450630457786,1.0043494947558043,0.0,0.015,SUBJECT_V3_1564cf562d4cac262a879d92,462,MYOLEG_V3_K0462,1.0000021484052202,0.9998607551875031,0.9999978351614803,1.0043494947558043,LEG_0_NOMINAL
32.2212705005844,1.0043494947558043,0.0025,0.015,SUBJECT_V3_87e35263293b09724dc39f88,463,MYOLEG_V3_K0463,1.0000712055917576,0.9998607551875031,0.9987311369437473,1.0043494947558043,LEG_0_NOMINAL
32.22007236974087,1.0043494947558043,0.005,0.015,SUBJECT_V3_9c777213812a50c722378d3c,464,MYOLEG_V3_K0464,1.00013893394607,0.9998607551875031,0.9974621536176823,1.0043494947558043,LEG_0_NOMINAL
32.21887394252842,1.0043494947558043,0.0075,0.015,SUBJECT_V3_76886a5e230307fbef8c0051,465,MYOLEG_V3_K0465,1.0002053281719585,0.9998607551875031,0.9962018451813773,1.0043494947558043,LEG_0_NOMINAL
32.21767543749491,1.0043494947558043,0.01,0.015,SUBJECT_V3_041658ab557980605f34f49b,466,MYOLEG_V3_K0466,1.0002704032668155,0.9998607551875031,0.994950263723556,1.0043494947558043,LEG_0_NOMINAL
32.21647924884261,1.0043494947558043,0.0125,0.015,SUBJECT_V3_ad1841eb5e7a982a5f12b617,467,MYOLEG_V3_K0467,1.0003343825627784,0.9998607551875031,0.993707165638869,1.0043494947558043,LEG_0_NOMINAL
32.215280117289126,1.0043494947558043,0.015,0.015,SUBJECT_V3_60ccbc1a8015de537171f403,468,MYOLEG_V3_K0468,1.0003967808298175,0.9998607551875031,0.9924731551865336,1.0043494947558043,LEG_0_NOMINAL
32.214081790274975,1.0043494947558043,0.0175,0.015,SUBJECT_V3_da47be6faf73a393aa588066,469,MYOLEG_V3_K0469,1.0004579224561794,0.9998607551875031,0.9912480300037217,1.0043494947558043,LEG_0_NOMINAL
32.21289128501224,1.0043494947558043,0.02,0.015,SUBJECT_V3_9bd60184cdcdbb6cfad42bbb,470,MYOLEG_V3_K0470,1.0005183953159156,0.9998607551875031,0.9900315312498769,1.0043494947558043,LEG_0_NOMINAL
32.211693000436966,1.0043494947558043,0.0225,0.015,SUBJECT_V3_a917879bca983db330545b54,471,MYOLEG_V3_K0471,1.0005768252197094,0.9998607551875031,0.9888248777906783,1.0043494947558043,LEG_0_NOMINAL
32.210492121901666,1.0043494947558043,0.025,0.015,SUBJECT_V3_6719fe2fbcf418c56a4e5859,472,MYOLEG_V3_K0472,1.0006338599693343,0.9998607551875031,0.9876261989862162,1.0043494947558043,LEG_0_NOMINAL
32.20929542244573,1.0043494947558043,0.0275,0.015,SUBJECT_V3_b4d3f118181951de200ad322,473,MYOLEG_V3_K0473,1.0006899658437316,0.9998607551875031,0.9864360432721867,1.0043494947558043,LEG_0_NOMINAL
32.2081066661348,1.0043494947558043,0.03,0.015,SUBJECT_V3_434135ff2bb18f1524f88366,474,MYOLEG_V3_K0474,1.0007454122563846,0.9998607551875031,0.9852546483756783,1.0043494947558043,LEG_0_NOMINAL
32.2382819806575,1.0159773057335362,-0.03,0.0175,SUBJECT_V3_b1756be3a664298f03e9e223,475,MYOLEG_V3_K0475,0.9990775988961,0.9998363604453954,1.0159773057335362,1.0050633648390461,LEG_0_NOMINAL
32.237088052296635,1.0146011551181837,-0.0275,0.0175,SUBJECT_V3_0be851b5ca8003a7ce93b848,476,MYOLEG_V3_K0476,0.9991623806578868,0.9998363604453954,1.0146011551181837,1.0050633648390461,LEG_0_NOMINAL
32.23588020181288,1.0132330897182888,-0.025,0.0175,SUBJECT_V3_ea097ca2711fd7aa5b22039d,477,MYOLEG_V3_K0477,0.9992447740756416,0.9998363604453954,1.0132330897182888,1.0050633648390461,LEG_0_NOMINAL
32.234677403074585,1.011873213547599,-0.0225,0.0175,SUBJECT_V3_e96d4617d3fe0c222e483fda,478,MYOLEG_V3_K0478,0.9993262626135273,0.9998363604453954,1.011873213547599,1.0050633648390461,LEG_0_NOMINAL
32.233459034129794,1.010521935741288,-0.02,0.0175,SUBJECT_V3_b83f04c4c637e89e3ca3ebc9,479,MYOLEG_V3_K0479,0.9994051764914429,0.9998363604453954,1.010521935741288,1.0050633648390461,LEG_0_NOMINAL
32.23225872184203,1.0091770823832436,-0.0175,0.0175,SUBJECT_V3_08db79815d344e6f00b15231,480,MYOLEG_V3_K0480,0.9994844449470401,0.9998363604453954,1.0091770823832436,1.0050633648390461,LEG_0_NOMINAL
32.2310558974623,1.0078408966976482,-0.015,0.0175,SUBJECT_V3_8a8362841f21a320b110d639,481,MYOLEG_V3_K0481,0.9995621652264897,0.9998363604453954,1.0078408966976482,1.0050633648390461,LEG_0_NOMINAL
32.22985512129565,1.0065128759880575,-0.0125,0.0175,SUBJECT_V3_8661705eb50e8145668580a5,482,MYOLEG_V3_K0482,0.9996387652540365,0.9998363604453954,1.0065128759880575,1.0050633648390461,LEG_0_NOMINAL
32.22865102203829,1.005193418552114,-0.01,0.0175,SUBJECT_V3_cbac959eb369e3b9a92359ba,483,MYOLEG_V3_K0483,0.9997137761364514,0.9998363604453954,1.005193418552114,1.0050633648390461,LEG_0_NOMINAL
32.227450836866225,1.0050633648390461,-0.0075,0.0175,SUBJECT_V3_bfb738551ac125bb7e7760dc,484,MYOLEG_V3_K0484,0.9997878677259529,0.9998363604453954,1.0038817726982328,1.0050633648390461,LEG_0_NOMINAL
32.22625015643746,1.0050633648390461,-0.005,0.0175,SUBJECT_V3_198a966ad56f674f7ef1183f,485,MYOLEG_V3_K0485,0.999860604512289,0.9998363604453954,1.0025786655612576,1.0050633648390461,LEG_0_NOMINAL
32.22504935522144,1.0050633648390461,-0.0025,0.0175,SUBJECT_V3_55818c67586e11b3dce7f9c7,486,MYOLEG_V3_K0486,0.9999320332151755,0.9998363604453954,1.0012839976118537,1.0050633648390461,LEG_0_NOMINAL
32.22384841506701,1.0050633648390461,0.0,0.0175,SUBJECT_V3_be819c7764a5fb0583d7b264,487,MYOLEG_V3_K0487,1.0000021484052202,0.9998363604453954,0.9999978351614803,1.0050633648390461,LEG_0_NOMINAL
32.22266833638639,1.0050633648390461,0.0025,0.0175,SUBJECT_V3_ef3fcdee1cc345dfa4a920a2,488,MYOLEG_V3_K0488,1.0000712055917576,0.9998363604453954,0.9987311369437473,1.0050633648390461,LEG_0_NOMINAL
32.22147025752031,1.0050633648390461,0.005,0.0175,SUBJECT_V3_772e9bde24fe8d95e312e7b9,489,MYOLEG_V3_K0489,1.00013893394607,0.9998363604453954,0.9974621536176823,1.0050633648390461,LEG_0_NOMINAL
32.22027188230205,1.0050633648390461,0.0075,0.0175,SUBJECT_V3_62affef15c5b566071efd3f6,490,MYOLEG_V3_K0490,1.0002053281719585,0.9998363604453954,0.9962018451813773,1.0050633648390461,LEG_0_NOMINAL
32.219073429269976,1.0050633648390461,0.01,0.0175,SUBJECT_V3_34f716d54d7ee813844e60d4,491,MYOLEG_V3_K0491,1.0002704032668155,0.9998363604453954,0.994950263723556,1.0050633648390461,LEG_0_NOMINAL
32.21787729252245,1.0050633648390461,0.0125,0.0175,SUBJECT_V3_4ca1b3b7122cc4973e7daad3,492,MYOLEG_V3_K0492,1.0003343825627784,0.9998363604453954,0.993707165638869,1.0050633648390461,LEG_0_NOMINAL
32.216678213005316,1.0050633648390461,0.015,0.0175,SUBJECT_V3_f98a7e6770ab26886d44e925,493,MYOLEG_V3_K0493,1.0003967808298175,0.9998363604453954,0.9924731551865336,1.0050633648390461,LEG_0_NOMINAL
32.21547993799647,1.0050633648390461,0.0175,0.0175,SUBJECT_V3_8809385f07d9ab7e1af56d47,494,MYOLEG_V3_K0494,1.0004579224561794,0.9998363604453954,0.9912480300037217,1.0050633648390461,LEG_0_NOMINAL
32.21428948440342,1.0050633648390461,0.02,0.0175,SUBJECT_V3_07905eeebd33f60c15017b23,495,MYOLEG_V3_K0495,1.0005183953159156,0.9998363604453954,0.9900315312498769,1.0050633648390461,LEG_0_NOMINAL
32.21309125183932,1.0050633648390461,0.0225,0.0175,SUBJECT_V3_33a77dca0081800df94c63c4,496,MYOLEG_V3_K0496,1.0005768252197094,0.9998363604453954,0.9888248777906783,1.0050633648390461,LEG_0_NOMINAL
32.21189042543167,1.0050633648390461,0.025,0.0175,SUBJECT_V3_40a1b940de455ffad0a0f06c,497,MYOLEG_V3_K0497,1.0006338599693343,0.9998363604453954,0.9876261989862162,1.0050633648390461,LEG_0_NOMINAL
32.21069377792584,1.0050633648390461,0.0275,0.0175,SUBJECT_V3_9c121bb84671e4462611f531,498,MYOLEG_V3_K0498,1.0006899658437316,0.9998363604453954,0.9864360432721867,1.0050633648390461,LEG_0_NOMINAL
32.20950507322403,1.0050633648390461,0.03,0.0175,SUBJECT_V3_5633e2d35f741ab8a634b995,499,MYOLEG_V3_K0499,1.0007454122563846,0.9998363604453954,0.9852546483756783,1.0050633648390461,LEG_0_NOMINAL
32.239668566913174,1.0159773057335362,-0.03,0.02,SUBJECT_V3_2921a88692093039c2643d93,500,MYOLEG_V3_K0500,0.9990775988961,0.9998116621419312,1.0159773057335362,1.0057743633697274,LEG_0_NOMINAL
32.238474689903526,1.0146011551181837,-0.0275,0.02,SUBJECT_V3_61b673a48c4071328531aa3d,501,MYOLEG_V3_K0501,0.9991623806578868,0.9998116621419312,1.0146011551181837,1.0057743633697274,LEG_0_NOMINAL
32.23726689137364,1.0132330897182888,-0.025,0.02,SUBJECT_V3_56cb838eca29ff1a8217e6e4,502,MYOLEG_V3_K0502,0.9992447740756416,0.9998116621419312,1.0132330897182888,1.0057743633697274,LEG_0_NOMINAL
32.236064144375796,1.011873213547599,-0.0225,0.02,SUBJECT_V3_724a9b938760195654e1ceb9,503,MYOLEG_V3_K0503,0.9993262626135273,0.9998116621419312,1.011873213547599,1.0057743633697274,LEG_0_NOMINAL
32.23484582784517,1.010521935741288,-0.02,0.02,SUBJECT_V3_950128b4cb10d943d348ffcb,504,MYOLEG_V3_K0504,0.9994051764914429,0.9998116621419312,1.010521935741288,1.0057743633697274,LEG_0_NOMINAL
32.23364556719865,1.0091770823832436,-0.0175,0.02,SUBJECT_V3_b25bdeb769fb14e05e7f967d,505,MYOLEG_V3_K0505,0.9994844449470401,0.9998116621419312,1.0091770823832436,1.0057743633697274,LEG_0_NOMINAL
32.2324427945721,1.0078408966976482,-0.015,0.02,SUBJECT_V3_e82276f039489ddcd8ea8deb,506,MYOLEG_V3_K0506,0.9995621652264897,0.9998116621419312,1.0078408966976482,1.0057743633697274,LEG_0_NOMINAL
32.23124207007435,1.0065128759880575,-0.0125,0.02,SUBJECT_V3_c9740f5c96bb490de32778f6,507,MYOLEG_V3_K0507,0.9996387652540365,0.9998116621419312,1.0065128759880575,1.0057743633697274,LEG_0_NOMINAL
32.23003802263276,1.0057743633697274,-0.01,0.02,SUBJECT_V3_342631e19bc36c50ee8896b6,508,MYOLEG_V3_K0508,0.9997137761364514,0.9998116621419312,1.005193418552114,1.0057743633697274,LEG_0_NOMINAL
32.22883788911188,1.0057743633697274,-0.0075,0.02,SUBJECT_V3_d454216010fdc401bf152244,509,MYOLEG_V3_K0509,0.9997878677259529,0.9998116621419312,1.0038817726982328,1.0057743633697274,LEG_0_NOMINAL
32.22763726035945,1.0057743633697274,-0.005,0.02,SUBJECT_V3_f3290d4bb7bc6bd34470b7eb,510,MYOLEG_V3_K0510,0.999860604512289,0.9998116621419312,1.0025786655612576,1.0057743633697274,LEG_0_NOMINAL
32.226436510828826,1.0057743633697274,-0.0025,0.02,SUBJECT_V3_1730183315434748b27311f9,511,MYOLEG_V3_K0511,0.9999320332151755,0.9998116621419312,1.0012839976118537,1.0057743633697274,LEG_0_NOMINAL
32.225235622369624,1.0057743633697274,0.0,0.02,SUBJECT_V3_83a5d4bfcf58af30b2055ed3,512,MYOLEG_V3_K0512,1.0000021484052202,0.9998116621419312,0.9999978351614803,1.0057743633697274,LEG_0_NOMINAL
32.22405559448999,1.0057743633697274,0.0025,0.02,SUBJECT_V3_af7d2355cc4cafe55718c0f4,513,MYOLEG_V3_K0513,1.0000712055917576,0.9998116621419312,0.9987311369437473,1.0057743633697274,LEG_0_NOMINAL
32.22285756720358,1.0057743633697274,0.005,0.02,SUBJECT_V3_f5b9e99b7eb55cfa0374b5a4,514,MYOLEG_V3_K0514,1.00013893394607,0.9998116621419312,0.9974621536176823,1.0057743633697274,LEG_0_NOMINAL
32.2216592435816,1.0057743633697274,0.0075,0.02,SUBJECT_V3_f2dd8587199be09d9f458d76,515,MYOLEG_V3_K0515,1.0002053281719585,0.9998116621419312,0.9962018451813773,1.0057743633697274,LEG_0_NOMINAL
32.22046084215299,1.0057743633697274,0.01,0.02,SUBJECT_V3_fd4b7d12653eba4d5253c909,516,MYOLEG_V3_K0516,1.0002704032668155,0.9998116621419312,0.994950263723556,1.0057743633697274,LEG_0_NOMINAL
32.21926475691302,1.0057743633697274,0.0125,0.02,SUBJECT_V3_a8a9d7424879ffe52e53a323,517,MYOLEG_V3_K0517,1.0003343825627784,0.9998116621419312,0.993707165638869,1.0057743633697274,LEG_0_NOMINAL
32.218065729033995,1.0057743633697274,0.015,0.02,SUBJECT_V3_c7f32d9eb6f13afb69d74bbc,518,MYOLEG_V3_K0518,1.0003967808298175,0.9998116621419312,0.9924731551865336,1.0057743633697274,LEG_0_NOMINAL
32.21686750563246,1.0057743633697274,0.0175,0.02,SUBJECT_V3_c4d658daaee9f687862032ce,519,MYOLEG_V3_K0519,1.0004579224561794,0.9998116621419312,0.9912480300037217,1.0057743633697274,LEG_0_NOMINAL
32.21567710331367,1.0057743633697274,0.02,0.02,SUBJECT_V3_c0da2cdb75cc8247f6c054e2,520,MYOLEG_V3_K0520,1.0005183953159156,0.9998116621419312,0.9900315312498769,1.0057743633697274,LEG_0_NOMINAL
32.2144789223627,1.0057743633697274,0.0225,0.02,SUBJECT_V3_24f16152fdb705f5504e48db,521,MYOLEG_V3_K0521,1.0005768252197094,0.9998116621419312,0.9888248777906783,1.0057743633697274,LEG_0_NOMINAL
32.21327814768376,1.0057743633697274,0.025,0.02,SUBJECT_V3_6860adb19d36197547416ab3,522,MYOLEG_V3_K0522,1.0006338599693343,0.9998116621419312,0.9876261989862162,1.0057743633697274,LEG_0_NOMINAL
32.21208155173046,1.0057743633697274,0.0275,0.02,SUBJECT_V3_9ec7e50dd4b152aba2dfbe4b,523,MYOLEG_V3_K0523,1.0006899658437316,0.9998116621419312,0.9864360432721867,1.0057743633697274,LEG_0_NOMINAL
32.2108928982428,1.0057743633697274,0.03,0.02,SUBJECT_V3_19741bc53da9cb95a7bfb008,524,MYOLEG_V3_K0524,1.0007454122563846,0.9998116621419312,0.9852546483756783,1.0057743633697274,LEG_0_NOMINAL
32.24104652239804,1.0159773057335362,-0.03,0.0225,SUBJECT_V3_a7e4d1f78b6f31e329091518,525,MYOLEG_V3_K0525,0.9990775988961,0.9997869142477406,1.0159773057335362,1.0064817119313738,LEG_0_NOMINAL
32.23985269641558,1.0146011551181837,-0.0275,0.0225,SUBJECT_V3_e49d0593809407b0bc0998a0,526,MYOLEG_V3_K0526,0.9991623806578868,0.9997869142477406,1.0146011551181837,1.0064817119313738,LEG_0_NOMINAL
32.23864494951176,1.0132330897182888,-0.025,0.0225,SUBJECT_V3_8fc2d7fbb9582bca25d521a0,527,MYOLEG_V3_K0527,0.9992447740756416,0.9997869142477406,1.0132330897182888,1.0064817119313738,LEG_0_NOMINAL
32.237442253927895,1.011873213547599,-0.0225,0.0225,SUBJECT_V3_bc6a85ad786cb6431638484e,528,MYOLEG_V3_K0528,0.9993262626135273,0.9997869142477406,1.011873213547599,1.0064817119313738,LEG_0_NOMINAL
32.23622398948071,1.010521935741288,-0.02,0.0225,SUBJECT_V3_4731cf0e267530614350ce39,529,MYOLEG_V3_K0529,0.9994051764914429,0.9997869142477406,1.010521935741288,1.0064817119313738,LEG_0_NOMINAL
32.2350237801496,1.0091770823832436,-0.0175,0.0225,SUBJECT_V3_a27466660b1c1617d83acfef,530,MYOLEG_V3_K0530,0.9994844449470401,0.9997869142477406,1.0091770823832436,1.0064817119313738,LEG_0_NOMINAL
32.23382105894968,1.0078408966976482,-0.015,0.0225,SUBJECT_V3_17a72f95200095867bdf13b5,531,MYOLEG_V3_K0531,0.9995621652264897,0.9997869142477406,1.0078408966976482,1.0064817119313738,LEG_0_NOMINAL
32.23262038579482,1.0065128759880575,-0.0125,0.0225,SUBJECT_V3_81f9e601e3b5227aa24bf6d8,532,MYOLEG_V3_K0532,0.9996387652540365,0.9997869142477406,1.0065128759880575,1.0064817119313738,LEG_0_NOMINAL
32.231416389842046,1.0064817119313738,-0.01,0.0225,SUBJECT_V3_14632988b11e332f3d1dedfb,533,MYOLEG_V3_K0533,0.9997137761364514,0.9997869142477406,1.005193418552114,1.0064817119313738,LEG_0_NOMINAL
32.23021630764644,1.0064817119313738,-0.0075,0.0225,SUBJECT_V3_fb6096c2542726226a73b546,534,MYOLEG_V3_K0534,0.9997878677259529,0.9997869142477406,1.0038817726982328,1.0064817119313738,LEG_0_NOMINAL
32.22901573024429,1.0064817119313738,-0.005,0.0225,SUBJECT_V3_db76c113c3c98d11f890d450,535,MYOLEG_V3_K0535,0.999860604512289,0.9997869142477406,1.0025786655612576,1.0064817119313738,LEG_0_NOMINAL
32.227815032072925,1.0064817119313738,-0.0025,0.0225,SUBJECT_V3_aaaa02ceeae64da1cd3ac118,536,MYOLEG_V3_K0536,0.9999320332151755,0.9997869142477406,1.0012839976118537,1.0064817119313738,LEG_0_NOMINAL
32.22661419498277,1.0064817119313738,0.0,0.0225,SUBJECT_V3_d21012e84b13fab0d1659274,537,MYOLEG_V3_K0537,1.0000021484052202,0.9997869142477406,0.9999978351614803,1.0064817119313738,LEG_0_NOMINAL
32.225434217583576,1.0064817119313738,0.0025,0.0225,SUBJECT_V3_37e5e7909e9d086ca4814204,538,MYOLEG_V3_K0538,1.0000712055917576,0.9997869142477406,0.9987311369437473,1.0064817119313738,LEG_0_NOMINAL
32.224236241551395,1.0064817119313738,0.005,0.0225,SUBJECT_V3_0525643f1f4e8521d95a143c,539,MYOLEG_V3_K0539,1.00013893394607,0.9997869142477406,0.9974621536176823,1.0064817119313738,LEG_0_NOMINAL
32.223037969200114,1.0064817119313738,0.0075,0.0225,SUBJECT_V3_d0130492cd647b7b0de0a423,540,MYOLEG_V3_K0540,1.0002053281719585,0.9997869142477406,0.9962018451813773,1.0064817119313738,LEG_0_NOMINAL
32.221839619049355,1.0064817119313738,0.01,0.0225,SUBJECT_V3_0db71d04aeb61b175149847f,541,MYOLEG_V3_K0541,1.0002704032668155,0.9997869142477406,0.994950263723556,1.0064817119313738,LEG_0_NOMINAL
32.22064358499193,1.0064817119313738,0.0125,0.0225,SUBJECT_V3_05df923b2fdc10f286e0cef4,542,MYOLEG_V3_K0542,1.0003343825627784,0.9997869142477406,0.993707165638869,1.0064817119313738,LEG_0_NOMINAL
32.2194446084252,1.0064817119313738,0.015,0.0225,SUBJECT_V3_b764a6e0cb6ba13683e0c4cb,543,MYOLEG_V3_K0543,1.0003967808298175,0.9997869142477406,0.9924731551865336,1.0064817119313738,LEG_0_NOMINAL
32.21824643630534,1.0064817119313738,0.0175,0.0225,SUBJECT_V3_00a5b08a3bb25afd2eba90d9,544,MYOLEG_V3_K0544,1.0004579224561794,0.9997869142477406,0.9912480300037217,1.0064817119313738,LEG_0_NOMINAL
32.21705608493726,1.0064817119313738,0.02,0.0225,SUBJECT_V3_29bdba45320b3f723583f9ac,545,MYOLEG_V3_K0545,1.0005183953159156,0.9997869142477406,0.9900315312498769,1.0064817119313738,LEG_0_NOMINAL
32.21585795527376,1.0064817119313738,0.0225,0.0225,SUBJECT_V3_2a05093cef022db9233ba1e1,546,MYOLEG_V3_K0546,1.0005768252197094,0.9997869142477406,0.9888248777906783,1.0064817119313738,LEG_0_NOMINAL
32.21465723199713,1.0064817119313738,0.025,0.0225,SUBJECT_V3_5e81738425b27e32d4884e41,547,MYOLEG_V3_K0547,1.0006338599693343,0.9997869142477406,0.9876261989862162,1.0064817119313738,LEG_0_NOMINAL
32.21346068727107,1.0064817119313738,0.0275,0.0225,SUBJECT_V3_ad805674369dac6a14a26adb,548,MYOLEG_V3_K0548,1.0006899658437316,0.9997869142477406,0.9864360432721867,1.0064817119313738,LEG_0_NOMINAL
32.21227208467439,1.0064817119313738,0.03,0.0225,SUBJECT_V3_49c83519a5894922b3bb0df6,549,MYOLEG_V3_K0549,1.0007454122563846,0.9997869142477406,0.9852546483756783,1.0064817119313738,LEG_0_NOMINAL
32.24241640773882,1.0159773057335362,-0.03,0.025,SUBJECT_V3_13443284cc5d499d00e71c4f,550,MYOLEG_V3_K0550,0.9990775988961,0.99976210418703,1.0159773057335362,1.0071857206842612,LEG_0_NOMINAL
32.2412226324804,1.0146011551181837,-0.0275,0.025,SUBJECT_V3_d5171988fd3c063525c42d8e,551,MYOLEG_V3_K0551,0.9991623806578868,0.99976210418703,1.0146011551181837,1.0071857206842612,LEG_0_NOMINAL
32.24001493689592,1.0132330897182888,-0.025,0.025,SUBJECT_V3_eb56f0531f8ad5b99b3fe808,552,MYOLEG_V3_K0552,0.9992447740756416,0.99976210418703,1.0132330897182888,1.0071857206842612,LEG_0_NOMINAL
32.23881229242056,1.011873213547599,-0.0225,0.025,SUBJECT_V3_d7d17a416e852c82aadb64c4,553,MYOLEG_V3_K0553,0.9993262626135273,0.99976210418703,1.011873213547599,1.0071857206842612,LEG_0_NOMINAL
32.23759407974738,1.010521935741288,-0.02,0.025,SUBJECT_V3_8be24249a4f466f6c48bb21a,554,MYOLEG_V3_K0554,0.9994051764914429,0.99976210418703,1.010521935741288,1.0071857206842612,LEG_0_NOMINAL
32.23639392142678,1.0091770823832436,-0.0175,0.025,SUBJECT_V3_f9fb3bb745e89a44f21814fd,555,MYOLEG_V3_K0555,0.9994844449470401,0.99976210418703,1.0091770823832436,1.0071857206842612,LEG_0_NOMINAL
32.23519125134795,1.0078408966976482,-0.015,0.025,SUBJECT_V3_11c825700cec0440c1050db0,556,MYOLEG_V3_K0556,0.9995621652264897,0.99976210418703,1.0078408966976482,1.0071857206842612,LEG_0_NOMINAL
32.23399062923093,1.0071857206842612,-0.0125,0.025,SUBJECT_V3_329961b0f2ff01eca262bc60,557,MYOLEG_V3_K0557,0.9996387652540365,0.99976210418703,1.0065128759880575,1.0071857206842612,LEG_0_NOMINAL
32.232786684461054,1.0071857206842612,-0.01,0.025,SUBJECT_V3_f278cff69e3702d0a24bc350,558,MYOLEG_V3_K0558,0.9997137761364514,0.99976210418703,1.005193418552114,1.0071857206842612,LEG_0_NOMINAL
32.231586653285774,1.0071857206842612,-0.0075,0.025,SUBJECT_V3_dc0a24ec68484ba51d2b4dd4,559,MYOLEG_V3_K0559,0.9997878677259529,0.99976210418703,1.0038817726982328,1.0071857206842612,LEG_0_NOMINAL
32.23038612692881,1.0071857206842612,-0.005,0.025,SUBJECT_V3_87cfd4e724e45984a42303f8,560,MYOLEG_V3_K0560,0.999860604512289,0.99976210418703,1.0025786655612576,1.0071857206842612,LEG_0_NOMINAL
32.229185479811576,1.0071857206842612,-0.0025,0.025,SUBJECT_V3_feea41ef412e754097aceafd,561,MYOLEG_V3_K0561,0.9999320332151755,0.99976210418703,1.0012839976118537,1.0071857206842612,LEG_0_NOMINAL
32.22798469378526,1.0071857206842612,0.0,0.025,SUBJECT_V3_e61919d1f74113343764602c,562,MYOLEG_V3_K0562,1.0000021484052202,0.99976210418703,0.9999978351614803,1.0071857206842612,LEG_0_NOMINAL
32.22680476656657,1.0071857206842612,0.0025,0.025,SUBJECT_V3_19438ec5ed3722be9b27b73e,563,MYOLEG_V3_K0563,1.0000712055917576,0.99976210418703,0.9987311369437473,1.0071857206842612,LEG_0_NOMINAL
32.22560684148409,1.0071857206842612,0.005,0.025,SUBJECT_V3_fc069e55ae0e3d0d2548ec37,564,MYOLEG_V3_K0564,1.00013893394607,0.99976210418703,0.9974621536176823,1.0071857206842612,LEG_0_NOMINAL
32.22440862009889,1.0071857206842612,0.0075,0.025,SUBJECT_V3_0cf9f2c9add6cd4e229c7151,565,MYOLEG_V3_K0565,1.0002053281719585,0.99976210418703,0.9962018451813773,1.0071857206842612,LEG_0_NOMINAL
32.22321032092132,1.0071857206842612,0.01,0.025,SUBJECT_V3_085e998ebb3ee40eb145d7ed,566,MYOLEG_V3_K0566,1.0002704032668155,0.99976210418703,0.994950263723556,1.0071857206842612,LEG_0_NOMINAL
32.22201433774235,1.0071857206842612,0.0125,0.025,SUBJECT_V3_c323d5d5c759068999a0f16c,567,MYOLEG_V3_K0567,1.0003343825627784,0.99976210418703,0.993707165638869,1.0071857206842612,LEG_0_NOMINAL
32.22081541218302,1.0071857206842612,0.015,0.025,SUBJECT_V3_02f4ef3676b28be3fab4a994,568,MYOLEG_V3_K0568,1.0003967808298175,0.99976210418703,0.9924731551865336,1.0071857206842612,LEG_0_NOMINAL
32.21961729104015,1.0071857206842612,0.0175,0.025,SUBJECT_V3_40019707fb62594376c2245b,569,MYOLEG_V3_K0569,1.0004579224561794,0.99976210418703,0.9912480300037217,1.0071857206842612,LEG_0_NOMINAL
32.21842699032007,1.0071857206842612,0.02,0.025,SUBJECT_V3_2054ceecf3ef552b6454546c,570,MYOLEG_V3_K0570,1.0005183953159156,0.99976210418703,0.9900315312498769,1.0071857206842612,LEG_0_NOMINAL
32.2172289116393,1.0071857206842612,0.0225,0.025,SUBJECT_V3_3a4dcdaada07c39815099bcf,571,MYOLEG_V3_K0571,1.0005768252197094,0.99976210418703,0.9888248777906783,1.0071857206842612,LEG_0_NOMINAL
32.21602823945957,1.0071857206842612,0.025,0.025,SUBJECT_V3_07a37327e96fbfd1c11b0a8d,572,MYOLEG_V3_K0572,1.0006338599693343,0.99976210418703,0.9876261989862162,1.0071857206842612,LEG_0_NOMINAL
32.21483174565639,1.0071857206842612,0.0275,0.025,SUBJECT_V3_202827bbc8b70481eb57d258,573,MYOLEG_V3_K0573,1.0006899658437316,0.99976210418703,0.9864360432721867,1.0071857206842612,LEG_0_NOMINAL
32.213643193648316,1.0071857206842612,0.03,0.025,SUBJECT_V3_07bb0107d9904efd28af0361,574,MYOLEG_V3_K0574,1.0007454122563846,0.99976210418703,0.9852546483756783,1.0071857206842612,LEG_0_NOMINAL
32.243778499236214,1.0159773057335362,-0.03,0.0275,SUBJECT_V3_5bc73612490a10acf914e791,575,MYOLEG_V3_K0575,0.9990775988961,0.9997372453856087,1.0159773057335362,1.0078864246130623,LEG_0_NOMINAL
32.242584774408954,1.0146011551181837,-0.0275,0.0275,SUBJECT_V3_c06a7b4da41b7475a14e1d09,576,MYOLEG_V3_K0576,0.9991623806578868,0.9997372453856087,1.0146011551181837,1.0078864246130623,LEG_0_NOMINAL
32.2413771298475,1.0132330897182888,-0.025,0.0275,SUBJECT_V3_157d44cb28f8b6d9e1333602,577,MYOLEG_V3_K0577,0.9992447740756416,0.9997372453856087,1.0132330897182888,1.0078864246130623,LEG_0_NOMINAL
32.24017453618558,1.011873213547599,-0.0225,0.0275,SUBJECT_V3_a04f40f3de2c9a82b111d84f,578,MYOLEG_V3_K0578,0.9993262626135273,0.9997372453856087,1.011873213547599,1.0078864246130623,LEG_0_NOMINAL
32.23895637498747,1.010521935741288,-0.02,0.0275,SUBJECT_V3_78eed58eff20b2db19211f07,579,MYOLEG_V3_K0579,0.9994051764914429,0.9997372453856087,1.010521935741288,1.0078864246130623,LEG_0_NOMINAL
32.23775626738286,1.0091770823832436,-0.0175,0.0275,SUBJECT_V3_b76418f6a6da20934428799a,580,MYOLEG_V3_K0580,0.9994844449470401,0.9997372453856087,1.0091770823832436,1.0078864246130623,LEG_0_NOMINAL
32.23655364812996,1.0078864246130623,-0.015,0.0275,SUBJECT_V3_0944345092ab5c5482e3d19e,581,MYOLEG_V3_K0581,0.9995621652264897,0.9997372453856087,1.0078408966976482,1.0078864246130623,LEG_0_NOMINAL
32.2353530767561,1.0078864246130623,-0.0125,0.0275,SUBJECT_V3_082f58443188a79aabfc8b7b,582,MYOLEG_V3_K0582,0.9996387652540365,0.9997372453856087,1.0065128759880575,1.0078864246130623,LEG_0_NOMINAL
32.234149182873615,1.0078864246130623,-0.01,0.0275,SUBJECT_V3_cc918f88802774d20528b829,583,MYOLEG_V3_K0583,0.9997137761364514,0.9997372453856087,1.005193418552114,1.0078864246130623,LEG_0_NOMINAL
32.23294920242409,1.0078864246130623,-0.0075,0.0275,SUBJECT_V3_acd1fcfd1b08f567df4a0431,584,MYOLEG_V3_K0584,0.9997878677259529,0.9997372453856087,1.0038817726982328,1.0078864246130623,LEG_0_NOMINAL
32.231748726817585,1.0078864246130623,-0.005,0.0275,SUBJECT_V3_32a871e38ea7dfdb7eff2875,585,MYOLEG_V3_K0585,0.999860604512289,0.9997372453856087,1.0025786655612576,1.0078864246130623,LEG_0_NOMINAL
32.230548130459695,1.0078864246130623,-0.0025,0.0275,SUBJECT_V3_4480d9d5287c0a575fc4e706,586,MYOLEG_V3_K0586,0.9999320332151755,0.9997372453856087,1.0012839976118537,1.0078864246130623,LEG_0_NOMINAL
32.22934739520238,1.0078864246130623,0.0,0.0275,SUBJECT_V3_16551fb2fe2e99322dc52073,587,MYOLEG_V3_K0587,1.0000021484052202,0.9997372453856087,0.9999978351614803,1.0078864246130623,LEG_0_NOMINAL
32.22816751787448,1.0078864246130623,0.0025,0.0275,SUBJECT_V3_974bb01d6c2868a7ea304563,588,MYOLEG_V3_K0588,1.0000712055917576,0.9997372453856087,0.9987311369437473,1.0078864246130623,LEG_0_NOMINAL
32.22696964344752,1.0078864246130623,0.005,0.0275,SUBJECT_V3_bd4a6b7de4bb0464d89d424b,589,MYOLEG_V3_K0589,1.00013893394607,0.9997372453856087,0.9974621536176823,1.0078864246130623,LEG_0_NOMINAL
32.225771472734145,1.0078864246130623,0.0075,0.0275,SUBJECT_V3_724abfcf920ba89e8958007b,590,MYOLEG_V3_K0590,1.0002053281719585,0.9997372453856087,0.9962018451813773,1.0078864246130623,LEG_0_NOMINAL
32.22457322423544,1.0078864246130623,0.01,0.0275,SUBJECT_V3_22c18af929cba6f7c3e57c2c,591,MYOLEG_V3_K0591,1.0002704032668155,0.9997372453856087,0.994950263723556,1.0078864246130623,LEG_0_NOMINAL
32.223377291641164,1.0078864246130623,0.0125,0.0275,SUBJECT_V3_ce7a4ec6afa0e881c0c9beb2,592,MYOLEG_V3_K0592,1.0003343825627784,0.9997372453856087,0.993707165638869,1.0078864246130623,LEG_0_NOMINAL
32.22217841679474,1.0078864246130623,0.015,0.0275,SUBJECT_V3_19cef8b48321f09d3033c2f4,593,MYOLEG_V3_K0593,1.0003967808298175,0.9997372453856087,0.9924731551865336,1.0078864246130623,LEG_0_NOMINAL
32.220980346334514,1.0078864246130623,0.0175,0.0275,SUBJECT_V3_162c1d22e9a8466c5c21d53a,594,MYOLEG_V3_K0594,1.0004579224561794,0.9997372453856087,0.9912480300037217,1.0078864246130623,LEG_0_NOMINAL
32.219790095970005,1.0078864246130623,0.02,0.0275,SUBJECT_V3_5d5442a2084513abf16dcaa3,595,MYOLEG_V3_K0595,1.0005183953159156,0.9997372453856087,0.9900315312498769,1.0078864246130623,LEG_0_NOMINAL
32.218592067977596,1.0078864246130623,0.0225,0.0275,SUBJECT_V3_0e5d8fac16150e9ca80e6c66,596,MYOLEG_V3_K0596,1.0005768252197094,0.9997372453856087,0.9888248777906783,1.0078864246130623,LEG_0_NOMINAL
32.21739144659974,1.0078864246130623,0.025,0.0275,SUBJECT_V3_96ff9c2497758f9972dd8447,597,MYOLEG_V3_K0597,1.0006338599693343,0.9997372453856087,0.9876261989862162,1.0078864246130623,LEG_0_NOMINAL
32.21619500342541,1.0078864246130623,0.0275,0.0275,SUBJECT_V3_7c5c4579b6870cbc8f0dffb3,598,MYOLEG_V3_K0598,1.0006899658437316,0.9997372453856087,0.9864360432721867,1.0078864246130623,LEG_0_NOMINAL
32.21500650171386,1.0078864246130623,0.03,0.0275,SUBJECT_V3_6542b7102e169dff77f4f871,599,MYOLEG_V3_K0599,1.0007454122563846,0.9997372453856087,0.9852546483756783,1.0078864246130623,LEG_0_NOMINAL
32.24513607938737,1.0159773057335362,-0.03,0.03,SUBJECT_V3_d0fa9cb359015e0a90c694ec,600,MYOLEG_V3_K0600,0.9990775988961,0.9997124707887098,1.0159773057335362,1.0085843310795837,LEG_0_NOMINAL
32.243942404820004,1.0146011551181837,-0.0275,0.03,SUBJECT_V3_35d6ff57d985d3d50c19c70e,601,MYOLEG_V3_K0601,0.9991623806578868,0.9997124707887098,1.0146011551181837,1.0085843310795837,LEG_0_NOMINAL
32.2427348111083,1.0132330897182888,-0.025,0.03,SUBJECT_V3_fd2e942b98b5a57940ade460,602,MYOLEG_V3_K0602,0.9992447740756416,0.9997124707887098,1.0132330897182888,1.0085843310795837,LEG_0_NOMINAL
32.241532268087234,1.011873213547599,-0.0225,0.03,SUBJECT_V3_80bdc7c1b05256bb1dc3dcd0,603,MYOLEG_V3_K0603,0.9993262626135273,0.9997124707887098,1.011873213547599,1.0085843310795837,LEG_0_NOMINAL
32.24031415818938,1.010521935741288,-0.02,0.03,SUBJECT_V3_b88ec19a804ae9a711e6b003,604,MYOLEG_V3_K0604,0.9994051764914429,0.9997124707887098,1.010521935741288,1.0085843310795837,LEG_0_NOMINAL
32.239114101128536,1.0091770823832436,-0.0175,0.03,SUBJECT_V3_37a747ad293e20aab177d313,605,MYOLEG_V3_K0605,0.9994844449470401,0.9997124707887098,1.0091770823832436,1.0085843310795837,LEG_0_NOMINAL
32.23791153252894,1.0085843310795837,-0.015,0.03,SUBJECT_V3_65c8adb8288de7010f1fa331,606,MYOLEG_V3_K0606,0.9995621652264897,0.9997124707887098,1.0078408966976482,1.0085843310795837,LEG_0_NOMINAL
32.23671101172591,1.0085843310795837,-0.0125,0.03,SUBJECT_V3_30ddebc218dd522f9934cb07,607,MYOLEG_V3_K0607,0.9996387652540365,0.9997124707887098,1.0065128759880575,1.0085843310795837,LEG_0_NOMINAL
32.23550716855799,1.0085843310795837,-0.01,0.03,SUBJECT_V3_49b24e7e6548c121ad392ff9,608,MYOLEG_V3_K0608,0.9997137761364514,0.9997124707887098,1.005193418552114,1.0085843310795837,LEG_0_NOMINAL
32.23430723866193,1.0085843310795837,-0.0075,0.03,SUBJECT_V3_81db47feef5333cb42a1fc0d,609,MYOLEG_V3_K0609,0.9997878677259529,0.9997124707887098,1.0038817726982328,1.0085843310795837,LEG_0_NOMINAL
32.23310681363353,1.0085843310795837,-0.005,0.03,SUBJECT_V3_704dcb04fb8587c2d388cecd,610,MYOLEG_V3_K0610,0.999860604512289,0.9997124707887098,1.0025786655612576,1.0085843310795837,LEG_0_NOMINAL
32.231906267862605,1.0085843310795837,-0.0025,0.03,SUBJECT_V3_c5584d22eefe3c7a9c0dbc09,611,MYOLEG_V3_K0611,0.9999320332151755,0.9997124707887098,1.0012839976118537,1.0085843310795837,LEG_0_NOMINAL
32.23070558320187,1.0085843310795837,0.0,0.03,SUBJECT_V3_527dbff64f57c2986a228a74,612,MYOLEG_V3_K0612,1.0000021484052202,0.9997124707887098,0.9999978351614803,1.0085843310795837,LEG_0_NOMINAL
32.229525755595304,1.0085843310795837,0.0025,0.03,SUBJECT_V3_62f436d0066202185f8618fb,613,MYOLEG_V3_K0613,1.0000712055917576,0.9997124707887098,0.9987311369437473,1.0085843310795837,LEG_0_NOMINAL
32.228327931651826,1.0085843310795837,0.005,0.03,SUBJECT_V3_8de73f5b95c674dceb4f90a0,614,MYOLEG_V3_K0614,1.00013893394607,0.9997124707887098,0.9974621536176823,1.0085843310795837,LEG_0_NOMINAL
32.227129811438175,1.0085843310795837,0.0075,0.03,SUBJECT_V3_ef8fb3dc179ee9b387dbc2e4,615,MYOLEG_V3_K0615,1.0002053281719585,0.9997124707887098,0.9962018451813773,1.0085843310795837,LEG_0_NOMINAL
32.225931613446235,1.0085843310795837,0.01,0.03,SUBJECT_V3_8e145ab677f4ae6d334ff1bb,616,MYOLEG_V3_K0616,1.0002704032668155,0.9997124707887098,0.994950263723556,1.0085843310795837,LEG_0_NOMINAL
32.224735731264836,1.0085843310795837,0.0125,0.03,SUBJECT_V3_dc8b4da0657406bad5129260,617,MYOLEG_V3_K0617,1.0003343825627784,0.9997124707887098,0.993707165638869,1.0085843310795837,LEG_0_NOMINAL
32.22353690695908,1.0085843310795837,0.015,0.03,SUBJECT_V3_3af97ae5821ac7472be9ac01,618,MYOLEG_V3_K0618,1.0003967808298175,0.9997124707887098,0.9924731551865336,1.0085843310795837,LEG_0_NOMINAL
32.22233888700937,1.0085843310795837,0.0175,0.03,SUBJECT_V3_8a0b3a625d24fefae5e722b3,619,MYOLEG_V3_K0619,1.0004579224561794,0.9997124707887098,0.9912480300037217,1.0085843310795837,LEG_0_NOMINAL
32.2211486868294,1.0085843310795837,0.02,0.03,SUBJECT_V3_6b1a9983ec4e3e37b801fdc5,620,MYOLEG_V3_K0620,1.0005183953159156,0.9997124707887098,0.9900315312498769,1.0085843310795837,LEG_0_NOMINAL
32.219950709353206,1.0085843310795837,0.0225,0.03,SUBJECT_V3_b385f9e6d800c9d038c07b25,621,MYOLEG_V3_K0621,1.0005768252197094,0.9997124707887098,0.9888248777906783,1.0085843310795837,LEG_0_NOMINAL
32.21875013860469,1.0085843310795837,0.025,0.03,SUBJECT_V3_ccf83abb45080d8019fd2672,622,MYOLEG_V3_K0622,1.0006338599693343,0.9997124707887098,0.9876261989862162,1.0085843310795837,LEG_0_NOMINAL
32.21755374588725,1.0085843310795837,0.0275,0.03,SUBJECT_V3_2fc06eb9ddcddffe77f009a8,623,MYOLEG_V3_K0623,1.0006899658437316,0.9997124707887098,0.9864360432721867,1.0085843310795837,LEG_0_NOMINAL
32.2163652943014,1.0085843310795837,0.03,0.03,SUBJECT_V3_fb4477315efb8970c1111e5c,624,MYOLEG_V3_K0624,1.0007454122563846,0.9997124707887098,0.9852546483756783,1.0085843310795837,LEG_0_NOMINAL
98.5208646368717,1.014588821530486,-0.03,-0.03,SUBJECT_V3_4fca128ea69827f9ab54cb89,0,MYOLEG_V3_K0000,0.999724739143888,1.0001313843647504,1.014588821530486,0.9898462797451683,LEG_1_HEAVY_HIP_STIFF
98.5200805037847,1.013311994128729,-0.0275,-0.03,SUBJECT_V3_200908655e73daea907b0a2a,1,MYOLEG_V3_K0001,0.9997485950049149,1.0001313843647504,1.013311994128729,0.9898462797451683,LEG_1_HEAVY_HIP_STIFF
98.51930274627644,1.0120462852102678,-0.025,-0.03,SUBJECT_V3_c8baf46f9f14a690f39ceb7e,2,MYOLEG_V3_K0002,0.9997721739207237,1.0001313843647504,1.0120462852102678,0.9898462797451683,LEG_1_HEAVY_HIP_STIFF
98.51853746468495,1.010791823977233,-0.0225,-0.03,SUBJECT_V3_339cac397223897e7897e438,3,MYOLEG_V3_K0003,0.9997956402339362,1.0001313843647504,1.010791823977233,0.9898462797451683,LEG_1_HEAVY_HIP_STIFF
98.51777749334617,1.0095486490116894,-0.02,-0.03,SUBJECT_V3_d0b7bde4126d304adef7b4e2,4,MYOLEG_V3_K0004,0.9998187974062641,1.0001313843647504,1.0095486490116894,0.9898462797451683,LEG_1_HEAVY_HIP_STIFF
98.5170363701765,1.0083160418902744,-0.0175,-0.03,SUBJECT_V3_dde0b2a0b819de72268588dd,5,MYOLEG_V3_K0005,0.9998420438464468,1.0001313843647504,1.0083160418902744,0.9898462797451683,LEG_1_HEAVY_HIP_STIFF
98.51630458804387,1.0070947469545206,-0.015,-0.03,SUBJECT_V3_45f095b222338d580e46ff0d,6,MYOLEG_V3_K0006,0.9998650937339912,1.0001313843647504,1.0070947469545206,0.9898462797451683,LEG_1_HEAVY_HIP_STIFF
98.51558424784376,1.0058845384021933,-0.0125,-0.03,SUBJECT_V3_d2ddd3f7f05c826fb6661dcf,7,MYOLEG_V3_K0007,0.9998880141415654,1.0001313843647504,1.0058845384021933,0.9898462797451683,LEG_1_HEAVY_HIP_STIFF
98.514873084796,1.0046855025793509,-0.01,-0.03,SUBJECT_V3_00f6677492583939b8ac144e,8,MYOLEG_V3_K0008,0.9999107412938316,1.0001313843647504,1.0046855025793509,0.9898462797451683,LEG_1_HEAVY_HIP_STIFF
98.51417438313908,1.0034973761817088,-0.0075,-0.03,SUBJECT_V3_59e46c8ac5aafbf5bd769494,9,MYOLEG_V3_K0009,0.9999333759864276,1.0001313843647504,1.0034973761817088,0.9898462797451683,LEG_1_HEAVY_HIP_STIFF
98.5134857073811,1.0023203423671962,-0.005,-0.03,SUBJECT_V3_0c93fad24cc58efdbf3826c8,10,MYOLEG_V3_K0010,0.9999558463193884,1.0001313843647504,1.0023203423671962,0.9898462797451683,LEG_1_HEAVY_HIP_STIFF
98.51280727565745,1.0011543165961918,-0.0025,-0.03,SUBJECT_V3_2d9fd6c997a06f0f8606a52d,11,MYOLEG_V3_K0011,0.9999781626218076,1.0001313843647504,1.0011543165961918,0.9898462797451683,LEG_1_HEAVY_HIP_STIFF
98.51213895130236,1.0001313843647504,0.0,-0.03,SUBJECT_V3_bb95c561d77c90525a2fa906,12,MYOLEG_V3_K0012,1.0000003234116142,1.0001313843647504,0.9999992727888416,0.9898462797451683,LEG_1_HEAVY_HIP_STIFF
98.51149156572656,1.0001313843647504,0.0025,-0.03,SUBJECT_V3_ab964c128a2db41692dad791,13,MYOLEG_V3_K0013,1.0000223541727982,1.0001313843647504,0.9988630117620279,0.9898462797451683,LEG_1_HEAVY_HIP_STIFF
98.51084401358645,1.0001313843647504,0.005,-0.03,SUBJECT_V3_2c13b8d8808ed2c889ff109b,14,MYOLEG_V3_K0014,1.0000442255106972,1.0001313843647504,0.9977298755501449,0.9898462797451683,LEG_1_HEAVY_HIP_STIFF
98.5102061088956,1.0001313843647504,0.0075,-0.03,SUBJECT_V3_fd5eff613790405b16f62a98,15,MYOLEG_V3_K0015,1.0000659359518556,1.0001313843647504,0.9966076277681256,0.9898462797451683,LEG_1_HEAVY_HIP_STIFF
98.50957778722663,1.0001313843647504,0.01,-0.03,SUBJECT_V3_3dd51ed4c8fa46e9764cee7b,16,MYOLEG_V3_K0016,1.000087486186114,1.0001313843647504,0.9954962349423212,0.9898462797451683,LEG_1_HEAVY_HIP_STIFF
98.50896006540138,1.0001313843647504,0.0125,-0.03,SUBJECT_V3_6d630147c70e9b2c10ded527,17,MYOLEG_V3_K0017,1.000108909634604,1.0001313843647504,0.9943955750247254,0.9898462797451683,LEG_1_HEAVY_HIP_STIFF
98.50835030033585,1.0001313843647504,0.015,-0.03,SUBJECT_V3_4cbb783d7380e388eb79925f,18,MYOLEG_V3_K0018,1.0001301303666366,1.0001313843647504,0.9933057821146164,0.9898462797451683,LEG_1_HEAVY_HIP_STIFF
98.50774995741335,1.0001511941602685,0.0175,-0.03,SUBJECT_V3_3f7d6ad3f6336d30250fa82c,19,MYOLEG_V3_K0019,1.0001511941602685,1.0001313843647504,0.9922267317885334,0.9898462797451683,LEG_1_HEAVY_HIP_STIFF
98.5071616099316,1.000172177028905,0.02,-0.03,SUBJECT_V3_0af8971471d603688e16b7d9,20,MYOLEG_V3_K0020,1.000172177028905,1.0001313843647504,0.9911583030980448,0.9898462797451683,LEG_1_HEAVY_HIP_STIFF
98.50657833842912,1.0001928784684972,0.0225,-0.03,SUBJECT_V3_4efd2d41bce7ca7840a1c8bc,21,MYOLEG_V3_K0021,1.0001928784684972,1.0001313843647504,0.9901008387788797,0.9898462797451683,LEG_1_HEAVY_HIP_STIFF
98.50600433024995,1.0002134423967788,0.025,-0.03,SUBJECT_V3_ede07821c94b7205ea7b4c6d,22,MYOLEG_V3_K0022,1.0002134423967788,1.0001313843647504,0.9890535358316641,0.9898462797451683,LEG_1_HEAVY_HIP_STIFF
98.5054408557359,1.0002338988569586,0.0275,-0.03,SUBJECT_V3_231b66f23c00692e94523242,23,MYOLEG_V3_K0023,1.0002338988569586,1.0001313843647504,0.9880165654067201,0.9898462797451683,LEG_1_HEAVY_HIP_STIFF
98.50488900531508,1.0002542737484206,0.03,-0.03,SUBJECT_V3_1979cd33883b509b8ad63096,24,MYOLEG_V3_K0024,1.0002542737484206,1.0001313843647504,0.9869900760837074,0.9898462797451683,LEG_1_HEAVY_HIP_STIFF
98.52169784051668,1.014588821530486,-0.03,-0.0275,SUBJECT_V3_58e45b30aabb7d6c81fa006f,25,MYOLEG_V3_K0025,0.999724739143888,1.0001203453519487,1.014588821530486,0.9907022690177363,LEG_1_HEAVY_HIP_STIFF
98.52091371406118,1.013311994128729,-0.0275,-0.0275,SUBJECT_V3_78c60f90a4b82600736f8e46,26,MYOLEG_V3_K0026,0.9997485950049149,1.0001203453519487,1.013311994128729,0.9907022690177363,LEG_1_HEAVY_HIP_STIFF
98.5201359631306,1.0120462852102678,-0.025,-0.0275,SUBJECT_V3_17c51e78feba5925b8dc5542,27,MYOLEG_V3_K0027,0.9997721739207237,1.0001203453519487,1.0120462852102678,0.9907022690177363,LEG_1_HEAVY_HIP_STIFF
98.51937068801142,1.010791823977233,-0.0225,-0.0275,SUBJECT_V3_e800ae2a853de95bc7dc92bb,28,MYOLEG_V3_K0028,0.9997956402339362,1.0001203453519487,1.010791823977233,0.9907022690177363,LEG_1_HEAVY_HIP_STIFF
98.5186107231001,1.0095486490116894,-0.02,-0.0275,SUBJECT_V3_ccd46ded354151d744d9f20d,29,MYOLEG_V3_K0029,0.9998187974062641,1.0001203453519487,1.0095486490116894,0.9907022690177363,LEG_1_HEAVY_HIP_STIFF
98.51786960619859,1.0083160418902744,-0.0175,-0.0275,SUBJECT_V3_a2333312fe1363c36faf436a,30,MYOLEG_V3_K0030,0.9998420438464468,1.0001203453519487,1.0083160418902744,0.9907022690177363,LEG_1_HEAVY_HIP_STIFF
98.51713783025521,1.0070947469545206,-0.015,-0.0275,SUBJECT_V3_27f8e9dbf7222db1a4c14711,31,MYOLEG_V3_K0031,0.9998650937339912,1.0001203453519487,1.0070947469545206,0.9907022690177363,LEG_1_HEAVY_HIP_STIFF
98.51641749614767,1.0058845384021933,-0.0125,-0.0275,SUBJECT_V3_f62261aeb25cecd6f11a983b,32,MYOLEG_V3_K0032,0.9998880141415654,1.0001203453519487,1.0058845384021933,0.9907022690177363,LEG_1_HEAVY_HIP_STIFF
98.51570633911496,1.0046855025793509,-0.01,-0.0275,SUBJECT_V3_72330b978abce2be2c1ffddf,33,MYOLEG_V3_K0033,0.9999107412938316,1.0001203453519487,1.0046855025793509,0.9907022690177363,LEG_1_HEAVY_HIP_STIFF
98.51500764336774,1.0034973761817088,-0.0075,-0.0275,SUBJECT_V3_4b7348e7b5929651cd94f5e8,34,MYOLEG_V3_K0034,0.9999333759864276,1.0001203453519487,1.0034973761817088,0.9907022690177363,LEG_1_HEAVY_HIP_STIFF
98.51431897343477,1.0023203423671962,-0.005,-0.0275,SUBJECT_V3_2937a0e298333fd75e0b2746,35,MYOLEG_V3_K0035,0.9999558463193884,1.0001203453519487,1.0023203423671962,0.9907022690177363,LEG_1_HEAVY_HIP_STIFF
98.51364054744955,1.0011543165961918,-0.0025,-0.0275,SUBJECT_V3_24f9f0702efa7545e5e6d4a3,36,MYOLEG_V3_K0036,0.9999781626218076,1.0001203453519487,1.0011543165961918,0.9907022690177363,LEG_1_HEAVY_HIP_STIFF
98.5129722287475,1.0001203453519487,0.0,-0.0275,SUBJECT_V3_8f0ba9c949a30932e913a068,37,MYOLEG_V3_K0037,1.0000003234116142,1.0001203453519487,0.9999992727888416,0.9907022690177363,LEG_1_HEAVY_HIP_STIFF
98.51232484864767,1.0001203453519487,0.0025,-0.0275,SUBJECT_V3_c7165ba979de949aa261cc44,38,MYOLEG_V3_K0038,1.0000223541727982,1.0001203453519487,0.9988630117620279,0.9907022690177363,LEG_1_HEAVY_HIP_STIFF
98.51167730198502,1.0001203453519487,0.005,-0.0275,SUBJECT_V3_47605d1bb4457ba2e8a150df,39,MYOLEG_V3_K0039,1.0000442255106972,1.0001203453519487,0.9977298755501449,0.9907022690177363,LEG_1_HEAVY_HIP_STIFF
98.5110394026901,1.0001203453519487,0.0075,-0.0275,SUBJECT_V3_e95b9fba2e2fe2d8e05ac66d,40,MYOLEG_V3_K0040,1.0000659359518556,1.0001203453519487,0.9966076277681256,0.9907022690177363,LEG_1_HEAVY_HIP_STIFF
98.51041108633608,1.0001203453519487,0.01,-0.0275,SUBJECT_V3_b1cd2dc8ea4d6c3894f898f9,41,MYOLEG_V3_K0041,1.000087486186114,1.0001203453519487,0.9954962349423212,0.9907022690177363,LEG_1_HEAVY_HIP_STIFF
98.50979336973617,1.0001203453519487,0.0125,-0.0275,SUBJECT_V3_6c63640dd8f401c7378f7e64,42,MYOLEG_V3_K0042,1.000108909634604,1.0001203453519487,0.9943955750247254,0.9907022690177363,LEG_1_HEAVY_HIP_STIFF
98.50918360982872,1.0001301303666366,0.015,-0.0275,SUBJECT_V3_4619199f7d590a82d0f06468,43,MYOLEG_V3_K0043,1.0001301303666366,1.0001203453519487,0.9933057821146164,0.9907022690177363,LEG_1_HEAVY_HIP_STIFF
98.50858327198469,1.0001511941602685,0.0175,-0.0275,SUBJECT_V3_7c8223ae534d193be83eaa4f,44,MYOLEG_V3_K0044,1.0001511941602685,1.0001203453519487,0.9922267317885334,0.9907022690177363,LEG_1_HEAVY_HIP_STIFF
98.50799492947996,1.000172177028905,0.02,-0.0275,SUBJECT_V3_be0c0185b7ea8e340e15db8b,45,MYOLEG_V3_K0045,1.000172177028905,1.0001203453519487,0.9911583030980448,0.9907022690177363,LEG_1_HEAVY_HIP_STIFF
98.50741166291165,1.0001928784684972,0.0225,-0.0275,SUBJECT_V3_f5ba10a34b87ff2cda5ae507,46,MYOLEG_V3_K0046,1.0001928784684972,1.0001203453519487,0.9901008387788797,0.9907022690177363,LEG_1_HEAVY_HIP_STIFF
98.50683765958834,1.0002134423967788,0.025,-0.0275,SUBJECT_V3_5a228b650b2e90dbab1dda82,47,MYOLEG_V3_K0047,1.0002134423967788,1.0001203453519487,0.9890535358316641,0.9907022690177363,LEG_1_HEAVY_HIP_STIFF
98.5062741898411,1.0002338988569586,0.0275,-0.0275,SUBJECT_V3_f6db19ebbb5641fde40b9fae,48,MYOLEG_V3_K0048,1.0002338988569586,1.0001203453519487,0.9880165654067201,0.9907022690177363,LEG_1_HEAVY_HIP_STIFF
98.50572234408878,1.0002542737484206,0.03,-0.0275,SUBJECT_V3_fc996b7318d2eca299d357dc,49,MYOLEG_V3_K0049,1.0002542737484206,1.0001203453519487,0.9869900760837074,0.9907022690177363,LEG_1_HEAVY_HIP_STIFF
98.52252804379454,1.014588821530486,-0.03,-0.025,SUBJECT_V3_2482ca4cb12d91ff980fc0c5,50,MYOLEG_V3_K0050,0.999724739143888,1.0001092730555166,1.014588821530486,0.9915569125287527,LEG_1_HEAVY_HIP_STIFF
98.52174392394657,1.013311994128729,-0.0275,-0.025,SUBJECT_V3_d2c203390c48568ca1763e15,51,MYOLEG_V3_K0051,0.9997485950049149,1.0001092730555166,1.013311994128729,0.9915569125287527,LEG_1_HEAVY_HIP_STIFF
98.5209661795699,1.0120462852102678,-0.025,-0.025,SUBJECT_V3_3c4cee0ef01eeb4f82989338,52,MYOLEG_V3_K0052,0.9997721739207237,1.0001092730555166,1.0120462852102678,0.9915569125287527,LEG_1_HEAVY_HIP_STIFF
98.52020091089958,1.010791823977233,-0.0225,-0.025,SUBJECT_V3_bcfcb2c2cff1494e00da483f,53,MYOLEG_V3_K0053,0.9997956402339362,1.0001092730555166,1.010791823977233,0.9915569125287527,LEG_1_HEAVY_HIP_STIFF
98.51944095239249,1.0095486490116894,-0.02,-0.025,SUBJECT_V3_3e1c44b7c79ccfe51a95b3ec,54,MYOLEG_V3_K0054,0.9998187974062641,1.0001092730555166,1.0095486490116894,0.9915569125287527,LEG_1_HEAVY_HIP_STIFF
98.51869984173646,1.0083160418902744,-0.0175,-0.025,SUBJECT_V3_1fba5e850ccf6b9a537f2fa6,55,MYOLEG_V3_K0055,0.9998420438464468,1.0001092730555166,1.0083160418902744,0.9915569125287527,LEG_1_HEAVY_HIP_STIFF
98.51796807195993,1.0070947469545206,-0.015,-0.025,SUBJECT_V3_f93d76e920af4478b3d2b4e3,56,MYOLEG_V3_K0056,0.9998650937339912,1.0001092730555166,1.0070947469545206,0.9915569125287527,LEG_1_HEAVY_HIP_STIFF
98.51724774392292,1.0058845384021933,-0.0125,-0.025,SUBJECT_V3_f38e87a431c10971b1411f49,57,MYOLEG_V3_K0057,0.9998880141415654,1.0001092730555166,1.0058845384021933,0.9915569125287527,LEG_1_HEAVY_HIP_STIFF
98.51653659288347,1.0046855025793509,-0.01,-0.025,SUBJECT_V3_f9b55dfdc4507916e1bcbdca,58,MYOLEG_V3_K0058,0.9999107412938316,1.0001092730555166,1.0046855025793509,0.9915569125287527,LEG_1_HEAVY_HIP_STIFF
98.5158379030246,1.0034973761817088,-0.0075,-0.025,SUBJECT_V3_e3339ddd935b1cb6d21be968,59,MYOLEG_V3_K0059,0.9999333759864276,1.0001092730555166,1.0034973761817088,0.9915569125287527,LEG_1_HEAVY_HIP_STIFF
98.51514923889556,1.0023203423671962,-0.005,-0.025,SUBJECT_V3_d085295e502859ab272cbccc,60,MYOLEG_V3_K0060,0.9999558463193884,1.0001092730555166,1.0023203423671962,0.9915569125287527,LEG_1_HEAVY_HIP_STIFF
98.51447081862803,1.0011543165961918,-0.0025,-0.025,SUBJECT_V3_38509fd5d0259028cf261b2c,61,MYOLEG_V3_K0061,0.9999781626218076,1.0001092730555166,1.0011543165961918,0.9915569125287527,LEG_1_HEAVY_HIP_STIFF
98.51380250555853,1.0001092730555166,0.0,-0.025,SUBJECT_V3_96617094f013abb296f26f66,62,MYOLEG_V3_K0062,1.0000003234116142,1.0001092730555166,0.9999992727888416,0.9915569125287527,LEG_1_HEAVY_HIP_STIFF
98.51315513091487,1.0001092730555166,0.0025,-0.025,SUBJECT_V3_6247fb866ce9d2d5be7fde58,63,MYOLEG_V3_K0063,1.0000223541727982,1.0001092730555166,0.9988630117620279,0.9915569125287527,LEG_1_HEAVY_HIP_STIFF
98.51250758970987,1.0001092730555166,0.005,-0.025,SUBJECT_V3_b99203c5a72bb1793384530c,64,MYOLEG_V3_K0064,1.0000442255106972,1.0001092730555166,0.9977298755501449,0.9915569125287527,LEG_1_HEAVY_HIP_STIFF
98.51186969579138,1.0001092730555166,0.0075,-0.025,SUBJECT_V3_483f0bd5a14adb74139c3f98,65,MYOLEG_V3_K0065,1.0000659359518556,1.0001092730555166,0.9966076277681256,0.9915569125287527,LEG_1_HEAVY_HIP_STIFF
98.51124138473304,1.0001092730555166,0.01,-0.025,SUBJECT_V3_5c0ec992c75308e3c19242dd,66,MYOLEG_V3_K0066,1.000087486186114,1.0001092730555166,0.9954962349423212,0.9915569125287527,LEG_1_HEAVY_HIP_STIFF
98.51062367333957,1.0001092730555166,0.0125,-0.025,SUBJECT_V3_003914ed1fbd246dbcf4456d,67,MYOLEG_V3_K0067,1.000108909634604,1.0001092730555166,0.9943955750247254,0.9915569125287527,LEG_1_HEAVY_HIP_STIFF
98.51001391857156,1.0001301303666366,0.015,-0.025,SUBJECT_V3_aec5be201dc4b05b7748741b,68,MYOLEG_V3_K0068,1.0001301303666366,1.0001092730555166,0.9933057821146164,0.9915569125287527,LEG_1_HEAVY_HIP_STIFF
98.50941358578761,1.0001511941602685,0.0175,-0.025,SUBJECT_V3_25a2fd822e39b42a48cd8d27,69,MYOLEG_V3_K0069,1.0001511941602685,1.0001092730555166,0.9922267317885334,0.9915569125287527,LEG_1_HEAVY_HIP_STIFF
98.50882524824193,1.000172177028905,0.02,-0.025,SUBJECT_V3_897192ae8147bb7af8b9dfae,70,MYOLEG_V3_K0070,1.000172177028905,1.0001092730555166,0.9911583030980448,0.9915569125287527,LEG_1_HEAVY_HIP_STIFF
98.50824198658992,1.0001928784684972,0.0225,-0.025,SUBJECT_V3_1dfa04ac9dabe471061c17b7,71,MYOLEG_V3_K0071,1.0001928784684972,1.0001092730555166,0.9901008387788797,0.9915569125287527,LEG_1_HEAVY_HIP_STIFF
98.5076679881049,1.0002134423967788,0.025,-0.025,SUBJECT_V3_21e0bc40b81ffa113fca3a76,72,MYOLEG_V3_K0072,1.0002134423967788,1.0001092730555166,0.9890535358316641,0.9915569125287527,LEG_1_HEAVY_HIP_STIFF
98.5071045231072,1.0002338988569586,0.0275,-0.025,SUBJECT_V3_9533eb91d72d7ed975ed8060,73,MYOLEG_V3_K0073,1.0002338988569586,1.0001092730555166,0.9880165654067201,0.9915569125287527,LEG_1_HEAVY_HIP_STIFF
98.50655268200653,1.0002542737484206,0.03,-0.025,SUBJECT_V3_fa1ae24d30691dca36a385fa,74,MYOLEG_V3_K0074,1.0002542737484206,1.0001092730555166,0.9869900760837074,0.9915569125287527,LEG_1_HEAVY_HIP_STIFF
98.52335803285477,1.014588821530486,-0.03,-0.0225,SUBJECT_V3_077ec4552dd8cb6f39bd9ad8,75,MYOLEG_V3_K0075,0.999724739143888,1.0000982359534147,1.014588821530486,0.992409506274542,LEG_1_HEAVY_HIP_STIFF
98.5225739196125,1.013311994128729,-0.0275,-0.0225,SUBJECT_V3_b733be2cd67bdac5c0db1ec6,76,MYOLEG_V3_K0076,0.9997485950049149,1.0000982359534147,1.013311994128729,0.992409506274542,LEG_1_HEAVY_HIP_STIFF
98.52179618178792,1.0120462852102678,-0.025,-0.0225,SUBJECT_V3_a4c01d10b04a543e087b29db,77,MYOLEG_V3_K0077,0.9997721739207237,1.0000982359534147,1.0120462852102678,0.992409506274542,LEG_1_HEAVY_HIP_STIFF
98.5210309195647,1.010791823977233,-0.0225,-0.0225,SUBJECT_V3_16e390107cd3cdccc2c2fa7d,78,MYOLEG_V3_K0078,0.9997956402339362,1.0000982359534147,1.010791823977233,0.992409506274542,LEG_1_HEAVY_HIP_STIFF
98.52027096746008,1.0095486490116894,-0.02,-0.0225,SUBJECT_V3_70bf37a8dd0f41e7e1b5f6cc,79,MYOLEG_V3_K0079,0.9998187974062641,1.0000982359534147,1.0095486490116894,0.992409506274542,LEG_1_HEAVY_HIP_STIFF
98.51952986304781,1.0083160418902744,-0.0175,-0.0225,SUBJECT_V3_e6af1b4d3a2ce561bbd9c23d,80,MYOLEG_V3_K0080,0.9998420438464468,1.0000982359534147,1.0083160418902744,0.992409506274542,LEG_1_HEAVY_HIP_STIFF
98.51879809943644,1.0070947469545206,-0.015,-0.0225,SUBJECT_V3_7571232aea0bdb6461cb155d,81,MYOLEG_V3_K0081,0.9998650937339912,1.0000982359534147,1.0070947469545206,0.992409506274542,LEG_1_HEAVY_HIP_STIFF
98.51807777746828,1.0058845384021933,-0.0125,-0.0225,SUBJECT_V3_af0e7c524d5dd70cf5a0a7bd,82,MYOLEG_V3_K0082,0.9998880141415654,1.0000982359534147,1.0058845384021933,0.992409506274542,LEG_1_HEAVY_HIP_STIFF
98.51736663242046,1.0046855025793509,-0.01,-0.0225,SUBJECT_V3_a4dc878c8eb3736292848a43,83,MYOLEG_V3_K0083,0.9999107412938316,1.0000982359534147,1.0046855025793509,0.992409506274542,LEG_1_HEAVY_HIP_STIFF
98.51666794844832,1.0034973761817088,-0.0075,-0.0225,SUBJECT_V3_5a298c47864ebe93af3e3f0f,84,MYOLEG_V3_K0084,0.9999333759864276,1.0000982359534147,1.0034973761817088,0.992409506274542,LEG_1_HEAVY_HIP_STIFF
98.5159792901216,1.0023203423671962,-0.005,-0.0225,SUBJECT_V3_b186d907a6dbb0fce593dac3,85,MYOLEG_V3_K0085,0.9999558463193884,1.0000982359534147,1.0023203423671962,0.992409506274542,LEG_1_HEAVY_HIP_STIFF
98.51530087557018,1.0011543165961918,-0.0025,-0.0225,SUBJECT_V3_fdf0bb8d486ed06d1404a6c5,86,MYOLEG_V3_K0086,0.9999781626218076,1.0000982359534147,1.0011543165961918,0.992409506274542,LEG_1_HEAVY_HIP_STIFF
98.5146325681317,1.0000982359534147,0.0,-0.0225,SUBJECT_V3_a7756dd99a67589682fd85bc,87,MYOLEG_V3_K0087,1.0000003234116142,1.0000982359534147,0.9999992727888416,0.992409506274542,LEG_1_HEAVY_HIP_STIFF
98.51398519894272,1.0000982359534147,0.0025,-0.0225,SUBJECT_V3_0195147713b461cfb867ded9,88,MYOLEG_V3_K0088,1.0000223541727982,1.0000982359534147,0.9988630117620279,0.992409506274542,LEG_1_HEAVY_HIP_STIFF
98.51333766319387,1.0000982359534147,0.005,-0.0225,SUBJECT_V3_1b309bb2ef0887fabd3d99b0,89,MYOLEG_V3_K0089,1.0000442255106972,1.0000982359534147,0.9977298755501449,0.992409506274542,LEG_1_HEAVY_HIP_STIFF
98.5126997746503,1.0000982359534147,0.0075,-0.0225,SUBJECT_V3_bff14f7d889eea9c6780c883,90,MYOLEG_V3_K0090,1.0000659359518556,1.0000982359534147,0.9966076277681256,0.992409506274542,LEG_1_HEAVY_HIP_STIFF
98.51207146888622,1.0000982359534147,0.01,-0.0225,SUBJECT_V3_85ed7217145e104bc0aadade,91,MYOLEG_V3_K0091,1.000087486186114,1.0000982359534147,0.9954962349423212,0.992409506274542,LEG_1_HEAVY_HIP_STIFF
98.51145376269776,1.000108909634604,0.0125,-0.0225,SUBJECT_V3_17adcd2893f85bb3f17a4576,92,MYOLEG_V3_K0092,1.000108909634604,1.0000982359534147,0.9943955750247254,0.992409506274542,LEG_1_HEAVY_HIP_STIFF
98.51084401306777,1.0001301303666366,0.015,-0.0225,SUBJECT_V3_682721f0933d8cc0730e4abd,93,MYOLEG_V3_K0093,1.0001301303666366,1.0000982359534147,0.9933057821146164,0.992409506274542,LEG_1_HEAVY_HIP_STIFF
98.5102436853425,1.0001511941602685,0.0175,-0.0225,SUBJECT_V3_876d4cccadeaf88d1f6ff8b9,94,MYOLEG_V3_K0094,1.0001511941602685,1.0000982359534147,0.9922267317885334,0.992409506274542,LEG_1_HEAVY_HIP_STIFF
98.50965535275449,1.000172177028905,0.02,-0.0225,SUBJECT_V3_6da2e00416bbb15ba408a18e,95,MYOLEG_V3_K0095,1.000172177028905,1.0000982359534147,0.9911583030980448,0.992409506274542,LEG_1_HEAVY_HIP_STIFF
98.50907209601745,1.0001928784684972,0.0225,-0.0225,SUBJECT_V3_3b3482cee4c9e87d501912f7,96,MYOLEG_V3_K0096,1.0001928784684972,1.0000982359534147,0.9901008387788797,0.992409506274542,LEG_1_HEAVY_HIP_STIFF
98.50849810236939,1.0002134423967788,0.025,-0.0225,SUBJECT_V3_7592957ff974a9b6b41cef86,97,MYOLEG_V3_K0097,1.0002134423967788,1.0000982359534147,0.9890535358316641,0.992409506274542,LEG_1_HEAVY_HIP_STIFF
98.50793464211993,1.0002338988569586,0.0275,-0.0225,SUBJECT_V3_6bda5512fa2fb8b19cfa6d95,98,MYOLEG_V3_K0098,1.0002338988569586,1.0000982359534147,0.9880165654067201,0.992409506274542,LEG_1_HEAVY_HIP_STIFF
98.50738280566962,1.0002542737484206,0.03,-0.0225,SUBJECT_V3_b18cc869184e3d40bcbe2f07,99,MYOLEG_V3_K0099,1.0002542737484206,1.0000982359534147,0.9869900760837074,0.992409506274542,LEG_1_HEAVY_HIP_STIFF
98.52419044094741,1.014588821530486,-0.03,-0.02,SUBJECT_V3_32b94d3ed6600491d299ab59,100,MYOLEG_V3_K0100,0.999724739143888,1.0000872756583892,1.014588821530486,0.9932601682454157,LEG_1_HEAVY_HIP_STIFF
98.52340633432999,1.013311994128729,-0.0275,-0.02,SUBJECT_V3_52b385eb5d296fa5cd579662,101,MYOLEG_V3_K0101,0.9997485950049149,1.0000872756583892,1.013311994128729,0.9932601682454157,LEG_1_HEAVY_HIP_STIFF
98.5226286030765,1.0120462852102678,-0.025,-0.02,SUBJECT_V3_cd9a0d65e50fe21f92dc2926,102,MYOLEG_V3_K0102,0.9997721739207237,1.0000872756583892,1.0120462852102678,0.9932601682454157,LEG_1_HEAVY_HIP_STIFF
98.52186334731906,1.010791823977233,-0.0225,-0.02,SUBJECT_V3_09e8c88920496a49b3a83f1c,103,MYOLEG_V3_K0103,0.9997956402339362,1.0000872756583892,1.010791823977233,0.9932601682454157,LEG_1_HEAVY_HIP_STIFF
98.52110340163543,1.0095486490116894,-0.02,-0.02,SUBJECT_V3_b57229245445ac11dc3652e8,104,MYOLEG_V3_K0104,0.9998187974062641,1.0000872756583892,1.0095486490116894,0.9932601682454157,LEG_1_HEAVY_HIP_STIFF
98.52036230348503,1.0083160418902744,-0.0175,-0.02,SUBJECT_V3_4d3c4e0e02662051dff4a446,105,MYOLEG_V3_K0105,0.9998420438464468,1.0000872756583892,1.0083160418902744,0.9932601682454157,LEG_1_HEAVY_HIP_STIFF
98.5196305460567,1.0070947469545206,-0.015,-0.02,SUBJECT_V3_be264c0ce7ff0013d25da6cf,106,MYOLEG_V3_K0106,0.9998650937339912,1.0000872756583892,1.0070947469545206,0.9932601682454157,LEG_1_HEAVY_HIP_STIFF
98.51891023017498,1.0058845384021933,-0.0125,-0.02,SUBJECT_V3_1818ef8242f64876f882b89c,107,MYOLEG_V3_K0107,0.9998880141415654,1.0000872756583892,1.0058845384021933,0.9932601682454157,LEG_1_HEAVY_HIP_STIFF
98.51819909113615,1.0046855025793509,-0.01,-0.02,SUBJECT_V3_d5dd04db73917aab3b349a16,108,MYOLEG_V3_K0108,0.9999107412938316,1.0000872756583892,1.0046855025793509,0.9932601682454157,LEG_1_HEAVY_HIP_STIFF
98.51750041306778,1.0034973761817088,-0.0075,-0.02,SUBJECT_V3_5a306d1b807b70c0feef862b,109,MYOLEG_V3_K0109,0.9999333759864276,1.0000872756583892,1.0034973761817088,0.9932601682454157,LEG_1_HEAVY_HIP_STIFF
98.51681176056022,1.0023203423671962,-0.005,-0.02,SUBJECT_V3_b76c5e64b83910bb4854dc69,110,MYOLEG_V3_K0110,0.9999558463193884,1.0000872756583892,1.0023203423671962,0.9932601682454157,LEG_1_HEAVY_HIP_STIFF
98.51613335174144,1.0011543165961918,-0.0025,-0.02,SUBJECT_V3_b969bbd6a951f3973ede58e8,111,MYOLEG_V3_K0111,0.9999781626218076,1.0000872756583892,1.0011543165961918,0.9932601682454157,LEG_1_HEAVY_HIP_STIFF
98.51546504995031,1.0000872756583892,0.0,-0.02,SUBJECT_V3_86d15cd3b63b7838aea42d55,112,MYOLEG_V3_K0112,1.0000003234116142,1.0000872756583892,0.9999992727888416,0.9932601682454157,LEG_1_HEAVY_HIP_STIFF
98.51481768623181,1.0000872756583892,0.0025,-0.02,SUBJECT_V3_16a08b496fd74f8d1a71c7db,113,MYOLEG_V3_K0113,1.0000223541727982,1.0000872756583892,0.9988630117620279,0.9932601682454157,LEG_1_HEAVY_HIP_STIFF
98.5141701559549,1.0000872756583892,0.005,-0.02,SUBJECT_V3_8202f8de1ef5d84a8c519708,114,MYOLEG_V3_K0114,1.0000442255106972,1.0000872756583892,0.9977298755501449,0.9932601682454157,LEG_1_HEAVY_HIP_STIFF
98.51353227280184,1.0000872756583892,0.0075,-0.02,SUBJECT_V3_39d439346a35d8b2decb5317,115,MYOLEG_V3_K0115,1.0000659359518556,1.0000872756583892,0.9966076277681256,0.9932601682454157,LEG_1_HEAVY_HIP_STIFF
98.51290397234735,1.000087486186114,0.01,-0.02,SUBJECT_V3_b15b016120ee73ae9c762c01,116,MYOLEG_V3_K0116,1.000087486186114,1.0000872756583892,0.9954962349423212,0.9932601682454157,LEG_1_HEAVY_HIP_STIFF
98.51228627137897,1.000108909634604,0.0125,-0.02,SUBJECT_V3_345066d90a63d16d20123c9a,117,MYOLEG_V3_K0117,1.000108909634604,1.0000872756583892,0.9943955750247254,0.9932601682454157,LEG_1_HEAVY_HIP_STIFF
98.5116765269019,1.0001301303666366,0.015,-0.02,SUBJECT_V3_d264b2320bdd7bae277025d1,118,MYOLEG_V3_K0118,1.0001301303666366,1.0000872756583892,0.9933057821146164,0.9932601682454157,LEG_1_HEAVY_HIP_STIFF
98.51107620424999,1.0001511941602685,0.0175,-0.02,SUBJECT_V3_7487617e3698b4142b274bb6,119,MYOLEG_V3_K0119,1.0001511941602685,1.0000872756583892,0.9922267317885334,0.9932601682454157,LEG_1_HEAVY_HIP_STIFF
98.51048787663402,1.000172177028905,0.02,-0.02,SUBJECT_V3_5e65e16aa3eb0239fbef20e0,120,MYOLEG_V3_K0120,1.000172177028905,1.0000872756583892,0.9911583030980448,0.9932601682454157,LEG_1_HEAVY_HIP_STIFF
98.50990462482618,1.0001928784684972,0.0225,-0.02,SUBJECT_V3_f085dabb497e279aced3aea5,121,MYOLEG_V3_K0121,1.0001928784684972,1.0000872756583892,0.9901008387788797,0.9932601682454157,LEG_1_HEAVY_HIP_STIFF
98.50933063602908,1.0002134423967788,0.025,-0.02,SUBJECT_V3_69a16226f7357bb3f74b06fb,122,MYOLEG_V3_K0122,1.0002134423967788,1.0000872756583892,0.9890535358316641,0.9932601682454157,LEG_1_HEAVY_HIP_STIFF
98.50876718054164,1.0002338988569586,0.0275,-0.02,SUBJECT_V3_c95973d7db09b1d32cb3ce45,123,MYOLEG_V3_K0123,1.0002338988569586,1.0000872756583892,0.9880165654067201,0.9932601682454157,LEG_1_HEAVY_HIP_STIFF
98.50821534875514,1.0002542737484206,0.03,-0.02,SUBJECT_V3_5818baca58100305e0259d38,124,MYOLEG_V3_K0124,1.0002542737484206,1.0000872756583892,0.9869900760837074,0.9932601682454157,LEG_1_HEAVY_HIP_STIFF
98.52502236357743,1.014588821530486,-0.03,-0.0175,SUBJECT_V3_a1ae8d533c2f3bd2048999b6,125,MYOLEG_V3_K0125,0.999724739143888,1.0000763385988336,1.014588821530486,0.9941090382916633,LEG_1_HEAVY_HIP_STIFF
98.52423826358088,1.013311994128729,-0.0275,-0.0175,SUBJECT_V3_07b098b0d183290952a56b72,126,MYOLEG_V3_K0126,0.9997485950049149,1.0000763385988336,1.013311994128729,0.9941090382916633,LEG_1_HEAVY_HIP_STIFF
98.52346053889453,1.0120462852102678,-0.025,-0.0175,SUBJECT_V3_6877f6b562e2ea7c76eef706,127,MYOLEG_V3_K0127,0.9997721739207237,1.0000763385988336,1.0120462852102678,0.9941090382916633,LEG_1_HEAVY_HIP_STIFF
98.52269528959899,1.010791823977233,-0.0225,-0.0175,SUBJECT_V3_063ec3c81b92c6d2b27ae135,128,MYOLEG_V3_K0128,0.9997956402339362,1.0000763385988336,1.010791823977233,0.9941090382916633,LEG_1_HEAVY_HIP_STIFF
98.52193535033253,1.0095486490116894,-0.02,-0.0175,SUBJECT_V3_4b09a43784db44fb0b4ea52d,129,MYOLEG_V3_K0129,0.9998187974062641,1.0000763385988336,1.0095486490116894,0.9941090382916633,LEG_1_HEAVY_HIP_STIFF
98.52119425844022,1.0083160418902744,-0.0175,-0.0175,SUBJECT_V3_4f7c0516a9ef16eed958db72,130,MYOLEG_V3_K0130,0.9998420438464468,1.0000763385988336,1.0083160418902744,0.9941090382916633,LEG_1_HEAVY_HIP_STIFF
98.52046250719121,1.0070947469545206,-0.015,-0.0175,SUBJECT_V3_a4b9ea2f389f344e87296bb6,131,MYOLEG_V3_K0131,0.9998650937339912,1.0000763385988336,1.0070947469545206,0.9941090382916633,LEG_1_HEAVY_HIP_STIFF
98.51974219739228,1.0058845384021933,-0.0125,-0.0175,SUBJECT_V3_e1ca6696664bedb48e9b10d2,132,MYOLEG_V3_K0132,0.9998880141415654,1.0000763385988336,1.0058845384021933,0.9941090382916633,LEG_1_HEAVY_HIP_STIFF
98.51903106435883,1.0046855025793509,-0.01,-0.0175,SUBJECT_V3_eb0fcde7983b6d79e6fe2f93,133,MYOLEG_V3_K0133,0.9999107412938316,1.0000763385988336,1.0046855025793509,0.9941090382916633,LEG_1_HEAVY_HIP_STIFF
98.5183323921907,1.0034973761817088,-0.0075,-0.0175,SUBJECT_V3_d5f6652958b2614490aab88b,134,MYOLEG_V3_K0134,0.9999333759864276,1.0000763385988336,1.0034973761817088,0.9941090382916633,LEG_1_HEAVY_HIP_STIFF
98.51764374549879,1.0023203423671962,-0.005,-0.0175,SUBJECT_V3_07ed75883f2b672291597aa8,135,MYOLEG_V3_K0135,0.9999558463193884,1.0000763385988336,1.0023203423671962,0.9941090382916633,LEG_1_HEAVY_HIP_STIFF
98.51696534240924,1.0011543165961918,-0.0025,-0.0175,SUBJECT_V3_27035cdad0da91a43ca5c313,136,MYOLEG_V3_K0136,0.9999781626218076,1.0000763385988336,1.0011543165961918,0.9941090382916633,LEG_1_HEAVY_HIP_STIFF
98.51629704626204,1.0000763385988336,0.0,-0.0175,SUBJECT_V3_4d16bbbc90dd5e432504656e,137,MYOLEG_V3_K0137,1.0000003234116142,1.0000763385988336,0.9999992727888416,0.9941090382916633,LEG_1_HEAVY_HIP_STIFF
98.51564968801074,1.0000763385988336,0.0025,-0.0175,SUBJECT_V3_5118de06195ea8609b6bfcc1,138,MYOLEG_V3_K0138,1.0000223541727982,1.0000763385988336,0.9988630117620279,0.9941090382916633,LEG_1_HEAVY_HIP_STIFF
98.51500216320251,1.0000763385988336,0.005,-0.0175,SUBJECT_V3_7d499ce4550dd07ddb8ced9a,139,MYOLEG_V3_K0139,1.0000442255106972,1.0000763385988336,0.9977298755501449,0.9941090382916633,LEG_1_HEAVY_HIP_STIFF
98.51436428543671,1.0000763385988336,0.0075,-0.0175,SUBJECT_V3_1e562af138ed05231e2e2c9e,140,MYOLEG_V3_K0140,1.0000659359518556,1.0000763385988336,0.9966076277681256,0.9941090382916633,LEG_1_HEAVY_HIP_STIFF
98.51373599028864,1.000087486186114,0.01,-0.0175,SUBJECT_V3_288c1668ca2c6f435ff86282,141,MYOLEG_V3_K0141,1.000087486186114,1.0000763385988336,0.9954962349423212,0.9941090382916633,LEG_1_HEAVY_HIP_STIFF
98.51311829453721,1.000108909634604,0.0125,-0.0175,SUBJECT_V3_5145007f6fb10b0f2f676a00,142,MYOLEG_V3_K0142,1.000108909634604,1.0000763385988336,0.9943955750247254,0.9941090382916633,LEG_1_HEAVY_HIP_STIFF
98.51250855520995,1.0001301303666366,0.015,-0.0175,SUBJECT_V3_eac289bc7ef015dd9b441e1f,143,MYOLEG_V3_K0143,1.0001301303666366,1.0000763385988336,0.9933057821146164,0.9941090382916633,LEG_1_HEAVY_HIP_STIFF
98.51190823762835,1.0001511941602685,0.0175,-0.0175,SUBJECT_V3_a880477939655b90c5238fca,144,MYOLEG_V3_K0144,1.0001511941602685,1.0000763385988336,0.9922267317885334,0.9941090382916633,LEG_1_HEAVY_HIP_STIFF
98.51131991498143,1.000172177028905,0.02,-0.0175,SUBJECT_V3_b8ded61de0cfec5c8e8f3868,145,MYOLEG_V3_K0145,1.000172177028905,1.0000763385988336,0.9911583030980448,0.9941090382916633,LEG_1_HEAVY_HIP_STIFF
98.51073666809984,1.0001928784684972,0.0225,-0.0175,SUBJECT_V3_41367c7e79c12a83759bab93,146,MYOLEG_V3_K0146,1.0001928784684972,1.0000763385988336,0.9901008387788797,0.9941090382916633,LEG_1_HEAVY_HIP_STIFF
98.5101626841508,1.0002134423967788,0.025,-0.0175,SUBJECT_V3_ed886d1a7ee57e9af716610c,147,MYOLEG_V3_K0147,1.0002134423967788,1.0000763385988336,0.9890535358316641,0.9941090382916633,LEG_1_HEAVY_HIP_STIFF
98.50959923342252,1.0002338988569586,0.0275,-0.0175,SUBJECT_V3_b04289c7e7f1e2bae87cad7c,148,MYOLEG_V3_K0148,1.0002338988569586,1.0000763385988336,0.9880165654067201,0.9941090382916633,LEG_1_HEAVY_HIP_STIFF
98.50904740629704,1.0002542737484206,0.03,-0.0175,SUBJECT_V3_8e461024493ecb7f39104944,149,MYOLEG_V3_K0149,1.0002542737484206,1.0000763385988336,0.9869900760837074,0.9941090382916633,LEG_1_HEAVY_HIP_STIFF
98.52585450968967,1.014588821530486,-0.03,-0.015,SUBJECT_V3_30a0eccc0cbb408f972e6af9,150,MYOLEG_V3_K0150,0.999724739143888,1.0000654408805367,1.014588821530486,0.9949559859803968,LEG_1_HEAVY_HIP_STIFF
98.52507041631564,1.013311994128729,-0.0275,-0.015,SUBJECT_V3_5b142349d8842b5463bfaef8,151,MYOLEG_V3_K0151,0.9997485950049149,1.0000654408805367,1.013311994128729,0.9949559859803968,LEG_1_HEAVY_HIP_STIFF
98.52429269819808,1.0120462852102678,-0.025,-0.015,SUBJECT_V3_caaa184628378cf5b2e93d93,152,MYOLEG_V3_K0152,0.9997721739207237,1.0000654408805367,1.0120462852102678,0.9949559859803968,LEG_1_HEAVY_HIP_STIFF
98.52352745536606,1.010791823977233,-0.0225,-0.015,SUBJECT_V3_0210f632cd041057157c3fc5,153,MYOLEG_V3_K0153,0.9997956402339362,1.0000654408805367,1.010791823977233,0.9949559859803968,LEG_1_HEAVY_HIP_STIFF
98.52276752251838,1.0095486490116894,-0.02,-0.015,SUBJECT_V3_f6a065f2583b7159ae12e537,154,MYOLEG_V3_K0154,0.9998187974062641,1.0000654408805367,1.0095486490116894,0.9949559859803968,LEG_1_HEAVY_HIP_STIFF
98.52202643688575,1.0083160418902744,-0.0175,-0.015,SUBJECT_V3_ba22f786aab23259766000c7,155,MYOLEG_V3_K0155,0.9998420438464468,1.0000654408805367,1.0083160418902744,0.9949559859803968,LEG_1_HEAVY_HIP_STIFF
98.52129469181762,1.0070947469545206,-0.015,-0.015,SUBJECT_V3_25c55a9cd310fa116db54683,156,MYOLEG_V3_K0156,0.9998650937339912,1.0000654408805367,1.0070947469545206,0.9949559859803968,LEG_1_HEAVY_HIP_STIFF
98.52057438810301,1.0058845384021933,-0.0125,-0.015,SUBJECT_V3_35661afeddc51fdbea088bf2,157,MYOLEG_V3_K0157,0.9998880141415654,1.0000654408805367,1.0058845384021933,0.9949559859803968,LEG_1_HEAVY_HIP_STIFF
98.51986326107645,1.0046855025793509,-0.01,-0.015,SUBJECT_V3_8e6c37cda20fb51b418b9776,158,MYOLEG_V3_K0158,0.9999107412938316,1.0000654408805367,1.0046855025793509,0.9949559859803968,LEG_1_HEAVY_HIP_STIFF
98.51916459481004,1.0034973761817088,-0.0075,-0.015,SUBJECT_V3_cfbf0eedacfad85049edbd7a,159,MYOLEG_V3_K0159,0.9999333759864276,1.0000654408805367,1.0034973761817088,0.9949559859803968,LEG_1_HEAVY_HIP_STIFF
98.51847595393524,1.0023203423671962,-0.005,-0.015,SUBJECT_V3_2e35c8d71f3cfe0536bc79c6,160,MYOLEG_V3_K0160,0.9999558463193884,1.0000654408805367,1.0023203423671962,0.9949559859803968,LEG_1_HEAVY_HIP_STIFF
98.51779755657637,1.0011543165961918,-0.0025,-0.015,SUBJECT_V3_78088e15c285c03666fbaf05,161,MYOLEG_V3_K0161,0.9999781626218076,1.0000654408805367,1.0011543165961918,0.9949559859803968,LEG_1_HEAVY_HIP_STIFF
98.51712926607455,1.0000654408805367,0.0,-0.015,SUBJECT_V3_ec6ce2117f9f9bef2a842b0f,162,MYOLEG_V3_K0162,1.0000003234116142,1.0000654408805367,0.9999992727888416,0.9949559859803968,LEG_1_HEAVY_HIP_STIFF
98.5164819132918,1.0000654408805367,0.0025,-0.015,SUBJECT_V3_fd4f9c3d39531cef515a3dc5,163,MYOLEG_V3_K0163,1.0000223541727982,1.0000654408805367,0.9988630117620279,0.9949559859803968,LEG_1_HEAVY_HIP_STIFF
98.51583439395363,1.0000654408805367,0.005,-0.015,SUBJECT_V3_34c10d25d3fe93c837571146,164,MYOLEG_V3_K0164,1.0000442255106972,1.0000654408805367,0.9977298755501449,0.9949559859803968,LEG_1_HEAVY_HIP_STIFF
98.51519652157647,1.0000659359518556,0.0075,-0.015,SUBJECT_V3_007c53cae0099e197e1ad55b,165,MYOLEG_V3_K0165,1.0000659359518556,1.0000654408805367,0.9966076277681256,0.9949559859803968,LEG_1_HEAVY_HIP_STIFF
98.51456823173612,1.000087486186114,0.01,-0.015,SUBJECT_V3_91a310b2678e50c266576aaf,166,MYOLEG_V3_K0166,1.000087486186114,1.0000654408805367,0.9954962349423212,0.9949559859803968,LEG_1_HEAVY_HIP_STIFF
98.51395054120296,1.000108909634604,0.0125,-0.015,SUBJECT_V3_3a57583398e9a8b81afeebe5,167,MYOLEG_V3_K0167,1.000108909634604,1.0000654408805367,0.9943955750247254,0.9949559859803968,LEG_1_HEAVY_HIP_STIFF
98.51334080702682,1.0001301303666366,0.015,-0.015,SUBJECT_V3_a8c836f3a2ea91f08f8e644e,168,MYOLEG_V3_K0168,1.0001301303666366,1.0000654408805367,0.9933057821146164,0.9949559859803968,LEG_1_HEAVY_HIP_STIFF
98.51274049451679,1.0001511941602685,0.0175,-0.015,SUBJECT_V3_e4d1b8ce0808abd7186158a3,169,MYOLEG_V3_K0169,1.0001511941602685,1.0000654408805367,0.9922267317885334,0.9949559859803968,LEG_1_HEAVY_HIP_STIFF
98.51215217684019,1.000172177028905,0.02,-0.015,SUBJECT_V3_d8425465b657c10a2daf1fc8,170,MYOLEG_V3_K0170,1.000172177028905,1.0000654408805367,0.9911583030980448,0.9949559859803968,LEG_1_HEAVY_HIP_STIFF
98.51156893488607,1.0001928784684972,0.0225,-0.015,SUBJECT_V3_0421fb4187a366f6a16d3424,171,MYOLEG_V3_K0171,1.0001928784684972,1.0000654408805367,0.9901008387788797,0.9949559859803968,LEG_1_HEAVY_HIP_STIFF
98.51099495578632,1.0002134423967788,0.025,-0.015,SUBJECT_V3_ff9d3d264b6b8715622b7cb0,172,MYOLEG_V3_K0172,1.0002134423967788,1.0000654408805367,0.9890535358316641,0.9949559859803968,LEG_1_HEAVY_HIP_STIFF
98.51043150981839,1.0002338988569586,0.0275,-0.015,SUBJECT_V3_73abe7972463372d30c9111c,173,MYOLEG_V3_K0173,1.0002338988569586,1.0000654408805367,0.9880165654067201,0.9949559859803968,LEG_1_HEAVY_HIP_STIFF
98.50987968735511,1.0002542737484206,0.03,-0.015,SUBJECT_V3_669a93fe070742c85a7081d7,174,MYOLEG_V3_K0174,1.0002542737484206,1.0000654408805367,0.9869900760837074,0.9949559859803968,LEG_1_HEAVY_HIP_STIFF
98.5266843021945,1.014588821530486,-0.03,-0.0125,SUBJECT_V3_8933d0cb673fac7bf3fd9992,175,MYOLEG_V3_K0175,0.999724739143888,1.0000545316412215,1.014588821530486,0.9958012477691496,LEG_1_HEAVY_HIP_STIFF
98.52590021542417,1.013311994128729,-0.0275,-0.0125,SUBJECT_V3_54dcf5e4a154c0af74c005c4,176,MYOLEG_V3_K0176,0.9997485950049149,1.0000545316412215,1.013311994128729,0.9958012477691496,LEG_1_HEAVY_HIP_STIFF
98.52512250385672,1.0120462852102678,-0.025,-0.0125,SUBJECT_V3_d96a54fb8aba4c839ffadb4e,177,MYOLEG_V3_K0177,0.9997721739207237,1.0000545316412215,1.0120462852102678,0.9958012477691496,LEG_1_HEAVY_HIP_STIFF
98.52435726746984,1.010791823977233,-0.0225,-0.0125,SUBJECT_V3_3bb9262915944452137d3ba2,178,MYOLEG_V3_K0178,0.9997956402339362,1.0000545316412215,1.010791823977233,0.9958012477691496,LEG_1_HEAVY_HIP_STIFF
98.52359734102266,1.0095486490116894,-0.02,-0.0125,SUBJECT_V3_8dc8af7bb01d058bbde51870,179,MYOLEG_V3_K0179,0.9998187974062641,1.0000545316412215,1.0095486490116894,0.9958012477691496,LEG_1_HEAVY_HIP_STIFF
98.5228562616319,1.0083160418902744,-0.0175,-0.0125,SUBJECT_V3_4afc39c929e7c4d77b48da5d,180,MYOLEG_V3_K0180,0.9998420438464468,1.0000545316412215,1.0083160418902744,0.9958012477691496,LEG_1_HEAVY_HIP_STIFF
98.52212452272704,1.0070947469545206,-0.015,-0.0125,SUBJECT_V3_b68d9697a26fd503eb9101cb,181,MYOLEG_V3_K0181,0.9998650937339912,1.0000545316412215,1.0070947469545206,0.9958012477691496,LEG_1_HEAVY_HIP_STIFF
98.52140422507944,1.0058845384021933,-0.0125,-0.0125,SUBJECT_V3_91d8a961877619b1a44230c9,182,MYOLEG_V3_K0182,0.9998880141415654,1.0000545316412215,1.0058845384021933,0.9958012477691496,LEG_1_HEAVY_HIP_STIFF
98.52069310404269,1.0046855025793509,-0.01,-0.0125,SUBJECT_V3_6eb37397b82c778a19946ed7,183,MYOLEG_V3_K0183,0.9999107412938316,1.0000545316412215,1.0046855025793509,0.9958012477691496,LEG_1_HEAVY_HIP_STIFF
98.51999444366122,1.0034973761817088,-0.0075,-0.0125,SUBJECT_V3_af7f572170d7ce2e1c66432e,184,MYOLEG_V3_K0184,0.9999333759864276,1.0000545316412215,1.0034973761817088,0.9958012477691496,LEG_1_HEAVY_HIP_STIFF
98.51930580858699,1.0023203423671962,-0.005,-0.0125,SUBJECT_V3_2742a19c1c89e1ccb25d24e6,185,MYOLEG_V3_K0185,0.9999558463193884,1.0000545316412215,1.0023203423671962,0.9958012477691496,LEG_1_HEAVY_HIP_STIFF
98.51862741694248,1.0011543165961918,-0.0025,-0.0125,SUBJECT_V3_95c002c012ef110ba4a4b2fc,186,MYOLEG_V3_K0186,0.9999781626218076,1.0000545316412215,1.0011543165961918,0.9958012477691496,LEG_1_HEAVY_HIP_STIFF
98.51795913206996,1.0000545316412215,0.0,-0.0125,SUBJECT_V3_2f83fd1a953e2ecd4b393285,187,MYOLEG_V3_K0187,1.0000003234116142,1.0000545316412215,0.9999992727888416,0.9958012477691496,LEG_1_HEAVY_HIP_STIFF
98.51731178474023,1.0000545316412215,0.0025,-0.0125,SUBJECT_V3_aa1c3e78a7ec246f97efe08e,188,MYOLEG_V3_K0188,1.0000223541727982,1.0000545316412215,0.9988630117620279,0.9958012477691496,LEG_1_HEAVY_HIP_STIFF
98.51666427085655,1.0000545316412215,0.005,-0.0125,SUBJECT_V3_75277ea1308e6c5311fc2560,189,MYOLEG_V3_K0189,1.0000442255106972,1.0000545316412215,0.9977298755501449,0.9958012477691496,LEG_1_HEAVY_HIP_STIFF
98.51602640385266,1.0000659359518556,0.0075,-0.0125,SUBJECT_V3_5d956c459b0430c1df24f9f3,190,MYOLEG_V3_K0190,1.0000659359518556,1.0000545316412215,0.9966076277681256,0.9958012477691496,LEG_1_HEAVY_HIP_STIFF
98.51539811930498,1.000087486186114,0.01,-0.0125,SUBJECT_V3_dd04c55f4f91c2cda44c34c1,191,MYOLEG_V3_K0191,1.000087486186114,1.0000545316412215,0.9954962349423212,0.9958012477691496,LEG_1_HEAVY_HIP_STIFF
98.51478043397522,1.000108909634604,0.0125,-0.0125,SUBJECT_V3_f86a65e32d8eb2182edf64ca,192,MYOLEG_V3_K0192,1.000108909634604,1.0000545316412215,0.9943955750247254,0.9958012477691496,LEG_1_HEAVY_HIP_STIFF
98.51417070493554,1.0001301303666366,0.015,-0.0125,SUBJECT_V3_92e5777ab40e74cab499fbe8,193,MYOLEG_V3_K0193,1.0001301303666366,1.0000545316412215,0.9933057821146164,0.9958012477691496,LEG_1_HEAVY_HIP_STIFF
98.51357039748267,1.0001511941602685,0.0175,-0.0125,SUBJECT_V3_bb8263ba25f4c5dfb39facae,194,MYOLEG_V3_K0194,1.0001511941602685,1.0000545316412215,0.9922267317885334,0.9958012477691496,LEG_1_HEAVY_HIP_STIFF
98.51298208476223,1.000172177028905,0.02,-0.0125,SUBJECT_V3_3f651a4a09af12be2fe358ef,195,MYOLEG_V3_K0195,1.000172177028905,1.0000545316412215,0.9911583030980448,0.9958012477691496,LEG_1_HEAVY_HIP_STIFF
98.51239884772157,1.0001928784684972,0.0225,-0.0125,SUBJECT_V3_05b83f314f29e8f4319fa520,196,MYOLEG_V3_K0196,1.0001928784684972,1.0000545316412215,0.9901008387788797,0.9958012477691496,LEG_1_HEAVY_HIP_STIFF
98.51182487345731,1.0002134423967788,0.025,-0.0125,SUBJECT_V3_969ec31fdd3948ec00b24245,197,MYOLEG_V3_K0197,1.0002134423967788,1.0000545316412215,0.9890535358316641,0.9958012477691496,LEG_1_HEAVY_HIP_STIFF
98.51126143223618,1.0002338988569586,0.0275,-0.0125,SUBJECT_V3_8b24f6ce128d8652b8734a6b,198,MYOLEG_V3_K0198,1.0002338988569586,1.0000545316412215,0.9880165654067201,0.9958012477691496,LEG_1_HEAVY_HIP_STIFF
98.51070961442186,1.0002542737484206,0.03,-0.0125,SUBJECT_V3_53ded28a06f419d267fb38ca,199,MYOLEG_V3_K0199,1.0002542737484206,1.0000545316412215,0.9869900760837074,0.9958012477691496,LEG_1_HEAVY_HIP_STIFF
98.52751308399671,1.014588821530486,-0.03,-0.01,SUBJECT_V3_b859ab271080fc7d66123cd0,200,MYOLEG_V3_K0200,0.999724739143888,1.0000436403413264,1.014588821530486,0.9966446078473273,LEG_1_HEAVY_HIP_STIFF
98.52672900382191,1.013311994128729,-0.0275,-0.01,SUBJECT_V3_a0db42a4f2ddb24ed0b17d0d,201,MYOLEG_V3_K0201,0.9997485950049149,1.0000436403413264,1.013311994128729,0.9966446078473273,LEG_1_HEAVY_HIP_STIFF
98.52595129879647,1.0120462852102678,-0.025,-0.01,SUBJECT_V3_c6c749a1670d7cb95b03b206,202,MYOLEG_V3_K0202,0.9997721739207237,1.0000436403413264,1.0120462852102678,0.9966446078473273,LEG_1_HEAVY_HIP_STIFF
98.52518606884676,1.010791823977233,-0.0225,-0.01,SUBJECT_V3_844ee5ec240e114fb81f79b9,203,MYOLEG_V3_K0203,0.9997956402339362,1.0000436403413264,1.010791823977233,0.9966446078473273,LEG_1_HEAVY_HIP_STIFF
98.5244261487922,1.0095486490116894,-0.02,-0.01,SUBJECT_V3_c3c4a7f42f8ad0663436529b,204,MYOLEG_V3_K0204,0.9998187974062641,1.0000436403413264,1.0095486490116894,0.9966446078473273,LEG_1_HEAVY_HIP_STIFF
98.5236850756356,1.0083160418902744,-0.0175,-0.01,SUBJECT_V3_09f64edcc27101e9bfacbb28,205,MYOLEG_V3_K0205,0.9998420438464468,1.0000436403413264,1.0083160418902744,0.9966446078473273,LEG_1_HEAVY_HIP_STIFF
98.52295334288642,1.0070947469545206,-0.015,-0.01,SUBJECT_V3_27760cb1ed9e821dcd8842cc,206,MYOLEG_V3_K0206,0.9998650937339912,1.0000436403413264,1.0070947469545206,0.9966446078473273,LEG_1_HEAVY_HIP_STIFF
98.52223305129836,1.0058845384021933,-0.0125,-0.01,SUBJECT_V3_4849c5146805193cc73faa35,207,MYOLEG_V3_K0207,0.9998880141415654,1.0000436403413264,1.0058845384021933,0.9966446078473273,LEG_1_HEAVY_HIP_STIFF
98.521521936244,1.0046855025793509,-0.01,-0.01,SUBJECT_V3_8aafedc5c3f34e9afff32ef0,208,MYOLEG_V3_K0208,0.9999107412938316,1.0000436403413264,1.0046855025793509,0.9966446078473273,LEG_1_HEAVY_HIP_STIFF
98.52082328174018,1.0034973761817088,-0.0075,-0.01,SUBJECT_V3_e4f983b3793d9169e2ca551d,209,MYOLEG_V3_K0209,0.9999333759864276,1.0000436403413264,1.0034973761817088,0.9966446078473273,LEG_1_HEAVY_HIP_STIFF
98.52013465245936,1.0023203423671962,-0.005,-0.01,SUBJECT_V3_a6f2a3f63ac80ced0a3a6111,210,MYOLEG_V3_K0210,0.9999558463193884,1.0000436403413264,1.0023203423671962,0.9966446078473273,LEG_1_HEAVY_HIP_STIFF
98.51945626652216,1.0011543165961918,-0.0025,-0.01,SUBJECT_V3_891a1899e47f7ae9cbb77a76,211,MYOLEG_V3_K0211,0.9999781626218076,1.0000436403413264,1.0011543165961918,0.9966446078473273,LEG_1_HEAVY_HIP_STIFF
98.51878798727199,1.0000436403413264,0.0,-0.01,SUBJECT_V3_fe4da88a86f16b96c0c43a34,212,MYOLEG_V3_K0212,1.0000003234116142,1.0000436403413264,0.9999992727888416,0.9966446078473273,LEG_1_HEAVY_HIP_STIFF
98.51814064538854,1.0000436403413264,0.0025,-0.01,SUBJECT_V3_7a9561598de8b2bd83048f05,213,MYOLEG_V3_K0213,1.0000223541727982,1.0000436403413264,0.9988630117620279,0.9966446078473273,LEG_1_HEAVY_HIP_STIFF
98.51749313695261,1.0000442255106972,0.005,-0.01,SUBJECT_V3_c13e089fda655787909d65e2,214,MYOLEG_V3_K0214,1.0000442255106972,1.0000436403413264,0.9977298755501449,0.9966446078473273,LEG_1_HEAVY_HIP_STIFF
98.5168552753154,1.0000659359518556,0.0075,-0.01,SUBJECT_V3_586862a590ccdd7461ae9017,215,MYOLEG_V3_K0215,1.0000659359518556,1.0000436403413264,0.9966076277681256,0.9966446078473273,LEG_1_HEAVY_HIP_STIFF
98.5162269960538,1.000087486186114,0.01,-0.01,SUBJECT_V3_fcdd33107ce6f3bf0f9e8519,216,MYOLEG_V3_K0216,1.000087486186114,1.0000436403413264,0.9954962349423212,0.9966446078473273,LEG_1_HEAVY_HIP_STIFF
98.51560931592105,1.000108909634604,0.0125,-0.01,SUBJECT_V3_c8be6cc26862567d1f68be79,217,MYOLEG_V3_K0217,1.000108909634604,1.0000436403413264,0.9943955750247254,0.9966446078473273,LEG_1_HEAVY_HIP_STIFF
98.51499959201149,1.0001301303666366,0.015,-0.01,SUBJECT_V3_16eb02d7ce7261e6a2b657b9,218,MYOLEG_V3_K0218,1.0001301303666366,1.0000436403413264,0.9933057821146164,0.9966446078473273,LEG_1_HEAVY_HIP_STIFF
98.51439928960951,1.0001511941602685,0.0175,-0.01,SUBJECT_V3_4b362f200aa92af10e32a6d2,219,MYOLEG_V3_K0219,1.0001511941602685,1.0000436403413264,0.9922267317885334,0.9966446078473273,LEG_1_HEAVY_HIP_STIFF
98.51381098183913,1.000172177028905,0.02,-0.01,SUBJECT_V3_a20dcc4a0d4af755a63015c6,220,MYOLEG_V3_K0220,1.000172177028905,1.0000436403413264,0.9911583030980448,0.9966446078473273,LEG_1_HEAVY_HIP_STIFF
98.51322774970586,1.0001928784684972,0.0225,-0.01,SUBJECT_V3_2a77d847e5387e6fce769932,221,MYOLEG_V3_K0221,1.0001928784684972,1.0000436403413264,0.9901008387788797,0.9966446078473273,LEG_1_HEAVY_HIP_STIFF
98.51265378027112,1.0002134423967788,0.025,-0.01,SUBJECT_V3_139b84148ad0c1c9a4477235,222,MYOLEG_V3_K0222,1.0002134423967788,1.0000436403413264,0.9890535358316641,0.9966446078473273,LEG_1_HEAVY_HIP_STIFF
98.51209034379093,1.0002338988569586,0.0275,-0.01,SUBJECT_V3_5574337d0c3a63fccfbc4238,223,MYOLEG_V3_K0223,1.0002338988569586,1.0000436403413264,0.9880165654067201,0.9966446078473273,LEG_1_HEAVY_HIP_STIFF
98.51153853061979,1.0002542737484206,0.03,-0.01,SUBJECT_V3_a8b3596977897962330fe68f,224,MYOLEG_V3_K0224,1.0002542737484206,1.0000436403413264,0.9869900760837074,0.9966446078473273,LEG_1_HEAVY_HIP_STIFF
98.52834174894562,1.014588821530486,-0.03,-0.0075,SUBJECT_V3_52c9e759bd7192c421da163f,225,MYOLEG_V3_K0225,0.999724739143888,1.0000327847049373,1.014588821530486,0.9974859881194434,LEG_1_HEAVY_HIP_STIFF
98.52755767536533,1.013311994128729,-0.0275,-0.0075,SUBJECT_V3_8761b4de60065fa75934e8cb,226,MYOLEG_V3_K0226,0.9997485950049149,1.0000327847049373,1.013311994128729,0.9974859881194434,LEG_1_HEAVY_HIP_STIFF
98.52677997688086,1.0120462852102678,-0.025,-0.0075,SUBJECT_V3_ac6c9d971509814db0de4240,227,MYOLEG_V3_K0227,0.9997721739207237,1.0000327847049373,1.0120462852102678,0.9974859881194434,LEG_1_HEAVY_HIP_STIFF
98.52601475336732,1.010791823977233,-0.0225,-0.0075,SUBJECT_V3_7d99f57a634c804b8edf40ab,228,MYOLEG_V3_K0228,0.9997956402339362,1.0000327847049373,1.010791823977233,0.9974859881194434,LEG_1_HEAVY_HIP_STIFF
98.52525483970436,1.0095486490116894,-0.02,-0.0075,SUBJECT_V3_2d569153fb0e2734602db459,229,MYOLEG_V3_K0229,0.9998187974062641,1.0000327847049373,1.0095486490116894,0.9974859881194434,LEG_1_HEAVY_HIP_STIFF
98.52451377278094,1.0083160418902744,-0.0175,-0.0075,SUBJECT_V3_c0a857ab865aeb22953c8f0d,230,MYOLEG_V3_K0230,0.9998420438464468,1.0000327847049373,1.0083160418902744,0.9974859881194434,LEG_1_HEAVY_HIP_STIFF
98.52378204618647,1.0070947469545206,-0.015,-0.0075,SUBJECT_V3_70161b2a8142ec2b90453ac7,231,MYOLEG_V3_K0231,0.9998650937339912,1.0000327847049373,1.0070947469545206,0.9974859881194434,LEG_1_HEAVY_HIP_STIFF
98.52306176065694,1.0058845384021933,-0.0125,-0.0075,SUBJECT_V3_9b63a99e1503d1c5029087ba,232,MYOLEG_V3_K0232,0.9998880141415654,1.0000327847049373,1.0058845384021933,0.9974859881194434,LEG_1_HEAVY_HIP_STIFF
98.52235065158405,1.0046855025793509,-0.01,-0.0075,SUBJECT_V3_cda270f45fbdea93e0f10c70,233,MYOLEG_V3_K0233,0.9999107412938316,1.0000327847049373,1.0046855025793509,0.9974859881194434,LEG_1_HEAVY_HIP_STIFF
98.52165200295698,1.0034973761817088,-0.0075,-0.0075,SUBJECT_V3_8e3c63b48dc4c0920635dd2c,234,MYOLEG_V3_K0234,0.9999333759864276,1.0000327847049373,1.0034973761817088,0.9974859881194434,LEG_1_HEAVY_HIP_STIFF
98.52096337946864,1.0023203423671962,-0.005,-0.0075,SUBJECT_V3_54a0b676b3ef4d32e950d542,235,MYOLEG_V3_K0235,0.9999558463193884,1.0000327847049373,1.0023203423671962,0.9974859881194434,LEG_1_HEAVY_HIP_STIFF
98.52028499923784,1.0011543165961918,-0.0025,-0.0075,SUBJECT_V3_807d18468e806f4e2ea071e5,236,MYOLEG_V3_K0236,0.9999781626218076,1.0000327847049373,1.0011543165961918,0.9974859881194434,LEG_1_HEAVY_HIP_STIFF
98.51961672560915,1.0000327847049373,0.0,-0.0075,SUBJECT_V3_bc64b817efb2068c10d72b7b,237,MYOLEG_V3_K0237,1.0000003234116142,1.0000327847049373,0.9999992727888416,0.9974859881194434,LEG_1_HEAVY_HIP_STIFF
98.51896938917113,1.0000327847049373,0.0025,-0.0075,SUBJECT_V3_25729c159400fdac1c7f606e,238,MYOLEG_V3_K0238,1.0000223541727982,1.0000327847049373,0.9988630117620279,0.9974859881194434,LEG_1_HEAVY_HIP_STIFF
98.51832188618208,1.0000442255106972,0.005,-0.0075,SUBJECT_V3_6c8521e5eeeb80202ed7c204,239,MYOLEG_V3_K0239,1.0000442255106972,1.0000327847049373,0.9977298755501449,0.9974859881194434,LEG_1_HEAVY_HIP_STIFF
98.51768402991067,1.0000659359518556,0.0075,-0.0075,SUBJECT_V3_eebc2d46108d479b998388b4,240,MYOLEG_V3_K0240,1.0000659359518556,1.0000327847049373,0.9966076277681256,0.9974859881194434,LEG_1_HEAVY_HIP_STIFF
98.51705575593435,1.000087486186114,0.01,-0.0075,SUBJECT_V3_c0e6f0d236e48ddf4c5c310c,241,MYOLEG_V3_K0241,1.000087486186114,1.0000327847049373,0.9954962349423212,0.9974859881194434,LEG_1_HEAVY_HIP_STIFF
98.51643808099777,1.000108909634604,0.0125,-0.0075,SUBJECT_V3_d996a3d76fb8efde4f178428,242,MYOLEG_V3_K0242,1.000108909634604,1.0000327847049373,0.9943955750247254,0.9974859881194434,LEG_1_HEAVY_HIP_STIFF
98.51582836221752,1.0001301303666366,0.015,-0.0075,SUBJECT_V3_f8d484a401d75cc95d1bcf61,243,MYOLEG_V3_K0243,1.0001301303666366,1.0000327847049373,0.9933057821146164,0.9974859881194434,LEG_1_HEAVY_HIP_STIFF
98.51522806486565,1.0001511941602685,0.0175,-0.0075,SUBJECT_V3_d2177c0ab3647ba6c0c9e751,244,MYOLEG_V3_K0244,1.0001511941602685,1.0000327847049373,0.9922267317885334,0.9974859881194434,LEG_1_HEAVY_HIP_STIFF
98.51463976204452,1.000172177028905,0.02,-0.0075,SUBJECT_V3_56f7cfec830d3f5c24c8e0f7,245,MYOLEG_V3_K0245,1.000172177028905,1.0000327847049373,0.9911583030980448,0.9974859881194434,LEG_1_HEAVY_HIP_STIFF
98.51405653481788,1.0001928784684972,0.0225,-0.0075,SUBJECT_V3_2d381ddfed746ec7919b9336,246,MYOLEG_V3_K0246,1.0001928784684972,1.0000327847049373,0.9901008387788797,0.9974859881194434,LEG_1_HEAVY_HIP_STIFF
98.5134825702119,1.0002134423967788,0.025,-0.0075,SUBJECT_V3_a5dc454de31c903f3e1e6fce,247,MYOLEG_V3_K0247,1.0002134423967788,1.0000327847049373,0.9890535358316641,0.9974859881194434,LEG_1_HEAVY_HIP_STIFF
98.51291913847191,1.0002338988569586,0.0275,-0.0075,SUBJECT_V3_1ffaa3b8718ada07c9525611,248,MYOLEG_V3_K0248,1.0002338988569586,1.0000327847049373,0.9880165654067201,0.9974859881194434,LEG_1_HEAVY_HIP_STIFF
98.51236732994323,1.0002542737484206,0.03,-0.0075,SUBJECT_V3_51006ab5e0ae7557157051be,249,MYOLEG_V3_K0249,1.0002542737484206,1.0000327847049373,0.9869900760837074,0.9974859881194434,LEG_1_HEAVY_HIP_STIFF
98.52916954721067,1.014588821530486,-0.03,-0.005,SUBJECT_V3_475c9e1c42b8e8d04ee89c26,250,MYOLEG_V3_K0250,0.999724739143888,1.0000219498228005,1.014588821530486,0.9983254644991821,LEG_1_HEAVY_HIP_STIFF
98.52838548021788,1.013311994128729,-0.0275,-0.005,SUBJECT_V3_f5927747f84c04ccc83282b0,251,MYOLEG_V3_K0251,0.9997485950049149,1.0000219498228005,1.013311994128729,0.9983254644991821,LEG_1_HEAVY_HIP_STIFF
98.52760778826745,1.0120462852102678,-0.025,-0.005,SUBJECT_V3_40fdc240cdd1752d0819181d,252,MYOLEG_V3_K0252,0.9997721739207237,1.0000219498228005,1.0120462852102678,0.9983254644991821,LEG_1_HEAVY_HIP_STIFF
98.52684257118322,1.010791823977233,-0.0225,-0.005,SUBJECT_V3_37abe94298d23e7dd208228d,253,MYOLEG_V3_K0253,0.9997956402339362,1.0000219498228005,1.010791823977233,0.9983254644991821,LEG_1_HEAVY_HIP_STIFF
98.52608266390506,1.0095486490116894,-0.02,-0.005,SUBJECT_V3_73d651f780f5252a3b482b70,254,MYOLEG_V3_K0254,0.9998187974062641,1.0000219498228005,1.0095486490116894,0.9983254644991821,LEG_1_HEAVY_HIP_STIFF
98.52534160320819,1.0083160418902744,-0.0175,-0.005,SUBJECT_V3_487752100540c781ae5d961f,255,MYOLEG_V3_K0255,0.9998420438464468,1.0000219498228005,1.0083160418902744,0.9983254644991821,LEG_1_HEAVY_HIP_STIFF
98.52460988276188,1.0070947469545206,-0.015,-0.005,SUBJECT_V3_62290a9c7047f6407ab68c01,256,MYOLEG_V3_K0256,0.9998650937339912,1.0000219498228005,1.0070947469545206,0.9983254644991821,LEG_1_HEAVY_HIP_STIFF
98.52388960328449,1.0058845384021933,-0.0125,-0.005,SUBJECT_V3_5cadc2668b6fb2fb39d412f3,257,MYOLEG_V3_K0257,0.9998880141415654,1.0000219498228005,1.0058845384021933,0.9983254644991821,LEG_1_HEAVY_HIP_STIFF
98.5231785001867,1.0046855025793509,-0.01,-0.005,SUBJECT_V3_f7daa354e51eb8ef6d46e259,258,MYOLEG_V3_K0258,0.9999107412938316,1.0000219498228005,1.0046855025793509,0.9983254644991821,LEG_1_HEAVY_HIP_STIFF
98.52247985743011,1.0034973761817088,-0.0075,-0.005,SUBJECT_V3_4ed5a2856393373423710cf7,259,MYOLEG_V3_K0259,0.9999333759864276,1.0000219498228005,1.0034973761817088,0.9983254644991821,LEG_1_HEAVY_HIP_STIFF
98.52179123972812,1.0023203423671962,-0.005,-0.005,SUBJECT_V3_59462314f54968626500a426,260,MYOLEG_V3_K0260,0.9999558463193884,1.0000219498228005,1.0023203423671962,0.9983254644991821,LEG_1_HEAVY_HIP_STIFF
98.52111286519767,1.0011543165961918,-0.0025,-0.005,SUBJECT_V3_cefc4915e1c32801aeccf6e4,261,MYOLEG_V3_K0261,0.9999781626218076,1.0000219498228005,1.0011543165961918,0.9983254644991821,LEG_1_HEAVY_HIP_STIFF
98.52044459718446,1.0000219498228005,0.0,-0.005,SUBJECT_V3_a0536a44538749c3e391082b,262,MYOLEG_V3_K0262,1.0000003234116142,1.0000219498228005,0.9999992727888416,0.9983254644991821,LEG_1_HEAVY_HIP_STIFF
98.51979726618607,1.0000223541727982,0.0025,-0.005,SUBJECT_V3_dc846ee52719df08c3925793,263,MYOLEG_V3_K0263,1.0000223541727982,1.0000219498228005,0.9988630117620279,0.9983254644991821,LEG_1_HEAVY_HIP_STIFF
98.51914976863812,1.0000442255106972,0.005,-0.005,SUBJECT_V3_c410e0df3d23c02d73e4a75b,264,MYOLEG_V3_K0264,1.0000442255106972,1.0000219498228005,0.9977298755501449,0.9983254644991821,LEG_1_HEAVY_HIP_STIFF
98.51851191772683,1.0000659359518556,0.0075,-0.005,SUBJECT_V3_3dc43c156a3068333d1a5f20,265,MYOLEG_V3_K0265,1.0000659359518556,1.0000219498228005,0.9966076277681256,0.9983254644991821,LEG_1_HEAVY_HIP_STIFF
98.51788364903017,1.000087486186114,0.01,-0.005,SUBJECT_V3_8438ebe6cb6124a99c7f25a9,266,MYOLEG_V3_K0266,1.000087486186114,1.0000219498228005,0.9954962349423212,0.9983254644991821,LEG_1_HEAVY_HIP_STIFF
98.51726597928423,1.000108909634604,0.0125,-0.005,SUBJECT_V3_fb7f385014966a04001788dc,267,MYOLEG_V3_K0267,1.000108909634604,1.0000219498228005,0.9943955750247254,0.9983254644991821,LEG_1_HEAVY_HIP_STIFF
98.51665626562783,1.0001301303666366,0.015,-0.005,SUBJECT_V3_96f98550148d56a3e1566a57,268,MYOLEG_V3_K0268,1.0001301303666366,1.0000219498228005,0.9933057821146164,0.9983254644991821,LEG_1_HEAVY_HIP_STIFF
98.51605597332072,1.0001511941602685,0.0175,-0.005,SUBJECT_V3_7f80ae5e5a54af7d5bc7c763,269,MYOLEG_V3_K0269,1.0001511941602685,1.0000219498228005,0.9922267317885334,0.9983254644991821,LEG_1_HEAVY_HIP_STIFF
98.51546767544359,1.000172177028905,0.02,-0.005,SUBJECT_V3_f808ef3c6831f56eaeef9215,270,MYOLEG_V3_K0270,1.000172177028905,1.0000219498228005,0.9911583030980448,0.9983254644991821,LEG_1_HEAVY_HIP_STIFF
98.51488445311836,1.0001928784684972,0.0225,-0.005,SUBJECT_V3_881c14cf5133e9d69ad50458,271,MYOLEG_V3_K0271,1.0001928784684972,1.0000219498228005,0.9901008387788797,0.9983254644991821,LEG_1_HEAVY_HIP_STIFF
98.514310493336,1.0002134423967788,0.025,-0.005,SUBJECT_V3_f7d7c84d2080040df5bcf332,272,MYOLEG_V3_K0272,1.0002134423967788,1.0000219498228005,0.9890535358316641,0.9983254644991821,LEG_1_HEAVY_HIP_STIFF
98.51374706633116,1.0002338988569586,0.0275,-0.005,SUBJECT_V3_6899e2a1eefa6207fdfdd9a1,273,MYOLEG_V3_K0273,1.0002338988569586,1.0000219498228005,0.9880165654067201,0.9983254644991821,LEG_1_HEAVY_HIP_STIFF
98.51319526244001,1.0002542737484206,0.03,-0.005,SUBJECT_V3_038194afdb5e784c8c02e324,274,MYOLEG_V3_K0274,1.0002542737484206,1.0000219498228005,0.9869900760837074,0.9983254644991821,LEG_1_HEAVY_HIP_STIFF
98.52999672720436,1.014588821530486,-0.03,-0.0025,SUBJECT_V3_1a31e9cdca86499b36ab5bf6,275,MYOLEG_V3_K0275,0.999724739143888,1.000011141917169,1.014588821530486,0.9991629752562687,LEG_1_HEAVY_HIP_STIFF
98.52921266679401,1.013311994128729,-0.0275,-0.0025,SUBJECT_V3_aed465abcd9c957c93beddb7,276,MYOLEG_V3_K0276,0.9997485950049149,1.000011141917169,1.013311994128729,0.9991629752562687,LEG_1_HEAVY_HIP_STIFF
98.52843498137263,1.0120462852102678,-0.025,-0.0025,SUBJECT_V3_5da59bc9dd6658c54aed6d51,277,MYOLEG_V3_K0277,0.9997721739207237,1.000011141917169,1.0120462852102678,0.9991629752562687,LEG_1_HEAVY_HIP_STIFF
98.52766977071282,1.010791823977233,-0.0225,-0.0025,SUBJECT_V3_40f32510e479c6f42f2090bc,278,MYOLEG_V3_K0278,0.9997956402339362,1.000011141917169,1.010791823977233,0.9991629752562687,LEG_1_HEAVY_HIP_STIFF
98.52690986981459,1.0095486490116894,-0.02,-0.0025,SUBJECT_V3_394a2078a7c4769c36b2cfa9,279,MYOLEG_V3_K0279,0.9998187974062641,1.000011141917169,1.0095486490116894,0.9991629752562687,LEG_1_HEAVY_HIP_STIFF
98.52616881533952,1.0083160418902744,-0.0175,-0.0025,SUBJECT_V3_2e32a5ebdd06a09763ed4c9e,280,MYOLEG_V3_K0280,0.9998420438464468,1.000011141917169,1.0083160418902744,0.9991629752562687,LEG_1_HEAVY_HIP_STIFF
98.52543710103667,1.0070947469545206,-0.015,-0.0025,SUBJECT_V3_c30ed856a1949a857a4f54b3,281,MYOLEG_V3_K0281,0.9998650937339912,1.000011141917169,1.0070947469545206,0.9991629752562687,LEG_1_HEAVY_HIP_STIFF
98.52471682760678,1.0058845384021933,-0.0125,-0.0025,SUBJECT_V3_3118e6c32ea9a55126add8d0,282,MYOLEG_V3_K0282,0.9998880141415654,1.000011141917169,1.0058845384021933,0.9991629752562687,LEG_1_HEAVY_HIP_STIFF
98.52400573047954,1.0046855025793509,-0.01,-0.0025,SUBJECT_V3_ebf88bf3491706afffa162cc,283,MYOLEG_V3_K0283,0.9999107412938316,1.000011141917169,1.0046855025793509,0.9991629752562687,LEG_1_HEAVY_HIP_STIFF
98.52330709358897,1.0034973761817088,-0.0075,-0.0025,SUBJECT_V3_17144c073bdad4184956425d,284,MYOLEG_V3_K0284,0.9999333759864276,1.000011141917169,1.0034973761817088,0.9991629752562687,LEG_1_HEAVY_HIP_STIFF
98.52261848166887,1.0023203423671962,-0.005,-0.0025,SUBJECT_V3_8cfe617f0de6c6a916d2a5a5,285,MYOLEG_V3_K0285,0.9999558463193884,1.000011141917169,1.0023203423671962,0.9991629752562687,LEG_1_HEAVY_HIP_STIFF
98.52194011283441,1.0011543165961918,-0.0025,-0.0025,SUBJECT_V3_e21b424b3e1afd5c77272acb,286,MYOLEG_V3_K0286,0.9999781626218076,1.000011141917169,1.0011543165961918,0.9991629752562687,LEG_1_HEAVY_HIP_STIFF
98.52127185043243,1.000011141917169,0.0,-0.0025,SUBJECT_V3_b8859e6adfbe17109dc8eacb,287,MYOLEG_V3_K0287,1.0000003234116142,1.000011141917169,0.9999992727888416,0.9991629752562687,LEG_1_HEAVY_HIP_STIFF
98.52062452486949,1.0000223541727982,0.0025,-0.0025,SUBJECT_V3_0af4f7a38f731d321d1e2016,288,MYOLEG_V3_K0288,1.0000223541727982,1.000011141917169,0.9988630117620279,0.9991629752562687,LEG_1_HEAVY_HIP_STIFF
98.5199770327585,1.0000442255106972,0.005,-0.0025,SUBJECT_V3_43ebc1e16f8690f5f5319c13,289,MYOLEG_V3_K0289,1.0000442255106972,1.000011141917169,0.9977298755501449,0.9991629752562687,LEG_1_HEAVY_HIP_STIFF
98.51933918720322,1.0000659359518556,0.0075,-0.0025,SUBJECT_V3_d421978422e3cd4ff15e7cdb,290,MYOLEG_V3_K0290,1.0000659359518556,1.000011141917169,0.9966076277681256,0.9991629752562687,LEG_1_HEAVY_HIP_STIFF
98.51871092378218,1.000087486186114,0.01,-0.0025,SUBJECT_V3_cd37dc19c70e21467a8e52bd,291,MYOLEG_V3_K0291,1.000087486186114,1.000011141917169,0.9954962349423212,0.9991629752562687,LEG_1_HEAVY_HIP_STIFF
98.51809325922294,1.000108909634604,0.0125,-0.0025,SUBJECT_V3_bda9ccd1e6cf945c6c6c8f86,292,MYOLEG_V3_K0292,1.000108909634604,1.000011141917169,0.9943955750247254,0.9991629752562687,LEG_1_HEAVY_HIP_STIFF
98.51748355068648,1.0001301303666366,0.015,-0.0025,SUBJECT_V3_88261878c4b3df5c080dacfe,293,MYOLEG_V3_K0293,1.0001301303666366,1.000011141917169,0.9933057821146164,0.9991629752562687,LEG_1_HEAVY_HIP_STIFF
98.51688326342025,1.0001511941602685,0.0175,-0.0025,SUBJECT_V3_a6646d11de4553f6424fb4e1,294,MYOLEG_V3_K0294,1.0001511941602685,1.000011141917169,0.9922267317885334,0.9991629752562687,LEG_1_HEAVY_HIP_STIFF
98.51629497048336,1.000172177028905,0.02,-0.0025,SUBJECT_V3_259a6cccab606f0cb726e919,295,MYOLEG_V3_K0295,1.000172177028905,1.000011141917169,0.9911583030980448,0.9991629752562687,LEG_1_HEAVY_HIP_STIFF
98.5157117530558,1.0001928784684972,0.0225,-0.0025,SUBJECT_V3_311207ea1ee4d6f7fead45fa,296,MYOLEG_V3_K0296,1.0001928784684972,1.000011141917169,0.9901008387788797,0.9991629752562687,LEG_1_HEAVY_HIP_STIFF
98.51513779809336,1.0002134423967788,0.025,-0.0025,SUBJECT_V3_8430fc96c539e07c8cc628b2,297,MYOLEG_V3_K0297,1.0002134423967788,1.000011141917169,0.9890535358316641,0.9991629752562687,LEG_1_HEAVY_HIP_STIFF
98.51457437582008,1.0002338988569586,0.0275,-0.0025,SUBJECT_V3_e0275f6da33b9169dd6e2f37,298,MYOLEG_V3_K0298,1.0002338988569586,1.000011141917169,0.9880165654067201,0.9991629752562687,LEG_1_HEAVY_HIP_STIFF
98.51402257656291,1.0002542737484206,0.03,-0.0025,SUBJECT_V3_4b383ab561f710f99947a35a,299,MYOLEG_V3_K0299,1.0002542737484206,1.000011141917169,0.9869900760837074,0.9991629752562687,LEG_1_HEAVY_HIP_STIFF
98.5308232892852,1.014588821530486,-0.03,0.0,SUBJECT_V3_a5f0584c424248c4e4c17aa0,300,MYOLEG_V3_K0300,0.999724739143888,1.0000003615848208,1.014588821530486,0.9999985055315396,LEG_1_HEAVY_HIP_STIFF
98.53003923545228,1.013311994128729,-0.0275,0.0,SUBJECT_V3_e140a3bc011a16df5273e74f,301,MYOLEG_V3_K0301,0.9997485950049149,1.0000003615848208,1.013311994128729,0.9999985055315396,LEG_1_HEAVY_HIP_STIFF
98.52926155655494,1.0120462852102678,-0.025,0.0,SUBJECT_V3_6184b7d08f5185ed8fcb22c7,302,MYOLEG_V3_K0302,0.9997721739207237,1.0000003615848208,1.0120462852102678,0.9999985055315396,LEG_1_HEAVY_HIP_STIFF
98.52849635231463,1.010791823977233,-0.0225,0.0,SUBJECT_V3_a2e839337216bb9c90f0a9d8,303,MYOLEG_V3_K0303,0.9997956402339362,1.0000003615848208,1.010791823977233,0.9999985055315396,LEG_1_HEAVY_HIP_STIFF
98.52773645779148,1.0095486490116894,-0.02,0.0,SUBJECT_V3_5311e5e632e104dbaf0aa831,304,MYOLEG_V3_K0304,0.9998187974062641,1.0000003615848208,1.0095486490116894,0.9999985055315396,LEG_1_HEAVY_HIP_STIFF
98.52699540953344,1.0083160418902744,-0.0175,0.0,SUBJECT_V3_f6021fc68e2ab59311899614,305,MYOLEG_V3_K0305,0.9998420438464468,1.0000003615848208,1.0083160418902744,0.9999985055315396,LEG_1_HEAVY_HIP_STIFF
98.52626370136937,1.0070947469545206,-0.015,0.0,SUBJECT_V3_c677bcd253344270701b35da,306,MYOLEG_V3_K0306,0.9998650937339912,1.0000003615848208,1.0070947469545206,0.9999985055315396,LEG_1_HEAVY_HIP_STIFF
98.52554343398236,1.0058845384021933,-0.0125,0.0,SUBJECT_V3_7c0571cf0388ede6346b08a9,307,MYOLEG_V3_K0307,0.9998880141415654,1.0000003615848208,1.0058845384021933,0.9999985055315396,LEG_1_HEAVY_HIP_STIFF
98.52483234282111,1.0046855025793509,-0.01,0.0,SUBJECT_V3_e75c7856fe72bcba210c2b07,308,MYOLEG_V3_K0308,0.9999107412938316,1.0000003615848208,1.0046855025793509,0.9999985055315396,LEG_1_HEAVY_HIP_STIFF
98.52413371179206,1.0034973761817088,-0.0075,0.0,SUBJECT_V3_4df3b83a226c41cfe58c58ac,309,MYOLEG_V3_K0309,0.9999333759864276,1.0000003615848208,1.0034973761817088,0.9999985055315396,LEG_1_HEAVY_HIP_STIFF
98.52344510564947,1.0023203423671962,-0.005,0.0,SUBJECT_V3_e470ac3fea4c84780a13fc54,310,MYOLEG_V3_K0310,0.9999558463193884,1.0000003615848208,1.0023203423671962,0.9999985055315396,LEG_1_HEAVY_HIP_STIFF
98.52276674250665,1.0011543165961918,-0.0025,0.0,SUBJECT_V3_50f1c1a3284f37a4e77c3319,311,MYOLEG_V3_K0311,0.9999781626218076,1.0000003615848208,1.0011543165961918,0.9999985055315396,LEG_1_HEAVY_HIP_STIFF
98.52206905582267,1.0,0.0,0.0,SUBJECT_V3_f47811dc53a018c8f07696c9,312,MYOLEG_V3_K0312,1.0,1.0,1.0,1.0,LEG_1_HEAVY_HIP_STIFF
98.52145116557999,1.0000223541727982,0.0025,0.0,SUBJECT_V3_5cca9c3928e8baae3d7b7edd,313,MYOLEG_V3_K0313,1.0000223541727982,1.0000003615848208,0.9988630117620279,0.9999985055315396,LEG_1_HEAVY_HIP_STIFF
98.52080367890177,1.0000442255106972,0.005,0.0,SUBJECT_V3_759358b036a0efb872b1ce26,314,MYOLEG_V3_K0314,1.0000442255106972,1.0000003615848208,0.9977298755501449,0.9999985055315396,LEG_1_HEAVY_HIP_STIFF
98.52016583869843,1.0000659359518556,0.0075,0.0,SUBJECT_V3_b92a38a7ead0b375fa86f72f,315,MYOLEG_V3_K0315,1.0000659359518556,1.0000003615848208,0.9966076277681256,0.9999985055315396,LEG_1_HEAVY_HIP_STIFF
98.51953758054897,1.000087486186114,0.01,0.0,SUBJECT_V3_2ea641c3f8ef7b9f16ef490d,316,MYOLEG_V3_K0316,1.000087486186114,1.0000003615848208,0.9954962349423212,0.9999985055315396,LEG_1_HEAVY_HIP_STIFF
98.51891992117247,1.000108909634604,0.0125,0.0,SUBJECT_V3_4e120117d88a60261ff08360,317,MYOLEG_V3_K0317,1.000108909634604,1.0000003615848208,0.9943955750247254,0.9999985055315396,LEG_1_HEAVY_HIP_STIFF
98.51831021775203,1.0001301303666366,0.015,0.0,SUBJECT_V3_bf1cd7b62f975da366305c6b,318,MYOLEG_V3_K0318,1.0001301303666366,1.0000003615848208,0.9933057821146164,0.9999985055315396,LEG_1_HEAVY_HIP_STIFF
98.51770993552284,1.0001511941602685,0.0175,0.0,SUBJECT_V3_745d8a8c17543fc4729451e9,319,MYOLEG_V3_K0319,1.0001511941602685,1.0000003615848208,0.9922267317885334,0.9999985055315396,LEG_1_HEAVY_HIP_STIFF
98.51712164752242,1.000172177028905,0.02,0.0,SUBJECT_V3_13d446be04b1c2917949eb37,320,MYOLEG_V3_K0320,1.000172177028905,1.0000003615848208,0.9911583030980448,0.9999985055315396,LEG_1_HEAVY_HIP_STIFF
98.51653843498876,1.0001928784684972,0.0225,0.0,SUBJECT_V3_dcd53a1267ef62cd6819861e,321,MYOLEG_V3_K0321,1.0001928784684972,1.0000003615848208,0.9901008387788797,0.9999985055315396,LEG_1_HEAVY_HIP_STIFF
98.5159644848426,1.0002134423967788,0.025,0.0,SUBJECT_V3_607e2d2a17d696144bf19ede,322,MYOLEG_V3_K0322,1.0002134423967788,1.0000003615848208,0.9890535358316641,0.9999985055315396,LEG_1_HEAVY_HIP_STIFF
98.51540106729723,1.0002338988569586,0.0275,0.0,SUBJECT_V3_9bfc3644751f36e868b3de9f,323,MYOLEG_V3_K0323,1.0002338988569586,1.0000003615848208,0.9880165654067201,0.9999985055315396,LEG_1_HEAVY_HIP_STIFF
98.51484927267052,1.0002542737484206,0.03,0.0,SUBJECT_V3_0e8b8f080c7b3d1ad04930bd,324,MYOLEG_V3_K0324,1.0002542737484206,1.0000003615848208,0.9869900760837074,0.9999985055315396,LEG_1_HEAVY_HIP_STIFF
98.53164914314522,1.014588821530486,-0.03,0.0025,SUBJECT_V3_f2b7567196bf8000ad5cd162,325,MYOLEG_V3_K0325,0.999724739143888,0.9999896072561212,1.014588821530486,1.000832061240303,LEG_1_HEAVY_HIP_STIFF
98.530865095884,1.013311994128729,-0.0275,0.0025,SUBJECT_V3_09fa69036d3831a9b9d4be00,326,MYOLEG_V3_K0326,0.9997485950049149,0.9999896072561212,1.013311994128729,1.000832061240303,LEG_1_HEAVY_HIP_STIFF
98.53008742350501,1.0120462852102678,-0.025,0.0025,SUBJECT_V3_2ab3accffc1f0c42d734cad7,327,MYOLEG_V3_K0327,0.9997721739207237,0.9999896072561212,1.0120462852102678,1.000832061240303,LEG_1_HEAVY_HIP_STIFF
98.52932222567861,1.010791823977233,-0.0225,0.0025,SUBJECT_V3_76e185237437bb41ad7c0014,328,MYOLEG_V3_K0328,0.9997956402339362,0.9999896072561212,1.010791823977233,1.000832061240303,LEG_1_HEAVY_HIP_STIFF
98.52856233752493,1.0095486490116894,-0.02,0.0025,SUBJECT_V3_7aa3fe86a8b943d2a2db0f23,329,MYOLEG_V3_K0329,0.9998187974062641,0.9999896072561212,1.0095486490116894,1.000832061240303,LEG_1_HEAVY_HIP_STIFF
98.52782129547852,1.0083160418902744,-0.0175,0.0025,SUBJECT_V3_aaeb7f23235c9f6c51fd6bb5,330,MYOLEG_V3_K0330,0.9998420438464468,0.9999896072561212,1.0083160418902744,1.000832061240303,LEG_1_HEAVY_HIP_STIFF
98.52708959344787,1.0070947469545206,-0.015,0.0025,SUBJECT_V3_d3a03804114f105ce4905cb6,331,MYOLEG_V3_K0331,0.9998650937339912,0.9999896072561212,1.0070947469545206,1.000832061240303,LEG_1_HEAVY_HIP_STIFF
98.52636933209847,1.0058845384021933,-0.0125,0.0025,SUBJECT_V3_c8d05dbae5f4121a0ac0820b,332,MYOLEG_V3_K0332,0.9998880141415654,0.9999896072561212,1.0058845384021933,1.000832061240303,LEG_1_HEAVY_HIP_STIFF
98.52565824689798,1.0046855025793509,-0.01,0.0025,SUBJECT_V3_5691f5dc1a08ff314a04690b,333,MYOLEG_V3_K0333,0.9999107412938316,0.9999896072561212,1.0046855025793509,1.000832061240303,LEG_1_HEAVY_HIP_STIFF
98.52495962172533,1.0034973761817088,-0.0075,0.0025,SUBJECT_V3_55af1bd86b40592aa58881d8,334,MYOLEG_V3_K0334,0.9999333759864276,0.9999896072561212,1.0034973761817088,1.000832061240303,LEG_1_HEAVY_HIP_STIFF
98.52427102135519,1.0023203423671962,-0.005,0.0025,SUBJECT_V3_1f8af0f4e715be1d8769c64f,335,MYOLEG_V3_K0335,0.9999558463193884,0.9999896072561212,1.0023203423671962,1.000832061240303,LEG_1_HEAVY_HIP_STIFF
98.52359266389904,1.0011543165961918,-0.0025,0.0025,SUBJECT_V3_87c0aa625536d47a15e54411,336,MYOLEG_V3_K0336,0.9999781626218076,0.9999896072561212,1.0011543165961918,1.000832061240303,LEG_1_HEAVY_HIP_STIFF
98.52292441270598,1.000832061240303,0.0,0.0025,SUBJECT_V3_9a0f8c35bf2ec201ed624286,337,MYOLEG_V3_K0337,1.0000003234116142,0.9999896072561212,0.9999992727888416,1.000832061240303,LEG_1_HEAVY_HIP_STIFF
98.52227709800096,1.000832061240303,0.0025,0.0025,SUBJECT_V3_3262e7887f9000692aa6cbd1,338,MYOLEG_V3_K0338,1.0000223541727982,0.9999896072561212,0.9988630117620279,1.000832061240303,LEG_1_HEAVY_HIP_STIFF
98.52162961675081,1.000832061240303,0.005,0.0025,SUBJECT_V3_6a6ecc900bd3912cbe49e644,339,MYOLEG_V3_K0339,1.0000442255106972,0.9999896072561212,0.9977298755501449,1.000832061240303,LEG_1_HEAVY_HIP_STIFF
98.52099178189471,1.000832061240303,0.0075,0.0025,SUBJECT_V3_d4306d32c23f42260e6f464c,340,MYOLEG_V3_K0340,1.0000659359518556,0.9999896072561212,0.9966076277681256,1.000832061240303,LEG_1_HEAVY_HIP_STIFF
98.52036352901224,1.000832061240303,0.01,0.0025,SUBJECT_V3_75bf4311e76228cbf4f0c519,341,MYOLEG_V3_K0341,1.000087486186114,0.9999896072561212,0.9954962349423212,1.000832061240303,LEG_1_HEAVY_HIP_STIFF
98.51974587481394,1.000832061240303,0.0125,0.0025,SUBJECT_V3_b0b58ba97adf85e1165ac389,342,MYOLEG_V3_K0342,1.000108909634604,0.9999896072561212,0.9943955750247254,1.000832061240303,LEG_1_HEAVY_HIP_STIFF
98.51913617650507,1.000832061240303,0.015,0.0025,SUBJECT_V3_59ab6f5f74e4e9e3c31383df,343,MYOLEG_V3_K0343,1.0001301303666366,0.9999896072561212,0.9933057821146164,1.000832061240303,LEG_1_HEAVY_HIP_STIFF
98.51853589930853,1.000832061240303,0.0175,0.0025,SUBJECT_V3_e631ace5e973502f9fa89286,344,MYOLEG_V3_K0344,1.0001511941602685,0.9999896072561212,0.9922267317885334,1.000832061240303,LEG_1_HEAVY_HIP_STIFF
98.51794761624022,1.000832061240303,0.02,0.0025,SUBJECT_V3_3baeb87188243ac20b363cc2,345,MYOLEG_V3_K0345,1.000172177028905,0.9999896072561212,0.9911583030980448,1.000832061240303,LEG_1_HEAVY_HIP_STIFF
98.51736440859624,1.000832061240303,0.0225,0.0025,SUBJECT_V3_64d57d4f7dc6bb1f685dad0f,346,MYOLEG_V3_K0346,1.0001928784684972,0.9999896072561212,0.9901008387788797,1.000832061240303,LEG_1_HEAVY_HIP_STIFF
98.51679046326211,1.000832061240303,0.025,0.0025,SUBJECT_V3_2f559ff882a6a124f0bcab95,347,MYOLEG_V3_K0347,1.0002134423967788,0.9999896072561212,0.9890535358316641,1.000832061240303,LEG_1_HEAVY_HIP_STIFF
98.51622705044055,1.000832061240303,0.0275,0.0025,SUBJECT_V3_f8a19276f8c10edf0e7728b5,348,MYOLEG_V3_K0348,1.0002338988569586,0.9999896072561212,0.9880165654067201,1.000832061240303,LEG_1_HEAVY_HIP_STIFF
98.51567526044022,1.000832061240303,0.03,0.0025,SUBJECT_V3_2cbd23abb1d88e055a231189,349,MYOLEG_V3_K0349,1.0002542737484206,0.9999896072561212,0.9869900760837074,1.000832061240303,LEG_1_HEAVY_HIP_STIFF
98.53247438109723,1.014588821530486,-0.03,0.005,SUBJECT_V3_47fa2a93c59ff775b3dcabd9,350,MYOLEG_V3_K0350,0.999724739143888,0.9999788812839783,1.014588821530486,1.0016636213071883,LEG_1_HEAVY_HIP_STIFF
98.53169034040268,1.013311994128729,-0.0275,0.005,SUBJECT_V3_d90f3908cdef621ed87985ea,351,MYOLEG_V3_K0351,0.9997485950049149,0.9999788812839783,1.013311994128729,1.0016636213071883,LEG_1_HEAVY_HIP_STIFF
98.53091267453709,1.0120462852102678,-0.025,0.005,SUBJECT_V3_3ace405358ccca6559f18a9a,352,MYOLEG_V3_K0352,0.9997721739207237,0.9999788812839783,1.0120462852102678,1.0016636213071883,LEG_1_HEAVY_HIP_STIFF
98.53014748311969,1.010791823977233,-0.0225,0.005,SUBJECT_V3_eeb8362902163cbfadf09b3c,353,MYOLEG_V3_K0353,0.9997956402339362,0.9999788812839783,1.010791823977233,1.0016636213071883,LEG_1_HEAVY_HIP_STIFF
98.52938760133065,1.0095486490116894,-0.02,0.005,SUBJECT_V3_288134469478fdd29e050721,354,MYOLEG_V3_K0354,0.9998187974062641,0.9999788812839783,1.0095486490116894,1.0016636213071883,LEG_1_HEAVY_HIP_STIFF
98.5286465654911,1.0083160418902744,-0.0175,0.005,SUBJECT_V3_87b86305688b6e50adf1abac,355,MYOLEG_V3_K0355,0.9998420438464468,0.9999788812839783,1.0083160418902744,1.0016636213071883,LEG_1_HEAVY_HIP_STIFF
98.5279148695892,1.0070947469545206,-0.015,0.005,SUBJECT_V3_8e22ea0e8d61f4811c724556,356,MYOLEG_V3_K0356,0.9998650937339912,0.9999788812839783,1.0070947469545206,1.0016636213071883,LEG_1_HEAVY_HIP_STIFF
98.52719461427279,1.0058845384021933,-0.0125,0.005,SUBJECT_V3_43c3d57b9b8ca32bfe06ae2b,357,MYOLEG_V3_K0357,0.9998880141415654,0.9999788812839783,1.0058845384021933,1.0016636213071883,LEG_1_HEAVY_HIP_STIFF
98.52648353502852,1.0046855025793509,-0.01,0.005,SUBJECT_V3_ad12ceb235fb48caf3a863d3,358,MYOLEG_V3_K0358,0.9999107412938316,0.9999788812839783,1.0046855025793509,1.0016636213071883,LEG_1_HEAVY_HIP_STIFF
98.52578491570782,1.0034973761817088,-0.0075,0.005,SUBJECT_V3_8ac3409ed7ae16f8bd1158ba,359,MYOLEG_V3_K0359,0.9999333759864276,0.9999788812839783,1.0034973761817088,1.0016636213071883,LEG_1_HEAVY_HIP_STIFF
98.52509632110574,1.0023203423671962,-0.005,0.005,SUBJECT_V3_e0fbeb03dea96b8de1cb0f31,360,MYOLEG_V3_K0360,0.9999558463193884,0.9999788812839783,1.0023203423671962,1.0016636213071883,LEG_1_HEAVY_HIP_STIFF
98.5244179693319,1.0016636213071883,-0.0025,0.005,SUBJECT_V3_ecd11481002f1b0fa9369651,361,MYOLEG_V3_K0361,0.9999781626218076,0.9999788812839783,1.0011543165961918,1.0016636213071883,LEG_1_HEAVY_HIP_STIFF
98.5237497237366,1.0016636213071883,0.0,0.005,SUBJECT_V3_a66f13f06c6d34fc696e445e,362,MYOLEG_V3_K0362,1.0000003234116142,0.9999788812839783,0.9999992727888416,1.0016636213071883,LEG_1_HEAVY_HIP_STIFF
98.52310241445404,1.0016636213071883,0.0025,0.005,SUBJECT_V3_13d38f879e5a6a5bc6f1360c,363,MYOLEG_V3_K0363,1.0000223541727982,0.9999788812839783,0.9988630117620279,1.0016636213071883,LEG_1_HEAVY_HIP_STIFF
98.52245493862779,1.0016636213071883,0.005,0.005,SUBJECT_V3_3b14862f1fa94e6586517d3f,364,MYOLEG_V3_K0364,1.0000442255106972,0.9999788812839783,0.9977298755501449,1.0016636213071883,LEG_1_HEAVY_HIP_STIFF
98.52181710911486,1.0016636213071883,0.0075,0.005,SUBJECT_V3_f803009cb3515f43eacea7a4,365,MYOLEG_V3_K0365,1.0000659359518556,0.9999788812839783,0.9966076277681256,1.0016636213071883,LEG_1_HEAVY_HIP_STIFF
98.52118886149538,1.0016636213071883,0.01,0.005,SUBJECT_V3_7252c1c94bed9ec25d1899b3,366,MYOLEG_V3_K0366,1.000087486186114,0.9999788812839783,0.9954962349423212,1.0016636213071883,LEG_1_HEAVY_HIP_STIFF
98.52057121247131,1.0016636213071883,0.0125,0.005,SUBJECT_V3_756692902376004ff6f962b9,367,MYOLEG_V3_K0367,1.000108909634604,0.9999788812839783,0.9943955750247254,1.0016636213071883,LEG_1_HEAVY_HIP_STIFF
98.51996151927011,1.0016636213071883,0.015,0.005,SUBJECT_V3_643f6fb0c24d86660e90082d,368,MYOLEG_V3_K0368,1.0001301303666366,0.9999788812839783,0.9933057821146164,1.0016636213071883,LEG_1_HEAVY_HIP_STIFF
98.51936124710237,1.0016636213071883,0.0175,0.005,SUBJECT_V3_561352e03e5e527f08fd710d,369,MYOLEG_V3_K0369,1.0001511941602685,0.9999788812839783,0.9922267317885334,1.0016636213071883,LEG_1_HEAVY_HIP_STIFF
98.51877296896245,1.0016636213071883,0.02,0.005,SUBJECT_V3_ee9522296daf0165bcc668bd,370,MYOLEG_V3_K0370,1.000172177028905,0.9999788812839783,0.9911583030980448,1.0016636213071883,LEG_1_HEAVY_HIP_STIFF
98.51818976620437,1.0016636213071883,0.0225,0.005,SUBJECT_V3_60aec2011d539bce43998bae,371,MYOLEG_V3_K0371,1.0001928784684972,0.9999788812839783,0.9901008387788797,1.0016636213071883,LEG_1_HEAVY_HIP_STIFF
98.51761582567865,1.0016636213071883,0.025,0.005,SUBJECT_V3_1ccb1732b61026c49423372f,372,MYOLEG_V3_K0372,1.0002134423967788,0.9999788812839783,0.9890535358316641,1.0016636213071883,LEG_1_HEAVY_HIP_STIFF
98.51705241757726,1.0016636213071883,0.0275,0.005,SUBJECT_V3_3bcf7816f03f0a47ed1ce2de,373,MYOLEG_V3_K0373,1.0002338988569586,0.9999788812839783,0.9880165654067201,1.0016636213071883,LEG_1_HEAVY_HIP_STIFF
98.51650063219982,1.0016636213071883,0.03,0.005,SUBJECT_V3_152e1182b833ecf7a35b8d2e,374,MYOLEG_V3_K0374,1.0002542737484206,0.9999788812839783,0.9869900760837074,1.0016636213071883,LEG_1_HEAVY_HIP_STIFF
98.53329900207892,1.014588821530486,-0.03,0.0075,SUBJECT_V3_479b7eab9132773b9e6af10e,375,MYOLEG_V3_K0375,0.999724739143888,0.9999681839556305,1.014588821530486,1.0024931804995756,LEG_1_HEAVY_HIP_STIFF
98.53251496794601,1.013311994128729,-0.0275,0.0075,SUBJECT_V3_308c93738710751d7944e754,376,MYOLEG_V3_K0376,0.9997485950049149,0.9999681839556305,1.013311994128729,1.0024931804995756,LEG_1_HEAVY_HIP_STIFF
98.53173730858883,1.0120462852102678,-0.025,0.0075,SUBJECT_V3_b27992bf1a83985271355c9d,377,MYOLEG_V3_K0377,0.9997721739207237,0.9999681839556305,1.0120462852102678,1.0024931804995756,LEG_1_HEAVY_HIP_STIFF
98.53097212357554,1.010791823977233,-0.0225,0.0075,SUBJECT_V3_c1f38f008954551109cc3abd,378,MYOLEG_V3_K0378,0.9997956402339362,0.9999681839556305,1.010791823977233,1.0024931804995756,LEG_1_HEAVY_HIP_STIFF
98.53021224814626,1.0095486490116894,-0.02,0.0075,SUBJECT_V3_741a5d2c0bb0ba162a6a78a1,379,MYOLEG_V3_K0379,0.9998187974062641,0.9999681839556305,1.0095486490116894,1.0024931804995756,LEG_1_HEAVY_HIP_STIFF
98.52947121850886,1.0083160418902744,-0.0175,0.0075,SUBJECT_V3_6067ddbd644a1d80fe9713eb,380,MYOLEG_V3_K0380,0.9998420438464468,0.9999681839556305,1.0083160418902744,1.0024931804995756,LEG_1_HEAVY_HIP_STIFF
98.528739528731,1.0070947469545206,-0.015,0.0075,SUBJECT_V3_ea263b022e768829c37267d2,381,MYOLEG_V3_K0381,0.9998650937339912,0.9999681839556305,1.0070947469545206,1.0024931804995756,LEG_1_HEAVY_HIP_STIFF
98.52801927944297,1.0058845384021933,-0.0125,0.0075,SUBJECT_V3_22e39eff25f2df5bf696a1ce,382,MYOLEG_V3_K0382,0.9998880141415654,0.9999681839556305,1.0058845384021933,1.0024931804995756,LEG_1_HEAVY_HIP_STIFF
98.52730820615038,1.0046855025793509,-0.01,0.0075,SUBJECT_V3_0547b2fef3f7d0f95742d60c,383,MYOLEG_V3_K0383,0.9999107412938316,0.9999681839556305,1.0046855025793509,1.0024931804995756,LEG_1_HEAVY_HIP_STIFF
98.52660959267715,1.0034973761817088,-0.0075,0.0075,SUBJECT_V3_e409a8d167af11d535a5795c,384,MYOLEG_V3_K0384,0.9999333759864276,0.9999681839556305,1.0034973761817088,1.0024931804995756,LEG_1_HEAVY_HIP_STIFF
98.5259210038387,1.0024931804995756,-0.005,0.0075,SUBJECT_V3_1ad6f0d5be4e014d94ed95e4,385,MYOLEG_V3_K0385,0.9999558463193884,0.9999681839556305,1.0023203423671962,1.0024931804995756,LEG_1_HEAVY_HIP_STIFF
98.52524265774287,1.0024931804995756,-0.0025,0.0075,SUBJECT_V3_a00c02b4fd96b97a4dbb054c,386,MYOLEG_V3_K0386,0.9999781626218076,0.9999681839556305,1.0011543165961918,1.0024931804995756,LEG_1_HEAVY_HIP_STIFF
98.52457441774104,1.0024931804995756,0.0,0.0075,SUBJECT_V3_afbf22d4a55d06ef1ec36ceb,387,MYOLEG_V3_K0387,1.0000003234116142,0.9999681839556305,0.9999992727888416,1.0024931804995756,LEG_1_HEAVY_HIP_STIFF
98.52392711387677,1.0024931804995756,0.0025,0.0075,SUBJECT_V3_209f1831e4fb415f05d60572,388,MYOLEG_V3_K0388,1.0000223541727982,0.9999681839556305,0.9988630117620279,1.0024931804995756,LEG_1_HEAVY_HIP_STIFF
98.52327964347029,1.0024931804995756,0.005,0.0075,SUBJECT_V3_b6baa466b622b17297d18c0c,389,MYOLEG_V3_K0389,1.0000442255106972,0.9999681839556305,0.9977298755501449,1.0024931804995756,LEG_1_HEAVY_HIP_STIFF
98.52264181929644,1.0024931804995756,0.0075,0.0075,SUBJECT_V3_7101dd6554afcc14c1d4bb5a,390,MYOLEG_V3_K0390,1.0000659359518556,0.9999681839556305,0.9966076277681256,1.0024931804995756,LEG_1_HEAVY_HIP_STIFF
98.5220135769359,1.0024931804995756,0.01,0.0075,SUBJECT_V3_4a47792dc965ff61b08fea5b,391,MYOLEG_V3_K0391,1.000087486186114,0.9999681839556305,0.9954962349423212,1.0024931804995756,LEG_1_HEAVY_HIP_STIFF
98.52139593308213,1.0024931804995756,0.0125,0.0075,SUBJECT_V3_8fb4f6d433055657fbd6fc4b,392,MYOLEG_V3_K0392,1.000108909634604,0.9999681839556305,0.9943955750247254,1.0024931804995756,LEG_1_HEAVY_HIP_STIFF
98.52078624498469,1.0024931804995756,0.015,0.0075,SUBJECT_V3_f436775e4b1841eff6f6acf1,393,MYOLEG_V3_K0393,1.0001301303666366,0.9999681839556305,0.9933057821146164,1.0024931804995756,LEG_1_HEAVY_HIP_STIFF
98.52018597784192,1.0024931804995756,0.0175,0.0075,SUBJECT_V3_d91304a08db447813eaea759,394,MYOLEG_V3_K0394,1.0001511941602685,0.9999681839556305,0.9922267317885334,1.0024931804995756,LEG_1_HEAVY_HIP_STIFF
98.5195977046266,1.0024931804995756,0.02,0.0075,SUBJECT_V3_98d2bae0e38e878ea55e4c62,395,MYOLEG_V3_K0395,1.000172177028905,0.9999681839556305,0.9911583030980448,1.0024931804995756,LEG_1_HEAVY_HIP_STIFF
98.51901450675072,1.0024931804995756,0.0225,0.0075,SUBJECT_V3_72dca27ca543d8e12b5b399e,396,MYOLEG_V3_K0396,1.0001928784684972,0.9999681839556305,0.9901008387788797,1.0024931804995756,LEG_1_HEAVY_HIP_STIFF
98.51844057102969,1.0024931804995756,0.025,0.0075,SUBJECT_V3_a48ea90fbd253b9a9ed877ed,397,MYOLEG_V3_K0397,1.0002134423967788,0.9999681839556305,0.9890535358316641,1.0024931804995756,LEG_1_HEAVY_HIP_STIFF
98.51787716764491,1.0024931804995756,0.0275,0.0075,SUBJECT_V3_be5d5a1b63c312cda0dec97f,398,MYOLEG_V3_K0398,1.0002338988569586,0.9999681839556305,0.9880165654067201,1.0024931804995756,LEG_1_HEAVY_HIP_STIFF
98.51732538688681,1.0024931804995756,0.03,0.0075,SUBJECT_V3_1627d27ddbf8584d94de4ca4,399,MYOLEG_V3_K0399,1.0002542737484206,0.9999681839556305,0.9869900760837074,1.0024931804995756,LEG_1_HEAVY_HIP_STIFF
98.53412289654821,1.014588821530486,-0.03,0.01,SUBJECT_V3_02084506b3959aa737562884,400,MYOLEG_V3_K0400,0.999724739143888,0.9999575128905225,1.014588821530486,1.003320760867351,LEG_1_HEAVY_HIP_STIFF
98.53333886897107,1.013311994128729,-0.0275,0.01,SUBJECT_V3_cee495d6a11c2addf28c0749,401,MYOLEG_V3_K0401,0.9997485950049149,0.9999575128905225,1.013311994128729,1.003320760867351,LEG_1_HEAVY_HIP_STIFF
98.53256121611645,1.0120462852102678,-0.025,0.01,SUBJECT_V3_21f80f65fceee7d046f70452,402,MYOLEG_V3_K0402,0.9997721739207237,0.9999575128905225,1.0120462852102678,1.003320760867351,LEG_1_HEAVY_HIP_STIFF
98.53179603750152,1.010791823977233,-0.0225,0.01,SUBJECT_V3_5812d8e5bd8d1d67e37b0f3f,403,MYOLEG_V3_K0403,0.9997956402339362,0.9999575128905225,1.010791823977233,1.003320760867351,LEG_1_HEAVY_HIP_STIFF
98.5310361684263,1.0095486490116894,-0.02,0.01,SUBJECT_V3_fcd429d989c8851f2126978d,404,MYOLEG_V3_K0404,0.9998187974062641,0.9999575128905225,1.0095486490116894,1.003320760867351,LEG_1_HEAVY_HIP_STIFF
98.53029514498546,1.0083160418902744,-0.0175,0.01,SUBJECT_V3_06305a8f37573035cbd46cb6,405,MYOLEG_V3_K0405,0.9998420438464468,0.9999575128905225,1.0083160418902744,1.003320760867351,LEG_1_HEAVY_HIP_STIFF
98.52956346132615,1.0070947469545206,-0.015,0.01,SUBJECT_V3_b9cbdb876db433b717b68763,406,MYOLEG_V3_K0406,0.9998650937339912,0.9999575128905225,1.0070947469545206,1.003320760867351,LEG_1_HEAVY_HIP_STIFF
98.52884321806111,1.0058845384021933,-0.0125,0.01,SUBJECT_V3_53c9ae24bf07b9b16f2fc0ce,407,MYOLEG_V3_K0407,0.9998880141415654,0.9999575128905225,1.0058845384021933,1.003320760867351,LEG_1_HEAVY_HIP_STIFF
98.52813215071485,1.0046855025793509,-0.01,0.01,SUBJECT_V3_b70f7cf170dc55f3ba4dc2f2,408,MYOLEG_V3_K0408,0.9999107412938316,0.9999575128905225,1.0046855025793509,1.003320760867351,LEG_1_HEAVY_HIP_STIFF
98.52743354308383,1.0034973761817088,-0.0075,0.01,SUBJECT_V3_16c953705ed6a65f279f4719,409,MYOLEG_V3_K0409,0.9999333759864276,0.9999575128905225,1.0034973761817088,1.003320760867351,LEG_1_HEAVY_HIP_STIFF
98.52674496000385,1.003320760867351,-0.005,0.01,SUBJECT_V3_25354efd94fc1b500bffcfde,410,MYOLEG_V3_K0410,0.9999558463193884,0.9999575128905225,1.0023203423671962,1.003320760867351,LEG_1_HEAVY_HIP_STIFF
98.5260666195809,1.003320760867351,-0.0025,0.01,SUBJECT_V3_7d456e477cc812d61567d05d,411,MYOLEG_V3_K0411,0.9999781626218076,0.9999575128905225,1.0011543165961918,1.003320760867351,LEG_1_HEAVY_HIP_STIFF
98.52539838516752,1.003320760867351,0.0,0.01,SUBJECT_V3_2a7365d50f2435ee7078cfb3,412,MYOLEG_V3_K0412,1.0000003234116142,0.9999575128905225,0.9999992727888416,1.003320760867351,LEG_1_HEAVY_HIP_STIFF
98.52475108671669,1.003320760867351,0.0025,0.01,SUBJECT_V3_6c81d70b5fd1523792d7377d,413,MYOLEG_V3_K0413,1.0000223541727982,0.9999575128905225,0.9988630117620279,1.003320760867351,LEG_1_HEAVY_HIP_STIFF
98.5241036217251,1.003320760867351,0.005,0.01,SUBJECT_V3_8e76b56288d7fc9c897cbfef,414,MYOLEG_V3_K0414,1.0000442255106972,0.9999575128905225,0.9977298755501449,1.003320760867351,LEG_1_HEAVY_HIP_STIFF
98.52346580288555,1.003320760867351,0.0075,0.01,SUBJECT_V3_8fbfdcdf8aeeabd83c373a32,415,MYOLEG_V3_K0415,1.0000659359518556,0.9999575128905225,0.9966076277681256,1.003320760867351,LEG_1_HEAVY_HIP_STIFF
98.52283756577924,1.003320760867351,0.01,0.01,SUBJECT_V3_2d790df65b69f9e883a5e8b1,416,MYOLEG_V3_K0416,1.000087486186114,0.9999575128905225,0.9954962349423212,1.003320760867351,LEG_1_HEAVY_HIP_STIFF
98.52221992709113,1.003320760867351,0.0125,0.01,SUBJECT_V3_a370db1d56911ac08ca15c50,417,MYOLEG_V3_K0417,1.000108909634604,0.9999575128905225,0.9943955750247254,1.003320760867351,LEG_1_HEAVY_HIP_STIFF
98.52161024409286,1.003320760867351,0.015,0.01,SUBJECT_V3_b197328158f3e032123026ac,418,MYOLEG_V3_K0418,1.0001301303666366,0.9999575128905225,0.9933057821146164,1.003320760867351,LEG_1_HEAVY_HIP_STIFF
98.52100998197054,1.003320760867351,0.0175,0.01,SUBJECT_V3_c54db70d8abf39b8e1a70225,419,MYOLEG_V3_K0419,1.0001511941602685,0.9999575128905225,0.9922267317885334,1.003320760867351,LEG_1_HEAVY_HIP_STIFF
98.52042171367542,1.003320760867351,0.02,0.01,SUBJECT_V3_306b3fa3598fcbccb6b89125,420,MYOLEG_V3_K0420,1.000172177028905,0.9999575128905225,0.9911583030980448,1.003320760867351,LEG_1_HEAVY_HIP_STIFF
98.51983852067734,1.003320760867351,0.0225,0.01,SUBJECT_V3_e153762688be7e83dbae8b34,421,MYOLEG_V3_K0421,1.0001928784684972,0.9999575128905225,0.9901008387788797,1.003320760867351,LEG_1_HEAVY_HIP_STIFF
98.5192645897567,1.003320760867351,0.025,0.01,SUBJECT_V3_d5057de81178791554de2a11,422,MYOLEG_V3_K0422,1.0002134423967788,0.9999575128905225,0.9890535358316641,1.003320760867351,LEG_1_HEAVY_HIP_STIFF
98.51870119108428,1.003320760867351,0.0275,0.01,SUBJECT_V3_1b87c947b97b6bd24cde2b8c,423,MYOLEG_V3_K0423,1.0002338988569586,0.9999575128905225,0.9880165654067201,1.003320760867351,LEG_1_HEAVY_HIP_STIFF
98.51814941494136,1.003320760867351,0.03,0.01,SUBJECT_V3_eea1258d353d817967925930,424,MYOLEG_V3_K0424,1.0002542737484206,0.9999575128905225,0.9869900760837074,1.003320760867351,LEG_1_HEAVY_HIP_STIFF
98.53494629508008,1.014588821530486,-0.03,0.0125,SUBJECT_V3_76309618f279bbf56760bba1,425,MYOLEG_V3_K0425,0.999724739143888,0.9999468728973158,1.014588821530486,1.0041463381882199,LEG_1_HEAVY_HIP_STIFF
98.53416227405465,1.013311994128729,-0.0275,0.0125,SUBJECT_V3_6818796f5ac35d43b4cf4e4e,426,MYOLEG_V3_K0426,0.9997485950049149,0.9999468728973158,1.013311994128729,1.0041463381882199,LEG_1_HEAVY_HIP_STIFF
98.53338462769858,1.0120462852102678,-0.025,0.0125,SUBJECT_V3_6a59c3a4dc5f124db2e26149,427,MYOLEG_V3_K0427,0.9997721739207237,0.9999468728973158,1.0120462852102678,1.0041463381882199,LEG_1_HEAVY_HIP_STIFF
98.53261945547804,1.010791823977233,-0.0225,0.0125,SUBJECT_V3_8b4fa0b84c909950a6f9ad7b,428,MYOLEG_V3_K0428,0.9997956402339362,0.9999468728973158,1.010791823977233,1.0041463381882199,LEG_1_HEAVY_HIP_STIFF
98.53185959275295,1.0095486490116894,-0.02,0.0125,SUBJECT_V3_678eecb65f43adc437ed8f3c,429,MYOLEG_V3_K0429,0.9998187974062641,0.9999468728973158,1.0095486490116894,1.0041463381882199,LEG_1_HEAVY_HIP_STIFF
98.53111857550483,1.0083160418902744,-0.0175,0.0125,SUBJECT_V3_b15105bbd97fa3aecd54fb44,430,MYOLEG_V3_K0430,0.9998420438464468,0.9999468728973158,1.0083160418902744,1.0041463381882199,LEG_1_HEAVY_HIP_STIFF
98.53038689796031,1.0070947469545206,-0.015,0.0125,SUBJECT_V3_6e9ae77a0d389afdc3fdc4f8,431,MYOLEG_V3_K0431,0.9998650937339912,0.9999468728973158,1.0070947469545206,1.0041463381882199,LEG_1_HEAVY_HIP_STIFF
98.52966666071451,1.0058845384021933,-0.0125,0.0125,SUBJECT_V3_1c96619ef06347803d748c5c,432,MYOLEG_V3_K0432,0.9998880141415654,0.9999468728973158,1.0058845384021933,1.0041463381882199,LEG_1_HEAVY_HIP_STIFF
98.5289555993109,1.0046855025793509,-0.01,0.0125,SUBJECT_V3_96ec10d2e78c19d9840a75d5,433,MYOLEG_V3_K0433,0.9999107412938316,0.9999468728973158,1.0046855025793509,1.0041463381882199,LEG_1_HEAVY_HIP_STIFF
98.5282569975185,1.0041463381882199,-0.0075,0.0125,SUBJECT_V3_4b9dbecaf5aebfab084b9588,434,MYOLEG_V3_K0434,0.9999333759864276,0.9999468728973158,1.0034973761817088,1.0041463381882199,LEG_1_HEAVY_HIP_STIFF
98.52756842019342,1.0041463381882199,-0.005,0.0125,SUBJECT_V3_83eeded0aefaf7472ef0d986,435,MYOLEG_V3_K0435,0.9999558463193884,0.9999468728973158,1.0023203423671962,1.0041463381882199,LEG_1_HEAVY_HIP_STIFF
98.52689008543985,1.0041463381882199,-0.0025,0.0125,SUBJECT_V3_0e965aa00da0bdedd2baa379,436,MYOLEG_V3_K0436,0.9999781626218076,0.9999468728973158,1.0011543165961918,1.0041463381882199,LEG_1_HEAVY_HIP_STIFF
98.52622185661146,1.0041463381882199,0.0,0.0125,SUBJECT_V3_759c95f4d2dd532bf3eab9c0,437,MYOLEG_V3_K0437,1.0000003234116142,0.9999468728973158,0.9999992727888416,1.0041463381882199,LEG_1_HEAVY_HIP_STIFF
98.5255745635707,1.0041463381882199,0.0025,0.0125,SUBJECT_V3_4879cfc246b49793562e15e3,438,MYOLEG_V3_K0438,1.0000223541727982,0.9999468728973158,0.9988630117620279,1.0041463381882199,LEG_1_HEAVY_HIP_STIFF
98.52492710399068,1.0041463381882199,0.005,0.0125,SUBJECT_V3_05b5650809070379131fbdc1,439,MYOLEG_V3_K0439,1.0000442255106972,0.9999468728973158,0.9977298755501449,1.0041463381882199,LEG_1_HEAVY_HIP_STIFF
98.52428929048212,1.0041463381882199,0.0075,0.0125,SUBJECT_V3_52e4c9bd4f3a50b612d6e82a,440,MYOLEG_V3_K0440,1.0000659359518556,0.9999468728973158,0.9966076277681256,1.0041463381882199,LEG_1_HEAVY_HIP_STIFF
98.52366105862679,1.0041463381882199,0.01,0.0125,SUBJECT_V3_7ccf4425d56df20bbb7c24a2,441,MYOLEG_V3_K0441,1.000087486186114,0.9999468728973158,0.9954962349423212,1.0041463381882199,LEG_1_HEAVY_HIP_STIFF
98.52304342510112,1.0041463381882199,0.0125,0.0125,SUBJECT_V3_bf5f0fcd3a14ed75af2602ac,442,MYOLEG_V3_K0442,1.000108909634604,0.9999468728973158,0.9943955750247254,1.0041463381882199,LEG_1_HEAVY_HIP_STIFF
98.52243374719889,1.0041463381882199,0.015,0.0125,SUBJECT_V3_5096ee32f1ccf5a74d5cabc0,443,MYOLEG_V3_K0443,1.0001301303666366,0.9999468728973158,0.9933057821146164,1.0041463381882199,LEG_1_HEAVY_HIP_STIFF
98.5218334900939,1.0041463381882199,0.0175,0.0125,SUBJECT_V3_55443d790868a995deb871c7,444,MYOLEG_V3_K0444,1.0001511941602685,0.9999468728973158,0.9922267317885334,1.0041463381882199,LEG_1_HEAVY_HIP_STIFF
98.52124522671593,1.0041463381882199,0.02,0.0125,SUBJECT_V3_2135f136a561ad31b8d236c2,445,MYOLEG_V3_K0445,1.000172177028905,0.9999468728973158,0.9911583030980448,1.0041463381882199,LEG_1_HEAVY_HIP_STIFF
98.52066203859265,1.0041463381882199,0.0225,0.0125,SUBJECT_V3_c01ceb8e0ff16f727ba9fc8d,446,MYOLEG_V3_K0446,1.0001928784684972,0.9999468728973158,0.9901008387788797,1.0041463381882199,LEG_1_HEAVY_HIP_STIFF
98.52008811246942,1.0041463381882199,0.025,0.0125,SUBJECT_V3_8e3efe24dd315b4d488390d5,447,MYOLEG_V3_K0447,1.0002134423967788,0.9999468728973158,0.9890535358316641,1.0041463381882199,LEG_1_HEAVY_HIP_STIFF
98.51952471850642,1.0041463381882199,0.0275,0.0125,SUBJECT_V3_d982d5a1ce92cd7a12c1c3a0,448,MYOLEG_V3_K0448,1.0002338988569586,0.9999468728973158,0.9880165654067201,1.0041463381882199,LEG_1_HEAVY_HIP_STIFF
98.51897294697585,1.0041463381882199,0.03,0.0125,SUBJECT_V3_2c4a709f5ae89171b0e4de02,449,MYOLEG_V3_K0449,1.0002542737484206,0.9999468728973158,0.9869900760837074,1.0041463381882199,LEG_1_HEAVY_HIP_STIFF
98.53576937779228,1.014588821530486,-0.03,0.015,SUBJECT_V3_627c2eb4beeb721ff581e2ae,450,MYOLEG_V3_K0450,0.999724739143888,0.9999362669028097,1.014588821530486,1.004969922383199,LEG_1_HEAVY_HIP_STIFF
98.53498536331594,1.013311994128729,-0.0275,0.015,SUBJECT_V3_af9acf04cde5a279c48421e7,451,MYOLEG_V3_K0451,0.9997485950049149,0.9999362669028097,1.013311994128729,1.004969922383199,LEG_1_HEAVY_HIP_STIFF
98.5342077234558,1.0120462852102678,-0.025,0.015,SUBJECT_V3_19c5dabf8e6af2c4af75ac23,452,MYOLEG_V3_K0452,0.9997721739207237,0.9999362669028097,1.0120462852102678,1.004969922383199,LEG_1_HEAVY_HIP_STIFF
98.5334425576271,1.010791823977233,-0.0225,0.015,SUBJECT_V3_81051eab671e2c9763ea02c6,453,MYOLEG_V3_K0453,0.9997956402339362,0.9999362669028097,1.010791823977233,1.004969922383199,LEG_1_HEAVY_HIP_STIFF
98.5326827012496,1.0095486490116894,-0.02,0.015,SUBJECT_V3_46857af6a4f2fff68f8c3841,454,MYOLEG_V3_K0454,0.9998187974062641,0.9999362669028097,1.0095486490116894,1.004969922383199,LEG_1_HEAVY_HIP_STIFF
98.53194169019174,1.0083160418902744,-0.0175,0.015,SUBJECT_V3_be7386464d1efaea0a8ecbc0,455,MYOLEG_V3_K0455,0.9998420438464468,0.9999362669028097,1.0083160418902744,1.004969922383199,LEG_1_HEAVY_HIP_STIFF
98.53121001875952,1.0070947469545206,-0.015,0.015,SUBJECT_V3_075db85a860f46dd3c27946a,456,MYOLEG_V3_K0456,0.9998650937339912,0.9999362669028097,1.0070947469545206,1.004969922383199,LEG_1_HEAVY_HIP_STIFF
98.53048978753058,1.0058845384021933,-0.0125,0.015,SUBJECT_V3_205ba98e8471907d643065b5,457,MYOLEG_V3_K0457,0.9998880141415654,0.9999362669028097,1.0058845384021933,1.004969922383199,LEG_1_HEAVY_HIP_STIFF
98.52977873206724,1.004969922383199,-0.01,0.015,SUBJECT_V3_a88ca3d79970b98a529740f4,458,MYOLEG_V3_K0458,0.9999107412938316,0.9999362669028097,1.0046855025793509,1.004969922383199,LEG_1_HEAVY_HIP_STIFF
98.52908013611109,1.004969922383199,-0.0075,0.015,SUBJECT_V3_64d2b53a6175c5559d235a81,459,MYOLEG_V3_K0459,0.9999333759864276,0.9999362669028097,1.0034973761817088,1.004969922383199,LEG_1_HEAVY_HIP_STIFF
98.52839156453862,1.004969922383199,-0.005,0.015,SUBJECT_V3_4b16092a7dcbdb6f7c75fd7f,460,MYOLEG_V3_K0460,0.9999558463193884,0.9999362669028097,1.0023203423671962,1.004969922383199,LEG_1_HEAVY_HIP_STIFF
98.52771323545215,1.004969922383199,-0.0025,0.015,SUBJECT_V3_29d9116689e36767273848b6,461,MYOLEG_V3_K0461,0.9999781626218076,0.9999362669028097,1.0011543165961918,1.004969922383199,LEG_1_HEAVY_HIP_STIFF
98.52704501220653,1.004969922383199,0.0,0.015,SUBJECT_V3_91fba8ec98acb4237ce4fee2,462,MYOLEG_V3_K0462,1.0000003234116142,0.9999362669028097,0.9999992727888416,1.004969922383199,LEG_1_HEAVY_HIP_STIFF
98.5263977245737,1.004969922383199,0.0025,0.015,SUBJECT_V3_a1538115f3035f5e7151af94,463,MYOLEG_V3_K0463,1.0000223541727982,0.9999362669028097,0.9988630117620279,1.004969922383199,LEG_1_HEAVY_HIP_STIFF
98.52575027040305,1.004969922383199,0.005,0.015,SUBJECT_V3_790dd777cdb79dd149ff67a8,464,MYOLEG_V3_K0464,1.0000442255106972,0.9999362669028097,0.9977298755501449,1.004969922383199,LEG_1_HEAVY_HIP_STIFF
98.52511246222336,1.004969922383199,0.0075,0.015,SUBJECT_V3_28d642e72425242d1a19d087,465,MYOLEG_V3_K0465,1.0000659359518556,0.9999362669028097,0.9966076277681256,1.004969922383199,LEG_1_HEAVY_HIP_STIFF
98.5244842356169,1.004969922383199,0.01,0.015,SUBJECT_V3_05f5b3c12d09b3a6b4d5428e,466,MYOLEG_V3_K0466,1.000087486186114,0.9999362669028097,0.9954962349423212,1.004969922383199,LEG_1_HEAVY_HIP_STIFF
98.52386660725163,1.004969922383199,0.0125,0.015,SUBJECT_V3_b4ca732cb708b4a4a1a41e12,467,MYOLEG_V3_K0467,1.000108909634604,0.9999362669028097,0.9943955750247254,1.004969922383199,LEG_1_HEAVY_HIP_STIFF
98.52325693444338,1.004969922383199,0.015,0.015,SUBJECT_V3_26388d83f8637618a86e7710,468,MYOLEG_V3_K0468,1.0001301303666366,0.9999362669028097,0.9933057821146164,1.004969922383199,LEG_1_HEAVY_HIP_STIFF
98.52265668235373,1.004969922383199,0.0175,0.015,SUBJECT_V3_338016db6823500bac585ed6,469,MYOLEG_V3_K0469,1.0001511941602685,0.9999362669028097,0.9922267317885334,1.004969922383199,LEG_1_HEAVY_HIP_STIFF
98.52206842389094,1.004969922383199,0.02,0.015,SUBJECT_V3_6d5c022d985b24b3e9cb93ad,470,MYOLEG_V3_K0470,1.000172177028905,0.9999362669028097,0.9911583030980448,1.004969922383199,LEG_1_HEAVY_HIP_STIFF
98.52148524064047,1.004969922383199,0.0225,0.015,SUBJECT_V3_b76bdc827436da99b851d06b,471,MYOLEG_V3_K0471,1.0001928784684972,0.9999362669028097,0.9901008387788797,1.004969922383199,LEG_1_HEAVY_HIP_STIFF
98.52091131931276,1.004969922383199,0.025,0.015,SUBJECT_V3_a66792a868aa0d1c96f65757,472,MYOLEG_V3_K0472,1.0002134423967788,0.9999362669028097,0.9890535358316641,1.004969922383199,LEG_1_HEAVY_HIP_STIFF
98.52034793005731,1.004969922383199,0.0275,0.015,SUBJECT_V3_f23b197c5d6706293a677057,473,MYOLEG_V3_K0473,1.0002338988569586,0.9999362669028097,0.9880165654067201,1.004969922383199,LEG_1_HEAVY_HIP_STIFF
98.51979616313723,1.004969922383199,0.03,0.015,SUBJECT_V3_7686fdd02bc0791b102fb15c,474,MYOLEG_V3_K0474,1.0002542737484206,0.9999362669028097,0.9869900760837074,1.004969922383199,LEG_1_HEAVY_HIP_STIFF
98.5365907163398,1.014588821530486,-0.03,0.0175,SUBJECT_V3_de5a5c9575240616cf123fe7,475,MYOLEG_V3_K0475,0.999724739143888,0.999925669173043,1.014588821530486,1.0057915632780776,LEG_1_HEAVY_HIP_STIFF
98.53580670839857,1.013311994128729,-0.0275,0.0175,SUBJECT_V3_54f406416b8de80ab3626730,476,MYOLEG_V3_K0476,0.9997485950049149,0.999925669173043,1.013311994128729,1.0057915632780776,LEG_1_HEAVY_HIP_STIFF
98.5350290750205,1.0120462852102678,-0.025,0.0175,SUBJECT_V3_aefc3cbb21be6f42cd4e4933,477,MYOLEG_V3_K0477,0.9997721739207237,0.999925669173043,1.0120462852102678,1.0057915632780776,LEG_1_HEAVY_HIP_STIFF
98.53426391557,1.010791823977233,-0.0225,0.0175,SUBJECT_V3_2a7370d28d3dbe8bd3c6b5c3,478,MYOLEG_V3_K0478,0.9997956402339362,0.999925669173043,1.010791823977233,1.0057915632780776,LEG_1_HEAVY_HIP_STIFF
98.53350406552651,1.0095486490116894,-0.02,0.0175,SUBJECT_V3_e84bc4ca8d318a27a496b64f,479,MYOLEG_V3_K0479,0.9998187974062641,0.999925669173043,1.0095486490116894,1.0057915632780776,LEG_1_HEAVY_HIP_STIFF
98.53276306064569,1.0083160418902744,-0.0175,0.0175,SUBJECT_V3_0aa65413bc45be2cf5eb0aa0,480,MYOLEG_V3_K0480,0.9998420438464468,0.999925669173043,1.0083160418902744,1.0057915632780776,LEG_1_HEAVY_HIP_STIFF
98.53203139531274,1.0070947469545206,-0.015,0.0175,SUBJECT_V3_02f1ee1942bf8d48487ce127,481,MYOLEG_V3_K0481,0.9998650937339912,0.999925669173043,1.0070947469545206,1.0057915632780776,LEG_1_HEAVY_HIP_STIFF
98.53131117008778,1.0058845384021933,-0.0125,0.0175,SUBJECT_V3_deafafadcf5edab524ea704e,482,MYOLEG_V3_K0482,0.9998880141415654,0.999925669173043,1.0058845384021933,1.0057915632780776,LEG_1_HEAVY_HIP_STIFF
98.53060012055204,1.0057915632780776,-0.01,0.0175,SUBJECT_V3_49c70d8d16d24223f87bbc87,483,MYOLEG_V3_K0483,0.9999107412938316,0.999925669173043,1.0046855025793509,1.0057915632780776,LEG_1_HEAVY_HIP_STIFF
98.52990153041969,1.0057915632780776,-0.0075,0.0175,SUBJECT_V3_c7a1458ddb836905da0b26e7,484,MYOLEG_V3_K0484,0.9999333759864276,0.999925669173043,1.0034973761817088,1.0057915632780776,LEG_1_HEAVY_HIP_STIFF
98.52921296458754,1.0057915632780776,-0.005,0.0175,SUBJECT_V3_d77330f5d6a207ba17b4de75,485,MYOLEG_V3_K0485,0.9999558463193884,0.999925669173043,1.0023203423671962,1.0057915632780776,LEG_1_HEAVY_HIP_STIFF
98.52853464115607,1.0057915632780776,-0.0025,0.0175,SUBJECT_V3_b3d272f6e4efeeade66c1782,486,MYOLEG_V3_K0486,0.9999781626218076,0.999925669173043,1.0011543165961918,1.0057915632780776,LEG_1_HEAVY_HIP_STIFF
98.52786642348127,1.0057915632780776,0.0,0.0175,SUBJECT_V3_3babaeb12b0e2a2e84f71b10,487,MYOLEG_V3_K0487,1.0000003234116142,0.999925669173043,0.9999992727888416,1.0057915632780776,LEG_1_HEAVY_HIP_STIFF
98.52721914124481,1.0057915632780776,0.0025,0.0175,SUBJECT_V3_3b817d23f99bc6d8d35b7a68,488,MYOLEG_V3_K0488,1.0000223541727982,0.999925669173043,0.9988630117620279,1.0057915632780776,LEG_1_HEAVY_HIP_STIFF
98.526571692472,1.0057915632780776,0.005,0.0175,SUBJECT_V3_b984999939ae7e57bd6acf6f,489,MYOLEG_V3_K0489,1.0000442255106972,0.999925669173043,0.9977298755501449,1.0057915632780776,LEG_1_HEAVY_HIP_STIFF
98.52593388960979,1.0057915632780776,0.0075,0.0175,SUBJECT_V3_86ece338d7aa0c759efda3c0,490,MYOLEG_V3_K0490,1.0000659359518556,0.999925669173043,0.9966076277681256,1.0057915632780776,LEG_1_HEAVY_HIP_STIFF
98.52530566824099,1.0057915632780776,0.01,0.0175,SUBJECT_V3_4881620ef2bb5343c98a5c4a,491,MYOLEG_V3_K0491,1.000087486186114,0.999925669173043,0.9954962349423212,1.0057915632780776,LEG_1_HEAVY_HIP_STIFF
98.52468804502509,1.0057915632780776,0.0125,0.0175,SUBJECT_V3_5042e56e2ef2de59468e8849,492,MYOLEG_V3_K0492,1.000108909634604,0.999925669173043,0.9943955750247254,1.0057915632780776,LEG_1_HEAVY_HIP_STIFF
98.52407837729994,1.0057915632780776,0.015,0.0175,SUBJECT_V3_43f4faf9959560e54dd8f8f5,493,MYOLEG_V3_K0493,1.0001301303666366,0.999925669173043,0.9933057821146164,1.0057915632780776,LEG_1_HEAVY_HIP_STIFF
98.52347813021491,1.0057915632780776,0.0175,0.0175,SUBJECT_V3_76d0e419b4d350647442b75f,494,MYOLEG_V3_K0494,1.0001511941602685,0.999925669173043,0.9922267317885334,1.0057915632780776,LEG_1_HEAVY_HIP_STIFF
98.52288987665682,1.0057915632780776,0.02,0.0175,SUBJECT_V3_737ac94fb69b99af21c279e6,495,MYOLEG_V3_K0495,1.000172177028905,0.999925669173043,0.9911583030980448,1.0057915632780776,LEG_1_HEAVY_HIP_STIFF
98.52230669826878,1.0057915632780776,0.0225,0.0175,SUBJECT_V3_284e616ea8f2ede867959e9d,496,MYOLEG_V3_K0496,1.0001928784684972,0.999925669173043,0.9901008387788797,1.0057915632780776,LEG_1_HEAVY_HIP_STIFF
98.52173278172631,1.0057915632780776,0.025,0.0175,SUBJECT_V3_45c492ca236309cb24d8bc9d,497,MYOLEG_V3_K0497,1.0002134423967788,0.999925669173043,0.9890535358316641,1.0057915632780776,LEG_1_HEAVY_HIP_STIFF
98.52116939716838,1.0057915632780776,0.0275,0.0175,SUBJECT_V3_9886a1bb7db74ddd04a05e7b,498,MYOLEG_V3_K0498,1.0002338988569586,0.999925669173043,0.9880165654067201,1.0057915632780776,LEG_1_HEAVY_HIP_STIFF
98.52061763484895,1.0057915632780776,0.03,0.0175,SUBJECT_V3_1d52e336f0d381b25a4d7d34,499,MYOLEG_V3_K0499,1.0002542737484206,0.999925669173043,0.9869900760837074,1.0057915632780776,LEG_1_HEAVY_HIP_STIFF
98.53741009782492,1.014588821530486,-0.03,0.02,SUBJECT_V3_13ef48b80221a1f620207cdb,500,MYOLEG_V3_K0500,0.999724739143888,0.99991507199465,1.014588821530486,1.0066114015412737,LEG_1_HEAVY_HIP_STIFF
98.5366260964031,1.013311994128729,-0.0275,0.02,SUBJECT_V3_15564b94156361c6a084b82b,501,MYOLEG_V3_K0501,0.9997485950049149,0.99991507199465,1.013311994128729,1.0066114015412737,LEG_1_HEAVY_HIP_STIFF
98.53584846949154,1.0120462852102678,-0.025,0.02,SUBJECT_V3_987a5b4ba93db758d2194dc8,502,MYOLEG_V3_K0502,0.9997721739207237,0.99991507199465,1.0120462852102678,1.0066114015412737,LEG_1_HEAVY_HIP_STIFF
98.53508331640393,1.010791823977233,-0.0225,0.02,SUBJECT_V3_55c6119b4b3ea3d3f3601898,503,MYOLEG_V3_K0503,0.9997956402339362,0.99991507199465,1.010791823977233,1.0066114015412737,LEG_1_HEAVY_HIP_STIFF
98.53432347267929,1.0095486490116894,-0.02,0.02,SUBJECT_V3_1437bbd3206f10377b5996d6,504,MYOLEG_V3_K0504,0.9998187974062641,0.99991507199465,1.0095486490116894,1.0066114015412737,LEG_1_HEAVY_HIP_STIFF
98.53358247396066,1.0083160418902744,-0.0175,0.02,SUBJECT_V3_2b48fb9a84f71bb617d10151,505,MYOLEG_V3_K0505,0.9998420438464468,0.99991507199465,1.0083160418902744,1.0066114015412737,LEG_1_HEAVY_HIP_STIFF
98.53285081471236,1.0070947469545206,-0.015,0.02,SUBJECT_V3_a32a29ef4d55660e88440991,506,MYOLEG_V3_K0506,0.9998650937339912,0.99991507199465,1.0070947469545206,1.0066114015412737,LEG_1_HEAVY_HIP_STIFF
98.53213059547699,1.0066114015412737,-0.0125,0.02,SUBJECT_V3_0d06712eb8c5dd9cd5c05f65,507,MYOLEG_V3_K0507,0.9998880141415654,0.99991507199465,1.0058845384021933,1.0066114015412737,LEG_1_HEAVY_HIP_STIFF
98.5314195518546,1.0066114015412737,-0.01,0.02,SUBJECT_V3_b4136921082ae1f429e5a621,508,MYOLEG_V3_K0508,0.9999107412938316,0.99991507199465,1.0046855025793509,1.0066114015412737,LEG_1_HEAVY_HIP_STIFF
98.53072096753208,1.0066114015412737,-0.0075,0.02,SUBJECT_V3_dd5033c34cdfab7104442454,509,MYOLEG_V3_K0509,0.9999333759864276,0.99991507199465,1.0034973761817088,1.0066114015412737,LEG_1_HEAVY_HIP_STIFF
98.53003240742646,1.0066114015412737,-0.005,0.02,SUBJECT_V3_32b714a8d4f32705b3cbdb5a,510,MYOLEG_V3_K0510,0.9999558463193884,0.99991507199465,1.0023203423671962,1.0066114015412737,LEG_1_HEAVY_HIP_STIFF
98.52935408963644,1.0066114015412737,-0.0025,0.02,SUBJECT_V3_d10871f426d5ed66709c9238,511,MYOLEG_V3_K0511,0.9999781626218076,0.99991507199465,1.0011543165961918,1.0066114015412737,LEG_1_HEAVY_HIP_STIFF
98.52868587751911,1.0066114015412737,0.0,0.02,SUBJECT_V3_d6ce59a1ecc0e444930aa913,512,MYOLEG_V3_K0512,1.0000003234116142,0.99991507199465,0.9999992727888416,1.0066114015412737,LEG_1_HEAVY_HIP_STIFF
98.52803860066608,1.0066114015412737,0.0025,0.02,SUBJECT_V3_aa9eb4fb3c6cd163af30f0fd,513,MYOLEG_V3_K0513,1.0000223541727982,0.99991507199465,0.9988630117620279,1.0066114015412737,LEG_1_HEAVY_HIP_STIFF
98.52739115727813,1.0066114015412737,0.005,0.02,SUBJECT_V3_5e26bfef373bff0bc727a64d,514,MYOLEG_V3_K0514,1.0000442255106972,0.99991507199465,0.9977298755501449,1.0066114015412737,LEG_1_HEAVY_HIP_STIFF
98.52675335972064,1.0066114015412737,0.0075,0.02,SUBJECT_V3_888251bdcc59b58aaac65f25,515,MYOLEG_V3_K0515,1.0000659359518556,0.99991507199465,0.9966076277681256,1.0066114015412737,LEG_1_HEAVY_HIP_STIFF
98.52612514357695,1.0066114015412737,0.01,0.02,SUBJECT_V3_d552e5aca0b4e82739e55330,516,MYOLEG_V3_K0516,1.000087486186114,0.99991507199465,0.9954962349423212,1.0066114015412737,LEG_1_HEAVY_HIP_STIFF
98.52550752549807,1.0066114015412737,0.0125,0.02,SUBJECT_V3_5fda14ace63f3af254344243,517,MYOLEG_V3_K0517,1.000108909634604,0.99991507199465,0.9943955750247254,1.0066114015412737,LEG_1_HEAVY_HIP_STIFF
98.52489786284383,1.0066114015412737,0.015,0.02,SUBJECT_V3_7a4409093e6ff830fad06aa4,518,MYOLEG_V3_K0518,1.0001301303666366,0.99991507199465,0.9933057821146164,1.0066114015412737,LEG_1_HEAVY_HIP_STIFF
98.52429762075141,1.0066114015412737,0.0175,0.02,SUBJECT_V3_0e544c40bb524d65257e5394,519,MYOLEG_V3_K0519,1.0001511941602685,0.99991507199465,0.9922267317885334,1.0066114015412737,LEG_1_HEAVY_HIP_STIFF
98.52370937208623,1.0066114015412737,0.02,0.02,SUBJECT_V3_b2fbb63ce6b8fb70f1812995,520,MYOLEG_V3_K0520,1.000172177028905,0.99991507199465,0.9911583030980448,1.0066114015412737,LEG_1_HEAVY_HIP_STIFF
98.52312619854895,1.0066114015412737,0.0225,0.02,SUBJECT_V3_b7348e728b4a34c8095421a7,521,MYOLEG_V3_K0521,1.0001928784684972,0.99991507199465,0.9901008387788797,1.0066114015412737,LEG_1_HEAVY_HIP_STIFF
98.52255228678027,1.0066114015412737,0.025,0.02,SUBJECT_V3_606d4e1e40d0c1f8b1a157ac,522,MYOLEG_V3_K0522,1.0002134423967788,0.99991507199465,0.9890535358316641,1.0066114015412737,LEG_1_HEAVY_HIP_STIFF
98.52198890690856,1.0066114015412737,0.0275,0.02,SUBJECT_V3_d5a15f2b84aa0bda208a4ffd,523,MYOLEG_V3_K0523,1.0002338988569586,0.99991507199465,0.9880165654067201,1.0066114015412737,LEG_1_HEAVY_HIP_STIFF
98.52143714917872,1.0066114015412737,0.03,0.02,SUBJECT_V3_c70d0c8b9039a002ceecf9a5,524,MYOLEG_V3_K0524,1.0002542737484206,0.99991507199465,0.9869900760837074,1.0066114015412737,LEG_1_HEAVY_HIP_STIFF
98.53823043504381,1.014588821530486,-0.03,0.0225,SUBJECT_V3_fa7e322f026a97c79ec5226b,525,MYOLEG_V3_K0525,0.999724739143888,0.9999045346502659,1.014588821530486,1.0074291236156994,LEG_1_HEAVY_HIP_STIFF
98.53744644014891,1.013311994128729,-0.0275,0.0225,SUBJECT_V3_d3041ee152730f393b9b9ab6,526,MYOLEG_V3_K0526,0.9997485950049149,0.9999045346502659,1.013311994128729,1.0074291236156994,LEG_1_HEAVY_HIP_STIFF
98.53666881971132,1.0120462852102678,-0.025,0.0225,SUBJECT_V3_671056a3a9cc892bab67d36b,527,MYOLEG_V3_K0527,0.9997721739207237,0.9999045346502659,1.0120462852102678,1.0074291236156994,LEG_1_HEAVY_HIP_STIFF
98.5359036729939,1.010791823977233,-0.0225,0.0225,SUBJECT_V3_3e644fa5c2f41a01d7efbca0,528,MYOLEG_V3_K0528,0.9997956402339362,0.9999045346502659,1.010791823977233,1.0074291236156994,LEG_1_HEAVY_HIP_STIFF
98.53514383559535,1.0095486490116894,-0.02,0.0225,SUBJECT_V3_3b070f544938154420db526e,529,MYOLEG_V3_K0529,0.9998187974062641,0.9999045346502659,1.0095486490116894,1.0074291236156994,LEG_1_HEAVY_HIP_STIFF
98.53440284304602,1.0083160418902744,-0.0175,0.0225,SUBJECT_V3_51cd139af1db3c332739fc94,530,MYOLEG_V3_K0530,0.9998420438464468,0.9999045346502659,1.0083160418902744,1.0074291236156994,LEG_1_HEAVY_HIP_STIFF
98.53367118988935,1.0074291236156994,-0.015,0.0225,SUBJECT_V3_e57288642c0862074a443a01,531,MYOLEG_V3_K0531,0.9998650937339912,0.9999045346502659,1.0070947469545206,1.0074291236156994,LEG_1_HEAVY_HIP_STIFF
98.53295097665043,1.0074291236156994,-0.0125,0.0225,SUBJECT_V3_2e1fad7a7aa9ac1dfb2b484b,532,MYOLEG_V3_K0532,0.9998880141415654,0.9999045346502659,1.0058845384021933,1.0074291236156994,LEG_1_HEAVY_HIP_STIFF
98.53223993894821,1.0074291236156994,-0.01,0.0225,SUBJECT_V3_450019184a42b7fb37e2124e,533,MYOLEG_V3_K0533,0.9999107412938316,0.9999045346502659,1.0046855025793509,1.0074291236156994,LEG_1_HEAVY_HIP_STIFF
98.5315413604422,1.0074291236156994,-0.0075,0.0225,SUBJECT_V3_75ccd066ac7e2d92cb259d91,534,MYOLEG_V3_K0534,0.9999333759864276,0.9999045346502659,1.0034973761817088,1.0074291236156994,LEG_1_HEAVY_HIP_STIFF
98.53085280606973,1.0074291236156994,-0.005,0.0225,SUBJECT_V3_13085faffebc1f4ec9712a5f,535,MYOLEG_V3_K0535,0.9999558463193884,0.9999045346502659,1.0023203423671962,1.0074291236156994,LEG_1_HEAVY_HIP_STIFF
98.53017449392762,1.0074291236156994,-0.0025,0.0225,SUBJECT_V3_275201fbb55c34231b2b4b98,536,MYOLEG_V3_K0536,0.9999781626218076,0.9999045346502659,1.0011543165961918,1.0074291236156994,LEG_1_HEAVY_HIP_STIFF
98.52950628737415,1.0074291236156994,0.0,0.0225,SUBJECT_V3_50062b155f81f276e680b1ba,537,MYOLEG_V3_K0537,1.0000003234116142,0.9999045346502659,0.9999992727888416,1.0074291236156994,LEG_1_HEAVY_HIP_STIFF
98.52885901591073,1.0074291236156994,0.0025,0.0225,SUBJECT_V3_ace14cbe8fe5699e05e773f8,538,MYOLEG_V3_K0538,1.0000223541727982,0.9999045346502659,0.9988630117620279,1.0074291236156994,LEG_1_HEAVY_HIP_STIFF
98.52821157791386,1.0074291236156994,0.005,0.0225,SUBJECT_V3_b3fb985bffdf658ae13523d7,539,MYOLEG_V3_K0539,1.0000442255106972,0.9999045346502659,0.9977298755501449,1.0074291236156994,LEG_1_HEAVY_HIP_STIFF
98.52757378566719,1.0074291236156994,0.0075,0.0225,SUBJECT_V3_670f955a508842eb277dcf53,540,MYOLEG_V3_K0540,1.0000659359518556,0.9999045346502659,0.9966076277681256,1.0074291236156994,LEG_1_HEAVY_HIP_STIFF
98.52694557475459,1.0074291236156994,0.01,0.0225,SUBJECT_V3_c1842709eb67323816bb0d71,541,MYOLEG_V3_K0541,1.000087486186114,0.9999045346502659,0.9954962349423212,1.0074291236156994,LEG_1_HEAVY_HIP_STIFF
98.52632796181864,1.0074291236156994,0.0125,0.0225,SUBJECT_V3_681a0c80860cce9d00da912d,542,MYOLEG_V3_K0542,1.000108909634604,0.9999045346502659,0.9943955750247254,1.0074291236156994,LEG_1_HEAVY_HIP_STIFF
98.52571830424114,1.0074291236156994,0.015,0.0225,SUBJECT_V3_b31b4e40c1d44a5559067a15,543,MYOLEG_V3_K0543,1.0001301303666366,0.9999045346502659,0.9933057821146164,1.0074291236156994,LEG_1_HEAVY_HIP_STIFF
98.52511806714706,1.0074291236156994,0.0175,0.0225,SUBJECT_V3_8c1447f687e0b1f0bab90a30,544,MYOLEG_V3_K0544,1.0001511941602685,0.9999045346502659,0.9922267317885334,1.0074291236156994,LEG_1_HEAVY_HIP_STIFF
98.52452982338043,1.0074291236156994,0.02,0.0225,SUBJECT_V3_09f6ba30fcf3b67af2c4c2c5,545,MYOLEG_V3_K0545,1.000172177028905,0.9999045346502659,0.9911583030980448,1.0074291236156994,LEG_1_HEAVY_HIP_STIFF
98.5239466546995,1.0074291236156994,0.0225,0.0225,SUBJECT_V3_995c1716e4551767c62b5e6d,546,MYOLEG_V3_K0546,1.0001928784684972,0.9999045346502659,0.9901008387788797,1.0074291236156994,LEG_1_HEAVY_HIP_STIFF
98.52337274771007,1.0074291236156994,0.025,0.0225,SUBJECT_V3_e66f93c080391c6741d8dfb0,547,MYOLEG_V3_K0547,1.0002134423967788,0.9999045346502659,0.9890535358316641,1.0074291236156994,LEG_1_HEAVY_HIP_STIFF
98.52280937252998,1.0074291236156994,0.0275,0.0225,SUBJECT_V3_e873e82fe2d4ba70f315d70c,548,MYOLEG_V3_K0548,1.0002338988569586,0.9999045346502659,0.9880165654067201,1.0074291236156994,LEG_1_HEAVY_HIP_STIFF
98.52225761939503,1.0074291236156994,0.03,0.0225,SUBJECT_V3_953b760bfd6a4b0fe73eb7bb,549,MYOLEG_V3_K0549,1.0002542737484206,0.9999045346502659,0.9869900760837074,1.0074291236156994,LEG_1_HEAVY_HIP_STIFF
98.53905097216209,1.014588821530486,-0.03,0.025,SUBJECT_V3_2b6b7dffe2b90a2c6e267039,550,MYOLEG_V3_K0550,0.999724739143888,0.999894040394197,1.014588821530486,1.0082448624902747,LEG_1_HEAVY_HIP_STIFF
98.53826698379558,1.013311994128729,-0.0275,0.025,SUBJECT_V3_d1a1c01b5ee80c00da3b9c35,551,MYOLEG_V3_K0551,0.9997485950049149,0.999894040394197,1.013311994128729,1.0082448624902747,LEG_1_HEAVY_HIP_STIFF
98.5374893698334,1.0120462852102678,-0.025,0.025,SUBJECT_V3_b71ca01a2399236dd70b1e13,552,MYOLEG_V3_K0552,0.9997721739207237,0.999894040394197,1.0120462852102678,1.0082448624902747,LEG_1_HEAVY_HIP_STIFF
98.53672422948763,1.010791823977233,-0.0225,0.025,SUBJECT_V3_91b8b2f478893ed5fc6d989f,553,MYOLEG_V3_K0553,0.9997956402339362,0.999894040394197,1.010791823977233,1.0082448624902747,LEG_1_HEAVY_HIP_STIFF
98.53596439841661,1.0095486490116894,-0.02,0.025,SUBJECT_V3_4a0b715cd4d43eb136869d61,554,MYOLEG_V3_K0554,0.9998187974062641,0.999894040394197,1.0095486490116894,1.0082448624902747,LEG_1_HEAVY_HIP_STIFF
98.53522341203798,1.0083160418902744,-0.0175,0.025,SUBJECT_V3_3969c9b25b7ba07e87e63490,555,MYOLEG_V3_K0555,0.9998420438464468,0.999894040394197,1.0083160418902744,1.0082448624902747,LEG_1_HEAVY_HIP_STIFF
98.53449176497432,1.0082448624902747,-0.015,0.025,SUBJECT_V3_0345eaf5cf72f0da13946b91,556,MYOLEG_V3_K0556,0.9998650937339912,0.999894040394197,1.0070947469545206,1.0082448624902747,LEG_1_HEAVY_HIP_STIFF
98.53377155773325,1.0082448624902747,-0.0125,0.025,SUBJECT_V3_d341fae58577996510ef76c3,557,MYOLEG_V3_K0557,0.9998880141415654,0.999894040394197,1.0058845384021933,1.0082448624902747,LEG_1_HEAVY_HIP_STIFF
98.53306052595252,1.0082448624902747,-0.01,0.025,SUBJECT_V3_fcd138c104a33cfe3f16fcdb,558,MYOLEG_V3_K0558,0.9999107412938316,0.999894040394197,1.0046855025793509,1.0082448624902747,LEG_1_HEAVY_HIP_STIFF
98.53236195326434,1.0082448624902747,-0.0075,0.025,SUBJECT_V3_9568aa0b7ca3b28ac44c782f,559,MYOLEG_V3_K0559,0.9999333759864276,0.999894040394197,1.0034973761817088,1.0082448624902747,LEG_1_HEAVY_HIP_STIFF
98.53167340462629,1.0082448624902747,-0.005,0.025,SUBJECT_V3_842361f99fd86836159ece09,560,MYOLEG_V3_K0560,0.9999558463193884,0.999894040394197,1.0023203423671962,1.0082448624902747,LEG_1_HEAVY_HIP_STIFF
98.5309950981334,1.0082448624902747,-0.0025,0.025,SUBJECT_V3_bdee730fcbd23f57c7191917,561,MYOLEG_V3_K0561,0.9999781626218076,0.999894040394197,1.0011543165961918,1.0082448624902747,LEG_1_HEAVY_HIP_STIFF
98.53032689714504,1.0082448624902747,0.0,0.025,SUBJECT_V3_f868122befb5ee3bf4733ab6,562,MYOLEG_V3_K0562,1.0000003234116142,0.999894040394197,0.9999992727888416,1.0082448624902747,LEG_1_HEAVY_HIP_STIFF
98.52967963107245,1.0082448624902747,0.0025,0.025,SUBJECT_V3_ca14c4512da5508065b1748e,563,MYOLEG_V3_K0563,1.0000223541727982,0.999894040394197,0.9988630117620279,1.0082448624902747,LEG_1_HEAVY_HIP_STIFF
98.52903219846787,1.0082448624902747,0.005,0.025,SUBJECT_V3_764eaefe740c24ca30fbe74f,564,MYOLEG_V3_K0564,1.0000442255106972,0.999894040394197,0.9977298755501449,1.0082448624902747,LEG_1_HEAVY_HIP_STIFF
98.52839441153323,1.0082448624902747,0.0075,0.025,SUBJECT_V3_415030362a7de69e50dc470c,565,MYOLEG_V3_K0565,1.0000659359518556,0.999894040394197,0.9966076277681256,1.0082448624902747,LEG_1_HEAVY_HIP_STIFF
98.52776620585293,1.0082448624902747,0.01,0.025,SUBJECT_V3_cbda7d717d3d5f1e820eea08,566,MYOLEG_V3_K0566,1.000087486186114,0.999894040394197,0.9954962349423212,1.0082448624902747,LEG_1_HEAVY_HIP_STIFF
98.52714859806106,1.0082448624902747,0.0125,0.025,SUBJECT_V3_8efb66d28e32f7554b991d51,567,MYOLEG_V3_K0567,1.000108909634604,0.999894040394197,0.9943955750247254,1.0082448624902747,LEG_1_HEAVY_HIP_STIFF
98.52653894556146,1.0082448624902747,0.015,0.025,SUBJECT_V3_1b9b1b8966c02294f35b3823,568,MYOLEG_V3_K0568,1.0001301303666366,0.999894040394197,0.9933057821146164,1.0082448624902747,LEG_1_HEAVY_HIP_STIFF
98.52593871346687,1.0082448624902747,0.0175,0.025,SUBJECT_V3_73d17039b4f367767fad9fc5,569,MYOLEG_V3_K0569,1.0001511941602685,0.999894040394197,0.9922267317885334,1.0082448624902747,LEG_1_HEAVY_HIP_STIFF
98.52535047459989,1.0082448624902747,0.02,0.025,SUBJECT_V3_f23fc452f9460e99130317ec,570,MYOLEG_V3_K0570,1.000172177028905,0.999894040394197,0.9911583030980448,1.0082448624902747,LEG_1_HEAVY_HIP_STIFF
98.5247673107764,1.0082448624902747,0.0225,0.025,SUBJECT_V3_030dd8da9bf82cdc0ca0822d,571,MYOLEG_V3_K0571,1.0001928784684972,0.999894040394197,0.9901008387788797,1.0082448624902747,LEG_1_HEAVY_HIP_STIFF
98.52419340856733,1.0082448624902747,0.025,0.025,SUBJECT_V3_a2cdc99f975d2826b0e058ff,572,MYOLEG_V3_K0572,1.0002134423967788,0.999894040394197,0.9890535358316641,1.0082448624902747,LEG_1_HEAVY_HIP_STIFF
98.52363003807992,1.0082448624902747,0.0275,0.025,SUBJECT_V3_e3e73905edd2b22226b8e2d3,573,MYOLEG_V3_K0573,1.0002338988569586,0.999894040394197,0.9880165654067201,1.0082448624902747,LEG_1_HEAVY_HIP_STIFF
98.52307828954089,1.0082448624902747,0.03,0.025,SUBJECT_V3_dc52ef1c3b786e3c00e3ca3d,574,MYOLEG_V3_K0574,1.0002542737484206,0.999894040394197,0.9869900760837074,1.0082448624902747,LEG_1_HEAVY_HIP_STIFF
98.53987174338936,1.014588821530486,-0.03,0.0275,SUBJECT_V3_b11625914532d87c91c2a254,575,MYOLEG_V3_K0575,0.999724739143888,0.9998835881005345,1.014588821530486,1.009058679878451,LEG_1_HEAVY_HIP_STIFF
98.53908776155299,1.013311994128729,-0.0275,0.0275,SUBJECT_V3_04f2337c45da4fa7b414541a,576,MYOLEG_V3_K0576,0.9997485950049149,0.9998835881005345,1.013311994128729,1.009058679878451,LEG_1_HEAVY_HIP_STIFF
98.53831015406797,1.0120462852102678,-0.025,0.0275,SUBJECT_V3_b66b57178c14e9b347c7ddef,577,MYOLEG_V3_K0577,0.9997721739207237,0.9998835881005345,1.0120462852102678,1.009058679878451,LEG_1_HEAVY_HIP_STIFF
98.53754502009556,1.010791823977233,-0.0225,0.0275,SUBJECT_V3_c00b06192bb13902f3598dab,578,MYOLEG_V3_K0578,0.9997956402339362,0.9998835881005345,1.010791823977233,1.009058679878451,LEG_1_HEAVY_HIP_STIFF
98.53678519535377,1.0095486490116894,-0.02,0.0275,SUBJECT_V3_8113e9ac3097581ad19a2f4d,579,MYOLEG_V3_K0579,0.9998187974062641,0.9998835881005345,1.0095486490116894,1.009058679878451,LEG_1_HEAVY_HIP_STIFF
98.5360442151475,1.009058679878451,-0.0175,0.0275,SUBJECT_V3_3b01e89ae09bcd692aaa5a76,580,MYOLEG_V3_K0580,0.9998420438464468,0.9998835881005345,1.0083160418902744,1.009058679878451,LEG_1_HEAVY_HIP_STIFF
98.53531257417848,1.009058679878451,-0.015,0.0275,SUBJECT_V3_5c396748215c536082b8de1d,581,MYOLEG_V3_K0581,0.9998650937339912,0.9998835881005345,1.0070947469545206,1.009058679878451,LEG_1_HEAVY_HIP_STIFF
98.53459237293684,1.009058679878451,-0.0125,0.0275,SUBJECT_V3_44838dbe00164966c14d4bcd,582,MYOLEG_V3_K0582,0.9998880141415654,0.9998835881005345,1.0058845384021933,1.009058679878451,LEG_1_HEAVY_HIP_STIFF
98.53388134707923,1.009058679878451,-0.01,0.0275,SUBJECT_V3_64edcbbedbbce4ff1e0bc8e9,583,MYOLEG_V3_K0583,0.9999107412938316,0.9998835881005345,1.0046855025793509,1.009058679878451,LEG_1_HEAVY_HIP_STIFF
98.53318278021045,1.009058679878451,-0.0075,0.0275,SUBJECT_V3_936a0b31851e400433140254,584,MYOLEG_V3_K0584,0.9999333759864276,0.9998835881005345,1.0034973761817088,1.009058679878451,LEG_1_HEAVY_HIP_STIFF
98.53249423730836,1.009058679878451,-0.005,0.0275,SUBJECT_V3_305fe8b9fa33bcb2dcd68377,585,MYOLEG_V3_K0585,0.9999558463193884,0.9998835881005345,1.0023203423671962,1.009058679878451,LEG_1_HEAVY_HIP_STIFF
98.53181593646619,1.009058679878451,-0.0025,0.0275,SUBJECT_V3_144fe47081d3b36133c33b88,586,MYOLEG_V3_K0586,0.9999781626218076,0.9998835881005345,1.0011543165961918,1.009058679878451,LEG_1_HEAVY_HIP_STIFF
98.53114774104445,1.009058679878451,0.0,0.0275,SUBJECT_V3_1f87f69b97bd1dc18e19179e,587,MYOLEG_V3_K0587,1.0000003234116142,0.9998835881005345,0.9999992727888416,1.009058679878451,LEG_1_HEAVY_HIP_STIFF
98.53050048036415,1.009058679878451,0.0025,0.0275,SUBJECT_V3_2198c083e5edcd6e5a58de8a,588,MYOLEG_V3_K0588,1.0000223541727982,0.9998835881005345,0.9988630117620279,1.009058679878451,LEG_1_HEAVY_HIP_STIFF
98.52985305315332,1.009058679878451,0.005,0.0275,SUBJECT_V3_6fbee3c522fc280eb0d917e5,589,MYOLEG_V3_K0589,1.0000442255106972,0.9998835881005345,0.9977298755501449,1.009058679878451,LEG_1_HEAVY_HIP_STIFF
98.52921527153212,1.009058679878451,0.0075,0.0275,SUBJECT_V3_8a52707e684202cbb7220ba2,590,MYOLEG_V3_K0590,1.0000659359518556,0.9998835881005345,0.9966076277681256,1.009058679878451,LEG_1_HEAVY_HIP_STIFF
98.52858707108551,1.009058679878451,0.01,0.0275,SUBJECT_V3_c1d2881fbc30f7869a3df233,591,MYOLEG_V3_K0591,1.000087486186114,0.9998835881005345,0.9954962349423212,1.009058679878451,LEG_1_HEAVY_HIP_STIFF
98.52796946843911,1.009058679878451,0.0125,0.0275,SUBJECT_V3_373510f019c805d09496bdb6,592,MYOLEG_V3_K0592,1.000108909634604,0.9998835881005345,0.9943955750247254,1.009058679878451,LEG_1_HEAVY_HIP_STIFF
98.52735982101876,1.009058679878451,0.015,0.0275,SUBJECT_V3_fcdbe7bb85e7b65bbe823b8f,593,MYOLEG_V3_K0593,1.0001301303666366,0.9998835881005345,0.9933057821146164,1.009058679878451,LEG_1_HEAVY_HIP_STIFF
98.52675959392502,1.009058679878451,0.0175,0.0275,SUBJECT_V3_c18fc671aa739072be0eb1c4,594,MYOLEG_V3_K0594,1.0001511941602685,0.9998835881005345,0.9922267317885334,1.009058679878451,LEG_1_HEAVY_HIP_STIFF
98.52617135995901,1.009058679878451,0.02,0.0275,SUBJECT_V3_f594028c0e397bcbbf78bd31,595,MYOLEG_V3_K0595,1.000172177028905,0.9998835881005345,0.9911583030980448,1.009058679878451,LEG_1_HEAVY_HIP_STIFF
98.52558820099425,1.009058679878451,0.0225,0.0275,SUBJECT_V3_378757209415c62b537fd336,596,MYOLEG_V3_K0596,1.0001928784684972,0.9998835881005345,0.9901008387788797,1.009058679878451,LEG_1_HEAVY_HIP_STIFF
98.52501430356682,1.009058679878451,0.025,0.0275,SUBJECT_V3_9aa7c89c242f1b3de6ae3fc9,597,MYOLEG_V3_K0597,1.0002134423967788,0.9998835881005345,0.9890535358316641,1.009058679878451,LEG_1_HEAVY_HIP_STIFF
98.52445093777335,1.009058679878451,0.0275,0.0275,SUBJECT_V3_f7da313d839d7d93aa1f191b,598,MYOLEG_V3_K0598,1.0002338988569586,0.9998835881005345,0.9880165654067201,1.009058679878451,LEG_1_HEAVY_HIP_STIFF
98.52389919383148,1.009058679878451,0.03,0.0275,SUBJECT_V3_dffcafa997746c6670c7f582,599,MYOLEG_V3_K0599,1.0002542737484206,0.9998835881005345,0.9869900760837074,1.009058679878451,LEG_1_HEAVY_HIP_STIFF
98.54069267619259,1.014588821530486,-0.03,0.03,SUBJECT_V3_744b7d5b767489bab409724e,600,MYOLEG_V3_K0600,0.999724739143888,0.9998731686886285,1.014588821530486,1.0098708409924897,LEG_1_HEAVY_HIP_STIFF
98.53990870088757,1.013311994128729,-0.0275,0.03,SUBJECT_V3_bb1c86bd23e7852258b7c245,601,MYOLEG_V3_K0601,0.9997485950049149,0.9998731686886285,1.013311994128729,1.0098708409924897,LEG_1_HEAVY_HIP_STIFF
98.53913109988086,1.0120462852102678,-0.025,0.03,SUBJECT_V3_1e253e31ba59be8bb11cad48,602,MYOLEG_V3_K0602,0.9997721739207237,0.9998731686886285,1.0120462852102678,1.0098708409924897,LEG_1_HEAVY_HIP_STIFF
98.53836597228296,1.010791823977233,-0.0225,0.03,SUBJECT_V3_30cfdc60d4515126fa5ffbd8,603,MYOLEG_V3_K0603,0.9997956402339362,0.9998731686886285,1.010791823977233,1.0098708409924897,LEG_1_HEAVY_HIP_STIFF
98.53760615387154,1.0098708409924897,-0.02,0.03,SUBJECT_V3_9835cd2680467a994f0d60c9,604,MYOLEG_V3_K0604,0.9998187974062641,0.9998731686886285,1.0095486490116894,1.0098708409924897,LEG_1_HEAVY_HIP_STIFF
98.53686517983874,1.0098708409924897,-0.0175,0.03,SUBJECT_V3_f75057da2296fd89d36a35e7,605,MYOLEG_V3_K0605,0.9998420438464468,0.9998731686886285,1.0083160418902744,1.0098708409924897,LEG_1_HEAVY_HIP_STIFF
98.53613354496547,1.0098708409924897,-0.015,0.03,SUBJECT_V3_9684403c0dd452eae4112e83,606,MYOLEG_V3_K0606,0.9998650937339912,0.9998731686886285,1.0070947469545206,1.0098708409924897,LEG_1_HEAVY_HIP_STIFF
98.53541334972437,1.0098708409924897,-0.0125,0.03,SUBJECT_V3_a6631973abcab40278d202ae,607,MYOLEG_V3_K0607,0.9998880141415654,0.9998731686886285,1.0058845384021933,1.0098708409924897,LEG_1_HEAVY_HIP_STIFF
98.5347023297909,1.0098708409924897,-0.01,0.03,SUBJECT_V3_a028cc597124ee8564e27e70,608,MYOLEG_V3_K0608,0.9999107412938316,0.9998731686886285,1.0046855025793509,1.0098708409924897,LEG_1_HEAVY_HIP_STIFF
98.53400376874256,1.0098708409924897,-0.0075,0.03,SUBJECT_V3_f6097ef1083805cb9545d051,609,MYOLEG_V3_K0609,0.9999333759864276,0.9998731686886285,1.0034973761817088,1.0098708409924897,LEG_1_HEAVY_HIP_STIFF
98.53331523157748,1.0098708409924897,-0.005,0.03,SUBJECT_V3_4d99ba386ff89b67e38813f9,610,MYOLEG_V3_K0610,0.9999558463193884,0.9998731686886285,1.0023203423671962,1.0098708409924897,LEG_1_HEAVY_HIP_STIFF
98.53263693638705,1.0098708409924897,-0.0025,0.03,SUBJECT_V3_4f3744c53f52b6497421cc72,611,MYOLEG_V3_K0611,0.9999781626218076,0.9998731686886285,1.0011543165961918,1.0098708409924897,LEG_1_HEAVY_HIP_STIFF
98.53196874653293,1.0098708409924897,0.0,0.03,SUBJECT_V3_9c3745f67385140e8cdbb52e,612,MYOLEG_V3_K0612,1.0000003234116142,0.9998731686886285,0.9999992727888416,1.0098708409924897,LEG_1_HEAVY_HIP_STIFF
98.53132149124588,1.0098708409924897,0.0025,0.03,SUBJECT_V3_3b92702c90109c62a05f5863,613,MYOLEG_V3_K0613,1.0000223541727982,0.9998731686886285,0.9988630117620279,1.0098708409924897,LEG_1_HEAVY_HIP_STIFF
98.53067406942976,1.0098708409924897,0.005,0.03,SUBJECT_V3_55dd473638dcfeac3dd78cd5,614,MYOLEG_V3_K0614,1.0000442255106972,0.9998731686886285,0.9977298755501449,1.0098708409924897,LEG_1_HEAVY_HIP_STIFF
98.53003629312298,1.0098708409924897,0.0075,0.03,SUBJECT_V3_f5375ad79fd42702ddbc6279,615,MYOLEG_V3_K0615,1.0000659359518556,0.9998731686886285,0.9966076277681256,1.0098708409924897,LEG_1_HEAVY_HIP_STIFF
98.52940809791102,1.0098708409924897,0.01,0.03,SUBJECT_V3_2904333c1ba34659b1cd9acf,616,MYOLEG_V3_K0616,1.000087486186114,0.9998731686886285,0.9954962349423212,1.0098708409924897,LEG_1_HEAVY_HIP_STIFF
98.528790500411,1.0098708409924897,0.0125,0.03,SUBJECT_V3_92c263dd89d8064f07ebf381,617,MYOLEG_V3_K0617,1.000108909634604,0.9998731686886285,0.9943955750247254,1.0098708409924897,LEG_1_HEAVY_HIP_STIFF
98.52818085807083,1.0098708409924897,0.015,0.03,SUBJECT_V3_ba947e721b035ad44a2155fb,618,MYOLEG_V3_K0618,1.0001301303666366,0.9998731686886285,0.9933057821146164,1.0098708409924897,LEG_1_HEAVY_HIP_STIFF
98.52758063597882,1.0098708409924897,0.0175,0.03,SUBJECT_V3_15a9b02158fc0be0a2b14469,619,MYOLEG_V3_K0619,1.0001511941602685,0.9998731686886285,0.9922267317885334,1.0098708409924897,LEG_1_HEAVY_HIP_STIFF
98.52699240691466,1.0098708409924897,0.02,0.03,SUBJECT_V3_9c211756b998c3f00b076652,620,MYOLEG_V3_K0620,1.000172177028905,0.9998731686886285,0.9911583030980448,1.0098708409924897,LEG_1_HEAVY_HIP_STIFF
98.52640925280953,1.0098708409924897,0.0225,0.03,SUBJECT_V3_bf7973b554185793d1290595,621,MYOLEG_V3_K0621,1.0001928784684972,0.9998731686886285,0.9901008387788797,1.0098708409924897,LEG_1_HEAVY_HIP_STIFF
98.52583536016459,1.0098708409924897,0.025,0.03,SUBJECT_V3_05e4ee2cf926d06cc5ad42f7,622,MYOLEG_V3_K0622,1.0002134423967788,0.9998731686886285,0.9890535358316641,1.0098708409924897,LEG_1_HEAVY_HIP_STIFF
98.52527199906591,1.0098708409924897,0.0275,0.03,SUBJECT_V3_80678c924780e04e4ec017ac,623,MYOLEG_V3_K0623,1.0002338988569586,0.9998731686886285,0.9880165654067201,1.0098708409924897,LEG_1_HEAVY_HIP_STIFF
98.52472025972203,1.0098708409924897,0.03,0.03,SUBJECT_V3_2af23783b8a4fd4192dc74fe,624,MYOLEG_V3_K0624,1.0002542737484206,0.9998731686886285,0.9869900760837074,1.0098708409924897,LEG_1_HEAVY_HIP_STIFF
175.8346621291427,1.0142077979694175,-0.03,-0.03,SUBJECT_V3_dc7a531d6311a9d840b3e9f5,0,MYOLEG_V3_K0000,0.9928483348762356,1.0040435160138748,1.0142077979694175,0.9901233738038334,LEG_2_KNEE_DOMINANT
175.74630710387294,1.0129723149610372,-0.0275,-0.03,SUBJECT_V3_3c9ffae4d31ced8f6acb822c,1,MYOLEG_V3_K0001,0.9934497566870002,1.0040435160138748,1.0129723149610372,0.9901233738038334,LEG_2_KNEE_DOMINANT
175.65869071839174,1.0117461892467197,-0.025,-0.03,SUBJECT_V3_b4c640ab051ca1c22ca674bc,2,MYOLEG_V3_K0002,0.9940486863683912,1.0040435160138748,1.0117461892467197,0.9901233738038334,LEG_2_KNEE_DOMINANT
175.571818621011,1.0105294404937395,-0.0225,-0.03,SUBJECT_V3_8be950f5c7d637231cb461a4,3,MYOLEG_V3_K0003,0.9946476957401754,1.0040435160138748,1.0105294404937395,0.9901233738038334,LEG_2_KNEE_DOMINANT
175.48568783806905,1.0093221367756815,-0.02,-0.03,SUBJECT_V3_12e756a9ac54ad93f515d3cf,4,MYOLEG_V3_K0004,0.9952437762310266,1.0040435160138748,1.0093221367756815,0.9901233738038334,LEG_2_KNEE_DOMINANT
175.4002877790172,1.0081240037233816,-0.0175,-0.03,SUBJECT_V3_8517f55ff7541c22ea5780ed,5,MYOLEG_V3_K0005,0.9958418041045973,1.0040435160138748,1.0081240037233816,0.9901233738038334,LEG_2_KNEE_DOMINANT
175.31562964677295,1.0069353071210492,-0.015,-0.03,SUBJECT_V3_88cf39fcbb7c96274cf6505e,6,MYOLEG_V3_K0006,0.996438700694602,1.0040435160138748,1.0069353071210492,0.9901233738038334,LEG_2_KNEE_DOMINANT
175.23170828272188,1.0057559745408666,-0.0125,-0.03,SUBJECT_V3_b61f468093e055cc81cac038,7,MYOLEG_V3_K0007,0.9970351157517676,1.0040435160138748,1.0057559745408666,0.9901233738038334,LEG_2_KNEE_DOMINANT
175.14852355767846,1.0045860473165908,-0.01,-0.03,SUBJECT_V3_d70609d6cd48faa5c32cd352,8,MYOLEG_V3_K0008,0.9976302311427386,1.0040435160138748,1.0045860473165908,0.9901233738038334,LEG_2_KNEE_DOMINANT
175.0660697888581,1.0040435160138748,-0.0075,-0.03,SUBJECT_V3_6c44d06b0c5c220df2bb9f89,9,MYOLEG_V3_K0009,0.9982250205743677,1.0040435160138748,1.003425435532295,0.9901233738038334,LEG_2_KNEE_DOMINANT
174.9843485973802,1.0040435160138748,-0.005,-0.03,SUBJECT_V3_e129f4ad242701bb3bc97a61,10,MYOLEG_V3_K0010,0.9988188459987042,1.0040435160138748,1.0022741991209712,0.9901233738038334,LEG_2_KNEE_DOMINANT
174.90335659077107,1.0040435160138748,-0.0025,-0.03,SUBJECT_V3_728856b86d32fbaf23251568,11,MYOLEG_V3_K0011,0.9994117260283,1.0040435160138748,1.0011323085676296,0.9901233738038334,LEG_2_KNEE_DOMINANT
174.82309145627144,1.0040435160138748,0.0,-0.03,SUBJECT_V3_1cdc2646189f7c91eef87c13,12,MYOLEG_V3_K0012,1.000003618634991,1.0040435160138748,0.9999997510204193,0.9901233738038334,LEG_2_KNEE_DOMINANT
174.74363993373055,1.0040435160138748,0.0025,-0.03,SUBJECT_V3_f3cb6f908c3ff895938791c7,13,MYOLEG_V3_K0013,1.000594929730185,1.0040435160138748,0.9988777375803425,0.9901233738038334,LEG_2_KNEE_DOMINANT
174.66482248380052,1.0040435160138748,0.005,-0.03,SUBJECT_V3_44ce75ff201b1b5e2f1f7a9e,14,MYOLEG_V3_K0014,1.0011851663847293,1.0040435160138748,0.9977638063588313,0.9901233738038334,LEG_2_KNEE_DOMINANT
174.58672405197638,1.0040435160138748,0.0075,-0.03,SUBJECT_V3_4c66a49eede7cd3224669c7f,15,MYOLEG_V3_K0015,1.001774287776925,1.0040435160138748,0.9966591560680328,0.9901233738038334,LEG_2_KNEE_DOMINANT
174.50934178829084,1.0040435160138748,0.01,-0.03,SUBJECT_V3_b2207f5a9774341b8841bd81,16,MYOLEG_V3_K0016,1.0023622827681367,1.0040435160138748,0.9955637648684564,0.9901233738038334,LEG_2_KNEE_DOMINANT
174.4326713570443,1.0040435160138748,0.0125,-0.03,SUBJECT_V3_c75ef300a9339febc26fc6cc,17,MYOLEG_V3_K0017,1.0029494531832548,1.0040435160138748,0.9944775804245416,0.9901233738038334,LEG_2_KNEE_DOMINANT
174.35671213932855,1.0040435160138748,0.015,-0.03,SUBJECT_V3_610a9eeb3ce1a44ed289d8b7,18,MYOLEG_V3_K0018,1.0035350251384774,1.0040435160138748,0.9934006351076657,0.9901233738038334,LEG_2_KNEE_DOMINANT
174.28145968248467,1.0041194912564095,0.0175,-0.03,SUBJECT_V3_dd07e69f545100f5c6c67e78,19,MYOLEG_V3_K0019,1.0041194912564095,1.0040435160138748,0.992332868767345,0.9901233738038334,LEG_2_KNEE_DOMINANT
174.20691009523142,1.0047038127572903,0.02,-0.03,SUBJECT_V3_05f67f84240a8d543149967d,20,MYOLEG_V3_K0020,1.0047038127572903,1.0040435160138748,0.9912742142778665,0.9901233738038334,LEG_2_KNEE_DOMINANT
174.13306551634201,1.0052856871333455,0.0225,-0.03,SUBJECT_V3_5d2bc97d9559b1177c17d70b,21,MYOLEG_V3_K0021,1.0052856871333455,1.0040435160138748,0.9902247894608376,0.9901233738038334,LEG_2_KNEE_DOMINANT
174.0599070619946,1.0058659955037623,0.025,-0.03,SUBJECT_V3_f9dd5c1392fb37094f0be342,22,MYOLEG_V3_K0022,1.0058659955037623,1.0040435160138748,0.9891843199335612,0.9901233738038334,LEG_2_KNEE_DOMINANT
173.98743648931955,1.0064456352296889,0.0275,-0.03,SUBJECT_V3_e3d06d307a60e2ee88b43901,23,MYOLEG_V3_K0023,1.0064456352296889,1.0040435160138748,0.988152818655887,0.9901233738038334,LEG_2_KNEE_DOMINANT
173.91565431425246,1.0070249119037034,0.03,-0.03,SUBJECT_V3_3c6b1c834dd4506b9bda2ed5,24,MYOLEG_V3_K0024,1.0070249119037034,1.0040435160138748,0.9871302994509921,0.9901233738038334,LEG_2_KNEE_DOMINANT
175.91543205391773,1.0142077979694175,-0.03,-0.0275,SUBJECT_V3_d48334008c652605f6497d87,25,MYOLEG_V3_K0025,0.9928483348762356,1.0036964135960695,1.0142077979694175,0.9909582724955072,LEG_2_KNEE_DOMINANT
175.827117616412,1.0129723149610372,-0.0275,-0.0275,SUBJECT_V3_443a4b647d9c372c91ed9dce,26,MYOLEG_V3_K0026,0.9934497566870002,1.0036964135960695,1.0129723149610372,0.9909582724955072,LEG_2_KNEE_DOMINANT
175.73954151967726,1.0117461892467197,-0.025,-0.0275,SUBJECT_V3_587069728c3a764f3483a73a,27,MYOLEG_V3_K0027,0.9940486863683912,1.0036964135960695,1.0117461892467197,0.9909582724955072,LEG_2_KNEE_DOMINANT
175.65270940846872,1.0105294404937395,-0.0225,-0.0275,SUBJECT_V3_2f6065c8d8eb909213bf3a0d,28,MYOLEG_V3_K0028,0.9946476957401754,1.0036964135960695,1.0105294404937395,0.9909582724955072,LEG_2_KNEE_DOMINANT
175.56661830953794,1.0093221367756815,-0.02,-0.0275,SUBJECT_V3_200add4abf4c1808a537d153,29,MYOLEG_V3_K0029,0.9952437762310266,1.0036964135960695,1.0093221367756815,0.9909582724955072,LEG_2_KNEE_DOMINANT
175.48125763627527,1.0081240037233816,-0.0175,-0.0275,SUBJECT_V3_0f97e164d8011ce031181f3f,30,MYOLEG_V3_K0030,0.9958418041045973,1.0036964135960695,1.0081240037233816,0.9909582724955072,LEG_2_KNEE_DOMINANT
175.39663858549633,1.0069353071210492,-0.015,-0.0275,SUBJECT_V3_6c1079bc15f542a0215b0299,31,MYOLEG_V3_K0031,0.996438700694602,1.0036964135960695,1.0069353071210492,0.9909582724955072,LEG_2_KNEE_DOMINANT
175.3127560000347,1.0057559745408666,-0.0125,-0.0275,SUBJECT_V3_bebf8bd9b7d32a71ddd60ca8,32,MYOLEG_V3_K0032,0.9970351157517676,1.0036964135960695,1.0057559745408666,0.9909582724955072,LEG_2_KNEE_DOMINANT
175.22960974984053,1.0045860473165908,-0.01,-0.0275,SUBJECT_V3_f6469b393a242b5a887c1a79,33,MYOLEG_V3_K0033,0.9976302311427386,1.0036964135960695,1.0045860473165908,0.9909582724955072,LEG_2_KNEE_DOMINANT
175.14719415384334,1.0036964135960695,-0.0075,-0.0275,SUBJECT_V3_282ab613644ca15176592ee4,34,MYOLEG_V3_K0034,0.9982250205743677,1.0036964135960695,1.003425435532295,0.9909582724955072,LEG_2_KNEE_DOMINANT
175.0655108315063,1.0036964135960695,-0.005,-0.0275,SUBJECT_V3_20d0fff45e1d229cb5e8d92b,35,MYOLEG_V3_K0035,0.9988188459987042,1.0036964135960695,1.0022741991209712,0.9909582724955072,LEG_2_KNEE_DOMINANT
174.98455639102895,1.0036964135960695,-0.0025,-0.0275,SUBJECT_V3_3027a44d92608f91024c4486,36,MYOLEG_V3_K0036,0.9994117260283,1.0036964135960695,1.0011323085676296,0.9909582724955072,LEG_2_KNEE_DOMINANT
174.90432851983573,1.0036964135960695,0.0,-0.0275,SUBJECT_V3_4a68ed03fb9f3d2e7891c31d,37,MYOLEG_V3_K0037,1.000003618634991,1.0036964135960695,0.9999997510204193,0.9909582724955072,LEG_2_KNEE_DOMINANT
174.82491391656978,1.0036964135960695,0.0025,-0.0275,SUBJECT_V3_9ea5cb4e93265d2cb2e5c339,38,MYOLEG_V3_K0038,1.000594929730185,1.0036964135960695,0.9988777375803425,0.9909582724955072,LEG_2_KNEE_DOMINANT
174.74613312443947,1.0036964135960695,0.005,-0.0275,SUBJECT_V3_901669c101b0e89307b3a694,39,MYOLEG_V3_K0039,1.0011851663847293,1.0036964135960695,0.9977638063588313,0.9909582724955072,LEG_2_KNEE_DOMINANT
174.66807104862556,1.0036964135960695,0.0075,-0.0275,SUBJECT_V3_7a9adc63c7662ba70b99b15c,40,MYOLEG_V3_K0040,1.001774287776925,1.0036964135960695,0.9966591560680328,0.9909582724955072,LEG_2_KNEE_DOMINANT
174.59072483963539,1.0036964135960695,0.01,-0.0275,SUBJECT_V3_2fe57f173360509661d621df,41,MYOLEG_V3_K0041,1.0023622827681367,1.0036964135960695,0.9955637648684564,0.9909582724955072,LEG_2_KNEE_DOMINANT
174.51409016294755,1.0036964135960695,0.0125,-0.0275,SUBJECT_V3_40193bb4d7b36bb6ceb36d92,42,MYOLEG_V3_K0042,1.0029494531832548,1.0036964135960695,0.9944775804245416,0.9909582724955072,LEG_2_KNEE_DOMINANT
174.4381663991096,1.0036964135960695,0.015,-0.0275,SUBJECT_V3_fb131358ebb9ae8356762243,43,MYOLEG_V3_K0043,1.0035350251384774,1.0036964135960695,0.9934006351076657,0.9909582724955072,LEG_2_KNEE_DOMINANT
174.3629490967169,1.0041194912564095,0.0175,-0.0275,SUBJECT_V3_306a5bbb260aabf6d3a16426,44,MYOLEG_V3_K0044,1.0041194912564095,1.0036964135960695,0.992332868767345,0.9909582724955072,LEG_2_KNEE_DOMINANT
174.28843436549315,1.0047038127572903,0.02,-0.0275,SUBJECT_V3_af05947f0f86b80ff6d88070,45,MYOLEG_V3_K0045,1.0047038127572903,1.0036964135960695,0.9912742142778665,0.9909582724955072,LEG_2_KNEE_DOMINANT
174.2146243424054,1.0052856871333455,0.0225,-0.0275,SUBJECT_V3_30e70c28264012eae8c68ff4,46,MYOLEG_V3_K0046,1.0052856871333455,1.0036964135960695,0.9902247894608376,0.9909582724955072,LEG_2_KNEE_DOMINANT
174.1415001516783,1.0058659955037623,0.025,-0.0275,SUBJECT_V3_9b83580a8ee61af2c19424a6,47,MYOLEG_V3_K0047,1.0058659955037623,1.0036964135960695,0.9891843199335612,0.9909582724955072,LEG_2_KNEE_DOMINANT
174.0690635488448,1.0064456352296889,0.0275,-0.0275,SUBJECT_V3_ee15a0ef4d5af86b33a0d34b,48,MYOLEG_V3_K0048,1.0064456352296889,1.0036964135960695,0.988152818655887,0.9909582724955072,LEG_2_KNEE_DOMINANT
173.99731504882863,1.0070249119037034,0.03,-0.0275,SUBJECT_V3_7c153b4dcb35dedf4e6bf98e,49,MYOLEG_V3_K0049,1.0070249119037034,1.0036964135960695,0.9871302994509921,0.9909582724955072,LEG_2_KNEE_DOMINANT
175.99604498226483,1.0142077979694175,-0.03,-0.025,SUBJECT_V3_91fc9a2373bf1f9a91b4bb90,50,MYOLEG_V3_K0050,0.9928483348762356,1.0033511010953549,1.0142077979694175,0.9917911955533545,LEG_2_KNEE_DOMINANT
175.90777101645745,1.0129723149610372,-0.0275,-0.025,SUBJECT_V3_31acf93736f614568ee755b6,51,MYOLEG_V3_K0051,0.9934497566870002,1.0033511010953549,1.0129723149610372,0.9917911955533545,LEG_2_KNEE_DOMINANT
175.8202350932031,1.0117461892467197,-0.025,-0.025,SUBJECT_V3_3c6807d598ecd9b2b429aaf5,52,MYOLEG_V3_K0052,0.9940486863683912,1.0033511010953549,1.0117461892467197,0.9917911955533545,LEG_2_KNEE_DOMINANT
175.7334428537118,1.0105294404937395,-0.0225,-0.025,SUBJECT_V3_5865b755f541ce562de6f4fe,53,MYOLEG_V3_K0053,0.9946476957401754,1.0033511010953549,1.0105294404937395,0.9917911955533545,LEG_2_KNEE_DOMINANT
175.6473913251484,1.0093221367756815,-0.02,-0.025,SUBJECT_V3_a9ea41f7b5905e7e8181bcdf,54,MYOLEG_V3_K0054,0.9952437762310266,1.0033511010953549,1.0093221367756815,0.9917911955533545,LEG_2_KNEE_DOMINANT
175.56206992483217,1.0081240037233816,-0.0175,-0.025,SUBJECT_V3_7a427b22bad9d59f3fa08ddc,55,MYOLEG_V3_K0055,0.9958418041045973,1.0033511010953549,1.0081240037233816,0.9917911955533545,LEG_2_KNEE_DOMINANT
175.47748984349548,1.0069353071210492,-0.015,-0.025,SUBJECT_V3_36b8eb45ae7abc1f8fe86ae9,56,MYOLEG_V3_K0056,0.996438700694602,1.0033511010953549,1.0069353071210492,0.9917911955533545,LEG_2_KNEE_DOMINANT
175.39364592541702,1.0057559745408666,-0.0125,-0.025,SUBJECT_V3_6694f03e7e859f5c0fb3d4fc,57,MYOLEG_V3_K0057,0.9970351157517676,1.0033511010953549,1.0057559745408666,0.9917911955533545,LEG_2_KNEE_DOMINANT
175.31053803968618,1.0045860473165908,-0.01,-0.025,SUBJECT_V3_b8482dae0242f487b6480506,58,MYOLEG_V3_K0058,0.9976302311427386,1.0033511010953549,1.0045860473165908,0.9917911955533545,LEG_2_KNEE_DOMINANT
175.22816050694288,1.003425435532295,-0.0075,-0.025,SUBJECT_V3_a2395786954c5d6ab97ffe5a,59,MYOLEG_V3_K0059,0.9982250205743677,1.0033511010953549,1.003425435532295,0.9917911955533545,LEG_2_KNEE_DOMINANT
175.14651494499992,1.0033511010953549,-0.005,-0.025,SUBJECT_V3_f8481077ea09436c58ee1033,60,MYOLEG_V3_K0060,0.9988188459987042,1.0033511010953549,1.0022741991209712,0.9917911955533545,LEG_2_KNEE_DOMINANT
175.06559796272947,1.0033511010953549,-0.0025,-0.025,SUBJECT_V3_e83ea8de773e1ee91193ec8d,61,MYOLEG_V3_K0061,0.9994117260283,1.0033511010953549,1.0011323085676296,0.9917911955533545,LEG_2_KNEE_DOMINANT
174.98540724774008,1.0033511010953549,0.0,-0.025,SUBJECT_V3_cbc96c50581dfcb29796671a,62,MYOLEG_V3_K0062,1.000003618634991,1.0033511010953549,0.9999997510204193,0.9917911955533545,LEG_2_KNEE_DOMINANT
174.9060294575887,1.0033511010953549,0.0025,-0.025,SUBJECT_V3_d14902f4d809c9014cb92479,63,MYOLEG_V3_K0063,1.000594929730185,1.0033511010953549,0.9988777375803425,0.9917911955533545,LEG_2_KNEE_DOMINANT
174.82728521780334,1.0033511010953549,0.005,-0.025,SUBJECT_V3_a4d57394ef0feed5d89e2623,64,MYOLEG_V3_K0064,1.0011851663847293,1.0033511010953549,0.9977638063588313,0.9917911955533545,LEG_2_KNEE_DOMINANT
174.74925939336782,1.0033511010953549,0.0075,-0.025,SUBJECT_V3_54e6a4ae9db8db4a6b0bda91,65,MYOLEG_V3_K0065,1.001774287776925,1.0033511010953549,0.9966591560680328,0.9917911955533545,LEG_2_KNEE_DOMINANT
174.6719491352636,1.0033511010953549,0.01,-0.025,SUBJECT_V3_9dddae82207209ea79bdd83a,66,MYOLEG_V3_K0066,1.0023622827681367,1.0033511010953549,0.9955637648684564,0.9917911955533545,LEG_2_KNEE_DOMINANT
174.59535011014535,1.0033511010953549,0.0125,-0.025,SUBJECT_V3_02d943ebffa76ee9feb2a1f1,67,MYOLEG_V3_K0067,1.0029494531832548,1.0033511010953549,0.9944775804245416,0.9917911955533545,LEG_2_KNEE_DOMINANT
174.5194616980189,1.0035350251384774,0.015,-0.025,SUBJECT_V3_b46c7340f97059272114e4c0,68,MYOLEG_V3_K0068,1.0035350251384774,1.0033511010953549,0.9934006351076657,0.9917911955533545,LEG_2_KNEE_DOMINANT
174.44427944873152,1.0041194912564095,0.0175,-0.025,SUBJECT_V3_565f9f88dde309950a7c4065,69,MYOLEG_V3_K0069,1.0041194912564095,1.0033511010953549,0.992332868767345,0.9917911955533545,LEG_2_KNEE_DOMINANT
174.3697994730098,1.0047038127572903,0.02,-0.025,SUBJECT_V3_62093a646905ef163413e696,70,MYOLEG_V3_K0070,1.0047038127572903,1.0033511010953549,0.9912742142778665,0.9917911955533545,LEG_2_KNEE_DOMINANT
174.29602390602108,1.0052856871333455,0.0225,-0.025,SUBJECT_V3_dd4e8db26ad1c40a6ce12f54,71,MYOLEG_V3_K0071,1.0052856871333455,1.0033511010953549,0.9902247894608376,0.9917911955533545,LEG_2_KNEE_DOMINANT
174.2229338800142,1.0058659955037623,0.025,-0.025,SUBJECT_V3_dee1d66924e75df075d9aa9c,72,MYOLEG_V3_K0072,1.0058659955037623,1.0033511010953549,0.9891843199335612,0.9917911955533545,LEG_2_KNEE_DOMINANT
174.1505311489305,1.0064456352296889,0.0275,-0.025,SUBJECT_V3_d54a39cd2e356c49d90bd556,73,MYOLEG_V3_K0073,1.0064456352296889,1.0033511010953549,0.988152818655887,0.9917911955533545,LEG_2_KNEE_DOMINANT
174.07881622668557,1.0070249119037034,0.03,-0.025,SUBJECT_V3_8759625c43fb6bc7eeb2cfdf,74,MYOLEG_V3_K0074,1.0070249119037034,1.0033511010953549,0.9871302994509921,0.9917911955533545,LEG_2_KNEE_DOMINANT
176.07647941235754,1.0142077979694175,-0.03,-0.0225,SUBJECT_V3_8559364cad7476770d33a599,75,MYOLEG_V3_K0075,0.9928483348762356,1.0030074136128366,1.0142077979694175,0.9926219299889819,LEG_2_KNEE_DOMINANT
175.98824579167044,1.0129723149610372,-0.0275,-0.0225,SUBJECT_V3_e1cc1f640397999033fb916f,76,MYOLEG_V3_K0076,0.9934497566870002,1.0030074136128366,1.0129723149610372,0.9926219299889819,LEG_2_KNEE_DOMINANT
175.9007499161962,1.0117461892467197,-0.025,-0.0225,SUBJECT_V3_d6c4c216b4fbc23eb1d0d799,77,MYOLEG_V3_K0077,0.9940486863683912,1.0030074136128366,1.0117461892467197,0.9926219299889819,LEG_2_KNEE_DOMINANT
175.81399742361182,1.0105294404937395,-0.0225,-0.0225,SUBJECT_V3_88b634a95a72ba7b7a0fea7e,78,MYOLEG_V3_K0078,0.9946476957401754,1.0030074136128366,1.0105294404937395,0.9926219299889819,LEG_2_KNEE_DOMINANT
175.72798534149535,1.0093221367756815,-0.02,-0.0225,SUBJECT_V3_f2a3fea5be28cdf250916ce6,79,MYOLEG_V3_K0079,0.9952437762310266,1.0030074136128366,1.0093221367756815,0.9926219299889819,LEG_2_KNEE_DOMINANT
175.6427030910839,1.0081240037233816,-0.0175,-0.0225,SUBJECT_V3_b17da73b9b1e334216ce92e1,80,MYOLEG_V3_K0080,0.9958418041045973,1.0030074136128366,1.0081240037233816,0.9926219299889819,LEG_2_KNEE_DOMINANT
175.5581618570468,1.0069353071210492,-0.015,-0.0225,SUBJECT_V3_83b321c8d0b4219e8f3d4892,81,MYOLEG_V3_K0081,0.996438700694602,1.0030074136128366,1.0069353071210492,0.9926219299889819,LEG_2_KNEE_DOMINANT
175.4743564851045,1.0057559745408666,-0.0125,-0.0225,SUBJECT_V3_cce7989a7eacfe08c1085361,82,MYOLEG_V3_K0082,0.9970351157517676,1.0030074136128366,1.0057559745408666,0.9926219299889819,LEG_2_KNEE_DOMINANT
175.39128684348958,1.0045860473165908,-0.01,-0.0225,SUBJECT_V3_4e90f1275bb1f8515928936a,83,MYOLEG_V3_K0083,0.9976302311427386,1.0030074136128366,1.0045860473165908,0.9926219299889819,LEG_2_KNEE_DOMINANT
175.3089472545481,1.003425435532295,-0.0075,-0.0225,SUBJECT_V3_2241e0b21e995d96eec35b40,84,MYOLEG_V3_K0084,0.9982250205743677,1.0030074136128366,1.003425435532295,0.9926219299889819,LEG_2_KNEE_DOMINANT
175.2273393344488,1.0030074136128366,-0.005,-0.0225,SUBJECT_V3_10ab5dd7edcb371b9a68c493,85,MYOLEG_V3_K0085,0.9988188459987042,1.0030074136128366,1.0022741991209712,0.9926219299889819,LEG_2_KNEE_DOMINANT
175.14645969273548,1.0030074136128366,-0.0025,-0.0225,SUBJECT_V3_d33d30419fc982cfda076cb8,86,MYOLEG_V3_K0086,0.9994117260283,1.0030074136128366,1.0011323085676296,0.9926219299889819,LEG_2_KNEE_DOMINANT
175.0663060172015,1.0030074136128366,0.0,-0.0225,SUBJECT_V3_1fbceef09d42847000b95695,87,MYOLEG_V3_K0087,1.000003618634991,1.0030074136128366,0.9999997510204193,0.9926219299889819,LEG_2_KNEE_DOMINANT
174.98696492444762,1.0030074136128366,0.0025,-0.0225,SUBJECT_V3_ddeb837ca53f5838cd1f5328,88,MYOLEG_V3_K0088,1.000594929730185,1.0030074136128366,0.9988777375803425,0.9926219299889819,LEG_2_KNEE_DOMINANT
174.90825712206427,1.0030074136128366,0.005,-0.0225,SUBJECT_V3_c1955c9f15ab451fbd1a6b57,89,MYOLEG_V3_K0089,1.0011851663847293,1.0030074136128366,0.9977638063588313,0.9926219299889819,LEG_2_KNEE_DOMINANT
174.83026743496546,1.0030074136128366,0.0075,-0.0225,SUBJECT_V3_0c8c7fc19fa614baa30c984e,90,MYOLEG_V3_K0090,1.001774287776925,1.0030074136128366,0.9966591560680328,0.9926219299889819,LEG_2_KNEE_DOMINANT
174.7529930146065,1.0030074136128366,0.01,-0.0225,SUBJECT_V3_5792e3d6f6f85fa4548c6921,91,MYOLEG_V3_K0091,1.0023622827681367,1.0030074136128366,0.9955637648684564,0.9926219299889819,LEG_2_KNEE_DOMINANT
174.67642952881542,1.0030074136128366,0.0125,-0.0225,SUBJECT_V3_3b3cf039e48a2bfcd7177636,92,MYOLEG_V3_K0092,1.0029494531832548,1.0030074136128366,0.9944775804245416,0.9926219299889819,LEG_2_KNEE_DOMINANT
174.60057635705923,1.0035350251384774,0.015,-0.0225,SUBJECT_V3_a1b89f28376adafb6ec15fb1,93,MYOLEG_V3_K0093,1.0035350251384774,1.0030074136128366,0.9934006351076657,0.9926219299889819,LEG_2_KNEE_DOMINANT
174.52542905043413,1.0041194912564095,0.0175,-0.0225,SUBJECT_V3_59575c99a44da615454ecfcc,94,MYOLEG_V3_K0094,1.0041194912564095,1.0030074136128366,0.992332868767345,0.9926219299889819,LEG_2_KNEE_DOMINANT
174.45098372066764,1.0047038127572903,0.02,-0.0225,SUBJECT_V3_78296abaef2cd397e0a0bd68,95,MYOLEG_V3_K0095,1.0047038127572903,1.0030074136128366,0.9912742142778665,0.9926219299889819,LEG_2_KNEE_DOMINANT
174.3772425011339,1.0052856871333455,0.0225,-0.0225,SUBJECT_V3_b3084ea840c2159771200ee7,96,MYOLEG_V3_K0096,1.0052856871333455,1.0030074136128366,0.9902247894608376,0.9926219299889819,LEG_2_KNEE_DOMINANT
174.30418653208187,1.0058659955037623,0.025,-0.0225,SUBJECT_V3_edcd3c79bfeb26f3119f6fff,97,MYOLEG_V3_K0097,1.0058659955037623,1.0030074136128366,0.9891843199335612,0.9926219299889819,LEG_2_KNEE_DOMINANT
174.23181756586712,1.0064456352296889,0.0275,-0.0225,SUBJECT_V3_f829e123809238b44cde87ae,98,MYOLEG_V3_K0098,1.0064456352296889,1.0030074136128366,0.988152818655887,0.9926219299889819,LEG_2_KNEE_DOMINANT
174.16013611540143,1.0070249119037034,0.03,-0.0225,SUBJECT_V3_2ff8432c00cf42a1fd7fb60e,99,MYOLEG_V3_K0099,1.0070249119037034,1.0030074136128366,0.9871302994509921,0.9926219299889819,LEG_2_KNEE_DOMINANT
176.1567373699458,1.0142077979694175,-0.03,-0.02,SUBJECT_V3_166a60f060e08d9d0b4bdc04,100,MYOLEG_V3_K0100,0.9928483348762356,1.0026661515401538,1.0142077979694175,0.9934504801460474,LEG_2_KNEE_DOMINANT
176.06854396911191,1.0129723149610372,-0.0275,-0.02,SUBJECT_V3_4877597b3aac5f3867c56afb,101,MYOLEG_V3_K0101,0.9934497566870002,1.0026661515401538,1.0129723149610372,0.9934504801460474,LEG_2_KNEE_DOMINANT
175.98108801701926,1.0117461892467197,-0.025,-0.02,SUBJECT_V3_88c0fcaf8320f6d477818346,102,MYOLEG_V3_K0102,0.9940486863683912,1.0026661515401538,1.0117461892467197,0.9934504801460474,LEG_2_KNEE_DOMINANT
175.89437514782406,1.0105294404937395,-0.0225,-0.02,SUBJECT_V3_585dacbfa3145a2e91e16474,103,MYOLEG_V3_K0103,0.9946476957401754,1.0026661515401538,1.0105294404937395,0.9934504801460474,LEG_2_KNEE_DOMINANT
175.80840238951748,1.0093221367756815,-0.02,-0.02,SUBJECT_V3_28fc62bdf66dfe6355bc1daa,104,MYOLEG_V3_K0104,0.9952437762310266,1.0026661515401538,1.0093221367756815,0.9934504801460474,LEG_2_KNEE_DOMINANT
175.72315916724332,1.0081240037233816,-0.0175,-0.02,SUBJECT_V3_ec7438aa2987163246a76ee4,105,MYOLEG_V3_K0105,0.9958418041045973,1.0026661515401538,1.0081240037233816,0.9934504801460474,LEG_2_KNEE_DOMINANT
175.6386566596281,1.0069353071210492,-0.015,-0.02,SUBJECT_V3_9c54b2279dd854f273d77bae,106,MYOLEG_V3_K0106,0.996438700694602,1.0026661515401538,1.0069353071210492,0.9934504801460474,LEG_2_KNEE_DOMINANT
175.5548897138306,1.0057559745408666,-0.0125,-0.02,SUBJECT_V3_9c71d7026eefdcadb23ecdac,107,MYOLEG_V3_K0107,0.9970351157517676,1.0026661515401538,1.0057559745408666,0.9934504801460474,LEG_2_KNEE_DOMINANT
175.4718581972304,1.0045860473165908,-0.01,-0.02,SUBJECT_V3_b7ad9cfb609c8af0486d28d7,108,MYOLEG_V3_K0108,0.9976302311427386,1.0026661515401538,1.0045860473165908,0.9934504801460474,LEG_2_KNEE_DOMINANT
175.38955643387553,1.003425435532295,-0.0075,-0.02,SUBJECT_V3_3262b99f0ee40bbfc8ed8422,109,MYOLEG_V3_K0109,0.9982250205743677,1.0026661515401538,1.003425435532295,0.9934504801460474,LEG_2_KNEE_DOMINANT
175.3079860382971,1.0026661515401538,-0.005,-0.02,SUBJECT_V3_82b03cb87b62eb436213b839,110,MYOLEG_V3_K0110,0.9988188459987042,1.0026661515401538,1.0022741991209712,0.9934504801460474,LEG_2_KNEE_DOMINANT
175.22714362070934,1.0026661515401538,-0.0025,-0.02,SUBJECT_V3_7237967f886fccbadde9f781,111,MYOLEG_V3_K0111,0.9994117260283,1.0026661515401538,1.0011323085676296,0.9934504801460474,LEG_2_KNEE_DOMINANT
175.14702686909112,1.0026661515401538,0.0,-0.02,SUBJECT_V3_6552ca9b2ef5abec2ca4fcb8,112,MYOLEG_V3_K0112,1.000003618634991,1.0026661515401538,0.9999997510204193,0.9934504801460474,LEG_2_KNEE_DOMINANT
175.06772235921605,1.0026661515401538,0.0025,-0.02,SUBJECT_V3_2ce919051c2bbd1d4e59d170,113,MYOLEG_V3_K0113,1.000594929730185,1.0026661515401538,0.9988777375803425,0.9934504801460474,LEG_2_KNEE_DOMINANT
174.98905088048176,1.0026661515401538,0.005,-0.02,SUBJECT_V3_4818bc15f1b77c5f088622c9,114,MYOLEG_V3_K0114,1.0011851663847293,1.0026661515401538,0.9977638063588313,0.9934504801460474,LEG_2_KNEE_DOMINANT
174.91109721785875,1.0026661515401538,0.0075,-0.02,SUBJECT_V3_e8c1824722cfd26364b1ecc6,115,MYOLEG_V3_K0115,1.001774287776925,1.0026661515401538,0.9966591560680328,0.9934504801460474,LEG_2_KNEE_DOMINANT
174.83385852327572,1.0026661515401538,0.01,-0.02,SUBJECT_V3_991b5abd96ec000d3e4e2eb0,116,MYOLEG_V3_K0116,1.0023622827681367,1.0026661515401538,0.9955637648684564,0.9934504801460474,LEG_2_KNEE_DOMINANT
174.75733046573157,1.0029494531832548,0.0125,-0.02,SUBJECT_V3_25f12f7b72980f51735f5b7b,117,MYOLEG_V3_K0117,1.0029494531832548,1.0026661515401538,0.9944775804245416,0.9934504801460474,LEG_2_KNEE_DOMINANT
174.68151242415712,1.0035350251384774,0.015,-0.02,SUBJECT_V3_433c3d5a554bc6eaf9721fc5,118,MYOLEG_V3_K0118,1.0035350251384774,1.0026661515401538,0.9934006351076657,0.9934504801460474,LEG_2_KNEE_DOMINANT
174.60639995089474,1.0041194912564095,0.0175,-0.02,SUBJECT_V3_8054bd758107ddcd2929f2d4,119,MYOLEG_V3_K0119,1.0041194912564095,1.0026661515401538,0.992332868767345,0.9934504801460474,LEG_2_KNEE_DOMINANT
174.53198915867065,1.0047038127572903,0.02,-0.02,SUBJECT_V3_eadf999a1205d9ad2d5b42bb,120,MYOLEG_V3_K0120,1.0047038127572903,1.0026661515401538,0.9912742142778665,0.9934504801460474,LEG_2_KNEE_DOMINANT
174.45828217907268,1.0052856871333455,0.0225,-0.02,SUBJECT_V3_256d8393b38232cfefd97663,121,MYOLEG_V3_K0121,1.0052856871333455,1.0026661515401538,0.9902247894608376,0.9934504801460474,LEG_2_KNEE_DOMINANT
174.3852601603257,1.0058659955037623,0.025,-0.02,SUBJECT_V3_a5b1f9049062de9f026fee81,122,MYOLEG_V3_K0122,1.0058659955037623,1.0026661515401538,0.9891843199335612,0.9934504801460474,LEG_2_KNEE_DOMINANT
174.31292485320554,1.0064456352296889,0.0275,-0.02,SUBJECT_V3_378b714b4c8a060a103ca7a0,123,MYOLEG_V3_K0123,1.0064456352296889,1.0026661515401538,0.988152818655887,0.9934504801460474,LEG_2_KNEE_DOMINANT
174.24127676962436,1.0070249119037034,0.03,-0.02,SUBJECT_V3_4cedecc05aa393c864b54bd2,124,MYOLEG_V3_K0124,1.0070249119037034,1.0026661515401538,0.9871302994509921,0.9934504801460474,LEG_2_KNEE_DOMINANT
176.2368196018517,1.0142077979694175,-0.03,-0.0175,SUBJECT_V3_4c3b5dcb60d39dc950e9448e,125,MYOLEG_V3_K0125,0.9928483348762356,1.0023268974997377,1.0142077979694175,0.9942768668098748,LEG_2_KNEE_DOMINANT
176.14866629626988,1.0129723149610372,-0.0275,-0.0175,SUBJECT_V3_a03e8171d186a7f0987ceb93,126,MYOLEG_V3_K0126,0.9934497566870002,1.0023268974997377,1.0129723149610372,0.9942768668098748,LEG_2_KNEE_DOMINANT
176.06125014382192,1.0117461892467197,-0.025,-0.0175,SUBJECT_V3_f61886dcbb953e92ae6b1812,127,MYOLEG_V3_K0127,0.9940486863683912,1.0023268974997377,1.0117461892467197,0.9942768668098748,LEG_2_KNEE_DOMINANT
175.97457677515527,1.0105294404937395,-0.0225,-0.0175,SUBJECT_V3_26faf9ac77fdcc3476732891,128,MYOLEG_V3_K0128,0.9946476957401754,1.0023268974997377,1.0105294404937395,0.9942768668098748,LEG_2_KNEE_DOMINANT
175.88864321867416,1.0093221367756815,-0.02,-0.0175,SUBJECT_V3_36a37d8d706004cd731a1ae4,129,MYOLEG_V3_K0129,0.9952437762310266,1.0023268974997377,1.0093221367756815,0.9942768668098748,LEG_2_KNEE_DOMINANT
175.80343890341814,1.0081240037233816,-0.0175,-0.0175,SUBJECT_V3_de4eaa58427b141244c3cdf3,130,MYOLEG_V3_K0130,0.9958418041045973,1.0023268974997377,1.0081240037233816,0.9942768668098748,LEG_2_KNEE_DOMINANT
175.71897500199086,1.0069353071210492,-0.015,-0.0175,SUBJECT_V3_e362f2d33f3604f2eea76a67,131,MYOLEG_V3_K0131,0.996438700694602,1.0023268974997377,1.0069353071210492,0.9942768668098748,LEG_2_KNEE_DOMINANT
175.63524636298595,1.0057559745408666,-0.0125,-0.0175,SUBJECT_V3_6ab439b3c2da14a38b14df22,132,MYOLEG_V3_K0132,0.9970351157517676,1.0023268974997377,1.0057559745408666,0.9942768668098748,LEG_2_KNEE_DOMINANT
175.552252852934,1.0045860473165908,-0.01,-0.0175,SUBJECT_V3_6584bc9022f2f2134cc1b221,133,MYOLEG_V3_K0133,0.9976302311427386,1.0023268974997377,1.0045860473165908,0.9942768668098748,LEG_2_KNEE_DOMINANT
175.4699887975809,1.003425435532295,-0.0075,-0.0175,SUBJECT_V3_8601976cb58d3fdaf67b0d8d,134,MYOLEG_V3_K0134,0.9982250205743677,1.0023268974997377,1.003425435532295,0.9942768668098748,LEG_2_KNEE_DOMINANT
175.38845580982607,1.0023268974997377,-0.005,-0.0175,SUBJECT_V3_beabeb15cb3c93a530a15d7f,135,MYOLEG_V3_K0135,0.9988188459987042,1.0023268974997377,1.0022741991209712,0.9942768668098748,LEG_2_KNEE_DOMINANT
175.3076505005536,1.0023268974997377,-0.0025,-0.0175,SUBJECT_V3_da9b5192c80e4b168fa0de36,136,MYOLEG_V3_K0136,0.9994117260283,1.0023268974997377,1.0011323085676296,0.9942768668098748,LEG_2_KNEE_DOMINANT
175.22757055792812,1.0023268974997377,0.0,-0.0175,SUBJECT_V3_8d65c6244d91f2dd62cf57d6,137,MYOLEG_V3_K0137,1.000003618634991,1.0023268974997377,0.9999997510204193,0.9942768668098748,LEG_2_KNEE_DOMINANT
175.14830251702443,1.0023268974997377,0.0025,-0.0175,SUBJECT_V3_044190c216692894a0d556ef,138,MYOLEG_V3_K0138,1.000594929730185,1.0023268974997377,0.9988777375803425,0.9942768668098748,LEG_2_KNEE_DOMINANT
175.06966724879382,1.0023268974997377,0.005,-0.0175,SUBJECT_V3_826baa99092df3b2a1945383,139,MYOLEG_V3_K0139,1.0011851663847293,1.0023268974997377,0.9977638063588313,0.9942768668098748,LEG_2_KNEE_DOMINANT
174.99174949838857,1.0023268974997377,0.0075,-0.0175,SUBJECT_V3_718879908217c3f0ec95a976,140,MYOLEG_V3_K0140,1.001774287776925,1.0023268974997377,0.9966591560680328,0.9942768668098748,LEG_2_KNEE_DOMINANT
174.9145464182106,1.0023622827681367,0.01,-0.0175,SUBJECT_V3_18e8f9c0ae4a5ef8802c1d19,141,MYOLEG_V3_K0141,1.0023622827681367,1.0023268974997377,0.9955637648684564,0.9942768668098748,LEG_2_KNEE_DOMINANT
174.83805367842683,1.0029494531832548,0.0125,-0.0175,SUBJECT_V3_065865bd4fdb1f1e28efa2dc,142,MYOLEG_V3_K0142,1.0029494531832548,1.0023268974997377,0.9944775804245416,0.9942768668098748,LEG_2_KNEE_DOMINANT
174.76227065743484,1.0035350251384774,0.015,-0.0175,SUBJECT_V3_21d1d579ab7991447e2fb5d6,143,MYOLEG_V3_K0143,1.0035350251384774,1.0023268974997377,0.9934006351076657,0.9942768668098748,LEG_2_KNEE_DOMINANT
174.68719290882018,1.0041194912564095,0.0175,-0.0175,SUBJECT_V3_a1c1543c3545a62769a14609,144,MYOLEG_V3_K0144,1.0041194912564095,1.0023268974997377,0.992332868767345,0.9942768668098748,LEG_2_KNEE_DOMINANT
174.6128165463059,1.0047038127572903,0.02,-0.0175,SUBJECT_V3_d09ba3c6cff2f756d6e0f525,145,MYOLEG_V3_K0145,1.0047038127572903,1.0023268974997377,0.9912742142778665,0.9942768668098748,LEG_2_KNEE_DOMINANT
174.53914369969993,1.0052856871333455,0.0225,-0.0175,SUBJECT_V3_9fe67359b2a00fb1520abbc8,146,MYOLEG_V3_K0146,1.0052856871333455,1.0023268974997377,0.9902247894608376,0.9942768668098748,LEG_2_KNEE_DOMINANT
174.46615552517926,1.0058659955037623,0.025,-0.0175,SUBJECT_V3_ee05e3210d8e588de0452158,147,MYOLEG_V3_K0147,1.0058659955037623,1.0023268974997377,0.9891843199335612,0.9942768668098748,LEG_2_KNEE_DOMINANT
174.39385377194586,1.0064456352296889,0.0275,-0.0175,SUBJECT_V3_a5f7ffe7f519421bbbc8b8ed,148,MYOLEG_V3_K0148,1.0064456352296889,1.0023268974997377,0.988152818655887,0.9942768668098748,LEG_2_KNEE_DOMINANT
174.3222389509164,1.0070249119037034,0.03,-0.0175,SUBJECT_V3_af3a6213016c3eab024a9356,149,MYOLEG_V3_K0149,1.0070249119037034,1.0023268974997377,0.9871302994509921,0.9942768668098748,LEG_2_KNEE_DOMINANT
176.31672079003465,1.0142077979694175,-0.03,-0.015,SUBJECT_V3_8694c6bf55feaa505a312012,150,MYOLEG_V3_K0150,0.9928483348762356,1.0019896837660576,1.0142077979694175,0.9951010378928782,LEG_2_KNEE_DOMINANT
176.2286074527347,1.0129723149610372,-0.0275,-0.015,SUBJECT_V3_2a67a95d50d9660e42281092,151,MYOLEG_V3_K0151,0.9934497566870002,1.0019896837660576,1.0129723149610372,0.9951010378928782,LEG_2_KNEE_DOMINANT
176.1412309738434,1.0117461892467197,-0.025,-0.015,SUBJECT_V3_29b91b0328047565b063a65c,152,MYOLEG_V3_K0152,0.9940486863683912,1.0019896837660576,1.0117461892467197,0.9951010378928782,LEG_2_KNEE_DOMINANT
176.05459698051183,1.0105294404937395,-0.0225,-0.015,SUBJECT_V3_e1969e0f5faa6cfab70d8c6b,153,MYOLEG_V3_K0153,0.9946476957401754,1.0019896837660576,1.0105294404937395,0.9951010378928782,LEG_2_KNEE_DOMINANT
175.968702501557,1.0093221367756815,-0.02,-0.015,SUBJECT_V3_2e8dacb6768afdbec5653900,154,MYOLEG_V3_K0154,0.9952437762310266,1.0019896837660576,1.0093221367756815,0.9951010378928782,LEG_2_KNEE_DOMINANT
175.8835369699032,1.0081240037233816,-0.0175,-0.015,SUBJECT_V3_a94b2f8519de8a0510f53dad,155,MYOLEG_V3_K0155,0.9958418041045973,1.0019896837660576,1.0081240037233816,0.9951010378928782,LEG_2_KNEE_DOMINANT
175.7991115521512,1.0069353071210492,-0.015,-0.015,SUBJECT_V3_7e8d308c7f6e2fa5df67dfbe,156,MYOLEG_V3_K0156,0.996438700694602,1.0019896837660576,1.0069353071210492,0.9951010378928782,LEG_2_KNEE_DOMINANT
175.71542109832646,1.0057559745408666,-0.0125,-0.015,SUBJECT_V3_d2972831f5348167e0750c96,157,MYOLEG_V3_K0157,0.9970351157517676,1.0019896837660576,1.0057559745408666,0.9951010378928782,LEG_2_KNEE_DOMINANT
175.63246547411416,1.0045860473165908,-0.01,-0.015,SUBJECT_V3_d70c90be8c0038f8c8c09005,158,MYOLEG_V3_K0158,0.9976302311427386,1.0019896837660576,1.0045860473165908,0.9951010378928782,LEG_2_KNEE_DOMINANT
175.55023900695375,1.003425435532295,-0.0075,-0.015,SUBJECT_V3_856be8ab6f3b14e915d3d12b,159,MYOLEG_V3_K0159,0.9982250205743677,1.0019896837660576,1.003425435532295,0.9951010378928782,LEG_2_KNEE_DOMINANT
175.4687433081195,1.0022741991209712,-0.005,-0.015,SUBJECT_V3_c3764c6bb82506e8d36d2735,160,MYOLEG_V3_K0160,0.9988188459987042,1.0019896837660576,1.0022741991209712,0.9951010378928782,LEG_2_KNEE_DOMINANT
175.38797498916415,1.0019896837660576,-0.0025,-0.015,SUBJECT_V3_294d5c551b383550d7c83e8b,161,MYOLEG_V3_K0161,0.9994117260283,1.0019896837660576,1.0011323085676296,0.9951010378928782,LEG_2_KNEE_DOMINANT
175.30793173843875,1.0019896837660576,0.0,-0.015,SUBJECT_V3_742a9b4d48c7be640223031d,162,MYOLEG_V3_K0162,1.000003618634991,1.0019896837660576,0.9999997510204193,0.9951010378928782,LEG_2_KNEE_DOMINANT
175.22870005044987,1.0019896837660576,0.0025,-0.015,SUBJECT_V3_3c404a4baa6f01dd474845ca,163,MYOLEG_V3_K0163,1.000594929730185,1.0019896837660576,0.9988777375803425,0.9951010378928782,LEG_2_KNEE_DOMINANT
175.15010087744398,1.0019896837660576,0.005,-0.015,SUBJECT_V3_6ffdd2d569424b1c02293b75,164,MYOLEG_V3_K0164,1.0011851663847293,1.0019896837660576,0.9977638063588313,0.9951010378928782,LEG_2_KNEE_DOMINANT
175.07221892488312,1.0019896837660576,0.0075,-0.015,SUBJECT_V3_c9217ddabd3084097f75a31c,165,MYOLEG_V3_K0165,1.001774287776925,1.0019896837660576,0.9966591560680328,0.9951010378928782,LEG_2_KNEE_DOMINANT
174.99505134564166,1.0023622827681367,0.01,-0.015,SUBJECT_V3_0db5dbbb86dcad99baead25d,166,MYOLEG_V3_K0166,1.0023622827681367,1.0019896837660576,0.9955637648684564,0.9951010378928782,LEG_2_KNEE_DOMINANT
174.91859381105223,1.0029494531832548,0.0125,-0.015,SUBJECT_V3_461a54de2ca5a83dc972696c,167,MYOLEG_V3_K0167,1.0029494531832548,1.0019896837660576,0.9944775804245416,0.9951010378928782,LEG_2_KNEE_DOMINANT
174.84284569898173,1.0035350251384774,0.015,-0.015,SUBJECT_V3_048241b29f8320902747b25c,168,MYOLEG_V3_K0168,1.0035350251384774,1.0019896837660576,0.9934006351076657,0.9951010378928782,LEG_2_KNEE_DOMINANT
174.76780256425604,1.0041194912564095,0.0175,-0.015,SUBJECT_V3_11caa2b57adb279d0656e93d,169,MYOLEG_V3_K0169,1.0041194912564095,1.0019896837660576,0.992332868767345,0.9951010378928782,LEG_2_KNEE_DOMINANT
174.6934605215928,1.0047038127572903,0.02,-0.015,SUBJECT_V3_045c0263a2b10bd6bc3abb2f,170,MYOLEG_V3_K0170,1.0047038127572903,1.0019896837660576,0.9912742142778665,0.9951010378928782,LEG_2_KNEE_DOMINANT
174.61982169902683,1.0052856871333455,0.0225,-0.015,SUBJECT_V3_8cf624ef6fb0dfa2ac320922,171,MYOLEG_V3_K0171,1.0052856871333455,1.0019896837660576,0.9902247894608376,0.9951010378928782,LEG_2_KNEE_DOMINANT
174.54686726066285,1.0058659955037623,0.025,-0.015,SUBJECT_V3_2c836be1ad40c6b6720d2425,172,MYOLEG_V3_K0172,1.0058659955037623,1.0019896837660576,0.9891843199335612,0.9951010378928782,LEG_2_KNEE_DOMINANT
174.47459895413502,1.0064456352296889,0.0275,-0.015,SUBJECT_V3_e282906a083270e9c55995e1,173,MYOLEG_V3_K0173,1.0064456352296889,1.0019896837660576,0.988152818655887,0.9951010378928782,LEG_2_KNEE_DOMINANT
174.40301728936862,1.0070249119037034,0.03,-0.015,SUBJECT_V3_89138e62b1aa138a9439a983,174,MYOLEG_V3_K0174,1.0070249119037034,1.0019896837660576,0.9871302994509921,0.9951010378928782,LEG_2_KNEE_DOMINANT
176.3964457218839,1.0142077979694175,-0.03,-0.0125,SUBJECT_V3_cb085f44512388fcc3c386f4,175,MYOLEG_V3_K0175,0.9928483348762356,1.0016541873251046,1.0142077979694175,0.9959230530969925,LEG_2_KNEE_DOMINANT
176.308372228583,1.0129723149610372,-0.0275,-0.0125,SUBJECT_V3_1ba140ad12e2871c5e7f9f70,176,MYOLEG_V3_K0176,0.9934497566870002,1.0016541873251046,1.0129723149610372,0.9959230530969925,LEG_2_KNEE_DOMINANT
176.22103529982837,1.0117461892467197,-0.025,-0.0125,SUBJECT_V3_a7d7723dfadbd7d51f748035,177,MYOLEG_V3_K0177,0.9940486863683912,1.0016541873251046,1.0117461892467197,0.9959230530969925,LEG_2_KNEE_DOMINANT
176.13444055928684,1.0105294404937395,-0.0225,-0.0125,SUBJECT_V3_a1ea9a9a123cf43444f62ac4,178,MYOLEG_V3_K0178,0.9946476957401754,1.0016541873251046,1.0105294404937395,0.9959230530969925,LEG_2_KNEE_DOMINANT
176.04858503618817,1.0093221367756815,-0.02,-0.0125,SUBJECT_V3_efe8ee9f64c2754450026902,179,MYOLEG_V3_K0179,0.9952437762310266,1.0016541873251046,1.0093221367756815,0.9959230530969925,LEG_2_KNEE_DOMINANT
175.96345816733032,1.0081240037233816,-0.0175,-0.0125,SUBJECT_V3_4dce1c1d6f024d0e43ae492a,180,MYOLEG_V3_K0180,0.9958418041045973,1.0016541873251046,1.0081240037233816,0.9959230530969925,LEG_2_KNEE_DOMINANT
175.8790711133312,1.0069353071210492,-0.015,-0.0125,SUBJECT_V3_bc50634197a618195641ab90,181,MYOLEG_V3_K0181,0.996438700694602,1.0016541873251046,1.0069353071210492,0.9959230530969925,LEG_2_KNEE_DOMINANT
175.79541872564457,1.0057559745408666,-0.0125,-0.0125,SUBJECT_V3_8c7e0b7748f91afa2092254b,182,MYOLEG_V3_K0182,0.9970351157517676,1.0016541873251046,1.0057559745408666,0.9959230530969925,LEG_2_KNEE_DOMINANT
175.71250086911405,1.0045860473165908,-0.01,-0.0125,SUBJECT_V3_e8894d093258312d879b7a05,183,MYOLEG_V3_K0183,0.9976302311427386,1.0016541873251046,1.0045860473165908,0.9959230530969925,LEG_2_KNEE_DOMINANT
175.63031187286862,1.003425435532295,-0.0075,-0.0125,SUBJECT_V3_6986947757f7bf53f5a16c19,184,MYOLEG_V3_K0184,0.9982250205743677,1.0016541873251046,1.003425435532295,0.9959230530969925,LEG_2_KNEE_DOMINANT
175.54885334656345,1.0022741991209712,-0.005,-0.0125,SUBJECT_V3_d6e6c452951258bcfb55f141,185,MYOLEG_V3_K0185,0.9988188459987042,1.0016541873251046,1.0022741991209712,0.9959230530969925,LEG_2_KNEE_DOMINANT
175.46812190241903,1.0016541873251046,-0.0025,-0.0125,SUBJECT_V3_e44a4dcbf129601e0b833a47,186,MYOLEG_V3_K0186,0.9994117260283,1.0016541873251046,1.0011323085676296,0.9959230530969925,LEG_2_KNEE_DOMINANT
175.38811522897328,1.0016541873251046,0.0,-0.0125,SUBJECT_V3_9eac80e58dc923eb1a90f90a,187,MYOLEG_V3_K0187,1.000003618634991,1.0016541873251046,0.9999997510204193,0.9959230530969925,LEG_2_KNEE_DOMINANT
175.30891978029248,1.0016541873251046,0.0025,-0.0125,SUBJECT_V3_df59fdb596387889eff46ca8,188,MYOLEG_V3_K0188,1.000594929730185,1.0016541873251046,0.9988777375803425,0.9959230530969925,LEG_2_KNEE_DOMINANT
175.23035658966546,1.0016541873251046,0.005,-0.0125,SUBJECT_V3_07b0c853da21fdf29d48690c,189,MYOLEG_V3_K0189,1.0011851663847293,1.0016541873251046,0.9977638063588313,0.9959230530969925,LEG_2_KNEE_DOMINANT
175.15251032298883,1.001774287776925,0.0075,-0.0125,SUBJECT_V3_e3671755562a66745de1dd80,190,MYOLEG_V3_K0190,1.001774287776925,1.0016541873251046,0.9966591560680328,0.9959230530969925,LEG_2_KNEE_DOMINANT
175.07537813360926,1.0023622827681367,0.01,-0.0125,SUBJECT_V3_cb383cea379b7134a9b86cc4,191,MYOLEG_V3_K0191,1.0023622827681367,1.0016541873251046,0.9955637648684564,0.9959230530969925,LEG_2_KNEE_DOMINANT
174.9989556940223,1.0029494531832548,0.0125,-0.0125,SUBJECT_V3_7e33882c548026150285e52c,192,MYOLEG_V3_K0192,1.0029494531832548,1.0016541873251046,0.9944775804245416,0.9959230530969925,LEG_2_KNEE_DOMINANT
174.923242381567,1.0035350251384774,0.015,-0.0125,SUBJECT_V3_4e411d4d15366cb404cbc172,193,MYOLEG_V3_K0193,1.0035350251384774,1.0016541873251046,0.9934006351076657,0.9959230530969925,LEG_2_KNEE_DOMINANT
174.8482337523067,1.0041194912564095,0.0175,-0.0125,SUBJECT_V3_91de316da855f676037769d4,194,MYOLEG_V3_K0194,1.0041194912564095,1.0016541873251046,0.992332868767345,0.9959230530969925,LEG_2_KNEE_DOMINANT
174.77392592195156,1.0047038127572903,0.02,-0.0125,SUBJECT_V3_84636f914c485d837b75aef4,195,MYOLEG_V3_K0195,1.0047038127572903,1.0016541873251046,0.9912742142778665,0.9959230530969925,LEG_2_KNEE_DOMINANT
174.7003210167698,1.0052856871333455,0.0225,-0.0125,SUBJECT_V3_5de2b23a8149f8f60f7aa597,196,MYOLEG_V3_K0196,1.0052856871333455,1.0016541873251046,0.9902247894608376,0.9959230530969925,LEG_2_KNEE_DOMINANT
174.62740020877013,1.0058659955037623,0.025,-0.0125,SUBJECT_V3_86c38a18a15a238b88166ecb,197,MYOLEG_V3_K0197,1.0058659955037623,1.0016541873251046,0.9891843199335612,0.9959230530969925,LEG_2_KNEE_DOMINANT
174.5551652440247,1.0064456352296889,0.0275,-0.0125,SUBJECT_V3_3bf19e418926389de9de219d,198,MYOLEG_V3_K0198,1.0064456352296889,1.0016541873251046,0.988152818655887,0.9959230530969925,LEG_2_KNEE_DOMINANT
174.4836166314715,1.0070249119037034,0.03,-0.0125,SUBJECT_V3_f29ca48c7794c5101475e7a9,199,MYOLEG_V3_K0199,1.0070249119037034,1.0016541873251046,0.9871302994509921,0.9959230530969925,LEG_2_KNEE_DOMINANT
176.47598802853287,1.0142077979694175,-0.03,-0.01,SUBJECT_V3_3d6c847177cc4fd294854381,200,MYOLEG_V3_K0200,0.9928483348762356,1.0013204423312914,1.0142077979694175,0.996742849553418,LEG_2_KNEE_DOMINANT
176.38795425205745,1.0129723149610372,-0.0275,-0.01,SUBJECT_V3_881db0c5c4b7f910b7620218,201,MYOLEG_V3_K0201,0.9934497566870002,1.0013204423312914,1.0129723149610372,0.996742849553418,LEG_2_KNEE_DOMINANT
176.30065674715084,1.0117461892467197,-0.025,-0.01,SUBJECT_V3_981e98cb1fad9010d6b476d5,202,MYOLEG_V3_K0202,0.9940486863683912,1.0013204423312914,1.0117461892467197,0.996742849553418,LEG_2_KNEE_DOMINANT
176.21410113400768,1.0105294404937395,-0.0225,-0.01,SUBJECT_V3_53ed39d134aff1ff31e64aca,203,MYOLEG_V3_K0203,0.9946476957401754,1.0013204423312914,1.0105294404937395,0.996742849553418,LEG_2_KNEE_DOMINANT
176.12828444227043,1.0093221367756815,-0.02,-0.01,SUBJECT_V3_ca863829d970629a1ec993ac,204,MYOLEG_V3_K0204,0.9952437762310266,1.0013204423312914,1.0093221367756815,0.996742849553418,LEG_2_KNEE_DOMINANT
176.04319611259945,1.0081240037233816,-0.0175,-0.01,SUBJECT_V3_343b7ce83c54c4990aadba1d,205,MYOLEG_V3_K0205,0.9958418041045973,1.0013204423312914,1.0081240037233816,0.996742849553418,LEG_2_KNEE_DOMINANT
175.95884729965002,1.0069353071210492,-0.015,-0.01,SUBJECT_V3_294ac197779c3c8627356702,206,MYOLEG_V3_K0206,0.996438700694602,1.0013204423312914,1.0069353071210492,0.996742849553418,LEG_2_KNEE_DOMINANT
175.87523285630084,1.0057559745408666,-0.0125,-0.01,SUBJECT_V3_86301d6714302e1b927189ec,207,MYOLEG_V3_K0207,0.9970351157517676,1.0013204423312914,1.0057559745408666,0.996742849553418,LEG_2_KNEE_DOMINANT
175.79235264655782,1.0045860473165908,-0.01,-0.01,SUBJECT_V3_ef2a71ac42da3cf32ec4d8b6,208,MYOLEG_V3_K0208,0.9976302311427386,1.0013204423312914,1.0045860473165908,0.996742849553418,LEG_2_KNEE_DOMINANT
175.71020100123508,1.003425435532295,-0.0075,-0.01,SUBJECT_V3_42ca7f123df03d393aab7f5f,209,MYOLEG_V3_K0209,0.9982250205743677,1.0013204423312914,1.003425435532295,0.996742849553418,LEG_2_KNEE_DOMINANT
175.62877952837508,1.0022741991209712,-0.005,-0.01,SUBJECT_V3_0df1397245a5db60de1882d5,210,MYOLEG_V3_K0210,0.9988188459987042,1.0013204423312914,1.0022741991209712,0.996742849553418,LEG_2_KNEE_DOMINANT
175.54808484086496,1.0013204423312914,-0.0025,-0.01,SUBJECT_V3_9e428c75e93ed4edd72b9eab,211,MYOLEG_V3_K0211,0.9994117260283,1.0013204423312914,1.0011323085676296,0.996742849553418,LEG_2_KNEE_DOMINANT
175.46811462743008,1.0013204423312914,0.0,-0.01,SUBJECT_V3_f5d9b5d67783a212262462b5,212,MYOLEG_V3_K0212,1.000003618634991,1.0013204423312914,0.9999997510204193,0.996742849553418,LEG_2_KNEE_DOMINANT
175.38895530182728,1.0013204423312914,0.0025,-0.01,SUBJECT_V3_abb82ec52f3bcb764a7b1c92,213,MYOLEG_V3_K0213,1.000594929730185,1.0013204423312914,0.9988777375803425,0.996742849553418,LEG_2_KNEE_DOMINANT
175.3104279781287,1.0013204423312914,0.005,-0.01,SUBJECT_V3_6fb3fc04a8763f90359206ae,214,MYOLEG_V3_K0214,1.0011851663847293,1.0013204423312914,0.9977638063588313,0.996742849553418,LEG_2_KNEE_DOMINANT
175.23261728279368,1.001774287776925,0.0075,-0.01,SUBJECT_V3_92bd18bc4a248494db54a885,215,MYOLEG_V3_K0215,1.001774287776925,1.0013204423312914,0.9966591560680328,0.996742849553418,LEG_2_KNEE_DOMINANT
175.15552036964067,1.0023622827681367,0.01,-0.01,SUBJECT_V3_256a7081d27f202935e3b55a,216,MYOLEG_V3_K0216,1.0023622827681367,1.0013204423312914,0.9955637648684564,0.996742849553418,LEG_2_KNEE_DOMINANT
175.07913291232546,1.0029494531832548,0.0125,-0.01,SUBJECT_V3_cf7849926f6ce42097d85b5c,217,MYOLEG_V3_K0217,1.0029494531832548,1.0013204423312914,0.9944775804245416,0.996742849553418,LEG_2_KNEE_DOMINANT
175.00345428766192,1.0035350251384774,0.015,-0.01,SUBJECT_V3_426da7bf13d494ebc1433a21,218,MYOLEG_V3_K0218,1.0035350251384774,1.0013204423312914,0.9934006351076657,0.996742849553418,LEG_2_KNEE_DOMINANT
174.928480052948,1.0041194912564095,0.0175,-0.01,SUBJECT_V3_5ca243d8c99d72fb026fe1b5,219,MYOLEG_V3_K0219,1.0041194912564095,1.0013204423312914,0.992332868767345,0.996742849553418,LEG_2_KNEE_DOMINANT
174.85420632488413,1.0047038127572903,0.02,-0.01,SUBJECT_V3_565022162a799d3ad19c63a9,220,MYOLEG_V3_K0220,1.0047038127572903,1.0013204423312914,0.9912742142778665,0.996742849553418,LEG_2_KNEE_DOMINANT
174.78063522797876,1.0052856871333455,0.0225,-0.01,SUBJECT_V3_170fd90e7908f09836987aef,221,MYOLEG_V3_K0221,1.0052856871333455,1.0013204423312914,0.9902247894608376,0.996742849553418,LEG_2_KNEE_DOMINANT
174.7077479421199,1.0058659955037623,0.025,-0.01,SUBJECT_V3_37523dd1338cd5efb31836f0,222,MYOLEG_V3_K0222,1.0058659955037623,1.0013204423312914,0.9891843199335612,0.996742849553418,LEG_2_KNEE_DOMINANT
174.63554621182396,1.0064456352296889,0.0275,-0.01,SUBJECT_V3_ba9a2bf58c3c5b993e2d00c9,223,MYOLEG_V3_K0223,1.0064456352296889,1.0013204423312914,0.988152818655887,0.996742849553418,LEG_2_KNEE_DOMINANT
174.5640305450457,1.0070249119037034,0.03,-0.01,SUBJECT_V3_26aadd25a0467669936f4db4,224,MYOLEG_V3_K0224,1.0070249119037034,1.0013204423312914,0.9871302994509921,0.996742849553418,LEG_2_KNEE_DOMINANT
176.5553439236867,1.0142077979694175,-0.03,-0.0075,SUBJECT_V3_e092144db3419011f9030786,225,MYOLEG_V3_K0225,0.9928483348762356,1.0009886511269621,1.0142077979694175,0.9975603867652557,LEG_2_KNEE_DOMINANT
176.4673497352707,1.0129723149610372,-0.0275,-0.0075,SUBJECT_V3_6fdc72c1ab4bf02b97e102ba,226,MYOLEG_V3_K0226,0.9934497566870002,1.0009886511269621,1.0129723149610372,0.9975603867652557,LEG_2_KNEE_DOMINANT
176.38009152634297,1.0117461892467197,-0.025,-0.0075,SUBJECT_V3_8026faeb47bf29483ae7125f,227,MYOLEG_V3_K0227,0.9940486863683912,1.0009886511269621,1.0117461892467197,0.9975603867652557,LEG_2_KNEE_DOMINANT
176.2935749136386,1.0105294404937395,-0.0225,-0.0075,SUBJECT_V3_3b002b39fa50c970ce050db8,228,MYOLEG_V3_K0228,0.9946476957401754,1.0009886511269621,1.0105294404937395,0.9975603867652557,LEG_2_KNEE_DOMINANT
176.20779692721246,1.0093221367756815,-0.02,-0.0075,SUBJECT_V3_b5c71f541466ba3bf157bff8,229,MYOLEG_V3_K0229,0.9952437762310266,1.0009886511269621,1.0093221367756815,0.9975603867652557,LEG_2_KNEE_DOMINANT
176.1227470115759,1.0081240037233816,-0.0175,-0.0075,SUBJECT_V3_f5d67fed991af500035adc71,230,MYOLEG_V3_K0230,0.9958418041045973,1.0009886511269621,1.0081240037233816,0.9975603867652557,LEG_2_KNEE_DOMINANT
176.0384363154421,1.0069353071210492,-0.015,-0.0075,SUBJECT_V3_206e1a031fb8252ab682b17e,231,MYOLEG_V3_K0231,0.996438700694602,1.0009886511269621,1.0069353071210492,0.9975603867652557,LEG_2_KNEE_DOMINANT
175.95485969311125,1.0057559745408666,-0.0125,-0.0075,SUBJECT_V3_cc40468c6059ebb3ef79d5d9,232,MYOLEG_V3_K0232,0.9970351157517676,1.0009886511269621,1.0057559745408666,0.9975603867652557,LEG_2_KNEE_DOMINANT
175.8720170077553,1.0045860473165908,-0.01,-0.0075,SUBJECT_V3_dbfbec039218ee53fb3ef348,233,MYOLEG_V3_K0233,0.9976302311427386,1.0009886511269621,1.0045860473165908,0.9975603867652557,LEG_2_KNEE_DOMINANT
175.78990259186918,1.003425435532295,-0.0075,-0.0075,SUBJECT_V3_3f9c1a393f304f1cfd1380d3,234,MYOLEG_V3_K0234,0.9982250205743677,1.0009886511269621,1.003425435532295,0.9975603867652557,LEG_2_KNEE_DOMINANT
175.708518051889,1.0022741991209712,-0.005,-0.0075,SUBJECT_V3_f9f0d8ace9b5472c4571ede7,235,MYOLEG_V3_K0235,0.9988188459987042,1.0009886511269621,1.0022741991209712,0.9975603867652557,LEG_2_KNEE_DOMINANT
175.6278600013675,1.0011323085676296,-0.0025,-0.0075,SUBJECT_V3_9db260e4338b683e4a65b065,236,MYOLEG_V3_K0236,0.9994117260283,1.0009886511269621,1.0011323085676296,0.9975603867652557,LEG_2_KNEE_DOMINANT
175.54792612921796,1.0009886511269621,0.0,-0.0075,SUBJECT_V3_81e7224f89c93ea841a86089,237,MYOLEG_V3_K0237,1.000003618634991,1.0009886511269621,0.9999997510204193,0.9975603867652557,LEG_2_KNEE_DOMINANT
175.46880280902013,1.0009886511269621,0.0025,-0.0075,SUBJECT_V3_acb5d0c98f67a3382531ed21,238,MYOLEG_V3_K0238,1.000594929730185,1.0009886511269621,0.9988777375803425,0.9975603867652557,LEG_2_KNEE_DOMINANT
175.39031123536748,1.0011851663847293,0.005,-0.0075,SUBJECT_V3_2ac8488efb249307cbc94c28,239,MYOLEG_V3_K0239,1.0011851663847293,1.0009886511269621,0.9977638063588313,0.9975603867652557,LEG_2_KNEE_DOMINANT
175.31253599541154,1.001774287776925,0.0075,-0.0075,SUBJECT_V3_4253c8e51762101155d410a9,240,MYOLEG_V3_K0240,1.001774287776925,1.0009886511269621,0.9966591560680328,0.9975603867652557,LEG_2_KNEE_DOMINANT
175.235474243442,1.0023622827681367,0.01,-0.0075,SUBJECT_V3_532ba92e22c319d020e9fe90,241,MYOLEG_V3_K0241,1.0023622827681367,1.0009886511269621,0.9955637648684564,0.9975603867652557,LEG_2_KNEE_DOMINANT
175.15912165427227,1.0029494531832548,0.0125,-0.0075,SUBJECT_V3_fd19dbea13d21d4661efe699,242,MYOLEG_V3_K0242,1.0029494531832548,1.0009886511269621,0.9944775804245416,0.9975603867652557,LEG_2_KNEE_DOMINANT
175.08347760419372,1.0035350251384774,0.015,-0.0075,SUBJECT_V3_0bf89d5045d4e61aa54364df,243,MYOLEG_V3_K0243,1.0035350251384774,1.0009886511269621,0.9934006351076657,0.9975603867652557,LEG_2_KNEE_DOMINANT
175.00853765173585,1.0041194912564095,0.0175,-0.0075,SUBJECT_V3_4f4f585173c596aafea32000,244,MYOLEG_V3_K0244,1.0041194912564095,1.0009886511269621,0.992332868767345,0.9975603867652557,LEG_2_KNEE_DOMINANT
174.93429791458723,1.0047038127572903,0.02,-0.0075,SUBJECT_V3_1677dc80e6068a4d4121346d,245,MYOLEG_V3_K0245,1.0047038127572903,1.0009886511269621,0.9912742142778665,0.9975603867652557,LEG_2_KNEE_DOMINANT
174.86076051550327,1.0052856871333455,0.0225,-0.0075,SUBJECT_V3_85567697853d3eeb162574cb,246,MYOLEG_V3_K0246,1.0052856871333455,1.0009886511269621,0.9902247894608376,0.9975603867652557,LEG_2_KNEE_DOMINANT
174.7879066422266,1.0058659955037623,0.025,-0.0075,SUBJECT_V3_ca1c29ff8b494fb4a26c56c6,247,MYOLEG_V3_K0247,1.0058659955037623,1.0009886511269621,0.9891843199335612,0.9975603867652557,LEG_2_KNEE_DOMINANT
174.71573803772378,1.0064456352296889,0.0275,-0.0075,SUBJECT_V3_0861a5451968a845533073aa,248,MYOLEG_V3_K0248,1.0064456352296889,1.0009886511269621,0.988152818655887,0.9975603867652557,LEG_2_KNEE_DOMINANT
174.64425520897066,1.0070249119037034,0.03,-0.0075,SUBJECT_V3_90e7428e779a01596d4345ff,249,MYOLEG_V3_K0249,1.0070249119037034,1.0009886511269621,0.9871302994509921,0.9975603867652557,LEG_2_KNEE_DOMINANT
176.63451474469147,1.0142077979694175,-0.03,-0.005,SUBJECT_V3_160ce1d018a4a0cae572918d,250,MYOLEG_V3_K0250,0.9928483348762356,1.000658717481437,1.0142077979694175,0.9983756837179365,LEG_2_KNEE_DOMINANT
176.54656001653404,1.0129723149610372,-0.0275,-0.005,SUBJECT_V3_18f28c4f749e3be1f33a26a2,251,MYOLEG_V3_K0251,0.9934497566870002,1.000658717481437,1.0129723149610372,0.9983756837179365,LEG_2_KNEE_DOMINANT
176.45934097667498,1.0117461892467197,-0.025,-0.005,SUBJECT_V3_72f3bc7bd955a27626be5773,252,MYOLEG_V3_K0252,0.9940486863683912,1.000658717481437,1.0117461892467197,0.9983756837179365,LEG_2_KNEE_DOMINANT
176.37286323840195,1.0105294404937395,-0.0225,-0.005,SUBJECT_V3_3679a6524b2d11faaedeba71,253,MYOLEG_V3_K0253,0.9946476957401754,1.000658717481437,1.0105294404937395,0.9983756837179365,LEG_2_KNEE_DOMINANT
176.28712383218198,1.0093221367756815,-0.02,-0.005,SUBJECT_V3_a525435f7da4ccf4a2dc6322,254,MYOLEG_V3_K0254,0.9952437762310266,1.000658717481437,1.0093221367756815,0.9983756837179365,LEG_2_KNEE_DOMINANT
176.20211220636628,1.0081240037233816,-0.0175,-0.005,SUBJECT_V3_8ad6bdaed5aa2ee220287fc6,255,MYOLEG_V3_K0255,0.9958418041045973,1.000658717481437,1.0081240037233816,0.9983756837179365,LEG_2_KNEE_DOMINANT
176.11783950374618,1.0069353071210492,-0.015,-0.005,SUBJECT_V3_f3b028f02d0ae796a081f05b,256,MYOLEG_V3_K0256,0.996438700694602,1.000658717481437,1.0069353071210492,0.9983756837179365,LEG_2_KNEE_DOMINANT
176.03430058003977,1.0057559745408666,-0.0125,-0.005,SUBJECT_V3_b2994190f3e27cd9a1d56be7,257,MYOLEG_V3_K0257,0.9970351157517676,1.000658717481437,1.0057559745408666,0.9983756837179365,LEG_2_KNEE_DOMINANT
175.95149529758902,1.0045860473165908,-0.01,-0.005,SUBJECT_V3_05781e842c2ae10b1e820f15,258,MYOLEG_V3_K0258,0.9976302311427386,1.000658717481437,1.0045860473165908,0.9983756837179365,LEG_2_KNEE_DOMINANT
175.8694179905653,1.003425435532295,-0.0075,-0.005,SUBJECT_V3_2cccc4b77672d32592cc0db5,259,MYOLEG_V3_K0259,0.9982250205743677,1.000658717481437,1.003425435532295,0.9983756837179365,LEG_2_KNEE_DOMINANT
175.78807026380466,1.0022741991209712,-0.005,-0.005,SUBJECT_V3_381b868c227bd34e6dfbce74,260,MYOLEG_V3_K0260,0.9988188459987042,1.000658717481437,1.0022741991209712,0.9983756837179365,LEG_2_KNEE_DOMINANT
175.70744873152438,1.0011323085676296,-0.0025,-0.005,SUBJECT_V3_9d5ffa011db090f69c75f867,261,MYOLEG_V3_K0261,0.9994117260283,1.000658717481437,1.0011323085676296,0.9983756837179365,LEG_2_KNEE_DOMINANT
175.6275510828261,1.000658717481437,0.0,-0.005,SUBJECT_V3_c3ce505f25c4278412c86cb7,262,MYOLEG_V3_K0262,1.000003618634991,1.000658717481437,0.9999997510204193,0.9983756837179365,LEG_2_KNEE_DOMINANT
175.54846365124396,1.000658717481437,0.0025,-0.005,SUBJECT_V3_f1f3d981dff8716afce5b0bd,263,MYOLEG_V3_K0263,1.000594929730185,1.000658717481437,0.9988777375803425,0.9983756837179365,LEG_2_KNEE_DOMINANT
175.47000771163258,1.0011851663847293,0.005,-0.005,SUBJECT_V3_a4df9a2a604115fed123a985,264,MYOLEG_V3_K0264,1.0011851663847293,1.000658717481437,0.9977638063588313,0.9983756837179365,LEG_2_KNEE_DOMINANT
175.39226781196427,1.001774287776925,0.0075,-0.005,SUBJECT_V3_dad48546efe1e300d9126d6e,265,MYOLEG_V3_K0265,1.001774287776925,1.000658717481437,0.9966591560680328,0.9983756837179365,LEG_2_KNEE_DOMINANT
175.31524110699948,1.0023622827681367,0.01,-0.005,SUBJECT_V3_5849a2ac54bc0d28c95b7a32,266,MYOLEG_V3_K0266,1.0023622827681367,1.000658717481437,0.9955637648684564,0.9983756837179365,LEG_2_KNEE_DOMINANT
175.23892327270636,1.0029494531832548,0.0125,-0.005,SUBJECT_V3_c24c49fcff78cad8a41a3418,267,MYOLEG_V3_K0267,1.0029494531832548,1.000658717481437,0.9944775804245416,0.9983756837179365,LEG_2_KNEE_DOMINANT
175.16331368485675,1.0035350251384774,0.015,-0.005,SUBJECT_V3_8409c822c85d5ac842cf9853,268,MYOLEG_V3_K0268,1.0035350251384774,1.000658717481437,0.9934006351076657,0.9983756837179365,LEG_2_KNEE_DOMINANT
175.08840790320863,1.0041194912564095,0.0175,-0.005,SUBJECT_V3_d8602b04a9b40202be8be7c1,269,MYOLEG_V3_K0269,1.0041194912564095,1.000658717481437,0.992332868767345,0.9983756837179365,LEG_2_KNEE_DOMINANT
175.01420204643648,1.0047038127572903,0.02,-0.005,SUBJECT_V3_e4fcff63f24481e0899eeedb,270,MYOLEG_V3_K0270,1.0047038127572903,1.000658717481437,0.9912742142778665,0.9983756837179365,LEG_2_KNEE_DOMINANT
174.94069823554926,1.0052856871333455,0.0225,-0.005,SUBJECT_V3_3c2d9516931e7331ae66ff79,271,MYOLEG_V3_K0271,1.0052856871333455,1.000658717481437,0.9902247894608376,0.9983756837179365,LEG_2_KNEE_DOMINANT
174.86787766611982,1.0058659955037623,0.025,-0.005,SUBJECT_V3_5c6c01ba2f41cc5f0bac2bf6,272,MYOLEG_V3_K0272,1.0058659955037623,1.000658717481437,0.9891843199335612,0.9983756837179365,LEG_2_KNEE_DOMINANT
174.79574207957083,1.0064456352296889,0.0275,-0.005,SUBJECT_V3_274f12c85e3ff71d509aa88d,273,MYOLEG_V3_K0273,1.0064456352296889,1.000658717481437,0.988152818655887,0.9983756837179365,LEG_2_KNEE_DOMINANT
174.72429198190332,1.0070249119037034,0.03,-0.005,SUBJECT_V3_3b4ceb2943eccf964cace1fd,274,MYOLEG_V3_K0274,1.0070249119037034,1.000658717481437,0.9871302994509921,0.9983756837179365,LEG_2_KNEE_DOMINANT
176.71349809297462,1.0142077979694175,-0.03,-0.0025,SUBJECT_V3_e9af06bb61c89a155d3ba4ec,275,MYOLEG_V3_K0275,0.9928483348762356,1.000330648079591,1.0142077979694175,0.9991887187973189,LEG_2_KNEE_DOMINANT
176.6255826963772,1.0129723149610372,-0.0275,-0.0025,SUBJECT_V3_7190c592b1d7faad98015ab2,276,MYOLEG_V3_K0276,0.9934497566870002,1.000330648079591,1.0129723149610372,0.9991887187973189,LEG_2_KNEE_DOMINANT
176.53840269778576,1.0117461892467197,-0.025,-0.0025,SUBJECT_V3_803be89787b16a46188ffd71,277,MYOLEG_V3_K0277,0.9940486863683912,1.000330648079591,1.0117461892467197,0.9991887187973189,LEG_2_KNEE_DOMINANT
176.451963707053,1.0105294404937395,-0.0225,-0.0025,SUBJECT_V3_99546bb0f8919beb33417d37,278,MYOLEG_V3_K0278,0.9946476957401754,1.000330648079591,1.0105294404937395,0.9991887187973189,LEG_2_KNEE_DOMINANT
176.36626275505805,1.0093221367756815,-0.02,-0.0025,SUBJECT_V3_7724a99ea9afe435dd56873b,279,MYOLEG_V3_K0279,0.9952437762310266,1.000330648079591,1.0093221367756815,0.9991887187973189,LEG_2_KNEE_DOMINANT
176.2812892939804,1.0081240037233816,-0.0175,-0.0025,SUBJECT_V3_6eaf89fbd659b1489aa86c4f,280,MYOLEG_V3_K0280,0.9958418041045973,1.000330648079591,1.0081240037233816,0.9991887187973189,LEG_2_KNEE_DOMINANT
176.19705446071004,1.0069353071210492,-0.015,-0.0025,SUBJECT_V3_c0a241fd0932d809ba941c13,281,MYOLEG_V3_K0281,0.996438700694602,1.000330648079591,1.0069353071210492,0.9991887187973189,LEG_2_KNEE_DOMINANT
176.1135531123795,1.0057559745408666,-0.0125,-0.0025,SUBJECT_V3_dfdae6ad4d18f5e46108b0a3,282,MYOLEG_V3_K0282,0.9970351157517676,1.000330648079591,1.0057559745408666,0.9991887187973189,LEG_2_KNEE_DOMINANT
176.0307851105045,1.0045860473165908,-0.01,-0.0025,SUBJECT_V3_7e42f16c5027cef5524f3765,283,MYOLEG_V3_K0283,0.9976302311427386,1.000330648079591,1.0045860473165908,0.9991887187973189,LEG_2_KNEE_DOMINANT
175.94874479092852,1.003425435532295,-0.0075,-0.0025,SUBJECT_V3_e7c7cd697da2d5bc683f7797,284,MYOLEG_V3_K0284,0.9982250205743677,1.000330648079591,1.003425435532295,0.9991887187973189,LEG_2_KNEE_DOMINANT
175.86743375689383,1.0022741991209712,-0.005,-0.0025,SUBJECT_V3_04d57f93aca2081f0fe76cab,285,MYOLEG_V3_K0285,0.9988188459987042,1.000330648079591,1.0022741991209712,0.9991887187973189,LEG_2_KNEE_DOMINANT
175.78684862328123,1.0011323085676296,-0.0025,-0.0025,SUBJECT_V3_20b2f85952b90555891120c3,286,MYOLEG_V3_K0286,0.9994117260283,1.000330648079591,1.0011323085676296,0.9991887187973189,LEG_2_KNEE_DOMINANT
175.70698707938115,1.000330648079591,0.0,-0.0025,SUBJECT_V3_c1c42c77545d42c829f3cd04,287,MYOLEG_V3_K0287,1.000003618634991,1.000330648079591,0.9999997510204193,0.9991887187973189,LEG_2_KNEE_DOMINANT
175.6279354188144,1.000594929730185,0.0025,-0.0025,SUBJECT_V3_a157bc51eadc294b2013ff48,288,MYOLEG_V3_K0288,1.000594929730185,1.000330648079591,0.9988777375803425,0.9991887187973189,LEG_2_KNEE_DOMINANT
175.54951499643488,1.0011851663847293,0.005,-0.0025,SUBJECT_V3_9351633f1c835b79db17a68e,289,MYOLEG_V3_K0289,1.0011851663847293,1.000330648079591,0.9977638063588313,0.9991887187973189,LEG_2_KNEE_DOMINANT
175.471810321165,1.001774287776925,0.0075,-0.0025,SUBJECT_V3_279749dfd15da3603d5e9566,290,MYOLEG_V3_K0290,1.001774287776925,1.000330648079591,0.9966591560680328,0.9991887187973189,LEG_2_KNEE_DOMINANT
175.39481854823555,1.0023622827681367,0.01,-0.0025,SUBJECT_V3_628d7ab4cc435c850cc9474e,291,MYOLEG_V3_K0291,1.0023622827681367,1.000330648079591,0.9955637648684564,0.9991887187973189,LEG_2_KNEE_DOMINANT
175.3185353547667,1.0029494531832548,0.0125,-0.0025,SUBJECT_V3_456f789a8cbcf33bed9aa2a2,292,MYOLEG_V3_K0292,1.0029494531832548,1.000330648079591,0.9944775804245416,0.9991887187973189,LEG_2_KNEE_DOMINANT
175.24296011601334,1.0035350251384774,0.015,-0.0025,SUBJECT_V3_bda727ceab1712b4a787578d,293,MYOLEG_V3_K0293,1.0035350251384774,1.000330648079591,0.9934006351076657,0.9991887187973189,LEG_2_KNEE_DOMINANT
175.16808839295896,1.0041194912564095,0.0175,-0.0025,SUBJECT_V3_cdc95cad289d8fb3127dca60,294,MYOLEG_V3_K0294,1.0041194912564095,1.000330648079591,0.992332868767345,0.9991887187973189,LEG_2_KNEE_DOMINANT
175.09391630526176,1.0047038127572903,0.02,-0.0025,SUBJECT_V3_469d5705e898805c6bd0c086,295,MYOLEG_V3_K0295,1.0047038127572903,1.000330648079591,0.9912742142778665,0.9991887187973189,LEG_2_KNEE_DOMINANT
175.020445972191,1.0052856871333455,0.0225,-0.0025,SUBJECT_V3_730265b769a20a5023da4f28,296,MYOLEG_V3_K0296,1.0052856871333455,1.000330648079591,0.9902247894608376,0.9991887187973189,LEG_2_KNEE_DOMINANT
174.9476585971249,1.0058659955037623,0.025,-0.0025,SUBJECT_V3_cfecadd7183b31e261cad305,297,MYOLEG_V3_K0297,1.0058659955037623,1.000330648079591,0.9891843199335612,0.9991887187973189,LEG_2_KNEE_DOMINANT
174.8755559199483,1.0064456352296889,0.0275,-0.0025,SUBJECT_V3_040a98b25f6cc29b3285f8d3,298,MYOLEG_V3_K0298,1.0064456352296889,1.000330648079591,0.988152818655887,0.9991887187973189,LEG_2_KNEE_DOMINANT
174.80413844569162,1.0070249119037034,0.03,-0.0025,SUBJECT_V3_c4bafaf45e82697b68786b7c,299,MYOLEG_V3_K0299,1.0070249119037034,1.000330648079591,0.9871302994509921,0.9991887187973189,LEG_2_KNEE_DOMINANT
176.79229301516457,1.0142077979694175,-0.03,0.0,SUBJECT_V3_bb28c7351a5d0a5378465705,300,MYOLEG_V3_K0300,0.9928483348762356,1.000004431643144,1.0142077979694175,0.9999994855619011,LEG_2_KNEE_DOMINANT
176.7044168212522,1.0129723149610372,-0.0275,0.0,SUBJECT_V3_51e156093059d65709f66931,301,MYOLEG_V3_K0301,0.9934497566870002,1.000004431643144,1.0129723149610372,0.9999994855619011,LEG_2_KNEE_DOMINANT
176.61727573595292,1.0117461892467197,-0.025,0.0,SUBJECT_V3_dd26bc4fa041f7cded98ddbd,302,MYOLEG_V3_K0302,0.9940486863683912,1.000004431643144,1.0117461892467197,0.9999994855619011,LEG_2_KNEE_DOMINANT
176.53087536569691,1.0105294404937395,-0.0225,0.0,SUBJECT_V3_6712c85d93f6318a38ab1f01,303,MYOLEG_V3_K0303,0.9946476957401754,1.000004431643144,1.0105294404937395,0.9999994855619011,LEG_2_KNEE_DOMINANT
176.445212741775,1.0093221367756815,-0.02,0.0,SUBJECT_V3_81a06184b81b99711ec3861e,304,MYOLEG_V3_K0304,0.9952437762310266,1.000004431643144,1.0093221367756815,0.9999994855619011,LEG_2_KNEE_DOMINANT
176.36027732018363,1.0081240037233816,-0.0175,0.0,SUBJECT_V3_e51a1323aea10535120efe61,305,MYOLEG_V3_K0305,0.9958418041045973,1.000004431643144,1.0081240037233816,0.9999994855619011,LEG_2_KNEE_DOMINANT
176.27608023193187,1.0069353071210492,-0.015,0.0,SUBJECT_V3_987480e84b7f985ca5dc71f6,306,MYOLEG_V3_K0306,0.996438700694602,1.000004431643144,1.0069353071210492,0.9999994855619011,LEG_2_KNEE_DOMINANT
176.1926163355632,1.0057559745408666,-0.0125,0.0,SUBJECT_V3_a57e0e9fa92bc09d8dc47641,307,MYOLEG_V3_K0307,0.9970351157517676,1.000004431643144,1.0057559745408666,0.9999994855619011,LEG_2_KNEE_DOMINANT
176.10988549177094,1.0045860473165908,-0.01,0.0,SUBJECT_V3_3b67aec0a457eb30fbc8b5c4,308,MYOLEG_V3_K0308,0.9976302311427386,1.000004431643144,1.0045860473165908,0.9999994855619011,LEG_2_KNEE_DOMINANT
176.02788203806622,1.003425435532295,-0.0075,0.0,SUBJECT_V3_5f7486f8e3d703b79ec0aea9,309,MYOLEG_V3_K0309,0.9982250205743677,1.000004431643144,1.003425435532295,0.9999994855619011,LEG_2_KNEE_DOMINANT
175.94660757610393,1.0022741991209712,-0.005,0.0,SUBJECT_V3_41fcb2a8ff9c85ee74e9b97b,310,MYOLEG_V3_K0310,0.9988188459987042,1.000004431643144,1.0022741991209712,0.9999994855619011,LEG_2_KNEE_DOMINANT
175.8660587214271,1.0011323085676296,-0.0025,0.0,SUBJECT_V3_6bec9fc215fba7da3b3c33f0,311,MYOLEG_V3_K0311,0.9994117260283,1.000004431643144,1.0011323085676296,0.9999994855619011,LEG_2_KNEE_DOMINANT
175.78628336733587,1.0,0.0,0.0,SUBJECT_V3_eb71ba9a68ca735d16975669,312,MYOLEG_V3_K0312,1.0,1.0,1.0,1.0,LEG_2_KNEE_DOMINANT
175.70721715620934,1.000594929730185,0.0025,0.0,SUBJECT_V3_c286cdc48794ec86fd2a1aa1,313,MYOLEG_V3_K0313,1.000594929730185,1.000004431643144,0.9988777375803425,0.9999994855619011,LEG_2_KNEE_DOMINANT
175.62883213409916,1.0011851663847293,0.005,0.0,SUBJECT_V3_5b15b9b2e50590b0022e344d,314,MYOLEG_V3_K0314,1.0011851663847293,1.000004431643144,0.9977638063588313,0.9999994855619011,LEG_2_KNEE_DOMINANT
175.55116256718716,1.001774287776925,0.0075,0.0,SUBJECT_V3_ce1aabdf18ec0338aacfaabb,315,MYOLEG_V3_K0315,1.001774287776925,1.000004431643144,0.9966591560680328,0.9999994855619011,LEG_2_KNEE_DOMINANT
175.47420561117391,1.0023622827681367,0.01,0.0,SUBJECT_V3_3a816e2f4a9493d861c769a0,316,MYOLEG_V3_K0316,1.0023622827681367,1.000004431643144,0.9955637648684564,0.9999994855619011,LEG_2_KNEE_DOMINANT
175.39795694432888,1.0029494531832548,0.0125,0.0,SUBJECT_V3_b6ef5b3c22c058fb50cb8699,317,MYOLEG_V3_K0317,1.0029494531832548,1.000004431643144,0.9944775804245416,0.9999994855619011,LEG_2_KNEE_DOMINANT
175.32241594139268,1.0035350251384774,0.015,0.0,SUBJECT_V3_d2a5c75037bccf7ebdfc3916,318,MYOLEG_V3_K0318,1.0035350251384774,1.000004431643144,0.9934006351076657,0.9999994855619011,LEG_2_KNEE_DOMINANT
175.24757816457137,1.0041194912564095,0.0175,0.0,SUBJECT_V3_f4a6728ff390d31a75179d58,319,MYOLEG_V3_K0319,1.0041194912564095,1.000004431643144,0.992332868767345,0.9999994855619011,LEG_2_KNEE_DOMINANT
175.17343973450448,1.0047038127572903,0.02,0.0,SUBJECT_V3_494f46be0738bfa541b1b248,320,MYOLEG_V3_K0320,1.0047038127572903,1.000004431643144,0.9912742142778665,0.9999994855619011,LEG_2_KNEE_DOMINANT
175.1000027687284,1.0052856871333455,0.0225,0.0,SUBJECT_V3_064f2d211dd6632047ce0467,321,MYOLEG_V3_K0321,1.0052856871333455,1.000004431643144,0.9902247894608376,0.9999994855619011,LEG_2_KNEE_DOMINANT
175.02724847840187,1.0058659955037623,0.025,0.0,SUBJECT_V3_6cc76e1885c1440f96b4f32b,322,MYOLEG_V3_K0322,1.0058659955037623,1.000004431643144,0.9891843199335612,0.9999994855619011,LEG_2_KNEE_DOMINANT
174.955178601878,1.0064456352296889,0.0275,0.0,SUBJECT_V3_be1d5a6eac86743f58e490d0,323,MYOLEG_V3_K0323,1.0064456352296889,1.000004431643144,0.988152818655887,0.9999994855619011,LEG_2_KNEE_DOMINANT
174.88379364322066,1.0070249119037034,0.03,0.0,SUBJECT_V3_7c5fb302f4503daee50b9e95,324,MYOLEG_V3_K0324,1.0070249119037034,1.000004431643144,0.9871302994509921,0.9999994855619011,LEG_2_KNEE_DOMINANT
176.87089951232164,1.0142077979694175,-0.03,0.0025,SUBJECT_V3_6703891438e4f638a54ec0bd,325,MYOLEG_V3_K0325,0.9928483348762356,0.9996800392521438,1.0142077979694175,1.000807987707323,LEG_2_KNEE_DOMINANT
176.7830623925177,1.0129723149610372,-0.0275,0.0025,SUBJECT_V3_c3bbaf63d81026e2665c90ea,326,MYOLEG_V3_K0326,0.9934497566870002,0.9996800392521438,1.0129723149610372,1.000807987707323,LEG_2_KNEE_DOMINANT
176.69596009283177,1.0117461892467197,-0.025,0.0025,SUBJECT_V3_3c8dec7a8eed38fcaaa14fe8,327,MYOLEG_V3_K0327,0.9940486863683912,0.9996800392521438,1.0117461892467197,1.000807987707323,LEG_2_KNEE_DOMINANT
176.60959821628376,1.0105294404937395,-0.0225,0.0025,SUBJECT_V3_5e5018d0b2bf21e6f8234a07,328,MYOLEG_V3_K0328,0.9946476957401754,0.9996800392521438,1.0105294404937395,1.000807987707323,LEG_2_KNEE_DOMINANT
176.52397379457616,1.0093221367756815,-0.02,0.0025,SUBJECT_V3_ff05f1399477b6479b7f6312,329,MYOLEG_V3_K0329,0.9952437762310266,0.9996800392521438,1.0093221367756815,1.000807987707323,LEG_2_KNEE_DOMINANT
176.43907628751077,1.0081240037233816,-0.0175,0.0025,SUBJECT_V3_a688a704c671e6086fb11643,330,MYOLEG_V3_K0330,0.9958418041045973,0.9996800392521438,1.0081240037233816,1.000807987707323,LEG_2_KNEE_DOMINANT
176.35491682023627,1.0069353071210492,-0.015,0.0025,SUBJECT_V3_1251f14a45cbbb046556b6ad,331,MYOLEG_V3_K0331,0.996438700694602,0.9996800392521438,1.0069353071210492,1.000807987707323,LEG_2_KNEE_DOMINANT
176.27149025270347,1.0057559745408666,-0.0125,0.0025,SUBJECT_V3_d25e016a653f74f899d646bb,332,MYOLEG_V3_K0332,0.9970351157517676,0.9996800392521438,1.0057559745408666,1.000807987707323,LEG_2_KNEE_DOMINANT
176.18879644478716,1.0045860473165908,-0.01,0.0025,SUBJECT_V3_1fc3aa21396ec6b454ce26b7,333,MYOLEG_V3_K0333,0.9976302311427386,0.9996800392521438,1.0045860473165908,1.000807987707323,LEG_2_KNEE_DOMINANT
176.10682973566168,1.003425435532295,-0.0075,0.0025,SUBJECT_V3_f35b636ab9b49c1603c2bcdc,334,MYOLEG_V3_K0334,0.9982250205743677,0.9996800392521438,1.003425435532295,1.000807987707323,LEG_2_KNEE_DOMINANT
176.02559172540077,1.0022741991209712,-0.005,0.0025,SUBJECT_V3_6a862bf58995572e623735ef,335,MYOLEG_V3_K0335,0.9988188459987042,0.9996800392521438,1.0022741991209712,1.000807987707323,LEG_2_KNEE_DOMINANT
175.9450790302088,1.0011323085676296,-0.0025,0.0025,SUBJECT_V3_12547ec722f5ec7a9871465f,336,MYOLEG_V3_K0336,0.9994117260283,0.9996800392521438,1.0011323085676296,1.000807987707323,LEG_2_KNEE_DOMINANT
175.8652893397553,1.000807987707323,0.0,0.0025,SUBJECT_V3_77b9b9097027538c0646f75e,337,MYOLEG_V3_K0337,1.000003618634991,0.9996800392521438,0.9999997510204193,1.000807987707323,LEG_2_KNEE_DOMINANT
175.78630886823146,1.000807987707323,0.0025,0.0025,SUBJECT_V3_959060b49df0dc1993cd2081,338,MYOLEG_V3_K0338,1.000594929730185,0.9996800392521438,0.9988777375803425,1.000807987707323,LEG_2_KNEE_DOMINANT
175.70795912970348,1.0011851663847293,0.005,0.0025,SUBJECT_V3_b06c14944c7a9769b0b2cf03,339,MYOLEG_V3_K0339,1.0011851663847293,0.9996800392521438,0.9977638063588313,1.000807987707323,LEG_2_KNEE_DOMINANT
175.63032455538237,1.001774287776925,0.0075,0.0025,SUBJECT_V3_057d54c884ed3a6cc927ddf5,340,MYOLEG_V3_K0340,1.001774287776925,0.9996800392521438,0.9966591560680328,1.000807987707323,LEG_2_KNEE_DOMINANT
175.55340230143793,1.0023622827681367,0.01,0.0025,SUBJECT_V3_944f8f4565b2569b5fe9546a,341,MYOLEG_V3_K0341,1.0023622827681367,0.9996800392521438,0.9955637648684564,1.000807987707323,LEG_2_KNEE_DOMINANT
175.47718804728615,1.0029494531832548,0.0125,0.0025,SUBJECT_V3_36d75cae1efcd24fd6fbdc9e,342,MYOLEG_V3_K0342,1.0029494531832548,0.9996800392521438,0.9944775804245416,1.000807987707323,LEG_2_KNEE_DOMINANT
175.40168116715608,1.0035350251384774,0.015,0.0025,SUBJECT_V3_f818b1e5183a45650c50e289,343,MYOLEG_V3_K0343,1.0035350251384774,0.9996800392521438,0.9934006351076657,1.000807987707323,LEG_2_KNEE_DOMINANT
175.32687722447326,1.0041194912564095,0.0175,0.0025,SUBJECT_V3_08f992a7285988732e13dc5b,344,MYOLEG_V3_K0344,1.0041194912564095,0.9996800392521438,0.992332868767345,1.000807987707323,LEG_2_KNEE_DOMINANT
175.2527723408564,1.0047038127572903,0.02,0.0025,SUBJECT_V3_03d0fcb88d0e2d81e9995752,345,MYOLEG_V3_K0345,1.0047038127572903,0.9996800392521438,0.9912742142778665,1.000807987707323,LEG_2_KNEE_DOMINANT
175.17936863211565,1.0052856871333455,0.0225,0.0025,SUBJECT_V3_540c8458e7c992a7997e7ce2,346,MYOLEG_V3_K0346,1.0052856871333455,0.9996800392521438,0.9902247894608376,1.000807987707323,LEG_2_KNEE_DOMINANT
175.10664731716557,1.0058659955037623,0.025,0.0025,SUBJECT_V3_7e3a3b93438f86813cad315b,347,MYOLEG_V3_K0347,1.0058659955037623,0.9996800392521438,0.9891843199335612,1.000807987707323,LEG_2_KNEE_DOMINANT
175.03461013283345,1.0064456352296889,0.0275,0.0025,SUBJECT_V3_d41e8e5eb899113cc718d731,348,MYOLEG_V3_K0348,1.0064456352296889,0.9996800392521438,0.988152818655887,1.000807987707323,LEG_2_KNEE_DOMINANT
174.96325758222082,1.0070249119037034,0.03,0.0025,SUBJECT_V3_fd5cdaf80bf1714ee4359de7,349,MYOLEG_V3_K0349,1.0070249119037034,0.9996800392521438,0.9871302994509921,1.000807987707323,LEG_2_KNEE_DOMINANT
176.9493169087789,1.0142077979694175,-0.03,0.005,SUBJECT_V3_6f2759bd7f54597e82808521,350,MYOLEG_V3_K0350,0.9928483348762356,0.9993574749252967,1.0142077979694175,1.00161422122842,LEG_2_KNEE_DOMINANT
176.86151873446778,1.0129723149610372,-0.0275,0.005,SUBJECT_V3_5743d723c07f0f14d898c60f,351,MYOLEG_V3_K0351,0.9934497566870002,0.9993574749252967,1.0129723149610372,1.00161422122842,LEG_2_KNEE_DOMINANT
176.77445509267815,1.0117461892467197,-0.025,0.005,SUBJECT_V3_b2df43c21884ac34522d4b89,352,MYOLEG_V3_K0352,0.9940486863683912,0.9993574749252967,1.0117461892467197,1.00161422122842,LEG_2_KNEE_DOMINANT
176.68813158303212,1.0105294404937395,-0.0225,0.005,SUBJECT_V3_6f074d89389a74839935911c,353,MYOLEG_V3_K0353,0.9946476957401754,0.9993574749252967,1.0105294404937395,1.00161422122842,LEG_2_KNEE_DOMINANT
176.60254523764345,1.0093221367756815,-0.02,0.005,SUBJECT_V3_92ca0355f2edf2fe82747553,354,MYOLEG_V3_K0354,0.9952437762310266,0.9993574749252967,1.0093221367756815,1.00161422122842,LEG_2_KNEE_DOMINANT
176.51768552010796,1.0081240037233816,-0.0175,0.005,SUBJECT_V3_c1bcde7c374957c434e90bbb,355,MYOLEG_V3_K0355,0.9958418041045973,0.9993574749252967,1.0081240037233816,1.00161422122842,LEG_2_KNEE_DOMINANT
176.43356354973432,1.0069353071210492,-0.015,0.005,SUBJECT_V3_2b23edeba47d02dc41755452,356,MYOLEG_V3_K0356,0.996438700694602,0.9993574749252967,1.0069353071210492,1.00161422122842,LEG_2_KNEE_DOMINANT
176.3501741878772,1.0057559745408666,-0.0125,0.005,SUBJECT_V3_cc69afd5bdde5cb563cddc3a,357,MYOLEG_V3_K0357,0.9970351157517676,0.9993574749252967,1.0057559745408666,1.00161422122842,LEG_2_KNEE_DOMINANT
176.26751729359648,1.0045860473165908,-0.01,0.005,SUBJECT_V3_c89e1e9ee0c572bcc7b4c0a0,358,MYOLEG_V3_K0358,0.9976302311427386,0.9993574749252967,1.0045860473165908,1.00161422122842,LEG_2_KNEE_DOMINANT
176.1855872077254,1.003425435532295,-0.0075,0.005,SUBJECT_V3_32f1dda3853ab4350d54aaee,359,MYOLEG_V3_K0359,0.9982250205743677,0.9993574749252967,1.003425435532295,1.00161422122842,LEG_2_KNEE_DOMINANT
176.10438552876295,1.0022741991209712,-0.005,0.005,SUBJECT_V3_4c1137db923be4eaae6efbbb,360,MYOLEG_V3_K0360,0.9988188459987042,0.9993574749252967,1.0022741991209712,1.00161422122842,LEG_2_KNEE_DOMINANT
176.02390887357348,1.00161422122842,-0.0025,0.005,SUBJECT_V3_4da67377ea90c8cbb6a8f3e6,361,MYOLEG_V3_K0361,0.9994117260283,0.9993574749252967,1.0011323085676296,1.00161422122842,LEG_2_KNEE_DOMINANT
175.9441549320168,1.00161422122842,0.0,0.005,SUBJECT_V3_a3337bc65430d410e63aeb71,362,MYOLEG_V3_K0362,1.000003618634991,0.9993574749252967,0.9999997510204193,1.00161422122842,LEG_2_KNEE_DOMINANT
175.86520987876756,1.00161422122842,0.0025,0.005,SUBJECT_V3_756370e5348ddbea86e10f5a,363,MYOLEG_V3_K0363,1.000594929730185,0.9993574749252967,0.9988777375803425,1.00161422122842,LEG_2_KNEE_DOMINANT
175.78689530710542,1.00161422122842,0.005,0.005,SUBJECT_V3_4966e2b62ea2ed4a879ccdef,364,MYOLEG_V3_K0364,1.0011851663847293,0.9993574749252967,0.9977638063588313,1.00161422122842,LEG_2_KNEE_DOMINANT
175.7092956095796,1.001774287776925,0.0075,0.005,SUBJECT_V3_67b78b9ffb1b0f74d5824816,365,MYOLEG_V3_K0365,1.001774287776925,0.9993574749252967,0.9966591560680328,1.00161422122842,LEG_2_KNEE_DOMINANT
175.6324079428287,1.0023622827681367,0.01,0.005,SUBJECT_V3_c7f25e3120b1c68251f3db99,366,MYOLEG_V3_K0366,1.0023622827681367,0.9993574749252967,0.9955637648684564,1.00161422122842,LEG_2_KNEE_DOMINANT
175.55622798741237,1.0029494531832548,0.0125,0.005,SUBJECT_V3_b2834bae7cc4b5d44dc0c255,367,MYOLEG_V3_K0367,1.0029494531832548,0.9993574749252967,0.9944775804245416,1.00161422122842,LEG_2_KNEE_DOMINANT
175.48075511705082,1.0035350251384774,0.015,0.005,SUBJECT_V3_0170bd66e131e467c533f44e,368,MYOLEG_V3_K0368,1.0035350251384774,0.9993574749252967,0.9934006351076657,1.00161422122842,LEG_2_KNEE_DOMINANT
175.40598489638606,1.0041194912564095,0.0175,0.005,SUBJECT_V3_a57c272f73085683dab56666,369,MYOLEG_V3_K0369,1.0041194912564095,0.9993574749252967,0.992332868767345,1.00161422122842,LEG_2_KNEE_DOMINANT
175.3319134480136,1.0047038127572903,0.02,0.005,SUBJECT_V3_fe020139d3eb4a3650985fc2,370,MYOLEG_V3_K0370,1.0047038127572903,0.9993574749252967,0.9912742142778665,1.00161422122842,LEG_2_KNEE_DOMINANT
175.25854288602412,1.0052856871333455,0.0225,0.005,SUBJECT_V3_9732ee9f0bb7165f68d3eefb,371,MYOLEG_V3_K0371,1.0052856871333455,0.9993574749252967,0.9902247894608376,1.00161422122842,LEG_2_KNEE_DOMINANT
175.1858544370632,1.0058659955037623,0.025,0.005,SUBJECT_V3_e89cc36962fd35bdcc660fd9,372,MYOLEG_V3_K0372,1.0058659955037623,0.9993574749252967,0.9891843199335612,1.00161422122842,LEG_2_KNEE_DOMINANT
175.1138498364384,1.0064456352296889,0.0275,0.005,SUBJECT_V3_6362bfaa326c304df57b9ccc,373,MYOLEG_V3_K0373,1.0064456352296889,0.9993574749252967,0.988152818655887,1.00161422122842,LEG_2_KNEE_DOMINANT
175.04252958629294,1.0070249119037034,0.03,0.005,SUBJECT_V3_bcee01af19494c5631b0ab8a,374,MYOLEG_V3_K0374,1.0070249119037034,0.9993574749252967,0.9871302994509921,1.00161422122842,LEG_2_KNEE_DOMINANT
177.0275451668218,1.0142077979694175,-0.03,0.0075,SUBJECT_V3_8bbeade59312364690304a20,375,MYOLEG_V3_K0375,0.9928483348762356,0.9990367249139871,1.0142077979694175,1.002418189028982,LEG_2_KNEE_DOMINANT
176.9397858096651,1.0129723149610372,-0.0275,0.0075,SUBJECT_V3_867cc42c285d5a3751f157c8,376,MYOLEG_V3_K0376,0.9934497566870002,0.9990367249139871,1.0129723149610372,1.002418189028982,LEG_2_KNEE_DOMINANT
176.85276069833048,1.0117461892467197,-0.025,0.0075,SUBJECT_V3_1dc8062d45f71bb67d672343,377,MYOLEG_V3_K0377,0.9940486863683912,0.9990367249139871,1.0117461892467197,1.002418189028982,LEG_2_KNEE_DOMINANT
176.76647542905454,1.0105294404937395,-0.0225,0.0075,SUBJECT_V3_cc695ef612fcf4cc597abd96,378,MYOLEG_V3_K0378,0.9946476957401754,0.9990367249139871,1.0105294404937395,1.002418189028982,LEG_2_KNEE_DOMINANT
176.68092703436204,1.0093221367756815,-0.02,0.0075,SUBJECT_V3_0ae25ba76b8afd8c4e4d983e,379,MYOLEG_V3_K0379,0.9952437762310266,0.9990367249139871,1.0093221367756815,1.002418189028982,LEG_2_KNEE_DOMINANT
176.59610498163144,1.0081240037233816,-0.0175,0.0075,SUBJECT_V3_bd7e2da57e0458e07c81bb44,380,MYOLEG_V3_K0380,0.9958418041045973,0.9990367249139871,1.0081240037233816,1.002418189028982,LEG_2_KNEE_DOMINANT
176.51202038435173,1.0069353071210492,-0.015,0.0075,SUBJECT_V3_7ca56209603390295efa47f6,381,MYOLEG_V3_K0381,0.996438700694602,0.9990367249139871,1.0069353071210492,1.002418189028982,LEG_2_KNEE_DOMINANT
176.42866810527786,1.0057559745408666,-0.0125,0.0075,SUBJECT_V3_3e8411818684d9c1a7103129,382,MYOLEG_V3_K0382,0.9970351157517676,0.9990367249139871,1.0057559745408666,1.002418189028982,LEG_2_KNEE_DOMINANT
176.34604800265868,1.0045860473165908,-0.01,0.0075,SUBJECT_V3_a58d7a5f9980be88ee5e0bb5,383,MYOLEG_V3_K0383,0.9976302311427386,0.9990367249139871,1.0045860473165908,1.002418189028982,LEG_2_KNEE_DOMINANT
176.26415441898186,1.003425435532295,-0.0075,0.0075,SUBJECT_V3_99fe9530905bb1e5f73e8607,384,MYOLEG_V3_K0384,0.9982250205743677,0.9990367249139871,1.003425435532295,1.002418189028982,LEG_2_KNEE_DOMINANT
176.18298895117778,1.002418189028982,-0.005,0.0075,SUBJECT_V3_6dc7af736e43dde95bc9e6b5,385,MYOLEG_V3_K0385,0.9988188459987042,0.9990367249139871,1.0022741991209712,1.002418189028982,LEG_2_KNEE_DOMINANT
176.1025482167699,1.002418189028982,-0.0025,0.0075,SUBJECT_V3_6f3299e42aac9ab0a1a5d27b,386,MYOLEG_V3_K0386,0.9994117260283,0.9990367249139871,1.0011323085676296,1.002418189028982,LEG_2_KNEE_DOMINANT
176.02282990580852,1.002418189028982,0.0,0.0075,SUBJECT_V3_64241817e39d5acd7fe4469c,387,MYOLEG_V3_K0387,1.000003618634991,0.9990367249139871,0.9999997510204193,1.002418189028982,LEG_2_KNEE_DOMINANT
175.94392015358366,1.002418189028982,0.0025,0.0075,SUBJECT_V3_a8df9165d675ec008992eea5,388,MYOLEG_V3_K0388,1.000594929730185,0.9990367249139871,0.9988777375803425,1.002418189028982,LEG_2_KNEE_DOMINANT
175.86564063232734,1.002418189028982,0.005,0.0075,SUBJECT_V3_983448857388af6a51b436b2,389,MYOLEG_V3_K0389,1.0011851663847293,0.9990367249139871,0.9977638063588313,1.002418189028982,LEG_2_KNEE_DOMINANT
175.78807569605596,1.002418189028982,0.0075,0.0075,SUBJECT_V3_82d69c5771108f027b3ce5e1,390,MYOLEG_V3_K0390,1.001774287776925,0.9990367249139871,0.9966591560680328,1.002418189028982,LEG_2_KNEE_DOMINANT
175.71122250187625,1.002418189028982,0.01,0.0075,SUBJECT_V3_ea41bb3914d160fd17e93dd9,391,MYOLEG_V3_K0391,1.0023622827681367,0.9990367249139871,0.9955637648684564,1.002418189028982,LEG_2_KNEE_DOMINANT
175.63507673148885,1.0029494531832548,0.0125,0.0075,SUBJECT_V3_eb37798172ffd14af01cf1b2,392,MYOLEG_V3_K0392,1.0029494531832548,0.9990367249139871,0.9944775804245416,1.002418189028982,LEG_2_KNEE_DOMINANT
175.55963775810778,1.0035350251384774,0.015,0.0075,SUBJECT_V3_d9d16dc41cd47b49b62ef61d,393,MYOLEG_V3_K0393,1.0035350251384774,0.9990367249139871,0.9934006351076657,1.002418189028982,LEG_2_KNEE_DOMINANT
175.48490114758843,1.0041194912564095,0.0175,0.0075,SUBJECT_V3_930b5e2e26a2ba467cb6c225,394,MYOLEG_V3_K0394,1.0041194912564095,0.9990367249139871,0.992332868767345,1.002418189028982,LEG_2_KNEE_DOMINANT
175.4108630235009,1.0047038127572903,0.02,0.0075,SUBJECT_V3_c7783e97c2fa4fd6794b8891,395,MYOLEG_V3_K0395,1.0047038127572903,0.9990367249139871,0.9912742142778665,1.002418189028982,LEG_2_KNEE_DOMINANT
175.33752549822304,1.0052856871333455,0.0225,0.0075,SUBJECT_V3_89ae9a3a6a2df8d6277f0c06,396,MYOLEG_V3_K0396,1.0052856871333455,0.9990367249139871,0.9902247894608376,1.002418189028982,LEG_2_KNEE_DOMINANT
175.26486980610676,1.0058659955037623,0.025,0.0075,SUBJECT_V3_a5f99f7e2cff491899bea8cd,397,MYOLEG_V3_K0397,1.0058659955037623,0.9990367249139871,0.9891843199335612,1.002418189028982,LEG_2_KNEE_DOMINANT
175.19289768094583,1.0064456352296889,0.0275,0.0075,SUBJECT_V3_1991a03df49f6dd9d06d43c3,398,MYOLEG_V3_K0398,1.0064456352296889,0.9990367249139871,0.988152818655887,1.002418189028982,LEG_2_KNEE_DOMINANT
175.12160962392934,1.0070249119037034,0.03,0.0075,SUBJECT_V3_529877b24ea244b780aaadd9,399,MYOLEG_V3_K0399,1.0070249119037034,0.9990367249139871,0.9871302994509921,1.002418189028982,LEG_2_KNEE_DOMINANT
177.10558519782563,1.0142077979694175,-0.03,0.01,SUBJECT_V3_cc7b870e2403bb7e1f047142,400,MYOLEG_V3_K0400,0.9928483348762356,0.9987177672897923,1.0142077979694175,1.00321990384405,LEG_2_KNEE_DOMINANT
177.0178645302313,1.0129723149610372,-0.0275,0.01,SUBJECT_V3_f76837465c67141895dc6b44,401,MYOLEG_V3_K0401,0.9934497566870002,0.9987177672897923,1.0129723149610372,1.00321990384405,LEG_2_KNEE_DOMINANT
176.9308778226517,1.0117461892467197,-0.025,0.01,SUBJECT_V3_5940438505f0ad41740d17e7,402,MYOLEG_V3_K0402,0.9940486863683912,0.9987177672897923,1.0117461892467197,1.00321990384405,LEG_2_KNEE_DOMINANT
176.84463066795013,1.0105294404937395,-0.0225,0.01,SUBJECT_V3_db19fb5b634600b190652bd4,403,MYOLEG_V3_K0403,0.9946476957401754,0.9987177672897923,1.0105294404937395,1.00321990384405,LEG_2_KNEE_DOMINANT
176.75912009906227,1.0093221367756815,-0.02,0.01,SUBJECT_V3_65e6e98f6bd2e0448fb0627c,404,MYOLEG_V3_K0404,0.9952437762310266,0.9987177672897923,1.0093221367756815,1.00321990384405,LEG_2_KNEE_DOMINANT
176.6743355871377,1.0081240037233816,-0.0175,0.01,SUBJECT_V3_6853810391a7ef9828f9c68d,405,MYOLEG_V3_K0405,0.9958418041045973,0.9987177672897923,1.0081240037233816,1.00321990384405,LEG_2_KNEE_DOMINANT
176.59028823986597,1.0069353071210492,-0.015,0.01,SUBJECT_V3_e2993765e1bf2ccc077fd500,406,MYOLEG_V3_K0406,0.996438700694602,0.9987177672897923,1.0069353071210492,1.00321990384405,LEG_2_KNEE_DOMINANT
176.5069729213989,1.0057559745408666,-0.0125,0.01,SUBJECT_V3_c264b0aa45da76bf132386b0,407,MYOLEG_V3_K0407,0.9970351157517676,0.9987177672897923,1.0057559745408666,1.00321990384405,LEG_2_KNEE_DOMINANT
176.4243894891779,1.0045860473165908,-0.01,0.01,SUBJECT_V3_aede5f1f0f000cc12deed405,408,MYOLEG_V3_K0408,0.9976302311427386,0.9987177672897923,1.0045860473165908,1.00321990384405,LEG_2_KNEE_DOMINANT
176.34253228734082,1.003425435532295,-0.0075,0.01,SUBJECT_V3_21f99950ae8fc3625a7150c9,409,MYOLEG_V3_K0409,0.9982250205743677,0.9987177672897923,1.003425435532295,1.00321990384405,LEG_2_KNEE_DOMINANT
176.26140291125557,1.00321990384405,-0.005,0.01,SUBJECT_V3_ddb4497d3bebd9ccfaeb8e60,410,MYOLEG_V3_K0410,0.9988188459987042,0.9987177672897923,1.0022741991209712,1.00321990384405,LEG_2_KNEE_DOMINANT
176.18099797910364,1.00321990384405,-0.0025,0.01,SUBJECT_V3_15c89e1d899ce7402d1f76d6,411,MYOLEG_V3_K0411,0.9994117260283,0.9987177672897923,1.0011323085676296,1.00321990384405,LEG_2_KNEE_DOMINANT
176.1013151811262,1.00321990384405,0.0,0.01,SUBJECT_V3_4426c17ea024f313584e26c2,412,MYOLEG_V3_K0412,1.000003618634991,0.9987177672897923,0.9999997510204193,1.00321990384405,LEG_2_KNEE_DOMINANT
176.02244061335978,1.00321990384405,0.0025,0.01,SUBJECT_V3_c4d902f7c42f3953cbbf8a48,413,MYOLEG_V3_K0413,1.000594929730185,0.9987177672897923,0.9988777375803425,1.00321990384405,LEG_2_KNEE_DOMINANT
175.94419602672903,1.00321990384405,0.005,0.01,SUBJECT_V3_47e4e759eee3ccc5b088fc1b,414,MYOLEG_V3_K0414,1.0011851663847293,0.9987177672897923,0.9977638063588313,1.00321990384405,LEG_2_KNEE_DOMINANT
175.86666573684576,1.00321990384405,0.0075,0.01,SUBJECT_V3_e3455d5b02c5b328f542f4f4,415,MYOLEG_V3_K0415,1.001774287776925,0.9987177672897923,0.9966591560680328,1.00321990384405,LEG_2_KNEE_DOMINANT
175.7898469012844,1.00321990384405,0.01,0.01,SUBJECT_V3_ad42a59cfafa58e5ae1255c8,416,MYOLEG_V3_K0416,1.0023622827681367,0.9987177672897923,0.9955637648684564,1.00321990384405,LEG_2_KNEE_DOMINANT
175.7137352028837,1.00321990384405,0.0125,0.01,SUBJECT_V3_db7bdc35abf80c65df888e2f,417,MYOLEG_V3_K0417,1.0029494531832548,0.9987177672897923,0.9944775804245416,1.00321990384405,LEG_2_KNEE_DOMINANT
175.63833001435415,1.0035350251384774,0.015,0.01,SUBJECT_V3_51833aa07e4e1aa8ad7ef277,418,MYOLEG_V3_K0418,1.0035350251384774,0.9987177672897923,0.9934006351076657,1.00321990384405,LEG_2_KNEE_DOMINANT
175.56362690276146,1.0041194912564095,0.0175,0.01,SUBJECT_V3_0e9b2f9deca5a4ebc69d6c20,419,MYOLEG_V3_K0419,1.0041194912564095,0.9987177672897923,0.992332868767345,1.00321990384405,LEG_2_KNEE_DOMINANT
175.48962199264818,1.0047038127572903,0.02,0.01,SUBJECT_V3_c0c58023ddbb2521dd2aa64f,420,MYOLEG_V3_K0420,1.0047038127572903,0.9987177672897923,0.9912742142778665,1.00321990384405,LEG_2_KNEE_DOMINANT
175.41631739468585,1.0052856871333455,0.0225,0.01,SUBJECT_V3_c2389ac974d9398dea9c6a1b,421,MYOLEG_V3_K0421,1.0052856871333455,0.9987177672897923,0.9902247894608376,1.00321990384405,LEG_2_KNEE_DOMINANT
175.34369435090815,1.0058659955037623,0.025,0.01,SUBJECT_V3_8b0eff478c97a38a737e8dd6,422,MYOLEG_V3_K0422,1.0058659955037623,0.9987177672897923,0.9891843199335612,1.00321990384405,LEG_2_KNEE_DOMINANT
175.27175459360103,1.0064456352296889,0.0275,0.01,SUBJECT_V3_e6ad7a3e89645ed479ff7052,423,MYOLEG_V3_K0423,1.0064456352296889,0.9987177672897923,0.988152818655887,1.00321990384405,LEG_2_KNEE_DOMINANT
175.2004986230035,1.0070249119037034,0.03,0.01,SUBJECT_V3_ca5c04a02106138345c194f3,424,MYOLEG_V3_K0424,1.0070249119037034,0.9987177672897923,0.9871302994509921,1.00321990384405,LEG_2_KNEE_DOMINANT
177.1834372813877,1.0142077979694175,-0.03,0.0125,SUBJECT_V3_a93ccb26efe72d5b13efa9c1,425,MYOLEG_V3_K0425,0.9928483348762356,0.9984005955047097,1.0142077979694175,1.0040193715820676,LEG_2_KNEE_DOMINANT
177.09575517619413,1.0129723149610372,-0.0275,0.0125,SUBJECT_V3_1555a98fee2b72d5a622a8b8,426,MYOLEG_V3_K0426,0.9934497566870002,0.9984005955047097,1.0129723149610372,1.0040193715820676,LEG_2_KNEE_DOMINANT
177.00880674609743,1.0117461892467197,-0.025,0.0125,SUBJECT_V3_de09cab631b3b217740630f4,427,MYOLEG_V3_K0427,0.9940486863683912,0.9984005955047097,1.0117461892467197,1.0040193715820676,LEG_2_KNEE_DOMINANT
176.9225975805998,1.0105294404937395,-0.0225,0.0125,SUBJECT_V3_9f81b0425339777fd74511a9,428,MYOLEG_V3_K0428,0.9946476957401754,0.9984005955047097,1.0105294404937395,1.0040193715820676,LEG_2_KNEE_DOMINANT
176.83712471304742,1.0093221367756815,-0.02,0.0125,SUBJECT_V3_f850e0f5ee4683e14a8e1c74,429,MYOLEG_V3_K0429,0.9952437762310266,0.9984005955047097,1.0093221367756815,1.0040193715820676,LEG_2_KNEE_DOMINANT
176.75237761834978,1.0081240037233816,-0.0175,0.0125,SUBJECT_V3_a0b12533b4e3295c38389210,430,MYOLEG_V3_K0430,0.9958418041045973,0.9984005955047097,1.0081240037233816,1.0040193715820676,LEG_2_KNEE_DOMINANT
176.6683673984172,1.0069353071210492,-0.015,0.0125,SUBJECT_V3_2a11c467b637e2884de462d4,431,MYOLEG_V3_K0431,0.996438700694602,0.9984005955047097,1.0069353071210492,1.0040193715820676,LEG_2_KNEE_DOMINANT
176.58508891879464,1.0057559745408666,-0.0125,0.0125,SUBJECT_V3_2be22ba362f02ccf18d15ce8,432,MYOLEG_V3_K0432,0.9970351157517676,0.9984005955047097,1.0057559745408666,1.0040193715820676,LEG_2_KNEE_DOMINANT
176.50254203612002,1.0045860473165908,-0.01,0.0125,SUBJECT_V3_c15ac7efd268f21b3b942b05,433,MYOLEG_V3_K0433,0.9976302311427386,0.9984005955047097,1.0045860473165908,1.0040193715820676,LEG_2_KNEE_DOMINANT
176.4207210961768,1.0040193715820676,-0.0075,0.0125,SUBJECT_V3_1400a2da0b93516eea8a3fab,434,MYOLEG_V3_K0434,0.9982250205743677,0.9984005955047097,1.003425435532295,1.0040193715820676,LEG_2_KNEE_DOMINANT
176.33962769277684,1.0040193715820676,-0.005,0.0125,SUBJECT_V3_84d66458699b851a86886e6c,435,MYOLEG_V3_K0435,0.9988188459987042,0.9984005955047097,1.0022741991209712,1.0040193715820676,LEG_2_KNEE_DOMINANT
176.25925844475827,1.0040193715820676,-0.0025,0.0125,SUBJECT_V3_2e751ae23f242bbf3277e5fe,436,MYOLEG_V3_K0436,0.9994117260283,0.9984005955047097,1.0011323085676296,1.0040193715820676,LEG_2_KNEE_DOMINANT
176.17961104255372,1.0040193715820676,0.0,0.0125,SUBJECT_V3_e033eaf5a609663c50be9087,437,MYOLEG_V3_K0437,1.000003618634991,0.9984005955047097,0.9999997510204193,1.0040193715820676,LEG_2_KNEE_DOMINANT
176.10077154307683,1.0040193715820676,0.0025,0.0125,SUBJECT_V3_e03ab62ea5e1c6f972004a8c,438,MYOLEG_V3_K0438,1.000594929730185,0.9984005955047097,0.9988777375803425,1.0040193715820676,LEG_2_KNEE_DOMINANT
176.02256177568609,1.0040193715820676,0.005,0.0125,SUBJECT_V3_5a0528689a76898fb3849257,439,MYOLEG_V3_K0439,1.0011851663847293,0.9984005955047097,0.9977638063588313,1.0040193715820676,LEG_2_KNEE_DOMINANT
175.9450660177165,1.0040193715820676,0.0075,0.0125,SUBJECT_V3_84b20bc7b473cb86b50ff441,440,MYOLEG_V3_K0440,1.001774287776925,0.9984005955047097,0.9966591560680328,1.0040193715820676,LEG_2_KNEE_DOMINANT
175.86828142720955,1.0040193715820676,0.01,0.0125,SUBJECT_V3_974e0a2af732be066ef70724,441,MYOLEG_V3_K0441,1.0023622827681367,0.9984005955047097,0.9955637648684564,1.0040193715820676,LEG_2_KNEE_DOMINANT
175.7922036881394,1.0040193715820676,0.0125,0.0125,SUBJECT_V3_d77e701a259c5adf95e9a9c8,442,MYOLEG_V3_K0442,1.0029494531832548,0.9984005955047097,0.9944775804245416,1.0040193715820676,LEG_2_KNEE_DOMINANT
175.71683217271575,1.0040193715820676,0.015,0.0125,SUBJECT_V3_8819a1d8c17884a1b78e86d3,443,MYOLEG_V3_K0443,1.0035350251384774,0.9984005955047097,0.9934006351076657,1.0040193715820676,LEG_2_KNEE_DOMINANT
175.64216244921147,1.0041194912564095,0.0175,0.0125,SUBJECT_V3_f4e69f4c3d44b1e19795bec3,444,MYOLEG_V3_K0444,1.0041194912564095,0.9984005955047097,0.992332868767345,1.0040193715820676,LEG_2_KNEE_DOMINANT
175.56819064313933,1.0047038127572903,0.02,0.0125,SUBJECT_V3_8356f41209f92910cb3e43bc,445,MYOLEG_V3_K0445,1.0047038127572903,0.9984005955047097,0.9912742142778665,1.0040193715820676,LEG_2_KNEE_DOMINANT
175.49491886347118,1.0052856871333455,0.0225,0.0125,SUBJECT_V3_ef35e7889ea00f4d28a2c752,446,MYOLEG_V3_K0446,1.0052856871333455,0.9984005955047097,0.9902247894608376,1.0040193715820676,LEG_2_KNEE_DOMINANT
175.422328359898,1.0058659955037623,0.025,0.0125,SUBJECT_V3_85407722ed16bf27360854ca,447,MYOLEG_V3_K0447,1.0058659955037623,0.9984005955047097,0.9891843199335612,1.0040193715820676,LEG_2_KNEE_DOMINANT
175.35042086320374,1.0064456352296889,0.0275,0.0125,SUBJECT_V3_ebaf41625a045a28dbda7f91,448,MYOLEG_V3_K0448,1.0064456352296889,0.9984005955047097,0.988152818655887,1.0040193715820676,LEG_2_KNEE_DOMINANT
175.27919687268147,1.0070249119037034,0.03,0.0125,SUBJECT_V3_c8fe045bc012b425bce25f8f,449,MYOLEG_V3_K0449,1.0070249119037034,0.9984005955047097,0.9871302994509921,1.0040193715820676,LEG_2_KNEE_DOMINANT
177.26110194934517,1.0142077979694175,-0.03,0.015,SUBJECT_V3_1156f501d25355d40e03c9d0,450,MYOLEG_V3_K0450,0.9928483348762356,0.9980852544873057,1.0142077979694175,1.0048165994653275,LEG_2_KNEE_DOMINANT
177.17345827994436,1.0129723149610372,-0.0275,0.015,SUBJECT_V3_04d7f505595f4f288fb4b98e,451,MYOLEG_V3_K0451,0.9934497566870002,0.9980852544873057,1.0129723149610372,1.0048165994653275,LEG_2_KNEE_DOMINANT
177.08654800160843,1.0117461892467197,-0.025,0.015,SUBJECT_V3_d6eda8c29f09508e72e49b65,452,MYOLEG_V3_K0452,0.9940486863683912,0.9980852544873057,1.0117461892467197,1.0048165994653275,LEG_2_KNEE_DOMINANT
177.00037670049056,1.0105294404937395,-0.0225,0.015,SUBJECT_V3_00bda991785a7fb8ae7fecdc,453,MYOLEG_V3_K0453,0.9946476957401754,0.9980852544873057,1.0105294404937395,1.0048165994653275,LEG_2_KNEE_DOMINANT
176.9149414103472,1.0093221367756815,-0.02,0.015,SUBJECT_V3_20d6088d27c26829da133bca,454,MYOLEG_V3_K0454,0.9952437762310266,0.9980852544873057,1.0093221367756815,1.0048165994653275,LEG_2_KNEE_DOMINANT
176.8302316098365,1.0081240037233816,-0.0175,0.015,SUBJECT_V3_a92f363648dced83b3003c86,455,MYOLEG_V3_K0455,0.9958418041045973,0.9980852544873057,1.0081240037233816,1.0048165994653275,LEG_2_KNEE_DOMINANT
176.74625839510952,1.0069353071210492,-0.015,0.015,SUBJECT_V3_8b2e04e80ede19384bc6bd65,456,MYOLEG_V3_K0456,0.996438700694602,0.9980852544873057,1.0069353071210492,1.0048165994653275,LEG_2_KNEE_DOMINANT
176.66301663310097,1.0057559745408666,-0.0125,0.015,SUBJECT_V3_f7a2bd29e1c4b3fe6cd04cbe,457,MYOLEG_V3_K0457,0.9970351157517676,0.9980852544873057,1.0057559745408666,1.0048165994653275,LEG_2_KNEE_DOMINANT
176.5805061796489,1.0048165994653275,-0.01,0.015,SUBJECT_V3_1ccc801dea3b07899c03cfa4,458,MYOLEG_V3_K0458,0.9976302311427386,0.9980852544873057,1.0045860473165908,1.0048165994653275,LEG_2_KNEE_DOMINANT
176.49872138217802,1.0048165994653275,-0.0075,0.015,SUBJECT_V3_6780cee0cbc0ae25ed458c1a,459,MYOLEG_V3_K0459,0.9982250205743677,0.9980852544873057,1.003425435532295,1.0048165994653275,LEG_2_KNEE_DOMINANT
176.41766383295027,1.0048165994653275,-0.005,0.015,SUBJECT_V3_be297e4543e76248a8850d10,460,MYOLEG_V3_K0460,0.9988188459987042,0.9980852544873057,1.0022741991209712,1.0048165994653275,LEG_2_KNEE_DOMINANT
176.33733015145938,1.0048165994653275,-0.0025,0.015,SUBJECT_V3_4d2de09e7b69b65eaf8ff187,461,MYOLEG_V3_K0461,0.9994117260283,0.9980852544873057,1.0011323085676296,1.0048165994653275,LEG_2_KNEE_DOMINANT
176.2577180283298,1.0048165994653275,0.0,0.015,SUBJECT_V3_1d637a13ff33a96f7ed969ba,462,MYOLEG_V3_K0462,1.000003618634991,0.9980852544873057,0.9999997510204193,1.0048165994653275,LEG_2_KNEE_DOMINANT
176.17891348148234,1.0048165994653275,0.0025,0.015,SUBJECT_V3_ddafd7ebcdef94e99f256971,463,MYOLEG_V3_K0463,1.000594929730185,0.9980852544873057,0.9988777375803425,1.0048165994653275,LEG_2_KNEE_DOMINANT
176.1007384184516,1.0048165994653275,0.005,0.015,SUBJECT_V3_02f7c5688501a441de4e240b,464,MYOLEG_V3_K0464,1.0011851663847293,0.9980852544873057,0.9977638063588313,1.0048165994653275,LEG_2_KNEE_DOMINANT
176.0232770784231,1.0048165994653275,0.0075,0.015,SUBJECT_V3_79218bb1f6a50db4da39f888,465,MYOLEG_V3_K0465,1.001774287776925,0.9980852544873057,0.9966591560680328,1.0048165994653275,LEG_2_KNEE_DOMINANT
175.94652661990483,1.0048165994653275,0.01,0.015,SUBJECT_V3_4b328112f4497369f4745530,466,MYOLEG_V3_K0466,1.0023622827681367,0.9980852544873057,0.9955637648684564,1.0048165994653275,LEG_2_KNEE_DOMINANT
175.87048272800354,1.0048165994653275,0.0125,0.015,SUBJECT_V3_fa33458559a47c2f9c501633,467,MYOLEG_V3_K0467,1.0029494531832548,0.9980852544873057,0.9944775804245416,1.0048165994653275,LEG_2_KNEE_DOMINANT
175.7951447744307,1.0048165994653275,0.015,0.015,SUBJECT_V3_1a5a4cbde50f32b610935034,468,MYOLEG_V3_K0468,1.0035350251384774,0.9980852544873057,0.9934006351076657,1.0048165994653275,LEG_2_KNEE_DOMINANT
175.72050832866347,1.0048165994653275,0.0175,0.015,SUBJECT_V3_a757207acb6e6c8b75fa4f87,469,MYOLEG_V3_K0469,1.0041194912564095,0.9980852544873057,0.992332868767345,1.0048165994653275,LEG_2_KNEE_DOMINANT
175.64656951718248,1.0048165994653275,0.02,0.015,SUBJECT_V3_d9e9f7966f7a25b225099c4a,470,MYOLEG_V3_K0470,1.0047038127572903,0.9980852544873057,0.9912742142778665,1.0048165994653275,LEG_2_KNEE_DOMINANT
175.5733304472665,1.0052856871333455,0.0225,0.015,SUBJECT_V3_d5389a3c7169eb8dfd7f2f5f,471,MYOLEG_V3_K0471,1.0052856871333455,0.9980852544873057,0.9902247894608376,1.0048165994653275,LEG_2_KNEE_DOMINANT
175.50077237623933,1.0058659955037623,0.025,0.015,SUBJECT_V3_06c20ece97cd742c9258ae3f,472,MYOLEG_V3_K0472,1.0058659955037623,0.9980852544873057,0.9891843199335612,1.0048165994653275,LEG_2_KNEE_DOMINANT
175.42889703338892,1.0064456352296889,0.0275,0.015,SUBJECT_V3_0245b5c6e92dfca653ef4627,473,MYOLEG_V3_K0473,1.0064456352296889,0.9980852544873057,0.988152818655887,1.0048165994653275,LEG_2_KNEE_DOMINANT
175.35770491706637,1.0070249119037034,0.03,0.015,SUBJECT_V3_87ba8f08077acaba21a9ba46,474,MYOLEG_V3_K0474,1.0070249119037034,0.9980852544873057,0.9871302994509921,1.0048165994653275,LEG_2_KNEE_DOMINANT
177.33858141951663,1.0142077979694175,-0.03,0.0175,SUBJECT_V3_4cc3d620e9d837ee09d5012b,475,MYOLEG_V3_K0475,0.9928483348762356,0.9977714326153174,1.0142077979694175,1.005611620320186,LEG_2_KNEE_DOMINANT
177.25097606068513,1.0129723149610372,-0.0275,0.0175,SUBJECT_V3_81a1c90b56c21be234b9219f,476,MYOLEG_V3_K0476,0.9934497566870002,0.9977714326153174,1.0129723149610372,1.005611620320186,LEG_2_KNEE_DOMINANT
177.16410380976265,1.0117461892467197,-0.025,0.0175,SUBJECT_V3_a6931c0fe93996f86a29f754,477,MYOLEG_V3_K0477,0.9940486863683912,0.9977714326153174,1.0117461892467197,1.005611620320186,LEG_2_KNEE_DOMINANT
177.07797024956534,1.0105294404937395,-0.0225,0.0175,SUBJECT_V3_ca0706f4909e951f4ca16528,478,MYOLEG_V3_K0478,0.9946476957401754,0.9977714326153174,1.0105294404937395,1.005611620320186,LEG_2_KNEE_DOMINANT
176.99257241425974,1.0093221367756815,-0.02,0.0175,SUBJECT_V3_987a0b382100ecd0ea4faf50,479,MYOLEG_V3_K0479,0.9952437762310266,0.9977714326153174,1.0093221367756815,1.005611620320186,LEG_2_KNEE_DOMINANT
176.90789978624133,1.0081240037233816,-0.0175,0.0175,SUBJECT_V3_ad471db54989e8089535ad63,480,MYOLEG_V3_K0480,0.9958418041045973,0.9977714326153174,1.0081240037233816,1.005611620320186,LEG_2_KNEE_DOMINANT
176.8239634559219,1.0069353071210492,-0.015,0.0175,SUBJECT_V3_ddcc612eb2219f3ae1614c38,481,MYOLEG_V3_K0481,0.996438700694602,0.9977714326153174,1.0069353071210492,1.005611620320186,LEG_2_KNEE_DOMINANT
176.74075829162243,1.0057559745408666,-0.0125,0.0175,SUBJECT_V3_ea6be6e2ce2fe26bdc0431ff,482,MYOLEG_V3_K0482,0.9970351157517676,0.9977714326153174,1.0057559745408666,1.005611620320186,LEG_2_KNEE_DOMINANT
176.65828414838464,1.005611620320186,-0.01,0.0175,SUBJECT_V3_86768ea55a6fcf479215daa9,483,MYOLEG_V3_K0483,0.9976302311427386,0.9977714326153174,1.0045860473165908,1.005611620320186,LEG_2_KNEE_DOMINANT
176.5765353752703,1.005611620320186,-0.0075,0.0175,SUBJECT_V3_8c792ff342eb43687f4132c6,484,MYOLEG_V3_K0484,0.9982250205743677,0.9977714326153174,1.003425435532295,1.005611620320186,LEG_2_KNEE_DOMINANT
176.4955135629975,1.005611620320186,-0.005,0.0175,SUBJECT_V3_7979f522a1347efd616eb1a7,485,MYOLEG_V3_K0485,0.9988188459987042,0.9977714326153174,1.0022741991209712,1.005611620320186,LEG_2_KNEE_DOMINANT
176.41521533171445,1.005611620320186,-0.0025,0.0175,SUBJECT_V3_b24f5a6142d763123e83c809,486,MYOLEG_V3_K0486,0.9994117260283,0.9977714326153174,1.0011323085676296,1.005611620320186,LEG_2_KNEE_DOMINANT
176.33563837223775,1.005611620320186,0.0,0.0175,SUBJECT_V3_2003572dac0fd2fed84b857f,487,MYOLEG_V3_K0487,1.000003618634991,0.9977714326153174,0.9999997510204193,1.005611620320186,LEG_2_KNEE_DOMINANT
176.2568686636241,1.005611620320186,0.0025,0.0175,SUBJECT_V3_b33954341eb7c1f4898267c2,488,MYOLEG_V3_K0488,1.000594929730185,0.9977714326153174,0.9988777375803425,1.005611620320186,LEG_2_KNEE_DOMINANT
176.17872819132936,1.005611620320186,0.005,0.0175,SUBJECT_V3_064f55520591dbabb23d2868,489,MYOLEG_V3_K0489,1.0011851663847293,0.9977714326153174,0.9977638063588313,1.005611620320186,LEG_2_KNEE_DOMINANT
176.10130115651532,1.005611620320186,0.0075,0.0175,SUBJECT_V3_1d03344cfc53d29f101d6f24,490,MYOLEG_V3_K0490,1.001774287776925,0.9977714326153174,0.9966591560680328,1.005611620320186,LEG_2_KNEE_DOMINANT
176.02458471815595,1.005611620320186,0.01,0.0175,SUBJECT_V3_fc3b95e2205ae9d08c20ad49,491,MYOLEG_V3_K0491,1.0023622827681367,0.9977714326153174,0.9955637648684564,1.005611620320186,LEG_2_KNEE_DOMINANT
175.94857456248795,1.005611620320186,0.0125,0.0175,SUBJECT_V3_73afa96d01c1715231439364,492,MYOLEG_V3_K0492,1.0029494531832548,0.9977714326153174,0.9944775804245416,1.005611620320186,LEG_2_KNEE_DOMINANT
175.87327006072707,1.005611620320186,0.015,0.0175,SUBJECT_V3_d9e7659e1585f68725b9293c,493,MYOLEG_V3_K0493,1.0035350251384774,0.9977714326153174,0.9934006351076657,1.005611620320186,LEG_2_KNEE_DOMINANT
175.7986667835518,1.005611620320186,0.0175,0.0175,SUBJECT_V3_3581d961b6c9f9d73c496ec3,494,MYOLEG_V3_K0494,1.0041194912564095,0.9977714326153174,0.992332868767345,1.005611620320186,LEG_2_KNEE_DOMINANT
175.72476085840836,1.005611620320186,0.02,0.0175,SUBJECT_V3_9f3a2d8d08ec623e069a21e1,495,MYOLEG_V3_K0495,1.0047038127572903,0.9977714326153174,0.9912742142778665,1.005611620320186,LEG_2_KNEE_DOMINANT
175.65155439088898,1.005611620320186,0.0225,0.0175,SUBJECT_V3_3aaf53eaa277344e68fe0363,496,MYOLEG_V3_K0496,1.0052856871333455,0.9977714326153174,0.9902247894608376,1.005611620320186,LEG_2_KNEE_DOMINANT
175.57902864592617,1.0058659955037623,0.025,0.0175,SUBJECT_V3_78a5a0f9665bd3bdd89054d8,497,MYOLEG_V3_K0497,1.0058659955037623,0.9977714326153174,0.9891843199335612,1.005611620320186,LEG_2_KNEE_DOMINANT
175.50718535131764,1.0064456352296889,0.0275,0.0175,SUBJECT_V3_43ba2939a56f4ecdeb4b0938,498,MYOLEG_V3_K0498,1.0064456352296889,0.9977714326153174,0.988152818655887,1.005611620320186,LEG_2_KNEE_DOMINANT
175.43602500447653,1.0070249119037034,0.03,0.0175,SUBJECT_V3_e3962a1bfa828370e46be59f,499,MYOLEG_V3_K0499,1.0070249119037034,0.9977714326153174,0.9871302994509921,1.005611620320186,LEG_2_KNEE_DOMINANT
177.41588117363528,1.0142077979694175,-0.03,0.02,SUBJECT_V3_23075fcaf5ace8f72039bb86,500,MYOLEG_V3_K0500,0.9928483348762356,0.9974591744746407,1.0142077979694175,1.0064044915753856,LEG_2_KNEE_DOMINANT
177.3283140031408,1.0129723149610372,-0.0275,0.02,SUBJECT_V3_4152b4e50f29d003e1636a5a,501,MYOLEG_V3_K0501,0.9934497566870002,0.9974591744746407,1.0129723149610372,1.0064044915753856,LEG_2_KNEE_DOMINANT
177.2414796582541,1.0117461892467197,-0.025,0.02,SUBJECT_V3_1713e2846891581eb4064caf,502,MYOLEG_V3_K0502,0.9940486863683912,0.9974591744746407,1.0117461892467197,1.0064044915753856,LEG_2_KNEE_DOMINANT
177.15538371846588,1.0105294404937395,-0.0225,0.02,SUBJECT_V3_f00ac4f3fa504c023617d4e6,503,MYOLEG_V3_K0503,0.9946476957401754,0.9974591744746407,1.0105294404937395,1.0064044915753856,LEG_2_KNEE_DOMINANT
177.07002321835256,1.0093221367756815,-0.02,0.02,SUBJECT_V3_76ec1c05691b7c7761fcb2c3,504,MYOLEG_V3_K0504,0.9952437762310266,0.9974591744746407,1.0093221367756815,1.0064044915753856,LEG_2_KNEE_DOMINANT
176.98538764403614,1.0081240037233816,-0.0175,0.02,SUBJECT_V3_453e99499c4ff5c0fc75526c,505,MYOLEG_V3_K0505,0.9958418041045973,0.9974591744746407,1.0081240037233816,1.0064044915753856,LEG_2_KNEE_DOMINANT
176.9014880802085,1.0069353071210492,-0.015,0.02,SUBJECT_V3_8e232f405ef6893ecb5dfb30,506,MYOLEG_V3_K0506,0.996438700694602,0.9974591744746407,1.0069353071210492,1.0064044915753856,LEG_2_KNEE_DOMINANT
176.81831939657337,1.0064044915753856,-0.0125,0.02,SUBJECT_V3_ac5ca194027f7974fd003237,507,MYOLEG_V3_K0507,0.9970351157517676,0.9974591744746407,1.0057559745408666,1.0064044915753856,LEG_2_KNEE_DOMINANT
176.73588144737997,1.0064044915753856,-0.01,0.02,SUBJECT_V3_8458e37d82fc55e6bc525ec4,508,MYOLEG_V3_K0508,0.9976302311427386,0.9974591744746407,1.0045860473165908,1.0064044915753856,LEG_2_KNEE_DOMINANT
176.6541685833228,1.0064044915753856,-0.0075,0.02,SUBJECT_V3_78f1737f09381b1c4e14a032,509,MYOLEG_V3_K0509,0.9982250205743677,0.9974591744746407,1.003425435532295,1.0064044915753856,LEG_2_KNEE_DOMINANT
176.57318239358202,1.0064044915753856,-0.005,0.02,SUBJECT_V3_3dc5ec9265085b54bf1f16a4,510,MYOLEG_V3_K0510,0.9988188459987042,0.9974591744746407,1.0022741991209712,1.0064044915753856,LEG_2_KNEE_DOMINANT
176.49291949895925,1.0064044915753856,-0.0025,0.02,SUBJECT_V3_c976625d97147cdd6b22fb10,511,MYOLEG_V3_K0511,0.9994117260283,0.9974591744746407,1.0011323085676296,1.0064044915753856,LEG_2_KNEE_DOMINANT
176.41337759046377,1.0064044915753856,0.0,0.02,SUBJECT_V3_9a83c3e9c047f27397ecc0aa,512,MYOLEG_V3_K0512,1.000003618634991,0.9974591744746407,0.9999997510204193,1.0064044915753856,LEG_2_KNEE_DOMINANT
176.33464260841365,1.0064044915753856,0.0025,0.02,SUBJECT_V3_54fe3d20233213b07ae55cbf,513,MYOLEG_V3_K0513,1.000594929730185,0.9974591744746407,0.9988777375803425,1.0064044915753856,LEG_2_KNEE_DOMINANT
176.2565366159373,1.0064044915753856,0.005,0.02,SUBJECT_V3_4dee59569131c02e01b1e9e2,514,MYOLEG_V3_K0514,1.0011851663847293,0.9974591744746407,0.9977638063588313,1.0064044915753856,LEG_2_KNEE_DOMINANT
176.17914377629563,1.0064044915753856,0.0075,0.02,SUBJECT_V3_3ec1ba00e7229ca252175ede,515,MYOLEG_V3_K0515,1.001774287776925,0.9974591744746407,0.9966591560680328,1.0064044915753856,LEG_2_KNEE_DOMINANT
176.10246124892805,1.0064044915753856,0.01,0.02,SUBJECT_V3_82ed48b83f5751c31b8d7029,516,MYOLEG_V3_K0516,1.0023622827681367,0.9974591744746407,0.9955637648684564,1.0064044915753856,LEG_2_KNEE_DOMINANT
176.02648472119847,1.0064044915753856,0.0125,0.02,SUBJECT_V3_6a56a345695d2277bb35a171,517,MYOLEG_V3_K0517,1.0029494531832548,0.9974591744746407,0.9944775804245416,1.0064044915753856,LEG_2_KNEE_DOMINANT
175.95121356382958,1.0064044915753856,0.015,0.02,SUBJECT_V3_ca816b73255fe0ad2b642a7e,518,MYOLEG_V3_K0518,1.0035350251384774,0.9974591744746407,0.9934006351076657,1.0064044915753856,LEG_2_KNEE_DOMINANT
175.8766433486983,1.0064044915753856,0.0175,0.02,SUBJECT_V3_9f67e1a7e81cd4dd18c05d45,519,MYOLEG_V3_K0519,1.0041194912564095,0.9974591744746407,0.992332868767345,1.0064044915753856,LEG_2_KNEE_DOMINANT
175.8027702042142,1.0064044915753856,0.02,0.02,SUBJECT_V3_f977fe94d80e33115e3813b6,520,MYOLEG_V3_K0520,1.0047038127572903,0.9974591744746407,0.9912742142778665,1.0064044915753856,LEG_2_KNEE_DOMINANT
175.72959623428935,1.0064044915753856,0.0225,0.02,SUBJECT_V3_ad201f816b6bdede548c217e,521,MYOLEG_V3_K0521,1.0052856871333455,0.9974591744746407,0.9902247894608376,1.0064044915753856,LEG_2_KNEE_DOMINANT
175.65710271144147,1.0064044915753856,0.025,0.02,SUBJECT_V3_d16b38df7a88e64096bd6185,522,MYOLEG_V3_K0522,1.0058659955037623,0.9974591744746407,0.9891843199335612,1.0064044915753856,LEG_2_KNEE_DOMINANT
175.58529136198368,1.0064456352296889,0.0275,0.02,SUBJECT_V3_028c18a2a3a85dd553020ae5,523,MYOLEG_V3_K0523,1.0064456352296889,0.9974591744746407,0.988152818655887,1.0064044915753856,LEG_2_KNEE_DOMINANT
175.5141626823951,1.0070249119037034,0.03,0.02,SUBJECT_V3_3901e07f8c6fb734f4b19776,524,MYOLEG_V3_K0524,1.0070249119037034,0.9974591744746407,0.9871302994509921,1.0064044915753856,LEG_2_KNEE_DOMINANT
177.49299450995403,1.0142077979694175,-0.03,0.0225,SUBJECT_V3_a60f6a2d7d7c54834a1523da,525,MYOLEG_V3_K0525,0.9928483348762356,0.9971487919833927,1.0142077979694175,1.0071951404856336,LEG_2_KNEE_DOMINANT
177.4054654025338,1.0129723149610372,-0.0275,0.0225,SUBJECT_V3_a486b3707a77c5690465c887,526,MYOLEG_V3_K0526,0.9934497566870002,0.9971487919833927,1.0129723149610372,1.0071951404856336,LEG_2_KNEE_DOMINANT
177.31866883929735,1.0117461892467197,-0.025,0.0225,SUBJECT_V3_db2c7125ee205e282f94509c,527,MYOLEG_V3_K0527,0.9940486863683912,0.9971487919833927,1.0117461892467197,1.0071951404856336,LEG_2_KNEE_DOMINANT
177.23261039642222,1.0105294404937395,-0.0225,0.0225,SUBJECT_V3_8c59a15a5f2f0dc3be8dc824,528,MYOLEG_V3_K0528,0.9946476957401754,0.9971487919833927,1.0105294404937395,1.0071951404856336,LEG_2_KNEE_DOMINANT
177.14728710889426,1.0093221367756815,-0.02,0.0225,SUBJECT_V3_4b895611d7bc72304cf9384c,529,MYOLEG_V3_K0529,0.9952437762310266,0.9971487919833927,1.0093221367756815,1.0071951404856336,LEG_2_KNEE_DOMINANT
177.06268846655087,1.0081240037233816,-0.0175,0.0225,SUBJECT_V3_c4af7997ecadb831804a9a7e,530,MYOLEG_V3_K0530,0.9958418041045973,0.9971487919833927,1.0081240037233816,1.0071951404856336,LEG_2_KNEE_DOMINANT
176.97882554838375,1.0071951404856336,-0.015,0.0225,SUBJECT_V3_75a50ad49a4286632eb0bf1d,531,MYOLEG_V3_K0531,0.996438700694602,0.9971487919833927,1.0069353071210492,1.0071951404856336,LEG_2_KNEE_DOMINANT
176.89569322547607,1.0071951404856336,-0.0125,0.0225,SUBJECT_V3_7bd7e6590f9430803201b93a,532,MYOLEG_V3_K0532,0.9970351157517676,0.9971487919833927,1.0057559745408666,1.0071951404856336,LEG_2_KNEE_DOMINANT
176.81329135128797,1.0071951404856336,-0.01,0.0225,SUBJECT_V3_7993218146a35ba3579eed42,533,MYOLEG_V3_K0533,0.9976302311427386,0.9971487919833927,1.0045860473165908,1.0071951404856336,LEG_2_KNEE_DOMINANT
176.73161427814247,1.0071951404856336,-0.0075,0.0225,SUBJECT_V3_d768512bcd010857590bd572,534,MYOLEG_V3_K0534,0.9982250205743677,0.9971487919833927,1.003425435532295,1.0071951404856336,LEG_2_KNEE_DOMINANT
176.65066359368785,1.0071951404856336,-0.005,0.0225,SUBJECT_V3_9ab534ea3a5d6d403e9b9ee1,535,MYOLEG_V3_K0535,0.9988188459987042,0.9971487919833927,1.0022741991209712,1.0071951404856336,LEG_2_KNEE_DOMINANT
176.57043591937813,1.0071951404856336,-0.0025,0.0225,SUBJECT_V3_53d6d30ffd2997b733ddf454,536,MYOLEG_V3_K0536,0.9994117260283,0.9971487919833927,1.0011323085676296,1.0071951404856336,LEG_2_KNEE_DOMINANT
176.49092894641538,1.0071951404856336,0.0,0.0225,SUBJECT_V3_dffb6effdc65766e6a9b7df3,537,MYOLEG_V3_K0537,1.000003618634991,0.9971487919833927,0.9999997510204193,1.0071951404856336,LEG_2_KNEE_DOMINANT
176.41222857650789,1.0071951404856336,0.0025,0.0225,SUBJECT_V3_aeaf4948f584766842a0e61e,538,MYOLEG_V3_K0538,1.000594929730185,0.9971487919833927,0.9988777375803425,1.0071951404856336,LEG_2_KNEE_DOMINANT
176.33415695020165,1.0071951404856336,0.005,0.0225,SUBJECT_V3_67f36672be455af7bb392933,539,MYOLEG_V3_K0539,1.0011851663847293,0.9971487919833927,0.9977638063588313,1.0071951404856336,LEG_2_KNEE_DOMINANT
176.25679819298247,1.0071951404856336,0.0075,0.0225,SUBJECT_V3_74ecb9392403aee4a7619d18,540,MYOLEG_V3_K0540,1.001774287776925,0.9971487919833927,0.9966591560680328,1.0071951404856336,LEG_2_KNEE_DOMINANT
176.1801494647547,1.0071951404856336,0.01,0.0225,SUBJECT_V3_6bdd85214d6a8eaf546cf322,541,MYOLEG_V3_K0541,1.0023622827681367,0.9971487919833927,0.9955637648684564,1.0071951404856336,LEG_2_KNEE_DOMINANT
176.10420645400671,1.0071951404856336,0.0125,0.0225,SUBJECT_V3_cb27a2fad20c855447c0742d,542,MYOLEG_V3_K0542,1.0029494531832548,0.9971487919833927,0.9944775804245416,1.0071951404856336,LEG_2_KNEE_DOMINANT
176.0289685309707,1.0071951404856336,0.015,0.0225,SUBJECT_V3_77316943af5596f6d11da541,543,MYOLEG_V3_K0543,1.0035350251384774,0.9971487919833927,0.9934006351076657,1.0071951404856336,LEG_2_KNEE_DOMINANT
175.9544312687189,1.0071951404856336,0.0175,0.0225,SUBJECT_V3_59105832f2a949d6552e5f23,544,MYOLEG_V3_K0544,1.0041194912564095,0.9971487919833927,0.992332868767345,1.0071951404856336,LEG_2_KNEE_DOMINANT
175.88059079662213,1.0071951404856336,0.02,0.0225,SUBJECT_V3_42d02df432038952cc90648b,545,MYOLEG_V3_K0545,1.0047038127572903,0.9971487919833927,0.9912742142778665,1.0071951404856336,LEG_2_KNEE_DOMINANT
175.80744921691874,1.0071951404856336,0.0225,0.0225,SUBJECT_V3_6bc9a21281309e800d8269b9,546,MYOLEG_V3_K0546,1.0052856871333455,0.9971487919833927,0.9902247894608376,1.0071951404856336,LEG_2_KNEE_DOMINANT
175.73498780968745,1.0071951404856336,0.025,0.0225,SUBJECT_V3_8a40ae3a30ea0d361c166fb5,547,MYOLEG_V3_K0547,1.0058659955037623,0.9971487919833927,0.9891843199335612,1.0071951404856336,LEG_2_KNEE_DOMINANT
175.66320829976266,1.0071951404856336,0.0275,0.0225,SUBJECT_V3_f651ecc92286d4ce5a4cce71,548,MYOLEG_V3_K0548,1.0064456352296889,0.9971487919833927,0.988152818655887,1.0071951404856336,LEG_2_KNEE_DOMINANT
175.5921111826934,1.0071951404856336,0.03,0.0225,SUBJECT_V3_e991cf21e703a9c42dfe228e,549,MYOLEG_V3_K0549,1.0070249119037034,0.9971487919833927,0.9871302994509921,1.0071951404856336,LEG_2_KNEE_DOMINANT
177.5699263185868,1.0142077979694175,-0.03,0.025,SUBJECT_V3_7e6d2dc76930487285111ec2,550,MYOLEG_V3_K0550,0.9928483348762356,0.9968403016141694,1.0142077979694175,1.007983619110148,LEG_2_KNEE_DOMINANT
177.4824351516718,1.0129723149610372,-0.0275,0.025,SUBJECT_V3_5eb24958b866c9a4cf888594,551,MYOLEG_V3_K0551,0.9934497566870002,0.9968403016141694,1.0129723149610372,1.007983619110148,LEG_2_KNEE_DOMINANT
177.3956762483747,1.0117461892467197,-0.025,0.025,SUBJECT_V3_ce44f41fcfe6a4627304175f,552,MYOLEG_V3_K0552,0.9940486863683912,0.9968403016141694,1.0117461892467197,1.007983619110148,LEG_2_KNEE_DOMINANT
177.30965518157143,1.0105294404937395,-0.0225,0.025,SUBJECT_V3_bea7edeb49defe07d011b3e3,553,MYOLEG_V3_K0553,0.9946476957401754,0.9968403016141694,1.0105294404937395,1.007983619110148,LEG_2_KNEE_DOMINANT
177.2243689866571,1.0093221367756815,-0.02,0.025,SUBJECT_V3_446b294d35f0f24e515ca7bc,554,MYOLEG_V3_K0554,0.9952437762310266,0.9968403016141694,1.0093221367756815,1.007983619110148,LEG_2_KNEE_DOMINANT
177.13980715717352,1.0081240037233816,-0.0175,0.025,SUBJECT_V3_b820936bcc83a943d3b076c1,555,MYOLEG_V3_K0555,0.9958418041045973,0.9968403016141694,1.0081240037233816,1.007983619110148,LEG_2_KNEE_DOMINANT
177.05598076643167,1.007983619110148,-0.015,0.025,SUBJECT_V3_16fd87687c39a633a51397f8,556,MYOLEG_V3_K0556,0.996438700694602,0.9968403016141694,1.0069353071210492,1.007983619110148,LEG_2_KNEE_DOMINANT
176.9728846868907,1.007983619110148,-0.0125,0.025,SUBJECT_V3_c4a9396e6ca51131dd02eb50,557,MYOLEG_V3_K0557,0.9970351157517676,0.9968403016141694,1.0057559745408666,1.007983619110148,LEG_2_KNEE_DOMINANT
176.89051877122532,1.007983619110148,-0.01,0.025,SUBJECT_V3_0ec64ee86cba706417d2b6d5,558,MYOLEG_V3_K0558,0.9976302311427386,0.9968403016141694,1.0045860473165908,1.007983619110148,LEG_2_KNEE_DOMINANT
176.80887737338278,1.007983619110148,-0.0075,0.025,SUBJECT_V3_72e6fd341c617da6bafe1885,559,MYOLEG_V3_K0559,0.9982250205743677,0.9968403016141694,1.003425435532295,1.007983619110148,LEG_2_KNEE_DOMINANT
176.72796207948545,1.007983619110148,-0.005,0.025,SUBJECT_V3_97b347fbff79a1ccf973f740,560,MYOLEG_V3_K0560,0.9988188459987042,0.9968403016141694,1.0022741991209712,1.007983619110148,LEG_2_KNEE_DOMINANT
176.6477695116386,1.007983619110148,-0.0025,0.025,SUBJECT_V3_9df3dc6363f3f40b8056f82a,561,MYOLEG_V3_K0561,0.9994117260283,0.9968403016141694,1.0011323085676296,1.007983619110148,LEG_2_KNEE_DOMINANT
176.5682973612376,1.007983619110148,0.0,0.025,SUBJECT_V3_929cfafe6544f1dd7d970507,562,MYOLEG_V3_K0562,1.000003618634991,0.9968403016141694,0.9999997510204193,1.007983619110148,LEG_2_KNEE_DOMINANT
176.48963149150674,1.007983619110148,0.0025,0.025,SUBJECT_V3_0f81b7f2e178f2336530cd47,563,MYOLEG_V3_K0563,1.000594929730185,0.9968403016141694,0.9988777375803425,1.007983619110148,LEG_2_KNEE_DOMINANT
176.41159412016015,1.007983619110148,0.005,0.025,SUBJECT_V3_8761945bf171969f29dc6dc6,564,MYOLEG_V3_K0564,1.0011851663847293,0.9968403016141694,0.9977638063588313,1.007983619110148,LEG_2_KNEE_DOMINANT
176.33426933503173,1.007983619110148,0.0075,0.025,SUBJECT_V3_9c1b9e64d93c188696d0e8d9,565,MYOLEG_V3_K0565,1.001774287776925,0.9968403016141694,0.9966591560680328,1.007983619110148,LEG_2_KNEE_DOMINANT
176.25765429649027,1.007983619110148,0.01,0.025,SUBJECT_V3_4b87e23d1c5c91dece3594bf,566,MYOLEG_V3_K0566,1.0023622827681367,0.9968403016141694,0.9955637648684564,1.007983619110148,LEG_2_KNEE_DOMINANT
176.18174469414586,1.007983619110148,0.0125,0.025,SUBJECT_V3_5ca38725d7f991bde357c765,567,MYOLEG_V3_K0567,1.0029494531832548,0.9968403016141694,0.9944775804245416,1.007983619110148,LEG_2_KNEE_DOMINANT
176.10653989774272,1.007983619110148,0.015,0.025,SUBJECT_V3_4b1a8c55f2c54eb056ed914a,568,MYOLEG_V3_K0568,1.0035350251384774,0.9968403016141694,0.9934006351076657,1.007983619110148,LEG_2_KNEE_DOMINANT
176.0320354815455,1.007983619110148,0.0175,0.025,SUBJECT_V3_6a6e2d8bb62136908603c6f8,569,MYOLEG_V3_K0569,1.0041194912564095,0.9968403016141694,0.992332868767345,1.007983619110148,LEG_2_KNEE_DOMINANT
175.9582275758841,1.007983619110148,0.02,0.025,SUBJECT_V3_ba523f0fa8f55762a4492bed,570,MYOLEG_V3_K0570,1.0047038127572903,0.9968403016141694,0.9912742142778665,1.007983619110148,LEG_2_KNEE_DOMINANT
175.88511828132943,1.007983619110148,0.0225,0.025,SUBJECT_V3_521eff33c4fe1786cc33af16,571,MYOLEG_V3_K0571,1.0052856871333455,0.9968403016141694,0.9902247894608376,1.007983619110148,LEG_2_KNEE_DOMINANT
175.8126888854976,1.007983619110148,0.025,0.025,SUBJECT_V3_b583f2e3edd5dc6d1d4cf1c9,572,MYOLEG_V3_K0572,1.0058659955037623,0.9968403016141694,0.9891843199335612,1.007983619110148,LEG_2_KNEE_DOMINANT
175.74094111175,1.007983619110148,0.0275,0.025,SUBJECT_V3_f26c5d21483c91686c9b68c8,573,MYOLEG_V3_K0573,1.0064456352296889,0.9968403016141694,0.988152818655887,1.007983619110148,LEG_2_KNEE_DOMINANT
175.66987545470946,1.007983619110148,0.03,0.025,SUBJECT_V3_2cda383aa3c71ba38b4fc49e,574,MYOLEG_V3_K0574,1.0070249119037034,0.9968403016141694,0.9871302994509921,1.007983619110148,LEG_2_KNEE_DOMINANT
177.64667965731644,1.0142077979694175,-0.03,0.0275,SUBJECT_V3_d5da6ec1690d2940f26bef5a,575,MYOLEG_V3_K0575,0.9928483348762356,0.9965336261888096,1.0142077979694175,1.008769963048159,LEG_2_KNEE_DOMINANT
177.55922631011956,1.0129723149610372,-0.0275,0.0275,SUBJECT_V3_4968258f74db41c01070b070,576,MYOLEG_V3_K0576,0.9934497566870002,0.9965336261888096,1.0129723149610372,1.008769963048159,LEG_2_KNEE_DOMINANT
177.47250494681995,1.0117461892467197,-0.025,0.0275,SUBJECT_V3_03fe68fcb83205ee1558f4d7,577,MYOLEG_V3_K0577,0.9940486863683912,0.9965336261888096,1.0117461892467197,1.008769963048159,LEG_2_KNEE_DOMINANT
177.3865211370036,1.0105294404937395,-0.0225,0.0275,SUBJECT_V3_b5b47230799de827acab93f1,578,MYOLEG_V3_K0578,0.9946476957401754,0.9965336261888096,1.0105294404937395,1.008769963048159,LEG_2_KNEE_DOMINANT
177.30127191647455,1.0093221367756815,-0.02,0.0275,SUBJECT_V3_1c468be442faa7886e628506,579,MYOLEG_V3_K0579,0.9952437762310266,0.9965336261888096,1.0093221367756815,1.008769963048159,LEG_2_KNEE_DOMINANT
177.21674678246828,1.008769963048159,-0.0175,0.0275,SUBJECT_V3_a7ee43c07069a3a5037ef41b,580,MYOLEG_V3_K0580,0.9958418041045973,0.9965336261888096,1.0081240037233816,1.008769963048159,LEG_2_KNEE_DOMINANT
177.13295680263423,1.008769963048159,-0.015,0.0275,SUBJECT_V3_5430a9c293adfb3f5fb07ed1,581,MYOLEG_V3_K0581,0.996438700694602,0.9965336261888096,1.0069353071210492,1.008769963048159,LEG_2_KNEE_DOMINANT
177.04989685080412,1.008769963048159,-0.0125,0.0275,SUBJECT_V3_61e669fd7faab1f63d114256,582,MYOLEG_V3_K0582,0.9970351157517676,0.9965336261888096,1.0057559745408666,1.008769963048159,LEG_2_KNEE_DOMINANT
176.96756677887075,1.008769963048159,-0.01,0.0275,SUBJECT_V3_0f26e37e0a11c9092c000565,583,MYOLEG_V3_K0583,0.9976302311427386,0.9965336261888096,1.0045860473165908,1.008769963048159,LEG_2_KNEE_DOMINANT
176.88596094240143,1.008769963048159,-0.0075,0.0275,SUBJECT_V3_5a005a392839ab40ee0d148e,584,MYOLEG_V3_K0584,0.9982250205743677,0.9965336261888096,1.003425435532295,1.008769963048159,LEG_2_KNEE_DOMINANT
176.8050809259986,1.008769963048159,-0.005,0.0275,SUBJECT_V3_e4d8efdba19302d2c7095a03,585,MYOLEG_V3_K0585,0.9988188459987042,0.9965336261888096,1.0022741991209712,1.008769963048159,LEG_2_KNEE_DOMINANT
176.72492335241753,1.008769963048159,-0.0025,0.0275,SUBJECT_V3_ddb73680d46f93889e7d78fb,586,MYOLEG_V3_K0586,0.9994117260283,0.9965336261888096,1.0011323085676296,1.008769963048159,LEG_2_KNEE_DOMINANT
176.64548591324737,1.008769963048159,0.0,0.0275,SUBJECT_V3_559d9697f17b276cc9aa2628,587,MYOLEG_V3_K0587,1.000003618634991,0.9965336261888096,0.9999997510204193,1.008769963048159,LEG_2_KNEE_DOMINANT
176.56685443335255,1.008769963048159,0.0025,0.0275,SUBJECT_V3_c380a05a6f8a081ae9780640,588,MYOLEG_V3_K0588,1.000594929730185,0.9965336261888096,0.9988777375803425,1.008769963048159,LEG_2_KNEE_DOMINANT
176.48885120736944,1.008769963048159,0.005,0.0275,SUBJECT_V3_7fb8e114abc41ac3470c521f,589,MYOLEG_V3_K0589,1.0011851663847293,0.9965336261888096,0.9977638063588313,1.008769963048159,LEG_2_KNEE_DOMINANT
176.4115602856014,1.008769963048159,0.0075,0.0275,SUBJECT_V3_9dca423f6bf235fe34c3edef,590,MYOLEG_V3_K0590,1.001774287776925,0.9965336261888096,0.9966591560680328,1.008769963048159,LEG_2_KNEE_DOMINANT
176.33497882888108,1.008769963048159,0.01,0.0275,SUBJECT_V3_36f47abd90d9c4a2a7cd3fdc,591,MYOLEG_V3_K0591,1.0023622827681367,0.9965336261888096,0.9955637648684564,1.008769963048159,LEG_2_KNEE_DOMINANT
176.2591025279377,1.008769963048159,0.0125,0.0275,SUBJECT_V3_e33cb0ec221c53d6dae3febb,592,MYOLEG_V3_K0592,1.0029494531832548,0.9965336261888096,0.9944775804245416,1.008769963048159,LEG_2_KNEE_DOMINANT
176.18393075203002,1.008769963048159,0.015,0.0275,SUBJECT_V3_901b59430cf40b0d132c5ec0,593,MYOLEG_V3_K0593,1.0035350251384774,0.9965336261888096,0.9934006351076657,1.008769963048159,LEG_2_KNEE_DOMINANT
176.10945907661224,1.008769963048159,0.0175,0.0275,SUBJECT_V3_5e6d8670ea4d7c681acdfd2b,594,MYOLEG_V3_K0594,1.0041194912564095,0.9965336261888096,0.992332868767345,1.008769963048159,LEG_2_KNEE_DOMINANT
176.0356836329711,1.008769963048159,0.02,0.0275,SUBJECT_V3_009938bd6064710f5dc738d4,595,MYOLEG_V3_K0595,1.0047038127572903,0.9965336261888096,0.9912742142778665,1.008769963048159,LEG_2_KNEE_DOMINANT
175.96260652001635,1.008769963048159,0.0225,0.0275,SUBJECT_V3_92706c71a0c2374226812a51,596,MYOLEG_V3_K0596,1.0052856871333455,0.9965336261888096,0.9902247894608376,1.008769963048159,LEG_2_KNEE_DOMINANT
175.89020903287835,1.008769963048159,0.025,0.0275,SUBJECT_V3_b221b98b659eaa67b06fb46f,597,MYOLEG_V3_K0597,1.0058659955037623,0.9965336261888096,0.9891843199335612,1.008769963048159,LEG_2_KNEE_DOMINANT
175.8184928934509,1.008769963048159,0.0275,0.0275,SUBJECT_V3_8b338227b1f72fd2f3f53bba,598,MYOLEG_V3_K0598,1.0064456352296889,0.9965336261888096,0.988152818655887,1.008769963048159,LEG_2_KNEE_DOMINANT
175.74745859543458,1.008769963048159,0.03,0.0275,SUBJECT_V3_d0f5605659861ed76eb983c4,599,MYOLEG_V3_K0599,1.0070249119037034,0.9965336261888096,0.9871302994509921,1.008769963048159,LEG_2_KNEE_DOMINANT
177.7232649148008,1.0142077979694175,-0.03,0.03,SUBJECT_V3_808db391e5d3f4b6b2d60046,600,MYOLEG_V3_K0600,0.9928483348762356,0.9962290377581524,1.0142077979694175,1.0095542739312384,LEG_2_KNEE_DOMINANT
177.63584927191778,1.0129723149610372,-0.0275,0.03,SUBJECT_V3_1e7250b15327e3d7ce683e77,601,MYOLEG_V3_K0601,0.9934497566870002,0.9962290377581524,1.0129723149610372,1.0095542739312384,LEG_2_KNEE_DOMINANT
177.5491653340175,1.0117461892467197,-0.025,0.03,SUBJECT_V3_72144691fd8e78d119e12154,602,MYOLEG_V3_K0602,0.9940486863683912,0.9962290377581524,1.0117461892467197,1.0095542739312384,LEG_2_KNEE_DOMINANT
177.4632186674069,1.0105294404937395,-0.0225,0.03,SUBJECT_V3_2ad392f6542ba6a5f9dd2d80,603,MYOLEG_V3_K0603,0.9946476957401754,0.9962290377581524,1.0105294404937395,1.0095542739312384,LEG_2_KNEE_DOMINANT
177.37800630829884,1.0095542739312384,-0.02,0.03,SUBJECT_V3_0da7ef6677e6483b23458ee5,604,MYOLEG_V3_K0604,0.9952437762310266,0.9962290377581524,1.0093221367756815,1.0095542739312384,LEG_2_KNEE_DOMINANT
177.29351775761214,1.0095542739312384,-0.0175,0.03,SUBJECT_V3_6276f616ae8b3c297e71fad1,605,MYOLEG_V3_K0605,0.9958418041045973,0.9962290377581524,1.0081240037233816,1.0095542739312384,LEG_2_KNEE_DOMINANT
177.20976407735307,1.0095542739312384,-0.015,0.03,SUBJECT_V3_ea130e3dae8c8919e0bbbb51,606,MYOLEG_V3_K0606,0.996438700694602,0.9962290377581524,1.0069353071210492,1.0095542739312384,LEG_2_KNEE_DOMINANT
177.12674014272272,1.0095542739312384,-0.0125,0.03,SUBJECT_V3_96786d4d5b64f7509c1f21bd,607,MYOLEG_V3_K0607,0.9970351157517676,0.9962290377581524,1.0057559745408666,1.0095542739312384,LEG_2_KNEE_DOMINANT
177.0444458048355,1.0095542739312384,-0.01,0.03,SUBJECT_V3_af54829344d95b3794fd33da,608,MYOLEG_V3_K0608,0.9976302311427386,0.9962290377581524,1.0045860473165908,1.0095542739312384,LEG_2_KNEE_DOMINANT
176.96287542087467,1.0095542739312384,-0.0075,0.03,SUBJECT_V3_f330136e089b71fded630492,609,MYOLEG_V3_K0609,0.9982250205743677,0.9962290377581524,1.003425435532295,1.0095542739312384,LEG_2_KNEE_DOMINANT
176.88203057392846,1.0095542739312384,-0.005,0.03,SUBJECT_V3_7b03a3b43345955d754ef137,610,MYOLEG_V3_K0610,0.9988188459987042,0.9962290377581524,1.0022741991209712,1.0095542739312384,LEG_2_KNEE_DOMINANT
176.8019078874012,1.0095542739312384,-0.0025,0.03,SUBJECT_V3_84b046d2bc13390336b7e5e5,611,MYOLEG_V3_K0611,0.9994117260283,0.9962290377581524,1.0011323085676296,1.0095542739312384,LEG_2_KNEE_DOMINANT
176.72250505307616,1.0095542739312384,0.0,0.03,SUBJECT_V3_54a9f05e69d300e287c335f8,612,MYOLEG_V3_K0612,1.000003618634991,0.9962290377581524,0.9999997510204193,1.0095542739312384,LEG_2_KNEE_DOMINANT
176.64390785757647,1.0095542739312384,0.0025,0.03,SUBJECT_V3_169666e6ccf46b150a163257,613,MYOLEG_V3_K0613,1.000594929730185,0.9962290377581524,0.9988777375803425,1.0095542739312384,LEG_2_KNEE_DOMINANT
176.56593867222588,1.0095542739312384,0.005,0.03,SUBJECT_V3_88937c02c2b2e5817ad758d8,614,MYOLEG_V3_K0614,1.0011851663847293,0.9962290377581524,0.9977638063588313,1.0095542739312384,LEG_2_KNEE_DOMINANT
176.48868150991336,1.0095542739312384,0.0075,0.03,SUBJECT_V3_5534dbe0102cf7a7cc81069f,615,MYOLEG_V3_K0615,1.001774287776925,0.9962290377581524,0.9966591560680328,1.0095542739312384,LEG_2_KNEE_DOMINANT
176.41213353193478,1.0095542739312384,0.01,0.03,SUBJECT_V3_0efc400a8312826d131465eb,616,MYOLEG_V3_K0616,1.0023622827681367,0.9962290377581524,0.9955637648684564,1.0095542739312384,LEG_2_KNEE_DOMINANT
176.3362904301361,1.0095542739312384,0.0125,0.03,SUBJECT_V3_1b19fae9b7ae21020bc2a052,617,MYOLEG_V3_K0617,1.0029494531832548,0.9962290377581524,0.9944775804245416,1.0095542739312384,LEG_2_KNEE_DOMINANT
176.26115157329298,1.0095542739312384,0.015,0.03,SUBJECT_V3_b36aa2ff7c76797d3103ac60,618,MYOLEG_V3_K0618,1.0035350251384774,0.9962290377581524,0.9934006351076657,1.0095542739312384,LEG_2_KNEE_DOMINANT
176.18671253804644,1.0095542739312384,0.0175,0.03,SUBJECT_V3_400ba28a0172a4fd1634cca2,619,MYOLEG_V3_K0619,1.0041194912564095,0.9962290377581524,0.992332868767345,1.0095542739312384,LEG_2_KNEE_DOMINANT
176.11296945663807,1.0095542739312384,0.02,0.03,SUBJECT_V3_27156f830401e51c45b86176,620,MYOLEG_V3_K0620,1.0047038127572903,0.9962290377581524,0.9912742142778665,1.0095542739312384,LEG_2_KNEE_DOMINANT
176.03992442632253,1.0095542739312384,0.0225,0.03,SUBJECT_V3_9ee8dc2d54bf48f005480372,621,MYOLEG_V3_K0621,1.0052856871333455,0.9962290377581524,0.9902247894608376,1.0095542739312384,LEG_2_KNEE_DOMINANT
175.96755874972206,1.0095542739312384,0.025,0.03,SUBJECT_V3_2a990964ca0141394f6ca306,622,MYOLEG_V3_K0622,1.0058659955037623,0.9962290377581524,0.9891843199335612,1.0095542739312384,LEG_2_KNEE_DOMINANT
175.89587414726842,1.0095542739312384,0.0275,0.03,SUBJECT_V3_b6be7719799ee96eb93b6d55,623,MYOLEG_V3_K0623,1.0064456352296889,0.9962290377581524,0.988152818655887,1.0095542739312384,LEG_2_KNEE_DOMINANT
175.82487111174356,1.0095542739312384,0.03,0.03,SUBJECT_V3_fb4b0650cbfb43e0c560a8d6,624,MYOLEG_V3_K0624,1.0070249119037034,0.9962290377581524,0.9871302994509921,1.0095542739312384,LEG_2_KNEE_DOMINANT
319.72147307865356,1.013556242469001,-0.03,-0.03,SUBJECT_V3_155480311924374fb25f39bb,0,MYOLEG_V3_K0000,0.9992789458319817,1.0005391731486635,1.013556242469001,0.9900343178938803,LEG_3_NONLINEAR_COUPLED
319.61247830829086,1.012368175796792,-0.0275,-0.03,SUBJECT_V3_64e74cf215b9b9e501908b88,1,MYOLEG_V3_K0001,0.9993386813965298,1.0005391731486635,1.012368175796792,0.9900343178938803,LEG_3_NONLINEAR_COUPLED
319.50458093466136,1.0111908225487887,-0.025,-0.03,SUBJECT_V3_f87c283bb0cc4cb5c84e19e5,2,MYOLEG_V3_K0002,0.9993984479884196,1.0005391731486635,1.0111908225487887,0.9900343178938803,LEG_3_NONLINEAR_COUPLED
319.397779749014,1.0100241697269678,-0.0225,-0.03,SUBJECT_V3_3b31f5dc4ec5344f9da9a9f0,3,MYOLEG_V3_K0003,0.9994583070898231,1.0005391731486635,1.0100241697269678,0.9900343178938803,LEG_3_NONLINEAR_COUPLED
319.2920680521106,1.0088682045766433,-0.02,-0.03,SUBJECT_V3_2872c50ac99a293192fa45da,4,MYOLEG_V3_K0004,0.9995181782127479,1.0005391731486635,1.0088682045766433,0.9900343178938803,LEG_3_NONLINEAR_COUPLED
319.18743928092124,1.007722817213659,-0.0175,-0.03,SUBJECT_V3_254aba88e98b3f76adb88012,5,MYOLEG_V3_K0005,0.9995782162876052,1.0005391731486635,1.007722817213659,0.9900343178938803,LEG_3_NONLINEAR_COUPLED
319.0838909742964,1.0065880546968728,-0.015,-0.03,SUBJECT_V3_bd1086e08eb30971ecfb1ab9,6,MYOLEG_V3_K0006,0.9996383047947633,1.0005391731486635,1.0065880546968728,0.9900343178938803,LEG_3_NONLINEAR_COUPLED
318.98141613427475,1.0054638566731693,-0.0125,-0.03,SUBJECT_V3_d556215684a0d4314eaca929,7,MYOLEG_V3_K0007,0.9996984674875931,1.0005391731486635,1.0054638566731693,0.9900343178938803,LEG_3_NONLINEAR_COUPLED
318.8800088908273,1.0043501964641983,-0.01,-0.03,SUBJECT_V3_0203f3603ef4e4272838fb7f,8,MYOLEG_V3_K0008,0.9997586757789991,1.0005391731486635,1.0043501964641983,0.9900343178938803,LEG_3_NONLINEAR_COUPLED
318.7796623886932,1.0032470088640724,-0.0075,-0.03,SUBJECT_V3_68677e0e23219b6de040450a,9,MYOLEG_V3_K0009,0.9998189670062219,1.0005391731486635,1.0032470088640724,0.9900343178938803,LEG_3_NONLINEAR_COUPLED
318.68037086393053,1.0021542691380847,-0.005,-0.03,SUBJECT_V3_90150a6a85ae5609bc7c67fc,10,MYOLEG_V3_K0010,0.9998793091855007,1.0005391731486635,1.0021542691380847,0.9900343178938803,LEG_3_NONLINEAR_COUPLED
318.58212720025153,1.0010719237575385,-0.0025,-0.03,SUBJECT_V3_a6604ffc136f984029ac4ac2,11,MYOLEG_V3_K0011,0.9999397035843622,1.0005391731486635,1.0010719237575385,0.9900343178938803,LEG_3_NONLINEAR_COUPLED
318.4849244292401,1.0005391731486635,0.0,-0.03,SUBJECT_V3_90e3314f1d6c3aafde333187,12,MYOLEG_V3_K0012,1.0000001465458925,1.0005391731486635,0.9999999225111331,0.9900343178938803,LEG_3_NONLINEAR_COUPLED
318.3888190453293,1.0005391731486635,0.0025,-0.03,SUBJECT_V3_92d68732e64a5a08ee2c638b,13,MYOLEG_V3_K0013,1.0000606448180707,1.0005391731486635,0.9989388945225673,0.9900343178938803,LEG_3_NONLINEAR_COUPLED
318.2936772161404,1.0005391731486635,0.005,-0.03,SUBJECT_V3_6dfb48f7ffe6a313007689e1,14,MYOLEG_V3_K0014,1.0001211839833295,1.0005391731486635,0.9978874265029787,0.9900343178938803,LEG_3_NONLINEAR_COUPLED
318.1995543433219,1.0005391731486635,0.0075,-0.03,SUBJECT_V3_31be48d7767be146d7c4b43d,15,MYOLEG_V3_K0015,1.0001817603730465,1.0005391731486635,0.9968461389888468,0.9900343178938803,LEG_3_NONLINEAR_COUPLED
318.10644280085023,1.0005391731486635,0.01,-0.03,SUBJECT_V3_5cfc1be439142c40151e7e4d,16,MYOLEG_V3_K0016,1.0002423711420156,1.0005391731486635,0.9958149729617237,0.9900343178938803,LEG_3_NONLINEAR_COUPLED
318.0143345951677,1.0005391731486635,0.0125,-0.03,SUBJECT_V3_fdaed211f74faf14d0b107ab,17,MYOLEG_V3_K0017,1.0003030269343685,1.0005391731486635,0.994793859360125,0.9900343178938803,LEG_3_NONLINEAR_COUPLED
317.9232221271302,1.0005391731486635,0.015,-0.03,SUBJECT_V3_31eb47f8160aee90a0ed9352,18,MYOLEG_V3_K0018,1.0003636936696878,1.0005391731486635,0.9937827519753869,0.9900343178938803,LEG_3_NONLINEAR_COUPLED
317.83309704894174,1.0005391731486635,0.0175,-0.03,SUBJECT_V3_7fc5276b00bfd7279f2a0cd4,19,MYOLEG_V3_K0019,1.0004243869738,1.0005391731486635,0.9927815750918323,0.9900343178938803,LEG_3_NONLINEAR_COUPLED
317.74395151646974,1.0005391731486635,0.02,-0.03,SUBJECT_V3_0536755b8757fc1c2efb5abc,20,MYOLEG_V3_K0020,1.0004851350638921,1.0005391731486635,0.9917902526935126,0.9900343178938803,LEG_3_NONLINEAR_COUPLED
317.6557781094088,1.000545851108415,0.0225,-0.03,SUBJECT_V3_dcec024a9efbefe4b35de04e,21,MYOLEG_V3_K0021,1.000545851108415,1.0005391731486635,0.9908087619139082,0.9900343178938803,LEG_3_NONLINEAR_COUPLED
317.5685634867329,1.000606594793068,0.025,-0.03,SUBJECT_V3_d41d17acb53bea4455445591,22,MYOLEG_V3_K0022,1.000606594793068,1.0005391731486635,0.9898369530383331,0.9900343178938803,LEG_3_NONLINEAR_COUPLED
317.4823010572429,1.0006673731836526,0.0275,-0.03,SUBJECT_V3_b531646942dcec9f2489378a,23,MYOLEG_V3_K0023,1.0006673731836526,1.0005391731486635,0.9888747714519465,0.9900343178938803,LEG_3_NONLINEAR_COUPLED
317.3969848166098,1.0007281969888686,0.03,-0.03,SUBJECT_V3_ebe904361f6da23cdefb52de,24,MYOLEG_V3_K0024,1.0007281969888686,1.0005391731486635,0.9879221670365519,0.9900343178938803,LEG_3_NONLINEAR_COUPLED
319.8201547016141,1.013556242469001,-0.03,-0.0275,SUBJECT_V3_94872977402aa0aedb80f4b7,25,MYOLEG_V3_K0025,0.9992789458319817,1.000492405373074,1.013556242469001,0.9908712635186097,LEG_3_NONLINEAR_COUPLED
319.711193573431,1.012368175796792,-0.0275,-0.0275,SUBJECT_V3_f04ff5abd863708d5dea1bf4,26,MYOLEG_V3_K0026,0.9993386813965298,1.000492405373074,1.012368175796792,0.9908712635186097,LEG_3_NONLINEAR_COUPLED
319.6033295258573,1.0111908225487887,-0.025,-0.0275,SUBJECT_V3_3b3d1250fb0f8cf1ab7b8681,27,MYOLEG_V3_K0027,0.9993984479884196,1.000492405373074,1.0111908225487887,0.9908712635186097,LEG_3_NONLINEAR_COUPLED
319.49656134985213,1.0100241697269678,-0.0225,-0.0275,SUBJECT_V3_22fe90f7c4a8809cff587fcd,28,MYOLEG_V3_K0028,0.9994583070898231,1.000492405373074,1.0100241697269678,0.9908712635186097,LEG_3_NONLINEAR_COUPLED
319.39088234759276,1.0088682045766433,-0.02,-0.0275,SUBJECT_V3_afc399c4fa00939b15706811,29,MYOLEG_V3_K0029,0.9995181782127479,1.000492405373074,1.0088682045766433,0.9908712635186097,LEG_3_NONLINEAR_COUPLED
319.28628595743345,1.007722817213659,-0.0175,-0.0275,SUBJECT_V3_e79083a2fdbdeced32ab79d1,30,MYOLEG_V3_K0030,0.9995782162876052,1.000492405373074,1.007722817213659,0.9908712635186097,LEG_3_NONLINEAR_COUPLED
319.18276971834945,1.0065880546968728,-0.015,-0.0275,SUBJECT_V3_d7b161b1478089082e02eade,31,MYOLEG_V3_K0031,0.9996383047947633,1.000492405373074,1.0065880546968728,0.9908712635186097,LEG_3_NONLINEAR_COUPLED
319.0803266339176,1.0054638566731693,-0.0125,-0.0275,SUBJECT_V3_9f5ceb8082dd9834d8c6f593,32,MYOLEG_V3_K0032,0.9996984674875931,1.000492405373074,1.0054638566731693,0.9908712635186097,LEG_3_NONLINEAR_COUPLED
318.9789508353087,1.0043501964641983,-0.01,-0.0275,SUBJECT_V3_7a1b2f7f4d4ff3b3f2a27d62,33,MYOLEG_V3_K0033,0.9997586757789991,1.000492405373074,1.0043501964641983,0.9908712635186097,LEG_3_NONLINEAR_COUPLED
318.8786354687774,1.0032470088640724,-0.0075,-0.0275,SUBJECT_V3_0cc17eb4b59a282d6379318e,34,MYOLEG_V3_K0034,0.9998189670062219,1.000492405373074,1.0032470088640724,0.9908712635186097,LEG_3_NONLINEAR_COUPLED
318.7793747715691,1.0021542691380847,-0.005,-0.0275,SUBJECT_V3_7489dc4d849e742a9c5f6bad,35,MYOLEG_V3_K0035,0.9998793091855007,1.000492405373074,1.0021542691380847,0.9908712635186097,LEG_3_NONLINEAR_COUPLED
318.68116162901356,1.0010719237575385,-0.0025,-0.0275,SUBJECT_V3_451611cedebbd6e0b2e4564d,36,MYOLEG_V3_K0036,0.9999397035843622,1.000492405373074,1.0010719237575385,0.9908712635186097,LEG_3_NONLINEAR_COUPLED
318.5839890742769,1.000492405373074,0.0,-0.0275,SUBJECT_V3_6d59d00c77d68f184957e6b6,37,MYOLEG_V3_K0037,1.0000001465458925,1.000492405373074,0.9999999225111331,0.9908712635186097,LEG_3_NONLINEAR_COUPLED
318.48791358363917,1.000492405373074,0.0025,-0.0275,SUBJECT_V3_dc834a4cf8dba8b9d10ec2bd,38,MYOLEG_V3_K0038,1.0000606448180707,1.000492405373074,0.9989388945225673,0.9908712635186097,LEG_3_NONLINEAR_COUPLED
318.3928013657859,1.000492405373074,0.005,-0.0275,SUBJECT_V3_e0f25a42c1265b2af6286dc1,39,MYOLEG_V3_K0039,1.0001211839833295,1.000492405373074,0.9978874265029787,0.9908712635186097,LEG_3_NONLINEAR_COUPLED
318.29870780458543,1.000492405373074,0.0075,-0.0275,SUBJECT_V3_b3640399ada6b3e14c74e062,40,MYOLEG_V3_K0040,1.0001817603730465,1.000492405373074,0.9968461389888468,0.9908712635186097,LEG_3_NONLINEAR_COUPLED
318.2056252758439,1.000492405373074,0.01,-0.0275,SUBJECT_V3_1f601d2c0e460f5df3259835,41,MYOLEG_V3_K0041,1.0002423711420156,1.000492405373074,0.9958149729617237,0.9908712635186097,LEG_3_NONLINEAR_COUPLED
318.1135457879584,1.000492405373074,0.0125,-0.0275,SUBJECT_V3_0722139b7b1d023ace02b86e,42,MYOLEG_V3_K0042,1.0003030269343685,1.000492405373074,0.994793859360125,0.9908712635186097,LEG_3_NONLINEAR_COUPLED
318.0224617436271,1.000492405373074,0.015,-0.0275,SUBJECT_V3_1855592f85cf99e062306224,43,MYOLEG_V3_K0043,1.0003636936696878,1.000492405373074,0.9937827519753869,0.9908712635186097,LEG_3_NONLINEAR_COUPLED
317.93236479714074,1.000492405373074,0.0175,-0.0275,SUBJECT_V3_9ca599352e79345389070d53,44,MYOLEG_V3_K0044,1.0004243869738,1.000492405373074,0.9927815750918323,0.9908712635186097,LEG_3_NONLINEAR_COUPLED
317.8432471063069,1.000492405373074,0.02,-0.0275,SUBJECT_V3_eb18f1abb59b88dd57053ba1,45,MYOLEG_V3_K0045,1.0004851350638921,1.000492405373074,0.9917902526935126,0.9908712635186097,LEG_3_NONLINEAR_COUPLED
317.75510125263787,1.000545851108415,0.0225,-0.0275,SUBJECT_V3_101d1a9674146048c0088150,46,MYOLEG_V3_K0046,1.000545851108415,1.000492405373074,0.9908087619139082,0.9908712635186097,LEG_3_NONLINEAR_COUPLED
317.6679138987872,1.000606594793068,0.025,-0.0275,SUBJECT_V3_21e1340eb3101771856c695e,47,MYOLEG_V3_K0047,1.000606594793068,1.000492405373074,0.9898369530383331,0.9908712635186097,LEG_3_NONLINEAR_COUPLED
317.581678455137,1.0006673731836526,0.0275,-0.0275,SUBJECT_V3_10b151a015f91703ee1820b2,48,MYOLEG_V3_K0048,1.0006673731836526,1.000492405373074,0.9888747714519465,0.9908712635186097,LEG_3_NONLINEAR_COUPLED
317.49638891876464,1.0007281969888686,0.03,-0.0275,SUBJECT_V3_6e0e6efb18fe3dce95d761fa,49,MYOLEG_V3_K0049,1.0007281969888686,1.000492405373074,0.9879221670365519,0.9908712635186097,LEG_3_NONLINEAR_COUPLED
319.9187887045371,1.013556242469001,-0.03,-0.025,SUBJECT_V3_527e59d6820d72035a44bb0a,50,MYOLEG_V3_K0050,0.9992789458319817,1.0004459589628962,1.013556242469001,0.991707192076491,LEG_3_NONLINEAR_COUPLED
319.80986118154914,1.012368175796792,-0.0275,-0.025,SUBJECT_V3_34ccdd19772a071300b87d14,51,MYOLEG_V3_K0051,0.9993386813965298,1.0004459589628962,1.012368175796792,0.991707192076491,LEG_3_NONLINEAR_COUPLED
319.7020304233735,1.0111908225487887,-0.025,-0.025,SUBJECT_V3_58179358304b006efa9f283f,52,MYOLEG_V3_K0052,0.9993984479884196,1.0004459589628962,1.0111908225487887,0.991707192076491,LEG_3_NONLINEAR_COUPLED
319.5952952206802,1.0100241697269678,-0.0225,-0.025,SUBJECT_V3_6b028a1849f868026913cc35,53,MYOLEG_V3_K0053,0.9994583070898231,1.0004459589628962,1.0100241697269678,0.991707192076491,LEG_3_NONLINEAR_COUPLED
319.489648877061,1.0088682045766433,-0.02,-0.025,SUBJECT_V3_e570d12e1e9985850627bcee,54,MYOLEG_V3_K0054,0.9995181782127479,1.0004459589628962,1.0088682045766433,0.991707192076491,LEG_3_NONLINEAR_COUPLED
319.3850848322536,1.007722817213659,-0.0175,-0.025,SUBJECT_V3_3853b112f999faa590697fdb,55,MYOLEG_V3_K0055,0.9995782162876052,1.0004459589628962,1.007722817213659,0.991707192076491,LEG_3_NONLINEAR_COUPLED
319.2816006253583,1.0065880546968728,-0.015,-0.025,SUBJECT_V3_9730dc5f459fbb97883a03de,56,MYOLEG_V3_K0056,0.9996383047947633,1.0004459589628962,1.0065880546968728,0.991707192076491,LEG_3_NONLINEAR_COUPLED
319.179189261489,1.0054638566731693,-0.0125,-0.025,SUBJECT_V3_8308407a2e43088bef6dc4ec,57,MYOLEG_V3_K0057,0.9996984674875931,1.0004459589628962,1.0054638566731693,0.991707192076491,LEG_3_NONLINEAR_COUPLED
319.0778448730155,1.0043501964641983,-0.01,-0.025,SUBJECT_V3_e47b678f177f25af0e9aa671,58,MYOLEG_V3_K0058,0.9997586757789991,1.0004459589628962,1.0043501964641983,0.991707192076491,LEG_3_NONLINEAR_COUPLED
318.9775606077069,1.0032470088640724,-0.0075,-0.025,SUBJECT_V3_62d9d7efc1298fbff5623bfe,59,MYOLEG_V3_K0059,0.9998189670062219,1.0004459589628962,1.0032470088640724,0.991707192076491,LEG_3_NONLINEAR_COUPLED
318.87833070399495,1.0021542691380847,-0.005,-0.025,SUBJECT_V3_e56b11ca5b70a729600ebe15,60,MYOLEG_V3_K0060,0.9998793091855007,1.0004459589628962,1.0021542691380847,0.991707192076491,LEG_3_NONLINEAR_COUPLED
318.7801480488259,1.0010719237575385,-0.0025,-0.025,SUBJECT_V3_3d41ad2226c0ad090ac12618,61,MYOLEG_V3_K0061,0.9999397035843622,1.0004459589628962,1.0010719237575385,0.991707192076491,LEG_3_NONLINEAR_COUPLED
318.6830056769467,1.0004459589628962,0.0,-0.025,SUBJECT_V3_11c5ace91e80ea3004d66c9a,62,MYOLEG_V3_K0062,1.0000001465458925,1.0004459589628962,0.9999999225111331,0.991707192076491,LEG_3_NONLINEAR_COUPLED
318.58696004650517,1.0004459589628962,0.0025,-0.025,SUBJECT_V3_b6a9c1b49ba57462a762e36b,63,MYOLEG_V3_K0063,1.0000606448180707,1.0004459589628962,0.9989388945225673,0.991707192076491,LEG_3_NONLINEAR_COUPLED
318.4918774072059,1.0004459589628962,0.005,-0.025,SUBJECT_V3_092699a78a7135159ba68254,64,MYOLEG_V3_K0064,1.0001211839833295,1.0004459589628962,0.9978874265029787,0.991707192076491,LEG_3_NONLINEAR_COUPLED
318.3978131251575,1.0004459589628962,0.0075,-0.025,SUBJECT_V3_14b8c080edb09d31efa86a24,65,MYOLEG_V3_K0065,1.0001817603730465,1.0004459589628962,0.9968461389888468,0.991707192076491,LEG_3_NONLINEAR_COUPLED
318.30475957799416,1.0004459589628962,0.01,-0.025,SUBJECT_V3_00f34b3e1208f6cd30f6a1a4,66,MYOLEG_V3_K0066,1.0002423711420156,1.0004459589628962,0.9958149729617237,0.991707192076491,LEG_3_NONLINEAR_COUPLED
318.212708776066,1.0004459589628962,0.0125,-0.025,SUBJECT_V3_fda7245103c03340c64434aa,67,MYOLEG_V3_K0067,1.0003030269343685,1.0004459589628962,0.994793859360125,0.991707192076491,LEG_3_NONLINEAR_COUPLED
318.1216531239121,1.0004459589628962,0.015,-0.025,SUBJECT_V3_7807333f0d603c2e39f2f23a,68,MYOLEG_V3_K0068,1.0003636936696878,1.0004459589628962,0.9937827519753869,0.991707192076491,LEG_3_NONLINEAR_COUPLED
318.03158427790794,1.0004459589628962,0.0175,-0.025,SUBJECT_V3_493958083edacc21ef1e88c8,69,MYOLEG_V3_K0069,1.0004243869738,1.0004459589628962,0.9927815750918323,0.991707192076491,LEG_3_NONLINEAR_COUPLED
317.9424943977994,1.0004851350638921,0.02,-0.025,SUBJECT_V3_1e837b1a818e6e2260816171,70,MYOLEG_V3_K0070,1.0004851350638921,1.0004459589628962,0.9917902526935126,0.991707192076491,LEG_3_NONLINEAR_COUPLED
317.8543760669153,1.000545851108415,0.0225,-0.025,SUBJECT_V3_eb26779614d9137dce317523,71,MYOLEG_V3_K0071,1.000545851108415,1.0004459589628962,0.9908087619139082,0.991707192076491,LEG_3_NONLINEAR_COUPLED
317.76721595158483,1.000606594793068,0.025,-0.025,SUBJECT_V3_f7f5739bff38be6a77094a48,72,MYOLEG_V3_K0072,1.000606594793068,1.0004459589628962,0.9898369530383331,0.991707192076491,LEG_3_NONLINEAR_COUPLED
317.6810074637701,1.0006673731836526,0.0275,-0.025,SUBJECT_V3_0652f5834ddaabdec2848a3b,73,MYOLEG_V3_K0073,1.0006673731836526,1.0004459589628962,0.9888747714519465,0.991707192076491,LEG_3_NONLINEAR_COUPLED
317.5957446019536,1.0007281969888686,0.03,-0.025,SUBJECT_V3_f97bb017f187e5405caaefcd,74,MYOLEG_V3_K0074,1.0007281969888686,1.0004459589628962,0.9879221670365519,0.991707192076491,LEG_3_NONLINEAR_COUPLED
320.01736384462833,1.013556242469001,-0.03,-0.0225,SUBJECT_V3_17ab6ef8d50ea7367ccd57b3,75,MYOLEG_V3_K0075,0.9992789458319817,1.000399866031051,1.013556242469001,0.9925419965643711,LEG_3_NONLINEAR_COUPLED
319.90846988607336,1.012368175796792,-0.0275,-0.0225,SUBJECT_V3_e412afe9aae358e6f5ae56a3,76,MYOLEG_V3_K0076,0.9993386813965298,1.000399866031051,1.012368175796792,0.9925419965643711,LEG_3_NONLINEAR_COUPLED
319.8006723768957,1.0111908225487887,-0.025,-0.0225,SUBJECT_V3_249755e4f84111bde5dc0674,77,MYOLEG_V3_K0077,0.9993984479884196,1.000399866031051,1.0111908225487887,0.9925419965643711,LEG_3_NONLINEAR_COUPLED
319.69397010747747,1.0100241697269678,-0.0225,-0.0225,SUBJECT_V3_a892481e1ae17843ce08d524,78,MYOLEG_V3_K0078,0.9994583070898231,1.000399866031051,1.0100241697269678,0.9925419965643711,LEG_3_NONLINEAR_COUPLED
319.58835638282363,1.0088682045766433,-0.02,-0.0225,SUBJECT_V3_ddb2289102251f79e6c3463a,79,MYOLEG_V3_K0079,0.9995181782127479,1.000399866031051,1.0088682045766433,0.9925419965643711,LEG_3_NONLINEAR_COUPLED
319.48382464405427,1.007722817213659,-0.0175,-0.0225,SUBJECT_V3_5cdc8bd089a70be3cb254fc3,80,MYOLEG_V3_K0080,0.9995782162876052,1.000399866031051,1.007722817213659,0.9925419965643711,LEG_3_NONLINEAR_COUPLED
319.38037243039486,1.0065880546968728,-0.015,-0.0225,SUBJECT_V3_b348550e65273d95ce7b6675,81,MYOLEG_V3_K0081,0.9996383047947633,1.000399866031051,1.0065880546968728,0.9925419965643711,LEG_3_NONLINEAR_COUPLED
319.27799274849554,1.0054638566731693,-0.0125,-0.0225,SUBJECT_V3_db249f80a0283a12ed51ee50,82,MYOLEG_V3_K0082,0.9996984674875931,1.000399866031051,1.0054638566731693,0.9925419965643711,LEG_3_NONLINEAR_COUPLED
319.1766797319239,1.0043501964641983,-0.01,-0.0225,SUBJECT_V3_73988600180827f9cca2fe8d,83,MYOLEG_V3_K0083,0.9997586757789991,1.000399866031051,1.0043501964641983,0.9925419965643711,LEG_3_NONLINEAR_COUPLED
319.076426529962,1.0032470088640724,-0.0075,-0.0225,SUBJECT_V3_7913dd5f2a2d7920cb1f1d83,84,MYOLEG_V3_K0084,0.9998189670062219,1.000399866031051,1.0032470088640724,0.9925419965643711,LEG_3_NONLINEAR_COUPLED
318.9772273822276,1.0021542691380847,-0.005,-0.0225,SUBJECT_V3_a37e04109de5b385d81dac8f,85,MYOLEG_V3_K0085,0.9998793091855007,1.000399866031051,1.0021542691380847,0.9925419965643711,LEG_3_NONLINEAR_COUPLED
318.87907517728144,1.0010719237575385,-0.0025,-0.0225,SUBJECT_V3_403327f7edf07b41b485e58b,86,MYOLEG_V3_K0086,0.9999397035843622,1.000399866031051,1.0010719237575385,0.9925419965643711,LEG_3_NONLINEAR_COUPLED
318.7819629514503,1.000399866031051,0.0,-0.0225,SUBJECT_V3_83b9c5eb86afa46db27249ab,87,MYOLEG_V3_K0087,1.0000001465458925,1.000399866031051,0.9999999225111331,0.9925419965643711,LEG_3_NONLINEAR_COUPLED
318.68594714477206,1.000399866031051,0.0025,-0.0225,SUBJECT_V3_44779f1d1103cb1489d0041a,88,MYOLEG_V3_K0088,1.0000606448180707,1.000399866031051,0.9989388945225673,0.9925419965643711,LEG_3_NONLINEAR_COUPLED
318.590894047921,1.000399866031051,0.005,-0.0225,SUBJECT_V3_dca9c704735aec0485b995d6,89,MYOLEG_V3_K0089,1.0001211839833295,1.000399866031051,0.9978874265029787,0.9925419965643711,LEG_3_NONLINEAR_COUPLED
318.49685900926823,1.000399866031051,0.0075,-0.0225,SUBJECT_V3_5f7c7d572ffde0f348ca183e,90,MYOLEG_V3_K0090,1.0001817603730465,1.000399866031051,0.9968461389888468,0.9925419965643711,LEG_3_NONLINEAR_COUPLED
318.40383440827407,1.000399866031051,0.01,-0.0225,SUBJECT_V3_fb20fb34075c54307fcb47e6,91,MYOLEG_V3_K0091,1.0002423711420156,1.000399866031051,0.9958149729617237,0.9925419965643711,LEG_3_NONLINEAR_COUPLED
318.31181225723986,1.000399866031051,0.0125,-0.0225,SUBJECT_V3_6ed808dcec6e7fd96dcf857a,92,MYOLEG_V3_K0092,1.0003030269343685,1.000399866031051,0.994793859360125,0.9925419965643711,LEG_3_NONLINEAR_COUPLED
318.2207849625439,1.000399866031051,0.015,-0.0225,SUBJECT_V3_81db08f22e114e883d894e91,93,MYOLEG_V3_K0093,1.0003636936696878,1.000399866031051,0.9937827519753869,0.9925419965643711,LEG_3_NONLINEAR_COUPLED
318.13074418264426,1.0004243869738,0.0175,-0.0225,SUBJECT_V3_be78e4a0bd8c32d107349bfa,94,MYOLEG_V3_K0094,1.0004243869738,1.000399866031051,0.9927815750918323,0.9925419965643711,LEG_3_NONLINEAR_COUPLED
318.0416820792232,1.0004851350638921,0.02,-0.0225,SUBJECT_V3_12190f72787791df2c65238f,95,MYOLEG_V3_K0095,1.0004851350638921,1.000399866031051,0.9917902526935126,0.9925419965643711,LEG_3_NONLINEAR_COUPLED
317.9535912374241,1.000545851108415,0.0225,-0.0225,SUBJECT_V3_cb885fcee70e1779735891f0,96,MYOLEG_V3_K0096,1.000545851108415,1.000399866031051,0.9908087619139082,0.9925419965643711,LEG_3_NONLINEAR_COUPLED
317.86645832724804,1.000606594793068,0.025,-0.0225,SUBJECT_V3_687f4c9f7e8625904cd3641a,97,MYOLEG_V3_K0097,1.000606594793068,1.000399866031051,0.9898369530383331,0.9925419965643711,LEG_3_NONLINEAR_COUPLED
317.7802767622353,1.0006673731836526,0.0275,-0.0225,SUBJECT_V3_5f84a1086284b715c28df14c,98,MYOLEG_V3_K0098,1.0006673731836526,1.000399866031051,0.9888747714519465,0.9925419965643711,LEG_3_NONLINEAR_COUPLED
317.6950405422727,1.0007281969888686,0.03,-0.0225,SUBJECT_V3_c99da5430a9c45549a6387e8,99,MYOLEG_V3_K0099,1.0007281969888686,1.000399866031051,0.9879221670365519,0.9925419965643711,LEG_3_NONLINEAR_COUPLED
320.11587851503464,1.013556242469001,-0.03,-0.02,SUBJECT_V3_2de23140b86a63079d20367b,100,MYOLEG_V3_K0100,0.9992789458319817,1.0003541426504048,1.013556242469001,0.9933756577904215,LEG_3_NONLINEAR_COUPLED
320.0070180796601,1.012368175796792,-0.0275,-0.02,SUBJECT_V3_07d213649a01051223f2c31d,101,MYOLEG_V3_K0101,0.9993386813965298,1.0003541426504048,1.012368175796792,0.9933756577904215,LEG_3_NONLINEAR_COUPLED
319.89925377859475,1.0111908225487887,-0.025,-0.02,SUBJECT_V3_06e9385f9ec7cc116a52e957,102,MYOLEG_V3_K0102,0.9993984479884196,1.0003541426504048,1.0111908225487887,0.9933756577904215,LEG_3_NONLINEAR_COUPLED
319.7925844019337,1.0100241697269678,-0.0225,-0.02,SUBJECT_V3_a90ae8b75b2005e28d3b6192,103,MYOLEG_V3_K0103,0.9994583070898231,1.0003541426504048,1.0100241697269678,0.9933756577904215,LEG_3_NONLINEAR_COUPLED
319.68700325609404,1.0088682045766433,-0.02,-0.02,SUBJECT_V3_e96ceeb75d4c4e268a3c4378,104,MYOLEG_V3_K0104,0.9995181782127479,1.0003541426504048,1.0088682045766433,0.9933756577904215,LEG_3_NONLINEAR_COUPLED
319.582503783577,1.007722817213659,-0.0175,-0.02,SUBJECT_V3_1b77e5f0557e480205418e3b,105,MYOLEG_V3_K0105,0.9995782162876052,1.0003541426504048,1.007722817213659,0.9933756577904215,LEG_3_NONLINEAR_COUPLED
319.4790835237339,1.0065880546968728,-0.015,-0.02,SUBJECT_V3_a0ab03aa614cfc7fb5fcbfee,106,MYOLEG_V3_K0106,0.9996383047947633,1.0003541426504048,1.0065880546968728,0.9933756577904215,LEG_3_NONLINEAR_COUPLED
319.37673548474936,1.0054638566731693,-0.0125,-0.02,SUBJECT_V3_6a20acfd10da4c692b695b9e,107,MYOLEG_V3_K0107,0.9996984674875931,1.0003541426504048,1.0054638566731693,0.9933756577904215,LEG_3_NONLINEAR_COUPLED
319.27545380138815,1.0043501964641983,-0.01,-0.02,SUBJECT_V3_7eedbfb856f520641342cb73,108,MYOLEG_V3_K0108,0.9997586757789991,1.0003541426504048,1.0043501964641983,0.9933756577904215,LEG_3_NONLINEAR_COUPLED
319.175231624444,1.0032470088640724,-0.0075,-0.02,SUBJECT_V3_278cda4c488faa0283108702,109,MYOLEG_V3_K0109,0.9998189670062219,1.0003541426504048,1.0032470088640724,0.9933756577904215,LEG_3_NONLINEAR_COUPLED
319.0760631947194,1.0021542691380847,-0.005,-0.02,SUBJECT_V3_d36f908b11f5234e3c0ebfc6,110,MYOLEG_V3_K0110,0.9998793091855007,1.0003541426504048,1.0021542691380847,0.9933756577904215,LEG_3_NONLINEAR_COUPLED
318.97794140238835,1.0010719237575385,-0.0025,-0.02,SUBJECT_V3_338fe52fafb833e01add081c,111,MYOLEG_V3_K0111,0.9999397035843622,1.0003541426504048,1.0010719237575385,0.9933756577904215,LEG_3_NONLINEAR_COUPLED
318.880859285356,1.0003541426504048,0.0,-0.02,SUBJECT_V3_d090510be027cf12ead70cec,112,MYOLEG_V3_K0112,1.0000001465458925,1.0003541426504048,0.9999999225111331,0.9933756577904215,LEG_3_NONLINEAR_COUPLED
318.78487326557337,1.0003541426504048,0.0025,-0.02,SUBJECT_V3_98e161fb2e584663759908a8,113,MYOLEG_V3_K0113,1.0000606448180707,1.0003541426504048,0.9989388945225673,0.9933756577904215,LEG_3_NONLINEAR_COUPLED
318.689849674634,1.0003541426504048,0.005,-0.02,SUBJECT_V3_359d5b3aeaaebe731c94db8d,114,MYOLEG_V3_K0114,1.0001211839833295,1.0003541426504048,0.9978874265029787,0.9933756577904215,LEG_3_NONLINEAR_COUPLED
318.595843843194,1.0003541426504048,0.0075,-0.02,SUBJECT_V3_6e38198d55bf204bbdc5aff3,115,MYOLEG_V3_K0115,1.0001817603730465,1.0003541426504048,0.9968461389888468,0.9933756577904215,LEG_3_NONLINEAR_COUPLED
318.5028481525382,1.0003541426504048,0.01,-0.02,SUBJECT_V3_329dbeea5ccbf8251c5096b3,116,MYOLEG_V3_K0116,1.0002423711420156,1.0003541426504048,0.9958149729617237,0.9933756577904215,LEG_3_NONLINEAR_COUPLED
318.4108546169171,1.0003541426504048,0.0125,-0.02,SUBJECT_V3_bd8393ee79ca2d78b53ff7da,117,MYOLEG_V3_K0117,1.0003030269343685,1.0003541426504048,0.994793859360125,0.9933756577904215,LEG_3_NONLINEAR_COUPLED
318.3198556445463,1.0003636936696878,0.015,-0.02,SUBJECT_V3_ef3618f4a7e0e6cea694301b,118,MYOLEG_V3_K0118,1.0003636936696878,1.0003541426504048,0.9937827519753869,0.9933756577904215,LEG_3_NONLINEAR_COUPLED
318.2298428959645,1.0004243869738,0.0175,-0.02,SUBJECT_V3_155605e7a672ea0a06038583,119,MYOLEG_V3_K0119,1.0004243869738,1.0003541426504048,0.9927815750918323,0.9933756577904215,LEG_3_NONLINEAR_COUPLED
318.1408085347884,1.0004851350638921,0.02,-0.02,SUBJECT_V3_5abf709984e325e8a5d2c5cb,120,MYOLEG_V3_K0120,1.0004851350638921,1.0003541426504048,0.9917902526935126,0.9933756577904215,LEG_3_NONLINEAR_COUPLED
318.0527451479741,1.000545851108415,0.0225,-0.02,SUBJECT_V3_262e891c165ab537f7c41650,121,MYOLEG_V3_K0121,1.000545851108415,1.0003541426504048,0.9908087619139082,0.9933756577904215,LEG_3_NONLINEAR_COUPLED
317.96563940919043,1.000606594793068,0.025,-0.02,SUBJECT_V3_4f73b765f0d5e45ce15b3e81,122,MYOLEG_V3_K0122,1.000606594793068,1.0003541426504048,0.9898369530383331,0.9933756577904215,LEG_3_NONLINEAR_COUPLED
317.8794847335545,1.0006673731836526,0.0275,-0.02,SUBJECT_V3_815640a131cce0410f0e82d1,123,MYOLEG_V3_K0123,1.0006673731836526,1.0003541426504048,0.9888747714519465,0.9933756577904215,LEG_3_NONLINEAR_COUPLED
317.79427512235566,1.0007281969888686,0.03,-0.02,SUBJECT_V3_60fca97fcd881afd681683db,124,MYOLEG_V3_K0124,1.0007281969888686,1.0003541426504048,0.9879221670365519,0.9933756577904215,LEG_3_NONLINEAR_COUPLED
320.2143265173898,1.013556242469001,-0.03,-0.0175,SUBJECT_V3_64f5dc7f8486f8b7dd31936c,125,MYOLEG_V3_K0125,0.9992789458319817,1.0003087574697287,1.013556242469001,0.9942081436616234,LEG_3_NONLINEAR_COUPLED
320.1054995618929,1.012368175796792,-0.0275,-0.0175,SUBJECT_V3_3af4c59ac925ae34894b7af4,126,MYOLEG_V3_K0126,0.9993386813965298,1.0003087574697287,1.012368175796792,0.9942081436616234,LEG_3_NONLINEAR_COUPLED
319.99776842602336,1.0111908225487887,-0.025,-0.0175,SUBJECT_V3_b7e395dc7de55a9a8dad7b92,127,MYOLEG_V3_K0127,0.9993984479884196,1.0003087574697287,1.0111908225487887,0.9942081436616234,LEG_3_NONLINEAR_COUPLED
319.8911318995901,1.0100241697269678,-0.0225,-0.0175,SUBJECT_V3_0e360cfd3a1cd74a952a4c6d,128,MYOLEG_V3_K0128,0.9994583070898231,1.0003087574697287,1.0100241697269678,0.9942081436616234,LEG_3_NONLINEAR_COUPLED
319.78558329042124,1.0088682045766433,-0.02,-0.0175,SUBJECT_V3_760275702e639875e934ca6c,129,MYOLEG_V3_K0129,0.9995181782127479,1.0003087574697287,1.0088682045766433,0.9942081436616234,LEG_3_NONLINEAR_COUPLED
319.68111604239795,1.007722817213659,-0.0175,-0.0175,SUBJECT_V3_fca5c5b0d4a6703ec8b005e9,130,MYOLEG_V3_K0130,0.9995782162876052,1.0003087574697287,1.007722817213659,0.9942081436616234,LEG_3_NONLINEAR_COUPLED
319.5777276949976,1.0065880546968728,-0.015,-0.0175,SUBJECT_V3_df8bfec8f2ea6f139a2b8d7c,131,MYOLEG_V3_K0131,0.9996383047947633,1.0003087574697287,1.0065880546968728,0.9942081436616234,LEG_3_NONLINEAR_COUPLED
319.47541125793805,1.0054638566731693,-0.0125,-0.0175,SUBJECT_V3_2e77ca1b7e0d3a727e1a4ec4,132,MYOLEG_V3_K0132,0.9996984674875931,1.0003087574697287,1.0054638566731693,0.9942081436616234,LEG_3_NONLINEAR_COUPLED
319.37416086718,1.0043501964641983,-0.01,-0.0175,SUBJECT_V3_a8c0aa2b6ef8780c0f32dc31,133,MYOLEG_V3_K0133,0.9997586757789991,1.0003087574697287,1.0043501964641983,0.9942081436616234,LEG_3_NONLINEAR_COUPLED
319.2739696750278,1.0032470088640724,-0.0075,-0.0175,SUBJECT_V3_44210a96f3b995f15b6ce30d,134,MYOLEG_V3_K0134,0.9998189670062219,1.0003087574697287,1.0032470088640724,0.9942081436616234,LEG_3_NONLINEAR_COUPLED
319.17483192346737,1.0021542691380847,-0.005,-0.0175,SUBJECT_V3_cdcca983fedad46c4cbc045e,135,MYOLEG_V3_K0135,0.9998793091855007,1.0003087574697287,1.0021542691380847,0.9942081436616234,LEG_3_NONLINEAR_COUPLED
319.0767405042846,1.0010719237575385,-0.0025,-0.0175,SUBJECT_V3_4195a28675b2294d8b8e9941,136,MYOLEG_V3_K0136,0.9999397035843622,1.0003087574697287,1.0010719237575385,0.9942081436616234,LEG_3_NONLINEAR_COUPLED
318.9796884569613,1.0003087574697287,0.0,-0.0175,SUBJECT_V3_6bdda91aae1d43160aec768c,137,MYOLEG_V3_K0137,1.0000001465458925,1.0003087574697287,0.9999999225111331,0.9942081436616234,LEG_3_NONLINEAR_COUPLED
318.8837321853856,1.0003087574697287,0.0025,-0.0175,SUBJECT_V3_6b8ae22317a38745404cb867,138,MYOLEG_V3_K0138,1.0000606448180707,1.0003087574697287,0.9989388945225673,0.9942081436616234,LEG_3_NONLINEAR_COUPLED
318.78873806201796,1.0003087574697287,0.005,-0.0175,SUBJECT_V3_b807eebd9d38db3b3c0ec17d,139,MYOLEG_V3_K0139,1.0001211839833295,1.0003087574697287,0.9978874265029787,0.9942081436616234,LEG_3_NONLINEAR_COUPLED
318.69476139982277,1.0003087574697287,0.0075,-0.0175,SUBJECT_V3_2d1a95c3f4fe128c7208adfa,140,MYOLEG_V3_K0140,1.0001817603730465,1.0003087574697287,0.9968461389888468,0.9942081436616234,LEG_3_NONLINEAR_COUPLED
318.6017945819073,1.0003087574697287,0.01,-0.0175,SUBJECT_V3_9ed79670ff53329d7e13329e,141,MYOLEG_V3_K0141,1.0002423711420156,1.0003087574697287,0.9958149729617237,0.9942081436616234,LEG_3_NONLINEAR_COUPLED
318.50982962446955,1.0003087574697287,0.0125,-0.0175,SUBJECT_V3_52662fec544290221a4dfec8,142,MYOLEG_V3_K0142,1.0003030269343685,1.0003087574697287,0.994793859360125,0.9942081436616234,LEG_3_NONLINEAR_COUPLED
318.41885893756023,1.0003636936696878,0.015,-0.0175,SUBJECT_V3_e9a505d3e84497a166efc288,143,MYOLEG_V3_K0143,1.0003636936696878,1.0003087574697287,0.9937827519753869,0.9942081436616234,LEG_3_NONLINEAR_COUPLED
318.3288741837965,1.0004243869738,0.0175,-0.0175,SUBJECT_V3_599b696eaa7b8787a1d716c9,144,MYOLEG_V3_K0144,1.0004243869738,1.0003087574697287,0.9927815750918323,0.9942081436616234,LEG_3_NONLINEAR_COUPLED
318.2398675287274,1.0004851350638921,0.02,-0.0175,SUBJECT_V3_4e11917e11500ca4386d3a62,145,MYOLEG_V3_K0145,1.0004851350638921,1.0003087574697287,0.9917902526935126,0.9942081436616234,LEG_3_NONLINEAR_COUPLED
318.15183156112,1.000545851108415,0.0225,-0.0175,SUBJECT_V3_4b3d5dbe0e3045857c3b43b2,146,MYOLEG_V3_K0146,1.000545851108415,1.0003087574697287,0.9908087619139082,0.9942081436616234,LEG_3_NONLINEAR_COUPLED
318.0647529583063,1.000606594793068,0.025,-0.0175,SUBJECT_V3_aee9e20088a71198c011f2b8,147,MYOLEG_V3_K0147,1.000606594793068,1.0003087574697287,0.9898369530383331,0.9942081436616234,LEG_3_NONLINEAR_COUPLED
317.9786251369786,1.0006673731836526,0.0275,-0.0175,SUBJECT_V3_835bc185a2e9d9161da21b67,148,MYOLEG_V3_K0148,1.0006673731836526,1.0003087574697287,0.9888747714519465,0.9942081436616234,LEG_3_NONLINEAR_COUPLED
317.8934420998278,1.0007281969888686,0.03,-0.0175,SUBJECT_V3_33c637e9a02d5c6daa249951,149,MYOLEG_V3_K0149,1.0007281969888686,1.0003087574697287,0.9879221670365519,0.9942081436616234,LEG_3_NONLINEAR_COUPLED
320.312701612906,1.013556242469001,-0.03,-0.015,SUBJECT_V3_246f411d8ceef2cb530c2d5a,150,MYOLEG_V3_K0150,0.9992789458319817,1.000263714984441,1.013556242469001,0.995039403089471,LEG_3_NONLINEAR_COUPLED
320.2039080919251,1.012368175796792,-0.0275,-0.015,SUBJECT_V3_98d1d0939b3285977142a9a5,151,MYOLEG_V3_K0151,0.9993386813965298,1.000263714984441,1.012368175796792,0.995039403089471,LEG_3_NONLINEAR_COUPLED
320.0962100762955,1.0111908225487887,-0.025,-0.015,SUBJECT_V3_31110a5b14b61416deb4b810,152,MYOLEG_V3_K0152,0.9993984479884196,1.000263714984441,1.0111908225487887,0.995039403089471,LEG_3_NONLINEAR_COUPLED
319.98960635554084,1.0100241697269678,-0.0225,-0.015,SUBJECT_V3_6e76c13eb2e90fb4cd6fc7e7,153,MYOLEG_V3_K0153,0.9994583070898231,1.000263714984441,1.0100241697269678,0.995039403089471,LEG_3_NONLINEAR_COUPLED
319.8840902388988,1.0088682045766433,-0.02,-0.015,SUBJECT_V3_193b724c9e3300a807486f58,154,MYOLEG_V3_K0154,0.9995181782127479,1.000263714984441,1.0088682045766433,0.995039403089471,LEG_3_NONLINEAR_COUPLED
319.77965517162926,1.007722817213659,-0.0175,-0.015,SUBJECT_V3_0a4297ebdf438ad1582aa0a2,155,MYOLEG_V3_K0155,0.9995782162876052,1.000263714984441,1.007722817213659,0.995039403089471,LEG_3_NONLINEAR_COUPLED
319.6762986933361,1.0065880546968728,-0.015,-0.015,SUBJECT_V3_27b490531d255613de3094fa,156,MYOLEG_V3_K0156,0.9996383047947633,1.000263714984441,1.0065880546968728,0.995039403089471,LEG_3_NONLINEAR_COUPLED
319.5740138152689,1.0054638566731693,-0.0125,-0.015,SUBJECT_V3_c236a325ec8580e515897c33,157,MYOLEG_V3_K0157,0.9996984674875931,1.000263714984441,1.0054638566731693,0.995039403089471,LEG_3_NONLINEAR_COUPLED
319.47279467458327,1.0043501964641983,-0.01,-0.015,SUBJECT_V3_992079cbe37211a7974d7583,158,MYOLEG_V3_K0158,0.9997586757789991,1.000263714984441,1.0043501964641983,0.995039403089471,LEG_3_NONLINEAR_COUPLED
319.3726344250922,1.0032470088640724,-0.0075,-0.015,SUBJECT_V3_cfa121b6a1ac0030ec467660,159,MYOLEG_V3_K0159,0.9998189670062219,1.000263714984441,1.0032470088640724,0.995039403089471,LEG_3_NONLINEAR_COUPLED
319.2735273099645,1.0021542691380847,-0.005,-0.015,SUBJECT_V3_b0daeeec6edf5fe0cdcecde5,160,MYOLEG_V3_K0160,0.9998793091855007,1.000263714984441,1.0021542691380847,0.995039403089471,LEG_3_NONLINEAR_COUPLED
319.1754662225961,1.0010719237575385,-0.0025,-0.015,SUBJECT_V3_daba7f30967e4971e037d1f4,161,MYOLEG_V3_K0161,0.9999397035843622,1.000263714984441,1.0010719237575385,0.995039403089471,LEG_3_NONLINEAR_COUPLED
319.0784442040438,1.000263714984441,0.0,-0.015,SUBJECT_V3_591a73624624eff15d571951,162,MYOLEG_V3_K0162,1.0000001465458925,1.000263714984441,0.9999999225111331,0.995039403089471,LEG_3_NONLINEAR_COUPLED
318.9825176401581,1.000263714984441,0.0025,-0.015,SUBJECT_V3_e18786a2f4270fa9ef226542,163,MYOLEG_V3_K0163,1.0000606448180707,1.000263714984441,0.9989388945225673,0.995039403089471,LEG_3_NONLINEAR_COUPLED
318.88755294421094,1.000263714984441,0.005,-0.015,SUBJECT_V3_b488f024afb099bb291c1da9,164,MYOLEG_V3_K0164,1.0001211839833295,1.000263714984441,0.9978874265029787,0.995039403089471,LEG_3_NONLINEAR_COUPLED
318.7936054114997,1.000263714984441,0.0075,-0.015,SUBJECT_V3_e5f741c23f901ea76666a985,165,MYOLEG_V3_K0165,1.0001817603730465,1.000263714984441,0.9968461389888468,0.995039403089471,LEG_3_NONLINEAR_COUPLED
318.7006674269524,1.000263714984441,0.01,-0.015,SUBJECT_V3_681a5462601c457998454994,166,MYOLEG_V3_K0166,1.0002423711420156,1.000263714984441,0.9958149729617237,0.995039403089471,LEG_3_NONLINEAR_COUPLED
318.60873100871174,1.0003030269343685,0.0125,-0.015,SUBJECT_V3_7495d7d70dd930ad430ae6fa,167,MYOLEG_V3_K0167,1.0003030269343685,1.000263714984441,0.994793859360125,0.995039403089471,LEG_3_NONLINEAR_COUPLED
318.51778856866207,1.0003636936696878,0.015,-0.015,SUBJECT_V3_d738dbbd21baf2bd0a80a62e,168,MYOLEG_V3_K0168,1.0003636936696878,1.000263714984441,0.9937827519753869,0.995039403089471,LEG_3_NONLINEAR_COUPLED
318.4278317714963,1.0004243869738,0.0175,-0.015,SUBJECT_V3_79669adc50c594f6c4f89a69,169,MYOLEG_V3_K0169,1.0004243869738,1.000263714984441,0.9927815750918323,0.995039403089471,LEG_3_NONLINEAR_COUPLED
318.33885278469387,1.0004851350638921,0.02,-0.015,SUBJECT_V3_8fb1b64158cbc5b21fe43848,170,MYOLEG_V3_K0170,1.0004851350638921,1.000263714984441,0.9917902526935126,0.995039403089471,LEG_3_NONLINEAR_COUPLED
318.25084419883046,1.000545851108415,0.0225,-0.015,SUBJECT_V3_0a50d890d975177c6f87a64e,171,MYOLEG_V3_K0171,1.000545851108415,1.000263714984441,0.9908087619139082,0.995039403089471,LEG_3_NONLINEAR_COUPLED
318.1637926948971,1.000606594793068,0.025,-0.015,SUBJECT_V3_bba18e60e51b7014dde0af5e,172,MYOLEG_V3_K0172,1.000606594793068,1.000263714984441,0.9898369530383331,0.995039403089471,LEG_3_NONLINEAR_COUPLED
318.07769169115926,1.0006673731836526,0.0275,-0.015,SUBJECT_V3_ad73d15e6d15362f3bc8660c,173,MYOLEG_V3_K0173,1.0006673731836526,1.000263714984441,0.9888747714519465,0.995039403089471,LEG_3_NONLINEAR_COUPLED
317.9925351917079,1.0007281969888686,0.03,-0.015,SUBJECT_V3_6259af01a33b83d013ea182c,174,MYOLEG_V3_K0174,1.0007281969888686,1.000263714984441,0.9879221670365519,0.995039403089471,LEG_3_NONLINEAR_COUPLED
320.41100077093927,1.013556242469001,-0.03,-0.0125,SUBJECT_V3_481915d0624deb4f16a5e756,175,MYOLEG_V3_K0175,0.9992789458319817,1.0002189857510226,1.013556242469001,0.9958694291011426,LEG_3_NONLINEAR_COUPLED
320.3022406381484,1.012368175796792,-0.0275,-0.0125,SUBJECT_V3_e8a49ba8d496f5f53f04ec91,176,MYOLEG_V3_K0176,0.9993386813965298,1.0002189857510226,1.012368175796792,0.9958694291011426,LEG_3_NONLINEAR_COUPLED
320.1945756968475,1.0111908225487887,-0.025,-0.0125,SUBJECT_V3_f19462739e0aae34c4bbd3c1,177,MYOLEG_V3_K0177,0.9993984479884196,1.0002189857510226,1.0111908225487887,0.9958694291011426,LEG_3_NONLINEAR_COUPLED
320.08800473627605,1.0100241697269678,-0.0225,-0.0125,SUBJECT_V3_2c3569ff45acfa606e52c53f,178,MYOLEG_V3_K0178,0.9994583070898231,1.0002189857510226,1.0100241697269678,0.9958694291011426,LEG_3_NONLINEAR_COUPLED
319.98252106708,1.0088682045766433,-0.02,-0.0125,SUBJECT_V3_e11a0ace03950a39406a1404,179,MYOLEG_V3_K0179,0.9995181782127479,1.0002189857510226,1.0088682045766433,0.9958694291011426,LEG_3_NONLINEAR_COUPLED
319.8781181358963,1.007722817213659,-0.0175,-0.0125,SUBJECT_V3_1c4c4fa2a88e0b16a734a73c,180,MYOLEG_V3_K0180,0.9995782162876052,1.0002189857510226,1.007722817213659,0.9958694291011426,LEG_3_NONLINEAR_COUPLED
319.77479348245595,1.0065880546968728,-0.015,-0.0125,SUBJECT_V3_2db474ad0d5f83b1dd1cb677,181,MYOLEG_V3_K0181,0.9996383047947633,1.0002189857510226,1.0065880546968728,0.9958694291011426,LEG_3_NONLINEAR_COUPLED
319.67254011953855,1.0054638566731693,-0.0125,-0.0125,SUBJECT_V3_dd251d18211e8f57beb677c1,182,MYOLEG_V3_K0182,0.9996984674875931,1.0002189857510226,1.0054638566731693,0.9958694291011426,LEG_3_NONLINEAR_COUPLED
319.57135218549354,1.0043501964641983,-0.01,-0.0125,SUBJECT_V3_9f7169add1d994878e9159e3,183,MYOLEG_V3_K0183,0.9997586757789991,1.0002189857510226,1.0043501964641983,0.9958694291011426,LEG_3_NONLINEAR_COUPLED
319.4712228356412,1.0032470088640724,-0.0075,-0.0125,SUBJECT_V3_7ba29a867b401d01c974d4e7,184,MYOLEG_V3_K0184,0.9998189670062219,1.0002189857510226,1.0032470088640724,0.9958694291011426,LEG_3_NONLINEAR_COUPLED
319.3721463143318,1.0021542691380847,-0.005,-0.0125,SUBJECT_V3_12717ff71e8eb4cdbf5f12d0,185,MYOLEG_V3_K0185,0.9998793091855007,1.0002189857510226,1.0021542691380847,0.9958694291011426,LEG_3_NONLINEAR_COUPLED
319.27411551656974,1.0010719237575385,-0.0025,-0.0125,SUBJECT_V3_fd41e819de95c52cc134eba3,186,MYOLEG_V3_K0186,0.9999397035843622,1.0002189857510226,1.0010719237575385,0.9958694291011426,LEG_3_NONLINEAR_COUPLED
319.1771234849851,1.0002189857510226,0.0,-0.0125,SUBJECT_V3_8936f7e7be82e915832f44db,187,MYOLEG_V3_K0187,1.0000001465458925,1.0002189857510226,0.9999999225111331,0.9958694291011426,LEG_3_NONLINEAR_COUPLED
319.08122658741627,1.0002189857510226,0.0025,-0.0125,SUBJECT_V3_102d40128652a5c8d50631b6,188,MYOLEG_V3_K0188,1.0000606448180707,1.0002189857510226,0.9989388945225673,0.9958694291011426,LEG_3_NONLINEAR_COUPLED
318.98629127789053,1.0002189857510226,0.005,-0.0125,SUBJECT_V3_c008c015f323d1dbf7d07847,189,MYOLEG_V3_K0189,1.0001211839833295,1.0002189857510226,0.9978874265029787,0.9958694291011426,LEG_3_NONLINEAR_COUPLED
318.8923728340634,1.0002189857510226,0.0075,-0.0125,SUBJECT_V3_188197db68d2ea2bc92500ce,190,MYOLEG_V3_K0190,1.0001817603730465,1.0002189857510226,0.9968461389888468,0.9958694291011426,LEG_3_NONLINEAR_COUPLED
318.7994636426812,1.0002423711420156,0.01,-0.0125,SUBJECT_V3_e16758e4cbb994d4830d7aa1,191,MYOLEG_V3_K0191,1.0002423711420156,1.0002189857510226,0.9958149729617237,0.9958694291011426,LEG_3_NONLINEAR_COUPLED
318.7075557238296,1.0003030269343685,0.0125,-0.0125,SUBJECT_V3_176554910bd483550d136b6e,192,MYOLEG_V3_K0192,1.0003030269343685,1.0002189857510226,0.994793859360125,0.9958694291011426,LEG_3_NONLINEAR_COUPLED
318.6166414912241,1.0003636936696878,0.015,-0.0125,SUBJECT_V3_1b23d02f4da600e7013f79c7,193,MYOLEG_V3_K0193,1.0003636936696878,1.0002189857510226,0.9937827519753869,0.9958694291011426,LEG_3_NONLINEAR_COUPLED
318.5267126116311,1.0004243869738,0.0175,-0.0125,SUBJECT_V3_ed46fb2294676d687889f478,194,MYOLEG_V3_K0194,1.0004243869738,1.0002189857510226,0.9927815750918323,0.9958694291011426,LEG_3_NONLINEAR_COUPLED
318.4377612544582,1.0004851350638921,0.02,-0.0125,SUBJECT_V3_aa073dc3581992efabe17553,195,MYOLEG_V3_K0195,1.0004851350638921,1.0002189857510226,0.9917902526935126,0.9958694291011426,LEG_3_NONLINEAR_COUPLED
318.34978001208765,1.000545851108415,0.0225,-0.0125,SUBJECT_V3_8e33235b3779e61c2ff9577a,196,MYOLEG_V3_K0196,1.000545851108415,1.0002189857510226,0.9908087619139082,0.9958694291011426,LEG_3_NONLINEAR_COUPLED
318.2627555691645,1.000606594793068,0.025,-0.0125,SUBJECT_V3_a923a32a7a039bb93d87d729,197,MYOLEG_V3_K0197,1.000606594793068,1.0002189857510226,0.9898369530383331,0.9958694291011426,LEG_3_NONLINEAR_COUPLED
318.17668134552616,1.0006673731836526,0.0275,-0.0125,SUBJECT_V3_ebcf1924787b93a65b4ad223,198,MYOLEG_V3_K0198,1.0006673731836526,1.0002189857510226,0.9888747714519465,0.9958694291011426,LEG_3_NONLINEAR_COUPLED
318.0915513466617,1.0007281969888686,0.03,-0.0125,SUBJECT_V3_75b453f09ff45478295990a7,199,MYOLEG_V3_K0199,1.0007281969888686,1.0002189857510226,0.9879221670365519,0.9958694291011426,LEG_3_NONLINEAR_COUPLED
320.5092187475818,1.013556242469001,-0.03,-0.01,SUBJECT_V3_a665e256d1d9436880af59b1,200,MYOLEG_V3_K0200,0.9992789458319817,1.0001745810809564,1.013556242469001,0.9966981753354338,LEG_3_NONLINEAR_COUPLED
320.4004919549418,1.012368175796792,-0.0275,-0.01,SUBJECT_V3_84c887a7e2ed0ff4c716ee0c,201,MYOLEG_V3_K0201,0.9993386813965298,1.0001745810809564,1.012368175796792,0.9966981753354338,LEG_3_NONLINEAR_COUPLED
320.2928600403615,1.0111908225487887,-0.025,-0.01,SUBJECT_V3_f0a065b172506f36fec84e66,202,MYOLEG_V3_K0202,0.9993984479884196,1.0001745810809564,1.0111908225487887,0.9966981753354338,LEG_3_NONLINEAR_COUPLED
320.18632179279723,1.0100241697269678,-0.0225,-0.01,SUBJECT_V3_cb8a3aa770d44f62ca4e7d86,203,MYOLEG_V3_K0203,0.9994583070898231,1.0001745810809564,1.0100241697269678,0.9966981753354338,LEG_3_NONLINEAR_COUPLED
320.0808705243015,1.0088682045766433,-0.02,-0.01,SUBJECT_V3_13541656ca502cc865cb9519,204,MYOLEG_V3_K0204,0.9995181782127479,1.0001745810809564,1.0088682045766433,0.9966981753354338,LEG_3_NONLINEAR_COUPLED
319.9764996828874,1.007722817213659,-0.0175,-0.01,SUBJECT_V3_730c33c9b4e13966e46c178f,205,MYOLEG_V3_K0205,0.9995782162876052,1.0001745810809564,1.007722817213659,0.9966981753354338,LEG_3_NONLINEAR_COUPLED
319.873206808413,1.0065880546968728,-0.015,-0.01,SUBJECT_V3_8e3d386a369f7ee434f9ec22,206,MYOLEG_V3_K0206,0.9996383047947633,1.0001745810809564,1.0065880546968728,0.9966981753354338,LEG_3_NONLINEAR_COUPLED
319.77098491518643,1.0054638566731693,-0.0125,-0.01,SUBJECT_V3_2d215d30d1f9773a92cd946d,207,MYOLEG_V3_K0207,0.9996984674875931,1.0001745810809564,1.0054638566731693,0.9966981753354338,LEG_3_NONLINEAR_COUPLED
319.6698281427497,1.0043501964641983,-0.01,-0.01,SUBJECT_V3_c243651590c825a760ab8f81,208,MYOLEG_V3_K0208,0.9997586757789991,1.0001745810809564,1.0043501964641983,0.9966981753354338,LEG_3_NONLINEAR_COUPLED
319.5697296479288,1.0032470088640724,-0.0075,-0.01,SUBJECT_V3_b6e72a234f3929099b4e5d4e,209,MYOLEG_V3_K0209,0.9998189670062219,1.0001745810809564,1.0032470088640724,0.9966981753354338,LEG_3_NONLINEAR_COUPLED
319.47068367625434,1.0021542691380847,-0.005,-0.01,SUBJECT_V3_fa8b51b39de5f86e9ffa2b79,210,MYOLEG_V3_K0210,0.9998793091855007,1.0001745810809564,1.0021542691380847,0.9966981753354338,LEG_3_NONLINEAR_COUPLED
319.37268312433724,1.0010719237575385,-0.0025,-0.01,SUBJECT_V3_bd041e2fafc3ed64dcf03b38,211,MYOLEG_V3_K0211,0.9999397035843622,1.0001745810809564,1.0010719237575385,0.9966981753354338,LEG_3_NONLINEAR_COUPLED
319.2757210363792,1.0001745810809564,0.0,-0.01,SUBJECT_V3_7298b0c99613cf666c074d49,212,MYOLEG_V3_K0212,1.0000001465458925,1.0001745810809564,0.9999999225111331,0.9966981753354338,LEG_3_NONLINEAR_COUPLED
319.17985376223305,1.0001745810809564,0.0025,-0.01,SUBJECT_V3_fcbff5c222672e8bf01a7210,213,MYOLEG_V3_K0213,1.0000606448180707,1.0001745810809564,0.9989388945225673,0.9966981753354338,LEG_3_NONLINEAR_COUPLED
319.084947796623,1.0001745810809564,0.005,-0.01,SUBJECT_V3_b0954ce0e5b1c10db611b7d9,214,MYOLEG_V3_K0214,1.0001211839833295,1.0001745810809564,0.9978874265029787,0.9966981753354338,LEG_3_NONLINEAR_COUPLED
318.99105839958855,1.0001817603730465,0.0075,-0.01,SUBJECT_V3_a71375347248c60fe64136b9,215,MYOLEG_V3_K0215,1.0001817603730465,1.0001745810809564,0.9968461389888468,0.9966981753354338,LEG_3_NONLINEAR_COUPLED
318.89817795969236,1.0002423711420156,0.01,-0.01,SUBJECT_V3_6f07b747e8c7e60405e14571,216,MYOLEG_V3_K0216,1.0002423711420156,1.0001745810809564,0.9958149729617237,0.9966981753354338,LEG_3_NONLINEAR_COUPLED
318.80629849896053,1.0003030269343685,0.0125,-0.01,SUBJECT_V3_77d421b767fb81c3b68e68e9,217,MYOLEG_V3_K0217,1.0003030269343685,1.0001745810809564,0.994793859360125,0.9966981753354338,LEG_3_NONLINEAR_COUPLED
318.71541243293774,1.0003636936696878,0.015,-0.01,SUBJECT_V3_f663760bc753e3184ec6744f,218,MYOLEG_V3_K0218,1.0003636936696878,1.0001745810809564,0.9937827519753869,0.9966981753354338,LEG_3_NONLINEAR_COUPLED
318.62551143046136,1.0004243869738,0.0175,-0.01,SUBJECT_V3_7896a842e9c9e4fca4fbe250,219,MYOLEG_V3_K0219,1.0004243869738,1.0001745810809564,0.9927815750918323,0.9966981753354338,LEG_3_NONLINEAR_COUPLED
318.5365876628644,1.0004851350638921,0.02,-0.01,SUBJECT_V3_07338d84820c9b8f69e22cf9,220,MYOLEG_V3_K0220,1.0004851350638921,1.0001745810809564,0.9917902526935126,0.9966981753354338,LEG_3_NONLINEAR_COUPLED
318.44863372433394,1.000545851108415,0.0225,-0.01,SUBJECT_V3_9d43a60f19ba4ef840932e17,221,MYOLEG_V3_K0221,1.000545851108415,1.0001745810809564,0.9908087619139082,0.9966981753354338,LEG_3_NONLINEAR_COUPLED
318.3616363031641,1.000606594793068,0.025,-0.01,SUBJECT_V3_6859b34b9b799e4661d0f084,222,MYOLEG_V3_K0222,1.000606594793068,1.0001745810809564,0.9898369530383331,0.9966981753354338,LEG_3_NONLINEAR_COUPLED
318.2755888207622,1.0006673731836526,0.0275,-0.01,SUBJECT_V3_4a739ad2e11db5b76c4801ee,223,MYOLEG_V3_K0223,1.0006673731836526,1.0001745810809564,0.9888747714519465,0.9966981753354338,LEG_3_NONLINEAR_COUPLED
318.1904852840139,1.0007281969888686,0.03,-0.01,SUBJECT_V3_8c4bc391b6fa4f21c8b05249,224,MYOLEG_V3_K0224,1.0007281969888686,1.0001745810809564,0.9879221670365519,0.9966981753354338,LEG_3_NONLINEAR_COUPLED
320.6073512827192,1.013556242469001,-0.03,-0.0075,SUBJECT_V3_e26b05725fe9d6cdb2840770,225,MYOLEG_V3_K0225,0.9992789458319817,1.0001305051203666,1.013556242469001,0.9975256073205334,LEG_3_NONLINEAR_COUPLED
320.4986577808157,1.012368175796792,-0.0275,-0.0075,SUBJECT_V3_7144f2cc729fcd485905e798,226,MYOLEG_V3_K0226,0.9993386813965298,1.0001305051203666,1.012368175796792,0.9975256073205334,LEG_3_NONLINEAR_COUPLED
320.39105884398566,1.0111908225487887,-0.025,-0.0075,SUBJECT_V3_a2db676d96a3e5a6c3cc200f,227,MYOLEG_V3_K0227,0.9993984479884196,1.0001305051203666,1.0111908225487887,0.9975256073205334,LEG_3_NONLINEAR_COUPLED
320.28455326090324,1.0100241697269678,-0.0225,-0.0075,SUBJECT_V3_66a28e72623ebc3fc24d9f4d,228,MYOLEG_V3_K0228,0.9994583070898231,1.0001305051203666,1.0100241697269678,0.9975256073205334,LEG_3_NONLINEAR_COUPLED
320.1791343450262,1.0088682045766433,-0.02,-0.0075,SUBJECT_V3_c1d969051146aa25d32b77ad,229,MYOLEG_V3_K0229,0.9995181782127479,1.0001305051203666,1.0088682045766433,0.9975256073205334,LEG_3_NONLINEAR_COUPLED
320.07479554574195,1.007722817213659,-0.0175,-0.0075,SUBJECT_V3_42399ae421dbfd8eee1e76d7,230,MYOLEG_V3_K0230,0.9995782162876052,1.0001305051203666,1.007722817213659,0.9975256073205334,LEG_3_NONLINEAR_COUPLED
319.9715344030363,1.0065880546968728,-0.015,-0.0075,SUBJECT_V3_9268272b8798ac04fc413046,231,MYOLEG_V3_K0231,0.9996383047947633,1.0001305051203666,1.0065880546968728,0.9975256073205334,LEG_3_NONLINEAR_COUPLED
319.86934393274396,1.0054638566731693,-0.0125,-0.0075,SUBJECT_V3_d483e1257ca0500eccc795f9,232,MYOLEG_V3_K0232,0.9996984674875931,1.0001305051203666,1.0054638566731693,0.9975256073205334,LEG_3_NONLINEAR_COUPLED
319.7682182755985,1.0043501964641983,-0.01,-0.0075,SUBJECT_V3_d13edcfa29a973b9e9342a8d,233,MYOLEG_V3_K0233,0.9997586757789991,1.0001305051203666,1.0043501964641983,0.9975256073205334,LEG_3_NONLINEAR_COUPLED
319.66815058992967,1.0032470088640724,-0.0075,-0.0075,SUBJECT_V3_a927d3b47c1a125c8479bade,234,MYOLEG_V3_K0234,0.9998189670062219,1.0001305051203666,1.0032470088640724,0.9975256073205334,LEG_3_NONLINEAR_COUPLED
319.5691351224474,1.0021542691380847,-0.005,-0.0075,SUBJECT_V3_5de19af3b15612f6c85235dc,235,MYOLEG_V3_K0235,0.9998793091855007,1.0001305051203666,1.0021542691380847,0.9975256073205334,LEG_3_NONLINEAR_COUPLED
319.4711647713671,1.0010719237575385,-0.0025,-0.0075,SUBJECT_V3_f5b85997af216c3702c3bb64,236,MYOLEG_V3_K0236,0.9999397035843622,1.0001305051203666,1.0010719237575385,0.9975256073205334,LEG_3_NONLINEAR_COUPLED
319.37423258246037,1.0001305051203666,0.0,-0.0075,SUBJECT_V3_f547e923c36d0a2512e93e03,237,MYOLEG_V3_K0237,1.0000001465458925,1.0001305051203666,0.9999999225111331,0.9975256073205334,LEG_3_NONLINEAR_COUPLED
319.27839488762174,1.0001305051203666,0.0025,-0.0075,SUBJECT_V3_b32ec3aea1f316ca70138b2d,238,MYOLEG_V3_K0238,1.0000606448180707,1.0001305051203666,0.9989388945225673,0.9975256073205334,LEG_3_NONLINEAR_COUPLED
319.1835182222123,1.0001305051203666,0.005,-0.0075,SUBJECT_V3_2831705554d4fcc587e4a232,239,MYOLEG_V3_K0239,1.0001211839833295,1.0001305051203666,0.9978874265029787,0.9975256073205334,LEG_3_NONLINEAR_COUPLED
319.089657828682,1.0001817603730465,0.0075,-0.0075,SUBJECT_V3_3e70979bfc2ea3f9078e80b0,240,MYOLEG_V3_K0240,1.0001817603730465,1.0001305051203666,0.9968461389888468,0.9975256073205334,LEG_3_NONLINEAR_COUPLED
318.99680609740795,1.0002423711420156,0.01,-0.0075,SUBJECT_V3_32746adb80aa25e773e9934d,241,MYOLEG_V3_K0241,1.0002423711420156,1.0001305051203666,0.9958149729617237,0.9975256073205334,LEG_3_NONLINEAR_COUPLED
318.9049550523542,1.0003030269343685,0.0125,-0.0075,SUBJECT_V3_55694311290aff7c470888ef,242,MYOLEG_V3_K0242,1.0003030269343685,1.0001305051203666,0.994793859360125,0.9975256073205334,LEG_3_NONLINEAR_COUPLED
318.814097110892,1.0003636936696878,0.015,-0.0075,SUBJECT_V3_80cb4e9e4bd47d5379fc2b9e,243,MYOLEG_V3_K0243,1.0003636936696878,1.0001305051203666,0.9937827519753869,0.9975256073205334,LEG_3_NONLINEAR_COUPLED
318.7242239439273,1.0004243869738,0.0175,-0.0075,SUBJECT_V3_1729a058f19330cf13876b32,244,MYOLEG_V3_K0244,1.0004243869738,1.0001305051203666,0.9927815750918323,0.9975256073205334,LEG_3_NONLINEAR_COUPLED
318.6353277247163,1.0004851350638921,0.02,-0.0075,SUBJECT_V3_b1c0d3ff501e7cffeb9d6a48,245,MYOLEG_V3_K0245,1.0004851350638921,1.0001305051203666,0.9917902526935126,0.9975256073205334,LEG_3_NONLINEAR_COUPLED
318.5474010492483,1.000545851108415,0.0225,-0.0075,SUBJECT_V3_ce24fdde2c73d52422a33a6c,246,MYOLEG_V3_K0246,1.000545851108415,1.0001305051203666,0.9908087619139082,0.9975256073205334,LEG_3_NONLINEAR_COUPLED
318.4604306094618,1.000606594793068,0.025,-0.0075,SUBJECT_V3_0f729195bb65057245bbfef3,247,MYOLEG_V3_K0247,1.000606594793068,1.0001305051203666,0.9898369530383331,0.9975256073205334,LEG_3_NONLINEAR_COUPLED
318.37440982833175,1.0006673731836526,0.0275,-0.0075,SUBJECT_V3_0164c21f9b683e8e1384f461,248,MYOLEG_V3_K0248,1.0006673731836526,1.0001305051203666,0.9888747714519465,0.9975256073205334,LEG_3_NONLINEAR_COUPLED
318.28933271413916,1.0007281969888686,0.03,-0.0075,SUBJECT_V3_eda1b853d4b0e532c02131f5,249,MYOLEG_V3_K0249,1.0007281969888686,1.0001305051203666,0.9879221670365519,0.9975256073205334,LEG_3_NONLINEAR_COUPLED
320.7053953483487,1.013556242469001,-0.03,-0.005,SUBJECT_V3_078216f1d32f939380f05d00,250,MYOLEG_V3_K0250,0.9992789458319817,1.0000867461439198,1.013556242469001,0.9983517089961376,LEG_3_NONLINEAR_COUPLED
320.59673508681294,1.012368175796792,-0.0275,-0.005,SUBJECT_V3_65e5d67a6ef9e62e92937962,251,MYOLEG_V3_K0251,0.9993386813965298,1.0000867461439198,1.012368175796792,0.9983517089961376,LEG_3_NONLINEAR_COUPLED
320.4891690778177,1.0111908225487887,-0.025,-0.005,SUBJECT_V3_6124d34150688b8e888b0fff,252,MYOLEG_V3_K0252,0.9993984479884196,1.0000867461439198,1.0111908225487887,0.9983517089961376,LEG_3_NONLINEAR_COUPLED
320.3826961097557,1.0100241697269678,-0.0225,-0.005,SUBJECT_V3_d510d9afbc7be9a7861fcd91,253,MYOLEG_V3_K0253,0.9994583070898231,1.0000867461439198,1.0100241697269678,0.9983517089961376,LEG_3_NONLINEAR_COUPLED
320.27730949748855,1.0088682045766433,-0.02,-0.005,SUBJECT_V3_aee046aa97c4ab8f97a48b59,254,MYOLEG_V3_K0254,0.9995181782127479,1.0000867461439198,1.0088682045766433,0.9983517089961376,LEG_3_NONLINEAR_COUPLED
320.1730026917763,1.007722817213659,-0.0175,-0.005,SUBJECT_V3_a1723b54863771f8863e008f,255,MYOLEG_V3_K0255,0.9995782162876052,1.0000867461439198,1.007722817213659,0.9983517089961376,LEG_3_NONLINEAR_COUPLED
320.06977323273304,1.0065880546968728,-0.015,-0.005,SUBJECT_V3_c3cd1e0bf32b87b8504052b9,256,MYOLEG_V3_K0256,0.9996383047947633,1.0000867461439198,1.0065880546968728,0.9983517089961376,LEG_3_NONLINEAR_COUPLED
319.96761413771833,1.0054638566731693,-0.0125,-0.005,SUBJECT_V3_91aac2b8fe3621c46f4f778a,257,MYOLEG_V3_K0257,0.9996984674875931,1.0000867461439198,1.0054638566731693,0.9983517089961376,LEG_3_NONLINEAR_COUPLED
319.8665195486557,1.0043501964641983,-0.01,-0.005,SUBJECT_V3_3d55cab22265a857a430689b,258,MYOLEG_V3_K0258,0.9997586757789991,1.0000867461439198,1.0043501964641983,0.9983517089961376,LEG_3_NONLINEAR_COUPLED
319.76648262537725,1.0032470088640724,-0.0075,-0.005,SUBJECT_V3_41af6b203e776811353b2cab,259,MYOLEG_V3_K0259,0.9998189670062219,1.0000867461439198,1.0032470088640724,0.9983517089961376,LEG_3_NONLINEAR_COUPLED
319.6674976157707,1.0021542691380847,-0.005,-0.005,SUBJECT_V3_41dc6f9351d52ca7602bd89f,260,MYOLEG_V3_K0260,0.9998793091855007,1.0000867461439198,1.0021542691380847,0.9983517089961376,LEG_3_NONLINEAR_COUPLED
319.56955741965425,1.0010719237575385,-0.0025,-0.005,SUBJECT_V3_24a19bcbd58627332236acea,261,MYOLEG_V3_K0261,0.9999397035843622,1.0000867461439198,1.0010719237575385,0.9983517089961376,LEG_3_NONLINEAR_COUPLED
319.47265508436743,1.0000867461439198,0.0,-0.005,SUBJECT_V3_016f4c30bfeef7c4ac4c2751,262,MYOLEG_V3_K0262,1.0000001465458925,1.0000867461439198,0.9999999225111331,0.9983517089961376,LEG_3_NONLINEAR_COUPLED
319.3768469238743,1.0000867461439198,0.0025,-0.005,SUBJECT_V3_5056ea43a5659e1f1ce2f59d,263,MYOLEG_V3_K0263,1.0000606448180707,1.0000867461439198,0.9989388945225673,0.9983517089961376,LEG_3_NONLINEAR_COUPLED
319.28199951411136,1.0001211839833295,0.005,-0.005,SUBJECT_V3_3107f2c6a1158b29995575ef,264,MYOLEG_V3_K0264,1.0001211839833295,1.0000867461439198,0.9978874265029787,0.9983517089961376,LEG_3_NONLINEAR_COUPLED
319.1881680799667,1.0001817603730465,0.0075,-0.005,SUBJECT_V3_10fcff40270703561159c8aa,265,MYOLEG_V3_K0265,1.0001817603730465,1.0000867461439198,0.9968461389888468,0.9983517089961376,LEG_3_NONLINEAR_COUPLED
319.0953450136291,1.0002423711420156,0.01,-0.005,SUBJECT_V3_76f05d6373ba9bbef03a35af,266,MYOLEG_V3_K0266,1.0002423711420156,1.0000867461439198,0.9958149729617237,0.9983517089961376,LEG_3_NONLINEAR_COUPLED
319.0035223409982,1.0003030269343685,0.0125,-0.005,SUBJECT_V3_1fc2777465699e0f43801fa8,267,MYOLEG_V3_K0267,1.0003030269343685,1.0000867461439198,0.994793859360125,0.9983517089961376,LEG_3_NONLINEAR_COUPLED
318.91269248126986,1.0003636936696878,0.015,-0.005,SUBJECT_V3_fb687289694f105cdd1d8e6c,268,MYOLEG_V3_K0268,1.0003636936696878,1.0000867461439198,0.9937827519753869,0.9983517089961376,LEG_3_NONLINEAR_COUPLED
318.8228471074155,1.0004243869738,0.0175,-0.005,SUBJECT_V3_dcb4f26a055152b80d25d9b8,269,MYOLEG_V3_K0269,1.0004243869738,1.0000867461439198,0.9927815750918323,0.9983517089961376,LEG_3_NONLINEAR_COUPLED
318.73397839461217,1.0004851350638921,0.02,-0.005,SUBJECT_V3_447c0786f4514b61dbae6b57,270,MYOLEG_V3_K0270,1.0004851350638921,1.0000867461439198,0.9917902526935126,0.9983517089961376,LEG_3_NONLINEAR_COUPLED
318.6460789406491,1.000545851108415,0.0225,-0.005,SUBJECT_V3_dfc7f9434ee3f87f46b7d97d,271,MYOLEG_V3_K0271,1.000545851108415,1.0000867461439198,0.9908087619139082,0.9983517089961376,LEG_3_NONLINEAR_COUPLED
318.5591354411038,1.000606594793068,0.025,-0.005,SUBJECT_V3_36f7a8ceff2fabd9736ec347,272,MYOLEG_V3_K0272,1.000606594793068,1.0000867461439198,0.9898369530383331,0.9983517089961376,LEG_3_NONLINEAR_COUPLED
318.47314132051747,1.0006673731836526,0.0275,-0.005,SUBJECT_V3_be32a38901eb5053880e963c,273,MYOLEG_V3_K0273,1.0006673731836526,1.0000867461439198,0.9888747714519465,0.9983517089961376,LEG_3_NONLINEAR_COUPLED
318.38809058856407,1.0007281969888686,0.03,-0.005,SUBJECT_V3_e8f0bcd78654c83776d528f9,274,MYOLEG_V3_K0274,1.0007281969888686,1.0000867461439198,0.9879221670365519,0.9983517089961376,LEG_3_NONLINEAR_COUPLED
320.80334745467854,1.013556242469001,-0.03,-0.0025,SUBJECT_V3_a5f7d022dc6fcc6e9250bbf9,275,MYOLEG_V3_K0275,0.9992789458319817,1.0000433028405846,1.013556242469001,0.9991764551284693,LEG_3_NONLINEAR_COUPLED
320.69472038203355,1.012368175796792,-0.0275,-0.0025,SUBJECT_V3_c22b6fa89a923620d14d532e,276,MYOLEG_V3_K0276,0.9993386813965298,1.0000433028405846,1.012368175796792,0.9991764551284693,LEG_3_NONLINEAR_COUPLED
320.58718724985965,1.0111908225487887,-0.025,-0.0025,SUBJECT_V3_e6a2ff7b4e1b0c3c7456660b,277,MYOLEG_V3_K0277,0.9993984479884196,1.0000433028405846,1.0111908225487887,0.9991764551284693,LEG_3_NONLINEAR_COUPLED
320.4807468462695,1.0100241697269678,-0.0225,-0.0025,SUBJECT_V3_d98840ec7542d061632e737d,278,MYOLEG_V3_K0278,0.9994583070898231,1.0000433028405846,1.0100241697269678,0.9991764551284693,LEG_3_NONLINEAR_COUPLED
320.3753924875265,1.0088682045766433,-0.02,-0.0025,SUBJECT_V3_f7e29433deacbf0687d48395,279,MYOLEG_V3_K0279,0.9995181782127479,1.0000433028405846,1.0088682045766433,0.9991764551284693,LEG_3_NONLINEAR_COUPLED
320.27111762576214,1.007722817213659,-0.0175,-0.0025,SUBJECT_V3_d81195daa2509cf2c0f77e54,280,MYOLEG_V3_K0280,0.9995782162876052,1.0000433028405846,1.007722817213659,0.9991764551284693,LEG_3_NONLINEAR_COUPLED
320.1679198012189,1.0065880546968728,-0.015,-0.0025,SUBJECT_V3_0357d1cc035255eace9f47e3,281,MYOLEG_V3_K0281,0.9996383047947633,1.0000433028405846,1.0065880546968728,0.9991764551284693,LEG_3_NONLINEAR_COUPLED
320.06579203277937,1.0054638566731693,-0.0125,-0.0025,SUBJECT_V3_9fd9a18e08763138c6368b6e,282,MYOLEG_V3_K0282,0.9996984674875931,1.0000433028405846,1.0054638566731693,0.9991764551284693,LEG_3_NONLINEAR_COUPLED
319.964728463556,1.0043501964641983,-0.01,-0.0025,SUBJECT_V3_cb91ade1aa76f4e71329935c,283,MYOLEG_V3_K0283,0.9997586757789991,1.0000433028405846,1.0043501964641983,0.9991764551284693,LEG_3_NONLINEAR_COUPLED
319.86472225488114,1.0032470088640724,-0.0075,-0.0025,SUBJECT_V3_080914840f4bf450ebfe4d33,284,MYOLEG_V3_K0284,0.9998189670062219,1.0000433028405846,1.0032470088640724,0.9991764551284693,LEG_3_NONLINEAR_COUPLED
319.76576765581916,1.0021542691380847,-0.005,-0.0025,SUBJECT_V3_6263dcede9c2d529ab805684,285,MYOLEG_V3_K0285,0.9998793091855007,1.0000433028405846,1.0021542691380847,0.9991764551284693,LEG_3_NONLINEAR_COUPLED
319.66785756778904,1.0010719237575385,-0.0025,-0.0025,SUBJECT_V3_e554f9b560ef3ef858c2a25d,286,MYOLEG_V3_K0286,0.9999397035843622,1.0000433028405846,1.0010719237575385,0.9991764551284693,LEG_3_NONLINEAR_COUPLED
319.57098503969627,1.0000433028405846,0.0,-0.0025,SUBJECT_V3_f5436398fa9b79f84ff31c35,287,MYOLEG_V3_K0287,1.0000001465458925,1.0000433028405846,0.9999999225111331,0.9991764551284693,LEG_3_NONLINEAR_COUPLED
319.4752063676029,1.0000606448180707,0.0025,-0.0025,SUBJECT_V3_e1c38a7d406f06877a9c00e1,288,MYOLEG_V3_K0288,1.0000606448180707,1.0000433028405846,0.9989388945225673,0.9991764551284693,LEG_3_NONLINEAR_COUPLED
319.38038816795813,1.0001211839833295,0.005,-0.0025,SUBJECT_V3_311c15901f012ca95da110dc,289,MYOLEG_V3_K0289,1.0001211839833295,1.0000433028405846,0.9978874265029787,0.9991764551284693,LEG_3_NONLINEAR_COUPLED
319.2865856481159,1.0001817603730465,0.0075,-0.0025,SUBJECT_V3_5cf2c54ba28e0fe5e814b211,290,MYOLEG_V3_K0290,1.0001817603730465,1.0000433028405846,0.9968461389888468,0.9991764551284693,LEG_3_NONLINEAR_COUPLED
319.19379120207464,1.0002423711420156,0.01,-0.0025,SUBJECT_V3_c2c39d6f0d4d0a2b97660a34,291,MYOLEG_V3_K0291,1.0002423711420156,1.0000433028405846,0.9958149729617237,0.9991764551284693,LEG_3_NONLINEAR_COUPLED
319.1019968576667,1.0003030269343685,0.0125,-0.0025,SUBJECT_V3_943b417df18ce46a092a9792,292,MYOLEG_V3_K0292,1.0003030269343685,1.0000433028405846,0.994793859360125,0.9991764551284693,LEG_3_NONLINEAR_COUPLED
319.01119503591025,1.0003636936696878,0.015,-0.0025,SUBJECT_V3_44c4fbf7e988f2b1751311e6,293,MYOLEG_V3_K0293,1.0003636936696878,1.0000433028405846,0.9937827519753869,0.9991764551284693,LEG_3_NONLINEAR_COUPLED
318.92137741183956,1.0004243869738,0.0175,-0.0025,SUBJECT_V3_5ae2b7ad12733f2146a638e8,294,MYOLEG_V3_K0294,1.0004243869738,1.0000433028405846,0.9927815750918323,0.9991764551284693,LEG_3_NONLINEAR_COUPLED
318.83253616254984,1.0004851350638921,0.02,-0.0025,SUBJECT_V3_d86edaa476a17c04f80abedd,295,MYOLEG_V3_K0295,1.0004851350638921,1.0000433028405846,0.9917902526935126,0.9991764551284693,LEG_3_NONLINEAR_COUPLED
318.744663887628,1.000545851108415,0.0225,-0.0025,SUBJECT_V3_fc10e1f33ca5e0597061a686,296,MYOLEG_V3_K0296,1.000545851108415,1.0000433028405846,0.9908087619139082,0.9991764551284693,LEG_3_NONLINEAR_COUPLED
318.65774728628537,1.000606594793068,0.025,-0.0025,SUBJECT_V3_dfcae1e4c59bf952a8aa1c54,297,MYOLEG_V3_K0297,1.000606594793068,1.0000433028405846,0.9898369530383331,0.9991764551284693,LEG_3_NONLINEAR_COUPLED
318.571779784627,1.0006673731836526,0.0275,-0.0025,SUBJECT_V3_e3356beba7972b0374c06ba9,298,MYOLEG_V3_K0298,1.0006673731836526,1.0000433028405846,0.9888747714519465,0.9991764551284693,LEG_3_NONLINEAR_COUPLED
318.48675539371845,1.0007281969888686,0.03,-0.0025,SUBJECT_V3_82ca42289c8200528e353430,299,MYOLEG_V3_K0299,1.0007281969888686,1.0000433028405846,0.9879221670365519,0.9991764551284693,LEG_3_NONLINEAR_COUPLED
320.90120477787553,1.013556242469001,-0.03,0.0,SUBJECT_V3_629319820740a1818e0052e6,300,MYOLEG_V3_K0300,0.9992789458319817,1.000000171189872,1.013556242469001,0.999999827382778,LEG_3_NONLINEAR_COUPLED
320.79261084176403,1.012368175796792,-0.0275,0.0,SUBJECT_V3_d1a195ae6055ffbc40229251,301,MYOLEG_V3_K0301,0.9993386813965298,1.000000171189872,1.012368175796792,0.999999827382778,LEG_3_NONLINEAR_COUPLED
320.6851105345263,1.0111908225487887,-0.025,0.0,SUBJECT_V3_d3ba9fa9325ed1039894b3d2,302,MYOLEG_V3_K0302,0.9993984479884196,1.000000171189872,1.0111908225487887,0.999999827382778,LEG_3_NONLINEAR_COUPLED
320.5787026439957,1.0100241697269678,-0.0225,0.0,SUBJECT_V3_108c62771aaaff4804a21e53,303,MYOLEG_V3_K0303,0.9994583070898231,1.000000171189872,1.0100241697269678,0.999999827382778,LEG_3_NONLINEAR_COUPLED
320.4733804878362,1.0088682045766433,-0.02,0.0,SUBJECT_V3_4f90c2e85f84a5ab8ea17372,304,MYOLEG_V3_K0304,0.9995181782127479,1.000000171189872,1.0088682045766433,0.999999827382778,LEG_3_NONLINEAR_COUPLED
320.36913751954876,1.007722817213659,-0.0175,0.0,SUBJECT_V3_a469f046d085a43ce73dd2bc,305,MYOLEG_V3_K0305,0.9995782162876052,1.000000171189872,1.007722817213659,0.999999827382778,LEG_3_NONLINEAR_COUPLED
320.26597127950464,1.0065880546968728,-0.015,0.0,SUBJECT_V3_fa81139879e7f4bffecc30b1,306,MYOLEG_V3_K0306,0.9996383047947633,1.000000171189872,1.0065880546968728,0.999999827382778,LEG_3_NONLINEAR_COUPLED
320.1638747881078,1.0054638566731693,-0.0125,0.0,SUBJECT_V3_8b82e91b0b231e53888ac91a,307,MYOLEG_V3_K0307,0.9996984674875931,1.000000171189872,1.0054638566731693,0.999999827382778,LEG_3_NONLINEAR_COUPLED
320.06284218965794,1.0043501964641983,-0.01,0.0,SUBJECT_V3_31a4967735d5ee7c62e07cea,308,MYOLEG_V3_K0308,0.9997586757789991,1.000000171189872,1.0043501964641983,0.999999827382778,LEG_3_NONLINEAR_COUPLED
319.96286664698613,1.0032470088640724,-0.0075,0.0,SUBJECT_V3_2f49f99cdb7af307f11fe653,309,MYOLEG_V3_K0309,0.9998189670062219,1.000000171189872,1.0032470088640724,0.999999827382778,LEG_3_NONLINEAR_COUPLED
319.8639424103319,1.0021542691380847,-0.005,0.0,SUBJECT_V3_cd0d8e997a58926dfa760626,310,MYOLEG_V3_K0310,0.9998793091855007,1.000000171189872,1.0021542691380847,0.999999827382778,LEG_3_NONLINEAR_COUPLED
319.7660623827129,1.0010719237575385,-0.0025,0.0,SUBJECT_V3_4b4ed614b01b97292dcaa515,311,MYOLEG_V3_K0311,0.9999397035843622,1.000000171189872,1.0010719237575385,0.999999827382778,LEG_3_NONLINEAR_COUPLED
319.6692313462276,1.0,0.0,0.0,SUBJECT_V3_267cca8d025eef319ae9e7bd,312,MYOLEG_V3_K0312,1.0,1.0,1.0,1.0,LEG_3_NONLINEAR_COUPLED
319.5734703841782,1.0000606448180707,0.0025,0.0,SUBJECT_V3_7ebf02a9167cf6949092ad66,313,MYOLEG_V3_K0313,1.0000606448180707,1.000000171189872,0.9989388945225673,0.999999827382778,LEG_3_NONLINEAR_COUPLED
319.4786813483497,1.0001211839833295,0.005,0.0,SUBJECT_V3_9503de1234b2cdfcb69534e6,314,MYOLEG_V3_K0314,1.0001211839833295,1.000000171189872,0.9978874265029787,0.999999827382778,LEG_3_NONLINEAR_COUPLED
319.38490769696125,1.0001817603730465,0.0075,0.0,SUBJECT_V3_0a9bf83752f6fd3bcb3305dd,315,MYOLEG_V3_K0315,1.0001817603730465,1.000000171189872,0.9968461389888468,0.999999827382778,LEG_3_NONLINEAR_COUPLED
319.2921418258182,1.0002423711420156,0.01,0.0,SUBJECT_V3_803a1ac2ee4f2badf6b6af59,316,MYOLEG_V3_K0316,1.0002423711420156,1.000000171189872,0.9958149729617237,0.999999827382778,LEG_3_NONLINEAR_COUPLED
319.20037576468343,1.0003030269343685,0.0125,0.0,SUBJECT_V3_984170c67b36cad6511bf6c3,317,MYOLEG_V3_K0317,1.0003030269343685,1.000000171189872,0.994793859360125,0.999999827382778,LEG_3_NONLINEAR_COUPLED
319.1096019363948,1.0003636936696878,0.015,0.0,SUBJECT_V3_fbcfe9b726312c54c628e03d,318,MYOLEG_V3_K0318,1.0003636936696878,1.000000171189872,0.9937827519753869,0.999999827382778,LEG_3_NONLINEAR_COUPLED
319.0198120180466,1.0004243869738,0.0175,0.0,SUBJECT_V3_64df1f9c4fca83c5c39e7cee,319,MYOLEG_V3_K0319,1.0004243869738,1.000000171189872,0.9927815750918323,0.999999827382778,LEG_3_NONLINEAR_COUPLED
318.9309981886497,1.0004851350638921,0.02,0.0,SUBJECT_V3_119a1ceeb69ad3e2570b05cf,320,MYOLEG_V3_K0320,1.0004851350638921,1.000000171189872,0.9917902526935126,0.999999827382778,LEG_3_NONLINEAR_COUPLED
318.843153049586,1.000545851108415,0.0225,0.0,SUBJECT_V3_4f1f7c5a8f0e6a436bd50612,321,MYOLEG_V3_K0321,1.000545851108415,1.000000171189872,0.9908087619139082,0.999999827382778,LEG_3_NONLINEAR_COUPLED
318.75626330369556,1.000606594793068,0.025,0.0,SUBJECT_V3_5b6e5ef0bc26f8112dc318bd,322,MYOLEG_V3_K0322,1.000606594793068,1.000000171189872,0.9898369530383331,0.999999827382778,LEG_3_NONLINEAR_COUPLED
318.67032237864515,1.0006673731836526,0.0275,0.0,SUBJECT_V3_3e1247da9d74c9e1df73e5e8,323,MYOLEG_V3_K0323,1.0006673731836526,1.000000171189872,0.9888747714519465,0.999999827382778,LEG_3_NONLINEAR_COUPLED
318.5853242868903,1.0007281969888686,0.03,0.0,SUBJECT_V3_213ad0c1aa2296503e200b26,324,MYOLEG_V3_K0324,1.0007281969888686,1.000000171189872,0.9879221670365519,0.999999827382778,LEG_3_NONLINEAR_COUPLED
320.9989651024448,1.013556242469001,-0.03,0.0025,SUBJECT_V3_72d851f3b356cf786b5313dd,325,MYOLEG_V3_K0325,0.9992789458319817,0.9999573462005791,1.013556242469001,1.0008218129298747,LEG_3_NONLINEAR_COUPLED
320.8904042498374,1.012368175796792,-0.0275,0.0025,SUBJECT_V3_4c5d3d5c54438496e39dc95f,326,MYOLEG_V3_K0326,0.9993386813965298,0.9999573462005791,1.012368175796792,1.0008218129298747,LEG_3_NONLINEAR_COUPLED
320.78293671498477,1.0111908225487887,-0.025,0.0025,SUBJECT_V3_8cb9e7f556cb2439e1e9c742,327,MYOLEG_V3_K0327,0.9993984479884196,0.9999573462005791,1.0111908225487887,1.0008218129298747,LEG_3_NONLINEAR_COUPLED
320.6765612854423,1.0100241697269678,-0.0225,0.0025,SUBJECT_V3_4504d398cca7d8fa65041207,328,MYOLEG_V3_K0328,0.9994583070898231,0.9999573462005791,1.0100241697269678,1.0008218129298747,LEG_3_NONLINEAR_COUPLED
320.5712712802724,1.0088682045766433,-0.02,0.0025,SUBJECT_V3_7496cdffaa15fd021bbcba14,329,MYOLEG_V3_K0329,0.9995181782127479,0.9999573462005791,1.0088682045766433,1.0008218129298747,LEG_3_NONLINEAR_COUPLED
320.4670601543443,1.007722817213659,-0.0175,0.0025,SUBJECT_V3_874d295cb8aaabe61f8c6e81,330,MYOLEG_V3_K0330,0.9995782162876052,0.9999573462005791,1.007722817213659,1.0008218129298747,LEG_3_NONLINEAR_COUPLED
320.3639254481582,1.0065880546968728,-0.015,0.0025,SUBJECT_V3_8b1ecfb89bae3d5cdc0d9241,331,MYOLEG_V3_K0331,0.9996383047947633,0.9999573462005791,1.0065880546968728,1.0008218129298747,LEG_3_NONLINEAR_COUPLED
320.26186018363745,1.0054638566731693,-0.0125,0.0025,SUBJECT_V3_32f4230a4da0e27234d79f03,332,MYOLEG_V3_K0332,0.9996984674875931,0.9999573462005791,1.0054638566731693,1.0008218129298747,LEG_3_NONLINEAR_COUPLED
320.16085850626786,1.0043501964641983,-0.01,0.0025,SUBJECT_V3_507cd8352d583e1020ad2a0e,333,MYOLEG_V3_K0333,0.9997586757789991,0.9999573462005791,1.0043501964641983,1.0008218129298747,LEG_3_NONLINEAR_COUPLED
320.0609135803771,1.0032470088640724,-0.0075,0.0025,SUBJECT_V3_d1e2e2ce2d1f2ca03f991e84,334,MYOLEG_V3_K0334,0.9998189670062219,0.9999573462005791,1.0032470088640724,1.0008218129298747,LEG_3_NONLINEAR_COUPLED
319.96201965737856,1.0021542691380847,-0.005,0.0025,SUBJECT_V3_a20a8b26f94d2d67ea3ed87b,335,MYOLEG_V3_K0335,0.9998793091855007,0.9999573462005791,1.0021542691380847,1.0008218129298747,LEG_3_NONLINEAR_COUPLED
319.86416964188663,1.0010719237575385,-0.0025,0.0025,SUBJECT_V3_44eb89bc32908b18f5b7438b,336,MYOLEG_V3_K0336,0.9999397035843622,0.9999573462005791,1.0010719237575385,1.0008218129298747,LEG_3_NONLINEAR_COUPLED
319.7673565859329,1.0008218129298747,0.0,0.0025,SUBJECT_V3_c21c33ce846f60322c030198,337,MYOLEG_V3_K0337,1.0000001465458925,0.9999573462005791,0.9999999225111331,1.0008218129298747,LEG_3_NONLINEAR_COUPLED
319.6716367498621,1.0008218129298747,0.0025,0.0025,SUBJECT_V3_dcc4fc6f4570ac34822b3ce6,338,MYOLEG_V3_K0338,1.0000606448180707,0.9999573462005791,0.9989388945225673,1.0008218129298747,LEG_3_NONLINEAR_COUPLED
319.5768768309575,1.0008218129298747,0.005,0.0025,SUBJECT_V3_25822379af99864e35cdfe49,339,MYOLEG_V3_K0339,1.0001211839833295,0.9999573462005791,0.9978874265029787,1.0008218129298747,LEG_3_NONLINEAR_COUPLED
319.4831320015894,1.0008218129298747,0.0075,0.0025,SUBJECT_V3_d15ee43d357436a63d85d90b,340,MYOLEG_V3_K0340,1.0001817603730465,0.9999573462005791,0.9968461389888468,1.0008218129298747,LEG_3_NONLINEAR_COUPLED
319.39039465936816,1.0008218129298747,0.01,0.0025,SUBJECT_V3_9ea8e3d02e18b11c7b0a9beb,341,MYOLEG_V3_K0341,1.0002423711420156,0.9999573462005791,0.9958149729617237,1.0008218129298747,LEG_3_NONLINEAR_COUPLED
319.29865683598433,1.0008218129298747,0.0125,0.0025,SUBJECT_V3_f24afd7f8595db64e6626f7d,342,MYOLEG_V3_K0342,1.0003030269343685,0.9999573462005791,0.994793859360125,1.0008218129298747,LEG_3_NONLINEAR_COUPLED
319.2079109560929,1.0008218129298747,0.015,0.0025,SUBJECT_V3_640394dafd132cb3a15bb948,343,MYOLEG_V3_K0343,1.0003636936696878,0.9999573462005791,0.9937827519753869,1.0008218129298747,LEG_3_NONLINEAR_COUPLED
319.11814869884535,1.0008218129298747,0.0175,0.0025,SUBJECT_V3_eda871c20c1716abc48983cb,344,MYOLEG_V3_K0344,1.0004243869738,0.9999573462005791,0.9927815750918323,1.0008218129298747,LEG_3_NONLINEAR_COUPLED
319.0293622451655,1.0008218129298747,0.02,0.0025,SUBJECT_V3_2cb85f9224850ba7a0e8b429,345,MYOLEG_V3_K0345,1.0004851350638921,0.9999573462005791,0.9917902526935126,1.0008218129298747,LEG_3_NONLINEAR_COUPLED
318.94154419822814,1.0008218129298747,0.0225,0.0025,SUBJECT_V3_4d187a7198ec37759fde84af,346,MYOLEG_V3_K0346,1.000545851108415,0.9999573462005791,0.9908087619139082,1.0008218129298747,LEG_3_NONLINEAR_COUPLED
318.8546812644962,1.0008218129298747,0.025,0.0025,SUBJECT_V3_d8f201170c36089f15013d7d,347,MYOLEG_V3_K0347,1.000606594793068,0.9999573462005791,0.9898369530383331,1.0008218129298747,LEG_3_NONLINEAR_COUPLED
318.7687668731964,1.0008218129298747,0.0275,0.0025,SUBJECT_V3_61f7e881a405446c17198c46,348,MYOLEG_V3_K0348,1.0006673731836526,0.9999573462005791,0.9888747714519465,1.0008218129298747,LEG_3_NONLINEAR_COUPLED
318.68379503817204,1.0008218129298747,0.03,0.0025,SUBJECT_V3_261b6c02f77c345f79985137,349,MYOLEG_V3_K0349,1.0007281969888686,0.9999573462005791,0.9879221670365519,1.0008218129298747,LEG_3_NONLINEAR_COUPLED
321.09662636430267,1.013556242469001,-0.03,0.005,SUBJECT_V3_d9ecf90533cec7591fac2e53,350,MYOLEG_V3_K0350,0.9992789458319817,0.9999148244370104,1.013556242469001,1.0016423993868484,LEG_3_NONLINEAR_COUPLED
320.9880985415504,1.012368175796792,-0.0275,0.005,SUBJECT_V3_8bc8c72ad9af9edb0edde4d4,351,MYOLEG_V3_K0351,0.9993386813965298,0.9999148244370104,1.012368175796792,1.0016423993868484,LEG_3_NONLINEAR_COUPLED
320.88066372591845,1.0111908225487887,-0.025,0.005,SUBJECT_V3_0dc77e57e4ad50c9e3e10d8d,352,MYOLEG_V3_K0352,0.9993984479884196,0.9999148244370104,1.0111908225487887,1.0016423993868484,LEG_3_NONLINEAR_COUPLED
320.7743207046849,1.0100241697269678,-0.0225,0.005,SUBJECT_V3_6abcbaa730c6372c356fdbe0,353,MYOLEG_V3_K0353,0.9994583070898231,0.9999148244370104,1.0100241697269678,1.0016423993868484,LEG_3_NONLINEAR_COUPLED
320.66906279830926,1.0088682045766433,-0.02,0.005,SUBJECT_V3_6915c8683c4a3ad96f92c67a,354,MYOLEG_V3_K0354,0.9995181782127479,0.9999148244370104,1.0088682045766433,1.0016423993868484,LEG_3_NONLINEAR_COUPLED
320.5648834630271,1.007722817213659,-0.0175,0.005,SUBJECT_V3_e091eea77d2f7b3e64f07af5,355,MYOLEG_V3_K0355,0.9995782162876052,0.9999148244370104,1.007722817213659,1.0016423993868484,LEG_3_NONLINEAR_COUPLED
320.461780239468,1.0065880546968728,-0.015,0.005,SUBJECT_V3_d945699b1a681c6e444d2ae4,356,MYOLEG_V3_K0356,0.9996383047947633,0.9999148244370104,1.0065880546968728,1.0016423993868484,LEG_3_NONLINEAR_COUPLED
320.35974615107267,1.0054638566731693,-0.0125,0.005,SUBJECT_V3_4ba7975581c2606c3005f058,357,MYOLEG_V3_K0357,0.9996984674875931,0.9999148244370104,1.0054638566731693,1.0016423993868484,LEG_3_NONLINEAR_COUPLED
320.25877534451183,1.0043501964641983,-0.01,0.005,SUBJECT_V3_0fc941f2e39e5774e8b59c6a,358,MYOLEG_V3_K0358,0.9997586757789991,0.9999148244370104,1.0043501964641983,1.0016423993868484,LEG_3_NONLINEAR_COUPLED
320.15886098560765,1.0032470088640724,-0.0075,0.005,SUBJECT_V3_d68eda5f0c894f4405fb80e1,359,MYOLEG_V3_K0359,0.9998189670062219,0.9999148244370104,1.0032470088640724,1.0016423993868484,LEG_3_NONLINEAR_COUPLED
320.059997326946,1.0021542691380847,-0.005,0.005,SUBJECT_V3_60c13feeb81eafa9c9e63e82,360,MYOLEG_V3_K0360,0.9998793091855007,0.9999148244370104,1.0021542691380847,1.0016423993868484,LEG_3_NONLINEAR_COUPLED
319.96217727473606,1.0016423993868484,-0.0025,0.005,SUBJECT_V3_a4783b54a271542ed39835cc,361,MYOLEG_V3_K0361,0.9999397035843622,0.9999148244370104,1.0010719237575385,1.0016423993868484,LEG_3_NONLINEAR_COUPLED
319.8653938825692,1.0016423993868484,0.0,0.005,SUBJECT_V3_c0de632b4ec50748447852b3,362,MYOLEG_V3_K0362,1.0000001465458925,0.9999148244370104,0.9999999225111331,1.0016423993868484,LEG_3_NONLINEAR_COUPLED
319.76970339297594,1.0016423993868484,0.0025,0.005,SUBJECT_V3_c31735ce1b01f085a475cac4,363,MYOLEG_V3_K0363,1.0000606448180707,0.9999148244370104,0.9989388945225673,1.0016423993868484,LEG_3_NONLINEAR_COUPLED
319.6749725435586,1.0016423993868484,0.005,0.005,SUBJECT_V3_6524ce9b6a42babf900183df,364,MYOLEG_V3_K0364,1.0001211839833295,0.9999148244370104,0.9978874265029787,1.0016423993868484,LEG_3_NONLINEAR_COUPLED
319.58125648923937,1.0016423993868484,0.0075,0.005,SUBJECT_V3_3a7dbdfd8fd8e2d5390f18c9,365,MYOLEG_V3_K0365,1.0001817603730465,0.9999148244370104,0.9968461389888468,1.0016423993868484,LEG_3_NONLINEAR_COUPLED
319.4885476294306,1.0016423993868484,0.01,0.005,SUBJECT_V3_a5d1200a7fdd9e046578109a,366,MYOLEG_V3_K0366,1.0002423711420156,0.9999148244370104,0.9958149729617237,1.0016423993868484,LEG_3_NONLINEAR_COUPLED
319.39683799774804,1.0016423993868484,0.0125,0.005,SUBJECT_V3_0db5474f0c27890b097a5694,367,MYOLEG_V3_K0367,1.0003030269343685,0.9999148244370104,0.994793859360125,1.0016423993868484,LEG_3_NONLINEAR_COUPLED
319.30612002066124,1.0016423993868484,0.015,0.005,SUBJECT_V3_42957b62be92e14989bb04cf,368,MYOLEG_V3_K0368,1.0003636936696878,0.9999148244370104,0.9937827519753869,1.0016423993868484,LEG_3_NONLINEAR_COUPLED
319.2163853793761,1.0016423993868484,0.0175,0.005,SUBJECT_V3_9869d886f56fc553220f2aea,369,MYOLEG_V3_K0369,1.0004243869738,0.9999148244370104,0.9927815750918323,1.0016423993868484,LEG_3_NONLINEAR_COUPLED
319.12762625672667,1.0016423993868484,0.02,0.005,SUBJECT_V3_6aa52756c47f77ac7a640469,370,MYOLEG_V3_K0370,1.0004851350638921,0.9999148244370104,0.9917902526935126,1.0016423993868484,LEG_3_NONLINEAR_COUPLED
319.03983525767796,1.0016423993868484,0.0225,0.005,SUBJECT_V3_ff4508879fb23aeded33fe52,371,MYOLEG_V3_K0371,1.000545851108415,0.9999148244370104,0.9908087619139082,1.0016423993868484,LEG_3_NONLINEAR_COUPLED
318.95299909231056,1.0016423993868484,0.025,0.005,SUBJECT_V3_306e18181a0374ca1caceb46,372,MYOLEG_V3_K0372,1.000606594793068,0.9999148244370104,0.9898369530383331,1.0016423993868484,LEG_3_NONLINEAR_COUPLED
318.86711119140875,1.0016423993868484,0.0275,0.005,SUBJECT_V3_b668e6fbe68050e426d32f29,373,MYOLEG_V3_K0373,1.0006673731836526,0.9999148244370104,0.9888747714519465,1.0016423993868484,LEG_3_NONLINEAR_COUPLED
318.7821655702019,1.0016423993868484,0.03,0.005,SUBJECT_V3_66836be52c035483df5821e8,374,MYOLEG_V3_K0374,1.0007281969888686,0.9999148244370104,0.9879221670365519,1.0016423993868484,LEG_3_NONLINEAR_COUPLED
321.19418700008646,1.013556242469001,-0.03,0.0075,SUBJECT_V3_8095801d14c50899097ea194,375,MYOLEG_V3_K0375,0.9992789458319817,0.999872601518939,1.013556242469001,1.002461578965314,LEG_3_NONLINEAR_COUPLED
321.0856921530917,1.012368175796792,-0.0275,0.0075,SUBJECT_V3_6238e677721718b0fd27aaa4,376,MYOLEG_V3_K0376,0.9993386813965298,0.999872601518939,1.012368175796792,1.002461578965314,LEG_3_NONLINEAR_COUPLED
320.9782900030715,1.0111908225487887,-0.025,0.0075,SUBJECT_V3_4f5066c604ae9229ef5417c5,377,MYOLEG_V3_K0377,0.9993984479884196,0.999872601518939,1.0111908225487887,1.002461578965314,LEG_3_NONLINEAR_COUPLED
320.8719793370277,1.0100241697269678,-0.0225,0.0075,SUBJECT_V3_59ac36d31b925f5a2973b1b2,378,MYOLEG_V3_K0378,0.9994583070898231,0.999872601518939,1.0100241697269678,1.002461578965314,LEG_3_NONLINEAR_COUPLED
320.7667534768152,1.0088682045766433,-0.02,0.0075,SUBJECT_V3_a1f7d75a6f87062293d85d4a,379,MYOLEG_V3_K0379,0.9995181782127479,0.999872601518939,1.0088682045766433,1.002461578965314,LEG_3_NONLINEAR_COUPLED
320.6626058800341,1.007722817213659,-0.0175,0.0075,SUBJECT_V3_85683a871c2879bd11f0ea8f,380,MYOLEG_V3_K0380,0.9995782162876052,0.999872601518939,1.007722817213659,1.002461578965314,LEG_3_NONLINEAR_COUPLED
320.55953408744375,1.0065880546968728,-0.015,0.0075,SUBJECT_V3_38478b0e52378cc517b1612f,381,MYOLEG_V3_K0381,0.9996383047947633,0.999872601518939,1.0065880546968728,1.002461578965314,LEG_3_NONLINEAR_COUPLED
320.45753112400035,1.0054638566731693,-0.0125,0.0075,SUBJECT_V3_e3507ce0e70f57d28c0186ab,382,MYOLEG_V3_K0382,0.9996984674875931,0.999872601518939,1.0054638566731693,1.002461578965314,LEG_3_NONLINEAR_COUPLED
320.35659113755787,1.0043501964641983,-0.01,0.0075,SUBJECT_V3_c247c65fd79789a646c6d080,383,MYOLEG_V3_K0383,0.9997586757789991,0.999872601518939,1.0043501964641983,1.002461578965314,LEG_3_NONLINEAR_COUPLED
320.2567072954313,1.0032470088640724,-0.0075,0.0075,SUBJECT_V3_0a8b970ebdf71395206cef57,384,MYOLEG_V3_K0384,0.9998189670062219,0.999872601518939,1.0032470088640724,1.002461578965314,LEG_3_NONLINEAR_COUPLED
320.15787385137764,1.002461578965314,-0.005,0.0075,SUBJECT_V3_fd5bf019b299c5fe2bdfbc6b,385,MYOLEG_V3_K0385,0.9998793091855007,0.999872601518939,1.0021542691380847,1.002461578965314,LEG_3_NONLINEAR_COUPLED
320.0600837131984,1.002461578965314,-0.0025,0.0075,SUBJECT_V3_6254f852bf794483622f782c,386,MYOLEG_V3_K0386,0.9999397035843622,0.999872601518939,1.0010719237575385,1.002461578965314,LEG_3_NONLINEAR_COUPLED
319.96332993604295,1.002461578965314,0.0,0.0075,SUBJECT_V3_1aea0ad80ee488f818215cde,387,MYOLEG_V3_K0387,1.0000001465458925,0.999872601518939,0.9999999225111331,1.002461578965314,LEG_3_NONLINEAR_COUPLED
319.8676687446572,1.002461578965314,0.0025,0.0075,SUBJECT_V3_d6c31ec701078f87d2974b31,388,MYOLEG_V3_K0388,1.0000606448180707,0.999872601518939,0.9989388945225673,1.002461578965314,LEG_3_NONLINEAR_COUPLED
319.77296691689696,1.002461578965314,0.005,0.0075,SUBJECT_V3_986e0e4f2a3b7a3d89174a6b,389,MYOLEG_V3_K0389,1.0001211839833295,0.999872601518939,0.9978874265029787,1.002461578965314,LEG_3_NONLINEAR_COUPLED
319.67927959026525,1.002461578965314,0.0075,0.0075,SUBJECT_V3_33a9ccf18b7ffbe5454001f2,390,MYOLEG_V3_K0390,1.0001817603730465,0.999872601518939,0.9968461389888468,1.002461578965314,LEG_3_NONLINEAR_COUPLED
319.58659916597395,1.002461578965314,0.01,0.0075,SUBJECT_V3_5b6c08061d9dd2444cc2f903,391,MYOLEG_V3_K0391,1.0002423711420156,0.999872601518939,0.9958149729617237,1.002461578965314,LEG_3_NONLINEAR_COUPLED
319.49491767956124,1.002461578965314,0.0125,0.0075,SUBJECT_V3_5d149d436df2a60fd36c49c8,392,MYOLEG_V3_K0392,1.0003030269343685,0.999872601518939,0.994793859360125,1.002461578965314,LEG_3_NONLINEAR_COUPLED
319.40422755930905,1.002461578965314,0.015,0.0075,SUBJECT_V3_43a57c464c9d450a270bf23a,393,MYOLEG_V3_K0393,1.0003636936696878,0.999872601518939,0.9937827519753869,1.002461578965314,LEG_3_NONLINEAR_COUPLED
319.3145204884744,1.002461578965314,0.0175,0.0075,SUBJECT_V3_9d4e056ccfafb49c7c19060b,394,MYOLEG_V3_K0394,1.0004243869738,0.999872601518939,0.9927815750918323,1.002461578965314,LEG_3_NONLINEAR_COUPLED
319.2257886517989,1.002461578965314,0.02,0.0075,SUBJECT_V3_fda2fa83e2f989f833388d70,395,MYOLEG_V3_K0395,1.0004851350638921,0.999872601518939,0.9917902526935126,1.002461578965314,LEG_3_NONLINEAR_COUPLED
319.1380246560354,1.002461578965314,0.0225,0.0075,SUBJECT_V3_01a1b6b1d1079f09edb77103,396,MYOLEG_V3_K0396,1.000545851108415,0.999872601518939,0.9908087619139082,1.002461578965314,LEG_3_NONLINEAR_COUPLED
319.05121521487644,1.002461578965314,0.025,0.0075,SUBJECT_V3_b94b53d77fcb4f65b0c9715d,397,MYOLEG_V3_K0397,1.000606594793068,0.999872601518939,0.9898369530383331,1.002461578965314,LEG_3_NONLINEAR_COUPLED
318.96535376066186,1.002461578965314,0.0275,0.0075,SUBJECT_V3_654d0674e3de155bde211613,398,MYOLEG_V3_K0398,1.0006673731836526,0.999872601518939,0.9888747714519465,1.002461578965314,LEG_3_NONLINEAR_COUPLED
318.8804343100052,1.002461578965314,0.03,0.0075,SUBJECT_V3_a870d26568a83d17b5cba827,399,MYOLEG_V3_K0399,1.0007281969888686,0.999872601518939,0.9879221670365519,1.002461578965314,LEG_3_NONLINEAR_COUPLED
321.2916459719731,1.013556242469001,-0.03,0.01,SUBJECT_V3_c7b1c6d0e039d7f6671690c3,400,MYOLEG_V3_K0400,0.9992789458319817,0.9998306718526015,1.013556242469001,1.0032793488004723,LEG_3_NONLINEAR_COUPLED
321.18318404636807,1.012368175796792,-0.0275,0.01,SUBJECT_V3_228bff9c6ab9c0888508e9eb,401,MYOLEG_V3_K0401,0.9993386813965298,0.9998306718526015,1.012368175796792,1.0032793488004723,LEG_3_NONLINEAR_COUPLED
321.07581450808317,1.0111908225487887,-0.025,0.01,SUBJECT_V3_13b5688c3a87fc80c9693730,402,MYOLEG_V3_K0402,0.9993984479884196,0.9998306718526015,1.0111908225487887,1.0032793488004723,LEG_3_NONLINEAR_COUPLED
320.9695361438451,1.0100241697269678,-0.0225,0.01,SUBJECT_V3_facc0331e1699d76d2cad5b7,403,MYOLEG_V3_K0403,0.9994583070898231,0.9998306718526015,1.0100241697269678,1.0032793488004723,LEG_3_NONLINEAR_COUPLED
320.8643422769023,1.0088682045766433,-0.02,0.01,SUBJECT_V3_2acd3a7cbfbb729524123e2b,404,MYOLEG_V3_K0404,0.9995181782127479,0.9998306718526015,1.0088682045766433,1.0032793488004723,LEG_3_NONLINEAR_COUPLED
320.76022636621775,1.007722817213659,-0.0175,0.01,SUBJECT_V3_70c46bfb72edded8e858ba90,405,MYOLEG_V3_K0405,0.9995782162876052,0.9998306718526015,1.007722817213659,1.0032793488004723,LEG_3_NONLINEAR_COUPLED
320.6571859526809,1.0065880546968728,-0.015,0.01,SUBJECT_V3_14ad209128f56b0e42755b54,406,MYOLEG_V3_K0406,0.9996383047947633,0.9998306718526015,1.0065880546968728,1.0032793488004723,LEG_3_NONLINEAR_COUPLED
320.5552140627614,1.0054638566731693,-0.0125,0.01,SUBJECT_V3_7123192e02ad27e0998aa176,407,MYOLEG_V3_K0407,0.9996984674875931,0.9998306718526015,1.0054638566731693,1.0032793488004723,LEG_3_NONLINEAR_COUPLED
320.4543048454952,1.0043501964641983,-0.01,0.01,SUBJECT_V3_a6036782bcc35fdf3b1ce584,408,MYOLEG_V3_K0408,0.9997586757789991,0.9998306718526015,1.0043501964641983,1.0032793488004723,LEG_3_NONLINEAR_COUPLED
320.35445146968806,1.0032793488004723,-0.0075,0.01,SUBJECT_V3_328b6757a31357dfb5ad4609,409,MYOLEG_V3_K0409,0.9998189670062219,0.9998306718526015,1.0032470088640724,1.0032793488004723,LEG_3_NONLINEAR_COUPLED
320.2556481902666,1.0032793488004723,-0.005,0.01,SUBJECT_V3_8a06b746fb6a4b8fe3d3c705,410,MYOLEG_V3_K0410,0.9998793091855007,0.9998306718526015,1.0021542691380847,1.0032793488004723,LEG_3_NONLINEAR_COUPLED
320.1578879166227,1.0032793488004723,-0.0025,0.01,SUBJECT_V3_1707b616abba54274d9f46cb,411,MYOLEG_V3_K0411,0.9999397035843622,0.9998306718526015,1.0010719237575385,1.0032793488004723,LEG_3_NONLINEAR_COUPLED
320.0611637054615,1.0032793488004723,0.0,0.01,SUBJECT_V3_99f8a2509be6c6ae259d9ad5,412,MYOLEG_V3_K0412,1.0000001465458925,0.9998306718526015,0.9999999225111331,1.0032793488004723,LEG_3_NONLINEAR_COUPLED
319.9655317637744,1.0032793488004723,0.0025,0.01,SUBJECT_V3_85567cd59c9b56812863f972,413,MYOLEG_V3_K0413,1.0000606448180707,0.9998306718526015,0.9989388945225673,1.0032793488004723,LEG_3_NONLINEAR_COUPLED
319.8708589096044,1.0032793488004723,0.005,0.01,SUBJECT_V3_b8ff0c3e5be3b9fc94ea0fcd,414,MYOLEG_V3_K0414,1.0001211839833295,0.9998306718526015,0.9978874265029787,1.0032793488004723,LEG_3_NONLINEAR_COUPLED
319.7772002630646,1.0032793488004723,0.0075,0.01,SUBJECT_V3_81d809a717fcb92f8cf92c76,415,MYOLEG_V3_K0415,1.0001817603730465,0.9998306718526015,0.9968461389888468,1.0032793488004723,LEG_3_NONLINEAR_COUPLED
319.6845482271642,1.0032793488004723,0.01,0.01,SUBJECT_V3_b19872c0bdd803217e094d86,416,MYOLEG_V3_K0416,1.0002423711420156,0.9998306718526015,0.9958149729617237,1.0032793488004723,LEG_3_NONLINEAR_COUPLED
319.5928948393609,1.0032793488004723,0.0125,0.01,SUBJECT_V3_45ea3d087bbac05a4843161d,417,MYOLEG_V3_K0417,1.0003030269343685,0.9998306718526015,0.994793859360125,1.0032793488004723,LEG_3_NONLINEAR_COUPLED
319.50223252974627,1.0032793488004723,0.015,0.01,SUBJECT_V3_7fffb4ce7e987b232994e7e1,418,MYOLEG_V3_K0418,1.0003636936696878,0.9998306718526015,0.9937827519753869,1.0032793488004723,LEG_3_NONLINEAR_COUPLED
319.4125529836257,1.0032793488004723,0.0175,0.01,SUBJECT_V3_b2f713b9cb65339037e5e332,419,MYOLEG_V3_K0419,1.0004243869738,0.9998306718526015,0.9927815750918323,1.0032793488004723,LEG_3_NONLINEAR_COUPLED
319.32384838764574,1.0032793488004723,0.02,0.01,SUBJECT_V3_5c26d619622fc1f6efb4f345,420,MYOLEG_V3_K0420,1.0004851350638921,0.9998306718526015,0.9917902526935126,1.0032793488004723,LEG_3_NONLINEAR_COUPLED
319.2361113503443,1.0032793488004723,0.0225,0.01,SUBJECT_V3_39a65dc34c39033f2f2aa86f,421,MYOLEG_V3_K0421,1.000545851108415,0.9998306718526015,0.9908087619139082,1.0032793488004723,LEG_3_NONLINEAR_COUPLED
319.1493285890205,1.0032793488004723,0.025,0.01,SUBJECT_V3_da913f5fabc1b6ff65695280,422,MYOLEG_V3_K0422,1.000606594793068,0.9998306718526015,0.9898369530383331,1.0032793488004723,LEG_3_NONLINEAR_COUPLED
319.0634935375674,1.0032793488004723,0.0275,0.01,SUBJECT_V3_2e19c21ad5d0cdef8ff5a138,423,MYOLEG_V3_K0423,1.0006673731836526,0.9998306718526015,0.9888747714519465,1.0032793488004723,LEG_3_NONLINEAR_COUPLED
318.978600213981,1.0032793488004723,0.03,0.01,SUBJECT_V3_55051296a96be31015307a63,424,MYOLEG_V3_K0424,1.0007281969888686,0.9998306718526015,0.9879221670365519,1.0032793488004723,LEG_3_NONLINEAR_COUPLED
321.3890026534706,1.013556242469001,-0.03,0.0125,SUBJECT_V3_bb63c36696f02b4c1ca44226,425,MYOLEG_V3_K0425,0.9992789458319817,0.9997890333344365,1.013556242469001,1.004095707574521,LEG_3_NONLINEAR_COUPLED
321.28057359475685,1.012368175796792,-0.0275,0.0125,SUBJECT_V3_90733e86e8548ef752bf2b39,426,MYOLEG_V3_K0426,0.9993386813965298,0.9997890333344365,1.012368175796792,1.004095707574521,LEG_3_NONLINEAR_COUPLED
321.1732366142015,1.0111908225487887,-0.025,0.0125,SUBJECT_V3_376576d3ff4c97e9bf4bf4a1,427,MYOLEG_V3_K0427,0.9993984479884196,0.9997890333344365,1.0111908225487887,1.004095707574521,LEG_3_NONLINEAR_COUPLED
321.06699049825716,1.0100241697269678,-0.0225,0.0125,SUBJECT_V3_652ea7b577a7212ae9970c8a,428,MYOLEG_V3_K0428,0.9994583070898231,0.9997890333344365,1.0100241697269678,1.004095707574521,LEG_3_NONLINEAR_COUPLED
320.96182857156384,1.0088682045766433,-0.02,0.0125,SUBJECT_V3_816a1576ce1782d084f461d4,429,MYOLEG_V3_K0429,0.9995181782127479,0.9997890333344365,1.0088682045766433,1.004095707574521,LEG_3_NONLINEAR_COUPLED
320.857744294446,1.007722817213659,-0.0175,0.0125,SUBJECT_V3_887b2f92bfbfa62c02b8ee80,430,MYOLEG_V3_K0430,0.9995782162876052,0.9997890333344365,1.007722817213659,1.004095707574521,LEG_3_NONLINEAR_COUPLED
320.7547352079233,1.0065880546968728,-0.015,0.0125,SUBJECT_V3_1b9eb819ec5ac15a1cefe8ca,431,MYOLEG_V3_K0431,0.9996383047947633,0.9997890333344365,1.0065880546968728,1.004095707574521,LEG_3_NONLINEAR_COUPLED
320.6527943399771,1.0054638566731693,-0.0125,0.0125,SUBJECT_V3_054950d8600199c37875e3d4,432,MYOLEG_V3_K0432,0.9996984674875931,0.9997890333344365,1.0054638566731693,1.004095707574521,LEG_3_NONLINEAR_COUPLED
320.5519158408235,1.0043501964641983,-0.01,0.0125,SUBJECT_V3_f721cbb21036287f675b0b67,433,MYOLEG_V3_K0433,0.9997586757789991,0.9997890333344365,1.0043501964641983,1.004095707574521,LEG_3_NONLINEAR_COUPLED
320.4520928807574,1.004095707574521,-0.0075,0.0125,SUBJECT_V3_886dd05bf4592c6b64ede261,434,MYOLEG_V3_K0434,0.9998189670062219,0.9997890333344365,1.0032470088640724,1.004095707574521,LEG_3_NONLINEAR_COUPLED
320.35331971587345,1.004095707574521,-0.005,0.0125,SUBJECT_V3_4b38d107a6e37e316c121fc3,435,MYOLEG_V3_K0435,0.9998793091855007,0.9997890333344365,1.0021542691380847,1.004095707574521,LEG_3_NONLINEAR_COUPLED
320.2555892571519,1.004095707574521,-0.0025,0.0125,SUBJECT_V3_7c84f6c73fd6df6b8837e288,436,MYOLEG_V3_K0436,0.9999397035843622,0.9997890333344365,1.0010719237575385,1.004095707574521,LEG_3_NONLINEAR_COUPLED
320.1588945628515,1.004095707574521,0.0,0.0125,SUBJECT_V3_ac2d2b93a00b173aa5fc7513,437,MYOLEG_V3_K0437,1.0000001465458925,0.9997890333344365,0.9999999225111331,1.004095707574521,LEG_3_NONLINEAR_COUPLED
320.063291822239,1.004095707574521,0.0025,0.0125,SUBJECT_V3_f2fe2e330349351c8e6325f8,438,MYOLEG_V3_K0438,1.0000606448180707,0.9997890333344365,0.9989388945225673,1.004095707574521,LEG_3_NONLINEAR_COUPLED
319.9686478934786,1.004095707574521,0.005,0.0125,SUBJECT_V3_e23f73a887215c443305ad28,439,MYOLEG_V3_K0439,1.0001211839833295,0.9997890333344365,0.9978874265029787,1.004095707574521,LEG_3_NONLINEAR_COUPLED
319.87501787932257,1.004095707574521,0.0075,0.0125,SUBJECT_V3_237229351ba7343622f7e362,440,MYOLEG_V3_K0440,1.0001817603730465,0.9997890333344365,0.9968461389888468,1.004095707574521,LEG_3_NONLINEAR_COUPLED
319.78239418457497,1.004095707574521,0.01,0.0125,SUBJECT_V3_78099951788e443e47ef0b85,441,MYOLEG_V3_K0441,1.0002423711420156,0.9997890333344365,0.9958149729617237,1.004095707574521,LEG_3_NONLINEAR_COUPLED
319.69076884861033,1.004095707574521,0.0125,0.0125,SUBJECT_V3_ff008757e78d5e1327048d9f,442,MYOLEG_V3_K0442,1.0003030269343685,0.9997890333344365,0.994793859360125,1.004095707574521,LEG_3_NONLINEAR_COUPLED
319.6001343033273,1.004095707574521,0.015,0.0125,SUBJECT_V3_d35e5c10f301783ad10349ed,443,MYOLEG_V3_K0443,1.0003636936696878,0.9997890333344365,0.9937827519753869,1.004095707574521,LEG_3_NONLINEAR_COUPLED
319.5104822360767,1.004095707574521,0.0175,0.0125,SUBJECT_V3_933ff6f4dcd28c3dc96d3c50,444,MYOLEG_V3_K0444,1.0004243869738,0.9997890333344365,0.9927815750918323,1.004095707574521,LEG_3_NONLINEAR_COUPLED
319.4218048354072,1.004095707574521,0.02,0.0125,SUBJECT_V3_3c6437fd8b9017403d3d6e56,445,MYOLEG_V3_K0445,1.0004851350638921,0.9997890333344365,0.9917902526935126,1.004095707574521,LEG_3_NONLINEAR_COUPLED
319.33409471163935,1.004095707574521,0.0225,0.0125,SUBJECT_V3_fc90fe5dd7f7d0e4baaafa7a,446,MYOLEG_V3_K0446,1.000545851108415,0.9997890333344365,0.9908087619139082,1.004095707574521,LEG_3_NONLINEAR_COUPLED
319.2473385856731,1.004095707574521,0.025,0.0125,SUBJECT_V3_cd4255120cb12aa9962a47bf,447,MYOLEG_V3_K0447,1.000606594793068,0.9997890333344365,0.9898369530383331,1.004095707574521,LEG_3_NONLINEAR_COUPLED
319.16152989295273,1.004095707574521,0.0275,0.0125,SUBJECT_V3_b05505f6adaca1bea7af1633,448,MYOLEG_V3_K0448,1.0006673731836526,0.9997890333344365,0.9888747714519465,1.004095707574521,LEG_3_NONLINEAR_COUPLED
319.07666265285457,1.004095707574521,0.03,0.0125,SUBJECT_V3_8c37e120a13236d8968b474a,449,MYOLEG_V3_K0449,1.0007281969888686,0.9997890333344365,0.9879221670365519,1.004095707574521,LEG_3_NONLINEAR_COUPLED
321.4862568118827,1.013556242469001,-0.03,0.015,SUBJECT_V3_79992869fad79e784badb97d,450,MYOLEG_V3_K0450,0.9992789458319817,0.9997476828436952,1.013556242469001,1.0049106577000255,LEG_3_NONLINEAR_COUPLED
321.3778605655643,1.012368175796792,-0.0275,0.015,SUBJECT_V3_a8d94ae75095558ca77032a7,451,MYOLEG_V3_K0451,0.9993386813965298,0.9997476828436952,1.012368175796792,1.0049106577000255,LEG_3_NONLINEAR_COUPLED
321.2705560887352,1.0111908225487887,-0.025,0.015,SUBJECT_V3_480e07fb625e83f7de4fdb7b,452,MYOLEG_V3_K0452,0.9993984479884196,0.9997476828436952,1.0111908225487887,1.0049106577000255,LEG_3_NONLINEAR_COUPLED
321.16434216757506,1.0100241697269678,-0.0225,0.015,SUBJECT_V3_44374378954feadbbdfca186,453,MYOLEG_V3_K0453,0.9994583070898231,0.9997476828436952,1.0100241697269678,1.0049106577000255,LEG_3_NONLINEAR_COUPLED
321.05921212811387,1.0088682045766433,-0.02,0.015,SUBJECT_V3_ae44464d97244368e62236b4,454,MYOLEG_V3_K0454,0.9995181782127479,0.9997476828436952,1.0088682045766433,1.0049106577000255,LEG_3_NONLINEAR_COUPLED
320.9551594320356,1.007722817213659,-0.0175,0.015,SUBJECT_V3_dd80cce86eb2d8fda34a884e,455,MYOLEG_V3_K0455,0.9995782162876052,0.9997476828436952,1.007722817213659,1.0049106577000255,LEG_3_NONLINEAR_COUPLED
320.8521816204906,1.0065880546968728,-0.015,0.015,SUBJECT_V3_f3251d1c2ee4c0b393a4e88b,456,MYOLEG_V3_K0456,0.9996383047947633,0.9997476828436952,1.0065880546968728,1.0049106577000255,LEG_3_NONLINEAR_COUPLED
320.7502717229698,1.0054638566731693,-0.0125,0.015,SUBJECT_V3_43a46a99c2c75d171273f7ef,457,MYOLEG_V3_K0457,0.9996984674875931,0.9997476828436952,1.0054638566731693,1.0049106577000255,LEG_3_NONLINEAR_COUPLED
320.6494238908682,1.0049106577000255,-0.01,0.015,SUBJECT_V3_61894575cf8c46f2d1e87956,458,MYOLEG_V3_K0458,0.9997586757789991,0.9997476828436952,1.0043501964641983,1.0049106577000255,LEG_3_NONLINEAR_COUPLED
320.5496312959677,1.0049106577000255,-0.0075,0.015,SUBJECT_V3_644846dc08d550ddf927903f,459,MYOLEG_V3_K0459,0.9998189670062219,0.9997476828436952,1.0032470088640724,1.0049106577000255,LEG_3_NONLINEAR_COUPLED
320.4508881955298,1.0049106577000255,-0.005,0.015,SUBJECT_V3_3ea9f5aa7c05486ef8c34281,460,MYOLEG_V3_K0460,0.9998793091855007,0.9997476828436952,1.0021542691380847,1.0049106577000255,LEG_3_NONLINEAR_COUPLED
320.35318750212065,1.0049106577000255,-0.0025,0.015,SUBJECT_V3_fa1ce22fa0edfd0087277291,461,MYOLEG_V3_K0461,0.9999397035843622,0.9997476828436952,1.0010719237575385,1.0049106577000255,LEG_3_NONLINEAR_COUPLED
320.2565222755508,1.0049106577000255,0.0,0.015,SUBJECT_V3_33539b51d27d7327525ac5f7,462,MYOLEG_V3_K0462,1.0000001465458925,0.9997476828436952,0.9999999225111331,1.0049106577000255,LEG_3_NONLINEAR_COUPLED
320.16094868739225,1.0049106577000255,0.0025,0.015,SUBJECT_V3_86660620fe6704b77197165c,463,MYOLEG_V3_K0463,1.0000606448180707,0.9997476828436952,0.9989388945225673,1.0049106577000255,LEG_3_NONLINEAR_COUPLED
320.066333635864,1.0049106577000255,0.005,0.015,SUBJECT_V3_dd01cf8fe4d651376921573c,464,MYOLEG_V3_K0464,1.0001211839833295,0.9997476828436952,0.9978874265029787,1.0049106577000255,LEG_3_NONLINEAR_COUPLED
319.972732206387,1.0049106577000255,0.0075,0.015,SUBJECT_V3_2396dd71613252bf81a4ddbb,465,MYOLEG_V3_K0465,1.0001817603730465,0.9997476828436952,0.9968461389888468,1.0049106577000255,LEG_3_NONLINEAR_COUPLED
319.88013680555747,1.0049106577000255,0.01,0.015,SUBJECT_V3_1e7bf94017f2bfac86927f8e,466,MYOLEG_V3_K0466,1.0002423711420156,0.9997476828436952,0.9958149729617237,1.0049106577000255,LEG_3_NONLINEAR_COUPLED
319.7885394746643,1.0049106577000255,0.0125,0.015,SUBJECT_V3_efadda7632707bc465ec86a1,467,MYOLEG_V3_K0467,1.0003030269343685,0.9997476828436952,0.994793859360125,1.0049106577000255,LEG_3_NONLINEAR_COUPLED
319.6979326474104,1.0049106577000255,0.015,0.015,SUBJECT_V3_085cf40e9fe3addaddab2556,468,MYOLEG_V3_K0468,1.0003636936696878,0.9997476828436952,0.9937827519753869,1.0049106577000255,LEG_3_NONLINEAR_COUPLED
319.6083080131892,1.0049106577000255,0.0175,0.015,SUBJECT_V3_9343f4ce0b8d3b88de4ebe5e,469,MYOLEG_V3_K0469,1.0004243869738,0.9997476828436952,0.9927815750918323,1.0049106577000255,LEG_3_NONLINEAR_COUPLED
319.51965776244856,1.0049106577000255,0.02,0.015,SUBJECT_V3_956ea6026852e061160b5d38,470,MYOLEG_V3_K0470,1.0004851350638921,0.9997476828436952,0.9917902526935126,1.0049106577000255,LEG_3_NONLINEAR_COUPLED
319.43197450728934,1.0049106577000255,0.0225,0.015,SUBJECT_V3_af7570e9ea2a61be99af40ed,471,MYOLEG_V3_K0471,1.000545851108415,0.9997476828436952,0.9908087619139082,1.0049106577000255,LEG_3_NONLINEAR_COUPLED
319.3452449722067,1.0049106577000255,0.025,0.015,SUBJECT_V3_a48f2c06eacd16df675c52d1,472,MYOLEG_V3_K0472,1.000606594793068,0.9997476828436952,0.9898369530383331,1.0049106577000255,LEG_3_NONLINEAR_COUPLED
319.2594625941938,1.0049106577000255,0.0275,0.015,SUBJECT_V3_516702a74ed82ef3a5edf086,473,MYOLEG_V3_K0473,1.0006673731836526,0.9997476828436952,0.9888747714519465,1.0049106577000255,LEG_3_NONLINEAR_COUPLED
319.17462139400567,1.0049106577000255,0.03,0.015,SUBJECT_V3_e0413ae251f8f58854f4814e,474,MYOLEG_V3_K0474,1.0007281969888686,0.9997476828436952,0.9879221670365519,1.0049106577000255,LEG_3_NONLINEAR_COUPLED
321.5834078340991,1.013556242469001,-0.03,0.0175,SUBJECT_V3_169ecdeec3a7a8dbd8571e75,475,MYOLEG_V3_K0475,0.9992789458319817,0.9997066031625121,1.013556242469001,1.0057242057445466,LEG_3_NONLINEAR_COUPLED
321.4750443455541,1.012368175796792,-0.0275,0.0175,SUBJECT_V3_f142bbcfe5606aa6258fa2f6,476,MYOLEG_V3_K0476,0.9993386813965298,0.9997066031625121,1.012368175796792,1.0057242057445466,LEG_3_NONLINEAR_COUPLED
321.3677723183236,1.0111908225487887,-0.025,0.0175,SUBJECT_V3_613c1266d2ab992259ac36f2,477,MYOLEG_V3_K0477,0.9993984479884196,0.9997066031625121,1.0111908225487887,1.0057242057445466,LEG_3_NONLINEAR_COUPLED
321.26159053831503,1.0100241697269678,-0.0225,0.0175,SUBJECT_V3_aa56c85b571e80ddaaee3f8f,478,MYOLEG_V3_K0478,0.9994583070898231,0.9997066031625121,1.0100241697269678,1.0057242057445466,LEG_3_NONLINEAR_COUPLED
321.1564923329466,1.0088682045766433,-0.02,0.0175,SUBJECT_V3_beb03947949d053f761c4803,479,MYOLEG_V3_K0479,0.9995181782127479,0.9997066031625121,1.0088682045766433,1.0057242057445466,LEG_3_NONLINEAR_COUPLED
321.05247116526,1.007722817213659,-0.0175,0.0175,SUBJECT_V3_f33242ee7dcc7cb4d65700cf,480,MYOLEG_V3_K0480,0.9995782162876052,0.9997066031625121,1.007722817213659,1.0057242057445466,LEG_3_NONLINEAR_COUPLED
320.9495245765369,1.0065880546968728,-0.015,0.0175,SUBJECT_V3_fedf9b0ff7bdd33fa34e7fa9,481,MYOLEG_V3_K0481,0.9996383047947633,0.9997066031625121,1.0065880546968728,1.0057242057445466,LEG_3_NONLINEAR_COUPLED
320.8476455977754,1.0057242057445466,-0.0125,0.0175,SUBJECT_V3_8f8a13e41c0f29418b363f4a,482,MYOLEG_V3_K0482,0.9996984674875931,0.9997066031625121,1.0054638566731693,1.0057242057445466,LEG_3_NONLINEAR_COUPLED
320.7468283815483,1.0057242057445466,-0.01,0.0175,SUBJECT_V3_ae90e10eb469ba05138a8d20,483,MYOLEG_V3_K0483,0.9997586757789991,0.9997066031625121,1.0043501964641983,1.0057242057445466,LEG_3_NONLINEAR_COUPLED
320.64706610112245,1.0057242057445466,-0.0075,0.0175,SUBJECT_V3_b24213f5e22e96cbe8932b40,484,MYOLEG_V3_K0484,0.9998189670062219,0.9997066031625121,1.0032470088640724,1.0057242057445466,LEG_3_NONLINEAR_COUPLED
320.54835301492443,1.0057242057445466,-0.005,0.0175,SUBJECT_V3_8be6222cf5929a9b12850594,485,MYOLEG_V3_K0485,0.9998793091855007,0.9997066031625121,1.0021542691380847,1.0057242057445466,LEG_3_NONLINEAR_COUPLED
320.4506820371047,1.0057242057445466,-0.0025,0.0175,SUBJECT_V3_6718bbd3ab2d0380b736d858,486,MYOLEG_V3_K0486,0.9999397035843622,0.9997066031625121,1.0010719237575385,1.0057242057445466,LEG_3_NONLINEAR_COUPLED
320.35404622902314,1.0057242057445466,0.0,0.0175,SUBJECT_V3_5f46b04127d854579926edce,487,MYOLEG_V3_K0487,1.0000001465458925,0.9997066031625121,0.9999999225111331,1.0057242057445466,LEG_3_NONLINEAR_COUPLED
320.2585017445872,1.0057242057445466,0.0025,0.0175,SUBJECT_V3_32393163e929488a3922879f,488,MYOLEG_V3_K0488,1.0000606448180707,0.9997066031625121,0.9989388945225673,1.0057242057445466,LEG_3_NONLINEAR_COUPLED
320.163915522004,1.0057242057445466,0.005,0.0175,SUBJECT_V3_43c04cb0937da7810a0cb7fd,489,MYOLEG_V3_K0489,1.0001211839833295,0.9997066031625121,0.9978874265029787,1.0057242057445466,LEG_3_NONLINEAR_COUPLED
320.0703426293929,1.0057242057445466,0.0075,0.0175,SUBJECT_V3_3d2e8583b25a6930e9cf63d6,490,MYOLEG_V3_K0490,1.0001817603730465,0.9997066031625121,0.9968461389888468,1.0057242057445466,LEG_3_NONLINEAR_COUPLED
319.9777754751397,1.0057242057445466,0.01,0.0175,SUBJECT_V3_99c1056160dd4fdc01b35590,491,MYOLEG_V3_K0491,1.0002423711420156,0.9997066031625121,0.9958149729617237,1.0057242057445466,LEG_3_NONLINEAR_COUPLED
319.88620610244453,1.0057242057445466,0.0125,0.0175,SUBJECT_V3_411e9ba036220304c7484324,492,MYOLEG_V3_K0492,1.0003030269343685,0.9997066031625121,0.994793859360125,1.0057242057445466,LEG_3_NONLINEAR_COUPLED
319.79562694681255,1.0057242057445466,0.015,0.0175,SUBJECT_V3_03abfc5038e6fafca4a4063a,493,MYOLEG_V3_K0493,1.0003636936696878,0.9997066031625121,0.9937827519753869,1.0057242057445466,LEG_3_NONLINEAR_COUPLED
319.7060296996763,1.0057242057445466,0.0175,0.0175,SUBJECT_V3_2efd5d24951e5d48c6e88d5a,494,MYOLEG_V3_K0494,1.0004243869738,0.9997066031625121,0.9927815750918323,1.0057242057445466,LEG_3_NONLINEAR_COUPLED
319.6174065533806,1.0057242057445466,0.02,0.0175,SUBJECT_V3_e2546d345838548aec9bbd0e,495,MYOLEG_V3_K0495,1.0004851350638921,0.9997066031625121,0.9917902526935126,1.0057242057445466,LEG_3_NONLINEAR_COUPLED
319.5297501218036,1.0057242057445466,0.0225,0.0175,SUBJECT_V3_1a1797502bd83b8f27726f12,496,MYOLEG_V3_K0496,1.000545851108415,0.9997066031625121,0.9908087619139082,1.0057242057445466,LEG_3_NONLINEAR_COUPLED
319.4430471330303,1.0057242057445466,0.025,0.0175,SUBJECT_V3_1a877aeeb641df3d6fdaaaaf,497,MYOLEG_V3_K0497,1.000606594793068,0.9997066031625121,0.9898369530383331,1.0057242057445466,LEG_3_NONLINEAR_COUPLED
319.3572910256006,1.0057242057445466,0.0275,0.0175,SUBJECT_V3_0a5e2f4a875052ceed7db786,498,MYOLEG_V3_K0498,1.0006673731836526,0.9997066031625121,0.9888747714519465,1.0057242057445466,LEG_3_NONLINEAR_COUPLED
319.2724758216461,1.0057242057445466,0.03,0.0175,SUBJECT_V3_547a3005c40fc1313c9a4df0,499,MYOLEG_V3_K0499,1.0007281969888686,0.9997066031625121,0.9879221670365519,1.0057242057445466,LEG_3_NONLINEAR_COUPLED
321.6804577846211,1.013556242469001,-0.03,0.02,SUBJECT_V3_3e36a711e1bf5bea5d3e749c,500,MYOLEG_V3_K0500,0.9992789458319817,0.9996657856183274,1.013556242469001,1.0065363756586656,LEG_3_NONLINEAR_COUPLED
321.57212700000434,1.012368175796792,-0.0275,0.02,SUBJECT_V3_abd1963f0ac953748eab1ff8,501,MYOLEG_V3_K0501,0.9993386813965298,0.9996657856183274,1.012368175796792,1.0065363756586656,LEG_3_NONLINEAR_COUPLED
321.4648873690139,1.0111908225487887,-0.025,0.02,SUBJECT_V3_05177835e92eacdf6bd2c224,502,MYOLEG_V3_K0502,0.9993984479884196,0.9996657856183274,1.0111908225487887,1.0065363756586656,LEG_3_NONLINEAR_COUPLED
321.3587376772863,1.0100241697269678,-0.0225,0.02,SUBJECT_V3_37d2d8987b070d5ec1353d0a,503,MYOLEG_V3_K0503,0.9994583070898231,0.9996657856183274,1.0100241697269678,1.0065363756586656,LEG_3_NONLINEAR_COUPLED
321.2536712536261,1.0088682045766433,-0.02,0.02,SUBJECT_V3_260b86df10bd7365ca8b8605,504,MYOLEG_V3_K0504,0.9995181782127479,0.9996657856183274,1.0088682045766433,1.0065363756586656,LEG_3_NONLINEAR_COUPLED
321.1496815624312,1.007722817213659,-0.0175,0.02,SUBJECT_V3_384290c995c578ac06482da0,505,MYOLEG_V3_K0505,0.9995782162876052,0.9996657856183274,1.007722817213659,1.0065363756586656,LEG_3_NONLINEAR_COUPLED
321.04676614511465,1.0065880546968728,-0.015,0.02,SUBJECT_V3_32ec1a0e2f0983e2b8d22171,506,MYOLEG_V3_K0506,0.9996383047947633,0.9996657856183274,1.0065880546968728,1.0065363756586656,LEG_3_NONLINEAR_COUPLED
320.9449180341801,1.0065363756586656,-0.0125,0.02,SUBJECT_V3_59831d7c9db7683b82340670,507,MYOLEG_V3_K0507,0.9996984674875931,0.9996657856183274,1.0054638566731693,1.0065363756586656,LEG_3_NONLINEAR_COUPLED
320.84413138337646,1.0065363756586656,-0.01,0.02,SUBJECT_V3_e6d3b183c1fe93b0e760aa56,508,MYOLEG_V3_K0508,0.9997586757789991,0.9996657856183274,1.0043501964641983,1.0065363756586656,LEG_3_NONLINEAR_COUPLED
320.74439936745347,1.0065363756586656,-0.0075,0.02,SUBJECT_V3_5b5527aade0e50bc1b649cd9,509,MYOLEG_V3_K0509,0.9998189670062219,0.9996657856183274,1.0032470088640724,1.0065363756586656,LEG_3_NONLINEAR_COUPLED
320.6457162460018,1.0065363756586656,-0.005,0.02,SUBJECT_V3_7cc26aeff70afd9f1cbe69b9,510,MYOLEG_V3_K0510,0.9998793091855007,0.9996657856183274,1.0021542691380847,1.0065363756586656,LEG_3_NONLINEAR_COUPLED
320.5480749347537,1.0065363756586656,-0.0025,0.02,SUBJECT_V3_504a8a271bcb4428e22bbfa2,511,MYOLEG_V3_K0511,0.9999397035843622,0.9996657856183274,1.0010719237575385,1.0065363756586656,LEG_3_NONLINEAR_COUPLED
320.45146849661654,1.0065363756586656,0.0,0.02,SUBJECT_V3_b4e919086229cb8052968374,512,MYOLEG_V3_K0512,1.0000001465458925,0.9996657856183274,0.9999999225111331,1.0065363756586656,LEG_3_NONLINEAR_COUPLED
320.3559530678627,1.0065363756586656,0.0025,0.02,SUBJECT_V3_2baf70a371d5b23d4cf4d477,513,MYOLEG_V3_K0513,1.0000606448180707,0.9996657856183274,0.9989388945225673,1.0065363756586656,LEG_3_NONLINEAR_COUPLED
320.2613956266222,1.0065363756586656,0.005,0.02,SUBJECT_V3_414a622fe3cec99ccc01771e,514,MYOLEG_V3_K0514,1.0001211839833295,0.9996657856183274,0.9978874265029787,1.0065363756586656,LEG_3_NONLINEAR_COUPLED
320.1678512237415,1.0065363756586656,0.0075,0.02,SUBJECT_V3_d586a9985fcee66354978b64,515,MYOLEG_V3_K0515,1.0001817603730465,0.9996657856183274,0.9968461389888468,1.0065363756586656,LEG_3_NONLINEAR_COUPLED
320.0753122693936,1.0065363756586656,0.01,0.02,SUBJECT_V3_1a50f9fe747f95df48314c96,516,MYOLEG_V3_K0516,1.0002423711420156,0.9996657856183274,0.9958149729617237,1.0065363756586656,LEG_3_NONLINEAR_COUPLED
319.9837708086873,1.0065363756586656,0.0125,0.02,SUBJECT_V3_3fcee5b973c776866de1f8ff,517,MYOLEG_V3_K0517,1.0003030269343685,0.9996657856183274,0.994793859360125,1.0065363756586656,LEG_3_NONLINEAR_COUPLED
319.8932192789272,1.0065363756586656,0.015,0.02,SUBJECT_V3_50f2342240cb3ddbe87e90ea,518,MYOLEG_V3_K0518,1.0003636936696878,0.9996657856183274,0.9937827519753869,1.0065363756586656,LEG_3_NONLINEAR_COUPLED
319.8036493735824,1.0065363756586656,0.0175,0.02,SUBJECT_V3_e9873d7f62559c5d5c0fe0f8,519,MYOLEG_V3_K0519,1.0004243869738,0.9996657856183274,0.9927815750918323,1.0065363756586656,LEG_3_NONLINEAR_COUPLED
319.71505328689153,1.0065363756586656,0.02,0.02,SUBJECT_V3_69d902bdb43cc1f01c84b4d6,520,MYOLEG_V3_K0520,1.0004851350638921,0.9996657856183274,0.9917902526935126,1.0065363756586656,LEG_3_NONLINEAR_COUPLED
319.62742363450786,1.0065363756586656,0.0225,0.02,SUBJECT_V3_799dcb8096a9727bb86e7e5d,521,MYOLEG_V3_K0521,1.000545851108415,0.9996657856183274,0.9908087619139082,1.0065363756586656,LEG_3_NONLINEAR_COUPLED
319.54074714810054,1.0065363756586656,0.025,0.02,SUBJECT_V3_4eec63a520ed60d5e1cf1837,522,MYOLEG_V3_K0522,1.000606594793068,0.9996657856183274,0.9898369530383331,1.0065363756586656,LEG_3_NONLINEAR_COUPLED
319.4550172677541,1.0065363756586656,0.0275,0.02,SUBJECT_V3_53601ca55c0b0fa03bf27f63,523,MYOLEG_V3_K0523,1.0006673731836526,0.9996657856183274,0.9888747714519465,1.0065363756586656,LEG_3_NONLINEAR_COUPLED
319.37022801697475,1.0065363756586656,0.03,0.02,SUBJECT_V3_a2ec7a9979b81022c42b97da,524,MYOLEG_V3_K0524,1.0007281969888686,0.9996657856183274,0.9879221670365519,1.0065363756586656,LEG_3_NONLINEAR_COUPLED
321.77740590981284,1.013556242469001,-0.03,0.0225,SUBJECT_V3_27233045933df1f7ce5e4324,525,MYOLEG_V3_K0525,0.9992789458319817,0.9996252545584747,1.013556242469001,1.007347151369498,LEG_3_NONLINEAR_COUPLED
321.66910777510475,1.012368175796792,-0.0275,0.0225,SUBJECT_V3_3d9c93f78383de340832e519,526,MYOLEG_V3_K0526,0.9993386813965298,0.9996252545584747,1.012368175796792,1.007347151369498,LEG_3_NONLINEAR_COUPLED
321.56190048682356,1.0111908225487887,-0.025,0.0225,SUBJECT_V3_8ecefc5988c896ebb3f264fb,527,MYOLEG_V3_K0527,0.9993984479884196,0.9996252545584747,1.0111908225487887,1.007347151369498,LEG_3_NONLINEAR_COUPLED
321.45578283033564,1.0100241697269678,-0.0225,0.0225,SUBJECT_V3_b238a98b9b4480199fa16287,528,MYOLEG_V3_K0528,0.9994583070898231,0.9996252545584747,1.0100241697269678,1.007347151369498,LEG_3_NONLINEAR_COUPLED
321.35074813583043,1.0088682045766433,-0.02,0.0225,SUBJECT_V3_c1525abefb66df43341bbbaa,529,MYOLEG_V3_K0529,0.9995181782127479,0.9996252545584747,1.0088682045766433,1.007347151369498,LEG_3_NONLINEAR_COUPLED
321.2467898690601,1.007722817213659,-0.0175,0.0225,SUBJECT_V3_27964b180d3f793360e87625,530,MYOLEG_V3_K0530,0.9995782162876052,0.9996252545584747,1.007722817213659,1.007347151369498,LEG_3_NONLINEAR_COUPLED
321.14390557156923,1.007347151369498,-0.015,0.0225,SUBJECT_V3_f3e4e4a3d835eb39bfd1298d,531,MYOLEG_V3_K0531,0.9996383047947633,0.9996252545584747,1.0065880546968728,1.007347151369498,LEG_3_NONLINEAR_COUPLED
321.0420882773653,1.007347151369498,-0.0125,0.0225,SUBJECT_V3_231ad01814b59258cfb53b6d,532,MYOLEG_V3_K0532,0.9996984674875931,0.9996252545584747,1.0054638566731693,1.007347151369498,LEG_3_NONLINEAR_COUPLED
320.94133214137184,1.007347151369498,-0.01,0.0225,SUBJECT_V3_31420411622f4aa0506f7093,533,MYOLEG_V3_K0533,0.9997586757789991,0.9996252545584747,1.0043501964641983,1.007347151369498,LEG_3_NONLINEAR_COUPLED
320.8416303398197,1.007347151369498,-0.0075,0.0225,SUBJECT_V3_aafd54afdb60641985672760,534,MYOLEG_V3_K0534,0.9998189670062219,0.9996252545584747,1.0032470088640724,1.007347151369498,LEG_3_NONLINEAR_COUPLED
320.7429771334621,1.007347151369498,-0.005,0.0225,SUBJECT_V3_2bb0f706c35c954eaaa887d7,535,MYOLEG_V3_K0535,0.9998793091855007,0.9996252545584747,1.0021542691380847,1.007347151369498,LEG_3_NONLINEAR_COUPLED
320.6453654396107,1.007347151369498,-0.0025,0.0225,SUBJECT_V3_cec161101e3a166ef619d0f7,536,MYOLEG_V3_K0536,0.9999397035843622,0.9996252545584747,1.0010719237575385,1.007347151369498,LEG_3_NONLINEAR_COUPLED
320.54878832271856,1.007347151369498,0.0,0.0225,SUBJECT_V3_ff4d3e7d7f3967297e62db3e,537,MYOLEG_V3_K0537,1.0000001465458925,0.9996252545584747,0.9999999225111331,1.007347151369498,LEG_3_NONLINEAR_COUPLED
320.45330190145285,1.007347151369498,0.0025,0.0225,SUBJECT_V3_33421f2e49b66a30b288dd07,538,MYOLEG_V3_K0538,1.0000606448180707,0.9996252545584747,0.9989388945225673,1.007347151369498,LEG_3_NONLINEAR_COUPLED
320.3587731938004,1.007347151369498,0.005,0.0225,SUBJECT_V3_5a9a97e98bf695e0a7b02d43,539,MYOLEG_V3_K0539,1.0001211839833295,0.9996252545584747,0.9978874265029787,1.007347151369498,LEG_3_NONLINEAR_COUPLED
320.26525723336414,1.007347151369498,0.0075,0.0225,SUBJECT_V3_017739dcd01673ce57c77871,540,MYOLEG_V3_K0540,1.0001817603730465,0.9996252545584747,0.9968461389888468,1.007347151369498,LEG_3_NONLINEAR_COUPLED
320.17274643210163,1.007347151369498,0.01,0.0225,SUBJECT_V3_40724c02a32274c4956b682d,541,MYOLEG_V3_K0541,1.0002423711420156,0.9996252545584747,0.9958149729617237,1.007347151369498,LEG_3_NONLINEAR_COUPLED
320.08123283702776,1.007347151369498,0.0125,0.0225,SUBJECT_V3_30a40d389e06dc7f7df7eba9,542,MYOLEG_V3_K0542,1.0003030269343685,0.9996252545584747,0.994793859360125,1.007347151369498,LEG_3_NONLINEAR_COUPLED
319.9907088872438,1.007347151369498,0.015,0.0225,SUBJECT_V3_9aaefb127c03346406ba1698,543,MYOLEG_V3_K0543,1.0003636936696878,0.9996252545584747,0.9937827519753869,1.007347151369498,LEG_3_NONLINEAR_COUPLED
319.9011662782527,1.007347151369498,0.0175,0.0225,SUBJECT_V3_e09949e1d16166d9ad4ba336,544,MYOLEG_V3_K0544,1.0004243869738,0.9996252545584747,0.9927815750918323,1.007347151369498,LEG_3_NONLINEAR_COUPLED
319.812597206184,1.007347151369498,0.02,0.0225,SUBJECT_V3_5811e2355e50e3243d7152ec,545,MYOLEG_V3_K0545,1.0004851350638921,0.9996252545584747,0.9917902526935126,1.007347151369498,LEG_3_NONLINEAR_COUPLED
319.7249942884638,1.007347151369498,0.0225,0.0225,SUBJECT_V3_7c91fad24c2fe92586ac5b4f,546,MYOLEG_V3_K0546,1.000545851108415,0.9996252545584747,0.9908087619139082,1.007347151369498,LEG_3_NONLINEAR_COUPLED
319.6383442603396,1.007347151369498,0.025,0.0225,SUBJECT_V3_e4f5398ae3a4cb77ca1989f0,547,MYOLEG_V3_K0547,1.000606594793068,0.9996252545584747,0.9898369530383331,1.007347151369498,LEG_3_NONLINEAR_COUPLED
319.5526405634385,1.007347151369498,0.0275,0.0225,SUBJECT_V3_01c1f65b35927f0095d8a3e6,548,MYOLEG_V3_K0548,1.0006673731836526,0.9996252545584747,0.9888747714519465,1.007347151369498,LEG_3_NONLINEAR_COUPLED
319.4678772226396,1.007347151369498,0.03,0.0225,SUBJECT_V3_66998da1d0f3dad3d02be332,549,MYOLEG_V3_K0549,1.0007281969888686,0.9996252545584747,0.9879221670365519,1.007347151369498,LEG_3_NONLINEAR_COUPLED
321.87425420727425,1.013556242469001,-0.03,0.025,SUBJECT_V3_795d66ac0d6d29efd1fc4058,550,MYOLEG_V3_K0550,0.9992789458319817,0.9995849956728878,1.013556242469001,1.0081565591365447,LEG_3_NONLINEAR_COUPLED
321.76598866920733,1.012368175796792,-0.0275,0.025,SUBJECT_V3_accc376f2483eb06b6485afd,551,MYOLEG_V3_K0551,0.9993386813965298,0.9995849956728878,1.012368175796792,1.0081565591365447,LEG_3_NONLINEAR_COUPLED
321.6588136708496,1.0111908225487887,-0.025,0.025,SUBJECT_V3_a56f40ea1a05f8f16b10a255,552,MYOLEG_V3_K0552,0.9993984479884196,0.9995849956728878,1.0111908225487887,1.0081565591365447,LEG_3_NONLINEAR_COUPLED
321.55272799729823,1.0100241697269678,-0.0225,0.025,SUBJECT_V3_b21faea68a1bfe202c220c76,553,MYOLEG_V3_K0553,0.9994583070898231,0.9995849956728878,1.0100241697269678,1.0081565591365447,LEG_3_NONLINEAR_COUPLED
321.44772498012554,1.0088682045766433,-0.02,0.025,SUBJECT_V3_b1e3f0fcbe3f6182b75fe7f3,554,MYOLEG_V3_K0554,0.9995181782127479,0.9995849956728878,1.0088682045766433,1.0081565591365447,LEG_3_NONLINEAR_COUPLED
321.34379808643666,1.0081565591365447,-0.0175,0.025,SUBJECT_V3_e7c35a4e05316e466563fe91,555,MYOLEG_V3_K0555,0.9995782162876052,0.9995849956728878,1.007722817213659,1.0081565591365447,LEG_3_NONLINEAR_COUPLED
321.240944857908,1.0081565591365447,-0.015,0.025,SUBJECT_V3_607bf77550ed6d90559f9ac6,556,MYOLEG_V3_K0556,0.9996383047947633,0.9995849956728878,1.0065880546968728,1.0081565591365447,LEG_3_NONLINEAR_COUPLED
321.1391583300488,1.0081565591365447,-0.0125,0.025,SUBJECT_V3_7e24227fa096345775738159,557,MYOLEG_V3_K0557,0.9996984674875931,0.9995849956728878,1.0054638566731693,1.0081565591365447,LEG_3_NONLINEAR_COUPLED
321.0384326589558,1.0081565591365447,-0.01,0.025,SUBJECT_V3_2d2f40fdfaba8faba5a54c5d,558,MYOLEG_V3_K0558,0.9997586757789991,0.9995849956728878,1.0043501964641983,1.0081565591365447,LEG_3_NONLINEAR_COUPLED
320.938761022339,1.0081565591365447,-0.0075,0.025,SUBJECT_V3_a3b6f54ddac059d7377a0d4b,559,MYOLEG_V3_K0559,0.9998189670062219,0.9995849956728878,1.0032470088640724,1.0081565591365447,LEG_3_NONLINEAR_COUPLED
320.8401376821128,1.0081565591365447,-0.005,0.025,SUBJECT_V3_3babcef6359820a5c900a5fb,560,MYOLEG_V3_K0560,0.9998793091855007,0.9995849956728878,1.0021542691380847,1.0081565591365447,LEG_3_NONLINEAR_COUPLED
320.7425555571665,1.0081565591365447,-0.0025,0.025,SUBJECT_V3_c9963a254365d638fc3963a8,561,MYOLEG_V3_K0561,0.9999397035843622,0.9995849956728878,1.0010719237575385,1.0081565591365447,LEG_3_NONLINEAR_COUPLED
320.6460077134964,1.0081565591365447,0.0,0.025,SUBJECT_V3_135a45cfcd75a0485a8b91ca,562,MYOLEG_V3_K0562,1.0000001465458925,0.9995849956728878,0.9999999225111331,1.0081565591365447,LEG_3_NONLINEAR_COUPLED
320.5505502521938,1.0081565591365447,0.0025,0.025,SUBJECT_V3_bc428df50c761d4894f40852,563,MYOLEG_V3_K0563,1.0000606448180707,0.9995849956728878,0.9989388945225673,1.0081565591365447,LEG_3_NONLINEAR_COUPLED
320.45605023103775,1.0081565591365447,0.005,0.025,SUBJECT_V3_ec346070fad3a98bad353599,564,MYOLEG_V3_K0564,1.0001211839833295,0.9995849956728878,0.9978874265029787,1.0081565591365447,LEG_3_NONLINEAR_COUPLED
320.3625626664162,1.0081565591365447,0.0075,0.025,SUBJECT_V3_3a139a3bd27c1fffb7e47c59,565,MYOLEG_V3_K0565,1.0001817603730465,0.9995849956728878,0.9968461389888468,1.0081565591365447,LEG_3_NONLINEAR_COUPLED
320.27007997206886,1.0081565591365447,0.01,0.025,SUBJECT_V3_42f5b3aac66a7c0bf3995518,566,MYOLEG_V3_K0566,1.0002423711420156,0.9995849956728878,0.9958149729617237,1.0081565591365447,LEG_3_NONLINEAR_COUPLED
320.17859419691393,1.0081565591365447,0.0125,0.025,SUBJECT_V3_985b718fbb85ebfd7bcba751,567,MYOLEG_V3_K0567,1.0003030269343685,0.9995849956728878,0.994793859360125,1.0081565591365447,LEG_3_NONLINEAR_COUPLED
320.0880977818472,1.0081565591365447,0.015,0.025,SUBJECT_V3_b3b256111fed4f0300eba568,568,MYOLEG_V3_K0568,1.0003636936696878,0.9995849956728878,0.9937827519753869,1.0081565591365447,LEG_3_NONLINEAR_COUPLED
319.998582424402,1.0081565591365447,0.0175,0.025,SUBJECT_V3_ae90ce7c5275e391d040b3f7,569,MYOLEG_V3_K0569,1.0004243869738,0.9995849956728878,0.9927815750918323,1.0081565591365447,LEG_3_NONLINEAR_COUPLED
319.9100403225967,1.0081565591365447,0.02,0.025,SUBJECT_V3_b50b695c352f17930eb9af45,570,MYOLEG_V3_K0570,1.0004851350638921,0.9995849956728878,0.9917902526935126,1.0081565591365447,LEG_3_NONLINEAR_COUPLED
319.8224640956272,1.0081565591365447,0.0225,0.025,SUBJECT_V3_4542f64aaca470f7b74ab705,571,MYOLEG_V3_K0571,1.000545851108415,0.9995849956728878,0.9908087619139082,1.0081565591365447,LEG_3_NONLINEAR_COUPLED
319.73584048231425,1.0081565591365447,0.025,0.025,SUBJECT_V3_a6dc40b785cf1b55ce213409,572,MYOLEG_V3_K0572,1.000606594793068,0.9995849956728878,0.9898369530383331,1.0081565591365447,LEG_3_NONLINEAR_COUPLED
319.65016292582527,1.0081565591365447,0.0275,0.025,SUBJECT_V3_5d291ad4f5a1aa4224638478,573,MYOLEG_V3_K0573,1.0006673731836526,0.9995849956728878,0.9888747714519465,1.0081565591365447,LEG_3_NONLINEAR_COUPLED
319.56542545241035,1.0081565591365447,0.03,0.025,SUBJECT_V3_afee378674ec80c7221e01f5,574,MYOLEG_V3_K0574,1.0007281969888686,0.9995849956728878,0.9879221670365519,1.0081565591365447,LEG_3_NONLINEAR_COUPLED
321.9710044883412,1.013556242469001,-0.03,0.0275,SUBJECT_V3_369583d9b887cb94be6fb1ef,575,MYOLEG_V3_K0575,0.9992789458319817,0.9995450050347993,1.013556242469001,1.0089646182942476,LEG_3_NONLINEAR_COUPLED
321.8627714943356,1.012368175796792,-0.0275,0.0275,SUBJECT_V3_4d6505a2625bc448216b3846,576,MYOLEG_V3_K0576,0.9993386813965298,0.9995450050347993,1.012368175796792,1.0089646182942476,LEG_3_NONLINEAR_COUPLED
321.75562873379664,1.0111908225487887,-0.025,0.0275,SUBJECT_V3_f4895afb87e8e7d9414e4f1e,577,MYOLEG_V3_K0577,0.9993984479884196,0.9995450050347993,1.0111908225487887,1.0089646182942476,LEG_3_NONLINEAR_COUPLED
321.6495749915533,1.0100241697269678,-0.0225,0.0275,SUBJECT_V3_f33b74fea01d5d4fd83d65ca,578,MYOLEG_V3_K0578,0.9994583070898231,0.9995450050347993,1.0100241697269678,1.0089646182942476,LEG_3_NONLINEAR_COUPLED
321.5446036005593,1.0089646182942476,-0.02,0.0275,SUBJECT_V3_68021a11af02106bca87d691,579,MYOLEG_V3_K0579,0.9995181782127479,0.9995450050347993,1.0088682045766433,1.0089646182942476,LEG_3_NONLINEAR_COUPLED
321.4407080292709,1.0089646182942476,-0.0175,0.0275,SUBJECT_V3_8d78950550fcfe60293c3f07,580,MYOLEG_V3_K0580,0.9995782162876052,0.9995450050347993,1.007722817213659,1.0089646182942476,LEG_3_NONLINEAR_COUPLED
321.3378858194967,1.0089646182942476,-0.015,0.0275,SUBJECT_V3_f7e757e45533f92d918964a0,581,MYOLEG_V3_K0581,0.9996383047947633,0.9995450050347993,1.0065880546968728,1.0089646182942476,LEG_3_NONLINEAR_COUPLED
321.23613000824577,1.0089646182942476,-0.0125,0.0275,SUBJECT_V3_bad937d6d7b842b1bbf936a8,582,MYOLEG_V3_K0582,0.9996984674875931,0.9995450050347993,1.0054638566731693,1.0089646182942476,LEG_3_NONLINEAR_COUPLED
321.1354347527867,1.0089646182942476,-0.01,0.0275,SUBJECT_V3_17e39f20bfc91be135647ebf,583,MYOLEG_V3_K0583,0.9997586757789991,0.9995450050347993,1.0043501964641983,1.0089646182942476,LEG_3_NONLINEAR_COUPLED
321.0357932323068,1.0089646182942476,-0.0075,0.0275,SUBJECT_V3_d9bb6ec2d9f3e0adc4e3e6b5,584,MYOLEG_V3_K0584,0.9998189670062219,0.9995450050347993,1.0032470088640724,1.0089646182942476,LEG_3_NONLINEAR_COUPLED
320.9371997098802,1.0089646182942476,-0.005,0.0275,SUBJECT_V3_d4f48c587ea8ecd1027b9cbc,585,MYOLEG_V3_K0585,0.9998793091855007,0.9995450050347993,1.0021542691380847,1.0089646182942476,LEG_3_NONLINEAR_COUPLED
320.8396471059718,1.0089646182942476,-0.0025,0.0275,SUBJECT_V3_d96b1ba6a433724620550825,586,MYOLEG_V3_K0586,0.9999397035843622,0.9995450050347993,1.0010719237575385,1.0089646182942476,LEG_3_NONLINEAR_COUPLED
320.743128488119,1.0089646182942476,0.0,0.0275,SUBJECT_V3_9121d11ce452072466ebb64f,587,MYOLEG_V3_K0587,1.0000001465458925,0.9995450050347993,0.9999999225111331,1.0089646182942476,LEG_3_NONLINEAR_COUPLED
320.64769993986647,1.0089646182942476,0.0025,0.0275,SUBJECT_V3_ccfed983aa2c981f242d690a,588,MYOLEG_V3_K0588,1.0000606448180707,0.9995450050347993,0.9989388945225673,1.0089646182942476,LEG_3_NONLINEAR_COUPLED
320.55322855872123,1.0089646182942476,0.005,0.0275,SUBJECT_V3_b2c4fa2b87d85958bb36f056,589,MYOLEG_V3_K0589,1.0001211839833295,0.9995450050347993,0.9978874265029787,1.0089646182942476,LEG_3_NONLINEAR_COUPLED
320.45976934388483,1.0089646182942476,0.0075,0.0275,SUBJECT_V3_c40354370b754906b436d4bc,590,MYOLEG_V3_K0590,1.0001817603730465,0.9995450050347993,0.9968461389888468,1.0089646182942476,LEG_3_NONLINEAR_COUPLED
320.3673147108765,1.0089646182942476,0.01,0.0275,SUBJECT_V3_c411b1ea9ac9300164a6c0bb,591,MYOLEG_V3_K0591,1.0002423711420156,0.9995450050347993,0.9958149729617237,1.0089646182942476,LEG_3_NONLINEAR_COUPLED
320.27585671051526,1.0089646182942476,0.0125,0.0275,SUBJECT_V3_88cd04ce25f27bff319c02fe,592,MYOLEG_V3_K0592,1.0003030269343685,0.9995450050347993,0.994793859360125,1.0089646182942476,LEG_3_NONLINEAR_COUPLED
320.1853877854887,1.0089646182942476,0.015,0.0275,SUBJECT_V3_01f13da95c0519603ffca22b,593,MYOLEG_V3_K0593,1.0003636936696878,0.9995450050347993,0.9937827519753869,1.0089646182942476,LEG_3_NONLINEAR_COUPLED
320.0958996353581,1.0089646182942476,0.0175,0.0275,SUBJECT_V3_09a062dec87c713f976d1a97,594,MYOLEG_V3_K0594,1.0004243869738,0.9995450050347993,0.9927815750918323,1.0089646182942476,LEG_3_NONLINEAR_COUPLED
320.00738446002754,1.0089646182942476,0.02,0.0275,SUBJECT_V3_e39a01ce1be98ad1fe0f4dfa,595,MYOLEG_V3_K0595,1.0004851350638921,0.9995450050347993,0.9917902526935126,1.0089646182942476,LEG_3_NONLINEAR_COUPLED
319.9198348804606,1.0089646182942476,0.0225,0.0275,SUBJECT_V3_8def741162c528e42a68381f,596,MYOLEG_V3_K0596,1.000545851108415,0.9995450050347993,0.9908087619139082,1.0089646182942476,LEG_3_NONLINEAR_COUPLED
319.83323763904576,1.0089646182942476,0.025,0.0275,SUBJECT_V3_05ef208034dfef7e7bf7c599,597,MYOLEG_V3_K0597,1.000606594793068,0.9995450050347993,0.9898369530383331,1.0089646182942476,LEG_3_NONLINEAR_COUPLED
319.7475861804887,1.0089646182942476,0.0275,0.0275,SUBJECT_V3_19dcad47f14a83878b8a1669,598,MYOLEG_V3_K0598,1.0006673731836526,0.9995450050347993,0.9888747714519465,1.0089646182942476,LEG_3_NONLINEAR_COUPLED
319.6628745324087,1.0089646182942476,0.03,0.0275,SUBJECT_V3_7b74b551a8e48754a05fa416,599,MYOLEG_V3_K0599,1.0007281969888686,0.9995450050347993,0.9879221670365519,1.0089646182942476,LEG_3_NONLINEAR_COUPLED
322.0676618084065,1.013556242469001,-0.03,0.03,SUBJECT_V3_f894ae5e15187348fd0c8543,600,MYOLEG_V3_K0600,0.9992789458319817,0.9995052713390257,1.013556242469001,1.0097713783029865,LEG_3_NONLINEAR_COUPLED
321.95946130765833,1.012368175796792,-0.0275,0.03,SUBJECT_V3_c9963a61b65430c7b4df7807,601,MYOLEG_V3_K0601,0.9993386813965298,0.9995052713390257,1.012368175796792,1.0097713783029865,LEG_3_NONLINEAR_COUPLED
321.85235073459296,1.0111908225487887,-0.025,0.03,SUBJECT_V3_65a72ef7d3455389eac5df4f,602,MYOLEG_V3_K0602,0.9993984479884196,0.9995052713390257,1.0111908225487887,1.0097713783029865,LEG_3_NONLINEAR_COUPLED
321.74632887377214,1.0100241697269678,-0.0225,0.03,SUBJECT_V3_ac0ccfe933ac85e21f1725c7,603,MYOLEG_V3_K0603,0.9994583070898231,0.9995052713390257,1.0100241697269678,1.0097713783029865,LEG_3_NONLINEAR_COUPLED
321.64138905952933,1.0097713783029865,-0.02,0.03,SUBJECT_V3_f99a3626a4423426fb246723,604,MYOLEG_V3_K0604,0.9995181782127479,0.9995052713390257,1.0088682045766433,1.0097713783029865,LEG_3_NONLINEAR_COUPLED
321.53752476167017,1.0097713783029865,-0.0175,0.03,SUBJECT_V3_70a45f8e789c25d73f6f8389,605,MYOLEG_V3_K0605,0.9995782162876052,0.9995052713390257,1.007722817213659,1.0097713783029865,LEG_3_NONLINEAR_COUPLED
321.434733522136,1.0097713783029865,-0.015,0.03,SUBJECT_V3_c7aa81d57c16083ffa09e97a,606,MYOLEG_V3_K0606,0.9996383047947633,0.9995052713390257,1.0065880546968728,1.0097713783029865,LEG_3_NONLINEAR_COUPLED
321.33300837943375,1.0097713783029865,-0.0125,0.03,SUBJECT_V3_6bbbcd0899bac664741a1da1,607,MYOLEG_V3_K0607,0.9996984674875931,0.9995052713390257,1.0054638566731693,1.0097713783029865,LEG_3_NONLINEAR_COUPLED
321.23234349200266,1.0097713783029865,-0.01,0.03,SUBJECT_V3_a86c4f1e501fb5090038babc,608,MYOLEG_V3_K0608,0.9997586757789991,0.9995052713390257,1.0043501964641983,1.0097713783029865,LEG_3_NONLINEAR_COUPLED
321.1327320405055,1.0097713783029865,-0.0075,0.03,SUBJECT_V3_d0f8a96b75d1881fceb68714,609,MYOLEG_V3_K0609,0.9998189670062219,0.9995052713390257,1.0032470088640724,1.0097713783029865,LEG_3_NONLINEAR_COUPLED
321.03416828917483,1.0097713783029865,-0.005,0.03,SUBJECT_V3_b3f8d068c6f1d6676d9596f5,610,MYOLEG_V3_K0610,0.9998793091855007,0.9995052713390257,1.0021542691380847,1.0097713783029865,LEG_3_NONLINEAR_COUPLED
320.9366451600489,1.0097713783029865,-0.0025,0.03,SUBJECT_V3_9fbbb915ac0466075740c71f,611,MYOLEG_V3_K0611,0.9999397035843622,0.9995052713390257,1.0010719237575385,1.0097713783029865,LEG_3_NONLINEAR_COUPLED
320.8401557222049,1.0097713783029865,0.0,0.03,SUBJECT_V3_f865de0f5dff4594fc5fddbd,612,MYOLEG_V3_K0612,1.0000001465458925,0.9995052713390257,0.9999999225111331,1.0097713783029865,LEG_3_NONLINEAR_COUPLED
320.7447560416683,1.0097713783029865,0.0025,0.03,SUBJECT_V3_c72e68a93a0c0bbaedd790f3,613,MYOLEG_V3_K0613,1.0000606448180707,0.9995052713390257,0.9989388945225673,1.0097713783029865,LEG_3_NONLINEAR_COUPLED
320.6503132556126,1.0097713783029865,0.005,0.03,SUBJECT_V3_23eba6b2d5cb02cd765e2255,614,MYOLEG_V3_K0614,1.0001211839833295,0.9995052713390257,0.9978874265029787,1.0097713783029865,LEG_3_NONLINEAR_COUPLED
320.55688234607993,1.0097713783029865,0.0075,0.03,SUBJECT_V3_d303a229c9e59deceb26ea17,615,MYOLEG_V3_K0615,1.0001817603730465,0.9995052713390257,0.9968461389888468,1.0097713783029865,LEG_3_NONLINEAR_COUPLED
320.4644557303672,1.0097713783029865,0.01,0.03,SUBJECT_V3_33e1f6dea408bd1c2563a2d9,616,MYOLEG_V3_K0616,1.0002423711420156,0.9995052713390257,0.9958149729617237,1.0097713783029865,LEG_3_NONLINEAR_COUPLED
320.3730254611914,1.0097713783029865,0.0125,0.03,SUBJECT_V3_565ff227bb4ba45650925faa,617,MYOLEG_V3_K0617,1.0003030269343685,0.9995052713390257,0.994793859360125,1.0097713783029865,LEG_3_NONLINEAR_COUPLED
320.28258398302967,1.0097713783029865,0.015,0.03,SUBJECT_V3_4015169444add6faef867b5c,618,MYOLEG_V3_K0618,1.0003636936696878,0.9995052713390257,0.9937827519753869,1.0097713783029865,LEG_3_NONLINEAR_COUPLED
320.1931229974683,1.0097713783029865,0.0175,0.03,SUBJECT_V3_eb0c2838cb5024753a89bc07,619,MYOLEG_V3_K0619,1.0004243869738,0.9995052713390257,0.9927815750918323,1.0097713783029865,LEG_3_NONLINEAR_COUPLED
320.104634706295,1.0097713783029865,0.02,0.03,SUBJECT_V3_4466e68cf73274977b623a47,620,MYOLEG_V3_K0620,1.0004851350638921,0.9995052713390257,0.9917902526935126,1.0097713783029865,LEG_3_NONLINEAR_COUPLED
320.0171117322382,1.0097713783029865,0.0225,0.03,SUBJECT_V3_b9dce07ce5b21ffce44114c5,621,MYOLEG_V3_K0621,1.000545851108415,0.9995052713390257,0.9908087619139082,1.0097713783029865,LEG_3_NONLINEAR_COUPLED
319.9305408212492,1.0097713783029865,0.025,0.03,SUBJECT_V3_747b6993fa50d792833d7eeb,622,MYOLEG_V3_K0622,1.000606594793068,0.9995052713390257,0.9898369530383331,1.0097713783029865,LEG_3_NONLINEAR_COUPLED
319.84491541956976,1.0097713783029865,0.0275,0.03,SUBJECT_V3_4f9ca1e91d5fe660af7822e6,623,MYOLEG_V3_K0623,1.0006673731836526,0.9995052713390257,0.9888747714519465,1.0097713783029865,LEG_3_NONLINEAR_COUPLED
319.7602295561866,1.0097713783029865,0.03,0.03,SUBJECT_V3_741bf49e343be7d8ca0956c0,624,MYOLEG_V3_K0624,1.0007281969888686,0.9995052713390257,0.9879221670365519,1.0097713783029865,LEG_3_NONLINEAR_COUPLED
164.06204039912188,1.0105008563442701,-0.03,-0.03,SUBJECT_V3_9fcb52e0ff6dd2afee21c26c,0,MYOLEG_V3_K0000,1.000962542631917,0.9992936589002313,1.0105008563442701,0.9931682786649539,LEG_4_STRONG_STRUCTURAL_MISMATCH
164.04545086168355,1.0096034847970832,-0.0275,-0.03,SUBJECT_V3_79faff78a171a8af5f49dec8,1,MYOLEG_V3_K0001,1.0008829092010396,0.9992936589002313,1.0096034847970832,0.9931682786649539,LEG_4_STRONG_STRUCTURAL_MISMATCH
164.028919364892,1.0087100598981422,-0.025,-0.03,SUBJECT_V3_a36c0ccf294d145b88611c20,2,MYOLEG_V3_K0002,1.0008031274538558,0.9992936589002313,1.0087100598981422,0.9931682786649539,LEG_4_STRONG_STRUCTURAL_MISMATCH
164.01244854062713,1.00782062386741,-0.0225,-0.03,SUBJECT_V3_30515be212b39d971ba71368,3,MYOLEG_V3_K0003,1.0007232410777185,0.9992936589002313,1.00782062386741,0.9931682786649539,LEG_4_STRONG_STRUCTURAL_MISMATCH
163.996037395247,1.0069352755274812,-0.02,-0.03,SUBJECT_V3_4924d2185c36faf094ed2d19,4,MYOLEG_V3_K0004,1.0006432046455445,0.9992936589002313,1.0069352755274812,0.9931682786649539,LEG_4_STRONG_STRUCTURAL_MISMATCH
163.97968960083344,1.0060538656411888,-0.0175,-0.03,SUBJECT_V3_09e2bf9cc8841b41f99f9a3f,5,MYOLEG_V3_K0005,1.0005631370944932,0.9992936589002313,1.0060538656411888,0.9931682786649539,LEG_4_STRONG_STRUCTURAL_MISMATCH
163.96340320993272,1.005176556299367,-0.015,-0.03,SUBJECT_V3_9779b5a27751dc870fc06557,6,MYOLEG_V3_K0006,1.000482955858501,0.9992936589002313,1.005176556299367,0.9931682786649539,LEG_4_STRONG_STRUCTURAL_MISMATCH
163.94717934838943,1.0043033465175233,-0.0125,-0.03,SUBJECT_V3_e737a559668571498498fcc5,7,MYOLEG_V3_K0007,1.000402686556132,0.9992936589002313,1.0043033465175233,0.9931682786649539,LEG_4_STRONG_STRUCTURAL_MISMATCH
163.93101810557584,1.0034342999265744,-0.01,-0.03,SUBJECT_V3_e8d6f52ce6cc652512cb68af,8,MYOLEG_V3_K0008,1.0003223156490113,0.9992936589002313,1.0034342999265744,0.9931682786649539,LEG_4_STRONG_STRUCTURAL_MISMATCH
163.91492076923132,1.0025693941619982,-0.0075,-0.03,SUBJECT_V3_00213ec92b4c4ffcc2d42dd5,9,MYOLEG_V3_K0009,1.0002418780669131,0.9992936589002313,1.0025693941619982,0.9931682786649539,LEG_4_STRONG_STRUCTURAL_MISMATCH
163.89888714836854,1.0017086881901347,-0.005,-0.03,SUBJECT_V3_600f6011edbc66fff44b00c6,10,MYOLEG_V3_K0010,1.00016135596362,0.9992936589002313,1.0017086881901347,0.9931682786649539,LEG_4_STRONG_STRUCTURAL_MISMATCH
163.88291774762592,1.0008521984522611,-0.0025,-0.03,SUBJECT_V3_2d17fb6a455cd45042439322,11,MYOLEG_V3_K0011,1.0000807575365636,0.9992936589002313,1.0008521984522611,0.9931682786649539,LEG_4_STRONG_STRUCTURAL_MISMATCH
163.86701296587344,1.000000086768055,0.0,-0.03,SUBJECT_V3_968660b73454759c664280d4,12,MYOLEG_V3_K0012,1.000000086768055,0.9992936589002313,0.9999999487925283,0.9931682786649539,LEG_4_STRONG_STRUCTURAL_MISMATCH
163.85119049810461,0.9999193541119392,0.0025,-0.03,SUBJECT_V3_5ba7ed62dc55ecc2eec72496,13,MYOLEG_V3_K0013,0.9999193541119392,0.9992936589002313,0.9991531798176058,0.9931682786649539,LEG_4_STRONG_STRUCTURAL_MISMATCH
163.83541634776265,0.9998385565592621,0.005,-0.03,SUBJECT_V3_24478acb7db9013a4cd4d2ac,14,MYOLEG_V3_K0014,0.9998385565592621,0.9992936589002313,0.9983094758036597,0.9931682786649539,LEG_4_STRONG_STRUCTURAL_MISMATCH
163.81970786725492,0.9997576979321908,0.0075,-0.03,SUBJECT_V3_3b279bb478c9bd435d09ab56,15,MYOLEG_V3_K0015,0.9997576979321908,0.9992936589002313,0.997470075498548,0.9931682786649539,LEG_4_STRONG_STRUCTURAL_MISMATCH
163.80406539338193,0.9996767825007554,0.01,-0.03,SUBJECT_V3_65a0d01f8678cc19d6eeec94,16,MYOLEG_V3_K0016,0.9996767825007554,0.9992936589002313,0.9966349973454719,0.9931682786649539,LEG_4_STRONG_STRUCTURAL_MISMATCH
163.78848952458995,0.9995958245706829,0.0125,-0.03,SUBJECT_V3_fa343814562c8325cfe17f1e,17,MYOLEG_V3_K0017,0.9995958245706829,0.9992936589002313,0.9958042428161268,0.9931682786649539,LEG_4_STRONG_STRUCTURAL_MISMATCH
163.77297974591235,0.9995148048644243,0.015,-0.03,SUBJECT_V3_1d7d6101458af943685d73fb,18,MYOLEG_V3_K0018,0.9995148048644243,0.9992936589002313,0.9949778530855127,0.9931682786649539,LEG_4_STRONG_STRUCTURAL_MISMATCH
163.75753686808287,0.9994337408394354,0.0175,-0.03,SUBJECT_V3_c24c3895e55bcd5df631ebc6,19,MYOLEG_V3_K0019,0.9994337408394354,0.9992936589002313,0.9941558336540968,0.9931682786649539,LEG_4_STRONG_STRUCTURAL_MISMATCH
163.74216181602304,0.9993526569457105,0.02,-0.03,SUBJECT_V3_19864bb6c0a578b869d064e0,20,MYOLEG_V3_K0020,0.9993526569457105,0.9992936589002313,0.9933381732219643,0.9931682786649539,LEG_4_STRONG_STRUCTURAL_MISMATCH
163.72685313640403,0.9992936589002313,0.0225,-0.03,SUBJECT_V3_08b579de44c518cb6dfdd4ce,21,MYOLEG_V3_K0021,0.9992714986718653,0.9992936589002313,0.9925249713538256,0.9931682786649539,LEG_4_STRONG_STRUCTURAL_MISMATCH
163.7116119944596,0.9992936589002313,0.025,-0.03,SUBJECT_V3_3aeda8c3f9b0e15c5c70495c,22,MYOLEG_V3_K0022,0.9991903216163636,0.9992936589002313,0.991716122677092,0.9931682786649539,LEG_4_STRONG_STRUCTURAL_MISMATCH
163.69643876767503,0.9992936589002313,0.0275,-0.03,SUBJECT_V3_00c37070640462ff65701cad,23,MYOLEG_V3_K0023,0.9991091319436036,0.9992936589002313,0.9909116416490038,0.9931682786649539,LEG_4_STRONG_STRUCTURAL_MISMATCH
163.68133393395564,0.9992936589002313,0.03,-0.03,SUBJECT_V3_d16d9fd6fe6115786784dbf1,24,MYOLEG_V3_K0024,0.9990279359669377,0.9992936589002313,0.9901115494413822,0.9931682786649539,LEG_4_STRONG_STRUCTURAL_MISMATCH
164.07922418569174,1.0105008563442701,-0.03,-0.0275,SUBJECT_V3_043c9753116dd1b072965764,25,MYOLEG_V3_K0025,1.000962542631917,0.9993551674983228,1.0105008563442701,0.9937525905187748,LEG_4_STRONG_STRUCTURAL_MISMATCH
164.06263638582803,1.0096034847970832,-0.0275,-0.0275,SUBJECT_V3_db36850b54a193925e4d0b9b,26,MYOLEG_V3_K0026,1.0008829092010396,0.9993551674983228,1.0096034847970832,0.9937525905187748,LEG_4_STRONG_STRUCTURAL_MISMATCH
164.04610662088152,1.0087100598981422,-0.025,-0.0275,SUBJECT_V3_247741f048926b850fb0280a,27,MYOLEG_V3_K0027,1.0008031274538558,0.9993551674983228,1.0087100598981422,0.9937525905187748,LEG_4_STRONG_STRUCTURAL_MISMATCH
164.0296375224528,1.00782062386741,-0.0225,-0.0275,SUBJECT_V3_84ba0d16787902c7eef7b078,28,MYOLEG_V3_K0028,1.0007232410777185,0.9993551674983228,1.00782062386741,0.9937525905187748,LEG_4_STRONG_STRUCTURAL_MISMATCH
164.01322809700028,1.0069352755274812,-0.02,-0.0275,SUBJECT_V3_da052777dad6623ad7a44854,29,MYOLEG_V3_K0029,1.0006432046455445,0.9993551674983228,1.0069352755274812,0.9937525905187748,LEG_4_STRONG_STRUCTURAL_MISMATCH
163.99688201621723,1.0060538656411888,-0.0175,-0.0275,SUBJECT_V3_9023d36dcf63522744d7149d,30,MYOLEG_V3_K0030,1.0005631370944932,0.9993551674983228,1.0060538656411888,0.9937525905187748,LEG_4_STRONG_STRUCTURAL_MISMATCH
163.9805973328502,1.005176556299367,-0.015,-0.0275,SUBJECT_V3_1f39efc30cc3ee591a7e6283,31,MYOLEG_V3_K0031,1.000482955858501,0.9993551674983228,1.005176556299367,0.9937525905187748,LEG_4_STRONG_STRUCTURAL_MISMATCH
163.96437517262208,1.0043033465175233,-0.0125,-0.0275,SUBJECT_V3_433a6f0ec4452666ad2f7c24,32,MYOLEG_V3_K0032,1.000402686556132,0.9993551674983228,1.0043033465175233,0.9937525905187748,LEG_4_STRONG_STRUCTURAL_MISMATCH
163.94821562489182,1.0034342999265744,-0.01,-0.0275,SUBJECT_V3_6e696c6d28b614bb73d6651d,33,MYOLEG_V3_K0033,1.0003223156490113,0.9993551674983228,1.0034342999265744,0.9937525905187748,LEG_4_STRONG_STRUCTURAL_MISMATCH
163.93211997726002,1.0025693941619982,-0.0075,-0.0275,SUBJECT_V3_ebbef4b31401c1b91b527499,34,MYOLEG_V3_K0034,1.0002418780669131,0.9993551674983228,1.0025693941619982,0.9937525905187748,LEG_4_STRONG_STRUCTURAL_MISMATCH
163.91608803875548,1.0017086881901347,-0.005,-0.0275,SUBJECT_V3_079370e4a910da39cfd5d5cd,35,MYOLEG_V3_K0035,1.00016135596362,0.9993551674983228,1.0017086881901347,0.9937525905187748,LEG_4_STRONG_STRUCTURAL_MISMATCH
163.90012031395983,1.0008521984522611,-0.0025,-0.0275,SUBJECT_V3_edc7a37b444b295e1a789953,36,MYOLEG_V3_K0036,1.0000807575365636,0.9993551674983228,1.0008521984522611,0.9937525905187748,LEG_4_STRONG_STRUCTURAL_MISMATCH
163.8842172016974,1.000000086768055,0.0,-0.0275,SUBJECT_V3_ce04cde3ac627c0312797ccf,37,MYOLEG_V3_K0037,1.000000086768055,0.9993551674983228,0.9999999487925283,0.9937525905187748,LEG_4_STRONG_STRUCTURAL_MISMATCH
163.8683963950998,0.9999193541119392,0.0025,-0.0275,SUBJECT_V3_a7d05b23a98ac0b38307afae,38,MYOLEG_V3_K0038,0.9999193541119392,0.9993551674983228,0.9991531798176058,0.9937525905187748,LEG_4_STRONG_STRUCTURAL_MISMATCH
163.85262390117566,0.9998385565592621,0.005,-0.0275,SUBJECT_V3_a8da09f5286ddcf96c7e1c35,39,MYOLEG_V3_K0039,0.9998385565592621,0.9993551674983228,0.9983094758036597,0.9937525905187748,LEG_4_STRONG_STRUCTURAL_MISMATCH
163.83691707050684,0.9997576979321908,0.0075,-0.0275,SUBJECT_V3_b573400b0ab783da543800e4,40,MYOLEG_V3_K0040,0.9997576979321908,0.9993551674983228,0.997470075498548,0.9937525905187748,LEG_4_STRONG_STRUCTURAL_MISMATCH
163.82127623985457,0.9996767825007554,0.01,-0.0275,SUBJECT_V3_8ffbed6052dcebbb91af5982,41,MYOLEG_V3_K0041,0.9996767825007554,0.9993551674983228,0.9966349973454719,0.9937525905187748,LEG_4_STRONG_STRUCTURAL_MISMATCH
163.8057020075983,0.9995958245706829,0.0125,-0.0275,SUBJECT_V3_9a22e481bbfd1a21b81ef192,42,MYOLEG_V3_K0042,0.9995958245706829,0.9993551674983228,0.9958042428161268,0.9937525905187748,LEG_4_STRONG_STRUCTURAL_MISMATCH
163.79019385882174,0.9995148048644243,0.015,-0.0275,SUBJECT_V3_a4bc3ea0cdb2be4ec2465eeb,43,MYOLEG_V3_K0043,0.9995148048644243,0.9993551674983228,0.9949778530855127,0.9937525905187748,LEG_4_STRONG_STRUCTURAL_MISMATCH
163.77475260416944,0.9994337408394354,0.0175,-0.0275,SUBJECT_V3_37d29b8cb4d563eafbd7c4dd,44,MYOLEG_V3_K0044,0.9994337408394354,0.9993551674983228,0.9941558336540968,0.9937525905187748,LEG_4_STRONG_STRUCTURAL_MISMATCH
163.75937916846186,0.9993551674983228,0.02,-0.0275,SUBJECT_V3_4010568c2b903c23ca6e22b3,45,MYOLEG_V3_K0045,0.9993526569457105,0.9993551674983228,0.9933381732219643,0.9937525905187748,LEG_4_STRONG_STRUCTURAL_MISMATCH
163.74407209851907,0.9993551674983228,0.0225,-0.0275,SUBJECT_V3_6d80f3c1cbeffa00fb68f730,46,MYOLEG_V3_K0046,0.9992714986718653,0.9993551674983228,0.9925249713538256,0.9937525905187748,LEG_4_STRONG_STRUCTURAL_MISMATCH
163.72883255944834,0.9993551674983228,0.025,-0.0275,SUBJECT_V3_bad230963f021b2969756c09,47,MYOLEG_V3_K0047,0.9991903216163636,0.9993551674983228,0.991716122677092,0.9937525905187748,LEG_4_STRONG_STRUCTURAL_MISMATCH
163.71366092869152,0.9993551674983228,0.0275,-0.0275,SUBJECT_V3_9ddeb1e1c97028991e1a4329,48,MYOLEG_V3_K0048,0.9991091319436036,0.9993551674983228,0.9909116416490038,0.9937525905187748,LEG_4_STRONG_STRUCTURAL_MISMATCH
163.69855768409963,0.9993551674983228,0.03,-0.0275,SUBJECT_V3_25f9eb92f7989caa8ea5e7cf,49,MYOLEG_V3_K0049,0.9990279359669377,0.9993551674983228,0.9901115494413822,0.9937525905187748,LEG_4_STRONG_STRUCTURAL_MISMATCH
164.09631545033704,1.0105008563442701,-0.03,-0.025,SUBJECT_V3_983d27b204442f9d43f15348,50,MYOLEG_V3_K0050,1.000962542631917,0.999416152639988,1.0105008563442701,0.9943341964885452,LEG_4_STRONG_STRUCTURAL_MISMATCH
164.07972937833136,1.0096034847970832,-0.0275,-0.025,SUBJECT_V3_c79ece59ae1130d9f7aa7f7e,51,MYOLEG_V3_K0051,1.0008829092010396,0.999416152639988,1.0096034847970832,0.9943341964885452,LEG_4_STRONG_STRUCTURAL_MISMATCH
164.06320133554527,1.0087100598981422,-0.025,-0.025,SUBJECT_V3_d55486ebbb048ba9c43c3d8a,52,MYOLEG_V3_K0052,1.0008031274538558,0.999416152639988,1.0087100598981422,0.9943341964885452,LEG_4_STRONG_STRUCTURAL_MISMATCH
164.04673395330153,1.00782062386741,-0.0225,-0.025,SUBJECT_V3_93d6ad0840abfd4c0a206103,53,MYOLEG_V3_K0053,1.0007232410777185,0.999416152639988,1.00782062386741,0.9943341964885452,LEG_4_STRONG_STRUCTURAL_MISMATCH
164.0303262381584,1.0069352755274812,-0.02,-0.025,SUBJECT_V3_c49ae1e36ff9132fc22c94a1,54,MYOLEG_V3_K0054,1.0006432046455445,0.999416152639988,1.0069352755274812,0.9943341964885452,LEG_4_STRONG_STRUCTURAL_MISMATCH
164.01398186142274,1.0060538656411888,-0.0175,-0.025,SUBJECT_V3_e956244fc43e6d38e648ba9f,55,MYOLEG_V3_K0055,1.0005631370944932,0.999416152639988,1.0060538656411888,0.9943341964885452,LEG_4_STRONG_STRUCTURAL_MISMATCH
163.99769887604035,1.005176556299367,-0.015,-0.025,SUBJECT_V3_4e46f9a21dc5dd3a02927868,56,MYOLEG_V3_K0056,1.000482955858501,0.999416152639988,1.005176556299367,0.9943341964885452,LEG_4_STRONG_STRUCTURAL_MISMATCH
163.98147840761285,1.0043033465175233,-0.0125,-0.025,SUBJECT_V3_5d10718fd029f6e39c2e5b64,57,MYOLEG_V3_K0057,1.000402686556132,0.999416152639988,1.0043033465175233,0.9943341964885452,LEG_4_STRONG_STRUCTURAL_MISMATCH
163.96532054548626,1.0034342999265744,-0.01,-0.025,SUBJECT_V3_b57727db87a5ac337f098280,58,MYOLEG_V3_K0058,1.0003223156490113,0.999416152639988,1.0034342999265744,0.9943341964885452,LEG_4_STRONG_STRUCTURAL_MISMATCH
163.94922657712297,1.0025693941619982,-0.0075,-0.025,SUBJECT_V3_147a27c360b5435c0ef86485,59,MYOLEG_V3_K0059,1.0002418780669131,0.999416152639988,1.0025693941619982,0.9943341964885452,LEG_4_STRONG_STRUCTURAL_MISMATCH
163.93319631156794,1.0017086881901347,-0.005,-0.025,SUBJECT_V3_e4dee06f816d86533155d5c1,60,MYOLEG_V3_K0060,1.00016135596362,0.999416152639988,1.0017086881901347,0.9943341964885452,LEG_4_STRONG_STRUCTURAL_MISMATCH
163.9172302533463,1.0008521984522611,-0.0025,-0.025,SUBJECT_V3_29cc285f63b746ef0ee85069,61,MYOLEG_V3_K0061,1.0000807575365636,0.999416152639988,1.0008521984522611,0.9943341964885452,LEG_4_STRONG_STRUCTURAL_MISMATCH
163.9013288012369,1.000000086768055,0.0,-0.025,SUBJECT_V3_191e5138d1663b70f060a4b1,62,MYOLEG_V3_K0062,1.000000086768055,0.999416152639988,0.9999999487925283,0.9943341964885452,LEG_4_STRONG_STRUCTURAL_MISMATCH
163.88550964651998,0.9999193541119392,0.0025,-0.025,SUBJECT_V3_6f4b96fd37af69811e5eb79d,63,MYOLEG_V3_K0063,0.9999193541119392,0.999416152639988,0.9991531798176058,0.9943341964885452,LEG_4_STRONG_STRUCTURAL_MISMATCH
163.86973879974957,0.9998385565592621,0.005,-0.025,SUBJECT_V3_aa89eb43c7f4536e57745944,64,MYOLEG_V3_K0064,0.9998385565592621,0.999416152639988,0.9983094758036597,0.9943341964885452,LEG_4_STRONG_STRUCTURAL_MISMATCH
163.8540336096923,0.9997576979321908,0.0075,-0.025,SUBJECT_V3_efc6683088eb7cdbe4c9504b,65,MYOLEG_V3_K0065,0.9997576979321908,0.999416152639988,0.997470075498548,0.9943341964885452,LEG_4_STRONG_STRUCTURAL_MISMATCH
163.83839441307026,0.9996767825007554,0.01,-0.025,SUBJECT_V3_9db4de73b5571bdc143ff8f3,66,MYOLEG_V3_K0066,0.9996767825007554,0.999416152639988,0.9966349973454719,0.9943341964885452,LEG_4_STRONG_STRUCTURAL_MISMATCH
163.82282180819658,0.9995958245706829,0.0125,-0.025,SUBJECT_V3_539dcea92ca236e9c4ec29d1,67,MYOLEG_V3_K0067,0.9995958245706829,0.999416152639988,0.9958042428161268,0.9943341964885452,LEG_4_STRONG_STRUCTURAL_MISMATCH
163.80731528020488,0.9995148048644243,0.015,-0.025,SUBJECT_V3_96fd43d03638b2b8e01aec02,68,MYOLEG_V3_K0068,0.9995148048644243,0.999416152639988,0.9949778530855127,0.9943341964885452,LEG_4_STRONG_STRUCTURAL_MISMATCH
163.79187563965112,0.9994337408394354,0.0175,-0.025,SUBJECT_V3_e0416eead5cd6133639bd79c,69,MYOLEG_V3_K0069,0.9994337408394354,0.999416152639988,0.9941558336540968,0.9943341964885452,LEG_4_STRONG_STRUCTURAL_MISMATCH
163.77650381125522,0.999416152639988,0.02,-0.025,SUBJECT_V3_923d5349ac72fb42215187aa,70,MYOLEG_V3_K0070,0.9993526569457105,0.999416152639988,0.9933381732219643,0.9943341964885452,LEG_4_STRONG_STRUCTURAL_MISMATCH
163.76119834198528,0.999416152639988,0.0225,-0.025,SUBJECT_V3_d0c1317b89d2d33da185ae78,71,MYOLEG_V3_K0071,0.9992714986718653,0.999416152639988,0.9925249713538256,0.9943341964885452,LEG_4_STRONG_STRUCTURAL_MISMATCH
163.74596039682294,0.999416152639988,0.025,-0.025,SUBJECT_V3_039a93cec56ed68aa1dd35ea,72,MYOLEG_V3_K0072,0.9991903216163636,0.999416152639988,0.991716122677092,0.9943341964885452,LEG_4_STRONG_STRUCTURAL_MISMATCH
163.73079035316664,0.999416152639988,0.0275,-0.025,SUBJECT_V3_fe95b3a4ceb70cbcb273d5a4,73,MYOLEG_V3_K0073,0.9991091319436036,0.999416152639988,0.9909116416490038,0.9943341964885452,LEG_4_STRONG_STRUCTURAL_MISMATCH
163.7156886888136,0.999416152639988,0.03,-0.025,SUBJECT_V3_01b1046c77aa3839792b4ff2,74,MYOLEG_V3_K0074,0.9990279359669377,0.999416152639988,0.9901115494413822,0.9943341964885452,LEG_4_STRONG_STRUCTURAL_MISMATCH
164.11331665344946,1.0105008563442701,-0.03,-0.0225,SUBJECT_V3_195f9f54c7e7d4964a4a38e8,75,MYOLEG_V3_K0075,1.000962542631917,0.9994766584283319,1.0105008563442701,0.9949130535334094,LEG_4_STRONG_STRUCTURAL_MISMATCH
164.09673229983986,1.0096034847970832,-0.0275,-0.0225,SUBJECT_V3_a9a9efb671d1da3da57e7c83,76,MYOLEG_V3_K0076,1.0008829092010396,0.9994766584283319,1.0096034847970832,0.9949130535334094,LEG_4_STRONG_STRUCTURAL_MISMATCH
164.08020596978332,1.0087100598981422,-0.025,-0.0225,SUBJECT_V3_b70c70ecc21dd5ad744e2278,77,MYOLEG_V3_K0077,1.0008031274538558,0.9994766584283319,1.0087100598981422,0.9949130535334094,LEG_4_STRONG_STRUCTURAL_MISMATCH
164.06374029432627,1.00782062386741,-0.0225,-0.0225,SUBJECT_V3_9d5f0d1ff63750049229cbed,78,MYOLEG_V3_K0078,1.0007232410777185,0.9994766584283319,1.00782062386741,0.9949130535334094,LEG_4_STRONG_STRUCTURAL_MISMATCH
164.04733428012636,1.0069352755274812,-0.02,-0.0225,SUBJECT_V3_a460992a8f2407afce09c198,79,MYOLEG_V3_K0079,1.0006432046455445,0.9994766584283319,1.0069352755274812,0.9949130535334094,LEG_4_STRONG_STRUCTURAL_MISMATCH
164.03099159810608,1.0060538656411888,-0.0175,-0.0225,SUBJECT_V3_145d6c3e99584c0b0a21cd76,80,MYOLEG_V3_K0080,1.0005631370944932,0.9994766584283319,1.0060538656411888,0.9949130535334094,LEG_4_STRONG_STRUCTURAL_MISMATCH
164.0147103014094,1.005176556299367,-0.015,-0.0225,SUBJECT_V3_3488cd6c6a243d5b69ab1c99,81,MYOLEG_V3_K0081,1.000482955858501,0.9994766584283319,1.005176556299367,0.9949130535334094,LEG_4_STRONG_STRUCTURAL_MISMATCH
163.99849151551743,1.0043033465175233,-0.0125,-0.0225,SUBJECT_V3_917c663e513ff89118ff2d6e,82,MYOLEG_V3_K0082,1.000402686556132,0.9994766584283319,1.0043033465175233,0.9949130535334094,LEG_4_STRONG_STRUCTURAL_MISMATCH
163.9823353297632,1.0034342999265744,-0.01,-0.0225,SUBJECT_V3_ebaaa40b053d846c8380a17a,83,MYOLEG_V3_K0083,1.0003223156490113,0.9994766584283319,1.0034342999265744,0.9949130535334094,LEG_4_STRONG_STRUCTURAL_MISMATCH
163.96624303147175,1.0025693941619982,-0.0075,-0.0225,SUBJECT_V3_fe8db98142cedfe683321bca,84,MYOLEG_V3_K0084,1.0002418780669131,0.9994766584283319,1.0025693941619982,0.9949130535334094,LEG_4_STRONG_STRUCTURAL_MISMATCH
163.95021442970398,1.0017086881901347,-0.005,-0.0225,SUBJECT_V3_3ac737957d7e4713ee13b837,85,MYOLEG_V3_K0085,1.00016135596362,0.9994766584283319,1.0017086881901347,0.9949130535334094,LEG_4_STRONG_STRUCTURAL_MISMATCH
163.93425002892894,1.0008521984522611,-0.0025,-0.0225,SUBJECT_V3_4e24782e2ed70a44e726760b,86,MYOLEG_V3_K0086,1.0000807575365636,0.9994766584283319,1.0008521984522611,0.9949130535334094,LEG_4_STRONG_STRUCTURAL_MISMATCH
163.91835022788027,1.000000086768055,0.0,-0.0225,SUBJECT_V3_c889598fdc9a9e3e7aa0133f,87,MYOLEG_V3_K0087,1.000000086768055,0.9994766584283319,0.9999999487925283,0.9949130535334094,LEG_4_STRONG_STRUCTURAL_MISMATCH
163.90253271599693,0.9999193541119392,0.0025,-0.0225,SUBJECT_V3_283413fe21b7be014464dad3,88,MYOLEG_V3_K0088,0.9999193541119392,0.9994766584283319,0.9991531798176058,0.9949130535334094,LEG_4_STRONG_STRUCTURAL_MISMATCH
163.88676350735895,0.9998385565592621,0.005,-0.0225,SUBJECT_V3_2b43d35bad98f7a104fecd8c,89,MYOLEG_V3_K0089,0.9998385565592621,0.9994766584283319,0.9983094758036597,0.9949130535334094,LEG_4_STRONG_STRUCTURAL_MISMATCH
163.87105994892758,0.9997576979321908,0.0075,-0.0225,SUBJECT_V3_c0070967e3ba519421de6fa5,90,MYOLEG_V3_K0090,0.9997576979321908,0.9994766584283319,0.997470075498548,0.9949130535334094,LEG_4_STRONG_STRUCTURAL_MISMATCH
163.85542237738616,0.9996767825007554,0.01,-0.0225,SUBJECT_V3_ccc99e3942f487631e35dc60,91,MYOLEG_V3_K0091,0.9996767825007554,0.9994766584283319,0.9966349973454719,0.9949130535334094,LEG_4_STRONG_STRUCTURAL_MISMATCH
163.83985139098172,0.9995958245706829,0.0125,-0.0225,SUBJECT_V3_ee03f0cbe60f2438c4d5ad19,92,MYOLEG_V3_K0092,0.9995958245706829,0.9994766584283319,0.9958042428161268,0.9949130535334094,LEG_4_STRONG_STRUCTURAL_MISMATCH
163.8243464748976,0.9995148048644243,0.015,-0.0225,SUBJECT_V3_2e6b3e51edb85c455a7695fb,93,MYOLEG_V3_K0093,0.9995148048644243,0.9994766584283319,0.9949778530855127,0.9949130535334094,LEG_4_STRONG_STRUCTURAL_MISMATCH
163.80890843960162,0.9994766584283319,0.0175,-0.0225,SUBJECT_V3_3b1ee91eb17bb31e0c41be6b,94,MYOLEG_V3_K0094,0.9994337408394354,0.9994766584283319,0.9941558336540968,0.9949130535334094,LEG_4_STRONG_STRUCTURAL_MISMATCH
163.79353820971372,0.9994766584283319,0.02,-0.0225,SUBJECT_V3_59ef6023d340271ed4baaa18,95,MYOLEG_V3_K0095,0.9993526569457105,0.9994766584283319,0.9933381732219643,0.9949130535334094,LEG_4_STRONG_STRUCTURAL_MISMATCH
163.7782343323492,0.9994766584283319,0.0225,-0.0225,SUBJECT_V3_078ad2d01234b4411e8ad8e5,96,MYOLEG_V3_K0096,0.9992714986718653,0.9994766584283319,0.9925249713538256,0.9949130535334094,LEG_4_STRONG_STRUCTURAL_MISMATCH
163.7629979723648,0.9994766584283319,0.025,-0.0225,SUBJECT_V3_4207b2b79b57240540c17ceb,97,MYOLEG_V3_K0097,0.9991903216163636,0.9994766584283319,0.991716122677092,0.9949130535334094,LEG_4_STRONG_STRUCTURAL_MISMATCH
163.74782950711577,0.9994766584283319,0.0275,-0.0225,SUBJECT_V3_ec29e15e527a0a328cbd9878,98,MYOLEG_V3_K0098,0.9991091319436036,0.9994766584283319,0.9909116416490038,0.9949130535334094,LEG_4_STRONG_STRUCTURAL_MISMATCH
163.73272941434578,0.9994766584283319,0.03,-0.0225,SUBJECT_V3_36ad4c9ba468162b4a822314,99,MYOLEG_V3_K0099,0.9990279359669377,0.9994766584283319,0.9901115494413822,0.9949130535334094,LEG_4_STRONG_STRUCTURAL_MISMATCH
164.13022786357342,1.0105008563442701,-0.03,-0.02,SUBJECT_V3_72f573af13178b4460b112bf,100,MYOLEG_V3_K0100,1.000962542631917,0.999536694978235,1.0105008563442701,0.9954891313499269,LEG_4_STRONG_STRUCTURAL_MISMATCH
164.11364521891062,1.0096034847970832,-0.0275,-0.02,SUBJECT_V3_3ad442df7c10eba5c28bef9d,101,MYOLEG_V3_K0101,1.0008829092010396,0.999536694978235,1.0096034847970832,0.9954891313499269,LEG_4_STRONG_STRUCTURAL_MISMATCH
164.0971205921654,1.0087100598981422,-0.025,-0.02,SUBJECT_V3_aa44abfd1a7396e0174a35e2,102,MYOLEG_V3_K0102,1.0008031274538558,0.999536694978235,1.0087100598981422,0.9954891313499269,LEG_4_STRONG_STRUCTURAL_MISMATCH
164.08065661410944,1.00782062386741,-0.0225,-0.02,SUBJECT_V3_3a5bf7e5eab6b2cca8744e1d,103,MYOLEG_V3_K0103,1.0007232410777185,0.999536694978235,1.00782062386741,0.9954891313499269,LEG_4_STRONG_STRUCTURAL_MISMATCH
164.06425229149914,1.0069352755274812,-0.02,-0.02,SUBJECT_V3_d98adcf728ef157ebef139b4,104,MYOLEG_V3_K0104,1.0006432046455445,0.999536694978235,1.0069352755274812,0.9954891313499269,LEG_4_STRONG_STRUCTURAL_MISMATCH
164.0479112948748,1.0060538656411888,-0.0175,-0.02,SUBJECT_V3_5b1184782f4728282d0e0952,105,MYOLEG_V3_K0105,1.0005631370944932,0.999536694978235,1.0060538656411888,0.9954891313499269,LEG_4_STRONG_STRUCTURAL_MISMATCH
164.0316316775774,1.005176556299367,-0.015,-0.02,SUBJECT_V3_4f30870e2fd84963b5c73689,106,MYOLEG_V3_K0106,1.000482955858501,0.999536694978235,1.005176556299367,0.9954891313499269,LEG_4_STRONG_STRUCTURAL_MISMATCH
164.01541456496827,1.0043033465175233,-0.0125,-0.02,SUBJECT_V3_397686bcb06cce58f262beeb,107,MYOLEG_V3_K0107,1.000402686556132,0.999536694978235,1.0043033465175233,0.9954891313499269,LEG_4_STRONG_STRUCTURAL_MISMATCH
163.99926004636748,1.0034342999265744,-0.01,-0.02,SUBJECT_V3_4759f30f53c8cf1acf6c2581,108,MYOLEG_V3_K0108,1.0003223156490113,0.999536694978235,1.0034342999265744,0.9954891313499269,LEG_4_STRONG_STRUCTURAL_MISMATCH
163.98316940896348,1.0025693941619982,-0.0075,-0.02,SUBJECT_V3_3735a2c1e75e4b952eaffa82,109,MYOLEG_V3_K0109,1.0002418780669131,0.999536694978235,1.0025693941619982,0.9954891313499269,LEG_4_STRONG_STRUCTURAL_MISMATCH
163.96714246183313,1.0017086881901347,-0.005,-0.02,SUBJECT_V3_1fbec774f62c26b2cd8eaef3,110,MYOLEG_V3_K0110,1.00016135596362,0.999536694978235,1.0017086881901347,0.9954891313499269,LEG_4_STRONG_STRUCTURAL_MISMATCH
163.95117970938958,1.0008521984522611,-0.0025,-0.02,SUBJECT_V3_36cdfdf8ff5cec25a78d793f,111,MYOLEG_V3_K0111,1.0000807575365636,0.999536694978235,1.0008521984522611,0.9954891313499269,LEG_4_STRONG_STRUCTURAL_MISMATCH
163.9352815503215,1.000000086768055,0.0,-0.02,SUBJECT_V3_98730f497670e2a4e002c90b,112,MYOLEG_V3_K0112,1.000000086768055,0.999536694978235,0.9999999487925283,0.9954891313499269,LEG_4_STRONG_STRUCTURAL_MISMATCH
163.91946567223675,0.9999193541119392,0.0025,-0.02,SUBJECT_V3_c51f2857e3f52055aea0a811,113,MYOLEG_V3_K0113,0.9999193541119392,0.999536694978235,0.9991531798176058,0.9954891313499269,LEG_4_STRONG_STRUCTURAL_MISMATCH
163.903698092722,0.9998385565592621,0.005,-0.02,SUBJECT_V3_306db775da87c69b5013346e,114,MYOLEG_V3_K0114,0.9998385565592621,0.999536694978235,0.9983094758036597,0.9954891313499269,LEG_4_STRONG_STRUCTURAL_MISMATCH
163.88799615694305,0.9997576979321908,0.0075,-0.02,SUBJECT_V3_c27f955f135ecdfa6072867e,115,MYOLEG_V3_K0115,0.9997576979321908,0.999536694978235,0.997470075498548,0.9954891313499269,LEG_4_STRONG_STRUCTURAL_MISMATCH
163.8723602015446,0.9996767825007554,0.01,-0.02,SUBJECT_V3_e697de03fc72850e10da8a22,116,MYOLEG_V3_K0116,0.9996767825007554,0.999536694978235,0.9966349973454719,0.9954891313499269,LEG_4_STRONG_STRUCTURAL_MISMATCH
163.85679082470807,0.9995958245706829,0.0125,-0.02,SUBJECT_V3_644a7db130ee3b9cdbde4ed7,117,MYOLEG_V3_K0117,0.9995958245706829,0.999536694978235,0.9958042428161268,0.9954891313499269,LEG_4_STRONG_STRUCTURAL_MISMATCH
163.84128751166614,0.999536694978235,0.015,-0.02,SUBJECT_V3_79917b1a8163db4ae5f0f828,118,MYOLEG_V3_K0118,0.9995148048644243,0.999536694978235,0.9949778530855127,0.9954891313499269,LEG_4_STRONG_STRUCTURAL_MISMATCH
163.8258510727991,0.999536694978235,0.0175,-0.02,SUBJECT_V3_98ca659c37b92664f29282ce,119,MYOLEG_V3_K0119,0.9994337408394354,0.999536694978235,0.9941558336540968,0.9954891313499269,LEG_4_STRONG_STRUCTURAL_MISMATCH
163.81048243262734,0.999536694978235,0.02,-0.02,SUBJECT_V3_44c60830e62e34d6ee92fb51,120,MYOLEG_V3_K0120,0.9993526569457105,0.999536694978235,0.9933381732219643,0.9954891313499269,LEG_4_STRONG_STRUCTURAL_MISMATCH
163.79518013841266,0.999536694978235,0.0225,-0.02,SUBJECT_V3_0328942bc9784e76efaaa6fa,121,MYOLEG_V3_K0121,0.9992714986718653,0.999536694978235,0.9925249713538256,0.9954891313499269,LEG_4_STRONG_STRUCTURAL_MISMATCH
163.77994535488745,0.999536694978235,0.025,-0.02,SUBJECT_V3_58f728fe2ef4e314c63eacff,122,MYOLEG_V3_K0122,0.9991903216163636,0.999536694978235,0.991716122677092,0.9954891313499269,LEG_4_STRONG_STRUCTURAL_MISMATCH
163.76477845936415,0.999536694978235,0.0275,-0.02,SUBJECT_V3_321ad2b10cbcf4bb0eaed81c,123,MYOLEG_V3_K0123,0.9991091319436036,0.999536694978235,0.9909116416490038,0.9954891313499269,LEG_4_STRONG_STRUCTURAL_MISMATCH
163.7496799295331,0.999536694978235,0.03,-0.02,SUBJECT_V3_7c37531502beaf41e8786388,124,MYOLEG_V3_K0124,0.9990279359669377,0.999536694978235,0.9901115494413822,0.9954891313499269,LEG_4_STRONG_STRUCTURAL_MISMATCH
164.14704822384323,1.0105008563442701,-0.03,-0.0175,SUBJECT_V3_3ca9d752f82636db9e650aa3,125,MYOLEG_V3_K0125,1.000962542631917,0.9995962491281434,1.0105008563442701,0.9960624419229427,LEG_4_STRONG_STRUCTURAL_MISMATCH
164.13046727859714,1.0096034847970832,-0.0275,-0.0175,SUBJECT_V3_302296dddb8ac8c8dba38e08,126,MYOLEG_V3_K0126,1.0008829092010396,0.9995962491281434,1.0096034847970832,0.9960624419229427,LEG_4_STRONG_STRUCTURAL_MISMATCH
164.11394434566446,1.0087100598981422,-0.025,-0.0175,SUBJECT_V3_c2496789663148446082591b,127,MYOLEG_V3_K0127,1.0008031274538558,0.9995962491281434,1.0087100598981422,0.9960624419229427,LEG_4_STRONG_STRUCTURAL_MISMATCH
164.09748205554368,1.00782062386741,-0.0225,-0.0175,SUBJECT_V3_976e7ac5ef236b88b6ebe1ba,128,MYOLEG_V3_K0128,1.0007232410777185,0.9995962491281434,1.00782062386741,0.9960624419229427,LEG_4_STRONG_STRUCTURAL_MISMATCH
164.08107941508936,1.0069352755274812,-0.02,-0.0175,SUBJECT_V3_ea3b667cbc70a22f8273b5af,129,MYOLEG_V3_K0129,1.0006432046455445,0.9995962491281434,1.0069352755274812,0.9960624419229427,LEG_4_STRONG_STRUCTURAL_MISMATCH
164.06474009446177,1.0060538656411888,-0.0175,-0.0175,SUBJECT_V3_e6d66635ec9f46ff14252e1d,130,MYOLEG_V3_K0130,1.0005631370944932,0.9995962491281434,1.0060538656411888,0.9960624419229427,LEG_4_STRONG_STRUCTURAL_MISMATCH
164.0484621471978,1.005176556299367,-0.015,-0.0175,SUBJECT_V3_5f811b82cb4dee0d25a70867,131,MYOLEG_V3_K0131,1.000482955858501,0.9995962491281434,1.005176556299367,0.9960624419229427,LEG_4_STRONG_STRUCTURAL_MISMATCH
164.03224669853967,1.0043033465175233,-0.0125,-0.0175,SUBJECT_V3_7037668697c62bb37ce07b2d,132,MYOLEG_V3_K0132,1.000402686556132,0.9995962491281434,1.0043033465175233,0.9960624419229427,LEG_4_STRONG_STRUCTURAL_MISMATCH
164.01609383779459,1.0034342999265744,-0.01,-0.0175,SUBJECT_V3_eca6d57f600f0cf6ce14606e,133,MYOLEG_V3_K0133,1.0003223156490113,0.9995962491281434,1.0034342999265744,0.9960624419229427,LEG_4_STRONG_STRUCTURAL_MISMATCH
164.00000485201517,1.0025693941619982,-0.0075,-0.0175,SUBJECT_V3_b75f234e88261a9de2cc4985,134,MYOLEG_V3_K0134,1.0002418780669131,0.9995962491281434,1.0025693941619982,0.9960624419229427,LEG_4_STRONG_STRUCTURAL_MISMATCH
163.98397955029404,1.0017086881901347,-0.005,-0.0175,SUBJECT_V3_917404d916f283a60d304a1e,135,MYOLEG_V3_K0135,1.00016135596362,0.9995962491281434,1.0017086881901347,0.9960624419229427,LEG_4_STRONG_STRUCTURAL_MISMATCH
163.9680184369889,1.0008521984522611,-0.0025,-0.0175,SUBJECT_V3_d4d569b792ba3295835845aa,136,MYOLEG_V3_K0136,1.0000807575365636,0.9995962491281434,1.0008521984522611,0.9960624419229427,LEG_4_STRONG_STRUCTURAL_MISMATCH
163.95212191074367,1.000000086768055,0.0,-0.0175,SUBJECT_V3_8107ed647400e782e05e013c,137,MYOLEG_V3_K0137,1.000000086768055,0.9995962491281434,0.9999999487925283,0.9960624419229427,LEG_4_STRONG_STRUCTURAL_MISMATCH
163.93630765734534,0.9999193541119392,0.0025,-0.0175,SUBJECT_V3_356fa841d3076fbf8ff91e78,138,MYOLEG_V3_K0138,0.9999193541119392,0.9995962491281434,0.9991531798176058,0.9960624419229427,LEG_4_STRONG_STRUCTURAL_MISMATCH
163.92054169786755,0.9998385565592621,0.005,-0.0175,SUBJECT_V3_20ca60044e7be0ca53fa8df8,139,MYOLEG_V3_K0139,0.9998385565592621,0.9995962491281434,0.9983094758036597,0.9960624419229427,LEG_4_STRONG_STRUCTURAL_MISMATCH
163.90484137569078,0.9997576979321908,0.0075,-0.0175,SUBJECT_V3_fee3a88bea9d628516cf431b,140,MYOLEG_V3_K0140,0.9997576979321908,0.9995962491281434,0.997470075498548,0.9960624419229427,LEG_4_STRONG_STRUCTURAL_MISMATCH
163.8892070274213,0.9996767825007554,0.01,-0.0175,SUBJECT_V3_d50364634e5532044066ea2d,141,MYOLEG_V3_K0141,0.9996767825007554,0.9995962491281434,0.9966349973454719,0.9960624419229427,LEG_4_STRONG_STRUCTURAL_MISMATCH
163.8736392511752,0.9995962491281434,0.0125,-0.0175,SUBJECT_V3_eaaf5552b058b292659d9a8b,142,MYOLEG_V3_K0142,0.9995958245706829,0.9995962491281434,0.9958042428161268,0.9960624419229427,LEG_4_STRONG_STRUCTURAL_MISMATCH
163.85813753223437,0.9995962491281434,0.015,-0.0175,SUBJECT_V3_228702801736662fc0079c8f,143,MYOLEG_V3_K0143,0.9995148048644243,0.9995962491281434,0.9949778530855127,0.9960624419229427,LEG_4_STRONG_STRUCTURAL_MISMATCH
163.84270268089188,0.9995962491281434,0.0175,-0.0175,SUBJECT_V3_389987785e36749ec0d8265b,144,MYOLEG_V3_K0144,0.9994337408394354,0.9995962491281434,0.9941558336540968,0.9960624419229427,LEG_4_STRONG_STRUCTURAL_MISMATCH
163.82733562156923,0.9995962491281434,0.02,-0.0175,SUBJECT_V3_73d8ec33b4c2da9b6fb150db,145,MYOLEG_V3_K0145,0.9993526569457105,0.9995962491281434,0.9933381732219643,0.9960624419229427,LEG_4_STRONG_STRUCTURAL_MISMATCH
163.8120349016739,0.9995962491281434,0.0225,-0.0175,SUBJECT_V3_799e5fdb1afaa7170aa245b9,146,MYOLEG_V3_K0146,0.9992714986718653,0.9995962491281434,0.9925249713538256,0.9960624419229427,LEG_4_STRONG_STRUCTURAL_MISMATCH
163.79680168581467,0.9995962491281434,0.025,-0.0175,SUBJECT_V3_6f12f843f4caf1a1f99436c3,147,MYOLEG_V3_K0147,0.9991903216163636,0.9995962491281434,0.991716122677092,0.9960624419229427,LEG_4_STRONG_STRUCTURAL_MISMATCH
163.78163635126128,0.9995962491281434,0.0275,-0.0175,SUBJECT_V3_c70a1113b6281218be1ea80b,148,MYOLEG_V3_K0148,0.9991091319436036,0.9995962491281434,0.9909116416490038,0.9960624419229427,LEG_4_STRONG_STRUCTURAL_MISMATCH
163.7665393756512,0.9995962491281434,0.03,-0.0175,SUBJECT_V3_e28e2c7084f31dd593c461f7,149,MYOLEG_V3_K0149,0.9990279359669377,0.9995962491281434,0.9901115494413822,0.9960624419229427,LEG_4_STRONG_STRUCTURAL_MISMATCH
164.16377884407285,1.0105008563442701,-0.03,-0.015,SUBJECT_V3_1ac86a07843294f88886c9c7,150,MYOLEG_V3_K0150,1.000962542631917,0.9996553337087029,1.0105008563442701,0.9966329940120386,LEG_4_STRONG_STRUCTURAL_MISMATCH
164.14719958883123,1.0096034847970832,-0.0275,-0.015,SUBJECT_V3_8ce913480ff3fd16842daf9e,151,MYOLEG_V3_K0151,1.0008829092010396,0.9996553337087029,1.0096034847970832,0.9966329940120386,LEG_4_STRONG_STRUCTURAL_MISMATCH
164.1306783403298,1.0087100598981422,-0.025,-0.015,SUBJECT_V3_f344f7055a0c9d68894bcd56,152,MYOLEG_V3_K0152,1.0008031274538558,0.9996553337087029,1.0087100598981422,0.9966329940120386,LEG_4_STRONG_STRUCTURAL_MISMATCH
164.1142177287953,1.00782062386741,-0.0225,-0.015,SUBJECT_V3_73121e90b8bd528fecc59018,153,MYOLEG_V3_K0153,1.0007232410777185,0.9996553337087029,1.00782062386741,0.9966329940120386,LEG_4_STRONG_STRUCTURAL_MISMATCH
164.09781676118,1.0069352755274812,-0.02,-0.015,SUBJECT_V3_6d27cb7486cf037b61998eb4,154,MYOLEG_V3_K0154,1.0006432046455445,0.9996553337087029,1.0069352755274812,0.9966329940120386,LEG_4_STRONG_STRUCTURAL_MISMATCH
164.08147910726623,1.0060538656411888,-0.0175,-0.015,SUBJECT_V3_e8471df3ebeae01e2fb4b8f5,155,MYOLEG_V3_K0155,1.0005631370944932,0.9996553337087029,1.0060538656411888,0.9966329940120386,LEG_4_STRONG_STRUCTURAL_MISMATCH
164.0652028207857,1.005176556299367,-0.015,-0.015,SUBJECT_V3_ad1aab8da874ad60d547dea4,156,MYOLEG_V3_K0156,1.000482955858501,0.9996553337087029,1.005176556299367,0.9966329940120386,LEG_4_STRONG_STRUCTURAL_MISMATCH
164.04898902686216,1.0043033465175233,-0.0125,-0.015,SUBJECT_V3_3f2704686243810b48ea2a2c,157,MYOLEG_V3_K0157,1.000402686556132,0.9996553337087029,1.0043033465175233,0.9966329940120386,LEG_4_STRONG_STRUCTURAL_MISMATCH
164.03283781478999,1.0034342999265744,-0.01,-0.015,SUBJECT_V3_6f11eb2311ee151a7d42c6fa,158,MYOLEG_V3_K0158,1.0003223156490113,0.9996553337087029,1.0034342999265744,0.9966329940120386,LEG_4_STRONG_STRUCTURAL_MISMATCH
164.01675047148674,1.0025693941619982,-0.0075,-0.015,SUBJECT_V3_f34cfa783e0b9e01fcce99d1,159,MYOLEG_V3_K0159,1.0002418780669131,0.9996553337087029,1.0025693941619982,0.9966329940120386,LEG_4_STRONG_STRUCTURAL_MISMATCH
164.00072680606087,1.0017086881901347,-0.005,-0.015,SUBJECT_V3_4db62fd64820f5b7110d50af,160,MYOLEG_V3_K0160,1.00016135596362,0.9996553337087029,1.0017086881901347,0.9966329940120386,LEG_4_STRONG_STRUCTURAL_MISMATCH
163.98476732281472,1.0008521984522611,-0.0025,-0.015,SUBJECT_V3_9f646e99a9e564ded333c14f,161,MYOLEG_V3_K0161,1.0000807575365636,0.9996553337087029,1.0008521984522611,0.9966329940120386,LEG_4_STRONG_STRUCTURAL_MISMATCH
163.96887242034782,1.000000086768055,0.0,-0.015,SUBJECT_V3_e633dfa18d80ca142d294865,162,MYOLEG_V3_K0162,1.000000086768055,0.9996553337087029,0.9999999487925283,0.9966329940120386,LEG_4_STRONG_STRUCTURAL_MISMATCH
163.95305978263636,0.9999193541119392,0.0025,-0.015,SUBJECT_V3_caf7336389887e56c1c77b88,163,MYOLEG_V3_K0163,0.9999193541119392,0.9996553337087029,0.9991531798176058,0.9966329940120386,LEG_4_STRONG_STRUCTURAL_MISMATCH
163.9372954342217,0.9998385565592621,0.005,-0.015,SUBJECT_V3_28d1bc13ea9602a1c3a421ab,164,MYOLEG_V3_K0164,0.9998385565592621,0.9996553337087029,0.9983094758036597,0.9966329940120386,LEG_4_STRONG_STRUCTURAL_MISMATCH
163.92159671670876,0.9997576979321908,0.0075,-0.015,SUBJECT_V3_f54208f32106072ed8209350,165,MYOLEG_V3_K0165,0.9997576979321908,0.9996553337087029,0.997470075498548,0.9966329940120386,LEG_4_STRONG_STRUCTURAL_MISMATCH
163.9059639666657,0.9996767825007554,0.01,-0.015,SUBJECT_V3_63e17cde864ecefdab5c7f0f,166,MYOLEG_V3_K0166,0.9996767825007554,0.9996553337087029,0.9966349973454719,0.9966329940120386,LEG_4_STRONG_STRUCTURAL_MISMATCH
163.89039778214362,0.9996553337087029,0.0125,-0.015,SUBJECT_V3_b784da73e4274bdf45caefb0,167,MYOLEG_V3_K0167,0.9995958245706829,0.9996553337087029,0.9958042428161268,0.9966329940120386,LEG_4_STRONG_STRUCTURAL_MISMATCH
163.87489764847325,0.9996553337087029,0.015,-0.015,SUBJECT_V3_0a2fc27b05efd642a2cd74cd,168,MYOLEG_V3_K0168,0.9995148048644243,0.9996553337087029,0.9949778530855127,0.9966329940120386,LEG_4_STRONG_STRUCTURAL_MISMATCH
163.85946437586108,0.9996553337087029,0.0175,-0.015,SUBJECT_V3_e39b7d9b6e242916a5e7a72d,169,MYOLEG_V3_K0169,0.9994337408394354,0.9996553337087029,0.9941558336540968,0.9966329940120386,LEG_4_STRONG_STRUCTURAL_MISMATCH
163.8440988886302,0.9996553337087029,0.02,-0.015,SUBJECT_V3_baa15e637a9e5ff70ad00814,170,MYOLEG_V3_K0170,0.9993526569457105,0.9996553337087029,0.9933381732219643,0.9966329940120386,LEG_4_STRONG_STRUCTURAL_MISMATCH
163.828799734333,0.9996553337087029,0.0225,-0.015,SUBJECT_V3_cecfc97b2a655253a9eefd8a,171,MYOLEG_V3_K0171,0.9992714986718653,0.9996553337087029,0.9925249713538256,0.9966329940120386,LEG_4_STRONG_STRUCTURAL_MISMATCH
163.81356807745522,0.9996553337087029,0.025,-0.015,SUBJECT_V3_ddac225855571d12d018c5e1,172,MYOLEG_V3_K0172,0.9991903216163636,0.9996553337087029,0.991716122677092,0.9966329940120386,LEG_4_STRONG_STRUCTURAL_MISMATCH
163.7984042952243,0.9996553337087029,0.0275,-0.015,SUBJECT_V3_84f6964f9b4b0e027aa2e0d9,173,MYOLEG_V3_K0173,0.9991091319436036,0.9996553337087029,0.9909116416490038,0.9966329940120386,LEG_4_STRONG_STRUCTURAL_MISMATCH
163.78330886522494,0.9996553337087029,0.03,-0.015,SUBJECT_V3_84a6a7dfdd972cc8be5a6537,174,MYOLEG_V3_K0174,0.9990279359669377,0.9996553337087029,0.9901115494413822,0.9966329940120386,LEG_4_STRONG_STRUCTURAL_MISMATCH
164.18041939781446,1.0105008563442701,-0.03,-0.0125,SUBJECT_V3_eeaa57a742430adecf9ab808,175,MYOLEG_V3_K0175,1.000962542631917,0.9997139341546685,1.0105008563442701,0.9972008296690689,LEG_4_STRONG_STRUCTURAL_MISMATCH
164.16384182313774,1.0096034847970832,-0.0275,-0.0125,SUBJECT_V3_058185ed9c355828d2be23f0,176,MYOLEG_V3_K0176,1.0008829092010396,0.9997139341546685,1.0096034847970832,0.9972008296690689,LEG_4_STRONG_STRUCTURAL_MISMATCH
164.147322249659,1.0087100598981422,-0.025,-0.0125,SUBJECT_V3_7b5dba3edc2370ca0f088299,177,MYOLEG_V3_K0177,1.0008031274538558,0.9997139341546685,1.0087100598981422,0.9972008296690689,LEG_4_STRONG_STRUCTURAL_MISMATCH
164.13086330733478,1.00782062386741,-0.0225,-0.0125,SUBJECT_V3_af6cdc083fa599d1084e611c,178,MYOLEG_V3_K0178,1.0007232410777185,0.9997139341546685,1.00782062386741,0.9972008296690689,LEG_4_STRONG_STRUCTURAL_MISMATCH
164.11446400321455,1.0069352755274812,-0.02,-0.0125,SUBJECT_V3_737498965d318d97e5897a27,179,MYOLEG_V3_K0179,1.0006432046455445,0.9997139341546685,1.0069352755274812,0.9972008296690689,LEG_4_STRONG_STRUCTURAL_MISMATCH
164.09812800670468,1.0060538656411888,-0.0175,-0.0125,SUBJECT_V3_94904f602e1eea1fd6551d86,180,MYOLEG_V3_K0180,1.0005631370944932,0.9997139341546685,1.0060538656411888,0.9972008296690689,LEG_4_STRONG_STRUCTURAL_MISMATCH
164.0818533717307,1.005176556299367,-0.015,-0.0125,SUBJECT_V3_82f9e7a9f119fbbbcea48bd1,181,MYOLEG_V3_K0181,1.000482955858501,0.9997139341546685,1.005176556299367,0.9972008296690689,LEG_4_STRONG_STRUCTURAL_MISMATCH
164.06564122329857,1.0043033465175233,-0.0125,-0.0125,SUBJECT_V3_94b68e35bb69da357c178f41,182,MYOLEG_V3_K0182,1.000402686556132,0.9997139341546685,1.0043033465175233,0.9972008296690689,LEG_4_STRONG_STRUCTURAL_MISMATCH
164.04949165068996,1.0034342999265744,-0.01,-0.0125,SUBJECT_V3_89f6fd9c10743dc9bd1965a6,183,MYOLEG_V3_K0183,1.0003223156490113,0.9997139341546685,1.0034342999265744,0.9972008296690689,LEG_4_STRONG_STRUCTURAL_MISMATCH
164.033405940688,1.0025693941619982,-0.0075,-0.0125,SUBJECT_V3_73ab2bc08e1a1b2c9ebcab62,184,MYOLEG_V3_K0184,1.0002418780669131,0.9997139341546685,1.0025693941619982,0.9972008296690689,LEG_4_STRONG_STRUCTURAL_MISMATCH
164.0173839024169,1.0017086881901347,-0.005,-0.0125,SUBJECT_V3_131697f3048ca0ba364907d8,185,MYOLEG_V3_K0185,1.00016135596362,0.9997139341546685,1.0017086881901347,0.9972008296690689,LEG_4_STRONG_STRUCTURAL_MISMATCH
164.00142604012404,1.0008521984522611,-0.0025,-0.0125,SUBJECT_V3_abe26f9763327395f722479a,186,MYOLEG_V3_K0186,1.0000807575365636,0.9997139341546685,1.0008521984522611,0.9972008296690689,LEG_4_STRONG_STRUCTURAL_MISMATCH
163.98553275236475,1.000000086768055,0.0,-0.0125,SUBJECT_V3_83138f679982032c180c3a92,187,MYOLEG_V3_K0187,1.000000086768055,0.9997139341546685,0.9999999487925283,0.9972008296690689,LEG_4_STRONG_STRUCTURAL_MISMATCH
163.96972172131453,0.9999193541119392,0.0025,-0.0125,SUBJECT_V3_89880dc22a5670ce6d98e72c,188,MYOLEG_V3_K0188,0.9999193541119392,0.9997139341546685,0.9991531798176058,0.9972008296690689,LEG_4_STRONG_STRUCTURAL_MISMATCH
163.9539589749631,0.9998385565592621,0.005,-0.0125,SUBJECT_V3_f4b31d3883718f65d1036620,189,MYOLEG_V3_K0189,0.9998385565592621,0.9997139341546685,0.9983094758036597,0.9972008296690689,LEG_4_STRONG_STRUCTURAL_MISMATCH
163.93826185314975,0.9997576979321908,0.0075,-0.0125,SUBJECT_V3_e8072943cfa8abb92ab54d08,190,MYOLEG_V3_K0190,0.9997576979321908,0.9997139341546685,0.997470075498548,0.9972008296690689,LEG_4_STRONG_STRUCTURAL_MISMATCH
163.9226306924047,0.9997139341546685,0.01,-0.0125,SUBJECT_V3_6b8f49dcf5acceeced1e2605,191,MYOLEG_V3_K0191,0.9996767825007554,0.9997139341546685,0.9966349973454719,0.9972008296690689,LEG_4_STRONG_STRUCTURAL_MISMATCH
163.90706609071455,0.9997139341546685,0.0125,-0.0125,SUBJECT_V3_0058a4e3cf22379b18a12e94,192,MYOLEG_V3_K0192,0.9995958245706829,0.9997139341546685,0.9958042428161268,0.9972008296690689,LEG_4_STRONG_STRUCTURAL_MISMATCH
163.89156753345844,0.9997139341546685,0.015,-0.0125,SUBJECT_V3_e83f6a1f7e097beea5743e9c,193,MYOLEG_V3_K0193,0.9995148048644243,0.9997139341546685,0.9949778530855127,0.9972008296690689,LEG_4_STRONG_STRUCTURAL_MISMATCH
163.87613583075685,0.9997139341546685,0.0175,-0.0125,SUBJECT_V3_624fcc5047542637c935036d,194,MYOLEG_V3_K0194,0.9994337408394354,0.9997139341546685,0.9941558336540968,0.9972008296690689,LEG_4_STRONG_STRUCTURAL_MISMATCH
163.86077190683508,0.9997139341546685,0.02,-0.0125,SUBJECT_V3_e01443e64ac341fc10f6fe1f,195,MYOLEG_V3_K0195,0.9993526569457105,0.9997139341546685,0.9933381732219643,0.9972008296690689,LEG_4_STRONG_STRUCTURAL_MISMATCH
163.84547430938937,0.9997139341546685,0.0225,-0.0125,SUBJECT_V3_8b9b65eb7beb6663c6e4b10f,196,MYOLEG_V3_K0196,0.9992714986718653,0.9997139341546685,0.9925249713538256,0.9972008296690689,LEG_4_STRONG_STRUCTURAL_MISMATCH
163.83024420278338,0.9997139341546685,0.025,-0.0125,SUBJECT_V3_ffed2776618b1bb40310eae1,197,MYOLEG_V3_K0197,0.9991903216163636,0.9997139341546685,0.991716122677092,0.9972008296690689,LEG_4_STRONG_STRUCTURAL_MISMATCH
163.81508196420236,0.9997139341546685,0.0275,-0.0125,SUBJECT_V3_8e88c9bef4baec98e9293804,198,MYOLEG_V3_K0198,0.9991091319436036,0.9997139341546685,0.9909116416490038,0.9972008296690689,LEG_4_STRONG_STRUCTURAL_MISMATCH
163.7999880711786,0.9997139341546685,0.03,-0.0125,SUBJECT_V3_0ab52e5c17cb63c07db63522,199,MYOLEG_V3_K0199,0.9990279359669377,0.9997139341546685,0.9901115494413822,0.9972008296690689,LEG_4_STRONG_STRUCTURAL_MISMATCH
164.1969720294271,1.0105008563442701,-0.03,-0.01,SUBJECT_V3_db0b182f6ac0c0e20c910708,200,MYOLEG_V3_K0200,1.000962542631917,0.9997720706322626,1.0105008563442701,0.9977659792160517,LEG_4_STRONG_STRUCTURAL_MISMATCH
164.18039612609783,1.0096034847970832,-0.0275,-0.01,SUBJECT_V3_8734770696b223725eba6545,201,MYOLEG_V3_K0201,1.0008829092010396,0.9997720706322626,1.0096034847970832,0.9977659792160517,LEG_4_STRONG_STRUCTURAL_MISMATCH
164.16387821845464,1.0087100598981422,-0.025,-0.01,SUBJECT_V3_13c01d921c1b3b74a647b10c,202,MYOLEG_V3_K0202,1.0008031274538558,0.9997720706322626,1.0087100598981422,0.9977659792160517,LEG_4_STRONG_STRUCTURAL_MISMATCH
164.14742093618537,1.00782062386741,-0.0225,-0.01,SUBJECT_V3_7b97f6e163d430d1763bfb04,203,MYOLEG_V3_K0203,1.0007232410777185,0.9997720706322626,1.00782062386741,0.9977659792160517,LEG_4_STRONG_STRUCTURAL_MISMATCH
164.13102328643606,1.0069352755274812,-0.02,-0.01,SUBJECT_V3_267b1d08af9b676749305d56,204,MYOLEG_V3_K0204,1.0006432046455445,0.9997720706322626,1.0069352755274812,0.9977659792160517,LEG_4_STRONG_STRUCTURAL_MISMATCH
164.11468893823928,1.0060538656411888,-0.0175,-0.01,SUBJECT_V3_5618f404545a94dbe11583d9,205,MYOLEG_V3_K0205,1.0005631370944932,0.9997720706322626,1.0060538656411888,0.9977659792160517,LEG_4_STRONG_STRUCTURAL_MISMATCH
164.09841594571333,1.005176556299367,-0.015,-0.01,SUBJECT_V3_68426fb43ffe9d40c2c652ed,206,MYOLEG_V3_K0206,1.000482955858501,0.9997720706322626,1.005176556299367,0.9977659792160517,LEG_4_STRONG_STRUCTURAL_MISMATCH
164.08220543374694,1.0043033465175233,-0.0125,-0.01,SUBJECT_V3_d09d2463f76e0d4e68459c88,207,MYOLEG_V3_K0207,1.000402686556132,0.9997720706322626,1.0043033465175233,0.9977659792160517,LEG_4_STRONG_STRUCTURAL_MISMATCH
164.06605749160914,1.0034342999265744,-0.01,-0.01,SUBJECT_V3_a556ec8bdd0dcbf99e270e87,208,MYOLEG_V3_K0208,1.0003223156490113,0.9997720706322626,1.0034342999265744,0.9977659792160517,LEG_4_STRONG_STRUCTURAL_MISMATCH
164.04997340594954,1.0025693941619982,-0.0075,-0.01,SUBJECT_V3_4e10bc8626ab4a1495918c63,209,MYOLEG_V3_K0209,1.0002418780669131,0.9997720706322626,1.0025693941619982,0.9977659792160517,LEG_4_STRONG_STRUCTURAL_MISMATCH
164.0339529859078,1.0017086881901347,-0.005,-0.01,SUBJECT_V3_74835b779e71282a13607a65,210,MYOLEG_V3_K0210,1.00016135596362,0.9997720706322626,1.0017086881901347,0.9977659792160517,LEG_4_STRONG_STRUCTURAL_MISMATCH
164.0179967356768,1.0008521984522611,-0.0025,-0.01,SUBJECT_V3_ad7e0d63dad896e905a99d0c,211,MYOLEG_V3_K0211,1.0000807575365636,0.9997720706322626,1.0008521984522611,0.9977659792160517,LEG_4_STRONG_STRUCTURAL_MISMATCH
164.00210505376782,1.000000086768055,0.0,-0.01,SUBJECT_V3_405f3102bb88bca153a2143d,212,MYOLEG_V3_K0212,1.000000086768055,0.9997720706322626,0.9999999487925283,0.9977659792160517,LEG_4_STRONG_STRUCTURAL_MISMATCH
163.9862956205656,0.9999193541119392,0.0025,-0.01,SUBJECT_V3_a07add569d691cf2c051f50c,213,MYOLEG_V3_K0213,0.9999193541119392,0.9997720706322626,0.9991531798176058,0.9977659792160517,LEG_4_STRONG_STRUCTURAL_MISMATCH
163.97053446748927,0.9998385565592621,0.005,-0.01,SUBJECT_V3_19482def3812e7b63fdf9818,214,MYOLEG_V3_K0214,0.9998385565592621,0.9997720706322626,0.9983094758036597,0.9977659792160517,LEG_4_STRONG_STRUCTURAL_MISMATCH
163.95483893262227,0.9997720706322626,0.0075,-0.01,SUBJECT_V3_6bd8165090eb7bb696d1c0af,215,MYOLEG_V3_K0215,0.9997576979321908,0.9997720706322626,0.997470075498548,0.9977659792160517,LEG_4_STRONG_STRUCTURAL_MISMATCH
163.93920935245697,0.9997720706322626,0.01,-0.01,SUBJECT_V3_c32ae3134662624b3da599bc,216,MYOLEG_V3_K0216,0.9996767825007554,0.9997720706322626,0.9966349973454719,0.9977659792160517,LEG_4_STRONG_STRUCTURAL_MISMATCH
163.92364632491575,0.9997720706322626,0.0125,-0.01,SUBJECT_V3_fd2caf218839b8f2ada81806,217,MYOLEG_V3_K0217,0.9995958245706829,0.9997720706322626,0.9958042428161268,0.9977659792160517,LEG_4_STRONG_STRUCTURAL_MISMATCH
163.90814933542623,0.9997720706322626,0.015,-0.01,SUBJECT_V3_4a7718bd996c8e9edb5a84cc,218,MYOLEG_V3_K0218,0.9995148048644243,0.9997720706322626,0.9949778530855127,0.9977659792160517,LEG_4_STRONG_STRUCTURAL_MISMATCH
163.89271919402302,0.9997720706322626,0.0175,-0.01,SUBJECT_V3_b67ea41f55400f6bd9c37dcd,219,MYOLEG_V3_K0219,0.9994337408394354,0.9997720706322626,0.9941558336540968,0.9977659792160517,LEG_4_STRONG_STRUCTURAL_MISMATCH
163.8773568248342,0.9997720706322626,0.02,-0.01,SUBJECT_V3_b8c2aa2a678b4c09796f30be,220,MYOLEG_V3_K0220,0.9993526569457105,0.9997720706322626,0.9933381732219643,0.9977659792160517,LEG_4_STRONG_STRUCTURAL_MISMATCH
163.86206077569935,0.9997720706322626,0.0225,-0.01,SUBJECT_V3_afce78eae4f7ab28a4938929,221,MYOLEG_V3_K0221,0.9992714986718653,0.9997720706322626,0.9925249713538256,0.9977659792160517,LEG_4_STRONG_STRUCTURAL_MISMATCH
163.8468322108604,0.9997720706322626,0.025,-0.01,SUBJECT_V3_b7f819236182326da286ca8a,222,MYOLEG_V3_K0222,0.9991903216163636,0.9997720706322626,0.991716122677092,0.9977659792160517,LEG_4_STRONG_STRUCTURAL_MISMATCH
163.8316715074608,0.9997720706322626,0.0275,-0.01,SUBJECT_V3_8bc1a45c12c8e2cef41a38eb,223,MYOLEG_V3_K0223,0.9991091319436036,0.9997720706322626,0.9909116416490038,0.9977659792160517,LEG_4_STRONG_STRUCTURAL_MISMATCH
163.81657914298074,0.9997720706322626,0.03,-0.01,SUBJECT_V3_98d7648b050d6fd5cb5142e5,224,MYOLEG_V3_K0224,0.9990279359669377,0.9997720706322626,0.9901115494413822,0.9977659792160517,LEG_4_STRONG_STRUCTURAL_MISMATCH
164.21343673927808,1.0105008563442701,-0.03,-0.0075,SUBJECT_V3_096a4013415a6267f70538f9,225,MYOLEG_V3_K0225,1.000962542631917,0.9998297544935139,1.0105008563442701,0.9983284044870557,LEG_4_STRONG_STRUCTURAL_MISMATCH
164.19686249808439,1.0096034847970832,-0.0275,-0.0075,SUBJECT_V3_1a56ceba979d57d520253fa2,226,MYOLEG_V3_K0226,1.0008829092010396,0.9998297544935139,1.0096034847970832,0.9983284044870557,LEG_4_STRONG_STRUCTURAL_MISMATCH
164.1803462470951,1.0087100598981422,-0.025,-0.0075,SUBJECT_V3_2d83c3fcdd7c11a96ce3e0d9,227,MYOLEG_V3_K0227,1.0008031274538558,0.9998297544935139,1.0087100598981422,0.9983284044870557,LEG_4_STRONG_STRUCTURAL_MISMATCH
164.16389061573088,1.00782062386741,-0.0225,-0.0075,SUBJECT_V3_7eb865b5d6f60ced3f7fbdac,228,MYOLEG_V3_K0228,1.0007232410777185,0.9998297544935139,1.00782062386741,0.9983284044870557,LEG_4_STRONG_STRUCTURAL_MISMATCH
164.14749461123384,1.0069352755274812,-0.02,-0.0075,SUBJECT_V3_392395dc94171e53e605abab,229,MYOLEG_V3_K0229,1.0006432046455445,0.9998297544935139,1.0069352755274812,0.9983284044870557,LEG_4_STRONG_STRUCTURAL_MISMATCH
164.13116190226484,1.0060538656411888,-0.0175,-0.0075,SUBJECT_V3_ec5bd90f5c7d07168b5108db,230,MYOLEG_V3_K0230,1.0005631370944932,0.9998297544935139,1.0060538656411888,0.9983284044870557,LEG_4_STRONG_STRUCTURAL_MISMATCH
164.11489054313373,1.005176556299367,-0.015,-0.0075,SUBJECT_V3_c4a7f88cf5cf32d54fa136bb,231,MYOLEG_V3_K0231,1.000482955858501,0.9998297544935139,1.005176556299367,0.9983284044870557,LEG_4_STRONG_STRUCTURAL_MISMATCH
164.09868165861286,1.0043033465175233,-0.0125,-0.0075,SUBJECT_V3_9d7df280674f3d0aa93338e0,232,MYOLEG_V3_K0232,1.000402686556132,0.9998297544935139,1.0043033465175233,0.9983284044870557,LEG_4_STRONG_STRUCTURAL_MISMATCH
164.08253533795857,1.0034342999265744,-0.01,-0.0075,SUBJECT_V3_49acb20de3bf103da2044221,233,MYOLEG_V3_K0233,1.0003223156490113,0.9998297544935139,1.0034342999265744,0.9983284044870557,LEG_4_STRONG_STRUCTURAL_MISMATCH
164.06645286768764,1.0025693941619982,-0.0075,-0.0075,SUBJECT_V3_078eb5b40ef177436694214a,234,MYOLEG_V3_K0234,1.0002418780669131,0.9998297544935139,1.0025693941619982,0.9983284044870557,LEG_4_STRONG_STRUCTURAL_MISMATCH
164.05043405695528,1.0017086881901347,-0.005,-0.0075,SUBJECT_V3_aec08064e2471dceadbf3576,235,MYOLEG_V3_K0235,1.00016135596362,0.9998297544935139,1.0017086881901347,0.9983284044870557,LEG_4_STRONG_STRUCTURAL_MISMATCH
164.0344794099,1.0008521984522611,-0.0025,-0.0075,SUBJECT_V3_b6564d9ad30dd910252dd6fa,236,MYOLEG_V3_K0236,1.0000807575365636,0.9998297544935139,1.0008521984522611,0.9983284044870557,LEG_4_STRONG_STRUCTURAL_MISMATCH
164.01858932498942,1.000000086768055,0.0,-0.0075,SUBJECT_V3_198c803cf4cae8d33439a8f2,237,MYOLEG_V3_K0237,1.000000086768055,0.9998297544935139,0.9999999487925283,0.9983284044870557,LEG_4_STRONG_STRUCTURAL_MISMATCH
164.0027814808272,0.9999193541119392,0.0025,-0.0075,SUBJECT_V3_32e1d5ad2daecfa5d4422c5d,238,MYOLEG_V3_K0238,0.9999193541119392,0.9998297544935139,0.9991531798176058,0.9983284044870557,LEG_4_STRONG_STRUCTURAL_MISMATCH
163.98702191224314,0.9998385565592621,0.005,-0.0075,SUBJECT_V3_989a71716ef0ef432148f92b,239,MYOLEG_V3_K0239,0.9998385565592621,0.9998297544935139,0.9983094758036597,0.9983284044870557,LEG_4_STRONG_STRUCTURAL_MISMATCH
163.9713279555744,0.9998297544935139,0.0075,-0.0075,SUBJECT_V3_4145512ff514c6a904330d37,240,MYOLEG_V3_K0240,0.9997576979321908,0.9998297544935139,0.997470075498548,0.9983284044870557,LEG_4_STRONG_STRUCTURAL_MISMATCH
163.9556999472758,0.9998297544935139,0.01,-0.0075,SUBJECT_V3_4eef08ade2919f2be087fe75,241,MYOLEG_V3_K0241,0.9996767825007554,0.9998297544935139,0.9966349973454719,0.9983284044870557,LEG_4_STRONG_STRUCTURAL_MISMATCH
163.94013848520592,0.9998297544935139,0.0125,-0.0075,SUBJECT_V3_3dec16d43ed84730e1378847,242,MYOLEG_V3_K0242,0.9995958245706829,0.9998297544935139,0.9958042428161268,0.9983284044870557,LEG_4_STRONG_STRUCTURAL_MISMATCH
163.92464305484032,0.9998297544935139,0.015,-0.0075,SUBJECT_V3_a3b8b0b58bbbe131f3a0aa70,243,MYOLEG_V3_K0243,0.9995148048644243,0.9998297544935139,0.9949778530855127,0.9983284044870557,LEG_4_STRONG_STRUCTURAL_MISMATCH
163.90921446612847,0.9998297544935139,0.0175,-0.0075,SUBJECT_V3_12d143a2620d960ce1c91ac9,244,MYOLEG_V3_K0244,0.9994337408394354,0.9998297544935139,0.9941558336540968,0.9983284044870557,LEG_4_STRONG_STRUCTURAL_MISMATCH
163.89385364310175,0.9998297544935139,0.02,-0.0075,SUBJECT_V3_0186eb090b5e998b4d573e6d,245,MYOLEG_V3_K0245,0.9993526569457105,0.9998297544935139,0.9933381732219643,0.9983284044870557,LEG_4_STRONG_STRUCTURAL_MISMATCH
163.8785591337421,0.9998297544935139,0.0225,-0.0075,SUBJECT_V3_31157a8fa629cf85503f65d5,246,MYOLEG_V3_K0246,0.9992714986718653,0.9998297544935139,0.9925249713538256,0.9983284044870557,LEG_4_STRONG_STRUCTURAL_MISMATCH
163.86333210217066,0.9998297544935139,0.025,-0.0075,SUBJECT_V3_e54d75f66c1924d422cd24f7,247,MYOLEG_V3_K0247,0.9991903216163636,0.9998297544935139,0.991716122677092,0.9983284044870557,LEG_4_STRONG_STRUCTURAL_MISMATCH
163.84817292548908,0.9998297544935139,0.0275,-0.0075,SUBJECT_V3_f9e7e781c77ed07fd550f398,248,MYOLEG_V3_K0248,0.9991091319436036,0.9998297544935139,0.9909116416490038,0.9983284044870557,LEG_4_STRONG_STRUCTURAL_MISMATCH
163.83308208112578,0.9998297544935139,0.03,-0.0075,SUBJECT_V3_9d1b6ee4cc5e41f56134beae,249,MYOLEG_V3_K0249,0.9990279359669377,0.9998297544935139,0.9901115494413822,0.9983284044870557,LEG_4_STRONG_STRUCTURAL_MISMATCH
164.2298143407411,1.0105008563442701,-0.03,-0.005,SUBJECT_V3_78334a7fab1a06de0cf7b3f5,250,MYOLEG_V3_K0250,1.000962542631917,0.9998869856966072,1.0105008563442701,0.9988881475337058,LEG_4_STRONG_STRUCTURAL_MISMATCH
164.2132417525585,1.0096034847970832,-0.0275,-0.005,SUBJECT_V3_b781d3d376ce98e0c5f2f236,251,MYOLEG_V3_K0251,1.0008829092010396,0.9998869856966072,1.0096034847970832,0.9988881475337058,LEG_4_STRONG_STRUCTURAL_MISMATCH
164.19672714912875,1.0087100598981422,-0.025,-0.005,SUBJECT_V3_d47ced4a795530d86afe8c20,252,MYOLEG_V3_K0252,1.0008031274538558,0.9998869856966072,1.0087100598981422,0.9988881475337058,LEG_4_STRONG_STRUCTURAL_MISMATCH
164.18027315960666,1.00782062386741,-0.0225,-0.005,SUBJECT_V3_65e8adffd2e982e0a955c7b9,253,MYOLEG_V3_K0253,1.0007232410777185,0.9998869856966072,1.00782062386741,0.9988881475337058,LEG_4_STRONG_STRUCTURAL_MISMATCH
164.16387879132986,1.0069352755274812,-0.02,-0.005,SUBJECT_V3_d692dd980d117fce26bbe045,254,MYOLEG_V3_K0254,1.0006432046455445,0.9998869856966072,1.0069352755274812,0.9988881475337058,LEG_4_STRONG_STRUCTURAL_MISMATCH
164.14754771258956,1.0060538656411888,-0.0175,-0.005,SUBJECT_V3_cc8b760eebbf23eb259437ec,255,MYOLEG_V3_K0255,1.0005631370944932,0.9998869856966072,1.0060538656411888,0.9988881475337058,LEG_4_STRONG_STRUCTURAL_MISMATCH
164.13127797788624,1.005176556299367,-0.015,-0.005,SUBJECT_V3_3c4a1c76eabd199ea77465b7,256,MYOLEG_V3_K0256,1.000482955858501,0.9998869856966072,1.005176556299367,0.9988881475337058,LEG_4_STRONG_STRUCTURAL_MISMATCH
164.1150707118763,1.0043033465175233,-0.0125,-0.005,SUBJECT_V3_195f08f6d697540acfc190a9,257,MYOLEG_V3_K0257,1.000402686556132,0.9998869856966072,1.0043033465175233,0.9988881475337058,LEG_4_STRONG_STRUCTURAL_MISMATCH
164.09892600380365,1.0034342999265744,-0.01,-0.005,SUBJECT_V3_e0ffa76dad190012c5aa80ed,258,MYOLEG_V3_K0258,1.0003223156490113,0.9998869856966072,1.0034342999265744,0.9988881475337058,LEG_4_STRONG_STRUCTURAL_MISMATCH
164.08284514005288,1.0025693941619982,-0.0075,-0.005,SUBJECT_V3_ea4bf7d21b43cc6f439c6260,259,MYOLEG_V3_K0259,1.0002418780669131,0.9998869856966072,1.0025693941619982,0.9988881475337058,LEG_4_STRONG_STRUCTURAL_MISMATCH
164.0668279297946,1.0017086881901347,-0.005,-0.005,SUBJECT_V3_199576177c91b2b98bb23c7c,260,MYOLEG_V3_K0260,1.00016135596362,0.9998869856966072,1.0017086881901347,0.9988881475337058,LEG_4_STRONG_STRUCTURAL_MISMATCH
164.0508748771134,1.0008521984522611,-0.0025,-0.005,SUBJECT_V3_5226b7cb4d10afe9e5e1f81d,261,MYOLEG_V3_K0261,1.0000807575365636,0.9998869856966072,1.0008521984522611,0.9988881475337058,LEG_4_STRONG_STRUCTURAL_MISMATCH
164.03498638043328,1.000000086768055,0.0,-0.005,SUBJECT_V3_73c61adc615e3185e1c474ad,262,MYOLEG_V3_K0262,1.000000086768055,0.9998869856966072,0.9999999487925283,0.9988881475337058,LEG_4_STRONG_STRUCTURAL_MISMATCH
164.01918011658685,0.9999193541119392,0.0025,-0.005,SUBJECT_V3_4fdbfe42460287e1f3715f1f,263,MYOLEG_V3_K0263,0.9999193541119392,0.9998869856966072,0.9991531798176058,0.9988881475337058,LEG_4_STRONG_STRUCTURAL_MISMATCH
164.0034221237957,0.9998869856966072,0.005,-0.005,SUBJECT_V3_3abafe4d8caf83924e57cdd7,264,MYOLEG_V3_K0264,0.9998385565592621,0.9998869856966072,0.9983094758036597,0.9988881475337058,LEG_4_STRONG_STRUCTURAL_MISMATCH
163.98772973666027,0.9998869856966072,0.0075,-0.005,SUBJECT_V3_642046bed6a4982a5054d94b,265,MYOLEG_V3_K0265,0.9997576979321908,0.9998869856966072,0.997470075498548,0.9988881475337058,LEG_4_STRONG_STRUCTURAL_MISMATCH
163.97210329159816,0.9998869856966072,0.01,-0.005,SUBJECT_V3_9468894a918de5e838e728c3,266,MYOLEG_V3_K0266,0.9996767825007554,0.9998869856966072,0.9966349973454719,0.9988881475337058,LEG_4_STRONG_STRUCTURAL_MISMATCH
163.95654338640438,0.9998869856966072,0.0125,-0.005,SUBJECT_V3_25e44407b008fa0a7ee9b07e,267,MYOLEG_V3_K0267,0.9995958245706829,0.9998869856966072,0.9958042428161268,0.9988881475337058,LEG_4_STRONG_STRUCTURAL_MISMATCH
163.94104950660224,0.9998869856966072,0.015,-0.005,SUBJECT_V3_879516c8094142e02a823ecc,268,MYOLEG_V3_K0268,0.9995148048644243,0.9998869856966072,0.9949778530855127,0.9988881475337058,LEG_4_STRONG_STRUCTURAL_MISMATCH
163.9256224620566,0.9998869856966072,0.0175,-0.005,SUBJECT_V3_4ac4fa25e9a41c9f9afe826d,269,MYOLEG_V3_K0269,0.9994337408394354,0.9998869856966072,0.9941558336540968,0.9988881475337058,LEG_4_STRONG_STRUCTURAL_MISMATCH
163.91026317670247,0.9998869856966072,0.02,-0.005,SUBJECT_V3_0d1325af12fd88cf6b9129bd,270,MYOLEG_V3_K0270,0.9993526569457105,0.9998869856966072,0.9933381732219643,0.9988881475337058,LEG_4_STRONG_STRUCTURAL_MISMATCH
163.89497019866354,0.9998869856966072,0.0225,-0.005,SUBJECT_V3_4d0a608cc7e21b43b7e99a1f,271,MYOLEG_V3_K0271,0.9992714986718653,0.9998869856966072,0.9925249713538256,0.9988881475337058,LEG_4_STRONG_STRUCTURAL_MISMATCH
163.87974469194072,0.9998869856966072,0.025,-0.005,SUBJECT_V3_0004f64695ecee9802db20c2,272,MYOLEG_V3_K0272,0.9991903216163636,0.9998869856966072,0.991716122677092,0.9988881475337058,LEG_4_STRONG_STRUCTURAL_MISMATCH
163.8645870335942,0.9998869856966072,0.0275,-0.005,SUBJECT_V3_339c236b03771391a7768aa5,273,MYOLEG_V3_K0273,0.9991091319436036,0.9998869856966072,0.9909116416490038,0.9988881475337058,LEG_4_STRONG_STRUCTURAL_MISMATCH
163.84949770100087,0.9998869856966072,0.03,-0.005,SUBJECT_V3_b02a20226307f2cd400c818b,274,MYOLEG_V3_K0274,0.9990279359669377,0.9998869856966072,0.9901115494413822,0.9988881475337058,LEG_4_STRONG_STRUCTURAL_MISMATCH
164.24610568400607,1.0105008563442701,-0.03,-0.0025,SUBJECT_V3_24bb13566c969f8aca0b6f25,275,MYOLEG_V3_K0275,1.000962542631917,0.9999437733873354,1.0105008563442701,0.9994452182519312,LEG_4_STRONG_STRUCTURAL_MISMATCH
164.22953473980135,1.0096034847970832,-0.0275,-0.0025,SUBJECT_V3_e0c3aa2bd02505860fc13458,276,MYOLEG_V3_K0276,1.0008829092010396,0.9999437733873354,1.0096034847970832,0.9994452182519312,LEG_4_STRONG_STRUCTURAL_MISMATCH
164.21302177492754,1.0087100598981422,-0.025,-0.0025,SUBJECT_V3_5731d9c2112b580a41cbb051,277,MYOLEG_V3_K0277,1.0008031274538558,0.9999437733873354,1.0087100598981422,0.9994452182519312,LEG_4_STRONG_STRUCTURAL_MISMATCH
164.19656941827515,1.00782062386741,-0.0225,-0.0025,SUBJECT_V3_a13bc9191405b77f0decca66,278,MYOLEG_V3_K0278,1.0007232410777185,0.9999437733873354,1.00782062386741,0.9994452182519312,LEG_4_STRONG_STRUCTURAL_MISMATCH
164.18017667727685,1.0069352755274812,-0.02,-0.0025,SUBJECT_V3_d3663af8160de6f88569bff3,279,MYOLEG_V3_K0279,1.0006432046455445,0.9999437733873354,1.0069352755274812,0.9994452182519312,LEG_4_STRONG_STRUCTURAL_MISMATCH
164.16384721985614,1.0060538656411888,-0.0175,-0.0025,SUBJECT_V3_2b01099461957ab29979df57,280,MYOLEG_V3_K0280,1.0005631370944932,0.9999437733873354,1.0060538656411888,0.9994452182519312,LEG_4_STRONG_STRUCTURAL_MISMATCH
164.14757910070304,1.005176556299367,-0.015,-0.0025,SUBJECT_V3_cc7f07787cd631d4a3d3c1d2,281,MYOLEG_V3_K0281,1.000482955858501,0.9999437733873354,1.005176556299367,0.9994452182519312,LEG_4_STRONG_STRUCTURAL_MISMATCH
164.13137344435876,1.0043033465175233,-0.0125,-0.0025,SUBJECT_V3_cc3865954470a0437318cd04,282,MYOLEG_V3_K0282,1.000402686556132,0.9999437733873354,1.0043033465175233,0.9994452182519312,LEG_4_STRONG_STRUCTURAL_MISMATCH
164.11523034005472,1.0034342999265744,-0.01,-0.0025,SUBJECT_V3_497505d2fbd63040658d266e,283,MYOLEG_V3_K0283,1.0003223156490113,0.9999437733873354,1.0034342999265744,0.9994452182519312,LEG_4_STRONG_STRUCTURAL_MISMATCH
164.09915107404416,1.0025693941619982,-0.0075,-0.0025,SUBJECT_V3_f8ac182b138f89f92890f9e3,284,MYOLEG_V3_K0284,1.0002418780669131,0.9999437733873354,1.0025693941619982,0.9994452182519312,LEG_4_STRONG_STRUCTURAL_MISMATCH
164.08313545551303,1.0017086881901347,-0.005,-0.0025,SUBJECT_V3_7ee2a049908c2077b5202a72,285,MYOLEG_V3_K0285,1.00016135596362,0.9999437733873354,1.0017086881901347,0.9994452182519312,LEG_4_STRONG_STRUCTURAL_MISMATCH
164.06718398849205,1.0008521984522611,-0.0025,-0.0025,SUBJECT_V3_1645fa54a03f6101398ddbd1,286,MYOLEG_V3_K0286,1.0000807575365636,0.9999437733873354,1.0008521984522611,0.9994452182519312,LEG_4_STRONG_STRUCTURAL_MISMATCH
164.0512970713622,1.000000086768055,0.0,-0.0025,SUBJECT_V3_7f80b8792e182d5ed935a5f3,287,MYOLEG_V3_K0287,1.000000086768055,0.9999437733873354,0.9999999487925283,0.9994452182519312,LEG_4_STRONG_STRUCTURAL_MISMATCH
164.03549237919444,0.9999437733873354,0.0025,-0.0025,SUBJECT_V3_2a9b50b1699ed8bb9b5c811a,288,MYOLEG_V3_K0288,0.9999193541119392,0.9999437733873354,0.9991531798176058,0.9994452182519312,LEG_4_STRONG_STRUCTURAL_MISMATCH
164.01973595358368,0.9999437733873354,0.005,-0.0025,SUBJECT_V3_b9f81c95a9ec59df9b56aec0,289,MYOLEG_V3_K0289,0.9998385565592621,0.9999437733873354,0.9983094758036597,0.9994452182519312,LEG_4_STRONG_STRUCTURAL_MISMATCH
164.0040451274033,0.9999437733873354,0.0075,-0.0025,SUBJECT_V3_c96dfaa715810938711b7fc4,290,MYOLEG_V3_K0290,0.9997576979321908,0.9999437733873354,0.997470075498548,0.9994452182519312,LEG_4_STRONG_STRUCTURAL_MISMATCH
163.9884202370336,0.9999437733873354,0.01,-0.0025,SUBJECT_V3_8238335c563437927a30c93b,291,MYOLEG_V3_K0291,0.9996767825007554,0.9999437733873354,0.9966349973454719,0.9994452182519312,LEG_4_STRONG_STRUCTURAL_MISMATCH
163.97286188020652,0.9999437733873354,0.0125,-0.0025,SUBJECT_V3_1e359fdcc802c61edcae47fe,292,MYOLEG_V3_K0292,0.9995958245706829,0.9999437733873354,0.9958042428161268,0.9994452182519312,LEG_4_STRONG_STRUCTURAL_MISMATCH
163.95736954249298,0.9999437733873354,0.015,-0.0025,SUBJECT_V3_3240c35cb700f98c64408be1,293,MYOLEG_V3_K0293,0.9995148048644243,0.9999437733873354,0.9949778530855127,0.9994452182519312,LEG_4_STRONG_STRUCTURAL_MISMATCH
163.9419440336734,0.9999437733873354,0.0175,-0.0025,SUBJECT_V3_2148e443ebada937d1b46250,294,MYOLEG_V3_K0294,0.9994337408394354,0.9999437733873354,0.9941558336540968,0.9994452182519312,LEG_4_STRONG_STRUCTURAL_MISMATCH
163.92658627758726,0.9999437733873354,0.02,-0.0025,SUBJECT_V3_3b5e1784766aa843704a5949,295,MYOLEG_V3_K0295,0.9993526569457105,0.9999437733873354,0.9933381732219643,0.9994452182519312,LEG_4_STRONG_STRUCTURAL_MISMATCH
163.91129482249903,0.9999437733873354,0.0225,-0.0025,SUBJECT_V3_14fef2e8d726a740946e791d,296,MYOLEG_V3_K0296,0.9992714986718653,0.9999437733873354,0.9925249713538256,0.9994452182519312,LEG_4_STRONG_STRUCTURAL_MISMATCH
163.89607083229015,0.9999437733873354,0.025,-0.0025,SUBJECT_V3_2ca89b5d5c891dbf489b8b60,297,MYOLEG_V3_K0297,0.9991903216163636,0.9999437733873354,0.991716122677092,0.9994452182519312,LEG_4_STRONG_STRUCTURAL_MISMATCH
163.8809146839795,0.9999437733873354,0.0275,-0.0025,SUBJECT_V3_b6072225a2aef7cd5838f1c3,298,MYOLEG_V3_K0298,0.9991091319436036,0.9999437733873354,0.9909116416490038,0.9994452182519312,LEG_4_STRONG_STRUCTURAL_MISMATCH
163.86582685489276,0.9999437733873354,0.03,-0.0025,SUBJECT_V3_758dbe6244a84d99b5078a11,299,MYOLEG_V3_K0299,0.9990279359669377,0.9999437733873354,0.9901115494413822,0.9994452182519312,LEG_4_STRONG_STRUCTURAL_MISMATCH
164.26231154163366,1.0105008563442701,-0.03,0.0,SUBJECT_V3_1837e0b8c2f2bd43554a997c,300,MYOLEG_V3_K0300,1.000962542631917,1.0000001241352725,1.0105008563442701,0.9999996323291611,LEG_4_STRONG_STRUCTURAL_MISMATCH
164.24574223245682,1.0096034847970832,-0.0275,0.0,SUBJECT_V3_15cefcb20822e8865bd355a2,301,MYOLEG_V3_K0301,1.0008829092010396,1.0000001241352725,1.0096034847970832,0.9999996323291611,LEG_4_STRONG_STRUCTURAL_MISMATCH
164.22923089721834,1.0087100598981422,-0.025,0.0,SUBJECT_V3_d15a65b9b6b680ff90e40a33,302,MYOLEG_V3_K0302,1.0008031274538558,1.0000001241352725,1.0087100598981422,0.9999996323291611,LEG_4_STRONG_STRUCTURAL_MISMATCH
164.2127801645459,1.00782062386741,-0.0225,0.0,SUBJECT_V3_7c378412356697fa3f312f47,303,MYOLEG_V3_K0303,1.0007232410777185,1.0000001241352725,1.00782062386741,0.9999996323291611,LEG_4_STRONG_STRUCTURAL_MISMATCH
164.19638904196665,1.0069352755274812,-0.02,0.0,SUBJECT_V3_a9b360c3a47229bbd9cbd3de,304,MYOLEG_V3_K0304,1.0006432046455445,1.0000001241352725,1.0069352755274812,0.9999996323291611,LEG_4_STRONG_STRUCTURAL_MISMATCH
164.18006119703847,1.0060538656411888,-0.0175,0.0,SUBJECT_V3_31c3198828f42e5c49f72f30,305,MYOLEG_V3_K0305,1.0005631370944932,1.0000001241352725,1.0060538656411888,0.9999996323291611,LEG_4_STRONG_STRUCTURAL_MISMATCH
164.16379468463987,1.005176556299367,-0.015,0.0,SUBJECT_V3_16110ed7141246d82e79c011,306,MYOLEG_V3_K0306,1.000482955858501,1.0000001241352725,1.005176556299367,0.9999996323291611,LEG_4_STRONG_STRUCTURAL_MISMATCH
164.14759062919745,1.0043033465175233,-0.0125,0.0,SUBJECT_V3_9a58fc62a67b887c18e39c70,307,MYOLEG_V3_K0307,1.000402686556132,1.0000001241352725,1.0043033465175233,0.9999996323291611,LEG_4_STRONG_STRUCTURAL_MISMATCH
164.13144911993024,1.0034342999265744,-0.01,0.0,SUBJECT_V3_a071a254770f33b825f56071,308,MYOLEG_V3_K0308,1.0003223156490113,1.0000001241352725,1.0034342999265744,0.9999996323291611,LEG_4_STRONG_STRUCTURAL_MISMATCH
164.11537144296082,1.0025693941619982,-0.0075,0.0,SUBJECT_V3_d3363297063e5309202b5cdb,309,MYOLEG_V3_K0309,1.0002418780669131,1.0000001241352725,1.0025693941619982,0.9999996323291611,LEG_4_STRONG_STRUCTURAL_MISMATCH
164.09935740749037,1.0017086881901347,-0.005,0.0,SUBJECT_V3_a657f9b0b9e499780c07d3ba,310,MYOLEG_V3_K0310,1.00016135596362,1.0000001241352725,1.0017086881901347,0.9999996323291611,LEG_4_STRONG_STRUCTURAL_MISMATCH
164.08340751749623,1.0008521984522611,-0.0025,0.0,SUBJECT_V3_bde417cd6e8f419aa0b8df77,311,MYOLEG_V3_K0311,1.0000807575365636,1.0000001241352725,1.0008521984522611,0.9999996323291611,LEG_4_STRONG_STRUCTURAL_MISMATCH
164.0675166980404,1.0,0.0,0.0,SUBJECT_V3_43f1f21bb8d11e57d07efed0,312,MYOLEG_V3_K0312,1.0,1.0,1.0,1.0,LEG_4_STRONG_STRUCTURAL_MISMATCH
164.05171904226967,1.0000001241352725,0.0025,0.0,SUBJECT_V3_b9ae999314d3d3ba3e27bac6,313,MYOLEG_V3_K0313,0.9999193541119392,1.0000001241352725,0.9991531798176058,0.9999996323291611,LEG_4_STRONG_STRUCTURAL_MISMATCH
164.03596417530622,1.0000001241352725,0.005,0.0,SUBJECT_V3_ab6539a8337e576f2235a4cb,314,MYOLEG_V3_K0314,0.9998385565592621,1.0000001241352725,0.9983094758036597,0.9999996323291611,LEG_4_STRONG_STRUCTURAL_MISMATCH
164.0202749015815,1.0000001241352725,0.0075,0.0,SUBJECT_V3_7647429cfc4fd7cc59aa50ac,315,MYOLEG_V3_K0315,0.9997576979321908,1.0000001241352725,0.997470075498548,0.9999996323291611,LEG_4_STRONG_STRUCTURAL_MISMATCH
164.00465155743896,1.0000001241352725,0.01,0.0,SUBJECT_V3_342906e380b596fbad5a9a4f,316,MYOLEG_V3_K0316,0.9996767825007554,1.0000001241352725,0.9966349973454719,0.9999996323291611,LEG_4_STRONG_STRUCTURAL_MISMATCH
163.98909474054767,1.0000001241352725,0.0125,0.0,SUBJECT_V3_f61cf4c05a8564b032456c58,317,MYOLEG_V3_K0317,0.9995958245706829,1.0000001241352725,0.9958042428161268,0.9999996323291611,LEG_4_STRONG_STRUCTURAL_MISMATCH
163.97360393652582,1.0000001241352725,0.015,0.0,SUBJECT_V3_5f8d1251e3751a36bf8fc85a,318,MYOLEG_V3_K0318,0.9995148048644243,1.0000001241352725,0.9949778530855127,0.9999996323291611,LEG_4_STRONG_STRUCTURAL_MISMATCH
163.95817995507005,1.0000001241352725,0.0175,0.0,SUBJECT_V3_225add808e235a35eabf4b8b,319,MYOLEG_V3_K0319,0.9994337408394354,1.0000001241352725,0.9941558336540968,0.9999996323291611,LEG_4_STRONG_STRUCTURAL_MISMATCH
163.94282371992466,1.0000001241352725,0.02,0.0,SUBJECT_V3_062d37c2fda4b50075d9de75,320,MYOLEG_V3_K0320,0.9993526569457105,1.0000001241352725,0.9933381732219643,0.9999996323291611,LEG_4_STRONG_STRUCTURAL_MISMATCH
163.92753377949427,1.0000001241352725,0.0225,0.0,SUBJECT_V3_1caeb5aa42cf5939b7e9f236,321,MYOLEG_V3_K0321,0.9992714986718653,1.0000001241352725,0.9925249713538256,0.9999996323291611,LEG_4_STRONG_STRUCTURAL_MISMATCH
163.91231129754135,1.0000001241352725,0.025,0.0,SUBJECT_V3_2081142dc2c4ce2ab6d6a979,322,MYOLEG_V3_K0322,0.9991903216163636,1.0000001241352725,0.991716122677092,0.9999996323291611,LEG_4_STRONG_STRUCTURAL_MISMATCH
163.89715665104384,1.0000001241352725,0.0275,0.0,SUBJECT_V3_8f4ae470ed0e6f8178fd04be,323,MYOLEG_V3_K0323,0.9991091319436036,1.0000001241352725,0.9909116416490038,0.9999996323291611,LEG_4_STRONG_STRUCTURAL_MISMATCH
163.88207031727637,1.0000001241352725,0.03,0.0,SUBJECT_V3_0e3d2ed3d0e01798f00b0a5a,324,MYOLEG_V3_K0324,0.9990279359669377,1.0000001241352725,0.9901115494413822,0.9999996323291611,LEG_4_STRONG_STRUCTURAL_MISMATCH
164.27843280056666,1.0105008563442701,-0.03,0.0025,SUBJECT_V3_d3e7b4dadceaf7698812ba25,325,MYOLEG_V3_K0325,1.000962542631917,1.0000560438839097,1.0105008563442701,1.0005514130819753,LEG_4_STRONG_STRUCTURAL_MISMATCH
164.2618651175623,1.0096034847970832,-0.0275,0.0025,SUBJECT_V3_cf33aea23d4a2f588e486f7e,326,MYOLEG_V3_K0326,1.0008829092010396,1.0000560438839097,1.0096034847970832,1.0005514130819753,LEG_4_STRONG_STRUCTURAL_MISMATCH
164.24535540313292,1.0087100598981422,-0.025,0.0025,SUBJECT_V3_11e1fba7d6568e2ed1bddb77,327,MYOLEG_V3_K0327,1.0008031274538558,1.0000560438839097,1.0087100598981422,1.0005514130819753,LEG_4_STRONG_STRUCTURAL_MISMATCH
164.22890628564468,1.00782062386741,-0.0225,0.0025,SUBJECT_V3_a63b6d02f526a7cc5b193221,328,MYOLEG_V3_K0328,1.0007232410777185,1.0000560438839097,1.00782062386741,1.0005514130819753,LEG_4_STRONG_STRUCTURAL_MISMATCH
164.2125167727188,1.0069352755274812,-0.02,0.0025,SUBJECT_V3_7c2998c8dcf43d46860efdcb,329,MYOLEG_V3_K0329,1.0006432046455445,1.0000560438839097,1.0069352755274812,1.0005514130819753,LEG_4_STRONG_STRUCTURAL_MISMATCH
164.1961905315494,1.0060538656411888,-0.0175,0.0025,SUBJECT_V3_fee0031e9dd56af01ec3d10d,330,MYOLEG_V3_K0330,1.0005631370944932,1.0000560438839097,1.0060538656411888,1.0005514130819753,LEG_4_STRONG_STRUCTURAL_MISMATCH
164.1799256172026,1.005176556299367,-0.015,0.0025,SUBJECT_V3_68813a2e7203fdaaecbf6d7e,331,MYOLEG_V3_K0331,1.000482955858501,1.0000560438839097,1.005176556299367,1.0005514130819753,LEG_4_STRONG_STRUCTURAL_MISMATCH
164.1637231539909,1.0043033465175233,-0.0125,0.0025,SUBJECT_V3_ef1a2696c5ffd62006144fff,332,MYOLEG_V3_K0332,1.000402686556132,1.0000560438839097,1.0043033465175233,1.0005514130819753,LEG_4_STRONG_STRUCTURAL_MISMATCH
164.14758323112113,1.0034342999265744,-0.01,0.0025,SUBJECT_V3_35396384f6a863f96227fe5f,333,MYOLEG_V3_K0333,1.0003223156490113,1.0000560438839097,1.0034342999265744,1.0005514130819753,LEG_4_STRONG_STRUCTURAL_MISMATCH
164.1315071345858,1.0025693941619982,-0.0075,0.0025,SUBJECT_V3_ad04c4272c7a34eec3d01a4f,334,MYOLEG_V3_K0334,1.0002418780669131,1.0000560438839097,1.0025693941619982,1.0005514130819753,LEG_4_STRONG_STRUCTURAL_MISMATCH
164.1154946736013,1.0017086881901347,-0.005,0.0025,SUBJECT_V3_08e16c89dcd9fab45bec6bc3,335,MYOLEG_V3_K0335,1.00016135596362,1.0000560438839097,1.0017086881901347,1.0005514130819753,LEG_4_STRONG_STRUCTURAL_MISMATCH
164.0995463520918,1.0008521984522611,-0.0025,0.0025,SUBJECT_V3_9ea357dc69754dc5e7a61e43,336,MYOLEG_V3_K0336,1.0000807575365636,1.0000560438839097,1.0008521984522611,1.0005514130819753,LEG_4_STRONG_STRUCTURAL_MISMATCH
164.08366256835242,1.0005514130819753,0.0,0.0025,SUBJECT_V3_ca6e7940eb085799f3195ae1,337,MYOLEG_V3_K0337,1.000000086768055,1.0000560438839097,0.9999999487925283,1.0005514130819753,LEG_4_STRONG_STRUCTURAL_MISMATCH
164.06786099395998,1.0005514130819753,0.0025,0.0025,SUBJECT_V3_01e983808dd96b0665d94188,338,MYOLEG_V3_K0338,0.9999193541119392,1.0000560438839097,0.9991531798176058,1.0005514130819753,LEG_4_STRONG_STRUCTURAL_MISMATCH
164.05210767720092,1.0005514130819753,0.005,0.0025,SUBJECT_V3_c6f38e8c9d66b33a9d675266,339,MYOLEG_V3_K0339,0.9998385565592621,1.0000560438839097,0.9983094758036597,1.0005514130819753,LEG_4_STRONG_STRUCTURAL_MISMATCH
164.03641994752246,1.0005514130819753,0.0075,0.0025,SUBJECT_V3_e594691fe5780a1858fd3dba,340,MYOLEG_V3_K0340,0.9997576979321908,1.0000560438839097,0.997470075498548,1.0005514130819753,LEG_4_STRONG_STRUCTURAL_MISMATCH
164.02079814123132,1.0005514130819753,0.01,0.0025,SUBJECT_V3_fb9fe0c8bfc5593fe419d8d1,341,MYOLEG_V3_K0341,0.9996767825007554,1.0000560438839097,0.9966349973454719,1.0005514130819753,LEG_4_STRONG_STRUCTURAL_MISMATCH
164.00524285593406,1.0005514130819753,0.0125,0.0025,SUBJECT_V3_1bdf41ad446bcc21b277afd6,342,MYOLEG_V3_K0342,0.9995958245706829,1.0000560438839097,0.9958042428161268,1.0005514130819753,LEG_4_STRONG_STRUCTURAL_MISMATCH
163.98975357729586,1.0005514130819753,0.015,0.0025,SUBJECT_V3_73c26828fb4ba2079c65166b,343,MYOLEG_V3_K0343,0.9995148048644243,1.0000560438839097,0.9949778530855127,1.0005514130819753,LEG_4_STRONG_STRUCTURAL_MISMATCH
163.97433111493007,1.0005514130819753,0.0175,0.0025,SUBJECT_V3_5171d9640749b54d4e294e33,344,MYOLEG_V3_K0344,0.9994337408394354,1.0000560438839097,0.9941558336540968,1.0005514130819753,LEG_4_STRONG_STRUCTURAL_MISMATCH
163.95897639248628,1.0005514130819753,0.02,0.0025,SUBJECT_V3_ecf1e8c71b6bcfbb4041aa98,345,MYOLEG_V3_K0345,0.9993526569457105,1.0000560438839097,0.9933381732219643,1.0005514130819753,LEG_4_STRONG_STRUCTURAL_MISMATCH
163.94368795850855,1.0005514130819753,0.0225,0.0025,SUBJECT_V3_35b334912650f5586254df1d,346,MYOLEG_V3_K0346,0.9992714986718653,1.0000560438839097,0.9925249713538256,1.0005514130819753,LEG_4_STRONG_STRUCTURAL_MISMATCH
163.92846697664103,1.0005514130819753,0.025,0.0025,SUBJECT_V3_4d17f4e6e7e90e425a20f02c,347,MYOLEG_V3_K0347,0.9991903216163636,1.0000560438839097,0.991716122677092,1.0005514130819753,LEG_4_STRONG_STRUCTURAL_MISMATCH
163.91331382382086,1.0005514130819753,0.0275,0.0025,SUBJECT_V3_fd99b3d22d0bcc5cf96a41cb,348,MYOLEG_V3_K0348,0.9991091319436036,1.0000560438839097,0.9909116416490038,1.0005514130819753,LEG_4_STRONG_STRUCTURAL_MISMATCH
163.89822897727205,1.0005514130819753,0.03,0.0025,SUBJECT_V3_759f13541b005a46d2088ea9,349,MYOLEG_V3_K0349,0.9990279359669377,1.0000560438839097,0.9901115494413822,1.0005514130819753,LEG_4_STRONG_STRUCTURAL_MISMATCH
164.29447038445426,1.0105008563442701,-0.03,0.005,SUBJECT_V3_c24d7824d847730cbd959ae8,350,MYOLEG_V3_K0350,1.000962542631917,1.0001115398855498,1.0105008563442701,1.0011005806869702,LEG_4_STRONG_STRUCTURAL_MISMATCH
164.27790431886527,1.0096034847970832,-0.0275,0.005,SUBJECT_V3_e8965c6ce9bcf021f34a05b3,351,MYOLEG_V3_K0351,1.0008829092010396,1.0001115398855498,1.0096034847970832,1.0011005806869702,LEG_4_STRONG_STRUCTURAL_MISMATCH
164.26139621651663,1.0087100598981422,-0.025,0.005,SUBJECT_V3_ff120b0c6cdfbca2f63384c7,352,MYOLEG_V3_K0352,1.0008031274538558,1.0001115398855498,1.0087100598981422,1.0011005806869702,LEG_4_STRONG_STRUCTURAL_MISMATCH
164.24494870551447,1.00782062386741,-0.0225,0.005,SUBJECT_V3_90070bb8189018f017fc95bc,353,MYOLEG_V3_K0353,1.0007232410777185,1.0001115398855498,1.00782062386741,1.0011005806869702,LEG_4_STRONG_STRUCTURAL_MISMATCH
164.2285607935735,1.0069352755274812,-0.02,0.005,SUBJECT_V3_81e0a1ebf829a5a32601e8ea,354,MYOLEG_V3_K0354,1.0006432046455445,1.0001115398855498,1.0069352755274812,1.0011005806869702,LEG_4_STRONG_STRUCTURAL_MISMATCH
164.21223614752617,1.0060538656411888,-0.0175,0.005,SUBJECT_V3_fa0f18bc9bc5a639f9c10e86,355,MYOLEG_V3_K0355,1.0005631370944932,1.0001115398855498,1.0060538656411888,1.0011005806869702,LEG_4_STRONG_STRUCTURAL_MISMATCH
164.19597282262495,1.005176556299367,-0.015,0.005,SUBJECT_V3_22d16eb41e1581eab0468c12,356,MYOLEG_V3_K0356,1.000482955858501,1.0001115398855498,1.005176556299367,1.0011005806869702,LEG_4_STRONG_STRUCTURAL_MISMATCH
164.17977194306914,1.0043033465175233,-0.0125,0.005,SUBJECT_V3_68703239281906ce3b3acc79,357,MYOLEG_V3_K0357,1.000402686556132,1.0001115398855498,1.0043033465175233,1.0011005806869702,LEG_4_STRONG_STRUCTURAL_MISMATCH
164.16363359805317,1.0034342999265744,-0.01,0.005,SUBJECT_V3_b38b2ccb49f1f95e29969d98,358,MYOLEG_V3_K0358,1.0003223156490113,1.0001115398855498,1.0034342999265744,1.0011005806869702,LEG_4_STRONG_STRUCTURAL_MISMATCH
164.1475590734404,1.0025693941619982,-0.0075,0.005,SUBJECT_V3_1b947f2436367d0a573634b9,359,MYOLEG_V3_K0359,1.0002418780669131,1.0001115398855498,1.0025693941619982,1.0011005806869702,LEG_4_STRONG_STRUCTURAL_MISMATCH
164.13154817846222,1.0017086881901347,-0.005,0.005,SUBJECT_V3_ee5673a0f6185f22c5ae13b0,360,MYOLEG_V3_K0360,1.00016135596362,1.0001115398855498,1.0017086881901347,1.0011005806869702,LEG_4_STRONG_STRUCTURAL_MISMATCH
164.11560141699005,1.0011005806869702,-0.0025,0.005,SUBJECT_V3_b9b5a1b1183593e0fdf58204,361,MYOLEG_V3_K0361,1.0000807575365636,1.0001115398855498,1.0008521984522611,1.0011005806869702,LEG_4_STRONG_STRUCTURAL_MISMATCH
164.09971918727638,1.0011005806869702,0.0,0.005,SUBJECT_V3_6a6b100cfd86fe317df9039a,362,MYOLEG_V3_K0362,1.000000086768055,1.0001115398855498,0.9999999487925283,1.0011005806869702,LEG_4_STRONG_STRUCTURAL_MISMATCH
164.083919159165,1.0011005806869702,0.0025,0.005,SUBJECT_V3_aba65984e5ae1c59277b9deb,363,MYOLEG_V3_K0363,0.9999193541119392,1.0001115398855498,0.9991531798176058,1.0011005806869702,LEG_4_STRONG_STRUCTURAL_MISMATCH
164.0681673842612,1.0011005806869702,0.005,0.005,SUBJECT_V3_d6bad3b6f94ac621b93b08a7,364,MYOLEG_V3_K0364,0.9998385565592621,1.0001115398855498,0.9983094758036597,1.0011005806869702,LEG_4_STRONG_STRUCTURAL_MISMATCH
164.0524811903129,1.0011005806869702,0.0075,0.005,SUBJECT_V3_45b80c8ca557afd8b73803c1,365,MYOLEG_V3_K0365,0.9997576979321908,1.0001115398855498,0.997470075498548,1.0011005806869702,LEG_4_STRONG_STRUCTURAL_MISMATCH
164.0368609135903,1.0011005806869702,0.01,0.005,SUBJECT_V3_c70fc3187cc3f677645de22f,366,MYOLEG_V3_K0366,0.9996767825007554,1.0001115398855498,0.9966349973454719,1.0011005806869702,LEG_4_STRONG_STRUCTURAL_MISMATCH
164.02130715163784,1.0011005806869702,0.0125,0.005,SUBJECT_V3_4f44c9b5793ed39ab9332e2a,367,MYOLEG_V3_K0367,0.9995958245706829,1.0001115398855498,0.9958042428161268,1.0011005806869702,LEG_4_STRONG_STRUCTURAL_MISMATCH
164.0058193901675,1.0011005806869702,0.015,0.005,SUBJECT_V3_398e4b8c8561462e464d7beb,368,MYOLEG_V3_K0368,0.9995148048644243,1.0001115398855498,0.9949778530855127,1.0011005806869702,LEG_4_STRONG_STRUCTURAL_MISMATCH
163.99039843870963,1.0011005806869702,0.0175,0.005,SUBJECT_V3_7bbb2c57f92c794bb711d8e2,369,MYOLEG_V3_K0369,0.9994337408394354,1.0001115398855498,0.9941558336540968,1.0011005806869702,LEG_4_STRONG_STRUCTURAL_MISMATCH
163.9750452208198,1.0011005806869702,0.02,0.005,SUBJECT_V3_011df292b9352b1239336c23,370,MYOLEG_V3_K0370,0.9993526569457105,1.0001115398855498,0.9933381732219643,1.0011005806869702,LEG_4_STRONG_STRUCTURAL_MISMATCH
163.95975828518056,1.0011005806869702,0.0225,0.005,SUBJECT_V3_26b10bee5ef659db45ea7103,371,MYOLEG_V3_K0371,0.9992714986718653,1.0001115398855498,0.9925249713538256,1.0011005806869702,LEG_4_STRONG_STRUCTURAL_MISMATCH
163.94453879531852,1.0011005806869702,0.025,0.005,SUBJECT_V3_d5ea52b0c076bb613ef909ea,372,MYOLEG_V3_K0372,0.9991903216163636,1.0001115398855498,0.991716122677092,1.0011005806869702,LEG_4_STRONG_STRUCTURAL_MISMATCH
163.9293871281303,1.0011005806869702,0.0275,0.005,SUBJECT_V3_d4d84e59cc9b120ec768446e,373,MYOLEG_V3_K0373,0.9991091319436036,1.0001115398855498,0.9909116416490038,1.0011005806869702,LEG_4_STRONG_STRUCTURAL_MISMATCH
163.91430376078935,1.0011005806869702,0.03,0.005,SUBJECT_V3_be15f3401b54f0d4482a0b83,374,MYOLEG_V3_K0374,0.9990279359669377,1.0001115398855498,0.9901115494413822,1.0011005806869702,LEG_4_STRONG_STRUCTURAL_MISMATCH
164.31042518354988,1.0105008563442701,-0.03,0.0075,SUBJECT_V3_a6d1a962f10a43559bc517c8,375,MYOLEG_V3_K0375,1.000962542631917,1.0001666188315304,1.0105008563442701,1.0016471557630267,LEG_4_STRONG_STRUCTURAL_MISMATCH
164.29386072671394,1.0096034847970832,-0.0275,0.0075,SUBJECT_V3_3c6ac58c816ae7ed0cadc5f9,376,MYOLEG_V3_K0376,1.0008829092010396,1.0001666188315304,1.0096034847970832,1.0016471557630267,LEG_4_STRONG_STRUCTURAL_MISMATCH
164.2773542278122,1.0087100598981422,-0.025,0.0075,SUBJECT_V3_ce32d2b3a7be80fc61898065,377,MYOLEG_V3_K0377,1.0008031274538558,1.0001666188315304,1.0087100598981422,1.0016471557630267,LEG_4_STRONG_STRUCTURAL_MISMATCH
164.26090831469216,1.00782062386741,-0.0225,0.0075,SUBJECT_V3_8825b0f05be6a49e0915dc55,378,MYOLEG_V3_K0378,1.0007232410777185,1.0001666188315304,1.00782062386741,1.0016471557630267,LEG_4_STRONG_STRUCTURAL_MISMATCH
164.2445219951615,1.0069352755274812,-0.02,0.0075,SUBJECT_V3_dc7c79ca90c4f9e035fd4150,379,MYOLEG_V3_K0379,1.0006432046455445,1.0001666188315304,1.0069352755274812,1.0016471557630267,LEG_4_STRONG_STRUCTURAL_MISMATCH
164.22819893569292,1.0060538656411888,-0.0175,0.0075,SUBJECT_V3_2c56fc738fdab893d00c21e7,380,MYOLEG_V3_K0380,1.0005631370944932,1.0001666188315304,1.0060538656411888,1.0016471557630267,LEG_4_STRONG_STRUCTURAL_MISMATCH
164.21193719172433,1.005176556299367,-0.015,0.0075,SUBJECT_V3_a168175b5c57befb6313d68e,381,MYOLEG_V3_K0381,1.000482955858501,1.0001666188315304,1.005176556299367,1.0016471557630267,LEG_4_STRONG_STRUCTURAL_MISMATCH
164.19573788734232,1.0043033465175233,-0.0125,0.0075,SUBJECT_V3_92e5839767848952b31b74d3,382,MYOLEG_V3_K0382,1.000402686556132,1.0001666188315304,1.0043033465175233,1.0016471557630267,LEG_4_STRONG_STRUCTURAL_MISMATCH
164.17960111172908,1.0034342999265744,-0.01,0.0075,SUBJECT_V3_d308470f42546da9cf6abde2,383,MYOLEG_V3_K0383,1.0003223156490113,1.0001666188315304,1.0034342999265744,1.0016471557630267,LEG_4_STRONG_STRUCTURAL_MISMATCH
164.16352815061947,1.0025693941619982,-0.0075,0.0075,SUBJECT_V3_f9bca0af00d8a7fee2b6a6e4,384,MYOLEG_V3_K0384,1.0002418780669131,1.0001666188315304,1.0025693941619982,1.0016471557630267,LEG_4_STRONG_STRUCTURAL_MISMATCH
164.14751881325984,1.0017086881901347,-0.005,0.0075,SUBJECT_V3_105be6311a88666eca8dab71,385,MYOLEG_V3_K0385,1.00016135596362,1.0001666188315304,1.0017086881901347,1.0016471557630267,LEG_4_STRONG_STRUCTURAL_MISMATCH
164.131573603469,1.0016471557630267,-0.0025,0.0075,SUBJECT_V3_e052b3446291133b8ce24bf2,386,MYOLEG_V3_K0386,1.0000807575365636,1.0001666188315304,1.0008521984522611,1.0016471557630267,LEG_4_STRONG_STRUCTURAL_MISMATCH
164.11569291945725,1.0016471557630267,0.0,0.0075,SUBJECT_V3_56d715b26dce32f2a1ffe2dd,387,MYOLEG_V3_K0387,1.000000086768055,1.0001666188315304,0.9999999487925283,1.0016471557630267,LEG_4_STRONG_STRUCTURAL_MISMATCH
164.09989442934452,1.0016471557630267,0.0025,0.0075,SUBJECT_V3_0b9932c4951f2a2f11ea854a,388,MYOLEG_V3_K0388,0.9999193541119392,1.0001666188315304,0.9991531798176058,1.0016471557630267,LEG_4_STRONG_STRUCTURAL_MISMATCH
164.08414418803716,1.0016471557630267,0.005,0.0075,SUBJECT_V3_a7e315bd51e0f1cf5cada6ec,389,MYOLEG_V3_K0389,0.9998385565592621,1.0001666188315304,0.9983094758036597,1.0016471557630267,LEG_4_STRONG_STRUCTURAL_MISMATCH
164.06845952159296,1.0016471557630267,0.0075,0.0075,SUBJECT_V3_f7ae8e2dc7bcd0c048251c24,390,MYOLEG_V3_K0390,0.9997576979321908,1.0001666188315304,0.997470075498548,1.0016471557630267,LEG_4_STRONG_STRUCTURAL_MISMATCH
164.05284076624577,1.0016471557630267,0.01,0.0075,SUBJECT_V3_13c54ade521de6856b4435cc,391,MYOLEG_V3_K0391,0.9996767825007554,1.0001666188315304,0.9966349973454719,1.0016471557630267,LEG_4_STRONG_STRUCTURAL_MISMATCH
164.03728851947824,1.0016471557630267,0.0125,0.0075,SUBJECT_V3_41c6b4856e69a2f48a5a357f,392,MYOLEG_V3_K0392,0.9995958245706829,1.0001666188315304,0.9958042428161268,1.0016471557630267,LEG_4_STRONG_STRUCTURAL_MISMATCH
164.02180226704883,1.0016471557630267,0.015,0.0075,SUBJECT_V3_80aa127f8f467892041049a5,393,MYOLEG_V3_K0393,0.9995148048644243,1.0001666188315304,0.9949778530855127,1.0016471557630267,LEG_4_STRONG_STRUCTURAL_MISMATCH
164.00638281840546,1.0016471557630267,0.0175,0.0075,SUBJECT_V3_5bd102a70bf00e8e69a88970,394,MYOLEG_V3_K0394,0.9994337408394354,1.0001666188315304,0.9941558336540968,1.0016471557630267,LEG_4_STRONG_STRUCTURAL_MISMATCH
163.99103109701005,1.0016471557630267,0.02,0.0075,SUBJECT_V3_8591357a7f2e59d0de034865,395,MYOLEG_V3_K0395,0.9993526569457105,1.0001666188315304,0.9933381732219643,1.0016471557630267,LEG_4_STRONG_STRUCTURAL_MISMATCH
163.97574565168307,1.0016471557630267,0.0225,0.0075,SUBJECT_V3_208f1add475b40e6a72e140e,396,MYOLEG_V3_K0396,0.9992714986718653,1.0001666188315304,0.9925249713538256,1.0016471557630267,LEG_4_STRONG_STRUCTURAL_MISMATCH
163.9605276458341,1.0016471557630267,0.025,0.0075,SUBJECT_V3_6a60edda010c7b53dd2c39c2,397,MYOLEG_V3_K0397,0.9991903216163636,1.0001666188315304,0.991716122677092,1.0016471557630267,LEG_4_STRONG_STRUCTURAL_MISMATCH
163.94537745631936,1.0016471557630267,0.0275,0.0075,SUBJECT_V3_a670b3f364811260f5e666e6,398,MYOLEG_V3_K0398,0.9991091319436036,1.0001666188315304,0.9909116416490038,1.0016471557630267,LEG_4_STRONG_STRUCTURAL_MISMATCH
163.9302955602623,1.0016471557630267,0.03,0.0075,SUBJECT_V3_488027819fe9c1ba202fd8b5,399,MYOLEG_V3_K0399,0.9990279359669377,1.0001666188315304,0.9901115494413822,1.0016471557630267,LEG_4_STRONG_STRUCTURAL_MISMATCH
164.32629811809738,1.0105008563442701,-0.03,0.01,SUBJECT_V3_b2418181480d68e31cd36650,400,MYOLEG_V3_K0400,1.000962542631917,1.0002212862043836,1.0105008563442701,1.002191164719926,LEG_4_STRONG_STRUCTURAL_MISMATCH
164.3097352614499,1.0096034847970832,-0.0275,0.01,SUBJECT_V3_80332d667d4c44023bcb5c52,401,MYOLEG_V3_K0401,1.0008829092010396,1.0002212862043836,1.0096034847970832,1.002191164719926,LEG_4_STRONG_STRUCTURAL_MISMATCH
164.2932303574586,1.0087100598981422,-0.025,0.01,SUBJECT_V3_1236df4ef72ab27bfa1dab8c,402,MYOLEG_V3_K0402,1.0008031274538558,1.0002212862043836,1.0087100598981422,1.002191164719926,LEG_4_STRONG_STRUCTURAL_MISMATCH
164.2767860337138,1.00782062386741,-0.0225,0.01,SUBJECT_V3_5b9f734881548ecd05d2124c,403,MYOLEG_V3_K0403,1.0007232410777185,1.0002212862043836,1.00782062386741,1.002191164719926,LEG_4_STRONG_STRUCTURAL_MISMATCH
164.26040129811557,1.0069352755274812,-0.02,0.01,SUBJECT_V3_47f23068766b367d4bc1fc52,404,MYOLEG_V3_K0404,1.0006432046455445,1.0002212862043836,1.0069352755274812,1.002191164719926,LEG_4_STRONG_STRUCTURAL_MISMATCH
164.24407981677876,1.0060538656411888,-0.0175,0.01,SUBJECT_V3_cb2a8fdd0fb16113945b936a,405,MYOLEG_V3_K0405,1.0005631370944932,1.0002212862043836,1.0060538656411888,1.002191164719926,LEG_4_STRONG_STRUCTURAL_MISMATCH
164.2278196453259,1.005176556299367,-0.015,0.01,SUBJECT_V3_c39d1fba76001cee40da98fa,406,MYOLEG_V3_K0406,1.000482955858501,1.0002212862043836,1.005176556299367,1.002191164719926,LEG_4_STRONG_STRUCTURAL_MISMATCH
164.21162190773126,1.0043033465175233,-0.0125,0.01,SUBJECT_V3_bfa25b2ddf6439e1e68a1713,407,MYOLEG_V3_K0407,1.000402686556132,1.0002212862043836,1.0043033465175233,1.002191164719926,LEG_4_STRONG_STRUCTURAL_MISMATCH
164.19548669316507,1.0034342999265744,-0.01,0.01,SUBJECT_V3_f97a494d32d242a73f44c1ad,408,MYOLEG_V3_K0408,1.0003223156490113,1.0002212862043836,1.0034342999265744,1.002191164719926,LEG_4_STRONG_STRUCTURAL_MISMATCH
164.17941528723418,1.0025693941619982,-0.0075,0.01,SUBJECT_V3_b9dc168677583831971b617f,409,MYOLEG_V3_K0409,1.0002418780669131,1.0002212862043836,1.0025693941619982,1.002191164719926,LEG_4_STRONG_STRUCTURAL_MISMATCH
164.1634074991999,1.002191164719926,-0.005,0.01,SUBJECT_V3_857a8c96efa86ab359c40642,410,MYOLEG_V3_K0410,1.00016135596362,1.0002212862043836,1.0017086881901347,1.002191164719926,LEG_4_STRONG_STRUCTURAL_MISMATCH
164.1474638328288,1.002191164719926,-0.0025,0.01,SUBJECT_V3_a94715d2fe916f1561896af7,411,MYOLEG_V3_K0411,1.0000807575365636,1.0002212862043836,1.0008521984522611,1.002191164719926,LEG_4_STRONG_STRUCTURAL_MISMATCH
164.131584686289,1.002191164719926,0.0,0.01,SUBJECT_V3_0f2511f10822e216c9867198,412,MYOLEG_V3_K0412,1.000000086768055,1.0002212862043836,0.9999999487925283,1.002191164719926,LEG_4_STRONG_STRUCTURAL_MISMATCH
164.11578772598597,1.002191164719926,0.0025,0.01,SUBJECT_V3_7990046d6d398a3c4e8f864a,413,MYOLEG_V3_K0413,0.9999193541119392,1.0002212862043836,0.9991531798176058,1.002191164719926,LEG_4_STRONG_STRUCTURAL_MISMATCH
164.10003901010944,1.002191164719926,0.005,0.01,SUBJECT_V3_0ceb34c30843dc152e615c16,414,MYOLEG_V3_K0414,0.9998385565592621,1.0002212862043836,0.9983094758036597,1.002191164719926,LEG_4_STRONG_STRUCTURAL_MISMATCH
164.08435586303608,1.002191164719926,0.0075,0.01,SUBJECT_V3_23eb084af55f80209159cc37,415,MYOLEG_V3_K0415,0.9997576979321908,1.0002212862043836,0.997470075498548,1.002191164719926,LEG_4_STRONG_STRUCTURAL_MISMATCH
164.06873862096356,1.002191164719926,0.01,0.01,SUBJECT_V3_7f8bedbd040bdb1c92a9789f,416,MYOLEG_V3_K0416,0.9996767825007554,1.0002212862043836,0.9966349973454719,1.002191164719926,LEG_4_STRONG_STRUCTURAL_MISMATCH
164.0531878813131,1.002191164719926,0.0125,0.01,SUBJECT_V3_906cc86f57fb376010569d77,417,MYOLEG_V3_K0417,0.9995958245706829,1.0002212862043836,0.9958042428161268,1.002191164719926,LEG_4_STRONG_STRUCTURAL_MISMATCH
164.03770312988942,1.002191164719926,0.015,0.01,SUBJECT_V3_3a5b981350de8bd54f9d7fa1,418,MYOLEG_V3_K0418,0.9995148048644243,1.0002212862043836,0.9949778530855127,1.002191164719926,LEG_4_STRONG_STRUCTURAL_MISMATCH
164.02228517605843,1.002191164719926,0.0175,0.01,SUBJECT_V3_2cfeb0d10e5da6f9abb2d44a,419,MYOLEG_V3_K0419,0.9994337408394354,1.0002212862043836,0.9941558336540968,1.002191164719926,LEG_4_STRONG_STRUCTURAL_MISMATCH
164.0069349431889,1.002191164719926,0.02,0.01,SUBJECT_V3_a88426a856a222e318acdad8,420,MYOLEG_V3_K0420,0.9993526569457105,1.0002212862043836,0.9933381732219643,1.002191164719926,LEG_4_STRONG_STRUCTURAL_MISMATCH
163.99165098023843,1.002191164719926,0.0225,0.01,SUBJECT_V3_2f8a7b255774c4661758b8b5,421,MYOLEG_V3_K0421,0.9992714986718653,1.0002212862043836,0.9925249713538256,1.002191164719926,LEG_4_STRONG_STRUCTURAL_MISMATCH
163.97643445050025,1.002191164719926,0.025,0.01,SUBJECT_V3_7f99d23e8369daf91e7988df,422,MYOLEG_V3_K0422,0.9991903216163636,1.0002212862043836,0.991716122677092,1.002191164719926,LEG_4_STRONG_STRUCTURAL_MISMATCH
163.96128573079042,1.002191164719926,0.0275,0.01,SUBJECT_V3_6e6bca64712418389ad64961,423,MYOLEG_V3_K0423,0.9991091319436036,1.0002212862043836,0.9909116416490038,1.002191164719926,LEG_4_STRONG_STRUCTURAL_MISMATCH
163.94620529818255,1.002191164719926,0.03,0.01,SUBJECT_V3_c7e22562b61718a2a06aeade,424,MYOLEG_V3_K0424,0.9990279359669377,1.0002212862043836,0.9901115494413822,1.002191164719926,LEG_4_STRONG_STRUCTURAL_MISMATCH
164.34209056461253,1.0105008563442701,-0.03,0.0125,SUBJECT_V3_e69f20c9cc12e195601058a3,425,MYOLEG_V3_K0425,1.000962542631917,1.0002755513333685,1.0105008563442701,1.0027326411907493,LEG_4_STRONG_STRUCTURAL_MISMATCH
164.3255292997325,1.0096034847970832,-0.0275,0.0125,SUBJECT_V3_e888819be602ebd7ce9c5983,426,MYOLEG_V3_K0426,1.0008829092010396,1.0002755513333685,1.0096034847970832,1.0027326411907493,LEG_4_STRONG_STRUCTURAL_MISMATCH
164.30902598225836,1.0087100598981422,-0.025,0.0125,SUBJECT_V3_b429d14632d10fff77c98c28,427,MYOLEG_V3_K0427,1.0008031274538558,1.0002755513333685,1.0087100598981422,1.0027326411907493,LEG_4_STRONG_STRUCTURAL_MISMATCH
164.29258323952448,1.00782062386741,-0.0225,0.0125,SUBJECT_V3_d74a0aca2b3bab751d20561d,428,MYOLEG_V3_K0428,1.0007232410777185,1.0002755513333685,1.00782062386741,1.0027326411907493,LEG_4_STRONG_STRUCTURAL_MISMATCH
164.27620007952297,1.0069352755274812,-0.02,0.0125,SUBJECT_V3_0e0f71ea1ba2b4293bc32342,429,MYOLEG_V3_K0429,1.0006432046455445,1.0002755513333685,1.0069352755274812,1.0027326411907493,LEG_4_STRONG_STRUCTURAL_MISMATCH
164.25988016801267,1.0060538656411888,-0.0175,0.0125,SUBJECT_V3_af50c29bda1e6b9782f55150,430,MYOLEG_V3_K0430,1.0005631370944932,1.0002755513333685,1.0060538656411888,1.0027326411907493,LEG_4_STRONG_STRUCTURAL_MISMATCH
164.2436215607997,1.005176556299367,-0.015,0.0125,SUBJECT_V3_3f8349d7a062c2540f78abaa,431,MYOLEG_V3_K0431,1.000482955858501,1.0002755513333685,1.005176556299367,1.0027326411907493,LEG_4_STRONG_STRUCTURAL_MISMATCH
164.22742538174668,1.0043033465175233,-0.0125,0.0125,SUBJECT_V3_597292a0b02ae477654b9542,432,MYOLEG_V3_K0432,1.000402686556132,1.0002755513333685,1.0043033465175233,1.0027326411907493,LEG_4_STRONG_STRUCTURAL_MISMATCH
164.21129172001187,1.0034342999265744,-0.01,0.0125,SUBJECT_V3_79bbefbce84e419341f26002,433,MYOLEG_V3_K0433,1.0003223156490113,1.0002755513333685,1.0034342999265744,1.0027326411907493,LEG_4_STRONG_STRUCTURAL_MISMATCH
164.19522186107486,1.0027326411907493,-0.0075,0.0125,SUBJECT_V3_455f653e4f8ced906295d023,434,MYOLEG_V3_K0434,1.0002418780669131,1.0002755513333685,1.0025693941619982,1.0027326411907493,LEG_4_STRONG_STRUCTURAL_MISMATCH
164.1792156142118,1.0027326411907493,-0.005,0.0125,SUBJECT_V3_d66e62ad999ba757bb3a5f2c,435,MYOLEG_V3_K0435,1.00016135596362,1.0002755513333685,1.0017086881901347,1.0027326411907493,LEG_4_STRONG_STRUCTURAL_MISMATCH
164.1632734831373,1.0027326411907493,-0.0025,0.0125,SUBJECT_V3_b0c9fca9c786dd0f8282d549,436,MYOLEG_V3_K0436,1.0000807575365636,1.0002755513333685,1.0008521984522611,1.0027326411907493,LEG_4_STRONG_STRUCTURAL_MISMATCH
164.14739586597756,1.0027326411907493,0.0,0.0125,SUBJECT_V3_ba3d3e20dc7c441ff53b82f4,437,MYOLEG_V3_K0437,1.000000086768055,1.0002755513333685,0.9999999487925283,1.0027326411907493,LEG_4_STRONG_STRUCTURAL_MISMATCH
164.13160042743255,1.0027326411907493,0.0025,0.0125,SUBJECT_V3_02d225d1dac3b28785d9f246,438,MYOLEG_V3_K0438,0.9999193541119392,1.0002755513333685,0.9991531798176058,1.0027326411907493,LEG_4_STRONG_STRUCTURAL_MISMATCH
164.11585322895814,1.0027326411907493,0.005,0.0125,SUBJECT_V3_82cc034a91486f6106cb7219,439,MYOLEG_V3_K0439,0.9998385565592621,1.0002755513333685,0.9983094758036597,1.0027326411907493,LEG_4_STRONG_STRUCTURAL_MISMATCH
164.10017159325872,1.0027326411907493,0.0075,0.0125,SUBJECT_V3_64f9478b29bc46af76395f58,440,MYOLEG_V3_K0440,0.9997576979321908,1.0002755513333685,0.997470075498548,1.0027326411907493,LEG_4_STRONG_STRUCTURAL_MISMATCH
164.084555856496,1.0027326411907493,0.01,0.0125,SUBJECT_V3_2174e43fab8162253f5018cb,441,MYOLEG_V3_K0441,0.9996767825007554,1.0002755513333685,0.9966349973454719,1.0027326411907493,LEG_4_STRONG_STRUCTURAL_MISMATCH
164.06900661603004,1.0027326411907493,0.0125,0.0125,SUBJECT_V3_f4e3949220ccb2fd6b2bd63b,442,MYOLEG_V3_K0442,0.9995958245706829,1.0002755513333685,0.9958042428161268,1.0027326411907493,LEG_4_STRONG_STRUCTURAL_MISMATCH
164.0535233577116,1.0027326411907493,0.015,0.0125,SUBJECT_V3_5507e8954a9a60ceed95a684,443,MYOLEG_V3_K0443,0.9995148048644243,1.0002755513333685,0.9949778530855127,1.0027326411907493,LEG_4_STRONG_STRUCTURAL_MISMATCH
164.038106890825,1.0027326411907493,0.0175,0.0125,SUBJECT_V3_2b52819299175475f4ff9ba9,444,MYOLEG_V3_K0444,0.9994337408394354,1.0002755513333685,0.9941558336540968,1.0027326411907493,LEG_4_STRONG_STRUCTURAL_MISMATCH
164.02275813864634,1.0027326411907493,0.02,0.0125,SUBJECT_V3_57ef5b223c39261ddf041e9b,445,MYOLEG_V3_K0445,0.9993526569457105,1.0002755513333685,0.9933381732219643,1.0027326411907493,LEG_4_STRONG_STRUCTURAL_MISMATCH
164.00747565026975,1.0027326411907493,0.0225,0.0125,SUBJECT_V3_42a226c57bc71dfa17d30d6e,446,MYOLEG_V3_K0446,0.9992714986718653,1.0002755513333685,0.9925249713538256,1.0027326411907493,LEG_4_STRONG_STRUCTURAL_MISMATCH
163.9922605888726,1.0027326411907493,0.025,0.0125,SUBJECT_V3_d5bf928bb3247e5fa171e51a,447,MYOLEG_V3_K0447,0.9991903216163636,1.0002755513333685,0.991716122677092,1.0027326411907493,LEG_4_STRONG_STRUCTURAL_MISMATCH
163.97711333123104,1.0027326411907493,0.0275,0.0125,SUBJECT_V3_0af435a05d255ac5993e97e4,448,MYOLEG_V3_K0448,0.9991091319436036,1.0002755513333685,0.9909116416490038,1.0027326411907493,LEG_4_STRONG_STRUCTURAL_MISMATCH
163.9620343543691,1.0027326411907493,0.03,0.0125,SUBJECT_V3_ab807751f0d53b0c800f4b5a,449,MYOLEG_V3_K0449,0.9990279359669377,1.0002755513333685,0.9901115494413822,1.0027326411907493,LEG_4_STRONG_STRUCTURAL_MISMATCH
164.35780288089177,1.0105008563442701,-0.03,0.015,SUBJECT_V3_c32eb3276f66d0e791db0a07,450,MYOLEG_V3_K0450,1.000962542631917,1.0003294200458317,1.0105008563442701,1.003271583836571,LEG_4_STRONG_STRUCTURAL_MISMATCH
164.341243199399,1.0096034847970832,-0.0275,0.015,SUBJECT_V3_8aad3db2cc27f21147dd0733,451,MYOLEG_V3_K0451,1.0008829092010396,1.0003294200458317,1.0096034847970832,1.003271583836571,LEG_4_STRONG_STRUCTURAL_MISMATCH
164.32474146008937,1.0087100598981422,-0.025,0.015,SUBJECT_V3_4bbd067661d458416a787ff9,452,MYOLEG_V3_K0452,1.0008031274538558,1.0003294200458317,1.0087100598981422,1.003271583836571,LEG_4_STRONG_STRUCTURAL_MISMATCH
164.30830029004267,1.00782062386741,-0.0225,0.015,SUBJECT_V3_92ed6fe225b0bf86a83bdff3,453,MYOLEG_V3_K0453,1.0007232410777185,1.0003294200458317,1.00782062386741,1.003271583836571,LEG_4_STRONG_STRUCTURAL_MISMATCH
164.2919186973426,1.0069352755274812,-0.02,0.015,SUBJECT_V3_e9d096c677b025b87fc3c6de,454,MYOLEG_V3_K0454,1.0006432046455445,1.0003294200458317,1.0069352755274812,1.003271583836571,LEG_4_STRONG_STRUCTURAL_MISMATCH
164.2756003473938,1.0060538656411888,-0.0175,0.015,SUBJECT_V3_5e22934c7d6de6b25ea852cf,455,MYOLEG_V3_K0455,1.0005631370944932,1.0003294200458317,1.0060538656411888,1.003271583836571,LEG_4_STRONG_STRUCTURAL_MISMATCH
164.259343296185,1.005176556299367,-0.015,0.015,SUBJECT_V3_d8fc25f5fd39ab79e5aa856f,456,MYOLEG_V3_K0456,1.000482955858501,1.0003294200458317,1.005176556299367,1.003271583836571,LEG_4_STRONG_STRUCTURAL_MISMATCH
164.24314866746784,1.0043033465175233,-0.0125,0.015,SUBJECT_V3_2fd3b39807984da43d6f329b,457,MYOLEG_V3_K0457,1.000402686556132,1.0003294200458317,1.0043033465175233,1.003271583836571,LEG_4_STRONG_STRUCTURAL_MISMATCH
164.22701655038858,1.0034342999265744,-0.01,0.015,SUBJECT_V3_d64832685a697522faedb485,458,MYOLEG_V3_K0458,1.0003223156490113,1.0003294200458317,1.0034342999265744,1.003271583836571,LEG_4_STRONG_STRUCTURAL_MISMATCH
164.2109482303003,1.003271583836571,-0.0075,0.015,SUBJECT_V3_77e5efbe1a3ae4c73806890f,459,MYOLEG_V3_K0459,1.0002418780669131,1.0003294200458317,1.0025693941619982,1.003271583836571,LEG_4_STRONG_STRUCTURAL_MISMATCH
164.1949435164939,1.003271583836571,-0.005,0.015,SUBJECT_V3_001042bc1ae4ffa26dfff4db,460,MYOLEG_V3_K0460,1.00016135596362,1.0003294200458317,1.0017086881901347,1.003271583836571,LEG_4_STRONG_STRUCTURAL_MISMATCH
164.1790029126322,1.003271583836571,-0.0025,0.015,SUBJECT_V3_b341e891949c3cd3eba307fc,461,MYOLEG_V3_K0461,1.0000807575365636,1.0003294200458317,1.0008521984522611,1.003271583836571,LEG_4_STRONG_STRUCTURAL_MISMATCH
164.16312681679986,1.003271583836571,0.0,0.015,SUBJECT_V3_7fc3e04e7abc4077e41edfd7,462,MYOLEG_V3_K0462,1.000000086768055,1.0003294200458317,0.9999999487925283,1.003271583836571,LEG_4_STRONG_STRUCTURAL_MISMATCH
164.14733289200024,1.003271583836571,0.0025,0.015,SUBJECT_V3_9df1ed17f8eefad58e802c0c,463,MYOLEG_V3_K0463,0.9999193541119392,1.0003294200458317,0.9991531798176058,1.003271583836571,LEG_4_STRONG_STRUCTURAL_MISMATCH
164.1315872029382,1.003271583836571,0.005,0.015,SUBJECT_V3_92d0642369cd6594e7d931ac,464,MYOLEG_V3_K0464,0.9998385565592621,1.0003294200458317,0.9983094758036597,1.003271583836571,LEG_4_STRONG_STRUCTURAL_MISMATCH
164.11590707065454,1.003271583836571,0.0075,0.015,SUBJECT_V3_352073cdcaf81b87196b65b2,465,MYOLEG_V3_K0465,0.9997576979321908,1.0003294200458317,0.997470075498548,1.003271583836571,LEG_4_STRONG_STRUCTURAL_MISMATCH
164.10029283127537,1.003271583836571,0.01,0.015,SUBJECT_V3_aa52e18518b53a9544b10d45,466,MYOLEG_V3_K0466,0.9996767825007554,1.0003294200458317,0.9966349973454719,1.003271583836571,LEG_4_STRONG_STRUCTURAL_MISMATCH
164.08474508209983,1.003271583836571,0.0125,0.015,SUBJECT_V3_bbfcd620882a6933bb783d42,467,MYOLEG_V3_K0467,0.9995958245706829,1.0003294200458317,0.9958042428161268,1.003271583836571,LEG_4_STRONG_STRUCTURAL_MISMATCH
164.06926330902445,1.003271583836571,0.015,0.015,SUBJECT_V3_5eebc8615fc1739379a905b6,468,MYOLEG_V3_K0468,0.9995148048644243,1.0003294200458317,0.9949778530855127,1.003271583836571,LEG_4_STRONG_STRUCTURAL_MISMATCH
164.05384832125242,1.003271583836571,0.0175,0.015,SUBJECT_V3_30290500305e5a574ad90f7d,469,MYOLEG_V3_K0469,0.9994337408394354,1.0003294200458317,0.9941558336540968,1.003271583836571,LEG_4_STRONG_STRUCTURAL_MISMATCH
164.03850104196772,1.003271583836571,0.02,0.015,SUBJECT_V3_a43d84a56b8074e37d431e4f,470,MYOLEG_V3_K0470,0.9993526569457105,1.0003294200458317,0.9933381732219643,1.003271583836571,LEG_4_STRONG_STRUCTURAL_MISMATCH
164.02322002040015,1.003271583836571,0.0225,0.015,SUBJECT_V3_974030ae5ae9e1709c20f990,471,MYOLEG_V3_K0471,0.9992714986718653,1.0003294200458317,0.9925249713538256,1.003271583836571,LEG_4_STRONG_STRUCTURAL_MISMATCH
164.00800641961192,1.003271583836571,0.025,0.015,SUBJECT_V3_456c8a28caa1d9f3bcdb3ac9,472,MYOLEG_V3_K0472,0.9991903216163636,1.0003294200458317,0.991716122677092,1.003271583836571,LEG_4_STRONG_STRUCTURAL_MISMATCH
163.9928606163395,1.003271583836571,0.0275,0.015,SUBJECT_V3_6102303d3b796edb6cf9ff66,473,MYOLEG_V3_K0473,0.9991091319436036,1.0003294200458317,0.9909116416490038,1.003271583836571,LEG_4_STRONG_STRUCTURAL_MISMATCH
163.97778308755755,1.003271583836571,0.03,0.015,SUBJECT_V3_0752e53099c28a20075e2671,474,MYOLEG_V3_K0474,0.9990279359669377,1.0003294200458317,0.9901115494413822,1.003271583836571,LEG_4_STRONG_STRUCTURAL_MISMATCH
164.37343631798385,1.0105008563442701,-0.03,0.0175,SUBJECT_V3_69285c57afabf85ab92fa0df,475,MYOLEG_V3_K0475,1.000962542631917,1.0003828929078642,1.0105008563442701,1.0038080524203492,LEG_4_STRONG_STRUCTURAL_MISMATCH
164.35687821162892,1.0096034847970832,-0.0275,0.0175,SUBJECT_V3_c2b37bf88a69573aa265f360,476,MYOLEG_V3_K0476,1.0008829092010396,1.0003828929078642,1.0096034847970832,1.0038080524203492,LEG_4_STRONG_STRUCTURAL_MISMATCH
164.3403780422615,1.0087100598981422,-0.025,0.0175,SUBJECT_V3_63b9d4d39fd7244bc6254a2a,477,MYOLEG_V3_K0477,1.0008031274538558,1.0003828929078642,1.0087100598981422,1.0038080524203492,LEG_4_STRONG_STRUCTURAL_MISMATCH
164.32393843670815,1.00782062386741,-0.0225,0.0175,SUBJECT_V3_84154a483c2bef6e123e2069,478,MYOLEG_V3_K0478,1.0007232410777185,1.0003828929078642,1.00782062386741,1.0038080524203492,LEG_4_STRONG_STRUCTURAL_MISMATCH
164.3075584031436,1.0069352755274812,-0.02,0.0175,SUBJECT_V3_2b1fa0d529f8cf324dec6a0b,479,MYOLEG_V3_K0479,1.0006432046455445,1.0003828929078642,1.0069352755274812,1.0038080524203492,LEG_4_STRONG_STRUCTURAL_MISMATCH
164.29124160662025,1.0060538656411888,-0.0175,0.0175,SUBJECT_V3_359a1d43c594a661076a5b12,480,MYOLEG_V3_K0480,1.0005631370944932,1.0003828929078642,1.0060538656411888,1.0038080524203492,LEG_4_STRONG_STRUCTURAL_MISMATCH
164.27498610330838,1.005176556299367,-0.015,0.0175,SUBJECT_V3_288b1982e0cc85a37e54a4ce,481,MYOLEG_V3_K0481,1.000482955858501,1.0003828929078642,1.005176556299367,1.0038080524203492,LEG_4_STRONG_STRUCTURAL_MISMATCH
164.25879301684935,1.0043033465175233,-0.0125,0.0175,SUBJECT_V3_06f2450367309b70fa94d349,482,MYOLEG_V3_K0482,1.000402686556132,1.0003828929078642,1.0043033465175233,1.0038080524203492,LEG_4_STRONG_STRUCTURAL_MISMATCH
164.24266243637743,1.0038080524203492,-0.01,0.0175,SUBJECT_V3_2f62ca0e4709e59067549dff,483,MYOLEG_V3_K0483,1.0003223156490113,1.0003828929078642,1.0034342999265744,1.0038080524203492,LEG_4_STRONG_STRUCTURAL_MISMATCH
164.22659564711975,1.0038080524203492,-0.0075,0.0175,SUBJECT_V3_f5c635ed02483bac5818b8f1,484,MYOLEG_V3_K0484,1.0002418780669131,1.0003828929078642,1.0025693941619982,1.0038080524203492,LEG_4_STRONG_STRUCTURAL_MISMATCH
164.21059245838205,1.0038080524203492,-0.005,0.0175,SUBJECT_V3_3d0d6d228d8474ad56d90aa4,485,MYOLEG_V3_K0485,1.00016135596362,1.0003828929078642,1.0017086881901347,1.0038080524203492,LEG_4_STRONG_STRUCTURAL_MISMATCH
164.1946533737756,1.0038080524203492,-0.0025,0.0175,SUBJECT_V3_c24550a18e879e3f07d93ba6,486,MYOLEG_V3_K0486,1.0000807575365636,1.0003828929078642,1.0008521984522611,1.0038080524203492,LEG_4_STRONG_STRUCTURAL_MISMATCH
164.17877879134357,1.0038080524203492,0.0,0.0175,SUBJECT_V3_2ff52d048f8054e7c9f57d51,487,MYOLEG_V3_K0487,1.000000086768055,1.0003828929078642,0.9999999487925283,1.0038080524203492,LEG_4_STRONG_STRUCTURAL_MISMATCH
164.16298637240172,1.0038080524203492,0.0025,0.0175,SUBJECT_V3_48a0c936d1d8bcb90a93f260,488,MYOLEG_V3_K0488,0.9999193541119392,1.0003828929078642,0.9991531798176058,1.0038080524203492,LEG_4_STRONG_STRUCTURAL_MISMATCH
164.14724218488692,1.0038080524203492,0.005,0.0175,SUBJECT_V3_1dae0a5615f9a3e8ce063f7f,489,MYOLEG_V3_K0489,0.9998385565592621,1.0003828929078642,0.9983094758036597,1.0038080524203492,LEG_4_STRONG_STRUCTURAL_MISMATCH
164.1315635481851,1.0038080524203492,0.0075,0.0175,SUBJECT_V3_264d4f103150ecc838de6929,490,MYOLEG_V3_K0490,0.9997576979321908,1.0003828929078642,0.997470075498548,1.0038080524203492,LEG_4_STRONG_STRUCTURAL_MISMATCH
164.11595079838685,1.0038080524203492,0.01,0.0175,SUBJECT_V3_4fdc54b0c058102f773d2104,491,MYOLEG_V3_K0491,0.9996767825007554,1.0003828929078642,0.9966349973454719,1.0038080524203492,LEG_4_STRONG_STRUCTURAL_MISMATCH
164.1004045327308,1.0038080524203492,0.0125,0.0175,SUBJECT_V3_136c0200f76bff75627e3cc8,492,MYOLEG_V3_K0492,0.9995958245706829,1.0003828929078642,0.9958042428161268,1.0038080524203492,LEG_4_STRONG_STRUCTURAL_MISMATCH
164.084924237159,1.0038080524203492,0.015,0.0175,SUBJECT_V3_47a7a8733f4751af7e939ff9,493,MYOLEG_V3_K0493,0.9995148048644243,1.0003828929078642,0.9949778530855127,1.0038080524203492,LEG_4_STRONG_STRUCTURAL_MISMATCH
164.06951072079391,1.0038080524203492,0.0175,0.0175,SUBJECT_V3_09610c270c408fb271db1065,494,MYOLEG_V3_K0494,0.9994337408394354,1.0003828929078642,0.9941558336540968,1.0038080524203492,LEG_4_STRONG_STRUCTURAL_MISMATCH
164.05416490672786,1.0038080524203492,0.02,0.0175,SUBJECT_V3_958b30940ea2257154d5759f,495,MYOLEG_V3_K0495,0.9993526569457105,1.0003828929078642,0.9933381732219643,1.0038080524203492,LEG_4_STRONG_STRUCTURAL_MISMATCH
164.03888534432562,1.0038080524203492,0.0225,0.0175,SUBJECT_V3_7a2081f5e8593d6c9fb87c22,496,MYOLEG_V3_K0496,0.9992714986718653,1.0003828929078642,0.9925249713538256,1.0038080524203492,LEG_4_STRONG_STRUCTURAL_MISMATCH
164.02367319653487,1.0038080524203492,0.025,0.0175,SUBJECT_V3_72612f24c25736d020abf4a6,497,MYOLEG_V3_K0497,0.9991903216163636,1.0003828929078642,0.991716122677092,1.0038080524203492,LEG_4_STRONG_STRUCTURAL_MISMATCH
164.0085288400526,1.0038080524203492,0.0275,0.0175,SUBJECT_V3_f5c9aa33f23be87e3fe3b972,498,MYOLEG_V3_K0498,0.9991091319436036,1.0003828929078642,0.9909116416490038,1.0038080524203492,LEG_4_STRONG_STRUCTURAL_MISMATCH
163.99345275180437,1.0038080524203492,0.03,0.0175,SUBJECT_V3_02447158c067bf3f7c03ece0,499,MYOLEG_V3_K0499,0.9990279359669377,1.0003828929078642,0.9901115494413822,1.0038080524203492,LEG_4_STRONG_STRUCTURAL_MISMATCH
164.3889920645142,1.0105008563442701,-0.03,0.02,SUBJECT_V3_c407a044729f4c60797d4ddb,500,MYOLEG_V3_K0500,1.000962542631917,1.0004359716924869,1.0105008563442701,1.004342099242388,LEG_4_STRONG_STRUCTURAL_MISMATCH
164.37243552517208,1.0096034847970832,-0.0275,0.02,SUBJECT_V3_b63b1bd2ae97cc7faaef8aa9,501,MYOLEG_V3_K0501,1.0008829092010396,1.0004359716924869,1.0096034847970832,1.004342099242388,LEG_4_STRONG_STRUCTURAL_MISMATCH
164.35593691764853,1.0087100598981422,-0.025,0.02,SUBJECT_V3_e5e84e08b8da07105a6b88f0,502,MYOLEG_V3_K0502,1.0008031274538558,1.0004359716924869,1.0087100598981422,1.004342099242388,LEG_4_STRONG_STRUCTURAL_MISMATCH
164.33949886851818,1.00782062386741,-0.0225,0.02,SUBJECT_V3_9cf62450338b0aab34c46d79,503,MYOLEG_V3_K0503,1.0007232410777185,1.0004359716924869,1.00782062386741,1.004342099242388,LEG_4_STRONG_STRUCTURAL_MISMATCH
164.32312038604633,1.0069352755274812,-0.02,0.02,SUBJECT_V3_04815eee258971789ba8fa3f,504,MYOLEG_V3_K0504,1.0006432046455445,1.0004359716924869,1.0069352755274812,1.004342099242388,LEG_4_STRONG_STRUCTURAL_MISMATCH
164.306805134935,1.0060538656411888,-0.0175,0.02,SUBJECT_V3_591ef0a5fda8869c5bc7e41e,505,MYOLEG_V3_K0505,1.0005631370944932,1.0004359716924869,1.0060538656411888,1.004342099242388,LEG_4_STRONG_STRUCTURAL_MISMATCH
164.2905511715351,1.005176556299367,-0.015,0.02,SUBJECT_V3_9e2101e41c4b658f4a0c3a66,506,MYOLEG_V3_K0506,1.000482955858501,1.0004359716924869,1.005176556299367,1.004342099242388,LEG_4_STRONG_STRUCTURAL_MISMATCH
164.27435961937817,1.004342099242388,-0.0125,0.02,SUBJECT_V3_f3a03d81558d4857f9572ade,507,MYOLEG_V3_K0507,1.000402686556132,1.0004359716924869,1.0043033465175233,1.004342099242388,LEG_4_STRONG_STRUCTURAL_MISMATCH
164.25823056758662,1.004342099242388,-0.01,0.02,SUBJECT_V3_8cdb3aceff095d55b7d294d7,508,MYOLEG_V3_K0508,1.0003223156490113,1.0004359716924869,1.0034342999265744,1.004342099242388,LEG_4_STRONG_STRUCTURAL_MISMATCH
164.24216530126242,1.004342099242388,-0.0075,0.02,SUBJECT_V3_eb91755e06631ae32c283c76,509,MYOLEG_V3_K0509,1.0002418780669131,1.0004359716924869,1.0025693941619982,1.004342099242388,LEG_4_STRONG_STRUCTURAL_MISMATCH
164.2261636297258,1.004342099242388,-0.005,0.02,SUBJECT_V3_21bc9ba9462c099ad73bbf2c,510,MYOLEG_V3_K0510,1.00016135596362,1.0004359716924869,1.0017086881901347,1.004342099242388,LEG_4_STRONG_STRUCTURAL_MISMATCH
164.21022605653687,1.004342099242388,-0.0025,0.02,SUBJECT_V3_fac840a3fc596f053da5ca70,511,MYOLEG_V3_K0511,1.0000807575365636,1.0004359716924869,1.0008521984522611,1.004342099242388,LEG_4_STRONG_STRUCTURAL_MISMATCH
164.1943529796977,1.004342099242388,0.0,0.02,SUBJECT_V3_3953ed3a77efa30b2d35d6de,512,MYOLEG_V3_K0512,1.000000086768055,1.0004359716924869,0.9999999487925283,1.004342099242388,LEG_4_STRONG_STRUCTURAL_MISMATCH
164.1785620588449,1.004342099242388,0.0025,0.02,SUBJECT_V3_e32a03096543f7b1f12cec2c,513,MYOLEG_V3_K0513,0.9999193541119392,1.0004359716924869,0.9991531798176058,1.004342099242388,LEG_4_STRONG_STRUCTURAL_MISMATCH
164.16281936513073,1.004342099242388,0.005,0.02,SUBJECT_V3_ef12f909717ea2cf245aceab,514,MYOLEG_V3_K0514,0.9998385565592621,1.0004359716924869,0.9983094758036597,1.004342099242388,LEG_4_STRONG_STRUCTURAL_MISMATCH
164.14714221629495,1.004342099242388,0.0075,0.02,SUBJECT_V3_0da2861c3278c767ea6cfbfa,515,MYOLEG_V3_K0515,0.9997576979321908,1.0004359716924869,0.997470075498548,1.004342099242388,LEG_4_STRONG_STRUCTURAL_MISMATCH
164.13153094839262,1.004342099242388,0.01,0.02,SUBJECT_V3_1e492a6c4109b919deda4924,516,MYOLEG_V3_K0516,0.9996767825007554,1.0004359716924869,0.9966349973454719,1.004342099242388,LEG_4_STRONG_STRUCTURAL_MISMATCH
164.11598615860225,1.004342099242388,0.0125,0.02,SUBJECT_V3_f36c93b9a4e019fd49a7e640,517,MYOLEG_V3_K0517,0.9995958245706829,1.0004359716924869,0.9958042428161268,1.004342099242388,LEG_4_STRONG_STRUCTURAL_MISMATCH
164.10050733291118,1.004342099242388,0.015,0.02,SUBJECT_V3_81a67a933ba535366bc8f045,518,MYOLEG_V3_K0518,0.9995148048644243,1.0004359716924869,0.9949778530855127,1.004342099242388,LEG_4_STRONG_STRUCTURAL_MISMATCH
164.0850952803616,1.004342099242388,0.0175,0.02,SUBJECT_V3_8c3328bffd10c202d291cab8,519,MYOLEG_V3_K0519,0.9994337408394354,1.0004359716924869,0.9941558336540968,1.004342099242388,LEG_4_STRONG_STRUCTURAL_MISMATCH
164.0697509239546,1.004342099242388,0.02,0.02,SUBJECT_V3_424d9323427176085db3b3d2,520,MYOLEG_V3_K0520,0.9993526569457105,1.0004359716924869,0.9933381732219643,1.004342099242388,LEG_4_STRONG_STRUCTURAL_MISMATCH
164.05447281318922,1.004342099242388,0.0225,0.02,SUBJECT_V3_b1915809c6e3bf2d92a1ac7b,521,MYOLEG_V3_K0521,0.9992714986718653,1.0004359716924869,0.9925249713538256,1.004342099242388,LEG_4_STRONG_STRUCTURAL_MISMATCH
164.03926211089924,1.004342099242388,0.025,0.02,SUBJECT_V3_e6ab822fd19b6d6d5f4231a4,522,MYOLEG_V3_K0522,0.9991903216163636,1.0004359716924869,0.991716122677092,1.004342099242388,LEG_4_STRONG_STRUCTURAL_MISMATCH
164.02411919374237,1.004342099242388,0.0275,0.02,SUBJECT_V3_9449f5e06ea4aa08ebe284e3,523,MYOLEG_V3_K0523,0.9991091319436036,1.0004359716924869,0.9909116416490038,1.004342099242388,LEG_4_STRONG_STRUCTURAL_MISMATCH
164.00904453859528,1.004342099242388,0.03,0.02,SUBJECT_V3_d4575f78a5624b619cdec49a,524,MYOLEG_V3_K0524,0.9990279359669377,1.0004359716924869,0.9901115494413822,1.004342099242388,LEG_4_STRONG_STRUCTURAL_MISMATCH
164.40447241024967,1.0105008563442701,-0.03,0.0225,SUBJECT_V3_74eb421671684cd1e2823422,525,MYOLEG_V3_K0525,1.000962542631917,1.0004886872694105,1.0105008563442701,1.0048737215373793,LEG_4_STRONG_STRUCTURAL_MISMATCH
164.38791743003034,1.0096034847970832,-0.0275,0.0225,SUBJECT_V3_c4ecefa7c2b7914d3f7ae118,526,MYOLEG_V3_K0526,1.0008829092010396,1.0004886872694105,1.0096034847970832,1.0048737215373793,LEG_4_STRONG_STRUCTURAL_MISMATCH
164.37142037648664,1.0087100598981422,-0.025,0.0225,SUBJECT_V3_ed7b954dc5e8ea99325b450b,527,MYOLEG_V3_K0527,1.0008031274538558,1.0004886872694105,1.0087100598981422,1.0048737215373793,LEG_4_STRONG_STRUCTURAL_MISMATCH
164.35498387594248,1.00782062386741,-0.0225,0.0225,SUBJECT_V3_41a42e75b1472dc7d10e4829,528,MYOLEG_V3_K0528,1.0007232410777185,1.0004886872694105,1.00782062386741,1.0048737215373793,LEG_4_STRONG_STRUCTURAL_MISMATCH
164.3386069367533,1.0069352755274812,-0.02,0.0225,SUBJECT_V3_372d9996f53e158252062c10,529,MYOLEG_V3_K0529,1.0006432046455445,1.0004886872694105,1.0069352755274812,1.0048737215373793,LEG_4_STRONG_STRUCTURAL_MISMATCH
164.32229322327242,1.0060538656411888,-0.0175,0.0225,SUBJECT_V3_c21b4f51b9c281f6025b1b50,530,MYOLEG_V3_K0530,1.0005631370944932,1.0004886872694105,1.0060538656411888,1.0048737215373793,LEG_4_STRONG_STRUCTURAL_MISMATCH
164.3060407920306,1.005176556299367,-0.015,0.0225,SUBJECT_V3_58751317155c99828cfae994,531,MYOLEG_V3_K0531,1.000482955858501,1.0004886872694105,1.005176556299367,1.0048737215373793,LEG_4_STRONG_STRUCTURAL_MISMATCH
164.28985076645,1.0048737215373793,-0.0125,0.0225,SUBJECT_V3_2a1b95c422820d7ae6759d15,532,MYOLEG_V3_K0532,1.000402686556132,1.0004886872694105,1.0043033465175233,1.0048737215373793,LEG_4_STRONG_STRUCTURAL_MISMATCH
164.2737232356413,1.0048737215373793,-0.01,0.0225,SUBJECT_V3_ff3a57078b67e128bf8e9a83,533,MYOLEG_V3_K0533,1.0003223156490113,1.0004886872694105,1.0034342999265744,1.0048737215373793,LEG_4_STRONG_STRUCTURAL_MISMATCH
164.2576594845818,1.0048737215373793,-0.0075,0.0225,SUBJECT_V3_3197284cb439d839308c320e,534,MYOLEG_V3_K0534,1.0002418780669131,1.0004886872694105,1.0025693941619982,1.0048737215373793,LEG_4_STRONG_STRUCTURAL_MISMATCH
164.24165932260638,1.0048737215373793,-0.005,0.0225,SUBJECT_V3_bc7b79a722e9ef5d544d3089,535,MYOLEG_V3_K0535,1.00016135596362,1.0004886872694105,1.0017086881901347,1.0048737215373793,LEG_4_STRONG_STRUCTURAL_MISMATCH
164.22572325322415,1.0048737215373793,-0.0025,0.0225,SUBJECT_V3_7ab37d82846f1e8492528e11,536,MYOLEG_V3_K0536,1.0000807575365636,1.0004886872694105,1.0008521984522611,1.0048737215373793,LEG_4_STRONG_STRUCTURAL_MISMATCH
164.20985167439616,1.0048737215373793,0.0,0.0225,SUBJECT_V3_5e613f60cbaa9baed1235f50,537,MYOLEG_V3_K0537,1.000000086768055,1.0004886872694105,0.9999999487925283,1.0048737215373793,LEG_4_STRONG_STRUCTURAL_MISMATCH
164.1940622440885,1.0048737215373793,0.0025,0.0225,SUBJECT_V3_71314f1f530a4e9aaf455c9f,538,MYOLEG_V3_K0538,0.9999193541119392,1.0004886872694105,0.9991531798176058,1.0048737215373793,LEG_4_STRONG_STRUCTURAL_MISMATCH
164.17832103665262,1.0048737215373793,0.005,0.0225,SUBJECT_V3_63ff539762999bdf00842cce,539,MYOLEG_V3_K0539,0.9998385565592621,1.0004886872694105,0.9983094758036597,1.0048737215373793,LEG_4_STRONG_STRUCTURAL_MISMATCH
164.16264536819023,1.0048737215373793,0.0075,0.0225,SUBJECT_V3_cc54edbc2dca0daca64e55f2,540,MYOLEG_V3_K0540,0.9997576979321908,1.0004886872694105,0.997470075498548,1.0048737215373793,LEG_4_STRONG_STRUCTURAL_MISMATCH
164.14703557472123,1.0048737215373793,0.01,0.0225,SUBJECT_V3_3f6ac28a258aa1f5285ba5ba,541,MYOLEG_V3_K0541,0.9996767825007554,1.0004886872694105,0.9966349973454719,1.0048737215373793,LEG_4_STRONG_STRUCTURAL_MISMATCH
164.1314922533642,1.0048737215373793,0.0125,0.0225,SUBJECT_V3_57ccce9203d693c06cad911d,542,MYOLEG_V3_K0542,0.9995958245706829,1.0004886872694105,0.9958042428161268,1.0048737215373793,LEG_4_STRONG_STRUCTURAL_MISMATCH
164.1160148901516,1.0048737215373793,0.015,0.0225,SUBJECT_V3_bb774cd15d154beb66e4d959,543,MYOLEG_V3_K0543,0.9995148048644243,1.0004886872694105,0.9949778530855127,1.0048737215373793,LEG_4_STRONG_STRUCTURAL_MISMATCH
164.10060429404567,1.0048737215373793,0.0175,0.0225,SUBJECT_V3_c907f6f9501c91d41ab3a394,544,MYOLEG_V3_K0544,0.9994337408394354,1.0004886872694105,0.9941558336540968,1.0048737215373793,LEG_4_STRONG_STRUCTURAL_MISMATCH
164.08526138795685,1.0048737215373793,0.02,0.0225,SUBJECT_V3_bdbf40e9e2808ad9a2ad5fcc,545,MYOLEG_V3_K0545,0.9993526569457105,1.0004886872694105,0.9933381732219643,1.0048737215373793,LEG_4_STRONG_STRUCTURAL_MISMATCH
164.06998472151773,1.0048737215373793,0.0225,0.0225,SUBJECT_V3_6aeadfa986c7c71bee6e8e3a,546,MYOLEG_V3_K0546,0.9992714986718653,1.0004886872694105,0.9925249713538256,1.0048737215373793,LEG_4_STRONG_STRUCTURAL_MISMATCH
164.05477545744876,1.0048737215373793,0.025,0.0225,SUBJECT_V3_36ec50ba109f77b4102f21ab,547,MYOLEG_V3_K0547,0.9991903216163636,1.0004886872694105,0.991716122677092,1.0048737215373793,LEG_4_STRONG_STRUCTURAL_MISMATCH
164.03963397236848,1.0048737215373793,0.0275,0.0225,SUBJECT_V3_75380aaad2c4120239f57d16,548,MYOLEG_V3_K0548,0.9991091319436036,1.0004886872694105,0.9909116416490038,1.0048737215373793,LEG_4_STRONG_STRUCTURAL_MISMATCH
164.024560743105,1.0048737215373793,0.03,0.0225,SUBJECT_V3_97d72aed7675e58ced7d0553,549,MYOLEG_V3_K0549,0.9990279359669377,1.0004886872694105,0.9901115494413822,1.0048737215373793,LEG_4_STRONG_STRUCTURAL_MISMATCH
164.41987771645873,1.0105008563442701,-0.03,0.025,SUBJECT_V3_81159f4e754f60790a56d531,550,MYOLEG_V3_K0550,1.000962542631917,1.0005410395059142,1.0105008563442701,1.0054029397498399,LEG_4_STRONG_STRUCTURAL_MISMATCH
164.40332428751304,1.0096034847970832,-0.0275,0.025,SUBJECT_V3_388ff36b219a3541fa284cae,551,MYOLEG_V3_K0551,1.0008829092010396,1.0005410395059142,1.0096034847970832,1.0054029397498399,LEG_4_STRONG_STRUCTURAL_MISMATCH
164.38682878012574,1.0087100598981422,-0.025,0.025,SUBJECT_V3_b10fdbc6ab6752b00630dbf7,552,MYOLEG_V3_K0552,1.0008031274538558,1.0005410395059142,1.0087100598981422,1.0054029397498399,LEG_4_STRONG_STRUCTURAL_MISMATCH
164.37039382037145,1.00782062386741,-0.0225,0.025,SUBJECT_V3_7d2cdeb68907fb163dbd38e0,553,MYOLEG_V3_K0553,1.0007232410777185,1.0005410395059142,1.00782062386741,1.0054029397498399,LEG_4_STRONG_STRUCTURAL_MISMATCH
164.35401841669523,1.0069352755274812,-0.02,0.025,SUBJECT_V3_d19272ffa2371240ae7f95cf,554,MYOLEG_V3_K0554,1.0006432046455445,1.0005410395059142,1.0069352755274812,1.0054029397498399,LEG_4_STRONG_STRUCTURAL_MISMATCH
164.3377062331035,1.0060538656411888,-0.0175,0.025,SUBJECT_V3_bbf89fce2a795c46a3e517a1,555,MYOLEG_V3_K0555,1.0005631370944932,1.0005410395059142,1.0060538656411888,1.0054029397498399,LEG_4_STRONG_STRUCTURAL_MISMATCH
164.3214553263058,1.0054029397498399,-0.015,0.025,SUBJECT_V3_f69c492f5cf8071419c87c12,556,MYOLEG_V3_K0556,1.000482955858501,1.0005410395059142,1.005176556299367,1.0054029397498399,LEG_4_STRONG_STRUCTURAL_MISMATCH
164.30526681961572,1.0054029397498399,-0.0125,0.025,SUBJECT_V3_9aff1bfe0c2df6b105f78669,557,MYOLEG_V3_K0557,1.000402686556132,1.0005410395059142,1.0043033465175233,1.0054029397498399,LEG_4_STRONG_STRUCTURAL_MISMATCH
164.28914080213207,1.0054029397498399,-0.01,0.025,SUBJECT_V3_84a76892b868da86b437ea7f,558,MYOLEG_V3_K0558,1.0003223156490113,1.0005410395059142,1.0034342999265744,1.0054029397498399,LEG_4_STRONG_STRUCTURAL_MISMATCH
164.27307855870822,1.0054029397498399,-0.0075,0.025,SUBJECT_V3_5a8ddcb803c1475e2c41400d,559,MYOLEG_V3_K0559,1.0002418780669131,1.0005410395059142,1.0025693941619982,1.0054029397498399,LEG_4_STRONG_STRUCTURAL_MISMATCH
164.25707989869352,1.0054029397498399,-0.005,0.025,SUBJECT_V3_6d59348d2862d46ab82e9ce4,560,MYOLEG_V3_K0560,1.00016135596362,1.0005410395059142,1.0017086881901347,1.0054029397498399,LEG_4_STRONG_STRUCTURAL_MISMATCH
164.24114532554643,1.0054029397498399,-0.0025,0.025,SUBJECT_V3_f3580d9115dbdef3fc562bc3,561,MYOLEG_V3_K0561,1.0000807575365636,1.0005410395059142,1.0008521984522611,1.0054029397498399,LEG_4_STRONG_STRUCTURAL_MISMATCH
164.22527523718716,1.0054029397498399,0.0,0.025,SUBJECT_V3_d3c65e2853233d620ee28dbf,562,MYOLEG_V3_K0562,1.000000086768055,1.0005410395059142,0.9999999487925283,1.0054029397498399,LEG_4_STRONG_STRUCTURAL_MISMATCH
164.2094872899197,1.0054029397498399,0.0025,0.025,SUBJECT_V3_96e3d3c2e323aed1e00c2594,563,MYOLEG_V3_K0563,0.9999193541119392,1.0005410395059142,0.9991531798176058,1.0054029397498399,LEG_4_STRONG_STRUCTURAL_MISMATCH
164.19374756127854,1.0054029397498399,0.005,0.025,SUBJECT_V3_1a9b8e2bcb10186236fe9d9a,564,MYOLEG_V3_K0564,0.9998385565592621,1.0005410395059142,0.9983094758036597,1.0054029397498399,LEG_4_STRONG_STRUCTURAL_MISMATCH
164.17807336573566,1.0054029397498399,0.0075,0.025,SUBJECT_V3_1998fb49e99c4c3db95a7a8c,565,MYOLEG_V3_K0565,0.9997576979321908,1.0005410395059142,0.997470075498548,1.0054029397498399,LEG_4_STRONG_STRUCTURAL_MISMATCH
164.1624650392759,1.0054029397498399,0.01,0.025,SUBJECT_V3_989ee7c35ce87505c1776aa7,566,MYOLEG_V3_K0566,0.9996767825007554,1.0005410395059142,0.9966349973454719,1.0054029397498399,LEG_4_STRONG_STRUCTURAL_MISMATCH
164.1469231789583,1.0054029397498399,0.0125,0.025,SUBJECT_V3_d40f1c213093792f73176eae,567,MYOLEG_V3_K0567,0.9995958245706829,1.0005410395059142,0.9958042428161268,1.0054029397498399,LEG_4_STRONG_STRUCTURAL_MISMATCH
164.13144727086018,1.0054029397498399,0.015,0.025,SUBJECT_V3_ead7698cb15db6eb72f7999b,568,MYOLEG_V3_K0568,0.9995148048644243,1.0005410395059142,0.9949778530855127,1.0054029397498399,LEG_4_STRONG_STRUCTURAL_MISMATCH
164.11603812386423,1.0054029397498399,0.0175,0.025,SUBJECT_V3_a472055a859f7487f2676d21,569,MYOLEG_V3_K0569,0.9994337408394354,1.0005410395059142,0.9941558336540968,1.0054029397498399,LEG_4_STRONG_STRUCTURAL_MISMATCH
164.1006966607906,1.0054029397498399,0.02,0.025,SUBJECT_V3_f92934d2093cc1315912dafb,570,MYOLEG_V3_K0570,0.9993526569457105,1.0005410395059142,0.9933381732219643,1.0054029397498399,LEG_4_STRONG_STRUCTURAL_MISMATCH
164.0854214314049,1.0054029397498399,0.0225,0.025,SUBJECT_V3_f0a3324e5751cd65b8f97b30,571,MYOLEG_V3_K0571,0.9992714986718653,1.0005410395059142,0.9925249713538256,1.0054029397498399,LEG_4_STRONG_STRUCTURAL_MISMATCH
164.07021359831472,1.0054029397498399,0.025,0.025,SUBJECT_V3_db10cd6c7c5c11de859e3e68,572,MYOLEG_V3_K0572,0.9991903216163636,1.0005410395059142,0.991716122677092,1.0054029397498399,LEG_4_STRONG_STRUCTURAL_MISMATCH
164.05507353809978,1.0054029397498399,0.0275,0.025,SUBJECT_V3_7f5aa6843600f48f55162cf1,573,MYOLEG_V3_K0573,0.9991091319436036,1.0005410395059142,0.9909116416490038,1.0054029397498399,LEG_4_STRONG_STRUCTURAL_MISMATCH
164.04000172753973,1.0054029397498399,0.03,0.025,SUBJECT_V3_2547c6e3a7212ce7fd1642f5,574,MYOLEG_V3_K0574,0.9990279359669377,1.0005410395059142,0.9901115494413822,1.0054029397498399,LEG_4_STRONG_STRUCTURAL_MISMATCH
164.43520895971773,1.0105008563442701,-0.03,0.0275,SUBJECT_V3_504020f5283243bd8e0b226e,575,MYOLEG_V3_K0575,1.000962542631917,1.0005930319003147,1.0105008563442701,1.0059297897672157,LEG_4_STRONG_STRUCTURAL_MISMATCH
164.41865707429912,1.0096034847970832,-0.0275,0.0275,SUBJECT_V3_7c52e1de70dcf5f3b8135fc9,576,MYOLEG_V3_K0576,1.0008829092010396,1.0005930319003147,1.0096034847970832,1.0059297897672157,LEG_4_STRONG_STRUCTURAL_MISMATCH
164.4021631053472,1.0087100598981422,-0.025,0.0275,SUBJECT_V3_27f023c25903ba43a767a5fb,577,MYOLEG_V3_K0577,1.0008031274538558,1.0005930319003147,1.0087100598981422,1.0059297897672157,LEG_4_STRONG_STRUCTURAL_MISMATCH
164.38572967868836,1.00782062386741,-0.0225,0.0275,SUBJECT_V3_7fc44b86ceb06930607ca02d,578,MYOLEG_V3_K0578,1.0007232410777185,1.0005930319003147,1.00782062386741,1.0059297897672157,LEG_4_STRONG_STRUCTURAL_MISMATCH
164.36935580285697,1.0069352755274812,-0.02,0.0275,SUBJECT_V3_9094661a40373cc36d67bd85,579,MYOLEG_V3_K0579,1.0006432046455445,1.0005930319003147,1.0069352755274812,1.0059297897672157,LEG_4_STRONG_STRUCTURAL_MISMATCH
164.35304514151423,1.0060538656411888,-0.0175,0.0275,SUBJECT_V3_ea155ccb63473ec32e93481c,580,MYOLEG_V3_K0580,1.0005631370944932,1.0005930319003147,1.0060538656411888,1.0059297897672157,LEG_4_STRONG_STRUCTURAL_MISMATCH
164.33679575154773,1.0059297897672157,-0.015,0.0275,SUBJECT_V3_d294bc703ebeb75090d5288a,581,MYOLEG_V3_K0581,1.000482955858501,1.0005930319003147,1.005176556299367,1.0059297897672157,LEG_4_STRONG_STRUCTURAL_MISMATCH
164.32060875616276,1.0059297897672157,-0.0125,0.0275,SUBJECT_V3_e4f70a2fe51d7b9cae2b1d81,582,MYOLEG_V3_K0582,1.000402686556132,1.0005930319003147,1.0043033465175233,1.0059297897672157,LEG_4_STRONG_STRUCTURAL_MISMATCH
164.3044842444465,1.0059297897672157,-0.01,0.0275,SUBJECT_V3_422768aa566ed70ddedbc23e,583,MYOLEG_V3_K0583,1.0003223156490113,1.0005930319003147,1.0034342999265744,1.0059297897672157,LEG_4_STRONG_STRUCTURAL_MISMATCH
164.28842350112905,1.0059297897672157,-0.0075,0.0275,SUBJECT_V3_334848ebc2a5e6691315f8f8,584,MYOLEG_V3_K0584,1.0002418780669131,1.0005930319003147,1.0025693941619982,1.0059297897672157,LEG_4_STRONG_STRUCTURAL_MISMATCH
164.272426335574,1.0059297897672157,-0.005,0.0275,SUBJECT_V3_5ad1b7def6547b366541bbb4,585,MYOLEG_V3_K0585,1.00016135596362,1.0005930319003147,1.0017086881901347,1.0059297897672157,LEG_4_STRONG_STRUCTURAL_MISMATCH
164.2564932511895,1.0059297897672157,-0.0025,0.0275,SUBJECT_V3_7c0d10f6decfa8779027634f,586,MYOLEG_V3_K0586,1.0000807575365636,1.0005930319003147,1.0008521984522611,1.0059297897672157,LEG_4_STRONG_STRUCTURAL_MISMATCH
164.24062464585515,1.0059297897672157,0.0,0.0275,SUBJECT_V3_65694380a018949b1b8c2b24,587,MYOLEG_V3_K0587,1.000000086768055,1.0005930319003147,0.9999999487925283,1.0059297897672157,LEG_4_STRONG_STRUCTURAL_MISMATCH
164.2248381742211,1.0059297897672157,0.0025,0.0275,SUBJECT_V3_ef1de6194784d5e7206d0f43,588,MYOLEG_V3_K0588,0.9999193541119392,1.0005930319003147,0.9991531798176058,1.0059297897672157,LEG_4_STRONG_STRUCTURAL_MISMATCH
164.20909991698898,1.0059297897672157,0.005,0.0275,SUBJECT_V3_f969ed84abb302d249f80e86,589,MYOLEG_V3_K0589,0.9998385565592621,1.0005930319003147,0.9983094758036597,1.0059297897672157,LEG_4_STRONG_STRUCTURAL_MISMATCH
164.19342718700918,1.0059297897672157,0.0075,0.0275,SUBJECT_V3_6f74b450249747cc39285562,590,MYOLEG_V3_K0590,0.9997576979321908,1.0005930319003147,0.997470075498548,1.0059297897672157,LEG_4_STRONG_STRUCTURAL_MISMATCH
164.17782032023172,1.0059297897672157,0.01,0.0275,SUBJECT_V3_b732367b76d53fdf33424177,591,MYOLEG_V3_K0591,0.9996767825007554,1.0005930319003147,0.9966349973454719,1.0059297897672157,LEG_4_STRONG_STRUCTURAL_MISMATCH
164.1622799136563,1.0059297897672157,0.0125,0.0275,SUBJECT_V3_76013fe53c29e17d38c055ca,592,MYOLEG_V3_K0592,0.9995958245706829,1.0005930319003147,0.9958042428161268,1.0059297897672157,LEG_4_STRONG_STRUCTURAL_MISMATCH
164.1468054534049,1.0059297897672157,0.015,0.0275,SUBJECT_V3_73e3722c2bccd20496d47dd8,593,MYOLEG_V3_K0593,0.9995148048644243,1.0005930319003147,0.9949778530855127,1.0059297897672157,LEG_4_STRONG_STRUCTURAL_MISMATCH
164.1313977482811,1.0059297897672157,0.0175,0.0275,SUBJECT_V3_d9c1ddbfed0c2dcdecff5c23,594,MYOLEG_V3_K0594,0.9994337408394354,1.0005930319003147,0.9941558336540968,1.0059297897672157,LEG_4_STRONG_STRUCTURAL_MISMATCH
164.11605772101527,1.0059297897672157,0.02,0.0275,SUBJECT_V3_560984dfee3d7c175db5cb93,595,MYOLEG_V3_K0595,0.9993526569457105,1.0005930319003147,0.9933381732219643,1.0059297897672157,LEG_4_STRONG_STRUCTURAL_MISMATCH
164.10078392150527,1.0059297897672157,0.0225,0.0275,SUBJECT_V3_52a16d65d39b3becc040f624,596,MYOLEG_V3_K0596,0.9992714986718653,1.0005930319003147,0.9925249713538256,1.0059297897672157,LEG_4_STRONG_STRUCTURAL_MISMATCH
164.0855775122464,1.0059297897672157,0.025,0.0275,SUBJECT_V3_7e9d122073df320567e58520,597,MYOLEG_V3_K0597,0.9991903216163636,1.0005930319003147,0.991716122677092,1.0059297897672157,LEG_4_STRONG_STRUCTURAL_MISMATCH
164.0704388697797,1.0059297897672157,0.0275,0.0275,SUBJECT_V3_47643bc6222537baea976940,598,MYOLEG_V3_K0598,0.9991091319436036,1.0005930319003147,0.9909116416490038,1.0059297897672157,LEG_4_STRONG_STRUCTURAL_MISMATCH
164.05536847083684,1.0059297897672157,0.03,0.0275,SUBJECT_V3_21f1e5e37eee5da4213ba1d5,599,MYOLEG_V3_K0599,0.9990279359669377,1.0005930319003147,0.9901115494413822,1.0059297897672157,LEG_4_STRONG_STRUCTURAL_MISMATCH
164.45046764729938,1.0105008563442701,-0.03,0.03,SUBJECT_V3_90851bfabf2507eebe67cad5,600,MYOLEG_V3_K0600,1.000962542631917,1.0006446638897368,1.0105008563442701,1.006454347048334,LEG_4_STRONG_STRUCTURAL_MISMATCH
164.43391729781723,1.0096034847970832,-0.0275,0.03,SUBJECT_V3_35d89d77c8c6785f3d72fa79,601,MYOLEG_V3_K0601,1.0008829092010396,1.0006446638897368,1.0096034847970832,1.006454347048334,LEG_4_STRONG_STRUCTURAL_MISMATCH
164.417424859735,1.0087100598981422,-0.025,0.03,SUBJECT_V3_1f5b58459e125cc5a8cacd38,602,MYOLEG_V3_K0602,1.0008031274538558,1.0006446638897368,1.0087100598981422,1.006454347048334,LEG_4_STRONG_STRUCTURAL_MISMATCH
164.40099295863217,1.00782062386741,-0.0225,0.03,SUBJECT_V3_9f57cc7c994609aed8ad9090,603,MYOLEG_V3_K0603,1.0007232410777185,1.0006446638897368,1.00782062386741,1.006454347048334,LEG_4_STRONG_STRUCTURAL_MISMATCH
164.3846206031319,1.0069352755274812,-0.02,0.03,SUBJECT_V3_e88166b3e8384db46bedb70e,604,MYOLEG_V3_K0604,1.0006432046455445,1.0006446638897368,1.0069352755274812,1.006454347048334,LEG_4_STRONG_STRUCTURAL_MISMATCH
164.36831145655188,1.006454347048334,-0.0175,0.03,SUBJECT_V3_21ade021f67b854ab870f31a,605,MYOLEG_V3_K0605,1.0005631370944932,1.0006446638897368,1.0060538656411888,1.006454347048334,LEG_4_STRONG_STRUCTURAL_MISMATCH
164.35206357595678,1.006454347048334,-0.015,0.03,SUBJECT_V3_c639e6848d69a102667b45d4,606,MYOLEG_V3_K0606,1.000482955858501,1.0006446638897368,1.005176556299367,1.006454347048334,LEG_4_STRONG_STRUCTURAL_MISMATCH
164.3358780844443,1.006454347048334,-0.0125,0.03,SUBJECT_V3_118b44772b4351d337bb25f8,607,MYOLEG_V3_K0607,1.000402686556132,1.0006446638897368,1.0043033465175233,1.006454347048334,LEG_4_STRONG_STRUCTURAL_MISMATCH
164.31975507108996,1.006454347048334,-0.01,0.03,SUBJECT_V3_dcf7b65dd8ad5623c6f72e48,608,MYOLEG_V3_K0608,1.0003223156490113,1.0006446638897368,1.0034342999265744,1.006454347048334,LEG_4_STRONG_STRUCTURAL_MISMATCH
164.3036958205011,1.006454347048334,-0.0075,0.03,SUBJECT_V3_e06d57fd6942647f4772f36a,609,MYOLEG_V3_K0609,1.0002418780669131,1.0006446638897368,1.0025693941619982,1.006454347048334,LEG_4_STRONG_STRUCTURAL_MISMATCH
164.2877001420557,1.006454347048334,-0.005,0.03,SUBJECT_V3_423c6dbf4a840701df422186,610,MYOLEG_V3_K0610,1.00016135596362,1.0006446638897368,1.0017086881901347,1.006454347048334,LEG_4_STRONG_STRUCTURAL_MISMATCH
164.2717685391117,1.006454347048334,-0.0025,0.03,SUBJECT_V3_16996a581857e9c7336b3126,611,MYOLEG_V3_K0611,1.0000807575365636,1.0006446638897368,1.0008521984522611,1.006454347048334,LEG_4_STRONG_STRUCTURAL_MISMATCH
164.25590140950828,1.006454347048334,0.0,0.03,SUBJECT_V3_a6e4594e049e7ed5c0222f5d,612,MYOLEG_V3_K0612,1.000000086768055,1.0006446638897368,0.9999999487925283,1.006454347048334,LEG_4_STRONG_STRUCTURAL_MISMATCH
164.24011640624994,1.006454347048334,0.0025,0.03,SUBJECT_V3_004f819768b64a9f754fad2a,613,MYOLEG_V3_K0613,0.9999193541119392,1.0006446638897368,0.9991531798176058,1.006454347048334,LEG_4_STRONG_STRUCTURAL_MISMATCH
164.22437961318988,1.006454347048334,0.005,0.03,SUBJECT_V3_c746064ae98c332557ff64b5,614,MYOLEG_V3_K0614,0.9998385565592621,1.0006446638897368,0.9983094758036597,1.006454347048334,LEG_4_STRONG_STRUCTURAL_MISMATCH
164.20870834156486,1.006454347048334,0.0075,0.03,SUBJECT_V3_70b89c877ddc2aafe6ae4168,615,MYOLEG_V3_K0615,0.9997576979321908,1.0006446638897368,0.997470075498548,1.006454347048334,LEG_4_STRONG_STRUCTURAL_MISMATCH
164.1931029272902,1.006454347048334,0.01,0.03,SUBJECT_V3_6f0fa0a06c8b83d16aff4adc,616,MYOLEG_V3_K0616,0.9996767825007554,1.0006446638897368,0.9966349973454719,1.006454347048334,LEG_4_STRONG_STRUCTURAL_MISMATCH
164.17756396730667,1.006454347048334,0.0125,0.03,SUBJECT_V3_c5bc245df38fac180125d390,617,MYOLEG_V3_K0617,0.9995958245706829,1.0006446638897368,0.9958042428161268,1.006454347048334,LEG_4_STRONG_STRUCTURAL_MISMATCH
164.16209094778057,1.006454347048334,0.015,0.03,SUBJECT_V3_7298292c065c432d369fd75f,618,MYOLEG_V3_K0618,0.9995148048644243,1.0006446638897368,0.9949778530855127,1.006454347048334,LEG_4_STRONG_STRUCTURAL_MISMATCH
164.14668467743684,1.006454347048334,0.0175,0.03,SUBJECT_V3_ec1112692ada62f49961b51d,619,MYOLEG_V3_K0619,0.9994337408394354,1.0006446638897368,0.9941558336540968,1.006454347048334,LEG_4_STRONG_STRUCTURAL_MISMATCH
164.13134607891644,1.006454347048334,0.02,0.03,SUBJECT_V3_77ee14004532ed5323673b33,620,MYOLEG_V3_K0620,0.9993526569457105,1.0006446638897368,0.9933381732219643,1.006454347048334,LEG_4_STRONG_STRUCTURAL_MISMATCH
164.11607370224885,1.006454347048334,0.0225,0.03,SUBJECT_V3_2cb15b975d5d23b314edc5b7,621,MYOLEG_V3_K0621,0.9992714986718653,1.0006446638897368,0.9925249713538256,1.006454347048334,LEG_4_STRONG_STRUCTURAL_MISMATCH
164.10086870981775,1.006454347048334,0.025,0.03,SUBJECT_V3_e7bc1a1c195c1d5711dd942c,622,MYOLEG_V3_K0622,0.9991903216163636,1.0006446638897368,0.991716122677092,1.006454347048334,LEG_4_STRONG_STRUCTURAL_MISMATCH
164.08573147812564,1.006454347048334,0.0275,0.03,SUBJECT_V3_53684f69b06f2a8a606bd448,623,MYOLEG_V3_K0623,0.9991091319436036,1.0006446638897368,0.9909116416490038,1.006454347048334,LEG_4_STRONG_STRUCTURAL_MISMATCH
164.07066248385624,1.006454347048334,0.03,0.03,SUBJECT_V3_fa1ee26ceccbaaa9a4be580c,624,MYOLEG_V3_K0624,0.9990279359669377,1.0006446638897368,0.9901115494413822,1.006454347048334,LEG_4_STRONG_STRUCTURAL_MISMATCH
