case,seed,prior_quality,noise_label,trial,candidate_id,canonical_beta_id,beta_flex,beta_extend,observed_y,physics_prediction,prediction_residual,pairwise_ranking_score,comparable_pair_count,concordant_pair_count,trust_before,trust_after,simple_regret,next_selected_candidate_id
smooth_convex,0,P0,zero,1,SUBJECT_V3_dc591810eb0f2bbc9d5fb9d8,MYOLEG_V3_K0312,0.0,0.0,-0.10451388888888888,-0.1209722222222222,0.016458333333333325,1.0,0,0,1.0,1.0,0.14548611111111112,SUBJECT_V3_9d4e1ef718c429b7c2f5412b
smooth_convex,0,P0,zero,2,SUBJECT_V3_9d4e1ef718c429b7c2f5412b,MYOLEG_V3_K0505,0.02,-0.0175,-0.1875,-0.19499999999999998,0.007499999999999979,0.75,1,1,1.0,0.7993639729266988,0.0625,SUBJECT_V3_72084db7a05a2ced0ff40eb0
smooth_convex,0,P0,zero,3,SUBJECT_V3_72084db7a05a2ced0ff40eb0,MYOLEG_V3_K0564,0.025,0.005,-0.04201388888888888,-0.06819444444444445,0.026180555555555568,0.875,3,3,0.7993639729266988,0.893472291120885,0.0625,SUBJECT_V3_c3a2fd3cd1e38649ca2a5fc9
smooth_convex,0,P0,zero,4,SUBJECT_V3_c3a2fd3cd1e38649ca2a5fc9,MYOLEG_V3_K0302,0.0,-0.025,-0.04201388888888888,-0.06819444444444439,0.026180555555555513,0.9166666666666666,5,5,0.893472291120885,0.9239758717374539,0.0625,
smooth_convex,1,P0,zero,1,SUBJECT_V3_dc591810eb0f2bbc9d5fb9d8,MYOLEG_V3_K0312,0.0,0.0,-0.10451388888888888,-0.1209722222222222,0.016458333333333325,1.0,0,0,1.0,1.0,0.14548611111111112,SUBJECT_V3_9d4e1ef718c429b7c2f5412b
smooth_convex,1,P0,zero,2,SUBJECT_V3_9d4e1ef718c429b7c2f5412b,MYOLEG_V3_K0505,0.02,-0.0175,-0.1875,-0.19499999999999998,0.007499999999999979,0.75,1,1,1.0,0.7993639729266988,0.0625,SUBJECT_V3_72084db7a05a2ced0ff40eb0
smooth_convex,1,P0,zero,3,SUBJECT_V3_72084db7a05a2ced0ff40eb0,MYOLEG_V3_K0564,0.025,0.005,-0.04201388888888888,-0.06819444444444445,0.026180555555555568,0.875,3,3,0.7993639729266988,0.893472291120885,0.0625,SUBJECT_V3_c3a2fd3cd1e38649ca2a5fc9
smooth_convex,1,P0,zero,4,SUBJECT_V3_c3a2fd3cd1e38649ca2a5fc9,MYOLEG_V3_K0302,0.0,-0.025,-0.04201388888888888,-0.06819444444444439,0.026180555555555513,0.9166666666666666,5,5,0.893472291120885,0.9239758717374539,0.0625,
smooth_convex,2,P0,zero,1,SUBJECT_V3_dc591810eb0f2bbc9d5fb9d8,MYOLEG_V3_K0312,0.0,0.0,-0.10451388888888888,-0.1209722222222222,0.016458333333333325,1.0,0,0,1.0,1.0,0.14548611111111112,SUBJECT_V3_9d4e1ef718c429b7c2f5412b
smooth_convex,2,P0,zero,2,SUBJECT_V3_9d4e1ef718c429b7c2f5412b,MYOLEG_V3_K0505,0.02,-0.0175,-0.1875,-0.19499999999999998,0.007499999999999979,0.75,1,1,1.0,0.7993639729266988,0.0625,SUBJECT_V3_72084db7a05a2ced0ff40eb0
smooth_convex,2,P0,zero,3,SUBJECT_V3_72084db7a05a2ced0ff40eb0,MYOLEG_V3_K0564,0.025,0.005,-0.04201388888888888,-0.06819444444444445,0.026180555555555568,0.875,3,3,0.7993639729266988,0.893472291120885,0.0625,SUBJECT_V3_c3a2fd3cd1e38649ca2a5fc9
smooth_convex,2,P0,zero,4,SUBJECT_V3_c3a2fd3cd1e38649ca2a5fc9,MYOLEG_V3_K0302,0.0,-0.025,-0.04201388888888888,-0.06819444444444439,0.026180555555555513,0.9166666666666666,5,5,0.893472291120885,0.9239758717374539,0.0625,
smooth_convex,3,P0,zero,1,SUBJECT_V3_dc591810eb0f2bbc9d5fb9d8,MYOLEG_V3_K0312,0.0,0.0,-0.10451388888888888,-0.1209722222222222,0.016458333333333325,1.0,0,0,1.0,1.0,0.14548611111111112,SUBJECT_V3_9d4e1ef718c429b7c2f5412b
smooth_convex,3,P0,zero,2,SUBJECT_V3_9d4e1ef718c429b7c2f5412b,MYOLEG_V3_K0505,0.02,-0.0175,-0.1875,-0.19499999999999998,0.007499999999999979,0.75,1,1,1.0,0.7993639729266988,0.0625,SUBJECT_V3_72084db7a05a2ced0ff40eb0
smooth_convex,3,P0,zero,3,SUBJECT_V3_72084db7a05a2ced0ff40eb0,MYOLEG_V3_K0564,0.025,0.005,-0.04201388888888888,-0.06819444444444445,0.026180555555555568,0.875,3,3,0.7993639729266988,0.893472291120885,0.0625,SUBJECT_V3_c3a2fd3cd1e38649ca2a5fc9
smooth_convex,3,P0,zero,4,SUBJECT_V3_c3a2fd3cd1e38649ca2a5fc9,MYOLEG_V3_K0302,0.0,-0.025,-0.04201388888888888,-0.06819444444444439,0.026180555555555513,0.9166666666666666,5,5,0.893472291120885,0.9239758717374539,0.0625,
smooth_convex,4,P0,zero,1,SUBJECT_V3_dc591810eb0f2bbc9d5fb9d8,MYOLEG_V3_K0312,0.0,0.0,-0.10451388888888888,-0.1209722222222222,0.016458333333333325,1.0,0,0,1.0,1.0,0.14548611111111112,SUBJECT_V3_9d4e1ef718c429b7c2f5412b
smooth_convex,4,P0,zero,2,SUBJECT_V3_9d4e1ef718c429b7c2f5412b,MYOLEG_V3_K0505,0.02,-0.0175,-0.1875,-0.19499999999999998,0.007499999999999979,0.75,1,1,1.0,0.7993639729266988,0.0625,SUBJECT_V3_72084db7a05a2ced0ff40eb0
smooth_convex,4,P0,zero,3,SUBJECT_V3_72084db7a05a2ced0ff40eb0,MYOLEG_V3_K0564,0.025,0.005,-0.04201388888888888,-0.06819444444444445,0.026180555555555568,0.875,3,3,0.7993639729266988,0.893472291120885,0.0625,SUBJECT_V3_c3a2fd3cd1e38649ca2a5fc9
smooth_convex,4,P0,zero,4,SUBJECT_V3_c3a2fd3cd1e38649ca2a5fc9,MYOLEG_V3_K0302,0.0,-0.025,-0.04201388888888888,-0.06819444444444439,0.026180555555555513,0.9166666666666666,5,5,0.893472291120885,0.9239758717374539,0.0625,
smooth_convex,0,P1,zero,1,SUBJECT_V3_dc591810eb0f2bbc9d5fb9d8,MYOLEG_V3_K0312,0.0,0.0,-0.10451388888888888,0.015138888888888924,-0.1196527777777778,1.0,0,0,1.0,1.0,0.14548611111111112,SUBJECT_V3_a08b564b4efbb3af7d71ae19
smooth_convex,0,P1,zero,2,SUBJECT_V3_a08b564b4efbb3af7d71ae19,MYOLEG_V3_K0504,0.02,-0.02,-0.16562499999999997,-0.23597222222222222,0.07034722222222226,0.75,1,1,1.0,0.7337530579784636,0.08437500000000003,SUBJECT_V3_9d93ada1f7d989232833bdec
smooth_convex,0,P1,zero,3,SUBJECT_V3_9d93ada1f7d989232833bdec,MYOLEG_V3_K0588,0.0275,0.0025,-0.03437499999999996,-0.06513888888888891,0.03076388888888895,0.625,3,2,0.7337530579784636,0.6435864704832182,0.08437500000000003,SUBJECT_V3_0fba42d7590046435a2c1be6
smooth_convex,0,P1,zero,4,SUBJECT_V3_0fba42d7590046435a2c1be6,MYOLEG_V3_K0300,0.0,-0.03,0.045486111111111116,0.015138888888888924,0.030347222222222192,0.75,5,4,0.6435864704832182,0.7459709491889565,0.08437500000000003,
smooth_convex,1,P1,zero,1,SUBJECT_V3_dc591810eb0f2bbc9d5fb9d8,MYOLEG_V3_K0312,0.0,0.0,-0.10451388888888888,0.015138888888888924,-0.1196527777777778,1.0,0,0,1.0,1.0,0.14548611111111112,SUBJECT_V3_a08b564b4efbb3af7d71ae19
smooth_convex,1,P1,zero,2,SUBJECT_V3_a08b564b4efbb3af7d71ae19,MYOLEG_V3_K0504,0.02,-0.02,-0.16562499999999997,-0.23597222222222222,0.07034722222222226,0.75,1,1,1.0,0.7337530579784636,0.08437500000000003,SUBJECT_V3_9d93ada1f7d989232833bdec
smooth_convex,1,P1,zero,3,SUBJECT_V3_9d93ada1f7d989232833bdec,MYOLEG_V3_K0588,0.0275,0.0025,-0.03437499999999996,-0.06513888888888891,0.03076388888888895,0.625,3,2,0.7337530579784636,0.6435864704832182,0.08437500000000003,SUBJECT_V3_0fba42d7590046435a2c1be6
smooth_convex,1,P1,zero,4,SUBJECT_V3_0fba42d7590046435a2c1be6,MYOLEG_V3_K0300,0.0,-0.03,0.045486111111111116,0.015138888888888924,0.030347222222222192,0.75,5,4,0.6435864704832182,0.7459709491889565,0.08437500000000003,
smooth_convex,2,P1,zero,1,SUBJECT_V3_dc591810eb0f2bbc9d5fb9d8,MYOLEG_V3_K0312,0.0,0.0,-0.10451388888888888,0.015138888888888924,-0.1196527777777778,1.0,0,0,1.0,1.0,0.14548611111111112,SUBJECT_V3_a08b564b4efbb3af7d71ae19
smooth_convex,2,P1,zero,2,SUBJECT_V3_a08b564b4efbb3af7d71ae19,MYOLEG_V3_K0504,0.02,-0.02,-0.16562499999999997,-0.23597222222222222,0.07034722222222226,0.75,1,1,1.0,0.7337530579784636,0.08437500000000003,SUBJECT_V3_9d93ada1f7d989232833bdec
smooth_convex,2,P1,zero,3,SUBJECT_V3_9d93ada1f7d989232833bdec,MYOLEG_V3_K0588,0.0275,0.0025,-0.03437499999999996,-0.06513888888888891,0.03076388888888895,0.625,3,2,0.7337530579784636,0.6435864704832182,0.08437500000000003,SUBJECT_V3_0fba42d7590046435a2c1be6
smooth_convex,2,P1,zero,4,SUBJECT_V3_0fba42d7590046435a2c1be6,MYOLEG_V3_K0300,0.0,-0.03,0.045486111111111116,0.015138888888888924,0.030347222222222192,0.75,5,4,0.6435864704832182,0.7459709491889565,0.08437500000000003,
smooth_convex,3,P1,zero,1,SUBJECT_V3_dc591810eb0f2bbc9d5fb9d8,MYOLEG_V3_K0312,0.0,0.0,-0.10451388888888888,0.015138888888888924,-0.1196527777777778,1.0,0,0,1.0,1.0,0.14548611111111112,SUBJECT_V3_a08b564b4efbb3af7d71ae19
smooth_convex,3,P1,zero,2,SUBJECT_V3_a08b564b4efbb3af7d71ae19,MYOLEG_V3_K0504,0.02,-0.02,-0.16562499999999997,-0.23597222222222222,0.07034722222222226,0.75,1,1,1.0,0.7337530579784636,0.08437500000000003,SUBJECT_V3_9d93ada1f7d989232833bdec
smooth_convex,3,P1,zero,3,SUBJECT_V3_9d93ada1f7d989232833bdec,MYOLEG_V3_K0588,0.0275,0.0025,-0.03437499999999996,-0.06513888888888891,0.03076388888888895,0.625,3,2,0.7337530579784636,0.6435864704832182,0.08437500000000003,SUBJECT_V3_0fba42d7590046435a2c1be6
smooth_convex,3,P1,zero,4,SUBJECT_V3_0fba42d7590046435a2c1be6,MYOLEG_V3_K0300,0.0,-0.03,0.045486111111111116,0.015138888888888924,0.030347222222222192,0.75,5,4,0.6435864704832182,0.7459709491889565,0.08437500000000003,
smooth_convex,4,P1,zero,1,SUBJECT_V3_dc591810eb0f2bbc9d5fb9d8,MYOLEG_V3_K0312,0.0,0.0,-0.10451388888888888,0.015138888888888924,-0.1196527777777778,1.0,0,0,1.0,1.0,0.14548611111111112,SUBJECT_V3_a08b564b4efbb3af7d71ae19
smooth_convex,4,P1,zero,2,SUBJECT_V3_a08b564b4efbb3af7d71ae19,MYOLEG_V3_K0504,0.02,-0.02,-0.16562499999999997,-0.23597222222222222,0.07034722222222226,0.75,1,1,1.0,0.7337530579784636,0.08437500000000003,SUBJECT_V3_9d93ada1f7d989232833bdec
smooth_convex,4,P1,zero,3,SUBJECT_V3_9d93ada1f7d989232833bdec,MYOLEG_V3_K0588,0.0275,0.0025,-0.03437499999999996,-0.06513888888888891,0.03076388888888895,0.625,3,2,0.7337530579784636,0.6435864704832182,0.08437500000000003,SUBJECT_V3_0fba42d7590046435a2c1be6
smooth_convex,4,P1,zero,4,SUBJECT_V3_0fba42d7590046435a2c1be6,MYOLEG_V3_K0300,0.0,-0.03,0.045486111111111116,0.015138888888888924,0.030347222222222192,0.75,5,4,0.6435864704832182,0.7459709491889565,0.08437500000000003,
smooth_convex,0,P2,zero,1,SUBJECT_V3_dc591810eb0f2bbc9d5fb9d8,MYOLEG_V3_K0312,0.0,0.0,-0.10451388888888888,0.027500000000000024,-0.1320138888888889,1.0,0,0,1.0,1.0,0.14548611111111112,SUBJECT_V3_acf3dbe08bfe0d2ebb6b99d7
smooth_convex,0,P2,zero,2,SUBJECT_V3_acf3dbe08bfe0d2ebb6b99d7,MYOLEG_V3_K0583,0.0275,-0.01,-0.11249999999999999,-0.18791666666666668,0.07541666666666669,0.75,1,1,1.0,0.7169696050588663,0.1375,SUBJECT_V3_bdd574f50c02bccfaa86d2f2
smooth_convex,0,P2,zero,3,SUBJECT_V3_bdd574f50c02bccfaa86d2f2,MYOLEG_V3_K0544,0.0225,0.0175,0.18923611111111116,-0.04722222222222222,0.23645833333333338,0.625,3,2,0.7169696050588663,0.6200074725796891,0.1375,SUBJECT_V3_33d44533b68acab8662eb2a6
smooth_convex,0,P2,zero,4,SUBJECT_V3_33d44533b68acab8662eb2a6,MYOLEG_V3_K0425,0.0125,-0.03,-0.05000000000000002,-0.034027777777777796,-0.01597222222222222,0.5,6,3,0.6200074725796891,0.5347348714967284,0.1375,
smooth_convex,1,P2,zero,1,SUBJECT_V3_dc591810eb0f2bbc9d5fb9d8,MYOLEG_V3_K0312,0.0,0.0,-0.10451388888888888,0.027500000000000024,-0.1320138888888889,1.0,0,0,1.0,1.0,0.14548611111111112,SUBJECT_V3_acf3dbe08bfe0d2ebb6b99d7
smooth_convex,1,P2,zero,2,SUBJECT_V3_acf3dbe08bfe0d2ebb6b99d7,MYOLEG_V3_K0583,0.0275,-0.01,-0.11249999999999999,-0.18791666666666668,0.07541666666666669,0.75,1,1,1.0,0.7169696050588663,0.1375,SUBJECT_V3_bdd574f50c02bccfaa86d2f2
smooth_convex,1,P2,zero,3,SUBJECT_V3_bdd574f50c02bccfaa86d2f2,MYOLEG_V3_K0544,0.0225,0.0175,0.18923611111111116,-0.04722222222222222,0.23645833333333338,0.625,3,2,0.7169696050588663,0.6200074725796891,0.1375,SUBJECT_V3_33d44533b68acab8662eb2a6
smooth_convex,1,P2,zero,4,SUBJECT_V3_33d44533b68acab8662eb2a6,MYOLEG_V3_K0425,0.0125,-0.03,-0.05000000000000002,-0.034027777777777796,-0.01597222222222222,0.5,6,3,0.6200074725796891,0.5347348714967284,0.1375,
smooth_convex,2,P2,zero,1,SUBJECT_V3_dc591810eb0f2bbc9d5fb9d8,MYOLEG_V3_K0312,0.0,0.0,-0.10451388888888888,0.027500000000000024,-0.1320138888888889,1.0,0,0,1.0,1.0,0.14548611111111112,SUBJECT_V3_acf3dbe08bfe0d2ebb6b99d7
smooth_convex,2,P2,zero,2,SUBJECT_V3_acf3dbe08bfe0d2ebb6b99d7,MYOLEG_V3_K0583,0.0275,-0.01,-0.11249999999999999,-0.18791666666666668,0.07541666666666669,0.75,1,1,1.0,0.7169696050588663,0.1375,SUBJECT_V3_bdd574f50c02bccfaa86d2f2
smooth_convex,2,P2,zero,3,SUBJECT_V3_bdd574f50c02bccfaa86d2f2,MYOLEG_V3_K0544,0.0225,0.0175,0.18923611111111116,-0.04722222222222222,0.23645833333333338,0.625,3,2,0.7169696050588663,0.6200074725796891,0.1375,SUBJECT_V3_33d44533b68acab8662eb2a6
smooth_convex,2,P2,zero,4,SUBJECT_V3_33d44533b68acab8662eb2a6,MYOLEG_V3_K0425,0.0125,-0.03,-0.05000000000000002,-0.034027777777777796,-0.01597222222222222,0.5,6,3,0.6200074725796891,0.5347348714967284,0.1375,
smooth_convex,3,P2,zero,1,SUBJECT_V3_dc591810eb0f2bbc9d5fb9d8,MYOLEG_V3_K0312,0.0,0.0,-0.10451388888888888,0.027500000000000024,-0.1320138888888889,1.0,0,0,1.0,1.0,0.14548611111111112,SUBJECT_V3_acf3dbe08bfe0d2ebb6b99d7
smooth_convex,3,P2,zero,2,SUBJECT_V3_acf3dbe08bfe0d2ebb6b99d7,MYOLEG_V3_K0583,0.0275,-0.01,-0.11249999999999999,-0.18791666666666668,0.07541666666666669,0.75,1,1,1.0,0.7169696050588663,0.1375,SUBJECT_V3_bdd574f50c02bccfaa86d2f2
smooth_convex,3,P2,zero,3,SUBJECT_V3_bdd574f50c02bccfaa86d2f2,MYOLEG_V3_K0544,0.0225,0.0175,0.18923611111111116,-0.04722222222222222,0.23645833333333338,0.625,3,2,0.7169696050588663,0.6200074725796891,0.1375,SUBJECT_V3_33d44533b68acab8662eb2a6
smooth_convex,3,P2,zero,4,SUBJECT_V3_33d44533b68acab8662eb2a6,MYOLEG_V3_K0425,0.0125,-0.03,-0.05000000000000002,-0.034027777777777796,-0.01597222222222222,0.5,6,3,0.6200074725796891,0.5347348714967284,0.1375,
smooth_convex,4,P2,zero,1,SUBJECT_V3_dc591810eb0f2bbc9d5fb9d8,MYOLEG_V3_K0312,0.0,0.0,-0.10451388888888888,0.027500000000000024,-0.1320138888888889,1.0,0,0,1.0,1.0,0.14548611111111112,SUBJECT_V3_acf3dbe08bfe0d2ebb6b99d7
smooth_convex,4,P2,zero,2,SUBJECT_V3_acf3dbe08bfe0d2ebb6b99d7,MYOLEG_V3_K0583,0.0275,-0.01,-0.11249999999999999,-0.18791666666666668,0.07541666666666669,0.75,1,1,1.0,0.7169696050588663,0.1375,SUBJECT_V3_bdd574f50c02bccfaa86d2f2
smooth_convex,4,P2,zero,3,SUBJECT_V3_bdd574f50c02bccfaa86d2f2,MYOLEG_V3_K0544,0.0225,0.0175,0.18923611111111116,-0.04722222222222222,0.23645833333333338,0.625,3,2,0.7169696050588663,0.6200074725796891,0.1375,SUBJECT_V3_33d44533b68acab8662eb2a6
smooth_convex,4,P2,zero,4,SUBJECT_V3_33d44533b68acab8662eb2a6,MYOLEG_V3_K0425,0.0125,-0.03,-0.05000000000000002,-0.034027777777777796,-0.01597222222222222,0.5,6,3,0.6200074725796891,0.5347348714967284,0.1375,
smooth_convex,0,P3,zero,1,SUBJECT_V3_dc591810eb0f2bbc9d5fb9d8,MYOLEG_V3_K0312,0.0,0.0,-0.10451388888888888,0.4114583333333333,-0.5159722222222222,1.0,0,0,1.0,1.0,0.14548611111111112,SUBJECT_V3_dfb47519c8df7762ddaefaca
smooth_convex,0,P3,zero,2,SUBJECT_V3_dfb47519c8df7762ddaefaca,MYOLEG_V3_K0600,0.03,-0.03,0.13715277777777768,-0.6468749999999999,0.7840277777777775,0.25,1,0,1.0,0.3227720166762874,0.14548611111111112,SUBJECT_V3_f1c208a1347c685c4361cb26
smooth_convex,0,P3,zero,3,SUBJECT_V3_f1c208a1347c685c4361cb26,MYOLEG_V3_K0624,0.03,0.03,0.7371527777777779,-0.3135416666666664,1.0506944444444444,0.375,3,1,0.3227720166762874,0.4024579999480321,0.14548611111111112,SUBJECT_V3_d90982882613082cf20176fc
smooth_convex,0,P3,zero,4,SUBJECT_V3_d90982882613082cf20176fc,MYOLEG_V3_K0000,-0.03,-0.03,1.0538194444444446,-0.06354166666666672,1.1173611111111112,0.5,6,3,0.4024579999480321,0.5081507117918791,0.14548611111111112,
smooth_convex,1,P3,zero,1,SUBJECT_V3_dc591810eb0f2bbc9d5fb9d8,MYOLEG_V3_K0312,0.0,0.0,-0.10451388888888888,0.4114583333333333,-0.5159722222222222,1.0,0,0,1.0,1.0,0.14548611111111112,SUBJECT_V3_dfb47519c8df7762ddaefaca
smooth_convex,1,P3,zero,2,SUBJECT_V3_dfb47519c8df7762ddaefaca,MYOLEG_V3_K0600,0.03,-0.03,0.13715277777777768,-0.6468749999999999,0.7840277777777775,0.25,1,0,1.0,0.3227720166762874,0.14548611111111112,SUBJECT_V3_f1c208a1347c685c4361cb26
smooth_convex,1,P3,zero,3,SUBJECT_V3_f1c208a1347c685c4361cb26,MYOLEG_V3_K0624,0.03,0.03,0.7371527777777779,-0.3135416666666664,1.0506944444444444,0.375,3,1,0.3227720166762874,0.4024579999480321,0.14548611111111112,SUBJECT_V3_d90982882613082cf20176fc
smooth_convex,1,P3,zero,4,SUBJECT_V3_d90982882613082cf20176fc,MYOLEG_V3_K0000,-0.03,-0.03,1.0538194444444446,-0.06354166666666672,1.1173611111111112,0.5,6,3,0.4024579999480321,0.5081507117918791,0.14548611111111112,
smooth_convex,2,P3,zero,1,SUBJECT_V3_dc591810eb0f2bbc9d5fb9d8,MYOLEG_V3_K0312,0.0,0.0,-0.10451388888888888,0.4114583333333333,-0.5159722222222222,1.0,0,0,1.0,1.0,0.14548611111111112,SUBJECT_V3_dfb47519c8df7762ddaefaca
smooth_convex,2,P3,zero,2,SUBJECT_V3_dfb47519c8df7762ddaefaca,MYOLEG_V3_K0600,0.03,-0.03,0.13715277777777768,-0.6468749999999999,0.7840277777777775,0.25,1,0,1.0,0.3227720166762874,0.14548611111111112,SUBJECT_V3_f1c208a1347c685c4361cb26
smooth_convex,2,P3,zero,3,SUBJECT_V3_f1c208a1347c685c4361cb26,MYOLEG_V3_K0624,0.03,0.03,0.7371527777777779,-0.3135416666666664,1.0506944444444444,0.375,3,1,0.3227720166762874,0.4024579999480321,0.14548611111111112,SUBJECT_V3_d90982882613082cf20176fc
smooth_convex,2,P3,zero,4,SUBJECT_V3_d90982882613082cf20176fc,MYOLEG_V3_K0000,-0.03,-0.03,1.0538194444444446,-0.06354166666666672,1.1173611111111112,0.5,6,3,0.4024579999480321,0.5081507117918791,0.14548611111111112,
smooth_convex,3,P3,zero,1,SUBJECT_V3_dc591810eb0f2bbc9d5fb9d8,MYOLEG_V3_K0312,0.0,0.0,-0.10451388888888888,0.4114583333333333,-0.5159722222222222,1.0,0,0,1.0,1.0,0.14548611111111112,SUBJECT_V3_dfb47519c8df7762ddaefaca
smooth_convex,3,P3,zero,2,SUBJECT_V3_dfb47519c8df7762ddaefaca,MYOLEG_V3_K0600,0.03,-0.03,0.13715277777777768,-0.6468749999999999,0.7840277777777775,0.25,1,0,1.0,0.3227720166762874,0.14548611111111112,SUBJECT_V3_f1c208a1347c685c4361cb26
smooth_convex,3,P3,zero,3,SUBJECT_V3_f1c208a1347c685c4361cb26,MYOLEG_V3_K0624,0.03,0.03,0.7371527777777779,-0.3135416666666664,1.0506944444444444,0.375,3,1,0.3227720166762874,0.4024579999480321,0.14548611111111112,SUBJECT_V3_d90982882613082cf20176fc
smooth_convex,3,P3,zero,4,SUBJECT_V3_d90982882613082cf20176fc,MYOLEG_V3_K0000,-0.03,-0.03,1.0538194444444446,-0.06354166666666672,1.1173611111111112,0.5,6,3,0.4024579999480321,0.5081507117918791,0.14548611111111112,
smooth_convex,4,P3,zero,1,SUBJECT_V3_dc591810eb0f2bbc9d5fb9d8,MYOLEG_V3_K0312,0.0,0.0,-0.10451388888888888,0.4114583333333333,-0.5159722222222222,1.0,0,0,1.0,1.0,0.14548611111111112,SUBJECT_V3_dfb47519c8df7762ddaefaca
smooth_convex,4,P3,zero,2,SUBJECT_V3_dfb47519c8df7762ddaefaca,MYOLEG_V3_K0600,0.03,-0.03,0.13715277777777768,-0.6468749999999999,0.7840277777777775,0.25,1,0,1.0,0.3227720166762874,0.14548611111111112,SUBJECT_V3_f1c208a1347c685c4361cb26
smooth_convex,4,P3,zero,3,SUBJECT_V3_f1c208a1347c685c4361cb26,MYOLEG_V3_K0624,0.03,0.03,0.7371527777777779,-0.3135416666666664,1.0506944444444444,0.375,3,1,0.3227720166762874,0.4024579999480321,0.14548611111111112,SUBJECT_V3_d90982882613082cf20176fc
smooth_convex,4,P3,zero,4,SUBJECT_V3_d90982882613082cf20176fc,MYOLEG_V3_K0000,-0.03,-0.03,1.0538194444444446,-0.06354166666666672,1.1173611111111112,0.5,6,3,0.4024579999480321,0.5081507117918791,0.14548611111111112,
anisotropic,0,P0,zero,1,SUBJECT_V3_dc591810eb0f2bbc9d5fb9d8,MYOLEG_V3_K0312,0.0,0.0,0.004444444444444473,0.023749999999999993,-0.01930555555555552,1.0,0,0,1.0,1.0,0.35444444444444445,SUBJECT_V3_4ba8e3953fff298d2d878d6c
anisotropic,0,P0,zero,2,SUBJECT_V3_4ba8e3953fff298d2d878d6c,MYOLEG_V3_K0173,-0.015,0.0275,-0.3322222222222222,-0.27999999999999997,-0.052222222222222225,0.75,1,1,1.0,0.8005723881335643,0.01777777777777778,SUBJECT_V3_d8d41d9fb6b149c069db8016
anisotropic,0,P0,zero,3,SUBJECT_V3_d8d41d9fb6b149c069db8016,MYOLEG_V3_K0089,-0.0225,0.005,-0.2472222222222222,-0.203125,-0.044097222222222204,0.875,3,3,0.8005723881335643,0.8953114503716276,0.01777777777777778,SUBJECT_V3_8b9bbcb71eb1a8ed00479a1f
anisotropic,0,P0,zero,4,SUBJECT_V3_8b9bbcb71eb1a8ed00479a1f,MYOLEG_V3_K0129,-0.0175,-0.02,-0.09166666666666662,-0.011458333333333182,-0.08020833333333344,0.9285714285714286,6,6,0.8953114503716276,0.9307864975335567,0.01777777777777778,
anisotropic,1,P0,zero,1,SUBJECT_V3_dc591810eb0f2bbc9d5fb9d8,MYOLEG_V3_K0312,0.0,0.0,0.004444444444444473,0.023749999999999993,-0.01930555555555552,1.0,0,0,1.0,1.0,0.35444444444444445,SUBJECT_V3_4ba8e3953fff298d2d878d6c
anisotropic,1,P0,zero,2,SUBJECT_V3_4ba8e3953fff298d2d878d6c,MYOLEG_V3_K0173,-0.015,0.0275,-0.3322222222222222,-0.27999999999999997,-0.052222222222222225,0.75,1,1,1.0,0.8005723881335643,0.01777777777777778,SUBJECT_V3_d8d41d9fb6b149c069db8016
anisotropic,1,P0,zero,3,SUBJECT_V3_d8d41d9fb6b149c069db8016,MYOLEG_V3_K0089,-0.0225,0.005,-0.2472222222222222,-0.203125,-0.044097222222222204,0.875,3,3,0.8005723881335643,0.8953114503716276,0.01777777777777778,SUBJECT_V3_8b9bbcb71eb1a8ed00479a1f
anisotropic,1,P0,zero,4,SUBJECT_V3_8b9bbcb71eb1a8ed00479a1f,MYOLEG_V3_K0129,-0.0175,-0.02,-0.09166666666666662,-0.011458333333333182,-0.08020833333333344,0.9285714285714286,6,6,0.8953114503716276,0.9307864975335567,0.01777777777777778,
anisotropic,2,P0,zero,1,SUBJECT_V3_dc591810eb0f2bbc9d5fb9d8,MYOLEG_V3_K0312,0.0,0.0,0.004444444444444473,0.023749999999999993,-0.01930555555555552,1.0,0,0,1.0,1.0,0.35444444444444445,SUBJECT_V3_4ba8e3953fff298d2d878d6c
anisotropic,2,P0,zero,2,SUBJECT_V3_4ba8e3953fff298d2d878d6c,MYOLEG_V3_K0173,-0.015,0.0275,-0.3322222222222222,-0.27999999999999997,-0.052222222222222225,0.75,1,1,1.0,0.8005723881335643,0.01777777777777778,SUBJECT_V3_d8d41d9fb6b149c069db8016
anisotropic,2,P0,zero,3,SUBJECT_V3_d8d41d9fb6b149c069db8016,MYOLEG_V3_K0089,-0.0225,0.005,-0.2472222222222222,-0.203125,-0.044097222222222204,0.875,3,3,0.8005723881335643,0.8953114503716276,0.01777777777777778,SUBJECT_V3_8b9bbcb71eb1a8ed00479a1f
anisotropic,2,P0,zero,4,SUBJECT_V3_8b9bbcb71eb1a8ed00479a1f,MYOLEG_V3_K0129,-0.0175,-0.02,-0.09166666666666662,-0.011458333333333182,-0.08020833333333344,0.9285714285714286,6,6,0.8953114503716276,0.9307864975335567,0.01777777777777778,
anisotropic,3,P0,zero,1,SUBJECT_V3_dc591810eb0f2bbc9d5fb9d8,MYOLEG_V3_K0312,0.0,0.0,0.004444444444444473,0.023749999999999993,-0.01930555555555552,1.0,0,0,1.0,1.0,0.35444444444444445,SUBJECT_V3_4ba8e3953fff298d2d878d6c
anisotropic,3,P0,zero,2,SUBJECT_V3_4ba8e3953fff298d2d878d6c,MYOLEG_V3_K0173,-0.015,0.0275,-0.3322222222222222,-0.27999999999999997,-0.052222222222222225,0.75,1,1,1.0,0.8005723881335643,0.01777777777777778,SUBJECT_V3_d8d41d9fb6b149c069db8016
anisotropic,3,P0,zero,3,SUBJECT_V3_d8d41d9fb6b149c069db8016,MYOLEG_V3_K0089,-0.0225,0.005,-0.2472222222222222,-0.203125,-0.044097222222222204,0.875,3,3,0.8005723881335643,0.8953114503716276,0.01777777777777778,SUBJECT_V3_8b9bbcb71eb1a8ed00479a1f
anisotropic,3,P0,zero,4,SUBJECT_V3_8b9bbcb71eb1a8ed00479a1f,MYOLEG_V3_K0129,-0.0175,-0.02,-0.09166666666666662,-0.011458333333333182,-0.08020833333333344,0.9285714285714286,6,6,0.8953114503716276,0.9307864975335567,0.01777777777777778,
anisotropic,4,P0,zero,1,SUBJECT_V3_dc591810eb0f2bbc9d5fb9d8,MYOLEG_V3_K0312,0.0,0.0,0.004444444444444473,0.023749999999999993,-0.01930555555555552,1.0,0,0,1.0,1.0,0.35444444444444445,SUBJECT_V3_4ba8e3953fff298d2d878d6c
anisotropic,4,P0,zero,2,SUBJECT_V3_4ba8e3953fff298d2d878d6c,MYOLEG_V3_K0173,-0.015,0.0275,-0.3322222222222222,-0.27999999999999997,-0.052222222222222225,0.75,1,1,1.0,0.8005723881335643,0.01777777777777778,SUBJECT_V3_d8d41d9fb6b149c069db8016
anisotropic,4,P0,zero,3,SUBJECT_V3_d8d41d9fb6b149c069db8016,MYOLEG_V3_K0089,-0.0225,0.005,-0.2472222222222222,-0.203125,-0.044097222222222204,0.875,3,3,0.8005723881335643,0.8953114503716276,0.01777777777777778,SUBJECT_V3_8b9bbcb71eb1a8ed00479a1f
anisotropic,4,P0,zero,4,SUBJECT_V3_8b9bbcb71eb1a8ed00479a1f,MYOLEG_V3_K0129,-0.0175,-0.02,-0.09166666666666662,-0.011458333333333182,-0.08020833333333344,0.9285714285714286,6,6,0.8953114503716276,0.9307864975335567,0.01777777777777778,
anisotropic,0,P1,zero,1,SUBJECT_V3_dc591810eb0f2bbc9d5fb9d8,MYOLEG_V3_K0312,0.0,0.0,0.004444444444444473,-0.15208333333333335,0.15652777777777782,1.0,0,0,1.0,1.0,0.35444444444444445,SUBJECT_V3_cdd551d2f5078b19a442af70
anisotropic,0,P1,zero,2,SUBJECT_V3_cdd551d2f5078b19a442af70,MYOLEG_V3_K0224,-0.01,0.03,-0.28888888888888886,-0.23875000000000002,-0.050138888888888844,0.75,1,1,1.0,0.7382720861148448,0.061111111111111116,SUBJECT_V3_e427cfc44e435d690709c799
anisotropic,0,P1,zero,3,SUBJECT_V3_e427cfc44e435d690709c799,MYOLEG_V3_K0116,-0.02,0.01,-0.30666666666666664,-0.18208333333333326,-0.12458333333333338,0.625,3,2,0.7382720861148448,0.6350530790114381,0.043333333333333335,SUBJECT_V3_031f812f7a0af5ca37022637
anisotropic,0,P1,zero,4,SUBJECT_V3_031f812f7a0af5ca37022637,MYOLEG_V3_K0152,-0.015,-0.025,-0.028888888888888853,0.010416666666666796,-0.03930555555555565,0.6428571428571429,6,4,0.6350530790114381,0.6586339456841185,0.043333333333333335,
anisotropic,1,P1,zero,1,SUBJECT_V3_dc591810eb0f2bbc9d5fb9d8,MYOLEG_V3_K0312,0.0,0.0,0.004444444444444473,-0.15208333333333335,0.15652777777777782,1.0,0,0,1.0,1.0,0.35444444444444445,SUBJECT_V3_cdd551d2f5078b19a442af70
anisotropic,1,P1,zero,2,SUBJECT_V3_cdd551d2f5078b19a442af70,MYOLEG_V3_K0224,-0.01,0.03,-0.28888888888888886,-0.23875000000000002,-0.050138888888888844,0.75,1,1,1.0,0.7382720861148448,0.061111111111111116,SUBJECT_V3_e427cfc44e435d690709c799
anisotropic,1,P1,zero,3,SUBJECT_V3_e427cfc44e435d690709c799,MYOLEG_V3_K0116,-0.02,0.01,-0.30666666666666664,-0.18208333333333326,-0.12458333333333338,0.625,3,2,0.7382720861148448,0.6350530790114381,0.043333333333333335,SUBJECT_V3_031f812f7a0af5ca37022637
anisotropic,1,P1,zero,4,SUBJECT_V3_031f812f7a0af5ca37022637,MYOLEG_V3_K0152,-0.015,-0.025,-0.028888888888888853,0.010416666666666796,-0.03930555555555565,0.6428571428571429,6,4,0.6350530790114381,0.6586339456841185,0.043333333333333335,
anisotropic,2,P1,zero,1,SUBJECT_V3_dc591810eb0f2bbc9d5fb9d8,MYOLEG_V3_K0312,0.0,0.0,0.004444444444444473,-0.15208333333333335,0.15652777777777782,1.0,0,0,1.0,1.0,0.35444444444444445,SUBJECT_V3_cdd551d2f5078b19a442af70
anisotropic,2,P1,zero,2,SUBJECT_V3_cdd551d2f5078b19a442af70,MYOLEG_V3_K0224,-0.01,0.03,-0.28888888888888886,-0.23875000000000002,-0.050138888888888844,0.75,1,1,1.0,0.7382720861148448,0.061111111111111116,SUBJECT_V3_e427cfc44e435d690709c799
anisotropic,2,P1,zero,3,SUBJECT_V3_e427cfc44e435d690709c799,MYOLEG_V3_K0116,-0.02,0.01,-0.30666666666666664,-0.18208333333333326,-0.12458333333333338,0.625,3,2,0.7382720861148448,0.6350530790114381,0.043333333333333335,SUBJECT_V3_031f812f7a0af5ca37022637
anisotropic,2,P1,zero,4,SUBJECT_V3_031f812f7a0af5ca37022637,MYOLEG_V3_K0152,-0.015,-0.025,-0.028888888888888853,0.010416666666666796,-0.03930555555555565,0.6428571428571429,6,4,0.6350530790114381,0.6586339456841185,0.043333333333333335,
anisotropic,3,P1,zero,1,SUBJECT_V3_dc591810eb0f2bbc9d5fb9d8,MYOLEG_V3_K0312,0.0,0.0,0.004444444444444473,-0.15208333333333335,0.15652777777777782,1.0,0,0,1.0,1.0,0.35444444444444445,SUBJECT_V3_cdd551d2f5078b19a442af70
anisotropic,3,P1,zero,2,SUBJECT_V3_cdd551d2f5078b19a442af70,MYOLEG_V3_K0224,-0.01,0.03,-0.28888888888888886,-0.23875000000000002,-0.050138888888888844,0.75,1,1,1.0,0.7382720861148448,0.061111111111111116,SUBJECT_V3_e427cfc44e435d690709c799
anisotropic,3,P1,zero,3,SUBJECT_V3_e427cfc44e435d690709c799,MYOLEG_V3_K0116,-0.02,0.01,-0.30666666666666664,-0.18208333333333326,-0.12458333333333338,0.625,3,2,0.7382720861148448,0.6350530790114381,0.043333333333333335,SUBJECT_V3_031f812f7a0af5ca37022637
anisotropic,3,P1,zero,4,SUBJECT_V3_031f812f7a0af5ca37022637,MYOLEG_V3_K0152,-0.015,-0.025,-0.028888888888888853,0.010416666666666796,-0.03930555555555565,0.6428571428571429,6,4,0.6350530790114381,0.6586339456841185,0.043333333333333335,
anisotropic,4,P1,zero,1,SUBJECT_V3_dc591810eb0f2bbc9d5fb9d8,MYOLEG_V3_K0312,0.0,0.0,0.004444444444444473,-0.15208333333333335,0.15652777777777782,1.0,0,0,1.0,1.0,0.35444444444444445,SUBJECT_V3_cdd551d2f5078b19a442af70
anisotropic,4,P1,zero,2,SUBJECT_V3_cdd551d2f5078b19a442af70,MYOLEG_V3_K0224,-0.01,0.03,-0.28888888888888886,-0.23875000000000002,-0.050138888888888844,0.75,1,1,1.0,0.7382720861148448,0.061111111111111116,SUBJECT_V3_e427cfc44e435d690709c799
anisotropic,4,P1,zero,3,SUBJECT_V3_e427cfc44e435d690709c799,MYOLEG_V3_K0116,-0.02,0.01,-0.30666666666666664,-0.18208333333333326,-0.12458333333333338,0.625,3,2,0.7382720861148448,0.6350530790114381,0.043333333333333335,SUBJECT_V3_031f812f7a0af5ca37022637
anisotropic,4,P1,zero,4,SUBJECT_V3_031f812f7a0af5ca37022637,MYOLEG_V3_K0152,-0.015,-0.025,-0.028888888888888853,0.010416666666666796,-0.03930555555555565,0.6428571428571429,6,4,0.6350530790114381,0.6586339456841185,0.043333333333333335,
anisotropic,0,P2,zero,1,SUBJECT_V3_dc591810eb0f2bbc9d5fb9d8,MYOLEG_V3_K0312,0.0,0.0,0.004444444444444473,-0.09166666666666665,0.09611111111111112,1.0,0,0,1.0,1.0,0.35444444444444445,SUBJECT_V3_9ed7bb97dc7689de8bd2ce56
anisotropic,0,P2,zero,2,SUBJECT_V3_9ed7bb97dc7689de8bd2ce56,MYOLEG_V3_K0249,-0.0075,0.03,-0.2472222222222222,-0.17291666666666666,-0.07430555555555554,0.75,1,1,1.0,0.7406961231025053,0.10277777777777777,SUBJECT_V3_8c98d5bd12fef27ac3e7d812
anisotropic,0,P2,zero,3,SUBJECT_V3_8c98d5bd12fef27ac3e7d812,MYOLEG_V3_K0474,0.015,0.03,0.8777777777777777,-0.00666666666666671,0.8844444444444444,0.875,3,3,0.7406961231025053,0.8215137960255549,0.10277777777777777,SUBJECT_V3_3a8efc84592d5ef24a5aca03
anisotropic,0,P2,zero,4,SUBJECT_V3_3a8efc84592d5ef24a5aca03,MYOLEG_V3_K0094,-0.0225,0.0175,-0.27499999999999997,-0.06916666666666668,-0.20583333333333328,0.6428571428571429,6,4,0.8215137960255549,0.6507555211605314,0.07500000000000001,
anisotropic,1,P2,zero,1,SUBJECT_V3_dc591810eb0f2bbc9d5fb9d8,MYOLEG_V3_K0312,0.0,0.0,0.004444444444444473,-0.09166666666666665,0.09611111111111112,1.0,0,0,1.0,1.0,0.35444444444444445,SUBJECT_V3_9ed7bb97dc7689de8bd2ce56
anisotropic,1,P2,zero,2,SUBJECT_V3_9ed7bb97dc7689de8bd2ce56,MYOLEG_V3_K0249,-0.0075,0.03,-0.2472222222222222,-0.17291666666666666,-0.07430555555555554,0.75,1,1,1.0,0.7406961231025053,0.10277777777777777,SUBJECT_V3_8c98d5bd12fef27ac3e7d812
anisotropic,1,P2,zero,3,SUBJECT_V3_8c98d5bd12fef27ac3e7d812,MYOLEG_V3_K0474,0.015,0.03,0.8777777777777777,-0.00666666666666671,0.8844444444444444,0.875,3,3,0.7406961231025053,0.8215137960255549,0.10277777777777777,SUBJECT_V3_3a8efc84592d5ef24a5aca03
anisotropic,1,P2,zero,4,SUBJECT_V3_3a8efc84592d5ef24a5aca03,MYOLEG_V3_K0094,-0.0225,0.0175,-0.27499999999999997,-0.06916666666666668,-0.20583333333333328,0.6428571428571429,6,4,0.8215137960255549,0.6507555211605314,0.07500000000000001,
anisotropic,2,P2,zero,1,SUBJECT_V3_dc591810eb0f2bbc9d5fb9d8,MYOLEG_V3_K0312,0.0,0.0,0.004444444444444473,-0.09166666666666665,0.09611111111111112,1.0,0,0,1.0,1.0,0.35444444444444445,SUBJECT_V3_9ed7bb97dc7689de8bd2ce56
anisotropic,2,P2,zero,2,SUBJECT_V3_9ed7bb97dc7689de8bd2ce56,MYOLEG_V3_K0249,-0.0075,0.03,-0.2472222222222222,-0.17291666666666666,-0.07430555555555554,0.75,1,1,1.0,0.7406961231025053,0.10277777777777777,SUBJECT_V3_8c98d5bd12fef27ac3e7d812
anisotropic,2,P2,zero,3,SUBJECT_V3_8c98d5bd12fef27ac3e7d812,MYOLEG_V3_K0474,0.015,0.03,0.8777777777777777,-0.00666666666666671,0.8844444444444444,0.875,3,3,0.7406961231025053,0.8215137960255549,0.10277777777777777,SUBJECT_V3_3a8efc84592d5ef24a5aca03
anisotropic,2,P2,zero,4,SUBJECT_V3_3a8efc84592d5ef24a5aca03,MYOLEG_V3_K0094,-0.0225,0.0175,-0.27499999999999997,-0.06916666666666668,-0.20583333333333328,0.6428571428571429,6,4,0.8215137960255549,0.6507555211605314,0.07500000000000001,
anisotropic,3,P2,zero,1,SUBJECT_V3_dc591810eb0f2bbc9d5fb9d8,MYOLEG_V3_K0312,0.0,0.0,0.004444444444444473,-0.09166666666666665,0.09611111111111112,1.0,0,0,1.0,1.0,0.35444444444444445,SUBJECT_V3_9ed7bb97dc7689de8bd2ce56
anisotropic,3,P2,zero,2,SUBJECT_V3_9ed7bb97dc7689de8bd2ce56,MYOLEG_V3_K0249,-0.0075,0.03,-0.2472222222222222,-0.17291666666666666,-0.07430555555555554,0.75,1,1,1.0,0.7406961231025053,0.10277777777777777,SUBJECT_V3_8c98d5bd12fef27ac3e7d812
anisotropic,3,P2,zero,3,SUBJECT_V3_8c98d5bd12fef27ac3e7d812,MYOLEG_V3_K0474,0.015,0.03,0.8777777777777777,-0.00666666666666671,0.8844444444444444,0.875,3,3,0.7406961231025053,0.8215137960255549,0.10277777777777777,SUBJECT_V3_3a8efc84592d5ef24a5aca03
anisotropic,3,P2,zero,4,SUBJECT_V3_3a8efc84592d5ef24a5aca03,MYOLEG_V3_K0094,-0.0225,0.0175,-0.27499999999999997,-0.06916666666666668,-0.20583333333333328,0.6428571428571429,6,4,0.8215137960255549,0.6507555211605314,0.07500000000000001,
anisotropic,4,P2,zero,1,SUBJECT_V3_dc591810eb0f2bbc9d5fb9d8,MYOLEG_V3_K0312,0.0,0.0,0.004444444444444473,-0.09166666666666665,0.09611111111111112,1.0,0,0,1.0,1.0,0.35444444444444445,SUBJECT_V3_9ed7bb97dc7689de8bd2ce56
anisotropic,4,P2,zero,2,SUBJECT_V3_9ed7bb97dc7689de8bd2ce56,MYOLEG_V3_K0249,-0.0075,0.03,-0.2472222222222222,-0.17291666666666666,-0.07430555555555554,0.75,1,1,1.0,0.7406961231025053,0.10277777777777777,SUBJECT_V3_8c98d5bd12fef27ac3e7d812
anisotropic,4,P2,zero,3,SUBJECT_V3_8c98d5bd12fef27ac3e7d812,MYOLEG_V3_K0474,0.015,0.03,0.8777777777777777,-0.00666666666666671,0.8844444444444444,0.875,3,3,0.7406961231025053,0.8215137960255549,0.10277777777777777,SUBJECT_V3_3a8efc84592d5ef24a5aca03
anisotropic,4,P2,zero,4,SUBJECT_V3_3a8efc84592d5ef24a5aca03,MYOLEG_V3_K0094,-0.0225,0.0175,-0.27499999999999997,-0.06916666666666668,-0.20583333333333328,0.6428571428571429,6,4,0.8215137960255549,0.6507555211605314,0.07500000000000001,
anisotropic,0,P3,zero,1,SUBJECT_V3_dc591810eb0f2bbc9d5fb9d8,MYOLEG_V3_K0312,0.0,0.0,0.004444444444444473,0.32743055555555556,-0.3229861111111111,1.0,0,0,1.0,1.0,0.35444444444444445,SUBJECT_V3_7dd26b7bfcc4a37d1b5695c8
anisotropic,0,P3,zero,2,SUBJECT_V3_7dd26b7bfcc4a37d1b5695c8,MYOLEG_V3_K0024,-0.03,0.03,-0.0222222222222222,-0.9142361111111112,0.8920138888888891,0.75,1,1,1.0,0.7157697089229184,0.3277777777777778,SUBJECT_V3_d90982882613082cf20176fc
anisotropic,0,P3,zero,3,SUBJECT_V3_d90982882613082cf20176fc,MYOLEG_V3_K0000,-0.03,-0.03,0.35111111111111126,-0.33090277777777766,0.6820138888888889,0.625,3,2,0.7157697089229184,0.6238489227842264,0.3277777777777778,SUBJECT_V3_f1c208a1347c685c4361cb26
anisotropic,0,P3,zero,4,SUBJECT_V3_f1c208a1347c685c4361cb26,MYOLEG_V3_K0624,0.03,0.03,2.3777777777777773,-0.2142361111111113,2.5920138888888884,0.6428571428571429,6,4,0.6238489227842264,0.6427436493810318,0.3277777777777778,
anisotropic,1,P3,zero,1,SUBJECT_V3_dc591810eb0f2bbc9d5fb9d8,MYOLEG_V3_K0312,0.0,0.0,0.004444444444444473,0.32743055555555556,-0.3229861111111111,1.0,0,0,1.0,1.0,0.35444444444444445,SUBJECT_V3_7dd26b7bfcc4a37d1b5695c8
anisotropic,1,P3,zero,2,SUBJECT_V3_7dd26b7bfcc4a37d1b5695c8,MYOLEG_V3_K0024,-0.03,0.03,-0.0222222222222222,-0.9142361111111112,0.8920138888888891,0.75,1,1,1.0,0.7157697089229184,0.3277777777777778,SUBJECT_V3_d90982882613082cf20176fc
anisotropic,1,P3,zero,3,SUBJECT_V3_d90982882613082cf20176fc,MYOLEG_V3_K0000,-0.03,-0.03,0.35111111111111126,-0.33090277777777766,0.6820138888888889,0.625,3,2,0.7157697089229184,0.6238489227842264,0.3277777777777778,SUBJECT_V3_f1c208a1347c685c4361cb26
anisotropic,1,P3,zero,4,SUBJECT_V3_f1c208a1347c685c4361cb26,MYOLEG_V3_K0624,0.03,0.03,2.3777777777777773,-0.2142361111111113,2.5920138888888884,0.6428571428571429,6,4,0.6238489227842264,0.6427436493810318,0.3277777777777778,
anisotropic,2,P3,zero,1,SUBJECT_V3_dc591810eb0f2bbc9d5fb9d8,MYOLEG_V3_K0312,0.0,0.0,0.004444444444444473,0.32743055555555556,-0.3229861111111111,1.0,0,0,1.0,1.0,0.35444444444444445,SUBJECT_V3_7dd26b7bfcc4a37d1b5695c8
anisotropic,2,P3,zero,2,SUBJECT_V3_7dd26b7bfcc4a37d1b5695c8,MYOLEG_V3_K0024,-0.03,0.03,-0.0222222222222222,-0.9142361111111112,0.8920138888888891,0.75,1,1,1.0,0.7157697089229184,0.3277777777777778,SUBJECT_V3_d90982882613082cf20176fc
anisotropic,2,P3,zero,3,SUBJECT_V3_d90982882613082cf20176fc,MYOLEG_V3_K0000,-0.03,-0.03,0.35111111111111126,-0.33090277777777766,0.6820138888888889,0.625,3,2,0.7157697089229184,0.6238489227842264,0.3277777777777778,SUBJECT_V3_f1c208a1347c685c4361cb26
anisotropic,2,P3,zero,4,SUBJECT_V3_f1c208a1347c685c4361cb26,MYOLEG_V3_K0624,0.03,0.03,2.3777777777777773,-0.2142361111111113,2.5920138888888884,0.6428571428571429,6,4,0.6238489227842264,0.6427436493810318,0.3277777777777778,
anisotropic,3,P3,zero,1,SUBJECT_V3_dc591810eb0f2bbc9d5fb9d8,MYOLEG_V3_K0312,0.0,0.0,0.004444444444444473,0.32743055555555556,-0.3229861111111111,1.0,0,0,1.0,1.0,0.35444444444444445,SUBJECT_V3_7dd26b7bfcc4a37d1b5695c8
anisotropic,3,P3,zero,2,SUBJECT_V3_7dd26b7bfcc4a37d1b5695c8,MYOLEG_V3_K0024,-0.03,0.03,-0.0222222222222222,-0.9142361111111112,0.8920138888888891,0.75,1,1,1.0,0.7157697089229184,0.3277777777777778,SUBJECT_V3_d90982882613082cf20176fc
anisotropic,3,P3,zero,3,SUBJECT_V3_d90982882613082cf20176fc,MYOLEG_V3_K0000,-0.03,-0.03,0.35111111111111126,-0.33090277777777766,0.6820138888888889,0.625,3,2,0.7157697089229184,0.6238489227842264,0.3277777777777778,SUBJECT_V3_f1c208a1347c685c4361cb26
anisotropic,3,P3,zero,4,SUBJECT_V3_f1c208a1347c685c4361cb26,MYOLEG_V3_K0624,0.03,0.03,2.3777777777777773,-0.2142361111111113,2.5920138888888884,0.6428571428571429,6,4,0.6238489227842264,0.6427436493810318,0.3277777777777778,
anisotropic,4,P3,zero,1,SUBJECT_V3_dc591810eb0f2bbc9d5fb9d8,MYOLEG_V3_K0312,0.0,0.0,0.004444444444444473,0.32743055555555556,-0.3229861111111111,1.0,0,0,1.0,1.0,0.35444444444444445,SUBJECT_V3_7dd26b7bfcc4a37d1b5695c8
anisotropic,4,P3,zero,2,SUBJECT_V3_7dd26b7bfcc4a37d1b5695c8,MYOLEG_V3_K0024,-0.03,0.03,-0.0222222222222222,-0.9142361111111112,0.8920138888888891,0.75,1,1,1.0,0.7157697089229184,0.3277777777777778,SUBJECT_V3_d90982882613082cf20176fc
anisotropic,4,P3,zero,3,SUBJECT_V3_d90982882613082cf20176fc,MYOLEG_V3_K0000,-0.03,-0.03,0.35111111111111126,-0.33090277777777766,0.6820138888888889,0.625,3,2,0.7157697089229184,0.6238489227842264,0.3277777777777778,SUBJECT_V3_f1c208a1347c685c4361cb26
anisotropic,4,P3,zero,4,SUBJECT_V3_f1c208a1347c685c4361cb26,MYOLEG_V3_K0624,0.03,0.03,2.3777777777777773,-0.2142361111111113,2.5920138888888884,0.6428571428571429,6,4,0.6238489227842264,0.6427436493810318,0.3277777777777778,
rotated,0,P0,zero,1,SUBJECT_V3_dc591810eb0f2bbc9d5fb9d8,MYOLEG_V3_K0312,0.0,0.0,0.15277777777777773,0.12305555555555547,0.02972222222222226,1.0,0,0,1.0,1.0,0.4527777777777777,SUBJECT_V3_30f7afc475f37ade15181871
rotated,0,P0,zero,2,SUBJECT_V3_30f7afc475f37ade15181871,MYOLEG_V3_K0567,0.025,0.0125,-0.265625,-0.24812500000000004,-0.01749999999999996,0.75,1,1,1.0,0.7987827976080315,0.03437499999999999,SUBJECT_V3_a7e71573c93780a2256339ed
rotated,0,P0,zero,3,SUBJECT_V3_a7e71573c93780a2256339ed,MYOLEG_V3_K0374,0.005,0.03,-0.1875,-0.15888888888888897,-0.02861111111111103,0.875,3,3,0.7987827976080315,0.8900625935511627,0.03437499999999999,SUBJECT_V3_734944228346e875e0f15d81
rotated,0,P0,zero,4,SUBJECT_V3_734944228346e875e0f15d81,MYOLEG_V3_K0609,0.03,-0.0075,-0.15451388888888884,-0.1259027777777778,-0.02861111111111103,0.9285714285714286,6,6,0.8900625935511627,0.9309039727848739,0.03437499999999999,
rotated,1,P0,zero,1,SUBJECT_V3_dc591810eb0f2bbc9d5fb9d8,MYOLEG_V3_K0312,0.0,0.0,0.15277777777777773,0.12305555555555547,0.02972222222222226,1.0,0,0,1.0,1.0,0.4527777777777777,SUBJECT_V3_30f7afc475f37ade15181871
rotated,1,P0,zero,2,SUBJECT_V3_30f7afc475f37ade15181871,MYOLEG_V3_K0567,0.025,0.0125,-0.265625,-0.24812500000000004,-0.01749999999999996,0.75,1,1,1.0,0.7987827976080315,0.03437499999999999,SUBJECT_V3_a7e71573c93780a2256339ed
rotated,1,P0,zero,3,SUBJECT_V3_a7e71573c93780a2256339ed,MYOLEG_V3_K0374,0.005,0.03,-0.1875,-0.15888888888888897,-0.02861111111111103,0.875,3,3,0.7987827976080315,0.8900625935511627,0.03437499999999999,SUBJECT_V3_734944228346e875e0f15d81
rotated,1,P0,zero,4,SUBJECT_V3_734944228346e875e0f15d81,MYOLEG_V3_K0609,0.03,-0.0075,-0.15451388888888884,-0.1259027777777778,-0.02861111111111103,0.9285714285714286,6,6,0.8900625935511627,0.9309039727848739,0.03437499999999999,
rotated,2,P0,zero,1,SUBJECT_V3_dc591810eb0f2bbc9d5fb9d8,MYOLEG_V3_K0312,0.0,0.0,0.15277777777777773,0.12305555555555547,0.02972222222222226,1.0,0,0,1.0,1.0,0.4527777777777777,SUBJECT_V3_30f7afc475f37ade15181871
rotated,2,P0,zero,2,SUBJECT_V3_30f7afc475f37ade15181871,MYOLEG_V3_K0567,0.025,0.0125,-0.265625,-0.24812500000000004,-0.01749999999999996,0.75,1,1,1.0,0.7987827976080315,0.03437499999999999,SUBJECT_V3_a7e71573c93780a2256339ed
rotated,2,P0,zero,3,SUBJECT_V3_a7e71573c93780a2256339ed,MYOLEG_V3_K0374,0.005,0.03,-0.1875,-0.15888888888888897,-0.02861111111111103,0.875,3,3,0.7987827976080315,0.8900625935511627,0.03437499999999999,SUBJECT_V3_734944228346e875e0f15d81
rotated,2,P0,zero,4,SUBJECT_V3_734944228346e875e0f15d81,MYOLEG_V3_K0609,0.03,-0.0075,-0.15451388888888884,-0.1259027777777778,-0.02861111111111103,0.9285714285714286,6,6,0.8900625935511627,0.9309039727848739,0.03437499999999999,
rotated,3,P0,zero,1,SUBJECT_V3_dc591810eb0f2bbc9d5fb9d8,MYOLEG_V3_K0312,0.0,0.0,0.15277777777777773,0.12305555555555547,0.02972222222222226,1.0,0,0,1.0,1.0,0.4527777777777777,SUBJECT_V3_30f7afc475f37ade15181871
rotated,3,P0,zero,2,SUBJECT_V3_30f7afc475f37ade15181871,MYOLEG_V3_K0567,0.025,0.0125,-0.265625,-0.24812500000000004,-0.01749999999999996,0.75,1,1,1.0,0.7987827976080315,0.03437499999999999,SUBJECT_V3_a7e71573c93780a2256339ed
rotated,3,P0,zero,3,SUBJECT_V3_a7e71573c93780a2256339ed,MYOLEG_V3_K0374,0.005,0.03,-0.1875,-0.15888888888888897,-0.02861111111111103,0.875,3,3,0.7987827976080315,0.8900625935511627,0.03437499999999999,SUBJECT_V3_734944228346e875e0f15d81
rotated,3,P0,zero,4,SUBJECT_V3_734944228346e875e0f15d81,MYOLEG_V3_K0609,0.03,-0.0075,-0.15451388888888884,-0.1259027777777778,-0.02861111111111103,0.9285714285714286,6,6,0.8900625935511627,0.9309039727848739,0.03437499999999999,
rotated,4,P0,zero,1,SUBJECT_V3_dc591810eb0f2bbc9d5fb9d8,MYOLEG_V3_K0312,0.0,0.0,0.15277777777777773,0.12305555555555547,0.02972222222222226,1.0,0,0,1.0,1.0,0.4527777777777777,SUBJECT_V3_30f7afc475f37ade15181871
rotated,4,P0,zero,2,SUBJECT_V3_30f7afc475f37ade15181871,MYOLEG_V3_K0567,0.025,0.0125,-0.265625,-0.24812500000000004,-0.01749999999999996,0.75,1,1,1.0,0.7987827976080315,0.03437499999999999,SUBJECT_V3_a7e71573c93780a2256339ed
rotated,4,P0,zero,3,SUBJECT_V3_a7e71573c93780a2256339ed,MYOLEG_V3_K0374,0.005,0.03,-0.1875,-0.15888888888888897,-0.02861111111111103,0.875,3,3,0.7987827976080315,0.8900625935511627,0.03437499999999999,SUBJECT_V3_734944228346e875e0f15d81
rotated,4,P0,zero,4,SUBJECT_V3_734944228346e875e0f15d81,MYOLEG_V3_K0609,0.03,-0.0075,-0.15451388888888884,-0.1259027777777778,-0.02861111111111103,0.9285714285714286,6,6,0.8900625935511627,0.9309039727848739,0.03437499999999999,
rotated,0,P1,zero,1,SUBJECT_V3_dc591810eb0f2bbc9d5fb9d8,MYOLEG_V3_K0312,0.0,0.0,0.15277777777777773,0.14750000000000013,0.005277777777777604,1.0,0,0,1.0,1.0,0.4527777777777777,SUBJECT_V3_df6535e6665364570db4eb2f
rotated,0,P1,zero,2,SUBJECT_V3_df6535e6665364570db4eb2f,MYOLEG_V3_K0614,0.03,0.005,-0.24305555555555555,-0.2566666666666667,0.013611111111111157,0.75,1,1,1.0,0.809935920028861,0.056944444444444436,SUBJECT_V3_4ee3144217ec20c336e7b5eb
rotated,0,P1,zero,3,SUBJECT_V3_4ee3144217ec20c336e7b5eb,MYOLEG_V3_K0447,0.0125,0.025,-0.2378472222222222,-0.1625694444444445,-0.07527777777777772,0.875,3,3,0.809935920028861,0.8789384203036692,0.056944444444444436,SUBJECT_V3_042b0cda8ff5282db35acf9c
rotated,0,P1,zero,4,SUBJECT_V3_042b0cda8ff5282db35acf9c,MYOLEG_V3_K0606,0.03,-0.015,-0.009722222222222132,-0.07,0.060277777777777874,0.9285714285714286,6,6,0.8789384203036692,0.9176168227122229,0.056944444444444436,
rotated,1,P1,zero,1,SUBJECT_V3_dc591810eb0f2bbc9d5fb9d8,MYOLEG_V3_K0312,0.0,0.0,0.15277777777777773,0.14750000000000013,0.005277777777777604,1.0,0,0,1.0,1.0,0.4527777777777777,SUBJECT_V3_df6535e6665364570db4eb2f
rotated,1,P1,zero,2,SUBJECT_V3_df6535e6665364570db4eb2f,MYOLEG_V3_K0614,0.03,0.005,-0.24305555555555555,-0.2566666666666667,0.013611111111111157,0.75,1,1,1.0,0.809935920028861,0.056944444444444436,SUBJECT_V3_4ee3144217ec20c336e7b5eb
rotated,1,P1,zero,3,SUBJECT_V3_4ee3144217ec20c336e7b5eb,MYOLEG_V3_K0447,0.0125,0.025,-0.2378472222222222,-0.1625694444444445,-0.07527777777777772,0.875,3,3,0.809935920028861,0.8789384203036692,0.056944444444444436,SUBJECT_V3_042b0cda8ff5282db35acf9c
rotated,1,P1,zero,4,SUBJECT_V3_042b0cda8ff5282db35acf9c,MYOLEG_V3_K0606,0.03,-0.015,-0.009722222222222132,-0.07,0.060277777777777874,0.9285714285714286,6,6,0.8789384203036692,0.9176168227122229,0.056944444444444436,
rotated,2,P1,zero,1,SUBJECT_V3_dc591810eb0f2bbc9d5fb9d8,MYOLEG_V3_K0312,0.0,0.0,0.15277777777777773,0.14750000000000013,0.005277777777777604,1.0,0,0,1.0,1.0,0.4527777777777777,SUBJECT_V3_df6535e6665364570db4eb2f
rotated,2,P1,zero,2,SUBJECT_V3_df6535e6665364570db4eb2f,MYOLEG_V3_K0614,0.03,0.005,-0.24305555555555555,-0.2566666666666667,0.013611111111111157,0.75,1,1,1.0,0.809935920028861,0.056944444444444436,SUBJECT_V3_4ee3144217ec20c336e7b5eb
rotated,2,P1,zero,3,SUBJECT_V3_4ee3144217ec20c336e7b5eb,MYOLEG_V3_K0447,0.0125,0.025,-0.2378472222222222,-0.1625694444444445,-0.07527777777777772,0.875,3,3,0.809935920028861,0.8789384203036692,0.056944444444444436,SUBJECT_V3_042b0cda8ff5282db35acf9c
rotated,2,P1,zero,4,SUBJECT_V3_042b0cda8ff5282db35acf9c,MYOLEG_V3_K0606,0.03,-0.015,-0.009722222222222132,-0.07,0.060277777777777874,0.9285714285714286,6,6,0.8789384203036692,0.9176168227122229,0.056944444444444436,
rotated,3,P1,zero,1,SUBJECT_V3_dc591810eb0f2bbc9d5fb9d8,MYOLEG_V3_K0312,0.0,0.0,0.15277777777777773,0.14750000000000013,0.005277777777777604,1.0,0,0,1.0,1.0,0.4527777777777777,SUBJECT_V3_df6535e6665364570db4eb2f
rotated,3,P1,zero,2,SUBJECT_V3_df6535e6665364570db4eb2f,MYOLEG_V3_K0614,0.03,0.005,-0.24305555555555555,-0.2566666666666667,0.013611111111111157,0.75,1,1,1.0,0.809935920028861,0.056944444444444436,SUBJECT_V3_4ee3144217ec20c336e7b5eb
rotated,3,P1,zero,3,SUBJECT_V3_4ee3144217ec20c336e7b5eb,MYOLEG_V3_K0447,0.0125,0.025,-0.2378472222222222,-0.1625694444444445,-0.07527777777777772,0.875,3,3,0.809935920028861,0.8789384203036692,0.056944444444444436,SUBJECT_V3_042b0cda8ff5282db35acf9c
rotated,3,P1,zero,4,SUBJECT_V3_042b0cda8ff5282db35acf9c,MYOLEG_V3_K0606,0.03,-0.015,-0.009722222222222132,-0.07,0.060277777777777874,0.9285714285714286,6,6,0.8789384203036692,0.9176168227122229,0.056944444444444436,
rotated,4,P1,zero,1,SUBJECT_V3_dc591810eb0f2bbc9d5fb9d8,MYOLEG_V3_K0312,0.0,0.0,0.15277777777777773,0.14750000000000013,0.005277777777777604,1.0,0,0,1.0,1.0,0.4527777777777777,SUBJECT_V3_df6535e6665364570db4eb2f
rotated,4,P1,zero,2,SUBJECT_V3_df6535e6665364570db4eb2f,MYOLEG_V3_K0614,0.03,0.005,-0.24305555555555555,-0.2566666666666667,0.013611111111111157,0.75,1,1,1.0,0.809935920028861,0.056944444444444436,SUBJECT_V3_4ee3144217ec20c336e7b5eb
rotated,4,P1,zero,3,SUBJECT_V3_4ee3144217ec20c336e7b5eb,MYOLEG_V3_K0447,0.0125,0.025,-0.2378472222222222,-0.1625694444444445,-0.07527777777777772,0.875,3,3,0.809935920028861,0.8789384203036692,0.056944444444444436,SUBJECT_V3_042b0cda8ff5282db35acf9c
rotated,4,P1,zero,4,SUBJECT_V3_042b0cda8ff5282db35acf9c,MYOLEG_V3_K0606,0.03,-0.015,-0.009722222222222132,-0.07,0.060277777777777874,0.9285714285714286,6,6,0.8789384203036692,0.9176168227122229,0.056944444444444436,
rotated,0,P2,zero,1,SUBJECT_V3_dc591810eb0f2bbc9d5fb9d8,MYOLEG_V3_K0312,0.0,0.0,0.15277777777777773,0.1743055555555557,-0.02152777777777798,1.0,0,0,1.0,1.0,0.4527777777777777,SUBJECT_V3_c22af6ff5e1a5fca3c42f1cf
rotated,0,P2,zero,2,SUBJECT_V3_c22af6ff5e1a5fca3c42f1cf,MYOLEG_V3_K0619,0.03,0.0175,-0.14062500000000003,-0.19583333333333336,0.05520833333333333,0.75,1,1,1.0,0.7878832713586998,0.15937499999999996,SUBJECT_V3_4f9a6e18a15adaecb57a32bd
rotated,0,P2,zero,3,SUBJECT_V3_4f9a6e18a15adaecb57a32bd,MYOLEG_V3_K0608,0.03,-0.01,-0.11388888888888893,-0.044583333333333336,-0.06930555555555559,0.875,3,3,0.7878832713586998,0.8733725359121126,0.15937499999999996,SUBJECT_V3_07b564f1d4c1e514a788248d
rotated,0,P2,zero,4,SUBJECT_V3_07b564f1d4c1e514a788248d,MYOLEG_V3_K0449,0.0125,0.03,-0.16562500000000005,-0.04999999999999996,-0.11562500000000009,0.7857142857142857,6,5,0.8733725359121126,0.7997988298497595,0.13437499999999994,
rotated,1,P2,zero,1,SUBJECT_V3_dc591810eb0f2bbc9d5fb9d8,MYOLEG_V3_K0312,0.0,0.0,0.15277777777777773,0.1743055555555557,-0.02152777777777798,1.0,0,0,1.0,1.0,0.4527777777777777,SUBJECT_V3_c22af6ff5e1a5fca3c42f1cf
rotated,1,P2,zero,2,SUBJECT_V3_c22af6ff5e1a5fca3c42f1cf,MYOLEG_V3_K0619,0.03,0.0175,-0.14062500000000003,-0.19583333333333336,0.05520833333333333,0.75,1,1,1.0,0.7878832713586998,0.15937499999999996,SUBJECT_V3_4f9a6e18a15adaecb57a32bd
rotated,1,P2,zero,3,SUBJECT_V3_4f9a6e18a15adaecb57a32bd,MYOLEG_V3_K0608,0.03,-0.01,-0.11388888888888893,-0.044583333333333336,-0.06930555555555559,0.875,3,3,0.7878832713586998,0.8733725359121126,0.15937499999999996,SUBJECT_V3_07b564f1d4c1e514a788248d
rotated,1,P2,zero,4,SUBJECT_V3_07b564f1d4c1e514a788248d,MYOLEG_V3_K0449,0.0125,0.03,-0.16562500000000005,-0.04999999999999996,-0.11562500000000009,0.7857142857142857,6,5,0.8733725359121126,0.7997988298497595,0.13437499999999994,
rotated,2,P2,zero,1,SUBJECT_V3_dc591810eb0f2bbc9d5fb9d8,MYOLEG_V3_K0312,0.0,0.0,0.15277777777777773,0.1743055555555557,-0.02152777777777798,1.0,0,0,1.0,1.0,0.4527777777777777,SUBJECT_V3_c22af6ff5e1a5fca3c42f1cf
rotated,2,P2,zero,2,SUBJECT_V3_c22af6ff5e1a5fca3c42f1cf,MYOLEG_V3_K0619,0.03,0.0175,-0.14062500000000003,-0.19583333333333336,0.05520833333333333,0.75,1,1,1.0,0.7878832713586998,0.15937499999999996,SUBJECT_V3_4f9a6e18a15adaecb57a32bd
rotated,2,P2,zero,3,SUBJECT_V3_4f9a6e18a15adaecb57a32bd,MYOLEG_V3_K0608,0.03,-0.01,-0.11388888888888893,-0.044583333333333336,-0.06930555555555559,0.875,3,3,0.7878832713586998,0.8733725359121126,0.15937499999999996,SUBJECT_V3_07b564f1d4c1e514a788248d
rotated,2,P2,zero,4,SUBJECT_V3_07b564f1d4c1e514a788248d,MYOLEG_V3_K0449,0.0125,0.03,-0.16562500000000005,-0.04999999999999996,-0.11562500000000009,0.7857142857142857,6,5,0.8733725359121126,0.7997988298497595,0.13437499999999994,
rotated,3,P2,zero,1,SUBJECT_V3_dc591810eb0f2bbc9d5fb9d8,MYOLEG_V3_K0312,0.0,0.0,0.15277777777777773,0.1743055555555557,-0.02152777777777798,1.0,0,0,1.0,1.0,0.4527777777777777,SUBJECT_V3_c22af6ff5e1a5fca3c42f1cf
rotated,3,P2,zero,2,SUBJECT_V3_c22af6ff5e1a5fca3c42f1cf,MYOLEG_V3_K0619,0.03,0.0175,-0.14062500000000003,-0.19583333333333336,0.05520833333333333,0.75,1,1,1.0,0.7878832713586998,0.15937499999999996,SUBJECT_V3_4f9a6e18a15adaecb57a32bd
rotated,3,P2,zero,3,SUBJECT_V3_4f9a6e18a15adaecb57a32bd,MYOLEG_V3_K0608,0.03,-0.01,-0.11388888888888893,-0.044583333333333336,-0.06930555555555559,0.875,3,3,0.7878832713586998,0.8733725359121126,0.15937499999999996,SUBJECT_V3_07b564f1d4c1e514a788248d
rotated,3,P2,zero,4,SUBJECT_V3_07b564f1d4c1e514a788248d,MYOLEG_V3_K0449,0.0125,0.03,-0.16562500000000005,-0.04999999999999996,-0.11562500000000009,0.7857142857142857,6,5,0.8733725359121126,0.7997988298497595,0.13437499999999994,
rotated,4,P2,zero,1,SUBJECT_V3_dc591810eb0f2bbc9d5fb9d8,MYOLEG_V3_K0312,0.0,0.0,0.15277777777777773,0.1743055555555557,-0.02152777777777798,1.0,0,0,1.0,1.0,0.4527777777777777,SUBJECT_V3_c22af6ff5e1a5fca3c42f1cf
rotated,4,P2,zero,2,SUBJECT_V3_c22af6ff5e1a5fca3c42f1cf,MYOLEG_V3_K0619,0.03,0.0175,-0.14062500000000003,-0.19583333333333336,0.05520833333333333,0.75,1,1,1.0,0.7878832713586998,0.15937499999999996,SUBJECT_V3_4f9a6e18a15adaecb57a32bd
rotated,4,P2,zero,3,SUBJECT_V3_4f9a6e18a15adaecb57a32bd,MYOLEG_V3_K0608,0.03,-0.01,-0.11388888888888893,-0.044583333333333336,-0.06930555555555559,0.875,3,3,0.7878832713586998,0.8733725359121126,0.15937499999999996,SUBJECT_V3_07b564f1d4c1e514a788248d
rotated,4,P2,zero,4,SUBJECT_V3_07b564f1d4c1e514a788248d,MYOLEG_V3_K0449,0.0125,0.03,-0.16562500000000005,-0.04999999999999996,-0.11562500000000009,0.7857142857142857,6,5,0.8733725359121126,0.7997988298497595,0.13437499999999994,
rotated,0,P3,zero,1,SUBJECT_V3_dc591810eb0f2bbc9d5fb9d8,MYOLEG_V3_K0312,0.0,0.0,0.15277777777777773,0.3375,-0.1847222222222223,1.0,0,0,1.0,1.0,0.4527777777777777,SUBJECT_V3_f1c208a1347c685c4361cb26
rotated,0,P3,zero,2,SUBJECT_V3_f1c208a1347c685c4361cb26,MYOLEG_V3_K0624,0.03,0.03,0.15277777777777757,-0.8791666666666669,1.0319444444444446,0.75,1,1,1.0,0.7141326649281583,0.45277777777777756,SUBJECT_V3_dfb47519c8df7762ddaefaca
rotated,0,P3,zero,3,SUBJECT_V3_dfb47519c8df7762ddaefaca,MYOLEG_V3_K0600,0.03,-0.03,0.4861111111111111,-0.46250000000000013,0.9486111111111113,0.625,3,2,0.7141326649281583,0.614545259320433,0.45277777777777756,SUBJECT_V3_7dd26b7bfcc4a37d1b5695c8
rotated,0,P3,zero,4,SUBJECT_V3_7dd26b7bfcc4a37d1b5695c8,MYOLEG_V3_K0024,-0.03,0.03,0.6194444444444447,-0.06249999999999989,0.6819444444444446,0.6428571428571429,6,4,0.614545259320433,0.6451649736682047,0.45277777777777756,
rotated,1,P3,zero,1,SUBJECT_V3_dc591810eb0f2bbc9d5fb9d8,MYOLEG_V3_K0312,0.0,0.0,0.15277777777777773,0.3375,-0.1847222222222223,1.0,0,0,1.0,1.0,0.4527777777777777,SUBJECT_V3_f1c208a1347c685c4361cb26
rotated,1,P3,zero,2,SUBJECT_V3_f1c208a1347c685c4361cb26,MYOLEG_V3_K0624,0.03,0.03,0.15277777777777757,-0.8791666666666669,1.0319444444444446,0.75,1,1,1.0,0.7141326649281583,0.45277777777777756,SUBJECT_V3_dfb47519c8df7762ddaefaca
rotated,1,P3,zero,3,SUBJECT_V3_dfb47519c8df7762ddaefaca,MYOLEG_V3_K0600,0.03,-0.03,0.4861111111111111,-0.46250000000000013,0.9486111111111113,0.625,3,2,0.7141326649281583,0.614545259320433,0.45277777777777756,SUBJECT_V3_7dd26b7bfcc4a37d1b5695c8
rotated,1,P3,zero,4,SUBJECT_V3_7dd26b7bfcc4a37d1b5695c8,MYOLEG_V3_K0024,-0.03,0.03,0.6194444444444447,-0.06249999999999989,0.6819444444444446,0.6428571428571429,6,4,0.614545259320433,0.6451649736682047,0.45277777777777756,
rotated,2,P3,zero,1,SUBJECT_V3_dc591810eb0f2bbc9d5fb9d8,MYOLEG_V3_K0312,0.0,0.0,0.15277777777777773,0.3375,-0.1847222222222223,1.0,0,0,1.0,1.0,0.4527777777777777,SUBJECT_V3_f1c208a1347c685c4361cb26
rotated,2,P3,zero,2,SUBJECT_V3_f1c208a1347c685c4361cb26,MYOLEG_V3_K0624,0.03,0.03,0.15277777777777757,-0.8791666666666669,1.0319444444444446,0.75,1,1,1.0,0.7141326649281583,0.45277777777777756,SUBJECT_V3_dfb47519c8df7762ddaefaca
rotated,2,P3,zero,3,SUBJECT_V3_dfb47519c8df7762ddaefaca,MYOLEG_V3_K0600,0.03,-0.03,0.4861111111111111,-0.46250000000000013,0.9486111111111113,0.625,3,2,0.7141326649281583,0.614545259320433,0.45277777777777756,SUBJECT_V3_7dd26b7bfcc4a37d1b5695c8
rotated,2,P3,zero,4,SUBJECT_V3_7dd26b7bfcc4a37d1b5695c8,MYOLEG_V3_K0024,-0.03,0.03,0.6194444444444447,-0.06249999999999989,0.6819444444444446,0.6428571428571429,6,4,0.614545259320433,0.6451649736682047,0.45277777777777756,
rotated,3,P3,zero,1,SUBJECT_V3_dc591810eb0f2bbc9d5fb9d8,MYOLEG_V3_K0312,0.0,0.0,0.15277777777777773,0.3375,-0.1847222222222223,1.0,0,0,1.0,1.0,0.4527777777777777,SUBJECT_V3_f1c208a1347c685c4361cb26
rotated,3,P3,zero,2,SUBJECT_V3_f1c208a1347c685c4361cb26,MYOLEG_V3_K0624,0.03,0.03,0.15277777777777757,-0.8791666666666669,1.0319444444444446,0.75,1,1,1.0,0.7141326649281583,0.45277777777777756,SUBJECT_V3_dfb47519c8df7762ddaefaca
rotated,3,P3,zero,3,SUBJECT_V3_dfb47519c8df7762ddaefaca,MYOLEG_V3_K0600,0.03,-0.03,0.4861111111111111,-0.46250000000000013,0.9486111111111113,0.625,3,2,0.7141326649281583,0.614545259320433,0.45277777777777756,SUBJECT_V3_7dd26b7bfcc4a37d1b5695c8
rotated,3,P3,zero,4,SUBJECT_V3_7dd26b7bfcc4a37d1b5695c8,MYOLEG_V3_K0024,-0.03,0.03,0.6194444444444447,-0.06249999999999989,0.6819444444444446,0.6428571428571429,6,4,0.614545259320433,0.6451649736682047,0.45277777777777756,
rotated,4,P3,zero,1,SUBJECT_V3_dc591810eb0f2bbc9d5fb9d8,MYOLEG_V3_K0312,0.0,0.0,0.15277777777777773,0.3375,-0.1847222222222223,1.0,0,0,1.0,1.0,0.4527777777777777,SUBJECT_V3_f1c208a1347c685c4361cb26
rotated,4,P3,zero,2,SUBJECT_V3_f1c208a1347c685c4361cb26,MYOLEG_V3_K0624,0.03,0.03,0.15277777777777757,-0.8791666666666669,1.0319444444444446,0.75,1,1,1.0,0.7141326649281583,0.45277777777777756,SUBJECT_V3_dfb47519c8df7762ddaefaca
rotated,4,P3,zero,3,SUBJECT_V3_dfb47519c8df7762ddaefaca,MYOLEG_V3_K0600,0.03,-0.03,0.4861111111111111,-0.46250000000000013,0.9486111111111113,0.625,3,2,0.7141326649281583,0.614545259320433,0.45277777777777756,SUBJECT_V3_7dd26b7bfcc4a37d1b5695c8
rotated,4,P3,zero,4,SUBJECT_V3_7dd26b7bfcc4a37d1b5695c8,MYOLEG_V3_K0024,-0.03,0.03,0.6194444444444447,-0.06249999999999989,0.6819444444444446,0.6428571428571429,6,4,0.614545259320433,0.6451649736682047,0.45277777777777756,
mildly_nonlinear,0,P0,zero,1,SUBJECT_V3_dc591810eb0f2bbc9d5fb9d8,MYOLEG_V3_K0312,0.0,0.0,-0.0940972222222222,-0.03388888888888886,-0.060208333333333336,1.0,0,0,1.0,1.0,0.265315721966044,SUBJECT_V3_baccbf491d28d6b07444720d
mildly_nonlinear,0,P0,zero,2,SUBJECT_V3_baccbf491d28d6b07444720d,MYOLEG_V3_K0153,-0.015,-0.0225,-0.3197700831732998,-0.23597222222222222,-0.08379786095107758,0.75,1,1,1.0,0.7997693617272462,0.039642861014966446,SUBJECT_V3_542b8480aee3bef0b05216a9
mildly_nonlinear,0,P0,zero,3,SUBJECT_V3_542b8480aee3bef0b05216a9,MYOLEG_V3_K0060,-0.025,-0.005,-0.22245714327546842,-0.09722222222222221,-0.1252349210532462,0.875,3,3,0.7997693617272462,0.8775403690642165,0.039642861014966446,SUBJECT_V3_8849dd898f0a0bb3352500ea
mildly_nonlinear,0,P0,zero,4,SUBJECT_V3_8849dd898f0a0bb3352500ea,MYOLEG_V3_K0325,0.0025,-0.03,-0.025677375892456833,-0.059027777777777735,0.0333504018853209,0.7857142857142857,6,5,0.8775403690642165,0.7934214894466012,0.039642861014966446,
mildly_nonlinear,1,P0,zero,1,SUBJECT_V3_dc591810eb0f2bbc9d5fb9d8,MYOLEG_V3_K0312,0.0,0.0,-0.0940972222222222,-0.03388888888888886,-0.060208333333333336,1.0,0,0,1.0,1.0,0.265315721966044,SUBJECT_V3_baccbf491d28d6b07444720d
mildly_nonlinear,1,P0,zero,2,SUBJECT_V3_baccbf491d28d6b07444720d,MYOLEG_V3_K0153,-0.015,-0.0225,-0.3197700831732998,-0.23597222222222222,-0.08379786095107758,0.75,1,1,1.0,0.7997693617272462,0.039642861014966446,SUBJECT_V3_542b8480aee3bef0b05216a9
mildly_nonlinear,1,P0,zero,3,SUBJECT_V3_542b8480aee3bef0b05216a9,MYOLEG_V3_K0060,-0.025,-0.005,-0.22245714327546842,-0.09722222222222221,-0.1252349210532462,0.875,3,3,0.7997693617272462,0.8775403690642165,0.039642861014966446,SUBJECT_V3_8849dd898f0a0bb3352500ea
mildly_nonlinear,1,P0,zero,4,SUBJECT_V3_8849dd898f0a0bb3352500ea,MYOLEG_V3_K0325,0.0025,-0.03,-0.025677375892456833,-0.059027777777777735,0.0333504018853209,0.7857142857142857,6,5,0.8775403690642165,0.7934214894466012,0.039642861014966446,
mildly_nonlinear,2,P0,zero,1,SUBJECT_V3_dc591810eb0f2bbc9d5fb9d8,MYOLEG_V3_K0312,0.0,0.0,-0.0940972222222222,-0.03388888888888886,-0.060208333333333336,1.0,0,0,1.0,1.0,0.265315721966044,SUBJECT_V3_baccbf491d28d6b07444720d
mildly_nonlinear,2,P0,zero,2,SUBJECT_V3_baccbf491d28d6b07444720d,MYOLEG_V3_K0153,-0.015,-0.0225,-0.3197700831732998,-0.23597222222222222,-0.08379786095107758,0.75,1,1,1.0,0.7997693617272462,0.039642861014966446,SUBJECT_V3_542b8480aee3bef0b05216a9
mildly_nonlinear,2,P0,zero,3,SUBJECT_V3_542b8480aee3bef0b05216a9,MYOLEG_V3_K0060,-0.025,-0.005,-0.22245714327546842,-0.09722222222222221,-0.1252349210532462,0.875,3,3,0.7997693617272462,0.8775403690642165,0.039642861014966446,SUBJECT_V3_8849dd898f0a0bb3352500ea
mildly_nonlinear,2,P0,zero,4,SUBJECT_V3_8849dd898f0a0bb3352500ea,MYOLEG_V3_K0325,0.0025,-0.03,-0.025677375892456833,-0.059027777777777735,0.0333504018853209,0.7857142857142857,6,5,0.8775403690642165,0.7934214894466012,0.039642861014966446,
mildly_nonlinear,3,P0,zero,1,SUBJECT_V3_dc591810eb0f2bbc9d5fb9d8,MYOLEG_V3_K0312,0.0,0.0,-0.0940972222222222,-0.03388888888888886,-0.060208333333333336,1.0,0,0,1.0,1.0,0.265315721966044,SUBJECT_V3_baccbf491d28d6b07444720d
mildly_nonlinear,3,P0,zero,2,SUBJECT_V3_baccbf491d28d6b07444720d,MYOLEG_V3_K0153,-0.015,-0.0225,-0.3197700831732998,-0.23597222222222222,-0.08379786095107758,0.75,1,1,1.0,0.7997693617272462,0.039642861014966446,SUBJECT_V3_542b8480aee3bef0b05216a9
mildly_nonlinear,3,P0,zero,3,SUBJECT_V3_542b8480aee3bef0b05216a9,MYOLEG_V3_K0060,-0.025,-0.005,-0.22245714327546842,-0.09722222222222221,-0.1252349210532462,0.875,3,3,0.7997693617272462,0.8775403690642165,0.039642861014966446,SUBJECT_V3_8849dd898f0a0bb3352500ea
mildly_nonlinear,3,P0,zero,4,SUBJECT_V3_8849dd898f0a0bb3352500ea,MYOLEG_V3_K0325,0.0025,-0.03,-0.025677375892456833,-0.059027777777777735,0.0333504018853209,0.7857142857142857,6,5,0.8775403690642165,0.7934214894466012,0.039642861014966446,
mildly_nonlinear,4,P0,zero,1,SUBJECT_V3_dc591810eb0f2bbc9d5fb9d8,MYOLEG_V3_K0312,0.0,0.0,-0.0940972222222222,-0.03388888888888886,-0.060208333333333336,1.0,0,0,1.0,1.0,0.265315721966044,SUBJECT_V3_baccbf491d28d6b07444720d
mildly_nonlinear,4,P0,zero,2,SUBJECT_V3_baccbf491d28d6b07444720d,MYOLEG_V3_K0153,-0.015,-0.0225,-0.3197700831732998,-0.23597222222222222,-0.08379786095107758,0.75,1,1,1.0,0.7997693617272462,0.039642861014966446,SUBJECT_V3_542b8480aee3bef0b05216a9
mildly_nonlinear,4,P0,zero,3,SUBJECT_V3_542b8480aee3bef0b05216a9,MYOLEG_V3_K0060,-0.025,-0.005,-0.22245714327546842,-0.09722222222222221,-0.1252349210532462,0.875,3,3,0.7997693617272462,0.8775403690642165,0.039642861014966446,SUBJECT_V3_8849dd898f0a0bb3352500ea
mildly_nonlinear,4,P0,zero,4,SUBJECT_V3_8849dd898f0a0bb3352500ea,MYOLEG_V3_K0325,0.0025,-0.03,-0.025677375892456833,-0.059027777777777735,0.0333504018853209,0.7857142857142857,6,5,0.8775403690642165,0.7934214894466012,0.039642861014966446,
mildly_nonlinear,0,P1,zero,1,SUBJECT_V3_dc591810eb0f2bbc9d5fb9d8,MYOLEG_V3_K0312,0.0,0.0,-0.0940972222222222,-0.004999999999999949,-0.08909722222222224,1.0,0,0,1.0,1.0,0.265315721966044,SUBJECT_V3_b65e05ebb9f465213b4c72b4
mildly_nonlinear,0,P1,zero,2,SUBJECT_V3_b65e05ebb9f465213b4c72b4,MYOLEG_V3_K0201,-0.01,-0.0275,-0.2246743612711446,-0.23597222222222222,0.011297860951077626,0.75,1,1,1.0,0.7636657930054922,0.13473858291712165,SUBJECT_V3_ef15e45560967f3bd9418a26
mildly_nonlinear,0,P1,zero,3,SUBJECT_V3_ef15e45560967f3bd9418a26,MYOLEG_V3_K0426,0.0125,-0.0275,0.13056393798601923,-0.017222222222222194,0.14778616020824142,0.625,3,2,0.7636657930054922,0.6585720415415002,0.13473858291712165,SUBJECT_V3_8cf7393ce69e713f52629418
mildly_nonlinear,0,P1,zero,4,SUBJECT_V3_8cf7393ce69e713f52629418,MYOLEG_V3_K0058,-0.025,-0.01,-0.2731562128587558,-0.01388888888888884,-0.25926732396986696,0.5,6,3,0.6585720415415002,0.5479708872893719,0.08625673132951045,
mildly_nonlinear,1,P1,zero,1,SUBJECT_V3_dc591810eb0f2bbc9d5fb9d8,MYOLEG_V3_K0312,0.0,0.0,-0.0940972222222222,-0.004999999999999949,-0.08909722222222224,1.0,0,0,1.0,1.0,0.265315721966044,SUBJECT_V3_b65e05ebb9f465213b4c72b4
mildly_nonlinear,1,P1,zero,2,SUBJECT_V3_b65e05ebb9f465213b4c72b4,MYOLEG_V3_K0201,-0.01,-0.0275,-0.2246743612711446,-0.23597222222222222,0.011297860951077626,0.75,1,1,1.0,0.7636657930054922,0.13473858291712165,SUBJECT_V3_ef15e45560967f3bd9418a26
mildly_nonlinear,1,P1,zero,3,SUBJECT_V3_ef15e45560967f3bd9418a26,MYOLEG_V3_K0426,0.0125,-0.0275,0.13056393798601923,-0.017222222222222194,0.14778616020824142,0.625,3,2,0.7636657930054922,0.6585720415415002,0.13473858291712165,SUBJECT_V3_8cf7393ce69e713f52629418
mildly_nonlinear,1,P1,zero,4,SUBJECT_V3_8cf7393ce69e713f52629418,MYOLEG_V3_K0058,-0.025,-0.01,-0.2731562128587558,-0.01388888888888884,-0.25926732396986696,0.5,6,3,0.6585720415415002,0.5479708872893719,0.08625673132951045,
mildly_nonlinear,2,P1,zero,1,SUBJECT_V3_dc591810eb0f2bbc9d5fb9d8,MYOLEG_V3_K0312,0.0,0.0,-0.0940972222222222,-0.004999999999999949,-0.08909722222222224,1.0,0,0,1.0,1.0,0.265315721966044,SUBJECT_V3_b65e05ebb9f465213b4c72b4
mildly_nonlinear,2,P1,zero,2,SUBJECT_V3_b65e05ebb9f465213b4c72b4,MYOLEG_V3_K0201,-0.01,-0.0275,-0.2246743612711446,-0.23597222222222222,0.011297860951077626,0.75,1,1,1.0,0.7636657930054922,0.13473858291712165,SUBJECT_V3_ef15e45560967f3bd9418a26
mildly_nonlinear,2,P1,zero,3,SUBJECT_V3_ef15e45560967f3bd9418a26,MYOLEG_V3_K0426,0.0125,-0.0275,0.13056393798601923,-0.017222222222222194,0.14778616020824142,0.625,3,2,0.7636657930054922,0.6585720415415002,0.13473858291712165,SUBJECT_V3_8cf7393ce69e713f52629418
mildly_nonlinear,2,P1,zero,4,SUBJECT_V3_8cf7393ce69e713f52629418,MYOLEG_V3_K0058,-0.025,-0.01,-0.2731562128587558,-0.01388888888888884,-0.25926732396986696,0.5,6,3,0.6585720415415002,0.5479708872893719,0.08625673132951045,
mildly_nonlinear,3,P1,zero,1,SUBJECT_V3_dc591810eb0f2bbc9d5fb9d8,MYOLEG_V3_K0312,0.0,0.0,-0.0940972222222222,-0.004999999999999949,-0.08909722222222224,1.0,0,0,1.0,1.0,0.265315721966044,SUBJECT_V3_b65e05ebb9f465213b4c72b4
mildly_nonlinear,3,P1,zero,2,SUBJECT_V3_b65e05ebb9f465213b4c72b4,MYOLEG_V3_K0201,-0.01,-0.0275,-0.2246743612711446,-0.23597222222222222,0.011297860951077626,0.75,1,1,1.0,0.7636657930054922,0.13473858291712165,SUBJECT_V3_ef15e45560967f3bd9418a26
mildly_nonlinear,3,P1,zero,3,SUBJECT_V3_ef15e45560967f3bd9418a26,MYOLEG_V3_K0426,0.0125,-0.0275,0.13056393798601923,-0.017222222222222194,0.14778616020824142,0.625,3,2,0.7636657930054922,0.6585720415415002,0.13473858291712165,SUBJECT_V3_8cf7393ce69e713f52629418
mildly_nonlinear,3,P1,zero,4,SUBJECT_V3_8cf7393ce69e713f52629418,MYOLEG_V3_K0058,-0.025,-0.01,-0.2731562128587558,-0.01388888888888884,-0.25926732396986696,0.5,6,3,0.6585720415415002,0.5479708872893719,0.08625673132951045,
mildly_nonlinear,4,P1,zero,1,SUBJECT_V3_dc591810eb0f2bbc9d5fb9d8,MYOLEG_V3_K0312,0.0,0.0,-0.0940972222222222,-0.004999999999999949,-0.08909722222222224,1.0,0,0,1.0,1.0,0.265315721966044,SUBJECT_V3_b65e05ebb9f465213b4c72b4
mildly_nonlinear,4,P1,zero,2,SUBJECT_V3_b65e05ebb9f465213b4c72b4,MYOLEG_V3_K0201,-0.01,-0.0275,-0.2246743612711446,-0.23597222222222222,0.011297860951077626,0.75,1,1,1.0,0.7636657930054922,0.13473858291712165,SUBJECT_V3_ef15e45560967f3bd9418a26
mildly_nonlinear,4,P1,zero,3,SUBJECT_V3_ef15e45560967f3bd9418a26,MYOLEG_V3_K0426,0.0125,-0.0275,0.13056393798601923,-0.017222222222222194,0.14778616020824142,0.625,3,2,0.7636657930054922,0.6585720415415002,0.13473858291712165,SUBJECT_V3_8cf7393ce69e713f52629418
mildly_nonlinear,4,P1,zero,4,SUBJECT_V3_8cf7393ce69e713f52629418,MYOLEG_V3_K0058,-0.025,-0.01,-0.2731562128587558,-0.01388888888888884,-0.25926732396986696,0.5,6,3,0.6585720415415002,0.5479708872893719,0.08625673132951045,
mildly_nonlinear,0,P2,zero,1,SUBJECT_V3_dc591810eb0f2bbc9d5fb9d8,MYOLEG_V3_K0312,0.0,0.0,-0.0940972222222222,-0.1423611111111111,0.04826388888888891,1.0,0,0,1.0,1.0,0.265315721966044,SUBJECT_V3_cf7ba74885717d9f1b428746
mildly_nonlinear,0,P2,zero,2,SUBJECT_V3_cf7ba74885717d9f1b428746,MYOLEG_V3_K0275,-0.0025,-0.03,-0.09827193981355278,-0.14500000000000002,0.046728060186447234,0.75,1,1,1.0,0.7704955934714747,0.26114100437471344,SUBJECT_V3_01f27b7bcfd483626cc49496
mildly_nonlinear,0,P2,zero,3,SUBJECT_V3_01f27b7bcfd483626cc49496,MYOLEG_V3_K0082,-0.0225,-0.0125,-0.32459004287080706,-0.029583333333333378,-0.29500670953747365,0.375,3,1,0.7704955934714747,0.3874641617681229,0.03482290131745919,SUBJECT_V3_cd68d2f8206b90752486436d
mildly_nonlinear,0,P2,zero,4,SUBJECT_V3_cd68d2f8206b90752486436d,MYOLEG_V3_K0019,-0.03,0.0175,0.40677421213917403,0.3775000000000001,0.029274212139173916,0.6428571428571429,6,4,0.3874641617681229,0.6811885687020744,0.03482290131745919,
mildly_nonlinear,1,P2,zero,1,SUBJECT_V3_dc591810eb0f2bbc9d5fb9d8,MYOLEG_V3_K0312,0.0,0.0,-0.0940972222222222,-0.1423611111111111,0.04826388888888891,1.0,0,0,1.0,1.0,0.265315721966044,SUBJECT_V3_cf7ba74885717d9f1b428746
mildly_nonlinear,1,P2,zero,2,SUBJECT_V3_cf7ba74885717d9f1b428746,MYOLEG_V3_K0275,-0.0025,-0.03,-0.09827193981355278,-0.14500000000000002,0.046728060186447234,0.75,1,1,1.0,0.7704955934714747,0.26114100437471344,SUBJECT_V3_01f27b7bcfd483626cc49496
mildly_nonlinear,1,P2,zero,3,SUBJECT_V3_01f27b7bcfd483626cc49496,MYOLEG_V3_K0082,-0.0225,-0.0125,-0.32459004287080706,-0.029583333333333378,-0.29500670953747365,0.375,3,1,0.7704955934714747,0.3874641617681229,0.03482290131745919,SUBJECT_V3_cd68d2f8206b90752486436d
mildly_nonlinear,1,P2,zero,4,SUBJECT_V3_cd68d2f8206b90752486436d,MYOLEG_V3_K0019,-0.03,0.0175,0.40677421213917403,0.3775000000000001,0.029274212139173916,0.6428571428571429,6,4,0.3874641617681229,0.6811885687020744,0.03482290131745919,
mildly_nonlinear,2,P2,zero,1,SUBJECT_V3_dc591810eb0f2bbc9d5fb9d8,MYOLEG_V3_K0312,0.0,0.0,-0.0940972222222222,-0.1423611111111111,0.04826388888888891,1.0,0,0,1.0,1.0,0.265315721966044,SUBJECT_V3_cf7ba74885717d9f1b428746
mildly_nonlinear,2,P2,zero,2,SUBJECT_V3_cf7ba74885717d9f1b428746,MYOLEG_V3_K0275,-0.0025,-0.03,-0.09827193981355278,-0.14500000000000002,0.046728060186447234,0.75,1,1,1.0,0.7704955934714747,0.26114100437471344,SUBJECT_V3_01f27b7bcfd483626cc49496
mildly_nonlinear,2,P2,zero,3,SUBJECT_V3_01f27b7bcfd483626cc49496,MYOLEG_V3_K0082,-0.0225,-0.0125,-0.32459004287080706,-0.029583333333333378,-0.29500670953747365,0.375,3,1,0.7704955934714747,0.3874641617681229,0.03482290131745919,SUBJECT_V3_cd68d2f8206b90752486436d
mildly_nonlinear,2,P2,zero,4,SUBJECT_V3_cd68d2f8206b90752486436d,MYOLEG_V3_K0019,-0.03,0.0175,0.40677421213917403,0.3775000000000001,0.029274212139173916,0.6428571428571429,6,4,0.3874641617681229,0.6811885687020744,0.03482290131745919,
mildly_nonlinear,3,P2,zero,1,SUBJECT_V3_dc591810eb0f2bbc9d5fb9d8,MYOLEG_V3_K0312,0.0,0.0,-0.0940972222222222,-0.1423611111111111,0.04826388888888891,1.0,0,0,1.0,1.0,0.265315721966044,SUBJECT_V3_cf7ba74885717d9f1b428746
mildly_nonlinear,3,P2,zero,2,SUBJECT_V3_cf7ba74885717d9f1b428746,MYOLEG_V3_K0275,-0.0025,-0.03,-0.09827193981355278,-0.14500000000000002,0.046728060186447234,0.75,1,1,1.0,0.7704955934714747,0.26114100437471344,SUBJECT_V3_01f27b7bcfd483626cc49496
mildly_nonlinear,3,P2,zero,3,SUBJECT_V3_01f27b7bcfd483626cc49496,MYOLEG_V3_K0082,-0.0225,-0.0125,-0.32459004287080706,-0.029583333333333378,-0.29500670953747365,0.375,3,1,0.7704955934714747,0.3874641617681229,0.03482290131745919,SUBJECT_V3_cd68d2f8206b90752486436d
mildly_nonlinear,3,P2,zero,4,SUBJECT_V3_cd68d2f8206b90752486436d,MYOLEG_V3_K0019,-0.03,0.0175,0.40677421213917403,0.3775000000000001,0.029274212139173916,0.6428571428571429,6,4,0.3874641617681229,0.6811885687020744,0.03482290131745919,
mildly_nonlinear,4,P2,zero,1,SUBJECT_V3_dc591810eb0f2bbc9d5fb9d8,MYOLEG_V3_K0312,0.0,0.0,-0.0940972222222222,-0.1423611111111111,0.04826388888888891,1.0,0,0,1.0,1.0,0.265315721966044,SUBJECT_V3_cf7ba74885717d9f1b428746
mildly_nonlinear,4,P2,zero,2,SUBJECT_V3_cf7ba74885717d9f1b428746,MYOLEG_V3_K0275,-0.0025,-0.03,-0.09827193981355278,-0.14500000000000002,0.046728060186447234,0.75,1,1,1.0,0.7704955934714747,0.26114100437471344,SUBJECT_V3_01f27b7bcfd483626cc49496
mildly_nonlinear,4,P2,zero,3,SUBJECT_V3_01f27b7bcfd483626cc49496,MYOLEG_V3_K0082,-0.0225,-0.0125,-0.32459004287080706,-0.029583333333333378,-0.29500670953747365,0.375,3,1,0.7704955934714747,0.3874641617681229,0.03482290131745919,SUBJECT_V3_cd68d2f8206b90752486436d
mildly_nonlinear,4,P2,zero,4,SUBJECT_V3_cd68d2f8206b90752486436d,MYOLEG_V3_K0019,-0.03,0.0175,0.40677421213917403,0.3775000000000001,0.029274212139173916,0.6428571428571429,6,4,0.3874641617681229,0.6811885687020744,0.03482290131745919,
mildly_nonlinear,0,P3,zero,1,SUBJECT_V3_dc591810eb0f2bbc9d5fb9d8,MYOLEG_V3_K0312,0.0,0.0,-0.0940972222222222,0.35416666666666663,-0.4482638888888888,1.0,0,0,1.0,1.0,0.265315721966044,SUBJECT_V3_d90982882613082cf20176fc
mildly_nonlinear,0,P3,zero,2,SUBJECT_V3_d90982882613082cf20176fc,MYOLEG_V3_K0000,-0.03,-0.03,-0.15887177101658717,-0.8291666666666666,0.6702948956500794,0.75,1,1,1.0,0.7183400943810356,0.20054117317167908,SUBJECT_V3_dfb47519c8df7762ddaefaca
mildly_nonlinear,0,P3,zero,3,SUBJECT_V3_dfb47519c8df7762ddaefaca,MYOLEG_V3_K0600,0.03,-0.03,0.6762584005212524,-0.24583333333333346,0.9220917338545859,0.625,3,2,0.7183400943810356,0.6116375012927739,0.20054117317167908,SUBJECT_V3_7dd26b7bfcc4a37d1b5695c8
mildly_nonlinear,0,P3,zero,4,SUBJECT_V3_7dd26b7bfcc4a37d1b5695c8,MYOLEG_V3_K0024,-0.03,0.03,0.8355471550343032,-0.24583333333333313,1.0813804883676363,0.5833333333333334,5,3,0.6116375012927739,0.5825070938015551,0.20054117317167908,
mildly_nonlinear,1,P3,zero,1,SUBJECT_V3_dc591810eb0f2bbc9d5fb9d8,MYOLEG_V3_K0312,0.0,0.0,-0.0940972222222222,0.35416666666666663,-0.4482638888888888,1.0,0,0,1.0,1.0,0.265315721966044,SUBJECT_V3_d90982882613082cf20176fc
mildly_nonlinear,1,P3,zero,2,SUBJECT_V3_d90982882613082cf20176fc,MYOLEG_V3_K0000,-0.03,-0.03,-0.15887177101658717,-0.8291666666666666,0.6702948956500794,0.75,1,1,1.0,0.7183400943810356,0.20054117317167908,SUBJECT_V3_dfb47519c8df7762ddaefaca
mildly_nonlinear,1,P3,zero,3,SUBJECT_V3_dfb47519c8df7762ddaefaca,MYOLEG_V3_K0600,0.03,-0.03,0.6762584005212524,-0.24583333333333346,0.9220917338545859,0.625,3,2,0.7183400943810356,0.6116375012927739,0.20054117317167908,SUBJECT_V3_7dd26b7bfcc4a37d1b5695c8
mildly_nonlinear,1,P3,zero,4,SUBJECT_V3_7dd26b7bfcc4a37d1b5695c8,MYOLEG_V3_K0024,-0.03,0.03,0.8355471550343032,-0.24583333333333313,1.0813804883676363,0.5833333333333334,5,3,0.6116375012927739,0.5825070938015551,0.20054117317167908,
mildly_nonlinear,2,P3,zero,1,SUBJECT_V3_dc591810eb0f2bbc9d5fb9d8,MYOLEG_V3_K0312,0.0,0.0,-0.0940972222222222,0.35416666666666663,-0.4482638888888888,1.0,0,0,1.0,1.0,0.265315721966044,SUBJECT_V3_d90982882613082cf20176fc
mildly_nonlinear,2,P3,zero,2,SUBJECT_V3_d90982882613082cf20176fc,MYOLEG_V3_K0000,-0.03,-0.03,-0.15887177101658717,-0.8291666666666666,0.6702948956500794,0.75,1,1,1.0,0.7183400943810356,0.20054117317167908,SUBJECT_V3_dfb47519c8df7762ddaefaca
mildly_nonlinear,2,P3,zero,3,SUBJECT_V3_dfb47519c8df7762ddaefaca,MYOLEG_V3_K0600,0.03,-0.03,0.6762584005212524,-0.24583333333333346,0.9220917338545859,0.625,3,2,0.7183400943810356,0.6116375012927739,0.20054117317167908,SUBJECT_V3_7dd26b7bfcc4a37d1b5695c8
mildly_nonlinear,2,P3,zero,4,SUBJECT_V3_7dd26b7bfcc4a37d1b5695c8,MYOLEG_V3_K0024,-0.03,0.03,0.8355471550343032,-0.24583333333333313,1.0813804883676363,0.5833333333333334,5,3,0.6116375012927739,0.5825070938015551,0.20054117317167908,
mildly_nonlinear,3,P3,zero,1,SUBJECT_V3_dc591810eb0f2bbc9d5fb9d8,MYOLEG_V3_K0312,0.0,0.0,-0.0940972222222222,0.35416666666666663,-0.4482638888888888,1.0,0,0,1.0,1.0,0.265315721966044,SUBJECT_V3_d90982882613082cf20176fc
mildly_nonlinear,3,P3,zero,2,SUBJECT_V3_d90982882613082cf20176fc,MYOLEG_V3_K0000,-0.03,-0.03,-0.15887177101658717,-0.8291666666666666,0.6702948956500794,0.75,1,1,1.0,0.7183400943810356,0.20054117317167908,SUBJECT_V3_dfb47519c8df7762ddaefaca
mildly_nonlinear,3,P3,zero,3,SUBJECT_V3_dfb47519c8df7762ddaefaca,MYOLEG_V3_K0600,0.03,-0.03,0.6762584005212524,-0.24583333333333346,0.9220917338545859,0.625,3,2,0.7183400943810356,0.6116375012927739,0.20054117317167908,SUBJECT_V3_7dd26b7bfcc4a37d1b5695c8
mildly_nonlinear,3,P3,zero,4,SUBJECT_V3_7dd26b7bfcc4a37d1b5695c8,MYOLEG_V3_K0024,-0.03,0.03,0.8355471550343032,-0.24583333333333313,1.0813804883676363,0.5833333333333334,5,3,0.6116375012927739,0.5825070938015551,0.20054117317167908,
mildly_nonlinear,4,P3,zero,1,SUBJECT_V3_dc591810eb0f2bbc9d5fb9d8,MYOLEG_V3_K0312,0.0,0.0,-0.0940972222222222,0.35416666666666663,-0.4482638888888888,1.0,0,0,1.0,1.0,0.265315721966044,SUBJECT_V3_d90982882613082cf20176fc
mildly_nonlinear,4,P3,zero,2,SUBJECT_V3_d90982882613082cf20176fc,MYOLEG_V3_K0000,-0.03,-0.03,-0.15887177101658717,-0.8291666666666666,0.6702948956500794,0.75,1,1,1.0,0.7183400943810356,0.20054117317167908,SUBJECT_V3_dfb47519c8df7762ddaefaca
mildly_nonlinear,4,P3,zero,3,SUBJECT_V3_dfb47519c8df7762ddaefaca,MYOLEG_V3_K0600,0.03,-0.03,0.6762584005212524,-0.24583333333333346,0.9220917338545859,0.625,3,2,0.7183400943810356,0.6116375012927739,0.20054117317167908,SUBJECT_V3_7dd26b7bfcc4a37d1b5695c8
mildly_nonlinear,4,P3,zero,4,SUBJECT_V3_7dd26b7bfcc4a37d1b5695c8,MYOLEG_V3_K0024,-0.03,0.03,0.8355471550343032,-0.24583333333333313,1.0813804883676363,0.5833333333333334,5,3,0.6116375012927739,0.5825070938015551,0.20054117317167908,
smooth_convex,0,P0,low,1,SUBJECT_V3_dc591810eb0f2bbc9d5fb9d8,MYOLEG_V3_K0312,0.0,0.0,-0.0955855960452955,-0.1209722222222222,0.025386626176926705,1.0,0,0,1.0,1.0,0.14548611111111112,SUBJECT_V3_9d4e1ef718c429b7c2f5412b
smooth_convex,0,P0,low,2,SUBJECT_V3_9d4e1ef718c429b7c2f5412b,MYOLEG_V3_K0505,0.02,-0.0175,-0.16527139706334337,-0.19499999999999998,0.029728602936656606,1.0,0,0,1.0,0.995517775038742,0.0625,SUBJECT_V3_d68b6792cbe8a6c145d7315a
smooth_convex,0,P0,low,3,SUBJECT_V3_d68b6792cbe8a6c145d7315a,MYOLEG_V3_K0539,0.0225,0.005,-0.048792932301923025,-0.09944444444444445,0.05065151214252142,0.75,1,1,0.995517775038742,0.7880745634206392,0.0625,SUBJECT_V3_1be947ed266d3f09b5dc05c4
smooth_convex,0,P0,low,4,SUBJECT_V3_1be947ed266d3f09b5dc05c4,MYOLEG_V3_K0301,0.0,-0.0275,-0.032217479709811925,-0.03388888888888886,0.0016714091790769325,0.8333333333333334,2,2,0.7880745634206392,0.8493887941260095,0.0625,
smooth_convex,1,P0,low,1,SUBJECT_V3_dc591810eb0f2bbc9d5fb9d8,MYOLEG_V3_K0312,0.0,0.0,-0.09394840491710711,-0.1209722222222222,0.02702381730511509,1.0,0,0,1.0,1.0,0.14548611111111112,SUBJECT_V3_9d4e1ef718c429b7c2f5412b
smooth_convex,1,P0,low,2,SUBJECT_V3_9d4e1ef718c429b7c2f5412b,MYOLEG_V3_K0505,0.02,-0.0175,-0.16826628643694785,-0.19499999999999998,0.026733713563052125,1.0,0,0,1.0,0.9996979911677326,0.0625,SUBJECT_V3_d68b6792cbe8a6c145d7315a
smooth_convex,1,P0,low,3,SUBJECT_V3_d68b6792cbe8a6c145d7315a,MYOLEG_V3_K0539,0.0225,0.005,-0.036706025460761904,-0.09944444444444445,0.06273841898368254,0.75,1,1,0.9996979911677326,0.7762319678708551,0.0625,SUBJECT_V3_1be947ed266d3f09b5dc05c4
smooth_convex,1,P0,low,4,SUBJECT_V3_1be947ed266d3f09b5dc05c4,MYOLEG_V3_K0301,0.0,-0.0275,0.048153719733644115,-0.03388888888888886,0.08204260862253297,0.9,4,4,0.7762319678708551,0.8985220028920148,0.0625,
smooth_convex,2,P0,low,1,SUBJECT_V3_dc591810eb0f2bbc9d5fb9d8,MYOLEG_V3_K0312,0.0,0.0,-0.11576434150298578,-0.1209722222222222,0.0052078807192364185,1.0,0,0,1.0,1.0,0.14548611111111112,SUBJECT_V3_06224536449f8069e4cc7c45
smooth_convex,2,P0,low,2,SUBJECT_V3_06224536449f8069e4cc7c45,MYOLEG_V3_K0480,0.0175,-0.0175,-0.19293553324089713,-0.21236111111111108,0.019425577870213956,1.0,0,0,1.0,0.985620041292063,0.04340277777777779,SUBJECT_V3_d68b6792cbe8a6c145d7315a
smooth_convex,2,P0,low,3,SUBJECT_V3_d68b6792cbe8a6c145d7315a,MYOLEG_V3_K0539,0.0225,0.005,-0.07335676073797898,-0.09944444444444445,0.02608768370646547,0.75,1,1,0.985620041292063,0.7943101354600562,0.04340277777777779,SUBJECT_V3_9307d645182c95aa796075b4
smooth_convex,2,P0,low,4,SUBJECT_V3_9307d645182c95aa796075b4,MYOLEG_V3_K0276,-0.0025,-0.0275,0.06808636169164195,0.004305555555555618,0.06378080613608633,0.9,4,4,0.7943101354600562,0.904410778756932,0.04340277777777779,
smooth_convex,3,P0,low,1,SUBJECT_V3_dc591810eb0f2bbc9d5fb9d8,MYOLEG_V3_K0312,0.0,0.0,-0.10845941839424893,-0.1209722222222222,0.012512803827973276,1.0,0,0,1.0,1.0,0.14548611111111112,SUBJECT_V3_9d4e1ef718c429b7c2f5412b
smooth_convex,3,P0,low,2,SUBJECT_V3_9d4e1ef718c429b7c2f5412b,MYOLEG_V3_K0505,0.02,-0.0175,-0.20002734550847068,-0.19499999999999998,-0.005027345508470699,0.75,1,1,1.0,0.7948806970339215,0.0625,SUBJECT_V3_72084db7a05a2ced0ff40eb0
smooth_convex,3,P0,low,3,SUBJECT_V3_72084db7a05a2ced0ff40eb0,MYOLEG_V3_K0564,0.025,0.005,-0.05980390924433806,-0.06819444444444445,0.008390535200106387,0.8333333333333334,2,2,0.7948806970339215,0.8609609302862551,0.0625,SUBJECT_V3_c3a2fd3cd1e38649ca2a5fc9
smooth_convex,3,P0,low,4,SUBJECT_V3_c3a2fd3cd1e38649ca2a5fc9,MYOLEG_V3_K0302,0.0,-0.025,-0.04869129423478447,-0.06819444444444439,0.019503150209659918,0.875,3,3,0.8609609302862551,0.8916862445567968,0.0625,
smooth_convex,4,P0,low,1,SUBJECT_V3_dc591810eb0f2bbc9d5fb9d8,MYOLEG_V3_K0312,0.0,0.0,-0.12255424413209795,-0.1209722222222222,-0.001582021909875747,1.0,0,0,1.0,1.0,0.14548611111111112,SUBJECT_V3_06224536449f8069e4cc7c45
smooth_convex,4,P0,low,2,SUBJECT_V3_06224536449f8069e4cc7c45,MYOLEG_V3_K0480,0.0175,-0.0175,-0.20719060694440944,-0.21236111111111108,0.005170504166701645,1.0,0,0,1.0,0.9930641481217883,0.04340277777777779,SUBJECT_V3_d68b6792cbe8a6c145d7315a
smooth_convex,4,P0,low,3,SUBJECT_V3_d68b6792cbe8a6c145d7315a,MYOLEG_V3_K0539,0.0225,0.005,-0.08093219885957169,-0.09944444444444445,0.018512245584872758,0.75,1,1,0.9930641481217883,0.795976947455429,0.04340277777777779,SUBJECT_V3_9307d645182c95aa796075b4
smooth_convex,4,P0,low,4,SUBJECT_V3_9307d645182c95aa796075b4,MYOLEG_V3_K0276,-0.0025,-0.0275,-0.0012196807555629394,0.004305555555555618,-0.005525236311118557,0.875,3,3,0.795976947455429,0.8956001971924947,0.04340277777777779,
smooth_convex,0,P1,low,1,SUBJECT_V3_dc591810eb0f2bbc9d5fb9d8,MYOLEG_V3_K0312,0.0,0.0,-0.0955855960452955,0.015138888888888924,-0.11072448493418442,1.0,0,0,1.0,1.0,0.14548611111111112,SUBJECT_V3_a08b564b4efbb3af7d71ae19
smooth_convex,0,P1,low,2,SUBJECT_V3_a08b564b4efbb3af7d71ae19,MYOLEG_V3_K0504,0.02,-0.02,-0.1646145444413688,-0.23597222222222222,0.07135767778085342,1.0,0,0,1.0,0.9239743612126343,0.08437500000000003,SUBJECT_V3_45882d8f77237893a7f1f417
smooth_convex,0,P1,low,3,SUBJECT_V3_45882d8f77237893a7f1f417,MYOLEG_V3_K0563,0.025,0.0025,-0.026381122774941312,-0.08944444444444447,0.06306332166950315,0.75,1,1,0.9239743612126343,0.7300758715739193,0.08437500000000003,SUBJECT_V3_0fba42d7590046435a2c1be6
smooth_convex,0,P1,low,4,SUBJECT_V3_0fba42d7590046435a2c1be6,MYOLEG_V3_K0300,0.0,-0.03,0.0702186105867159,0.015138888888888924,0.055079721697826975,0.875,3,3,0.7300758715739193,0.8343421809793043,0.08437500000000003,
smooth_convex,1,P1,low,1,SUBJECT_V3_dc591810eb0f2bbc9d5fb9d8,MYOLEG_V3_K0312,0.0,0.0,-0.09394840491710711,0.015138888888888924,-0.10908729380599604,1.0,0,0,1.0,1.0,0.14548611111111112,SUBJECT_V3_a08b564b4efbb3af7d71ae19
smooth_convex,1,P1,low,2,SUBJECT_V3_a08b564b4efbb3af7d71ae19,MYOLEG_V3_K0504,0.02,-0.02,-0.15052699532315192,-0.23597222222222222,0.0854452268990703,1.0,0,0,1.0,0.9197144643075637,0.08437500000000003,SUBJECT_V3_45882d8f77237893a7f1f417
smooth_convex,1,P1,low,3,SUBJECT_V3_45882d8f77237893a7f1f417,MYOLEG_V3_K0563,0.025,0.0025,-0.09784284130696069,-0.08944444444444447,-0.008398396862516228,1.0,0,0,0.9197144643075637,0.9321809676394821,0.08437500000000003,SUBJECT_V3_c3a2fd3cd1e38649ca2a5fc9
smooth_convex,1,P1,low,4,SUBJECT_V3_c3a2fd3cd1e38649ca2a5fc9,MYOLEG_V3_K0302,0.0,-0.025,-0.06362936422063376,-0.03763888888888883,-0.025990475331744922,0.75,1,1,0.9321809676394821,0.7523119941454104,0.08437500000000003,
smooth_convex,2,P1,low,1,SUBJECT_V3_dc591810eb0f2bbc9d5fb9d8,MYOLEG_V3_K0312,0.0,0.0,-0.11576434150298578,0.015138888888888924,-0.1309032303918747,1.0,0,0,1.0,1.0,0.14548611111111112,SUBJECT_V3_a08b564b4efbb3af7d71ae19
smooth_convex,2,P1,low,2,SUBJECT_V3_a08b564b4efbb3af7d71ae19,MYOLEG_V3_K0504,0.02,-0.02,-0.1859719974601468,-0.23597222222222222,0.05000022476207541,1.0,0,0,1.0,0.9243831557985887,0.08437500000000003,SUBJECT_V3_45882d8f77237893a7f1f417
smooth_convex,2,P1,low,3,SUBJECT_V3_45882d8f77237893a7f1f417,MYOLEG_V3_K0563,0.025,0.0025,-0.09208018340806201,-0.08944444444444447,-0.0026357389636175454,0.75,1,1,0.9243831557985887,0.7442596674475123,0.08437500000000003,SUBJECT_V3_0fba42d7590046435a2c1be6
smooth_convex,2,P1,low,4,SUBJECT_V3_0fba42d7590046435a2c1be6,MYOLEG_V3_K0300,0.0,-0.03,0.047371327759258945,0.015138888888888924,0.03223243887037002,0.875,3,3,0.7442596674475123,0.8409973816783283,0.08437500000000003,
smooth_convex,3,P1,low,1,SUBJECT_V3_dc591810eb0f2bbc9d5fb9d8,MYOLEG_V3_K0312,0.0,0.0,-0.10845941839424893,0.015138888888888924,-0.12359830728313785,1.0,0,0,1.0,1.0,0.14548611111111112,SUBJECT_V3_a08b564b4efbb3af7d71ae19
smooth_convex,3,P1,low,2,SUBJECT_V3_a08b564b4efbb3af7d71ae19,MYOLEG_V3_K0504,0.02,-0.02,-0.17425050674438586,-0.23597222222222222,0.061721715477836364,1.0,0,0,1.0,0.9228563447786369,0.08437500000000003,SUBJECT_V3_45882d8f77237893a7f1f417
smooth_convex,3,P1,low,3,SUBJECT_V3_45882d8f77237893a7f1f417,MYOLEG_V3_K0563,0.025,0.0025,-0.09758734774027139,-0.08944444444444447,-0.008142903295826925,1.0,0,0,0.9228563447786369,0.9333121416205079,0.08437500000000003,SUBJECT_V3_c3a2fd3cd1e38649ca2a5fc9
smooth_convex,3,P1,low,4,SUBJECT_V3_c3a2fd3cd1e38649ca2a5fc9,MYOLEG_V3_K0302,0.0,-0.025,-0.04869129423478447,-0.03763888888888883,-0.01105240534589564,0.75,1,1,0.9333121416205079,0.7537681691031608,0.08437500000000003,
smooth_convex,4,P1,low,1,SUBJECT_V3_dc591810eb0f2bbc9d5fb9d8,MYOLEG_V3_K0312,0.0,0.0,-0.12255424413209795,0.015138888888888924,-0.13769313302098687,1.0,0,0,1.0,1.0,0.14548611111111112,SUBJECT_V3_a08b564b4efbb3af7d71ae19
smooth_convex,4,P1,low,2,SUBJECT_V3_a08b564b4efbb3af7d71ae19,MYOLEG_V3_K0504,0.02,-0.02,-0.16697700414717886,-0.23597222222222222,0.06899521807504336,1.0,0,0,1.0,0.9156559945473732,0.08437500000000003,SUBJECT_V3_45882d8f77237893a7f1f417
smooth_convex,4,P1,low,3,SUBJECT_V3_45882d8f77237893a7f1f417,MYOLEG_V3_K0563,0.025,0.0025,-0.0687559464372522,-0.08944444444444447,0.02068849800719226,0.75,1,1,0.9156559945473732,0.7333441202012464,0.08437500000000003,SUBJECT_V3_0fba42d7590046435a2c1be6
smooth_convex,4,P1,low,4,SUBJECT_V3_0fba42d7590046435a2c1be6,MYOLEG_V3_K0300,0.0,-0.03,0.08602355597316037,0.015138888888888924,0.07088466708427145,0.875,3,3,0.7333441202012464,0.8288311274251007,0.08437500000000003,
smooth_convex,0,P2,low,1,SUBJECT_V3_dc591810eb0f2bbc9d5fb9d8,MYOLEG_V3_K0312,0.0,0.0,-0.0955855960452955,0.027500000000000024,-0.12308559604529552,1.0,0,0,1.0,1.0,0.14548611111111112,SUBJECT_V3_acf3dbe08bfe0d2ebb6b99d7
smooth_convex,0,P2,low,2,SUBJECT_V3_acf3dbe08bfe0d2ebb6b99d7,MYOLEG_V3_K0583,0.0275,-0.01,-0.09727719986850997,-0.18791666666666668,0.09063946679815671,1.0,0,0,1.0,0.9022291986571609,0.1375,SUBJECT_V3_bdd574f50c02bccfaa86d2f2
smooth_convex,0,P2,low,3,SUBJECT_V3_bdd574f50c02bccfaa86d2f2,MYOLEG_V3_K0544,0.0225,0.0175,0.21790130338133995,-0.04722222222222222,0.26512352560356217,0.5,2,1,0.9022291986571609,0.5258150464272487,0.1375,SUBJECT_V3_74d5a00bcc933eb8d0135feb
smooth_convex,0,P2,low,4,SUBJECT_V3_74d5a00bcc933eb8d0135feb,MYOLEG_V3_K0400,0.01,-0.03,-0.06342670635696371,-0.010277777777777802,-0.053148928579185906,0.375,3,1,0.5258150464272487,0.4361057390081503,0.1375,
smooth_convex,1,P2,low,1,SUBJECT_V3_dc591810eb0f2bbc9d5fb9d8,MYOLEG_V3_K0312,0.0,0.0,-0.09394840491710711,0.027500000000000024,-0.12144840491710714,1.0,0,0,1.0,1.0,0.14548611111111112,SUBJECT_V3_acf3dbe08bfe0d2ebb6b99d7
smooth_convex,1,P2,low,2,SUBJECT_V3_acf3dbe08bfe0d2ebb6b99d7,MYOLEG_V3_K0583,0.0275,-0.01,-0.1333449508718976,-0.18791666666666668,0.05457171579476908,1.0,0,0,1.0,0.9161520906649829,0.1375,SUBJECT_V3_3e63fe28990153a12897b0e2
smooth_convex,1,P2,low,3,SUBJECT_V3_3e63fe28990153a12897b0e2,MYOLEG_V3_K0543,0.0225,0.015,0.15581198377785144,-0.07625000000000001,0.23206198377785145,0.5,2,1,0.9161520906649829,0.5267676034440502,0.1375,SUBJECT_V3_33d44533b68acab8662eb2a6
smooth_convex,1,P2,low,4,SUBJECT_V3_33d44533b68acab8662eb2a6,MYOLEG_V3_K0425,0.0125,-0.03,-0.07376476485758458,-0.034027777777777796,-0.03973698707980679,0.375,3,1,0.5267676034440502,0.438687860884838,0.1375,
smooth_convex,2,P2,low,1,SUBJECT_V3_dc591810eb0f2bbc9d5fb9d8,MYOLEG_V3_K0312,0.0,0.0,-0.11576434150298578,0.027500000000000024,-0.1432643415029858,1.0,0,0,1.0,1.0,0.14548611111111112,SUBJECT_V3_acf3dbe08bfe0d2ebb6b99d7
smooth_convex,2,P2,low,2,SUBJECT_V3_acf3dbe08bfe0d2ebb6b99d7,MYOLEG_V3_K0583,0.0275,-0.01,-0.10195463866516889,-0.18791666666666668,0.08596202800149778,1.0,0,0,1.0,0.8968493819608145,0.1375,SUBJECT_V3_bdd574f50c02bccfaa86d2f2
smooth_convex,2,P2,low,3,SUBJECT_V3_bdd574f50c02bccfaa86d2f2,MYOLEG_V3_K0544,0.0225,0.0175,0.164827740012652,-0.04722222222222222,0.2120499622348742,0.5,2,1,0.8968493819608145,0.5209342598832204,0.1375,SUBJECT_V3_74d5a00bcc933eb8d0135feb
smooth_convex,2,P2,low,4,SUBJECT_V3_74d5a00bcc933eb8d0135feb,MYOLEG_V3_K0400,0.01,-0.03,-0.03770461740585579,-0.010277777777777802,-0.027426839628077987,0.375,3,1,0.5209342598832204,0.4374806937773517,0.1375,
smooth_convex,3,P2,low,1,SUBJECT_V3_dc591810eb0f2bbc9d5fb9d8,MYOLEG_V3_K0312,0.0,0.0,-0.10845941839424893,0.027500000000000024,-0.13595941839424897,1.0,0,0,1.0,1.0,0.14548611111111112,SUBJECT_V3_acf3dbe08bfe0d2ebb6b99d7
smooth_convex,3,P2,low,2,SUBJECT_V3_acf3dbe08bfe0d2ebb6b99d7,MYOLEG_V3_K0583,0.0275,-0.01,-0.12461804512793717,-0.18791666666666668,0.0632986215387295,1.0,0,0,1.0,0.9074277203407288,0.1375,SUBJECT_V3_3e63fe28990153a12897b0e2
smooth_convex,3,P2,low,3,SUBJECT_V3_3e63fe28990153a12897b0e2,MYOLEG_V3_K0543,0.0225,0.015,0.12099993059291547,-0.07625000000000001,0.19724993059291548,0.5,2,1,0.9074277203407288,0.5171791004107368,0.1375,SUBJECT_V3_74d5a00bcc933eb8d0135feb
smooth_convex,3,P2,low,4,SUBJECT_V3_74d5a00bcc933eb8d0135feb,MYOLEG_V3_K0400,0.01,-0.03,-0.0609177208181937,-0.010277777777777802,-0.0506399430404159,0.375,3,1,0.5171791004107368,0.4311169720886838,0.1375,
smooth_convex,4,P2,low,1,SUBJECT_V3_dc591810eb0f2bbc9d5fb9d8,MYOLEG_V3_K0312,0.0,0.0,-0.12255424413209795,0.027500000000000024,-0.15005424413209797,1.0,0,0,1.0,1.0,0.14548611111111112,SUBJECT_V3_acf3dbe08bfe0d2ebb6b99d7
smooth_convex,4,P2,low,2,SUBJECT_V3_acf3dbe08bfe0d2ebb6b99d7,MYOLEG_V3_K0583,0.0275,-0.01,-0.17161143099056628,-0.18791666666666668,0.0163052356761004,1.0,0,0,1.0,0.9199198284996155,0.1375,SUBJECT_V3_3e63fe28990153a12897b0e2
smooth_convex,4,P2,low,3,SUBJECT_V3_3e63fe28990153a12897b0e2,MYOLEG_V3_K0543,0.0225,0.015,0.1097618587264175,-0.07625000000000001,0.1860118587264175,0.5,2,1,0.9199198284996155,0.5285204688047249,0.1375,SUBJECT_V3_33d44533b68acab8662eb2a6
smooth_convex,4,P2,low,4,SUBJECT_V3_33d44533b68acab8662eb2a6,MYOLEG_V3_K0425,0.0125,-0.03,-0.020073993691915155,-0.034027777777777796,0.01395378408586264,0.4166666666666667,5,2,0.5285204688047249,0.47637655670680845,0.1375,
smooth_convex,0,P3,low,1,SUBJECT_V3_dc591810eb0f2bbc9d5fb9d8,MYOLEG_V3_K0312,0.0,0.0,-0.0955855960452955,0.4114583333333333,-0.5070439293786289,1.0,0,0,1.0,1.0,0.14548611111111112,SUBJECT_V3_dfb47519c8df7762ddaefaca
smooth_convex,0,P3,low,2,SUBJECT_V3_dfb47519c8df7762ddaefaca,MYOLEG_V3_K0600,0.03,-0.03,0.13493549074834282,-0.6468749999999999,0.7818104907483427,0.25,1,0,1.0,0.3234861874624716,0.14548611111111112,SUBJECT_V3_f1c208a1347c685c4361cb26
smooth_convex,0,P3,low,3,SUBJECT_V3_f1c208a1347c685c4361cb26,MYOLEG_V3_K0624,0.03,0.03,0.7646375175895465,-0.3135416666666664,1.078179184256213,0.375,3,1,0.3234861874624716,0.402761119144108,0.14548611111111112,SUBJECT_V3_d90982882613082cf20176fc
smooth_convex,0,P3,low,4,SUBJECT_V3_d90982882613082cf20176fc,MYOLEG_V3_K0000,-0.03,-0.03,1.025711179594561,-0.06354166666666672,1.0892528462612279,0.5,6,3,0.402761119144108,0.505321899164006,0.14548611111111112,
smooth_convex,1,P3,low,1,SUBJECT_V3_dc591810eb0f2bbc9d5fb9d8,MYOLEG_V3_K0312,0.0,0.0,-0.09394840491710711,0.4114583333333333,-0.5054067382504405,1.0,0,0,1.0,1.0,0.14548611111111112,SUBJECT_V3_dfb47519c8df7762ddaefaca
smooth_convex,1,P3,low,2,SUBJECT_V3_dfb47519c8df7762ddaefaca,MYOLEG_V3_K0600,0.03,-0.03,0.14628381873166185,-0.6468749999999999,0.7931588187316617,0.25,1,0,1.0,0.32286372018690457,0.14548611111111112,SUBJECT_V3_f1c208a1347c685c4361cb26
smooth_convex,1,P3,low,3,SUBJECT_V3_f1c208a1347c685c4361cb26,MYOLEG_V3_K0624,0.03,0.03,0.7201519697481503,-0.3135416666666664,1.0336936364148168,0.375,3,1,0.32286372018690457,0.4028828290952389,0.14548611111111112,SUBJECT_V3_d90982882613082cf20176fc
smooth_convex,1,P3,low,4,SUBJECT_V3_d90982882613082cf20176fc,MYOLEG_V3_K0000,-0.03,-0.03,1.0713510891052993,-0.06354166666666672,1.1348927557719661,0.5,6,3,0.4028828290952389,0.50942383615147,0.14548611111111112,
smooth_convex,2,P3,low,1,SUBJECT_V3_dc591810eb0f2bbc9d5fb9d8,MYOLEG_V3_K0312,0.0,0.0,-0.11576434150298578,0.4114583333333333,-0.5272226748363191,1.0,0,0,1.0,1.0,0.14548611111111112,SUBJECT_V3_dfb47519c8df7762ddaefaca
smooth_convex,2,P3,low,2,SUBJECT_V3_dfb47519c8df7762ddaefaca,MYOLEG_V3_K0600,0.03,-0.03,0.15210390847331076,-0.6468749999999999,0.7989789084733107,0.25,1,0,1.0,0.3211078462427021,0.14548611111111112,SUBJECT_V3_f1c208a1347c685c4361cb26
smooth_convex,2,P3,low,3,SUBJECT_V3_f1c208a1347c685c4361cb26,MYOLEG_V3_K0624,0.03,0.03,0.7725294345880577,-0.3135416666666664,1.0860711012547242,0.375,3,1,0.3211078462427021,0.4005001253040568,0.14548611111111112,SUBJECT_V3_d90982882613082cf20176fc
smooth_convex,2,P3,low,4,SUBJECT_V3_d90982882613082cf20176fc,MYOLEG_V3_K0000,-0.03,-0.03,1.0486822475920607,-0.06354166666666672,1.1122239142587276,0.5,6,3,0.4005001253040568,0.5066600360883665,0.14548611111111112,
smooth_convex,3,P3,low,1,SUBJECT_V3_dc591810eb0f2bbc9d5fb9d8,MYOLEG_V3_K0312,0.0,0.0,-0.10845941839424893,0.4114583333333333,-0.5199177517275823,1.0,0,0,1.0,1.0,0.14548611111111112,SUBJECT_V3_dfb47519c8df7762ddaefaca
smooth_convex,3,P3,low,2,SUBJECT_V3_dfb47519c8df7762ddaefaca,MYOLEG_V3_K0600,0.03,-0.03,0.10459560355533375,-0.6468749999999999,0.7514706035553336,0.25,1,0,1.0,0.32461294496411675,0.14548611111111112,SUBJECT_V3_f1c208a1347c685c4361cb26
smooth_convex,3,P3,low,3,SUBJECT_V3_f1c208a1347c685c4361cb26,MYOLEG_V3_K0624,0.03,0.03,0.6942778126188016,-0.3135416666666664,1.007819479285468,0.375,3,1,0.32461294496411675,0.4044643108507269,0.14548611111111112,SUBJECT_V3_d90982882613082cf20176fc
smooth_convex,3,P3,low,4,SUBJECT_V3_d90982882613082cf20176fc,MYOLEG_V3_K0000,-0.03,-0.03,1.059440753606794,-0.06354166666666672,1.1229824202734608,0.5,6,3,0.4044643108507269,0.5104173603017889,0.14548611111111112,
smooth_convex,4,P3,low,1,SUBJECT_V3_dc591810eb0f2bbc9d5fb9d8,MYOLEG_V3_K0312,0.0,0.0,-0.12255424413209795,0.4114583333333333,-0.5340125774654313,1.0,0,0,1.0,1.0,0.14548611111111112,SUBJECT_V3_dfb47519c8df7762ddaefaca
smooth_convex,4,P3,low,2,SUBJECT_V3_dfb47519c8df7762ddaefaca,MYOLEG_V3_K0600,0.03,-0.03,0.15830430444370047,-0.6468749999999999,0.8051793044437003,0.25,1,0,1.0,0.3202903859935642,0.14548611111111112,SUBJECT_V3_f1c208a1347c685c4361cb26
smooth_convex,4,P3,low,3,SUBJECT_V3_f1c208a1347c685c4361cb26,MYOLEG_V3_K0624,0.03,0.03,0.7452503447153751,-0.3135416666666664,1.0587920113820415,0.375,3,1,0.3202903859935642,0.40010561648650345,0.14548611111111112,SUBJECT_V3_d90982882613082cf20176fc
smooth_convex,4,P3,low,4,SUBJECT_V3_d90982882613082cf20176fc,MYOLEG_V3_K0000,-0.03,-0.03,1.041418115395508,-0.06354166666666672,1.1049597820621746,0.5,6,3,0.40010561648650345,0.5069853790013273,0.14548611111111112,
anisotropic,0,P0,low,1,SUBJECT_V3_dc591810eb0f2bbc9d5fb9d8,MYOLEG_V3_K0312,0.0,0.0,0.013372737288037857,0.023749999999999993,-0.010377262711962137,1.0,0,0,1.0,1.0,0.35444444444444445,SUBJECT_V3_4ba8e3953fff298d2d878d6c
anisotropic,0,P0,low,2,SUBJECT_V3_4ba8e3953fff298d2d878d6c,MYOLEG_V3_K0173,-0.015,0.0275,-0.360333365756496,-0.27999999999999997,-0.08033336575649602,0.75,1,1,1.0,0.7901622486040961,0.01777777777777778,SUBJECT_V3_d8d41d9fb6b149c069db8016
anisotropic,0,P0,low,3,SUBJECT_V3_d8d41d9fb6b149c069db8016,MYOLEG_V3_K0089,-0.0225,0.005,-0.2765464987279993,-0.203125,-0.0734214987279993,0.8333333333333334,2,2,0.7901622486040961,0.8516661632476477,0.01777777777777778,SUBJECT_V3_8b9bbcb71eb1a8ed00479a1f
anisotropic,0,P0,low,4,SUBJECT_V3_8b9bbcb71eb1a8ed00479a1f,MYOLEG_V3_K0129,-0.0175,-0.02,-0.08551272220063137,-0.011458333333333182,-0.07405438886729819,0.9166666666666666,5,5,0.8516661632476477,0.9170744470804193,0.01777777777777778,
anisotropic,1,P0,low,1,SUBJECT_V3_dc591810eb0f2bbc9d5fb9d8,MYOLEG_V3_K0312,0.0,0.0,0.015009928416226241,0.023749999999999993,-0.008740071583773752,1.0,0,0,1.0,1.0,0.35444444444444445,SUBJECT_V3_4ba8e3953fff298d2d878d6c
anisotropic,1,P0,low,2,SUBJECT_V3_4ba8e3953fff298d2d878d6c,MYOLEG_V3_K0173,-0.015,0.0275,-0.36267914352844144,-0.27999999999999997,-0.08267914352844147,0.75,1,1,1.0,0.7891886290053046,0.01777777777777778,SUBJECT_V3_d8d41d9fb6b149c069db8016
anisotropic,1,P0,low,3,SUBJECT_V3_d8d41d9fb6b149c069db8016,MYOLEG_V3_K0089,-0.0225,0.005,-0.21741348560621504,-0.203125,-0.01428848560621504,0.875,3,3,0.7891886290053046,0.8813563158138492,0.01777777777777778,SUBJECT_V3_8b9bbcb71eb1a8ed00479a1f
anisotropic,1,P0,low,4,SUBJECT_V3_8b9bbcb71eb1a8ed00479a1f,MYOLEG_V3_K0129,-0.0175,-0.02,-0.10773239723145406,-0.011458333333333182,-0.09627406389812088,0.9285714285714286,6,6,0.8813563158138492,0.9216769867094002,0.01777777777777778,
anisotropic,2,P0,low,1,SUBJECT_V3_dc591810eb0f2bbc9d5fb9d8,MYOLEG_V3_K0312,0.0,0.0,-0.00680600816965243,0.023749999999999993,-0.030556008169652423,1.0,0,0,1.0,1.0,0.35444444444444445,SUBJECT_V3_4ba8e3953fff298d2d878d6c
anisotropic,2,P0,low,2,SUBJECT_V3_4ba8e3953fff298d2d878d6c,MYOLEG_V3_K0173,-0.015,0.0275,-0.313175992255205,-0.27999999999999997,-0.03317599225520501,0.75,1,1,1.0,0.8114333196514569,0.01777777777777778,SUBJECT_V3_50eb82a4a5ffe212750dd793
anisotropic,2,P0,low,3,SUBJECT_V3_50eb82a4a5ffe212750dd793,MYOLEG_V3_K0088,-0.0225,0.0025,-0.20195701835269014,-0.18937499999999996,-0.012582018352690183,0.875,3,3,0.8114333196514569,0.8978373759210752,0.01777777777777778,SUBJECT_V3_a7a6b794086c4f6151377d4d
anisotropic,2,P0,low,4,SUBJECT_V3_a7a6b794086c4f6151377d4d,MYOLEG_V3_K0154,-0.015,-0.02,-0.056549355156900384,-0.018749999999999878,-0.037799355156900506,0.9166666666666666,5,5,0.8978373759210752,0.9293686139254403,0.01777777777777778,
anisotropic,3,P0,low,1,SUBJECT_V3_dc591810eb0f2bbc9d5fb9d8,MYOLEG_V3_K0312,0.0,0.0,0.0004989149390844253,0.023749999999999993,-0.02325108506091557,1.0,0,0,1.0,1.0,0.35444444444444445,SUBJECT_V3_4ba8e3953fff298d2d878d6c
anisotropic,3,P0,low,2,SUBJECT_V3_4ba8e3953fff298d2d878d6c,MYOLEG_V3_K0173,-0.015,0.0275,-0.35268585420038934,-0.27999999999999997,-0.07268585420038937,0.75,1,1,1.0,0.7956021174686001,0.01777777777777778,SUBJECT_V3_d8d41d9fb6b149c069db8016
anisotropic,3,P0,low,3,SUBJECT_V3_d8d41d9fb6b149c069db8016,MYOLEG_V3_K0089,-0.0225,0.005,-0.25969507620002635,-0.203125,-0.056570076200026354,0.875,3,3,0.7956021174686001,0.8915727125426463,0.01777777777777778,SUBJECT_V3_860bd64292d02fd8fb61394d
anisotropic,3,P0,low,4,SUBJECT_V3_860bd64292d02fd8fb61394d,MYOLEG_V3_K0130,-0.0175,-0.0175,-0.12312648364051083,-0.0477083333333333,-0.07541815030717754,0.9285714285714286,6,6,0.8915727125426463,0.9312469409030273,0.01777777777777778,
anisotropic,4,P0,low,1,SUBJECT_V3_dc591810eb0f2bbc9d5fb9d8,MYOLEG_V3_K0312,0.0,0.0,-0.013595910798764592,0.023749999999999993,-0.037345910798764585,1.0,0,0,1.0,1.0,0.35444444444444445,SUBJECT_V3_4ba8e3953fff298d2d878d6c
anisotropic,4,P0,low,2,SUBJECT_V3_4ba8e3953fff298d2d878d6c,MYOLEG_V3_K0173,-0.015,0.0275,-0.3577514106476048,-0.27999999999999997,-0.07775141064760482,0.75,1,1,1.0,0.7982468427749678,0.01777777777777778,SUBJECT_V3_d8d41d9fb6b149c069db8016
anisotropic,4,P0,low,3,SUBJECT_V3_d8d41d9fb6b149c069db8016,MYOLEG_V3_K0089,-0.0225,0.005,-0.25991083197272496,-0.203125,-0.056785831972724965,0.875,3,3,0.7982468427749678,0.8945419167050492,0.01777777777777778,SUBJECT_V3_860bd64292d02fd8fb61394d
anisotropic,4,P0,low,4,SUBJECT_V3_860bd64292d02fd8fb61394d,MYOLEG_V3_K0130,-0.0175,-0.0175,-0.12787941538220784,-0.0477083333333333,-0.08017108204887455,0.9285714285714286,6,6,0.8945419167050492,0.9337581860992719,0.01777777777777778,
anisotropic,0,P1,low,1,SUBJECT_V3_dc591810eb0f2bbc9d5fb9d8,MYOLEG_V3_K0312,0.0,0.0,0.013372737288037857,-0.15208333333333335,0.16545607062137122,1.0,0,0,1.0,1.0,0.35444444444444445,SUBJECT_V3_cdd551d2f5078b19a442af70
anisotropic,0,P1,low,2,SUBJECT_V3_cdd551d2f5078b19a442af70,MYOLEG_V3_K0224,-0.01,0.03,-0.3188985910629112,-0.23875000000000002,-0.08014859106291117,0.75,1,1,1.0,0.7352553485895243,0.061111111111111116,SUBJECT_V3_9d3cc7535f49bbf03e86782d
anisotropic,0,P1,low,3,SUBJECT_V3_9d3cc7535f49bbf03e86782d,MYOLEG_V3_K0117,-0.02,0.0125,-0.28883325437825563,-0.18333333333333326,-0.10549992104492237,0.8333333333333334,2,2,0.7352553485895243,0.7877856163167125,0.0377777777777778,SUBJECT_V3_baccbf491d28d6b07444720d
anisotropic,0,P1,low,4,SUBJECT_V3_baccbf491d28d6b07444720d,MYOLEG_V3_K0153,-0.015,-0.0225,-0.08000410024285932,-0.02583333333333332,-0.054170766909526005,0.75,5,4,0.7877856163167125,0.7376467236412302,0.0377777777777778,
anisotropic,1,P1,low,1,SUBJECT_V3_dc591810eb0f2bbc9d5fb9d8,MYOLEG_V3_K0312,0.0,0.0,0.015009928416226241,-0.15208333333333335,0.1670932617495596,1.0,0,0,1.0,1.0,0.35444444444444445,SUBJECT_V3_cdd551d2f5078b19a442af70
anisotropic,1,P1,low,2,SUBJECT_V3_cdd551d2f5078b19a442af70,MYOLEG_V3_K0224,-0.01,0.03,-0.2807302811980625,-0.23875000000000002,-0.041980281198062463,0.75,1,1,1.0,0.7380608865916983,0.061111111111111116,SUBJECT_V3_e427cfc44e435d690709c799
anisotropic,1,P1,low,3,SUBJECT_V3_e427cfc44e435d690709c799,MYOLEG_V3_K0116,-0.02,0.01,-0.2844245803857707,-0.18208333333333326,-0.10234124705243741,0.8333333333333334,2,2,0.7380608865916983,0.7893296698340169,0.043333333333333335,SUBJECT_V3_baccbf491d28d6b07444720d
anisotropic,1,P1,low,4,SUBJECT_V3_baccbf491d28d6b07444720d,MYOLEG_V3_K0153,-0.015,-0.0225,-0.08411850456325821,-0.02583333333333332,-0.058285171229924895,0.75,5,4,0.7893296698340169,0.734571174601707,0.043333333333333335,
anisotropic,2,P1,low,1,SUBJECT_V3_dc591810eb0f2bbc9d5fb9d8,MYOLEG_V3_K0312,0.0,0.0,-0.00680600816965243,-0.15208333333333335,0.14527732516368091,1.0,0,0,1.0,1.0,0.35444444444444445,SUBJECT_V3_cdd551d2f5078b19a442af70
anisotropic,2,P1,low,2,SUBJECT_V3_cdd551d2f5078b19a442af70,MYOLEG_V3_K0224,-0.01,0.03,-0.28836222865942984,-0.23875000000000002,-0.049612228659429825,0.75,1,1,1.0,0.7393615850009914,0.061111111111111116,SUBJECT_V3_e427cfc44e435d690709c799
anisotropic,2,P1,low,3,SUBJECT_V3_e427cfc44e435d690709c799,MYOLEG_V3_K0116,-0.02,0.01,-0.2978335690816213,-0.18208333333333326,-0.11575023574828802,0.8333333333333334,2,2,0.7393615850009914,0.791197316836242,0.043333333333333335,SUBJECT_V3_a7a6b794086c4f6151377d4d
anisotropic,2,P1,low,4,SUBJECT_V3_a7a6b794086c4f6151377d4d,MYOLEG_V3_K0154,-0.015,-0.02,-0.056549355156900384,-0.059583333333333266,0.003033978176432882,0.9,4,4,0.791197316836242,0.853576049683448,0.043333333333333335,
anisotropic,3,P1,low,1,SUBJECT_V3_dc591810eb0f2bbc9d5fb9d8,MYOLEG_V3_K0312,0.0,0.0,0.0004989149390844253,-0.15208333333333335,0.1525822482724178,1.0,0,0,1.0,1.0,0.35444444444444445,SUBJECT_V3_cdd551d2f5078b19a442af70
anisotropic,3,P1,low,2,SUBJECT_V3_cdd551d2f5078b19a442af70,MYOLEG_V3_K0224,-0.01,0.03,-0.32249598792550327,-0.23875000000000002,-0.08374598792550325,0.75,1,1,1.0,0.7359036236447385,0.061111111111111116,SUBJECT_V3_9d3cc7535f49bbf03e86782d
anisotropic,3,P1,low,3,SUBJECT_V3_9d3cc7535f49bbf03e86782d,MYOLEG_V3_K0117,-0.02,0.0125,-0.32432388168994736,-0.18333333333333326,-0.1409905483566141,0.8333333333333334,2,2,0.7359036236447385,0.7872691422548801,0.0377777777777778,SUBJECT_V3_baccbf491d28d6b07444720d
anisotropic,3,P1,low,4,SUBJECT_V3_baccbf491d28d6b07444720d,MYOLEG_V3_K0153,-0.015,-0.0225,-0.05111393023062855,-0.02583333333333332,-0.025280596897295234,0.9,4,4,0.7872691422548801,0.8509482598791469,0.0377777777777778,
anisotropic,4,P1,low,1,SUBJECT_V3_dc591810eb0f2bbc9d5fb9d8,MYOLEG_V3_K0312,0.0,0.0,-0.013595910798764592,-0.15208333333333335,0.13848742253456875,1.0,0,0,1.0,1.0,0.35444444444444445,SUBJECT_V3_cdd551d2f5078b19a442af70
anisotropic,4,P1,low,2,SUBJECT_V3_cdd551d2f5078b19a442af70,MYOLEG_V3_K0224,-0.01,0.03,-0.2641682306646974,-0.23875000000000002,-0.025418230664697394,0.75,1,1,1.0,0.7427596567776267,0.061111111111111116,SUBJECT_V3_e427cfc44e435d690709c799
anisotropic,4,P1,low,3,SUBJECT_V3_e427cfc44e435d690709c799,MYOLEG_V3_K0116,-0.02,0.01,-0.2818676335192316,-0.18208333333333326,-0.09978430018589834,0.8333333333333334,2,2,0.7427596567776267,0.7947129968905152,0.043333333333333335,SUBJECT_V3_a7a6b794086c4f6151377d4d
anisotropic,4,P1,low,4,SUBJECT_V3_a7a6b794086c4f6151377d4d,MYOLEG_V3_K0154,-0.015,-0.02,-0.10618391268283905,-0.059583333333333266,-0.04660057934950579,0.75,5,4,0.7947129968905152,0.7391328221174117,0.043333333333333335,
anisotropic,0,P2,low,1,SUBJECT_V3_dc591810eb0f2bbc9d5fb9d8,MYOLEG_V3_K0312,0.0,0.0,0.013372737288037857,-0.09166666666666665,0.1050394039547045,1.0,0,0,1.0,1.0,0.35444444444444445,SUBJECT_V3_9ed7bb97dc7689de8bd2ce56
anisotropic,0,P2,low,2,SUBJECT_V3_9ed7bb97dc7689de8bd2ce56,MYOLEG_V3_K0249,-0.0075,0.03,-0.2408796060227655,-0.17291666666666666,-0.06796293935609884,0.75,1,1,1.0,0.7404038298778872,0.10277777777777777,SUBJECT_V3_8c98d5bd12fef27ac3e7d812
anisotropic,0,P2,low,3,SUBJECT_V3_8c98d5bd12fef27ac3e7d812,MYOLEG_V3_K0474,0.015,0.03,0.8840193778398421,-0.00666666666666671,0.8906860445065088,0.875,3,3,0.7404038298778872,0.8216836377217698,0.10277777777777777,SUBJECT_V3_3a8efc84592d5ef24a5aca03
anisotropic,0,P2,low,4,SUBJECT_V3_3a8efc84592d5ef24a5aca03,MYOLEG_V3_K0094,-0.0225,0.0175,-0.2862310283482141,-0.06916666666666668,-0.21706436168154744,0.75,5,4,0.8216836377217698,0.7318466879845194,0.07500000000000001,
anisotropic,1,P2,low,1,SUBJECT_V3_dc591810eb0f2bbc9d5fb9d8,MYOLEG_V3_K0312,0.0,0.0,0.015009928416226241,-0.09166666666666665,0.10667659508289289,1.0,0,0,1.0,1.0,0.35444444444444445,SUBJECT_V3_9ed7bb97dc7689de8bd2ce56
anisotropic,1,P2,low,2,SUBJECT_V3_9ed7bb97dc7689de8bd2ce56,MYOLEG_V3_K0249,-0.0075,0.03,-0.2864115349066493,-0.17291666666666666,-0.11349486823998262,0.75,1,1,1.0,0.7360106494525619,0.10277777777777777,SUBJECT_V3_8c98d5bd12fef27ac3e7d812
anisotropic,1,P2,low,3,SUBJECT_V3_8c98d5bd12fef27ac3e7d812,MYOLEG_V3_K0474,0.015,0.03,0.8582571548363932,-0.00666666666666671,0.8649238215030599,0.875,3,3,0.7360106494525619,0.8241247378951403,0.10277777777777777,SUBJECT_V3_deed6655d701bce47834c0ef
anisotropic,1,P2,low,4,SUBJECT_V3_deed6655d701bce47834c0ef,MYOLEG_V3_K0095,-0.0225,0.02,-0.24866340896322905,-0.07069444444444445,-0.1779689645187846,0.75,5,4,0.8241247378951403,0.7312885913120968,0.07611111111111113,
anisotropic,2,P2,low,1,SUBJECT_V3_dc591810eb0f2bbc9d5fb9d8,MYOLEG_V3_K0312,0.0,0.0,-0.00680600816965243,-0.09166666666666665,0.08486065849701421,1.0,0,0,1.0,1.0,0.35444444444444445,SUBJECT_V3_9ed7bb97dc7689de8bd2ce56
anisotropic,2,P2,low,2,SUBJECT_V3_9ed7bb97dc7689de8bd2ce56,MYOLEG_V3_K0249,-0.0075,0.03,-0.267612536950585,-0.17291666666666666,-0.09469587028391835,0.75,1,1,1.0,0.7396909073567053,0.10277777777777777,SUBJECT_V3_8c98d5bd12fef27ac3e7d812
anisotropic,2,P2,low,3,SUBJECT_V3_8c98d5bd12fef27ac3e7d812,MYOLEG_V3_K0474,0.015,0.03,0.9403400538015797,-0.00666666666666671,0.9470067204682464,0.875,3,3,0.7396909073567053,0.8203620838031738,0.10277777777777777,SUBJECT_V3_3a8efc84592d5ef24a5aca03
anisotropic,2,P2,low,4,SUBJECT_V3_3a8efc84592d5ef24a5aca03,MYOLEG_V3_K0094,-0.0225,0.0175,-0.2468244524686507,-0.06916666666666668,-0.17765778580198402,0.75,5,4,0.8203620838031738,0.7294289702593668,0.07500000000000001,
anisotropic,3,P2,low,1,SUBJECT_V3_dc591810eb0f2bbc9d5fb9d8,MYOLEG_V3_K0312,0.0,0.0,0.0004989149390844253,-0.09166666666666665,0.09216558160575107,1.0,0,0,1.0,1.0,0.35444444444444445,SUBJECT_V3_9ed7bb97dc7689de8bd2ce56
anisotropic,3,P2,low,2,SUBJECT_V3_9ed7bb97dc7689de8bd2ce56,MYOLEG_V3_K0249,-0.0075,0.03,-0.24914933509918155,-0.17291666666666666,-0.07623266843251489,0.75,1,1,1.0,0.7409288420002285,0.10277777777777777,SUBJECT_V3_8c98d5bd12fef27ac3e7d812
anisotropic,3,P2,low,3,SUBJECT_V3_8c98d5bd12fef27ac3e7d812,MYOLEG_V3_K0474,0.015,0.03,0.8581793004851587,-0.00666666666666671,0.8648459671518254,0.875,3,3,0.7409288420002285,0.8217773166774093,0.10277777777777777,SUBJECT_V3_3a8efc84592d5ef24a5aca03
anisotropic,3,P2,low,4,SUBJECT_V3_3a8efc84592d5ef24a5aca03,MYOLEG_V3_K0094,-0.0225,0.0175,-0.2679406555956135,-0.06916666666666668,-0.1987739889289468,0.75,5,4,0.8217773166774093,0.7309320700927334,0.07500000000000001,
anisotropic,4,P2,low,1,SUBJECT_V3_dc591810eb0f2bbc9d5fb9d8,MYOLEG_V3_K0312,0.0,0.0,-0.013595910798764592,-0.09166666666666665,0.07807075586790205,1.0,0,0,1.0,1.0,0.35444444444444445,SUBJECT_V3_9ed7bb97dc7689de8bd2ce56
anisotropic,4,P2,low,2,SUBJECT_V3_9ed7bb97dc7689de8bd2ce56,MYOLEG_V3_K0249,-0.0075,0.03,-0.24374380630811943,-0.17291666666666666,-0.07082713964145276,0.75,1,1,1.0,0.7434060522245751,0.10277777777777777,SUBJECT_V3_8c98d5bd12fef27ac3e7d812
anisotropic,4,P2,low,3,SUBJECT_V3_8c98d5bd12fef27ac3e7d812,MYOLEG_V3_K0474,0.015,0.03,0.8254564871892999,-0.00666666666666671,0.8321231538559666,0.875,3,3,0.7434060522245751,0.821328790461889,0.10277777777777777,SUBJECT_V3_3a8efc84592d5ef24a5aca03
anisotropic,4,P2,low,4,SUBJECT_V3_3a8efc84592d5ef24a5aca03,MYOLEG_V3_K0094,-0.0225,0.0175,-0.24989040769876647,-0.06916666666666668,-0.1807237410320998,0.75,5,4,0.821328790461889,0.7304708168096331,0.07500000000000001,
anisotropic,0,P3,low,1,SUBJECT_V3_dc591810eb0f2bbc9d5fb9d8,MYOLEG_V3_K0312,0.0,0.0,0.013372737288037857,0.32743055555555556,-0.3140578182675177,1.0,0,0,1.0,1.0,0.35444444444444445,SUBJECT_V3_7dd26b7bfcc4a37d1b5695c8
anisotropic,0,P3,low,2,SUBJECT_V3_7dd26b7bfcc4a37d1b5695c8,MYOLEG_V3_K0024,-0.03,0.03,0.03111510671492406,-0.9142361111111112,0.9453512178260353,1.0,0,0,1.0,0.9005531743262873,0.3277777777777778,SUBJECT_V3_d90982882613082cf20176fc
anisotropic,0,P3,low,3,SUBJECT_V3_d90982882613082cf20176fc,MYOLEG_V3_K0000,-0.03,-0.03,0.3724241155883201,-0.33090277777777766,0.7033268933660978,0.5,2,1,0.9005531743262873,0.5287297069764997,0.3277777777777778,SUBJECT_V3_f1c208a1347c685c4361cb26
anisotropic,0,P3,low,4,SUBJECT_V3_f1c208a1347c685c4361cb26,MYOLEG_V3_K0624,0.03,0.03,2.4206379767505783,-0.2142361111111113,2.6348740878616894,0.5833333333333334,5,3,0.5287297069764997,0.5976043530529578,0.3277777777777778,
anisotropic,1,P3,low,1,SUBJECT_V3_dc591810eb0f2bbc9d5fb9d8,MYOLEG_V3_K0312,0.0,0.0,0.015009928416226241,0.32743055555555556,-0.31242062713932933,1.0,0,0,1.0,1.0,0.35444444444444445,SUBJECT_V3_7dd26b7bfcc4a37d1b5695c8
anisotropic,1,P3,low,2,SUBJECT_V3_7dd26b7bfcc4a37d1b5695c8,MYOLEG_V3_K0024,-0.03,0.03,-0.023060320433612704,-0.9142361111111112,0.8911757906774985,1.0,0,0,1.0,0.9039751490231454,0.3277777777777778,SUBJECT_V3_d90982882613082cf20176fc
anisotropic,1,P3,low,3,SUBJECT_V3_d90982882613082cf20176fc,MYOLEG_V3_K0000,-0.03,-0.03,0.3545067919960363,-0.33090277777777766,0.685409569773814,0.5,2,1,0.9039751490231454,0.5306683029681198,0.3277777777777778,SUBJECT_V3_f1c208a1347c685c4361cb26
anisotropic,1,P3,low,4,SUBJECT_V3_f1c208a1347c685c4361cb26,MYOLEG_V3_K0624,0.03,0.03,2.356416388568394,-0.2142361111111113,2.5706524996795057,0.5833333333333334,5,3,0.5306683029681198,0.5983078429405367,0.3277777777777778,
anisotropic,2,P3,low,1,SUBJECT_V3_dc591810eb0f2bbc9d5fb9d8,MYOLEG_V3_K0312,0.0,0.0,-0.00680600816965243,0.32743055555555556,-0.334236563725208,1.0,0,0,1.0,1.0,0.35444444444444445,SUBJECT_V3_7dd26b7bfcc4a37d1b5695c8
anisotropic,2,P3,low,2,SUBJECT_V3_7dd26b7bfcc4a37d1b5695c8,MYOLEG_V3_K0024,-0.03,0.03,-0.0078043982575764816,-0.9142361111111112,0.9064317128535347,1.0,0,0,1.0,0.9016936390163166,0.3277777777777778,SUBJECT_V3_d90982882613082cf20176fc
anisotropic,2,P3,low,3,SUBJECT_V3_d90982882613082cf20176fc,MYOLEG_V3_K0000,-0.03,-0.03,0.3785116554945507,-0.33090277777777766,0.7094144332723283,0.5,2,1,0.9016936390163166,0.5275683723957563,0.3277777777777778,SUBJECT_V3_f1c208a1347c685c4361cb26
anisotropic,2,P3,low,4,SUBJECT_V3_f1c208a1347c685c4361cb26,MYOLEG_V3_K0624,0.03,0.03,2.3899264611029234,-0.2142361111111113,2.604162572214035,0.5833333333333334,5,3,0.5275683723957563,0.5977331579175038,0.3277777777777778,
anisotropic,3,P3,low,1,SUBJECT_V3_dc591810eb0f2bbc9d5fb9d8,MYOLEG_V3_K0312,0.0,0.0,0.0004989149390844253,0.32743055555555556,-0.3269316406164711,1.0,0,0,1.0,1.0,0.35444444444444445,SUBJECT_V3_7dd26b7bfcc4a37d1b5695c8
anisotropic,3,P3,low,2,SUBJECT_V3_7dd26b7bfcc4a37d1b5695c8,MYOLEG_V3_K0024,-0.03,0.03,-0.03470122236412564,-0.9142361111111112,0.8795348887469856,1.0,0,0,1.0,0.9037972951008727,0.3277777777777778,SUBJECT_V3_d90982882613082cf20176fc
anisotropic,3,P3,low,3,SUBJECT_V3_d90982882613082cf20176fc,MYOLEG_V3_K0000,-0.03,-0.03,0.36716027594694667,-0.33090277777777766,0.6980630537247243,0.5,2,1,0.9037972951008727,0.5290761205033435,0.3277777777777778,SUBJECT_V3_f1c208a1347c685c4361cb26
anisotropic,3,P3,low,4,SUBJECT_V3_f1c208a1347c685c4361cb26,MYOLEG_V3_K0624,0.03,0.03,2.35219109886987,-0.2142361111111113,2.566427209980981,0.5833333333333334,5,3,0.5290761205033435,0.5984342651719543,0.3277777777777778,
anisotropic,4,P3,low,1,SUBJECT_V3_dc591810eb0f2bbc9d5fb9d8,MYOLEG_V3_K0312,0.0,0.0,-0.013595910798764592,0.32743055555555556,-0.34102646635432016,1.0,0,0,1.0,1.0,0.35444444444444445,SUBJECT_V3_7dd26b7bfcc4a37d1b5695c8
anisotropic,4,P3,low,2,SUBJECT_V3_7dd26b7bfcc4a37d1b5695c8,MYOLEG_V3_K0024,-0.03,0.03,-0.0525806379243999,-0.9142361111111112,0.8616554731867113,1.0,0,0,1.0,0.9040318602410478,0.3277777777777778,SUBJECT_V3_d90982882613082cf20176fc
anisotropic,4,P3,low,3,SUBJECT_V3_d90982882613082cf20176fc,MYOLEG_V3_K0000,-0.03,-0.03,0.3770640567956058,-0.33090277777777766,0.7079668345733834,0.5,2,1,0.9040318602410478,0.5277026764619055,0.3277777777777778,SUBJECT_V3_f1c208a1347c685c4361cb26
anisotropic,4,P3,low,4,SUBJECT_V3_f1c208a1347c685c4361cb26,MYOLEG_V3_K0624,0.03,0.03,2.3642522640995445,-0.2142361111111113,2.5784883752106555,0.5833333333333334,5,3,0.5277026764619055,0.5987189119767188,0.3277777777777778,
rotated,0,P0,low,1,SUBJECT_V3_dc591810eb0f2bbc9d5fb9d8,MYOLEG_V3_K0312,0.0,0.0,0.16170607062137113,0.12305555555555547,0.038650515065815655,1.0,0,0,1.0,1.0,0.4527777777777777,SUBJECT_V3_30f7afc475f37ade15181871
rotated,0,P0,low,2,SUBJECT_V3_30f7afc475f37ade15181871,MYOLEG_V3_K0567,0.025,0.0125,-0.2477739079634461,-0.24812500000000004,0.0003510920365539516,0.75,1,1,1.0,0.8010776870330241,0.03437499999999999,SUBJECT_V3_a7e71573c93780a2256339ed
rotated,0,P0,low,3,SUBJECT_V3_a7e71573c93780a2256339ed,MYOLEG_V3_K0374,0.005,0.03,-0.19859804970533165,-0.15888888888888897,-0.039709160816442685,0.8333333333333334,2,2,0.8010776870330241,0.8562078803278084,0.03437499999999999,SUBJECT_V3_734944228346e875e0f15d81
rotated,0,P0,low,4,SUBJECT_V3_734944228346e875e0f15d81,MYOLEG_V3_K0609,0.03,-0.0075,-0.20777633575578985,-0.1259027777777778,-0.08187355797801205,0.875,3,3,0.8562078803278084,0.8802731464002538,0.03437499999999999,
rotated,1,P0,low,1,SUBJECT_V3_dc591810eb0f2bbc9d5fb9d8,MYOLEG_V3_K0312,0.0,0.0,0.16334326174955952,0.12305555555555547,0.04028770619400404,1.0,0,0,1.0,1.0,0.4527777777777777,SUBJECT_V3_30f7afc475f37ade15181871
rotated,1,P0,low,2,SUBJECT_V3_30f7afc475f37ade15181871,MYOLEG_V3_K0567,0.025,0.0125,-0.2552235243952031,-0.24812500000000004,-0.007098524395203087,0.75,1,1,1.0,0.7987417340792934,0.03437499999999999,SUBJECT_V3_a7e71573c93780a2256339ed
rotated,1,P0,low,3,SUBJECT_V3_a7e71573c93780a2256339ed,MYOLEG_V3_K0374,0.005,0.03,-0.16728452440681427,-0.15888888888888897,-0.008395635517925298,0.875,3,3,0.7987417340792934,0.8904262924158226,0.03437499999999999,SUBJECT_V3_734944228346e875e0f15d81
rotated,1,P0,low,4,SUBJECT_V3_734944228346e875e0f15d81,MYOLEG_V3_K0609,0.03,-0.0075,-0.1554966438410693,-0.1259027777777778,-0.02959386606329148,0.9166666666666666,5,5,0.8904262924158226,0.9222251908470436,0.03437499999999999,
rotated,2,P0,low,1,SUBJECT_V3_dc591810eb0f2bbc9d5fb9d8,MYOLEG_V3_K0312,0.0,0.0,0.14152732516368083,0.12305555555555547,0.018471769608125355,1.0,0,0,1.0,1.0,0.4527777777777777,SUBJECT_V3_6841b8b9fb2c0030ead8d3d9
rotated,2,P0,low,2,SUBJECT_V3_6841b8b9fb2c0030ead8d3d9,MYOLEG_V3_K0566,0.025,0.01,-0.24723305445200452,-0.2566666666666667,0.009433612214662185,0.75,1,1,1.0,0.80961074303023,0.023611111111111083,SUBJECT_V3_a7e71573c93780a2256339ed
rotated,2,P0,low,3,SUBJECT_V3_a7e71573c93780a2256339ed,MYOLEG_V3_K0374,0.005,0.03,-0.17560901512735086,-0.15888888888888897,-0.01672012623846189,0.8333333333333334,2,2,0.80961074303023,0.8649344988129364,0.023611111111111083,SUBJECT_V3_4f9a6e18a15adaecb57a32bd
rotated,2,P0,low,4,SUBJECT_V3_4f9a6e18a15adaecb57a32bd,MYOLEG_V3_K0608,0.03,-0.01,-0.08813156688914142,-0.08583333333333337,-0.002298233555808049,0.9166666666666666,5,5,0.8649344988129364,0.9291211647003639,0.023611111111111083,
rotated,3,P0,low,1,SUBJECT_V3_dc591810eb0f2bbc9d5fb9d8,MYOLEG_V3_K0312,0.0,0.0,0.1488322482724177,0.12305555555555547,0.025776692716862226,1.0,0,0,1.0,1.0,0.4527777777777777,SUBJECT_V3_6841b8b9fb2c0030ead8d3d9
rotated,3,P0,low,2,SUBJECT_V3_6841b8b9fb2c0030ead8d3d9,MYOLEG_V3_K0566,0.025,0.01,-0.2835781952007425,-0.2566666666666667,-0.0269115285340758,0.75,1,1,1.0,0.7977237206623249,0.023611111111111083,SUBJECT_V3_a7e71573c93780a2256339ed
rotated,3,P0,low,3,SUBJECT_V3_a7e71573c93780a2256339ed,MYOLEG_V3_K0374,0.005,0.03,-0.2049112338776908,-0.15888888888888897,-0.04602234498880184,0.8333333333333334,2,2,0.7977237206623249,0.8569744957366701,0.023611111111111083,SUBJECT_V3_4f9a6e18a15adaecb57a32bd
rotated,3,P0,low,4,SUBJECT_V3_4f9a6e18a15adaecb57a32bd,MYOLEG_V3_K0608,0.03,-0.01,-0.11885285169544207,-0.08583333333333337,-0.0330195183621087,0.9166666666666666,5,5,0.8569744957366701,0.9212376236428961,0.023611111111111083,
rotated,4,P0,low,1,SUBJECT_V3_dc591810eb0f2bbc9d5fb9d8,MYOLEG_V3_K0312,0.0,0.0,0.13473742253456866,0.12305555555555547,0.011681866979013189,1.0,0,0,1.0,1.0,0.4527777777777777,SUBJECT_V3_6841b8b9fb2c0030ead8d3d9
rotated,4,P0,low,2,SUBJECT_V3_6841b8b9fb2c0030ead8d3d9,MYOLEG_V3_K0566,0.025,0.01,-0.2545950720868964,-0.2566666666666667,0.0020715945797702973,0.75,1,1,1.0,0.8094334659845055,0.023611111111111083,SUBJECT_V3_a7e71573c93780a2256339ed
rotated,4,P0,low,3,SUBJECT_V3_a7e71573c93780a2256339ed,MYOLEG_V3_K0374,0.005,0.03,-0.2463414616003592,-0.15888888888888897,-0.08745257271147022,0.8333333333333334,2,2,0.8094334659845055,0.8437524442971449,0.023611111111111083,SUBJECT_V3_4f9a6e18a15adaecb57a32bd
rotated,4,P0,low,4,SUBJECT_V3_4f9a6e18a15adaecb57a32bd,MYOLEG_V3_K0608,0.03,-0.01,-0.1082320852087302,-0.08583333333333337,-0.022398751875396833,0.9166666666666666,5,5,0.8437524442971449,0.9124655812900427,0.023611111111111083,
rotated,0,P1,low,1,SUBJECT_V3_dc591810eb0f2bbc9d5fb9d8,MYOLEG_V3_K0312,0.0,0.0,0.16170607062137113,0.14750000000000013,0.014206070621370998,1.0,0,0,1.0,1.0,0.4527777777777777,SUBJECT_V3_df6535e6665364570db4eb2f
rotated,0,P1,low,2,SUBJECT_V3_df6535e6665364570db4eb2f,MYOLEG_V3_K0614,0.03,0.005,-0.31085884065210423,-0.2566666666666667,-0.05419217398543752,0.75,1,1,1.0,0.7950468627647853,0.056944444444444436,SUBJECT_V3_4ee3144217ec20c336e7b5eb
rotated,0,P1,low,3,SUBJECT_V3_4ee3144217ec20c336e7b5eb,MYOLEG_V3_K0447,0.0125,0.025,-0.2534760673332496,-0.1625694444444445,-0.09090662288880513,0.8333333333333334,2,2,0.7950468627647853,0.8523790815599935,0.056944444444444436,SUBJECT_V3_042b0cda8ff5282db35acf9c
rotated,0,P1,low,4,SUBJECT_V3_042b0cda8ff5282db35acf9c,MYOLEG_V3_K0606,0.03,-0.015,0.01564461814402274,-0.07,0.08564461814402274,0.9166666666666666,5,5,0.8523790815599935,0.9039682709386498,0.056944444444444436,
rotated,1,P1,low,1,SUBJECT_V3_dc591810eb0f2bbc9d5fb9d8,MYOLEG_V3_K0312,0.0,0.0,0.16334326174955952,0.14750000000000013,0.015843261749559384,1.0,0,0,1.0,1.0,0.4527777777777777,SUBJECT_V3_df6535e6665364570db4eb2f
rotated,1,P1,low,2,SUBJECT_V3_df6535e6665364570db4eb2f,MYOLEG_V3_K0614,0.03,0.005,-0.24873144920505302,-0.2566666666666667,0.007935217461613686,0.75,1,1,1.0,0.8101126219618464,0.056944444444444436,SUBJECT_V3_4ee3144217ec20c336e7b5eb
rotated,1,P1,low,3,SUBJECT_V3_4ee3144217ec20c336e7b5eb,MYOLEG_V3_K0447,0.0125,0.025,-0.22541689796081704,-0.1625694444444445,-0.06284745351637255,0.8333333333333334,2,2,0.8101126219618464,0.8512570199331956,0.056944444444444436,SUBJECT_V3_042b0cda8ff5282db35acf9c
rotated,1,P1,low,4,SUBJECT_V3_042b0cda8ff5282db35acf9c,MYOLEG_V3_K0606,0.03,-0.015,-0.0044317357295653136,-0.07,0.06556826427043469,0.9166666666666666,5,5,0.8512570199331956,0.9110432370903557,0.056944444444444436,
rotated,2,P1,low,1,SUBJECT_V3_dc591810eb0f2bbc9d5fb9d8,MYOLEG_V3_K0312,0.0,0.0,0.14152732516368083,0.14750000000000013,-0.005972674836319303,1.0,0,0,1.0,1.0,0.4527777777777777,SUBJECT_V3_df6535e6665364570db4eb2f
rotated,2,P1,low,2,SUBJECT_V3_df6535e6665364570db4eb2f,MYOLEG_V3_K0614,0.03,0.005,-0.19410928436510455,-0.2566666666666667,0.06255738230156216,0.75,1,1,1.0,0.7921787206676116,0.056944444444444436,SUBJECT_V3_92262f00d9dc8e6509313527
rotated,2,P1,low,3,SUBJECT_V3_92262f00d9dc8e6509313527,MYOLEG_V3_K0422,0.01,0.025,-0.21217732478089857,-0.15888888888888894,-0.05328843589200963,0.8333333333333334,2,2,0.7921787206676116,0.8469604725762754,0.056944444444444436,SUBJECT_V3_042b0cda8ff5282db35acf9c
rotated,2,P1,low,4,SUBJECT_V3_042b0cda8ff5282db35acf9c,MYOLEG_V3_K0606,0.03,-0.015,-0.0058134971881632636,-0.07,0.06418650281183674,0.9166666666666666,5,5,0.8469604725762754,0.9080129428707397,0.056944444444444436,
rotated,3,P1,low,1,SUBJECT_V3_dc591810eb0f2bbc9d5fb9d8,MYOLEG_V3_K0312,0.0,0.0,0.1488322482724177,0.14750000000000013,0.0013322482724175688,1.0,0,0,1.0,1.0,0.4527777777777777,SUBJECT_V3_df6535e6665364570db4eb2f
rotated,3,P1,low,2,SUBJECT_V3_df6535e6665364570db4eb2f,MYOLEG_V3_K0614,0.03,0.005,-0.26359982106209834,-0.2566666666666667,-0.006933154395431629,0.75,1,1,1.0,0.8100074290226746,0.056944444444444436,SUBJECT_V3_4ee3144217ec20c336e7b5eb
rotated,3,P1,low,3,SUBJECT_V3_4ee3144217ec20c336e7b5eb,MYOLEG_V3_K0447,0.0125,0.025,-0.2805877892161243,-0.1625694444444445,-0.11801834477167983,0.8333333333333334,2,2,0.8100074290226746,0.8402274355806049,0.056944444444444436,SUBJECT_V3_042b0cda8ff5282db35acf9c
rotated,3,P1,low,4,SUBJECT_V3_042b0cda8ff5282db35acf9c,MYOLEG_V3_K0606,0.03,-0.015,-0.060352046323604316,-0.07,0.00964795367639569,0.9166666666666666,5,5,0.8402274355806049,0.9059055068963402,0.056944444444444436,
rotated,4,P1,low,1,SUBJECT_V3_dc591810eb0f2bbc9d5fb9d8,MYOLEG_V3_K0312,0.0,0.0,0.13473742253456866,0.14750000000000013,-0.012762577465431468,1.0,0,0,1.0,1.0,0.4527777777777777,SUBJECT_V3_df6535e6665364570db4eb2f
rotated,4,P1,low,2,SUBJECT_V3_df6535e6665364570db4eb2f,MYOLEG_V3_K0614,0.03,0.005,-0.2570523802011451,-0.2566666666666667,-0.0003857135344784157,0.75,1,1,1.0,0.8087012605145845,0.056944444444444436,SUBJECT_V3_4ee3144217ec20c336e7b5eb
rotated,4,P1,low,3,SUBJECT_V3_4ee3144217ec20c336e7b5eb,MYOLEG_V3_K0447,0.0125,0.025,-0.21683237276663278,-0.1625694444444445,-0.05426292832218829,0.8333333333333334,2,2,0.8087012605145845,0.8600028316356368,0.056944444444444436,SUBJECT_V3_042b0cda8ff5282db35acf9c
rotated,4,P1,low,4,SUBJECT_V3_042b0cda8ff5282db35acf9c,MYOLEG_V3_K0606,0.03,-0.015,-0.012285096875927094,-0.07,0.05771490312407292,0.9166666666666666,5,5,0.8600028316356368,0.9137963183827817,0.056944444444444436,
rotated,0,P2,low,1,SUBJECT_V3_dc591810eb0f2bbc9d5fb9d8,MYOLEG_V3_K0312,0.0,0.0,0.16170607062137113,0.1743055555555557,-0.012599484934184585,1.0,0,0,1.0,1.0,0.4527777777777777,SUBJECT_V3_c22af6ff5e1a5fca3c42f1cf
rotated,0,P2,low,2,SUBJECT_V3_c22af6ff5e1a5fca3c42f1cf,MYOLEG_V3_K0619,0.03,0.0175,-0.13069977810056815,-0.19583333333333336,0.0651335552327652,0.75,1,1,1.0,0.7875799529136012,0.15937499999999996,SUBJECT_V3_4f9a6e18a15adaecb57a32bd
rotated,0,P2,low,3,SUBJECT_V3_4f9a6e18a15adaecb57a32bd,MYOLEG_V3_K0608,0.03,-0.01,-0.10924625332840301,-0.044583333333333336,-0.06466291999506968,0.8333333333333334,2,2,0.7875799529136012,0.8410538810025605,0.15937499999999996,SUBJECT_V3_07b564f1d4c1e514a788248d
rotated,0,P2,low,4,SUBJECT_V3_07b564f1d4c1e514a788248d,MYOLEG_V3_K0449,0.0125,0.03,-0.13509961567824566,-0.04999999999999996,-0.0850996156782457,0.875,3,3,0.8410538810025605,0.868980607339966,0.13437499999999994,
rotated,1,P2,low,1,SUBJECT_V3_dc591810eb0f2bbc9d5fb9d8,MYOLEG_V3_K0312,0.0,0.0,0.16334326174955952,0.1743055555555557,-0.010962293805996198,1.0,0,0,1.0,1.0,0.4527777777777777,SUBJECT_V3_c22af6ff5e1a5fca3c42f1cf
rotated,1,P2,low,2,SUBJECT_V3_c22af6ff5e1a5fca3c42f1cf,MYOLEG_V3_K0619,0.03,0.0175,-0.1471660031299965,-0.19583333333333336,0.048667330203336856,0.75,1,1,1.0,0.7931521154128507,0.15937499999999996,SUBJECT_V3_734944228346e875e0f15d81
rotated,1,P2,low,3,SUBJECT_V3_734944228346e875e0f15d81,MYOLEG_V3_K0609,0.03,-0.0075,-0.15127331299706143,-0.07361111111111113,-0.0776622018859503,0.8333333333333334,2,2,0.7931521154128507,0.8424364185690874,0.14548611111111115,SUBJECT_V3_07b564f1d4c1e514a788248d
rotated,1,P2,low,4,SUBJECT_V3_07b564f1d4c1e514a788248d,MYOLEG_V3_K0449,0.0125,0.03,-0.19260184927546742,-0.04999999999999996,-0.14260184927546746,0.875,3,3,0.8424364185690874,0.8622560812420457,0.13437499999999994,
rotated,2,P2,low,1,SUBJECT_V3_dc591810eb0f2bbc9d5fb9d8,MYOLEG_V3_K0312,0.0,0.0,0.14152732516368083,0.1743055555555557,-0.032778230391874885,1.0,0,0,1.0,1.0,0.4527777777777777,SUBJECT_V3_c22af6ff5e1a5fca3c42f1cf
rotated,2,P2,low,2,SUBJECT_V3_c22af6ff5e1a5fca3c42f1cf,MYOLEG_V3_K0619,0.03,0.0175,-0.13803299874857217,-0.19583333333333336,0.05780033458476119,0.75,1,1,1.0,0.7837079881264847,0.15937499999999996,SUBJECT_V3_4f9a6e18a15adaecb57a32bd
rotated,2,P2,low,3,SUBJECT_V3_4f9a6e18a15adaecb57a32bd,MYOLEG_V3_K0608,0.03,-0.01,-0.11221219707624681,-0.044583333333333336,-0.06762886374291348,0.8333333333333334,2,2,0.7837079881264847,0.8398795396225622,0.15937499999999996,SUBJECT_V3_07b564f1d4c1e514a788248d
rotated,2,P2,low,4,SUBJECT_V3_07b564f1d4c1e514a788248d,MYOLEG_V3_K0449,0.0125,0.03,-0.1516269407905611,-0.04999999999999996,-0.10162694079056114,0.875,3,3,0.8398795396225622,0.8682270802665571,0.13437499999999994,
rotated,3,P2,low,1,SUBJECT_V3_dc591810eb0f2bbc9d5fb9d8,MYOLEG_V3_K0312,0.0,0.0,0.1488322482724177,0.1743055555555557,-0.025473307283138014,1.0,0,0,1.0,1.0,0.4527777777777777,SUBJECT_V3_c22af6ff5e1a5fca3c42f1cf
rotated,3,P2,low,2,SUBJECT_V3_c22af6ff5e1a5fca3c42f1cf,MYOLEG_V3_K0619,0.03,0.0175,-0.1362047006431977,-0.19583333333333336,0.05962863269013566,0.75,1,1,1.0,0.7853505682320931,0.15937499999999996,SUBJECT_V3_4f9a6e18a15adaecb57a32bd
rotated,3,P2,low,3,SUBJECT_V3_4f9a6e18a15adaecb57a32bd,MYOLEG_V3_K0608,0.03,-0.01,-0.11623626722516318,-0.044583333333333336,-0.07165293389182985,0.8333333333333334,2,2,0.7853505682320931,0.839955871248582,0.15937499999999996,SUBJECT_V3_07b564f1d4c1e514a788248d
rotated,3,P2,low,4,SUBJECT_V3_07b564f1d4c1e514a788248d,MYOLEG_V3_K0449,0.0125,0.03,-0.20322137074109256,-0.04999999999999996,-0.1532213707410926,0.9,4,4,0.839955871248582,0.8780375754873516,0.13437499999999994,
rotated,4,P2,low,1,SUBJECT_V3_dc591810eb0f2bbc9d5fb9d8,MYOLEG_V3_K0312,0.0,0.0,0.13473742253456866,0.1743055555555557,-0.03956813302098705,1.0,0,0,1.0,1.0,0.4527777777777777,SUBJECT_V3_c22af6ff5e1a5fca3c42f1cf
rotated,4,P2,low,2,SUBJECT_V3_c22af6ff5e1a5fca3c42f1cf,MYOLEG_V3_K0619,0.03,0.0175,-0.1462472818220148,-0.19583333333333336,0.04958605151131856,0.75,1,1,1.0,0.7841340277373264,0.15937499999999996,SUBJECT_V3_734944228346e875e0f15d81
rotated,4,P2,low,3,SUBJECT_V3_734944228346e875e0f15d81,MYOLEG_V3_K0609,0.03,-0.0075,-0.14948292740623295,-0.07361111111111113,-0.07587181629512182,0.8333333333333334,2,2,0.7841340277373264,0.840144314513356,0.14548611111111115,SUBJECT_V3_07b564f1d4c1e514a788248d
rotated,4,P2,low,4,SUBJECT_V3_07b564f1d4c1e514a788248d,MYOLEG_V3_K0449,0.0125,0.03,-0.2217872197009359,-0.04999999999999996,-0.17178721970093594,0.875,3,3,0.840144314513356,0.8580112969229531,0.13437499999999994,
rotated,0,P3,low,1,SUBJECT_V3_dc591810eb0f2bbc9d5fb9d8,MYOLEG_V3_K0312,0.0,0.0,0.16170607062137113,0.3375,-0.1757939293786289,1.0,0,0,1.0,1.0,0.4527777777777777,SUBJECT_V3_f1c208a1347c685c4361cb26
rotated,0,P3,low,2,SUBJECT_V3_f1c208a1347c685c4361cb26,MYOLEG_V3_K0624,0.03,0.03,0.1451433987225366,-0.8791666666666669,1.0243100653892034,1.0,0,0,1.0,0.9026682849279933,0.45277777777777756,SUBJECT_V3_dfb47519c8df7762ddaefaca
rotated,0,P3,low,3,SUBJECT_V3_dfb47519c8df7762ddaefaca,MYOLEG_V3_K0600,0.03,-0.03,0.46760823473151425,-0.46250000000000013,0.9301082347315144,0.5,2,1,0.9026682849279933,0.5226392477907242,0.45277777777777756,SUBJECT_V3_7dd26b7bfcc4a37d1b5695c8
rotated,0,P3,low,4,SUBJECT_V3_7dd26b7bfcc4a37d1b5695c8,MYOLEG_V3_K0024,-0.03,0.03,0.6610314569641795,-0.06249999999999989,0.7235314569641794,0.5833333333333334,5,3,0.5226392477907242,0.6010701389894373,0.45277777777777756,
rotated,1,P3,low,1,SUBJECT_V3_dc591810eb0f2bbc9d5fb9d8,MYOLEG_V3_K0312,0.0,0.0,0.16334326174955952,0.3375,-0.1741567382504405,1.0,0,0,1.0,1.0,0.4527777777777777,SUBJECT_V3_f1c208a1347c685c4361cb26
rotated,1,P3,low,2,SUBJECT_V3_f1c208a1347c685c4361cb26,MYOLEG_V3_K0624,0.03,0.03,0.18076904608823008,-0.8791666666666669,1.059935712754897,1.0,0,0,1.0,0.9005506596662949,0.45277777777777756,SUBJECT_V3_dfb47519c8df7762ddaefaca
rotated,1,P3,low,3,SUBJECT_V3_dfb47519c8df7762ddaefaca,MYOLEG_V3_K0600,0.03,-0.03,0.4409651150499967,-0.46250000000000013,0.9034651150499968,0.5,2,1,0.9005506596662949,0.5241167751952398,0.45277777777777756,SUBJECT_V3_7dd26b7bfcc4a37d1b5695c8
rotated,1,P3,low,4,SUBJECT_V3_7dd26b7bfcc4a37d1b5695c8,MYOLEG_V3_K0024,-0.03,0.03,0.5966950025578095,-0.06249999999999989,0.6591950025578094,0.5833333333333334,5,3,0.5241167751952398,0.602563351147853,0.45277777777777756,
rotated,2,P3,low,1,SUBJECT_V3_dc591810eb0f2bbc9d5fb9d8,MYOLEG_V3_K0312,0.0,0.0,0.14152732516368083,0.3375,-0.1959726748363192,1.0,0,0,1.0,1.0,0.4527777777777777,SUBJECT_V3_f1c208a1347c685c4361cb26
rotated,2,P3,low,2,SUBJECT_V3_f1c208a1347c685c4361cb26,MYOLEG_V3_K0624,0.03,0.03,0.12770702918345248,-0.8791666666666669,1.0068736958501194,1.0,0,0,1.0,0.9024963241088588,0.45277777777777756,SUBJECT_V3_dfb47519c8df7762ddaefaca
rotated,2,P3,low,3,SUBJECT_V3_dfb47519c8df7762ddaefaca,MYOLEG_V3_K0600,0.03,-0.03,0.48666652021188966,-0.46250000000000013,0.9491665202118897,0.5,2,1,0.9024963241088588,0.5200913222328856,0.45277777777777756,SUBJECT_V3_7dd26b7bfcc4a37d1b5695c8
rotated,2,P3,low,4,SUBJECT_V3_7dd26b7bfcc4a37d1b5695c8,MYOLEG_V3_K0024,-0.03,0.03,0.5874676662743463,-0.06249999999999989,0.6499676662743462,0.5833333333333334,5,3,0.5200913222328856,0.6006402434211027,0.45277777777777756,
rotated,3,P3,low,1,SUBJECT_V3_dc591810eb0f2bbc9d5fb9d8,MYOLEG_V3_K0312,0.0,0.0,0.1488322482724177,0.3375,-0.18866775172758232,1.0,0,0,1.0,1.0,0.4527777777777777,SUBJECT_V3_f1c208a1347c685c4361cb26
rotated,3,P3,low,2,SUBJECT_V3_f1c208a1347c685c4361cb26,MYOLEG_V3_K0624,0.03,0.03,0.1728043584560016,-0.8791666666666669,1.0519710251226684,1.0,0,0,1.0,0.9001461819296399,0.45277777777777756,SUBJECT_V3_dfb47519c8df7762ddaefaca
rotated,3,P3,low,3,SUBJECT_V3_dfb47519c8df7762ddaefaca,MYOLEG_V3_K0600,0.03,-0.03,0.4378083539259807,-0.46250000000000013,0.9003083539259809,0.5,2,1,0.9001461819296399,0.5233711174069203,0.45277777777777756,SUBJECT_V3_7dd26b7bfcc4a37d1b5695c8
rotated,3,P3,low,4,SUBJECT_V3_7dd26b7bfcc4a37d1b5695c8,MYOLEG_V3_K0024,-0.03,0.03,0.6280788050438768,-0.06249999999999989,0.6905788050438767,0.5833333333333334,5,3,0.5233711174069203,0.6013738591084076,0.45277777777777756,
rotated,4,P3,low,1,SUBJECT_V3_dc591810eb0f2bbc9d5fb9d8,MYOLEG_V3_K0312,0.0,0.0,0.13473742253456866,0.3375,-0.20276257746543136,1.0,0,0,1.0,1.0,0.4527777777777777,SUBJECT_V3_f1c208a1347c685c4361cb26
rotated,4,P3,low,2,SUBJECT_V3_f1c208a1347c685c4361cb26,MYOLEG_V3_K0624,0.03,0.03,0.10157467402277107,-0.8791666666666669,0.980741340689438,1.0,0,0,1.0,0.9037133408326319,0.45277777777777756,SUBJECT_V3_dfb47519c8df7762ddaefaca
rotated,4,P3,low,3,SUBJECT_V3_dfb47519c8df7762ddaefaca,MYOLEG_V3_K0600,0.03,-0.03,0.49766258099559907,-0.46250000000000013,0.9601625809955991,0.5,2,1,0.9037133408326319,0.5189586997738972,0.45277777777777756,SUBJECT_V3_7dd26b7bfcc4a37d1b5695c8
rotated,4,P3,low,4,SUBJECT_V3_7dd26b7bfcc4a37d1b5695c8,MYOLEG_V3_K0024,-0.03,0.03,0.573102678021105,-0.06249999999999989,0.6356026780211049,0.5,4,2,0.5189586997738972,0.5378646844205681,0.45277777777777756,
mildly_nonlinear,0,P0,low,1,SUBJECT_V3_dc591810eb0f2bbc9d5fb9d8,MYOLEG_V3_K0312,0.0,0.0,-0.08516892937862881,-0.03388888888888886,-0.051280040489739956,1.0,0,0,1.0,1.0,0.265315721966044,SUBJECT_V3_baccbf491d28d6b07444720d
mildly_nonlinear,0,P0,low,2,SUBJECT_V3_baccbf491d28d6b07444720d,MYOLEG_V3_K0153,-0.015,-0.0225,-0.38568812300325667,-0.23597222222222222,-0.14971590078103444,0.75,1,1,1.0,0.7747329706496111,0.039642861014966446,SUBJECT_V3_b95b4da5be1808beeb3608dd
mildly_nonlinear,0,P0,low,3,SUBJECT_V3_b95b4da5be1808beeb3608dd,MYOLEG_V3_K0034,-0.0275,-0.0075,-0.1857070695311338,-0.08277777777777776,-0.10292929175335605,0.875,3,3,0.7747329706496111,0.8749224712322566,0.039642861014966446,SUBJECT_V3_8849dd898f0a0bb3352500ea
mildly_nonlinear,0,P0,low,4,SUBJECT_V3_8849dd898f0a0bb3352500ea,MYOLEG_V3_K0325,0.0025,-0.03,0.010987136328506113,-0.059027777777777735,0.07001491410628385,0.7857142857142857,6,5,0.8749224712322566,0.7915553912682022,0.039642861014966446,
mildly_nonlinear,1,P0,low,1,SUBJECT_V3_dc591810eb0f2bbc9d5fb9d8,MYOLEG_V3_K0312,0.0,0.0,-0.08353173825044043,-0.03388888888888886,-0.04964284936155157,1.0,0,0,1.0,1.0,0.265315721966044,SUBJECT_V3_baccbf491d28d6b07444720d
mildly_nonlinear,1,P0,low,2,SUBJECT_V3_baccbf491d28d6b07444720d,MYOLEG_V3_K0153,-0.015,-0.0225,-0.25299582340120363,-0.23597222222222222,-0.017023601178981412,0.75,1,1,1.0,0.7931158870063726,0.039642861014966446,SUBJECT_V3_5afddd157ac2bfb0aaa8ffff
mildly_nonlinear,1,P0,low,3,SUBJECT_V3_5afddd157ac2bfb0aaa8ffff,MYOLEG_V3_K0061,-0.025,-0.0025,-0.1241824057061384,-0.06819444444444439,-0.055987961261694,0.8333333333333334,2,2,0.7931158870063726,0.8523569528919637,0.039642861014966446,SUBJECT_V3_a9b40fe4840d9df4cc5fffbb
mildly_nonlinear,1,P0,low,4,SUBJECT_V3_a9b40fe4840d9df4cc5fffbb,MYOLEG_V3_K0351,0.005,-0.0275,-0.04868431576012995,-0.03763888888888886,-0.01104542687124109,0.875,3,3,0.8523569528919637,0.8833435616473372,0.039642861014966446,
mildly_nonlinear,2,P0,low,1,SUBJECT_V3_dc591810eb0f2bbc9d5fb9d8,MYOLEG_V3_K0312,0.0,0.0,-0.1053476748363191,-0.03388888888888886,-0.07145878594743024,1.0,0,0,1.0,1.0,0.265315721966044,SUBJECT_V3_baccbf491d28d6b07444720d
mildly_nonlinear,2,P0,low,2,SUBJECT_V3_baccbf491d28d6b07444720d,MYOLEG_V3_K0153,-0.015,-0.0225,-0.3381169264856403,-0.23597222222222222,-0.10214470426341807,0.75,1,1,1.0,0.7965526359074153,0.039642861014966446,SUBJECT_V3_542b8480aee3bef0b05216a9
mildly_nonlinear,2,P0,low,3,SUBJECT_V3_542b8480aee3bef0b05216a9,MYOLEG_V3_K0060,-0.025,-0.005,-0.2245727573066796,-0.09722222222222221,-0.1273505350844574,0.875,3,3,0.7965526359074153,0.8827995499920679,0.039642861014966446,SUBJECT_V3_8849dd898f0a0bb3352500ea
mildly_nonlinear,2,P0,low,4,SUBJECT_V3_8849dd898f0a0bb3352500ea,MYOLEG_V3_K0325,0.0025,-0.03,0.0020043567274058566,-0.059027777777777735,0.06103213450518359,0.7857142857142857,6,5,0.8827995499920679,0.7883967409540594,0.039642861014966446,
mildly_nonlinear,3,P0,low,1,SUBJECT_V3_dc591810eb0f2bbc9d5fb9d8,MYOLEG_V3_K0312,0.0,0.0,-0.09804275172758224,-0.03388888888888886,-0.06415386283869338,1.0,0,0,1.0,1.0,0.265315721966044,SUBJECT_V3_baccbf491d28d6b07444720d
mildly_nonlinear,3,P0,low,2,SUBJECT_V3_baccbf491d28d6b07444720d,MYOLEG_V3_K0153,-0.015,-0.0225,-0.321755009393401,-0.23597222222222222,-0.08578278717117879,0.75,1,1,1.0,0.8007022188304826,0.039642861014966446,SUBJECT_V3_542b8480aee3bef0b05216a9
mildly_nonlinear,3,P0,low,3,SUBJECT_V3_542b8480aee3bef0b05216a9,MYOLEG_V3_K0060,-0.025,-0.005,-0.25377307025541357,-0.09722222222222221,-0.15655084803319136,0.8333333333333334,2,2,0.8007022188304826,0.8315381315250603,0.039642861014966446,SUBJECT_V3_8849dd898f0a0bb3352500ea
mildly_nonlinear,3,P0,low,4,SUBJECT_V3_8849dd898f0a0bb3352500ea,MYOLEG_V3_K0325,0.0025,-0.03,-0.03201598198801608,-0.059027777777777735,0.027011795789761657,0.9,4,4,0.8315381315250603,0.8742479897237313,0.039642861014966446,
mildly_nonlinear,4,P0,low,1,SUBJECT_V3_dc591810eb0f2bbc9d5fb9d8,MYOLEG_V3_K0312,0.0,0.0,-0.11213757746543127,-0.03388888888888886,-0.07824868857654241,1.0,0,0,1.0,1.0,0.265315721966044,SUBJECT_V3_baccbf491d28d6b07444720d
mildly_nonlinear,4,P0,low,2,SUBJECT_V3_baccbf491d28d6b07444720d,MYOLEG_V3_K0153,-0.015,-0.0225,-0.34188676085078085,-0.23597222222222222,-0.10591453862855862,0.75,1,1,1.0,0.7978919759671875,0.039642861014966446,SUBJECT_V3_542b8480aee3bef0b05216a9
mildly_nonlinear,4,P0,low,3,SUBJECT_V3_542b8480aee3bef0b05216a9,MYOLEG_V3_K0060,-0.025,-0.005,-0.16732074125962051,-0.09722222222222221,-0.0700985190373983,0.8333333333333334,2,2,0.7978919759671875,0.8575217439604053,0.039642861014966446,SUBJECT_V3_8849dd898f0a0bb3352500ea
mildly_nonlinear,4,P0,low,4,SUBJECT_V3_8849dd898f0a0bb3352500ea,MYOLEG_V3_K0325,0.0025,-0.03,-0.032764863530174576,-0.059027777777777735,0.02626291424760316,0.9,4,4,0.8575217439604053,0.8857836021492762,0.039642861014966446,
mildly_nonlinear,0,P1,low,1,SUBJECT_V3_dc591810eb0f2bbc9d5fb9d8,MYOLEG_V3_K0312,0.0,0.0,-0.08516892937862881,-0.004999999999999949,-0.08016892937862886,1.0,0,0,1.0,1.0,0.265315721966044,SUBJECT_V3_b65e05ebb9f465213b4c72b4
mildly_nonlinear,0,P1,low,2,SUBJECT_V3_b65e05ebb9f465213b4c72b4,MYOLEG_V3_K0201,-0.01,-0.0275,-0.18485477973707454,-0.23597222222222222,0.051117442485147685,0.75,1,1,1.0,0.7506533094392485,0.13473858291712165,SUBJECT_V3_7761c846c54659f7c763a509
mildly_nonlinear,0,P1,low,3,SUBJECT_V3_7761c846c54659f7c763a509,MYOLEG_V3_K0427,0.0125,-0.025,0.07538869409153169,-0.02513888888888885,0.10052758298042054,0.625,3,2,0.7506533094392485,0.6518912327240318,0.13473858291712165,SUBJECT_V3_8cf7393ce69e713f52629418
mildly_nonlinear,0,P1,low,4,SUBJECT_V3_8cf7393ce69e713f52629418,MYOLEG_V3_K0058,-0.025,-0.01,-0.27508144693107656,-0.01388888888888884,-0.2611925580421877,0.5,6,3,0.6518912327240318,0.5408675282086697,0.08625673132951045,
mildly_nonlinear,1,P1,low,1,SUBJECT_V3_dc591810eb0f2bbc9d5fb9d8,MYOLEG_V3_K0312,0.0,0.0,-0.08353173825044043,-0.004999999999999949,-0.07853173825044048,1.0,0,0,1.0,1.0,0.265315721966044,SUBJECT_V3_b65e05ebb9f465213b4c72b4
mildly_nonlinear,1,P1,low,2,SUBJECT_V3_b65e05ebb9f465213b4c72b4,MYOLEG_V3_K0201,-0.01,-0.0275,-0.2467352121691044,-0.23597222222222222,-0.010762989946882184,0.75,1,1,1.0,0.7783875508891988,0.13473858291712165,SUBJECT_V3_496c40947f1467a0a6e11acd
mildly_nonlinear,1,P1,low,3,SUBJECT_V3_496c40947f1467a0a6e11acd,MYOLEG_V3_K0401,0.01,-0.0275,0.10817439416814986,-0.06930555555555554,0.1774799497237054,0.625,3,2,0.7783875508891988,0.6492979571239976,0.13473858291712165,SUBJECT_V3_f4e42bb1f70aac5ef389e91a
mildly_nonlinear,1,P1,low,4,SUBJECT_V3_f4e42bb1f70aac5ef389e91a,MYOLEG_V3_K0057,-0.025,-0.0125,-0.2822418821715142,-0.03763888888888883,-0.24460299328262536,0.5833333333333334,5,3,0.6492979571239976,0.6071631677095961,0.07007300162117164,
mildly_nonlinear,2,P1,low,1,SUBJECT_V3_dc591810eb0f2bbc9d5fb9d8,MYOLEG_V3_K0312,0.0,0.0,-0.1053476748363191,-0.004999999999999949,-0.10034767483631915,1.0,0,0,1.0,1.0,0.265315721966044,SUBJECT_V3_8f4f76dde4b0ac10bbc95890
mildly_nonlinear,2,P1,low,2,SUBJECT_V3_8f4f76dde4b0ac10bbc95890,MYOLEG_V3_K0226,-0.0075,-0.0275,-0.25897959133927123,-0.23944444444444446,-0.01953514689482677,0.75,1,1,1.0,0.7729213448494299,0.16484947653068566,SUBJECT_V3_01f27b7bcfd483626cc49496
mildly_nonlinear,2,P1,low,3,SUBJECT_V3_01f27b7bcfd483626cc49496,MYOLEG_V3_K0082,-0.0225,-0.0125,-0.3143587861550444,-0.08277777777777776,-0.23158100837726667,0.8333333333333334,2,2,0.7729213448494299,0.7960440504049779,0.03482290131745919,SUBJECT_V3_6f66c3dd71bfbc19c80b669e
mildly_nonlinear,2,P1,low,4,SUBJECT_V3_6f66c3dd71bfbc19c80b669e,MYOLEG_V3_K0025,-0.0275,-0.03,-0.200848492231865,-0.004027777777777741,-0.19682071445408725,0.7,4,3,0.7960440504049779,0.7000070042901365,0.03482290131745919,
mildly_nonlinear,3,P1,low,1,SUBJECT_V3_dc591810eb0f2bbc9d5fb9d8,MYOLEG_V3_K0312,0.0,0.0,-0.09804275172758224,-0.004999999999999949,-0.09304275172758229,1.0,0,0,1.0,1.0,0.265315721966044,SUBJECT_V3_b65e05ebb9f465213b4c72b4
mildly_nonlinear,3,P1,low,2,SUBJECT_V3_b65e05ebb9f465213b4c72b4,MYOLEG_V3_K0201,-0.01,-0.0275,-0.26276271097046183,-0.23597222222222222,-0.02679048874823961,0.75,1,1,1.0,0.7790974377132903,0.13473858291712165,SUBJECT_V3_496c40947f1467a0a6e11acd
mildly_nonlinear,3,P1,low,3,SUBJECT_V3_496c40947f1467a0a6e11acd,MYOLEG_V3_K0401,0.01,-0.0275,0.10651580749492608,-0.06930555555555554,0.17582136305048163,0.625,3,2,0.7790974377132903,0.647892428917126,0.13473858291712165,SUBJECT_V3_f4e42bb1f70aac5ef389e91a
mildly_nonlinear,3,P1,low,4,SUBJECT_V3_f4e42bb1f70aac5ef389e91a,MYOLEG_V3_K0057,-0.025,-0.0125,-0.3280179892162982,-0.03763888888888883,-0.2903791003274094,0.5833333333333334,5,3,0.647892428917126,0.6079270141925992,0.07007300162117164,
mildly_nonlinear,4,P1,low,1,SUBJECT_V3_dc591810eb0f2bbc9d5fb9d8,MYOLEG_V3_K0312,0.0,0.0,-0.11213757746543127,-0.004999999999999949,-0.10713757746543132,1.0,0,0,1.0,1.0,0.265315721966044,SUBJECT_V3_8f4f76dde4b0ac10bbc95890
mildly_nonlinear,4,P1,low,2,SUBJECT_V3_8f4f76dde4b0ac10bbc95890,MYOLEG_V3_K0226,-0.0075,-0.0275,-0.21135584208567848,-0.23944444444444446,0.02808860235876598,0.75,1,1,1.0,0.7498659866293061,0.16484947653068566,SUBJECT_V3_f4e42bb1f70aac5ef389e91a
mildly_nonlinear,4,P1,low,3,SUBJECT_V3_f4e42bb1f70aac5ef389e91a,MYOLEG_V3_K0057,-0.025,-0.0125,-0.2318400133981757,-0.03763888888888883,-0.19420112450928687,0.8333333333333334,2,2,0.7498659866293061,0.793240873527597,0.07007300162117164,SUBJECT_V3_c27c5d3bd69afcddd3d5f5d9
mildly_nonlinear,4,P1,low,4,SUBJECT_V3_c27c5d3bd69afcddd3d5f5d9,MYOLEG_V3_K0428,0.0125,-0.0225,0.10882971274078537,-0.027777777777777735,0.1366074905185631,0.75,5,4,0.793240873527597,0.7349138184878637,0.07007300162117164,
mildly_nonlinear,0,P2,low,1,SUBJECT_V3_dc591810eb0f2bbc9d5fb9d8,MYOLEG_V3_K0312,0.0,0.0,-0.08516892937862881,-0.1423611111111111,0.05719218173248229,1.0,0,0,1.0,1.0,0.265315721966044,SUBJECT_V3_cf7ba74885717d9f1b428746
mildly_nonlinear,0,P2,low,2,SUBJECT_V3_cf7ba74885717d9f1b428746,MYOLEG_V3_K0275,-0.0025,-0.03,-0.10286087322306968,-0.14500000000000002,0.04213912677693034,1.0,0,0,1.0,0.9848013542348604,0.26114100437471344,SUBJECT_V3_e6279988ee0d63d0eb29b340
mildly_nonlinear,0,P2,low,3,SUBJECT_V3_e6279988ee0d63d0eb29b340,MYOLEG_V3_K0107,-0.02,-0.0125,-0.31731421645964214,-0.06916666666666668,-0.24814754979297546,0.16666666666666666,2,0,0.9848013542348604,0.2463333549571215,0.01210479127840447,SUBJECT_V3_7dd26b7bfcc4a37d1b5695c8
mildly_nonlinear,0,P2,low,4,SUBJECT_V3_7dd26b7bfcc4a37d1b5695c8,MYOLEG_V3_K0024,-0.03,0.03,0.8771341675540381,0.6143055555555557,0.2628286119984824,0.5833333333333334,5,3,0.2463333549571215,0.6519522830183867,0.01210479127840447,
mildly_nonlinear,1,P2,low,1,SUBJECT_V3_dc591810eb0f2bbc9d5fb9d8,MYOLEG_V3_K0312,0.0,0.0,-0.08353173825044043,-0.1423611111111111,0.05882937286067068,1.0,0,0,1.0,1.0,0.265315721966044,SUBJECT_V3_cf7ba74885717d9f1b428746
mildly_nonlinear,1,P2,low,2,SUBJECT_V3_cf7ba74885717d9f1b428746,MYOLEG_V3_K0275,-0.0025,-0.03,-0.07986192729940722,-0.14500000000000002,0.0651380727005928,1.0,0,0,1.0,0.9935140566883198,0.26114100437471344,SUBJECT_V3_e6279988ee0d63d0eb29b340
mildly_nonlinear,1,P2,low,3,SUBJECT_V3_e6279988ee0d63d0eb29b340,MYOLEG_V3_K0107,-0.02,-0.0125,-0.32281426207450714,-0.06916666666666668,-0.25364759540784043,0.16666666666666666,2,0,0.9935140566883198,0.2439545468792596,0.01210479127840447,SUBJECT_V3_7dd26b7bfcc4a37d1b5695c8
mildly_nonlinear,1,P2,low,4,SUBJECT_V3_7dd26b7bfcc4a37d1b5695c8,MYOLEG_V3_K0024,-0.03,0.03,0.812797713147668,0.6143055555555557,0.19849215759211236,0.5833333333333334,5,3,0.2439545468792596,0.6523710590036944,0.01210479127840447,
mildly_nonlinear,2,P2,low,1,SUBJECT_V3_dc591810eb0f2bbc9d5fb9d8,MYOLEG_V3_K0312,0.0,0.0,-0.1053476748363191,-0.1423611111111111,0.037013436274792005,1.0,0,0,1.0,1.0,0.265315721966044,SUBJECT_V3_cf7ba74885717d9f1b428746
mildly_nonlinear,2,P2,low,2,SUBJECT_V3_cf7ba74885717d9f1b428746,MYOLEG_V3_K0275,-0.0025,-0.03,-0.12593646835121794,-0.14500000000000002,0.01906353164878208,1.0,0,0,1.0,0.9819842887776599,0.26114100437471344,SUBJECT_V3_e6279988ee0d63d0eb29b340
mildly_nonlinear,2,P2,low,3,SUBJECT_V3_e6279988ee0d63d0eb29b340,MYOLEG_V3_K0107,-0.02,-0.0125,-0.39591421748500993,-0.06916666666666668,-0.3267475508183433,0.16666666666666666,2,0,0.9819842887776599,0.2506393815296871,0.01210479127840447,SUBJECT_V3_7dd26b7bfcc4a37d1b5695c8
mildly_nonlinear,2,P2,low,4,SUBJECT_V3_7dd26b7bfcc4a37d1b5695c8,MYOLEG_V3_K0024,-0.03,0.03,0.8035703768642048,0.6143055555555557,0.1892648213086492,0.5833333333333334,5,3,0.2506393815296871,0.6499973439976015,0.01210479127840447,
mildly_nonlinear,3,P2,low,1,SUBJECT_V3_dc591810eb0f2bbc9d5fb9d8,MYOLEG_V3_K0312,0.0,0.0,-0.09804275172758224,-0.1423611111111111,0.04431835938352886,1.0,0,0,1.0,1.0,0.265315721966044,SUBJECT_V3_cf7ba74885717d9f1b428746
mildly_nonlinear,3,P2,low,2,SUBJECT_V3_cf7ba74885717d9f1b428746,MYOLEG_V3_K0275,-0.0025,-0.03,-0.12790265164155434,-0.14500000000000002,0.017097348358445674,1.0,0,0,1.0,0.9731937076530259,0.26114100437471344,SUBJECT_V3_e6279988ee0d63d0eb29b340
mildly_nonlinear,3,P2,low,3,SUBJECT_V3_e6279988ee0d63d0eb29b340,MYOLEG_V3_K0107,-0.02,-0.0125,-0.39073933036845804,-0.06916666666666668,-0.3215726637017914,0.16666666666666666,2,0,0.9731937076530259,0.2529030659252447,0.01210479127840447,SUBJECT_V3_7dd26b7bfcc4a37d1b5695c8
mildly_nonlinear,3,P2,low,4,SUBJECT_V3_7dd26b7bfcc4a37d1b5695c8,MYOLEG_V3_K0024,-0.03,0.03,0.8441815156337353,0.6143055555555557,0.22987596007817968,0.5833333333333334,5,3,0.2529030659252447,0.6496779540866027,0.01210479127840447,
mildly_nonlinear,4,P2,low,1,SUBJECT_V3_dc591810eb0f2bbc9d5fb9d8,MYOLEG_V3_K0312,0.0,0.0,-0.11213757746543127,-0.1423611111111111,0.03022353364567984,1.0,0,0,1.0,1.0,0.265315721966044,SUBJECT_V3_cf7ba74885717d9f1b428746
mildly_nonlinear,4,P2,low,2,SUBJECT_V3_cf7ba74885717d9f1b428746,MYOLEG_V3_K0275,-0.0025,-0.03,-0.07302034704568414,-0.14500000000000002,0.07197965295431588,1.0,0,0,1.0,0.9600776212471891,0.26114100437471344,SUBJECT_V3_e6279988ee0d63d0eb29b340
mildly_nonlinear,4,P2,low,3,SUBJECT_V3_e6279988ee0d63d0eb29b340,MYOLEG_V3_K0107,-0.02,-0.0125,-0.3413185771748863,-0.06916666666666668,-0.27215191050821963,0.16666666666666666,2,0,0.9600776212471891,0.25461973987040504,0.01210479127840447,SUBJECT_V3_7dd26b7bfcc4a37d1b5695c8
mildly_nonlinear,4,P2,low,4,SUBJECT_V3_7dd26b7bfcc4a37d1b5695c8,MYOLEG_V3_K0024,-0.03,0.03,0.7892053886109636,0.6143055555555557,0.1748998330554079,0.5833333333333334,5,3,0.25461973987040504,0.6518934526890106,0.01210479127840447,
mildly_nonlinear,0,P3,low,1,SUBJECT_V3_dc591810eb0f2bbc9d5fb9d8,MYOLEG_V3_K0312,0.0,0.0,-0.08516892937862881,0.35416666666666663,-0.43933559604529543,1.0,0,0,1.0,1.0,0.265315721966044,SUBJECT_V3_d90982882613082cf20176fc
mildly_nonlinear,0,P3,low,2,SUBJECT_V3_d90982882613082cf20176fc,MYOLEG_V3_K0000,-0.03,-0.03,-0.13495133087638483,-0.8291666666666666,0.6942153357902818,1.0,0,0,1.0,0.904856012783869,0.20054117317167908,SUBJECT_V3_dfb47519c8df7762ddaefaca
mildly_nonlinear,0,P3,low,3,SUBJECT_V3_dfb47519c8df7762ddaefaca,MYOLEG_V3_K0600,0.03,-0.03,0.6577555241416555,-0.24583333333333346,0.903588857474989,0.5,2,1,0.904856012783869,0.5174576114095473,0.20054117317167908,SUBJECT_V3_7dd26b7bfcc4a37d1b5695c8
mildly_nonlinear,0,P3,low,4,SUBJECT_V3_7dd26b7bfcc4a37d1b5695c8,MYOLEG_V3_K0024,-0.03,0.03,0.8771341675540381,-0.24583333333333313,1.1229675008873712,0.5,4,2,0.5174576114095473,0.5200436265125303,0.20054117317167908,
mildly_nonlinear,1,P3,low,1,SUBJECT_V3_dc591810eb0f2bbc9d5fb9d8,MYOLEG_V3_K0312,0.0,0.0,-0.08353173825044043,0.35416666666666663,-0.43769840491710704,1.0,0,0,1.0,1.0,0.265315721966044,SUBJECT_V3_d90982882613082cf20176fc
mildly_nonlinear,1,P3,low,2,SUBJECT_V3_d90982882613082cf20176fc,MYOLEG_V3_K0000,-0.03,-0.03,-0.15084264144684686,-0.8291666666666666,0.6783240252198197,1.0,0,0,1.0,0.9060071975872424,0.20054117317167908,SUBJECT_V3_dfb47519c8df7762ddaefaca
mildly_nonlinear,1,P3,low,3,SUBJECT_V3_dfb47519c8df7762ddaefaca,MYOLEG_V3_K0600,0.03,-0.03,0.6311124044601379,-0.24583333333333346,0.8769457377934714,0.5,2,1,0.9060071975872424,0.518795979942035,0.20054117317167908,SUBJECT_V3_7dd26b7bfcc4a37d1b5695c8
mildly_nonlinear,1,P3,low,4,SUBJECT_V3_7dd26b7bfcc4a37d1b5695c8,MYOLEG_V3_K0024,-0.03,0.03,0.812797713147668,-0.24583333333333313,1.0586310464810011,0.5,4,2,0.518795979942035,0.5220926101667196,0.20054117317167908,
mildly_nonlinear,2,P3,low,1,SUBJECT_V3_dc591810eb0f2bbc9d5fb9d8,MYOLEG_V3_K0312,0.0,0.0,-0.1053476748363191,0.35416666666666663,-0.45951434150298576,1.0,0,0,1.0,1.0,0.265315721966044,SUBJECT_V3_d90982882613082cf20176fc
mildly_nonlinear,2,P3,low,2,SUBJECT_V3_d90982882613082cf20176fc,MYOLEG_V3_K0000,-0.03,-0.03,-0.13175075822721968,-0.8291666666666666,0.6974159084394469,1.0,0,0,1.0,0.9033337855854392,0.20054117317167908,SUBJECT_V3_dfb47519c8df7762ddaefaca
mildly_nonlinear,2,P3,low,3,SUBJECT_V3_dfb47519c8df7762ddaefaca,MYOLEG_V3_K0600,0.03,-0.03,0.676813809622031,-0.24583333333333346,0.9226471429553644,0.5,2,1,0.9033337855854392,0.5156670106178123,0.20054117317167908,SUBJECT_V3_7dd26b7bfcc4a37d1b5695c8
mildly_nonlinear,2,P3,low,4,SUBJECT_V3_7dd26b7bfcc4a37d1b5695c8,MYOLEG_V3_K0024,-0.03,0.03,0.8035703768642048,-0.24583333333333313,1.049403710197538,0.5,4,2,0.5156670106178123,0.5192357156799763,0.20054117317167908,
mildly_nonlinear,3,P3,low,1,SUBJECT_V3_dc591810eb0f2bbc9d5fb9d8,MYOLEG_V3_K0312,0.0,0.0,-0.09804275172758224,0.35416666666666663,-0.4522094183942489,1.0,0,0,1.0,1.0,0.265315721966044,SUBJECT_V3_d90982882613082cf20176fc
mildly_nonlinear,3,P3,low,2,SUBJECT_V3_d90982882613082cf20176fc,MYOLEG_V3_K0000,-0.03,-0.03,-0.17392981558938297,-0.8291666666666666,0.6552368510772837,1.0,0,0,1.0,0.9065735510635479,0.20054117317167908,SUBJECT_V3_dfb47519c8df7762ddaefaca
mildly_nonlinear,3,P3,low,3,SUBJECT_V3_dfb47519c8df7762ddaefaca,MYOLEG_V3_K0600,0.03,-0.03,0.627955643336122,-0.24583333333333346,0.8737889766694554,0.5,2,1,0.9065735510635479,0.5191298714472858,0.20054117317167908,SUBJECT_V3_7dd26b7bfcc4a37d1b5695c8
mildly_nonlinear,3,P3,low,4,SUBJECT_V3_7dd26b7bfcc4a37d1b5695c8,MYOLEG_V3_K0024,-0.03,0.03,0.8441815156337353,-0.24583333333333313,1.0900148489670685,0.5,4,2,0.5191298714472858,0.5212449083839208,0.20054117317167908,
mildly_nonlinear,4,P3,low,1,SUBJECT_V3_dc591810eb0f2bbc9d5fb9d8,MYOLEG_V3_K0312,0.0,0.0,-0.11213757746543127,0.35416666666666663,-0.4663042441320979,1.0,0,0,1.0,1.0,0.265315721966044,SUBJECT_V3_d90982882613082cf20176fc
mildly_nonlinear,4,P3,low,2,SUBJECT_V3_d90982882613082cf20176fc,MYOLEG_V3_K0000,-0.03,-0.03,-0.1304568962623346,-0.8291666666666666,0.698709770404332,1.0,0,0,1.0,0.9028109406222841,0.20054117317167908,SUBJECT_V3_dfb47519c8df7762ddaefaca
mildly_nonlinear,4,P3,low,3,SUBJECT_V3_dfb47519c8df7762ddaefaca,MYOLEG_V3_K0600,0.03,-0.03,0.6878098704057404,-0.24583333333333346,0.9336432037390738,0.5,2,1,0.9028109406222841,0.5149949603874144,0.20054117317167908,SUBJECT_V3_7dd26b7bfcc4a37d1b5695c8
mildly_nonlinear,4,P3,low,4,SUBJECT_V3_7dd26b7bfcc4a37d1b5695c8,MYOLEG_V3_K0024,-0.03,0.03,0.7892053886109636,-0.24583333333333313,1.0350387219442967,0.5,4,2,0.5149949603874144,0.518634260297027,0.20054117317167908,
smooth_convex,0,P0,moderate,1,SUBJECT_V3_dc591810eb0f2bbc9d5fb9d8,MYOLEG_V3_K0312,0.0,0.0,-0.0747529127435776,-0.1209722222222222,0.04621930947864461,1.0,0,0,1.0,1.0,0.14548611111111112,SUBJECT_V3_9d4e1ef718c429b7c2f5412b
smooth_convex,0,P0,moderate,2,SUBJECT_V3_9d4e1ef718c429b7c2f5412b,MYOLEG_V3_K0505,0.02,-0.0175,-0.11340465687781122,-0.19499999999999998,0.08159534312218876,1.0,0,0,1.0,0.9891858526309226,0.0625,SUBJECT_V3_d68b6792cbe8a6c145d7315a
smooth_convex,0,P0,moderate,3,SUBJECT_V3_d68b6792cbe8a6c145d7315a,MYOLEG_V3_K0539,0.0225,0.005,0.015597633067664027,-0.09944444444444445,0.11504207751210847,1.0,0,0,0.9891858526309226,0.9830356346493556,0.0625,SUBJECT_V3_c3a2fd3cd1e38649ca2a5fc9
smooth_convex,0,P0,moderate,4,SUBJECT_V3_c3a2fd3cd1e38649ca2a5fc9,MYOLEG_V3_K0302,0.0,-0.025,0.015662952173711248,-0.06819444444444439,0.08385739661815564,1.0,0,0,0.9830356346493556,0.9852112668623577,0.0625,
smooth_convex,1,P0,moderate,1,SUBJECT_V3_dc591810eb0f2bbc9d5fb9d8,MYOLEG_V3_K0312,0.0,0.0,-0.06929560898294965,-0.1209722222222222,0.051676613239272556,1.0,0,0,1.0,1.0,0.14548611111111112,SUBJECT_V3_9d4e1ef718c429b7c2f5412b
smooth_convex,1,P0,moderate,2,SUBJECT_V3_9d4e1ef718c429b7c2f5412b,MYOLEG_V3_K0505,0.02,-0.0175,-0.1233876214564928,-0.19499999999999998,0.07161237854350717,1.0,0,0,1.0,0.9938470565229214,0.0625,SUBJECT_V3_d68b6792cbe8a6c145d7315a
smooth_convex,1,P0,moderate,3,SUBJECT_V3_d68b6792cbe8a6c145d7315a,MYOLEG_V3_K0539,0.0225,0.005,0.055887322538201084,-0.09944444444444445,0.15533176698264553,1.0,0,0,0.9938470565229214,0.9707969745624412,0.0625,SUBJECT_V3_c3a2fd3cd1e38649ca2a5fc9
smooth_convex,1,P0,moderate,4,SUBJECT_V3_c3a2fd3cd1e38649ca2a5fc9,MYOLEG_V3_K0302,0.0,-0.025,-0.11406547332803844,-0.06819444444444439,-0.04587102888359405,1.0,0,0,0.9707969745624412,0.9589996916796311,0.0625,
smooth_convex,2,P0,moderate,1,SUBJECT_V3_dc591810eb0f2bbc9d5fb9d8,MYOLEG_V3_K0312,0.0,0.0,-0.14201539760254522,-0.1209722222222222,-0.02104317538032302,1.0,0,0,1.0,1.0,0.14548611111111112,SUBJECT_V3_06224536449f8069e4cc7c45
smooth_convex,2,P0,moderate,2,SUBJECT_V3_06224536449f8069e4cc7c45,MYOLEG_V3_K0480,0.0175,-0.0175,-0.16105825895113862,-0.21236111111111108,0.05130285215997246,1.0,0,0,1.0,0.9783839910126833,0.04340277777777779,SUBJECT_V3_d68b6792cbe8a6c145d7315a
smooth_convex,2,P0,moderate,3,SUBJECT_V3_d68b6792cbe8a6c145d7315a,MYOLEG_V3_K0539,0.0225,0.005,-0.06628179505252252,-0.09944444444444445,0.03316264939192193,1.0,0,0,0.9783839910126833,0.9802018759102178,0.04340277777777779,SUBJECT_V3_9e381438835ccf9cae5c33ce
smooth_convex,2,P0,moderate,4,SUBJECT_V3_9e381438835ccf9cae5c33ce,MYOLEG_V3_K0278,-0.0025,-0.0225,-0.18954787865393694,-0.059027777777777735,-0.1305201008761592,1.0,0,0,0.9802018759102178,0.9575433975197251,0.04340277777777779,
smooth_convex,3,P0,moderate,1,SUBJECT_V3_dc591810eb0f2bbc9d5fb9d8,MYOLEG_V3_K0312,0.0,0.0,-0.11766565390675571,-0.1209722222222222,0.003306568315466496,1.0,0,0,1.0,1.0,0.14548611111111112,SUBJECT_V3_06224536449f8069e4cc7c45
smooth_convex,3,P0,moderate,2,SUBJECT_V3_06224536449f8069e4cc7c45,MYOLEG_V3_K0480,0.0175,-0.0175,-0.187125288158619,-0.21236111111111108,0.025235822952492076,1.0,0,0,1.0,0.9932401798308174,0.04340277777777779,SUBJECT_V3_d68b6792cbe8a6c145d7315a
smooth_convex,3,P0,moderate,3,SUBJECT_V3_d68b6792cbe8a6c145d7315a,MYOLEG_V3_K0539,0.0225,0.005,0.10078229320487636,-0.09944444444444445,0.2002267376493208,0.75,1,1,0.9932401798308174,0.7563157073543694,0.04340277777777779,SUBJECT_V3_873962d1a85b0404c02566aa
smooth_convex,3,P0,moderate,4,SUBJECT_V3_873962d1a85b0404c02566aa,MYOLEG_V3_K0277,-0.0025,-0.025,-0.026904512654833998,-0.029999999999999888,0.00309548734516589,0.75,1,1,0.7563157073543694,0.7604059254102493,0.04340277777777779,
smooth_convex,4,P0,moderate,1,SUBJECT_V3_dc591810eb0f2bbc9d5fb9d8,MYOLEG_V3_K0312,0.0,0.0,-0.16464840636625244,-0.1209722222222222,-0.04367618414403024,1.0,0,0,1.0,1.0,0.14548611111111112,SUBJECT_V3_06224536449f8069e4cc7c45
smooth_convex,4,P0,moderate,2,SUBJECT_V3_06224536449f8069e4cc7c45,MYOLEG_V3_K0480,0.0175,-0.0175,-0.20857517129617964,-0.21236111111111108,0.003785939814931444,1.0,0,0,1.0,0.9855994843042326,0.04340277777777779,SUBJECT_V3_d68b6792cbe8a6c145d7315a
smooth_convex,4,P0,moderate,3,SUBJECT_V3_d68b6792cbe8a6c145d7315a,MYOLEG_V3_K0539,0.0225,0.005,-0.09153325545783156,-0.09944444444444445,0.007911188986612888,1.0,0,0,0.9855994843042326,0.983386754114817,0.04340277777777779,SUBJECT_V3_c3a2fd3cd1e38649ca2a5fc9
smooth_convex,4,P0,moderate,4,SUBJECT_V3_c3a2fd3cd1e38649ca2a5fc9,MYOLEG_V3_K0302,0.0,-0.025,-9.500600496921419e-05,-0.06819444444444439,0.06809943843947518,1.0,0,0,0.983386754114817,0.976322094965263,0.04340277777777779,
smooth_convex,0,P1,moderate,1,SUBJECT_V3_dc591810eb0f2bbc9d5fb9d8,MYOLEG_V3_K0312,0.0,0.0,-0.0747529127435776,0.015138888888888924,-0.08989180163246652,1.0,0,0,1.0,1.0,0.14548611111111112,SUBJECT_V3_a08b564b4efbb3af7d71ae19
smooth_convex,0,P1,moderate,2,SUBJECT_V3_a08b564b4efbb3af7d71ae19,MYOLEG_V3_K0504,0.02,-0.02,-0.16225681480456278,-0.23597222222222222,0.07371540741765945,1.0,0,0,1.0,0.9537618493093722,0.08437500000000003,SUBJECT_V3_45882d8f77237893a7f1f417
smooth_convex,0,P1,moderate,3,SUBJECT_V3_45882d8f77237893a7f1f417,MYOLEG_V3_K0563,0.025,0.0025,0.0903036648242696,-0.08944444444444447,0.17974810926871407,1.0,0,0,0.9537618493093722,0.9386809033395781,0.08437500000000003,SUBJECT_V3_57a495f6a4e07afbfa1c0c08
smooth_convex,0,P1,moderate,4,SUBJECT_V3_57a495f6a4e07afbfa1c0c08,MYOLEG_V3_K0326,0.0025,-0.0275,0.21516858386990767,-0.05902777777777771,0.27419636164768535,0.5,2,1,0.9386809033395781,0.552816397091323,0.08437500000000003,
smooth_convex,1,P1,moderate,1,SUBJECT_V3_dc591810eb0f2bbc9d5fb9d8,MYOLEG_V3_K0312,0.0,0.0,-0.06929560898294965,0.015138888888888924,-0.08443449787183857,1.0,0,0,1.0,1.0,0.14548611111111112,SUBJECT_V3_a08b564b4efbb3af7d71ae19
smooth_convex,1,P1,moderate,2,SUBJECT_V3_a08b564b4efbb3af7d71ae19,MYOLEG_V3_K0504,0.02,-0.02,-0.11529831774383975,-0.23597222222222222,0.12067390447838247,1.0,0,0,1.0,0.9434608980763061,0.08437500000000003,SUBJECT_V3_45882d8f77237893a7f1f417
smooth_convex,1,P1,moderate,3,SUBJECT_V3_45882d8f77237893a7f1f417,MYOLEG_V3_K0563,0.025,0.0025,-0.14790206361579505,-0.08944444444444447,-0.05845761917135059,1.0,0,0,0.9434608980763061,0.9425204422275358,0.08437500000000003,SUBJECT_V3_c3a2fd3cd1e38649ca2a5fc9
smooth_convex,1,P1,moderate,4,SUBJECT_V3_c3a2fd3cd1e38649ca2a5fc9,MYOLEG_V3_K0302,0.0,-0.025,-0.11406547332803844,-0.03763888888888883,-0.07642658443914961,1.0,0,0,0.9425204422275358,0.9473196375519192,0.08437500000000003,
smooth_convex,2,P1,moderate,1,SUBJECT_V3_dc591810eb0f2bbc9d5fb9d8,MYOLEG_V3_K0312,0.0,0.0,-0.14201539760254522,0.015138888888888924,-0.15715428649143415,1.0,0,0,1.0,1.0,0.14548611111111112,SUBJECT_V3_9d4e1ef718c429b7c2f5412b
smooth_convex,2,P1,moderate,2,SUBJECT_V3_9d4e1ef718c429b7c2f5412b,MYOLEG_V3_K0505,0.02,-0.0175,-0.13627012475661046,-0.24388888888888888,0.10761876413227842,1.0,0,0,1.0,0.9295573408561932,0.0625,SUBJECT_V3_d68b6792cbe8a6c145d7315a
smooth_convex,2,P1,moderate,3,SUBJECT_V3_d68b6792cbe8a6c145d7315a,MYOLEG_V3_K0539,0.0225,0.005,-0.06628179505252252,-0.06722222222222221,0.0009404271696996924,1.0,0,0,0.9295573408561932,0.9398396897372556,0.0625,SUBJECT_V3_c3a2fd3cd1e38649ca2a5fc9
smooth_convex,2,P1,moderate,4,SUBJECT_V3_c3a2fd3cd1e38649ca2a5fc9,MYOLEG_V3_K0302,0.0,-0.025,0.1342511336696767,-0.03763888888888883,0.17189002255856553,1.0,0,0,0.9398396897372556,0.9321214447851004,0.0625,
smooth_convex,3,P1,moderate,1,SUBJECT_V3_dc591810eb0f2bbc9d5fb9d8,MYOLEG_V3_K0312,0.0,0.0,-0.11766565390675571,0.015138888888888924,-0.13280454279564463,1.0,0,0,1.0,1.0,0.14548611111111112,SUBJECT_V3_a08b564b4efbb3af7d71ae19
smooth_convex,3,P1,moderate,2,SUBJECT_V3_a08b564b4efbb3af7d71ae19,MYOLEG_V3_K0504,0.02,-0.02,-0.19437668914795295,-0.23597222222222222,0.041595533074269275,1.0,0,0,1.0,0.9510313413513508,0.08437500000000003,SUBJECT_V3_45882d8f77237893a7f1f417
smooth_convex,3,P1,moderate,3,SUBJECT_V3_45882d8f77237893a7f1f417,MYOLEG_V3_K0563,0.025,0.0025,-0.14705041839349736,-0.08944444444444447,-0.0576059739490529,1.0,0,0,0.9510313413513508,0.9588855833227465,0.08437500000000003,SUBJECT_V3_c3a2fd3cd1e38649ca2a5fc9
smooth_convex,3,P1,moderate,4,SUBJECT_V3_c3a2fd3cd1e38649ca2a5fc9,MYOLEG_V3_K0302,0.0,-0.025,-0.06427190670854087,-0.03763888888888883,-0.026633017819652036,1.0,0,0,0.9588855833227465,0.963743839797288,0.08437500000000003,
smooth_convex,4,P1,moderate,1,SUBJECT_V3_dc591810eb0f2bbc9d5fb9d8,MYOLEG_V3_K0312,0.0,0.0,-0.16464840636625244,0.015138888888888924,-0.17978729525514137,1.0,0,0,1.0,1.0,0.14548611111111112,SUBJECT_V3_9d4e1ef718c429b7c2f5412b
smooth_convex,4,P1,moderate,2,SUBJECT_V3_9d4e1ef718c429b7c2f5412b,MYOLEG_V3_K0505,0.02,-0.0175,-0.11378597427983657,-0.24388888888888888,0.13010291460905232,1.0,0,0,1.0,0.9197111977340501,0.0625,SUBJECT_V3_d68b6792cbe8a6c145d7315a
smooth_convex,4,P1,moderate,3,SUBJECT_V3_d68b6792cbe8a6c145d7315a,MYOLEG_V3_K0539,0.0225,0.005,-0.09153325545783156,-0.06722222222222221,-0.024311033235609347,1.0,0,0,0.9197111977340501,0.9322134292997738,0.0625,SUBJECT_V3_c3a2fd3cd1e38649ca2a5fc9
smooth_convex,4,P1,moderate,4,SUBJECT_V3_c3a2fd3cd1e38649ca2a5fc9,MYOLEG_V3_K0302,0.0,-0.025,-9.500600496921419e-05,-0.03763888888888883,0.03754388288391962,1.0,0,0,0.9322134292997738,0.9380426073641,0.0625,
smooth_convex,0,P2,moderate,1,SUBJECT_V3_dc591810eb0f2bbc9d5fb9d8,MYOLEG_V3_K0312,0.0,0.0,-0.0747529127435776,0.027500000000000024,-0.10225291274357762,1.0,0,0,1.0,1.0,0.14548611111111112,SUBJECT_V3_acf3dbe08bfe0d2ebb6b99d7
smooth_convex,0,P2,moderate,2,SUBJECT_V3_acf3dbe08bfe0d2ebb6b99d7,MYOLEG_V3_K0583,0.0275,-0.01,-0.06175733289503324,-0.18791666666666668,0.12615933377163344,1.0,0,0,1.0,0.9379067087696089,0.1375,SUBJECT_V3_bdd574f50c02bccfaa86d2f2
smooth_convex,0,P2,moderate,3,SUBJECT_V3_bdd574f50c02bccfaa86d2f2,MYOLEG_V3_K0544,0.0225,0.0175,0.28478675201187376,-0.04722222222222222,0.332008974234096,0.5,2,1,0.9379067087696089,0.5353961059853499,0.1375,SUBJECT_V3_74d5a00bcc933eb8d0135feb
smooth_convex,0,P2,moderate,4,SUBJECT_V3_74d5a00bcc933eb8d0135feb,MYOLEG_V3_K0400,0.01,-0.03,-0.10366772489358264,-0.010277777777777802,-0.09338994711580484,0.375,3,1,0.5353961059853499,0.43843954634000604,0.1375,
smooth_convex,1,P2,moderate,1,SUBJECT_V3_dc591810eb0f2bbc9d5fb9d8,MYOLEG_V3_K0312,0.0,0.0,-0.06929560898294965,0.027500000000000024,-0.09679560898294967,1.0,0,0,1.0,1.0,0.14548611111111112,SUBJECT_V3_acf3dbe08bfe0d2ebb6b99d7
smooth_convex,1,P2,moderate,2,SUBJECT_V3_acf3dbe08bfe0d2ebb6b99d7,MYOLEG_V3_K0583,0.0275,-0.01,-0.18198316957299207,-0.18791666666666668,0.005933497093674606,1.0,0,0,1.0,0.969872874304673,0.1375,SUBJECT_V3_268925b518b3a600b1896dd4
smooth_convex,1,P2,moderate,3,SUBJECT_V3_268925b518b3a600b1896dd4,MYOLEG_V3_K0568,0.025,0.015,0.03559342090304743,-0.07361111111111113,0.10920453201415856,1.0,0,0,0.969872874304673,0.9525956613724458,0.1375,SUBJECT_V3_28ce21548671e63ce508b4bf
smooth_convex,1,P2,moderate,4,SUBJECT_V3_28ce21548671e63ce508b4bf,MYOLEG_V3_K0450,0.015,-0.03,-0.16453702981796298,-0.05250000000000002,-0.11203702981796296,1.0,0,0,0.9525956613724458,0.9487894804962376,0.1375,
smooth_convex,2,P2,moderate,1,SUBJECT_V3_dc591810eb0f2bbc9d5fb9d8,MYOLEG_V3_K0312,0.0,0.0,-0.14201539760254522,0.027500000000000024,-0.16951539760254525,1.0,0,0,1.0,1.0,0.14548611111111112,SUBJECT_V3_acf3dbe08bfe0d2ebb6b99d7
smooth_convex,2,P2,moderate,2,SUBJECT_V3_acf3dbe08bfe0d2ebb6b99d7,MYOLEG_V3_K0583,0.0275,-0.01,-0.07734879555056301,-0.18791666666666668,0.11056787111610367,1.0,0,0,1.0,0.9261536863607461,0.1375,SUBJECT_V3_bdd574f50c02bccfaa86d2f2
smooth_convex,2,P2,moderate,3,SUBJECT_V3_bdd574f50c02bccfaa86d2f2,MYOLEG_V3_K0544,0.0225,0.0175,0.1078748741162473,-0.04722222222222222,0.15509709633846952,1.0,0,0,0.9261536863607461,0.9160216547318781,0.1375,SUBJECT_V3_496c40947f1467a0a6e11acd
smooth_convex,2,P2,moderate,4,SUBJECT_V3_496c40947f1467a0a6e11acd,MYOLEG_V3_K0401,0.01,-0.0275,-0.12773768114369316,-0.036250000000000004,-0.09148768114369316,1.0,0,0,0.9160216547318781,0.92807486844444,0.1375,
smooth_convex,3,P2,moderate,1,SUBJECT_V3_dc591810eb0f2bbc9d5fb9d8,MYOLEG_V3_K0312,0.0,0.0,-0.11766565390675571,0.027500000000000024,-0.14516565390675573,1.0,0,0,1.0,1.0,0.14548611111111112,SUBJECT_V3_acf3dbe08bfe0d2ebb6b99d7
smooth_convex,3,P2,moderate,2,SUBJECT_V3_acf3dbe08bfe0d2ebb6b99d7,MYOLEG_V3_K0583,0.0275,-0.01,-0.1528934837597906,-0.18791666666666668,0.03502318290687609,1.0,0,0,1.0,0.9495819386075999,0.1375,SUBJECT_V3_3e63fe28990153a12897b0e2
smooth_convex,3,P2,moderate,3,SUBJECT_V3_3e63fe28990153a12897b0e2,MYOLEG_V3_K0543,0.0225,0.015,0.11490717605045896,-0.07625000000000001,0.19115717605045895,1.0,0,0,0.9495819386075999,0.9272083235935475,0.1375,SUBJECT_V3_ef15e45560967f3bd9418a26
smooth_convex,3,P2,moderate,4,SUBJECT_V3_ef15e45560967f3bd9418a26,MYOLEG_V3_K0426,0.0125,-0.0275,-0.15693813614597082,-0.06,-0.09693813614597083,1.0,0,0,0.9272083235935475,0.9291436565068124,0.1375,
smooth_convex,4,P2,moderate,1,SUBJECT_V3_dc591810eb0f2bbc9d5fb9d8,MYOLEG_V3_K0312,0.0,0.0,-0.16464840636625244,0.027500000000000024,-0.19214840636625247,1.0,0,0,1.0,1.0,0.14548611111111112,SUBJECT_V3_55d7be652692938bb6ed6c39
smooth_convex,4,P2,moderate,2,SUBJECT_V3_55d7be652692938bb6ed6c39,MYOLEG_V3_K0558,0.025,-0.01,-0.042902839267457374,-0.19583333333333333,0.15293049406587594,1.0,0,0,1.0,0.9124080982120535,0.0954861111111111,SUBJECT_V3_38abf549bbb3901af4c25611
smooth_convex,4,P2,moderate,3,SUBJECT_V3_38abf549bbb3901af4c25611,MYOLEG_V3_K0519,0.02,0.0175,0.11520509013644367,-0.044583333333333336,0.159788423469777,1.0,0,0,0.9124080982120535,0.9019093676845248,0.0954861111111111,SUBJECT_V3_74d5a00bcc933eb8d0135feb
smooth_convex,4,P2,moderate,4,SUBJECT_V3_74d5a00bcc933eb8d0135feb,MYOLEG_V3_K0400,0.01,-0.03,-0.15156049385078468,-0.010277777777777802,-0.14128271607300688,1.0,0,0,0.9019093676845248,0.9163588634709874,0.0954861111111111,
smooth_convex,0,P3,moderate,1,SUBJECT_V3_dc591810eb0f2bbc9d5fb9d8,MYOLEG_V3_K0312,0.0,0.0,-0.0747529127435776,0.4114583333333333,-0.4862112460769109,1.0,0,0,1.0,1.0,0.14548611111111112,SUBJECT_V3_dfb47519c8df7762ddaefaca
smooth_convex,0,P3,moderate,2,SUBJECT_V3_dfb47519c8df7762ddaefaca,MYOLEG_V3_K0600,0.03,-0.03,0.12976182101299485,-0.6468749999999999,0.7766368210129947,1.0,0,0,1.0,0.8876672833474093,0.14548611111111112,SUBJECT_V3_f1c208a1347c685c4361cb26
smooth_convex,0,P3,moderate,3,SUBJECT_V3_f1c208a1347c685c4361cb26,MYOLEG_V3_K0624,0.03,0.03,0.8287685771503397,-0.3135416666666664,1.142310243817006,0.5,2,1,0.8876672833474093,0.4970269310247802,0.14548611111111112,SUBJECT_V3_d90982882613082cf20176fc
smooth_convex,0,P3,moderate,4,SUBJECT_V3_d90982882613082cf20176fc,MYOLEG_V3_K0000,-0.03,-0.03,0.9601252282781663,-0.06354166666666672,1.0236668949448329,0.5,4,2,0.4970269310247802,0.5029280271720586,0.14548611111111112,
smooth_convex,1,P3,moderate,1,SUBJECT_V3_dc591810eb0f2bbc9d5fb9d8,MYOLEG_V3_K0312,0.0,0.0,-0.06929560898294965,0.4114583333333333,-0.480753942316283,1.0,0,0,1.0,1.0,0.14548611111111112,SUBJECT_V3_dfb47519c8df7762ddaefaca
smooth_convex,1,P3,moderate,2,SUBJECT_V3_dfb47519c8df7762ddaefaca,MYOLEG_V3_K0600,0.03,-0.03,0.16758958095739157,-0.6468749999999999,0.8144645809573914,1.0,0,0,1.0,0.8855779368806673,0.14548611111111112,SUBJECT_V3_f1c208a1347c685c4361cb26
smooth_convex,1,P3,moderate,3,SUBJECT_V3_f1c208a1347c685c4361cb26,MYOLEG_V3_K0624,0.03,0.03,0.6804834176790193,-0.3135416666666664,0.9940250843456857,0.5,2,1,0.8855779368806673,0.49750178123233857,0.14548611111111112,SUBJECT_V3_d90982882613082cf20176fc
smooth_convex,1,P3,moderate,4,SUBJECT_V3_d90982882613082cf20176fc,MYOLEG_V3_K0000,-0.03,-0.03,1.1122582599806268,-0.06354166666666672,1.1757999266472936,0.5833333333333334,5,3,0.49750178123233857,0.5747491077659362,0.14548611111111112,
smooth_convex,2,P3,moderate,1,SUBJECT_V3_dc591810eb0f2bbc9d5fb9d8,MYOLEG_V3_K0312,0.0,0.0,-0.14201539760254522,0.4114583333333333,-0.5534737309358786,1.0,0,0,1.0,1.0,0.14548611111111112,SUBJECT_V3_dfb47519c8df7762ddaefaca
smooth_convex,2,P3,moderate,2,SUBJECT_V3_dfb47519c8df7762ddaefaca,MYOLEG_V3_K0600,0.03,-0.03,0.1869898800962213,-0.6468749999999999,0.8338648800962212,0.25,1,0,1.0,0.31730396536297023,0.14548611111111112,SUBJECT_V3_f1c208a1347c685c4361cb26
smooth_convex,2,P3,moderate,3,SUBJECT_V3_f1c208a1347c685c4361cb26,MYOLEG_V3_K0624,0.03,0.03,0.8550749671453771,-0.3135416666666664,1.1686166338120434,0.375,3,1,0.31730396536297023,0.3960175732347468,0.14548611111111112,SUBJECT_V3_d90982882613082cf20176fc
smooth_convex,2,P3,moderate,4,SUBJECT_V3_d90982882613082cf20176fc,MYOLEG_V3_K0000,-0.03,-0.03,1.0366954549364982,-0.06354166666666672,1.1002371216031648,0.4166666666666667,5,2,0.3960175732347468,0.4422923898881791,0.14548611111111112,
smooth_convex,3,P3,moderate,1,SUBJECT_V3_dc591810eb0f2bbc9d5fb9d8,MYOLEG_V3_K0312,0.0,0.0,-0.11766565390675571,0.4114583333333333,-0.529123987240089,1.0,0,0,1.0,1.0,0.14548611111111112,SUBJECT_V3_dfb47519c8df7762ddaefaca
smooth_convex,3,P3,moderate,2,SUBJECT_V3_dfb47519c8df7762ddaefaca,MYOLEG_V3_K0600,0.03,-0.03,0.028628863702964552,-0.6468749999999999,0.6755038637029644,1.0,0,0,1.0,0.8915064639593833,0.14548611111111112,SUBJECT_V3_f1c208a1347c685c4361cb26
smooth_convex,3,P3,moderate,3,SUBJECT_V3_f1c208a1347c685c4361cb26,MYOLEG_V3_K0624,0.03,0.03,0.5942362272478571,-0.3135416666666664,0.9077778939145235,0.5,2,1,0.8915064639593833,0.5030215009846771,0.14548611111111112,SUBJECT_V3_d90982882613082cf20176fc
smooth_convex,3,P3,moderate,4,SUBJECT_V3_d90982882613082cf20176fc,MYOLEG_V3_K0000,-0.03,-0.03,1.0725571416522761,-0.06354166666666672,1.136098808318943,0.5833333333333334,5,3,0.5030215009846771,0.5778201105074663,0.14548611111111112,
smooth_convex,4,P3,moderate,1,SUBJECT_V3_dc591810eb0f2bbc9d5fb9d8,MYOLEG_V3_K0312,0.0,0.0,-0.16464840636625244,0.4114583333333333,-0.5761067396995858,1.0,0,0,1.0,1.0,0.14548611111111112,SUBJECT_V3_dfb47519c8df7762ddaefaca
smooth_convex,4,P3,moderate,2,SUBJECT_V3_dfb47519c8df7762ddaefaca,MYOLEG_V3_K0600,0.03,-0.03,0.20765786666418698,-0.6468749999999999,0.8545328666641868,0.25,1,0,1.0,0.3146755213851805,0.14548611111111112,SUBJECT_V3_f1c208a1347c685c4361cb26
smooth_convex,4,P3,moderate,3,SUBJECT_V3_f1c208a1347c685c4361cb26,MYOLEG_V3_K0624,0.03,0.03,0.7641446675697688,-0.3135416666666664,1.0776863342364353,0.375,3,1,0.3146755213851805,0.39472357130327623,0.14548611111111112,SUBJECT_V3_d90982882613082cf20176fc
smooth_convex,4,P3,moderate,4,SUBJECT_V3_d90982882613082cf20176fc,MYOLEG_V3_K0000,-0.03,-0.03,1.0124816809479888,-0.06354166666666672,1.0760233476146555,0.4166666666666667,5,2,0.39472357130327623,0.44173578032908606,0.14548611111111112,
anisotropic,0,P0,moderate,1,SUBJECT_V3_dc591810eb0f2bbc9d5fb9d8,MYOLEG_V3_K0312,0.0,0.0,0.03420542058975576,0.023749999999999993,0.010455420589755765,1.0,0,0,1.0,1.0,0.35444444444444445,SUBJECT_V3_4ba8e3953fff298d2d878d6c
anisotropic,0,P0,moderate,2,SUBJECT_V3_4ba8e3953fff298d2d878d6c,MYOLEG_V3_K0173,-0.015,0.0275,-0.42592603400313483,-0.27999999999999997,-0.14592603400313486,0.75,1,1,1.0,0.7734306986944328,0.01777777777777778,SUBJECT_V3_32ea967591c29572fe494144
anisotropic,0,P0,moderate,3,SUBJECT_V3_32ea967591c29572fe494144,MYOLEG_V3_K0090,-0.0225,0.0075,-0.4465141444969138,-0.21437499999999998,-0.2321391444969138,0.8333333333333334,2,2,0.7734306986944328,0.8267428819167317,0.01777777777777778,SUBJECT_V3_30b943819bf11fadc62f8e50
anisotropic,0,P0,moderate,4,SUBJECT_V3_30b943819bf11fadc62f8e50,MYOLEG_V3_K0106,-0.02,-0.015,-0.11803323700378208,-0.059583333333333266,-0.05844990367044882,0.9,4,4,0.8267428819167317,0.8817207816313339,0.01777777777777778,
anisotropic,1,P0,moderate,1,SUBJECT_V3_dc591810eb0f2bbc9d5fb9d8,MYOLEG_V3_K0312,0.0,0.0,0.039662724350383705,0.023749999999999993,0.01591272435038371,1.0,0,0,1.0,1.0,0.35444444444444445,SUBJECT_V3_4ba8e3953fff298d2d878d6c
anisotropic,1,P0,moderate,2,SUBJECT_V3_4ba8e3953fff298d2d878d6c,MYOLEG_V3_K0173,-0.015,0.0275,-0.433745293242953,-0.27999999999999997,-0.15374529324295305,0.75,1,1,1.0,0.7714871935113105,0.01777777777777778,SUBJECT_V3_32ea967591c29572fe494144
anisotropic,1,P0,moderate,3,SUBJECT_V3_32ea967591c29572fe494144,MYOLEG_V3_K0090,-0.0225,0.0075,-0.11821258521572073,-0.21437499999999998,0.09616241478427925,0.8333333333333334,2,2,0.7714871935113105,0.8238544890882197,0.01777777777777778,SUBJECT_V3_6ba3d24bbe92d4db871f0633
anisotropic,1,P0,moderate,4,SUBJECT_V3_6ba3d24bbe92d4db871f0633,MYOLEG_V3_K0299,-0.0025,0.03,-0.10073514064763779,-0.08645833333333336,-0.014276807314304432,0.875,3,3,0.8238544890882197,0.8623444094124795,0.01777777777777778,
anisotropic,2,P0,moderate,1,SUBJECT_V3_dc591810eb0f2bbc9d5fb9d8,MYOLEG_V3_K0312,0.0,0.0,-0.03305706426921187,0.023749999999999993,-0.056807064269211865,1.0,0,0,1.0,1.0,0.35444444444444445,SUBJECT_V3_4ba8e3953fff298d2d878d6c
anisotropic,2,P0,moderate,2,SUBJECT_V3_4ba8e3953fff298d2d878d6c,MYOLEG_V3_K0173,-0.015,0.0275,-0.2687347889988314,-0.27999999999999997,0.011265211001168562,1.0,0,0,1.0,0.9796073264987973,0.01777777777777778,SUBJECT_V3_f9b9d62165f8d15296f8044e
anisotropic,2,P0,moderate,3,SUBJECT_V3_f9b9d62165f8d15296f8044e,MYOLEG_V3_K0113,-0.02,0.0025,-0.22919543268712875,-0.2258333333333333,-0.0033620993537954447,1.0,0,0,0.9796073264987973,0.9807841281712439,0.01777777777777778,SUBJECT_V3_a7a6b794086c4f6151377d4d
anisotropic,2,P0,moderate,4,SUBJECT_V3_a7a6b794086c4f6151377d4d,MYOLEG_V3_K0154,-0.015,-0.02,0.044835482810332006,-0.018749999999999878,0.06358548281033188,0.75,1,1,0.9807841281712439,0.7870864691758749,0.01777777777777778,
anisotropic,3,P0,moderate,1,SUBJECT_V3_dc591810eb0f2bbc9d5fb9d8,MYOLEG_V3_K0312,0.0,0.0,-0.008707320573422354,0.023749999999999993,-0.03245732057342235,1.0,0,0,1.0,1.0,0.35444444444444445,SUBJECT_V3_4ba8e3953fff298d2d878d6c
anisotropic,3,P0,moderate,2,SUBJECT_V3_4ba8e3953fff298d2d878d6c,MYOLEG_V3_K0173,-0.015,0.0275,-0.40043432881611274,-0.27999999999999997,-0.12043432881611277,0.75,1,1,1.0,0.7864649704169459,0.01777777777777778,SUBJECT_V3_d8d41d9fb6b149c069db8016
anisotropic,3,P0,moderate,3,SUBJECT_V3_d8d41d9fb6b149c069db8016,MYOLEG_V3_K0089,-0.0225,0.005,-0.288798402148236,-0.203125,-0.08567340214823599,0.75,1,1,0.7864649704169459,0.790584328209414,0.01777777777777778,SUBJECT_V3_8b9bbcb71eb1a8ed00479a1f
anisotropic,3,P0,moderate,4,SUBJECT_V3_8b9bbcb71eb1a8ed00479a1f,MYOLEG_V3_K0129,-0.0175,-0.02,-0.12725178877610707,-0.011458333333333182,-0.11579345544277389,0.75,1,1,0.790584328209414,0.79035970586654,0.01777777777777778,
anisotropic,4,P0,moderate,1,SUBJECT_V3_dc591810eb0f2bbc9d5fb9d8,MYOLEG_V3_K0312,0.0,0.0,-0.05569007303291908,0.023749999999999993,-0.07944007303291907,1.0,0,0,1.0,1.0,0.35444444444444445,SUBJECT_V3_21e11ee852949ad490521716
anisotropic,4,P0,moderate,2,SUBJECT_V3_21e11ee852949ad490521716,MYOLEG_V3_K0172,-0.015,0.025,-0.28101442863838255,-0.28875,0.007735571361617455,1.0,0,0,1.0,0.9741894296072837,0.010000000000000009,SUBJECT_V3_d2e74ea76fd5928bc598d289
anisotropic,4,P0,moderate,3,SUBJECT_V3_d2e74ea76fd5928bc598d289,MYOLEG_V3_K0112,-0.02,0.0,-0.05902394513809281,-0.20958333333333332,0.1505593881952405,1.0,0,0,0.9741894296072837,0.9463591895431986,0.010000000000000009,SUBJECT_V3_9220371c0740abccecbec948
anisotropic,4,P0,moderate,4,SUBJECT_V3_9220371c0740abccecbec948,MYOLEG_V3_K0178,-0.0125,-0.0225,0.058210051277562194,0.027291666666666714,0.03091838461089548,0.75,1,1,0.9463591895431986,0.7658915446407737,0.010000000000000009,
anisotropic,0,P1,moderate,1,SUBJECT_V3_dc591810eb0f2bbc9d5fb9d8,MYOLEG_V3_K0312,0.0,0.0,0.03420542058975576,-0.15208333333333335,0.1862887539230891,1.0,0,0,1.0,1.0,0.35444444444444445,SUBJECT_V3_cdd551d2f5078b19a442af70
anisotropic,0,P1,moderate,2,SUBJECT_V3_cdd551d2f5078b19a442af70,MYOLEG_V3_K0224,-0.01,0.03,-0.38892122946896335,-0.23875000000000002,-0.15017122946896333,0.75,1,1,1.0,0.7304847368368053,0.061111111111111116,SUBJECT_V3_9d3cc7535f49bbf03e86782d
anisotropic,0,P1,moderate,3,SUBJECT_V3_9d3cc7535f49bbf03e86782d,MYOLEG_V3_K0117,-0.02,0.0125,-0.23425899607566697,-0.18333333333333326,-0.050925662742333705,0.75,1,1,0.7304847368368053,0.7385201892362477,0.0377777777777778,SUBJECT_V3_031f812f7a0af5ca37022637
anisotropic,0,P1,moderate,4,SUBJECT_V3_031f812f7a0af5ca37022637,MYOLEG_V3_K0152,-0.015,-0.025,0.048427145146231323,0.010416666666666796,0.03801047847956453,0.8333333333333334,2,2,0.7385201892362477,0.8131699589970558,0.0377777777777778,
anisotropic,1,P1,moderate,1,SUBJECT_V3_dc591810eb0f2bbc9d5fb9d8,MYOLEG_V3_K0312,0.0,0.0,0.039662724350383705,-0.15208333333333335,0.19174605768371705,1.0,0,0,1.0,1.0,0.35444444444444445,SUBJECT_V3_cdd551d2f5078b19a442af70
anisotropic,1,P1,moderate,2,SUBJECT_V3_cdd551d2f5078b19a442af70,MYOLEG_V3_K0224,-0.01,0.03,-0.26169352991946765,-0.23875000000000002,-0.02294352991946763,0.75,1,1,1.0,0.7536577366117703,0.061111111111111116,SUBJECT_V3_e427cfc44e435d690709c799
anisotropic,1,P1,moderate,3,SUBJECT_V3_e427cfc44e435d690709c799,MYOLEG_V3_K0116,-0.02,0.01,-0.2325263790636801,-0.18208333333333326,-0.05044304573034683,0.75,1,1,0.7536577366117703,0.7454204678254015,0.043333333333333335,SUBJECT_V3_baccbf491d28d6b07444720d
anisotropic,1,P1,moderate,4,SUBJECT_V3_baccbf491d28d6b07444720d,MYOLEG_V3_K0153,-0.015,-0.0225,-0.12743205224789805,-0.02583333333333332,-0.10159871891456473,0.75,1,1,0.7454204678254015,0.7481041456115608,0.043333333333333335,
anisotropic,2,P1,moderate,1,SUBJECT_V3_dc591810eb0f2bbc9d5fb9d8,MYOLEG_V3_K0312,0.0,0.0,-0.03305706426921187,-0.15208333333333335,0.11902626906412148,1.0,0,0,1.0,1.0,0.35444444444444445,SUBJECT_V3_cdd551d2f5078b19a442af70
anisotropic,2,P1,moderate,2,SUBJECT_V3_cdd551d2f5078b19a442af70,MYOLEG_V3_K0224,-0.01,0.03,-0.287133354790692,-0.23875000000000002,-0.048383354790692,1.0,0,0,1.0,0.9527956634374211,0.061111111111111116,SUBJECT_V3_c88a86f49a1716656a07770e
anisotropic,2,P1,moderate,3,SUBJECT_V3_c88a86f49a1716656a07770e,MYOLEG_V3_K0141,-0.0175,0.01,-0.37534108905228886,-0.23312499999999992,-0.14221608905228894,0.75,1,1,0.9527956634374211,0.7520131651926879,0.018333333333333313,SUBJECT_V3_a7a6b794086c4f6151377d4d
anisotropic,2,P1,moderate,4,SUBJECT_V3_a7a6b794086c4f6151377d4d,MYOLEG_V3_K0154,-0.015,-0.02,0.044835482810332006,-0.059583333333333266,0.10441881614366527,0.875,3,3,0.7520131651926879,0.848389108885461,0.018333333333333313,
anisotropic,3,P1,moderate,1,SUBJECT_V3_dc591810eb0f2bbc9d5fb9d8,MYOLEG_V3_K0312,0.0,0.0,-0.008707320573422354,-0.15208333333333335,0.143376012759911,1.0,0,0,1.0,1.0,0.35444444444444445,SUBJECT_V3_cdd551d2f5078b19a442af70
anisotropic,3,P1,moderate,2,SUBJECT_V3_cdd551d2f5078b19a442af70,MYOLEG_V3_K0224,-0.01,0.03,-0.40091255234427026,-0.23875000000000002,-0.16216255234427024,0.75,1,1,1.0,0.7331368666208701,0.061111111111111116,SUBJECT_V3_9d3cc7535f49bbf03e86782d
anisotropic,3,P1,moderate,3,SUBJECT_V3_9d3cc7535f49bbf03e86782d,MYOLEG_V3_K0117,-0.02,0.0125,-0.3525610871146395,-0.18333333333333326,-0.16922775378130625,0.8333333333333334,2,2,0.7331368666208701,0.7858281006127258,0.0377777777777778,SUBJECT_V3_baccbf491d28d6b07444720d
anisotropic,3,P1,moderate,4,SUBJECT_V3_baccbf491d28d6b07444720d,MYOLEG_V3_K0153,-0.015,-0.0225,-0.017416804472465845,-0.02583333333333332,0.008416528860867474,0.9,4,4,0.7858281006127258,0.8539332047908584,0.0377777777777778,
anisotropic,4,P1,moderate,1,SUBJECT_V3_dc591810eb0f2bbc9d5fb9d8,MYOLEG_V3_K0312,0.0,0.0,-0.05569007303291908,-0.15208333333333335,0.09639326030041427,1.0,0,0,1.0,1.0,0.35444444444444445,SUBJECT_V3_cdd551d2f5078b19a442af70
anisotropic,4,P1,moderate,2,SUBJECT_V3_cdd551d2f5078b19a442af70,MYOLEG_V3_K0224,-0.01,0.03,-0.2064866948082506,-0.23875000000000002,0.032263305191749414,1.0,0,0,1.0,0.9807416009897999,0.061111111111111116,SUBJECT_V3_692a381f3ff447fb877a20da
anisotropic,4,P1,moderate,3,SUBJECT_V3_692a381f3ff447fb877a20da,MYOLEG_V3_K0140,-0.0175,0.0075,-0.11332485659124758,-0.22937499999999994,0.11605014340875236,1.0,0,0,0.9807416009897999,0.9769311386667615,0.02611111111111114,SUBJECT_V3_7369670eff76d1fedf5e90bd
anisotropic,4,P1,moderate,4,SUBJECT_V3_7369670eff76d1fedf5e90bd,MYOLEG_V3_K0179,-0.0125,-0.02,-0.11015707272150337,-0.08145833333333327,-0.028698739388170094,1.0,0,0,0.9769311386667615,0.9663378374492505,0.02611111111111114,
anisotropic,0,P2,moderate,1,SUBJECT_V3_dc591810eb0f2bbc9d5fb9d8,MYOLEG_V3_K0312,0.0,0.0,0.03420542058975576,-0.09166666666666665,0.1258720872564224,1.0,0,0,1.0,1.0,0.35444444444444445,SUBJECT_V3_9ed7bb97dc7689de8bd2ce56
anisotropic,0,P2,moderate,2,SUBJECT_V3_9ed7bb97dc7689de8bd2ce56,MYOLEG_V3_K0249,-0.0075,0.03,-0.2260801682240332,-0.17291666666666666,-0.053163501557366544,1.0,0,0,1.0,0.9498698554218012,0.10277777777777777,SUBJECT_V3_07b564f1d4c1e514a788248d
anisotropic,0,P2,moderate,3,SUBJECT_V3_07b564f1d4c1e514a788248d,MYOLEG_V3_K0449,0.0125,0.03,0.5326252170870751,-0.04625000000000001,0.5788752170870751,0.8333333333333334,2,2,0.9498698554218012,0.7975684925610764,0.10277777777777777,SUBJECT_V3_b3294ef17af3ebd2815e4a70
anisotropic,0,P2,moderate,4,SUBJECT_V3_b3294ef17af3ebd2815e4a70,MYOLEG_V3_K0069,-0.025,0.0175,-0.1618113305030236,-0.029583333333333267,-0.13222799716969033,0.625,3,2,0.7975684925610764,0.6391048298482882,0.10277777777777777,
anisotropic,1,P2,moderate,1,SUBJECT_V3_dc591810eb0f2bbc9d5fb9d8,MYOLEG_V3_K0312,0.0,0.0,0.039662724350383705,-0.09166666666666665,0.13132939101705035,1.0,0,0,1.0,1.0,0.35444444444444445,SUBJECT_V3_9ed7bb97dc7689de8bd2ce56
anisotropic,1,P2,moderate,2,SUBJECT_V3_9ed7bb97dc7689de8bd2ce56,MYOLEG_V3_K0249,-0.0075,0.03,-0.37785326450364587,-0.17291666666666666,-0.2049365978369792,0.75,1,1,1.0,0.7296284336741088,0.10277777777777777,SUBJECT_V3_07b564f1d4c1e514a788248d
anisotropic,1,P2,moderate,3,SUBJECT_V3_07b564f1d4c1e514a788248d,MYOLEG_V3_K0449,0.0125,0.03,0.6619375072397644,-0.04625000000000001,0.7081875072397644,0.875,3,3,0.7296284336741088,0.8288038506203632,0.10277777777777777,SUBJECT_V3_c6b2b9900b1c00d36eb6f4e2
anisotropic,1,P2,moderate,4,SUBJECT_V3_c6b2b9900b1c00d36eb6f4e2,MYOLEG_V3_K0096,-0.0225,0.0225,-0.16710571937587057,-0.06916666666666668,-0.09793905270920389,0.9,4,4,0.8288038506203632,0.8498078705607806,0.07944444444444443,
anisotropic,2,P2,moderate,1,SUBJECT_V3_dc591810eb0f2bbc9d5fb9d8,MYOLEG_V3_K0312,0.0,0.0,-0.03305706426921187,-0.09166666666666665,0.058609602397454774,1.0,0,0,1.0,1.0,0.35444444444444445,SUBJECT_V3_9ed7bb97dc7689de8bd2ce56
anisotropic,2,P2,moderate,2,SUBJECT_V3_9ed7bb97dc7689de8bd2ce56,MYOLEG_V3_K0249,-0.0075,0.03,-0.31518993798343153,-0.17291666666666666,-0.14227327131676487,1.0,0,0,1.0,0.9444854446822063,0.10277777777777777,SUBJECT_V3_85d87e523827be7f853d27bc
anisotropic,2,P2,moderate,3,SUBJECT_V3_85d87e523827be7f853d27bc,MYOLEG_V3_K0448,0.0125,0.0275,0.6449042027838581,-0.056944444444444436,0.7018486472283025,0.8333333333333334,2,2,0.9444854446822063,0.7917051269307837,0.10277777777777777,SUBJECT_V3_3a8efc84592d5ef24a5aca03
anisotropic,2,P2,moderate,4,SUBJECT_V3_3a8efc84592d5ef24a5aca03,MYOLEG_V3_K0094,-0.0225,0.0175,-0.18108150822883573,-0.06916666666666668,-0.11191484156216905,0.875,3,3,0.7917051269307837,0.8256432797168293,0.07500000000000001,
anisotropic,3,P2,moderate,1,SUBJECT_V3_dc591810eb0f2bbc9d5fb9d8,MYOLEG_V3_K0312,0.0,0.0,-0.008707320573422354,-0.09166666666666665,0.08295934609324429,1.0,0,0,1.0,1.0,0.35444444444444445,SUBJECT_V3_9ed7bb97dc7689de8bd2ce56
anisotropic,3,P2,moderate,2,SUBJECT_V3_9ed7bb97dc7689de8bd2ce56,MYOLEG_V3_K0249,-0.0075,0.03,-0.2536459318120867,-0.17291666666666666,-0.08072926514542006,1.0,0,0,1.0,0.9537411170385798,0.10277777777777777,SUBJECT_V3_85d87e523827be7f853d27bc
anisotropic,3,P2,moderate,3,SUBJECT_V3_85d87e523827be7f853d27bc,MYOLEG_V3_K0448,0.0125,0.0275,0.7128346973450004,-0.056944444444444436,0.7697791417894448,0.8333333333333334,2,2,0.9537411170385798,0.7889696552037038,0.10277777777777777,SUBJECT_V3_3a8efc84592d5ef24a5aca03
anisotropic,3,P2,moderate,4,SUBJECT_V3_3a8efc84592d5ef24a5aca03,MYOLEG_V3_K0094,-0.0225,0.0175,-0.2514688519853784,-0.06916666666666668,-0.1823021853187117,0.875,3,3,0.7889696552037038,0.8216345090375589,0.07500000000000001,
anisotropic,4,P2,moderate,1,SUBJECT_V3_dc591810eb0f2bbc9d5fb9d8,MYOLEG_V3_K0312,0.0,0.0,-0.05569007303291908,-0.09166666666666665,0.03597659363374757,1.0,0,0,1.0,1.0,0.35444444444444445,SUBJECT_V3_9ed7bb97dc7689de8bd2ce56
anisotropic,4,P2,moderate,2,SUBJECT_V3_9ed7bb97dc7689de8bd2ce56,MYOLEG_V3_K0249,-0.0075,0.03,-0.2356275025085463,-0.17291666666666666,-0.06271083584187964,1.0,0,0,1.0,0.9709865038316041,0.10277777777777777,SUBJECT_V3_7ffc06d3662b1c3d897ba38c
anisotropic,4,P2,moderate,3,SUBJECT_V3_7ffc06d3662b1c3d897ba38c,MYOLEG_V3_K0093,-0.0225,0.015,-0.2661127668952031,-0.06458333333333333,-0.20152943356186975,1.0,0,0,0.9709865038316041,0.9455119142217826,0.07611111111111113,SUBJECT_V3_4ee3144217ec20c336e7b5eb
anisotropic,4,P2,moderate,4,SUBJECT_V3_4ee3144217ec20c336e7b5eb,MYOLEG_V3_K0447,0.0125,0.025,0.7639396304739031,-0.06458333333333333,0.8285229638072364,0.8333333333333334,2,2,0.9455119142217826,0.7892429844133995,0.07611111111111113,
anisotropic,0,P3,moderate,1,SUBJECT_V3_dc591810eb0f2bbc9d5fb9d8,MYOLEG_V3_K0312,0.0,0.0,0.03420542058975576,0.32743055555555556,-0.2932251349657998,1.0,0,0,1.0,1.0,0.35444444444444445,SUBJECT_V3_7dd26b7bfcc4a37d1b5695c8
anisotropic,0,P3,moderate,2,SUBJECT_V3_7dd26b7bfcc4a37d1b5695c8,MYOLEG_V3_K0024,-0.03,0.03,0.15556887423493201,-0.9142361111111112,1.0698049853460432,1.0,0,0,1.0,0.8944003612915914,0.3277777777777778,SUBJECT_V3_d90982882613082cf20176fc
anisotropic,0,P3,moderate,3,SUBJECT_V3_d90982882613082cf20176fc,MYOLEG_V3_K0000,-0.03,-0.03,0.422154459368474,-0.33090277777777766,0.7530572371462516,0.25,1,0,0.8944003612915914,0.33787849100613443,0.3277777777777778,SUBJECT_V3_f1c208a1347c685c4361cb26
anisotropic,0,P3,moderate,4,SUBJECT_V3_f1c208a1347c685c4361cb26,MYOLEG_V3_K0624,0.03,0.03,2.520645107687114,-0.2142361111111113,2.7348812187982254,0.5,4,2,0.33787849100613443,0.5357236468259376,0.3277777777777778,
anisotropic,1,P3,moderate,1,SUBJECT_V3_dc591810eb0f2bbc9d5fb9d8,MYOLEG_V3_K0312,0.0,0.0,0.039662724350383705,0.32743055555555556,-0.28776783120517185,1.0,0,0,1.0,1.0,0.35444444444444445,SUBJECT_V3_7dd26b7bfcc4a37d1b5695c8
anisotropic,1,P3,moderate,2,SUBJECT_V3_7dd26b7bfcc4a37d1b5695c8,MYOLEG_V3_K0024,-0.03,0.03,-0.025015882926857212,-0.9142361111111112,0.8892202281842541,1.0,0,0,1.0,0.9056338284519073,0.3277777777777778,SUBJECT_V3_d90982882613082cf20176fc
anisotropic,1,P3,moderate,3,SUBJECT_V3_d90982882613082cf20176fc,MYOLEG_V3_K0000,-0.03,-0.03,0.36243004739419465,-0.33090277777777766,0.6933328251719724,0.5,2,1,0.9056338284519073,0.5320029481528604,0.3277777777777778,SUBJECT_V3_f1c208a1347c685c4361cb26
anisotropic,1,P3,moderate,4,SUBJECT_V3_f1c208a1347c685c4361cb26,MYOLEG_V3_K0624,0.03,0.03,2.3065731470798343,-0.2142361111111113,2.520809258190946,0.5833333333333334,5,3,0.5320029481528604,0.5988050766266537,0.3277777777777778,
anisotropic,2,P3,moderate,1,SUBJECT_V3_dc591810eb0f2bbc9d5fb9d8,MYOLEG_V3_K0312,0.0,0.0,-0.03305706426921187,0.32743055555555556,-0.3604876198247674,1.0,0,0,1.0,1.0,0.35444444444444445,SUBJECT_V3_7dd26b7bfcc4a37d1b5695c8
anisotropic,2,P3,moderate,2,SUBJECT_V3_7dd26b7bfcc4a37d1b5695c8,MYOLEG_V3_K0024,-0.03,0.03,0.02583719099326353,-0.9142361111111112,0.9400733021043748,1.0,0,0,1.0,0.8980788808316944,0.3277777777777778,SUBJECT_V3_d90982882613082cf20176fc
anisotropic,2,P3,moderate,3,SUBJECT_V3_d90982882613082cf20176fc,MYOLEG_V3_K0000,-0.03,-0.03,0.4424462590559093,-0.33090277777777766,0.7733490368336869,0.5,2,1,0.8980788808316944,0.5217279575656536,0.3277777777777778,SUBJECT_V3_f1c208a1347c685c4361cb26
anisotropic,2,P3,moderate,4,SUBJECT_V3_f1c208a1347c685c4361cb26,MYOLEG_V3_K0624,0.03,0.03,2.4182733888615973,-0.2142361111111113,2.6325094999727083,0.5833333333333334,5,3,0.5217279575656536,0.5985430270187049,0.3277777777777778,
anisotropic,3,P3,moderate,1,SUBJECT_V3_dc591810eb0f2bbc9d5fb9d8,MYOLEG_V3_K0312,0.0,0.0,-0.008707320573422354,0.32743055555555556,-0.3361378761289779,1.0,0,0,1.0,1.0,0.35444444444444445,SUBJECT_V3_7dd26b7bfcc4a37d1b5695c8
anisotropic,3,P3,moderate,2,SUBJECT_V3_7dd26b7bfcc4a37d1b5695c8,MYOLEG_V3_K0024,-0.03,0.03,-0.06381888936190036,-0.9142361111111112,0.8504172217492109,1.0,0,0,1.0,0.9050354027841594,0.3277777777777778,SUBJECT_V3_d90982882613082cf20176fc
anisotropic,3,P3,moderate,3,SUBJECT_V3_d90982882613082cf20176fc,MYOLEG_V3_K0000,-0.03,-0.03,0.4046083272305626,-0.33090277777777766,0.7355111050083403,0.5,2,1,0.9050354027841594,0.5264581339117694,0.3277777777777778,SUBJECT_V3_f1c208a1347c685c4361cb26
anisotropic,3,P3,moderate,4,SUBJECT_V3_f1c208a1347c685c4361cb26,MYOLEG_V3_K0624,0.03,0.03,2.2924888480847523,-0.2142361111111113,2.5067249591958634,0.5833333333333334,5,3,0.5264581339117694,0.599182355601134,0.3277777777777778,
anisotropic,4,P3,moderate,1,SUBJECT_V3_dc591810eb0f2bbc9d5fb9d8,MYOLEG_V3_K0312,0.0,0.0,-0.05569007303291908,0.32743055555555556,-0.3831206285884746,1.0,0,0,1.0,1.0,0.35444444444444445,SUBJECT_V3_7dd26b7bfcc4a37d1b5695c8
anisotropic,4,P3,moderate,2,SUBJECT_V3_7dd26b7bfcc4a37d1b5695c8,MYOLEG_V3_K0024,-0.03,0.03,-0.12341694122948121,-0.9142361111111112,0.79081916988163,1.0,0,0,1.0,0.9058249843460997,0.3277777777777778,SUBJECT_V3_d90982882613082cf20176fc
anisotropic,4,P3,moderate,3,SUBJECT_V3_d90982882613082cf20176fc,MYOLEG_V3_K0000,-0.03,-0.03,0.4376209300594263,-0.33090277777777766,0.768523707837204,0.5,2,1,0.9058249843460997,0.5213306662651761,0.3277777777777778,SUBJECT_V3_f1c208a1347c685c4361cb26
anisotropic,4,P3,moderate,4,SUBJECT_V3_f1c208a1347c685c4361cb26,MYOLEG_V3_K0624,0.03,0.03,2.3326927321836672,-0.2142361111111113,2.5469288432947783,0.5833333333333334,5,3,0.5213306662651761,0.600018350830766,0.3277777777777778,
rotated,0,P0,moderate,1,SUBJECT_V3_dc591810eb0f2bbc9d5fb9d8,MYOLEG_V3_K0312,0.0,0.0,0.18253875392308902,0.12305555555555547,0.059483198367533546,1.0,0,0,1.0,1.0,0.4527777777777777,SUBJECT_V3_30f7afc475f37ade15181871
rotated,0,P0,moderate,2,SUBJECT_V3_30f7afc475f37ade15181871,MYOLEG_V3_K0567,0.025,0.0125,-0.2061213598781536,-0.24812500000000004,0.04200364012184643,0.75,1,1,1.0,0.8070968805876765,0.03437499999999999,SUBJECT_V3_a7e71573c93780a2256339ed
rotated,0,P0,moderate,3,SUBJECT_V3_a7e71573c93780a2256339ed,MYOLEG_V3_K0374,0.005,0.03,-0.22449349901777216,-0.15888888888888897,-0.06560461012888319,0.8333333333333334,2,2,0.8070968805876765,0.8391816796192515,0.03437499999999999,SUBJECT_V3_4f9a6e18a15adaecb57a32bd
rotated,0,P0,moderate,4,SUBJECT_V3_4f9a6e18a15adaecb57a32bd,MYOLEG_V3_K0608,0.03,-0.01,-0.10862394421346339,-0.08583333333333337,-0.022790610880130013,0.875,3,3,0.8391816796192515,0.8770227018580178,0.03437499999999999,
rotated,1,P0,moderate,1,SUBJECT_V3_dc591810eb0f2bbc9d5fb9d8,MYOLEG_V3_K0312,0.0,0.0,0.18799605768371697,0.12305555555555547,0.06494050212816149,1.0,0,0,1.0,1.0,0.4527777777777777,SUBJECT_V3_30f7afc475f37ade15181871
rotated,1,P0,moderate,2,SUBJECT_V3_30f7afc475f37ade15181871,MYOLEG_V3_K0567,0.025,0.0125,-0.23095341465067704,-0.24812500000000004,0.017171585349323004,0.75,1,1,1.0,0.7986460718985379,0.03437499999999999,SUBJECT_V3_a7e71573c93780a2256339ed
rotated,1,P0,moderate,3,SUBJECT_V3_a7e71573c93780a2256339ed,MYOLEG_V3_K0374,0.005,0.03,-0.12011508135604751,-0.15888888888888897,0.03877380753284146,0.8333333333333334,2,2,0.7986460718985379,0.8635789148864333,0.03437499999999999,SUBJECT_V3_734944228346e875e0f15d81
rotated,1,P0,moderate,4,SUBJECT_V3_734944228346e875e0f15d81,MYOLEG_V3_K0609,0.03,-0.0075,-0.15778973872949031,-0.1259027777777778,-0.031886960951712506,0.875,3,3,0.8635789148864333,0.8856664592807499,0.03437499999999999,
rotated,2,P0,moderate,1,SUBJECT_V3_dc591810eb0f2bbc9d5fb9d8,MYOLEG_V3_K0312,0.0,0.0,0.11527626906412139,0.12305555555555547,-0.007779286491434084,1.0,0,0,1.0,1.0,0.4527777777777777,SUBJECT_V3_6841b8b9fb2c0030ead8d3d9
rotated,2,P0,moderate,2,SUBJECT_V3_6841b8b9fb2c0030ead8d3d9,MYOLEG_V3_K0566,0.025,0.01,-0.17920277409927426,-0.2566666666666667,0.07746389256739244,0.75,1,1,1.0,0.7872316320875082,0.023611111111111083,SUBJECT_V3_a7e71573c93780a2256339ed
rotated,2,P0,moderate,3,SUBJECT_V3_a7e71573c93780a2256339ed,MYOLEG_V3_K0374,0.005,0.03,-0.1478633837578362,-0.15888888888888897,0.01102550513105277,0.75,1,1,0.7872316320875082,0.7887856543057702,0.023611111111111083,SUBJECT_V3_4f9a6e18a15adaecb57a32bd
rotated,2,P0,moderate,4,SUBJECT_V3_4f9a6e18a15adaecb57a32bd,MYOLEG_V3_K0608,0.03,-0.01,-0.028031148889730587,-0.08583333333333337,0.057802184443602786,0.75,1,1,0.7887856543057702,0.7919107407596652,0.023611111111111083,
rotated,3,P0,moderate,1,SUBJECT_V3_dc591810eb0f2bbc9d5fb9d8,MYOLEG_V3_K0312,0.0,0.0,0.1396260127599109,0.12305555555555547,0.016570457204355432,1.0,0,0,1.0,1.0,0.4527777777777777,SUBJECT_V3_6841b8b9fb2c0030ead8d3d9
rotated,3,P0,moderate,2,SUBJECT_V3_6841b8b9fb2c0030ead8d3d9,MYOLEG_V3_K0566,0.025,0.01,-0.30035324326173435,-0.2566666666666667,-0.04368657659506764,0.75,1,1,1.0,0.795953703951386,0.023611111111111083,SUBJECT_V3_58c144901aadcb6d7e92a43a
rotated,3,P0,moderate,3,SUBJECT_V3_58c144901aadcb6d7e92a43a,MYOLEG_V3_K0398,0.0075,0.0275,-0.21063073266936405,-0.19250000000000003,-0.01813073266936402,0.8333333333333334,2,2,0.795953703951386,0.861254422892791,0.023611111111111083,SUBJECT_V3_4f9a6e18a15adaecb57a32bd
rotated,3,P0,moderate,4,SUBJECT_V3_4f9a6e18a15adaecb57a32bd,MYOLEG_V3_K0608,0.03,-0.01,-0.13043543157739942,-0.08583333333333337,-0.04460209824406605,0.8333333333333334,2,2,0.861254422892791,0.8604899993619304,0.023611111111111083,
rotated,4,P0,moderate,1,SUBJECT_V3_dc591810eb0f2bbc9d5fb9d8,MYOLEG_V3_K0312,0.0,0.0,0.09264326030041418,0.12305555555555547,-0.03041229525514129,1.0,0,0,1.0,1.0,0.4527777777777777,SUBJECT_V3_6841b8b9fb2c0030ead8d3d9
rotated,4,P0,moderate,2,SUBJECT_V3_6841b8b9fb2c0030ead8d3d9,MYOLEG_V3_K0566,0.025,0.01,-0.2037428328822472,-0.2566666666666667,0.052923833784419505,0.75,1,1,1.0,0.7877679892000468,0.023611111111111083,SUBJECT_V3_7efc5b9692a4a8033eaf11a7
rotated,4,P0,moderate,3,SUBJECT_V3_7efc5b9692a4a8033eaf11a7,MYOLEG_V3_K0373,0.005,0.0275,-0.27199476293322106,-0.1847916666666667,-0.08720309626655437,0.8333333333333334,2,2,0.7877679892000468,0.8411344994889312,0.023611111111111083,SUBJECT_V3_4f9a6e18a15adaecb57a32bd
rotated,4,P0,moderate,4,SUBJECT_V3_4f9a6e18a15adaecb57a32bd,MYOLEG_V3_K0608,0.03,-0.01,-0.0950328766216932,-0.08583333333333337,-0.009199543288359827,0.8333333333333334,2,2,0.8411344994889312,0.8455457719555952,0.023611111111111083,
rotated,0,P1,moderate,1,SUBJECT_V3_dc591810eb0f2bbc9d5fb9d8,MYOLEG_V3_K0312,0.0,0.0,0.18253875392308902,0.14750000000000013,0.03503875392308889,1.0,0,0,1.0,1.0,0.4527777777777777,SUBJECT_V3_df6535e6665364570db4eb2f
rotated,0,P1,moderate,2,SUBJECT_V3_df6535e6665364570db4eb2f,MYOLEG_V3_K0614,0.03,0.005,-0.4690665058773846,-0.2566666666666667,-0.21239983921071787,0.75,1,1,1.0,0.7692669768552968,0.056944444444444436,SUBJECT_V3_ab82ca418b267a61cdc3a393
rotated,0,P1,moderate,3,SUBJECT_V3_ab82ca418b267a61cdc3a393,MYOLEG_V3_K0496,0.0175,0.0225,-0.30474158928374445,-0.1866666666666667,-0.11807492261707775,0.8333333333333334,2,2,0.7692669768552968,0.8381760796788185,0.056944444444444436,SUBJECT_V3_eba2b2ec81b174820e564d81
rotated,0,P1,moderate,4,SUBJECT_V3_eba2b2ec81b174820e564d81,MYOLEG_V3_K0607,0.03,-0.0125,-0.04137820820431573,-0.11812499999999998,0.07674679179568425,0.875,3,3,0.8381760796788185,0.8651077885831991,0.056944444444444436,
rotated,1,P1,moderate,1,SUBJECT_V3_dc591810eb0f2bbc9d5fb9d8,MYOLEG_V3_K0312,0.0,0.0,0.18799605768371697,0.14750000000000013,0.040496057683716835,1.0,0,0,1.0,1.0,0.4527777777777777,SUBJECT_V3_df6535e6665364570db4eb2f
rotated,1,P1,moderate,2,SUBJECT_V3_df6535e6665364570db4eb2f,MYOLEG_V3_K0614,0.03,0.005,-0.26197520105388045,-0.2566666666666667,-0.005308534387213737,0.75,1,1,1.0,0.8000940810784829,0.056944444444444436,SUBJECT_V3_4ee3144217ec20c336e7b5eb
rotated,1,P1,moderate,3,SUBJECT_V3_4ee3144217ec20c336e7b5eb,MYOLEG_V3_K0447,0.0125,0.025,-0.1964128080175383,-0.1625694444444445,-0.03384336357309381,0.8333333333333334,2,2,0.8000940810784829,0.8582751051281022,0.056944444444444436,SUBJECT_V3_042b0cda8ff5282db35acf9c
rotated,1,P1,moderate,4,SUBJECT_V3_042b0cda8ff5282db35acf9c,MYOLEG_V3_K0606,0.03,-0.015,0.007912732753300598,-0.07,0.0779127327533006,0.8333333333333334,2,2,0.8582751051281022,0.8523079991544018,0.056944444444444436,
rotated,2,P1,moderate,1,SUBJECT_V3_dc591810eb0f2bbc9d5fb9d8,MYOLEG_V3_K0312,0.0,0.0,0.11527626906412139,0.14750000000000013,-0.03222373093587874,1.0,0,0,1.0,1.0,0.4527777777777777,SUBJECT_V3_2f010bee56d78bb72d2a778e
rotated,2,P1,moderate,2,SUBJECT_V3_2f010bee56d78bb72d2a778e,MYOLEG_V3_K0589,0.0275,0.005,-0.35280487231687496,-0.27034722222222224,-0.08245765009465272,0.75,1,1,1.0,0.7994387109793383,0.03715277777777776,SUBJECT_V3_4ee3144217ec20c336e7b5eb
rotated,2,P1,moderate,3,SUBJECT_V3_4ee3144217ec20c336e7b5eb,MYOLEG_V3_K0447,0.0125,0.025,-0.3999389761184911,-0.1625694444444445,-0.23736953167404662,0.8333333333333334,2,2,0.7994387109793383,0.8332975725062868,0.03715277777777776,SUBJECT_V3_042b0cda8ff5282db35acf9c
rotated,2,P1,moderate,4,SUBJECT_V3_042b0cda8ff5282db35acf9c,MYOLEG_V3_K0606,0.03,-0.015,0.0033068612246407655,-0.07,0.07330686122464078,0.9,4,4,0.8332975725062868,0.8759097482320879,0.03715277777777776,
rotated,3,P1,moderate,1,SUBJECT_V3_dc591810eb0f2bbc9d5fb9d8,MYOLEG_V3_K0312,0.0,0.0,0.1396260127599109,0.14750000000000013,-0.007873987240089225,1.0,0,0,1.0,1.0,0.4527777777777777,SUBJECT_V3_df6535e6665364570db4eb2f
rotated,3,P1,moderate,2,SUBJECT_V3_df6535e6665364570db4eb2f,MYOLEG_V3_K0614,0.03,0.005,-0.3115364405773649,-0.2566666666666667,-0.054869773910698194,0.75,1,1,1.0,0.7998125193339041,0.056944444444444436,SUBJECT_V3_4ee3144217ec20c336e7b5eb
rotated,3,P1,moderate,3,SUBJECT_V3_4ee3144217ec20c336e7b5eb,MYOLEG_V3_K0447,0.0125,0.025,-0.3803157788685626,-0.1625694444444445,-0.21774633442411812,0.8333333333333334,2,2,0.7998125193339041,0.83210429785979,0.056944444444444436,SUBJECT_V3_042b0cda8ff5282db35acf9c
rotated,3,P1,moderate,4,SUBJECT_V3_042b0cda8ff5282db35acf9c,MYOLEG_V3_K0606,0.03,-0.015,-0.17848830256016276,-0.07,-0.10848830256016276,0.875,3,3,0.83210429785979,0.8707270761706534,0.056944444444444436,
rotated,4,P1,moderate,1,SUBJECT_V3_dc591810eb0f2bbc9d5fb9d8,MYOLEG_V3_K0312,0.0,0.0,0.09264326030041418,0.14750000000000013,-0.054856739699585946,1.0,0,0,1.0,1.0,0.4527777777777777,SUBJECT_V3_2f010bee56d78bb72d2a778e
rotated,4,P1,moderate,2,SUBJECT_V3_2f010bee56d78bb72d2a778e,MYOLEG_V3_K0589,0.0275,0.005,-0.243747555846226,-0.27034722222222224,0.026599666375996228,0.75,1,1,1.0,0.7892820445054869,0.03715277777777776,SUBJECT_V3_92262f00d9dc8e6509313527
rotated,4,P1,moderate,3,SUBJECT_V3_92262f00d9dc8e6509313527,MYOLEG_V3_K0422,0.01,0.025,-0.2279474830639329,-0.15888888888888894,-0.06905859417504395,0.8333333333333334,2,2,0.7892820445054869,0.8480091221012831,0.03715277777777776,SUBJECT_V3_042b0cda8ff5282db35acf9c
rotated,4,P1,moderate,4,SUBJECT_V3_042b0cda8ff5282db35acf9c,MYOLEG_V3_K0606,0.03,-0.015,-0.018265137734572008,-0.07,0.051734862265428,0.8333333333333334,2,2,0.8480091221012831,0.8459286213272963,0.03715277777777776,
rotated,0,P2,moderate,1,SUBJECT_V3_dc591810eb0f2bbc9d5fb9d8,MYOLEG_V3_K0312,0.0,0.0,0.18253875392308902,0.1743055555555557,0.008233198367533306,1.0,0,0,1.0,1.0,0.4527777777777777,SUBJECT_V3_c22af6ff5e1a5fca3c42f1cf
rotated,0,P2,moderate,2,SUBJECT_V3_c22af6ff5e1a5fca3c42f1cf,MYOLEG_V3_K0619,0.03,0.0175,-0.1075409270018938,-0.19583333333333336,0.08829240633143956,0.75,1,1,1.0,0.7886926133843812,0.15937499999999996,SUBJECT_V3_4f9a6e18a15adaecb57a32bd
rotated,0,P2,moderate,3,SUBJECT_V3_4f9a6e18a15adaecb57a32bd,MYOLEG_V3_K0608,0.03,-0.01,-0.09841343702060257,-0.044583333333333336,-0.05383010368726923,0.75,1,1,0.7886926133843812,0.7784937614788656,0.15937499999999996,SUBJECT_V3_07b564f1d4c1e514a788248d
rotated,0,P2,moderate,4,SUBJECT_V3_07b564f1d4c1e514a788248d,MYOLEG_V3_K0449,0.0125,0.03,-0.06387371892748543,-0.04999999999999996,-0.01387371892748547,0.75,1,1,0.7784937614788656,0.781589761528871,0.13437499999999994,
rotated,1,P2,moderate,1,SUBJECT_V3_dc591810eb0f2bbc9d5fb9d8,MYOLEG_V3_K0312,0.0,0.0,0.18799605768371697,0.1743055555555557,0.013690502128161253,1.0,0,0,1.0,1.0,0.4527777777777777,SUBJECT_V3_c22af6ff5e1a5fca3c42f1cf
rotated,1,P2,moderate,2,SUBJECT_V3_c22af6ff5e1a5fca3c42f1cf,MYOLEG_V3_K0619,0.03,0.0175,-0.16242834376665496,-0.19583333333333336,0.033404989566678395,0.75,1,1,1.0,0.8064145132969593,0.15937499999999996,SUBJECT_V3_734944228346e875e0f15d81
rotated,1,P2,moderate,3,SUBJECT_V3_734944228346e875e0f15d81,MYOLEG_V3_K0609,0.03,-0.0075,-0.14371196924946408,-0.07361111111111113,-0.07010085813835296,0.8333333333333334,2,2,0.8064145132969593,0.8457908978579087,0.14548611111111115,SUBJECT_V3_07b564f1d4c1e514a788248d
rotated,1,P2,moderate,4,SUBJECT_V3_07b564f1d4c1e514a788248d,MYOLEG_V3_K0449,0.0125,0.03,-0.25554783091822464,-0.04999999999999996,-0.20554783091822468,0.875,3,3,0.8457908978579087,0.8564937857905848,0.13437499999999994,
rotated,2,P2,moderate,1,SUBJECT_V3_dc591810eb0f2bbc9d5fb9d8,MYOLEG_V3_K0312,0.0,0.0,0.11527626906412139,0.1743055555555557,-0.059029286491434324,1.0,0,0,1.0,1.0,0.4527777777777777,SUBJECT_V3_c22af6ff5e1a5fca3c42f1cf
rotated,2,P2,moderate,2,SUBJECT_V3_c22af6ff5e1a5fca3c42f1cf,MYOLEG_V3_K0619,0.03,0.0175,-0.1319849958285738,-0.19583333333333336,0.06384833750475957,1.0,0,0,1.0,0.9644043863837942,0.15937499999999996,SUBJECT_V3_734944228346e875e0f15d81
rotated,2,P2,moderate,3,SUBJECT_V3_734944228346e875e0f15d81,MYOLEG_V3_K0609,0.03,-0.0075,-0.15207871231989553,-0.07361111111111113,-0.0784676012087844,1.0,0,0,0.9644043863837942,0.9589086073256234,0.14548611111111115,SUBJECT_V3_07b564f1d4c1e514a788248d
rotated,2,P2,moderate,4,SUBJECT_V3_07b564f1d4c1e514a788248d,MYOLEG_V3_K0449,0.0125,0.03,-0.11896480263520356,-0.04999999999999996,-0.0689648026352036,1.0,0,0,0.9589086073256234,0.9628088151275577,0.13437499999999994,
rotated,3,P2,moderate,1,SUBJECT_V3_dc591810eb0f2bbc9d5fb9d8,MYOLEG_V3_K0312,0.0,0.0,0.1396260127599109,0.1743055555555557,-0.03467954279564481,1.0,0,0,1.0,1.0,0.4527777777777777,SUBJECT_V3_c22af6ff5e1a5fca3c42f1cf
rotated,3,P2,moderate,2,SUBJECT_V3_c22af6ff5e1a5fca3c42f1cf,MYOLEG_V3_K0619,0.03,0.0175,-0.1258906688106589,-0.19583333333333336,0.06994266452267445,1.0,0,0,1.0,0.9693531874204093,0.15937499999999996,SUBJECT_V3_734944228346e875e0f15d81
rotated,3,P2,moderate,3,SUBJECT_V3_734944228346e875e0f15d81,MYOLEG_V3_K0609,0.03,-0.0075,-0.22979330239744716,-0.07361111111111113,-0.15618219128633604,0.75,1,1,0.9693531874204093,0.7608495808009709,0.14548611111111115,SUBJECT_V3_ec02725811aca2afa06afd83
rotated,3,P2,moderate,4,SUBJECT_V3_ec02725811aca2afa06afd83,MYOLEG_V3_K0424,0.01,0.03,-0.2968207385133424,-0.015694444444444455,-0.28112629406889794,0.8333333333333334,2,2,0.7608495808009709,0.809946963561134,0.11944444444444441,
rotated,4,P2,moderate,1,SUBJECT_V3_dc591810eb0f2bbc9d5fb9d8,MYOLEG_V3_K0312,0.0,0.0,0.09264326030041418,0.1743055555555557,-0.08166229525514153,1.0,0,0,1.0,1.0,0.4527777777777777,SUBJECT_V3_c22af6ff5e1a5fca3c42f1cf
rotated,4,P2,moderate,2,SUBJECT_V3_c22af6ff5e1a5fca3c42f1cf,MYOLEG_V3_K0619,0.03,0.0175,-0.15936593940671595,-0.19583333333333336,0.03646739392661741,1.0,0,0,1.0,0.9656806424385841,0.15937499999999996,SUBJECT_V3_734944228346e875e0f15d81
rotated,4,P2,moderate,3,SUBJECT_V3_734944228346e875e0f15d81,MYOLEG_V3_K0609,0.03,-0.0075,-0.1377440172800359,-0.07361111111111113,-0.06413290616892478,1.0,0,0,0.9656806424385841,0.9657389278503026,0.14548611111111115,SUBJECT_V3_07b564f1d4c1e514a788248d
rotated,4,P2,moderate,4,SUBJECT_V3_07b564f1d4c1e514a788248d,MYOLEG_V3_K0449,0.0125,0.03,-0.3528323990031196,-0.04999999999999996,-0.30283239900311965,0.75,1,1,0.9657389278503026,0.7502928441302565,0.13437499999999994,
rotated,0,P3,moderate,1,SUBJECT_V3_dc591810eb0f2bbc9d5fb9d8,MYOLEG_V3_K0312,0.0,0.0,0.18253875392308902,0.3375,-0.154961246076911,1.0,0,0,1.0,1.0,0.4527777777777777,SUBJECT_V3_f1c208a1347c685c4361cb26
rotated,0,P3,moderate,2,SUBJECT_V3_f1c208a1347c685c4361cb26,MYOLEG_V3_K0624,0.03,0.03,0.12732984759364102,-0.8791666666666669,1.006496514260308,1.0,0,0,1.0,0.9051123215282414,0.45277777777777756,SUBJECT_V3_dfb47519c8df7762ddaefaca
rotated,0,P3,moderate,3,SUBJECT_V3_dfb47519c8df7762ddaefaca,MYOLEG_V3_K0600,0.03,-0.03,0.42443485651245483,-0.46250000000000013,0.886934856512455,0.75,1,1,0.9051123215282414,0.7144878534085417,0.45277777777777756,SUBJECT_V3_7dd26b7bfcc4a37d1b5695c8
rotated,0,P3,moderate,4,SUBJECT_V3_7dd26b7bfcc4a37d1b5695c8,MYOLEG_V3_K0024,-0.03,0.03,0.7580678195102273,-0.06249999999999989,0.8205678195102272,0.7,4,3,0.7144878534085417,0.6893096008947039,0.45277777777777756,
rotated,1,P3,moderate,1,SUBJECT_V3_dc591810eb0f2bbc9d5fb9d8,MYOLEG_V3_K0312,0.0,0.0,0.18799605768371697,0.3375,-0.14950394231628306,1.0,0,0,1.0,1.0,0.4527777777777777,SUBJECT_V3_f1c208a1347c685c4361cb26
rotated,1,P3,moderate,2,SUBJECT_V3_f1c208a1347c685c4361cb26,MYOLEG_V3_K0624,0.03,0.03,0.246082005479286,-0.8791666666666669,1.125248672145953,1.0,0,0,1.0,0.8980559111422292,0.45277777777777756,SUBJECT_V3_dfb47519c8df7762ddaefaca
rotated,1,P3,moderate,3,SUBJECT_V3_dfb47519c8df7762ddaefaca,MYOLEG_V3_K0600,0.03,-0.03,0.33562445757406295,-0.46250000000000013,0.7981244575740631,1.0,0,0,0.8980559111422292,0.905359108328727,0.45277777777777756,SUBJECT_V3_7dd26b7bfcc4a37d1b5695c8
rotated,1,P3,moderate,4,SUBJECT_V3_7dd26b7bfcc4a37d1b5695c8,MYOLEG_V3_K0024,-0.03,0.03,0.5436129714889939,-0.06249999999999989,0.6061129714889938,0.5,2,1,0.905359108328727,0.5434598856888042,0.45277777777777756,
rotated,2,P3,moderate,1,SUBJECT_V3_dc591810eb0f2bbc9d5fb9d8,MYOLEG_V3_K0312,0.0,0.0,0.11527626906412139,0.3375,-0.22222373093587863,1.0,0,0,1.0,1.0,0.4527777777777777,SUBJECT_V3_f1c208a1347c685c4361cb26
rotated,2,P3,moderate,2,SUBJECT_V3_f1c208a1347c685c4361cb26,MYOLEG_V3_K0624,0.03,0.03,0.06920861579669389,-0.8791666666666669,0.9483752824633608,1.0,0,0,1.0,0.9045307074273381,0.45277777777777756,SUBJECT_V3_dfb47519c8df7762ddaefaca
rotated,2,P3,moderate,3,SUBJECT_V3_dfb47519c8df7762ddaefaca,MYOLEG_V3_K0600,0.03,-0.03,0.4879624747803729,-0.46250000000000013,0.950462474780373,0.5,2,1,0.9045307074273381,0.5184476922789907,0.45277777777777756,SUBJECT_V3_7dd26b7bfcc4a37d1b5695c8
rotated,2,P3,moderate,4,SUBJECT_V3_7dd26b7bfcc4a37d1b5695c8,MYOLEG_V3_K0024,-0.03,0.03,0.51285518387745,-0.06249999999999989,0.5753551838774499,0.5,4,2,0.5184476922789907,0.5383104113548721,0.45277777777777756,
rotated,3,P3,moderate,1,SUBJECT_V3_dc591810eb0f2bbc9d5fb9d8,MYOLEG_V3_K0312,0.0,0.0,0.1396260127599109,0.3375,-0.19787398724008912,1.0,0,0,1.0,1.0,0.4527777777777777,SUBJECT_V3_f1c208a1347c685c4361cb26
rotated,3,P3,moderate,2,SUBJECT_V3_f1c208a1347c685c4361cb26,MYOLEG_V3_K0624,0.03,0.03,0.219533046705191,-0.8791666666666669,1.098699713371858,1.0,0,0,1.0,0.8967341448203883,0.45277777777777756,SUBJECT_V3_dfb47519c8df7762ddaefaca
rotated,3,P3,moderate,3,SUBJECT_V3_dfb47519c8df7762ddaefaca,MYOLEG_V3_K0600,0.03,-0.03,0.32510192049400977,-0.46250000000000013,0.7876019204940099,1.0,0,0,0.8967341448203883,0.9030967892682692,0.45277777777777756,SUBJECT_V3_7dd26b7bfcc4a37d1b5695c8
rotated,3,P3,moderate,4,SUBJECT_V3_7dd26b7bfcc4a37d1b5695c8,MYOLEG_V3_K0024,-0.03,0.03,0.6482256464425518,-0.06249999999999989,0.7107256464425517,0.625,3,2,0.9030967892682692,0.6337596317360207,0.45277777777777756,
rotated,4,P3,moderate,1,SUBJECT_V3_dc591810eb0f2bbc9d5fb9d8,MYOLEG_V3_K0312,0.0,0.0,0.09264326030041418,0.3375,-0.24485673969958582,1.0,0,0,1.0,1.0,0.4527777777777777,SUBJECT_V3_f1c208a1347c685c4361cb26
rotated,4,P3,moderate,2,SUBJECT_V3_f1c208a1347c685c4361cb26,MYOLEG_V3_K0624,0.03,0.03,-0.017899234738910808,-0.8791666666666669,0.861267431927756,1.0,0,0,1.0,0.9086799595104258,0.45277777777777756,SUBJECT_V3_dfb47519c8df7762ddaefaca
rotated,4,P3,moderate,3,SUBJECT_V3_dfb47519c8df7762ddaefaca,MYOLEG_V3_K0600,0.03,-0.03,0.524616010726071,-0.46250000000000013,0.9871160107260711,0.5,2,1,0.9086799595104258,0.5224045020995081,0.45277777777777756,SUBJECT_V3_7dd26b7bfcc4a37d1b5695c8
rotated,4,P3,moderate,4,SUBJECT_V3_7dd26b7bfcc4a37d1b5695c8,MYOLEG_V3_K0024,-0.03,0.03,0.4649718896999793,-0.06249999999999989,0.5274718896999793,0.5,4,2,0.5224045020995081,0.5399578248607455,0.45277777777777756,
mildly_nonlinear,0,P0,moderate,1,SUBJECT_V3_dc591810eb0f2bbc9d5fb9d8,MYOLEG_V3_K0312,0.0,0.0,-0.06433624607691091,-0.03388888888888886,-0.03044735718802205,1.0,0,0,1.0,1.0,0.265315721966044,SUBJECT_V3_031f812f7a0af5ca37022637
mildly_nonlinear,0,P0,moderate,2,SUBJECT_V3_031f812f7a0af5ca37022637,MYOLEG_V3_K0152,-0.015,-0.025,-0.18682102785626073,-0.22277777777777777,0.03595674992151704,1.0,0,0,1.0,0.9800866055633833,0.062493810077581424,SUBJECT_V3_3d16370766c7fabce5af3da1
mildly_nonlinear,0,P0,moderate,3,SUBJECT_V3_3d16370766c7fabce5af3da1,MYOLEG_V3_K0085,-0.0225,-0.005,-0.13171495812099857,-0.1284722222222222,-0.0032427358987763555,1.0,0,0,0.9800866055633833,0.9833619550016522,0.062493810077581424,SUBJECT_V3_6bdf579d5062f527ca6e1f0b
mildly_nonlinear,0,P0,moderate,4,SUBJECT_V3_6bdf579d5062f527ca6e1f0b,MYOLEG_V3_K0352,0.005,-0.025,-0.12044656488431477,-0.056111111111111084,-0.06433545377320368,1.0,0,0,0.9833619550016522,0.9780331545778392,0.062493810077581424,
mildly_nonlinear,1,P0,moderate,1,SUBJECT_V3_dc591810eb0f2bbc9d5fb9d8,MYOLEG_V3_K0312,0.0,0.0,-0.05887894231628296,-0.03388888888888886,-0.024990053427394104,1.0,0,0,1.0,1.0,0.265315721966044,SUBJECT_V3_031f812f7a0af5ca37022637
mildly_nonlinear,1,P0,moderate,2,SUBJECT_V3_031f812f7a0af5ca37022637,MYOLEG_V3_K0152,-0.015,-0.025,-0.07389333722902591,-0.22277777777777777,0.14888444054875186,1.0,0,0,1.0,0.9511634577867204,0.062493810077581424,SUBJECT_V3_26bf8b03526ad9a04fc9de5e
mildly_nonlinear,1,P0,moderate,3,SUBJECT_V3_26bf8b03526ad9a04fc9de5e,MYOLEG_V3_K0086,-0.0225,-0.0025,-0.23736601423843037,-0.09944444444444439,-0.13792156979398598,1.0,0,0,0.9511634577867204,0.9353424803411172,0.062493810077581424,SUBJECT_V3_777eb9c7789c678ff72d33cf
mildly_nonlinear,1,P0,moderate,4,SUBJECT_V3_777eb9c7789c678ff72d33cf,MYOLEG_V3_K0353,0.005,-0.0225,-0.09525108585828493,-0.06930555555555554,-0.02594553030272939,1.0,0,0,0.9353424803411172,0.9428899418444742,0.062493810077581424,
mildly_nonlinear,2,P0,moderate,1,SUBJECT_V3_dc591810eb0f2bbc9d5fb9d8,MYOLEG_V3_K0312,0.0,0.0,-0.13159873093587854,-0.03388888888888886,-0.09770984204698968,1.0,0,0,1.0,1.0,0.265315721966044,SUBJECT_V3_baccbf491d28d6b07444720d
mildly_nonlinear,2,P0,moderate,2,SUBJECT_V3_baccbf491d28d6b07444720d,MYOLEG_V3_K0153,-0.015,-0.0225,-0.38092622754776817,-0.23597222222222222,-0.14495400532554595,1.0,0,0,1.0,0.9856636823291163,0.039642861014966446,SUBJECT_V3_3d16370766c7fabce5af3da1
mildly_nonlinear,2,P0,moderate,3,SUBJECT_V3_3d16370766c7fabce5af3da1,MYOLEG_V3_K0085,-0.0225,-0.005,-0.25870825602341496,-0.1284722222222222,-0.13023603380119275,1.0,0,0,0.9856636823291163,0.9874437496928137,0.039642861014966446,SUBJECT_V3_d623290b929bd5d2fcf0a67f
mildly_nonlinear,2,P0,moderate,4,SUBJECT_V3_d623290b929bd5d2fcf0a67f,MYOLEG_V3_K0327,0.0025,-0.025,-0.031736494311453894,-0.10124999999999995,0.06951350568854606,0.75,1,1,0.9874437496928137,0.7602663910315284,0.039642861014966446,
mildly_nonlinear,3,P0,moderate,1,SUBJECT_V3_dc591810eb0f2bbc9d5fb9d8,MYOLEG_V3_K0312,0.0,0.0,-0.10724898724008902,-0.03388888888888886,-0.07336009835120016,1.0,0,0,1.0,1.0,0.265315721966044,SUBJECT_V3_baccbf491d28d6b07444720d
mildly_nonlinear,3,P0,moderate,2,SUBJECT_V3_baccbf491d28d6b07444720d,MYOLEG_V3_K0153,-0.015,-0.0225,-0.32638650390697055,-0.23597222222222222,-0.09041428168474833,1.0,0,0,1.0,0.9947269718913339,0.039642861014966446,SUBJECT_V3_3d16370766c7fabce5af3da1
mildly_nonlinear,3,P0,moderate,3,SUBJECT_V3_3d16370766c7fabce5af3da1,MYOLEG_V3_K0085,-0.0225,-0.005,-0.28521046131813976,-0.1284722222222222,-0.15673823909591755,1.0,0,0,0.9947269718913339,0.9764708914238247,0.039642861014966446,SUBJECT_V3_d623290b929bd5d2fcf0a67f
mildly_nonlinear,3,P0,moderate,4,SUBJECT_V3_d623290b929bd5d2fcf0a67f,MYOLEG_V3_K0327,0.0025,-0.025,-0.21857043231347556,-0.10124999999999995,-0.11732043231347561,1.0,0,0,0.9764708914238247,0.9807971404514666,0.039642861014966446,
mildly_nonlinear,4,P0,moderate,1,SUBJECT_V3_dc591810eb0f2bbc9d5fb9d8,MYOLEG_V3_K0312,0.0,0.0,-0.15423173969958576,-0.03388888888888886,-0.1203428508106969,1.0,0,0,1.0,1.0,0.265315721966044,SUBJECT_V3_baccbf491d28d6b07444720d
mildly_nonlinear,4,P0,moderate,2,SUBJECT_V3_baccbf491d28d6b07444720d,MYOLEG_V3_K0153,-0.015,-0.0225,-0.3934923420982366,-0.23597222222222222,-0.15752011987601436,1.0,0,0,1.0,0.9886479209090367,0.039642861014966446,SUBJECT_V3_3d16370766c7fabce5af3da1
mildly_nonlinear,4,P0,moderate,3,SUBJECT_V3_3d16370766c7fabce5af3da1,MYOLEG_V3_K0085,-0.0225,-0.005,-0.35297349808903167,-0.1284722222222222,-0.22450127586680946,1.0,0,0,0.9886479209090367,0.9738303304941205,0.039642861014966446,SUBJECT_V3_d623290b929bd5d2fcf0a67f
mildly_nonlinear,4,P0,moderate,4,SUBJECT_V3_d623290b929bd5d2fcf0a67f,MYOLEG_V3_K0327,0.0025,-0.025,-0.04286297150526386,-0.10124999999999995,0.05838702849473609,0.8333333333333334,2,2,0.9738303304941205,0.8156840239435055,0.039642861014966446,
mildly_nonlinear,0,P1,moderate,1,SUBJECT_V3_dc591810eb0f2bbc9d5fb9d8,MYOLEG_V3_K0312,0.0,0.0,-0.06433624607691091,-0.004999999999999949,-0.05933624607691096,1.0,0,0,1.0,1.0,0.265315721966044,SUBJECT_V3_b65e05ebb9f465213b4c72b4
mildly_nonlinear,0,P1,moderate,2,SUBJECT_V3_b65e05ebb9f465213b4c72b4,MYOLEG_V3_K0201,-0.01,-0.0275,-0.09194242282424439,-0.23597222222222222,0.14402979939797783,1.0,0,0,1.0,0.9438827046529032,0.13473858291712165,SUBJECT_V3_e5be2e3b0af883d0e8ebb56e
mildly_nonlinear,0,P1,moderate,3,SUBJECT_V3_e5be2e3b0af883d0e8ebb56e,MYOLEG_V3_K0403,0.01,-0.0225,0.30804036704079263,-0.07986111111111108,0.3879014781519037,0.5,2,1,0.9438827046529032,0.5330849520872536,0.13473858291712165,SUBJECT_V3_f664717f9f1fcf8dbc318bdf
mildly_nonlinear,0,P1,moderate,4,SUBJECT_V3_f664717f9f1fcf8dbc318bdf,MYOLEG_V3_K0059,-0.025,-0.0075,-0.3028949802786473,0.01513888888888898,-0.3180338691675363,0.375,3,1,0.5330849520872536,0.4446546223507205,0.10857860754905008,
mildly_nonlinear,1,P1,moderate,1,SUBJECT_V3_dc591810eb0f2bbc9d5fb9d8,MYOLEG_V3_K0312,0.0,0.0,-0.05887894231628296,-0.004999999999999949,-0.05387894231628301,1.0,0,0,1.0,1.0,0.265315721966044,SUBJECT_V3_b65e05ebb9f465213b4c72b4
mildly_nonlinear,1,P1,moderate,2,SUBJECT_V3_b65e05ebb9f465213b4c72b4,MYOLEG_V3_K0201,-0.01,-0.0275,-0.2982105309310107,-0.23597222222222222,-0.062238308708788465,1.0,0,0,1.0,0.9974012988319417,0.13473858291712165,SUBJECT_V3_92eab89e0c185cac90742504
mildly_nonlinear,1,P1,moderate,3,SUBJECT_V3_92eab89e0c185cac90742504,MYOLEG_V3_K0377,0.0075,-0.025,0.1276485966633642,-0.12236111111111111,0.2500097077744753,0.75,1,1,0.9974012988319417,0.728056730311604,0.13473858291712165,SUBJECT_V3_43ddabc3c604bf55178e370f
mildly_nonlinear,1,P1,moderate,4,SUBJECT_V3_43ddabc3c604bf55178e370f,MYOLEG_V3_K0056,-0.025,-0.015,-0.47124639751105324,-0.056111111111111056,-0.4151352863999422,0.625,3,2,0.728056730311604,0.6373791584957271,0.06009032008072307,
mildly_nonlinear,2,P1,moderate,1,SUBJECT_V3_dc591810eb0f2bbc9d5fb9d8,MYOLEG_V3_K0312,0.0,0.0,-0.13159873093587854,-0.004999999999999949,-0.1265987309358786,1.0,0,0,1.0,1.0,0.265315721966044,SUBJECT_V3_8f4f76dde4b0ac10bbc95890
mildly_nonlinear,2,P1,moderate,2,SUBJECT_V3_8f4f76dde4b0ac10bbc95890,MYOLEG_V3_K0226,-0.0075,-0.0275,-0.4092838799298828,-0.23944444444444446,-0.16983943548543834,1.0,0,0,1.0,0.9868459754329344,0.16484947653068566,SUBJECT_V3_30b943819bf11fadc62f8e50
mildly_nonlinear,2,P1,moderate,3,SUBJECT_V3_30b943819bf11fadc62f8e50,MYOLEG_V3_K0106,-0.02,-0.015,-0.2677091612047838,-0.13944444444444443,-0.12826471676033935,1.0,0,0,0.9868459754329344,0.9854279260286719,0.007684884001819048,SUBJECT_V3_bf2591f4f7abc9fcfc0b19da
mildly_nonlinear,2,P1,moderate,4,SUBJECT_V3_bf2591f4f7abc9fcfc0b19da,MYOLEG_V3_K0378,0.0075,-0.0225,0.1898416343572365,-0.125,0.3148416343572365,0.625,3,2,0.9854279260286719,0.6412966524937072,0.007684884001819048,
mildly_nonlinear,3,P1,moderate,1,SUBJECT_V3_dc591810eb0f2bbc9d5fb9d8,MYOLEG_V3_K0312,0.0,0.0,-0.10724898724008902,-0.004999999999999949,-0.10224898724008907,1.0,0,0,1.0,1.0,0.265315721966044,SUBJECT_V3_8f4f76dde4b0ac10bbc95890
mildly_nonlinear,3,P1,moderate,2,SUBJECT_V3_8f4f76dde4b0ac10bbc95890,MYOLEG_V3_K0226,-0.0075,-0.0275,-0.10171349959855686,-0.23944444444444446,0.1377309448458876,1.0,0,0,1.0,0.9352092010650624,0.16484947653068566,SUBJECT_V3_4295a0d55c693a7c45d4b68b
mildly_nonlinear,3,P1,moderate,3,SUBJECT_V3_4295a0d55c693a7c45d4b68b,MYOLEG_V3_K0083,-0.0225,-0.01,-0.3626433957204194,-0.05902777777777776,-0.3036156179426417,1.0,0,0,0.9352092010650624,0.9090617974065152,0.0482847645251675,SUBJECT_V3_f31f3fe56bf2d843041712c7
mildly_nonlinear,3,P1,moderate,4,SUBJECT_V3_f31f3fe56bf2d843041712c7,MYOLEG_V3_K0026,-0.0275,-0.0275,-0.35303435553235685,-0.017222222222222194,-0.33581213331013465,1.0,0,0,0.9090617974065152,0.9030788209004204,0.0482847645251675,
mildly_nonlinear,4,P1,moderate,1,SUBJECT_V3_dc591810eb0f2bbc9d5fb9d8,MYOLEG_V3_K0312,0.0,0.0,-0.15423173969958576,-0.004999999999999949,-0.1492317396995858,1.0,0,0,1.0,1.0,0.265315721966044,SUBJECT_V3_8f4f76dde4b0ac10bbc95890
mildly_nonlinear,4,P1,moderate,2,SUBJECT_V3_8f4f76dde4b0ac10bbc95890,MYOLEG_V3_K0226,-0.0075,-0.0275,-0.25053804908457356,-0.23944444444444446,-0.011093604640129096,1.0,0,0,1.0,0.9603532476190135,0.16484947653068566,SUBJECT_V3_e6279988ee0d63d0eb29b340
mildly_nonlinear,4,P1,moderate,3,SUBJECT_V3_e6279988ee0d63d0eb29b340,MYOLEG_V3_K0107,-0.02,-0.0125,-0.3273429004599435,-0.1209722222222222,-0.20637067823772132,1.0,0,0,0.9603532476190135,0.9514803647786982,0.01210479127840447,SUBJECT_V3_2ed4384b5717ae4943ecbcfe
mildly_nonlinear,4,P1,moderate,4,SUBJECT_V3_2ed4384b5717ae4943ecbcfe,MYOLEG_V3_K0404,0.01,-0.02,-0.07744001783674398,-0.07722222222222219,-0.00021779561452178742,1.0,0,0,0.9514803647786982,0.9500047843792625,0.01210479127840447,
mildly_nonlinear,0,P2,moderate,1,SUBJECT_V3_dc591810eb0f2bbc9d5fb9d8,MYOLEG_V3_K0312,0.0,0.0,-0.06433624607691091,-0.1423611111111111,0.0780248650342002,1.0,0,0,1.0,1.0,0.265315721966044,SUBJECT_V3_cf7ba74885717d9f1b428746
mildly_nonlinear,0,P2,moderate,2,SUBJECT_V3_cf7ba74885717d9f1b428746,MYOLEG_V3_K0275,-0.0025,-0.03,-0.11356838451194246,-0.14500000000000002,0.03143161548805756,1.0,0,0,1.0,0.9858555062653792,0.26114100437471344,SUBJECT_V3_30b943819bf11fadc62f8e50
mildly_nonlinear,0,P2,moderate,3,SUBJECT_V3_30b943819bf11fadc62f8e50,MYOLEG_V3_K0106,-0.02,-0.015,-0.4170719056055255,-0.07069444444444445,-0.34637746116108104,0.16666666666666666,2,0,0.9858555062653792,0.2693165631235176,0.007684884001819048,SUBJECT_V3_7dd26b7bfcc4a37d1b5695c8
mildly_nonlinear,0,P2,moderate,4,SUBJECT_V3_7dd26b7bfcc4a37d1b5695c8,MYOLEG_V3_K0024,-0.03,0.03,0.9741705301000858,0.6143055555555557,0.35986497454453015,0.5833333333333334,5,3,0.2693165631235176,0.6460020789525824,0.007684884001819048,
mildly_nonlinear,1,P2,moderate,1,SUBJECT_V3_dc591810eb0f2bbc9d5fb9d8,MYOLEG_V3_K0312,0.0,0.0,-0.05887894231628296,-0.1423611111111111,0.08348216879482814,1.0,0,0,1.0,1.0,0.265315721966044,SUBJECT_V3_cf7ba74885717d9f1b428746
mildly_nonlinear,1,P2,moderate,2,SUBJECT_V3_cf7ba74885717d9f1b428746,MYOLEG_V3_K0275,-0.0025,-0.03,-0.03690523143306759,-0.14500000000000002,0.10809476856693243,1.0,0,0,1.0,0.9924256749015954,0.26114100437471344,SUBJECT_V3_e6279988ee0d63d0eb29b340
mildly_nonlinear,1,P2,moderate,3,SUBJECT_V3_e6279988ee0d63d0eb29b340,MYOLEG_V3_K0107,-0.02,-0.0125,-0.2656618501253463,-0.06916666666666668,-0.19649518345867964,1.0,0,0,0.9924256749015954,0.9166323561987009,0.01210479127840447,SUBJECT_V3_2cdbd7202e92d8ed3d95715d
mildly_nonlinear,1,P2,moderate,4,SUBJECT_V3_2cdbd7202e92d8ed3d95715d,MYOLEG_V3_K0115,-0.02,0.0075,-0.17078848216654022,0.05305555555555558,-0.2238440377220958,1.0,0,0,0.9166323561987009,0.9203115342149553,0.01210479127840447,
mildly_nonlinear,2,P2,moderate,1,SUBJECT_V3_dc591810eb0f2bbc9d5fb9d8,MYOLEG_V3_K0312,0.0,0.0,-0.13159873093587854,-0.1423611111111111,0.010762380175232567,1.0,0,0,1.0,1.0,0.265315721966044,SUBJECT_V3_9307d645182c95aa796075b4
mildly_nonlinear,2,P2,moderate,2,SUBJECT_V3_9307d645182c95aa796075b4,MYOLEG_V3_K0276,-0.0025,-0.0275,-0.1256382623032657,-0.16180555555555556,0.03616729325228987,1.0,0,0,1.0,0.9921856973974585,0.2350614721016293,SUBJECT_V3_e6279988ee0d63d0eb29b340
mildly_nonlinear,2,P2,moderate,3,SUBJECT_V3_e6279988ee0d63d0eb29b340,MYOLEG_V3_K0107,-0.02,-0.0125,-0.5093283681603556,-0.06916666666666668,-0.44016170149368894,0.16666666666666666,2,0,0.9921856973974585,0.25526566361212144,0.01210479127840447,SUBJECT_V3_7dd26b7bfcc4a37d1b5695c8
mildly_nonlinear,2,P2,moderate,4,SUBJECT_V3_7dd26b7bfcc4a37d1b5695c8,MYOLEG_V3_K0024,-0.03,0.03,0.7289578944673085,0.6143055555555557,0.11465233891175286,0.5833333333333334,5,3,0.25526566361212144,0.6440477436984465,0.01210479127840447,
mildly_nonlinear,3,P2,moderate,1,SUBJECT_V3_dc591810eb0f2bbc9d5fb9d8,MYOLEG_V3_K0312,0.0,0.0,-0.10724898724008902,-0.1423611111111111,0.03511212387102208,1.0,0,0,1.0,1.0,0.265315721966044,SUBJECT_V3_cf7ba74885717d9f1b428746
mildly_nonlinear,3,P2,moderate,2,SUBJECT_V3_cf7ba74885717d9f1b428746,MYOLEG_V3_K0275,-0.0025,-0.03,-0.1970409792402247,-0.14500000000000002,-0.05204097924022469,1.0,0,0,1.0,0.9741957465930831,0.26114100437471344,SUBJECT_V3_30b943819bf11fadc62f8e50
mildly_nonlinear,3,P2,moderate,3,SUBJECT_V3_30b943819bf11fadc62f8e50,MYOLEG_V3_K0106,-0.02,-0.015,-0.5628041401380878,-0.07069444444444445,-0.4921096956936433,0.16666666666666666,2,0,0.9741957465930831,0.266585711855762,0.007684884001819048,SUBJECT_V3_7dd26b7bfcc4a37d1b5695c8
mildly_nonlinear,3,P2,moderate,4,SUBJECT_V3_7dd26b7bfcc4a37d1b5695c8,MYOLEG_V3_K0024,-0.03,0.03,0.8643283570324103,0.6143055555555557,0.25002280147685463,0.5833333333333334,5,3,0.266585711855762,0.643550759872043,0.007684884001819048,
mildly_nonlinear,4,P2,moderate,1,SUBJECT_V3_dc591810eb0f2bbc9d5fb9d8,MYOLEG_V3_K0312,0.0,0.0,-0.15423173969958576,-0.1423611111111111,-0.011870628588474652,1.0,0,0,1.0,1.0,0.265315721966044,SUBJECT_V3_9307d645182c95aa796075b4
mildly_nonlinear,4,P2,moderate,2,SUBJECT_V3_9307d645182c95aa796075b4,MYOLEG_V3_K0276,-0.0025,-0.0275,-0.18026447838604137,-0.16180555555555556,-0.018458922830485808,1.0,0,0,1.0,0.9979496124853449,0.2350614721016293,SUBJECT_V3_e6279988ee0d63d0eb29b340
mildly_nonlinear,4,P2,moderate,3,SUBJECT_V3_e6279988ee0d63d0eb29b340,MYOLEG_V3_K0107,-0.02,-0.0125,-0.3273429004599435,-0.06916666666666668,-0.2581762337932768,1.0,0,0,0.9979496124853449,0.9268546363257564,0.01210479127840447,SUBJECT_V3_2cdbd7202e92d8ed3d95715d
mildly_nonlinear,4,P2,moderate,4,SUBJECT_V3_2cdbd7202e92d8ed3d95715d,MYOLEG_V3_K0115,-0.02,0.0075,-0.13272079433356448,0.05305555555555558,-0.18577634988912006,1.0,0,0,0.9268546363257564,0.9409331198828859,0.01210479127840447,
mildly_nonlinear,0,P3,moderate,1,SUBJECT_V3_dc591810eb0f2bbc9d5fb9d8,MYOLEG_V3_K0312,0.0,0.0,-0.06433624607691091,0.35416666666666663,-0.41850291274357754,1.0,0,0,1.0,1.0,0.265315721966044,SUBJECT_V3_d90982882613082cf20176fc
mildly_nonlinear,0,P3,moderate,2,SUBJECT_V3_d90982882613082cf20176fc,MYOLEG_V3_K0000,-0.03,-0.03,-0.079136970549246,-0.8291666666666666,0.7500296961174207,1.0,0,0,1.0,0.9025839208134948,0.20054117317167908,SUBJECT_V3_dfb47519c8df7762ddaefaca
mildly_nonlinear,0,P3,moderate,3,SUBJECT_V3_dfb47519c8df7762ddaefaca,MYOLEG_V3_K0600,0.03,-0.03,0.6145821459225962,-0.24583333333333346,0.8604154792559296,0.5,2,1,0.9025839208134948,0.5160047768742849,0.20054117317167908,SUBJECT_V3_7dd26b7bfcc4a37d1b5695c8
mildly_nonlinear,0,P3,moderate,4,SUBJECT_V3_7dd26b7bfcc4a37d1b5695c8,MYOLEG_V3_K0024,-0.03,0.03,0.9741705301000858,-0.24583333333333313,1.220003863433419,0.5,4,2,0.5160047768742849,0.519677018168473,0.20054117317167908,
mildly_nonlinear,1,P3,moderate,1,SUBJECT_V3_dc591810eb0f2bbc9d5fb9d8,MYOLEG_V3_K0312,0.0,0.0,-0.05887894231628296,0.35416666666666663,-0.4130456089829496,1.0,0,0,1.0,1.0,0.265315721966044,SUBJECT_V3_d90982882613082cf20176fc
mildly_nonlinear,1,P3,moderate,2,SUBJECT_V3_d90982882613082cf20176fc,MYOLEG_V3_K0000,-0.03,-0.03,-0.1321080057841195,-0.8291666666666666,0.6970586608825471,1.0,0,0,1.0,0.906397802212942,0.20054117317167908,SUBJECT_V3_dfb47519c8df7762ddaefaca
mildly_nonlinear,1,P3,moderate,3,SUBJECT_V3_dfb47519c8df7762ddaefaca,MYOLEG_V3_K0600,0.03,-0.03,0.5257717469842043,-0.24583333333333346,0.7716050803175377,0.5,2,1,0.906397802212942,0.5202736764596708,0.20054117317167908,SUBJECT_V3_7dd26b7bfcc4a37d1b5695c8
mildly_nonlinear,1,P3,moderate,4,SUBJECT_V3_7dd26b7bfcc4a37d1b5695c8,MYOLEG_V3_K0024,-0.03,0.03,0.7597156820788524,-0.24583333333333313,1.0055490154121856,0.5,4,2,0.5202736764596708,0.526835171884614,0.20054117317167908,
mildly_nonlinear,2,P3,moderate,1,SUBJECT_V3_dc591810eb0f2bbc9d5fb9d8,MYOLEG_V3_K0312,0.0,0.0,-0.13159873093587854,0.35416666666666663,-0.48576539760254517,1.0,0,0,1.0,1.0,0.265315721966044,SUBJECT_V3_d90982882613082cf20176fc
mildly_nonlinear,2,P3,moderate,2,SUBJECT_V3_d90982882613082cf20176fc,MYOLEG_V3_K0000,-0.03,-0.03,-0.06846839505202888,-0.8291666666666666,0.7606982716146378,1.0,0,0,1.0,0.8976413656601305,0.20054117317167908,SUBJECT_V3_dfb47519c8df7762ddaefaca
mildly_nonlinear,2,P3,moderate,3,SUBJECT_V3_dfb47519c8df7762ddaefaca,MYOLEG_V3_K0600,0.03,-0.03,0.6781097641905142,-0.24583333333333346,0.9239430975238476,0.5,2,1,0.8976413656601305,0.5103840917277152,0.20054117317167908,SUBJECT_V3_7dd26b7bfcc4a37d1b5695c8
mildly_nonlinear,2,P3,moderate,4,SUBJECT_V3_7dd26b7bfcc4a37d1b5695c8,MYOLEG_V3_K0024,-0.03,0.03,0.7289578944673085,-0.24583333333333313,0.9747912278006416,0.5,4,2,0.5103840917277152,0.5169404965989913,0.20054117317167908,
mildly_nonlinear,3,P3,moderate,1,SUBJECT_V3_dc591810eb0f2bbc9d5fb9d8,MYOLEG_V3_K0312,0.0,0.0,-0.10724898724008902,0.35416666666666663,-0.46141565390675565,1.0,0,0,1.0,1.0,0.265315721966044,SUBJECT_V3_d90982882613082cf20176fc
mildly_nonlinear,3,P3,moderate,2,SUBJECT_V3_d90982882613082cf20176fc,MYOLEG_V3_K0000,-0.03,-0.03,-0.20906525292590653,-0.8291666666666666,0.6201014137407601,1.0,0,0,1.0,0.9082984024931089,0.20054117317167908,SUBJECT_V3_dfb47519c8df7762ddaefaca
mildly_nonlinear,3,P3,moderate,3,SUBJECT_V3_dfb47519c8df7762ddaefaca,MYOLEG_V3_K0600,0.03,-0.03,0.5152492099041511,-0.24583333333333346,0.7610825432374846,0.5,2,1,0.9082984024931089,0.5218369265634428,0.20054117317167908,SUBJECT_V3_7dd26b7bfcc4a37d1b5695c8
mildly_nonlinear,3,P3,moderate,4,SUBJECT_V3_7dd26b7bfcc4a37d1b5695c8,MYOLEG_V3_K0024,-0.03,0.03,0.8643283570324103,-0.24583333333333313,1.1101616903657434,0.5,4,2,0.5218369265634428,0.5236669503283529,0.20054117317167908,
mildly_nonlinear,4,P3,moderate,1,SUBJECT_V3_dc591810eb0f2bbc9d5fb9d8,MYOLEG_V3_K0312,0.0,0.0,-0.15423173969958576,0.35416666666666663,-0.5083984063662523,1.0,0,0,1.0,1.0,0.265315721966044,SUBJECT_V3_d90982882613082cf20176fc
mildly_nonlinear,4,P3,moderate,2,SUBJECT_V3_d90982882613082cf20176fc,MYOLEG_V3_K0000,-0.03,-0.03,-0.06415552183574517,-0.8291666666666666,0.7650111448309215,1.0,0,0,1.0,0.8959699157716084,0.20054117317167908,SUBJECT_V3_dfb47519c8df7762ddaefaca
mildly_nonlinear,4,P3,moderate,3,SUBJECT_V3_dfb47519c8df7762ddaefaca,MYOLEG_V3_K0600,0.03,-0.03,0.7147633001362123,-0.24583333333333346,0.9605966334695457,0.5,2,1,0.8959699157716084,0.5083365871029846,0.20054117317167908,SUBJECT_V3_7dd26b7bfcc4a37d1b5695c8
mildly_nonlinear,4,P3,moderate,4,SUBJECT_V3_7dd26b7bfcc4a37d1b5695c8,MYOLEG_V3_K0024,-0.03,0.03,0.6810746002898378,-0.24583333333333313,0.9269079336231709,0.5,4,2,0.5083365871029846,0.5154873224217058,0.20054117317167908,
