t,trajectory_type,trajectory_variant,x,y,z,rx,ry,rz,vx,vy,vz,ax,ay,az,j1,j2,j3,j4,j5,j6,dj1,dj2,dj3,dj4,dj5,dj6,fx,fy,fz,tx,ty,tz,Mx,My,Mz,Bx,By,Bz,Kx,Ky,Kz,mode,comfort
0.0005,rehab,small_slow,80.22114418520182,-666.633608916331,262.48275128403463,-177.38938154609988,0.13298138683502053,-149.98560837310458,0.4115,0.0649,-0.7695,-11.6365,-2.3536,31.8129,84.42611769874497,30.033840519366876,85.8556320643661,-27.96629163953993,-89.09211052788628,-35.68871392144097,-0.0,-0.0,0.007872628693533416,-0.029449462890625,-0.06785074869791667,-0.0,1.2818,0.3993,1.7617,0.0078,-0.02641,-0.02365,0.0008820138755254447,0.0009999937610700727,0.0009201358770951629,0.0005079067195765674,0.0005001365789212286,0.0005738979671150446,0.01173606887459755,0.010186107829213142,0.011653736233711243,passive,0
0.0208,rehab,small_slow,80.22102626004234,-666.6335327246888,262.48308855804925,-177.389349589314,0.13298007369713036,-149.98563822602236,0.2761,0.0408,-0.4745,-11.9284,-2.0037,27.4508,84.42610410180423,30.033806527015006,85.85563886283647,-27.96629163953993,-89.09209357367621,-35.688696967230904,-0.05441495687654703,-0.05441495687654703,0.0008022195041769802,-0.01408047146267361,0.06785074869791667,0.06785074869791667,1.3644,0.4502,1.569,0.02058,-0.02868,-0.02439,0.0008820138755254447,0.0009999937610700727,0.0009201358770951629,0.0005079067195765674,0.0005001365789212286,0.0005738979671150446,0.01173606887459755,0.010186107829213142,0.011653736233711243,passive,0
0.041,rehab,small_slow,80.22093468843745,-666.6335122720146,262.48314821495967,-177.389355868968,0.1329738021938082,-149.9856367751328,-0.0116,-0.0013,0.086,-12.9385,-1.3466,20.1217,84.42609730333385,30.033799728544633,85.85563886283647,-27.966283162434895,-89.09210205078125,-35.68870544433594,-0.05441495687654703,-0.0,-0.021476367912670172,-0.003517998589409722,-0.0,-0.06785074869791667,1.188,0.4008,1.8404,0.00062,-0.02098,-0.03234,0.0008820138755254447,0.0009999937610700727,0.0009201358770951629,0.0005079067195765674,0.0005001365789212286,0.0005738979671150446,0.01173606887459755,0.010186107829213142,0.011653736233711243,passive,0
0.0606,rehab,small_slow,80.22084864181089,-666.6334327340263,262.4831985349301,-177.3893608760131,0.13296766635510598,-149.9856608071943,-0.3193,-0.0299,0.561,-14.2521,-0.7514,15.0827,84.42609050486347,30.033786131603883,85.85565245977723,-27.966283162434895,-89.09211052788628,-35.68868849012587,-0.0,-0.0,0.010517233669167698,-0.009875827365451388,-0.06785074869791667,-0.0,1.0954,0.592,2.1314,0.01237,-0.02198,-0.02008,0.0008820138755254447,0.0009999937610700727,0.0009201358770951629,0.0005079067195765674,0.0005001365789212286,0.0005738979671150446,0.01173606887459755,0.010186107829213142,0.011653736233711243,passive,0
0.0806,rehab,small_slow,80.21898787997578,-666.6334180478016,262.48571669509425,-177.38916790118242,0.13284010198459112,-149.9858234247873,-0.6566,-0.0455,0.9645,-15.8844,-0.1973,12.1532,84.42592734157449,30.033588975963024,85.85561846742536,-27.966283162434895,-89.09210205078125,-35.68868849012587,-0.0,-0.05441495687654703,-0.015690869624071783,0.0009409586588541666,-0.06785074869791667,-0.06785074869791667,1.2186,0.4967,1.7696,0.00919,-0.02826,-0.03061,0.0008820138755254447,0.0009999937610700727,0.0009201358770951629,0.0005079067195765674,0.0005001365789212286,0.0005738979671150446,0.01173606887459755,0.010186107829213142,0.011653736233711243,passive,0
0.1006,rehab,small_slow,80.21228374087465,-666.6330202192355,262.49668298187277,-177.38841347044803,0.13229059150244551,-149.9864064123212,-1.0065,-0.0383,1.1949,-17.9822,0.3221,12.4287,84.42534267312229,30.032718771755103,85.85546210260675,-27.966189914279514,-89.09211052788628,-35.68868849012587,-0.05441495687654703,-0.05441495687654703,-0.027146292204904082,0.05109998914930555,-0.06785074869791667,-0.0,1.1698,0.4953,1.9053,0.00668,-0.02313,-0.03252,0.0008820138755254447,0.0009999937610700727,0.0009201358770951629,0.0005079067195765674,0.0005001365789212286,0.0005738979671150446,0.01173606887459755,0.010186107829213142,0.011653736233711243,passive,0
0.1207,rehab,small_slow,80.17077882641468,-666.6356406846352,262.5504232512925,-177.38484492425903,0.1297577887635658,-149.989793999523,-1.2546,-0.0227,1.1769,-19.6823,0.8515,13.7832,84.42175308076462,30.028904829875078,85.85387126053914,-27.96515570746528,-89.09209357367621,-35.68887498643663,-0.2176666259765625,-0.16324487062964108,-0.0889715817895266,0.1006317138671875,-0.0,-0.0,1.2794,0.5557,2.109,0.01262,-0.03384,-0.02742,0.0008820138755254447,0.0009999937610700727,0.0009201358770951629,0.0005079067195765674,0.0005001365789212286,0.0005738979671150446,0.01173606887459755,0.010186107829213142,0.011653736233711243,passive,0
0.1405,rehab,small_slow,80.13967139570845,-666.6373519739453,262.586205133956,-177.3831796342054,0.12853553455550326,-149.99177781416606,-1.6311,-0.0086,1.3659,-21.3177,1.0842,16.8094,84.41906088649637,30.026389395836556,85.85245038023089,-27.963265313042534,-89.09210205078125,-35.68956163194444,-0.16324487062964108,-0.10882991375309406,-0.08907355884514233,0.16615973578559026,-0.06785074869791667,-0.06785074869791667,1.3804,0.5036,2.259,0.01729,-0.0336,-0.0335,0.0008820138755254447,0.0009999937610700727,0.0009201358770951629,0.0005079067195765674,0.0005001365789212286,0.0005738979671150446,0.01173606887459755,0.010186107829213142,0.011653736233711243,passive,0
0.1614,rehab,small_slow,80.09063240165908,-666.6367939018902,262.6271108839014,-177.38314146214591,0.12840281529277314,-149.99265665838576,-2.4042,0.0181,2.0813,-28.0651,0.9991,27.7385,84.4147778501605,30.02321451017172,85.8504584284112,-27.958111233181423,-89.09208509657118,-35.69291008843316,-0.2176666259765625,-0.16324487062964108,-0.06611512439085705,0.2559407552083333,-0.0,-0.20355224609375,1.1385,0.5658,2.0621,0.00386,-0.01528,-0.02321,0.0008820138755254447,0.0009999937610700727,0.0009201358770951629,0.0005079067195765674,0.0005001365789212286,0.0005738979671150446,0.01173606887459755,0.010186107829213142,0.011653736233711243,passive,0
0.1807,rehab,small_slow,80.05680248903839,-666.6355036405749,262.6451829299844,-177.38492172328588,0.12958358032091685,-149.9920452873293,-2.9115,0.0484,2.6623,-38.1698,0.7377,42.6547,84.4118069186069,30.021705249748607,85.84892197410659,-27.95282999674479,-89.09205118815105,-35.6964365641276,-0.16324487062964108,-0.10882991375309406,-0.10303761699412128,0.37707010904947913,-0.0,-0.20355224609375,1.0782,0.6359,1.8332,0.00335,-0.02029,-0.01797,0.0008820138755254447,0.0009999937610700727,0.0009201358770951629,0.0005079067195765674,0.0005001365789212286,0.0005738979671150446,0.01173606887459755,0.010186107829213142,0.011653736233711243,passive,0
0.2005,rehab,small_slow,79.99371541556349,-666.6328759422211,262.6856441208018,-177.3885183102838,0.13196887769392157,-149.99003066716634,-3.5473,0.0673,3.459,-48.7252,0.277,57.308,84.4062593667814,30.018503170202273,85.84536637410079,-27.941546969943577,-89.09197489420573,-35.70387946234809,-0.32649653972965653,-0.2176666259765625,-0.2175646489209468,0.5513085259331597,-0.0,-0.339262220594618,1.0767,0.6129,1.8606,0.01223,-0.0245,-0.02249,0.0008820138755254447,0.0009999937610700727,0.0009201358770951629,0.0005079067195765674,0.0005001365789212286,0.0005738979671150446,0.01173606887459755,0.010186107829213142,0.011653736233711243,passive,0
0.2205,rehab,small_slow,79.93140107752123,-666.632710685364,262.74512534285014,-177.38972443264453,0.13281935623268673,-149.9889064846455,-4.5052,0.056,4.6496,-60.2988,-0.2066,69.3616,84.40078659813003,30.01424732774791,85.84124650105392,-27.931510077582466,-89.09178839789496,-35.710364447699654,-0.3809114966062036,-0.32649653972965653,-0.27488935111772894,0.7078297932942709,0.06785074869791667,-0.4749637179904514,1.1904,0.4821,2.0409,0.00124,-0.02556,-0.03158,0.0008820138755254447,0.0009999937610700727,0.0009201358770951629,0.0005079067195765674,0.0005001365789212286,0.0005738979671150446,0.01173606887459755,0.010186107829213142,0.011653736233711243,passive,0
0.2408,rehab,small_slow,79.78344485787147,-666.6307681474107,262.91499954715334,-177.39001702273734,0.13312254527580514,-149.9865534657989,-5.896,0.036,6.2938,-68.8444,-0.6734,74.6427,84.38776752736308,30.002010081074026,85.83106919090346,-27.908248901367188,-89.09125434027777,-35.72547064887153,-0.544163165706219,-0.544163165706219,-0.43699887719484837,0.9509785970052083,-0.0,-0.6106736924913194,1.2236,0.6531,2.675,0.00294,-0.02414,-0.02906,0.0008820138755254447,0.0009999937610700727,0.0009201358770951629,0.0005079067195765674,0.0005001365789212286,0.0005738979671150446,0.01173606887459755,0.010186107829213142,0.011653736233711243,passive,0
0.261,rehab,small_slow,79.67503477816055,-666.629831705862,263.044631088584,-177.38968995124864,0.13293148056390258,-149.98476234101898,-7.7028,0.0229,8.2278,-77.9751,-1.0872,78.5348,84.3782360718982,29.992750564424117,85.82343450867303,-27.891413370768227,-89.09088134765625,-35.73660108778212,-0.6529998779296875,-0.5985781225827661,-0.5415797469639542,1.1502414279513888,0.06785074869791667,-0.7463751898871528,1.1848,0.6401,2.1422,0.0227,-0.03087,-0.0229,0.0008820138755254447,0.0009999937610700727,0.0009201358770951629,0.0005079067195765674,0.0005001365789212286,0.0005738979671150446,0.01173606887459755,0.010186107829213142,0.011653736233711243,passive,0
0.2805,rehab,small_slow,79.54089626177671,-666.6302186830179,263.1939393600257,-177.38949608777799,0.13285165308308042,-149.9833503864721,-9.353,0.0012,9.867,-87.4746,-1.1897,82.5613,84.36646112120978,29.98215854758083,85.81443333389736,-27.87165323893229,-89.09044053819444,-35.74956258138021,-0.7618297916827815,-0.6529998779296875,-0.5646061661219833,1.2913767496744792,-0.0,-0.8820851643880208,1.1645,0.6915,2.4754,0.02093,-0.03273,-0.02709,0.0008820138755254447,0.0009999937610700727,0.0009201358770951629,0.0005079067195765674,0.0005001365789212286,0.0005738979671150446,0.01173606887459755,0.010186107829213142,0.011653736233711243,passive,0
0.301,rehab,small_slow,79.28433320589171,-666.6328486891101,263.4521438168525,-177.38956682487785,0.13297419121694015,-149.98297293202816,-11.0943,-0.0264,11.3925,-91.4897,-0.9614,81.7757,84.3439785796817,29.963789080629255,85.79877645662515,-27.836854722764755,-89.08970303005643,-35.77202690972222,-1.0883331298828125,-0.8162515470297029,-0.6966256623220916,1.5941619873046875,0.06785074869791667,-1.0856458875868056,1.1024,0.6274,2.0491,0.0123,-0.01695,-0.02157,0.0008820138755254447,0.0009999937610700727,0.0009201358770951629,0.0005079067195765674,0.0005001365789212286,0.0005738979671150446,0.01173606887459755,0.010186107829213142,0.011653736233711243,passive,0
0.3208,rehab,small_slow,79.08692287029015,-666.6324952529226,263.6505449621462,-177.38950474709748,0.13292371809299183,-149.9830297128548,-12.9236,-0.0431,12.8325,-89.449,-0.7305,76.8828,84.32666967410853,29.94938312190594,85.7873006386332,-27.810567220052082,-89.08919440375433,-35.788981119791664,-1.1427480867593596,-0.87066650390625,-0.721691622592435,1.6975487603081596,-0.0,-1.0856458875868056,1.1516,0.4948,2.5403,0.0138,-0.03725,-0.02601,0.0008820138755254447,0.0009999937610700727,0.0009201358770951629,0.0005079067195765674,0.0005001365789212286,0.0005738979671150446,0.01173606887459755,0.010186107829213142,0.011653736233711243,passive,0
0.3408,rehab,small_slow,78.74987078547562,-666.6305624388094,263.9750239680282,-177.39005894038675,0.13334573360017699,-149.9834355418614,-14.1617,-0.056,13.7791,-80.4773,-0.4449,68.1699,84.29710312645034,29.92556128171411,85.76865243439627,-27.76657952202691,-89.08830430772569,-35.81764221191406,-1.305999755859375,-1.0339181730062654,-0.8372452235457921,1.941587660047743,-0.0,-1.357057359483507,1.1995,0.6157,2.3676,0.01516,-0.02778,-0.02546,0.0008820138755254447,0.0009999937610700727,0.0009201358770951629,0.0005079067195765674,0.0005001365789212286,0.0005738979671150446,0.01173606887459755,0.010186107829213142,0.011653736233711243,passive,0
0.362,rehab,small_slow,78.50308880739333,-666.6327974165594,264.2130569766799,-177.39020383175185,0.13349832001478515,-149.98385265377775,-16.4086,-0.0626,15.8062,-75.3913,0.1991,65.9493,84.27548399065981,29.908544710367032,85.75432805731745,-27.73443433973524,-89.08763461642795,-35.83847893608941,-1.360414712735922,-1.1427480867593596,-0.952261745339573,2.11136711968316,-0.0,-1.357057359483507,1.0593,0.5459,2.3972,-0.0047,-0.03111,-0.0264,0.0008820138755254447,0.0009999937610700727,0.0009201358770951629,0.0005079067195765674,0.0005001365789212286,0.0005738979671150446,0.01173606887459755,0.010186107829213142,0.011653736233711243,passive,0
0.3806,rehab,small_slow,78.10386402350144,-666.6355517105262,264.60826233584,-177.38993671786497,0.13334744883019162,-149.98429271665535,-18.2214,-0.0442,17.5068,-70.6971,0.9742,66.1985,84.24050586058361,29.880324259842975,85.73074416358872,-27.681961059570312,-89.08657497829861,-35.87242126464844,-1.5780813387124846,-1.251584798982828,-1.0007212421681622,2.31797112358941,0.06785074869791667,-1.4927588568793402,1.0216,0.5011,2.1596,0.00345,-0.0344,-0.02094,0.0008820138755254447,0.0009999937610700727,0.0009201358770951629,0.0005079067195765674,0.0005001365789212286,0.0005738979671150446,0.01173606887459755,0.010186107829213142,0.011653736233711243,passive,0
0.4008,rehab,small_slow,77.80856135030426,-666.6368539361673,264.8826772988894,-177.39038148526822,0.13369544867091207,-149.98508321934548,-18.8279,-0.0302,18.1039,-60.4142,1.6951,62.8329,84.21463088233872,29.860506718701654,85.71444143163096,-27.644568549262154,-89.08580356174045,-35.89708116319444,-1.5236663818359375,-1.305999755859375,-1.0092193301361385,2.3749627007378473,0.06785074869791667,-1.6284688313802083,0.9918,0.5507,2.0538,0.0049,-0.02772,-0.01968,0.0008820138755254447,0.0009999937610700727,0.0009201358770951629,0.0005079067195765674,0.0005001365789212286,0.0005738979671150446,0.01173606887459755,0.010186107829213142,0.011653736233711243,passive,0
0.4207,rehab,small_slow,77.34912534249004,-666.635817646085,265.32556355468773,-177.3908349066601,0.13403376716259982,-149.98534169728035,-19.9692,-0.011,19.2714,-53.6052,2.0569,60.3099,84.17434314690014,29.82842473700495,85.68843048397858,-27.584779527452255,-89.08459981282552,-35.936431884765625,-1.795747964689047,-1.360414712735922,-1.13647989707418,2.546725802951389,0.06785074869791667,-1.7641703287760415,1.0243,0.5911,2.2425,0.01332,-0.02518,-0.02424,0.0008820138755254447,0.0009999937610700727,0.0009201358770951629,0.0005079067195765674,0.0005001365789212286,0.0005738979671150446,0.01173606887459755,0.010186107829213142,0.011653736233711243,passive,0
0.4408,rehab,small_slow,77.02509618545689,-666.6378642781008,265.642282618939,-177.39065173493603,0.13390717594742416,-149.98519471364295,-20.8148,0.0503,20.3023,-43.4042,1.8983,51.1913,84.14595273461673,29.805887807713876,85.66939476693031,-27.542622884114582,-89.08374362521701,-35.96449110243056,-1.7413330078125,-1.4148296696124691,-1.210460851688196,2.711215549045139,0.06785074869791667,-1.7641703287760415,0.9769,0.631,2.3057,0.00584,-0.02576,-0.01846,0.0008820138755254447,0.0009999937610700727,0.0009201358770951629,0.0005079067195765674,0.0005001365789212286,0.0005738979671150446,0.01173606887459755,0.010186107829213142,0.011653736233711243,passive,0
0.461,rehab,small_slow,76.50948753033866,-666.6342976460886,266.13774142445885,-177.39106359678956,0.1341801210941275,-149.98550365681487,-21.8091,0.1137,21.5461,-35.3374,1.0686,41.0763,84.10072251121596,29.769842317788907,85.64061684183555,-27.47603522406684,-89.08242119683159,-36.00865681966146,-1.9045846769125154,-1.686918050935953,-1.2330589672126393,2.8837415907118054,0.06785074869791667,-1.9677310519748263,1.1261,0.5064,2.7261,0.00916,-0.01886,-0.03069,0.0008820138755254447,0.0009999937610700727,0.0009201358770951629,0.0005079067195765674,0.0005001365789212286,0.0005738979671150446,0.01173606887459755,0.010186107829213142,0.011653736233711243,passive,0
0.4808,rehab,small_slow,76.0622675106677,-666.6316390555933,266.58404012320875,-177.39049983232852,0.13378108080041112,-149.98546693187572,-22.826,0.1451,22.7752,-39.1332,-0.1086,39.7384,84.06148853868541,29.737671955977337,85.61463988653504,-27.417466905381943,-89.08124287923177,-36.047261555989586,-2.0134145906656093,-1.5780813387124846,-1.2795537061030322,3.022630479600694,0.06785074869791667,-2.0355902777777777,1.159,0.5622,2.0858,0.00936,-0.02687,-0.02202,0.0008820138755254447,0.0009999937610700727,0.0009201358770951629,0.0005079067195765674,0.0005001365789212286,0.0005738979671150446,0.01173606887459755,0.010186107829213142,0.011653736233711243,passive,0
0.5005,rehab,small_slow,75.68743610744407,-666.6306489913587,266.95516891832494,-177.38986475259298,0.1332837379207658,-149.98577124629094,-23.3787,0.1276,23.3381,-44.0541,-1.2339,38.4154,84.02862473289565,29.711076339872758,85.59287118439627,-27.368986341688366,-89.08030192057292,-36.07927110460069,-2.0134145906656093,-1.795747964689047,-1.3284822973874535,3.0878363715277777,0.06785074869791667,-2.0355902777777777,1.1991,0.5947,2.3254,0.02905,-0.03695,-0.02014,0.0008820138755254447,0.0009999937610700727,0.0009201358770951629,0.0005079067195765674,0.0005001365789212286,0.0005738979671150446,0.01173606887459755,0.010186107829213142,0.011653736233711243,passive,0
0.5207,rehab,small_slow,75.11787608458464,-666.6253568538496,267.5322829956284,-177.3890702720229,0.13267350626192256,-149.98439417766338,-24.1451,0.0765,23.8395,-47.7123,-2.1934,36.3271,83.97863558023283,29.66958527517791,85.55915077133935,-27.293319702148438,-89.07879299587674,-36.12977769639757,-2.067836346012531,-1.7413330078125,-1.4380260505298577,3.1684027777777777,0.06785074869791667,-2.171291775173611,1.1118,0.5633,2.4751,0.0127,-0.03903,-0.022,0.0008820138755254447,0.0009999937610700727,0.0009201358770951629,0.0005079067195765674,0.0005001365789212286,0.0005738979671150446,0.01173606887459755,0.010186107829213142,0.011653736233711243,passive,0
0.5406,rehab,small_slow,74.73333469731769,-666.6233674469217,267.9290427566926,-177.38834098032626,0.13217227817335597,-149.9828872273614,-24.6304,-0.0031,23.9722,-49.9306,-2.4562,35.7751,83.9448879732944,29.641426010887223,85.53544450514387,-27.24133809407552,-89.07771640353732,-36.164440578884545,-2.176666259765625,-1.686918050935953,-1.489381695737933,3.2906256781684027,0.06785074869791667,-2.171291775173611,0.9826,0.4384,1.9989,-0.00207,-0.0243,-0.02105,0.0008820138755254447,0.0009999937610700727,0.0009201358770951629,0.0005079067195765674,0.0005001365789212286,0.0005738979671150446,0.01173606887459755,0.010186107829213142,0.011653736233711243,passive,0
0.5615,rehab,small_slow,74.1226214918819,-666.623595490167,268.51730121436685,-177.38927548614205,0.1328022250927748,-149.98169809434626,-25.9657,-0.0815,24.8383,-51.3479,-1.8068,37.9603,83.89134322062577,29.599873759959003,85.49905229322981,-27.16071234809028,-89.0761227077908,-36.21826171875,-2.2855029719890934,-1.795747964689047,-1.5861035337542544,3.419647216796875,0.06785074869791667,-2.307001749674479,1.0418,0.4974,2.2554,0.01223,-0.02377,-0.02385,0.0008820138755254447,0.0009999937610700727,0.0009201358770951629,0.0005079067195765674,0.0005001365789212286,0.0005738979671150446,0.01173606887459755,0.010186107829213142,0.011653736233711243,passive,0
0.5806,rehab,small_slow,73.68755845386171,-666.6267897576354,268.9183374657871,-177.39004753612832,0.13339454513376872,-149.98245905041958,-27.7084,-0.0998,26.2497,-51.5002,-0.5639,41.9045,83.853230995707,29.571775681901688,85.47379597578899,-27.105322943793404,-89.07498677571614,-36.254984537760414,-2.3943328857421875,-1.795747964689047,-1.5465908239383508,3.540089925130208,-0.0,-2.307001749674479,1.0034,0.5462,2.1244,0.0163,-0.02173,-0.02052,0.0008820138755254447,0.0009999937610700727,0.0009201358770951629,0.0005079067195765674,0.0005001365789212286,0.0005738979671150446,0.01173606887459755,0.010186107829213142,0.011653736233711243,passive,0
0.6008,rehab,small_slow,73.01625626105447,-666.6327338650906,269.54121845461134,-177.39055613711534,0.1337936791498357,-149.98363550334196,-28.574,-0.0908,27.016,-46.0498,0.8427,41.3723,83.79443782390935,29.528387843972386,85.4344872200843,-27.020339965820312,-89.07324896918402,-36.311637030707466,-2.503169597965656,-1.795747964689047,-1.713744815033261,3.6004638671875,0.06785074869791667,-2.374852498372396,0.9234,0.5186,2.967,0.0066,-0.02432,-0.02387,0.0008820138755254447,0.0009999937610700727,0.0009201358770951629,0.0005079067195765674,0.0005001365789212286,0.0005738979671150446,0.01173606887459755,0.010186107829213142,0.011653736233711243,passive,0
0.6211,rehab,small_slow,72.55263807561424,-666.6354153591627,269.9667736646768,-177.39077493624782,0.1339206065471015,-149.98470429873407,-29.3588,-0.0513,27.8568,-37.0456,1.7189,34.5462,83.75383056036317,29.498596946791846,85.4079527902131,-26.962636311848957,-89.07209608289931,-36.35052151150173,-2.503169597965656,-1.8501697200359684,-1.608089786945003,3.624021742078993,0.06785074869791667,-2.5784132215711804,1.0178,0.4632,2.4255,0.01236,-0.03492,-0.02015,0.0008820138755254447,0.0009999937610700727,0.0009201358770951629,0.0005079067195765674,0.0005001365789212286,0.0005738979671150446,0.01173606887459755,0.010186107829213142,0.011653736233711243,passive,0
0.6409,rehab,small_slow,71.84698950242512,-666.6365854580788,270.64104717809374,-177.3893934431008,0.1328925269664276,-149.98616438538556,-29.6584,0.011,28.2994,-23.5347,1.7408,20.3714,83.69199167383779,29.45136797310102,85.36677445515548,-26.87422858344184,-89.07030741373698,-36.40989515516493,-2.6664212670656715,-2.067836346012531,-1.7049951836614325,3.7365468343098955,0.06785074869791667,-2.4427032470703125,0.9018,0.4421,2.4582,0.00338,-0.02723,-0.01712,0.0008820138755254447,0.0009999937610700727,0.0009201358770951629,0.0005079067195765674,0.0005001365789212286,0.0005738979671150446,0.01173606887459755,0.010186107829213142,0.011653736233711243,passive,0
0.6612,rehab,small_slow,71.38536794904249,-666.6317335157948,271.0903434649409,-177.3890346631248,0.1326686627949003,-149.98579420534833,-30.1104,0.0697,28.7901,-11.0043,0.8107,4.2799,83.6514659919361,29.41949674398592,85.33973014000618,-26.814566718207466,-89.06905280219183,-36.450110541449654,-2.61199951171875,-2.0134145906656093,-1.7028944563157487,3.7911139594184027,0.06785074869791667,-2.4427032470703125,0.9554,0.4955,2.5397,0.02073,-0.02953,-0.01701,0.0008820138755254447,0.0009999937610700727,0.0009201358770951629,0.0005079067195765674,0.0005001365789212286,0.0005738979671150446,0.01173606887459755,0.010186107829213142,0.011653736233711243,passive,0
0.6807,rehab,small_slow,70.55847565457546,-666.6283140729919,271.90056644462476,-177.38747665898944,0.13152926238623353,-149.98506762832218,-30.3014,0.0855,28.7663,-4.0686,-0.3711,-6.9111,83.57893311151183,29.362879082708076,85.29000612768796,-26.708060370551216,-89.06685723198784,-36.522157457139755,-2.557584554842203,-2.0134145906656093,-1.8175370622389386,3.831295437282986,0.06785074869791667,-2.5784132215711804,0.9641,0.3597,1.9893,0.02355,-0.03786,-0.01924,0.0008820138755254447,0.0009999937610700727,0.0009201358770951629,0.0005079067195765674,0.0005001365789212286,0.0005738979671150446,0.01173606887459755,0.010186107829213142,0.011653736233711243,passive,0
0.701,rehab,small_slow,70.07507870211997,-666.6263542884202,272.36481772858826,-177.38694727702824,0.13114279912197374,-149.9845681805093,-30.4696,0.0453,28.4749,-5.6675,-1.3488,-8.4866,83.53653105178682,29.330491169844525,85.26126219494508,-26.64635552300347,-89.06556871202257,-36.5643564860026,-2.7752511808187657,-1.9589996337890625,-1.8441190814027693,3.88626946343316,0.13570149739583334,-2.5784132215711804,0.9718,0.4557,2.1184,0.02432,-0.03207,-0.02087,0.0008820138755254447,0.0009999937610700727,0.0009201358770951629,0.0005079067195765674,0.0005001365789212286,0.0005738979671150446,0.01173606887459755,0.010186107829213142,0.011653736233711243,passive,0
0.7206,rehab,small_slow,69.57950364987802,-666.6264802883896,272.81550507661314,-177.3875761518729,0.13161098293499404,-149.9850475973636,-30.2151,-0.0125,27.8122,-12.1052,-1.6721,-1.9991,83.49308882609452,29.299197810711245,85.23258624690594,-26.584370930989582,-89.0642801920573,-36.60661485460069,-2.6664212670656715,-1.9589996337890625,-1.8089369972153466,3.9033084445529513,0.06785074869791667,-2.5784132215711804,0.8583,0.4295,2.3805,0.02234,-0.02689,-0.02065,0.0008820138755254447,0.0009999937610700727,0.0009201358770951629,0.0005079067195765674,0.0005001365789212286,0.0005738979671150446,0.01173606887459755,0.010186107829213142,0.011653736233711243,passive,0
0.7415,rehab,small_slow,68.8270650368764,-666.6281768907976,273.4912637224061,-177.3890253474217,0.1326506049309915,-149.98571402509094,-30.5981,-0.0818,27.8462,-16.3861,-1.2281,5.5563,83.4271504619334,29.252594296294863,85.18885168698755,-26.490376790364582,-89.0623558892144,-36.67082044813368,-2.7208362239422184,-1.9045846769125154,-1.8588921575262995,3.8445281982421875,0.06785074869791667,-2.714114718967014,0.8991,0.5982,3.0547,0.02415,-0.02636,-0.02202,0.0008820138755254447,0.0009999937610700727,0.0009201358770951629,0.0005079067195765674,0.0005001365789212286,0.0005738979671150446,0.01173606887459755,0.010186107829213142,0.011653736233711243,passive,0
0.7608,rehab,small_slow,68.31585897105559,-666.6309213518034,273.94227704082414,-177.39013638959347,0.1334669348291073,-149.9863083620044,-30.8668,-0.1135,27.9597,-23.4617,-0.2386,16.4462,83.38236893757735,29.221722442324797,85.15921715462562,-26.427222357855904,-89.06104193793402,-36.71429104275173,-2.8296661376953125,-1.9045846769125154,-1.8177682102316677,3.9622073703342013,0.06785074869791667,-2.781973944769965,0.7612,0.3813,2.0553,0.01403,-0.02516,-0.01947,0.0008820138755254447,0.0009999937610700727,0.0009201358770951629,0.0005079067195765674,0.0005001365789212286,0.0005738979671150446,0.01173606887459755,0.010186107829213142,0.011653736233711243,passive,0
0.781,rehab,small_slow,67.55314824822031,-666.635729000304,274.6250493002704,-177.39141523857538,0.13440405355560142,-149.98653503237645,-31.2996,-0.0885,28.4109,-33.4165,1.0364,29.3688,83.31556036920831,29.17535687437152,85.11395293887298,-26.33209228515625,-89.05906677246094,-36.779793633355034,-2.7208362239422184,-2.067836346012531,-1.8397612618927908,4.004431830512153,0.06785074869791667,-2.6462639702690973,0.8544,0.3198,2.403,0.01009,-0.03734,-0.02422,0.0008820138755254447,0.0009999937610700727,0.0009201358770951629,0.0005079067195765674,0.0005001365789212286,0.0005738979671150446,0.01173606887459755,0.010186107829213142,0.011653736233711243,passive,0
0.8007,rehab,small_slow,67.05056930504811,-666.6358485681591,275.0904408860006,-177.3917485734651,0.13465346367240202,-149.9857300620448,-32.9625,-0.0327,30.1045,-39.3386,1.8503,34.8904,83.27149948271195,29.14364201007503,85.08354338088839,-26.26825968424479,-89.05772738986545,-36.823933919270836,-2.6664212670656715,-1.9589996337890625,-1.8922590501237624,3.9129214816623263,0.13570149739583334,-2.8498246934678817,0.9692,0.2433,2.3732,0.02729,-0.04029,-0.02218,0.0008820138755254447,0.0009999937610700727,0.0009201358770951629,0.0005079067195765674,0.0005001365789212286,0.0005738979671150446,0.01173606887459755,0.010186107829213142,0.011653736233711243,passive,0
0.821,rehab,small_slow,66.29234893539815,-666.6358644944861,275.8016065557774,-177.3909147032404,0.13406014330820634,-149.98434546434902,-33.0016,0.0365,30.192,-37.8178,1.9576,30.0916,83.20502403939125,29.095311684183553,85.03749054257233,-26.172943115234375,-89.05567593044705,-36.89070807562934,-2.6664212670656715,-2.067836346012531,-1.9814345860245204,4.132376776801215,0.06785074869791667,-2.8498246934678817,0.9777,0.3726,2.5766,0.03067,-0.04483,-0.02156,0.0008820138755254447,0.0009999937610700727,0.0009201358770951629,0.0005079067195765674,0.0005001365789212286,0.0005738979671150446,0.01173606887459755,0.010186107829213142,0.011653736233711243,passive,0
0.841,rehab,small_slow,65.77644695807784,-666.6347909778658,276.2813436861036,-177.39023411015808,0.133516710271008,-149.9838850282842,-33.5923,0.0836,30.5826,-23.1472,1.2495,12.1069,83.15979381599048,29.06263823556428,85.00661868860226,-26.108949449327255,-89.05433654785156,-36.935670640733505,-2.7752511808187657,-2.176666259765625,-1.8898863839631033,4.055828518337673,0.06785074869791667,-2.714114718967014,0.9182,0.3132,2.4484,0.02223,-0.02862,-0.01868,0.0008820138755254447,0.0009999937610700727,0.0009201358770951629,0.0005079067195765674,0.0005001365789212286,0.0005738979671150446,0.01173606887459755,0.010186107829213142,0.011653736233711243,passive,0
0.8613,rehab,small_slow,64.97818628484352,-666.6317949012462,276.99974392913083,-177.3894377396565,0.13294129412907713,-149.98558960770498,-34.7034,0.0936,31.2582,-1.3608,-0.0935,-12.3385,83.08980356348623,29.013458100876004,84.96070181969368,-26.01286146375868,-89.05227661132812,-37.002860175238716,-2.992917806795328,-2.0134145906656093,-1.9223966692933943,4.056337144639757,0.13570149739583334,-2.781973944769965,0.8075,0.2668,2.3219,0.02553,-0.03861,-0.01814,0.0008820138755254447,0.0009999937610700727,0.0009201358770951629,0.0005079067195765674,0.0005001365789212286,0.0005738979671150446,0.01173606887459755,0.010186107829213142,0.011653736233711243,passive,0
0.8811,rehab,small_slow,64.30580659002239,-666.628102722526,277.5974186263805,-177.38880251855326,0.13250950860903798,-149.987698777721,-34.62,0.0703,30.7701,13.0833,-1.4336,-28.6722,83.03084042992923,28.972490518399983,84.92258279630454,-25.932896931966145,-89.050538804796,-37.058800591362846,-3.1017545190187965,-1.9589996337890625,-1.9306840046797649,3.9013078477647567,0.06785074869791667,-2.8498246934678817,0.777,0.371,2.2392,0.02327,-0.03144,-0.01849,0.0008820138755254447,0.0009999937610700727,0.0009201358770951629,0.0005079067195765674,0.0005001365789212286,0.0005738979671150446,0.01173606887459755,0.010186107829213142,0.011653736233711243,passive,0
0.9009,rehab,small_slow,63.504088284830424,-666.6265755523859,278.3031340330735,-177.3883317325935,0.13221183826002303,-149.98861836522738,-34.2239,0.0241,29.9877,19.3322,-2.2065,-33.6862,82.96055784319887,28.924649682375463,84.87657074881072,-25.837588840060764,-89.0484110514323,-37.1270751953125,-2.884087893042234,-1.9589996337890625,-1.854745090597927,4.016350640190972,0.06785074869791667,-2.8498246934678817,0.8009,0.2993,1.7352,0.02032,-0.0354,-0.0127,0.0008820138755254447,0.0009999937610700727,0.0009201358770951629,0.0005079067195765674,0.0005001365789212286,0.0005738979671150446,0.01173606887459755,0.010186107829213142,0.011653736233711243,passive,0
0.9205,rehab,small_slow,62.976408216869714,-666.6272886724676,278.75669382884433,-177.3892385012575,0.1328608242415675,-149.9884325837276,-33.0682,-0.0404,28.6693,26.178,-1.9607,-34.8569,82.9143214461827,28.89426051980198,84.84586885660002,-25.774035983615452,-89.0470462375217,-37.17277526855469,-2.938502849918781,-1.9589996337890625,-2.006500546294864,3.9800771077473955,0.06785074869791667,-2.8498246934678817,0.64,0.2779,2.5262,-0.00071,-0.03372,-0.02391,0.0008820138755254447,0.0009999937610700727,0.0009201358770951629,0.0005079067195765674,0.0005001365789212286,0.0005738979671150446,0.01173606887459755,0.010186107829213142,0.011653736233711243,passive,0
0.941,rehab,small_slow,62.193986105346035,-666.6306470690854,279.4337687907355,-177.39055106965796,0.13385396774321318,-149.9873634792674,-31.4422,-0.0943,27.0721,31.176,-0.9127,-32.823,82.8457792678682,28.849445003094058,84.79916336512801,-25.678846571180554,-89.04496086968315,-37.24130418565538,-2.884087893042234,-1.9045846769125154,-1.9168627144086479,3.8814883761935763,0.13570149739583334,-2.8498246934678817,0.7502,0.3757,2.8556,0.0224,-0.04235,-0.02098,0.0008820138755254447,0.0009999937610700727,0.0009201358770951629,0.0005079067195765674,0.0005001365789212286,0.0005738979671150446,0.01173606887459755,0.010186107829213142,0.011653736233711243,passive,0
0.9617,rehab,small_slow,61.666311996029215,-666.6331515102023,279.8892646993669,-177.39089401315795,0.1341092608068061,-149.98704233071007,-31.945,-0.1155,27.4327,21.1878,0.3987,-18.8628,82.79956326626315,28.819375368628172,84.76787680446512,-25.615709092881943,-89.04357062445746,-37.28712293836806,-2.938502849918781,-1.9045846769125154,-1.9938281975170173,4.0246836344401045,0.06785074869791667,-2.9176754421657987,0.6091,0.2892,2.6858,0.00523,-0.04099,-0.02166,0.0008820138755254447,0.0009999937610700727,0.0009201358770951629,0.0005079067195765674,0.0005001365789212286,0.0005738979671150446,0.01173606887459755,0.010186107829213142,0.011653736233711243,passive,0
0.9807,rehab,small_slow,61.13083224604695,-666.6339131155341,280.3480735959731,-177.39099838443857,0.1342117671391874,-149.9873357579038,-32.5195,-0.0936,27.9846,1.3712,1.4882,0.4364,82.75264702220954,28.78889782593982,84.73678739944307,-25.55263943142361,-89.04215494791667,-37.33302646213107,-3.1017545190187965,-1.9589996337890625,-1.843439234365331,3.923856947157118,0.06785074869791667,-2.8498246934678817,0.5528,0.4473,2.3446,0.02198,-0.03603,-0.00892,0.0008820138755254447,0.0009999937610700727,0.0009201358770951629,0.0005079067195765674,0.0005001365789212286,0.0005738979671150446,0.01173606887459755,0.010186107829213142,0.011653736233711243,passive,0
1.0005,rehab,small_slow,60.32174792760443,-666.637718092964,281.0447971463035,-177.38976701225064,0.13330677274774355,-149.9885941291818,-31.637,-0.0167,27.4146,-18.7898,2.0999,16.3149,82.68180016243812,28.743021747853497,84.68958561963375,-25.459060668945312,-89.04004414876302,-37.40154690212673,-2.884087893042234,-1.8501697200359684,-1.9396851794554455,3.8779958089192705,0.13570149739583334,-2.8498246934678817,0.6484,0.4468,2.2936,0.02776,-0.04003,-0.01268,0.0008820138755254447,0.0009999937610700727,0.0009201358770951629,0.0005079067195765674,0.0005001365789212286,0.0005738979671150446,0.01173606887459755,0.010186107829213142,0.011653736233711243,passive,0
1.0207,rehab,small_slow,59.78772379543797,-666.6388209946853,281.4974735699161,-177.38980614692676,0.1332921827295614,-149.98848470161263,-31.734,0.0595,27.5813,-31.4693,1.8718,22.675,82.63502668626238,28.713196858321087,84.65857099778582,-25.396830240885414,-89.03867085774739,-37.44772169325087,-2.992917806795328,-1.9045846769125154,-1.9126136704246597,3.803761800130208,0.06785074869791667,-2.985526190863715,0.5777,0.3257,1.8386,0.01732,-0.02629,-0.00842,0.0008820138755254447,0.0009999937610700727,0.0009201358770951629,0.0005079067195765674,0.0005001365789212286,0.0005738979671150446,0.01173606887459755,0.010186107829213142,0.011653736233711243,passive,0
1.0408,rehab,small_slow,59.008761934852785,-666.6343485881812,282.1776582169784,-177.38950162211827,0.13305624444106148,-149.98703102364246,-32.7643,0.094,28.3111,-24.7174,0.8222,10.8304,82.5667156559406,28.668027821153697,84.61272211358099,-25.304158528645832,-89.03657701280382,-37.51642862955729,-2.8296661376953125,-1.9045846769125154,-1.9365918754351021,3.868281046549479,0.06785074869791667,-2.985526190863715,0.5589,0.2439,1.6535,0.01529,-0.03323,-0.00841,0.0008820138755254447,0.0009999937610700727,0.0009201358770951629,0.0005079067195765674,0.0005001365789212286,0.0005738979671150446,0.01173606887459755,0.010186107829213142,0.011653736233711243,passive,0
1.061,rehab,small_slow,58.49577519102533,-666.632419116179,282.62865359929845,-177.38913935329063,0.13278791569811993,-149.98543952070008,-34.0112,0.0912,29.0471,-11.2748,-0.6412,-6.8689,82.52173697594368,28.638359296439898,84.58194543819616,-25.242801242404514,-89.03516981336806,-37.56229824490017,-2.7752511808187657,-1.8501697200359684,-1.9304256628055383,3.891915215386285,0.13570149739583334,-2.781973944769965,0.6746,0.2845,1.966,0.01854,-0.03706,-0.01216,0.0008820138755254447,0.0009999937610700727,0.0009201358770951629,0.0005079067195765674,0.0005001365789212286,0.0005738979671150446,0.01173606887459755,0.010186107829213142,0.011653736233711243,passive,0
1.0809,rehab,small_slow,57.72332334245997,-666.6282739110511,283.2975245312843,-177.38882730037056,0.132527966706548,-149.98334714168567,-34.5521,0.0597,29.0038,-10.7807,-2.0338,-11.9356,82.45400381560373,28.59429161147316,84.5363209035137,-25.151468912760414,-89.03308444552951,-37.63108147515191,-2.992917806795328,-1.8501697200359684,-1.8726318661529238,3.7936147054036455,0.06785074869791667,-2.8498246934678817,0.5843,0.2028,2.2341,0.01678,-0.04052,-0.0134,0.0008820138755254447,0.0009999937610700727,0.0009201358770951629,0.0005079067195765674,0.0005001365789212286,0.0005738979671150446,0.01173606887459755,0.010186107829213142,0.011653736233711243,passive,0
1.1008,rehab,small_slow,57.198318775230554,-666.6254959998447,283.73966690144465,-177.38858669597985,0.13238819506080338,-149.9830057461877,-34.2807,-0.007,28.2972,-3.3551,-2.7043,-18.8202,82.4079713726988,28.565126173567062,84.50623087363668,-25.091128879123264,-89.03165181477864,-37.67676459418403,-2.8296661376953125,-1.8501697200359684,-1.8500269521581065,3.760384453667535,0.06785074869791667,-2.985526190863715,0.4708,0.238,2.3206,0.00415,-0.02076,-0.01429,0.0008820138755254447,0.0009999937610700727,0.0009201358770951629,0.0005079067195765674,0.0005001365789212286,0.0005738979671150446,0.01173606887459755,0.010186107829213142,0.011653736233711243,passive,0
1.1205,rehab,small_slow,56.268662134341064,-666.6295417530508,284.4885104452945,-177.3890162953086,0.13275093288730255,-149.98404934686903,-33.6468,-0.0901,27.3007,18.3095,-2.172,-32.642,82.32658688384707,28.516761855323715,84.45322320012762,-24.986835055881077,-89.02921040852864,-37.75591532389323,-3.1017545190187965,-1.795747964689047,-1.8714081414855352,3.777152167426215,0.13570149739583334,-2.985526190863715,0.5502,0.3219,2.8191,0.0187,-0.03463,-0.01672,0.0008820138755254447,0.0009999937610700727,0.0009201358770951629,0.0005079067195765674,0.0005001365789212286,0.0005738979671150446,0.01173606887459755,0.010186107829213142,0.011653736233711243,passive,0
1.1407,rehab,small_slow,55.73530374830552,-666.6325470721243,284.90395609998484,-177.39002662460481,0.13349382339624571,-149.98489755198415,-32.2014,-0.1352,25.7766,37.8757,-0.7932,-41.5523,82.27991538472695,28.490084657574645,84.42322155036548,-24.927554660373264,-89.02786254882812,-37.80106438530816,-2.992917806795328,-1.5780813387124846,-1.9025859266224474,3.650843302408854,0.06785074869791667,-2.8498246934678817,0.5842,0.1898,2.165,0.01971,-0.04251,-0.01455,0.0008820138755254447,0.0009999937610700727,0.0009201358770951629,0.0005079067195765674,0.0005001365789212286,0.0005738979671150446,0.01173606887459755,0.010186107829213142,0.011653736233711243,passive,0
1.1616,rehab,small_slow,54.94370062392738,-666.6368383835909,285.532082026055,-177.3906785637913,0.13399317725998675,-149.98547847773585,-32.6342,-0.1407,25.9813,39.6262,1.0083,-35.7012,82.210638971612,28.449946488484297,84.37795733461286,-24.839307996961804,-89.02580261230469,-37.868754069010414,-2.938502849918781,-1.686918050935953,-1.8708778607963334,3.7008073594835067,0.06785074869791667,-2.781973944769965,0.5729,0.1587,2.2341,0.01101,-0.0397,-0.01046,0.0008820138755254447,0.0009999937610700727,0.0009201358770951629,0.0005079067195765674,0.0005001365789212286,0.0005738979671150446,0.01173606887459755,0.010186107829213142,0.011653736233711243,passive,0
1.1806,rehab,small_slow,54.423612880363955,-666.6403791214749,285.9445809067041,-177.39123243070034,0.13444461211176945,-149.98552064839993,-32.6722,-0.1076,26.0368,20.9687,2.5182,-15.8577,82.16513001092589,28.423819966835552,84.3477993200321,-24.780968560112846,-89.02442084418402,-37.91355556911892,-2.8296661376953125,-1.6325030940594059,-1.8641745690071936,3.7393612331814237,0.06785074869791667,-2.8498246934678817,0.6531,0.233,2.1793,0.02004,-0.03204,-0.01865,0.0008820138755254447,0.0009999937610700727,0.0009201358770951629,0.0005079067195765674,0.0005001365789212286,0.0005738979671150446,0.01173606887459755,0.010186107829213142,0.011653736233711243,passive,0
1.2005,rehab,small_slow,53.90639073164164,-666.6414898703651,286.36642799737746,-177.39078365725388,0.13412398494533528,-149.9855302879523,-30.9955,-0.0136,24.8745,3.3965,3.3097,0.5692,82.11984539976214,28.396891225682626,84.31778407332921,-24.72323947482639,-89.02303907606337,-37.958170572916664,-2.8296661376953125,-1.7413330078125,-1.854174019086479,3.6888970269097223,0.06785074869791667,-2.8498246934678817,0.5467,0.0879,2.1155,0.01416,-0.02562,-0.01475,0.0008820138755254447,0.0009999937610700727,0.0009201358770951629,0.0005079067195765674,0.0005001365789212286,0.0005738979671150446,0.01173606887459755,0.010186107829213142,0.011653736233711243,passive,0
1.2205,rehab,small_slow,53.133442784157786,-666.6402450319763,286.9869935668364,-177.39078818227676,0.1341410431896072,-149.9848777180163,-30.0836,0.086,24.3013,-4.1025,2.9484,5.242,82.05213943330368,28.3570657862295,84.27366879906985,-24.637264675564236,-89.02097066243489,-38.025546603732636,-2.8296661376953125,-1.686918050935953,-1.8622506018912437,3.4933217366536455,0.06785074869791667,-2.8498246934678817,0.5461,0.0882,2.1234,0.00244,-0.03231,-0.019,0.0008820138755254447,0.0009999937610700727,0.0009201358770951629,0.0005079067195765674,0.0005001365789212286,0.0005738979671150446,0.01173606887459755,0.010186107829213142,0.011653736233711243,passive,0
1.2411,rehab,small_slow,52.622077032181615,-666.6373398832086,287.4105612901854,-177.389779925386,0.1333250808620194,-149.9846769925962,-30.6261,0.1515,24.7829,-5.9527,1.6244,2.0894,82.00733071506613,28.329763129205986,84.2442518177599,-24.58051045735677,-89.01963975694444,-38.06990729437934,-2.6664212670656715,-1.686918050935953,-1.7549299485612624,3.462515936957465,0.06785074869791667,-2.714114718967014,0.5149,0.14,1.7752,0.01481,-0.02435,-0.01125,0.0008820138755254447,0.0009999937610700727,0.0009201358770951629,0.0005079067195765674,0.0005001365789212286,0.0005738979671150446,0.01173606887459755,0.010186107829213142,0.011653736233711243,passive,0
1.261,rehab,small_slow,51.85185351682069,-666.6332617233304,288.02268657162557,-177.3897068292234,0.13325957990738874,-149.98566436969904,-32.8678,0.1753,26.4124,-5.0129,-0.2064,-4.2511,81.93984909813003,28.29038638879757,84.20096595688622,-24.49597676595052,-89.01764763726128,-38.135435316297745,-2.6664212670656715,-1.686918050935953,-1.881286318939511,3.4313795301649304,0.06785074869791667,-2.714114718967014,0.6513,0.2248,2.073,0.02443,-0.0313,-0.01321,0.0008820138755254447,0.0009999937610700727,0.0009201358770951629,0.0005079067195765674,0.0005001365789212286,0.0005738979671150446,0.01173606887459755,0.010186107829213142,0.011653736233711243,passive,0
1.2806,rehab,small_slow,51.34542995727211,-666.6300215367897,288.43021430201253,-177.38938454269984,0.13296445958628583,-149.98554854161782,-33.1651,0.1374,26.3815,-10.8467,-2.2061,-4.5293,81.89547548199644,28.264246270208076,84.17216763638034,-24.440155029296875,-89.01634216308594,-38.17928738064236,-2.884087893042234,-1.5780813387124846,-1.750925649510752,3.4231143527560763,0.06785074869791667,-2.714114718967014,0.5433,0.1914,2.3183,0.01778,-0.03088,-0.01272,0.0008820138755254447,0.0009999937610700727,0.0009201358770951629,0.0005079067195765674,0.0005001365789212286,0.0005738979671150446,0.01173606887459755,0.010186107829213142,0.011653736233711243,passive,0
1.3006,rehab,small_slow,50.59638373822475,-666.6251121871746,289.0256701090145,-177.3895568294642,0.13311482743239073,-149.9846081172592,-31.6522,0.0538,24.8271,-9.6082,-3.5425,-8.1891,81.82982945206142,28.226208828463413,84.12952083172185,-24.35726589626736,-89.01432461208768,-38.244925604926216,-2.6664212670656715,-1.686918050935953,-1.8038041520826886,3.4060160319010415,0.06785074869791667,-2.714114718967014,0.4933,0.0851,1.9335,0.00745,-0.04214,-0.01368,0.0008820138755254447,0.0009999937610700727,0.0009201358770951629,0.0005079067195765674,0.0005001365789212286,0.0005738979671150446,0.01173606887459755,0.010186107829213142,0.011653736233711243,passive,0
1.3211,rehab,small_slow,50.099914157525546,-666.6246092777236,289.4161491344046,-177.38966349110558,0.13323644151561473,-149.98399713006899,-31.8723,-0.0439,24.5792,9.5811,-3.704,-23.7001,81.78635323401726,28.20167314888227,84.1008992714457,-24.30263943142361,-89.01296827528212,-38.28838772243923,-2.7752511808187657,-1.4692514249593904,-1.7542365045830755,3.3934783935546875,0.13570149739583334,-2.6462639702690973,0.5498,0.2131,2.6249,0.02714,-0.03503,-0.01301,0.0008820138755254447,0.0009999937610700727,0.0009201358770951629,0.0005079067195765674,0.0005001365789212286,0.0005738979671150446,0.01173606887459755,0.010186107829213142,0.011653736233711243,passive,0
1.3406,rehab,small_slow,49.2173201519255,-666.6283428614735,290.0963916425491,-177.38942721062125,0.13304014274385836,-149.98427470368497,-31.4714,-0.1251,23.9837,28.9246,-2.7292,-36.6086,81.70914980444577,28.159502237149983,84.0503458457418,-24.207933213975693,-89.01066250271268,-38.3642323811849,-2.7208362239422184,-1.4148296696124691,-1.8058844840172494,3.3823903401692705,0.06785074869791667,-2.714114718967014,0.597,0.2102,2.0097,0.03203,-0.03285,-0.00724,0.0008820138755254447,0.0009999937610700727,0.0009201358770951629,0.0005079067195765674,0.0005001365789212286,0.0005738979671150446,0.01173606887459755,0.010186107829213142,0.011653736233711243,passive,0
1.3613,rehab,small_slow,48.70426623856951,-666.6319802081604,290.47266297660786,-177.38995352261617,0.13339982971435252,-149.98537562941692,-31.1193,-0.1834,23.4838,27.3706,-0.878,-31.2234,81.66430709385635,28.13636024399559,84.0217922701694,-24.154298570421005,-89.00939093695746,-38.40736389160156,-2.884087893042234,-1.4692514249593904,-1.8022608993077043,3.384730021158854,0.06785074869791667,-2.6462639702690973,0.5287,0.2058,2.2974,0.03843,-0.04224,-0.01188,0.0008820138755254447,0.0009999937610700727,0.0009201358770951629,0.0005079067195765674,0.0005001365789212286,0.0005738979671150446,0.01173606887459755,0.010186107829213142,0.011653736233711243,passive,0
1.3808,rehab,small_slow,48.19534651579683,-666.6380899548753,290.85387179994274,-177.3895963175258,0.13307976799239565,-149.98624995556276,-31.4181,-0.1894,23.5575,10.6647,1.0535,-14.22,81.61985869454865,28.11328623554494,83.99268801849668,-24.101299709743923,-89.00811089409721,-38.45033433702257,-2.884087893042234,-1.4692514249593904,-1.7572278315478032,3.339809841579861,0.06785074869791667,-2.6462639702690973,0.3879,-0.0145,1.2154,0.0133,-0.03891,-0.00402,0.0008820138755254447,0.0009999937610700727,0.0009201358770951629,0.0005079067195765674,0.0005001365789212286,0.0005738979671150446,0.01173606887459755,0.010186107829213142,0.011653736233711243,passive,0
1.4006,rehab,small_slow,47.44052643957225,-666.6410842327742,291.4119714368202,-177.3899070993004,0.13338789178304258,-149.98762195384055,-30.455,-0.1248,22.7567,2.7385,2.5798,-4.1667,81.55384554721341,28.078947161683942,83.95057149452738,-24.022479587131077,-89.00611877441406,-38.51407368977865,-2.6664212670656715,-1.360414712735922,-1.806469152469446,3.2236819797092013,0.13570149739583334,-2.714114718967014,0.4305,0.2579,1.4203,0.03013,-0.02526,-0.00165,0.0008820138755254447,0.0009999937610700727,0.0009201358770951629,0.0005079067195765674,0.0005001365789212286,0.0005738979671150446,0.01173606887459755,0.010186107829213142,0.011653736233711243,passive,0
1.4208,rehab,small_slow,46.954940661398155,-666.6435131009449,291.7793854564857,-177.38996298713593,0.1334496576051901,-149.98713358808666,-29.4899,-0.0262,22.0051,0.3261,3.2296,0.3544,81.51138230125503,28.056586992622602,83.92252780423306,-23.97070990668403,-89.00481330023871,-38.556433783637154,-2.61199951171875,-1.4148296696124691,-1.7167361419979887,3.220079210069444,0.06785074869791667,-2.714114718967014,0.4567,0.2841,1.7446,0.03264,-0.03059,-0.00814,0.0008820138755254447,0.0009999937610700727,0.0009201358770951629,0.0005079067195765674,0.0005001365789212286,0.0005738979671150446,0.01173606887459755,0.010186107829213142,0.011653736233711243,passive,0
1.4409,rehab,small_slow,46.22795672714223,-666.6429175112834,292.3317899499492,-177.38987629016972,0.13335932215202945,-149.98702404650038,-29.9405,0.0509,22.4132,-1.9934,2.9652,3.6928,81.44776901396195,28.022581043809947,83.88109792577158,-23.89349195692274,-89.00291442871094,-38.619274563259545,-2.7208362239422184,-1.360414712735922,-1.707802951926052,3.1873660617404513,0.13570149739583334,-2.510553995768229,0.3479,0.0871,1.5879,0.01215,-0.03161,-0.00655,0.0008820138755254447,0.0009999937610700727,0.0009201358770951629,0.0005079067195765674,0.0005001365789212286,0.0005738979671150446,0.01173606887459755,0.010186107829213142,0.011653736233711243,passive,0
1.4608,rehab,small_slow,45.745858917976186,-666.6404908612906,292.69176693968126,-177.39022696009584,0.13358673600247273,-149.98677114609887,-31.2708,0.1127,23.4887,1.8987,1.8721,1.2279,81.40556410987779,28.000248068630103,83.85419637850015,-23.842569986979168,-89.00167677137587,-38.66115146213107,-2.557584554842203,-1.360414712735922,-1.7173751982131806,3.256734212239583,0.06785074869791667,-2.6462639702690973,0.2669,0.2178,2.1489,0.01853,-0.02325,-0.00206,0.0008820138755254447,0.0009999937610700727,0.0009201358770951629,0.0005079067195765674,0.0005001365789212286,0.0005738979671150446,0.01173606887459755,0.010186107829213142,0.011653736233711243,passive,0
1.4807,rehab,small_slow,45.01715647775556,-666.6349969355738,293.2398722077129,-177.38998360749443,0.13340705609684886,-149.98753710637104,-31.2119,0.1337,23.4727,4.9534,0.3321,-2.17,81.34174686847346,27.966099351939587,83.81383385988745,-23.766471015082466,-88.99976942274306,-38.72333102756076,-2.7208362239422184,-1.360414712735922,-1.7080748907410273,3.074959648980035,0.06785074869791667,-2.6462639702690973,0.2799,0.1876,2.6542,0.00423,-0.03401,-0.008,0.0008820138755254447,0.0009999937610700727,0.0009201358770951629,0.0005079067195765674,0.0005001365789212286,0.0005738979671150446,0.01173606887459755,0.010186107829213142,0.011653736233711243,passive,0
1.5008,rehab,small_slow,44.53233315310146,-666.632516747405,293.59349800161556,-177.3902115515119,0.13357195140587647,-149.98811932677773,-30.6761,0.1053,23.096,8.6712,-1.0684,-7.7138,81.29931081639658,27.944235471215578,83.78734701930887,-23.716583251953125,-88.99852328830295,-38.76461452907986,-2.61199951171875,-1.305999755859375,-1.7292249320757271,3.153584798177083,0.06785074869791667,-2.510553995768229,0.3238,0.2503,2.1049,0.02027,-0.04642,-0.00846,0.0008820138755254447,0.0009999937610700727,0.0009201358770951629,0.0005079067195765674,0.0005001365789212286,0.0005738979671150446,0.01173606887459755,0.010186107829213142,0.011653736233711243,passive,0
1.5206,rehab,small_slow,43.82015447574152,-666.631344718395,294.13131691589683,-177.3893560688338,0.13290388647123919,-149.98826450210134,-30.0485,0.0574,22.5866,21.8341,-1.8288,-21.6209,81.23700283541538,27.911500836362933,83.74680774046642,-23.642527262369793,-88.99664137098524,-38.825929429796005,-2.557584554842203,-1.305999755859375,-1.654584525835396,3.0075497097439237,0.06785074869791667,-2.4427032470703125,0.2846,0.2808,2.2299,0.02431,-0.03982,-0.00475,0.0008820138755254447,0.0009999937610700727,0.0009201358770951629,0.0005079067195765674,0.0005001365789212286,0.0005738979671150446,0.01173606887459755,0.010186107829213142,0.011653736233711243,passive,0
1.5407,rehab,small_slow,43.23821940739792,-666.6320801991347,294.57234155018483,-177.38866884169371,0.1323363871807843,-149.98769351503947,-29.2974,0.0023,21.9081,35.3528,-1.985,-36.211,81.18611628466313,27.88502759272509,83.71297855188351,-23.581568400065105,-88.99510701497395,-38.87669033474392,-2.557584554842203,-1.305999755859375,-1.6887332425259127,3.0631256103515625,0.13570149739583334,-2.510553995768229,0.3846,0.1723,1.8402,0.03708,-0.04018,-0.00547,0.0008820138755254447,0.0009999937610700727,0.0009201358770951629,0.0005079067195765674,0.0005001365789212286,0.0005738979671150446,0.01173606887459755,0.010186107829213142,0.011653736233711243,passive,0
1.5606,rehab,small_slow,42.54953001455892,-666.6305263231226,295.08934155806105,-177.38833129068965,0.13207061135960785,-149.9866716130735,-28.5899,-0.0364,21.1577,32.8875,-1.6131,-37.6761,81.125861441735,27.853856606058553,83.67332307418974,-23.509326510959202,-88.99325900607639,-38.93714057074653,-2.503169597965656,-1.251584798982828,-1.6622939912399444,3.009940253363715,-0.0,-2.510553995768229,0.4364,0.2563,2.1982,0.03455,-0.04541,-0.00549,0.0008820138755254447,0.0009999937610700727,0.0009201358770951629,0.0005079067195765674,0.0005001365789212286,0.0005738979671150446,0.01173606887459755,0.010186107829213142,0.011653736233711243,passive,0
1.5809,rehab,small_slow,42.0956214367576,-666.6352197183559,295.42593431968606,-177.38826442687983,0.13203368963346807,-149.9857828752237,-28.3738,-0.0545,20.6717,20.0265,-0.7656,-29.7689,81.08622635945235,27.834365391495204,83.64614958810334,-23.461515638563366,-88.99202982584636,-38.97711859809028,-2.448754641089109,-1.1971630436359066,-1.7181638207766088,3.035786946614583,0.06785074869791667,-2.5784132215711804,0.3204,0.1112,1.9888,0.00962,-0.04075,-0.0024,0.0008820138755254447,0.0009999937610700727,0.0009201358770951629,0.0005079067195765674,0.0005001365789212286,0.0005738979671150446,0.01173606887459755,0.010186107829213142,0.011653736233711243,passive,0
1.6005,rehab,small_slow,41.64170355193605,-666.6351232661715,295.75599393452364,-177.38864866936026,0.13235908757519332,-149.9852562999038,-28.0424,-0.0572,20.06,8.0549,0.1055,-19.932,81.04653009093634,27.81471781211324,83.62015223739171,-23.414154052734375,-88.99080912272136,-39.01679992675781,-2.448754641089109,-1.251584798982828,-1.6382545999961324,2.9374101426866317,0.06785074869791667,-2.510553995768229,0.2096,0.0862,1.9445,0.0102,-0.03333,-0.00303,0.0008820138755254447,0.0009999937610700727,0.0009201358770951629,0.0005079067195765674,0.0005001365789212286,0.0005738979671150446,0.01173606887459755,0.010186107829213142,0.011653736233711243,passive,0
1.6208,rehab,small_slow,40.951168440130346,-666.6363200344244,296.242252594083,-177.38945376306938,0.13304065814219587,-149.98571531302917,-27.3397,-0.0422,19.2132,-3.6414,0.7752,-7.267,80.98617327095258,27.785939887018486,83.58147573943185,-23.343836466471355,-88.98898654513889,-39.07589382595486,-2.448754641089109,-1.1427480867593596,-1.58609673528388,2.9461246066623263,0.13570149739583334,-2.4427032470703125,0.3377,0.1873,2.0777,0.02667,-0.03225,3e-05,0.0008820138755254447,0.0009999937610700727,0.0009201358770951629,0.0005079067195765674,0.0005001365789212286,0.0005738979671150446,0.01173606887459755,0.010186107829213142,0.011653736233711243,passive,0
1.6409,rehab,small_slow,40.486477690855615,-666.6350116794786,296.55684553483326,-177.39054436345387,0.13390139124522213,-149.98630886817253,-27.6403,-0.023,19.2488,-6.8917,1.167,0.9752,80.9455388135249,27.76708772867033,83.55656614398012,-23.297475179036457,-88.98779975043402,-39.1154056125217,-2.503169597965656,-1.251584798982828,-1.5772791192083075,2.91945563422309,-0.0,-2.4427032470703125,0.2813,0.2327,2.4105,0.02369,-0.03997,-0.00278,0.0008820138755254447,0.0009999937610700727,0.0009201358770951629,0.0005079067195765674,0.0005001365789212286,0.0005738979671150446,0.01173606887459755,0.010186107829213142,0.011653736233711243,passive,0
1.6607,rehab,small_slow,39.79139364676212,-666.6362088990375,297.0436869793717,-177.39018769325614,0.13357242396193356,-149.9878540790002,-28.3601,0.0096,19.7732,-1.7244,1.2854,3.1724,80.88481487614094,27.738330198986695,83.51833834506498,-23.229183620876736,-88.98605346679688,-39.173804389105904,-2.503169597965656,-1.1427480867593596,-1.5198592384262841,2.7989620632595487,0.06785074869791667,-2.374852498372396,0.248,0.1363,2.2927,0.01175,-0.04837,-0.00784,0.0008820138755254447,0.0009999937610700727,0.0009201358770951629,0.0005079067195765674,0.0005001365789212286,0.0005738979671150446,0.01173606887459755,0.010186107829213142,0.011653736233711243,passive,0
1.6805,rehab,small_slow,39.33789019287217,-666.6365387849381,297.3546961642188,-177.39071444226437,0.1340144952256081,-149.98882031937092,-28.665,0.0415,20.1453,0.3912,1.1408,5.5527,80.84518659232866,27.720035515209236,83.49343554808361,-23.184127807617188,-88.98488362630208,-39.211951361762154,-2.557584554842203,-1.1427480867593596,-1.5513497532004177,2.8908877902560763,0.06785074869791667,-2.374852498372396,0.1954,0.2136,1.6543,0.01789,-0.04277,-0.0002,0.0008820138755254447,0.0009999937610700727,0.0009201358770951629,0.0005079067195765674,0.0005001365789212286,0.0005738979671150446,0.01173606887459755,0.010186107829213142,0.011653736233711243,passive,0
1.7009,rehab,small_slow,38.67421373632111,-666.6365325531011,297.82853597520705,-177.3904225284773,0.13377557405822738,-149.98935210820082,-28.6181,0.0541,20.3277,3.7,0.7861,4.4533,80.78718884156481,27.692256965259514,83.45588079773553,-23.11742994520399,-88.98316277398003,-39.26865471733941,-2.448754641089109,-1.1427480867593596,-1.5189618403368657,2.863371107313368,0.13570149739583334,-2.374852498372396,0.1195,0.0839,1.9416,0.00254,-0.03623,-0.00605,0.0008820138755254447,0.0009999937610700727,0.0009201358770951629,0.0005079067195765674,0.0005001365789212286,0.0005738979671150446,0.01173606887459755,0.010186107829213142,0.011653736233711243,passive,0
1.7206,rehab,small_slow,38.241287314971274,-666.6327748042856,298.13853648217133,-177.39066212055806,0.13395599610776363,-149.9887398947122,-28.1595,0.0627,20.2439,13.7898,0.2922,-4.2329,80.74930096616839,27.673758327370823,83.43163065391012,-23.07321336534288,-88.98201836480034,-39.306649102105034,-2.3399179288656407,-1.1427480867593596,-1.5477941531946162,2.671415540907118,0.06785074869791667,-2.307001749674479,0.132,0.0646,2.542,0.00185,-0.04271,-0.00679,0.0008820138755254447,0.0009999937610700727,0.0009201358770951629,0.0005079067195765674,0.0005001365789212286,0.0005738979671150446,0.01173606887459755,0.010186107829213142,0.011653736233711243,passive,0
1.7406,rehab,small_slow,37.60288298637618,-666.6334288296209,298.59886029193154,-177.3905723435069,0.13391612985693688,-149.98714373427418,-26.8539,0.0699,19.3921,26.2359,-0.279,-16.5534,80.69351271827622,27.64717630820699,83.39440902861038,-23.007761637369793,-88.98027208116319,-39.36328464084201,-2.2310880151125465,-1.1427480867593596,-1.5440413975479579,2.6964569091796875,-0.0,-2.4427032470703125,0.2256,0.108,2.2352,0.01661,-0.03679,-0.00128,0.0008820138755254447,0.0009999937610700727,0.0009201358770951629,0.0005079067195765674,0.0005001365789212286,0.0005738979671150446,0.01173606887459755,0.010186107829213142,0.011653736233711243,passive,0
1.7613,rehab,small_slow,37.07108319294552,-666.6294128279292,298.98864553664794,-177.38980217878023,0.13327450627755463,-149.98673091283814,-26.8546,0.0601,19.308,37.3847,-0.758,-28.5906,80.64699078550433,27.624136292108215,83.36409464921101,-22.953982883029514,-88.97887335883246,-39.40960354275173,-2.3399179288656407,-1.0883331298828125,-1.5734243865060333,2.6749674479166665,0.06785074869791667,-2.307001749674479,0.1165,0.1444,2.0956,0.02453,-0.04223,-0.00202,0.0008820138755254447,0.0009999937610700727,0.0009201358770951629,0.0005079067195765674,0.0005001365789212286,0.0005738979671150446,0.01173606887459755,0.010186107829213142,0.011653736233711243,passive,0
1.7806,rehab,small_slow,36.43247341972849,-666.6295175136711,299.4438340809763,-177.38902794913153,0.13267029923653478,-149.98600224568023,-26.8572,0.039,19.148,37.2937,-0.9749,-32.2806,80.59119573914178,27.59787380105198,83.32759366177096,-22.89048088921441,-88.97715250651042,-39.46539984809028,-2.2855029719890934,-1.0883331298828125,-1.516058893487005,2.66770256890191,0.06785074869791667,-2.307001749674479,0.0588,0.1691,1.9864,0.01694,-0.02461,-0.00054,0.0008820138755254447,0.0009999937610700727,0.0009201358770951629,0.0005079067195765674,0.0005001365789212286,0.0005738979671150446,0.01173606887459755,0.010186107829213142,0.011653736233711243,passive,0
1.8006,rehab,small_slow,36.01134741785973,-666.6291825551684,299.74799359119646,-177.38823184217748,0.13196785841572947,-149.98566438740178,-25.6562,0.0098,18.1306,24.1726,-1.0787,-26.3303,80.55440921594601,27.58034054595645,83.30333671947517,-22.848620944552952,-88.976075914171,-39.50204637315538,-2.3399179288656407,-1.0883331298828125,-1.5210965600344215,2.6095411512586804,0.06785074869791667,-2.307001749674479,0.0662,0.1373,1.7372,0.00442,-0.04127,-7e-05,0.0008820138755254447,0.0009999937610700727,0.0009201358770951629,0.0005079067195765674,0.0005001365789212286,0.0005738979671150446,0.01173606887459755,0.010186107829213142,0.011653736233711243,passive,0
1.8209,rehab,small_slow,35.587524473949024,-666.6297518310697,300.04417749650884,-177.38771943226698,0.13156135582127176,-149.98579232551012,-25.1399,-0.0193,17.597,7.424,-1.0847,-16.6648,80.51739834322788,27.56339195931312,83.27937890987585,-22.80724419487847,-88.97495693630643,-39.53845553927951,-2.2855029719890934,-1.0339181730062654,-1.4158766340501237,2.547124226888021,0.06785074869791667,-2.171291775173611,0.1525,0.0994,2.1677,0.00706,-0.04093,-0.00701,0.0008820138755254447,0.0009999937610700727,0.0009201358770951629,0.0005079067195765674,0.0005001365789212286,0.0005738979671150446,0.01173606887459755,0.010186107829213142,0.011653736233711243,passive,0
1.8408,rehab,small_slow,34.96222307956955,-666.6293784188798,300.4662630781445,-177.38838471314222,0.13213492068938787,-149.9862172763477,-24.1539,-0.0362,16.7231,-0.6227,-0.8394,-11.507,80.4627794322401,27.539270986424814,83.24452995073678,-22.745742797851562,-88.97331237792969,-39.59194607204861,-2.176666259765625,-0.979496417659344,-1.5151139061049659,2.5855170355902777,0.06785074869791667,-2.2391425238715277,0.019,0.0683,2.2633,-0.0075,-0.02524,-0.00348,0.0008820138755254447,0.0009999937610700727,0.0009201358770951629,0.0005079067195765674,0.0005001365789212286,0.0005738979671150446,0.01173606887459755,0.010186107829213142,0.011653736233711243,passive,0
1.8614,rehab,small_slow,34.55428703585539,-666.6327218709977,300.7479595948389,-177.38832061788258,0.13206824016975405,-149.98577132130063,-24.4482,-0.0406,16.6953,-5.901,-0.4962,-8.1178,80.42720303677096,27.52368889232673,83.22070131207457,-22.705323961046005,-88.97224426269531,-39.62750752766927,-2.176666259765625,-1.0339181730062654,-1.4085750768680383,2.489496866861979,0.06785074869791667,-2.2391425238715277,-0.0457,0.0387,1.5212,0.00488,-0.02656,0.00253,0.0008820138755254447,0.0009999937610700727,0.0009201358770951629,0.0005079067195765674,0.0005001365789212286,0.0005738979671150446,0.01173606887459755,0.010186107829213142,0.011653736233711243,passive,0
1.8809,rehab,small_slow,33.9560098025202,-666.6300616913446,301.1614633842354,-177.38884429328016,0.1325191198292104,-149.98428620381,-25.7334,-0.0511,17.2951,-14.017,-0.2194,-2.2232,80.37490920265122,27.500043812364634,83.18665457243966,-22.64529758029514,-88.97061665852864,-39.68059963650173,-2.122251302889078,-0.979496417659344,-1.4371490478515625,2.475797865125868,0.13570149739583334,-2.103441026475694,0.041,-0.0363,1.9868,-0.0039,-0.03942,-0.00378,0.0008820138755254447,0.0009999937610700727,0.0009201358770951629,0.0005079067195765674,0.0005001365789212286,0.0005738979671150446,0.01173606887459755,0.010186107829213142,0.011653736233711243,passive,0
1.9009,rehab,small_slow,33.56267369744964,-666.6344616227984,301.4338970266401,-177.388766625216,0.13245893738794323,-149.98325677106135,-26.506,-0.0584,17.5677,-13.2828,0.0948,-0.6264,80.34062451655322,27.48526393777073,83.1631590588258,-22.60604010687934,-88.96955702039931,-39.715465969509545,-2.176666259765625,-0.9250814607827971,-1.4115324114808943,2.4785698784722223,0.06785074869791667,-2.0355902777777777,0.2713,0.0829,1.8356,0.0341,-0.04921,0.0045,0.0008820138755254447,0.0009999937610700727,0.0009201358770951629,0.0005079067195765674,0.0005001365789212286,0.0005738979671150446,0.01173606887459755,0.010186107829213142,0.011653736233711243,passive,0
1.9205,rehab,small_slow,32.961640615796746,-666.6334391863793,301.8261878164772,-177.38993634990507,0.1333946395261471,-149.9831197026809,-26.3281,-0.0445,17.2858,-3.4326,0.2783,-3.683,80.288140325263,27.46310772282062,83.13011849280632,-22.54773457845052,-88.96800571017795,-39.76742214626736,-2.176666259765625,-0.9250814607827971,-1.3739232733698175,2.4008009168836804,0.06785074869791667,-2.171291775173611,0.0681,-0.0737,2.0584,-0.00039,-0.04602,-0.00221,0.0008820138755254447,0.0009999937610700727,0.0009201358770951629,0.0005079067195765674,0.0005001365789212286,0.0005738979671150446,0.01173606887459755,0.010186107829213142,0.011653736233711243,passive,0
1.941,rehab,small_slow,32.558544711049464,-666.6345298384823,302.08835745702714,-177.39025496197735,0.13366235722072092,-149.98354412707866,-25.6394,-0.0369,16.7025,14.4357,0.2905,-11.2551,80.25297183801632,27.448511406926826,83.10792148703396,-22.50946044921875,-88.96696302625868,-39.80172899034288,-2.176666259765625,-0.9250814607827971,-1.3296380373510983,2.3548465304904513,0.06785074869791667,-2.171291775173611,-0.0887,0.1141,1.8428,0.00736,-0.0355,0.00303,0.0008820138755254447,0.0009999937610700727,0.0009201358770951629,0.0005079067195765674,0.0005001365789212286,0.0005738979671150446,0.01173606887459755,0.010186107829213142,0.011653736233711243,passive,0
1.9609,rehab,small_slow,31.849234212523893,-666.6351477021361,302.5355850712839,-177.39130808948784,0.13450949834502032,-149.98521757746846,-25.4984,-0.0363,16.5639,34.2956,0.3979,-20.946,80.19108536219832,27.4235202298306,83.06997242540416,-22.443322075737846,-88.96518283420139,-39.86118740505642,-2.176666259765625,-0.87066650390625,-1.3927890286587252,2.374454074435764,0.06785074869791667,-2.103441026475694,-0.0648,0.154,1.8818,0.01036,-0.03924,-8e-05,0.0008820138755254447,0.0009999937610700727,0.0009201358770951629,0.0005079067195765674,0.0005001365789212286,0.0005738979671150446,0.01173606887459755,0.010186107829213142,0.011653736233711243,passive,0
1.9807,rehab,small_slow,31.44826232990394,-666.639035446467,302.79589911902485,-177.39097994189618,0.13420530869772573,-149.98615001722663,-24.6339,-0.0244,16.1078,43.5817,0.5228,-25.07,80.15616161988513,27.409420202274134,83.04763265175394,-22.406285603841145,-88.96419101291232,-39.89475674099392,-2.122251302889078,-0.87066650390625,-1.3739980565439356,2.275712754991319,0.06785074869791667,-2.171291775173611,0.0276,0.136,1.9911,0.00035,-0.02888,0.00491,0.0008820138755254447,0.0009999937610700727,0.0009201358770951629,0.0005079067195765674,0.0005001365789212286,0.0005738979671150446,0.01173606887459755,0.010186107829213142,0.011653736233711243,passive,0
2.0008,rehab,small_slow,30.86816220111712,-666.634168819868,303.18005933010477,-177.39101448877452,0.13427395074696694,-149.98686196300733,-23.7019,-0.0054,15.6964,39.6051,0.5588,-22.4158,80.10546542630337,27.38748833684638,83.01619652474281,-22.35131157769097,-88.96266513400607,-39.94411044650607,-1.9045846769125154,-0.87066650390625,-1.3522701452274133,2.2865125868055554,-0.0,-2.103441026475694,0.1089,0.2622,2.1196,0.00553,-0.03796,0.00321,0.0008820138755254447,0.0009999937610700727,0.0009201358770951629,0.0005079067195765674,0.0005001365789212286,0.0005738979671150446,0.01173606887459755,0.010186107829213142,0.011653736233711243,passive,0
2.0207,rehab,small_slow,30.492106279391994,-666.6372047204329,303.4371658121041,-177.39030523646733,0.13374554753423712,-149.98663008769856,-22.8319,-0.012,15.2497,25.22,0.649,-14.331,80.07269000062848,27.373639852693767,82.99418307767056,-22.315317789713543,-88.96163092719183,-39.976704915364586,-2.067836346012531,-0.8162515470297029,-1.3823805705155476,2.232530381944444,0.06785074869791667,-2.0355902777777777,0.0603,0.0031,1.3369,0.00904,-0.03936,0.00245,0.0008820138755254447,0.0009999937610700727,0.0009201358770951629,0.0005079067195765674,0.0005001365789212286,0.0005738979671150446,0.01173606887459755,0.010186107829213142,0.011653736233711243,passive,0
2.0409,rehab,small_slow,30.12729587614631,-666.6366295206886,303.6835179461592,-177.39049950517898,0.1338551585272161,-149.98588068353934,-22.1287,0.002,14.7866,12.1541,0.7058,-8.0396,80.04085276386526,27.360076904296875,82.97316900574334,-22.27951897515191,-88.96069844563802,-40.008884006076386,-1.9045846769125154,-0.87066650390625,-1.238620115978883,2.1960279676649304,-0.0,-1.9677310519748263,-0.0637,0.1185,1.8301,0.00161,-0.03692,-0.00223,0.0008820138755254447,0.0009999937610700727,0.0009201358770951629,0.0005079067195765674,0.0005001365789212286,0.0005738979671150446,0.01173606887459755,0.010186107829213142,0.011653736233711243,passive,0
2.0607,rehab,small_slow,29.57926606103264,-666.6365095301536,304.05577287560544,-177.38991750636143,0.13338595133752593,-149.98484693895242,-21.8984,0.0324,14.5494,5.689,0.698,-6.1722,79.99303232325185,27.339640702351485,82.94171928179146,-22.226876152886284,-88.95922342936198,-40.05713568793403,-1.9589996337890625,-0.8162515470297029,-1.2980795378732208,2.206022474500868,0.06785074869791667,-1.8998803032769096,-0.1462,0.0135,1.594,-0.0006,-0.03067,0.00437,0.0008820138755254447,0.0009999937610700727,0.0009201358770951629,0.0005079067195765674,0.0005001365789212286,0.0005738979671150446,0.01173606887459755,0.010186107829213142,0.011653736233711243,passive,0
2.0808,rehab,small_slow,29.21348735120536,-666.63562862475,304.29726367141615,-177.38972982552136,0.13332442928381344,-149.98492341430304,-22.1108,0.0399,14.5523,0.6683,0.6844,-3.9548,79.96109990790339,27.326308901947325,82.9213306691387,-22.192357381184895,-88.95819769965277,-40.08859422471788,-2.067836346012531,-0.87066650390625,-1.2597293664913367,2.1259646945529513,0.06785074869791667,-1.9677310519748263,-0.0186,0.0778,1.6249,0.01051,-0.0423,0.00139,0.0008820138755254447,0.0009999937610700727,0.0009201358770951629,0.0005079067195765674,0.0005001365789212286,0.0005738979671150446,0.01173606887459755,0.010186107829213142,0.011653736233711243,passive,0
2.1009,rehab,small_slow,28.66040071831343,-666.6349439018862,304.6537073045047,-177.389518011412,0.1331711409952177,-149.98587913185096,-22.9155,0.0576,14.9616,-0.0222,0.668,-2.9228,79.9128511636564,27.30672250879873,82.89109107291344,-22.141333685980904,-88.9567650689019,-40.1353030734592,-1.9589996337890625,-0.8162515470297029,-1.3034979187616027,2.1088663736979165,0.06785074869791667,-1.9677310519748263,-0.0111,0.1007,1.6938,0.01647,-0.03629,0.00336,0.0008820138755254447,0.0009999937610700727,0.0009201358770951629,0.0005079067195765674,0.0005001365789212286,0.0005738979671150446,0.01173606887459755,0.010186107829213142,0.011653736233711243,passive,0
2.1212,rehab,small_slow,28.29089683489918,-666.6364029374887,304.88586650814165,-177.38946848241565,0.13310175613930514,-149.98723825919558,-23.3855,0.0642,15.2269,3.5919,0.4624,-4.1364,79.8806604064337,27.29422692025062,82.87095400366452,-22.10783216688368,-88.95586649576823,-40.16575283474392,-2.0134145906656093,-0.7618297916827815,-1.2067964761564047,2.080858018663194,0.06785074869791667,-1.832029554578993,-0.1634,0.1032,1.9909,-0.00473,-0.03831,4e-05,0.0008820138755254447,0.0009999937610700727,0.0009201358770951629,0.0005079067195765674,0.0005001365789212286,0.0005738979671150446,0.01173606887459755,0.010186107829213142,0.011653736233711243,passive,0
2.1406,rehab,small_slow,27.757985345661012,-666.6297199475868,305.23035265169233,-177.38960631757502,0.13321139110980604,-149.9872497217368,-22.1407,0.0625,14.4042,11.6476,0.0305,-8.8065,79.83408408589882,27.274735705687267,82.84246841279587,-22.058241102430554,-88.95447625054253,-40.21174960666232,-2.0134145906656093,-0.8162515470297029,-1.2407004479134436,2.0520867241753473,0.06785074869791667,-1.9677310519748263,-0.1545,0.075,1.6988,0.0094,-0.04105,0.00439,0.0008820138755254447,0.0009999937610700727,0.0009201358770951629,0.0005079067195765674,0.0005001365789212286,0.0005738979671150446,0.01173606887459755,0.010186107829213142,0.011653736233711243,passive,0
2.1616,rehab,small_slow,27.4117467641289,-666.6302014879742,305.46627980178056,-177.38859176110958,0.13235537650219054,-149.98681040580834,-21.4331,0.0789,14.0099,25.0646,-0.2616,-18.0246,79.80389887743657,27.262008969146425,82.82250810377668,-22.02593485514323,-88.95356072319878,-40.24200439453125,-1.795747964689047,-0.7618297916827815,-1.235214082321318,1.9790988498263888,-0.0,-1.9677310519748263,-0.2471,0.1958,1.6437,0.00673,-0.03387,0.00715,0.0008820138755254447,0.0009999937610700727,0.0009201358770951629,0.0005079067195765674,0.0005001365789212286,0.0005738979671150446,0.01173606887459755,0.010186107829213142,0.011653736233711243,passive,0
2.181,rehab,small_slow,26.82198133428999,-666.6287179630084,305.84946504715896,-177.38869053474966,0.13238943181951163,-149.98596079948913,-21.3206,0.0675,13.9728,32.4998,-0.4465,-24.1319,79.75245485211363,27.24128043297494,82.7893587622312,-21.97034200032552,-88.95203484429253,-40.293663872612846,-1.8501697200359684,-0.8162515470297029,-1.142720892877862,2.013253106011285,0.06785074869791667,-1.7641703287760415,-0.2772,0.1222,1.456,0.00284,-0.05113,0.00076,0.0008820138755254447,0.0009999937610700727,0.0009201358770951629,0.0005079067195765674,0.0005001365789212286,0.0005738979671150446,0.01173606887459755,0.010186107829213142,0.011653736233711243,passive,0
2.201,rehab,small_slow,26.49612285627391,-666.6292644290346,306.064964356101,-177.3885684676856,0.13228981231113787,-149.98545882049686,-20.7579,0.0533,13.4859,27.1617,-0.7906,-22.5413,79.72405084288947,27.229852204275602,82.7704386191793,-21.939256456163193,-88.951170179579,-40.32221476236979,-1.795747964689047,-0.7074148348062346,-1.1789499415029394,1.9700537787543402,0.06785074869791667,-1.832029554578993,-0.1843,0.156,1.8997,0.00461,-0.03864,0.0062,0.0008820138755254447,0.0009999937610700727,0.0009201358770951629,0.0005079067195765674,0.0005001365789212286,0.0005738979671150446,0.01173606887459755,0.010186107829213142,0.011653736233711243,passive,0
2.2205,rehab,small_slow,26.17216894562871,-666.6289601984813,306.2766735811159,-177.38865373648,0.13240411003150654,-149.98494376865665,-20.3524,0.0204,13.0445,13.6285,-1.1368,-15.6733,79.69579640001353,27.21856674345413,82.751838004235,-21.908340454101562,-88.95028008355034,-40.35063001844618,-1.7413330078125,-0.7618297916827815,-1.156345027508122,1.9208187527126737,0.13570149739583334,-1.6284688313802083,-0.2162,0.0368,1.7448,-0.00562,-0.03587,0.0005,0.0008820138755254447,0.0009999937610700727,0.0009201358770951629,0.0005079067195765674,0.0005001365789212286,0.0005738979671150446,0.01173606887459755,0.010186107829213142,0.011653736233711243,passive,0
2.2406,rehab,small_slow,25.685232288330553,-666.6244884750187,306.5861063188228,-177.38905472058244,0.13270813309870322,-149.9850940911107,-19.5371,-0.0019,12.3163,8.1125,-1.3761,-13.3199,79.65328556476253,27.201584164458925,82.72531717130454,-21.863021850585938,-88.94904242621527,-40.39247300889757,-1.795747964689047,-0.7074148348062346,-1.1191369991491336,1.887266370985243,0.06785074869791667,-1.7641703287760415,-0.245,0.0918,1.2762,0.00864,-0.0273,0.00811,0.0008820138755254447,0.0009999937610700727,0.0009201358770951629,0.0005079067195765674,0.0005001365789212286,0.0005738979671150446,0.01173606887459755,0.010186107829213142,0.011653736233711243,passive,0
2.2612,rehab,small_slow,25.362936541847624,-666.6270175841531,306.791681706404,-177.3888405411039,0.1325182766922996,-149.9848063949723,-19.471,-0.0036,12.1209,10.0831,-1.3596,-14.2162,79.62523507599784,27.190985349145265,82.70683892882697,-21.83335198296441,-88.94820319281683,-40.420472886827255,-1.6325030940594059,-0.6529998779296875,-1.145379094794245,1.9040001763237846,0.06785074869791667,-1.832029554578993,-0.1219,0.1815,1.6891,0.01902,-0.03736,0.00716,0.0008820138755254447,0.0009999937610700727,0.0009201358770951629,0.0005079067195765674,0.0005001365789212286,0.0005738979671150446,0.01173606887459755,0.010186107829213142,0.011653736233711243,passive,0
2.2809,rehab,small_slow,24.869403602096444,-666.6288966086512,307.08447720752605,-177.38926426678046,0.1329102427597372,-149.98652431757688,-19.957,-0.0467,12.3259,5.7608,-1.1318,-8.9886,79.58226194476137,27.175681992332535,82.68049485612623,-21.789847479926216,-88.9469485812717,-40.4612308078342,-1.7413330078125,-0.6529998779296875,-1.0605545799330909,1.7814805772569444,-0.0,-1.696319580078125,-0.092,0.1264,2.6253,-0.00307,-0.04607,-0.00133,0.0008820138755254447,0.0009999937610700727,0.0009201358770951629,0.0005079067195765674,0.0005001365789212286,0.0005738979671150446,0.01173606887459755,0.010186107829213142,0.011653736233711243,passive,0
2.3005,rehab,small_slow,24.55330158001288,-666.6274703559791,307.27863371181337,-177.38955013595753,0.13316839795825086,-149.98690830632134,-20.1994,-0.0845,12.3755,2.9637,-0.7347,-4.0839,79.55469414739325,27.16528033265973,82.66343069548654,-21.76115247938368,-88.94612630208333,-40.4880862765842,-1.7413330078125,-0.6529998779296875,-1.081473473275062,1.7743089463975694,-0.0,-1.6284688313802083,-0.1721,0.0718,1.8559,0.00029,-0.04394,0.00653,0.0008820138755254447,0.0009999937610700727,0.0009201358770951629,0.0005079067195765674,0.0005001365789212286,0.0005738979671150446,0.01173606887459755,0.010186107829213142,0.011653736233711243,passive,0
2.3205,rehab,small_slow,24.082186094434697,-666.6314464113068,307.5749121555926,-177.38877503076705,0.13254120948776055,-149.98799943023337,-19.5759,-0.0982,11.9002,6.4173,-0.3778,-3.9875,79.51371296797649,27.150112945254484,82.63686227326346,-21.719173855251736,-88.94491407606337,-40.527496337890625,-1.6325030940594059,-0.5985781225827661,-1.0744370564375774,1.7266421847873263,-0.0,-1.696319580078125,-0.2146,0.1774,1.9649,0.00381,-0.03367,0.00451,0.0008820138755254447,0.0009999937610700727,0.0009201358770951629,0.0005079067195765674,0.0005001365789212286,0.0005738979671150446,0.01173606887459755,0.010186107829213142,0.011653736233711243,passive,0
2.3406,rehab,small_slow,23.77496218859842,-666.6311156237598,307.7615455975226,-177.38902744259457,0.13272697647753653,-149.98842567710025,-18.7768,-0.09,11.4447,14.9,-0.1794,-8.1508,79.48694739011255,27.140302752504255,82.6201856254351,-21.69155544704861,-88.94415113661024,-40.55352105034722,-1.686918050935953,-0.6529998779296875,-1.0386839007387068,1.7002529568142362,0.06785074869791667,-1.6284688313802083,-0.2145,0.0636,1.7435,0.00598,-0.028,0.00393,0.0008820138755254447,0.0009999937610700727,0.0009201358770951629,0.0005079067195765674,0.0005001365789212286,0.0005738979671150446,0.01173606887459755,0.010186107829213142,0.011653736233711243,passive,0
2.3618,rehab,small_slow,23.329889880751104,-666.6351938678384,308.035429098329,-177.38904910043507,0.13271874637058714,-149.98830355754868,-19.1315,-0.0769,11.8169,26.0854,0.3374,-14.802,79.4482436982712,27.126522253055384,82.59490211411278,-21.65127224392361,-88.94301520453558,-40.591888427734375,-1.5780813387124846,-0.544163165706219,-1.0744574518487005,1.6590118408203125,-0.06785074869791667,-1.6284688313802083,-0.1963,-0.0541,1.6744,-0.00444,-0.03504,0.00188,0.0008820138755254447,0.0009999937610700727,0.0009201358770951629,0.0005079067195765674,0.0005001365789212286,0.0005738979671150446,0.01173606887459755,0.010186107829213142,0.011653736233711243,passive,0
2.3809,rehab,small_slow,23.03667001792546,-666.6393111113506,308.2097256833076,-177.3893531084868,0.13298676876842902,-149.9885973613664,-18.856,-0.0654,11.7049,30.3915,0.8119,-17.3999,79.42912639957844,27.120111295492343,82.58233854086092,-21.631478203667534,-88.9424557156033,-40.61065673828125,-1.5236663818359375,-0.544163165706219,-1.025154944693688,1.6806793212890625,0.06785074869791667,-1.6284688313802083,-0.2056,-0.0102,1.3058,-0.0002,-0.02722,0.00758,0.0008820138755254447,0.0009999937610700727,0.0009201358770951629,0.0005079067195765674,0.0005001365789212286,0.0005738979671150446,0.01173606887459755,0.010186107829213142,0.011653736233711243,passive,0
2.4009,rehab,small_slow,22.548820710242115,-666.6357949207318,308.5068644527925,-177.39039125703155,0.13384535791416938,-149.98773187830375,-17.7318,-0.0494,10.9665,31.3172,0.8837,-18.2579,79.38021820370514,27.102272109229965,82.55159585782798,-21.57982720269097,-88.9409891764323,-40.65967135959201,-1.4692514249593904,-0.5985781225827661,-0.9696250386757426,1.6044786241319444,0.06785074869791667,-1.4249081081814237,-0.1088,0.14,2.0842,0.0228,-0.03282,0.00509,0.0008820138755254447,0.0009999937610700727,0.0009201358770951629,0.0005079067195765674,0.0005001365789212286,0.0005738979671150446,0.01173606887459755,0.010186107829213142,0.011653736233711243,passive,0
2.4207,rehab,small_slow,22.2721323778894,-666.637187880707,308.68174653390344,-177.39003420393152,0.13359282548713586,-149.9877805672736,-16.9893,-0.0544,10.467,31.1041,0.8555,-19.554,79.35613802163908,27.09338650845065,82.53576222032603,-21.554794311523438,-88.9402347140842,-40.68341573079427,-1.4692514249593904,-0.544163165706219,-1.0145901217318998,1.5878719753689237,0.06785074869791667,-1.4249081081814237,-0.1632,0.1167,1.6385,0.02332,-0.04128,0.01414,0.0008820138755254447,0.0009999937610700727,0.0009201358770951629,0.0005079067195765674,0.0005001365789212286,0.0005738979671150446,0.01173606887459755,0.010186107829213142,0.011653736233711243,passive,0
2.4409,rehab,small_slow,21.884235356616323,-666.6390099599649,308.9373059139482,-177.38949953729932,0.1331454994854804,-149.9861817149966,-16.2448,-0.0304,9.9731,30.0801,0.8856,-21.0202,79.3223768177599,27.080483011680073,82.51251825011603,-21.518241034613716,-88.93917507595486,-40.7183583577474,-1.4148296696124691,-0.489748208829672,-0.9057874018603033,1.4862569173177083,0.06785074869791667,-1.4927588568793402,-0.226,0.1974,1.611,0.02043,-0.03151,0.00844,0.0008820138755254447,0.0009999937610700727,0.0009201358770951629,0.0005079067195765674,0.0005001365789212286,0.0005738979671150446,0.01173606887459755,0.010186107829213142,0.011653736233711243,passive,0
2.4611,rehab,small_slow,21.61918143599624,-666.6380154923488,309.09391412382655,-177.38987264805735,0.1334618471390395,-149.98640735536196,-16.0658,0.0144,9.8351,23.9021,0.8362,-18.3487,79.29928241389813,27.07233164570119,82.49832304397432,-21.494691636827255,-88.93849690755208,-40.740958319769966,-1.4148296696124691,-0.544163165706219,-0.8706801008469988,1.4618259006076388,-0.0,-1.4249081081814237,-0.1759,0.0707,1.9574,0.01025,-0.03408,0.00455,0.0008820138755254447,0.0009999937610700727,0.0009201358770951629,0.0005079067195765674,0.0005001365789212286,0.0005738979671150446,0.01173606887459755,0.010186107829213142,0.011653736233711243,passive,0
2.4805,rehab,small_slow,21.361803355426115,-666.638394256772,309.246444056032,-177.39037399593406,0.1338536923124662,-149.98615577129382,-15.3866,0.0144,9.4155,11.054,0.6686,-10.1277,79.27688145401454,27.06461538182627,82.48408704701036,-21.47139655219184,-88.93785264756944,-40.763346354166664,-1.360414712735922,-0.489748208829672,-0.9004438041460396,1.4482625325520833,-0.0,-1.357057359483507,-0.1523,0.043,1.9885,0.00275,-0.03155,-0.00245,0.0008820138755254447,0.0009999937610700727,0.0009201358770951629,0.0005079067195765674,0.0005001365789212286,0.0005738979671150446,0.01173606887459755,0.010186107829213142,0.011653736233711243,passive,0
2.5009,rehab,small_slow,20.967836754404942,-666.6422968005248,309.4778492809195,-177.3903191904772,0.13381911356933554,-149.98702991308616,-14.9898,0.0189,9.0852,3.3728,0.4801,-4.4119,79.24265115567954,27.053227943949178,82.46236593416421,-21.43731011284722,-88.93685234917534,-40.7963138156467,-1.360414712735922,-0.489748208829672,-0.8633309543722927,1.421661376953125,0.06785074869791667,-1.357057359483507,-0.2388,0.0215,1.3188,0.00503,-0.01932,0.0072,0.0008820138755254447,0.0009999937610700727,0.0009201358770951629,0.0005079067195765674,0.0005001365789212286,0.0005738979671150446,0.01173606887459755,0.010186107829213142,0.011653736233711243,passive,0
2.5209,rehab,small_slow,20.715201767802032,-666.6391753504811,309.63135430944885,-177.39025185099936,0.13375465324063976,-149.98755686157347,-15.4316,0.042,9.2183,4.1453,0.1789,-3.7967,79.22061051472579,27.044981399385055,82.4490749245823,-21.41519334581163,-88.93621656629774,-40.817574395073784,-1.360414712735922,-0.489748208829672,-0.8354504273669554,1.391075981987847,0.06785074869791667,-1.2892066107855902,-0.2599,-0.0262,1.9551,-0.0091,-0.02932,0.00269,0.0008820138755254447,0.0009999937610700727,0.0009201358770951629,0.0005079067195765674,0.0005001365789212286,0.0005738979671150446,0.01173606887459755,0.010186107829213142,0.011653736233711243,passive,0
2.5409,rehab,small_slow,20.34333200197237,-666.633929267589,309.85993620908505,-177.38984486086358,0.13338806127364955,-149.9885759430352,-15.3965,0.0361,9.1551,9.4158,-0.1174,-5.7002,79.18816141562887,27.03262178024443,82.42956331460783,-21.382887098524304,-88.93529256184895,-40.848634507921005,-1.360414712735922,-0.489748208829672,-0.843166691241878,1.323021782769097,-0.0,-1.2213473849826388,-0.269,-0.1183,1.3074,-0.00268,-0.03578,0.00697,0.0008820138755254447,0.0009999937610700727,0.0009201358770951629,0.0005079067195765674,0.0005001365789212286,0.0005738979671150446,0.01173606887459755,0.010186107829213142,0.011653736233711243,passive,0
2.5611,rehab,small_slow,20.10495624358469,-666.6347078882836,310.00891680473865,-177.38931867311015,0.13294493458049902,-149.988760867976,-15.4279,0.021,9.2321,16.5528,-0.0782,-8.3138,79.167426080987,27.02510947048074,82.41610914173692,-21.36196560329861,-88.93467373318143,-40.8689456515842,-1.251584798982828,-0.489748208829672,-0.839223578424737,1.3304307725694444,0.06785074869791667,-1.2213473849826388,-0.1834,0.0071,1.8651,-0.00373,-0.03209,0.00324,0.0008820138755254447,0.0009999937610700727,0.0009201358770951629,0.0005079067195765674,0.0005001365789212286,0.0005738979671150446,0.01173606887459755,0.010186107829213142,0.011653736233711243,passive,0
2.5809,rehab,small_slow,19.76691132393864,-666.6365700665458,310.21294834891677,-177.38961843567245,0.1331689999739568,-149.98840379091948,-15.0262,0.023,9.1005,25.0571,-0.0202,-11.2928,79.13803629355856,27.0150885251489,82.39678109046257,-21.331312391493054,-88.93381754557292,-40.89834425184462,-1.251584798982828,-0.3809114966062036,-0.750619114035427,1.276024712456597,0.06785074869791667,-1.153496636284722,-0.1137,-0.0054,1.1049,0.01402,-0.04095,0.00582,0.0008820138755254447,0.0009999937610700727,0.0009201358770951629,0.0005079067195765674,0.0005001365789212286,0.0005738979671150446,0.01173606887459755,0.010186107829213142,0.011653736233711243,passive,0
2.6005,rehab,small_slow,19.483962292318996,-666.6357762217755,310.36888668623976,-177.39061502767018,0.1340404308247939,-149.988777158472,-13.9723,0.0207,8.5579,35.8668,-0.1377,-16.5468,79.1133986369218,27.007209097984994,82.38197402198716,-21.306542290581596,-88.93308851453993,-40.922325981987846,-1.1427480867593596,-0.435333251953125,-0.7520875836362934,1.1679840087890625,-0.0,-1.2213473849826388,-0.2565,0.1087,1.5198,0.00671,-0.03125,0.01182,0.0008820138755254447,0.0009999937610700727,0.0009201358770951629,0.0005079067195765674,0.0005001365789212286,0.0005738979671150446,0.01173606887459755,0.010186107829213142,0.011653736233711243,passive,0
2.6209,rehab,small_slow,19.173300644030785,-666.6355909141424,310.55684918764376,-177.39104977103713,0.13440669560251145,-149.98760729425177,-13.1013,0.0171,8.0971,41.6886,-0.145,-20.8584,79.0863543217725,26.997820410397974,82.36433199136565,-21.27805921766493,-88.93225775824652,-40.950215657552086,-1.1427480867593596,-0.3809114966062036,-0.7376612295018564,1.1882442898220487,0.13570149739583334,-1.153496636284722,-0.2151,-0.0504,1.7917,-0.01259,-0.03265,0.00277,0.0008820138755254447,0.0009999937610700727,0.0009201358770951629,0.0005079067195765674,0.0005001365789212286,0.0005738979671150446,0.01173606887459755,0.010186107829213142,0.011653736233711243,passive,0
2.6406,rehab,small_slow,18.965322940200462,-666.6370879970061,310.68741562938914,-177.39060370085534,0.13401016067145546,-149.9876571012953,-12.2248,0.0278,7.6497,38.9471,-0.1386,-21.7218,79.0682839875174,26.99142304977568,82.35225110951036,-21.259613037109375,-88.93173217773438,-40.968026055230034,-1.1427480867593596,-0.3809114966062036,-0.7408089212851949,1.1534627278645833,0.06785074869791667,-1.0856458875868056,-0.3521,-0.0376,2.1052,-0.01348,-0.02982,-0.0002,0.0008820138755254447,0.0009999937610700727,0.0009201358770951629,0.0005079067195765674,0.0005001365789212286,0.0005738979671150446,0.01173606887459755,0.010186107829213142,0.011653736233711243,passive,0
2.6614,rehab,small_slow,18.679521428156065,-666.6353541168525,310.8817664979812,-177.3896406545089,0.13320398042033718,-149.98616810626052,-11.6079,0.0261,7.3585,31.1921,-0.4104,-20.4368,79.04337439206567,26.98144289526609,82.3351257626373,-21.232935587565105,-88.93092685275607,-40.99411858452691,-0.979496417659344,-0.435333251953125,-0.6349771329672029,1.0845777723524306,0.06785074869791667,-1.0177951388888888,-0.31,0.0282,1.4407,-0.00847,-0.03435,0.00455,0.0008820138755254447,0.0009999937610700727,0.0009201358770951629,0.0005079067195765674,0.0005001365789212286,0.0005738979671150446,0.01173606887459755,0.010186107829213142,0.011653736233711243,passive,0
2.6806,rehab,small_slow,18.498016724195576,-666.6319840940939,311.0004552067864,-177.38959896208962,0.13309284311276123,-149.9850283010193,-10.9913,0.0066,6.9742,20.2472,-0.6959,-15.9049,79.02752715762298,26.975127116288288,82.32477169225712,-21.215837266710068,-88.93047756618924,-41.01091172960069,-0.979496417659344,-0.3809114966062036,-0.644216254205987,1.0517120361328125,0.06785074869791667,-1.0177951388888888,-0.3125,0.029,1.6904,0.00314,-0.0219,0.00665,0.0008820138755254447,0.0009999937610700727,0.0009201358770951629,0.0005079067195765674,0.0005001365789212286,0.0005738979671150446,0.01173606887459755,0.010186107829213142,0.011653736233711243,passive,0
2.701,rehab,small_slow,18.313837070055968,-666.6307173287737,311.11285831952495,-177.38963580533942,0.13316254618971257,-149.98490144216026,-10.4867,-0.0074,6.5152,10.6043,-0.7636,-10.7374,79.01147596906907,26.969382408821936,82.3145331958733,-21.19927300347222,-88.92996893988715,-41.02689954969618,-1.0339181730062654,-0.32649653972965653,-0.6240247971940749,0.9864044189453125,-0.0,-1.0177951388888888,-0.2959,-0.0338,1.84,0.00744,-0.02984,0.00123,0.0008820138755254447,0.0009999937610700727,0.0009201358770951629,0.0005079067195765674,0.0005001365789212286,0.0005738979671150446,0.01173606887459755,0.010186107829213142,0.011653736233711243,passive,0
2.7208,rehab,small_slow,18.05069310707757,-666.6337124317819,311.272890359451,-177.38978525433174,0.133322756964647,-149.984426701542,-10.651,-0.0165,6.4239,6.9208,-0.5246,-8.1805,78.98862631014077,26.961863300587872,82.2988763186011,-21.175147162543404,-88.92925686306424,-41.04994879828559,-0.979496417659344,-0.32649653972965653,-0.610312282448948,1.0479821099175346,-0.0,-0.9499359130859375,-0.2715,-0.0323,1.872,-0.01623,-0.02475,-0.00127,0.0008820138755254447,0.0009999937610700727,0.0009201358770951629,0.0005079067195765674,0.0005001365789212286,0.0005738979671150446,0.01173606887459755,0.010186107829213142,0.011653736233711243,passive,0
2.7408,rehab,small_slow,17.881805687850985,-666.6367634162531,311.37406019173727,-177.38993887199504,0.13345709909736,-149.98389065752707,-10.6376,-0.0389,6.2664,7.6405,0.021,-7.2711,78.97398240495436,26.957274333085163,82.28869220998027,-21.159693400065105,-88.92880757649739,-41.064953274197045,-0.87066650390625,-0.32649653972965653,-0.6313331528465347,0.94970703125,-0.0,-0.8820851643880208,-0.2356,0.0805,1.6006,-0.00165,-0.01654,0.00756,0.0008820138755254447,0.0009999937610700727,0.0009201358770951629,0.0005079067195765674,0.0005001365789212286,0.0005738979671150446,0.01173606887459755,0.010186107829213142,0.011653736233711243,passive,0
2.7606,rehab,small_slow,17.62608031692616,-666.6371567210717,311.5180124079834,-177.39038411980349,0.1338626700062225,-149.9842931938304,-10.6346,-0.0532,6.2553,11.7194,0.5585,-7.73,78.95174460835976,26.950231117777303,82.27489811359065,-21.13756815592448,-88.92814636230469,-41.08653598361545,-0.9250814607827971,-0.32649653972965653,-0.544394313698948,0.9230634901258681,0.06785074869791667,-0.8820851643880208,-0.1677,0.0784,1.3695,0.00391,-0.02755,0.00465,0.0008820138755254447,0.0009999937610700727,0.0009201358770951629,0.0005079067195765674,0.0005001365789212286,0.0005738979671150446,0.01173606887459755,0.010186107829213142,0.011653736233711243,passive,0
2.7811,rehab,small_slow,17.462281987553762,-666.6360310476612,311.61071419664074,-177.3905929045156,0.13404022493991558,-149.98474024898312,-10.3557,-0.0333,6.205,17.2049,0.8733,-9.2705,78.9374814175143,26.945512979337483,82.26634563785969,-21.12358940972222,-88.92773946126302,-41.100192599826386,-0.87066650390625,-0.2720815828531095,-0.5440407932394802,0.877838134765625,0.06785074869791667,-0.8820851643880208,-0.3041,-0.0171,1.9133,-0.00426,-0.03446,-0.0007,0.0008820138755254447,0.0009999937610700727,0.0009201358770951629,0.0005079067195765674,0.0005001365789212286,0.0005738979671150446,0.01173606887459755,0.010186107829213142,0.011653736233711243,passive,0
2.801,rehab,small_slow,17.195392033801575,-666.6360331535872,311.7749537028621,-177.39024157567016,0.13372169248054114,-149.98498026425023,-9.7217,0.0125,5.9114,24.4435,0.9207,-13.329,78.91427143965618,26.937382008769724,82.25119184739519,-21.100056966145832,-88.92706976996527,-41.122894287109375,-0.8162515470297029,-0.2720815828531095,-0.5256985201693998,0.8372582329644097,-0.0,-0.8142344156901041,-0.2656,-0.0782,1.8393,-0.00596,-0.03845,0.0011,0.0008820138755254447,0.0009999937610700727,0.0009201358770951629,0.0005079067195765674,0.0005001365789212286,0.0005738979671150446,0.01173606887459755,0.010186107829213142,0.011653736233711243,passive,0
2.821,rehab,small_slow,17.046374809581994,-666.6367234252051,311.86816685835817,-177.38969800959126,0.13324365646346817,-149.9854704093716,-9.06,0.0551,5.5549,29.8095,0.7181,-17.7258,78.90132715206335,26.932813436678142,82.24268696095683,-21.087315877278645,-88.92670525444878,-41.13520304361979,-0.8162515470297029,-0.2720815828531095,-0.529145344649211,0.8078257242838541,-0.0,-0.7463751898871528,-0.1047,-0.0331,1.8745,0.00057,-0.0353,0.00062,0.0008820138755254447,0.0009999937610700727,0.0009201358770951629,0.0005079067195765674,0.0005001365789212286,0.0005738979671150446,0.01173606887459755,0.010186107829213142,0.011653736233711243,passive,0
2.841,rehab,small_slow,16.832938612021813,-666.6360900803965,312.0023243540806,-177.3888102917557,0.13246416009679607,-149.9861561230731,-8.2765,0.0613,5.0741,31.368,0.2447,-20.4137,78.88276052947091,26.926021764774134,82.23083722709428,-21.069293551974827,-88.92617967393663,-41.15287780761719,-0.7074148348062346,-0.2176666259765625,-0.4539814561900526,0.7440778944227431,-0.0,-0.678524441189236,-0.1676,0.0048,1.2549,0.01278,-0.03467,0.0058,0.0008820138755254447,0.0009999937610700727,0.0009201358770951629,0.0005079067195765674,0.0005001365789212286,0.0005738979671150446,0.01173606887459755,0.010186107829213142,0.011653736233711243,passive,0
2.8616,rehab,small_slow,16.703025650684754,-666.6345697785548,312.08545659660473,-177.3883648102739,0.13205576631781046,-149.98639445857563,-7.7958,0.0424,4.6827,30.5258,-0.4691,-21.3234,78.87144107629757,26.921697937616027,82.22363084849745,-21.058019002278645,-88.92586602105034,-41.163830227322045,-0.7074148348062346,-0.2720815828531095,-0.43339568789642635,0.678524441189236,-0.0,-0.678524441189236,-0.1176,0.0255,1.4563,0.02464,-0.03567,0.01174,0.0008820138755254447,0.0009999937610700727,0.0009201358770951629,0.0005079067195765674,0.0005001365789212286,0.0005738979671150446,0.01173606887459755,0.010186107829213142,0.011653736233711243,passive,0
2.8809,rehab,small_slow,16.581977973117905,-666.6326759923519,312.158159608549,-177.38849810153548,0.132163840476413,-149.98645272229862,-7.3357,0.0212,4.2697,27.3818,-1.0175,-19.1235,78.86088305180616,26.917917988087872,82.21707032458617,-21.047176784939236,-88.92556084526909,-41.174206203884545,-0.5985781225827661,-0.2176666259765625,-0.4070720106068224,0.6522623697916666,0.06785074869791667,-0.678524441189236,-0.2357,0.0192,1.3806,0.00372,-0.02999,0.01183,0.0008820138755254447,0.0009999937610700727,0.0009201358770951629,0.0005079067195765674,0.0005001365789212286,0.0005738979671150446,0.01173606887459755,0.010186107829213142,0.011653736233711243,passive,0
2.9008,rehab,small_slow,16.41300906624014,-666.6310785781517,312.25141387329467,-177.38931654449047,0.13290928489456838,-149.98650759398782,-6.7329,-0.008,3.823,24.6019,-1.1899,-15.5104,78.84615756497524,26.91326103588142,82.20802835898824,-21.031909518771702,-88.92510308159721,-41.18870205349392,-0.5985781225827661,-0.16324487062964108,-0.3805511776763614,0.6032392713758681,0.06785074869791667,-0.5428229437934028,-0.3287,0.1024,1.4786,-0.00378,-0.0239,0.00549,0.0008820138755254447,0.0009999937610700727,0.0009201358770951629,0.0005079067195765674,0.0005001365789212286,0.0005738979671150446,0.01173606887459755,0.010186107829213142,0.011653736233711243,passive,0
2.9205,rehab,small_slow,16.303559947852968,-666.631336289578,312.3089607489331,-177.38975414204512,0.13335182145109983,-149.98694802558273,-6.2409,-0.0355,3.545,23.492,-0.9273,-12.6825,78.83663970645111,26.91052805079092,82.20224965917002,-21.022491455078125,-88.92478942871094,-41.19767083062066,-0.5985781225827661,-0.16324487062964108,-0.3773830904818998,0.5865732828776041,0.06785074869791667,-0.5428229437934028,-0.2217,0.0375,1.1697,-0.00199,-0.03325,0.01001,0.0008820138755254447,0.0009999937610700727,0.0009201358770951629,0.0005079067195765674,0.0005001365789212286,0.0005738979671150446,0.01173606887459755,0.010186107829213142,0.011653736233711243,passive,0
2.9409,rehab,small_slow,16.14649753904373,-666.6346880702321,312.3944481193363,-177.38977528322104,0.13334892808092588,-149.98790566650217,-5.7708,-0.0505,3.3489,24.4379,-0.397,-11.7945,78.82304956417272,26.90676169820351,82.19353402015007,-21.009597778320312,-88.92443339029948,-41.21015760633681,-0.544163165706219,-0.16324487062964108,-0.3528746047822556,0.47953287760416663,-0.0,-0.4749637179904514,-0.1699,0.0474,1.4684,-0.00011,-0.03018,0.00383,0.0008820138755254447,0.0009999937610700727,0.0009201358770951629,0.0005079067195765674,0.0005001365789212286,0.0005738979671150446,0.01173606887459755,0.010186107829213142,0.011653736233711243,passive,0
2.9608,rehab,small_slow,16.053705247029924,-666.6366098143559,312.4498415859437,-177.3895739335496,0.1331411579463332,-149.9882077522936,-5.459,-0.0491,3.2848,26.2964,0.0846,-13.1565,78.81502057066058,26.904280256516863,82.18806125149868,-21.001688639322918,-88.92422993977864,-41.21779547797309,-0.489748208829672,-0.16324487062964108,-0.33431478066019493,0.474302503797743,-0.0,-0.4071129692925347,0.0122,-0.0649,1.578,0.01639,-0.03379,0.00411,0.0008820138755254447,0.0009999937610700727,0.0009201358770951629,0.0005079067195765674,0.0005001365789212286,0.0005738979671150446,0.01173606887459755,0.010186107829213142,0.011653736233711243,passive,0
2.9807,rehab,small_slow,15.940560234552391,-666.6381185780914,312.52306096270854,-177.38949534932038,0.13308090647932114,-149.9875850274896,-4.7925,-0.0371,3.0059,27.254,0.4627,-15.4962,78.80520357943998,26.900935409092668,82.18082767902034,-20.990880330403645,-88.92391628689236,-41.228112114800346,-0.32649653972965653,-0.10882991375309406,-0.2749301419399752,0.4173448350694444,0.06785074869791667,-0.4071129692925347,-0.1276,-0.1291,1.2508,0.00133,-0.03819,0.00176,0.0008820138755254447,0.0009999937610700727,0.0009201358770951629,0.0005079067195765674,0.0005001365789212286,0.0005738979671150446,0.01173606887459755,0.010186107829213142,0.011653736233711243,passive,0
3.0007,rehab,small_slow,15.878930990596375,-666.6380942053275,312.56666653972275,-177.38952366739812,0.13310282788618386,-149.9868223153941,-4.1972,-0.0246,2.6692,30.1208,0.6757,-19.301,78.79983958631459,26.898855077158107,82.17662622432897,-20.98436991373698,-88.92373826768663,-41.234164767795136,-0.2720815828531095,-0.16324487062964108,-0.24681166847153466,0.3729756673177083,-0.0,-0.4071129692925347,-0.2639,-0.0782,0.6252,0.00065,-0.03145,0.00817,0.0008820138755254447,0.0009999937610700727,0.0009201358770951629,0.0005079067195765674,0.0005001365789212286,0.0005738979671150446,0.01173606887459755,0.010186107829213142,0.011653736233711243,passive,0
3.0206,rehab,small_slow,15.781704381237834,-666.6362133818014,312.6325357629367,-177.3896546090214,0.13322273916156835,-149.9862320552085,-3.5498,-0.0045,2.1898,34.6467,0.6841,-23.1505,78.79134829681699,26.895476237382038,82.17060957804765,-20.974511040581596,-88.92346700032552,-41.243133544921875,-0.2720815828531095,-0.16324487062964108,-0.16363238344098083,0.3088802761501736,0.06785074869791667,-0.2714114718967014,-0.2903,-0.0352,1.1625,-0.01367,-0.02423,0.00574,0.0008820138755254447,0.0009999937610700727,0.0009201358770951629,0.0005079067195765674,0.0005001365789212286,0.0005738979671150446,0.01173606887459755,0.010186107829213142,0.011653736233711243,passive,0
3.0408,rehab,small_slow,15.728755099511268,-666.6355024099498,312.6625544661119,-177.38991723310127,0.13346716854960597,-149.9865874781476,-2.871,0.0115,1.6113,38.7549,0.5909,-25.1032,78.78673213543279,26.893966976958925,82.16772022813853,-20.969619750976562,-88.92333136664496,-41.247338189019096,-0.32649653972965653,-0.05441495687654703,-0.18809327984800434,0.2849578857421875,0.06785074869791667,-0.20355224609375,-0.137,-0.0202,1.054,0.0091,-0.02866,0.00994,0.0008820138755254447,0.0009999937610700727,0.0009201358770951629,0.0005079067195765674,0.0005001365789212286,0.0005738979671150446,0.01173606887459755,0.010186107829213142,0.011653736233711243,passive,0
3.0612,rehab,small_slow,15.659404986716044,-666.6358156800059,312.7018329046546,-177.3899857455598,0.13351202885181634,-149.98754421489238,-2.1704,0.0159,1.0879,41.4674,0.4674,-24.4625,78.78071548915145,26.892104196076346,82.16390628625851,-20.963702731662327,-88.9231957329644,-41.252331203884545,-0.2176666259765625,-0.05441495687654703,-0.07750936073831992,0.23423936631944445,-0.06785074869791667,-0.13570149739583334,-0.3133,-0.0029,0.8846,0.00672,-0.03687,0.01199,0.0008820138755254447,0.0009999937610700727,0.0009201358770951629,0.0005079067195765674,0.0005001365789212286,0.0005738979671150446,0.01173606887459755,0.010186107829213142,0.011653736233711243,passive,0
3.0809,rehab,small_slow,15.626713529476675,-666.6373732546692,312.7123738266449,-177.39057425855952,0.13404110600152352,-149.98807217804378,-1.3009,0.0183,0.622,41.2081,0.2774,-20.7741,78.77790092241646,26.891859451142867,82.16219987019454,-20.960888332790798,-88.92311943901909,-41.254586113823784,-0.10882991375309406,-0.0,-0.08410387700146968,0.08600870768229167,-0.0,-0.13570149739583334,-0.2708,0.0202,1.7445,-0.00741,-0.04118,0.00247,0.0008820138755254447,0.0009999937610700727,0.0009201358770951629,0.0005079067195765674,0.0005001365789212286,0.0005738979671150446,0.01173606887459755,0.010186107829213142,0.011653736233711243,passive,0
3.1009,rehab,small_slow,15.606848813880227,-666.6381248636459,312.71496097202663,-177.39124225317966,0.13462121261358284,-149.98822355477978,-0.3228,0.0175,0.2115,38.0646,-0.0802,-14.9304,78.77618770788212,26.891907040435488,82.16135685986812,-20.959159003363716,-88.92307705349393,-41.2561289469401,-0.05441495687654703,-0.0,-0.01842385471457302,0.0981903076171875,0.06785074869791667,-0.0,-0.1553,0.1746,1.575,0.0126,-0.0321,0.00635,0.0008820138755254447,0.0009999937610700727,0.0009201358770951629,0.0005079067195765674,0.0005001365789212286,0.0005738979671150446,0.01173606887459755,0.010186107829213142,0.011653736233711243,passive,0
3.1206,rehab,small_slow,15.611313338175764,-666.6357496670697,312.7105092044527,-177.39233399070633,0.135599289657274,-149.98677289358554,0.495,0.022,-0.0385,31.6888,-0.5054,-8.7807,78.77652083293046,26.89200221902073,82.16143164304223,-20.957828097873264,-88.92302619086371,-41.25723097059462,0.05441495687654703,0.05441495687654703,0.009721812635365099,0.016242133246527776,0.06785074869791667,-0.0,-0.2259,0.043,1.4086,0.00116,-0.03075,0.00852,0.0008820138755254447,0.0009999937610700727,0.0009201358770951629,0.0005079067195765674,0.0005001365789212286,0.0005738979671150446,0.01173606887459755,0.010186107829213142,0.011653736233711243,passive,0
3.141,rehab,small_slow,15.626277460872206,-666.6350310940704,312.7095417980577,-177.39247874634327,0.1357322102990294,-149.9853745992963,1.066,0.022,-0.1284,22.3966,-0.8004,-3.7155,78.77779894536084,26.892022614431852,82.1614928292756,-20.95770941840278,-88.92301771375868,-41.2573496500651,0.05441495687654703,-0.0,0.024624059696008664,-0.013147989908854166,-0.0,-0.0,-0.1916,-0.0113,0.8836,-0.00935,-0.0279,0.00578,0.0008820138755254447,0.0009999937610700727,0.0009201358770951629,0.0005079067195765674,0.0005001365789212286,0.0005738979671150446,0.01173606887459755,0.010186107829213142,0.011653736233711243,passive,0
3.1608,rehab,small_slow,15.674030548727343,-666.6340751617585,312.7087773691727,-177.39239622773505,0.13567450088573665,-149.98136395518404,1.3743,0.0048,-0.1063,12.7201,-0.825,-0.824,78.78190522146697,26.8920634052541,82.16159480633122,-20.957955254448784,-88.92300923665364,-41.25725640190972,0.16324487062964108,-0.05441495687654703,0.00011557399636448019,-0.0141143798828125,0.06785074869791667,-0.0,-0.2427,-0.0088,1.7431,-0.01083,-0.02881,0.00266,0.0008820138755254447,0.0009999937610700727,0.0009201358770951629,0.0005079067195765674,0.0005001365789212286,0.0005738979671150446,0.01173606887459755,0.010186107829213142,0.011653736233711243,passive,0
3.1807,rehab,small_slow,15.701257221520638,-666.6340089197988,312.7080150441354,-177.3922106769403,0.1355099685444525,-149.97925400123873,1.4328,-0.0244,-0.0174,4.6181,-0.5245,0.2417,78.78425749221651,26.892138188428216,82.16169678338683,-20.958387586805554,-88.92301771375868,-41.25701904296875,0.10882991375309406,0.05441495687654703,0.005955460047957921,-0.026151869032118056,0.06785074869791667,-0.0,-0.2664,-0.0846,1.2252,-0.01383,-0.03733,0.00427,0.0008820138755254447,0.0009999937610700727,0.0009201358770951629,0.0005079067195765674,0.0005001365789212286,0.0005738979671150446,0.01173606887459755,0.010186107829213142,0.011653736233711243,passive,0
3.2006,rehab,small_slow,15.732348658459006,-666.6348800760957,312.7079107660827,-177.3914349732527,0.13485553888922305,-149.97773314983843,1.4505,-0.0543,-0.0136,1.0467,0.0653,-0.7247,78.78696328342551,26.892212971602337,82.1619687222018,-20.959786309136284,-88.92303466796875,-41.25584920247396,0.10882991375309406,0.05441495687654703,0.018104326606977104,-0.06844414605034722,-0.0,0.13570149739583334,-0.0989,-0.0777,0.753,0.00454,-0.02665,0.01047,0.0008820138755254447,0.0009999937610700727,0.0009201358770951629,0.0005079067195765674,0.0005001365789212286,0.0005738979671150446,0.01173606887459755,0.010186107829213142,0.011653736233711243,passive,0
3.2205,rehab,small_slow,15.745313982903603,-666.6365251524456,312.7090790369079,-177.3904527128516,0.1340257191745426,-149.97815435305307,1.3386,-0.0548,-0.0651,1.7445,0.8158,-3.0348,78.78811902338916,26.892240165483834,82.16219987019454,-20.961380004882812,-88.92306009928386,-41.25428941514757,0.10882991375309406,-0.0,0.026480042108214728,-0.122528076171875,-0.06785074869791667,0.13570149739583334,-0.158,-0.1489,0.6885,-0.00332,-0.0318,0.00796,0.0008820138755254447,0.0009999937610700727,0.0009201358770951629,0.0005079067195765674,0.0005001365789212286,0.0005738979671150446,0.01173606887459755,0.010186107829213142,0.011653736233711243,passive,0
3.241,rehab,small_slow,15.770007823988674,-666.6389966236125,312.7088719691243,-177.38871874544733,0.13266286332167082,-149.9810495105619,1.3087,-0.0182,-0.2016,5.1552,1.5969,-5.9332,78.79030813084971,26.892335344069075,82.16292050805423,-20.964558919270832,-88.92310248480902,-41.249237060546875,0.10882991375309406,-0.0,0.048139968720993194,-0.13674418131510416,0.06785074869791667,0.20355224609375,-0.139,-0.1877,1.0567,-0.00433,-0.03754,0.00317,0.0008820138755254447,0.0009999937610700727,0.0009201358770951629,0.0005079067195765674,0.0005001365789212286,0.0005738979671150446,0.01173606887459755,0.010186107829213142,0.011653736233711243,passive,0
3.2612,rehab,small_slow,15.79235254584931,-666.6395932902914,312.70482186545917,-177.38795424582744,0.1320736607345982,-149.98239136438985,1.5212,0.0359,-0.3703,9.0696,2.1248,-8.5335,78.79225929184716,26.892518902769183,82.1636955336769,-20.96658494737413,-88.9231448703342,-41.24596489800347,0.16324487062964108,-0.0,0.03800344939279084,-0.1451534695095486,-0.0,0.20355224609375,-0.1525,0.0735,1.3612,-0.01026,-0.03428,0.00521,0.0008820138755254447,0.0009999937610700727,0.0009201358770951629,0.0005079067195765674,0.0005001365789212286,0.0005738979671150446,0.01173606887459755,0.010186107829213142,0.011653736233711243,passive,0
3.2808,rehab,small_slow,15.837122362704854,-666.6381111059509,312.6920793429284,-177.38694276113674,0.13130198206107394,-149.98382667422115,1.8795,0.0945,-0.5678,11.7287,2.0884,-9.995,78.7961208230198,26.892831632406406,82.1658710441967,-20.970509847005207,-88.92322116427951,-41.24070909288194,0.2176666259765625,-0.0,0.13316843769337872,-0.18194410536024305,-0.0,0.20355224609375,-0.1853,-0.2164,0.7027,-0.01554,-0.03122,0.00229,0.0008820138755254447,0.0009999937610700727,0.0009201358770951629,0.0005079067195765674,0.0005001365789212286,0.0005738979671150446,0.01173606887459755,0.010186107829213142,0.011653736233711243,passive,0
3.3006,rehab,small_slow,15.873834901151122,-666.6351861978367,312.6787758079299,-177.3863832684094,0.1308548941679698,-149.984578147127,2.2333,0.1395,-0.7669,13.8338,1.4159,-10.8343,78.79926171633277,26.893035586517637,82.1681009424795,-20.97378200954861,-88.92330593532986,-41.23685201009115,0.2176666259765625,0.05441495687654703,0.15280242013459158,-0.1906246609157986,-0.0,0.2714114718967014,-0.2142,-0.0183,1.1401,-0.0039,-0.02349,0.00413,0.0008820138755254447,0.0009999937610700727,0.0009201358770951629,0.0005079067195765674,0.0005001365789212286,0.0005738979671150446,0.01173606887459755,0.010186107829213142,0.011653736233711243,passive,0
3.3205,rehab,small_slow,15.915232521391372,-666.6306090486172,312.66165752587773,-177.3860534627829,0.13063568418714583,-149.98510127830008,2.5516,0.1597,-0.9906,16.1948,0.3483,-11.9783,78.80277652551632,26.893246339099242,82.17085432298113,-20.97726609971788,-88.92337375217014,-41.232850816514755,0.2176666259765625,0.10882991375309406,0.14599035281946163,-0.2090877956814236,-0.0,0.20355224609375,-0.3149,0.0199,1.2429,-0.00422,-0.01961,0.0073,0.0008820138755254447,0.0009999937610700727,0.0009201358770951629,0.0005079067195765674,0.0005001365789212286,0.0005738979671150446,0.01173606887459755,0.010186107829213142,0.011653736233711243,passive,0
3.3406,rehab,small_slow,15.98368093865454,-666.626196768671,312.6354573245773,-177.38548303934056,0.13022656423804438,-149.98570809199433,2.7891,0.1512,-1.2308,17.8838,-0.7021,-13.1496,78.8086436054494,26.89391258919593,82.17456628780553,-20.982547336154514,-88.92350090874565,-41.22643364800347,0.2720815828531095,-0.0,0.17005013947439665,-0.22657606336805555,0.06785074869791667,0.2714114718967014,-0.1098,-0.0439,1.0602,1e-05,-0.03712,0.00855,0.0008820138755254447,0.0009999937610700727,0.0009201358770951629,0.0005079067195765674,0.0005001365789212286,0.0005738979671150446,0.01173606887459755,0.010186107829213142,0.011653736233711243,passive,0
3.3607,rehab,small_slow,16.03253738257999,-666.6240830054745,312.61571888183926,-177.38520722371464,0.1299910199286549,-149.98534653116104,2.9692,0.1155,-1.4469,18.8504,-1.4223,-13.5829,78.81285185861115,26.89459243623337,82.17701373714031,-20.986158582899304,-88.92361111111111,-41.22262742784288,0.32649653972965653,0.05441495687654703,0.17884056166847154,-0.23710462782118055,0.06785074869791667,0.20355224609375,-0.1508,-0.1071,1.2834,0.00835,-0.0284,0.00475,0.0008820138755254447,0.0009999937610700727,0.0009201358770951629,0.0005079067195765674,0.0005001365789212286,0.0005738979671150446,0.01173606887459755,0.010186107829213142,0.011653736233711243,passive,0
3.3811,rehab,small_slow,16.109151391817388,-666.622675652151,312.57947955354484,-177.38504255532743,0.12986104026878323,-149.98424210232926,3.3488,0.0696,-1.7396,20.377,-1.8093,-13.6116,78.81948036722618,26.896190076771347,82.18078008972772,-20.991906060112846,-88.92376369900174,-41.21716817220052,0.32649653972965653,0.05441495687654703,0.14302621973623145,-0.2386050754123264,-0.0,0.2714114718967014,-0.1765,0.0324,1.5618,-0.0037,-0.03462,0.00869,0.0008820138755254447,0.0009999937610700727,0.0009201358770951629,0.0005079067195765674,0.0005001365789212286,0.0005738979671150446,0.01173606887459755,0.010186107829213142,0.011653736233711243,passive,0
3.4008,rehab,small_slow,16.16354402703439,-666.6227804052452,312.54930651468703,-177.38525638866608,0.1300419929653499,-149.9844061094029,3.9113,0.0246,-2.067,21.2679,-1.8608,-12.9036,78.82421210260675,26.897719732605584,82.18344509011447,-20.995975070529514,-88.92391628689236,-41.21231926812066,0.32649653972965653,0.10882991375309406,0.19245789782835707,-0.2477349175347222,0.06785074869791667,0.339262220594618,-0.1215,0.0746,1.786,-0.00199,-0.02684,0.00842,0.0008820138755254447,0.0009999937610700727,0.0009201358770951629,0.0005079067195765674,0.0005001365789212286,0.0005738979671150446,0.01173606887459755,0.010186107829213142,0.011653736233711243,passive,0
3.4209,rehab,small_slow,16.25423410404121,-666.622342465929,312.4941374154394,-177.3858502163532,0.1305904617933834,-149.9856353442893,4.5174,-0.0097,-2.3918,20.8603,-1.6685,-11.3521,78.83209152977065,26.90044591922571,82.18832639184329,-21.003061930338543,-88.9241706000434,-41.20329115125868,0.32649653972965653,0.10882991375309406,0.23602929445776608,-0.3512488471137153,-0.0,0.339262220594618,-0.0967,0.0245,1.5509,0.00704,-0.03252,0.00602,0.0008820138755254447,0.0009999937610700727,0.0009201358770951629,0.0005079067195765674,0.0005001365789212286,0.0005738979671150446,0.01173606887459755,0.010186107829213142,0.011653736233711243,passive,0
3.4407,rehab,small_slow,16.32315146306309,-666.622647968339,312.4546720025712,-177.38612307738487,0.13084336849559433,-149.9858962818123,4.8693,-0.025,-2.5444,18.5395,-1.3164,-9.2994,78.83808778064086,26.902465064926904,82.19178001479347,-21.00836012098524,-88.92434861924913,-41.197094387478295,0.3809114966062036,0.10882991375309406,0.23694708795830755,-0.286009046766493,-0.06785074869791667,0.4071129692925347,-0.1928,-0.074,1.122,-0.00499,-0.03343,0.01126,0.0008820138755254447,0.0009999937610700727,0.0009201358770951629,0.0005079067195765674,0.0005001365789212286,0.0005738979671150446,0.01173606887459755,0.010186107829213142,0.011653736233711243,passive,0
3.4611,rehab,small_slow,16.444562091743467,-666.6234521627956,312.3931488130705,-177.38654510615373,0.1312084520767002,-149.9853191762422,5.1777,-0.0402,-2.6768,14.3283,-0.8983,-7.1293,78.84865260360264,26.905701136825108,82.19703523239286,-21.01660834418403,-88.92465379503038,-41.18720160590278,0.489748208829672,0.10882991375309406,0.20195536094136757,-0.3428819444444444,-0.0,0.4071129692925347,-0.1339,-0.1302,0.876,-0.007,-0.03131,0.00379,0.0008820138755254447,0.0009999937610700727,0.0009201358770951629,0.0005079067195765674,0.0005001365789212286,0.0005738979671150446,0.01173606887459755,0.010186107829213142,0.011653736233711243,passive,0
3.4809,rehab,small_slow,16.558863069866828,-666.6241298182427,312.3389192714701,-177.386815543878,0.13141159146657536,-149.98435237519027,5.3943,-0.0585,-2.8024,10.1816,-0.5455,-5.8687,78.85859876576036,26.90855649438235,82.20171937848082,-21.024093627929688,-88.92495049370659,-41.17830912272135,0.544163165706219,0.16324487062964108,0.26303281878480816,-0.3756883409288194,-0.0,0.4071129692925347,-0.0762,-0.196,0.9512,-0.01408,-0.03413,0.00265,0.0008820138755254447,0.0009999937610700727,0.0009201358770951629,0.0005079067195765674,0.0005001365789212286,0.0005738979671150446,0.01173606887459755,0.010186107829213142,0.011653736233711243,passive,0
3.5009,rehab,small_slow,16.698358120394754,-666.62538111035,312.27150174131566,-177.38698269318428,0.13151535284434174,-149.98348773470812,5.5294,-0.0761,-2.8939,7.8863,-0.2237,-5.9507,78.87074763231938,26.9121256913289,82.20759325688428,-21.03369818793403,-88.92532348632812,-41.16713629828559,0.489748208829672,0.10882991375309406,0.25027888836246903,-0.413877699110243,-0.06785074869791667,0.4749637179904514,-0.0879,0.0298,1.3389,0.00082,-0.02323,8e-05,0.0008820138755254447,0.0009999937610700727,0.0009201358770951629,0.0005079067195765674,0.0005001365789212286,0.0005738979671150446,0.01173606887459755,0.010186107829213142,0.011653736233711243,passive,0
3.5208,rehab,small_slow,16.787140572649495,-666.626368598518,312.22484862637134,-177.387132726805,0.1315980994121286,-149.98377303065396,5.6761,-0.0815,-3.0051,9.4207,0.0599,-7.6514,78.8784910900758,26.914593536074797,82.21165194369779,-21.04031032986111,-88.92560323079427,-41.15918477376302,0.489748208829672,0.16324487062964108,0.28877182762221537,-0.43963114420572913,-0.0,0.5428229437934028,-0.1472,-0.0668,1.3622,-0.00731,-0.036,0.00247,0.0008820138755254447,0.0009999937610700727,0.0009201358770951629,0.0005079067195765674,0.0005001365789212286,0.0005738979671150446,0.01173606887459755,0.010186107829213142,0.011653736233711243,passive,0
3.5411,rehab,small_slow,16.87266590048269,-666.6286406472746,312.1759998778567,-177.38714413141443,0.13157436957370036,-149.9846781007691,5.7896,-0.0714,-3.1292,13.607,0.3784,-9.879,78.885976205958,26.917292528813427,82.21578541368541,-21.047414143880207,-88.92588297526042,-41.150877210828995,0.489748208829672,0.16324487062964108,0.28251043640741025,-0.4847886827256944,-0.0,0.4749637179904514,-0.0871,-0.1179,1.6655,-0.01278,-0.03871,0.00141,0.0008820138755254447,0.0009999937610700727,0.0009201358770951629,0.0005079067195765674,0.0005001365789212286,0.0005738979671150446,0.01173606887459755,0.010186107829213142,0.011653736233711243,passive,0
3.5615,rehab,small_slow,17.00778256718682,-666.6308903158173,312.0939542505752,-177.38766006688,0.1319102003082328,-149.98600407367843,6.1144,-0.0588,-3.3913,18.8844,0.6573,-11.8461,78.8977851489983,26.921684340675277,82.22271985346728,-21.058544582790798,-88.92636617024739,-41.13787333170573,0.489748208829672,0.16324487062964108,0.29902392094678215,-0.4936303032769097,-0.0,0.5428229437934028,-0.0967,-0.0803,1.271,-0.0017,-0.04414,0.00372,0.0008820138755254447,0.0009999937610700727,0.0009201358770951629,0.0005079067195765674,0.0005001365789212286,0.0005738979671150446,0.01173606887459755,0.010186107829213142,0.011653736233711243,passive,0
3.5805,rehab,small_slow,17.11094309509527,-666.6322167382104,312.03644808382387,-177.3879148868199,0.1320735861451208,-149.98620908248844,6.4632,-0.0422,-3.6426,21.2992,0.6715,-12.057,78.90678632377397,26.92474365234375,82.22765554295908,-21.066530015733505,-88.92668830023871,-41.128760443793404,0.5985781225827661,0.16324487062964108,0.31364063225170175,-0.5165947808159722,-0.06785074869791667,0.5428229437934028,-0.0955,-0.0711,1.0554,-0.00979,-0.03376,0.00346,0.0008820138755254447,0.0009999937610700727,0.0009201358770951629,0.0005079067195765674,0.0005001365789212286,0.0005738979671150446,0.01173606887459755,0.010186107829213142,0.011653736233711243,passive,0
3.6008,rehab,small_slow,17.28799951691267,-666.6323938710782,311.94404792762,-177.38857650109594,0.132586095356343,-149.98498433626034,7.0369,-0.0255,-3.9457,20.8778,0.462,-10.7488,78.92218485917195,26.929495783135444,82.23571173035272,-21.078948974609375,-88.92716301812065,-41.11473083496094,0.6529998779296875,0.16324487062964108,0.32880801965694617,-0.5100165473090278,-0.13570149739583334,0.6106736924913194,-0.237,0.017,1.1458,-0.01391,-0.02296,0.0004,0.0008820138755254447,0.0009999937610700727,0.0009201358770951629,0.0005079067195765674,0.0005001365789212286,0.0005738979671150446,0.01173606887459755,0.010186107829213142,0.011653736233711243,passive,0
3.6205,rehab,small_slow,17.408855680277085,-666.631593576437,311.88100643113285,-177.38903466473823,0.13294017094305252,-149.98435205352246,7.6157,-0.0123,-4.1874,18.6602,0.258,-8.6744,78.93268169743,26.932623079507657,82.24138845311533,-21.08748541937934,-88.92749362521701,-41.10496520996094,0.5985781225827661,0.10882991375309406,0.3971598408009746,-0.5461544460720485,-0.06785074869791667,0.678524441189236,-0.1202,-0.2051,0.8836,-0.0059,-0.03568,0.00286,0.0008820138755254447,0.0009999937610700727,0.0009201358770951629,0.0005079067195765674,0.0005001365789212286,0.0005738979671150446,0.01173606887459755,0.010186107829213142,0.011653736233711243,passive,0
3.641,rehab,small_slow,17.58346468703291,-666.6316590317543,311.78136030664973,-177.38957661002237,0.13334982491309555,-149.9845414746145,8.0607,-0.0083,-4.3479,14.0032,0.2088,-5.558,78.94787627871673,26.937660746055073,82.25029444930577,-21.10123528374566,-88.92800225151909,-41.08974032931857,0.5985781225827661,0.2176666259765625,0.37952460864982984,-0.5570899115668403,-0.06785074869791667,0.6106736924913194,0.0228,-0.0729,1.176,0.00388,-0.0303,0.00342,0.0008820138755254447,0.0009999937610700727,0.0009201358770951629,0.0005079067195765674,0.0005001365789212286,0.0005738979671150446,0.01173606887459755,0.010186107829213142,0.011653736233711243,passive,0
3.6607,rehab,small_slow,17.700151228134636,-666.6319536445775,311.7136414547219,-177.38979367311254,0.13348223930850076,-149.98510290309437,8.1466,-0.0221,-4.3575,9.5787,0.2691,-3.3228,78.95803999192644,26.941087175123762,82.25641987111308,-21.11087375217014,-88.92836676703558,-41.0791269938151,0.6529998779296875,0.2176666259765625,0.402659803333849,-0.6105211046006944,-0.0,0.678524441189236,0.0247,-0.0932,1.1873,0.00353,-0.0386,0.00268,0.0008820138755254447,0.0009999937610700727,0.0009201358770951629,0.0005079067195765674,0.0005001365789212286,0.0005738979671150446,0.01173606887459755,0.010186107829213142,0.011653736233711243,passive,0
3.6809,rehab,small_slow,17.922837297270785,-666.6327277720407,311.592628062335,-177.39009082290212,0.13368516288326646,-149.98544485046781,8.1245,-0.0293,-4.3528,5.688,0.273,-2.3803,78.97742922943418,26.947287380105198,82.26728382677135,-21.12820095486111,-88.92900254991319,-41.0595957438151,0.7618297916827815,0.2176666259765625,0.4007494331586479,-0.6675889756944444,-0.06785074869791667,0.678524441189236,0.0082,-0.0575,1.7934,-0.02143,-0.02429,-0.00691,0.0008820138755254447,0.0009999937610700727,0.0009201358770951629,0.0005079067195765674,0.0005001365789212286,0.0005738979671150446,0.01173606887459755,0.010186107829213142,0.011653736233711243,passive,0
3.7007,rehab,small_slow,18.058509269711685,-666.6337205978311,311.5259605313126,-177.38979286161074,0.13343028643255397,-149.9852678068853,8.2237,-0.0185,-4.4127,3.7095,0.2064,-2.9147,78.98924497094485,26.950747801525758,82.27341604704904,-21.138551500108505,-88.92935011121962,-41.048075358072914,0.7618297916827815,0.2176666259765625,0.41334699876237624,-0.6534237331814235,-0.06785074869791667,0.7463751898871528,-0.0343,0.0918,1.9436,0.00029,-0.03818,0.00143,0.0008820138755254447,0.0009999937610700727,0.0009201358770951629,0.0005079067195765674,0.0005001365789212286,0.0005738979671150446,0.01173606887459755,0.010186107829213142,0.011653736233711243,passive,0
3.7209,rehab,small_slow,18.258432307163098,-666.634124275188,311.42141050359226,-177.3893411284333,0.13301171410846563,-149.98582731778637,8.2853,0.0049,-4.4574,7.4135,0.1579,-6.1761,79.00664905510327,26.955989422184405,82.28332141838452,-21.15487840440538,-88.9299096001519,-41.0302988688151,0.7074148348062346,0.2176666259765625,0.41069559531636757,-0.7131195068359375,-0.06785074869791667,0.7463751898871528,-0.0975,0.0356,0.7586,-0.0133,-0.02977,0.00253,0.0008820138755254447,0.0009999937610700727,0.0009201358770951629,0.0005079067195765674,0.0005001365789212286,0.0005738979671150446,0.01173606887459755,0.010186107829213142,0.011653736233711243,passive,0
3.7408,rehab,small_slow,18.393405544109253,-666.6352584160168,311.348582242586,-177.3888638258603,0.13257255699199944,-149.9864334886963,8.4805,0.0221,-4.6028,15.209,0.1423,-11.0094,79.01841720732132,26.959714983949567,82.29018107499226,-21.166500515407986,-88.9302995469835,-41.018057929144966,0.7618297916827815,0.2176666259765625,0.4126399578434406,-0.7460276285807291,-0.0,0.8142344156901041,-0.0399,-0.0912,0.7744,-0.01156,-0.03571,0.00019,0.0008820138755254447,0.0009999937610700727,0.0009201358770951629,0.0005079067195765674,0.0005001365789212286,0.0005738979671150446,0.01173606887459755,0.010186107829213142,0.011653736233711243,passive,0
3.7609,rehab,small_slow,18.536277146647752,-666.6343946616767,311.2701331546004,-177.38870432606248,0.13239698042640416,-149.98667945701405,8.8547,0.0139,-4.8811,21.7832,-0.0416,-14.8812,79.03083801269531,26.963515328888846,82.2977341755782,-21.178487141927082,-88.93070644802518,-41.00552876790365,0.8162515470297029,0.2176666259765625,0.4871783870281559,-0.7597096761067708,-0.0,0.7463751898871528,0.0011,-0.0137,0.892,-0.00739,-0.04105,0.00148,0.0008820138755254447,0.0009999937610700727,0.0009201358770951629,0.0005079067195765674,0.0005001365789212286,0.0005738979671150446,0.01173606887459755,0.010186107829213142,0.011653736233711243,passive,0
3.7806,rehab,small_slow,18.760880320033877,-666.631501684408,311.1418465347538,-177.3891229205326,0.13278215289703635,-149.98726715509895,9.2186,-0.0065,-5.1703,24.2348,-0.4201,-15.9835,79.05032922725866,26.969640750696165,82.30988304213722,-21.196823120117188,-88.93129136827257,-40.985658433702255,0.8162515470297029,0.2720815828531095,0.5177918991239945,-0.7499270968967013,-0.0,0.8142344156901041,-0.0015,-0.0174,1.145,-0.00919,-0.02047,-0.00093,0.0008820138755254447,0.0009999937610700727,0.0009201358770951629,0.0005079067195765674,0.0005001365789212286,0.0005738979671150446,0.01173606887459755,0.010186107829213142,0.011653736233711243,passive,0
3.801,rehab,small_slow,18.912818521462224,-666.6309888819776,311.05516365447244,-177.38929168964427,0.1329606172858656,-149.98784774769254,9.8477,-0.0188,-5.5601,24.2288,-0.728,-14.9056,79.06353865519608,26.973957779383895,82.31786444635675,-21.209309895833332,-88.93168131510417,-40.97201029459635,0.8162515470297029,0.2720815828531095,0.4864645476388459,-0.7739851209852431,-0.0,0.9499359130859375,-0.0179,-0.1264,1.4948,-0.00636,-0.03116,-0.00691,0.0008820138755254447,0.0009999937610700727,0.0009201358770951629,0.0005079067195765674,0.0005001365789212286,0.0005738979671150446,0.01173606887459755,0.010186107829213142,0.011653736233711243,passive,0
3.8208,rehab,small_slow,19.14678532012363,-666.6319253694693,310.9220154313656,-177.38948916825692,0.13313998851029954,-149.9885459337337,10.7448,-0.0206,-6.0533,23.172,-0.5868,-12.6529,79.0839136709081,26.980817435991646,82.32980256033416,-21.228502061631943,-88.93230862087674,-40.95115661621094,0.87066650390625,0.32649653972965653,0.48740273655051053,-0.8305867513020833,-0.06785074869791667,0.8142344156901041,-0.0137,-0.0396,1.0957,-0.00396,-0.02592,0.00033,0.0008820138755254447,0.0009999937610700727,0.0009201358770951629,0.0005079067195765674,0.0005001365789212286,0.0005738979671150446,0.01173606887459755,0.010186107829213142,0.011653736233711243,passive,0
3.8409,rehab,small_slow,19.353634893908772,-666.6351635210631,310.810197786286,-177.3891993349802,0.13286343047271,-149.98870505716206,11.0157,-0.0298,-6.2198,18.1162,0.0395,-8.0613,79.10197040822246,26.986868074624844,82.33959915614363,-21.245320638020832,-88.93287658691406,-40.93313429090712,0.9250814607827971,0.32649653972965653,0.4979267686900526,-0.8266703287760416,-0.0,0.9499359130859375,0.1579,0.0923,0.9783,0.01473,-0.03362,0.00182,0.0008820138755254447,0.0009999937610700727,0.0009201358770951629,0.0005079067195765674,0.0005001365789212286,0.0005738979671150446,0.01173606887459755,0.010186107829213142,0.011653736233711243,passive,0
3.8609,rehab,small_slow,19.608031033826315,-666.6377399664699,310.6668168488449,-177.38912952064032,0.13285566894998335,-149.98926619869158,11.1532,-0.0461,-6.2541,11.6502,0.6301,-3.1284,79.1241470185837,26.994455167562656,82.35226470645111,-21.266343858506943,-88.9335208468967,-40.910636054144966,0.9250814607827971,0.32649653972965653,0.5652180284556776,-0.8845859103732638,-0.0,0.9499359130859375,0.1611,-0.0075,1.3614,-7e-05,-0.03746,-0.00275,0.0008820138755254447,0.0009999937610700727,0.0009201358770951629,0.0005079067195765674,0.0005001365789212286,0.0005738979671150446,0.01173606887459755,0.010186107829213142,0.011653736233711243,passive,0
3.8806,rehab,small_slow,19.787979724309373,-666.6366325496467,310.56566960612383,-177.38946828801116,0.13316709016664047,-149.9890769302339,11.2775,-0.0429,-6.2018,7.9702,0.7437,-0.5824,79.13978350044476,26.99950643105082,82.36149023074915,-21.28064473470052,-88.93397013346355,-40.89535183376736,1.0339181730062654,0.32649653972965653,0.5991423956238398,-0.8291710747612847,-0.0,0.9499359130859375,-0.0162,0.0065,1.4484,0.00168,-0.02284,0.00478,0.0008820138755254447,0.0009999937610700727,0.0009201358770951629,0.0005079067195765674,0.0005001365789212286,0.0005738979671150446,0.01173606887459755,0.010186107829213142,0.011653736233711243,passive,0
3.9009,rehab,small_slow,20.0746850584409,-666.6347285076138,310.40784228055026,-177.38996696023878,0.13354345444598148,-149.98772167055932,11.4828,-0.0058,-6.2061,8.3069,0.5805,-1.3051,79.16469989436688,27.007399455155475,82.37589618947246,-21.303058200412327,-88.93471611870659,-40.87204827202691,1.0339181730062654,0.2720815828531095,0.5861233248568998,-0.9171295166015625,-0.0,1.0177951388888888,0.1445,0.1498,1.1809,0.00722,-0.01671,0.00135,0.0008820138755254447,0.0009999937610700727,0.0009201358770951629,0.0005079067195765674,0.0005001365789212286,0.0005738979671150446,0.01173606887459755,0.010186107829213142,0.011653736233711243,passive,0
3.9205,rehab,small_slow,20.262799898569817,-666.6348285830915,310.30142531382216,-177.3900845222588,0.13365852786043275,-149.98753992393245,11.6857,0.0452,-6.2573,15.2189,0.5186,-6.655,79.18107061102839,27.012858626866105,82.38548883117072,-21.31845262315538,-88.93519083658855,-40.85603502061632,1.0339181730062654,0.32649653972965653,0.5738588843015161,-0.9948052300347222,-0.0,1.0177951388888888,0.1579,0.0843,1.7823,-0.00323,-0.02392,-0.00351,0.0008820138755254447,0.0009999937610700727,0.0009201358770951629,0.0005079067195765674,0.0005001365789212286,0.0005738979671150446,0.01173606887459755,0.010186107829213142,0.011653736233711243,passive,0
3.9406,rehab,small_slow,20.45649380021039,-666.6359086603386,310.19713100783474,-177.38978773682464,0.13341109737177662,-149.98726676892088,11.5722,0.0623,-6.1927,21.6886,0.4801,-12.8524,79.1979444144976,27.018311000106358,82.39493190652072,-21.334253946940105,-88.93568250868056,-40.83961486816406,1.0883331298828125,0.32649653972965653,0.619211480169013,-0.9945424397786458,-0.0,0.9499359130859375,0.0434,0.0931,1.3972,-0.00582,-0.0281,-0.00095,0.0008820138755254447,0.0009999937610700727,0.0009201358770951629,0.0005079067195765674,0.0005001365789212286,0.0005738979671150446,0.01173606887459755,0.010186107829213142,0.011653736233711243,passive,0
3.9613,rehab,small_slow,20.765041073188325,-666.635908053477,310.04414899609736,-177.38868783706306,0.13247304443532668,-149.98583382616943,12.2724,0.0269,-6.6048,22.6666,0.1644,-16.3862,79.22479157400603,27.026102047155398,82.40943304382928,-21.35878668891059,-88.93643697102864,-40.81448025173611,1.1427480867593596,0.32649653972965653,0.6175866457495359,-1.0505930582682292,-0.06785074869791667,1.0177951388888888,-0.0515,-0.0108,1.392,-0.01555,-0.03028,-0.00055,0.0008820138755254447,0.0009999937610700727,0.0009201358770951629,0.0005079067195765674,0.0005001365789212286,0.0005738979671150446,0.01173606887459755,0.010186107829213142,0.011653736233711243,passive,0
3.9808,rehab,small_slow,20.966177373114178,-666.633990930235,309.9375402883856,-177.38821116090764,0.1320434684328235,-149.98570359861142,13.0646,-0.0026,-7.1338,22.3582,-0.3263,-17.7539,79.24227044133856,27.031289280051052,82.41978711420947,-21.375512017144096,-88.93697102864583,-40.797322591145836,1.0339181730062654,0.32649653972965653,0.6601042794709159,-1.0122172037760417,-0.0,1.0856458875868056,0.0258,0.0951,1.3816,-0.0136,-0.01217,-0.00023,0.0008820138755254447,0.0009999937610700727,0.0009201358770951629,0.0005079067195765674,0.0005001365789212286,0.0005738979671150446,0.01173606887459755,0.010186107829213142,0.011653736233711243,passive,0
4.0009,rehab,small_slow,21.28210412607129,-666.6302500090497,309.7593504897284,-177.388778670915,0.13251151872076425,-149.98516464043243,13.7292,0.0069,-7.6724,19.7338,-0.5579,-16.3776,79.26970906776957,27.040072903774753,82.43625300945622,-21.400867038302952,-88.9377933078342,-40.77071295844184,1.1971630436359066,0.3809114966062036,0.6827363873472309,-1.0856119791666667,-0.0,1.0856458875868056,0.0985,-0.0621,1.1332,-0.00011,-0.01997,0.00323,0.0008820138755254447,0.0009999937610700727,0.0009201358770951629,0.0005079067195765674,0.0005001365789212286,0.0005738979671150446,0.01173606887459755,0.010186107829213142,0.011653736233711243,passive,0
4.021,rehab,small_slow,21.500826487878715,-666.6309149729368,309.6333486993786,-177.38921245805372,0.1328798032200764,-149.98461914893954,14.2066,0.0265,-8.1056,14.6498,-0.269,-12.9564,79.28875838175858,27.046721807800896,82.44718494981822,-21.41845703125,-88.9383527967665,-40.752410888671875,1.1971630436359066,0.435333251953125,0.6504708469504177,-1.0892232259114583,-0.06785074869791667,1.2213473849826388,0.0596,-0.0224,1.9009,-0.01849,-0.03372,-0.00466,0.0008820138755254447,0.0009999937610700727,0.0009201358770951629,0.0005079067195765674,0.0005001365789212286,0.0005738979671150446,0.01173606887459755,0.010186107829213142,0.011653736233711243,passive,0
4.0406,rehab,small_slow,21.82113220947337,-666.6351231001389,309.44506116686665,-177.38942888320105,0.1330795723177384,-149.98464095462506,13.8186,0.017,-8.0107,6.6449,0.1647,-7.5118,79.31671369193803,27.05700109500696,82.46318175060914,-21.4453125,-88.93918355305989,-40.72474161783854,1.1971630436359066,0.435333251953125,0.6556784752571937,-1.0977088080512152,-0.0,1.153496636284722,-0.0428,0.0514,1.3183,-0.01185,-0.03309,-0.00023,0.0008820138755254447,0.0009999937610700727,0.0009201358770951629,0.0005079067195765674,0.0005001365789212286,0.0005738979671150446,0.01173606887459755,0.010186107829213142,0.011653736233711243,passive,0
4.0612,rehab,small_slow,22.103124527378796,-666.6360486416692,309.2859633216143,-177.38967939327287,0.13324198523071762,-149.98385767539585,13.842,-0.0039,-8.0116,-1.9367,0.2845,-1.6686,79.34128336387106,27.06542439980082,82.4770982194655,-21.468098958333332,-88.93993801540799,-40.70121765136719,1.1971630436359066,0.3809114966062036,0.722493842096612,-1.1534881591796875,-0.0,1.2213473849826388,0.1066,-0.0159,1.3119,-0.00542,-0.02633,-0.00417,0.0008820138755254447,0.0009999937610700727,0.0009201358770951629,0.0005079067195765674,0.0005001365789212286,0.0005738979671150446,0.01173606887459755,0.010186107829213142,0.011653736233711243,passive,0
4.0807,rehab,small_slow,22.428279478845738,-666.632517645991,309.09056333819467,-177.38994222145215,0.13343278563956446,-149.98500843502748,14.1163,0.0029,-8.1292,-3.9053,0.0364,0.6266,79.36955140368774,27.07509182467319,82.49527732924659,-21.496539645724827,-88.9408450656467,-40.67212422688802,1.1971630436359066,0.435333251953125,0.7887449358949566,-1.176969740125868,-0.06785074869791667,1.2213473849826388,-0.0181,0.1032,0.9973,0.00226,-0.02399,0.00588,0.0008820138755254447,0.0009999937610700727,0.0009201358770951629,0.0005079067195765674,0.0005001365789212286,0.0005738979671150446,0.01173606887459755,0.010186107829213142,0.011653736233711243,passive,0
4.1005,rehab,small_slow,22.65338195768931,-666.6301339750025,308.96181206197895,-177.38981705339677,0.13333449705888797,-149.98546442045853,13.8508,0.029,-8.0103,1.6112,-0.2179,-1.2597,79.3891174014252,27.081468789884358,82.50738540498337,-21.51580810546875,-88.94143846299913,-40.65232170952691,1.305999755859375,0.3809114966062036,0.7164635988745359,-1.2115648057725694,-0.0,1.2213473849826388,0.0755,-0.0093,1.5,-0.01144,-0.03079,-0.0016,0.0008820138755254447,0.0009999937610700727,0.0009201358770951629,0.0005079067195765674,0.0005001365789212286,0.0005738979671150446,0.01173606887459755,0.010186107829213142,0.011653736233711243,passive,0
4.1208,rehab,small_slow,22.882700502480546,-666.631318789756,308.83557347670643,-177.38926792475152,0.13285458420625096,-149.98578348906668,13.9527,0.0336,-8.1005,14.041,-0.1644,-7.8355,79.40911170279625,27.08815848473275,82.51877964133084,-21.535254584418404,-88.94205729166667,-40.63223097059462,1.251584798982828,0.435333251953125,0.709957462726253,-1.2530856662326388,-0.0,1.2892066107855902,0.1132,0.0268,1.6498,-0.00753,-0.0284,-0.01147,0.0008820138755254447,0.0009999937610700727,0.0009201358770951629,0.0005079067195765674,0.0005001365789212286,0.0005738979671150446,0.01173606887459755,0.010186107829213142,0.011653736233711243,passive,0
4.1407,rehab,small_slow,23.22488735939977,-666.6328160025729,308.64234598819627,-177.3881271728966,0.13188175049075984,-149.9872924642313,14.1361,0.0117,-8.2568,24.0393,-0.0079,-13.727,79.43895018926942,27.098295004060954,82.53652364900796,-21.56561109754774,-88.94299825032552,-40.601230197482636,1.305999755859375,0.435333251953125,0.7916070919225712,-1.2528567843967013,-0.06785074869791667,1.2892066107855902,0.0292,0.0144,1.5881,-0.01581,-0.02781,-0.00303,0.0008820138755254447,0.0009999937610700727,0.0009201358770951629,0.0005079067195765674,0.0005001365789212286,0.0005738979671150446,0.01173606887459755,0.010186107829213142,0.011653736233711243,passive,0
4.161,rehab,small_slow,23.46961779017555,-666.6305691697991,308.49850075474137,-177.38843861538675,0.132146056021945,-149.98715305562195,14.5443,-0.0045,-8.4999,28.9117,-0.1198,-16.4093,79.46022940154123,27.10558296430229,82.54957671212678,-21.586201985677082,-88.94363403320312,-40.58032565646701,1.360414712735922,0.489748208829672,0.824973984520034,-1.2783389621310763,-0.0,1.357057359483507,0.0282,-0.0774,1.2852,-0.01633,-0.02867,9e-05,0.0008820138755254447,0.0009999937610700727,0.0009201358770951629,0.0005079067195765674,0.0005001365789212286,0.0005738979671150446,0.01173606887459755,0.010186107829213142,0.011653736233711243,passive,0
4.1809,rehab,small_slow,23.83295230121394,-666.6296952428711,308.2740699543629,-177.38920876420062,0.13280354422423368,-149.98794977250253,15.5116,-0.012,-8.9827,32.691,-0.2757,-17.9037,79.4918694826636,27.11729672875735,82.56926508233099,-21.617601182725693,-88.94460890028212,-40.548248291015625,1.305999755859375,0.489748208829672,0.8017640066618966,-1.3329908582899306,-0.06785074869791667,1.357057359483507,0.2967,0.1193,1.8757,0.00571,-0.02856,-0.01243,0.0008820138755254447,0.0009999937610700727,0.0009201358770951629,0.0005079067195765674,0.0005001365789212286,0.0005738979671150446,0.01173606887459755,0.010186107829213142,0.011653736233711243,passive,0
4.2008,rehab,small_slow,24.09118616760224,-666.6326223414983,308.12428143440803,-177.38926144111824,0.13287016161953594,-149.98736035932066,16.5541,-0.0045,-9.5522,31.6688,-0.0922,-17.2735,79.51440641195467,27.125590862614093,82.5818694464051,-21.63909912109375,-88.94525316026476,-40.52654690212673,1.4692514249593904,0.544163165706219,0.7890304716506806,-1.3797251383463542,-0.0,1.357057359483507,0.0577,0.0996,1.52,-0.01849,-0.03408,-0.00415,0.0008820138755254447,0.0009999937610700727,0.0009201358770951629,0.0005079067195765674,0.0005001365789212286,0.0005738979671150446,0.01173606887459755,0.010186107829213142,0.011653736233711243,passive,0
4.2207,rehab,small_slow,24.480629498207517,-666.6340328046566,307.9005507671048,-177.3891874439662,0.13277278291262498,-149.98664955143292,17.2908,0.0125,-9.997,26.4107,0.0394,-15.2611,79.54835797300433,27.137617356706375,82.60136066096844,-21.671769883897568,-88.94627888997395,-40.49368116590712,1.305999755859375,0.544163165706219,0.8703945650912748,-1.3592190212673612,-0.06785074869791667,1.4249081081814237,0.0414,-0.0017,0.9708,-0.0173,-0.03126,-0.00026,0.0008820138755254447,0.0009999937610700727,0.0009201358770951629,0.0005079067195765674,0.0005001365789212286,0.0005738979671150446,0.01173606887459755,0.010186107829213142,0.011653736233711243,passive,0
4.2406,rehab,small_slow,24.747782774778372,-666.6303957534061,307.74813584248074,-177.38933564366462,0.1328833293735594,-149.98619332716603,17.3424,0.0044,-10.026,17.3661,-0.271,-12.0209,79.57157474933284,27.1452792328183,82.61538590535079,-21.693979899088543,-88.94697401258681,-40.47117445203993,1.4692514249593904,0.489748208829672,0.889552654606281,-1.414701673719618,-0.06785074869791667,1.4249081081814237,0.0577,0.0028,1.7651,-0.02808,-0.024,-0.0107,0.0008820138755254447,0.0009999937610700727,0.0009201358770951629,0.0005079067195765674,0.0005001365789212286,0.0005738979671150446,0.01173606887459755,0.010186107829213142,0.011653736233711243,passive,0
4.2608,rehab,small_slow,25.153018085568416,-666.629984988696,307.5238200923322,-177.3886219887965,0.13224761065363258,-149.98564520002964,17.4492,-0.0157,-10.1043,4.7627,-0.6579,-7.8788,79.606879205987,27.15713576515122,82.63556376542195,-21.72804938422309,-88.94804212782118,-40.436808268229164,1.5236663818359375,0.544163165706219,0.8777029207437346,-1.4411671956380208,-0.06785074869791667,1.4249081081814237,0.0552,0.0302,1.6063,-0.02184,-0.03326,-0.00404,0.0008820138755254447,0.0009999937610700727,0.0009201358770951629,0.0005079067195765674,0.0005001365789212286,0.0005738979671150446,0.01173606887459755,0.010186107829213142,0.011653736233711243,passive,0
4.2807,rehab,small_slow,25.50132046487656,-666.632961658803,307.32711233785096,-177.3882224248543,0.13189006146931812,-149.98460936366214,17.4499,-0.0095,-10.2256,-5.3996,-0.8913,-4.6557,79.63727516703086,27.168013317750233,82.65238318112817,-21.757193671332466,-88.94894070095486,-40.40778266059028,1.5780813387124846,0.489748208829672,0.8735082645227413,-1.465996636284722,-0.0,1.4249081081814237,0.212,-0.002,1.5709,0.00946,-0.02455,-0.00475,0.0008820138755254447,0.0009999937610700727,0.0009201358770951629,0.0005079067195765674,0.0005001365789212286,0.0005738979671150446,0.01173606887459755,0.010186107829213142,0.011653736233711243,passive,0
4.3009,rehab,small_slow,25.91827613316159,-666.6310965507363,307.065402077486,-177.38942526013815,0.13293572867025738,-149.98448937558024,17.4382,-0.0232,-10.4249,-9.865,-1.0038,-3.2536,79.67357899883005,27.181848204962098,82.67492011041925,-21.793094211154514,-88.95000881618924,-40.37200927734375,1.4692514249593904,0.544163165706219,0.9429682363377939,-1.476525200737847,-0.0,1.4927588568793402,0.2312,0.0174,1.335,-0.01288,-0.02756,-0.00675,0.0008820138755254447,0.0009999937610700727,0.0009201358770951629,0.0005079067195765674,0.0005001365789212286,0.0005738979671150446,0.01173606887459755,0.010186107829213142,0.011653736233711243,passive,0
4.3206,rehab,small_slow,26.20588775050764,-666.6317705030722,306.8892985065511,-177.3900745795277,0.1334854302188044,-149.9836599440853,17.384,-0.0843,-10.6011,-5.3305,-0.7962,-6.1464,79.69865175757077,27.191447645130722,82.68970678348353,-21.81738111707899,-88.95073784722221,-40.34804450141059,1.6325030940594059,0.5985781225827661,0.9205468810430848,-1.5463595920138888,-0.06785074869791667,1.5606180826822915,0.1658,-0.031,0.9601,-0.01471,-0.02327,-0.00447,0.0008820138755254447,0.0009999937610700727,0.0009201358770951629,0.0005079067195765674,0.0005001365789212286,0.0005738979671150446,0.01173606887459755,0.010186107829213142,0.011653736233711243,passive,0
4.3406,rehab,small_slow,26.486439648942454,-666.6354439311673,306.7174421194427,-177.390099424318,0.13354875829298465,-149.9838553422935,16.9541,-0.104,-10.6009,4.703,-0.419,-11.3171,79.72316024327041,27.20112866694384,82.70392918350673,-21.841990152994793,-88.95144992404514,-40.32362196180556,1.5236663818359375,0.5985781225827661,0.8707004962581218,-1.5314229329427083,-0.0,1.4927588568793402,0.1081,-0.0415,1.5332,-0.00394,-0.02593,-0.00464,0.0008820138755254447,0.0009999937610700727,0.0009201358770951629,0.0005079067195765674,0.0005001365789212286,0.0005738979671150446,0.01173606887459755,0.010186107829213142,0.011653736233711243,passive,0
4.361,rehab,small_slow,26.908252690132382,-666.6370984573495,306.4593227052446,-177.3896126250111,0.1331116451881355,-149.98477821355252,17.0086,-0.0811,-10.8398,15.5307,-0.0794,-15.8326,79.75996716187731,27.21511991897432,82.72643212044593,-21.880306667751736,-88.95260281032986,-40.28633117675781,1.5236663818359375,0.5985781225827661,0.9817739052347617,-1.5670606825086806,-0.0,1.5606180826822915,0.0067,0.0062,1.875,-0.02665,-0.02224,-0.00801,0.0008820138755254447,0.0009999937610700727,0.0009201358770951629,0.0005079067195765674,0.0005001365789212286,0.0005738979671150446,0.01173606887459755,0.010186107829213142,0.011653736233711243,passive,0
4.3807,rehab,small_slow,27.185101610858695,-666.6365283737538,306.28055580067684,-177.38962704131697,0.13308494337665536,-149.9861972161796,17.2442,-0.079,-10.9948,25.2083,0.473,-18.7195,79.78410853017675,27.224596986676207,82.74219097477375,-21.906339857313366,-88.95339965820312,-40.26106940375434,1.4148296696124691,0.6529998779296875,0.9793128589592358,-1.597985161675347,-0.13570149739583334,1.5606180826822915,0.025,0.094,1.6372,-0.02933,-0.01807,-0.00816,0.0008820138755254447,0.0009999937610700727,0.0009201358770951629,0.0005079067195765674,0.0005001365789212286,0.0005738979671150446,0.01173606887459755,0.010186107829213142,0.011653736233711243,passive,0
4.401,rehab,small_slow,27.6191104874975,-666.6422536471842,306.00560003120216,-177.38942331635286,0.13294727325132807,-149.98767004307325,18.0755,-0.0619,-11.4737,33.0,1.211,-19.9554,79.8220439948658,27.240090700659422,82.76506782758354,-21.94617377387153,-88.95456102159288,-40.22211710611979,1.5236663818359375,0.6529998779296875,0.9616640298673422,-1.670252482096354,-0.06785074869791667,1.6284688313802083,0.1308,0.0161,1.1228,-0.02808,-0.02921,-0.00666,0.0008820138755254447,0.0009999937610700727,0.0009201358770951629,0.0005079067195765674,0.0005001365789212286,0.0005738979671150446,0.01173606887459755,0.010186107829213142,0.011653736233711243,passive,0
4.4207,rehab,small_slow,27.909768500645516,-666.6435194796364,305.81125659970274,-177.39000374880214,0.13342643238455615,-149.98882780006062,19.331,-0.0347,-12.251,35.2761,1.4281,-18.5291,79.84741588630298,27.25075070220645,82.78135696260055,-21.973190307617188,-88.95536634657118,-40.1958974202474,1.686918050935953,0.7074148348062346,1.0584130617651608,-1.7314826117621527,-0.0,1.696319580078125,0.0944,0.0309,1.1186,-0.00733,-0.02006,-0.00475,0.0008820138755254447,0.0009999937610700727,0.0009201358770951629,0.0005079067195765674,0.0005001365789212286,0.0005738979671150446,0.01173606887459755,0.010186107829213142,0.011653736233711243,passive,0
4.4408,rehab,small_slow,28.372585226964237,-666.6391217148639,305.5149900434535,-177.39099934750632,0.1342772787967185,-149.98899890454695,20.0784,-0.0184,-12.6691,30.2395,1.1477,-14.4784,79.88770362174157,27.26635999018603,82.80715035920096,-22.01453314887153,-88.95657009548611,-40.15591091579861,1.6325030940594059,0.6529998779296875,1.0610848606222927,-1.7416805691189237,0.06785074869791667,1.696319580078125,0.0267,-0.0263,1.2045,-0.02238,-0.02549,-0.00591,0.0008820138755254447,0.0009999937610700727,0.0009201358770951629,0.0005079067195765674,0.0005001365789212286,0.0005738979671150446,0.01173606887459755,0.010186107829213142,0.011653736233711243,passive,0
4.4608,rehab,small_slow,28.679629545936784,-666.640842147527,305.32724452615037,-177.39044158810492,0.13379288533218459,-149.9889288654914,20.4625,0.0172,-12.8037,22.1143,1.0041,-10.9018,79.91450999042776,27.276748052918084,82.82328312939937,-22.042617797851562,-88.95738389756944,-40.129496256510414,1.795747964689047,0.7074148348062346,1.006051242941677,-1.7309655083550346,-0.0,1.6284688313802083,0.0622,-0.0774,1.0214,-0.01957,-0.03852,0.00025,0.0008820138755254447,0.0009999937610700727,0.0009201358770951629,0.0005079067195765674,0.0005001365789212286,0.0005738979671150446,0.01173606887459755,0.010186107829213142,0.011653736233711243,passive,0
4.4807,rehab,small_slow,29.163444903838105,-666.6408899829798,305.0339966496729,-177.39011769383163,0.13350805161567228,-149.98766498493006,20.6929,0.0534,-12.8324,9.3237,0.8463,-5.3141,79.95670129757116,27.292806039942374,82.84848505907719,-22.0855712890625,-88.95862155490451,-40.08906046549479,1.686918050935953,0.7074148348062346,1.131734564752862,-1.8462287055121527,-0.06785074869791667,1.6284688313802083,0.1909,0.0748,0.953,-0.00685,-0.02837,-0.00111,0.0008820138755254447,0.0009999937610700727,0.0009201358770951629,0.0005079067195765674,0.0005001365789212286,0.0005738979671150446,0.01173606887459755,0.010186107829213142,0.011653736233711243,passive,0
4.5006,rehab,small_slow,29.572364395893498,-666.6400136270349,304.7789836831611,-177.39036037435247,0.1336835584947438,-149.98662797951212,20.6284,0.0564,-12.7398,-4.766,0.4959,1.3895,79.99235247621442,27.306729307269105,82.87021976886409,-22.121997409396702,-88.95968119303386,-40.05486382378472,1.795747964689047,0.7074148348062346,1.0593852430286974,-1.8048095703125,-0.0,1.7641703287760415,0.2449,-0.0509,1.2042,-0.00899,-0.02726,-0.00191,0.0008820138755254447,0.0009999937610700727,0.0009201358770951629,0.0005079067195765674,0.0005001365789212286,0.0005738979671150446,0.01173606887459755,0.010186107829213142,0.011653736233711243,passive,0
4.5208,rehab,small_slow,30.067507630557394,-666.6408035565239,304.4676545871313,-177.3907038760968,0.13399664056205937,-149.98607564019588,20.3375,0.0405,-12.6582,-8.5863,0.1671,2.023,80.03554995697324,27.324024615901532,82.89625791039798,-22.166180080837673,-88.96094428168402,-40.01272413465712,1.795747964689047,0.7074148348062346,1.1174645754370358,-1.9163682725694444,-0.06785074869791667,1.696319580078125,0.2154,0.0144,1.3281,-0.00685,-0.0223,-0.00329,0.0008820138755254447,0.0009999937610700727,0.0009201358770951629,0.0005079067195765674,0.0005001365789212286,0.0005738979671150446,0.01173606887459755,0.010186107829213142,0.011653736233711243,passive,0
4.5411,rehab,small_slow,30.406184447234786,-666.6364839146786,304.25818379796436,-177.39092680778865,0.13420726026219154,-149.98522642527087,20.4509,0.0437,-12.9167,-2.092,-0.2554,-3.312,80.06502132604618,27.335106122611773,82.91466136970142,-22.196239895290798,-88.96178351508246,-39.984444512261284,1.795747964689047,0.7074148348062346,1.1383426779567605,-1.8998803032769096,-0.0,1.832029554578993,0.2193,-0.0765,1.5992,-0.01204,-0.02479,-0.00893,0.0008820138755254447,0.0009999937610700727,0.0009201358770951629,0.0005079067195765674,0.0005001365789212286,0.0005738979671150446,0.01173606887459755,0.010186107829213142,0.011653736233711243,passive,0
4.5608,rehab,small_slow,30.73480120556682,-666.6342783654512,304.0512127896409,-177.39066653506373,0.13401652389266433,-149.9852772580632,20.3737,0.0566,-13.0221,8.9694,-0.5159,-10.7256,80.09365648326308,27.346242017085007,82.93277929324915,-22.226698133680554,-88.9626227484809,-39.95610555013021,1.8501697200359684,0.7074148348062346,1.1155474067914604,-1.925142076280382,-0.06785074869791667,1.832029554578993,0.3016,-0.0801,1.1589,-0.00154,-0.03296,-0.00643,0.0008820138755254447,0.0009999937610700727,0.0009201358770951629,0.0005079067195765674,0.0005001365789212286,0.0005738979671150446,0.01173606887459755,0.010186107829213142,0.011653736233711243,passive,0
4.581,rehab,small_slow,31.239259537728945,-666.6374357328131,303.7316279092879,-177.38999792195028,0.13344251546848102,-149.98511730783383,19.9497,0.0375,-12.8385,20.0975,-0.3828,-16.8131,80.13772416822981,27.36429195592899,82.95953807264272,-22.27373758951823,-88.96395365397136,-39.91273668077257,1.7413330078125,0.7618297916827815,1.1695000676825495,-2.006106906467014,-0.13570149739583334,1.832029554578993,0.359,0.0771,1.6092,-0.01101,-0.03243,-0.01125,0.0008820138755254447,0.0009999937610700727,0.0009201358770951629,0.0005079067195765674,0.0005001365789212286,0.0005738979671150446,0.01173606887459755,0.010186107829213142,0.011653736233711243,passive,0
4.6009,rehab,small_slow,31.571146100768214,-666.6346233297313,303.5084625436137,-177.39027637843952,0.13364502170805448,-149.9857241869946,20.6167,0.0278,-13.2829,26.7203,-0.1722,-18.9329,80.16665165967281,27.376291256139773,82.97883213156521,-22.305594550238716,-88.96486070421007,-39.88356696234809,1.8501697200359684,0.7074148348062346,1.1589964309541305,-2.021145290798611,-0.06785074869791667,1.8998803032769096,0.3724,-0.0024,1.5271,-0.01562,-0.02194,-0.01103,0.0008820138755254447,0.0009999937610700727,0.0009201358770951629,0.0005079067195765674,0.0005001365789212286,0.0005738979671150446,0.01173606887459755,0.010186107829213142,0.011653736233711243,passive,0
4.6207,rehab,small_slow,32.07343585722627,-666.6350539246789,303.1797661929893,-177.38986650658092,0.13332628893524837,-149.987258297773,21.8534,0.0154,-14.0516,29.4591,-0.1226,-19.5167,80.21050179358757,27.394572342976485,83.00667866621868,-22.353634304470486,-88.96620856391058,-39.83873155381944,1.9045846769125154,0.7618297916827815,1.1436182909672803,-2.013566758897569,-0.06785074869791667,1.832029554578993,0.3899,-0.0382,1.5608,0.00058,-0.0233,-0.00513,0.0008820138755254447,0.0009999937610700727,0.0009201358770951629,0.0005079067195765674,0.0005001365789212286,0.0005738979671150446,0.01173606887459755,0.010186107829213142,0.011653736233711243,passive,0
4.6406,rehab,small_slow,32.42807414020888,-666.6346688604241,302.9573288854964,-177.38948701553988,0.13304216475328765,-149.98673375252974,22.7339,0.0033,-14.6267,28.2211,-0.1588,-19.6957,80.24144163226137,27.40697955140973,83.0255104291557,-22.386279635959202,-88.96709865993924,-39.808688693576386,1.9589996337890625,0.7618297916827815,1.2065245373414295,-2.090818617078993,-0.06785074869791667,1.832029554578993,0.3918,0.1097,1.5726,-0.00324,-0.02298,-0.0074,0.0008820138755254447,0.0009999937610700727,0.0009201358770951629,0.0005079067195765674,0.0005001365789212286,0.0005738979671150446,0.01173606887459755,0.010186107829213142,0.011653736233711243,passive,0
4.6608,rehab,small_slow,32.95604019853283,-666.6332936421255,302.61582804305993,-177.3893902099776,0.1329397701998095,-149.9866269548351,23.2879,0.0298,-15.0457,21.7505,-0.0211,-18.1722,80.28750806751817,27.42597447763575,83.05429515272084,-22.43560791015625,-88.96849738226996,-39.76329379611545,2.0134145906656093,0.7618297916827815,1.1758294436010983,-2.059911092122396,-0.06785074869791667,1.8998803032769096,0.3289,-0.0339,1.7958,-0.02284,-0.01984,-0.01012,0.0008820138755254447,0.0009999937610700727,0.0009201358770951629,0.0005079067195765674,0.0005001365789212286,0.0005738979671150446,0.01173606887459755,0.010186107829213142,0.011653736233711243,passive,0
4.6808,rehab,small_slow,33.314829004214104,-666.635751152989,302.3889616936415,-177.3886307384302,0.13237829778572882,-149.9863077925907,23.0503,0.0326,-14.9048,7.7353,0.0557,-12.5824,80.31885581441445,27.43902074228419,83.07305213248375,-22.46930440266927,-88.96937900119357,-39.73264906141493,1.9045846769125154,0.7618297916827815,1.2238062490331065,-2.1329583062065973,-0.06785074869791667,1.8998803032769096,0.3715,0.0248,1.4224,-0.01303,-0.03531,-0.00871,0.0008820138755254447,0.0009999937610700727,0.0009201358770951629,0.0005079067195765674,0.0005001365789212286,0.0005738979671150446,0.01173606887459755,0.010186107829213142,0.011653736233711243,passive,0
4.7013,rehab,small_slow,33.954221751872815,-666.6310467256901,301.97743231623764,-177.38833872421057,0.13212168966154827,-149.98522656398137,23.0771,0.0271,-15.112,-10.0752,-0.0515,-4.4587,80.37460327148438,27.461700439453125,83.10815943349706,-22.52915276421441,-88.97103203667534,-39.67866685655382,1.9045846769125154,0.87066650390625,1.2164842964398979,-2.1410285101996527,-0.06785074869791667,1.9677310519748263,0.4181,0.0204,1.1878,-0.01631,-0.03229,-0.01061,0.0008820138755254447,0.0009999937610700727,0.0009201358770951629,0.0005079067195765674,0.0005001365789212286,0.0005738979671150446,0.01173606887459755,0.010186107829213142,0.011653736233711243,passive,0
4.7209,rehab,small_slow,34.31806394218627,-666.6343543996418,301.73783903717,-177.38787196716163,0.13174654928589652,-149.98520018054214,23.1062,0.0155,-15.4668,-17.7222,-0.1635,-1.0861,80.40642011283647,27.47564410219098,83.12756226794555,-22.56406995985243,-88.97198147243924,-39.647276136610245,1.9045846769125154,0.87066650390625,1.2641687676458075,-2.1550411648220487,-0.06785074869791667,1.832029554578993,0.3012,0.0787,1.4666,-0.01468,-0.02492,-0.00988,0.0008820138755254447,0.0009999937610700727,0.0009201358770951629,0.0005079067195765674,0.0005001365789212286,0.0005738979671150446,0.01173606887459755,0.010186107829213142,0.011653736233711243,passive,0
4.7407,rehab,small_slow,34.86341247680136,-666.6314258645102,301.3601485264934,-177.38843640078423,0.13220356489421117,-149.98567315965337,22.5649,0.0092,-15.4232,-12.0315,-0.4071,-4.5354,80.45400260698678,27.496678569529315,83.15903918577892,-22.617323133680554,-88.97343105740018,-39.599829779730904,2.0134145906656093,0.87066650390625,1.3365520817218441,-2.2811041937934027,-0.0,2.103441026475694,0.383,0.1502,1.1795,0.01045,-0.02631,-0.00183,0.0008820138755254447,0.0009999937610700727,0.0009201358770951629,0.0005079067195765674,0.0005001365789212286,0.0005738979671150446,0.01173606887459755,0.010186107829213142,0.011653736233711243,passive,0
4.7607,rehab,small_slow,35.23070481366001,-666.6309726675613,301.1132373139187,-177.38805125481778,0.13186343169160808,-149.98602060070542,22.1785,0.0125,-15.4504,1.235,-0.5211,-11.9852,80.4860777902131,27.51062223226717,83.17967934183555,-22.653410169813366,-88.97442287868924,-39.56782023111979,1.9589996337890625,0.8162515470297029,1.289411488145885,-2.2974056667751737,-0.06785074869791667,2.103441026475694,0.3897,0.09,1.0097,0.00476,-0.02785,-0.00763,0.0008820138755254447,0.0009999937610700727,0.0009201358770951629,0.0005079067195765674,0.0005001365789212286,0.0005738979671150446,0.01173606887459755,0.010186107829213142,0.011653736233711243,passive,0
4.7808,rehab,small_slow,35.5889650119084,-666.6321974301935,300.85817681822414,-177.3879295584498,0.13172714006515446,-149.98709606014435,21.9565,-0.0104,-15.5283,15.0507,-0.4475,-18.5432,80.51739834322788,27.52519135427947,83.20060503364789,-22.690073649088543,-88.97542317708333,-39.53584459092882,2.0134145906656093,0.9250814607827971,1.3351583952950958,-2.364841037326389,-0.06785074869791667,1.9677310519748263,0.3431,0.0406,1.3198,-0.01324,-0.02894,-0.00856,0.0008820138755254447,0.0009999937610700727,0.0009201358770951629,0.0005079067195765674,0.0005001365789212286,0.0005738979671150446,0.01173606887459755,0.010186107829213142,0.011653736233711243,passive,0
4.8009,rehab,small_slow,36.13879873979541,-666.6328184603785,300.4582983185632,-177.38878260718434,0.13241754928885724,-149.9884478617031,22.2082,-0.0137,-15.7457,25.7659,-0.4946,-22.3843,80.56544313336363,27.548041013207765,83.2328977679262,-22.745624118381077,-88.97691514756944,-39.487084282769096,2.0134145906656093,0.979496417659344,1.2520402964979116,-2.3376040988498263,-0.06785074869791667,2.0355902777777777,0.2043,0.0635,0.8214,-0.02174,-0.03228,-0.00378,0.0008820138755254447,0.0009999937610700727,0.0009201358770951629,0.0005079067195765674,0.0005001365789212286,0.0005738979671150446,0.01173606887459755,0.010186107829213142,0.011653736233711243,passive,0
4.821,rehab,small_slow,36.52198732086434,-666.6344380791261,300.1914321168066,-177.3888997030431,0.13256059035706985,-149.9883224793149,23.521,-0.0235,-16.6298,35.9431,-0.6803,-27.0169,80.59893239842783,27.56354832413173,83.25424496490176,-22.783313327365452,-88.9778815375434,-39.4541507297092,2.122251302889078,0.979496417659344,1.415380345712794,-2.3395453559027777,-0.06785074869791667,2.0355902777777777,0.3406,0.0105,1.1601,-0.01331,-0.03325,-0.00683,0.0008820138755254447,0.0009999937610700727,0.0009201358770951629,0.0005079067195765674,0.0005001365789212286,0.0005738979671150446,0.01173606887459755,0.010186107829213142,0.011653736233711243,passive,0
4.8405,rehab,small_slow,37.10434483949336,-666.6306325926607,299.7797126319399,-177.38990070890173,0.13338571991841028,-149.98844344706143,24.7129,-0.0417,-17.4863,37.2249,-0.7672,-26.9651,80.64975096447633,27.586819488223234,83.2878566024327,-22.84044901529948,-88.97940741644965,-39.40386454264323,2.122251302889078,0.979496417659344,1.3671655938176825,-2.4114227294921875,-0.06785074869791667,2.103441026475694,0.4859,0.099,1.7209,-0.01689,-0.0326,-0.01246,0.0008820138755254447,0.0009999937610700727,0.0009201358770951629,0.0005079067195765674,0.0005001365789212286,0.0005738979671150446,0.01173606887459755,0.010186107829213142,0.011653736233711243,passive,0
4.8606,rehab,small_slow,37.495582880143736,-666.6355291443937,299.50457246711704,-177.38998186252675,0.13348663127263144,-149.98782088797137,25.3821,-0.041,-17.9752,26.4235,-0.5039,-19.312,80.68399485975209,27.603319375821858,83.30907462847115,-22.87906222873264,-88.98039076063368,-39.37068515353732,2.176666259765625,1.0339181730062654,1.349856688244508,-2.384312947591146,-0.06785074869791667,2.103441026475694,0.4057,0.1648,1.1549,-0.01644,-0.02482,-0.01092,0.0008820138755254447,0.0009999937610700727,0.0009201358770951629,0.0005079067195765674,0.0005001365789212286,0.0005738979671150446,0.01173606887459755,0.010186107829213142,0.011653736233711243,passive,0
4.8808,rehab,small_slow,38.09214694469759,-666.6341794715566,299.08700873042727,-177.39002474166483,0.13354863783640136,-149.98682408669973,25.7476,-0.0586,-18.2562,14.7452,-0.1196,-11.5172,80.73609153823097,27.627331573184172,83.34296500328743,-22.938444349500866,-88.98189968532986,-39.320263332790795,2.122251302889078,0.979496417659344,1.4151559961904394,-2.5305599636501737,-0.06785074869791667,2.171291775173611,0.4088,0.0418,1.6845,-0.01826,-0.02066,-0.01059,0.0008820138755254447,0.0009999937610700727,0.0009201358770951629,0.0005079067195765674,0.0005001365789212286,0.0005738979671150446,0.01173606887459755,0.010186107829213142,0.011653736233711243,passive,0
4.901,rehab,small_slow,38.49295887407245,-666.6360501873098,298.8079460734694,-177.3898483009537,0.13336820786438483,-149.98639983426105,25.6312,-0.0763,-18.2335,2.0552,0.2903,-2.5397,80.77114445148128,27.643783871490175,83.36508722588567,-22.978320651584202,-88.98296780056424,-39.286092122395836,2.122251302889078,1.0883331298828125,1.354710796091816,-2.5336201985677085,-0.06785074869791667,2.103441026475694,0.4135,-0.0054,1.1527,-0.00908,-0.03212,-0.01288,0.0008820138755254447,0.0009999937610700727,0.0009201358770951629,0.0005079067195765674,0.0005001365789212286,0.0005738979671150446,0.01173606887459755,0.010186107829213142,0.011653736233711243,passive,0
4.9208,rehab,small_slow,39.18464339877831,-666.6377687376661,298.3040959732462,-177.39043878129291,0.13385568250888788,-149.9865812075646,25.5961,-0.0721,-18.2879,-8.1871,0.8223,5.6516,80.8316168454614,27.67331642679649,83.4048582775758,-23.048697577582466,-88.98478190104167,-39.22624376085069,2.2310880151125465,1.0339181730062654,1.408568278397664,-2.4891153971354165,-0.0,2.103441026475694,0.4545,0.2244,1.0084,0.00845,-0.01718,-0.00854,0.0008820138755254447,0.0009999937610700727,0.0009201358770951629,0.0005079067195765674,0.0005001365789212286,0.0005738979671150446,0.01173606887459755,0.010186107829213142,0.011653736233711243,passive,0
4.9405,rehab,small_slow,39.57557949724919,-666.6391975594267,298.02634700525056,-177.38990573946126,0.1334490405646689,-149.98723488418705,24.776,-0.0335,-17.7189,-11.0924,1.2202,8.5743,80.86580635297416,27.689666748046875,83.42708247722966,-23.088997734917534,-88.98580763075087,-39.19186062282986,2.176666259765625,1.0339181730062654,1.3554654263033725,-2.577200995551215,-0.06785074869791667,2.171291775173611,0.4294,0.0914,1.314,-0.00529,-0.0201,-0.01158,0.0008820138755254447,0.0009999937610700727,0.0009201358770951629,0.0005079067195765674,0.0005001365789212286,0.0005738979671150446,0.01173606887459755,0.010186107829213142,0.011653736233711243,passive,0
4.9614,rehab,small_slow,40.169209163670835,-666.6402668676341,297.5931355650115,-177.38986024625234,0.1333868021699144,-149.9883044084192,24.8375,0.0091,-17.7116,-6.3604,1.5006,4.7654,80.91771947275294,27.715120221128558,83.46146914038327,-23.150516086154514,-88.98741828070746,-39.13958231608073,2.2310880151125465,1.0883331298828125,1.4461706180383662,-2.529017130533854,-0.06785074869791667,2.103441026475694,0.2899,0.1372,0.5909,-0.01091,-0.02163,-0.00307,0.0008820138755254447,0.0009999937610700727,0.0009201358770951629,0.0005079067195765674,0.0005001365789212286,0.0005738979671150446,0.01173606887459755,0.010186107829213142,0.011653736233711243,passive,0
4.9809,rehab,small_slow,40.58164543993752,-666.6416440764464,297.30808494149124,-177.38927642122164,0.13285106857694232,-149.98832108479107,25.3873,0.0332,-18.0396,4.8151,1.4957,-5.0621,80.95379895502978,27.732102800123762,83.48400606967435,-23.191918267144096,-88.98855421278212,-39.10396152072482,2.2855029719890934,1.0883331298828125,1.3692187318707456,-2.632878621419271,-0.06785074869791667,2.171291775173611,0.349,0.0966,0.8536,-0.01371,-0.02101,-0.00728,0.0008820138755254447,0.0009999937610700727,0.0009201358770951629,0.0005079067195765674,0.0005001365789212286,0.0005738979671150446,0.01173606887459755,0.010186107829213142,0.011653736233711243,passive,0
5.0008,rehab,small_slow,40.99444794507871,-666.6378410175384,297.01277757244173,-177.38929152285388,0.1329381638835881,-149.98840283354033,24.9915,0.0616,-17.7517,13.7,0.9838,-14.5914,80.98982404954363,27.749071782178216,83.50802506550704,-23.23393079969618,-88.98957994249132,-39.068332248263886,2.2310880151125465,1.0339181730062654,1.4882667465965347,-2.581804063585069,-0.06785074869791667,2.307001749674479,0.3782,0.1905,1.5834,-0.0261,-0.01373,-0.00971,0.0008820138755254447,0.0009999937610700727,0.0009201358770951629,0.0005079067195765674,0.0005001365789212286,0.0005738979671150446,0.01173606887459755,0.010186107829213142,0.011653736233711243,passive,0
5.0208,rehab,small_slow,41.63297307610769,-666.6352340377676,296.5583982121104,-177.38964845683543,0.13325454934691158,-149.9869823292214,25.1978,0.0839,-18.0068,17.5466,0.1979,-21.6472,81.04559870049505,27.775789770749537,83.54387339979115,-23.29766167534722,-88.99119059244792,-39.01470608181423,2.3399179288656407,1.1427480867593596,1.4831135060527536,-2.7232869466145835,-0.06785074869791667,2.374852498372396,0.5355,0.0253,1.1627,-0.00941,-0.02297,-0.01014,0.0008820138755254447,0.0009999937610700727,0.0009201358770951629,0.0005079067195765674,0.0005001365789212286,0.0005738979671150446,0.01173606887459755,0.010186107829213142,0.011653736233711243,passive,0
5.0405,rehab,small_slow,42.0655973962712,-666.6338053953242,296.25467716351477,-177.38944822614042,0.13307188585712051,-149.98540122005778,25.616,0.0788,-18.5503,15.3461,-0.5439,-23.9501,81.08339819577661,27.793744531008276,83.56789919409421,-23.341005113389755,-88.99229261610243,-38.978983561197914,2.3399179288656407,1.0883331298828125,1.5125236888923268,-2.70782470703125,-0.06785074869791667,2.307001749674479,0.3913,0.0821,1.5749,-0.02015,-0.03069,-0.01247,0.0008820138755254447,0.0009999937610700727,0.0009201358770951629,0.0005079067195765674,0.0005001365789212286,0.0005738979671150446,0.01173606887459755,0.010186107829213142,0.011653736233711243,passive,0
5.0607,rehab,small_slow,42.69745260843868,-666.6330756886244,295.80059067057283,-177.38865977403984,0.1323761953640061,-149.98433080032154,26.7563,0.0573,-19.7479,11.3568,-1.0738,-23.0683,81.13864256603883,27.820686869101948,83.60390389319694,-23.406634860568577,-88.99396260579427,-38.925560845269096,2.2855029719890934,1.1971630436359066,1.4867642846437965,-2.741885715060764,-0.06785074869791667,2.2391425238715277,0.4199,0.1933,1.7149,-0.02631,-0.02343,-0.01386,0.0008820138755254447,0.0009999937610700727,0.0009201358770951629,0.0005079067195765674,0.0005001365789212286,0.0005738979671150446,0.01173606887459755,0.010186107829213142,0.011653736233711243,passive,0
5.0806,rehab,small_slow,43.10909919347982,-666.6334110194108,295.4843967621843,-177.38898511882877,0.13267686331859024,-149.98518682429028,26.9301,0.0233,-20.2161,12.8436,-1.3924,-23.0488,81.17464726514156,27.839539027450108,83.6284055804262,-23.45065646701389,-88.99503919813368,-38.88920254177517,2.3399179288656407,1.1971630436359066,1.5752259811552445,-2.8124576144748263,-0.06785074869791667,2.2391425238715277,0.3813,0.1423,1.2188,-0.02342,-0.0306,-0.01301,0.0008820138755254447,0.0009999937610700727,0.0009201358770951629,0.0005079067195765674,0.0005001365789212286,0.0005738979671150446,0.01173606887459755,0.010186107829213142,0.011653736233711243,passive,0
5.1009,rehab,small_slow,43.72216116266006,-666.6321290525908,295.0194698084194,-177.3886966320206,0.13245612620542266,-149.98716068956426,26.4412,-0.0134,-20.176,11.8901,-1.4797,-18.7278,81.22826000251392,27.867086429407102,83.66509692503674,-23.516930474175346,-88.99670071072049,-38.83437262641059,2.2310880151125465,1.1427480867593596,1.524998882029316,-2.7176327175564237,-0.06785074869791667,2.307001749674479,0.4682,0.0802,1.276,-0.02103,-0.02008,-0.01768,0.0008820138755254447,0.0009999937610700727,0.0009201358770951629,0.0005079067195765674,0.0005001365789212286,0.0005738979671150446,0.01173606887459755,0.010186107829213142,0.011653736233711243,passive,0
5.1206,rehab,small_slow,44.13216399919879,-666.6318637435735,294.7009801949365,-177.38885252140952,0.13250649900561623,-149.98832640820416,26.4557,-0.0408,-20.3757,5.6394,-1.1783,-9.5103,81.26413553067954,27.88608135563312,83.68988414802173,-23.56167263454861,-88.99787055121527,-38.79784478081597,2.2310880151125465,1.251584798982828,1.5704602534228032,-2.851893107096354,-0.0,2.2391425238715277,0.4465,0.1502,1.0934,-0.01622,-0.02363,-0.01367,0.0008820138755254447,0.0009999937610700727,0.0009201358770951629,0.0005079067195765674,0.0005001365789212286,0.0005738979671150446,0.01173606887459755,0.010186107829213142,0.011653736233711243,passive,0
5.1409,rehab,small_slow,44.87161998891561,-666.6352923517688,294.13115125399327,-177.38914889719854,0.13279553632582852,-149.98926215722403,26.6129,-0.0603,-20.5156,-3.178,-0.5892,1.7165,81.32886376711402,27.92078074842396,83.73304763642868,-23.641094631618923,-88.99980333116319,-38.73308817545573,2.3943328857421875,1.251584798982828,1.5596778794090347,-2.7671220567491317,-0.0,2.307001749674479,0.559,0.1102,1.2179,-0.0073,-0.03169,-0.01598,0.0008820138755254447,0.0009999937610700727,0.0009201358770951629,0.0005079067195765674,0.0005001365789212286,0.0005738979671150446,0.01173606887459755,0.010186107829213142,0.011653736233711243,passive,0
5.1607,rehab,small_slow,45.30933212351592,-666.6334190159434,293.7927596632052,-177.3898997782292,0.13341184133606196,-149.98903246935052,27.1775,-0.0619,-20.8003,-2.4577,0.0867,4.0696,81.36712555838103,27.941053787080367,83.75894980855507,-23.68743896484375,-89.00093078613281,-38.69558546278212,2.3943328857421875,1.305999755859375,1.5722550496016399,-2.8958977593315973,-0.06785074869791667,2.374852498372396,0.4654,0.1301,0.9434,-0.02086,-0.02354,-0.01534,0.0008820138755254447,0.0009999937610700727,0.0009201358770951629,0.0005079067195765674,0.0005001365789212286,0.0005738979671150446,0.01173606887459755,0.010186107829213142,0.011653736233711243,passive,0
5.1806,rehab,small_slow,45.746021262483495,-666.6371382821998,293.45545017480123,-177.3901326948871,0.13364265908146902,-149.98917626126467,27.2093,-0.0568,-20.6814,9.9524,0.81,-4.536,81.4053737527073,27.96197268042234,83.78387300094755,-23.734105428059895,-89.00204976399739,-38.657726711697045,2.448754641089109,1.305999755859375,1.5389969325301671,-3.008456759982639,-0.13570149739583334,2.374852498372396,0.3943,0.2864,1.032,-0.02476,-0.01588,-0.00696,0.0008820138755254447,0.0009999937610700727,0.0009201358770951629,0.0005079067195765674,0.0005001365789212286,0.0005738979671150446,0.01173606887459755,0.010186107829213142,0.011653736233711243,passive,0
5.2007,rehab,small_slow,46.41936509268273,-666.6376197100383,292.9486205539218,-177.3903790833553,0.13382926454815453,-149.98766831193237,27.0997,-0.0322,-20.5563,19.0184,1.469,-12.789,81.46428249850132,27.993014496151762,83.8220192182182,-23.804702758789062,-89.00377909342448,-38.601133558485245,2.448754641089109,1.251584798982828,1.6588539652305074,-3.0158827039930554,-0.06785074869791667,2.2391425238715277,0.4467,0.2341,0.9772,-0.01083,-0.02231,-0.00823,0.0008820138755254447,0.0009999937610700727,0.0009201358770951629,0.0005079067195765674,0.0005001365789212286,0.0005738979671150446,0.01173606887459755,0.010186107829213142,0.011653736233711243,passive,0
5.2208,rehab,small_slow,46.86985821081069,-666.6404956197453,292.61420093767754,-177.3900974183363,0.13356404836673932,-149.9863789660376,26.861,0.0021,-20.3937,22.1736,1.9319,-17.857,81.50373402208385,28.013899397141863,83.84676565038096,-23.85186089409722,-89.00495741102431,-38.56351216634115,2.448754641089109,1.251584798982828,1.5009322969040069,-2.9715813530815973,-0.0,2.374852498372396,0.4281,0.2146,1.5754,-0.01396,-0.02511,-0.01622,0.0008820138755254447,0.0009999937610700727,0.0009201358770951629,0.0005079067195765674,0.0005001365789212286,0.0005738979671150446,0.01173606887459755,0.010186107829213142,0.011653736233711243,passive,0
5.2407,rehab,small_slow,47.537365185532536,-666.6364150730916,292.1073485588926,-177.39028222885827,0.13373382831020153,-149.9862104987987,27.197,0.0413,-20.7451,21.2929,1.9363,-19.9532,81.56208529330716,28.04456049853032,83.8855781177483,-23.92282274034288,-89.00668674045139,-38.50613911946615,2.2855029719890934,1.251584798982828,1.5993469540435488,-2.9969194200303817,-0.06785074869791667,2.374852498372396,0.4669,0.1742,1.0761,-0.01419,-0.02211,-0.01376,0.0008820138755254447,0.0009999937610700727,0.0009201358770951629,0.0005079067195765674,0.0005001365789212286,0.0005738979671150446,0.01173606887459755,0.010186107829213142,0.011653736233711243,passive,0
5.261,rehab,small_slow,47.98153893681812,-666.6369819624562,291.7711539601407,-177.38987262724103,0.13337816659598978,-149.98602379331962,28.8239,0.0846,-22.1089,20.1989,1.3933,-21.3573,81.60096574537825,28.06533662399443,83.91088202448175,-23.970599704318577,-89.00787353515625,-38.4679921468099,2.3943328857421875,1.305999755859375,1.5861103322246286,-2.99088372124566,-0.06785074869791667,2.4427032470703125,0.5927,0.2104,1.2219,-0.01089,-0.01954,-0.01512,0.0008820138755254447,0.0009999937610700727,0.0009201358770951629,0.0005079067195765674,0.0005001365789212286,0.0005738979671150446,0.01173606887459755,0.010186107829213142,0.011653736233711243,passive,0
5.2807,rehab,small_slow,48.64289603525697,-666.6335075481342,291.25178093615034,-177.39018241429497,0.13355845262006616,-149.9866659582332,29.6222,0.121,-22.8896,18.1627,0.4408,-21.4237,81.65881392979385,28.096922317353805,83.95036074194577,-24.043053521050346,-89.00967915852864,-38.410330878363716,2.3943328857421875,1.251584798982828,1.5955398106338954,-3.0508168538411455,-0.06785074869791667,2.307001749674479,0.5619,0.1803,0.8956,-0.01725,-0.0225,-0.00974,0.0008820138755254447,0.0009999937610700727,0.0009201358770951629,0.0005079067195765674,0.0005001365789212286,0.0005738979671150446,0.01173606887459755,0.010186107829213142,0.011653736233711243,passive,0
5.3007,rehab,small_slow,49.08886511039256,-666.6325675369391,290.9047470295635,-177.3896351902081,0.13314801019134784,-149.9872109301879,29.4153,0.1342,-22.8681,9.8,-0.7338,-16.9929,81.69783714974281,28.118221925036742,83.97677279935024,-24.092627631293404,-89.01084899902344,-38.37132771809896,2.503169597965656,1.305999755859375,1.7132757205774287,-3.034939236111111,-0.13570149739583334,2.510553995768229,0.5894,0.096,0.5877,-0.01226,-0.01928,-0.01091,0.0008820138755254447,0.0009999937610700727,0.0009201358770951629,0.0005079067195765674,0.0005001365789212286,0.0005738979671150446,0.01173606887459755,0.010186107829213142,0.011653736233711243,passive,0
5.3205,rehab,small_slow,49.775663050839775,-666.6297719631053,290.36494593715076,-177.38946835472373,0.13307301673037095,-149.9866733784304,29.1127,0.1048,-22.7831,-3.5946,-1.8163,-9.0394,81.75790843397084,28.15136446811185,84.01750923383354,-24.16845533582899,-89.01258680555556,-38.31265767415365,2.503169597965656,1.360414712735922,1.6278597387937035,-3.285997178819444,-0.06785074869791667,2.4427032470703125,0.4774,0.1216,0.734,-0.02118,-0.02053,-0.0068,0.0008820138755254447,0.0009999937610700727,0.0009201358770951629,0.0005079067195765674,0.0005001365789212286,0.0005738979671150446,0.01173606887459755,0.010186107829213142,0.011653736233711243,passive,0
5.3407,rehab,small_slow,50.36112000452355,-666.6257456015824,289.9132609571671,-177.38909333547295,0.13275221900243955,-149.98499627197432,28.6912,0.0378,-22.6777,-19.0825,-2.5763,0.6237,81.80910091588993,28.179081831828203,84.0517531291093,-24.232381184895832,-89.0140872531467,-38.26387193467882,2.557584554842203,1.4148296696124691,1.7393138621113087,-3.102773030598958,-0.13570149739583334,2.5784132215711804,0.5015,0.201,1.4187,-0.02256,-0.02257,-0.01198,0.0008820138755254447,0.0009999937610700727,0.0009201358770951629,0.0005079067195765674,0.0005001365789212286,0.0005738979671150446,0.01173606887459755,0.010186107829213142,0.011653736233711243,passive,0
5.3607,rehab,small_slow,51.05578091576234,-666.6272172004072,289.3662320379175,-177.38857977744559,0.13231644157764974,-149.98409575872682,28.664,-0.0375,-22.9554,-22.851,-2.751,2.1703,81.86993362879988,28.213475293452195,84.09193888749226,-24.309412638346352,-89.01590983072917,-38.20482042100694,2.503169597965656,1.4148296696124691,1.675469426825495,-3.3204142252604165,-0.06785074869791667,2.510553995768229,0.8088,0.2903,1.662,0.00998,-0.02432,-0.01292,0.0008820138755254447,0.0009999937610700727,0.0009201358770951629,0.0005079067195765674,0.0005001365789212286,0.0005738979671150446,0.01173606887459755,0.010186107829213142,0.011653736233711243,passive,0
5.3805,rehab,small_slow,51.51390816624449,-666.6249221034069,288.9975982568683,-177.38857589835376,0.13231023826532864,-149.98434913941338,28.2022,-0.0942,-22.9844,-12.1249,-2.229,-5.7041,81.91001741012724,28.236284161558245,84.11945909556776,-24.36094495985243,-89.01712205674913,-38.16507127549913,2.448754641089109,1.4692514249593904,1.71732760892056,-3.2685173882378473,-0.06785074869791667,2.4427032470703125,0.6045,0.2835,1.6881,-0.01228,-0.03512,-0.01313,0.0008820138755254447,0.0009999937610700727,0.0009201358770951629,0.0005079067195765674,0.0005001365789212286,0.0005738979671150446,0.01173606887459755,0.010186107829213142,0.011653736233711243,passive,0
5.4007,rehab,small_slow,51.96344792497008,-666.630157933525,288.62648949796187,-177.38801797377167,0.13189308720826368,-149.98524735262694,27.8374,-0.1299,-23.0753,2.6296,-0.987,-15.2092,81.94944853829865,28.260092404809328,84.14605471167233,-24.41324022081163,-89.01831732855902,-38.125339084201386,2.448754641089109,1.4692514249593904,1.634359076471612,-3.2903205023871527,-0.0,2.510553995768229,0.6162,0.2205,0.8618,-0.0204,-0.0208,-0.01272,0.0008820138755254447,0.0009999937610700727,0.0009201358770951629,0.0005079067195765674,0.0005001365789212286,0.0005738979671150446,0.01173606887459755,0.010186107829213142,0.011653736233711243,passive,0
5.4206,rehab,small_slow,52.6386745198732,-666.6344317795204,288.0579697354185,-177.3876050862227,0.13154805888248408,-149.98684499025515,27.7149,-0.1421,-23.2515,15.7209,0.5992,-21.7787,82.00864281984839,28.296165088615794,84.18725344214108,-24.492848714192707,-89.02015686035156,-38.06545681423611,2.557584554842203,1.5780813387124846,1.7000187033473855,-3.4545305040147567,-0.06785074869791667,2.4427032470703125,0.5362,0.2151,0.9616,-0.03556,-0.01815,-0.01449,0.0008820138755254447,0.0009999937610700727,0.0009201358770951629,0.0005079067195765674,0.0005001365789212286,0.0005738979671150446,0.01173606887459755,0.010186107829213142,0.011653736233711243,passive,0
5.4407,rehab,small_slow,53.09901644746026,-666.6410089598489,287.6639554991183,-177.38764066639575,0.13156813779052096,-149.98702995457722,28.0237,-0.1055,-23.6154,22.0758,1.9266,-21.6541,82.04903933081296,28.32170014334197,84.21478724715733,-24.547076755099827,-89.02137756347656,-38.02549574110243,2.61199951171875,1.5780813387124846,1.8032330805712407,-3.491270277235243,-0.06785074869791667,2.510553995768229,0.5013,0.3172,1.3227,-0.01543,-0.02571,-0.01448,0.0008820138755254447,0.0009999937610700727,0.0009201358770951629,0.0005079067195765674,0.0005001365789212286,0.0005738979671150446,0.01173606887459755,0.010186107829213142,0.011653736233711243,passive,0
5.4609,rehab,small_slow,53.80473675392871,-666.6387784864515,287.06578910381506,-177.38894180974748,0.13257271211289656,-149.98752530826812,29.1381,-0.0562,-24.4623,25.0364,2.5801,-19.1101,82.11081703110497,28.35931607992342,84.25788954933091,-24.62799072265625,-89.02325100368924,-37.96414693196615,2.448754641089109,1.686918050935953,1.80867865534112,-3.3643256293402777,-0.06785074869791667,2.5784132215711804,0.4802,0.3494,1.2118,-0.02889,-0.02316,-0.01398,0.0008820138755254447,0.0009999937610700727,0.0009201358770951629,0.0005079067195765674,0.0005001365789212286,0.0005738979671150446,0.01173606887459755,0.010186107829213142,0.011653736233711243,passive,0
5.4805,rehab,small_slow,54.28847453992598,-666.6389906723997,286.65954684091486,-177.39011294411506,0.133475485046277,-149.98681306303493,30.055,0.0134,-25.1237,27.4345,2.575,-18.5986,82.15317830000774,28.385279438283185,84.28636154325882,-24.682176378038193,-89.02450561523438,-37.92311774359809,2.61199951171875,1.6325030940594059,1.75913140325263,-3.320634629991319,-0.06785074869791667,2.510553995768229,0.5554,0.2904,1.1522,-0.03272,-0.03144,-0.01515,0.0008820138755254447,0.0009999937610700727,0.0009201358770951629,0.0005079067195765674,0.0005001365789212286,0.0005738979671150446,0.01173606887459755,0.010186107829213142,0.011653736233711243,passive,0
5.5007,rehab,small_slow,55.00785308020772,-666.6370968330269,286.07239288540717,-177.3902867585892,0.1335616159451755,-149.98591316044084,30.6664,0.091,-25.5346,23.0239,2.0128,-16.2435,82.216159329556,28.422677823812656,84.32845767181699,-24.76331075032552,-89.02640448676215,-37.8619639078776,2.503169597965656,1.6325030940594059,1.7313324578917852,-3.4415351019965277,-0.06785074869791667,2.5784132215711804,0.5405,0.3716,1.4002,-0.00831,-0.00854,-0.00705,0.0008820138755254447,0.0009999937610700727,0.0009201358770951629,0.0005079067195765674,0.0005001365789212286,0.0005738979671150446,0.01173606887459755,0.010186107829213142,0.011653736233711243,passive,0
5.5206,rehab,small_slow,55.48402459910929,-666.635513452229,285.67519016243375,-177.39050254626707,0.13375955255264446,-149.98556989532366,30.5869,0.1254,-25.3772,12.3228,0.9358,-11.819,82.25784075142133,28.447954536664604,84.35691606880414,-24.81797112358941,-89.02761671278212,-37.821248372395836,2.7752511808187657,1.5236663818359375,1.718129828424737,-3.4846242268880205,-0.13570149739583334,2.510553995768229,0.7548,0.3431,2.0036,-0.00832,-0.00974,-0.01567,0.0008820138755254447,0.0009999937610700727,0.0009201358770951629,0.0005079067195765674,0.0005001365789212286,0.0005738979671150446,0.01173606887459755,0.010186107829213142,0.011653736233711243,passive,0
5.5408,rehab,small_slow,56.196420774864826,-666.6325587464605,285.08755691795295,-177.3895310363225,0.13303239158799862,-149.98635291938734,30.1131,0.1087,-25.0296,-1.8545,-0.3556,-6.5253,82.32020991863591,28.48533252678295,84.39967844745901,-24.90118238661024,-89.0294901529948,-37.75904337565104,2.557584554842203,1.5780813387124846,1.820698350963026,-3.4708658854166665,-0.06785074869791667,2.6462639702690973,0.5773,0.343,1.8915,-0.02847,-0.01464,-0.01514,0.0008820138755254447,0.0009999937610700727,0.0009201358770951629,0.0005079067195765674,0.0005001365789212286,0.0005738979671150446,0.01173606887459755,0.010186107829213142,0.011653736233711243,passive,0
5.5611,rehab,small_slow,56.67000370086855,-666.6318451920114,284.6863017231863,-177.3890861041834,0.13265709472008475,-149.9865744335088,30.5003,0.0738,-25.5583,-12.9298,-1.5928,-4.295,82.36169418486038,28.51102394632774,84.42851076031675,-24.95751274956597,-89.03076171875,-37.717980278862846,2.6664212670656715,1.5780813387124846,1.7286470620939047,-3.4960089789496527,-0.06785074869791667,2.4427032470703125,0.4995,0.1803,1.238,-0.02677,-0.01016,-0.01475,0.0008820138755254447,0.0009999937610700727,0.0009201358770951629,0.0005079067195765674,0.0005001365789212286,0.0005738979671150446,0.01173606887459755,0.010186107829213142,0.011653736233711243,passive,0
5.5806,rehab,small_slow,57.519474718497165,-666.6277645064687,283.9676201825738,-177.38884546422517,0.132449660333477,-149.98571364304965,30.5486,0.0453,-26.0183,-18.0712,-2.4389,-4.6901,82.43606265228574,28.556995202999303,84.47996838258044,-25.057415432400173,-89.03297424316406,-37.64561123318142,2.8296661376953125,1.7413330078125,1.8118399440652073,-3.588070339626736,-0.13570149739583334,2.5784132215711804,0.6221,0.3605,1.7188,-0.03179,-0.01736,-0.01607,0.0008820138755254447,0.0009999937610700727,0.0009201358770951629,0.0005079067195765674,0.0005001365789212286,0.0005738979671150446,0.01173606887459755,0.010186107829213142,0.011653736233711243,passive,0
5.6006,rehab,small_slow,58.00433334120632,-666.6286747106144,283.5600846392183,-177.38796526285532,0.13182557737276565,-149.98566876380426,29.8513,-0.0129,-25.9321,-17.3775,-2.4292,-5.9233,82.47854629365524,28.583529632870512,84.50873950920483,-25.115042792426216,-89.03420342339409,-37.60382758246528,2.884087893042234,1.7413330078125,1.8721831671082148,-3.7182108561197915,-0.06785074869791667,2.5784132215711804,0.9455,0.3932,1.5108,-0.00585,-0.02827,-0.01517,0.0008820138755254447,0.0009999937610700727,0.0009201358770951629,0.0005079067195765674,0.0005001365789212286,0.0005738979671150446,0.01173606887459755,0.010186107829213142,0.011653736233711243,passive,0
5.6207,rehab,small_slow,58.49111677719714,-666.6289596875991,283.13464038519123,-177.38820427100515,0.13199692788655001,-149.98552202382524,29.4763,-0.0689,-26.0799,-8.4653,-1.6533,-9.6887,82.52119989678411,28.611185810353497,84.53831965380375,-25.173229641384548,-89.03548346625433,-37.561984592013886,2.6664212670656715,1.7413330078125,1.845580752533261,-3.6444515652126737,-0.06785074869791667,2.4427032470703125,0.8939,0.3857,1.837,-0.01124,-0.01983,-0.02299,0.0008820138755254447,0.0009999937610700727,0.0009201358770951629,0.0005079067195765674,0.0005001365789212286,0.0005738979671150446,0.01173606887459755,0.010186107829213142,0.011653736233711243,passive,0
5.6408,rehab,small_slow,59.21100684253563,-666.632601286986,282.49733570336866,-177.3877914296724,0.13172927307785004,-149.98587684143087,29.0352,-0.1021,-26.096,0.9987,-0.5883,-10.1904,82.58431689573986,28.652989604685565,84.58237374182976,-25.261433919270832,-89.03733995225694,-37.49951680501302,2.503169597965656,1.686918050935953,1.9395832023998298,-3.6901177300347223,-0.13570149739583334,2.6462639702690973,0.7921,0.3431,1.5975,-0.02219,-0.01595,-0.01851,0.0008820138755254447,0.0009999937610700727,0.0009201358770951629,0.0005079067195765674,0.0005001365789212286,0.0005738979671150446,0.01173606887459755,0.010186107829213142,0.011653736233711243,passive,0
5.661,rehab,small_slow,59.6905441914371,-666.6332909584959,282.0564181886225,-177.38899304089264,0.13265243380136008,-149.98628303807132,29.1143,-0.1198,-26.3091,10.1534,0.4758,-8.1338,82.62634503959428,28.68179472366182,84.61236179465115,-25.31995137532552,-89.03860304090712,-37.45775010850694,2.557584554842203,1.686918050935953,1.8583958691889697,-3.6310492621527777,-0.13570149739583334,2.510553995768229,0.7963,0.198,0.5885,-0.01013,-0.02837,-0.01177,0.0008820138755254447,0.0009999937610700727,0.0009201358770951629,0.0005079067195765674,0.0005001365789212286,0.0005738979671150446,0.01173606887459755,0.010186107829213142,0.011653736233711243,passive,0
5.6806,rehab,small_slow,60.39461567674206,-666.6366865243963,281.40466679810964,-177.39038526291208,0.13374523546876566,-149.9885161208073,29.2618,-0.0899,-26.2866,19.2312,1.3415,-7.6561,82.68808874753442,28.724740661016785,84.65629351021039,-25.40692647298177,-89.04049343532986,-37.39476521809896,2.503169597965656,1.795747964689047,1.8735292642423422,-3.577278984917535,-0.06785074869791667,2.6462639702690973,0.7471,0.2033,0.551,-0.00599,-0.02032,-0.01106,0.0008820138755254447,0.0009999937610700727,0.0009201358770951629,0.0005079067195765674,0.0005001365789212286,0.0005738979671150446,0.01173606887459755,0.010186107829213142,0.011653736233711243,passive,0
5.701,rehab,small_slow,60.866084614648386,-666.6401780149281,280.9814835198866,-177.39049936678353,0.13378059437522574,-149.98987117802187,30.3654,-0.0243,-26.8412,24.0686,1.7645,-7.9896,82.72945743976253,28.752954313070468,84.68468392249382,-25.464664035373264,-89.04181586371527,-37.352701822916664,2.7208362239422184,1.7413330078125,1.7100124547977258,-3.5880788167317705,-0.06785074869791667,2.5784132215711804,0.7503,0.261,0.6862,-0.01266,-0.03198,-0.01284,0.0008820138755254447,0.0009999937610700727,0.0009201358770951629,0.0005079067195765674,0.0005001365789212286,0.0005738979671150446,0.01173606887459755,0.010186107829213142,0.011653736233711243,passive,0
5.7208,rehab,small_slow,61.58792708964386,-666.6388427378295,280.3418173258406,-177.39125736739805,0.13432598330265985,-149.99036814827898,31.4444,0.0266,-27.4014,23.5342,1.5126,-9.382,82.7927036096554,28.795125224802753,84.72809895430461,-25.551172892252602,-89.04374864366319,-37.28994581434462,2.7208362239422184,1.7413330078125,1.818257700098623,-3.458709716796875,-0.13570149739583334,2.714114718967014,0.7458,0.394,1.3776,-0.0147,-0.01717,-0.01563,0.0008820138755254447,0.0009999937610700727,0.0009201358770951629,0.0005079067195765674,0.0005001365789212286,0.0005738979671150446,0.01173606887459755,0.010186107829213142,0.011653736233711243,passive,0
5.7409,rehab,small_slow,62.08059258007383,-666.6382221208762,279.9246645430125,-177.39036032361844,0.13365838271074357,-149.99001205576872,31.3855,0.057,-27.0532,16.7152,0.8103,-11.1,82.83586709806235,28.822842588519105,84.75671371611038,-25.60986836751302,-89.0450202094184,-37.24780612521701,2.7752511808187657,1.686918050935953,1.7904043669747833,-3.7016720241970487,-0.06785074869791667,2.5784132215711804,0.8111,0.3955,1.0337,-0.01296,-0.01494,-0.01407,0.0008820138755254447,0.0009999937610700727,0.0009201358770951629,0.0005079067195765674,0.0005001365789212286,0.0005738979671150446,0.01173606887459755,0.010186107829213142,0.011653736233711243,passive,0
5.7608,rehab,small_slow,62.84046512046357,-666.6354407581601,279.291350607,-177.38926862577233,0.13286901508635635,-149.9880793577142,31.3544,0.0591,-26.9824,6.9593,-0.1112,-13.4293,82.90241052608678,28.865047492603264,84.79983641369508,-25.698420206705727,-89.04692755805121,-37.184202406141495,2.938502849918781,1.7413330078125,1.830705699354115,-3.7441168891059027,-0.06785074869791667,2.6462639702690973,0.7521,0.3921,1.2016,-0.01479,-0.01999,-0.01262,0.0008820138755254447,0.0009999937610700727,0.0009201358770951629,0.0005079067195765674,0.0005001365789212286,0.0005738979671150446,0.01173606887459755,0.010186107829213142,0.011653736233711243,passive,0
5.7809,rehab,small_slow,63.34057932195679,-666.6316432269878,278.86457405909766,-177.3885316437666,0.13232056652171037,-149.98707441025385,31.2235,0.0348,-27.2254,-8.0642,-0.9322,-10.3021,82.94619267529781,28.893227152305073,84.82932817817914,-25.758251614040798,-89.04819912380643,-37.14210510253906,2.6664212670656715,1.795747964689047,1.90947957558207,-3.620113796657986,-0.06785074869791667,2.5784132215711804,0.6568,0.4481,0.9875,-0.00869,-0.01325,-0.00842,0.0008820138755254447,0.0009999937610700727,0.0009201358770951629,0.0005079067195765674,0.0005001365789212286,0.0005738979671150446,0.01173606887459755,0.010186107829213142,0.011653736233711243,passive,0
5.8008,rehab,small_slow,64.2045925835715,-666.6319291177725,278.10556014822834,-177.38732260098044,0.13140225697137337,-149.9862831260974,31.3318,-0.0094,-27.9182,-20.8,-1.1281,-5.1541,83.02192083679803,28.944174889290686,84.88039148916113,-25.86395263671875,-89.05044555664062,-37.068371242947045,2.7752511808187657,1.9045846769125154,1.8347983785194926,-3.7644365098741317,-0.06785074869791667,2.6462639702690973,0.8396,0.4092,1.6004,-0.02227,-0.01509,-0.01601,0.0008820138755254447,0.0009999937610700727,0.0009201358770951629,0.0005079067195765674,0.0005001365789212286,0.0005738979671150446,0.01173606887459755,0.010186107829213142,0.011653736233711243,passive,0
5.8205,rehab,small_slow,64.68573459825481,-666.6339246957857,277.6580134392884,-177.38738212457977,0.13142004595885307,-149.98726855337483,30.8924,-0.038,-28.1652,-16.4457,-0.7402,-9.9723,83.06412574088219,28.974339702341815,84.90995123834894,-25.924869113498264,-89.051759507921,-37.02587551540798,2.7208362239422184,1.8501697200359684,1.7833611516669245,-3.8755374484592013,-0.13570149739583334,2.5784132215711804,0.7051,0.5491,1.4057,-0.0202,-0.01401,-0.02039,0.0008820138755254447,0.0009999937610700727,0.0009201358770951629,0.0005079067195765674,0.0005001365789212286,0.0005738979671150446,0.01173606887459755,0.010186107829213142,0.011653736233711243,passive,0
5.8407,rehab,small_slow,65.17595565390162,-666.6360364383467,277.2027933695428,-177.3875488939736,0.1315195463803615,-149.98682924047532,30.5399,-0.0479,-28.4544,-6.5447,-0.0809,-15.2841,83.10711926752978,29.005157168548887,84.93974213552947,-25.986514621310764,-89.05304802788628,-36.98402404785156,2.6664212670656715,2.067836346012531,1.9283453308709777,-3.835635715060764,-0.06785074869791667,2.5784132215711804,0.8424,0.4626,0.8384,-0.01388,-0.01975,-0.01444,0.0008820138755254447,0.0009999937610700727,0.0009201358770951629,0.0005079067195765674,0.0005001365789212286,0.0005738979671150446,0.01173606887459755,0.010186107829213142,0.011653736233711243,passive,0
5.8605,rehab,small_slow,65.91825511199428,-666.6390843139674,276.4979801726888,-177.38896200724662,0.1325710046469897,-149.98614712614884,30.1665,-0.0439,-28.4211,-1.7406,0.5678,-12.9666,83.17221462136447,29.052984407632657,84.98514911915996,-26.079847547743054,-89.05497233072917,-36.920674641927086,2.6664212670656715,2.0134145906656093,1.8542420037902227,-3.9950985378689237,-0.06785074869791667,2.6462639702690973,0.7782,0.442,1.0851,-0.01893,-0.01335,-0.01639,0.0008820138755254447,0.0009999937610700727,0.0009201358770951629,0.0005079067195765674,0.0005001365789212286,0.0005738979671150446,0.01173606887459755,0.010186107829213142,0.011653736233711243,passive,0
5.8809,rehab,small_slow,66.42183587845913,-666.6390137460102,276.0188027217578,-177.39055279739938,0.1338105403349321,-149.98546938257994,29.5077,-0.0095,-27.9098,4.764,0.9587,-12.2359,83.21634349256459,29.08543350672958,85.01583741442992,-26.14222208658854,-89.05622694227431,-36.87793307834201,2.7752511808187657,1.9589996337890625,1.8966304665744895,-3.8065592447916665,-0.06785074869791667,2.6462639702690973,0.8654,0.4921,1.1242,-0.01831,-0.00451,-0.01981,0.0008820138755254447,0.0009999937610700727,0.0009201358770951629,0.0005079067195765674,0.0005001365789212286,0.0005738979671150446,0.01173606887459755,0.010186107829213142,0.011653736233711243,passive,0
5.9009,rehab,small_slow,67.17387379448287,-666.6367375029488,275.3136892908853,-177.39143294392167,0.13449688349459424,-149.98481544415068,30.4618,0.0317,-28.8038,15.0466,0.8776,-18.3148,83.2822342674331,29.13305679170212,85.0619106481571,-26.236682467990452,-89.05814276801215,-36.8137698703342,2.61199951171875,2.0134145906656093,2.0238162503384127,-4.015553792317708,-0.06785074869791667,2.714114718967014,0.8423,0.4391,1.4808,-0.01956,-0.01592,-0.02255,0.0008820138755254447,0.0009999937610700727,0.0009201358770951629,0.0005079067195765674,0.0005001365789212286,0.0005738979671150446,0.01173606887459755,0.010186107829213142,0.011653736233711243,passive,0
5.9206,rehab,small_slow,67.66683353812616,-666.6352603085927,274.85166077027014,-177.39138933143272,0.13447517006129134,-149.98473533137678,31.6638,0.049,-29.9091,22.4916,0.4721,-24.6133,83.3254317481919,29.164316158483523,85.09231340767133,-26.299633449978298,-89.05941433376736,-36.77136739095052,2.6664212670656715,1.8501697200359684,1.8662005131787593,-3.9423624674479165,-0.06785074869791667,2.5784132215711804,0.9381,0.46,1.0742,-0.00285,-0.01642,-0.016,0.0008820138755254447,0.0009999937610700727,0.0009201358770951629,0.0005079067195765674,0.0005001365789212286,0.0005738979671150446,0.01173606887459755,0.010186107829213142,0.011653736233711243,passive,0
5.9408,rehab,small_slow,68.39444434036751,-666.6343363801382,274.16703753427174,-177.39004702659474,0.1334562072125441,-149.98577668807994,31.4092,0.0501,-29.7231,19.9783,-0.0336,-24.2923,83.38922179571473,29.21078370349242,85.13774078671295,-26.395077175564236,-89.06135559082031,-36.70761956108941,2.7752511808187657,2.067836346012531,1.9002540512840347,-4.036500718858507,-0.0,2.6462639702690973,0.7681,0.4324,1.3349,-0.02732,-0.02784,-0.01484,0.0008820138755254447,0.0009999937610700727,0.0009201358770951629,0.0005079067195765674,0.0005001365789212286,0.0005738979671150446,0.01173606887459755,0.010186107829213142,0.011653736233711243,passive,0
5.9606,rehab,small_slow,68.8730535697599,-666.6339182239782,273.7142818818157,-177.38866043053028,0.1324838302097673,-149.98725557695835,31.5828,0.0357,-30.0482,11.6544,-0.4904,-19.3806,83.43118195486541,29.241567177347616,85.1679259951752,-26.458986070421005,-89.06260172526042,-36.66490342881944,2.6664212670656715,1.9589996337890625,1.9330090815478032,-4.085439046223958,-0.13570149739583334,2.8498246934678817,0.9274,0.4531,1.6266,-0.02316,-0.0293,-0.02168,0.0008820138755254447,0.0009999937610700727,0.0009201358770951629,0.0005079067195765674,0.0005001365789212286,0.0005738979671150446,0.01173606887459755,0.010186107829213142,0.011653736233711243,passive,0
5.9809,rehab,small_slow,69.60326056892504,-666.6332265245777,273.01402664006105,-177.38791063829453,0.13187050001608275,-149.98837616917768,32.1583,0.0048,-30.9134,-0.0534,-0.6188,-10.1072,83.49520994885133,29.28940801337214,85.21362531303178,-26.555362277560764,-89.06458536783855,-36.600850423177086,2.7752511808187657,1.9589996337890625,1.89849324745707,-3.995115492078993,-0.06785074869791667,2.6462639702690973,0.9314,0.5311,0.9087,-0.01875,-0.02129,-0.01458,0.0008820138755254447,0.0009999937610700727,0.0009201358770951629,0.0005079067195765674,0.0005001365789212286,0.0005738979671150446,0.01173606887459755,0.010186107829213142,0.011653736233711243,passive,0
6.0009,rehab,small_slow,70.21990104350988,-666.6339526486372,272.41870477878075,-177.38784166959448,0.1318295816357406,-149.98823098462756,32.1662,-0.0125,-31.1855,-14.58,-0.2489,4.1675,83.54927818373878,29.330443580551904,85.25160836701346,-26.636004977756077,-89.06617906358507,-36.547843085394966,2.7208362239422184,2.067836346012531,1.8646640588741492,-4.000150892469618,-0.06785074869791667,2.6462639702690973,0.7176,0.6236,1.0237,-0.02533,-0.01244,-0.01289,0.0008820138755254447,0.0009999937610700727,0.0009201358770951629,0.0005079067195765674,0.0005001365789212286,0.0005738979671150446,0.01173606887459755,0.010186107829213142,0.011653736233711243,passive,0
6.0206,rehab,small_slow,70.97335583551161,-666.6345737628902,271.6906204080199,-177.38871289999094,0.13247324318572745,-149.98696591759054,31.4872,-0.0108,-30.7321,-23.7604,0.2223,15.9473,83.61533212189627,29.380929021552056,85.29714452158106,-26.732796563042534,-89.06810336642795,-36.484154595269096,2.8296661376953125,2.2310880151125465,1.9439274249690595,-3.959079318576389,-0.06785074869791667,2.6462639702690973,0.9255,0.5842,1.2606,-0.01362,-0.01657,-0.01675,0.0008820138755254447,0.0009999937610700727,0.0009201358770951629,0.0005079067195765674,0.0005001365789212286,0.0005738979671150446,0.01173606887459755,0.010186107829213142,0.011653736233711243,passive,0
6.0409,rehab,small_slow,71.47132585072069,-666.6340202337129,271.2016223065714,-177.38935809321816,0.13294671461019653,-149.98692844029654,30.5353,-0.0039,-29.9468,-25.7135,0.4805,21.7647,83.65898510017017,29.414751411664604,85.32785321226214,-26.79777357313368,-89.06940036349826,-36.44127739800347,2.7752511808187657,2.176666259765625,1.8547654860090501,-4.019198947482638,-0.06785074869791667,2.714114718967014,0.8908,0.406,1.2518,-0.01844,-0.01395,-0.01708,0.0008820138755254447,0.0009999937610700727,0.0009201358770951629,0.0005079067195765674,0.0005001365789212286,0.0005738979671150446,0.01173606887459755,0.010186107829213142,0.011653736233711243,passive,0
6.0611,rehab,small_slow,72.21700577773866,-666.6341909308729,270.45914603018434,-177.39098155345113,0.13418048170149574,-149.98617649967844,30.5369,0.0179,-29.9564,-24.5079,0.4427,23.2168,83.72435239281985,29.466378995687656,85.37372929034846,-26.895082261827255,-89.07128228081596,-36.377766927083336,2.8296661376953125,2.122251302889078,1.9374756765837717,-4.043646918402778,-0.06785074869791667,2.714114718967014,0.8264,0.4761,1.2213,-0.0275,-0.01109,-0.02283,0.0008820138755254447,0.0009999937610700727,0.0009201358770951629,0.0005079067195765674,0.0005001365789212286,0.0005738979671150446,0.01173606887459755,0.010186107829213142,0.011653736233711243,passive,0
6.0806,rehab,small_slow,72.71336953364005,-666.6349136979751,269.97322455310564,-177.39107523782948,0.1342461379352241,-149.9857792548248,30.0843,0.0526,-29.4325,-13.2205,-0.0055,11.8785,83.76787620015664,29.50037134755956,85.40388730492923,-26.960347493489582,-89.07256232367621,-36.33538140190972,2.7208362239422184,2.176666259765625,1.893040874216816,-4.100901285807292,-0.06785074869791667,2.714114718967014,0.8543,0.5116,0.6323,-0.01642,-0.00067,-0.01817,0.0008820138755254447,0.0009999937610700727,0.0009201358770951629,0.0005079067195765674,0.0005001365789212286,0.0005738979671150446,0.01173606887459755,0.010186107829213142,0.011653736233711243,passive,0
6.1005,rehab,small_slow,73.20869845625216,-666.6330627510569,269.4888480111458,-177.3911263937172,0.1342508465386733,-149.98579669859973,28.9827,0.0562,-28.2806,5.7549,-0.6806,-9.6153,83.81129123196743,29.53404417132387,85.43433765373608,-27.025663587782116,-89.07387627495659,-36.29269070095486,2.557584554842203,2.122251302889078,1.8602518516011757,-4.078521728515625,-0.06785074869791667,2.5784132215711804,0.955,0.6378,0.9756,-0.00436,-0.01002,-0.01249,0.0008820138755254447,0.0009999937610700727,0.0009201358770951629,0.0005079067195765674,0.0005001365789212286,0.0005738979671150446,0.01173606887459755,0.010186107829213142,0.011653736233711243,passive,0
6.121,rehab,small_slow,73.94677998594274,-666.6320239075084,268.76740374333804,-177.3905491157747,0.1338015296210749,-149.98584873356796,29.4819,0.0182,-28.8094,19.5874,-1.1793,-27.1052,83.8759990729908,29.5845364107944,85.4794455046701,-27.123836941189236,-89.07581753200955,-36.229044596354164,2.7208362239422184,2.0134145906656093,1.8907157973487778,-4.175220065646701,-0.06785074869791667,2.5784132215711804,0.8005,0.5697,1.0634,-0.02263,-0.00373,-0.01266,0.0008820138755254447,0.0009999937610700727,0.0009201358770951629,0.0005079067195765674,0.0005001365789212286,0.0005738979671150446,0.01173606887459755,0.010186107829213142,0.011653736233711243,passive,0
6.1408,rehab,small_slow,74.4435436905069,-666.6307421260234,268.2871550912663,-177.39011901383455,0.133500097474534,-149.9852589119936,30.6707,-0.0236,-30.2022,24.3367,-1.3197,-35.2376,83.91953647726834,29.618277219262453,85.50928399114325,-27.189161512586804,-89.07708062065971,-36.186837090386284,2.884087893042234,2.176666259765625,1.8747189965578588,-4.119330512152778,-0.06785074869791667,2.6462639702690973,0.734,0.531,1.2508,-0.03567,-0.01026,-0.01829,0.0008820138755254447,0.0009999937610700727,0.0009201358770951629,0.0005079067195765674,0.0005001365789212286,0.0005738979671150446,0.01173606887459755,0.010186107829213142,0.011653736233711243,passive,0
6.1607,rehab,small_slow,75.18691801718894,-666.628860519861,267.56550238578814,-177.38932936063964,0.1329420125286813,-149.98507438630745,31.0863,-0.066,-31.0089,16.8881,-0.9863,-29.0361,83.9846930173364,29.66912297919245,85.55397033691406,-27.287504408094616,-89.07899644639757,-36.12297905815972,2.7208362239422184,2.176666259765625,1.8524200137298885,-4.011128743489583,-0.06785074869791667,2.5784132215711804,0.9213,0.4841,1.3558,-0.02463,-0.0231,-0.02547,0.0008820138755254447,0.0009999937610700727,0.0009201358770951629,0.0005079067195765674,0.0005001365789212286,0.0005738979671150446,0.01173606887459755,0.010186107829213142,0.011653736233711243,passive,0
6.1809,rehab,small_slow,75.67115374411834,-666.6313275003102,267.0802626729575,-177.38888876850228,0.13262601694184192,-149.98554325462504,32.088,-0.0926,-32.4039,6.5578,0.0471,-17.3699,84.02717665870591,29.70369999951655,85.58333972893139,-27.35321044921875,-89.08026801215277,-36.08077155219184,2.7208362239422184,2.122251302889078,1.8384627540512841,-4.121305677625868,-0.06785074869791667,2.714114718967014,0.8864,0.4686,0.6669,-0.02294,-0.01164,-0.02128,0.0008820138755254447,0.0009999937610700727,0.0009201358770951629,0.0005079067195765674,0.0005001365789212286,0.0005738979671150446,0.01173606887459755,0.010186107829213142,0.011653736233711243,passive,0
6.2005,rehab,small_slow,76.39427995086884,-666.6377755166907,266.3419819061375,-177.38883023438916,0.132602253170689,-149.9860389386628,31.8813,-0.0771,-32.4224,-1.9743,1.2858,-5.9128,84.09064037965075,29.756721269966352,85.62706069190904,-27.451824612087673,-89.08214992947049,-36.01793077256944,2.61199951171875,2.2855029719890934,1.8007788327660892,-4.186231825086805,-0.06785074869791667,2.5784132215711804,0.937,0.584,0.619,-0.02365,-0.00848,-0.01854,0.0008820138755254447,0.0009999937610700727,0.0009201358770951629,0.0005079067195765674,0.0005001365789212286,0.0005738979671150446,0.01173606887459755,0.010186107829213142,0.011653736233711243,passive,0
6.221,rehab,small_slow,76.99112907145707,-666.6397502563398,265.7151932319031,-177.38971856196125,0.133245410427216,-149.98696439363104,31.257,-0.0296,-31.8552,-17.6227,1.975,13.3075,84.14299540000387,29.801353227974165,85.66439109273476,-27.534196641710068,-89.08372667100694,-35.965584648980034,2.557584554842203,2.176666259765625,1.8885130929474783,-4.145389133029513,-0.0,2.6462639702690973,0.9667,0.5868,0.6141,-0.03018,-0.01697,-0.01895,0.0008820138755254447,0.0009999937610700727,0.0009201358770951629,0.0005079067195765674,0.0005001365789212286,0.0005738979671150446,0.01173606887459755,0.010186107829213142,0.011653736233711243,passive,0
6.2405,rehab,small_slow,77.71246191532501,-666.6399310592856,264.97090328415,-177.3902000783446,0.13357398228896772,-149.98763005707306,30.4086,0.0233,-30.9606,-27.9834,1.7786,25.9922,84.20624836836711,29.85441528924621,85.7089074767462,-27.632997300889755,-89.08563401963976,-35.90278625488281,2.7208362239422184,2.176666259765625,1.8883023403658725,-4.089999728732638,-0.06785074869791667,2.510553995768229,1.1069,0.618,1.2825,-0.00886,-0.01403,-0.02238,0.0008820138755254447,0.0009999937610700727,0.0009201358770951629,0.0005079067195765674,0.0005001365789212286,0.0005738979671150446,0.01173606887459755,0.010186107829213142,0.011653736233711243,passive,0
6.2614,rehab,small_slow,78.19192811728256,-666.6382826573907,264.48431247877556,-177.38979294830457,0.13322195281682633,-149.98810942946204,28.8788,0.0865,-29.3175,-31.1318,0.881,29.1972,84.2482833106919,29.889046697333306,85.73846722593402,-27.69892374674479,-89.08693949381511,-35.86101955837673,2.61199951171875,2.067836346012531,1.7950681176516088,-4.101062350802951,-0.06785074869791667,2.5784132215711804,0.9649,0.734,1.4691,-0.01155,-0.00491,-0.01729,0.0008820138755254447,0.0009999937610700727,0.0009201358770951629,0.0005079067195765674,0.0005001365789212286,0.0005738979671150446,0.01173606887459755,0.010186107829213142,0.011653736233711243,passive,0
6.2821,rehab,small_slow,78.92387506789163,-666.6323470917927,263.75715809014144,-177.38881061373462,0.13246415680282436,-149.98716081945474,30.0697,0.13,-30.559,-22.4964,-0.3964,17.3896,84.31240648326308,29.940749064530475,85.78290202830097,-27.798080444335938,-89.08884684244792,-35.79896714952257,2.7208362239422184,2.122251302889078,1.8659829621267792,-4.173346625434028,-0.06785074869791667,2.714114718967014,0.8965,0.6752,0.7866,-0.00922,-0.014,-0.01621,0.0008820138755254447,0.0009999937610700727,0.0009201358770951629,0.0005079067195765674,0.0005001365789212286,0.0005738979671150446,0.01173606887459755,0.010186107829213142,0.011653736233711243,passive,0
6.3007,rehab,small_slow,79.41450463042668,-666.6294021345843,263.2729272715838,-177.38791197273065,0.1318756320369306,-149.98665196878858,29.7921,0.088,-30.4581,-2.14,-1.3487,-6.1509,84.3553864129699,29.975455255791694,85.81214224938118,-27.864295111762154,-89.09005906846788,-35.757242838541664,2.6664212670656715,2.2310880151125465,1.8071014102142635,-4.171922471788195,-0.13570149739583334,2.5784132215711804,0.9125,0.4394,0.3254,-0.02971,-0.01322,-0.01828,0.0008820138755254447,0.0009999937610700727,0.0009201358770951629,0.0005079067195765674,0.0005001365789212286,0.0005738979671150446,0.01173606887459755,0.010186107829213142,0.011653736233711243,passive,0
6.3208,rehab,small_slow,79.9001597324618,-666.6278337822539,262.7775417292277,-177.3877477423991,0.13182416027216398,-149.98678704800082,28.4653,0.0003,-29.3773,12.1948,-1.6685,-21.5986,84.39794483751353,30.0110928374942,85.84149124598738,-27.930645412868923,-89.09127129448784,-35.71529812282986,2.61199951171875,2.2310880151125465,1.8239752136834777,-4.1815439860026045,-0.06785074869791667,2.6462639702690973,0.9349,0.5385,0.4612,-0.03132,-0.00632,-0.02268,0.0008820138755254447,0.0009999937610700727,0.0009201358770951629,0.0005079067195765674,0.0005001365789212286,0.0005738979671150446,0.01173606887459755,0.010186107829213142,0.011653736233711243,passive,0
6.3406,rehab,small_slow,80.61698514221767,-666.6290438791744,262.02866192278043,-177.38811614741593,0.13207726531167996,-149.98668672701555,28.8783,-0.0575,-30.0855,15.6194,-1.3822,-24.5323,84.46080349459507,30.065419414255878,85.88484509156481,-28.02964104546441,-89.09313625759549,-35.6536610921224,2.61199951171875,2.2310880151125465,1.8534193888749226,-4.208628336588542,-0.06785074869791667,2.5784132215711804,0.9198,0.5809,1.0019,-0.03966,-0.01301,-0.02313,0.0008820138755254447,0.0009999937610700727,0.0009201358770951629,0.0005079067195765674,0.0005001365789212286,0.0005738979671150446,0.01173606887459755,0.010186107829213142,0.011653736233711243,passive,0
6.3608,rehab,small_slow,81.08601001967982,-666.6314045023668,261.520468379631,-177.38903000456193,0.13273225190287682,-149.98720848373833,29.5684,-0.0927,-31.0187,12.6907,-0.6005,-20.3361,84.50194783730082,30.102423488503636,85.91373179218557,-28.095575968424477,-89.09436543782552,-35.61274210611979,2.7752511808187657,2.2855029719890934,1.8032262821008662,-4.1244761149088545,-0.06785074869791667,2.510553995768229,1.034,0.6508,1.6195,-0.01254,-0.01362,-0.01926,0.0008820138755254447,0.0009999937610700727,0.0009201358770951629,0.0005079067195765674,0.0005001365789212286,0.0005738979671150446,0.01173606887459755,0.010186107829213142,0.011653736233711243,passive,0
6.3808,rehab,small_slow,81.80099447924135,-666.6367217658714,260.75607472927675,-177.39034619535897,0.13360777815507996,-149.98747097213595,31.0744,-0.0727,-32.6717,8.4771,0.513,-15.2828,84.5646841219156,30.15863324155902,85.95632420908106,-28.19456312391493,-89.09628126356337,-35.55086771647135,2.7752511808187657,2.3399179288656407,1.8188695624323175,-4.1418711344401045,-0.13570149739583334,2.510553995768229,1.1602,0.7304,1.4604,-0.02558,-0.00625,-0.02,0.0008820138755254447,0.0009999937610700727,0.0009201358770951629,0.0005079067195765674,0.0005001365789212286,0.0005738979671150446,0.01173606887459755,0.010186107829213142,0.011653736233711243,passive,0
6.4007,rehab,small_slow,82.27903567999908,-666.6402781317386,260.2587244136426,-177.38996861510824,0.13330951896246557,-149.9869394127751,31.1013,-0.0155,-32.6291,3.0984,1.2551,-10.4203,84.60662388565517,30.195406167814046,85.98427951926053,-28.26093037923177,-89.09752739800346,-35.51021152072482,2.61199951171875,2.2855029719890934,1.7028876578453744,-4.111429850260417,-0.06785074869791667,2.6462639702690973,1.1478,0.6967,1.1853,-0.02242,-0.01347,-0.01791,0.0008820138755254447,0.0009999937610700727,0.0009201358770951629,0.0005079067195765674,0.0005001365789212286,0.0005738979671150446,0.01173606887459755,0.010186107829213142,0.011653736233711243,passive,0
6.4209,rehab,small_slow,83.00557976784987,-666.6369244500557,259.510277084144,-177.39003271636315,0.13334435343823053,-149.9851457594874,29.7687,0.035,-31.2762,-12.7691,1.0666,4.0807,84.6702779637705,30.250052272683323,86.02721865814512,-28.360171847873264,-89.09935845269096,-35.44947306315104,2.7208362239422184,2.2310880151125465,1.7123035393138923,-4.156917995876736,-0.13570149739583334,2.5784132215711804,0.9665,0.6951,1.3205,-0.02639,-0.00789,-0.0214,0.0008820138755254447,0.0009999937610700727,0.0009201358770951629,0.0005079067195765674,0.0005001365789212286,0.0005738979671150446,0.01173606887459755,0.010186107829213142,0.011653736233711243,passive,0
6.4412,rehab,small_slow,83.59867381318784,-666.6343827593518,258.8941766970008,-177.38947323154525,0.13298745988125837,-149.98509210054576,29.8614,0.0528,-31.6268,-29.3315,0.3284,19.2266,84.72224547131226,30.295098937383973,86.062754262792,-28.442866007486977,-89.10085890028212,-35.39849175347222,2.503169597965656,2.176666259765625,1.811941921120823,-4.1548411051432295,-0.06785074869791667,2.5784132215711804,1.0845,0.8874,0.9197,-0.00793,0.00057,-0.01535,0.0008820138755254447,0.0009999937610700727,0.0009201358770951629,0.0005079067195765674,0.0005001365789212286,0.0005738979671150446,0.01173606887459755,0.010186107829213142,0.011653736233711243,passive,0
6.4605,rehab,small_slow,84.29522722206654,-666.6310148516902,258.1605255560907,-177.38849261490478,0.1323364778931121,-149.9858504037065,29.3985,0.047,-31.4965,-35.9874,-0.4458,26.2303,84.78328213833346,30.34872527169709,86.10525829957263,-28.541895548502602,-89.10264756944444,-35.33781263563368,2.448754641089109,2.2310880151125465,1.7889562927850402,-4.1174062093098955,-0.0,2.5784132215711804,1.1253,0.5585,1.3961,-0.02413,-0.01176,-0.02344,0.0008820138755254447,0.0009999937610700727,0.0009201358770951629,0.0005079067195765674,0.0005001365789212286,0.0005738979671150446,0.01173606887459755,0.010186107829213142,0.011653736233711243,passive,0
6.4806,rehab,small_slow,84.75058444812997,-666.6288953732794,257.66302972191556,-177.3883404068899,0.13219847001231488,-149.98685886978126,28.0868,0.0175,-30.5267,-26.62,-0.9313,19.064,84.82319595790145,30.385029103496286,86.13396144149327,-28.608245849609375,-89.10387674967448,-35.29763963487413,2.448754641089109,2.2310880151125465,1.8642629491220606,-4.108547634548611,-0.06785074869791667,2.5784132215711804,1.0244,0.676,0.8134,-0.02704,-0.01282,-0.02092,0.0008820138755254447,0.0009999937610700727,0.0009201358770951629,0.0005079067195765674,0.0005001365789212286,0.0005738979671150446,0.01173606887459755,0.010186107829213142,0.011653736233711243,passive,0
6.5009,rehab,small_slow,85.20286884169322,-666.6309850448813,257.16059420979064,-177.38833080236756,0.13218433533461768,-149.98811457721936,27.6453,-0.042,-30.3166,-4.7874,-0.8347,-0.0199,84.86287183100634,30.42220993797378,86.16201872872834,-28.674638536241318,-89.10508897569444,-35.257458157009545,2.557584554842203,2.2855029719890934,1.742815074354115,-4.098985460069445,-0.06785074869791667,2.374852498372396,1.329,0.6403,1.1423,-0.02034,-0.00418,-0.02473,0.0008820138755254447,0.0009999937610700727,0.0009201358770951629,0.0005079067195765674,0.0005001365789212286,0.0005738979671150446,0.01173606887459755,0.010186107829213142,0.011653736233711243,passive,0
6.521,rehab,small_slow,85.88600443610899,-666.6346269905752,256.39089520957094,-177.38945691490636,0.13296530705911394,-149.98926072404322,27.7162,-0.0693,-30.3836,9.411,-0.2886,-11.2846,84.92279354888613,30.479385073822325,86.20411485728651,-28.77423604329427,-89.10689459906683,-35.19751654730903,2.503169597965656,2.3399179288656407,1.6970341748530322,-4.12931654188368,-0.06785074869791667,2.510553995768229,1.1712,0.637,1.3066,-0.0375,-0.00686,-0.02185,0.0008820138755254447,0.0009999937610700727,0.0009201358770951629,0.0005079067195765674,0.0005001365789212286,0.0005738979671150446,0.01173606887459755,0.010186107829213142,0.011653736233711243,passive,0
6.5408,rehab,small_slow,86.34769403122955,-666.6385519863742,255.881272585108,-177.38974028419236,0.13318106978485464,-149.98928734010707,28.0326,-0.0544,-30.5336,16.0552,0.3131,-16.9576,84.96329203690632,30.517653663559717,86.23151269289527,-28.84067111545139,-89.10807291666667,-35.15774197048611,2.557584554842203,2.448754641089109,1.7492668227394028,-4.223904079861111,-0.06785074869791667,2.5784132215711804,1.0791,0.7194,1.2433,-0.03489,-0.00813,-0.01786,0.0008820138755254447,0.0009999937610700727,0.0009201358770951629,0.0005079067195765674,0.0005001365789212286,0.0005738979671150446,0.01173606887459755,0.010186107829213142,0.011653736233711243,passive,0
6.5607,rehab,small_slow,87.05103747332268,-666.6368786293065,255.1251476766184,-177.39001288573954,0.1334706350213653,-149.98811942384316,28.5713,-0.0172,-30.89,19.5071,0.7226,-22.4716,85.02490657390935,30.57398578908184,86.27298336217899,-28.939759996202255,-89.10976833767361,-35.09841071234809,2.557584554842203,2.3399179288656407,1.7040365993386448,-4.189715915256076,-0.0,2.510553995768229,1.0847,0.7304,1.1818,-0.02414,-0.01212,-0.01916,0.0008820138755254447,0.0009999937610700727,0.0009201358770951629,0.0005079067195765674,0.0005001365789212286,0.0005738979671150446,0.01173606887459755,0.010186107829213142,0.011653736233711243,passive,0
6.5809,rehab,small_slow,87.519473481915,-666.6374436086356,254.62970669775405,-177.38904027319137,0.13284359834132733,-149.98700963435527,29.799,0.0236,-32.2365,13.9149,0.941,-21.6579,85.06595573802986,30.611227809792698,86.30014325132464,-29.006423950195312,-89.11089579264323,-35.05922105577257,2.557584554842203,2.3943328857421875,1.671098010374768,-4.14732191297743,-0.13570149739583334,2.4427032470703125,1.0721,0.7557,0.9683,-0.02443,-0.00712,-0.02049,0.0008820138755254447,0.0009999937610700727,0.0009201358770951629,0.0005079067195765674,0.0005001365789212286,0.0005738979671150446,0.01173606887459755,0.010186107829213142,0.011653736233711243,passive,0
6.6006,rehab,small_slow,88.21583625964176,-666.6353016473275,253.89122910176764,-177.3877220099178,0.1319395742304789,-149.9859074224748,30.1421,0.0422,-32.9041,3.6281,0.7537,-17.1045,85.12696521116955,30.666546963229038,86.34092047663019,-29.105775621202255,-89.11264207628038,-35.00043233235677,2.448754641089109,2.2855029719890934,1.6789978329497988,-4.16794670952691,-0.06785074869791667,2.374852498372396,1.2505,0.7662,1.0149,-0.01455,-0.02144,-0.02298,0.0008820138755254447,0.0009999937610700727,0.0009201358770951629,0.0005079067195765674,0.0005001365789212286,0.0005738979671150446,0.01173606887459755,0.010186107829213142,0.011653736233711243,passive,0
6.6206,rehab,small_slow,88.67162726172388,-666.6322631149603,253.3929751559148,-177.3873075861618,0.13164875256982403,-149.9860529164845,29.3865,0.0417,-32.5334,-6.3061,0.2402,-10.9016,85.1668926276783,30.703625820650913,86.36863784034654,-29.17218526204427,-89.1138203938802,-34.96110704210069,2.448754641089109,2.3399179288656407,1.7366216678430537,-4.210823906792535,-0.06785074869791667,2.374852498372396,1.2693,0.7889,1.0138,0.0004,-0.02129,-0.02216,0.0008820138755254447,0.0009999937610700727,0.0009201358770951629,0.0005079067195765674,0.0005001365789212286,0.0005738979671150446,0.01173606887459755,0.010186107829213142,0.011653736233711243,passive,0
6.6406,rehab,small_slow,89.34434255950785,-666.6319632682648,252.6425761721141,-177.38699533717985,0.13134681067605522,-149.98605034581607,28.5969,0.018,-32.1853,-19.6624,-0.2459,3.3413,85.22586255970567,30.759985140054532,86.40938787177058,-29.271350436740452,-89.11561754014757,-34.90325927734375,2.448754641089109,2.503169597965656,1.6727500386757426,-4.217614067925347,-0.06785074869791667,2.4427032470703125,1.1516,0.8552,1.2747,-0.02408,-0.0202,-0.02023,0.0008820138755254447,0.0009999937610700727,0.0009201358770951629,0.0005079067195765674,0.0005001365789212286,0.0005738979671150446,0.01173606887459755,0.010186107829213142,0.011653736233711243,passive,0
6.661,rehab,small_slow,89.90154620890665,-666.6324713769283,251.99656697163832,-177.38815745137424,0.13209862655914806,-149.98637428686854,28.115,0.0088,-32.0647,-35.1699,-0.5446,23.7521,85.2747095693456,30.808560210879484,86.44371334869082,-29.354222615559895,-89.11710103352864,-34.85502454969618,2.503169597965656,2.448754641089109,1.7323386315071936,-4.130181206597222,-0.06785074869791667,2.374852498372396,1.0634,0.8736,1.0662,-0.03431,-0.00479,-0.02006,0.0008820138755254447,0.0009999937610700727,0.0009201358770951629,0.0005079067195765674,0.0005001365789212286,0.0005738979671150446,0.01173606887459755,0.010186107829213142,0.011653736233711243,passive,0
6.681,rehab,small_slow,90.57398459009937,-666.6358081687606,251.20752740334257,-177.3903679444254,0.13364217941399092,-149.98612376188024,27.933,0.0046,-32.1475,-38.7065,-0.6384,32.3371,85.33365910596187,30.868379951703666,86.48443618623337,-29.45368448893229,-89.11880493164062,-34.797448052300346,2.503169597965656,2.448754641089109,1.7388923569480972,-4.067645602756076,-0.06785074869791667,2.307001749674479,1.2046,0.9815,1.6573,-0.0195,-0.01887,-0.02735,0.0008820138755254447,0.0009999937610700727,0.0009201358770951629,0.0005079067195765674,0.0005001365789212286,0.0005738979671150446,0.01173606887459755,0.010186107829213142,0.011653736233711243,passive,0
6.7009,rehab,small_slow,91.02725688919907,-666.6347968961694,250.688616191855,-177.39154849191556,0.13442084802997414,-149.98498373459168,27.5696,-0.0047,-31.8059,-26.244,-0.6804,21.9977,85.37336897141863,30.90761392423422,86.51154168761603,-29.519670274522568,-89.11995781792534,-34.759623209635414,2.557584554842203,2.448754641089109,1.6657544126605044,-4.177237616644965,-0.06785074869791667,2.4427032470703125,1.1941,0.9988,1.6554,-0.01677,-0.01107,-0.02268,0.0008820138755254447,0.0009999937610700727,0.0009201358770951629,0.0005079067195765674,0.0005001365789212286,0.0005738979671150446,0.01173606887459755,0.010186107829213142,0.011653736233711243,passive,0
6.7206,rehab,small_slow,91.47936731403065,-666.6339865731684,250.17039046220518,-177.39254101780975,0.13512616512588438,-149.98388387730728,26.8065,-0.0092,-30.8999,-8.057,-0.5918,2.6915,85.4129700613494,30.946895486057393,86.53852481653195,-29.585774739583332,-89.12105984157986,-34.72186618381076,2.448754641089109,2.3943328857421875,1.7048184234316985,-4.17299058702257,-0.0,2.4427032470703125,1.1662,0.7601,1.1169,-0.02716,-0.01188,-0.0223,0.0008820138755254447,0.0009999937610700727,0.0009201358770951629,0.0005079067195765674,0.0005001365789212286,0.0005738979671150446,0.01173606887459755,0.010186107829213142,0.011653736233711243,passive,0
6.7408,rehab,small_slow,92.13793767088738,-666.633195424469,249.42506189958752,-177.3914156771596,0.13441413244681605,-149.98419777851848,25.6015,-0.0246,-29.5824,3.056,-0.3515,-10.2205,85.47066867941678,31.003506348864867,86.57834345751469,-29.68512641059028,-89.12269592285156,-34.66496785481771,2.3943328857421875,2.3399179288656407,1.657079564462794,-4.059651692708333,-0.06785074869791667,2.307001749674479,1.2088,0.7564,0.9512,-0.03124,-0.00951,-0.02863,0.0008820138755254447,0.0009999937610700727,0.0009201358770951629,0.0005079067195765674,0.0005001365789212286,0.0005738979671150446,0.01173606887459755,0.010186107829213142,0.011653736233711243,passive,0
6.761,rehab,small_slow,92.5617819547382,-666.6316179429693,248.93174673512652,-177.3902848239673,0.13363435150722683,-149.98531572829208,25.8589,-0.0307,-30.0583,7.9149,0.005,-16.7171,85.50780872307202,31.040727974164604,86.60531298948986,-29.751739501953125,-89.12380642361111,-34.62745666503906,2.2855029719890934,2.3943328857421875,1.7069259492477569,-3.8968827989366317,-0.06785074869791667,2.307001749674479,1.1778,0.7718,1.0821,-0.03363,-0.00188,-0.02782,0.0008820138755254447,0.0009999937610700727,0.0009201358770951629,0.0005079067195765674,0.0005001365789212286,0.0005738979671150446,0.01173606887459755,0.010186107829213142,0.011653736233711243,passive,0
6.7809,rehab,small_slow,93.19356564301435,-666.6347001211325,248.1982587347955,-177.38808552363372,0.13209740648775226,-149.98714094351632,26.948,-0.048,-31.6009,13.7073,0.4328,-24.6547,85.56320945815284,31.096876540986617,86.64430901555731,-29.85113355848524,-89.12549336751302,-34.57134670681423,2.2855029719890934,2.448754641089109,1.6314425326810025,-4.10323248969184,-0.06785074869791667,2.4427032470703125,1.3029,0.8628,0.8477,-0.01825,-0.01467,-0.02284,0.0008820138755254447,0.0009999937610700727,0.0009201358770951629,0.0005079067195765674,0.0005001365789212286,0.0005738979671150446,0.01173606887459755,0.010186107829213142,0.011653736233711243,passive,0
6.801,rehab,small_slow,93.61997917151923,-666.6353285778483,247.695203089886,-177.38783084152237,0.13187183598430063,-149.98768752215844,28.151,-0.0417,-33.2946,14.4571,0.7762,-26.3445,85.6005874482712,31.135328689424117,86.67057830508392,-29.91722954644097,-89.1266377766927,-34.53416612413194,2.3399179288656407,2.3943328857421875,1.636391819113552,-4.193767971462673,-0.06785074869791667,2.4427032470703125,1.1843,0.974,1.6713,-0.04188,-0.0106,-0.02204,0.0008820138755254447,0.0009999937610700727,0.0009201358770951629,0.0005079067195765674,0.0005001365789212286,0.0005738979671150446,0.01173606887459755,0.010186107829213142,0.011653736233711243,passive,0
6.8205,rehab,small_slow,94.25891853621089,-666.6398330977022,246.9288502671693,-177.38827052436923,0.13217428356359895,-149.9878198544576,28.3294,-0.0017,-33.6907,8.2644,0.9333,-18.693,85.65660004568572,31.194414195447866,86.70933638468827,-30.016072591145832,-89.12826538085938,-34.47913275824653,2.3399179288656407,2.448754641089109,1.6536803292756033,-4.136361016167535,-0.0,2.171291775173611,1.1554,0.8811,1.0544,-0.03472,-0.00136,-0.0211,0.0008820138755254447,0.0009999937610700727,0.0009201358770951629,0.0005079067195765674,0.0005001365789212286,0.0005738979671150446,0.01173606887459755,0.010186107829213142,0.011653736233711243,passive,0
6.8407,rehab,small_slow,94.68852448778584,-666.6383832166159,246.40332890314625,-177.38970825007223,0.13318856737068338,-149.98775593137495,27.2674,0.0337,-32.4875,-8.9118,0.7454,2.492,85.69422278073755,31.23447078289372,86.73616994725596,-30.082227918836804,-89.12932501898871,-34.44231669108073,2.3943328857421875,2.61199951171875,1.6464807491491336,-4.153840806749132,-0.06785074869791667,2.307001749674479,1.2464,0.8867,1.3614,-0.03824,-0.00823,-0.02295,0.0008820138755254447,0.0009999937610700727,0.0009201358770951629,0.0005079067195765674,0.0005001365789212286,0.0005738979671150446,0.01173606887459755,0.010186107829213142,0.011653736233711243,passive,0
6.8611,rehab,small_slow,95.45031704910662,-666.6361680463847,245.50445774356717,-177.39050229913485,0.13370387281942406,-149.98607277156805,27.2056,0.0543,-32.5184,-32.4302,0.3106,31.0054,85.76093617052135,31.30355683883818,86.78190325746442,-30.197872585720486,-89.1312238905165,-34.37858581542969,2.3399179288656407,2.3943328857421875,1.655903429088026,-4.1855621337890625,-0.13570149739583334,2.307001749674479,1.2948,0.915,0.9358,-0.02812,-0.01681,-0.0213,0.0008820138755254447,0.0009999937610700727,0.0009201358770951629,0.0005079067195765674,0.0005001365789212286,0.0005738979671150446,0.01173606887459755,0.010186107829213142,0.011653736233711243,passive,0
6.8806,rehab,small_slow,95.87471676230196,-666.6346441646383,245.0016577354578,-177.3903452958678,0.13363404566604506,-149.9855732530046,26.6369,0.0491,-32.017,-39.5461,-0.1509,40.301,85.79809660958772,31.34221294138691,86.80774424335745,-30.263536241319443,-89.13224962022569,-34.342659844292534,2.3943328857421875,2.503169597965656,1.5981844156095297,-4.170438978407118,-0.06785074869791667,2.2391425238715277,1.2575,0.9091,1.1656,-0.02876,-0.00361,-0.01998,0.0008820138755254447,0.0009999937610700727,0.0009201358770951629,0.0005079067195765674,0.0005001365789212286,0.0005738979671150446,0.01173606887459755,0.010186107829213142,0.011653736233711243,passive,0
6.9009,rehab,small_slow,96.5021737683507,-666.6290345304114,244.25129346868223,-177.39001076050593,0.13344746809358363,-149.98568043327467,25.5067,0.0345,-30.8523,-27.3779,-0.4817,25.9293,85.85302145174234,31.399564837465192,86.8469510220065,-30.36197238498264,-89.13380093044705,-34.28872850206163,2.2310880151125465,2.3943328857421875,1.6653601013787902,-4.197294447157118,-0.06785074869791667,2.307001749674479,1.2766,0.9239,1.1056,-0.03222,-0.01325,-0.02212,0.0008820138755254447,0.0009999937610700727,0.0009201358770951629,0.0005079067195765674,0.0005001365789212286,0.0005738979671150446,0.01173606887459755,0.010186107829213142,0.011653736233711243,passive,0
6.9211,rehab,small_slow,96.91381127016108,-666.6311126838003,243.75828451162272,-177.38893330332468,0.13268591545787242,-149.9860428763543,25.1924,0.0084,-30.6783,-8.975,-0.3845,3.0129,85.88910093401918,31.437962598139695,86.87190820675085,-30.427636040581596,-89.13487752278645,-34.25302293565538,2.2310880151125465,2.3943328857421875,1.5334969699972927,-4.128570556640625,-0.06785074869791667,2.2391425238715277,1.1827,0.9823,1.1191,-0.02508,0.00214,-0.01971,0.0008820138755254447,0.0009999937610700727,0.0009201358770951629,0.0005079067195765674,0.0005001365789212286,0.0005738979671150446,0.01173606887459755,0.010186107829213142,0.011653736233711243,passive,0
6.941,rehab,small_slow,97.3160930241192,-666.6326949514906,243.25340006903295,-177.38861168242775,0.13247297507751135,-149.98718024129775,24.2057,-0.0223,-29.6539,1.044,-0.0102,-9.451,85.92435780138072,31.477047004322014,86.89750444771039,-30.493689643012154,-89.13592020670573,-34.21736823187934,2.3399179288656407,2.503169597965656,1.6177096225247525,-4.21449449327257,-0.13570149739583334,2.171291775173611,1.2746,0.9009,0.8245,-0.03708,0.01444,-0.01891,0.0008820138755254447,0.0009999937610700727,0.0009201358770951629,0.0005079067195765674,0.0005001365789212286,0.0005738979671150446,0.01173606887459755,0.010186107829213142,0.011653736233711243,passive,0
6.9616,rehab,small_slow,97.93582190234167,-666.6368841985981,242.48440272035072,-177.38913527188075,0.13280765486588614,-149.98663892567038,24.6417,-0.0118,-30.2579,4.6245,0.3468,-14.8029,85.97866398273128,31.537179474783414,86.9349980118251,-30.592151217990452,-89.13747999403212,-34.16470845540365,2.3399179288656407,2.557584554842203,1.541525963509437,-4.151670667860243,-0.06785074869791667,2.171291775173611,1.2208,1.0332,1.2264,-0.04172,0.00456,-0.02236,0.0008820138755254447,0.0009999937610700727,0.0009201358770951629,0.0005079067195765674,0.0005001365789212286,0.0005738979671150446,0.01173606887459755,0.010186107829213142,0.011653736233711243,passive,0
6.981,rehab,small_slow,98.35439240225509,-666.6347233502174,241.96139731568175,-177.39067295068241,0.13379924913008712,-149.98567166138858,25.9877,0.0172,-32.0073,6.8456,0.4331,-20.0459,86.01530773804919,31.57765076892211,86.9606894313699,-30.657450358072914,-89.13853963216145,-34.12976582845052,2.2855029719890934,2.448754641089109,1.6222645976755878,-3.9933353000217013,-0.06785074869791667,2.307001749674479,1.326,0.9881,0.8786,-0.02356,-0.00345,-0.0254,0.0008820138755254447,0.0009999937610700727,0.0009201358770951629,0.0005079067195765674,0.0005001365789212286,0.0005738979671150446,0.01173606887459755,0.010186107829213142,0.011653736233711243,passive,0
7.0007,rehab,small_slow,98.9780169140506,-666.634286653207,241.19889840795994,-177.39114902750507,0.1341284188771141,-149.98499920173782,26.3998,0.0551,-32.8079,2.5852,0.2692,-18.0072,86.06991305209623,31.637232563283185,86.99798583984375,-30.755208333333332,-89.14008246527777,-34.076928032769096,2.2855029719890934,2.448754641089109,1.5076831779857673,-4.06646728515625,-0.06785074869791667,2.171291775173611,1.3504,0.945,0.9921,-0.02703,-0.00081,-0.02549,0.0008820138755254447,0.0009999937610700727,0.0009201358770951629,0.0005079067195765674,0.0005001365789212286,0.0005738979671150446,0.01173606887459755,0.010186107829213142,0.011653736233711243,passive,0
7.0208,rehab,small_slow,99.38589904527501,-666.6314555429494,240.70244137477687,-177.3904694851846,0.13369085167545103,-149.9846175275608,26.0297,0.0669,-32.6373,-5.6629,-0.0251,-10.353,86.1056118200321,31.675779890305925,87.02315377716971,-30.82068549262153,-89.14107428656683,-34.04234144422743,2.176666259765625,2.3399179288656407,1.5459585661935333,-4.1426849365234375,-0.06785074869791667,2.103441026475694,1.2277,1.0449,0.9314,-0.02498,-0.00282,-0.02006,0.0008820138755254447,0.0009999937610700727,0.0009201358770951629,0.0005079067195765674,0.0005001365789212286,0.0005738979671150446,0.01173606887459755,0.010186107829213142,0.011653736233711243,passive,0
7.0409,rehab,small_slow,99.97746491576954,-666.6303767755372,239.976556531641,-177.3878246216439,0.13194086638932093,-149.9852880125551,25.0324,0.0468,-31.7926,-17.7122,-0.3767,4.66,86.15741616428488,31.732438342406017,87.0602258361212,-30.919002956814236,-89.14254930284288,-33.99096171061198,2.176666259765625,2.3399179288656407,1.6296749303836633,-4.1586049397786455,-0.0,2.0355902777777777,1.3811,1.017,0.656,-0.02108,-0.00797,-0.01945,0.0008820138755254447,0.0009999937610700727,0.0009201358770951629,0.0005079067195765674,0.0005001365789212286,0.0005738979671150446,0.01173606887459755,0.010186107829213142,0.011653736233711243,passive,0
7.0608,rehab,small_slow,100.45819907394691,-666.625341500221,239.35521431673067,-177.38757348852775,0.13175514283496897,-149.98672629770007,24.4707,0.0105,-31.5686,-27.8451,-0.4761,21.6935,86.1994986959023,31.78031317078241,87.09211066217706,-31.000247531467014,-89.14380391438802,-33.94834730360243,2.067836346012531,2.2855029719890934,1.5794682266688582,-4.1244761149088545,-0.0,2.171291775173611,1.2916,1.0198,0.7897,-0.02493,-0.00046,-0.01632,0.0008820138755254447,0.0009999937610700727,0.0009201358770951629,0.0005079067195765674,0.0005001365789212286,0.0005738979671150446,0.01173606887459755,0.010186107829213142,0.011653736233711243,passive,0
7.0808,rehab,small_slow,101.0269550806399,-666.628628987908,238.5992877260366,-177.38771881449836,0.13184946604683043,-149.98880282817325,24.0887,-0.016,-31.4598,-25.8558,-0.2107,26.9323,86.2493382822169,31.839609429387764,87.12889038690246,-31.097547743055554,-89.14528740776909,-33.89751858181423,2.067836346012531,2.503169597965656,1.5252164330812965,-4.113354153103298,-0.06785074869791667,2.0355902777777777,1.3972,1.0275,0.7367,-0.021,-0.006,-0.02605,0.0008820138755254447,0.0009999937610700727,0.0009201358770951629,0.0005079067195765674,0.0005001365789212286,0.0005738979671150446,0.01173606887459755,0.010186107829213142,0.011653736233711243,passive,0
7.1006,rehab,small_slow,101.40536009326132,-666.6304840467658,238.08702238234378,-177.3886453223143,0.13249890708374687,-149.99013834386074,23.8149,-0.0165,-31.2099,-14.6326,0.2065,19.6016,86.28248762376238,31.879801986241105,87.15341246954286,-31.16205851236979,-89.14624532063802,-33.86375427246094,2.176666259765625,2.61199951171875,1.5260934357595917,-4.138692220052083,-0.06785074869791667,2.171291775173611,1.3151,1.1297,0.9426,-0.02006,0.00267,-0.02042,0.0008820138755254447,0.0009999937610700727,0.0009201358770951629,0.0005079067195765674,0.0005001365789212286,0.0005738979671150446,0.01173606887459755,0.010186107829213142,0.011653736233711243,passive,0
7.1207,rehab,small_slow,101.79467280731349,-666.6345841785032,237.5795327367773,-177.38878303566003,0.1325955526584096,-149.98991757348483,23.4732,0.003,-30.5813,-0.6904,0.5166,5.199,86.31659554963065,31.920171303324178,87.1771255342087,-31.226882934570312,-89.14720323350694,-33.8305918375651,2.122251302889078,2.503169597965656,1.540105083201191,-4.01613023546007,-0.0,1.9677310519748263,1.2409,1.1629,0.6438,-0.02498,0.00828,-0.01574,0.0008820138755254447,0.0009999937610700727,0.0009201358770951629,0.0005079067195765674,0.0005001365789212286,0.0005738979671150446,0.01173606887459755,0.010186107829213142,0.011653736233711243,passive,0
7.1409,rehab,small_slow,102.38480929525761,-666.6306973426408,236.81065215523793,-177.3905005121787,0.1336915330597616,-149.98894576056605,23.5543,0.039,-30.2776,6.1869,0.4118,-4.3357,86.36823673059445,31.980432944722693,87.21392565434522,-31.323267618815102,-89.14867824978299,-33.78100077311198,2.122251302889078,2.3943328857421875,1.5227757822168935,-3.991546630859375,-0.06785074869791667,2.0355902777777777,1.2577,1.0764,0.688,-0.03579,-0.00173,-0.01216,0.0008820138755254447,0.0009999937610700727,0.0009201358770951629,0.0005079067195765674,0.0005001365789212286,0.0005738979671150446,0.01173606887459755,0.010186107829213142,0.011653736233711243,passive,0
7.1606,rehab,small_slow,102.78019510674926,-666.631053907619,236.30830176909922,-177.3906174681536,0.13378514535304836,-149.98777139161666,23.7826,0.0687,-30.3021,4.5929,-0.1459,-7.2818,86.40284094480005,32.02035356276106,87.23748915266282,-31.387498643663193,-89.14961073133681,-33.74828762478298,2.2310880151125465,2.3943328857421875,1.4362720451732673,-3.949907090928819,-0.06785074869791667,2.103441026475694,1.3765,1.227,0.672,-0.02891,-0.00257,-0.01707,0.0008820138755254447,0.0009999937610700727,0.0009201358770951629,0.0005079067195765674,0.0005001365789212286,0.0005738979671150446,0.01173606887459755,0.010186107829213142,0.011653736233711243,passive,0
7.1804,rehab,small_slow,103.37055984373242,-666.6256683550458,235.5694528252842,-177.3899965620474,0.13336311084596575,-149.98646234986327,23.9654,0.058,-30.6692,3.2165,-0.856,-13.0006,86.45448212576385,32.07862325233988,87.27331029306544,-31.483688354492188,-89.15104336208768,-33.699027167426216,2.122251302889078,2.3943328857421875,1.4983216842802445,-4.006695217556423,-0.06785074869791667,2.103441026475694,1.49,1.0101,0.2952,-0.01716,-0.02041,-0.02083,0.0008820138755254447,0.0009999937610700727,0.0009201358770951629,0.0005079067195765674,0.0005001365789212286,0.0005738979671150446,0.01173606887459755,0.010186107829213142,0.011653736233711243,passive,0
7.2005,rehab,small_slow,103.75748535107253,-666.6260576794508,235.08465337223973,-177.38888509149453,0.13259458913815197,-149.9855608524408,24.3809,0.0193,-31.6559,1.8033,-1.2261,-17.1174,86.48835210516901,32.1173609365331,87.29628232446048,-31.547631157769096,-89.15200127495659,-33.666771782769096,2.067836346012531,2.448754641089109,1.4359661140064202,-3.9965650770399304,-0.06785074869791667,2.0355902777777777,1.3361,1.0727,1.2031,-0.04095,-0.00699,-0.02624,0.0008820138755254447,0.0009999937610700727,0.0009201358770951629,0.0005079067195765674,0.0005001365789212286,0.0005738979671150446,0.01173606887459755,0.010186107829213142,0.011653736233711243,passive,0
7.2206,rehab,small_slow,104.3205982445692,-666.6222812194937,234.35577285719302,-177.38779401340787,0.13183914336247035,-149.98550852323015,24.3596,-0.0326,-32.2144,-3.0824,-1.0049,-12.2755,86.53762741844253,32.17494398060411,87.33169555664062,-31.643269856770832,-89.15341695149739,-33.61861334906684,1.9589996337890625,2.448754641089109,1.4844460062461324,-3.979814317491319,-0.0,1.9677310519748263,1.5007,1.0514,0.8611,-0.03964,0.0029,-0.02915,0.0008820138755254447,0.0009999937610700727,0.0009201358770951629,0.0005079067195765674,0.0005001365789212286,0.0005738979671150446,0.01173606887459755,0.010186107829213142,0.011653736233711243,passive,0
7.2406,rehab,small_slow,104.6853538181119,-666.6272451552841,233.86280832577222,-177.38750403701695,0.13167360642465104,-149.98588078496985,23.5226,-0.075,-31.5726,-9.2146,-0.2148,-0.5087,86.56958022920212,32.214619853709,87.35416450122796,-31.70661078559028,-89.15430704752605,-33.58699374728732,2.0134145906656093,2.557584554842203,1.3795388098990562,-3.9505937364366317,-0.06785074869791667,1.9677310519748263,1.4395,0.9423,0.4551,-0.05053,-0.00589,-0.03069,0.0008820138755254447,0.0009999937610700727,0.0009201358770951629,0.0005079067195765674,0.0005001365789212286,0.0005738979671150446,0.01173606887459755,0.010186107829213142,0.011653736233711243,passive,0
7.2612,rehab,small_slow,105.23093601788612,-666.6307205490547,233.0992214657849,-177.3892913797487,0.1328525628523427,-149.98658643338158,23.2897,-0.0791,-31.5432,-15.8058,0.8578,14.3943,86.61735308052289,32.27555454367458,87.38884349860767,-31.801376342773438,-89.15567186143663,-33.53957282172309,2.0134145906656093,2.557584554842203,1.4254352833965036,-3.816731770833333,-0.0,2.0355902777777777,1.5197,1.1192,0.5626,-0.03132,-0.01449,-0.02095,0.0008820138755254447,0.0009999937610700727,0.0009201358770951629,0.0005079067195765674,0.0005001365789212286,0.0005738979671150446,0.01173606887459755,0.010186107829213142,0.011653736233711243,passive,0
7.2808,rehab,small_slow,105.69298563361956,-666.6351020043204,232.47018394640398,-177.3901268872107,0.13340340116730257,-149.98669779212582,23.4658,-0.035,-31.6912,-22.1007,1.4957,26.5054,86.65781077772084,32.32625753572672,87.41684639807976,-31.880162556966145,-89.15681627061632,-33.49988301595052,2.0134145906656093,2.503169597965656,1.4351842899133662,-4.018461439344618,-0.06785074869791667,1.9677310519748263,1.4713,1.1081,0.8734,-0.0278,-0.00656,-0.02543,0.0008820138755254447,0.0009999937610700727,0.0009201358770951629,0.0005079067195765674,0.0005001365789212286,0.0005738979671150446,0.01173606887459755,0.010186107829213142,0.011653736233711243,passive,0
7.3005,rehab,small_slow,106.24149725308726,-666.6304864309768,231.7217817333671,-177.39118982525022,0.13407705734140127,-149.9864803190662,22.9265,0.0393,-30.7122,-24.8435,1.4264,29.8215,86.70578758315284,32.385574189743195,87.45189251285969,-31.974538167317707,-89.15817260742188,-33.4531741672092,2.067836346012531,2.448754641089109,1.3787569858060025,-3.766954210069444,-0.06785074869791667,1.9677310519748263,1.3687,1.0085,1.0349,-0.03965,0.00691,-0.02374,0.0008820138755254447,0.0009999937610700727,0.0009201358770951629,0.0005079067195765674,0.0005001365789212286,0.0005738979671150446,0.01173606887459755,0.010186107829213142,0.011653736233711243,passive,0
7.3206,rehab,small_slow,106.6074408702305,-666.6329530923728,231.24140712154727,-177.3902061983039,0.1335012555243174,-149.9859174341511,22.4755,0.0941,-29.9811,-21.0148,0.7441,20.0052,86.73780837861618,32.424515828047646,87.4736476180577,-32.03720940483941,-89.15899488661024,-33.42241075303819,1.9589996337890625,2.448754641089109,1.3626922003113398,-4.004906548394097,-0.0,1.832029554578993,1.4092,1.0403,0.0495,-0.03628,0.0038,-0.0174,0.0008820138755254447,0.0009999937610700727,0.0009201358770951629,0.0005079067195765674,0.0005001365789212286,0.0005738979671150446,0.01173606887459755,0.010186107829213142,0.011653736233711243,passive,0
7.3405,rehab,small_slow,106.97510401729788,-666.6271680916353,230.76764331695404,-177.38932949346056,0.1328579348543222,-149.98488291085232,21.8801,0.1101,-29.3883,-16.5637,-0.374,7.4472,86.76995154654625,32.46216575698097,87.49640889687113,-32.09953308105469,-89.15991889105902,-33.39199490017361,2.0134145906656093,2.3399179288656407,1.4177938026956993,-3.9360809326171875,-0.0,1.832029554578993,1.3051,0.9598,0.305,-0.04424,0.00306,-0.02199,0.0008820138755254447,0.0009999937610700727,0.0009201358770951629,0.0005079067195765674,0.0005001365789212286,0.0005738979671150446,0.01173606887459755,0.010186107829213142,0.011653736233711243,passive,0
7.3608,rehab,small_slow,107.5159787521173,-666.6244781595391,230.0604889517658,-177.38764888370906,0.13178640438986453,-149.98443779907046,21.3077,0.0558,-29.2395,-14.6921,-1.6515,-0.7511,86.8172553034112,32.519028163192296,87.52938827665726,-32.19261169433594,-89.16120741102431,-33.346167670355904,1.9589996337890625,2.3943328857421875,1.3895257628790223,-3.9726087782118054,-0.06785074869791667,1.8998803032769096,1.3929,1.0532,0.742,-0.03755,0.01046,-0.02455,0.0008820138755254447,0.0009999937610700727,0.0009201358770951629,0.0005079067195765674,0.0005001365789212286,0.0005738979671150446,0.01173606887459755,0.010186107829213142,0.011653736233711243,passive,0
7.3805,rehab,small_slow,107.87403824714517,-666.6196805320694,229.57047384862923,-177.38818257461386,0.13217749915629085,-149.9839495942573,20.99,-0.0207,-29.4884,-9.2271,-2.3454,-8.9486,86.84854866254447,32.55799699537825,87.5521971447633,-32.25454542371962,-89.16202969021268,-33.316048516167534,1.9045846769125154,2.3943328857421875,1.4702304046933012,-3.8115946451822915,-0.0,1.832029554578993,1.4664,1.2002,1.0739,-0.02892,-0.00386,-0.0223,0.0008820138755254447,0.0009999937610700727,0.0009201358770951629,0.0005079067195765674,0.0005001365789212286,0.0005738979671150446,0.01173606887459755,0.010186107829213142,0.011653736233711243,passive,0
7.4006,rehab,small_slow,108.39025886414203,-666.6241164979939,228.82651065196347,-177.38924415992236,0.13285056060768105,-149.984273159966,21.069,-0.0793,-30.1219,-1.6841,-2.0704,-13.2423,86.89373809512298,32.618183853602645,87.5849453765567,-32.34742906358507,-89.16330973307292,-33.271569146050346,1.795747964689047,2.503169597965656,1.335729466806544,-3.895882500542535,-0.0,1.7641703287760415,1.5885,1.2071,0.7316,-0.02283,-0.00381,-0.02306,0.0008820138755254447,0.0009999937610700727,0.0009201358770951629,0.0005079067195765674,0.0005001365789212286,0.0005738979671150446,0.01173606887459755,0.010186107829213142,0.011653736233711243,passive,0
7.4205,rehab,small_slow,108.71904665002114,-666.6284944647771,228.32082250263136,-177.39109569409112,0.13401517236607188,-149.98543887330848,21.6233,-0.1149,-31.1242,3.2157,-1.0036,-9.5883,86.92253641562887,32.65901546667118,87.60682285422146,-32.408743964301216,-89.16417439778645,-33.242289225260414,1.8501697200359684,2.557584554842203,1.383012828260365,-3.8108656141493054,-0.0,1.832029554578993,1.4623,1.1378,0.3982,-0.0323,-0.00682,-0.02285,0.0008820138755254447,0.0009999937610700727,0.0009201358770951629,0.0005079067195765674,0.0005001365789212286,0.0005738979671150446,0.01173606887459755,0.010186107829213142,0.011653736233711243,passive,0
7.4406,rehab,small_slow,109.21487706890485,-666.6332955105393,227.58689332277143,-177.39233481025042,0.1347657212631416,-149.98707894345972,21.4669,-0.1303,-30.8501,4.7635,0.3601,-1.8586,86.96595144743966,32.71848168703589,87.63891163438853,-32.50004238552517,-89.16547139485677,-33.198250664605034,1.686918050935953,2.3943328857421875,1.287467125618812,-3.94972907172309,-0.06785074869791667,1.7641703287760415,1.5443,1.217,0.6385,-0.0359,-0.00202,-0.02053,0.0008820138755254447,0.0009999937610700727,0.0009201358770951629,0.0005079067195765674,0.0005001365789212286,0.0005738979671150446,0.01173606887459755,0.010186107829213142,0.011653736233711243,passive,0
7.461,rehab,small_slow,109.54198044627724,-666.6364073340166,227.12272979398307,-177.3910774786262,0.13396263038229717,-149.98826272844715,21.2745,-0.1022,-30.2408,0.9562,1.3163,7.7463,86.99458660465656,32.7562947792582,87.65980333384901,-32.561026679144966,-89.16628519694011,-33.16910637749566,1.795747964689047,2.3399179288656407,1.3250354729076423,-3.840518527560764,-0.06785074869791667,1.832029554578993,1.4255,1.1677,0.5666,-0.05151,0.0,-0.02574,0.0008820138755254447,0.0009999937610700727,0.0009201358770951629,0.0005079067195765674,0.0005001365789212286,0.0005738979671150446,0.01173606887459755,0.010186107829213142,0.011653736233711243,passive,0
7.481,rehab,small_slow,110.04207555726096,-666.6344952856234,226.43298501005773,-177.38945115895447,0.13292454800432926,-149.98883782681523,21.3656,-0.036,-29.9713,-7.7435,1.5856,17.3021,87.03832116457495,32.812137414913366,87.69135503485651,-32.651519775390625,-89.16749742296007,-33.12579684787326,1.795747964689047,2.3399179288656407,1.2735030674698329,-3.772913614908854,-0.0,1.7641703287760415,1.5188,1.0603,0.6208,-0.03664,0.00022,-0.02514,0.0008820138755254447,0.0009999937610700727,0.0009201358770951629,0.0005079067195765674,0.0005001365789212286,0.0005738979671150446,0.01173606887459755,0.010186107829213142,0.011653736233711243,passive,0
7.5009,rehab,small_slow,110.46939436337932,-666.6353567831411,225.85971374594112,-177.3877396406648,0.1318499296604995,-149.98779946691718,21.3281,0.0207,-29.6448,-17.4857,1.3823,23.8748,87.07568555775255,32.859155636022585,87.71668613547146,-32.726847330729164,-89.16847229003906,-33.09030320909288,1.795747964689047,2.2855029719890934,1.2700834368715193,-3.7737189398871527,-0.06785074869791667,1.696319580078125,1.4818,1.2089,0.0224,-0.01728,0.00621,-0.01552,0.0008820138755254447,0.0009999937610700727,0.0009201358770951629,0.0005079067195765674,0.0005001365789212286,0.0005738979671150446,0.01173606887459755,0.010186107829213142,0.011653736233711243,passive,0
7.5207,rehab,small_slow,110.97661349662013,-666.6321188205569,225.15639352862178,-177.3877841175216,0.13193293525243913,-149.98681141958633,20.9362,0.0471,-29.2076,-23.1884,0.901,24.4098,87.12001158459351,32.91631037646001,87.74769395884901,-32.81606886121962,-89.16962517632378,-33.04795159233941,1.9589996337890625,2.3399179288656407,1.2361114804107365,-3.826870388454861,-0.06785074869791667,1.7641703287760415,1.4921,1.2327,0.5246,-0.03241,0.00204,-0.02431,0.0008820138755254447,0.0009999937610700727,0.0009201358770951629,0.0005079067195765674,0.0005001365789212286,0.0005738979671150446,0.01173606887459755,0.010186107829213142,0.011653736233711243,passive,0
7.5408,rehab,small_slow,111.31249038333827,-666.6340216922113,224.6770459299912,-177.38842255642203,0.13235689612721435,-149.98582174810994,20.4067,0.0321,-28.9942,-23.8708,0.2467,19.3859,87.14938097661084,32.955687116868425,87.76780383421642,-32.87553575303819,-89.17039659288194,-33.02023145887587,1.795747964689047,2.3943328857421875,1.3056054445776608,-3.6011420355902777,-0.0,1.7641703287760415,1.4358,1.3181,0.6167,-0.04618,0.0024,-0.023,0.0008820138755254447,0.0009999937610700727,0.0009201358770951629,0.0005079067195765674,0.0005001365789212286,0.0005738979671150446,0.01173606887459755,0.010186107829213142,0.011653736233711243,passive,0
7.5606,rehab,small_slow,111.64216346851042,-666.6308386952413,224.19606262516268,-177.3898322415328,0.1332315064038915,-149.98526510021043,19.6846,0.0007,-28.5489,-20.5774,-0.3271,11.6241,87.17819289405747,32.994587964350636,87.78870913061765,-32.93442620171441,-89.17120191786024,-32.99263000488281,1.795747964689047,2.503169597965656,1.3111258025216583,-3.6704593234592013,-0.06785074869791667,1.7641703287760415,1.573,1.2998,-0.026,-0.02901,0.00174,-0.02198,0.0008820138755254447,0.0009999937610700727,0.0009201358770951629,0.0005079067195765674,0.0005001365789212286,0.0005738979671150446,0.01173606887459755,0.010186107829213142,0.011653736233711243,passive,0
7.5809,rehab,small_slow,112.12178779809034,-666.6328050290323,223.4940253777336,-177.39029629932207,0.13352493078989594,-149.98542452133523,19.0797,-0.0038,-28.1426,-13.8844,-0.4142,2.4711,87.2201394562674,33.052123419129025,87.81864279567606,-33.022452460394966,-89.17236328125,-32.95149909125434,1.686918050935953,2.3943328857421875,1.1997600593189202,-3.717803955078125,-0.0,1.696319580078125,1.5308,1.2494,0.0242,-0.02187,0.00628,-0.01554,0.0008820138755254447,0.0009999937610700727,0.0009201358770951629,0.0005079067195765674,0.0005001365789212286,0.0005738979671150446,0.01173606887459755,0.010186107829213142,0.011653736233711243,passive,0
7.6005,rehab,small_slow,112.44054196396799,-666.6328049494374,223.02744393887573,-177.39063994180145,0.1337409503630312,-149.98506025422006,18.8351,-0.0059,-27.9174,-5.0041,-0.0984,-5.8068,87.248006386332,33.090296830281176,87.83863709704711,-33.08093600802951,-89.17311774359808,-32.92464362250434,1.686918050935953,2.3943328857421875,1.3208068243347773,-3.596199883355035,-0.0,1.6284688313802083,1.4327,1.2065,-0.0101,-0.04177,-0.00644,-0.01469,0.0008820138755254447,0.0009999937610700727,0.0009201358770951629,0.0005079067195765674,0.0005001365789212286,0.0005738979671150446,0.01173606887459755,0.010186107829213142,0.011653736233711243,passive,0
7.6207,rehab,small_slow,112.8900320138601,-666.6331239252693,222.34137787143513,-177.39062756875185,0.1337225450408266,-149.9867862381315,18.8677,0.0037,-27.9567,2.9879,0.3901,-9.887,87.28732194050704,33.14617345828821,87.86874072386486,-33.16801283094618,-89.1742451985677,-32.88456386990017,1.6325030940594059,2.2855029719890934,1.189181639416383,-3.555314805772569,-0.06785074869791667,1.6284688313802083,1.6167,1.3643,0.8469,-0.03425,-0.00628,-0.02481,0.0008820138755254447,0.0009999937610700727,0.0009201358770951629,0.0005079067195765674,0.0005001365789212286,0.0005738979671150446,0.01173606887459755,0.010186107829213142,0.011653736233711243,passive,0
7.6409,rehab,small_slow,113.19542367885745,-666.6358257495714,221.89421429265676,-177.38982119566992,0.13320908814996857,-149.9869735589893,19.5289,0.0116,-28.9694,5.9097,0.8268,-8.132,87.31403313060798,33.18315033865447,87.88775604550202,-33.22566562228732,-89.17497422960069,-32.8583017985026,1.686918050935953,2.3943328857421875,1.175591497137995,-3.4879557291666665,-0.06785074869791667,1.5606180826822915,1.6474,1.3068,1.0807,-0.03661,-0.00609,-0.02847,0.0008820138755254447,0.0009999937610700727,0.0009201358770951629,0.0005079067195765674,0.0005001365789212286,0.0005738979671150446,0.01173606887459755,0.010186107829213142,0.011653736233711243,passive,0
7.661,rehab,small_slow,113.65381811321177,-666.6308991999783,221.21950588927407,-177.38966674172988,0.13312225877905168,-149.9869752447638,19.7337,0.0332,-29.3625,4.2563,0.7738,-3.1755,87.35408291958346,33.238041188457224,87.91754694268255,-33.3115726047092,-89.17605082194011,-32.81919691297743,1.7413330078125,2.3399179288656407,1.2422369022180537,-3.5165829128689237,-0.06785074869791667,1.5606180826822915,1.7403,1.3998,1.041,-0.0081,-0.01242,-0.02505,0.0008820138755254447,0.0009999937610700727,0.0009201358770951629,0.0005079067195765674,0.0005001365789212286,0.0005738979671150446,0.01173606887459755,0.010186107829213142,0.011653736233711243,passive,0
7.681,rehab,small_slow,113.96179172759622,-666.631502132068,220.7736732342564,-177.38923684004232,0.1328230739626266,-149.98645223597526,19.6287,0.061,-29.1865,-3.8844,0.3892,8.0799,87.38100486226601,33.27491609176787,87.93633111632697,-33.368445502387154,-89.17678833007812,-32.793426513671875,1.6325030940594059,2.3399179288656407,1.1704858458868348,-3.612679375542535,-0.06785074869791667,1.6284688313802083,1.5652,1.3759,0.9438,-0.03254,0.00327,-0.02456,0.0008820138755254447,0.0009999937610700727,0.0009201358770951629,0.0005079067195765674,0.0005001365789212286,0.0005738979671150446,0.01173606887459755,0.010186107829213142,0.011653736233711243,passive,0
7.7007,rehab,small_slow,114.4211854514827,-666.6301872182565,220.09297283216168,-177.38988611392452,0.13326088912662745,-149.98573611752073,19.4365,0.0546,-28.7688,-16.1698,-0.1048,23.6103,87.42114303135635,33.33094908459352,87.96486429648824,-33.453258938259545,-89.17783949110243,-32.75494045681423,1.686918050935953,2.2855029719890934,1.1951982856977104,-3.569047715928819,-0.06785074869791667,1.6284688313802083,1.5668,1.3293,0.9939,-0.03246,0.00404,-0.02644,0.0008820138755254447,0.0009999937610700727,0.0009201358770951629,0.0005079067195765674,0.0005001365789212286,0.0005738979671150446,0.01173606887459755,0.010186107829213142,0.011653736233711243,passive,0
7.7205,rehab,small_slow,114.78926872251685,-666.6295152042971,219.52628646584725,-177.39098811205912,0.13393329696156797,-149.98558380050545,18.8749,0.0657,-27.8749,-26.3201,-0.7486,34.7791,87.45331339316793,33.37750500971728,87.98852977186147,-33.52302551269531,-89.17872958713107,-32.72369384765625,1.5780813387124846,2.3943328857421875,1.145290714679378,-3.542327880859375,-0.06785074869791667,1.5606180826822915,1.5745,1.2737,1.0964,-0.05024,-0.00081,-0.03059,0.0008820138755254447,0.0009999937610700727,0.0009201358770951629,0.0005079067195765674,0.0005001365789212286,0.0005738979671150446,0.01173606887459755,0.010186107829213142,0.011653736233711243,passive,0
7.7406,rehab,small_slow,115.23493442436963,-666.6286132787885,218.86385195659275,-177.39111393078355,0.13403304044717929,-149.98469554886637,18.2374,0.0391,-27.0534,-31.5737,-1.3638,37.0757,87.49224823300202,33.43226668858292,88.01613836005183,-33.60622829861111,-89.1797383626302,-32.686564127604164,1.5780813387124846,2.2310880151125465,1.1944980432491492,-3.3194393581814237,-0.0,1.5606180826822915,1.4978,1.2604,0.9525,-0.03318,0.00156,-0.02335,0.0008820138755254447,0.0009999937610700727,0.0009201358770951629,0.0005079067195765674,0.0005001365789212286,0.0005738979671150446,0.01173606887459755,0.010186107829213142,0.011653736233711243,passive,0
7.7606,rehab,small_slow,115.5199759585188,-666.6263540541463,218.44092605473165,-177.39015929253154,0.1334320661717234,-149.98491260759488,17.7144,-0.0153,-26.5492,-29.5956,-1.7457,27.8559,87.51715102998337,33.467047663018256,88.03458261017752,-33.66123623318142,-89.18040805392795,-32.66204833984375,1.6325030940594059,2.176666259765625,1.1153570496209777,-3.362748887803819,0.06785074869791667,1.5606180826822915,1.5865,1.3286,0.7194,-0.02806,0.00335,-0.02362,0.0008820138755254447,0.0009999937610700727,0.0009201358770951629,0.0005079067195765674,0.0005001365789212286,0.0005738979671150446,0.01173606887459755,0.010186107829213142,0.011653736233711243,passive,0
7.7808,rehab,small_slow,115.81136291624136,-666.6282493701801,218.02446683488907,-177.38865243347874,0.13246607805536606,-149.9843331945236,16.7578,-0.0433,-25.5013,-22.7074,-1.773,12.5782,87.5426181000058,33.50200539768332,88.05176234481358,-33.715811835394966,-89.18108622233073,-32.63776143391927,1.5780813387124846,2.122251302889078,1.0115580039449257,-3.436948988172743,-0.0,1.5606180826822915,1.4473,1.2447,0.7027,-0.04567,0.01015,-0.02011,0.0008820138755254447,0.0009999937610700727,0.0009201358770951629,0.0005079067195765674,0.0005001365789212286,0.0005738979671150446,0.01173606887459755,0.010186107829213142,0.011653736233711243,passive,0
7.8008,rehab,small_slow,116.22729688552596,-666.629311603165,217.39164251573553,-177.3875819562372,0.13181247799201495,-149.98499611327762,16.4638,-0.0846,-25.5603,-15.1803,-1.444,0.6554,87.57896952109762,33.554557573677286,88.07829677468479,-33.79711574978298,-89.18206108940971,-32.60164048936632,1.5236663818359375,2.067836346012531,1.1101698167253249,-3.411712646484375,-0.0,1.4249081081814237,1.4497,1.2665,0.5047,-0.05288,0.00884,-0.02486,0.0008820138755254447,0.0009999937610700727,0.0009201358770951629,0.0005079067195765674,0.0005001365789212286,0.0005738979671150446,0.01173606887459755,0.010186107829213142,0.011653736233711243,passive,0
7.8204,rehab,small_slow,116.5027291285507,-666.6273753010435,216.96684736503303,-177.387519663421,0.13177160526827625,-149.98499124892427,16.3184,-0.1136,-25.8999,-8.2461,-0.5722,-4.262,87.60302930775255,33.58956289763498,88.09628552729541,-33.850809733072914,-89.18270534939236,-32.57817586263021,1.5236663818359375,2.2855029719890934,1.0972527230140006,-3.3520083957248263,-0.06785074869791667,1.357057359483507,1.5612,1.3581,0.6885,-0.03686,0.00272,-0.02691,0.0008820138755254447,0.0009999937610700727,0.0009201358770951629,0.0005079067195765674,0.0005001365789212286,0.0005738979671150446,0.01173606887459755,0.010186107829213142,0.011653736233711243,passive,0
7.8405,rehab,small_slow,116.88829764782349,-666.6372389396645,216.32850689962163,-177.38613893267595,0.13158448534473918,-149.98694400049672,16.1774,-0.1115,-26.0725,-4.1024,0.6273,-0.7749,87.63668173610574,33.643080456422105,88.12215370706993,-33.932384914822045,-89.18306986490886,-32.54344516330295,1.4692514249593904,2.2310880151125465,1.11368462590888,-3.41445075141059,-0.0,1.4249081081814237,1.637,1.3688,0.3545,-0.0265,-0.00844,-0.02382,0.0008820138755254447,0.0009999937610700727,0.0009201358770951629,0.0005079067195765674,0.0005001365789212286,0.0005738979671150446,0.01173606887459755,0.010186107829213142,0.011653736233711243,passive,0
7.861,rehab,small_slow,117.15499286979605,-666.6368991692337,215.89000824357916,-177.38635755731542,0.1324688739242874,-149.98730378240086,16.6293,-0.0988,-26.8478,-0.5418,1.5474,3.8475,87.6598849154935,33.67920072952119,88.14046198778813,-33.98676554361979,-89.18306138780382,-32.520455254448784,1.4148296696124691,2.176666259765625,1.1635242122234684,-3.3469984266493054,-0.0,1.4249081081814237,1.4804,1.3312,0.6806,-0.04184,-0.00222,-0.0262,0.0008820138755254447,0.0009999937610700727,0.0009201358770951629,0.0005079067195765674,0.0005001365789212286,0.0005738979671150446,0.01173606887459755,0.010186107829213142,0.011653736233711243,passive,0
7.8807,rehab,small_slow,117.4763277034211,-666.6375751746514,215.35286876838123,-177.38683730329691,0.133529571264919,-149.98830488662907,16.5483,-0.0613,-26.5128,3.2505,2.1139,5.378,87.68786741955445,33.723553950243655,88.16263859814937,-34.053073459201386,-89.18318854437933,-32.49217563205295,1.5236663818359375,2.176666259765625,1.046733289661974,-3.208363850911458,-0.06785074869791667,1.4249081081814237,1.6441,1.3337,0.4593,-0.03474,0.00159,-0.02531,0.0008820138755254447,0.0009999937610700727,0.0009201358770951629,0.0005079067195765674,0.0005001365789212286,0.0005738979671150446,0.01173606887459755,0.010186107829213142,0.011653736233711243,passive,0
7.9006,rehab,small_slow,117.87625314184893,-666.639796742334,214.7245098205209,-177.38757393955456,0.13406653081086628,-149.98818310971865,16.2984,0.0079,-25.6514,3.7881,2.1679,7.2173,87.72279796033803,33.776214901763616,88.18730344866762,-34.13039313422309,-89.18406168619792,-32.45821634928385,1.4692514249593904,2.176666259765625,1.0395405080058786,-3.1937577989366317,-0.06785074869791667,1.4249081081814237,1.5615,1.4456,0.4504,-0.03537,0.01194,-0.02808,0.0008820138755254447,0.0009999937610700727,0.0009201358770951629,0.0005079067195765674,0.0005001365789212286,0.0005738979671150446,0.01173606887459755,0.010186107829213142,0.011653736233711243,passive,0
7.921,rehab,small_slow,118.13621376393922,-666.637546064408,214.31945930197452,-177.38730507542695,0.1337954348379281,-149.9881454305124,16.2411,0.0752,-25.0813,1.1701,1.6456,7.9865,87.74551164985883,33.809799345413055,88.20423163989983,-34.18186611599392,-89.18474833170573,-32.436108059353295,1.360414712735922,2.0134145906656093,1.0751576942972618,-3.2479180230034723,-0.0,1.357057359483507,1.5373,1.3827,0.3269,-0.03715,0.00675,-0.0217,0.0008820138755254447,0.0009999937610700727,0.0009201358770951629,0.0005079067195765674,0.0005001365789212286,0.0005738979671150446,0.01173606887459755,0.010186107829213142,0.011653736233711243,passive,0
7.9408,rehab,small_slow,118.53508677012093,-666.63596264072,213.73004654433404,-177.38593023037967,0.13279043152206418,-149.98684631692808,16.0861,0.0976,-24.6526,-4.5153,0.906,9.0853,87.78035381052753,33.859312605149675,88.22818944949915,-34.25790574815538,-89.18575710720486,-32.40340338812934,1.4148296696124691,2.0134145906656093,0.9544984420927444,-3.2310061984592013,-0.0,1.357057359483507,1.5183,1.3314,0.42,-0.04367,0.0137,-0.02094,0.0008820138755254447,0.0009999937610700727,0.0009201358770951629,0.0005079067195765674,0.0005001365789212286,0.0005738979671150446,0.01173606887459755,0.010186107829213142,0.011653736233711243,passive,0
7.9615,rehab,small_slow,118.78864673451179,-666.6360591436232,213.3420253864567,-177.38511954408227,0.13220847288054385,-149.98688155601346,16.5413,0.0922,-25.5116,-10.4601,-0.1914,8.0535,87.80251002547764,33.891918069065206,88.24390071453435,-34.30779351128472,-89.18640984429253,-32.38176133897569,1.305999755859375,2.067836346012531,1.0066902991568687,-3.1456417507595487,-0.0,1.357057359483507,1.5141,1.2531,0.3248,-0.05313,0.00284,-0.02254,0.0008820138755254447,0.0009999937610700727,0.0009201358770951629,0.0005079067195765674,0.0005001365789212286,0.0005738979671150446,0.01173606887459755,0.010186107829213142,0.011653736233711243,passive,0
7.9805,rehab,small_slow,119.17284596057515,-666.6284922406688,212.75326916144138,-177.38511744849066,0.13207540635226586,-149.98573068014827,16.5748,0.0738,-25.9115,-13.7283,-1.2881,5.6501,87.83604687983447,33.940656303179146,88.26847718493774,-34.38201904296875,-89.1873762342665,-32.350192599826386,1.360414712735922,1.9589996337890625,1.0013942907352258,-3.057428995768229,-0.06785074869791667,1.357057359483507,1.6229,1.3187,0.5448,-0.04929,0.00122,-0.0255,0.0008820138755254447,0.0009999937610700727,0.0009201358770951629,0.0005079067195765674,0.0005001365789212286,0.0005738979671150446,0.01173606887459755,0.010186107829213142,0.011653736233711243,passive,0
8.0007,rehab,small_slow,119.41797969872027,-666.6289287149248,212.3592580870885,-177.38549158985344,0.13221320737177933,-149.98576832327387,15.8013,0.0268,-25.2414,-17.9547,-1.8069,9.0135,87.85746885998414,33.97373766002089,88.28392330962832,-34.43071153428819,-89.18802897135417,-32.32927110460069,1.305999755859375,2.0134145906656093,0.9491344489673577,-3.024198744032118,-0.06785074869791667,1.2892066107855902,1.4999,1.3704,0.8193,-0.06066,0.01337,-0.03211,0.0008820138755254447,0.0009999937610700727,0.0009201358770951629,0.0005079067195765674,0.0005001365789212286,0.0005738979671150446,0.01173606887459755,0.010186107829213142,0.011653736233711243,passive,0
8.0205,rehab,small_slow,119.7848013371477,-666.631841541843,211.7640965740548,-177.38640243746855,0.13271929331838997,-149.9855140588275,15.183,-0.0047,-24.7536,-23.4733,-1.5951,20.169,87.88951684932897,34.02399875149869,88.30655541750464,-34.50338575575087,-89.18892754448784,-32.29827880859375,1.251584798982828,2.176666259765625,1.0229454418220143,-3.017281426323785,-0.06785074869791667,1.2892066107855902,1.5805,1.4094,0.5284,-0.04347,0.00771,-0.02256,0.0008820138755254447,0.0009999937610700727,0.0009201358770951629,0.0005079067195765674,0.0005001365789212286,0.0005738979671150446,0.01173606887459755,0.010186107829213142,0.011653736233711243,passive,0
8.0409,rehab,small_slow,120.07793133283455,-666.629724301648,211.2716725943984,-177.3876839216815,0.13348798583955365,-149.98586162081608,14.5396,-0.0353,-24.0254,-29.2871,-1.1568,36.5406,87.91511309028851,34.06495953550433,88.3261486091236,-34.56311543782552,-89.18963962131076,-32.27299160427517,1.251584798982828,2.122251302889078,0.9468841552734375,-2.8929901123046875,-0.06785074869791667,1.2892066107855902,1.5355,1.5136,0.4363,-0.04386,0.00286,-0.01805,0.0008820138755254447,0.0009999937610700727,0.0009201358770951629,0.0005079067195765674,0.0005001365789212286,0.0005738979671150446,0.01173606887459755,0.010186107829213142,0.011653736233711243,passive,0
8.061,rehab,small_slow,120.42572882131019,-666.633379504421,210.70095224095914,-177.38789135028415,0.13351844542954322,-149.9862880613773,14.1861,-0.0845,-23.5533,-27.0647,-0.5959,40.5405,87.94550905133238,34.11331025680693,88.347910512792,-34.63383144802517,-89.19053819444444,-32.24294874403212,1.251584798982828,1.9589996337890625,0.9063244810198793,-2.9240841335720487,-0.0,1.2892066107855902,1.6048,1.4062,0.4134,-0.04712,0.00161,-0.0246,0.0008820138755254447,0.0009999937610700727,0.0009201358770951629,0.0005079067195765674,0.0005001365789212286,0.0005738979671150446,0.01173606887459755,0.010186107829213142,0.011653736233711243,passive,0
8.081,rehab,small_slow,120.64983515568123,-666.6354180344459,210.32778777046508,-177.38795188333506,0.1334878308540521,-149.98674404200113,13.898,-0.074,-22.9992,-14.5339,0.1196,26.4897,87.96509544448097,34.144861957814435,88.36228927763382,-34.68024359809028,-89.19112311469183,-32.22341749403212,1.251584798982828,1.9589996337890625,0.9329608879467048,-2.932857937282986,-0.0,1.153496636284722,1.7107,1.3049,0.7469,-0.0434,-0.00611,-0.02905,0.0008820138755254447,0.0009999937610700727,0.0009201358770951629,0.0005079067195765674,0.0005001365789212286,0.0005738979671150446,0.01173606887459755,0.010186107829213142,0.011653736233711243,passive,0
8.1007,rehab,small_slow,120.86462198718067,-666.6343542470323,209.96439729775884,-177.38772739563828,0.1333085530852787,-149.9877777019088,13.4779,-0.0257,-22.1383,-4.4399,0.6221,13.0128,87.98385922271426,34.175189934154545,88.37713713693147,-34.72621493869357,-89.19167412651909,-32.20412360297309,1.1971630436359066,1.9045846769125154,0.9242452489267481,-2.8506300184461804,-0.06785074869791667,1.2213473849826388,1.578,1.4924,0.153,-0.05088,0.01019,-0.02866,0.0008820138755254447,0.0009999937610700727,0.0009201358770951629,0.0005079067195765674,0.0005001365789212286,0.0005738979671150446,0.01173606887459755,0.010186107829213142,0.011653736233711243,passive,0
8.1209,rehab,small_slow,121.20002416448409,-666.6350059867247,209.42454880936035,-177.38719119486322,0.13288724380178876,-149.98771457777153,13.0053,-0.0288,-21.1423,-0.8554,0.8337,6.1258,88.01315383155747,34.220896050481514,88.39813081344755,-34.794345431857636,-89.19251335991753,-32.17564053005642,1.1427480867593596,1.795747964689047,0.7999012257793162,-2.8127458360460067,-0.0,1.153496636284722,1.5844,1.3573,-0.403,-0.04954,0.01204,-0.02093,0.0008820138755254447,0.0009999937610700727,0.0009201358770951629,0.0005079067195765674,0.0005001365789212286,0.0005738979671150446,0.01173606887459755,0.010186107829213142,0.011653736233711243,passive,0
8.1408,rehab,small_slow,121.4139446252849,-666.6380076925944,209.07364356242496,-177.38655343463876,0.13243618199753807,-149.98825137746417,13.2196,-0.0186,-21.3673,-0.7252,0.8762,2.5,88.03184962508702,34.25084331248066,88.41148980773322,-34.838926527235245,-89.1930643717448,-32.156897650824654,1.1971630436359066,1.9045846769125154,0.8007374376353651,-2.801021999782986,-0.06785074869791667,1.153496636284722,1.7305,1.5059,0.8612,-0.04202,-0.0023,-0.02681,0.0008820138755254447,0.0009999937610700727,0.0009201358770951629,0.0005079067195765674,0.0005001365789212286,0.0005738979671150446,0.01173606887459755,0.010186107829213142,0.011653736233711243,passive,0
8.1607,rehab,small_slow,121.7411171580555,-666.6366988553209,208.5498637008582,-177.38586290387474,0.13194129892349726,-149.98762162795035,13.9511,0.0149,-22.6778,-1.7667,0.6445,0.2362,88.06040999912979,34.29512854849938,88.43204838214534,-34.905336168077255,-89.19384426540799,-32.12969462076823,1.1971630436359066,1.8501697200359684,0.8969697857847309,-2.7675967746310763,-0.0,1.153496636284722,1.6631,1.3854,0.7325,-0.0499,0.00908,-0.03212,0.0008820138755254447,0.0009999937610700727,0.0009201358770951629,0.0005079067195765674,0.0005001365789212286,0.0005738979671150446,0.01173606887459755,0.010186107829213142,0.011653736233711243,passive,0
8.1805,rehab,small_slow,121.96146886807114,-666.633023049822,208.19589120722932,-177.3862764769624,0.13212491105402743,-149.98685495655434,14.0167,0.021,-22.9215,-3.0569,0.3458,-0.443,88.07963607334854,34.3248174686243,88.4459648510017,-34.94896782769097,-89.1943868001302,-32.111714680989586,1.1971630436359066,1.9045846769125154,0.8522698430731745,-2.7806939019097223,-0.06785074869791667,1.0856458875868056,1.7276,1.2889,0.5366,-0.04148,-0.00158,-0.02811,0.0008820138755254447,0.0009999937610700727,0.0009201358770951629,0.0005079067195765674,0.0005001365789212286,0.0005738979671150446,0.01173606887459755,0.010186107829213142,0.011653736233711243,passive,0
8.2005,rehab,small_slow,122.27890456118625,-666.6358659014097,207.6737014730995,-177.38654945114362,0.1322526057744588,-149.98657117775812,13.3491,0.0152,-22.0335,-6.9036,0.3585,5.0031,88.1073534370649,34.36944262816174,88.46515693286858,-35.01319037543403,-89.1951412624783,-32.0849863688151,1.1971630436359066,1.9045846769125154,0.7700083515431622,-2.6732550726996527,-0.0,1.0856458875868056,1.6489,1.4746,0.8111,-0.05467,0.00226,-0.02417,0.0008820138755254447,0.0009999937610700727,0.0009201358770951629,0.0005079067195765674,0.0005001365789212286,0.0005738979671150446,0.01173606887459755,0.010186107829213142,0.011653736233711243,passive,0
8.2207,rehab,small_slow,122.49708509800314,-666.6372870463973,207.32421354189842,-177.38698458696527,0.13247064651828974,-149.98536586149586,12.8982,0.0125,-21.4696,-14.8885,0.3348,19.564,88.12639595258354,34.39943068098314,88.47766611835743,-35.05566067165798,-89.19564988878038,-32.06761678059896,1.251584798982828,1.8501697200359684,0.7943740693649443,-2.639787462022569,-0.06785074869791667,1.0856458875868056,1.6474,1.6365,-0.0111,-0.04199,-0.00176,-0.02126,0.0008820138755254447,0.0009999937610700727,0.0009201358770951629,0.0005079067195765674,0.0005001365789212286,0.0005738979671150446,0.01173606887459755,0.010186107829213142,0.011653736233711243,passive,0
8.241,rehab,small_slow,122.84916515705193,-666.6331251351418,206.71343955310013,-177.38937887906764,0.13387979395363847,-149.98516886403354,12.6325,0.024,-21.1017,-23.3911,0.1337,36.4006,88.15711824020536,34.45064355831335,88.50091008856745,-35.12812296549479,-89.19650607638889,-32.03788757324219,1.1427480867593596,1.795747964689047,0.8045649764561417,-2.5916035970052085,-0.0,1.0856458875868056,1.6665,1.6761,0.9462,-0.04098,0.01731,-0.02494,0.0008820138755254447,0.0009999937610700727,0.0009201358770951629,0.0005079067195765674,0.0005001365789212286,0.0005738979671150446,0.01173606887459755,0.010186107829213142,0.011653736233711243,passive,0
8.2609,rehab,small_slow,123.04521306326156,-666.6327631646576,206.3803898061001,-177.3899988610923,0.13423355165994733,-149.9852850559716,12.3973,0.035,-20.6914,-23.9614,0.1479,38.5667,88.17422999013769,34.47887760577816,88.51335808782294,-35.16853332519531,-89.19698079427083,-32.02110290527344,1.0339181730062654,1.7413330078125,0.7750052272683323,-2.4001651340060763,-0.06785074869791667,1.0177951388888888,1.6181,1.5929,0.3121,-0.0274,0.00218,-0.02192,0.0008820138755254447,0.0009999937610700727,0.0009201358770951629,0.0005079067195765674,0.0005001365789212286,0.0005738979671150446,0.01173606887459755,0.010186107829213142,0.011653736233711243,passive,0
8.2807,rehab,small_slow,123.24480914962541,-666.6345678691613,206.05308402017147,-177.39019556009683,0.1342985498077697,-149.98465378609833,11.9737,0.0416,-19.9471,-18.6067,0.1297,28.4498,88.19165446970722,34.50702327312809,88.525071852278,-35.20862155490451,-89.19746398925781,-32.00475056966146,1.0883331298828125,1.686918050935953,0.6823080837136448,-2.5844828287760415,-0.0,0.9499359130859375,1.7215,1.4458,0.7462,-0.04387,-0.00053,-0.03166,0.0008820138755254447,0.0009999937610700727,0.0009201358770951629,0.0005079067195765674,0.0005001365789212286,0.0005738979671150446,0.01173606887459755,0.010186107829213142,0.011653736233711243,passive,0
8.3006,rehab,small_slow,123.52498214304119,-666.6351910675995,205.58736391318715,-177.38930106081912,0.1337292624004546,-149.98476781416608,11.4452,0.0385,-19.0557,-16.053,-0.2774,21.2789,88.21610856764387,34.54676033246635,88.542849852307,-35.26782565646701,-89.19810824924045,-31.98082817925347,0.979496417659344,1.7413330078125,0.7810354704904084,-2.4335140652126737,-0.06785074869791667,1.0856458875868056,1.5903,1.5551,0.7278,-0.04289,-0.00844,-0.0213,0.0008820138755254447,0.0009999937610700727,0.0009201358770951629,0.0005079067195765674,0.0005001365789212286,0.0005738979671150446,0.01173606887459755,0.010186107829213142,0.011653736233711243,passive,0
8.3207,rehab,small_slow,123.71289999593355,-666.6315785489915,205.28143384370983,-177.3889000669858,0.13343730720280367,-149.98447512236882,10.9613,0.0209,-18.3081,-15.4536,-0.8969,15.9811,88.23249967971651,34.57253333365563,88.55504630815865,-35.30670166015625,-89.1985575358073,-31.96515401204427,1.0339181730062654,1.6325030940594059,0.737776803498221,-2.3688761393229165,-0.06785074869791667,0.9499359130859375,1.6962,1.598,0.8327,-0.03677,-0.00629,-0.02465,0.0008820138755254447,0.0009999937610700727,0.0009201358770951629,0.0005079067195765674,0.0005001365789212286,0.0005738979671150446,0.01173606887459755,0.010186107829213142,0.011653736233711243,passive,0
8.3408,rehab,small_slow,123.98657042003867,-666.627898629969,204.83053493960682,-177.38832669706449,0.13302127935510938,-149.98433121613823,10.7282,0.0171,-18.2116,-13.7308,-1.2393,9.0575,88.25637590767133,34.61068634939666,88.57271553266166,-35.36383734809028,-89.19921875,-31.942045423719616,0.979496417659344,1.5236663818359375,0.7212565204884747,-2.3917982313368054,-0.06785074869791667,1.0177951388888888,1.7327,1.5093,0.8685,-0.03608,0.00357,-0.02577,0.0008820138755254447,0.0009999937610700727,0.0009201358770951629,0.0005079067195765674,0.0005001365789212286,0.0005738979671150446,0.01173606887459755,0.010186107829213142,0.011653736233711243,passive,0
8.3608,rehab,small_slow,124.15594628934332,-666.632131677719,204.5380726902788,-177.3874839254447,0.1324658713033967,-149.98489303329697,10.8195,-0.0004,-18.8203,-10.7253,-1.1016,2.3665,88.27117617767637,34.6360174500116,88.58334154185683,-35.401195949978295,-89.19964260525174,-31.927091810438366,0.9250814607827971,1.5236663818359375,0.6981077288637066,-2.347624037000868,-0.0,0.9499359130859375,1.7655,1.5574,1.1733,-0.04609,-0.00648,-0.03172,0.0008820138755254447,0.0009999937610700727,0.0009201358770951629,0.0005079067195765674,0.0005001365789212286,0.0005738979671150446,0.01173606887459755,0.010186107829213142,0.011653736233711243,passive,0
8.3806,rehab,small_slow,124.40438413612871,-666.6333629177193,204.09788759951627,-177.38728062595766,0.13229511367779506,-149.98584833739358,10.5115,-0.0528,-18.6611,-7.8231,-0.8242,-0.424,88.29287009664101,34.673524611067066,88.59995020498144,-35.456153021918404,-89.20026143391927,-31.905042860243054,0.87066650390625,1.5780813387124846,0.6903438756961634,-2.2895219590928817,-0.0,0.9499359130859375,1.8035,1.4091,0.3458,-0.03304,-0.00444,-0.02463,0.0008820138755254447,0.0009999937610700727,0.0009201358770951629,0.0005079067195765674,0.0005001365789212286,0.0005738979671150446,0.01173606887459755,0.010186107829213142,0.011653736233711243,passive,0
8.4005,rehab,small_slow,124.56780567073753,-666.6321477783321,203.8051525379133,-177.3876910926598,0.1325198408398751,-149.98648073681554,10.2477,-0.0931,-18.4762,-7.3204,-0.5953,4.6124,88.30713328748647,34.69825744628906,88.61112009180654,-35.4919687906901,-89.20066833496094,-31.890538533528645,0.8162515470297029,1.4692514249593904,0.7336909228032178,-2.2554694281684027,-0.0,0.8820851643880208,1.688,1.478,0.8936,-0.06262,0.00138,-0.0311,0.0008820138755254447,0.0009999937610700727,0.0009201358770951629,0.0005079067195765674,0.0005001365789212286,0.0005738979671150446,0.01173606887459755,0.010186107829213142,0.011653736233711243,passive,0
8.4207,rehab,small_slow,124.80170871375627,-666.6329405035434,203.3640119895859,-177.38913351248544,0.13338516142363718,-149.98797773501272,10.1513,-0.0893,-18.4573,-8.6922,-0.2591,14.8904,88.3275558924911,34.73564903334816,88.62734124211981,-35.5444590250651,-89.20125325520833,-31.869193183051216,0.87066650390625,1.5780813387124846,0.6278251421333539,-2.142961290147569,-0.06785074869791667,0.8820851643880208,1.6633,1.5474,0.3778,-0.04364,0.00097,-0.02149,0.0008820138755254447,0.0009999937610700727,0.0009201358770951629,0.0005079067195765674,0.0005001365789212286,0.0005738979671150446,0.01173606887459755,0.010186107829213142,0.011653736233711243,passive,0
8.441,rehab,small_slow,124.95734005983688,-666.6368711494817,203.08329026496673,-177.38926143422833,0.13347138182459006,-149.9885032737354,9.942,-0.0455,-17.997,-10.885,0.3978,25.8044,88.3411460347695,34.75996036340695,88.63709704710705,-35.57873196072048,-89.2016092936198,-31.85545179578993,0.87066650390625,1.5236663818359375,0.6098771803449876,-2.136247422960069,-0.06785074869791667,0.8142344156901041,1.7402,1.6162,1.1691,-0.03333,0.00501,-0.02415,0.0008820138755254447,0.0009999937610700727,0.0009201358770951629,0.0005079067195765674,0.0005001365789212286,0.0005738979671150446,0.01173606887459755,0.010186107829213142,0.011653736233711243,passive,0
8.4609,rehab,small_slow,125.22915023304276,-666.6410065050603,202.6011453714617,-177.38962768541361,0.13361078904593232,-149.9885655268947,9.8053,-0.0266,-17.4596,-12.7237,1.1769,33.3698,88.36487949484646,34.801573800568534,88.65405923069113,-35.63752916124132,-89.20228746202257,-31.832300821940102,0.87066650390625,1.4148296696124691,0.6222843887782333,-2.081027560763889,-0.06785074869791667,0.8142344156901041,1.876,1.6682,1.5088,-0.02309,-0.00572,-0.02039,0.0008820138755254447,0.0009999937610700727,0.0009201358770951629,0.0005079067195765674,0.0005001365789212286,0.0005738979671150446,0.01173606887459755,0.010186107829213142,0.011653736233711243,passive,0
8.4808,rehab,small_slow,125.37952552881254,-666.6401480072367,202.34049144003612,-177.38936581623344,0.1334177464905429,-149.98875466769985,9.4959,-0.0401,-16.5371,-14.2575,1.5133,37.8511,88.37800054266901,34.82379800022238,88.66394420661548,-35.67030164930556,-89.20265197753906,-31.819347805447048,0.7618297916827815,1.4148296696124691,0.6446921471321937,-1.9957394070095487,-0.06785074869791667,0.8142344156901041,1.4606,1.5428,0.2772,-0.05675,0.00866,-0.01868,0.0008820138755254447,0.0009999937610700727,0.0009201358770951629,0.0005079067195765674,0.0005001365789212286,0.0005738979671150446,0.01173606887459755,0.010186107829213142,0.011653736233711243,passive,0
8.5009,rehab,small_slow,125.60252859876425,-666.6364718628727,201.94309996025635,-177.3904367062872,0.13406175431174402,-149.9888455941037,9.175,-0.0208,-15.6557,-15.1252,1.2218,38.653,88.39744416793974,34.8573892423422,88.67883965520575,-35.71803622775607,-89.20316060384114,-31.800333658854164,0.8162515470297029,1.360414712735922,0.5533003098893874,-2.017093234592014,-0.06785074869791667,0.7463751898871528,1.5551,1.5415,0.4593,-0.05289,0.01666,-0.02138,0.0008820138755254447,0.0009999937610700727,0.0009201358770951629,0.0005079067195765674,0.0005001365789212286,0.0005738979671150446,0.01173606887459755,0.010186107829213142,0.011653736233711243,passive,0
8.5209,rehab,small_slow,125.75210821500377,-666.6362523454335,201.69835738192353,-177.38993527522223,0.13371967238863464,-149.98836121886683,8.938,0.0316,-15.1173,-13.5615,0.6428,32.1295,88.41049043258818,34.87853248520653,88.6877456513962,-35.74901156955295,-89.20350816514757,-31.788109673394096,0.8162515470297029,1.305999755859375,0.5468145691522277,-1.9215053982204862,-0.0,0.7463751898871528,1.7935,1.6114,0.7418,-0.03655,0.00338,-0.02525,0.0008820138755254447,0.0009999937610700727,0.0009201358770951629,0.0005079067195765674,0.0005001365789212286,0.0005738979671150446,0.01173606887459755,0.010186107829213142,0.011653736233711243,passive,0
8.5405,rehab,small_slow,125.89918853840094,-666.6368134653551,201.4553878212788,-177.38966113154464,0.13351575890589112,-149.9877316085994,8.5244,0.0708,-14.3716,-11.3046,0.277,22.5359,88.42331914618464,34.89960774336711,88.69632532100866,-35.779317220052086,-89.20384724934895,-31.776241726345486,0.7618297916827815,1.305999755859375,0.5443127320544554,-1.920708550347222,-0.0,0.7463751898871528,1.5947,1.6781,0.8163,-0.04149,0.00304,-0.02219,0.0008820138755254447,0.0009999937610700727,0.0009201358770951629,0.0005079067195765674,0.0005001365789212286,0.0005738979671150446,0.01173606887459755,0.010186107829213142,0.011653736233711243,passive,0
8.5607,rehab,small_slow,126.11177796812767,-666.6394413653024,201.10685094759268,-177.38837827829033,0.13270774273172012,-149.98722011123854,8.1763,0.0659,-13.7133,-8.7077,0.1783,12.9819,88.44186537336594,34.93006489064434,88.70864414932704,-35.82406785753038,-89.2043219672309,-31.75869411892361,0.7618297916827815,1.251584798982828,0.5361681645459467,-1.844024658203125,-0.06785074869791667,0.678524441189236,1.7092,1.5828,0.1844,-0.04395,0.0008,-0.02177,0.0008820138755254447,0.0009999937610700727,0.0009201358770951629,0.0005079067195765674,0.0005001365789212286,0.0005738979671150446,0.01173606887459755,0.010186107829213142,0.011653736233711243,passive,0
8.5809,rehab,small_slow,126.24499042927842,-666.6373482817598,200.87851856926497,-177.38816751926882,0.132584627222734,-149.98721919960232,8.1708,0.0369,-13.7072,-5.8557,-0.0781,5.6145,88.45347716076539,34.94950851591507,88.71733939293587,-35.852745903862846,-89.20461018880208,-31.747394137912327,0.6529998779296875,1.1971630436359066,0.5557205653426671,-1.7868550618489583,-0.0,0.7463751898871528,1.8426,1.6896,0.9657,-0.04469,-0.01403,-0.02815,0.0008820138755254447,0.0009999937610700727,0.0009201358770951629,0.0005079067195765674,0.0005001365789212286,0.0005738979671150446,0.01173606887459755,0.010186107829213142,0.011653736233711243,passive,0
8.6009,rehab,small_slow,126.44115838226347,-666.6334570158883,200.53203030317255,-177.38889885228858,0.1329744257926035,-149.98720416713132,8.2547,0.0097,-14.0384,-5.8229,-0.4823,5.0591,88.47058211222733,34.978884706402766,88.7302836805287,-35.894673665364586,-89.20509338378906,-31.730762057834202,0.7074148348062346,1.1427480867593596,0.5352571695157797,-1.7234463161892362,-0.0,0.678524441189236,1.8318,1.5622,0.6161,-0.05081,0.00493,-0.0266,0.0008820138755254447,0.0009999937610700727,0.0009201358770951629,0.0005079067195765674,0.0005001365789212286,0.0005738979671150446,0.01173606887459755,0.010186107829213142,0.011653736233711243,passive,0
8.6205,rehab,small_slow,126.57083416610531,-666.6309607662732,200.31458847987906,-177.38895762274024,0.13300990376695837,-149.98689487463292,8.164,0.0026,-14.1102,-7.6011,-0.5626,7.6663,88.48188116998956,34.997451328995204,88.73835346486308,-35.921520657009545,-89.2053731282552,-31.72006395128038,0.7074148348062346,1.1427480867593596,0.5151880849706064,-1.7054239908854165,-0.06785074869791667,0.678524441189236,1.7201,1.6262,1.2788,-0.05712,0.00018,-0.02853,0.0008820138755254447,0.0009999937610700727,0.0009201358770951629,0.0005079067195765674,0.0005001365789212286,0.0005738979671150446,0.01173606887459755,0.010186107829213142,0.011653736233711243,passive,0
8.6409,rehab,small_slow,126.76039180219948,-666.6319730490361,199.99566105239663,-177.3887103886311,0.13284779071519984,-149.98614151672948,7.8626,0.0209,-13.6991,-10.1699,-0.2619,11.1241,88.49840825146968,35.02520268506343,88.74940097922146,-35.96101548936632,-89.20578002929688,-31.704720391167534,0.6529998779296875,1.1427480867593596,0.4211924335744121,-1.5748680962456596,-0.0,0.6106736924913194,1.7999,1.7175,0.5559,-0.04562,0.00212,-0.0277,0.0008820138755254447,0.0009999937610700727,0.0009201358770951629,0.0005079067195765674,0.0005001365789212286,0.0005738979671150446,0.01173606887459755,0.010186107829213142,0.011653736233711243,passive,0
8.6609,rehab,small_slow,126.87898941534078,-666.6346945232074,199.79246230973786,-177.38835311230284,0.13262081318303268,-149.98591238175635,7.7257,0.028,-13.454,-15.3126,0.0192,20.2641,88.50875552337949,35.04307586367768,88.7561858526551,-35.9863535563151,-89.20604281955295,-31.69487847222222,0.6529998779296875,1.0883331298828125,0.421743109674737,-1.5504201253255208,-0.06785074869791667,0.6106736924913194,1.6726,1.5739,0.5027,-0.0519,0.00484,-0.02589,0.0008820138755254447,0.0009999937610700727,0.0009201358770951629,0.0005079067195765674,0.0005001365789212286,0.0005738979671150446,0.01173606887459755,0.010186107829213142,0.011653736233711243,passive,0
8.6805,rehab,small_slow,127.07361754822664,-666.6368391049019,199.44183561994467,-177.38850013707693,0.1326684747679797,-149.9860125454669,7.3441,0.0137,-12.7953,-19.9218,0.075,30.7884,88.52573810237469,35.07347862319191,88.76833471921411,-36.02918836805556,-89.20650906032986,-31.678263346354164,0.5985781225827661,1.0883331298828125,0.43625104545366644,-1.516816880967882,-0.0,0.5428229437934028,1.723,1.727,0.3092,-0.04723,0.00307,-0.02128,0.0008820138755254447,0.0009999937610700727,0.0009201358770951629,0.0005079067195765674,0.0005001365789212286,0.0005738979671150446,0.01173606887459755,0.010186107829213142,0.011653736233711243,passive,0
8.7007,rehab,small_slow,127.18474610700076,-666.637026759075,199.23892338017203,-177.38945772948958,0.13324676935971722,-149.985778438853,6.7082,0.0068,-11.8593,-21.2346,-0.1035,36.0985,88.53542592265818,35.090977885935565,88.77511959264774,-36.05259365505642,-89.20675489637587,-31.66906568739149,0.5985781225827661,1.0883331298828125,0.42392541866491334,-1.418516370985243,-0.0,0.5428229437934028,1.6809,1.658,0.712,-0.05483,0.00996,-0.02339,0.0008820138755254447,0.0009999937610700727,0.0009201358770951629,0.0005079067195765674,0.0005001365789212286,0.0005738979671150446,0.01173606887459755,0.010186107829213142,0.011653736233711243,passive,0
8.7213,rehab,small_slow,127.35193584166026,-666.6309230286016,198.95219197940375,-177.39066903595648,0.13397594134562263,-149.98494151349388,6.3916,0.0126,-11.4772,-20.5843,-0.4442,36.5383,88.54998144772973,35.11522123129061,88.78566402019841,-36.086315578884545,-89.20711093478732,-31.655714246961804,0.5985781225827661,1.0339181730062654,0.43552360912360766,-1.4150153266059027,-0.0,0.5428229437934028,1.8008,1.7313,0.8157,-0.03764,0.00028,-0.02463,0.0008820138755254447,0.0009999937610700727,0.0009201358770951629,0.0005079067195765674,0.0005001365789212286,0.0005738979671150446,0.01173606887459755,0.010186107829213142,0.011653736233711243,passive,0
8.7405,rehab,small_slow,127.45614271453387,-666.628838259684,198.77253542746897,-177.3909938886565,0.13418143063605006,-149.9845526783265,6.0405,0.0079,-10.8332,-18.109,-0.5559,32.7413,88.55905740567954,35.13058577433671,88.79215655940594,-36.108008490668404,-89.20732286241319,-31.647262573242188,0.544163165706219,0.9250814607827971,0.3906605031230662,-1.356413099500868,0.06785074869791667,0.5428229437934028,1.7258,1.6447,0.5762,-0.04506,0.00983,-0.02293,0.0008820138755254447,0.0009999937610700727,0.0009201358770951629,0.0005079067195765674,0.0005001365789212286,0.0005738979671150446,0.01173606887459755,0.010186107829213142,0.011653736233711243,passive,0
8.7609,rehab,small_slow,127.55102246443661,-666.6305533482574,198.60218024081394,-177.39104645025063,0.13418178182581522,-149.98460331186422,5.5373,-0.0061,-9.7688,-14.6247,-0.3123,27.2112,88.56733794259553,35.14548122292698,88.7978468791093,-36.128760443793404,-89.20756022135417,-31.63915846082899,0.435333251953125,0.9250814607827971,0.316856308738784,-1.2781778971354167,-0.06785074869791667,0.4749637179904514,1.6308,1.4907,0.2636,-0.06238,0.00878,-0.0254,0.0008820138755254447,0.0009999937610700727,0.0009201358770951629,0.0005079067195765674,0.0005001365789212286,0.0005738979671150446,0.01173606887459755,0.010186107829213142,0.011653736233711243,passive,0
8.781,rehab,small_slow,127.67854384963503,-666.6341566645183,198.3631024660042,-177.3905743655441,0.13387223625311379,-149.9852973402087,5.3142,-0.0144,-9.2275,-11.9826,-0.0005,22.8893,88.57847383706877,35.1663865193282,88.80608662520305,-36.15876939561632,-89.20787387424045,-31.627655029296875,0.435333251953125,0.87066650390625,0.3398895263671875,-1.1683315700954862,-0.0,0.4071129692925347,1.6689,1.6124,0.3236,-0.04154,0.01703,-0.02468,0.0008820138755254447,0.0009999937610700727,0.0009201358770951629,0.0005079067195765674,0.0005001365789212286,0.0005738979671150446,0.01173606887459755,0.010186107829213142,0.011653736233711243,passive,0
8.8011,rehab,small_slow,127.76117369584766,-666.6351573652449,198.21270691324978,-177.39023025937064,0.13364098839138713,-149.9857680734519,5.1522,-0.0294,-8.9505,-11.6942,0.2214,20.9335,88.58568701413598,35.179453179387764,88.81145061832844,-36.17780897352431,-89.20808580186632,-31.62017822265625,0.489748208829672,0.87066650390625,0.32682286630762686,-1.1937035454644096,0.06785074869791667,0.4749637179904514,1.6844,1.7143,0.6087,-0.03031,0.01214,-0.02291,0.0008820138755254447,0.0009999937610700727,0.0009201358770951629,0.0005079067195765674,0.0005001365789212286,0.0005738979671150446,0.01173606887459755,0.010186107829213142,0.011653736233711243,passive,0
8.8209,rehab,small_slow,127.89125284503461,-666.6360328210465,197.9969660856022,-177.38975616409047,0.13332798492544606,-149.98513317284286,5.109,-0.0267,-8.9518,-12.8203,0.3791,19.8456,88.59702686272045,35.19839371785079,88.81877257092164,-36.20491027832031,-89.2083740234375,-31.60976833767361,0.435333251953125,0.7618297916827815,0.32291374584235766,-1.0866885715060763,-0.0,0.4071129692925347,1.7865,1.7367,1.0466,-0.0389,0.00973,-0.02716,0.0008820138755254447,0.0009999937610700727,0.0009201358770951629,0.0005079067195765674,0.0005001365789212286,0.0005738979671150446,0.01173606887459755,0.010186107829213142,0.011653736233711243,passive,0
8.8405,rehab,small_slow,127.97618301119724,-666.6352590307182,197.86058333741292,-177.38948196859388,0.13316261197511925,-149.98455993985496,4.8525,0.0033,-8.5714,-12.8111,0.3898,17.929,88.60442359848778,35.21028424253558,88.82353829865409,-36.22205946180556,-89.20854356553819,-31.603130764431423,0.489748208829672,0.7074148348062346,0.2785605251198948,-1.1057535807291667,-0.06785074869791667,0.339262220594618,1.6248,1.5253,0.1955,-0.05256,-0.00265,-0.02553,0.0008820138755254447,0.0009999937610700727,0.0009201358770951629,0.0005079067195765674,0.0005001365789212286,0.0005738979671150446,0.01173606887459755,0.010186107829213142,0.011653736233711243,passive,0
8.861,rehab,small_slow,128.0880948321009,-666.6320552855314,197.66872365321737,-177.38923805409377,0.1330103598425397,-149.9845162446776,4.4093,0.0314,-7.8999,-13.5714,0.2813,20.3821,88.61417260500464,35.22662776531559,88.83088064665841,-36.246278550889755,-89.2087894015842,-31.59368726942274,0.3809114966062036,0.7074148348062346,0.31175745595799814,-0.9430440266927083,-0.0,0.339262220594618,1.7538,1.6429,0.1492,-0.0334,0.00845,-0.01829,0.0008820138755254447,0.0009999937610700727,0.0009201358770951629,0.0005079067195765674,0.0005001365789212286,0.0005738979671150446,0.01173606887459755,0.010186107829213142,0.011653736233711243,passive,0
8.8807,rehab,small_slow,128.15047633923427,-666.6308911991716,197.5493788810657,-177.3890886349719,0.1328915689034978,-149.9852112840707,4.1193,0.0356,-7.527,-14.5897,0.304,25.6741,88.61961817977452,35.2367370907623,88.83555799427599,-36.26141018337673,-89.20896742078993,-31.587710910373264,0.32649653972965653,0.6529998779296875,0.2618838772915377,-0.8966912163628472,-0.06785074869791667,0.4071129692925347,1.6408,1.6789,0.5351,-0.04603,0.01769,-0.01985,0.0008820138755254447,0.0009999937610700727,0.0009201358770951629,0.0005079067195765674,0.0005001365789212286,0.0005738979671150446,0.01173606887459755,0.010186107829213142,0.011653736233711243,passive,0
8.9008,rehab,small_slow,128.25049556145393,-666.6330507675464,197.3529885669062,-177.38887368032937,0.13275223174408846,-149.98652365827147,3.7369,0.0215,-6.9152,-14.437,0.305,29.5008,88.6283542142056,35.253780855990875,88.84248563558748,-36.28589206271701,-89.209230211046,-31.577928331163193,0.32649653972965653,0.6529998779296875,0.27663655800394493,-0.804409450954861,-0.0,0.339262220594618,1.8665,1.5688,1.0987,-0.03534,0.00098,-0.02997,0.0008820138755254447,0.0009999937610700727,0.0009201358770951629,0.0005079067195765674,0.0005001365789212286,0.0005738979671150446,0.01173606887459755,0.010186107829213142,0.011653736233711243,passive,0
8.9208,rehab,small_slow,128.3079093150407,-666.6335050599031,197.24263782413738,-177.38925724553962,0.13296674189612126,-149.9868514548924,3.5118,0.0067,-6.3602,-12.6616,0.0584,29.4549,88.63336468687152,35.2633259083965,88.8461976004119,-36.29884507921007,-89.20938279893663,-31.57273186577691,0.2720815828531095,0.5985781225827661,0.2396732745784344,-0.8205413818359375,-0.06785074869791667,0.339262220594618,1.838,1.5865,0.8893,-0.03768,0.00916,-0.02811,0.0008820138755254447,0.0009999937610700727,0.0009201358770951629,0.0005079067195765674,0.0005001365789212286,0.0005738979671150446,0.01173606887459755,0.010186107829213142,0.011653736233711243,passive,0
8.9406,rehab,small_slow,128.3641011228115,-666.6327311896255,197.13752532729757,-177.38983148598558,0.1333236238644465,-149.98687720292304,3.3521,-0.0034,-5.775,-10.5889,-0.2989,27.3534,88.63825958554108,35.272327083172186,88.84979399123995,-36.31089104546441,-89.20950147840712,-31.56794230143229,0.32649653972965653,0.5985781225827661,0.2401763613861386,-0.6814744737413194,0.06785074869791667,0.2714114718967014,1.8709,1.7048,0.4897,-0.02661,-0.0007,-0.02337,0.0008820138755254447,0.0009999937610700727,0.0009201358770951629,0.0005079067195765674,0.0005001365789212286,0.0005738979671150446,0.01173606887459755,0.010186107829213142,0.011653736233711243,passive,0
8.9606,rehab,small_slow,128.44429659094104,-666.6315607630562,197.00385751746492,-177.389792498049,0.13327315166599976,-149.98666360683933,3.1701,0.0179,-5.1716,-10.8744,-0.579,27.4743,88.64524841308594,35.28391167669013,88.85449173426863,-36.327404446072045,-89.20969645182292,-31.56134711371528,0.2720815828531095,0.435333251953125,0.1823893632038985,-0.637173122829861,-0.0,0.2714114718967014,1.7686,1.7871,0.3583,-0.03902,0.00415,-0.02022,0.0008820138755254447,0.0009999937610700727,0.0009201358770951629,0.0005079067195765674,0.0005001365789212286,0.0005738979671150446,0.01173606887459755,0.010186107829213142,0.011653736233711243,passive,0
8.9808,rehab,small_slow,128.49586752939555,-666.6322569064694,196.93110201238272,-177.3890340136706,0.13280834458582658,-149.98633836541322,2.9054,0.0345,-4.5572,-12.948,-0.7906,28.5305,88.64974220200341,35.29050619295328,88.85687119889967,-36.33737352159288,-89.20980665418837,-31.557286580403645,0.2720815828531095,0.3809114966062036,0.13604419066174195,-0.5943552652994791,0.06785074869791667,0.2714114718967014,1.7858,1.71,0.9588,-0.04302,-0.00462,-0.02849,0.0008820138755254447,0.0009999937610700727,0.0009201358770951629,0.0005079067195765674,0.0005001365789212286,0.0005738979671150446,0.01173606887459755,0.010186107829213142,0.011653736233711243,passive,0
9.001,rehab,small_slow,128.5683894285764,-666.632022677548,196.83097275147765,-177.38834625932208,0.13237196701742185,-149.98563419881742,2.6594,0.0034,-4.1041,-16.6001,-1.1194,30.4008,88.6560579809812,35.29950056925858,88.860127666209,-36.35058085123698,-89.20996771918402,-31.55181884765625,0.2720815828531095,0.3809114966062036,0.15464480560604887,-0.5416276719835069,-0.0,0.20355224609375,1.6756,1.7259,1.001,-0.04167,0.00445,-0.02495,0.0008820138755254447,0.0009999937610700727,0.0009201358770951629,0.0005079067195765674,0.0005001365789212286,0.0005738979671150446,0.01173606887459755,0.010186107829213142,0.011653736233711243,passive,0
9.0209,rehab,small_slow,128.6120751440013,-666.6313212859674,196.7658922290652,-177.3884954310509,0.13246363177963458,-149.98511352440107,2.3773,-0.0467,-3.6685,-20.8174,-1.5313,33.0886,88.65985832592048,35.305238478254566,88.86215361038057,-36.358252631293404,-89.21005249023438,-31.54862297905816,0.2720815828531095,0.3809114966062036,0.134725287409112,-0.5034806993272569,-0.0,0.20355224609375,1.9116,1.6181,0.8958,-0.0365,0.00438,-0.02894,0.0008820138755254447,0.0009999937610700727,0.0009201358770951629,0.0005079067195765674,0.0005001365789212286,0.0005738979671150446,0.01173606887459755,0.010186107829213142,0.011653736233711243,passive,0
9.0409,rehab,small_slow,128.66082808316241,-666.6309115641615,196.6792033872651,-177.38912016209625,0.13281277629225333,-149.98481110805312,1.8333,-0.0911,-2.8581,-24.1204,-1.8312,35.3201,88.66410736990447,35.31275758648863,88.8648797970007,-36.367882622612846,-89.21017964680989,-31.54478285047743,0.16324487062964108,0.2720815828531095,0.13223704725208849,-0.3460184733072917,-0.0,0.20355224609375,1.7832,1.5069,0.3509,-0.03968,0.00267,-0.0248,0.0008820138755254447,0.0009999937610700727,0.0009201358770951629,0.0005079067195765674,0.0005001365789212286,0.0005738979671150446,0.01173606887459755,0.010186107829213142,0.011653736233711243,passive,0
9.0605,rehab,small_slow,128.68248956244733,-666.6316175952786,196.6336854306745,-177.38953390940495,0.1330702276718027,-149.98504310879684,1.3113,-0.1143,-2.1059,-25.3358,-1.5803,35.3846,88.66599734466855,35.31672789318727,88.86622589413483,-36.372765435112846,-89.21023050944011,-31.542714436848957,0.10882991375309406,0.2176666259765625,0.05623694693688119,-0.24163987901475695,0.06785074869791667,0.06785074869791667,1.8352,1.6516,0.7398,-0.04192,0.00452,-0.02654,0.0008820138755254447,0.0009999937610700727,0.0009201358770951629,0.0005079067195765674,0.0005001365789212286,0.0005738979671150446,0.01173606887459755,0.010186107829213142,0.011653736233711243,passive,0
9.0807,rehab,small_slow,128.70578100144132,-666.639064227583,196.59398006383327,-177.38900403469924,0.13272642102764456,-149.98580306629628,0.7499,-0.1333,-1.3183,-24.8414,-0.5132,33.13,88.66805048272161,35.321010929523126,88.86633466966082,-36.377860175238716,-89.21033223470052,-31.539959377712673,0.10882991375309406,0.10882991375309406,-0.0005914669225711634,-0.14665391710069445,-0.06785074869791667,0.13570149739583334,1.8504,1.5805,0.7238,-0.05865,-0.00405,-0.03177,0.0008820138755254447,0.0009999937610700727,0.0009201358770951629,0.0005079067195765674,0.0005001365789212286,0.0005738979671150446,0.01173606887459755,0.010186107829213142,0.011653736233711243,passive,0
9.1005,rehab,small_slow,128.72083694961586,-666.6418833587198,196.57740291273697,-177.3885963431783,0.13248779279293169,-149.98632482873748,0.2458,-0.1512,-0.6256,-22.2825,0.8067,27.875,88.66936938597424,35.32287371040571,88.86633466966082,-36.38024224175347,-89.21038309733073,-31.53814527723524,0.05441495687654703,-0.0,0.015881226794554455,-0.08951822916666667,-0.0,0.13570149739583334,2.0041,1.644,1.2966,-0.04109,0.00043,-0.03307,0.0008820138755254447,0.0009999937610700727,0.0009201358770951629,0.0005079067195765674,0.0005001365789212286,0.0005738979671150446,0.01173606887459755,0.010186107829213142,0.011653736233711243,passive,0
9.121,rehab,small_slow,128.71695380437248,-666.6441712234963,196.58331578006616,-177.38746586494554,0.13178747318746692,-149.9878419450108,-0.1557,-0.1364,-0.0872,-17.07,2.0557,19.2721,88.66904985786664,35.32255418229811,88.86632787119044,-36.38127644856771,-89.21043395996094,-31.53695848253038,-0.05441495687654703,-0.05441495687654703,0.005391187006884282,-0.003475613064236111,0.06785074869791667,-0.0,2.0395,1.5348,1.1731,-0.04535,-0.01769,-0.03317,0.0008820138755254447,0.0009999937610700727,0.0009201358770951629,0.0005079067195765674,0.0005001365789212286,0.0005738979671150446,0.01173606887459755,0.010186107829213142,0.011653736233711243,passive,0
9.1409,rehab,small_slow,128.71028575269142,-666.6449801112519,196.58891464948013,-177.38707018012892,0.13153565828741814,-149.98861620288,-0.444,-0.084,0.1987,-11.6475,3.0126,12.0882,88.6684787863552,35.322064692431155,88.86633466966082,-36.38126797146267,-89.210450914171,-31.536755032009548,-0.0,-0.0,0.042102927028542694,0.01011318630642361,-0.0,-0.0,1.8485,1.5601,0.9103,-0.05055,4e-05,-0.02816,0.0008820138755254447,0.0009999937610700727,0.0009201358770951629,0.0005079067195765674,0.0005001365789212286,0.0005738979671150446,0.01173606887459755,0.010186107829213142,0.011653736233711243,passive,0
9.1606,rehab,small_slow,128.69913848077024,-666.6457858092471,196.59741971510368,-177.38671167604687,0.13129918567380117,-149.98957065643046,-0.6054,0.008,0.2906,-6.2466,3.4543,7.7594,88.6675202020324,35.32126247292698,88.86633466966082,-36.38089497884115,-89.21046786838107,-31.536755032009548,-0.05441495687654703,-0.05441495687654703,0.05087975228186881,0.034001668294270836,0.06785074869791667,-0.0,2.1117,1.5921,0.8924,-0.02856,-0.00425,-0.02977,0.0008820138755254447,0.0009999937610700727,0.0009201358770951629,0.0005079067195765674,0.0005001365789212286,0.0005738979671150446,0.01173606887459755,0.010186107829213142,0.011653736233711243,passive,0
9.1809,rehab,small_slow,128.6791459764447,-666.6467762001147,196.59985956432092,-177.3876334770544,0.13184919644845386,-149.99107782672638,-0.6832,0.1026,0.3227,-1.4705,3.3613,7.132,88.66579339055731,35.320800176941525,88.86627348342745,-36.379292805989586,-89.21047634548611,-31.53695848253038,-0.10882991375309406,-0.05441495687654703,-0.026901547271426362,0.09145948621961805,-0.0,-0.0,2.018,1.6911,0.6054,-0.00907,0.00461,-0.02167,0.0008820138755254447,0.0009999937610700727,0.0009201358770951629,0.0005079067195765674,0.0005001365789212286,0.0005738979671150446,0.01173606887459755,0.010186107829213142,0.011653736233711243,passive,0
9.2008,rehab,small_slow,128.66751863825385,-666.6455629306025,196.6017950530204,-177.3888897230609,0.13262159230851528,-149.9917896725424,-0.6422,0.1632,0.3574,1.0831,2.5583,10.6931,88.66478041847154,35.320324284015314,88.86617150637183,-36.37723286946615,-89.21046786838107,-31.53723822699653,-0.05441495687654703,-0.05441495687654703,0.010252093324566832,0.18026563856336805,-0.06785074869791667,-0.0,2.0063,1.6501,0.8859,-0.04163,-0.00352,-0.02844,0.0008820138755254447,0.0009999937610700727,0.0009201358770951629,0.0005079067195765674,0.0005001365789212286,0.0005738979671150446,0.01173606887459755,0.010186107829213142,0.011653736233711243,passive,0
9.2209,rehab,small_slow,128.6557705427133,-666.6397582178595,196.60887010046451,-177.39144248801892,0.13418812045040823,-149.9921216754304,-0.5765,0.2052,0.6019,1.6074,1.0542,16.9843,88.66374025250425,35.31900538076268,88.86600154461247,-36.37273152669271,-89.210450914171,-31.537899441189236,-0.0,-0.10882991375309406,0.005676722762608292,0.23713853624131945,0.06785074869791667,-0.06785074869791667,1.8951,1.5745,0.5702,-0.04804,0.00772,-0.0284,0.0008820138755254447,0.0009999937610700727,0.0009201358770951629,0.0005079067195765674,0.0005001365789212286,0.0005738979671150446,0.01173606887459755,0.010186107829213142,0.011653736233711243,passive,0
9.2406,rehab,small_slow,128.647396655273,-666.6352117459716,196.61927149666442,-177.39309621957113,0.13518260575715318,-149.99214746781607,-0.5351,0.2063,1.0619,0.6694,-0.5794,22.1305,88.66299921923344,35.31761169433594,88.86575679967899,-36.36914571126302,-89.210450914171,-31.538577609592014,-0.0,-0.10882991375309406,-0.018457847066444925,0.2914683024088542,-0.0,-0.0,1.849,1.5967,0.5049,-0.0361,0.00501,-0.02222,0.0008820138755254447,0.0009999937610700727,0.0009201358770951629,0.0005079067195765674,0.0005001365789212286,0.0005738979671150446,0.01173606887459755,0.010186107829213142,0.011653736233711243,passive,0
9.2612,rehab,small_slow,128.63846236453506,-666.6278550956583,196.6479139844567,-177.3950104455396,0.13632008798605919,-149.99131711301547,-0.5031,0.1745,1.6671,-1.4978,-2.0271,25.1335,88.66219699972928,35.31453878572672,88.86493418476368,-36.36298285590278,-89.21044243706596,-31.540145874023438,-0.0,-0.16324487062964108,-0.03144972395188737,0.24220784505208331,-0.06785074869791667,-0.13570149739583334,1.9722,1.5779,0.699,-0.03814,0.00568,-0.02753,0.0008820138755254447,0.0009999937610700727,0.0009201358770951629,0.0005079067195765674,0.0005001365789212286,0.0005738979671150446,0.01173606887459755,0.010186107829213142,0.011653736233711243,passive,0
9.2809,rehab,small_slow,128.6290551333337,-666.6250652218088,196.67852604465526,-177.39555323289724,0.1366077846667859,-149.9903530548405,-0.5826,0.1189,2.3058,-4.6002,-2.7985,25.9651,88.6613675863436,35.311758211343594,88.8638464295038,-36.35845608181423,-89.21043395996094,-31.54189215766059,-0.0,-0.16324487062964108,-0.08774105865176361,0.2791765001085069,-0.06785074869791667,-0.13570149739583334,1.8176,1.5765,0.8411,-0.04848,0.0007,-0.02407,0.0008820138755254447,0.0009999937610700727,0.0009201358770951629,0.0005079067195765674,0.0005001365789212286,0.0005738979671150446,0.01173606887459755,0.010186107829213142,0.011653736233711243,passive,0
9.3006,rehab,small_slow,128.6134531843863,-666.6249290572331,196.74112561950224,-177.3953171211156,0.13639133789068048,-149.98856339264657,-0.7637,0.0395,2.8869,-7.7193,-2.8874,23.0198,88.66000109379834,35.306713746325805,88.86108625053178,-36.35088602701823,-89.21041700575087,-31.544969346788193,-0.05441495687654703,-0.2176666259765625,-0.14540568436726484,0.2828131781684028,-0.06785074869791667,-0.13570149739583334,1.9382,1.6995,0.7008,-0.02838,0.00393,-0.02429,0.0008820138755254447,0.0009999937610700727,0.0009201358770951629,0.0005079067195765674,0.0005001365789212286,0.0005738979671150446,0.01173606887459755,0.010186107829213142,0.011653736233711243,passive,0
9.3206,rehab,small_slow,128.5993488914493,-666.6261188098389,196.8033896396029,-177.39473069063493,0.13603117455445635,-149.9875970047315,-0.9319,-0.0266,3.2268,-9.9441,-2.455,17.4483,88.65876377219021,35.3018596384785,88.85820369909305,-36.34378221299913,-89.21037462022569,-31.54709710015191,-0.10882991375309406,-0.2176666259765625,-0.1055258571511448,0.3961690266927083,-0.0,-0.06785074869791667,1.9473,1.6094,0.8751,-0.03152,0.00451,-0.02829,0.0008820138755254447,0.0009999937610700727,0.0009201358770951629,0.0005079067195765674,0.0005001365789212286,0.0005738979671150446,0.01173606887459755,0.010186107829213142,0.011653736233711243,passive,0
9.3405,rehab,small_slow,128.57670180656777,-666.6287118593212,196.88513307332144,-177.39399044170125,0.1355290781451308,-149.98685083119057,-1.1251,-0.0687,3.3986,-10.9819,-1.6758,12.2582,88.65679221578164,35.295516665619196,88.85436256333153,-36.334423489040795,-89.21036614312065,-31.54971652560764,-0.10882991375309406,-0.2176666259765625,-0.12615241626701731,0.381011962890625,-0.06785074869791667,-0.13570149739583334,1.8929,1.5838,0.7004,-0.04507,0.00619,-0.02576,0.0008820138755254447,0.0009999937610700727,0.0009201358770951629,0.0005079067195765674,0.0005001365789212286,0.0005738979671150446,0.01173606887459755,0.010186107829213142,0.011653736233711243,passive,0
9.3614,rehab,small_slow,128.55654046556322,-666.6293962362932,196.94115236596784,-177.39379227127986,0.13540506803545335,-149.9864706108583,-1.3833,-0.0851,3.6039,-11.331,-0.8123,9.9875,88.65503141195467,35.290961690468365,88.851955904819,-36.32764180501302,-89.21032375759549,-31.55178493923611,-0.16324487062964108,-0.2720815828531095,-0.1607090411799969,0.4149966769748264,-0.0,-0.13570149739583334,1.8932,1.714,0.6124,-0.05113,0.00655,-0.02398,0.0008820138755254447,0.0009999937610700727,0.0009201358770951629,0.0005079067195765674,0.0005001365789212286,0.0005738979671150446,0.01173606887459755,0.010186107829213142,0.011653736233711243,passive,0
9.3809,rehab,small_slow,128.5180672280138,-666.6303816578314,197.03039869339634,-177.3936245405096,0.13525521073079297,-149.98589163583918,-1.6469,-0.0765,3.8314,-10.8382,-0.0693,10.7932,88.6516797660601,35.283564954701035,88.84831192469832,-36.316723293728295,-89.21027289496527,-31.555599636501736,-0.16324487062964108,-0.32649653972965653,-0.1504093585628094,0.45488993326822913,-0.0,-0.13570149739583334,1.921,1.727,0.754,-0.03618,0.0146,-0.02779,0.0008820138755254447,0.0009999937610700727,0.0009201358770951629,0.0005079067195765674,0.0005001365789212286,0.0005738979671150446,0.01173606887459755,0.010186107829213142,0.011653736233711243,passive,0
9.4006,rehab,small_slow,128.48672827197183,-666.631449359776,197.09337302968078,-177.39361154520842,0.13520461052521052,-149.9856780344729,-1.8333,-0.0651,3.9355,-9.5995,0.5284,13.4298,88.64895357943998,35.27830293863126,88.84576929677831,-36.30888197157118,-89.21023898654514,-31.558456420898438,-0.2176666259765625,-0.32649653972965653,-0.1484513990949876,0.5317603217230903,-0.06785074869791667,-0.20355224609375,1.8554,1.8412,0.9306,-0.03235,0.01126,-0.02374,0.0008820138755254447,0.0009999937610700727,0.0009201358770951629,0.0005079067195765674,0.0005001365789212286,0.0005738979671150446,0.01173606887459755,0.010186107829213142,0.011653736233711243,passive,0
9.4209,rehab,small_slow,128.45331511673385,-666.6326445237906,197.161485164074,-177.39342086568777,0.13507607468450242,-149.98560886802701,-1.997,-0.0521,4.1942,-8.6068,0.921,17.6187,88.64604383411974,35.27261941739828,88.84308390098043,-36.300667656792534,-89.21017964680989,-31.56134711371528,-0.16324487062964108,-0.3809114966062036,-0.15558299451771349,0.5091942681206597,-0.0,-0.13570149739583334,1.7671,1.7372,0.6408,-0.05341,0.01361,-0.02378,0.0008820138755254447,0.0009999937610700727,0.0009201358770951629,0.0005079067195765674,0.0005001365789212286,0.0005738979671150446,0.01173606887459755,0.010186107829213142,0.011653736233711243,passive,0
9.4408,rehab,small_slow,128.40113381690378,-666.633974950961,197.26876478687655,-177.39341815827555,0.13503483230620802,-149.98585409194797,-2.1529,-0.0414,4.6719,-7.2532,1.1749,20.0448,88.64150245590966,35.26363183956335,88.83878726770382,-36.28729926215278,-89.21012030707465,-31.56550089518229,-0.2176666259765625,-0.32649653972965653,-0.1876717746847927,0.5777062310112847,-0.06785074869791667,-0.13570149739583334,1.6636,1.6797,0.4254,-0.05762,0.00978,-0.02175,0.0008820138755254447,0.0009999937610700727,0.0009201358770951629,0.0005079067195765674,0.0005001365789212286,0.0005738979671150446,0.01173606887459755,0.010186107829213142,0.011653736233711243,passive,0
9.4609,rehab,small_slow,128.3656216652553,-666.63474798158,197.34785735720152,-177.39317821945878,0.13487562350754714,-149.98600573158743,-2.2741,-0.0245,5.1896,-5.6683,1.3085,20.0095,88.6384091518893,35.2570373233002,88.83567356827236,-36.277804904513886,-89.21006944444444,-31.568340725368923,-0.2176666259765625,-0.435333251953125,-0.17432637733988243,0.5796051025390625,-0.06785074869791667,-0.20355224609375,1.8645,1.6161,0.3395,-0.03448,0.00462,-0.02439,0.0008820138755254447,0.0009999937610700727,0.0009201358770951629,0.0005079067195765674,0.0005001365789212286,0.0005738979671150446,0.01173606887459755,0.010186107829213142,0.011653736233711243,passive,0
9.4809,rehab,small_slow,128.30963334377986,-666.6353725312724,197.47870131059636,-177.39236301383008,0.13438754235892955,-149.98634177346236,-2.3653,0.0042,5.6009,-4.6485,1.3211,18.7899,88.6335278501605,35.24609858446782,88.83077187113243,-36.26280042860243,-89.20996771918402,-31.572723388671875,-0.2176666259765625,-0.489748208829672,-0.18238256473352413,0.6773630777994791,-0.0,-0.13570149739583334,1.8056,1.6541,0.904,-0.05717,0.00335,-0.03004,0.0008820138755254447,0.0009999937610700727,0.0009201358770951629,0.0005079067195765674,0.0005001365789212286,0.0005738979671150446,0.01173606887459755,0.010186107829213142,0.011653736233711243,passive,0
9.501,rehab,small_slow,128.27160016099592,-666.6351254330905,197.5732282894848,-177.39159967514877,0.13392306725105443,-149.98645106521332,-2.4995,0.0389,6.0392,-4.239,1.1506,16.2959,88.63021019661781,35.238164769540916,88.82737263594524,-36.25228034125434,-89.20989990234375,-31.575817532009548,-0.2176666259765625,-0.489748208829672,-0.2009695827370823,0.7088555230034722,0.06785074869791667,-0.2714114718967014,1.8564,1.6713,0.5071,-0.03803,-0.00357,-0.02744,0.0008820138755254447,0.0009999937610700727,0.0009201358770951629,0.0005079067195765674,0.0005001365789212286,0.0005738979671150446,0.01173606887459755,0.010186107829213142,0.011653736233711243,passive,0
9.5205,rehab,small_slow,128.21389956228091,-666.6336068328732,197.7193492153504,-177.39080963222364,0.1334291614299826,-149.98623740306743,-2.5989,0.0679,6.314,-4.4007,0.7438,12.7182,88.62517253007039,35.225818747341044,88.82208342599397,-36.23544481065538,-89.20979817708333,-31.580886840820312,-0.2176666259765625,-0.544163165706219,-0.21869319500309406,0.7028452555338541,-0.0,-0.20355224609375,1.7326,1.7129,0.8832,-0.0462,-0.00879,-0.02233,0.0008820138755254447,0.0009999937610700727,0.0009201358770951629,0.0005079067195765674,0.0005001365789212286,0.0005738979671150446,0.01173606887459755,0.010186107829213142,0.011653736233711243,passive,0
9.5408,rehab,small_slow,128.16625034281108,-666.6322279176117,197.83852327989777,-177.39088711070485,0.13348974078644754,-149.98575916620436,-2.6188,0.0826,6.3543,-5.2282,0.0865,9.57,88.62100506773089,35.21575701118696,88.8174060783764,-36.22049119737413,-89.20968797471788,-31.58537122938368,-0.2176666259765625,-0.544163165706219,-0.22891809444616337,0.7577768961588541,-0.0,-0.20355224609375,1.8563,1.7236,0.8306,-0.04398,-0.00146,-0.02335,0.0008820138755254447,0.0009999937610700727,0.0009201358770951629,0.0005079067195765674,0.0005001365789212286,0.0005738979671150446,0.01173606887459755,0.010186107829213142,0.011653736233711243,passive,0
9.5608,rehab,small_slow,128.10545229411645,-666.630058747072,197.9794340418229,-177.3917633668612,0.13402437600766456,-149.98515965241512,-2.72,0.0758,6.5156,-6.6086,-0.7256,8.4312,88.61568866389813,35.20374411403542,88.81171575867303,-36.20161268446181,-89.20956081814236,-31.591084798177082,-0.2720815828531095,-0.544163165706219,-0.20748251735573947,0.7814704047309028,-0.06785074869791667,-0.2714114718967014,1.9183,1.7872,0.6676,-0.03049,-0.01127,-0.02556,0.0008820138755254447,0.0009999937610700727,0.0009201358770951629,0.0005079067195765674,0.0005001365789212286,0.0005738979671150446,0.01173606887459755,0.010186107829213142,0.011653736233711243,passive,0
9.581,rehab,small_slow,128.06120107783929,-666.6283613459552,198.07875522021152,-177.39226269105689,0.13432550361725967,-149.98471683531645,-2.8613,0.0484,6.7009,-8.5951,-1.4896,9.2566,88.6118203342551,35.195225630656324,88.80785422750039,-36.18854098849826,-89.20946756998698,-31.595255533854164,-0.2720815828531095,-0.5985781225827661,-0.23730740688814975,0.8810000949435763,-0.0,-0.2714114718967014,2.0323,1.7358,1.4001,-0.0328,0.00109,-0.03054,0.0008820138755254447,0.0009999937610700727,0.0009201358770951629,0.0005079067195765674,0.0005001365789212286,0.0005738979671150446,0.01173606887459755,0.010186107829213142,0.011653736233711243,passive,0
9.6009,rehab,small_slow,127.98663939486349,-666.6269674109404,198.24979765125033,-177.39186345846173,0.13410271791393633,-149.9844283691725,-3.094,0.0095,6.975,-11.2199,-1.7784,12.42,88.60530739963644,35.18071089640702,88.80151805311147,-36.16797553168403,-89.20929802788628,-31.60183376736111,-0.2720815828531095,-0.7074148348062346,-0.29310925172107055,0.8853234185112847,-0.0,-0.339262220594618,1.996,1.5962,0.8721,-0.04341,-0.00709,-0.03054,0.0008820138755254447,0.0009999937610700727,0.0009201358770951629,0.0005079067195765674,0.0005001365789212286,0.0005738979671150446,0.01173606887459755,0.010186107829213142,0.011653736233711243,passive,0
9.6207,rehab,small_slow,127.93199483434259,-666.6275285179753,198.37572761097894,-177.3910077949458,0.13358874424320324,-149.98451159904587,-3.3399,-0.0296,7.2135,-13.3572,-1.4077,16.4542,88.60054167190401,35.17018686426748,88.79682710855315,-36.15364074707031,-89.20918782552083,-31.606360541449654,-0.32649653972965653,-0.6529998779296875,-0.2930480654877011,0.8906809488932291,-0.0,-0.2714114718967014,1.9311,1.7333,0.8665,-0.03304,-0.00028,-0.02655,0.0008820138755254447,0.0009999937610700727,0.0009201358770951629,0.0005079067195765674,0.0005001365789212286,0.0005738979671150446,0.01173606887459755,0.010186107829213142,0.011653736233711243,passive,0
9.6408,rehab,small_slow,127.87485695521254,-666.6288638195402,198.50490374995587,-177.3901679034483,0.1330970031938332,-149.98457787670307,-3.6088,-0.0685,7.5274,-14.208,-0.5966,19.6819,88.59555839311959,35.15945887801671,88.79187102365022,-36.138805813259545,-89.20906066894531,-31.61111619737413,-0.32649653972965653,-0.7074148348062346,-0.3035313068049969,0.9830644395616319,0.06785074869791667,-0.2714114718967014,1.9093,1.7068,1.2763,-0.04197,-0.00756,-0.0286,0.0008820138755254447,0.0009999937610700727,0.0009201358770951629,0.0005079067195765674,0.0005001365789212286,0.0005738979671150446,0.01173606887459755,0.010186107829213142,0.011653736233711243,passive,0
9.6608,rehab,small_slow,127.78318231322142,-666.6314778183377,198.69492381830455,-177.3897429283267,0.13283459327746663,-149.9848656011229,-3.907,-0.0908,7.9403,-13.4592,0.3082,21.227,88.58757019042969,35.143632038985146,88.7842839307124,-36.1156972249349,-89.20889112684462,-31.618567572699654,-0.32649653972965653,-0.7074148348062346,-0.3230701106609684,0.9467485215928819,-0.0,-0.339262220594618,1.8502,1.7413,1.5512,-0.04266,0.00098,-0.03144,0.0008820138755254447,0.0009999937610700727,0.0009201358770951629,0.0005079067195765674,0.0005001365789212286,0.0005738979671150446,0.01173606887459755,0.010186107829213142,0.011653736233711243,passive,0
9.681,rehab,small_slow,127.71578381884713,-666.6327899070899,198.8246236372395,-177.3896397997704,0.13278958962357454,-149.98539533877414,-4.2407,-0.068,8.4869,-11.8649,1.0503,22.0115,88.58169631202622,35.13268650168239,88.77927345804649,-36.09971788194444,-89.20875549316406,-31.623738606770832,-0.3809114966062036,-0.7074148348062346,-0.3190862070215811,1.0103522406684027,-0.0,-0.339262220594618,1.865,1.7166,0.5012,-0.03257,0.00444,-0.02109,0.0008820138755254447,0.0009999937610700727,0.0009201358770951629,0.0005079067195765674,0.0005001365789212286,0.0005738979671150446,0.01173606887459755,0.010186107829213142,0.011653736233711243,passive,0
9.7006,rehab,small_slow,127.6071677012511,-666.6343923750165,199.03191836518357,-177.38929517163064,0.13259036503513238,-149.98633791145147,-4.4647,-0.0101,8.952,-10.0967,1.2802,21.3292,88.57223284126508,35.11511925423499,88.77148920946782,-36.07454935709635,-89.20855204264323,-31.631986829969616,-0.435333251953125,-0.8162515470297029,-0.3277678536896658,1.0853322347005208,-0.0,-0.339262220594618,1.9745,1.7414,1.0335,-0.02328,0.00076,-0.02472,0.0008820138755254447,0.0009999937610700727,0.0009201358770951629,0.0005079067195765674,0.0005001365789212286,0.0005738979671150446,0.01173606887459755,0.010186107829213142,0.011653736233711243,passive,0
9.7206,rehab,small_slow,127.53353768766357,-666.6348966864742,199.17632645167498,-177.38887640819874,0.1323460532855014,-149.98688895138866,-4.6009,0.0386,9.3395,-8.4405,0.947,18.4121,88.56581508523166,35.10285481367961,88.76619999951656,-36.057332356770836,-89.20840793185764,-31.63766649034288,-0.435333251953125,-0.7618297916827815,-0.32079262308555073,1.0320536295572917,0.06785074869791667,-0.339262220594618,1.9659,1.5803,0.0034,-0.0169,-0.00156,-0.02097,0.0008820138755254447,0.0009999937610700727,0.0009201358770951629,0.0005079067195765674,0.0005001365789212286,0.0005738979671150446,0.01173606887459755,0.010186107829213142,0.011653736233711243,passive,0
9.7407,rehab,small_slow,127.42733111791549,-666.6351149314592,199.39420270682868,-177.38866197405406,0.13223493045578108,-149.98694756999603,-4.7282,0.0545,9.7006,-6.9829,0.2826,13.8997,88.55654877011139,35.08442416049466,88.75788547024868,-36.03059556749132,-89.2081790500217,-31.64658440483941,-0.3809114966062036,-0.7618297916827815,-0.30499977640586323,1.1096276177300346,0.06785074869791667,-0.339262220594618,1.7474,1.5729,0.5825,-0.04625,-0.00397,-0.02989,0.0008820138755254447,0.0009999937610700727,0.0009201358770951629,0.0005079067195765674,0.0005001365789212286,0.0005738979671150446,0.01173606887459755,0.010186107829213142,0.011653736233711243,passive,0
9.761,rehab,small_slow,127.34197799005842,-666.6311238441953,199.57622177182404,-177.38916892927395,0.13257019058533825,-149.9862852546909,-4.7786,0.0465,9.8595,-5.3816,-0.51,8.1457,88.54908404964031,35.06867210463722,88.75125696163366,-36.00740220811632,-89.20796712239583,-31.654459635416664,-0.3809114966062036,-0.7618297916827815,-0.3160676861753558,1.1867523193359375,-0.0,-0.339262220594618,1.9396,1.698,0.9253,-0.02558,-0.01336,-0.02723,0.0008820138755254447,0.0009999937610700727,0.0009201358770951629,0.0005079067195765674,0.0005001365789212286,0.0005738979671150446,0.01173606887459755,0.010186107829213142,0.011653736233711243,passive,0
9.781,rehab,small_slow,127.23455675169882,-666.6270486119026,199.80729077998095,-177.38940657595083,0.132716739402967,-149.98534133225624,-4.9509,0.0094,10.0919,-4.8649,-1.0887,4.0177,88.5396953620533,35.04880017573291,88.74281326142868,-35.978546142578125,-89.20772128634982,-31.664479573567707,-0.435333251953125,-0.8162515470297029,-0.3863638698464573,1.2169986300998263,-0.06785074869791667,-0.4071129692925347,1.8725,1.6979,0.6084,-0.03131,0.00619,-0.02425,0.0008820138755254447,0.0009999937610700727,0.0009201358770951629,0.0005079067195765674,0.0005001365789212286,0.0005738979671150446,0.01173606887459755,0.010186107829213142,0.011653736233711243,passive,0
9.8007,rehab,small_slow,127.15635739695588,-666.627337138515,199.9701092062008,-177.3890226592781,0.13250725450193887,-149.9851544400552,-5.074,-0.0417,10.0619,-5.0193,-1.0809,1.9143,88.53286969779741,35.035080862517404,88.73660625797687,-35.95887925889757,-89.20753479003906,-31.671278211805554,-0.489748208829672,-0.87066650390625,-0.40012397388420484,1.2312486436631944,-0.0,-0.4071129692925347,1.9034,1.7984,0.4757,-0.02138,0.00522,-0.02011,0.0008820138755254447,0.0009999937610700727,0.0009201358770951629,0.0005079067195765674,0.0005001365789212286,0.0005738979671150446,0.01173606887459755,0.010186107829213142,0.011653736233711243,passive,0
9.821,rehab,small_slow,127.02607203664942,-666.6319174083524,200.22266476949522,-177.38831487060204,0.13210878317068062,-149.9857496406126,-5.2439,-0.069,10.1318,-6.508,-0.633,4.0342,88.52151625227219,35.01408038753094,88.72652412641166,-35.928336249457466,-89.20725504557292,-31.681705050998264,-0.489748208829672,-0.9250814607827971,-0.4175892442759901,1.2797715928819444,0.06785074869791667,-0.4071129692925347,1.7709,1.6046,0.5319,-0.04178,-0.00415,-0.02081,0.0008820138755254447,0.0009999937610700727,0.0009201358770951629,0.0005079067195765674,0.0005001365789212286,0.0005738979671150446,0.01173606887459755,0.010186107829213142,0.011653736233711243,passive,0
9.8406,rehab,small_slow,126.93273022839288,-666.6342939199895,200.39418732904906,-177.3880980580405,0.13198494306156278,-149.98654047800517,-5.2779,-0.0625,10.0694,-8.9025,-0.119,10.4133,88.51338528170444,34.9996540333965,88.7198548269744,-35.90730455186632,-89.20707702636719,-31.688817342122395,-0.544163165706219,-0.87066650390625,-0.42053298194809713,1.3323974609375,-0.0,-0.4071129692925347,1.7429,1.7449,1.06,-0.04289,-0.01097,-0.02765,0.0008820138755254447,0.0009999937610700727,0.0009201358770951629,0.0005079067195765674,0.0005001365789212286,0.0005738979671150446,0.01173606887459755,0.010186107829213142,0.011653736233711243,passive,0
9.8612,rehab,small_slow,126.83754164861297,-666.636777855991,200.56533892756946,-177.38814693719684,0.13203790579767957,-149.9873119773931,-5.3982,-0.044,10.2211,-10.4519,0.4641,17.5884,88.5050911478477,34.98524807467319,88.71309034895188,-35.88587443033854,-89.20688205295139,-31.696107652452255,-0.489748208829672,-0.87066650390625,-0.43613547145730197,1.3442484537760417,-0.0,-0.5428229437934028,1.7858,1.634,1.0288,-0.04989,-0.01561,-0.02647,0.0008820138755254447,0.0009999937610700727,0.0009201358770951629,0.0005079067195765674,0.0005001365789212286,0.0005738979671150446,0.01173606887459755,0.010186107829213142,0.011653736233711243,passive,0
9.8806,rehab,small_slow,126.69820993369623,-666.6389575000646,200.82220463085687,-177.38885448332002,0.13248807200428792,-149.98775175394502,-5.645,-0.0148,10.6681,-10.9369,0.8509,22.3771,88.49294228128868,34.96357455111966,88.7027362785717,-35.85271199544271,-89.2065938313802,-31.70745849609375,-0.435333251953125,-0.87066650390625,-0.4383585712697246,1.4019690619574652,-0.06785074869791667,-0.5428229437934028,1.8405,1.6683,0.8232,-0.03814,-0.00356,-0.02721,0.0008820138755254447,0.0009999937610700727,0.0009201358770951629,0.0005079067195765674,0.0005001365789212286,0.0005738979671150446,0.01173606887459755,0.010186107829213142,0.011653736233711243,passive,0
9.901,rehab,small_slow,126.60951409359794,-666.6362968994714,200.9976256025563,-177.38961743813078,0.1329684922761595,-149.9873622122998,-5.8977,0.0064,11.2041,-11.1055,0.815,24.327,88.48519202506188,34.94846834994779,88.69608737454556,-35.82984924316406,-89.20639038085938,-31.715350680881077,-0.435333251953125,-0.979496417659344,-0.39086445723429764,1.425993177625868,-0.0,-0.5428229437934028,1.9222,1.834,1.0875,-0.02532,-0.02182,-0.0281,0.0008820138755254447,0.0009999937610700727,0.0009201358770951629,0.0005079067195765674,0.0005001365789212286,0.0005738979671150446,0.01173606887459755,0.010186107829213142,0.011653736233711243,passive,0
9.9209,rehab,small_slow,126.47509346832678,-666.6310344748352,201.27134011635445,-177.3904675937693,0.13353351637950142,-149.9864602736893,-6.3612,0.0012,12.2251,-12.2522,0.4068,25.8971,88.47343746978457,34.92485726233756,88.68594405674698,-35.79475402832031,-89.20605129665799,-31.727625528971352,-0.544163165706219,-0.979496417659344,-0.46086150820892635,1.428621080186632,-0.0,-0.4749637179904514,1.7699,1.7815,1.0945,-0.0286,0.01328,-0.01883,0.0008820138755254447,0.0009999937610700727,0.0009201358770951629,0.0005079067195765674,0.0005001365789212286,0.0005738979671150446,0.01173606887459755,0.010186107829213142,0.011653736233711243,passive,0
9.941,rehab,small_slow,126.37732796414706,-666.6310040804676,201.45991211888364,-177.39085901452853,0.13377755333162228,-149.9862377666049,-6.4885,0.0057,12.6409,-11.5571,-0.0003,24.0677,88.46490538946473,34.90888765542814,88.67851332862779,-35.770670572916664,-89.20583936903212,-31.736119588216145,-0.544163165706219,-0.979496417659344,-0.4741933086130879,1.5189870198567708,-0.0,-0.6106736924913194,1.8501,1.7444,1.0576,-0.03031,-0.011,-0.02073,0.0008820138755254447,0.0009999937610700727,0.0009201358770951629,0.0005079067195765674,0.0005001365789212286,0.0005738979671150446,0.01173606887459755,0.010186107829213142,0.011653736233711243,passive,0
9.9611,rehab,small_slow,126.21414827458102,-666.6349195141487,201.76427021419042,-177.39003934403814,0.13329880274366282,-149.98686216022008,-6.5687,0.0149,12.8348,-7.0073,-0.1353,15.5991,88.45068298944152,34.88339339152421,88.66669758711711,-35.73396470811632,-89.20549180772569,-31.749318440755207,-0.5985781225827661,-1.0883331298828125,-0.5072814639252011,1.551844278971354,-0.0,-0.5428229437934028,1.7968,1.6861,1.4093,-0.04159,-0.00406,-0.02654,0.0008820138755254447,0.0009999937610700727,0.0009201358770951629,0.0005079067195765674,0.0005001365789212286,0.0005738979671150446,0.01173606887459755,0.010186107829213142,0.011653736233711243,passive,0
9.9808,rehab,small_slow,126.0776791341558,-666.6372189792754,202.02210957217042,-177.38965616087788,0.1330693306455317,-149.98724426433938,-6.7021,0.0074,12.9522,-3.8678,0.0074,9.0746,88.43878566628635,34.86175386032256,88.65662225402228,-35.702404446072045,-89.20521206325955,-31.76049126519097,-0.544163165706219,-1.0883331298828125,-0.5195051136583385,1.604402330186632,0.06785074869791667,-0.5428229437934028,1.9095,1.6454,1.2188,-0.04672,-0.0081,-0.03209,0.0008820138755254447,0.0009999937610700727,0.0009201358770951629,0.0005079067195765674,0.0005001365789212286,0.0005738979671150446,0.01173606887459755,0.010186107829213142,0.011653736233711243,passive,0
10.0012,rehab,small_slow,125.91984957270449,-666.6385432076299,202.33387927674403,-177.38959561030646,0.13304836003911039,-149.98673644839496,-6.9076,-0.0108,13.2106,-4.146,0.2546,7.6756,88.42501196530786,34.835620540203436,88.64418785170753,-35.663536919487846,-89.20485602484808,-31.77435133192274,-0.5985781225827661,-1.1427480867593596,-0.501162840588258,1.6551717122395833,0.06785074869791667,-0.5428229437934028,1.938,1.6691,1.5138,-0.03184,-0.00936,-0.03194,0.0008820138755254447,0.0009999937610700727,0.0009201358770951629,0.0005079067195765674,0.0005001365789212286,0.0005738979671150446,0.01173606887459755,0.010186107829213142,0.011653736233711243,passive,0
10.0208,rehab,small_slow,125.81427625374633,-666.6349373094348,202.54946096077927,-177.3896356218022,0.13307527133455188,-149.98619459073333,-7.08,-0.0129,13.6312,-7.2324,0.2006,11.7269,88.41578644100983,34.81713549925549,88.63630842454363,-35.63687642415365,-89.20461866590712,-31.783828735351562,-0.5985781225827661,-1.1427480867593596,-0.47504311740988553,1.6941918267144096,-0.0,-0.678524441189236,1.8434,1.7169,1.3533,-0.04233,-0.00321,-0.02667,0.0008820138755254447,0.0009999937610700727,0.0009201358770951629,0.0005079067195765674,0.0005001365789212286,0.0005738979671150446,0.01173606887459755,0.010186107829213142,0.011653736233711243,passive,0
10.0406,rehab,small_slow,125.7025062589211,-666.6313658524526,202.764031605264,-177.3901152683146,0.13341729183975332,-149.9860198995589,-6.8379,0.0128,13.3247,-10.9178,-0.0504,18.3613,88.40601703908183,34.79863006289643,88.62844259432046,-35.60966491699219,-89.20433892144096,-31.793475680881077,-0.6529998779296875,-1.1427480867593596,-0.49059801762646965,1.7247178819444444,0.06785074869791667,-0.6106736924913194,1.9009,1.576,0.7387,-0.03634,-0.02088,-0.02517,0.0008820138755254447,0.0009999937610700727,0.0009201358770951629,0.0005079067195765674,0.0005001365789212286,0.0005738979671150446,0.01173606887459755,0.010186107829213142,0.011653736233711243,passive,0
10.0613,rehab,small_slow,125.51972435758272,-666.6323387282971,203.10026606483234,-177.389848193294,0.13327293885504782,-149.9865670162746,-6.9483,0.0343,13.5124,-12.801,-0.0945,22.234,88.39007462605392,34.77018526285001,88.61560708225363,-35.568296644422745,-89.20394897460938,-31.80842081705729,-0.7074148348062346,-1.1971630436359066,-0.5382824888323793,1.7909749348958333,-0.0,-0.678524441189236,1.8605,1.7451,1.4437,-0.02912,-0.00068,-0.03091,0.0008820138755254447,0.0009999937610700727,0.0009201358770951629,0.0005079067195765674,0.0005001365789212286,0.0005738979671150446,0.01173606887459755,0.010186107829213142,0.011653736233711243,passive,0
10.0811,rehab,small_slow,125.39560620797968,-666.6329192517456,203.33782910773598,-177.38904596477403,0.1327638724273397,-149.98676623103492,-7.6616,0.0379,14.659,-14.7398,0.1435,24.8092,88.3792514612179,34.75017056606784,88.60668748912245,-35.54004245334201,-89.20370313856337,-31.818737453884548,-0.6529998779296875,-1.305999755859375,-0.5877073684541305,1.758058336046007,0.06785074869791667,-0.6106736924913194,1.7706,1.6654,0.933,-0.04462,0.00563,-0.02676,0.0008820138755254447,0.0009999937610700727,0.0009201358770951629,0.0005079067195765674,0.0005001365789212286,0.0005738979671150446,0.01173606887459755,0.010186107829213142,0.011653736233711243,passive,0
10.1005,rehab,small_slow,125.215466209637,-666.6368726647991,203.69518267148368,-177.3879436027009,0.13208885812894317,-149.9864453394857,-8.0334,0.0095,15.1737,-14.9829,0.3461,22.7792,88.3635401961827,34.72058362299853,88.59227473192875,-35.496927897135414,-89.20331319173177,-31.834301418728298,-0.6529998779296875,-1.251584798982828,-0.5773600965443224,1.8164571126302083,-0.0,-0.678524441189236,1.7814,1.7354,0.8801,-0.03514,0.00371,-0.02488,0.0008820138755254447,0.0009999937610700727,0.0009201358770951629,0.0005079067195765674,0.0005001365789212286,0.0005738979671150446,0.01173606887459755,0.010186107829213142,0.011653736233711243,passive,0
10.121,rehab,small_slow,125.09480389335162,-666.6353639598858,203.9375704722717,-177.38758898334993,0.1318753764592655,-149.98598840159246,-8.3783,-0.018,15.7811,-14.0569,0.174,18.776,88.35300256710241,34.70011342870127,88.58304240916034,-35.46735975477431,-89.20304192437065,-31.844974093967014,-0.6529998779296875,-1.305999755859375,-0.5769725837329827,1.9124009874131944,-0.0,-0.678524441189236,1.8189,1.6662,0.6001,-0.03317,0.00081,-0.02292,0.0008820138755254447,0.0009999937610700727,0.0009201358770951629,0.0005079067195765674,0.0005001365789212286,0.0005738979671150446,0.01173606887459755,0.010186107829213142,0.011653736233711243,passive,0
10.1406,rehab,small_slow,124.9014749947428,-666.6316465132827,204.2908922468692,-177.3884787731868,0.13243012927280645,-149.98606892245957,-8.4836,-0.0022,15.9215,-10.2907,-0.101,11.9863,88.33612196516282,34.669833041653774,88.56971740722656,-35.422278510199654,-89.20262654622395,-31.861284044053818,-0.7074148348062346,-1.251584798982828,-0.5399413156037284,1.9240146213107638,-0.0,-0.678524441189236,1.631,1.5345,0.6456,-0.05257,0.0117,-0.02736,0.0008820138755254447,0.0009999937610700727,0.0009201358770951629,0.0005079067195765674,0.0005001365789212286,0.0005738979671150446,0.01173606887459755,0.010186107829213142,0.011653736233711243,passive,0
10.1615,rehab,small_slow,124.73169183819928,-666.6304478729782,204.59461203534656,-177.38906067005317,0.1327637218092991,-149.986231369244,-8.5713,0.0364,15.9247,-3.3844,-0.045,0.6292,88.32130809821705,34.64397166034963,88.55805123206413,-35.383707682291664,-89.20228746202257,-31.875517103407116,-0.7618297916827815,-1.360414712735922,-0.5955256093846689,1.963526407877604,-0.0,-0.678524441189236,1.6742,1.5155,0.6067,-0.0413,0.00048,-0.02399,0.0008820138755254447,0.0009999937610700727,0.0009201358770951629,0.0005079067195765674,0.0005001365789212286,0.0005738979671150446,0.01173606887459755,0.010186107829213142,0.011653736233711243,passive,0
10.1806,rehab,small_slow,124.52911747424658,-666.6316506472162,204.9632376509326,-177.38974316207558,0.1331574408309692,-149.9855611258629,-8.7532,0.0634,16.0498,-1.3884,0.2548,-2.8998,88.30363207524366,34.61299103085357,88.54316258194423,-35.33658345540365,-89.2018551296658,-31.893352932400173,-0.7618297916827815,-1.251584798982828,-0.6722871383818069,2.035547892252604,-0.0,-0.678524441189236,1.8185,1.6317,1.1211,-0.04784,-0.01077,-0.02552,0.0008820138755254447,0.0009999937610700727,0.0009201358770951629,0.0005079067195765674,0.0005001365789212286,0.0005738979671150446,0.01173606887459755,0.010186107829213142,0.011653736233711243,passive,0
10.2007,rehab,small_slow,124.39605293743762,-666.6347289928027,205.21872488743725,-177.38955955403182,0.13305555674674768,-149.98483983488362,-8.5588,0.0383,15.5328,-2.1332,0.2878,-2.3593,88.29202028784421,34.59191577269299,88.53243459569346,-35.30467563205295,-89.20154147677951,-31.90533955891927,-0.7074148348062346,-1.360414712735922,-0.6338077960628093,2.0940653483072915,0.06785074869791667,-0.7463751898871528,1.8832,1.6548,0.9372,-0.03167,-0.00926,-0.0296,0.0008820138755254447,0.0009999937610700727,0.0009201358770951629,0.0005079067195765674,0.0005001365789212286,0.0005738979671150446,0.01173606887459755,0.010186107829213142,0.011653736233711243,passive,0
10.2209,rehab,small_slow,124.18722173223861,-666.6317854425822,205.6030285488531,-177.39021443555416,0.13348231060302795,-149.98433162267892,-8.7289,-0.0082,15.7978,-5.4399,-0.1825,3.3163,88.27377999182976,34.55925592101446,88.51759353486618,-35.25591532389323,-89.20105828179253,-31.92355685763889,-0.7618297916827815,-1.360414712735922,-0.5989112476311108,2.079221937391493,-0.0,-0.8142344156901041,1.7439,1.573,0.3976,-0.04158,-0.00462,-0.02908,0.0008820138755254447,0.0009999937610700727,0.0009201358770951629,0.0005079067195765674,0.0005001365789212286,0.0005738979671150446,0.01173606887459755,0.010186107829213142,0.011653736233711243,passive,0
10.2405,rehab,small_slow,124.04214761788913,-666.629800406587,205.85888630795108,-177.3910584505673,0.13399440492548081,-149.9843293936461,-8.6983,-0.0,15.7258,-10.1494,-0.6092,12.7845,88.26111444152228,34.53742603264233,88.50768136506034,-35.222863091362846,-89.20075310601128,-31.935865614149304,-0.87066650390625,-1.4148296696124691,-0.6206527558883818,2.1065266927083335,-0.0,-0.8142344156901041,1.8448,1.5868,1.0372,-0.03795,0.00478,-0.02734,0.0008820138755254447,0.0009999937610700727,0.0009201358770951629,0.0005079067195765674,0.0005001365789212286,0.0005738979671150446,0.01173606887459755,0.010186107829213142,0.011653736233711243,passive,0
10.2611,rehab,small_slow,123.89357935182547,-666.6271857373962,206.1277550332674,-177.39119403231325,0.13406365969911943,-149.9842458158494,-9.0615,0.0317,16.2348,-15.7224,-0.6157,23.3105,88.24814296004796,34.51448799359916,88.49761962890625,-35.18937852647569,-89.200439453125,-31.948555840386284,-0.8162515470297029,-1.360414712735922,-0.6710906075959159,2.1323564317491317,-0.0,-0.7463751898871528,1.8931,1.5291,0.0982,-0.03502,0.00414,-0.0212,0.0008820138755254447,0.0009999937610700727,0.0009201358770951629,0.0005079067195765674,0.0005001365789212286,0.0005738979671150446,0.01173606887459755,0.010186107829213142,0.011653736233711243,passive,0
10.2805,rehab,small_slow,123.66152562232325,-666.6303565574066,206.53426985611355,-177.39138889272658,0.1341534210085394,-149.98416908886,-9.4519,0.0248,16.7188,-21.8156,-0.3067,33.8714,88.22790391374342,34.48049564172726,88.48116733060024,-35.13820224338107,-89.19995625813802,-31.96831597222222,-0.87066650390625,-1.4692514249593904,-0.7320252975614944,2.161424424913194,0.06785074869791667,-0.7463751898871528,1.8643,1.6326,0.9367,-0.04052,0.00384,-0.02644,0.0008820138755254447,0.0009999937610700727,0.0009201358770951629,0.0005079067195765674,0.0005001365789212286,0.0005738979671150446,0.01173606887459755,0.010186107829213142,0.011653736233711243,passive,0
10.301,rehab,small_slow,123.49915492970793,-666.633202023693,206.82512988426487,-177.39030908038927,0.13351183323049806,-149.98466684174107,-9.8174,-0.0184,17.2738,-24.019,-0.1867,36.7768,88.21374269995358,34.45627949025371,88.46977989272315,-35.10350545247396,-89.19959174262152,-31.98159959581163,-0.87066650390625,-1.5236663818359375,-0.6991682902421101,2.2184244791666665,0.06785074869791667,-0.8820851643880208,2.0002,1.7311,1.5703,-0.02905,-0.00422,-0.03237,0.0008820138755254447,0.0009999937610700727,0.0009201358770951629,0.0005079067195765674,0.0005001365789212286,0.0005738979671150446,0.01173606887459755,0.010186107829213142,0.011653736233711243,passive,0
10.3207,rehab,small_slow,123.25576370188823,-666.6311104865222,207.25304040052367,-177.39022355274668,0.13346263274729955,-149.98509866582586,-10.5592,-0.0355,18.5626,-22.5444,-0.4966,32.8583,88.19249748003365,34.419968859984145,88.45355874240988,-35.05054050021701,-89.19906616210938,-32.00183444552951,-0.9250814607827971,-1.5780813387124846,-0.6991207009494895,2.1750979953342013,0.13570149739583334,-0.8820851643880208,1.7577,1.624,1.1023,-0.04128,-0.00375,-0.02364,0.0008820138755254447,0.0009999937610700727,0.0009201358770951629,0.0005079067195765674,0.0005001365789212286,0.0005738979671150446,0.01173606887459755,0.010186107829213142,0.011653736233711243,passive,0
10.3406,rehab,small_slow,123.09027913261161,-666.6277324854208,207.54999759231094,-177.38987522185917,0.13322181176449197,-149.98549404238605,-10.8943,-0.0246,19.0214,-18.0461,-0.6645,24.6239,88.17805073048808,34.394637759369196,88.44268798828125,-35.014402601453995,-89.19873555501302,-32.01549106174045,-0.9250814607827971,-1.5236663818359375,-0.6650059766108447,2.28226555718316,-0.0,-0.8820851643880208,1.8542,1.6637,1.4954,-0.04643,-0.00051,-0.03366,0.0008820138755254447,0.0009999937610700727,0.0009201358770951629,0.0005079067195765674,0.0005001365789212286,0.0005738979671150446,0.01173606887459755,0.010186107829213142,0.011653736233711243,passive,0
10.3613,rehab,small_slow,122.8278155803692,-666.631565792529,207.9924529259088,-177.38947157586003,0.1329901582845502,-149.9865265551157,-11.4463,-0.0179,19.8037,-12.9808,-0.5044,15.0343,88.15516028073755,34.357620088180695,88.42511394236347,-34.959716796875,-89.19816758897569,-32.036751641167534,-0.9250814607827971,-1.5236663818359375,-0.7626660035388304,2.3384518093532987,-0.0,-0.8820851643880208,1.9391,1.6904,1.8173,-0.02718,-0.01241,-0.03551,0.0008820138755254447,0.0009999937610700727,0.0009201358770951629,0.0005079067195765674,0.0005001365789212286,0.0005738979671150446,0.01173606887459755,0.010186107829213142,0.011653736233711243,passive,0
10.3806,rehab,small_slow,122.65446959692984,-666.633959621868,208.29925531116817,-177.38876616426188,0.13253700480765265,-149.98670956490005,-11.5341,-0.0354,19.8089,-7.9531,-0.347,4.795,88.14004048262493,34.33211222733601,88.4128495018081,-34.922400580512154,-89.1978030734592,-32.051281399197045,-0.979496417659344,-1.6325030940594059,-0.7349826321743502,2.3532867431640625,-0.0,-0.9499359130859375,1.9013,1.49,1.338,-0.03359,-0.0159,-0.03084,0.0008820138755254447,0.0009999937610700727,0.0009201358770951629,0.0005079067195765674,0.0005001365789212286,0.0005738979671150446,0.01173606887459755,0.010186107829213142,0.011653736233711243,passive,0
10.4009,rehab,small_slow,122.34652343861065,-666.6334582183164,208.83479817319306,-177.38838925409442,0.13227261174946425,-149.98715112021358,-11.3399,-0.0675,19.2358,-0.377,-0.384,-9.2426,88.113166129235,34.287051965694616,88.39200539164024,-34.85627916124132,-89.19715881347656,-32.07699245876736,-1.0339181730062654,-1.686918050935953,-0.685843288308323,2.37502204047309,0.06785074869791667,-0.8820851643880208,1.9274,1.4259,0.7951,-0.04345,-0.00749,-0.02758,0.0008820138755254447,0.0009999937610700727,0.0009201358770951629,0.0005079067195765674,0.0005001365789212286,0.0005738979671150446,0.01173606887459755,0.010186107829213142,0.011653736233711243,passive,0
10.4209,rehab,small_slow,122.16161097154044,-666.631854949015,209.13728913435568,-177.38883566992328,0.13258985108035468,-149.98773779543595,-11.3997,-0.0617,19.1573,3.0198,-0.5002,-14.0192,88.09701976209584,34.26129256144608,88.38046158894454,-34.818030463324654,-89.1967264811198,-32.092132568359375,-1.0339181730062654,-1.5780813387124846,-0.763264268931776,2.4408976236979165,0.06785074869791667,-0.9499359130859375,1.928,1.4608,1.2319,-0.03637,-0.01244,-0.03346,0.0008820138755254447,0.0009999937610700727,0.0009201358770951629,0.0005079067195765674,0.0005001365789212286,0.0005738979671150446,0.01173606887459755,0.010186107829213142,0.011653736233711243,passive,0
10.441,rehab,small_slow,121.88683351740373,-666.6357723893354,209.5960624736195,-177.38918270254229,0.13277815477443342,-149.98768793779686,-11.3984,-0.0525,19.0334,1.8026,-0.1906,-8.1193,88.07304835555577,34.22309875488281,88.36155504283339,-34.75991990831163,-89.19613308376736,-32.11552090115017,-1.0339181730062654,-1.6325030940594059,-0.8162447485593286,2.41133795844184,-0.0,-0.9499359130859375,1.9275,1.5713,1.3595,-0.03106,-0.02203,-0.03141,0.0008820138755254447,0.0009999937610700727,0.0009201358770951629,0.0005079067195765674,0.0005001365789212286,0.0005738979671150446,0.01173606887459755,0.010186107829213142,0.011653736233711243,passive,0
10.4609,rehab,small_slow,121.7046900095369,-666.6380208965847,209.90353568920827,-177.389699294069,0.13308595628473688,-149.98749614116534,-11.4825,-0.0715,19.0214,-2.8165,0.5931,5.4312,88.05715353182046,34.19755010321589,88.34866514300356,-34.720467461480034,-89.19573465983073,-32.13117811414931,-1.0339181730062654,-1.6325030940594059,-0.7864878437306622,2.4489593505859375,-0.0,-0.9499359130859375,1.8454,1.4074,1.4868,-0.03764,-0.00651,-0.03099,0.0008820138755254447,0.0009999937610700727,0.0009201358770951629,0.0005079067195765674,0.0005001365789212286,0.0005738979671150446,0.01173606887459755,0.010186107829213142,0.011653736233711243,passive,0
10.4807,rehab,small_slow,121.51166551684544,-666.6396311689965,210.21672333293208,-177.39000037578955,0.13331502558242855,-149.9881491163294,-11.2534,-0.0675,18.6125,-10.0373,1.2388,23.7782,88.04030692223274,34.17130800757078,88.33602678657758,-34.680794609917534,-89.19528537326389,-32.14693705240885,-1.0339181730062654,-1.686918050935953,-0.7460913327660891,2.5336710611979165,-0.0,-1.0177951388888888,1.7895,1.3439,0.6643,-0.03407,-0.00811,-0.02571,0.0008820138755254447,0.0009999937610700727,0.0009201358770951629,0.0005079067195765674,0.0005001365789212286,0.0005738979671150446,0.01173606887459755,0.010186107829213142,0.011653736233711243,passive,0
10.5009,rehab,small_slow,121.222856513384,-666.636353287931,210.69373832387834,-177.39097582820432,0.13392059466429432,-149.98849522923678,-11.449,-0.0442,19.1205,-14.9107,1.4559,36.4597,88.0150845971438,34.13087750425433,88.31737858234065,-34.61992899576823,-89.19464959038628,-32.17114766438802,-1.0339181730062654,-1.686918050935953,-0.8337780036548577,2.563137478298611,-0.0,-1.0177951388888888,1.9011,1.3924,0.9877,-0.02645,-0.00643,-0.03338,0.0008820138755254447,0.0009999937610700727,0.0009201358770951629,0.0005079067195765674,0.0005001365789212286,0.0005738979671150446,0.01173606887459755,0.010186107829213142,0.011653736233711243,passive,0
10.5207,rehab,small_slow,121.03292201374447,-666.6383541020997,211.0201758643308,-177.39097931691242,0.1339247121011199,-149.98800442606677,-12.0472,-0.0003,20.465,-17.3087,1.6393,41.0789,87.99850312790068,34.103853584516166,88.30377484312152,-34.578857421875,-89.19420878092448,-32.18777126736111,-1.0883331298828125,-1.6325030940594059,-0.8707004962581218,2.5882890489366317,-0.0,-1.0856458875868056,1.8796,1.5366,1.5503,-0.02129,-0.01367,-0.03517,0.0008820138755254447,0.0009999937610700727,0.0009201358770951629,0.0005079067195765674,0.0005001365789212286,0.0005738979671150446,0.01173606887459755,0.010186107829213142,0.011653736233711243,passive,0
10.5408,rehab,small_slow,120.73657629115064,-666.643939691877,211.51153604961505,-177.39126250612077,0.1341297652388064,-149.98803215138622,-12.518,0.0716,21.6919,-17.3135,1.7551,37.957,87.97264174659654,34.06332790261448,88.2828967406018,-34.51644049750434,-89.19352213541667,-32.21292283799913,-1.0883331298828125,-1.7413330078125,-0.8283052350034809,2.6729753282335067,-0.0,-1.0177951388888888,1.8885,1.4755,0.9931,-0.02625,-0.00919,-0.03025,0.0008820138755254447,0.0009999937610700727,0.0009201358770951629,0.0005079067195765674,0.0005001365789212286,0.0005738979671150446,0.01173606887459755,0.010186107829213142,0.011653736233711243,passive,0
10.5606,rehab,small_slow,120.54410109757116,-666.6395347175256,211.85132662661678,-177.39126026311843,0.1341241544659464,-149.9873302757153,-12.972,0.1001,22.6741,-15.5044,1.0791,27.5535,87.95581553241995,34.034645156104965,88.26974170042736,-34.47415669759115,-89.19307284884982,-32.22998725043403,-1.0883331298828125,-1.9045846769125154,-0.813647732876315,2.5844234890407987,-0.0,-1.0177951388888888,1.7447,1.3658,1.2462,-0.03816,-0.00922,-0.0304,0.0008820138755254447,0.0009999937610700727,0.0009201358770951629,0.0005079067195765674,0.0005001365789212286,0.0005738979671150446,0.01173606887459755,0.010186107829213142,0.011653736233711243,passive,0
10.5808,rehab,small_slow,120.24878675559867,-666.6334106601863,212.37060001279525,-177.39088077210243,0.1338633122804159,-149.98605207213,-13.2915,0.0863,23.1506,-13.1301,-0.0804,12.4828,87.93000174040841,33.99089699924582,88.24966581741182,-34.41009521484375,-89.19238620334201,-32.25637647840712,-1.0883331298828125,-1.9589996337890625,-0.8871935853863706,2.7182854546440973,0.06785074869791667,-1.153496636284722,1.9419,1.3077,1.4498,-0.03411,-0.02491,-0.03705,0.0008820138755254447,0.0009999937610700727,0.0009201358770951629,0.0005079067195765674,0.0005001365789212286,0.0005738979671150446,0.01173606887459755,0.010186107829213142,0.011653736233711243,passive,0
10.6005,rehab,small_slow,119.99131165045463,-666.6349994663277,212.82344826526136,-177.3889411263896,0.13265562336306994,-149.9854530272447,-13.2602,0.088,22.7299,-8.4059,-0.9639,-5.343,87.90751919888034,33.95350541218673,88.23155469233447,-34.356282552083336,-89.19177585177951,-32.27886623806423,-1.0883331298828125,-1.9045846769125154,-0.8976360358814202,2.7095455593532987,-0.0,-1.0856458875868056,1.9063,1.4545,0.8678,-0.01927,-0.01168,-0.03447,0.0008820138755254447,0.0009999937610700727,0.0009201358770951629,0.0005079067195765674,0.0005001365789212286,0.0005738979671150446,0.01173606887459755,0.010186107829213142,0.011653736233711243,passive,0
10.6208,rehab,small_slow,119.68862180980517,-666.6288342296377,213.36733366424227,-177.38751429884928,0.13177402172892988,-149.98414669485493,-13.3369,0.0893,22.2756,-4.8047,-1.6371,-17.765,87.88105275371286,33.90793526526725,88.21056781428875,-34.290686713324654,-89.1910383436415,-32.305916680230034,-1.1427480867593596,-1.795747964689047,-0.886146620948716,2.7192009819878473,-0.0,-1.0856458875868056,1.7997,1.3688,0.7243,-0.04384,-0.01475,-0.02668,0.0008820138755254447,0.0009999937610700727,0.0009201358770951629,0.0005079067195765674,0.0005001365789212286,0.0005738979671150446,0.01173606887459755,0.010186107829213142,0.011653736233711243,passive,0
10.6405,rehab,small_slow,119.47363940795428,-666.6275521804523,213.71238382183904,-177.3882278578944,0.13220263390885767,-149.98415437990312,-13.2416,0.0154,21.5135,-3.4851,-1.5709,-18.8597,87.86227537853883,33.87899417688351,88.19654936837678,-34.246410793728295,-89.19056362575955,-32.32420179578993,-1.1971630436359066,-1.8501697200359684,-0.9247075449122061,2.7944098578559027,-0.0,-1.2213473849826388,1.646,1.4083,0.5816,-0.04617,0.0001,-0.02248,0.0008820138755254447,0.0009999937610700727,0.0009201358770951629,0.0005079067195765674,0.0005001365789212286,0.0005738979671150446,0.01173606887459755,0.010186107829213142,0.011653736233711243,passive,0
10.6615,rehab,small_slow,119.14021741760021,-666.632860086269,214.22427794662835,-177.39006411320275,0.1333765512971591,-149.98440183785183,-13.6465,-0.0624,21.4988,-5.6774,-0.8551,-8.4896,87.8331711268661,33.83670089268448,88.17422999013769,-34.178873697916664,-89.18979220920139,-32.3523203531901,-1.1971630436359066,-1.795747964689047,-0.9145166378210087,2.8267839219835067,-0.0,-1.153496636284722,1.815,1.458,0.9462,-0.03497,-0.00559,-0.0261,0.0008820138755254447,0.0009999937610700727,0.0009201358770951629,0.0005079067195765674,0.0005001365789212286,0.0005738979671150446,0.01173606887459755,0.010186107829213142,0.011653736233711243,passive,0
10.6805,rehab,small_slow,118.91619800714801,-666.6332164597959,214.57061452589926,-177.39132625506176,0.13417932723308987,-149.98451497091114,-13.8976,-0.0455,21.611,-12.025,-0.3268,9.9661,87.81360512912863,33.80779379665261,88.15964727118464,-34.133385552300346,-89.18927510579427,-32.371275160047745,-1.1971630436359066,-1.9045846769125154,-0.9019054752765315,2.8749508327907987,0.06785074869791667,-1.2213473849826388,1.9411,1.4307,1.2537,-0.02586,-0.02211,-0.02704,0.0008820138755254447,0.0009999937610700727,0.0009201358770951629,0.0005079067195765674,0.0005001365789212286,0.0005738979671150446,0.01173606887459755,0.010186107829213142,0.011653736233711243,passive,0
10.7007,rehab,small_slow,118.67533174799208,-666.632503038941,214.92148822388137,-177.39263010791717,0.13499290886004253,-149.98594141414904,-13.8247,-0.0352,21.4452,-17.3552,0.2769,27.1332,87.79257746026067,33.778138868879566,88.14552684821705,-34.08756679958767,-89.18876647949219,-32.39037407769097,-1.4148296696124691,-1.795747964689047,-0.8839643119585396,2.9166751437717013,0.06785074869791667,-1.2213473849826388,1.7504,1.524,1.246,-0.02843,-0.00681,-0.02773,0.0008820138755254447,0.0009999937610700727,0.0009201358770951629,0.0005079067195765674,0.0005001365789212286,0.0005738979671150446,0.01173606887459755,0.010186107829213142,0.011653736233711243,passive,0
10.7207,rehab,small_slow,118.32775648440978,-666.635068910419,215.48060339490544,-177.39194094735527,0.13454765143281852,-149.98581669915177,-14.2029,-0.0166,22.325,-19.8502,1.023,35.6898,87.76222908850944,33.73195685962639,88.12241884741452,-34.018308851453995,-89.18796963161893,-32.42008633083767,-1.251584798982828,-1.9589996337890625,-0.9795576038927135,2.9875691731770835,-0.0,-1.2213473849826388,1.7559,1.5323,1.2345,-0.02075,-0.0073,-0.02729,0.0008820138755254447,0.0009999937610700727,0.0009201358770951629,0.0005079067195765674,0.0005001365789212286,0.0005738979671150446,0.01173606887459755,0.010186107829213142,0.011653736233711243,passive,0
10.7407,rehab,small_slow,118.08698670705554,-666.6375470297432,215.85657314823376,-177.39144742551497,0.13426570440308797,-149.98633579067675,-14.5222,0.0425,23.1827,-18.8579,1.2023,34.9922,87.74120821811185,33.70089464848584,88.10690473802019,-33.97176954481337,-89.18740166558159,-32.440075344509545,-1.360414712735922,-2.067836346012531,-0.9517314646503713,2.905553181966146,0.06785074869791667,-1.2892066107855902,1.7433,1.5219,1.0553,-0.02295,-0.01151,-0.02254,0.0008820138755254447,0.0009999937610700727,0.0009201358770951629,0.0005079067195765674,0.0005001365789212286,0.0005738979671150446,0.01173606887459755,0.010186107829213142,0.011653736233711243,passive,0
10.7608,rehab,small_slow,117.73459260048809,-666.6310213345788,216.4359535731653,-177.39039849340108,0.13361169731490874,-149.98569631655826,-15.391,0.0489,24.6397,-15.1432,0.5212,25.9939,87.71039755037515,33.65227878683864,88.0844765842551,-33.901146782769096,-89.18655395507812,-32.47074551052517,-1.251584798982828,-1.8501697200359684,-0.9452729177947091,2.9513380262586804,-0.0,-1.2892066107855902,1.7636,1.4759,1.3882,-0.02656,-0.00659,-0.02534,0.0008820138755254447,0.0009999937610700727,0.0009201358770951629,0.0005079067195765674,0.0005001365789212286,0.0005738979671150446,0.01173606887459755,0.010186107829213142,0.011653736233711243,passive,0
10.781,rehab,small_slow,117.49133437286207,-666.6291102721733,216.8331916738304,-177.38916381524706,0.13279885600246316,-149.9856361018801,-15.7721,0.0385,25.1499,-11.6027,-0.1764,15.2462,87.68914553198483,33.619231422348776,88.0688469008644,-33.853395250108505,-89.1860114203559,-32.49153137207031,-1.4148296696124691,-1.9589996337890625,-1.0233193576926052,3.055165608723958,0.06785074869791667,-1.2892066107855902,1.8685,1.55,1.8319,-0.02586,-0.01321,-0.03431,0.0008820138755254447,0.0009999937610700727,0.0009201358770951629,0.0005079067195765674,0.0005001365789212286,0.0005738979671150446,0.01173606887459755,0.010186107829213142,0.011653736233711243,passive,0
10.8009,rehab,small_slow,117.11748399230818,-666.6318139619514,217.4231366222283,-177.38780927315287,0.13199935522862,-149.98613497656825,-15.7495,0.0493,24.832,-7.1585,-0.5239,3.9506,87.65649247877668,33.57064955305345,88.04450837692411,-33.781212700737846,-89.18510437011719,-32.52288818359375,-1.360414712735922,-2.122251302889078,-1.0310220246267792,2.908206515842014,-0.0,-1.2892066107855902,1.7227,1.5557,1.3194,-0.01512,-0.01013,-0.02501,0.0008820138755254447,0.0009999937610700727,0.0009201358770951629,0.0005079067195765674,0.0005001365789212286,0.0005738979671150446,0.01173606887459755,0.010186107829213142,0.011653736233711243,passive,0
10.8206,rehab,small_slow,116.87262861699537,-666.6284587944017,217.81070736816034,-177.3880019372403,0.1320830460302094,-149.98600214049006,-15.744,0.0215,24.5709,-1.8557,-0.737,-6.2653,87.63509089403813,33.53828203560102,88.0288311042408,-33.732401529947914,-89.18456183539496,-32.543885972764755,-1.4148296696124691,-1.9045846769125154,-0.9520577912283416,2.989078097873264,-0.0,-1.2892066107855902,1.762,1.4435,1.3712,-0.03056,-0.01713,-0.02891,0.0008820138755254447,0.0009999937610700727,0.0009201358770951629,0.0005079067195765674,0.0005001365789212286,0.0005738979671150446,0.01173606887459755,0.010186107829213142,0.011653736233711243,passive,0
10.8405,rehab,small_slow,116.43356154264846,-666.630573123066,218.47912328574935,-177.38920192174353,0.13288423283856382,-149.98573542311405,-15.5626,-0.0249,24.0817,3.1831,-0.6104,-13.201,87.5967271257155,33.48319403015741,88.00005997761642,-33.64609612358941,-89.18349372016058,-32.581566704644096,-1.305999755859375,-1.8501697200359684,-1.0742738931485922,3.0764007568359375,0.06785074869791667,-1.2892066107855902,1.5605,1.3927,1.1479,-0.03854,-0.01148,-0.02483,0.0008820138755254447,0.0009999937610700727,0.0009201358770951629,0.0005079067195765674,0.0005001365789212286,0.0005738979671150446,0.01173606887459755,0.010186107829213142,0.011653736233711243,passive,0
10.8607,rehab,small_slow,116.18697741467895,-666.631827009378,218.8584006532598,-177.39023595055852,0.13356233377810617,-149.9851155892015,-15.4816,-0.0321,23.8021,-0.333,-0.3071,-6.4582,87.5751759746287,33.45207743125387,87.98332214355469,-33.59642876519097,-89.18288336859808,-32.60319179958767,-1.4148296696124691,-1.9589996337890625,-1.0279491160175587,3.101467556423611,-0.0,-1.4249081081814237,1.7123,1.3732,0.9818,-0.03341,-0.0087,-0.0294,0.0008820138755254447,0.0009999937610700727,0.0009201358770951629,0.0005079067195765674,0.0005001365789212286,0.0005738979671150446,0.01173606887459755,0.010186107829213142,0.011653736233711243,passive,0
10.881,rehab,small_slow,115.93084277475069,-666.6298167839241,219.23782007507245,-177.39186111936172,0.13460195924466042,-149.984738105657,-15.744,-0.0147,24.1975,-14.4829,-0.1974,14.7383,87.5527818132155,33.420464544012994,87.96716217947478,-33.546134101019966,-89.18226453993056,-32.62541029188368,-1.360414712735922,-1.9589996337890625,-0.9709643373394956,3.1541188557942705,0.06785074869791667,-1.357057359483507,1.7097,1.3642,0.5475,-0.02364,-0.0125,-0.02131,0.0008820138755254447,0.0009999937610700727,0.0009201358770951629,0.0005079067195765674,0.0005001365789212286,0.0005738979671150446,0.01173606887459755,0.010186107829213142,0.011653736233711243,passive,0
10.9009,rehab,small_slow,115.55289575718236,-666.6317253354745,219.8366504798224,-177.39189702294263,0.13462403722122623,-149.98307834717718,-16.0564,-0.0017,24.6377,-27.2792,-0.0748,31.2428,87.51974804566638,33.37161073590269,87.94101526241491,-33.470187717013886,-89.18133205837674,-32.65926784939236,-1.4148296696124691,-1.9589996337890625,-1.1396207903871443,3.176871405707465,-0.0,-1.4249081081814237,1.684,1.371,1.2368,-0.02509,-0.01534,-0.0266,0.0008820138755254447,0.0009999937610700727,0.0009201358770951629,0.0005079067195765674,0.0005001365789212286,0.0005738979671150446,0.01173606887459755,0.010186107829213142,0.011653736233711243,passive,0
10.9207,rehab,small_slow,115.28474897321014,-666.6342021006036,220.24686278106321,-177.39138450482125,0.13429197726884787,-149.98328499685604,-16.2631,-0.0022,24.7676,-33.7939,-0.011,37.4113,87.49632731522664,33.33812147083849,87.92340722414527,-33.41909620496962,-89.1807132297092,-32.681918674045136,-1.4148296696124691,-2.067836346012531,-1.0793115596960086,3.1554582383897567,-0.0,-1.4927588568793402,1.686,1.3989,0.9952,-0.03279,0.0013,-0.02897,0.0008820138755254447,0.0009999937610700727,0.0009201358770951629,0.0005079067195765674,0.0005001365789212286,0.0005738979671150446,0.01173606887459755,0.010186107829213142,0.011653736233711243,passive,0
10.941,rehab,small_slow,114.8767972521463,-666.6296663914735,220.8705608187958,-177.39086487247093,0.13391969800600967,-149.98305842323083,-17.0473,-0.0075,25.6144,-32.7584,-0.2311,33.5328,87.46066253964264,33.286351118937574,87.8980285342377,-33.3416493733724,-89.17977227105034,-32.71695454915365,-1.5236663818359375,-2.176666259765625,-1.1081642679648824,3.27010260687934,-0.0,-1.4249081081814237,1.5422,1.3522,0.7639,-0.03828,-0.01543,-0.02819,0.0008820138755254447,0.0009999937610700727,0.0009201358770951629,0.0005079067195765674,0.0005001365789212286,0.0005738979671150446,0.01173606887459755,0.010186107829213142,0.011653736233711243,passive,0
10.9613,rehab,small_slow,114.58723902184819,-666.6321966181508,221.30094429377422,-177.38947898931775,0.13302784575466314,-149.9843261600415,-18.6325,-0.0203,27.5599,-26.5723,-0.3031,23.5446,87.43537902832031,33.251121445457535,87.88012816174195,-33.28954060872396,-89.1791280110677,-32.740393744574654,-1.6325030940594059,-2.2310880151125465,-1.1183211827042079,3.291007147894965,-0.0,-1.4927588568793402,1.5543,1.3432,0.6243,-0.02632,-0.00951,-0.02331,0.0008820138755254447,0.0009999937610700727,0.0009201358770951629,0.0005079067195765674,0.0005001365789212286,0.0005738979671150446,0.01173606887459755,0.010186107829213142,0.011653736233711243,passive,0
10.9807,rehab,small_slow,114.1616177440801,-666.6308007220208,221.9361214298318,-177.3885597145315,0.13245577428859626,-149.9849859797563,-19.2953,-0.0351,28.0703,-18.7344,0.0246,14.6548,87.3981777984317,33.198746029693304,87.85385207374497,-33.21101718478732,-89.17811923556857,-32.77606540256076,-1.5780813387124846,-2.122251302889078,-1.104091984210628,3.26035393608941,0.06785074869791667,-1.4927588568793402,1.7142,1.3217,1.0187,-0.01823,-0.00767,-0.02772,0.0008820138755254447,0.0009999937610700727,0.0009201358770951629,0.0005079067195765674,0.0005001365789212286,0.0005738979671150446,0.01173606887459755,0.010186107829213142,0.011653736233711243,passive,0
11.0008,rehab,small_slow,113.86380485043456,-666.631132301132,222.34877182440837,-177.38918153025088,0.1328362418413378,-149.9860389192314,-19.0873,-0.0359,27.4462,-7.7543,0.6081,4.913,87.37216005230894,33.16459051453241,87.83644119111618,-33.15806918674045,-89.17744954427083,-32.800445556640625,-1.5236663818359375,-2.176666259765625,-1.142380969359143,3.3593580457899304,0.06785074869791667,-1.5606180826822915,1.7207,1.3061,0.864,-0.01853,-0.00839,-0.02935,0.0008820138755254447,0.0009999937610700727,0.0009201358770951629,0.0005079067195765674,0.0005001365789212286,0.0005738979671150446,0.01173606887459755,0.010186107829213142,0.011653736233711243,passive,0
11.0205,rehab,small_slow,113.35760232697402,-666.6360600706872,223.07563806870684,-177.3899060218073,0.13333885815711818,-149.9864027288523,-18.7488,-0.0311,26.9388,5.7036,1.1169,-8.1804,87.32792920405322,33.10540303145305,87.80422324001199,-33.064634535047745,-89.1762203640408,-32.84328036838107,-1.686918050935953,-2.2310880151125465,-1.093710719948948,3.346430460611979,-0.0,-1.5606180826822915,1.7218,1.4498,1.8365,-0.01608,-0.0113,-0.03046,0.0008820138755254447,0.0009999937610700727,0.0009201358770951629,0.0005079067195765674,0.0005001365789212286,0.0005738979671150446,0.01173606887459755,0.010186107829213142,0.011653736233711243,passive,0
11.0409,rehab,small_slow,113.05753071395652,-666.6336785353866,223.4979778710246,-177.39035263740644,0.1336222449996307,-149.98698372097488,-18.2799,0.0031,26.403,16.8473,1.25,-19.9218,87.30169390687848,33.070363715143486,87.78664239562384,-33.01081339518229,-89.17551676432292,-32.868338690863716,-1.5780813387124846,-2.176666259765625,-1.048466899607441,3.415561252170139,0.06785074869791667,-1.4927588568793402,1.7567,1.472,1.7547,-0.01856,-0.0147,-0.03149,0.0008820138755254447,0.0009999937610700727,0.0009201358770951629,0.0005079067195765674,0.0005001365789212286,0.0005738979671150446,0.01173606887459755,0.010186107829213142,0.011653736233711243,passive,0
11.061,rehab,small_slow,112.61046104860388,-666.6350573576633,224.14765811203435,-177.38974791211777,0.1332126830797453,-149.98739814452605,-18.3219,0.0602,26.6774,15.3784,0.9627,-17.8534,87.2626230976369,33.017356041634436,87.75864629462214,-32.92952643500434,-89.17447408040364,-32.90609571668837,-1.6325030940594059,-2.2310880151125465,-1.196170466961247,3.359832763671875,0.06785074869791667,-1.6284688313802083,1.6103,1.4258,1.6322,-0.03069,0.00446,-0.02562,0.0008820138755254447,0.0009999937610700727,0.0009201358770951629,0.0005079067195765674,0.0005001365789212286,0.0005738979671150446,0.01173606887459755,0.010186107829213142,0.011653736233711243,passive,0
11.0807,rehab,small_slow,112.3137841913886,-666.6350087160556,224.58157081613678,-177.3894210859406,0.1329804281067462,-149.98713972355804,-18.1399,0.0816,26.6324,2.2376,0.2124,-4.1026,87.23668693315865,32.981956406395035,87.73990971027034,-32.87510342068142,-89.17377048068576,-32.93168809678819,-1.5780813387124846,-2.2310880151125465,-1.1499476668858293,3.4479861789279513,0.06785074869791667,-1.6284688313802083,1.5141,1.369,1.1114,-0.03659,0.00556,-0.02414,0.0008820138755254447,0.0009999937610700727,0.0009201358770951629,0.0005079067195765674,0.0005001365789212286,0.0005738979671150446,0.01173606887459755,0.010186107829213142,0.011653736233711243,passive,0
11.1007,rehab,small_slow,112.01991733074728,-666.6295720666959,225.02340548587935,-177.3888953924928,0.1326726006886921,-149.98650191023245,-17.8792,0.0879,26.2483,-13.1325,-0.7934,8.8744,87.21096152126199,32.94548941130685,87.72165581731512,-32.82029893663194,-89.17301601833768,-32.95744154188368,-1.686918050935953,-2.2855029719890934,-1.1349162488880724,3.432956271701389,0.06785074869791667,-1.6284688313802083,1.5068,1.3452,1.2361,-0.02367,-0.01077,-0.02164,0.0008820138755254447,0.0009999937610700727,0.0009201358770951629,0.0005079067195765674,0.0005001365789212286,0.0005738979671150446,0.01173606887459755,0.010186107829213142,0.011653736233711243,passive,0
11.1207,rehab,small_slow,111.57398035934473,-666.6275614311853,225.68654849770974,-177.3883624601381,0.13231886216091263,-149.98508578966698,-18.063,0.0496,26.2195,-26.0732,-1.6393,19.0209,87.1719518982538,32.89150955653427,87.69283030292776,-32.73707071940104,-89.17190551757812,-32.99694485134548,-1.6325030940594059,-2.176666259765625,-1.2053619989074102,3.425649007161458,0.06785074869791667,-1.6284688313802083,1.5525,1.5099,1.2958,-0.01939,-0.00785,-0.02422,0.0008820138755254447,0.0009999937610700727,0.0009201358770951629,0.0005079067195765674,0.0005001365789212286,0.0005738979671150446,0.01173606887459755,0.010186107829213142,0.011653736233711243,passive,0
11.1407,rehab,small_slow,111.26839993226797,-666.6258596966677,226.12526085291674,-177.38852752405893,0.1324194278538603,-149.98448712618816,-18.8546,-0.0161,26.7758,-35.2996,-2.1276,28.1444,87.14522031274173,32.855661222250156,87.67376059352762,-32.68124050564236,-89.17115105523003,-33.0236562093099,-1.6325030940594059,-2.448754641089109,-1.169867185082766,3.5128529866536455,0.06785074869791667,-1.6284688313802083,1.662,1.3575,1.3066,-0.02227,-0.00571,-0.02439,0.0008820138755254447,0.0009999937610700727,0.0009201358770951629,0.0005079067195765674,0.0005001365789212286,0.0005738979671150446,0.01173606887459755,0.010186107829213142,0.011653736233711243,passive,0
11.1607,rehab,small_slow,110.8023717686165,-666.6259181610786,226.78589145314382,-177.38896969081165,0.13271383924315847,-149.98416687032957,-19.9054,-0.0664,27.5811,-37.3879,-1.864,32.4332,87.10446348284731,32.80200089558517,87.64439799998065,-32.59660508897569,-89.17000664605034,-33.06379530164931,-1.795747964689047,-2.2855029719890934,-1.2768819072459003,3.528408474392361,-0.0,-1.7641703287760415,1.5271,1.3668,1.1729,-0.03187,-0.00331,-0.02055,0.0008820138755254447,0.0009999937610700727,0.0009201358770951629,0.0005079067195765674,0.0005001365789212286,0.0005738979671150446,0.01173606887459755,0.010186107829213142,0.011653736233711243,passive,0
11.1809,rehab,small_slow,110.47424845750753,-666.6330049384331,227.2295971815059,-177.38866521929233,0.132514726172033,-149.98476716289076,-20.9755,-0.1175,28.5813,-31.1759,-0.8808,30.24,87.07580793021928,32.766526477171645,87.62396859650565,-32.54032558865017,-89.16922675238715,-33.091227213541664,-1.795747964689047,-2.176666259765625,-1.229809298373685,3.564503987630208,0.06785074869791667,-1.7641703287760415,1.6014,1.3016,1.0013,-0.01703,-0.01815,-0.02361,0.0008820138755254447,0.0009999937610700727,0.0009201358770951629,0.0005079067195765674,0.0005001365789212286,0.0005738979671150446,0.01173606887459755,0.010186107829213142,0.011653736233711243,passive,0
11.201,rehab,small_slow,109.98366211919245,-666.6328820603217,227.88788534454454,-177.38994375218968,0.13332464550798773,-149.9852048241989,-21.5589,-0.1135,29.1566,-19.4558,0.4087,22.3402,87.03290958215695,32.71282535968441,87.59473517389581,-32.45475769042969,-89.16805691189236,-33.1327395968967,-1.8501697200359684,-2.176666259765625,-1.234105931650294,3.564936319986979,0.06785074869791667,-1.7641703287760415,1.6011,1.3036,1.178,-0.02013,-0.01714,-0.02743,0.0008820138755254447,0.0009999937610700727,0.0009201358770951629,0.0005079067195765674,0.0005001365789212286,0.0005738979671150446,0.01173606887459755,0.010186107829213142,0.011653736233711243,passive,0
11.2212,rehab,small_slow,109.64576882684152,-666.6390723695372,228.33128123569387,-177.39029972640384,0.1335238339991182,-149.98587175070367,-21.8599,-0.0867,29.7615,-4.7106,1.5918,8.6326,87.00339742226176,32.67728975503751,87.57417659948368,-32.397494845920136,-89.16727701822917,-33.160951402452255,-1.795747964689047,-2.2310880151125465,-1.324477998336943,3.6410352918836804,-0.0,-1.832029554578993,1.3321,1.2444,0.7778,-0.03592,-0.00595,-0.02362,0.0008820138755254447,0.0009999937610700727,0.0009201358770951629,0.0005079067195765674,0.0005001365789212286,0.0005738979671150446,0.01173606887459755,0.010186107829213142,0.011653736233711243,passive,0
11.2405,rehab,small_slow,109.05786069087019,-666.6381800711794,229.1180287845669,-177.39117792628588,0.134134825647108,-149.98666245385616,-21.6497,-0.0456,29.7247,8.8189,1.9953,-8.1798,86.95197379234993,32.61324816411084,87.53930724493348,-32.296176486545136,-89.16582743326823,-33.210457695855034,-1.8501697200359684,-2.3399179288656407,-1.2755494070525217,3.6518436008029513,0.06785074869791667,-1.7641703287760415,1.4675,1.1903,1.2306,-0.0374,-0.00996,-0.0271,0.0008820138755254447,0.0009999937610700727,0.0009201358770951629,0.0005079067195765674,0.0005001365789212286,0.0005738979671150446,0.01173606887459755,0.010186107829213142,0.011653736233711243,passive,0
11.2606,rehab,small_slow,108.72720350051262,-666.6377698364626,229.5870406041356,-177.39038987156596,0.13363259382952858,-149.98643913380178,-20.7896,0.027,28.7628,15.8094,1.7226,-21.8483,86.92304630090695,32.575462265770035,87.51846313476562,-32.23770989312066,-89.16500515407986,-33.23895772298177,-1.795747964689047,-2.3943328857421875,-1.3357702576287902,3.645689222547743,0.06785074869791667,-1.7641703287760415,1.4459,1.3106,0.9021,-0.03837,-0.0055,-0.02366,0.0008820138755254447,0.0009999937610700727,0.0009201358770951629,0.0005079067195765674,0.0005001365789212286,0.0005738979671150446,0.01173606887459755,0.010186107829213142,0.011653736233711243,passive,0
11.2808,rehab,small_slow,108.22396407687835,-666.6351807302811,230.29707185310522,-177.38867525405573,0.13254543113026088,-149.9868145166246,-20.4884,0.0748,28.3783,11.8636,1.0517,-24.1581,86.87901260829207,32.51806957886951,87.48748930373995,-32.15021769205729,-89.16375901963976,-33.281639946831596,-1.8501697200359684,-2.448754641089109,-1.3267486874419865,3.5968865288628473,0.06785074869791667,-1.7641703287760415,1.4933,1.1355,1.0433,-0.03946,-0.00781,-0.02818,0.0008820138755254447,0.0009999937610700727,0.0009201358770951629,0.0005079067195765674,0.0005001365789212286,0.0005738979671150446,0.01173606887459755,0.010186107829213142,0.011653736233711243,passive,0
11.3009,rehab,small_slow,107.89136871349972,-666.6331986701423,230.7760475913569,-177.38719605215525,0.13159594879976752,-149.98624572143282,-20.6284,0.0842,28.2075,-0.4792,0.1905,-15.3736,86.84990155814897,32.47952225184677,87.46645483640161,-32.09160698784722,-89.16291130913628,-33.31066555447048,-1.9045846769125154,-2.3399179288656407,-1.3257221184154548,3.5640801323784723,0.06785074869791667,-1.832029554578993,1.3935,1.2263,0.7064,-0.02673,-0.00644,-0.02292,0.0008820138755254447,0.0009999937610700727,0.0009201358770951629,0.0005079067195765674,0.0005001365789212286,0.0005738979671150446,0.01173606887459755,0.010186107829213142,0.011653736233711243,passive,0
11.3206,rehab,small_slow,107.55660361197047,-666.6352632392719,231.2362857040211,-177.38724855069964,0.13161818706079823,-149.98559965684268,-20.544,0.0506,27.5525,-18.4043,-0.5375,4.3931,86.82062054624652,32.44284450417698,87.44493087919632,-32.032555474175346,-89.16208055284288,-33.33993699815538,-1.8501697200359684,-2.3399179288656407,-1.3056258399887841,3.6749098036024304,0.06785074869791667,-1.832029554578993,1.422,1.1732,0.4499,-0.03052,-0.0041,-0.02679,0.0008820138755254447,0.0009999937610700727,0.0009201358770951629,0.0005079067195765674,0.0005001365789212286,0.0005738979671150446,0.01173606887459755,0.010186107829213142,0.011653736233711243,passive,0
11.3409,rehab,small_slow,107.04055134159843,-666.6306189552221,231.90611228680464,-177.38969343786974,0.1331740174526025,-149.98441662456108,-20.871,0.0053,27.3678,-33.0967,-1.1556,24.3144,86.77544471060875,32.38832757024482,87.41447373191909,-31.94345262315538,-89.16080050998264,-33.385306464301216,-1.9045846769125154,-2.3399179288656407,-1.3546971991510675,3.69460211859809,-0.0,-2.0355902777777777,1.5815,1.0542,0.3042,-0.01969,-0.01543,-0.02949,0.0008820138755254447,0.0009999937610700727,0.0009201358770951629,0.0005079067195765674,0.0005001365789212286,0.0005738979671150446,0.01173606887459755,0.010186107829213142,0.011653736233711243,passive,0
11.3607,rehab,small_slow,106.68819693221363,-666.6309787084906,232.3640297439653,-177.39063367750947,0.13380897445646298,-149.98429081096427,-21.878,-0.0125,28.2714,-34.0058,-1.3172,29.5776,86.74461364746094,32.351513853167546,87.39320131811765,-31.883409288194443,-89.159910413954,-33.41559516059028,-2.0134145906656093,-2.2310880151125465,-1.3467837796352877,3.7168375651041665,0.06785074869791667,-1.9677310519748263,1.3426,1.2305,1.4065,-0.02534,-0.00159,-0.02631,0.0008820138755254447,0.0009999937610700727,0.0009201358770951629,0.0005079067195765674,0.0005001365789212286,0.0005738979671150446,0.01173606887459755,0.010186107829213142,0.011653736233711243,passive,0
11.3808,rehab,small_slow,106.13506010397597,-666.6306385221969,233.05160386839998,-177.39210715745014,0.134751604822952,-149.98566102784167,-23.0047,-0.0264,29.6071,-31.9218,-0.892,33.3356,86.69622893380647,32.29582078386061,87.36196914521774,-31.79348415798611,-89.15859646267361,-33.46160888671875,-2.0134145906656093,-2.3943328857421875,-1.323567003306776,3.8009474012586804,0.06785074869791667,-1.7641703287760415,1.467,1.3046,1.3684,-0.0213,-0.00463,-0.01762,0.0008820138755254447,0.0009999937610700727,0.0009201358770951629,0.0005079067195765674,0.0005001365789212286,0.0005738979671150446,0.01173606887459755,0.010186107829213142,0.011653736233711243,passive,0
11.4007,rehab,small_slow,105.75925615965629,-666.6371064266558,233.5318041531994,-177.39121174667306,0.1341623807062358,-149.9872239789922,-23.8643,-0.0333,30.7663,-28.6713,-0.3101,34.2498,86.6633923218982,32.25785812529007,87.33944581286742,-31.73323737250434,-89.15771484375,-33.492211235894096,-2.176666259765625,-2.3943328857421875,-1.4220088543278155,3.6810302734375,0.06785074869791667,-1.9677310519748263,1.4959,1.3001,1.3515,-0.01987,-0.01163,-0.02596,0.0008820138755254447,0.0009999937610700727,0.0009201358770951629,0.0005079067195765674,0.0005001365789212286,0.0005738979671150446,0.01173606887459755,0.010186107829213142,0.011653736233711243,passive,0
11.4211,rehab,small_slow,105.20462716275483,-666.6353815892764,234.2601020303323,-177.38988363534204,0.13328791121025035,-149.9880350359114,-24.4413,-0.04,31.5624,-17.7923,-0.0051,21.8097,86.6148580418955,32.19935728771852,87.30688113977413,-31.64248996310764,-89.15635850694444,-33.538920084635414,-2.0134145906656093,-2.503169597965656,-1.3550915104327816,3.76983642578125,0.13570149739583334,-1.9677310519748263,1.3186,1.2117,1.2447,-0.03345,-0.00742,-0.01837,0.0008820138755254447,0.0009999937610700727,0.0009201358770951629,0.0005079067195765674,0.0005001365789212286,0.0005738979671150446,0.01173606887459755,0.010186107829213142,0.011653736233711243,passive,0
11.4407,rehab,small_slow,104.8331485598629,-666.6352980918875,234.7529278546952,-177.3887935398534,0.13255050667014448,-149.9883618856296,-23.5704,-0.0432,30.4544,-3.8327,-0.0219,2.3248,86.58235455503558,32.16005533048422,87.28445298600904,-31.581217447916664,-89.15545993381076,-33.57041252983941,-1.8501697200359684,-2.557584554842203,-1.3886895510229733,3.773668077256944,0.06785074869791667,-1.8998803032769096,1.3569,1.1322,0.8608,-0.03313,0.00198,-0.01899,0.0008820138755254447,0.0009999937610700727,0.0009201358770951629,0.0005079067195765674,0.0005001365789212286,0.0005738979671150446,0.01173606887459755,0.010186107829213142,0.011653736233711243,passive,0
11.4621,rehab,small_slow,104.18665974346338,-666.633751990376,235.59822452354732,-177.3882208860616,0.13216429349752792,-149.98774577549221,-23.6925,-0.0241,30.5524,10.1087,0.0594,-19.2202,86.52576408763923,32.09260090742961,87.24545016147123,-31.473922729492188,-89.15383232964409,-33.62642076280382,-2.0134145906656093,-2.3399179288656407,-1.3457504121383819,3.7904103597005205,0.06785074869791667,-1.9677310519748263,1.2377,1.2139,1.233,-0.0231,-0.00276,-0.01256,0.0008820138755254447,0.0009999937610700727,0.0009201358770951629,0.0005079067195765674,0.0005001365789212286,0.0005738979671150446,0.01173606887459755,0.010186107829213142,0.011653736233711243,passive,0
11.4809,rehab,small_slow,103.81534123511531,-666.6371911688251,236.0708198633274,-177.38859640352226,0.13246239279970773,-149.98748776658562,-24.3053,-0.013,31.1334,16.1074,0.2799,-29.3447,86.49327419772007,32.05537928212987,87.22246453313544,-31.412361992730034,-89.15285746256511,-33.658481174045136,-2.122251302889078,-2.176666259765625,-1.3921159800916616,3.9179738362630205,0.06785074869791667,-2.103441026475694,1.3605,1.2708,1.221,-0.02085,-0.00447,-0.02187,0.0008820138755254447,0.0009999937610700727,0.0009201358770951629,0.0005079067195765674,0.0005001365789212286,0.0005738979671150446,0.01173606887459755,0.010186107829213142,0.011653736233711243,passive,0
11.5006,rehab,small_slow,103.25973106768548,-666.6357180518107,236.76322897634867,-177.39116277743437,0.13415555228375883,-149.98639183189758,-23.4553,-0.0271,29.6767,10.399,0.487,-23.0164,86.44462434372099,32.00016890421952,87.18903645430461,-31.319317287868923,-89.15144178602431,-33.707190619574654,-1.9589996337890625,-2.2310880151125465,-1.3499586653001237,3.935580783420139,-0.0,-2.0355902777777777,1.5226,1.1298,1.1139,-0.01476,-0.0126,-0.02468,0.0008820138755254447,0.0009999937610700727,0.0009201358770951629,0.0005079067195765674,0.0005001365789212286,0.0005738979671150446,0.01173606887459755,0.010186107829213142,0.011653736233711243,passive,0
11.5206,rehab,small_slow,102.88070451132138,-666.6367993227188,237.23774383271973,-177.39175726311095,0.13456761137195625,-149.98600990672912,-23.2141,-0.0395,29.1165,-6.1493,0.6999,-2.5221,86.41144780829401,31.962614153871442,87.16618679537632,-31.25729031032986,-89.15046691894531,-33.74005635579427,-2.122251302889078,-2.448754641089109,-1.4315539067334468,3.9458804660373263,0.06785074869791667,-2.171291775173611,1.4259,1.2349,1.4312,-0.00532,-0.00307,-0.02185,0.0008820138755254447,0.0009999937610700727,0.0009201358770951629,0.0005079067195765674,0.0005001365789212286,0.0005738979671150446,0.01173606887459755,0.010186107829213142,0.011653736233711243,passive,0
11.5407,rehab,small_slow,102.49660805708152,-666.6388709377936,237.72053537253885,-177.39181557413696,0.13460588754954445,-149.98583119298607,-23.0779,-0.0113,28.8148,-16.1189,0.8569,10.1926,86.37783617076308,31.924583510597152,87.14289523587368,-31.194992065429688,-89.14950052897136,-33.77315097384982,-2.2310880151125465,-2.3399179288656407,-1.4151016084274444,3.862660725911458,0.06785074869791667,-1.9677310519748263,1.3325,1.1881,1.1036,-0.01903,-0.0109,-0.02165,0.0008820138755254447,0.0009999937610700727,0.0009201358770951629,0.0005079067195765674,0.0005001365789212286,0.0005738979671150446,0.01173606887459755,0.010186107829213142,0.011653736233711243,passive,0
11.5609,rehab,small_slow,101.90309434972545,-666.6371356858491,238.46257473576242,-177.39110576996234,0.13412054796697145,-149.98706587562532,-23.3521,0.0292,29.1116,-17.4748,1.0066,13.3196,86.32588226016205,31.865579586217898,87.10844058801632,-31.101031833224827,-89.14805942111545,-33.82281833224826,-2.122251302889078,-2.503169597965656,-1.5006671565594059,3.9403873019748263,0.13570149739583334,-2.0355902777777777,1.249,1.1794,1.6456,-0.00823,-0.02061,-0.01982,0.0008820138755254447,0.0009999937610700727,0.0009201358770951629,0.0005079067195765674,0.0005001365789212286,0.0005738979671150446,0.01173606887459755,0.010186107829213142,0.011653736233711243,passive,0
11.5809,rehab,small_slow,101.49990042697979,-666.6392044744678,238.96644490864117,-177.38973651052274,0.13321639482905698,-149.9880545534428,-24.1367,0.049,30.0005,-21.9226,1.1433,21.3524,86.29060499738938,31.825930906994508,87.08474112029123,-31.038402981228298,-89.14706759982639,-33.856404622395836,-2.122251302889078,-2.3943328857421875,-1.4770492704788056,3.837924533420139,0.06785074869791667,-2.103441026475694,1.1578,1.1027,1.3756,-0.04064,-0.00529,-0.0246,0.0008820138755254447,0.0009999937610700727,0.0009201358770951629,0.0005079067195765674,0.0005001365789212286,0.0005738979671150446,0.01173606887459755,0.010186107829213142,0.011653736233711243,passive,0
11.601,rehab,small_slow,100.89888434285429,-666.6358304316858,239.71433102370244,-177.38889148065633,0.13263743674508185,-149.98807865333825,-25.6327,0.0649,31.6413,-22.7491,0.904,24.0516,86.23797123975093,31.76653267133354,87.04996014585589,-30.943832397460938,-89.1455586751302,-33.90795389811198,-2.2310880151125465,-2.557584554842203,-1.4943989668742266,3.974168565538194,0.06785074869791667,-2.171291775173611,1.2925,1.1233,0.7779,-0.03878,-0.01766,-0.02332,0.0008820138755254447,0.0009999937610700727,0.0009201358770951629,0.0005079067195765674,0.0005001365789212286,0.0005738979671150446,0.01173606887459755,0.010186107829213142,0.011653736233711243,passive,0
11.6208,rehab,small_slow,100.50215841084169,-666.6344017424764,240.20788085607094,-177.3888213703909,0.13253597558714017,-149.98753236953485,-25.9887,0.0851,31.8962,-18.3736,0.221,19.1858,86.20323105613784,31.727577436088335,87.02637625212716,-30.880457560221352,-89.14458380805121,-33.94253200954861,-2.2310880151125465,-2.503169597965656,-1.4508139733040686,3.9424896240234375,0.06785074869791667,-2.2391425238715277,1.3004,1.0673,0.3547,-0.0172,-0.00814,-0.01721,0.0008820138755254447,0.0009999937610700727,0.0009201358770951629,0.0005079067195765674,0.0005001365789212286,0.0005738979671150446,0.01173606887459755,0.010186107829213142,0.011653736233711243,passive,0
11.6408,rehab,small_slow,99.9070545616475,-666.6299715696196,240.93398618598582,-177.39002148982897,0.13329126843492595,-149.9862067229938,-25.3439,0.081,31.0183,-11.4505,-0.549,10.6926,86.15109358683671,31.670055578250697,86.99143211440284,-30.785132514105904,-89.14307488335503,-33.99492899576823,-2.067836346012531,-2.3943328857421875,-1.5292955153059251,4.036610921223958,0.06785074869791667,-2.103441026475694,1.3122,1.2415,1.2084,-0.01515,-0.00446,-0.0164,0.0008820138755254447,0.0009999937610700727,0.0009201358770951629,0.0005079067195765674,0.0005001365789212286,0.0005738979671150446,0.01173606887459755,0.010186107829213142,0.011653736233711243,passive,0
11.6607,rehab,small_slow,99.50893719928142,-666.631904958158,241.41227881564137,-177.39102048852504,0.13405298548959574,-149.98529170591178,-25.2922,0.0747,30.9973,-0.7819,-1.0465,-3.4287,86.11622423228651,31.63275916977684,86.96727714916267,-30.721460978190102,-89.14196438259549,-34.029998779296875,-2.122251302889078,-2.2310880151125465,-1.4570753645188737,3.984951443142361,0.06785074869791667,-2.171291775173611,1.2505,1.0667,0.6241,-0.02277,-0.01362,-0.01164,0.0008820138755254447,0.0009999937610700727,0.0009201358770951629,0.0005079067195765674,0.0005001365789212286,0.0005738979671150446,0.01173606887459755,0.010186107829213142,0.011653736233711243,passive,0
11.6807,rehab,small_slow,98.81223006785984,-666.6296426656536,242.25462305185226,-177.39291002439575,0.1353546856873099,-149.98357144246927,-25.4107,0.0451,31.1053,7.5138,-1.2626,-15.5888,86.05518076679495,31.566691634678605,86.92537817624536,-30.60950385199653,-89.14012485080295,-34.09150865342882,-2.176666259765625,-2.3943328857421875,-1.5773810962639232,3.954213460286458,-0.0,-2.171291775173611,1.1878,1.0054,1.1222,-0.03227,-0.01685,-0.0282,0.0008820138755254447,0.0009999937610700727,0.0009201358770951629,0.0005079067195765674,0.0005001365789212286,0.0005738979671150446,0.01173606887459755,0.010186107829213142,0.011653736233711243,passive,0
11.7006,rehab,small_slow,98.40580844001491,-666.6297555213106,242.7578151462105,-177.39244113226803,0.1349921785397533,-149.98289667329536,-25.6182,-0.002,31.2628,2.5679,-1.1867,-12.1831,86.01959077438505,31.527552840733293,86.90055696090849,-30.545154147677952,-89.13911607530382,-34.12705315483941,-2.2855029719890934,-2.503169597965656,-1.5638521402189047,4.102418687608507,0.06785074869791667,-2.307001749674479,1.1069,1.1201,1.215,-0.02865,-0.01259,-0.022,0.0008820138755254447,0.0009999937610700727,0.0009201358770951629,0.0005079067195765674,0.0005001365789212286,0.0005738979671150446,0.01173606887459755,0.010186107829213142,0.011653736233711243,passive,0
11.7206,rehab,small_slow,97.98966353124473,-666.6283150828777,243.27033516689312,-177.39137381398845,0.1343016716837019,-149.98344501252677,-25.826,-0.0297,31.3039,-13.3243,-0.764,3.7839,85.98313737623762,31.487503051757812,86.87586491650875,-30.48071119520399,-89.13805643717448,-34.162233140733505,-2.2310880151125465,-2.557584554842203,-1.6617433151396195,4.013536241319445,0.06785074869791667,-2.171291775173611,1.0361,0.9832,1.2173,-0.03344,-0.01383,-0.02069,0.0008820138755254447,0.0009999937610700727,0.0009201358770951629,0.0005079067195765674,0.0005001365789212286,0.0005738979671150446,0.01173606887459755,0.010186107829213142,0.011653736233711243,passive,0
11.7405,rehab,small_slow,97.35453728784972,-666.6299063598942,244.05704859277665,-177.3884262453051,0.13235229954978492,-149.98452328386068,-25.603,-0.043,30.6591,-21.1076,-0.1933,10.6226,85.92752588857519,31.42660915261448,86.83758952830097,-30.383597479926216,-89.13644578721788,-34.2156728108724,-2.2855029719890934,-2.503169597965656,-1.5306076200881806,4.01002671983507,-0.0,-2.2391425238715277,1.2201,1.0032,1.3712,-0.02232,-0.02635,-0.01944,0.0008820138755254447,0.0009999937610700727,0.0009201358770951629,0.0005079067195765674,0.0005001365789212286,0.0005738979671150446,0.01173606887459755,0.010186107829213142,0.011653736233711243,passive,0
11.7611,rehab,small_slow,96.92191065394722,-666.6294677644804,244.56802712267327,-177.38755433725754,0.13173143846366347,-149.9856680935089,-25.7223,-0.031,30.3592,-21.5695,0.4836,10.2021,85.88964481164913,31.38674292233911,86.8127955068456,-30.319010416666664,-89.13540310329861,-34.2516835530599,-2.3943328857421875,-2.503169597965656,-1.558882458375232,4.058380126953125,-0.0,-2.307001749674479,1.2759,1.0428,1.463,-0.03042,-0.02081,-0.02653,0.0008820138755254447,0.0009999937610700727,0.0009201358770951629,0.0005079067195765674,0.0005001365789212286,0.0005738979671150446,0.01173606887459755,0.010186107829213142,0.011653736233711243,passive,0
11.7806,rehab,small_slow,96.27883209832326,-666.6339397354367,245.3146479083838,-177.3875538160257,0.13170082931794067,-149.98610036045895,-26.5184,-0.0073,31.0214,-21.4977,0.9545,10.7294,85.83335347694926,31.32920746756072,86.77475126663057,-30.22193060980903,-89.13380093044705,-34.30645412868923,-2.3943328857421875,-2.3943328857421875,-1.5149983321086016,4.010967678493923,0.06785074869791667,-2.2391425238715277,1.3045,1.0631,1.2053,-0.01581,-0.02719,-0.02216,0.0008820138755254447,0.0009999937610700727,0.0009201358770951629,0.0005079067195765674,0.0005001365789212286,0.0005738979671150446,0.01173606887459755,0.010186107829213142,0.011653736233711243,passive,0
11.8008,rehab,small_slow,95.85248431842662,-666.6326794760129,245.80492578143534,-177.38858148768463,0.13234148160580175,-149.98558269012335,-27.7872,0.0232,32.3225,-20.4161,0.8291,10.9188,85.7960026807124,31.291061250290067,86.74992325282332,-30.15671624077691,-89.1327412923177,-34.34359232584635,-2.2855029719890934,-2.3399179288656407,-1.5923309326171875,4.023810492621528,-0.0,-2.374852498372396,1.2849,1.0933,1.3934,-0.02332,-0.02208,-0.02469,0.0008820138755254447,0.0009999937610700727,0.0009201358770951629,0.0005079067195765674,0.0005001365789212286,0.0005738979671150446,0.01173606887459755,0.010186107829213142,0.011653736233711243,passive,0
11.8205,rehab,small_slow,95.20800740257185,-666.6325930116092,246.53243607345382,-177.39078542480962,0.13385725176790422,-149.98547699594846,-28.2625,0.0383,32.6372,-19.817,0.2554,11.9627,85.73954138425317,31.234701930886448,86.71234130859375,-30.05855984157986,-89.1310797797309,-34.39905802408854,-2.3399179288656407,-2.448754641089109,-1.523122504205987,4.155671861436632,0.06785074869791667,-2.307001749674479,1.1307,0.9825,2.1062,-0.02466,-0.01994,-0.02556,0.0008820138755254447,0.0009999937610700727,0.0009201358770951629,0.0005079067195765674,0.0005001365789212286,0.0005738979671150446,0.01173606887459755,0.010186107829213142,0.011653736233711243,passive,0
11.8408,rehab,small_slow,94.77647107163135,-666.630607952111,247.03187115438857,-177.39137953417827,0.13426335673374862,-149.98521580377522,-27.697,0.045,31.821,-12.4028,-0.4067,4.8417,85.70172149356048,31.195998239045096,86.68700340950843,-29.992760552300346,-89.12996927897136,-34.436399671766495,-2.2855029719890934,-2.448754641089109,-1.6080421976523824,4.22074211968316,0.13570149739583334,-2.307001749674479,1.1962,1.0094,1.7694,-0.02182,-0.02154,-0.02612,0.0008820138755254447,0.0009999937610700727,0.0009201358770951629,0.0005079067195765674,0.0005001365789212286,0.0005738979671150446,0.01173606887459755,0.010186107829213142,0.011653736233711243,passive,0
11.8611,rehab,small_slow,94.12216784946804,-666.6257331176357,247.80433630141678,-177.3901533038541,0.13345142995887327,-149.9847724261184,-27.9043,0.0408,31.8744,0.9691,-0.7991,-10.8614,85.64436279901183,31.13612411045792,86.64883679682666,-29.894612630208332,-89.12825690375433,-34.493094550238716,-2.448754641089109,-2.557584554842203,-1.61713175254293,4.173617892795138,0.13570149739583334,-2.374852498372396,1.2806,0.9131,1.4747,-0.01778,-0.02805,-0.01901,0.0008820138755254447,0.0009999937610700727,0.0009201358770951629,0.0005079067195765674,0.0005001365789212286,0.0005738979671150446,0.01173606887459755,0.010186107829213142,0.011653736233711243,passive,0
11.881,rehab,small_slow,93.56783296941025,-666.6273501663326,248.45708785402599,-177.38831401729232,0.13217007723204965,-149.98509410481094,-27.8929,-0.0033,31.6041,10.9521,-0.7459,-22.6271,85.59581492206839,31.086291322613707,86.61568745528118,-29.81255425347222,-89.12686665852864,-34.540396796332466,-2.557584554842203,-2.448754641089109,-1.6565560822439667,4.0889739990234375,0.06785074869791667,-2.4427032470703125,1.1399,0.9607,1.5352,-0.02426,-0.00744,-0.0205,0.0008820138755254447,0.0009999937610700727,0.0009201358770951629,0.0005079067195765674,0.0005001365789212286,0.0005738979671150446,0.01173606887459755,0.010186107829213142,0.011653736233711243,passive,0
11.9012,rehab,small_slow,92.8945881832801,-666.6278016117677,249.20361857824105,-177.3891972261931,0.13279307917506225,-149.98536422138733,-28.0616,-0.0508,31.5641,8.8693,-0.3985,-19.8115,85.53683139310024,31.028953023476177,86.5769633680287,-29.71380445692274,-89.12512885199652,-34.597998725043404,-2.503169597965656,-2.3399179288656407,-1.661396593150526,4.133546617296007,0.06785074869791667,-2.4427032470703125,1.1983,0.9362,1.1164,-0.02275,-0.01231,-0.01833,0.0008820138755254447,0.0009999937610700727,0.0009201358770951629,0.0005079067195765674,0.0005001365789212286,0.0005738979671150446,0.01173606887459755,0.010186107829213142,0.011653736233711243,passive,0
11.9207,rehab,small_slow,92.44276475157585,-666.6314512213818,249.69527463599465,-177.39019697342883,0.13351190735292287,-149.98538839612928,-27.9064,-0.0561,31.212,-5.295,0.0176,-3.7159,85.49726429552135,30.991615824180073,86.55054451215385,-29.647733900282116,-89.12394205729167,-34.63679843478732,-2.503169597965656,-2.2855029719890934,-1.6430883124323175,4.0606943766276045,0.06785074869791667,-2.510553995768229,1.2548,0.9304,1.7738,-0.0205,-0.01955,-0.02942,0.0008820138755254447,0.0009999937610700727,0.0009201358770951629,0.0005079067195765674,0.0005001365789212286,0.0005738979671150446,0.01173606887459755,0.010186107829213142,0.011653736233711243,passive,0
11.9409,rehab,small_slow,91.98873608637116,-666.6303207604079,250.1833723138449,-177.3916151765987,0.13449199469540019,-149.9852905317966,-27.2727,-0.0312,30.2877,-14.429,0.4909,5.8458,85.4574728484201,30.954020283009747,86.52502305436842,-29.581798977322048,-89.12276373969183,-34.67594570583767,-2.503169597965656,-2.448754641089109,-1.6184982450881806,4.137454562717013,0.06785074869791667,-2.4427032470703125,1.0827,1.0335,1.6956,-0.03582,-0.01902,-0.02737,0.0008820138755254447,0.0009999937610700727,0.0009201358770951629,0.0005079067195765674,0.0005001365789212286,0.0005738979671150446,0.01173606887459755,0.010186107829213142,0.011653736233711243,passive,0
11.9611,rehab,small_slow,91.31268197528246,-666.6346224973786,250.9353469889199,-177.3915276954366,0.13438435701693818,-149.98415348915015,-27.5867,0.0136,30.4464,-17.8909,0.8851,7.4454,85.39826496992961,30.89718507067992,86.48494607151144,-29.483362833658852,-89.12102593315971,-34.73518371582031,-2.3943328857421875,-2.3943328857421875,-1.6672364792021195,4.227294921875,-0.0,-2.510553995768229,1.0994,0.862,1.6797,-0.02724,-0.01784,-0.02571,0.0008820138755254447,0.0009999937610700727,0.0009201358770951629,0.0005079067195765674,0.0005001365789212286,0.0005738979671150446,0.01173606887459755,0.010186107829213142,0.011653736233711243,passive,0
11.9808,rehab,small_slow,90.85879443454706,-666.6336025382391,251.44411347524164,-177.39106476301995,0.13408169519946123,-149.98359106106793,-28.2312,0.039,31.0126,-22.2564,0.7608,8.8273,85.35848032129873,30.858399797194075,86.4585816033996,-29.41765679253472,-89.1198221842448,-34.774788750542534,-2.557584554842203,-2.3943328857421875,-1.6830769151744276,4.06339857313368,0.06785074869791667,-2.510553995768229,1.2086,0.874,1.3426,-0.0282,-0.01558,-0.02345,0.0008820138755254447,0.0009999937610700727,0.0009201358770951629,0.0005079067195765674,0.0005001365789212286,0.0005738979671150446,0.01173606887459755,0.010186107829213142,0.011653736233711243,passive,0
12.0006,rehab,small_slow,90.16481102551046,-666.6301815156537,252.2238237772658,-177.38939175192567,0.13296333750487357,-149.9837418744479,-29.6339,0.0355,32.2624,-23.5772,-0.0016,7.4525,85.29764080991839,30.798858793655246,86.41881055170947,-29.31868659125434,-89.11799960666232,-34.83435736762153,-2.7208362239422184,-2.503169597965656,-1.641816998472308,4.095272488064236,0.06785074869791667,-2.510553995768229,1.0909,0.807,1.4972,-0.00906,-0.0187,-0.01816,0.0008820138755254447,0.0009999937610700727,0.0009201358770951629,0.0005079067195765674,0.0005001365789212286,0.0005738979671150446,0.01173606887459755,0.010186107829213142,0.011653736233711243,passive,0
12.0206,rehab,small_slow,89.6917025263297,-666.6257876361445,252.7451742443015,-177.38835296345877,0.13226220254304005,-149.98379321447243,-30.3204,0.0277,32.605,-25.4763,-0.8595,9.2172,85.25614974522354,30.75878181079827,86.39262964229772,-29.252539740668404,-89.11675347222221,-34.87504747178819,-2.557584554842203,-2.3943328857421875,-1.6652037365601795,4.049648708767361,0.06785074869791667,-2.6462639702690973,1.1747,0.9108,1.7552,-0.0059,-0.01315,-0.01927,0.0008820138755254447,0.0009999937610700727,0.0009201358770951629,0.0005079067195765674,0.0005001365789212286,0.0005738979671150446,0.01173606887459755,0.010186107829213142,0.011653736233711243,passive,0
12.0406,rehab,small_slow,88.96947451287338,-666.6261952857171,253.506471835542,-177.38796738305234,0.1320183049148148,-149.98516508379308,-29.7186,0.0143,31.4561,-16.5923,-1.263,2.7396,85.1928695829788,30.700886037090036,86.35282459825572,-29.15358649359809,-89.11489698621962,-34.93583679199219,-2.61199951171875,-2.3943328857421875,-1.6150582190787437,4.12962171766493,0.06785074869791667,-2.4427032470703125,1.1311,0.7736,1.2989,-0.01702,-0.01839,-0.01947,0.0008820138755254447,0.0009999937610700727,0.0009201358770951629,0.0005079067195765674,0.0005001365789212286,0.0005738979671150446,0.01173606887459755,0.010186107829213142,0.011653736233711243,passive,0
12.061,rehab,small_slow,88.47924027518009,-666.6295332252564,254.0054704502353,-177.38851424513777,0.13239753595866216,-149.98682089317415,-30.1028,-0.0317,31.414,1.456,-1.2026,-10.8485,85.14994404103496,30.663249705097464,86.32584826781017,-29.08716837565104,-89.11367628309462,-34.97635735405816,-2.6664212670656715,-2.448754641089109,-1.7157911546159499,4.267637464735243,-0.0,-2.510553995768229,1.1747,0.6907,0.6061,-0.00924,-0.01786,-0.01654,0.0008820138755254447,0.0009999937610700727,0.0009201358770951629,0.0005079067195765674,0.0005001365789212286,0.0005738979671150446,0.01173606887459755,0.010186107829213142,0.011653736233711243,passive,0
12.0806,rehab,small_slow,87.76313942559884,-666.6321710935567,254.74271979438868,-177.39007523504063,0.1334295858387239,-149.98732755498352,-30.0533,-0.0815,31.1663,9.5446,-0.8808,-12.7643,85.08721455489055,30.60776738837214,86.2854517568456,-28.98769802517361,-89.11187913682726,-35.03746032714844,-2.557584554842203,-2.3943328857421875,-1.7365672800800587,4.111768934461805,0.06785074869791667,-2.510553995768229,1.0715,0.8264,1.2916,-0.01942,-0.03031,-0.02352,0.0008820138755254447,0.0009999937610700727,0.0009201358770951629,0.0005079067195765674,0.0005001365789212286,0.0005738979671150446,0.01173606887459755,0.010186107829213142,0.011653736233711243,passive,0
12.101,rehab,small_slow,87.16974830876396,-666.6328569616248,255.3622592941549,-177.3912258611109,0.1342121031176511,-149.98716184034313,-30.0454,-0.0986,31.2683,6.9384,-0.4734,-3.846,85.0352130549969,30.56125225407062,86.2514050172107,-28.904300265842014,-89.110353257921,-35.08868747287326,-2.557584554842203,-2.2310880151125465,-1.6914186383237932,4.16611565483941,0.13570149739583334,-2.4427032470703125,1.1243,0.8255,2.1734,-0.00722,-0.02936,-0.02175,0.0008820138755254447,0.0009999937610700727,0.0009201358770951629,0.0005079067195765674,0.0005001365789212286,0.0005738979671150446,0.01173606887459755,0.010186107829213142,0.011653736233711243,passive,0
12.1205,rehab,small_slow,86.6963538352682,-666.6320412052394,255.8568322006881,-177.39212765616168,0.134791472735891,-149.98731597269415,-30.2226,-0.0747,31.7809,-2.9038,0.0255,9.4476,84.99372199030206,30.52407141959313,86.22433350817992,-28.837831285264755,-89.10917494032118,-35.12927585177951,-2.61199951171875,-2.3399179288656407,-1.703451930886448,4.058939615885417,0.13570149739583334,-2.510553995768229,1.0462,0.7166,2.287,-0.01496,-0.02531,-0.02481,0.0008820138755254447,0.0009999937610700727,0.0009201358770951629,0.0005079067195765674,0.0005001365789212286,0.0005738979671150446,0.01173606887459755,0.010186107829213142,0.011653736233711243,passive,0
12.1405,rehab,small_slow,85.97792742737369,-666.6359548688139,256.61510587091385,-177.39187868057834,0.1346000608021471,-149.9877498577206,-28.8963,-0.0444,30.6899,-8.8684,0.685,14.5553,84.93078855004642,30.467841271126623,86.18228496891437,-28.73813205295139,-89.10734388563368,-35.190650092230904,-2.61199951171875,-2.3943328857421875,-1.71101182994276,4.179797702365451,0.13570149739583334,-2.6462639702690973,1.1021,0.7339,1.4394,0.00089,-0.03169,-0.01858,0.0008820138755254447,0.0009999937610700727,0.0009201358770951629,0.0005079067195765674,0.0005001365789212286,0.0005738979671150446,0.01173606887459755,0.010186107829213142,0.011653736233711243,passive,0
12.1614,rehab,small_slow,85.49662083851571,-666.6369934248455,257.1297806582145,-177.39109325182005,0.13404514494301978,-149.9877297004835,-29.6522,-0.0394,31.592,-11.4427,1.1565,11.725,84.88861083984375,30.429647464563352,86.15408491380144,-28.671527438693577,-89.10609775119357,-35.23209465874566,-2.6664212670656715,-2.503169597965656,-1.8150216282004177,4.238696628146701,0.06785074869791667,-2.510553995768229,0.9969,0.7828,1.7609,-0.00046,-0.01723,-0.0173,0.0008820138755254447,0.0009999937610700727,0.0009201358770951629,0.0005079067195765674,0.0005001365789212286,0.0005738979671150446,0.01173606887459755,0.010186107829213142,0.011653736233711243,passive,0
12.1805,rehab,small_slow,84.7732049648487,-666.6360361120843,257.9073849856658,-177.38937199913443,0.1328890788424957,-149.98776601419593,-30.6863,-0.0318,32.4959,-14.9129,1.1414,8.1731,84.82518790972115,30.371840070969988,86.11190040512841,-28.57184516059028,-89.10417344835069,-35.29435051812066,-2.6664212670656715,-2.448754641089109,-1.7405715791305694,4.110065036349826,-0.0,-2.714114718967014,1.0024,0.7107,1.5511,-0.00497,-0.02536,-0.02248,0.0008820138755254447,0.0009999937610700727,0.0009201358770951629,0.0005079067195765674,0.0005001365789212286,0.0005738979671150446,0.01173606887459755,0.010186107829213142,0.011653736233711243,passive,0
12.2005,rehab,small_slow,84.2881519000018,-666.6365407048891,258.4259534074403,-177.3880214742423,0.13198029642066988,-149.98781550863524,-30.9662,-0.0114,32.4538,-16.2136,0.8644,3.2143,84.78267027599976,30.333503496528852,86.08350999284498,-28.505562676323784,-89.10287645128038,-35.33606635199653,-2.6664212670656715,-2.2855029719890934,-1.793341306176516,4.153510199652778,0.13570149739583334,-2.6462639702690973,0.9997,0.7554,0.6748,-0.00954,-0.0201,-0.01595,0.0008820138755254447,0.0009999937610700727,0.0009201358770951629,0.0005079067195765674,0.0005001365789212286,0.0005738979671150446,0.01173606887459755,0.010186107829213142,0.011653736233711243,passive,0
12.2205,rehab,small_slow,83.5722225548923,-666.6361912661232,259.17354245532096,-177.38809005691806,0.13204003499816067,-149.98656501613743,-31.3972,0.0241,32.5454,-16.6051,0.6758,1.3976,84.7198999990331,30.27825912626663,86.04161781839805,-28.406550089518227,-89.10096062554253,-35.398966471354164,-2.61199951171875,-2.2855029719890934,-1.7861281291092976,4.18426513671875,0.06785074869791667,-2.6462639702690973,1.0185,0.6717,1.1345,-0.01326,-0.02609,-0.01617,0.0008820138755254447,0.0009999937610700727,0.0009201358770951629,0.0005079067195765674,0.0005001365789212286,0.0005738979671150446,0.01173606887459755,0.010186107829213142,0.011653736233711243,passive,0
12.2408,rehab,small_slow,83.09566668146613,-666.6388435013282,259.65834904108857,-177.38912298893086,0.13278358295298598,-149.98561032928797,-31.1212,0.0383,31.8862,-5.4886,0.5501,-8.4289,84.67813699552329,30.24283229714573,86.01332938317024,-28.340369330512154,-89.0996805826823,-35.44093661838107,-2.557584554842203,-2.2855029719890934,-1.771259874400526,4.0941619873046875,0.13570149739583334,-2.510553995768229,0.9024,0.6717,1.4285,-0.02301,-0.01697,-0.02451,0.0008820138755254447,0.0009999937610700727,0.0009201358770951629,0.0005079067195765674,0.0005001365789212286,0.0005738979671150446,0.01173606887459755,0.010186107829213142,0.011653736233711243,passive,0
12.2608,rehab,small_slow,82.2621413841094,-666.6357086219142,260.5013522288482,-177.39172691990967,0.13464867669123765,-149.9841508939276,-31.1524,0.0274,31.586,11.6389,0.1367,-22.5672,84.60502624511719,30.180537913105276,85.96494466951577,-28.224402533637154,-89.09745110405815,-35.51419576009115,-2.61199951171875,-2.2855029719890934,-1.7613409061243037,4.03792487250434,0.06785074869791667,-2.714114718967014,0.8102,0.6509,1.5741,-0.02408,-0.02711,-0.01772,0.0008820138755254447,0.0009999937610700727,0.0009201358770951629,0.0005079067195765674,0.0005001365789212286,0.0005738979671150446,0.01173606887459755,0.010186107829213142,0.011653736233711243,passive,0
12.2808,rehab,small_slow,81.76718552081039,-666.6342773083753,260.9916793215707,-177.39249693005755,0.13522799037051572,-149.9847560424337,-31.0997,0.0314,31.3682,18.5745,-0.5814,-26.9767,84.56162481024714,30.144261275187578,85.93722730579942,-28.15824720594618,-89.09615410698784,-35.55624220106337,-2.61199951171875,-2.2855029719890934,-1.7390963110593285,4.211688571506076,0.13570149739583334,-2.5784132215711804,0.8317,0.6365,1.3138,-0.01179,-0.02326,-0.01749,0.0008820138755254447,0.0009999937610700727,0.0009201358770951629,0.0005079067195765674,0.0005001365789212286,0.0005738979671150446,0.01173606887459755,0.010186107829213142,0.011653736233711243,passive,0
12.3006,rehab,small_slow,81.01589581027548,-666.6330662630713,261.7606479456334,-177.39054935691863,0.1338654659407269,-149.9858112931354,-30.8677,0.0278,31.1457,20.2009,-1.1592,-28.211,84.49576122926013,30.087731994024598,85.8946416873743,-28.0596923828125,-89.09420437282986,-35.61993069118923,-2.7752511808187657,-2.2310880151125465,-1.7116236922764543,4.098375108506945,0.06785074869791667,-2.6462639702690973,0.9198,0.7981,2.0597,0.00032,-0.02189,-0.01679,0.0008820138755254447,0.0009999937610700727,0.0009201358770951629,0.0005079067195765674,0.0005001365789212286,0.0005738979671150446,0.01173606887459755,0.010186107829213142,0.011653736233711243,passive,0
12.3205,rehab,small_slow,80.50360640938086,-666.6335007874218,262.2734743272214,-177.38912835546915,0.13285232172394637,-149.98774089810126,-30.2667,0.011,30.534,16.4136,-1.2135,-24.7859,84.4508709293781,30.050143251324645,85.86612890262415,-27.994130452473957,-89.09292432996962,-35.662146674262154,-2.7208362239422184,-2.3943328857421875,-1.825640838925201,4.08432854546441,0.06785074869791667,-2.6462639702690973,0.9828,0.7146,1.5558,-0.01756,-0.02721,-0.01816,0.0008820138755254447,0.0009999937610700727,0.0009201358770951629,0.0005079067195765674,0.0005001365789212286,0.0005738979671150446,0.01173606887459755,0.010186107829213142,0.011653736233711243,passive,0
12.3405,rehab,small_slow,80.00207115871356,-666.6349240222088,262.778948241056,-177.3882166238754,0.13211990086624886,-149.9885094438543,-29.4808,-0.0294,29.5992,3.9071,-0.7452,-12.5957,84.40693241534846,30.013431511302986,85.83725579894416,-27.92850070529514,-89.09170362684462,-35.70457458496094,-2.938502849918781,-2.3399179288656407,-1.734378172619508,4.064754909939236,0.06785074869791667,-2.6462639702690973,0.9067,0.655,1.1181,-0.01638,-0.01997,-0.01434,0.0008820138755254447,0.0009999937610700727,0.0009201358770951629,0.0005079067195765674,0.0005001365789212286,0.0005738979671150446,0.01173606887459755,0.010186107829213142,0.011653736233711243,passive,0
12.3607,rehab,small_slow,79.26065998328737,-666.6347542449607,263.52532223810016,-177.38780671022695,0.1317680441812761,-149.98829116916804,-29.3357,-0.0749,29.1462,-8.0782,-0.0923,-0.6046,84.34193903856938,29.959240903948793,85.79415349677058,-27.829911973741318,-89.08980475531683,-35.76866997612847,-2.7208362239422184,-2.2310880151125465,-1.8238800350982363,4.112294514973958,-0.0,-2.714114718967014,0.8608,0.6263,1.2446,-0.01652,-0.01319,-0.01838,0.0008820138755254447,0.0009999937610700727,0.0009201358770951629,0.0005079067195765674,0.0005001365789212286,0.0005738979671150446,0.01173606887459755,0.010186107829213142,0.011653736233711243,passive,0
12.3809,rehab,small_slow,78.77972941911446,-666.6348855447042,264.01155268494625,-177.38817281687236,0.13202172723385772,-149.98702952111617,-29.9201,-0.0756,29.3557,-16.3219,0.7295,8.8597,84.2997681268371,29.92420158763923,85.76534157932394,-27.764392428927952,-89.08851623535156,-35.811360677083336,-2.61199951171875,-2.176666259765625,-1.7605522835608756,4.138734605577257,0.13570149739583334,-2.6462639702690973,0.8781,0.4669,0.6166,-0.0305,-0.01533,-0.01765,0.0008820138755254447,0.0009999937610700727,0.0009201358770951629,0.0005079067195765674,0.0005001365789212286,0.0005738979671150446,0.01173606887459755,0.010186107829213142,0.011653736233711243,passive,0
12.4006,rehab,small_slow,78.05332309473377,-666.638079120825,264.7247851294552,-177.3894452383706,0.13301141745244677,-149.98613699796275,-30.3428,-0.0368,29.5947,-21.5585,1.5164,17.0145,84.23609365331065,29.87314507512763,85.72216449397625,-27.666727701822914,-89.08653259277344,-35.87482028537326,-2.7752511808187657,-2.067836346012531,-1.8080803899481745,4.107420179578993,0.06785074869791667,-2.781973944769965,0.7431,0.6173,1.3931,-0.02238,-0.01545,-0.02239,0.0008820138755254447,0.0009999937610700727,0.0009201358770951629,0.0005079067195765674,0.0005001365789212286,0.0005738979671150446,0.01173606887459755,0.010186107829213142,0.011653736233711243,passive,0
12.4209,rehab,small_slow,77.56229025393887,-666.6385357585722,265.1867994508087,-177.39134468247323,0.13443002053312458,-149.98591707948842,-31.5117,0.0261,30.8051,-20.8566,1.9039,20.1166,84.19303894042969,29.839825771822788,85.69410720674118,-27.601759168836804,-89.08520168728299,-35.9173583984375,-2.6664212670656715,-2.176666259765625,-1.7847684350344213,4.061474270290798,0.06785074869791667,-2.6462639702690973,0.8676,0.5806,1.8661,-0.01505,-0.01866,-0.02358,0.0008820138755254447,0.0009999937610700727,0.0009201358770951629,0.0005079067195765674,0.0005001365789212286,0.0005738979671150446,0.01173606887459755,0.010186107829213142,0.011653736233711243,passive,0
12.4407,rehab,small_slow,76.81840057428671,-666.6408556693171,265.90194175325485,-177.39222247559644,0.1350668250030938,-149.98578190819063,-32.2736,0.0772,31.6551,-12.0773,1.6865,13.7856,84.12784160953937,29.78864008837407,85.65102529997873,-27.50456068250868,-89.083251953125,-35.98158942328559,-2.7208362239422184,-2.067836346012531,-1.7768346201075185,4.1174570719401045,0.13570149739583334,-2.781973944769965,0.8986,0.5918,1.2697,-0.00223,-0.02873,-0.01607,0.0008820138755254447,0.0009999937610700727,0.0009201358770951629,0.0005079067195765674,0.0005001365789212286,0.0005738979671150446,0.01173606887459755,0.010186107829213142,0.011653736233711243,passive,0
12.4606,rehab,small_slow,76.31456696158644,-666.6377713000362,266.38809576505275,-177.3923878216745,0.1351599544174246,-149.98656955683813,-31.4877,0.11,31.0355,-1.0653,0.724,2.1948,84.08365155210589,29.753376422542157,85.62273686475093,-27.439592149522568,-89.0819803873698,-36.024254692925346,-2.7208362239422184,-2.176666259765625,-1.7400752907932395,4.044019911024305,0.06785074869791667,-2.714114718967014,0.779,0.685,1.5975,-0.01646,-0.02283,-0.01922,0.0008820138755254447,0.0009999937610700727,0.0009201358770951629,0.0005079067195765674,0.0005001365789212286,0.0005738979671150446,0.01173606887459755,0.010186107829213142,0.011653736233711243,passive,0
12.481,rehab,small_slow,75.5770532061381,-666.6321110646902,267.1285028664648,-177.39132097092457,0.13439799351412038,-149.9861710004951,-31.3266,0.1234,30.9307,6.9352,-0.6319,-9.7873,84.01893691261216,29.700022027044014,85.57968895034034,-27.34265645345052,-89.08003065321181,-36.088265313042534,-2.7208362239422184,-2.2855029719890934,-1.8121526737024287,4.0199025472005205,0.06785074869791667,-2.714114718967014,0.8382,0.4355,0.9965,-0.02719,-0.01692,-0.02132,0.0008820138755254447,0.0009999937610700727,0.0009201358770951629,0.0005079067195765674,0.0005001365789212286,0.0005738979671150446,0.01173606887459755,0.010186107829213142,0.011653736233711243,passive,0
12.5007,rehab,small_slow,74.96645988579031,-666.6276917788108,267.7510494786681,-177.38972433661013,0.13317650225235553,-149.98501676171017,-31.0334,0.0849,30.5345,16.9568,-1.5265,-24.2518,83.96536496606204,29.65543765832882,85.54338511854115,-27.262225680881077,-89.07844543457031,-36.14207797580295,-2.557584554842203,-2.3399179288656407,-1.8227718844272123,3.999337090386285,0.06785074869791667,-2.714114718967014,0.933,0.5559,1.0379,-0.01024,-0.02811,-0.02017,0.0008820138755254447,0.0009999937610700727,0.0009201358770951629,0.0005079067195765674,0.0005001365789212286,0.0005738979671150446,0.01173606887459755,0.010186107829213142,0.011653736233711243,passive,0
12.5211,rehab,small_slow,74.23658960282191,-666.6262680068024,268.4779948043184,-177.38902873825668,0.13266217374228773,-149.98328998900539,-30.6932,0.0258,29.9244,20.7626,-1.7172,-31.217,83.90135056901686,29.603959640654008,85.49948059686339,-27.165840996636284,-89.0764872233073,-36.206724378797745,-2.7208362239422184,-2.067836346012531,-1.7761955638923268,3.9832221137152777,0.06785074869791667,-2.510553995768229,0.8533,0.5691,0.7929,-0.0159,-0.02081,-0.01729,0.0008820138755254447,0.0009999937610700727,0.0009201358770951629,0.0005079067195765674,0.0005001365789212286,0.0005738979671150446,0.01173606887459755,0.010186107829213142,0.011653736233711243,passive,0
12.5409,rehab,small_slow,73.74051005879134,-666.6276115281703,268.95264403447425,-177.38915522501236,0.1327726210457307,-149.98324424792895,-30.5653,-0.0233,29.4395,8.0651,-1.2691,-19.8434,83.85786755250231,29.57055875570467,85.47019958496094,-27.101754082573784,-89.0751732720269,-36.24952528211806,-2.7208362239422184,-2.067836346012531,-1.8096848289565284,3.9881727430555554,0.06785074869791667,-2.5784132215711804,0.6164,0.4705,0.8511,-0.02849,-0.01139,-0.01401,0.0008820138755254447,0.0009999937610700727,0.0009201358770951629,0.0005079067195765674,0.0005001365789212286,0.0005738979671150446,0.01173606887459755,0.010186107829213142,0.011653736233711243,passive,0
12.5612,rehab,small_slow,73.24136765554428,-666.6303255497829,269.4181823489771,-177.38998655479966,0.13337380378197128,-149.98333178610443,-30.7921,-0.0686,29.2928,-8.1222,-0.3886,-3.6903,83.81413299258392,29.53798728414101,85.44085058835473,-27.037565443250866,-89.07387627495659,-36.29244486490885,-2.8296661376953125,-2.122251302889078,-1.8578927823812654,4.101003011067708,0.06785074869791667,-2.6462639702690973,0.8599,0.5753,1.694,-0.02576,-0.02472,-0.01856,0.0008820138755254447,0.0009999937610700727,0.0009201358770951629,0.0005079067195765674,0.0005001365789212286,0.0005738979671150446,0.01173606887459755,0.010186107829213142,0.011653736233711243,passive,0
12.5805,rehab,small_slow,72.47895414323068,-666.6340581759764,270.1191580009522,-177.3906192999448,0.13387387101978926,-149.98443515134753,-30.3454,-0.0557,28.6818,-18.0878,0.4677,6.9534,83.74733122268526,29.488875134156483,85.39706164067334,-26.941986083984375,-89.07188415527344,-36.357057359483505,-2.7752511808187657,-2.0134145906656093,-1.8310524213432084,3.9294009738498263,0.06785074869791667,-2.714114718967014,0.786,0.5342,1.2396,-0.0043,-0.02324,-0.0168,0.0008820138755254447,0.0009999937610700727,0.0009201358770951629,0.0005079067195765674,0.0005001365789212286,0.0005738979671150446,0.01173606887459755,0.010186107829213142,0.011653736233711243,passive,0
12.6008,rehab,small_slow,71.96807546799405,-666.6362573404688,270.60316514457077,-177.38966331714215,0.13314590788463818,-149.98556449192927,-30.1097,-0.0027,28.404,-23.3566,0.9167,12.715,83.7025768922107,29.455093534866183,85.36729113890392,-26.87839084201389,-89.07060411241319,-36.39995998806423,-2.884087893042234,-2.122251302889078,-1.8530930622969524,4.034966362847222,0.06785074869791667,-2.781973944769965,0.6515,0.4904,1.1404,-0.02685,-0.02952,-0.01586,0.0008820138755254447,0.0009999937610700727,0.0009201358770951629,0.0005079067195765674,0.0005001365789212286,0.0005738979671150446,0.01173606887459755,0.010186107829213142,0.011653736233711243,passive,0
12.6209,rehab,small_slow,71.21364555583314,-666.6323255149613,271.3229160938673,-177.38862753293523,0.1324166569291115,-149.98629236459678,-31.6381,0.0397,29.8022,-21.7519,0.6709,10.632,83.63640058158647,29.404281767288058,85.32378772697827,-26.783472696940102,-89.06862046983507,-36.46432664659288,-2.8296661376953125,-2.176666259765625,-1.8579811624961324,3.915583292643229,0.06785074869791667,-2.714114718967014,0.6596,0.5455,1.3911,-0.02391,-0.02227,-0.02044,0.0008820138755254447,0.0009999937610700727,0.0009201358770951629,0.0005079067195765674,0.0005001365789212286,0.0005738979671150446,0.01173606887459755,0.010186107829213142,0.011653736233711243,passive,0
12.6409,rehab,small_slow,70.71712358789692,-666.6307439198762,271.80290326677675,-177.38781925475817,0.13179527557595588,-149.98582437595385,-32.7962,0.0631,30.7477,-14.2958,0.0047,2.2809,83.59285637883856,29.370731315990486,85.2942959624942,-26.720191107855904,-89.06732347276476,-36.50761922200521,-2.884087893042234,-2.0134145906656093,-1.761810000580136,3.9533318413628473,0.13570149739583334,-2.6462639702690973,0.7464,0.5965,0.3619,-0.00777,-0.01929,-0.0122,0.0008820138755254447,0.0009999937610700727,0.0009201358770951629,0.0005079067195765674,0.0005001365789212286,0.0005738979671150446,0.01173606887459755,0.010186107829213142,0.011653736233711243,passive,0
12.6608,rehab,small_slow,69.9699059730602,-666.6286235173555,272.5126799340919,-177.38689364526994,0.13111322633876288,-149.9852719339937,-32.9745,0.0494,30.5827,-5.5761,-0.8316,-7.2309,83.5273259228999,29.32120445931312,85.25041863469794,-26.62604437934028,-89.06533983018663,-36.572630140516495,-2.6664212670656715,-1.9045846769125154,-1.78670599909112,3.845536973741319,0.06785074869791667,-2.714114718967014,0.7711,0.4455,0.2615,-0.00328,-0.0267,-0.01224,0.0008820138755254447,0.0009999937610700727,0.0009201358770951629,0.0005079067195765674,0.0005001365789212286,0.0005738979671150446,0.01173606887459755,0.010186107829213142,0.011653736233711243,passive,0
12.6808,rehab,small_slow,69.47027335698463,-666.625887706373,272.97149117265,-177.3873091065051,0.13143839279670197,-149.9854869006568,-32.4579,-0.0021,29.6909,6.1685,-1.4597,-18.2288,83.48349618439627,29.28905449291267,85.22181067136255,-26.56350877549913,-89.06401740180121,-36.61553276909722,-2.7752511808187657,-2.0134145906656093,-1.7945854262550278,3.9611053466796875,0.06785074869791667,-2.714114718967014,0.7352,0.5136,0.9086,-0.01977,-0.02175,-0.01443,0.0008820138755254447,0.0009999937610700727,0.0009201358770951629,0.0005079067195765674,0.0005001365789212286,0.0005738979671150446,0.01173606887459755,0.010186107829213142,0.011653736233711243,passive,0
12.7006,rehab,small_slow,68.59594010351692,-666.6286406677963,273.75538642563225,-177.38885625156396,0.13256638736202853,-149.98549893731783,-31.765,-0.0617,28.7175,23.4583,-1.2872,-32.0016,83.406877423277,29.235129025903078,85.17091052366955,-26.454569498697914,-89.06173706054688,-36.69090270996094,-2.7752511808187657,-1.9045846769125154,-1.7732586246905941,3.772023518880208,0.13570149739583334,-2.714114718967014,0.8208,0.5486,1.6626,-0.00273,-0.02087,-0.01689,0.0008820138755254447,0.0009999937610700727,0.0009201358770951629,0.0005079067195765674,0.0005001365789212286,0.0005738979671150446,0.01173606887459755,0.010186107829213142,0.011653736233711243,passive,0
12.7208,rehab,small_slow,68.09189142463372,-666.6312866042945,274.1964652211414,-177.39008588499954,0.13346653804793202,-149.98571789354844,-31.1509,-0.0959,27.9842,31.5257,-0.4587,-35.3054,83.36272135819539,29.2049506159112,85.1418402643487,-26.392534044053818,-89.06043158637152,-36.73413594563802,-2.7208362239422184,-1.9045846769125154,-1.7916892778755416,3.8548956976996527,0.06785074869791667,-2.781973944769965,0.644,0.612,1.3499,-0.01345,-0.01778,-0.0099,0.0008820138755254447,0.0009999937610700727,0.0009201358770951629,0.0005079067195765674,0.0005001365789212286,0.0005738979671150446,0.01173606887459755,0.010186107829213142,0.011653736233711243,passive,0
12.7407,rehab,small_slow,67.347107910667,-666.633670380264,274.8616629817856,-177.39133781029557,0.13434488785173843,-149.98548395365682,-30.6035,-0.0878,27.4352,25.8796,0.5437,-26.0312,83.2974628410717,29.15954363228071,85.0981328983118,-26.300006442599827,-89.05851576063368,-36.79857889811198,-2.6664212670656715,-1.9045846769125154,-1.798385771194307,3.7625885009765625,0.13570149739583334,-2.714114718967014,0.7703,0.4535,1.4478,-0.01512,-0.01514,-0.01368,0.0008820138755254447,0.0009999937610700727,0.0009201358770951629,0.0005079067195765674,0.0005001365789212286,0.0005738979671150446,0.01173606887459755,0.010186107829213142,0.011653736233711243,passive,0
12.761,rehab,small_slow,66.8493670470741,-666.6373099562203,275.30770501938395,-177.39160005754857,0.13458757591665166,-149.98550735662312,-30.4086,-0.0579,27.3409,12.8307,1.4962,-12.159,83.2538642505608,29.1294264085222,85.0685459552425,-26.23869154188368,-89.05717637803819,-36.8414560953776,-2.6664212670656715,-1.9045846769125154,-1.8445473850363552,3.89237297905816,0.06785074869791667,-2.714114718967014,0.5526,0.3382,1.3072,-0.02427,-0.02135,-0.01075,0.0008820138755254447,0.0009999937610700727,0.0009201358770951629,0.0005079067195765674,0.0005001365789212286,0.0005738979671150446,0.01173606887459755,0.010186107829213142,0.011653736233711243,passive,0
12.7806,rehab,small_slow,66.35442638670956,-666.6368547792728,275.764766607128,-177.39090637577868,0.13404678715745802,-149.98500299362715,-30.0892,0.0004,27.1373,-5.3832,1.8402,2.9798,83.2104764126315,29.09820783256304,85.03928533875116,-26.177825927734375,-89.05587938096788,-36.884655422634545,-2.7208362239422184,-1.9045846769125154,-1.869083064617497,3.8465457492404513,0.06785074869791667,-2.714114718967014,0.6323,0.4921,1.0623,-0.01432,-0.02731,-0.01253,0.0008820138755254447,0.0009999937610700727,0.0009201358770951629,0.0005079067195765674,0.0005001365789212286,0.0005738979671150446,0.01173606887459755,0.010186107829213142,0.011653736233711243,passive,0
12.8008,rehab,small_slow,65.60564780721357,-666.6353920734484,276.448512371042,-177.38992699235226,0.13336003602229776,-149.98486670047757,-30.0558,0.0634,27.1053,-20.1065,1.3756,12.4263,83.1448235842261,29.05150234109104,84.9954895925994,-26.086620754665798,-89.05387030707465,-36.949403550889755,-2.7752511808187657,-2.0134145906656093,-1.7542704969349474,3.7685733371310763,0.06785074869791667,-2.714114718967014,0.7064,0.3982,1.8166,-0.00458,-0.0177,-0.01347,0.0008820138755254447,0.0009999937610700727,0.0009201358770951629,0.0005079067195765674,0.0005001365789212286,0.0005738979671150446,0.01173606887459755,0.010186107829213142,0.011653736233711243,passive,0
12.8204,rehab,small_slow,65.09958998710025,-666.6337820876819,276.9007922367147,-177.38956776354834,0.1330476946076729,-149.9858875600153,-30.8226,0.0775,27.6324,-24.9813,0.3406,12.7751,83.10046356503327,29.020555703946858,84.96650091492303,-26.025907728407116,-89.05260721842448,-36.99205186631944,-2.8296661376953125,-1.9045846769125154,-1.8212014377707302,3.7903594970703125,0.06785074869791667,-2.714114718967014,0.7954,0.4894,1.3717,0.0031,-0.02336,-0.01225,0.0008820138755254447,0.0009999937610700727,0.0009201358770951629,0.0005079067195765674,0.0005001365789212286,0.0005738979671150446,0.01173606887459755,0.010186107829213142,0.011653736233711243,passive,0
12.8405,rehab,small_slow,64.33492146460289,-666.6303819436357,277.5788187926121,-177.388680490575,0.13246971314994468,-149.9879883127695,-31.1609,0.0717,27.5991,-22.1215,-0.8242,7.1397,83.03341025173074,28.97411535281946,84.92326264334197,-25.935406155056423,-89.05058966742621,-37.05596923828125,-2.884087893042234,-1.795747964689047,-1.7913561528271968,3.7341986762152777,0.06785074869791667,-2.714114718967014,0.6434,0.3227,1.419,-0.01944,-0.02175,-0.01933,0.0008820138755254447,0.0009999937610700727,0.0009201358770951629,0.0005079067195765674,0.0005001365789212286,0.0005738979671150446,0.01173606887459755,0.010186107829213142,0.011653736233711243,passive,0
12.861,rehab,small_slow,63.82886574071034,-666.630093244468,278.0251650725211,-177.38810555158375,0.13199987687418857,-149.9884887350147,-32.5276,0.0378,28.4528,-16.8119,-1.7158,0.9139,82.98906382947865,28.943882555064587,84.89426036872486,-25.87564256456163,-89.04930114746094,-37.09913465711806,-2.7208362239422184,-1.9045846769125154,-1.8472667731861077,3.74373541937934,0.06785074869791667,-2.6462639702690973,0.7062,0.3718,0.9359,-0.02171,-0.01574,-0.01427,0.0008820138755254447,0.0009999937610700727,0.0009201358770951629,0.0005079067195765674,0.0005001365789212286,0.0005738979671150446,0.01173606887459755,0.010186107829213142,0.011653736233711243,passive,0
12.8807,rehab,small_slow,63.08173452907019,-666.6281931240247,278.67260191910657,-177.38877220521232,0.13252476420423767,-149.98856369765434,-32.975,-0.0228,28.5316,-8.4808,-1.9498,-4.8335,82.92356056742149,28.9000664135017,84.85142320689589,-25.786243014865452,-89.04731750488281,-37.163543701171875,-2.7752511808187657,-1.795747964689047,-1.8104938469310798,3.8726213243272567,0.13570149739583334,-2.714114718967014,0.6051,0.2988,0.4443,-0.01653,-0.02022,-0.01313,0.0008820138755254447,0.0009999937610700727,0.0009201358770951629,0.0005079067195765674,0.0005001365789212286,0.0005738979671150446,0.01173606887459755,0.010186107829213142,0.011653736233711243,passive,0
12.9009,rehab,small_slow,62.590886826198854,-666.6307684212737,279.1009579932908,-177.3891374894613,0.13279766977708374,-149.9879449167957,-32.169,-0.0766,27.6327,7.8035,-1.2458,-14.27,82.8805670407739,28.871709993570157,84.8220946057008,-25.726835462782116,-89.04601203070746,-37.206480238172745,-2.61199951171875,-1.795747964689047,-1.7519998078299042,3.7154388427734375,0.13570149739583334,-2.714114718967014,0.6425,0.2623,1.0173,-0.01668,-0.03192,-0.01882,0.0008820138755254447,0.0009999937610700727,0.0009201358770951629,0.0005079067195765674,0.0005001365789212286,0.0005738979671150446,0.01173606887459755,0.010186107829213142,0.011653736233711243,passive,0
12.9209,rehab,small_slow,61.72670886676012,-666.6339505550669,279.8345067379683,-177.39079737992475,0.13403818580545274,-149.98719231514664,-31.5933,-0.1056,27.0285,23.5457,-0.0621,-21.9132,82.80486607315517,28.82308053498221,84.77151398611541,-25.62333001030816,-89.04373168945312,-37.28175693088107,-2.7208362239422184,-1.7413330078125,-1.8168164243792544,3.7151930067274304,0.06785074869791667,-2.6462639702690973,0.5319,0.2669,0.7207,-0.00733,-0.02158,-0.01046,0.0008820138755254447,0.0009999937610700727,0.0009201358770951629,0.0005079067195765674,0.0005001365789212286,0.0005738979671150446,0.01173606887459755,0.010186107829213142,0.011653736233711243,passive,0
12.9411,rehab,small_slow,61.22751831420612,-666.6339594385829,280.2609835858053,-177.39108286915942,0.1342933250028116,-149.98729759882548,-31.1335,-0.0882,26.6132,36.935,1.2094,-28.4799,82.76111791629603,28.794656130346922,84.74267487478728,-25.56441413031684,-89.04239230685764,-37.324727376302086,-2.8296661376953125,-1.7413330078125,-1.7627413910214262,3.7423282199435763,0.13570149739583334,-2.714114718967014,0.6153,0.31,0.4488,-0.00666,-0.02493,-0.01595,0.0008820138755254447,0.0009999937610700727,0.0009201358770951629,0.0005079067195765674,0.0005001365789212286,0.0005738979671150446,0.01173606887459755,0.010186107829213142,0.011653736233711243,passive,0
12.9609,rehab,small_slow,60.47335044308992,-666.6383606826425,280.9091136645212,-177.39011130220143,0.13355195261741337,-149.98820740099842,-30.9006,-0.0445,26.535,39.4938,2.2024,-29.2588,82.69509117202003,28.752056914981047,84.69855960052793,-25.47702365451389,-89.04044257269965,-37.38884819878472,-2.7752511808187657,-1.7413330078125,-1.7993579524578434,3.651758829752604,0.06785074869791667,-2.5784132215711804,0.5185,0.2855,1.2283,-0.01983,-0.02406,-0.01231,0.0008820138755254447,0.0009999937610700727,0.0009201358770951629,0.0005079067195765674,0.0005001365789212286,0.0005738979671150446,0.01173606887459755,0.010186107829213142,0.011653736233711243,passive,0
12.9806,rehab,small_slow,59.97165745897844,-666.6392409063517,281.3347994617519,-177.38991065312678,0.13339654354159974,-149.9886048228644,-30.02,0.0284,25.9816,21.1603,2.3479,-16.0774,82.65114585952003,28.723931643042235,84.66962531061456,-25.418947007921005,-89.03913709852431,-37.43173387315538,-2.61199951171875,-1.6325030940594059,-1.8233293589979116,3.724695841471354,0.06785074869791667,-2.714114718967014,0.3869,0.3079,1.111,-0.02237,-0.0283,-0.01264,0.0008820138755254447,0.0009999937610700727,0.0009201358770951629,0.0005079067195765674,0.0005001365789212286,0.0005738979671150446,0.01173606887459755,0.010186107829213142,0.011653736233711243,passive,0
13.0007,rehab,small_slow,59.47980650942025,-666.6379369603352,281.7598248707143,-177.3895489902383,0.1331365411874573,-149.98791347759735,-29.1113,0.0984,25.339,-1.3305,1.5399,-2.4916,82.6080299604057,28.695751983340422,84.64096975798654,-25.36127726236979,-89.03780619303386,-37.47488233778212,-2.7208362239422184,-1.7413330078125,-1.7598724365234375,3.5706498887803817,0.06785074869791667,-2.714114718967014,0.384,0.3161,1.1506,-0.03405,-0.0257,-0.01403,0.0008820138755254447,0.0009999937610700727,0.0009201358770951629,0.0005079067195765674,0.0005001365789212286,0.0005738979671150446,0.01173606887459755,0.010186107829213142,0.011653736233711243,passive,0
13.0207,rehab,small_slow,58.759466791473784,-666.6338132534601,282.38808134248046,-177.38959519472547,0.1331519205191694,-149.98597204272744,-29.0106,0.12,25.184,-14.8131,0.0982,1.931,82.54485857368695,28.654145344649212,84.59828896097618,-25.275039672851562,-89.0358649359809,-37.53901163736979,-2.557584554842203,-1.7413330078125,-1.7582272066928373,3.5459645589192705,0.06785074869791667,-2.5784132215711804,0.6062,0.3028,1.0471,-0.00427,-0.03117,-0.01553,0.0008820138755254447,0.0009999937610700727,0.0009201358770951629,0.0005079067195765674,0.0005001365789212286,0.0005738979671150446,0.01173606887459755,0.010186107829213142,0.011653736233711243,passive,0
13.0406,rehab,small_slow,58.27966519136152,-666.6298800438079,282.81122192470826,-177.38916587316666,0.1328156982859978,-149.98472537469058,-29.297,0.114,25.0748,-23.1043,-1.419,2.6608,82.50276924359916,28.62608805741414,84.56982376551863,-25.217793782552082,-89.03456793891058,-37.58169386121962,-2.503169597965656,-1.686918050935953,-1.7209715890412283,3.492160373263889,0.06785074869791667,-2.6462639702690973,0.6415,0.3924,0.9431,-0.00261,-0.02406,-0.00817,0.0008820138755254447,0.0009999937610700727,0.0009201358770951629,0.0005079067195765674,0.0005001365789212286,0.0005738979671150446,0.01173606887459755,0.010186107829213142,0.011653736233711243,passive,0
13.0611,rehab,small_slow,57.550740589253664,-666.627780288217,283.4435643934923,-177.38807369294327,0.13198697412982988,-149.9835159664579,-30.8655,0.0532,25.8407,-28.2411,-2.6247,2.8086,82.43887721902072,28.584617388130415,84.52675545569694,-25.13271755642361,-89.03260125054253,-37.64582316080729,-2.6664212670656715,-1.686918050935953,-1.7874878231841738,3.5350460476345487,0.06785074869791667,-2.6462639702690973,0.4174,0.2814,1.4744,-0.01993,-0.02708,-0.01297,0.0008820138755254447,0.0009999937610700727,0.0009201358770951629,0.0005079067195765674,0.0005001365789212286,0.0005738979671150446,0.01173606887459755,0.010186107829213142,0.011653736233711243,passive,0
13.0806,rehab,small_slow,57.05992316553734,-666.6249837934606,283.8541531718152,-177.3881075745926,0.13197730467163396,-149.98313296896063,-32.5326,-0.037,26.7361,-26.8108,-2.9555,2.136,82.39584970002127,28.55753228215888,84.49871176540262,-25.0762939453125,-89.0313212076823,-37.688590155707466,-2.6664212670656715,-1.5780813387124846,-1.7648013275448637,3.51975335015191,0.06785074869791667,-2.714114718967014,0.548,0.3815,1.0499,-0.02039,-0.02912,-0.01604,0.0008820138755254447,0.0009999937610700727,0.0009201358770951629,0.0005079067195765674,0.0005001365789212286,0.0005738979671150446,0.01173606887459755,0.010186107829213142,0.011653736233711243,passive,0
13.1005,rehab,small_slow,56.31572536935325,-666.6294383247381,284.4494632217949,-177.38887396500374,0.13260575275337746,-149.98409976368168,-32.2439,-0.1119,26.0463,-14.7822,-2.1224,-2.3231,82.33071355536433,28.519256893951113,84.45609215462562,-24.992523193359375,-89.02936299641927,-37.751803927951386,-2.7752511808187657,-1.5236663818359375,-1.7626326154954362,3.4842936197916665,-0.0,-2.714114718967014,0.5312,0.5119,0.7975,-0.00568,-0.02089,-0.00994,0.0008820138755254447,0.0009999937610700727,0.0009201358770951629,0.0005079067195765674,0.0005001365789212286,0.0005738979671150446,0.01173606887459755,0.010186107829213142,0.011653736233711243,passive,0
13.1209,rehab,small_slow,55.81520365565305,-666.632154836668,284.83624153408806,-177.3901364373231,0.13356815659044113,-149.98497542852402,-31.6762,-0.1536,25.3318,5.5752,-0.57,-11.4694,82.28691101074219,28.494401686262375,84.42803486739055,-24.93676079644097,-89.02808295355902,-37.79409620496962,-2.7752511808187657,-1.4692514249593904,-1.801635440033261,3.44344245062934,0.06785074869791667,-2.714114718967014,0.5266,0.3507,1.2163,-0.01603,-0.02788,-0.01257,0.0008820138755254447,0.0009999937610700727,0.0009201358770951629,0.0005079067195765674,0.0005001365789212286,0.0005738979671150446,0.01173606887459755,0.010186107829213142,0.011653736233711243,passive,0
13.1409,rehab,small_slow,54.945622552961034,-666.6378349820834,285.52047479974686,-177.39127920652425,0.13444928816021598,-149.98586955978666,-31.3889,-0.1412,25.0638,26.3897,1.2657,-21.6061,82.21082253031211,28.45077590186997,84.37836524283532,-24.839808146158852,-89.0258280436198,-37.86818610297309,-2.8296661376953125,-1.5236663818359375,-1.7557729588876856,3.3394283718532987,0.06785074869791667,-2.6462639702690973,0.5131,0.2968,1.0269,-0.00502,-0.0294,-0.00955,0.0008820138755254447,0.0009999937610700727,0.0009201358770951629,0.0005079067195765674,0.0005001365789212286,0.0005738979671150446,0.01173606887459755,0.010186107829213142,0.011653736233711243,passive,0
13.1609,rehab,small_slow,54.457601885255364,-666.6417995682422,285.91139541824504,-177.39160188432817,0.13470864253261922,-149.9858231967054,-30.7488,-0.0898,24.7097,40.1979,2.8285,-28.6372,82.168128136361,28.426111051351718,84.34973008561842,-24.78483412000868,-89.02453952365451,-37.91030036078559,-2.6664212670656715,-1.5780813387124846,-1.7705324380704672,3.3643510606553817,0.06785074869791667,-2.5784132215711804,0.6106,0.2905,1.2714,-0.00941,-0.03245,-0.01348,0.0008820138755254447,0.0009999937610700727,0.0009201358770951629,0.0005079067195765674,0.0005001365789212286,0.0005738979671150446,0.01173606887459755,0.010186107829213142,0.011653736233711243,passive,0
13.1809,rehab,small_slow,53.73301351464409,-666.6410127092357,286.5145474807121,-177.3906449350402,0.13398190646271677,-149.9851018754381,-30.3821,0.0012,24.6483,36.0851,3.4325,-24.4378,82.10465761694577,28.387434553391863,84.30725324271928,-24.702987670898438,-89.02259826660156,-37.97355651855469,-2.61199951171875,-1.6325030940594059,-1.7885687799737005,3.334969414605035,0.06785074869791667,-2.6462639702690973,0.4662,0.3567,1.0913,-0.01189,-0.02566,-0.01035,0.0008820138755254447,0.0009999937610700727,0.0009201358770951629,0.0005079067195765674,0.0005001365789212286,0.0005738979671150446,0.01173606887459755,0.010186107829213142,0.011653736233711243,passive,0
13.2005,rehab,small_slow,53.24985953814938,-666.6397691508367,286.906186285913,-177.3905764540174,0.1339810480461225,-149.9845743861803,-29.4451,0.0922,24.0066,20.6782,2.9666,-14.215,82.0623235419245,28.362287011477026,84.27946109582882,-24.64883592393663,-89.02126736111111,-38.01579793294271,-2.61199951171875,-1.5780813387124846,-1.7368120250135366,3.399505615234375,0.13570149739583334,-2.5784132215711804,0.405,0.351,0.9451,-0.02485,-0.03899,-0.00966,0.0008820138755254447,0.0009999937610700727,0.0009201358770951629,0.0005079067195765674,0.0005001365789212286,0.0005738979671150446,0.01173606887459755,0.010186107829213142,0.011653736233711243,passive,0
13.2209,rehab,small_slow,52.765861175678,-666.6365908415746,287.3114608341033,-177.38939751277363,0.13302196933979094,-149.98425996385222,-28.6844,0.1534,23.3671,4.4245,1.5916,-6.4117,82.01990788525875,28.33611290053566,84.25149898717899,-24.594955444335938,-89.02001274956596,-38.05791219075521,-2.6664212670656715,-1.686918050935953,-1.7326445626740408,3.3769904242621527,0.06785074869791667,-2.6462639702690973,0.4525,0.3152,1.1512,-0.02134,-0.02793,-0.01195,0.0008820138755254447,0.0009999937610700727,0.0009201358770951629,0.0005079067195765674,0.0005001365789212286,0.0005738979671150446,0.01173606887459755,0.010186107829213142,0.011653736233711243,passive,0
13.2406,rehab,small_slow,52.038207939991196,-666.632143742169,287.89414408375427,-177.3893772404693,0.13300609408590588,-149.98510082181537,-28.6736,0.1791,23.198,-12.3166,-0.1681,1.0108,81.95614503161742,28.2985785455987,84.21035464447324,-24.514439900716145,-89.01812235514323,-38.119913736979164,-2.61199951171875,-1.5236663818359375,-1.7210735660968441,3.369318644205729,0.06785074869791667,-2.5784132215711804,0.4144,0.2562,1.3297,-0.02253,-0.01929,-0.00884,0.0008820138755254447,0.0009999937610700727,0.0009201358770951629,0.0005079067195765674,0.0005001365789212286,0.0005738979671150446,0.01173606887459755,0.010186107829213142,0.011653736233711243,passive,0
13.2607,rehab,small_slow,51.55405301628474,-666.6295047907013,288.28564897145645,-177.3889026427151,0.13260395154417692,-149.98553049268983,-28.857,0.1321,23.0687,-22.0274,-1.9522,4.3138,81.91372937495166,28.273492189917235,84.18272566087175,-24.461101955837673,-89.01688469780815,-38.16129048665365,-2.6664212670656715,-1.5236663818359375,-1.7087139469562191,3.2364993625217013,0.06785074869791667,-2.6462639702690973,0.3372,0.2434,0.8393,-0.04002,-0.02644,-0.0114,0.0008820138755254447,0.0009999937610700727,0.0009201358770951629,0.0005079067195765674,0.0005001365789212286,0.0005738979671150446,0.01173606887459755,0.010186107829213142,0.011653736233711243,passive,0
13.281,rehab,small_slow,50.83756650187035,-666.6255825635293,288.84338803748915,-177.38998762291752,0.1334140699228375,-149.9847745148557,-30.4092,0.0602,24.0013,-25.5571,-3.2897,4.7829,81.85095229951462,28.237881802096226,84.1423223514368,-24.381849500868054,-89.01500278049045,-38.22391933865017,-2.6664212670656715,-1.4692514249593904,-1.7414553802792387,3.2961612277560763,0.06785074869791667,-2.510553995768229,0.3724,0.3599,1.2795,-0.02171,-0.01019,-0.01028,0.0008820138755254447,0.0009999937610700727,0.0009201358770951629,0.0005079067195765674,0.0005001365789212286,0.0005738979671150446,0.01173606887459755,0.010186107829213142,0.011653736233711243,passive,0
13.3005,rehab,small_slow,50.36349276732065,-666.6255404508812,289.2235782200266,-177.3897498211681,0.13327367408269003,-149.98431553478213,-31.1802,-0.0168,24.2999,-24.0059,-3.559,3.6488,81.80944083940865,28.214046364963643,84.11453020454633,-24.329249064127602,-89.01370578342014,-38.26528761121962,-2.61199951171875,-1.4148296696124691,-1.689059569103883,3.310275607638889,0.06785074869791667,-2.6462639702690973,0.2566,0.2565,0.7916,-0.01973,-0.02176,0.00137,0.0008820138755254447,0.0009999937610700727,0.0009201358770951629,0.0005079067195765674,0.0005001365789212286,0.0005738979671150446,0.01173606887459755,0.010186107829213142,0.011653736233711243,passive,0
13.3212,rehab,small_slow,49.65048685703653,-666.6268945225213,289.7766522455388,-177.39021719038968,0.13366184013428334,-149.9837913327676,-31.6952,-0.1037,24.3234,-13.5089,-2.8802,-3.1805,81.74703767984221,28.179598515576654,84.07336546642945,-24.25115797254774,-89.01179843478732,-38.327323065863716,-2.61199951171875,-1.4148296696124691,-1.769424287399443,3.2129669189453125,0.13570149739583334,-2.510553995768229,0.2408,0.177,0.765,-0.04049,-0.01758,-0.00997,0.0008820138755254447,0.0009999937610700727,0.0009201358770951629,0.0005079067195765674,0.0005001365789212286,0.0005738979671150446,0.01173606887459755,0.010186107829213142,0.011653736233711243,passive,0
13.3405,rehab,small_slow,49.16881223770296,-666.6295847547685,290.151833548765,-177.38974529320757,0.13327649996402194,-149.9838292038061,-31.3505,-0.1539,23.8345,3.2788,-1.5588,-13.7835,81.70491435740253,28.156463320892637,84.04545094707224,-24.199464586046005,-89.01054382324219,-38.36881849500868,-2.6664212670656715,-1.4692514249593904,-1.7433249596321936,3.1708865695529513,-0.0,-2.6462639702690973,0.4611,0.2049,1.246,-0.01383,-0.01665,-0.00816,0.0008820138755254447,0.0009999937610700727,0.0009201358770951629,0.0005079067195765674,0.0005001365789212286,0.0005738979671150446,0.01173606887459755,0.010186107829213142,0.011653736233711243,passive,0
13.3611,rehab,small_slow,48.31687676981161,-666.636412496572,290.7919447332121,-177.38961200345696,0.13311268905933693,-149.98512546461464,-30.3439,-0.1765,22.8962,26.9557,0.2254,-28.2971,81.63045750986231,28.11729053459545,83.99704583800666,-24.109912448459202,-89.00839063856337,-38.440958658854164,-2.61199951171875,-1.360414712735922,-1.7555758032468285,3.1487274169921875,0.06785074869791667,-2.5784132215711804,0.3596,0.3897,1.1926,-0.01022,-0.01871,-0.00893,0.0008820138755254447,0.0009999937610700727,0.0009201358770951629,0.0005079067195765674,0.0005001365789212286,0.0005738979671150446,0.01173606887459755,0.010186107829213142,0.011653736233711243,passive,0
13.381,rehab,small_slow,47.82693580510682,-666.6370881679843,291.15299080760843,-177.38984562245008,0.13329721679060397,-149.9865252217594,-30.3175,-0.1454,22.7392,39.1054,1.7018,-34.1243,81.58759995262221,28.094862380830367,83.97013749226485,-24.059041341145832,-89.00714450412326,-38.481835259331596,-2.61199951171875,-1.4692514249593904,-1.6467594864344832,3.0718400743272567,0.06785074869791667,-2.5784132215711804,0.4578,0.3427,1.014,-0.00604,-0.02124,-0.01293,0.0008820138755254447,0.0009999937610700727,0.0009201358770951629,0.0005079067195765674,0.0005001365789212286,0.0005738979671150446,0.01173606887459755,0.010186107829213142,0.011653736233711243,passive,0
13.4009,rehab,small_slow,47.10969489851587,-666.6426822957748,291.6849354160517,-177.39002183585472,0.13347276045971662,-149.9872436306813,-29.7463,-0.0816,22.2323,33.2728,2.7186,-26.4863,81.52491125730005,28.062576445022433,83.92934667001856,-23.983866373697918,-89.00525410970052,-38.54294670952691,-2.557584554842203,-1.360414712735922,-1.6302256064839882,3.1359269883897567,0.06785074869791667,-2.6462639702690973,0.1802,0.3173,1.2178,-0.03484,-0.00968,-0.00892,0.0008820138755254447,0.0009999937610700727,0.0009201358770951629,0.0005079067195765674,0.0005001365789212286,0.0005738979671150446,0.01173606887459755,0.010186107829213142,0.011653736233711243,passive,0
13.4207,rehab,small_slow,46.6364709502213,-666.6412282904741,292.04164135943233,-177.38999163034367,0.1334347210119407,-149.98721243397767,-28.9708,-0.0089,21.6559,17.2475,2.9234,-12.3829,81.48348817730894,28.040406633131575,83.90291421720298,-23.934071858723957,-89.00401645236545,-38.583831787109375,-2.61199951171875,-1.4148296696124691,-1.6663322826423268,3.1278737386067705,0.06785074869791667,-2.510553995768229,0.3567,0.3519,1.4404,-0.02162,-0.01429,-0.00683,0.0008820138755254447,0.0009999937610700727,0.0009201358770951629,0.0005079067195765674,0.0005001365789212286,0.0005738979671150446,0.01173606887459755,0.010186107829213142,0.011653736233711243,passive,0
13.4407,rehab,small_slow,46.16755672385036,-666.642869272378,292.3962321329023,-177.3898367284341,0.1332936095040293,-149.98738237995738,-27.713,0.0583,20.7714,2.1613,2.3483,-0.1135,81.44248660248105,28.018835086633665,83.87595828216855,-23.884531656901043,-89.00280422634549,-38.62409803602431,-2.61199951171875,-1.305999755859375,-1.6680386987062963,3.0282338460286455,0.06785074869791667,-2.510553995768229,0.3877,0.3185,0.7726,-0.01263,-0.01903,-0.00849,0.0008820138755254447,0.0009999937610700727,0.0009201358770951629,0.0005079067195765674,0.0005001365789212286,0.0005738979671150446,0.01173606887459755,0.010186107829213142,0.011653736233711243,passive,0
13.4609,rehab,small_slow,45.46595353335013,-666.6381260837796,292.92701952870823,-177.3898007388612,0.1332817746993569,-149.98754537056345,-27.7903,0.1029,20.9073,-3.1795,1.3003,4.0044,81.38104202723738,27.985801319084544,83.83671071269724,-23.810450236002605,-89.00094774034288,-38.68453131781684,-2.557584554842203,-1.4692514249593904,-1.653585150690362,3.104002210828993,0.13570149739583334,-2.510553995768229,0.4571,0.2603,0.8292,-0.02021,-0.02531,-0.01095,0.0008820138755254447,0.0009999937610700727,0.0009201358770951629,0.0005079067195765674,0.0005001365789212286,0.0005738979671150446,0.01173606887459755,0.010186107829213142,0.011653736233711243,passive,0
13.4808,rehab,small_slow,44.998409285161,-666.6354133994212,293.27500459566943,-177.39004466174123,0.1334567176501912,-149.98766007967868,-28.8053,0.115,21.674,-5.254,0.2025,4.4746,81.34010843711324,27.964263764938504,83.81067257116337,-23.76135084364149,-88.99973551432292,-38.72478908962673,-2.557584554842203,-1.360414712735922,-1.6499071782178218,2.9964447021484375,-0.0,-2.510553995768229,0.4572,0.2324,1.0307,-0.00723,-0.02195,-0.01103,0.0008820138755254447,0.0009999937610700727,0.0009201358770951629,0.0005079067195765674,0.0005001365789212286,0.0005738979671150446,0.01173606887459755,0.010186107829213142,0.011653736233711243,passive,0
13.5009,rehab,small_slow,44.30069318796544,-666.6340175871592,293.8004359555198,-177.38942576856184,0.13292295165887502,-149.9876777046748,-29.8569,0.0886,22.4228,-9.0808,-0.7368,4.622,81.27906497162168,27.9321545893603,83.77117345828822,-23.68872748480903,-88.99792989095052,-38.784985012478295,-2.448754641089109,-1.360414712735922,-1.6814588792253249,3.0381181504991317,0.13570149739583334,-2.510553995768229,0.2971,0.0901,0.9795,-0.0254,-0.02518,-0.00945,0.0008820138755254447,0.0009999937610700727,0.0009201358770951629,0.0005079067195765674,0.0005001365789212286,0.0005738979671150446,0.01173606887459755,0.010186107829213142,0.011653736233711243,passive,0
13.5209,rehab,small_slow,43.836399158769076,-666.6316531865758,294.1448477979526,-177.38919542482606,0.13276292615589624,-149.98810578222552,-29.8075,0.052,22.3481,-5.5095,-1.3903,-1.4848,81.23842371572363,27.91098415261448,83.74539365862856,-23.640848795572918,-88.99670071072049,-38.82464938693576,-2.503169597965656,-1.305999755859375,-1.5762593486521503,2.9744974772135415,0.06785074869791667,-2.4427032470703125,0.3354,0.2207,0.5621,-0.01762,-0.0171,-0.00978,0.0008820138755254447,0.0009999937610700727,0.0009201358770951629,0.0005079067195765674,0.0005001365789212286,0.0005738979671150446,0.01173606887459755,0.010186107829213142,0.011653736233711243,passive,0
13.5411,rehab,small_slow,43.15242683729038,-666.6321694688443,294.659098391741,-177.38847503760647,0.13218457531052824,-149.98785796335386,-29.0206,0.0145,21.6196,9.7153,-1.6513,-16.4479,81.17861077336981,27.880051112411046,83.70601011974976,-23.569649590386284,-88.99489508734808,-38.88389587402344,-2.503169597965656,-1.251584798982828,-1.670438558748453,2.962375217013889,0.06785074869791667,-2.374852498372396,0.3639,0.358,0.9089,-0.00781,-0.02286,-0.01259,0.0008820138755254447,0.0009999937610700727,0.0009201358770951629,0.0005079067195765674,0.0005001365789212286,0.0005738979671150446,0.01173606887459755,0.010186107829213142,0.011653736233711243,passive,0
13.5607,rehab,small_slow,42.58882894601902,-666.6301123025046,295.0773581807154,-177.38851516402136,0.1322446201934968,-149.9871942755807,-28.4616,-0.0063,21.0224,23.1076,-1.4632,-29.2269,81.12928787080368,27.85473360873685,83.67393493652344,-23.510682847764755,-88.99336920844183,-38.933207194010414,-2.448754641089109,-1.1971630436359066,-1.6548428677096225,2.9759979248046875,0.06785074869791667,-2.510553995768229,0.2308,0.2112,0.8276,-0.02137,-0.01859,-0.01105,0.0008820138755254447,0.0009999937610700727,0.0009201358770951629,0.0005079067195765674,0.0005001365789212286,0.0005738979671150446,0.01173606887459755,0.010186107829213142,0.011653736233711243,passive,0
13.581,rehab,small_slow,41.922489203121245,-666.6355833066148,295.5707802323571,-177.38845939769735,0.13222325365519697,-149.9861124353719,-28.1721,-0.0193,20.5103,27.2977,-0.9018,-33.8556,81.0710861659286,27.82599647446434,83.63434744353341,-23.440628051757812,-88.99157206217448,-38.991690741644966,-2.448754641089109,-1.1971630436359066,-1.5815009693107982,2.8829277886284723,0.06785074869791667,-2.510553995768229,0.3473,0.1462,0.8417,-0.01985,-0.02836,-0.01235,0.0008820138755254447,0.0009999937610700727,0.0009201358770951629,0.0005079067195765674,0.0005001365789212286,0.0005738979671150446,0.01173606887459755,0.010186107829213142,0.011653736233711243,passive,0
13.6005,rehab,small_slow,41.48150371371154,-666.6330464458631,295.8938209971346,-177.389014465582,0.13264131492868683,-149.98529221394213,-27.9969,-0.0479,20.0482,21.2274,-0.3196,-28.6704,81.03249124961324,27.806532453782488,83.60920670008895,-23.394139607747395,-88.99041069878471,-39.03057522243923,-2.448754641089109,-1.1971630436359066,-1.5796517853689667,2.9259406195746527,0.06785074869791667,-2.374852498372396,0.2976,0.2279,0.688,-0.02113,-0.02955,-0.00721,0.0008820138755254447,0.0009999937610700727,0.0009201358770951629,0.0005079067195765674,0.0005001365789212286,0.0005738979671150446,0.01173606887459755,0.010186107829213142,0.011653736233711243,passive,0
13.6207,rehab,small_slow,41.02897381769016,-666.6345275558162,296.2106660516028,-177.38956263564876,0.1331281371181355,-149.9855982937018,-26.9418,-0.0501,19.0224,7.6307,0.1869,-14.9505,80.99294454744546,27.787863854134436,83.58385520406289,-23.348202175564236,-88.98919847276476,-39.06929016113281,-2.448754641089109,-1.1427480867593596,-1.592929198010133,2.798580593532986,0.06785074869791667,-2.510553995768229,0.3109,0.2579,1.3443,-0.02018,-0.02336,-0.01023,0.0008820138755254447,0.0009999937610700727,0.0009201358770951629,0.0005079067195765674,0.0005001365789212286,0.0005738979671150446,0.01173606887459755,0.010186107829213142,0.011653736233711243,passive,0
13.6413,rehab,small_slow,40.34825028065907,-666.6328394338792,296.6830129417324,-177.3904316384299,0.1337801193609579,-149.98625516068256,-27.046,-0.0406,18.8736,-0.9729,0.6609,-3.4304,80.93342393931776,27.759616209728883,83.54673555581877,-23.279969957139755,-88.98746914333768,-39.12737528483073,-2.503169597965656,-1.1427480867593596,-1.6189809364847618,2.763426038953993,-0.0,-2.374852498372396,0.1551,0.2433,0.84,-0.02355,-0.02254,-0.00824,0.0008820138755254447,0.0009999937610700727,0.0009201358770951629,0.0005079067195765674,0.0005001365789212286,0.0005738979671150446,0.01173606887459755,0.010186107829213142,0.011653736233711243,passive,0
13.6608,rehab,small_slow,39.886734193732934,-666.6348287597639,297.00602779958325,-177.38986308084844,0.1333040079167746,-149.9875160930237,-27.4206,-0.0148,19.0923,-1.8623,1.0823,2.2737,80.89312260693843,27.740641678913985,83.5213568659112,-23.235176934136284,-88.98630777994792,-39.16590372721354,-2.503169597965656,-1.1427480867593596,-1.5514449317856591,2.803370157877604,0.06785074869791667,-2.374852498372396,0.2533,0.252,0.6506,-0.00438,-0.0185,-0.00081,0.0008820138755254447,0.0009999937610700727,0.0009201358770951629,0.0005079067195765674,0.0005001365789212286,0.0005738979671150446,0.01173606887459755,0.010186107829213142,0.011653736233711243,passive,0
13.6806,rehab,small_slow,39.20742631615239,-666.6375916135995,297.47035548260095,-177.3902158088829,0.1336155221948821,-149.98951865188266,-27.4218,0.0141,19.2166,-3.1834,1.3539,6.8799,80.83379915445158,27.7135429760017,83.48404006202622,-23.168555365668404,-88.9845699734158,-39.22246297200521,-2.3943328857421875,-1.1427480867593596,-1.5150187275197247,2.754787868923611,0.06785074869791667,-2.307001749674479,0.2926,0.1192,0.5726,-0.01778,-0.03458,-0.00788,0.0008820138755254447,0.0009999937610700727,0.0009201358770951629,0.0005079067195765674,0.0005001365789212286,0.0005738979671150446,0.01173606887459755,0.010186107829213142,0.011653736233711243,passive,0
13.7007,rehab,small_slow,38.774873250911526,-666.6377656477824,297.7811415152475,-177.39010813843205,0.133519325149733,-149.9894745980181,-27.8029,0.0327,19.7183,-4.1989,1.2076,8.5122,80.79599965917002,27.69538426163173,83.45927323445235,-23.12462700737847,-88.98344251844618,-39.25980461968316,-2.3943328857421875,-1.1427480867593596,-1.4807544368328434,2.7400037977430554,0.06785074869791667,-2.374852498372396,0.1992,0.2061,0.58,-0.02806,-0.01577,-0.00458,0.0008820138755254447,0.0009999937610700727,0.0009201358770951629,0.0005079067195765674,0.0005001365789212286,0.0005738979671150446,0.01173606887459755,0.010186107829213142,0.011653736233711243,passive,0
13.7209,rehab,small_slow,38.13676589470055,-666.6334711315352,298.23592299235423,-177.39073334357883,0.13400918292139316,-149.98830965022663,-28.0031,0.0596,20.077,2.3419,0.6766,2.662,80.7401706204556,27.668428326597308,83.42327533382,-23.05914984809028,-88.98174709743924,-39.31605021158854,-2.3399179288656407,-1.1427480867593596,-1.602453855004641,2.7099015977647567,0.06785074869791667,-2.4427032470703125,0.2928,0.0432,0.1512,-0.01633,-0.01942,-0.00438,0.0008820138755254447,0.0009999937610700727,0.0009201358770951629,0.0005079067195765674,0.0005001365789212286,0.0005738979671150446,0.01173606887459755,0.010186107829213142,0.011653736233711243,passive,0
13.7406,rehab,small_slow,37.71544597603062,-666.6341866502997,298.5382979746283,-177.39071010595688,0.13401595918639916,-149.98733116418583,-27.245,0.081,19.5871,12.302,0.0179,-7.2414,80.70335690337832,27.650997048557393,83.39876004964998,-23.016069200303818,-88.98059421115451,-39.35334947374132,-2.3399179288656407,-1.1427480867593596,-1.448842416895498,2.664701673719618,0.06785074869791667,-2.2391425238715277,0.1792,0.223,1.301,-0.02823,-0.01763,-0.00661,0.0008820138755254447,0.0009999937610700727,0.0009201358770951629,0.0005079067195765674,0.0005001365789212286,0.0005738979671150446,0.01173606887459755,0.010186107829213142,0.011653736233711243,passive,0
13.7611,rehab,small_slow,37.08612840596176,-666.6292424040732,299.000465368788,-177.3899652770147,0.13340593549532895,-149.9864125515672,-26.9261,0.0807,19.2676,22.5654,-0.6274,-18.6037,80.6482960918162,27.62368079459313,83.36272815666577,-22.951982286241318,-88.97891574435764,-39.4085947672526,-2.2855029719890934,-1.0883331298828125,-1.4978797837059097,2.5897894965277777,0.06785074869791667,-2.307001749674479,0.1647,0.1256,0.9256,-0.02026,-0.0148,-0.00477,0.0008820138755254447,0.0009999937610700727,0.0009201358770951629,0.0005079067195765674,0.0005001365789212286,0.0005738979671150446,0.01173606887459755,0.010186107829213142,0.011653736233711243,passive,0
13.7806,rehab,small_slow,36.55547067817654,-666.6290896097644,299.3794395273035,-177.38911454282083,0.1327330587965978,-149.98599372125142,-26.8832,0.0525,19.0603,31.8147,-1.0038,-28.5386,80.60193052386293,27.601748929165378,83.33254294820351,-22.899525960286457,-88.97749159071181,-39.45477803548177,-2.3399179288656407,-1.0883331298828125,-1.4386447113339262,2.564561631944444,0.06785074869791667,-2.307001749674479,0.1904,0.1489,1.064,-0.01674,-0.01746,-0.00595,0.0008820138755254447,0.0009999937610700727,0.0009201358770951629,0.0005079067195765674,0.0005001365789212286,0.0005738979671150446,0.01173606887459755,0.010186107829213142,0.011653736233711243,passive,0
13.8006,rehab,small_slow,35.921669941274594,-666.6285038153151,299.83008649486754,-177.38805296164372,0.1318225517786079,-149.98589533456342,-26.015,0.0093,18.2629,34.2941,-1.2226,-32.7038,80.54656378113397,27.575710787631497,83.29663342768603,-22.83728705512153,-88.97585550944011,-39.50953165690104,-2.3943328857421875,-1.0339181730062654,-1.4914212368502475,2.6570892333984375,0.06785074869791667,-2.307001749674479,0.1925,0.1609,0.9908,-0.01963,-0.01396,-0.00467,0.0008820138755254447,0.0009999937610700727,0.0009201358770951629,0.0005079067195765674,0.0005001365789212286,0.0005738979671150446,0.01173606887459755,0.010186107829213142,0.011653736233711243,passive,0
13.8207,rehab,small_slow,35.499822062050434,-666.6291097140373,300.11660749188997,-177.38809443355632,0.13185119797420491,-149.98617381499602,-25.4597,-0.0226,17.7466,24.9782,-1.2456,-27.5496,80.50972966864558,27.559340070969988,83.27316510795366,-22.796283298068577,-88.97476196289062,-39.54561869303385,-2.3399179288656407,-1.0339181730062654,-1.4210026807124072,2.5315348307291665,0.06785074869791667,-2.171291775173611,0.3639,0.0737,0.779,-0.03048,-0.02422,-0.00618,0.0008820138755254447,0.0009999937610700727,0.0009201358770951629,0.0005079067195765674,0.0005001365789212286,0.0005738979671150446,0.01173606887459755,0.010186107829213142,0.011653736233711243,passive,0
13.8406,rehab,small_slow,35.079661867165086,-666.6295209041041,300.3949577233883,-177.3884904933366,0.13222736623144996,-149.9868560887664,-24.6241,-0.0425,16.9774,12.5507,-0.9341,-19.2712,80.47303832403504,27.543458844175433,83.25015228573639,-22.755745781792534,-88.97364298502605,-39.58116319444444,-2.2855029719890934,-0.979496417659344,-1.460984484984143,2.5649176703559027,-0.0,-2.171291775173611,0.3741,0.1648,1.4938,-0.01801,-0.01811,-0.00872,0.0008820138755254447,0.0009999937610700727,0.0009201358770951629,0.0005079067195765674,0.0005001365789212286,0.0005738979671150446,0.01173606887459755,0.010186107829213142,0.011653736233711243,passive,0
13.8611,rehab,small_slow,34.474504344211816,-666.6329651985574,300.81222358307167,-177.38866793824252,0.13242478641913896,-149.98580803869217,-23.991,-0.0439,16.3532,1.804,-0.4725,-12.3301,80.42022780616685,27.5202216724358,83.21495660460822,-22.69540574815538,-88.97198994954427,-39.63433159722222,-2.176666259765625,-1.0339181730062654,-1.3886963494933477,2.529330783420139,0.06785074869791667,-2.307001749674479,0.3056,0.2303,0.9026,-0.01328,-0.02225,-0.00433,0.0008820138755254447,0.0009999937610700727,0.0009201358770951629,0.0005079067195765674,0.0005001365789212286,0.0005738979671150446,0.01173606887459755,0.010186107829213142,0.011653736233711243,passive,0
13.8807,rehab,small_slow,34.08258343147747,-666.6305210519209,301.0865321214704,-177.38906687484663,0.1326570154989597,-149.98424662730386,-24.2781,-0.0449,16.3419,-11.6724,-0.1305,-3.2393,80.38597031395034,27.504483213519105,83.19245366766901,-22.655614217122395,-88.97098965115018,-39.669698079427086,-2.176666259765625,-0.9250814607827971,-1.4657230188350867,2.4679989284939237,-0.0,-2.2391425238715277,0.1602,0.0412,0.9299,-0.03309,-0.02805,-0.00773,0.0008820138755254447,0.0009999937610700727,0.0009201358770951629,0.0005079067195765674,0.0005001365789212286,0.0005738979671150446,0.01173606887459755,0.010186107829213142,0.011653736233711243,passive,0
13.9009,rehab,small_slow,33.49368323883393,-666.6343227911805,301.4924282154032,-177.38918515593969,0.13279051410155887,-149.98274086609655,-25.0632,-0.0507,16.6087,-18.7312,0.1116,2.9336,80.33459427333113,27.482123044457765,83.15786984887454,-22.596876356336804,-88.96937900119357,-39.72190856933594,-2.176666259765625,-0.9250814607827971,-1.3987172948251856,2.556771172417535,0.06785074869791667,-2.103441026475694,0.1348,0.1402,1.0774,-0.02176,-0.01178,-0.00525,0.0008820138755254447,0.0009999937610700727,0.0009201358770951629,0.0005079067195765674,0.0005001365789212286,0.0005738979671150446,0.01173606887459755,0.010186107829213142,0.011653736233711243,passive,0
13.921,rehab,small_slow,33.0909559567854,-666.6328409849172,301.7554061962271,-177.3898420005011,0.13334697254712455,-149.9828924363615,-26.0717,-0.0411,17.1025,-13.6725,0.2359,2.6439,80.29941218914372,27.467146014223005,83.13597197579865,-22.558068169487846,-88.96831936306424,-39.7564951578776,-2.176666259765625,-0.9250814607827971,-1.415291965597927,2.4134063720703125,-0.0,-2.2391425238715277,0.2095,0.1333,0.6143,-0.03534,-0.01362,-0.0075,0.0008820138755254447,0.0009999937610700727,0.0009201358770951629,0.0005079067195765674,0.0005001365789212286,0.0005738979671150446,0.01173606887459755,0.010186107829213142,0.011653736233711243,passive,0
13.941,rehab,small_slow,32.482471569957454,-666.6341622051629,302.148234008672,-177.39022506578908,0.1336588398314873,-149.98377985172556,-26.0158,-0.0362,16.9142,-2.2238,0.2249,-1.0761,80.24632293399017,27.44518695491375,83.10289741742729,-22.500940958658855,-88.96675957573784,-39.80804443359375,-2.2310880151125465,-0.87066650390625,-1.3064552533744584,2.353795369466146,-0.0,-2.171291775173611,0.2801,0.0178,0.5582,-0.03061,-0.03718,-0.0106,0.0008820138755254447,0.0009999937610700727,0.0009201358770951629,0.0005079067195765674,0.0005001365789212286,0.0005738979671150446,0.01173606887459755,0.010186107829213142,0.011653736233711243,passive,0
13.9614,rehab,small_slow,32.07951691044846,-666.6338110310169,302.39970010564343,-177.39117705164585,0.13436177764504717,-149.9844179394107,-25.9939,-0.0381,16.8348,16.35,0.3357,-9.7464,80.21116124521387,27.431066531946165,83.08150942962949,-22.463192409939236,-88.96579318576389,-39.842139350043404,-2.122251302889078,-0.87066650390625,-1.362998131478187,2.3511589898003473,0.13570149739583334,-2.103441026475694,0.2132,0.1071,0.891,-0.03155,-0.01866,-0.01012,0.0008820138755254447,0.0009999937610700727,0.0009201358770951629,0.0005079067195765674,0.0005001365789212286,0.0005738979671150446,0.01173606887459755,0.010186107829213142,0.011653736233711243,passive,0
13.9806,rehab,small_slow,31.375038738936407,-666.6388307921598,302.8478175025198,-177.39126294951964,0.13447198985769734,-149.98639447235118,-25.5349,-0.032,16.6278,33.335,0.5493,-18.2341,80.14976425926284,27.406585240128017,83.04305048272161,-22.398291693793404,-88.9639875623915,-39.90081787109375,-2.067836346012531,-0.9250814607827971,-1.297739614354502,2.2869110107421875,0.13570149739583334,-2.103441026475694,0.1373,0.0052,0.4236,-0.02647,-0.03226,-0.00696,0.0008820138755254447,0.0009999937610700727,0.0009201358770951629,0.0005079067195765674,0.0005001365789212286,0.0005738979671150446,0.01173606887459755,0.010186107829213142,0.011653736233711243,passive,0
14.0006,rehab,small_slow,30.98751975827755,-666.6347632259917,303.1025385959421,-177.391397324317,0.1346578548407309,-149.98703316957287,-24.0252,-0.0107,15.8351,42.2776,0.6456,-23.3108,80.11588068291692,27.391934536471226,83.02231514807976,-22.361662122938366,-88.96293640136719,-39.93364122178819,-2.067836346012531,-0.9250814607827971,-1.3222209061726484,2.250357733832465,0.13570149739583334,-1.9677310519748263,0.031,0.1024,0.248,-0.02573,-0.02169,-0.00171,0.0008820138755254447,0.0009999937610700727,0.0009201358770951629,0.0005079067195765674,0.0005001365789212286,0.0005738979671150446,0.01173606887459755,0.010186107829213142,0.011653736233711243,passive,0
14.0208,rehab,small_slow,30.426322238831496,-666.637651032808,303.4886368425135,-177.39032780452038,0.13377795168540876,-149.9863566840101,-23.0844,-0.0087,15.3676,39.1858,0.6725,-22.547,80.0669520916325,27.37093406148476,82.98960090863822,-22.30780707465278,-88.96144443088107,-39.98263041178385,-2.0134145906656093,-0.87066650390625,-1.3496935249555229,2.2115495469835067,0.06785074869791667,-2.0355902777777777,0.1785,0.0713,-0.0679,-0.01447,-0.01929,-0.00025,0.0008820138755254447,0.0009999937610700727,0.0009201358770951629,0.0005079067195765674,0.0005001365789212286,0.0005738979671150446,0.01173606887459755,0.010186107829213142,0.011653736233711243,passive,0
14.041,rehab,small_slow,30.063924718838532,-666.6359804392534,303.7339805108221,-177.39054581636148,0.13392923985156643,-149.9854347844813,-22.5557,0.0062,15.0397,28.9521,0.6456,-18.1809,80.03530521203976,27.357303128384128,82.96885197705562,-22.27216084798177,-88.96049499511719,-40.01479254828559,-2.0134145906656093,-0.87066650390625,-1.278765083539604,2.235895792643229,0.13570149739583334,-2.103441026475694,0.0486,0.2104,0.6203,-0.03098,-0.01706,-0.00674,0.0008820138755254447,0.0009999937610700727,0.0009201358770951629,0.0005079067195765674,0.0005001365789212286,0.0005738979671150446,0.01173606887459755,0.010186107829213142,0.011653736233711243,passive,0
14.0609,rehab,small_slow,29.695377753040173,-666.6364367530621,303.98390860437485,-177.38994291094116,0.1334483984731215,-149.98503876424968,-21.987,0.0391,14.6466,16.2045,0.5951,-12.5302,80.0031552456393,27.343611009050125,82.94779031583579,-22.23717583550347,-88.95950317382812,-40.046937730577255,-2.0134145906656093,-0.87066650390625,-1.360645860728651,2.164671156141493,0.06785074869791667,-2.0355902777777777,0.1526,0.0564,0.3118,-0.02582,-0.02203,-0.0089,0.0008820138755254447,0.0009999937610700727,0.0009201358770951629,0.0005079067195765674,0.0005001365789212286,0.0005738979671150446,0.01173606887459755,0.010186107829213142,0.011653736233711243,passive,0
14.0809,rehab,small_slow,29.142218598660655,-666.6351351113027,304.3490316496318,-177.3895238669427,0.13314335194035712,-149.98545206647867,-21.8628,0.0433,14.4646,0.2083,0.528,-3.7695,79.95487930751082,27.323426350508587,82.91709522209545,-22.185338338216145,-88.95803663465712,-40.09420606825087,-2.0134145906656093,-0.87066650390625,-1.248090385210396,2.170834011501736,0.13570149739583334,-1.9677310519748263,0.2058,0.017,0.4717,-0.02479,-0.02448,-0.00787,0.0008820138755254447,0.0009999937610700727,0.0009201358770951629,0.0005079067195765674,0.0005001365789212286,0.0005738979671150446,0.01173606887459755,0.010186107829213142,0.011653736233711243,passive,0
14.1006,rehab,small_slow,28.7723394720411,-666.6338479421909,304.58497460639654,-177.3895341090803,0.1331058788655174,-149.98597201837214,-22.0388,0.0442,14.3921,-6.7197,0.475,0.8722,79.92260696864363,27.31035289197865,82.89718930083926,-22.151396009657116,-88.95712110731337,-40.12557135687934,-2.0134145906656093,-0.8162515470297029,-1.2864065642404083,2.125574747721354,0.06785074869791667,-1.9677310519748263,0.0262,0.1515,0.3686,-0.03482,-0.01878,-0.00762,0.0008820138755254447,0.0009999937610700727,0.0009201358770951629,0.0005079067195765674,0.0005001365789212286,0.0005738979671150446,0.01173606887459755,0.010186107829213142,0.011653736233711243,passive,0
14.121,rehab,small_slow,28.222243199460916,-666.6359157943537,304.93658950616555,-177.38916662818121,0.13281448535731083,-149.98749772489296,-22.5362,0.0449,14.6272,-4.1361,0.3574,0.1634,79.87467095403387,27.291412353515625,82.86684092908803,-22.101143731011284,-88.95572238498264,-40.171407063802086,-1.9045846769125154,-0.7618297916827815,-1.207959014590424,2.034666273328993,0.06785074869791667,-1.8998803032769096,0.1204,0.0217,0.7341,-0.0434,-0.02877,-0.00934,0.0008820138755254447,0.0009999937610700727,0.0009201358770951629,0.0005079067195765674,0.0005001365789212286,0.0005738979671150446,0.01173606887459755,0.010186107829213142,0.011653736233711243,passive,0
14.1407,rehab,small_slow,27.870493840522894,-666.6304158722467,305.16623740593946,-177.38931146454914,0.13298970751020722,-149.98711428938557,-22.5632,0.0499,14.6465,1.5958,0.0718,-3.0201,79.84390107711943,27.278311701104194,82.8479819722695,-22.06799825032552,-88.95474751790364,-40.202178955078125,-2.0134145906656093,-0.8162515470297029,-1.2065313358118037,2.031851874457465,0.06785074869791667,-1.9677310519748263,-0.0356,0.0492,0.8645,-0.0448,-0.02271,-0.00415,0.0008820138755254447,0.0009999937610700727,0.0009201358770951629,0.0005079067195765674,0.0005001365789212286,0.0005738979671150446,0.01173606887459755,0.010186107829213142,0.011653736233711243,passive,0
14.1617,rehab,small_slow,27.351304466891946,-666.6308615706574,305.51531220422453,-177.38825332379028,0.13205821219328867,-149.98632714118992,-22.5556,0.0696,14.6813,12.7302,-0.0667,-10.3008,79.7986368613668,27.259479938167157,82.81824546285195,-22.01941596137153,-88.95339965820312,-40.24767557779948,-1.8501697200359684,-0.7618297916827815,-1.2703009879234994,2.024875217013889,0.06785074869791667,-1.9677310519748263,0.0514,0.1448,0.0052,-0.02693,-0.01327,0.00019,0.0008820138755254447,0.0009999937610700727,0.0009201358770951629,0.0005079067195765674,0.0005001365789212286,0.0005738979671150446,0.01173606887459755,0.010186107829213142,0.011653736233711243,passive,0
14.1808,rehab,small_slow,27.00713583732073,-666.6306006553536,305.7323831815698,-177.38854569529954,0.13226836310029635,-149.98620835968603,-22.2098,0.0618,14.505,21.8357,-0.1181,-16.5157,79.76862841313428,27.247793367593594,82.79926413356668,-21.987457275390625,-88.95252651638455,-40.277438693576386,-1.8501697200359684,-0.6529998779296875,-1.1531157540802908,1.9966634114583333,-0.0,-1.7641703287760415,0.1241,0.2029,-0.0584,-0.02038,-0.02707,0.00473,0.0008820138755254447,0.0009999937610700727,0.0009201358770951629,0.0005079067195765674,0.0005001365789212286,0.0005738979671150446,0.01173606887459755,0.010186107829213142,0.011653736233711243,passive,0
14.201,rehab,small_slow,26.429061457556017,-666.6301087158334,306.1064932162263,-177.3888448569204,0.13252873846116447,-149.9856643079119,-21.1909,0.0571,13.7566,29.5611,-0.4779,-22.9716,79.71821775530825,27.227778670811418,82.76644791706954,-21.932652791341145,-88.9510006374783,-40.327767266167534,-1.8501697200359684,-0.7618297916827815,-1.221141248646349,1.9034830729166665,0.06785074869791667,-1.7641703287760415,0.0069,0.2177,0.3072,-0.02373,-0.01825,0.00496,0.0008820138755254447,0.0009999937610700727,0.0009201358770951629,0.0005079067195765674,0.0005001365789212286,0.0005738979671150446,0.01173606887459755,0.010186107829213142,0.011653736233711243,passive,0
14.2206,rehab,small_slow,26.106437465921182,-666.6285737345775,306.31976856924257,-177.3888229942936,0.13250978285292808,-149.98510856461178,-20.7031,0.0331,13.2706,32.8507,-1.0105,-27.618,79.69006528948793,27.21625526352684,82.74801726388459,-21.90183851453993,-88.9501444498698,-40.35612318250868,-1.795747964689047,-0.7074148348062346,-1.1207346396871132,1.9845157199435763,0.06785074869791667,-1.7641703287760415,0.0366,-0.0198,-0.038,-0.04192,-0.0305,-0.00471,0.0008820138755254447,0.0009999937610700727,0.0009201358770951629,0.0005079067195765674,0.0005001365789212286,0.0005738979671150446,0.01173606887459755,0.010186107829213142,0.011653736233711243,passive,0
14.2407,rehab,small_slow,25.617255676424215,-666.6247111346144,306.6328537888359,-177.3888025911104,0.13251014963896693,-149.98540718963804,-19.8279,0.0101,12.5191,27.8316,-1.4511,-26.308,79.64736409706644,27.199116319713024,82.72130607378365,-21.856689453125,-88.94886440700955,-40.398008558485245,-1.795747964689047,-0.7618297916827815,-1.1368946037670173,1.875822279188368,0.06785074869791667,-1.7641703287760415,0.0532,0.1648,0.4956,-0.02441,-0.02759,-0.0045,0.0008820138755254447,0.0009999937610700727,0.0009201358770951629,0.0005079067195765674,0.0005001365789212286,0.0005738979671150446,0.01173606887459755,0.010186107829213142,0.011653736233711243,passive,0
14.2611,rehab,small_slow,25.296322942993747,-666.6273071962005,306.8387182925439,-177.38853905829865,0.13226251128670743,-149.98515081350766,-19.5406,0.0057,12.2061,22.2036,-1.5604,-22.6425,79.61943598076849,27.188517504399364,82.70280743589495,-21.827078925238716,-88.94804212782118,-40.42585584852431,-1.795747964689047,-0.6529998779296875,-1.1486899498665686,1.7906867133246527,-0.0,-1.696319580078125,0.0855,0.178,0.7793,-0.02849,-0.01715,-0.00529,0.0008820138755254447,0.0009999937610700727,0.0009201358770951629,0.0005079067195765674,0.0005001365789212286,0.0005738979671150446,0.01173606887459755,0.010186107829213142,0.011653736233711243,passive,0
14.2808,rehab,small_slow,24.966849107426903,-666.6285953628955,307.0328494747734,-177.388952898904,0.1326486246424611,-149.98629584269378,-19.3031,-0.0406,11.9229,15.239,-1.3651,-15.7615,79.5907464357886,27.178387783541538,82.68524698691793,-21.79796854654948,-88.9471944173177,-40.45306735568576,-1.795747964689047,-0.6529998779296875,-1.0926773524520421,1.8659888373480902,0.06785074869791667,-1.6284688313802083,0.0943,0.2571,0.7975,-0.03214,-0.0164,-0.00685,0.0008820138755254447,0.0009999937610700727,0.0009201358770951629,0.0005079067195765674,0.0005001365789212286,0.0005738979671150446,0.01173606887459755,0.010186107829213142,0.011653736233711243,passive,0
14.3007,rehab,small_slow,24.489645842190026,-666.6278357256869,307.3233884646429,-177.3893578575158,0.13300794145661365,-149.9870633961004,-18.7671,-0.0932,11.3917,4.8435,-0.9601,-5.7571,79.54915339403813,27.162975651202814,82.65948078419902,-21.754981146918404,-88.94596523708768,-40.49340142144097,-1.7413330078125,-0.6529998779296875,-1.0885846732866646,1.7641788058810763,0.06785074869791667,-1.6284688313802083,-0.0418,0.1752,0.2363,-0.035,-0.02482,-0.00059,0.0008820138755254447,0.0009999937610700727,0.0009201358770951629,0.0005079067195765674,0.0005001365789212286,0.0005738979671150446,0.01173606887459755,0.010186107829213142,0.011653736233711243,passive,0
14.321,rehab,small_slow,24.17109502949018,-666.6312501449626,307.5212619449701,-177.3888524093466,0.13260849204787334,-149.98818528901643,-18.9128,-0.1137,11.3863,0.6674,-0.5177,-0.3056,79.52145642573291,27.15292751198948,82.6416008071144,-21.726871066623264,-88.94515143500433,-40.519655015733505,-1.6325030940594059,-0.5985781225827661,-1.0894752729057084,1.7783949110243056,0.06785074869791667,-1.6284688313802083,-0.039,0.2149,0.4356,-0.0413,-0.01865,-0.00143,0.0008820138755254447,0.0009999937610700727,0.0009201358770951629,0.0005079067195765674,0.0005001365789212286,0.0005738979671150446,0.01173606887459755,0.010186107829213142,0.011653736233711243,passive,0
14.3408,rehab,small_slow,23.70970499928937,-666.6318370488901,307.80196878118625,-177.38912577041165,0.13279398817777624,-149.98876236486075,-19.0827,-0.1042,11.5833,5.4941,-0.1303,-1.6297,79.48127746582031,27.13829720374381,82.61637168355507,-21.68545193142361,-88.94400702582465,-40.558785332573784,-1.6325030940594059,-0.5985781225827661,-1.0522876399578434,1.6941579182942708,-0.0,-1.6284688313802083,0.1219,0.2363,0.2217,-0.03006,-0.029,-0.00301,0.0008820138755254447,0.0009999937610700727,0.0009201358770951629,0.0005079067195765674,0.0005001365789212286,0.0005738979671150446,0.01173606887459755,0.010186107829213142,0.011653736233711243,passive,0
14.3611,rehab,small_slow,23.41073038276398,-666.6350797934737,307.98309520025657,-177.3892263355499,0.13286689000858984,-149.9888041704358,-18.4935,-0.0817,11.4041,10.9326,0.4954,-4.3716,79.45528691357906,27.12924843967551,82.59950467855623,-21.658604939778645,-88.94324408637152,-40.58442857530382,-1.4692514249593904,-0.544163165706219,-1.0827175933535735,1.7224036322699652,0.06785074869791667,-1.6284688313802083,0.0062,0.1965,0.4115,-0.03183,-0.01813,-0.00251,0.0008820138755254447,0.0009999937610700727,0.0009201358770951629,0.0005079067195765674,0.0005001365789212286,0.0005738979671150446,0.01173606887459755,0.010186107829213142,0.011653736233711243,passive,0
14.3824,rehab,small_slow,22.97200179999196,-666.6403481926603,308.245851558754,-177.38973426985768,0.13326721663781088,-149.98898505663027,-18.9954,-0.0636,11.8122,16.3602,1.2073,-7.4783,79.41716109171952,27.116283756671564,82.57461547851562,-21.61892361111111,-88.94214206271701,-40.6219228108724,-1.5780813387124846,-0.5985781225827661,-0.9793128589592358,1.6186692979600694,-0.0,-1.5606180826822915,0.1612,0.1484,0.4641,-0.02359,-0.0169,-0.00224,0.0008820138755254447,0.0009999937610700727,0.0009201358770951629,0.0005079067195765674,0.0005001365789212286,0.0005738979671150446,0.01173606887459755,0.010186107829213142,0.011653736233711243,passive,0
14.4008,rehab,small_slow,22.692904957955353,-666.6380102680084,308.41585940756323,-177.39034373923874,0.13378614942030959,-149.9882719527364,-18.7761,-0.0481,11.6694,24.5589,1.2673,-13.464,79.39280897083849,27.107248589544014,82.55939370334738,-21.59308539496528,-88.94139607747395,-40.64669291178385,-1.4692514249593904,-0.544163165706219,-0.9461227265915068,1.6161092122395833,0.13570149739583334,-1.4927588568793402,0.1357,0.0687,0.5452,-0.03342,-0.02773,-0.00838,0.0008820138755254447,0.0009999937610700727,0.0009201358770951629,0.0005079067195765674,0.0005001365789212286,0.0005738979671150446,0.01173606887459755,0.010186107829213142,0.011653736233711243,passive,0
14.4208,rehab,small_slow,22.214000419162957,-666.6377066619016,308.72650373848,-177.3896809833075,0.1332617370347586,-149.9877555557399,-17.1348,-0.0375,10.6066,31.1795,0.974,-20.1404,79.35108675815091,27.091143013227104,82.53180551056815,-21.548919677734375,-88.94010755750868,-40.68842569986979,-1.360414712735922,-0.544163165706219,-0.9911693912921565,1.5264723036024306,-0.0,-1.4927588568793402,0.0548,0.1418,0.5037,-0.03705,-0.03008,-0.00889,0.0008820138755254447,0.0009999937610700727,0.0009201358770951629,0.0005079067195765674,0.0005001365789212286,0.0005738979671150446,0.01173606887459755,0.010186107829213142,0.011653736233711243,passive,0
14.4411,rehab,small_slow,21.955262526579872,-666.6388301664294,308.8984206622318,-177.38921611111866,0.13288270642754899,-149.98656065596938,-16.6379,-0.0075,10.2298,32.4317,0.8676,-23.1979,79.32856342580058,27.082440971147896,82.51625061035156,-21.524522569444443,-88.93938700358073,-40.711864895290795,-1.4692514249593904,-0.489748208829672,-0.9306698034305384,1.5339830186631944,-0.0,-1.4249081081814237,-0.0317,0.1625,0.2009,-0.03244,-0.01729,-0.0001,0.0008820138755254447,0.0009999937610700727,0.0009201358770951629,0.0005079067195765674,0.0005001365789212286,0.0005738979671150446,0.01173606887459755,0.010186107829213142,0.011653736233711243,passive,0
14.4609,rehab,small_slow,21.560023690913965,-666.6373134146907,309.13236621189054,-177.38986008790258,0.13343295404277472,-149.98652011089962,-16.3757,0.0307,10.0012,32.7735,0.7601,-24.1533,79.29412237488397,27.070278507648126,82.49497819655012,-21.489164564344616,-88.93836127387152,-40.74594285753038,-1.4148296696124691,-0.489748208829672,-0.8836379853805693,1.4589436848958333,0.06785074869791667,-1.357057359483507,-0.1785,0.1119,0.0221,-0.05425,-0.0116,-0.0034,0.0008820138755254447,0.0009999937610700727,0.0009201358770951629,0.0005079067195765674,0.0005001365789212286,0.0005738979671150446,0.01173606887459755,0.010186107829213142,0.011653736233711243,passive,0
14.4806,rehab,small_slow,21.302447295817455,-666.6383838987624,309.28264536393925,-177.39045026174475,0.13391614165535137,-149.98636098096787,-15.645,0.0228,9.5232,25.6454,0.5321,-19.2875,79.27171461653,27.062772996354813,82.48074899805654,-21.465962727864582,-88.93770853678386,-40.76824612087673,-1.4148296696124691,-0.489748208829672,-0.8726788511370668,1.4693111843532987,0.06785074869791667,-1.4249081081814237,-0.0544,0.0116,-0.5948,-0.03717,-0.01387,-0.00242,0.0008820138755254447,0.0009999937610700727,0.0009201358770951629,0.0005079067195765674,0.0005001365789212286,0.0005738979671150446,0.01173606887459755,0.010186107829213142,0.011653736233711243,passive,0
14.501,rehab,small_slow,21.039564298323967,-666.640978958576,309.43571116038083,-177.39049167827292,0.13397156457232112,-149.9868871801885,-14.9924,0.0139,9.0366,11.3898,0.2516,-9.4539,79.24887175607209,27.055247089650372,82.46632944239248,-21.443252563476562,-88.93703036838107,-40.790303548177086,-1.4692514249593904,-0.489748208829672,-0.8760033031501392,1.4268747965494792,0.06785074869791667,-1.357057359483507,0.1421,0.0646,0.0541,-0.02156,-0.02684,-0.00144,0.0008820138755254447,0.0009999937610700727,0.0009201358770951629,0.0005079067195765674,0.0005001365789212286,0.0005738979671150446,0.01173606887459755,0.010186107829213142,0.011653736233711243,passive,0
14.521,rehab,small_slow,20.657925810915586,-666.6378963928819,309.6635669038986,-177.39044758941904,0.1339603408001577,-149.98781249039206,-14.9157,0.0387,8.9006,7.0626,-0.0517,-5.5849,79.21560004205988,27.043193401676593,82.44626715631769,-21.410166422526043,-88.93604702419705,-40.82227071126302,-1.360414712735922,-0.544163165706219,-0.8012677183245668,1.377504136827257,0.06785074869791667,-1.357057359483507,-0.0693,-0.004,0.5342,-0.05432,-0.01543,-0.00715,0.0008820138755254447,0.0009999937610700727,0.0009201358770951629,0.0005079067195765674,0.0005001365789212286,0.0005738979671150446,0.01173606887459755,0.010186107829213142,0.011653736233711243,passive,0
14.5408,rehab,small_slow,20.410635333055644,-666.634385353861,309.8171342087945,-177.39012681270123,0.13366658912745186,-149.98844249952714,-14.8164,0.0416,8.8536,10.3365,-0.1992,-6.4112,79.19402169709159,27.034892469349472,82.433180100847,-21.388558281792534,-88.93543667263455,-40.84297180175781,-1.360414712735922,-0.544163165706219,-0.792817219649211,1.341035630967882,0.06785074869791667,-1.2892066107855902,-0.0585,0.1958,0.5294,-0.03395,-0.00912,0.00113,0.0008820138755254447,0.0009999937610700727,0.0009201358770951629,0.0005079067195765674,0.0005001365789212286,0.0005738979671150446,0.01173606887459755,0.010186107829213142,0.011653736233711243,passive,0
14.561,rehab,small_slow,20.05063210145088,-666.6354932843664,310.04217320074747,-177.38917655490692,0.13279661051710367,-149.98882533963678,-14.8239,0.0213,8.8715,13.1704,-0.065,-6.7805,79.16271474101755,27.023505031472386,82.4130090392462,-21.357320149739582,-88.93455505371094,-40.87354024251302,-1.1971630436359066,-0.489748208829672,-0.8694699731203589,1.2582312689887152,0.06785074869791667,-1.2892066107855902,-0.1644,0.0568,-0.1043,-0.04355,-0.00447,0.00389,0.0008820138755254447,0.0009999937610700727,0.0009201358770951629,0.0005079067195765674,0.0005001365789212286,0.0005738979671150446,0.01173606887459755,0.010186107829213142,0.011653736233711243,passive,0
14.5809,rehab,small_slow,19.827291045594666,-666.6363202275282,310.1813576438284,-177.38915317463778,0.13273656522840555,-149.98838369231927,-14.9376,0.0158,8.9921,17.3569,-0.0397,-7.4442,79.14329151115795,27.016597785572014,82.40005115471264,-21.336890326605904,-88.93399556477864,-40.89317321777344,-1.251584798982828,-0.435333251953125,-0.7627679805944462,1.262054443359375,-0.0,-1.2213473849826388,-0.0307,0.1936,0.8078,-0.03511,-0.00678,0.00175,0.0008820138755254447,0.0009999937610700727,0.0009201358770951629,0.0005079067195765674,0.0005001365789212286,0.0005738979671150446,0.01173606887459755,0.010186107829213142,0.011653736233711243,passive,0
14.6006,rehab,small_slow,19.484558143007682,-666.634535817917,310.3716934994684,-177.3901071295457,0.13359890246956604,-149.98902134837905,-14.2738,0.0142,8.6753,23.7767,-0.2542,-9.855,79.11343262927367,27.006835182114404,82.38232754244663,-21.307203504774304,-88.93309699164496,-40.92205471462673,-1.1427480867593596,-0.32649653972965653,-0.7280209985109839,1.2135738796657987,0.06785074869791667,-1.153496636284722,-0.0672,0.1672,0.7026,-0.05768,-0.01434,-0.00229,0.0008820138755254447,0.0009999937610700727,0.0009201358770951629,0.0005079067195765674,0.0005001365789212286,0.0005738979671150446,0.01173606887459755,0.010186107829213142,0.011653736233711243,passive,0
14.6207,rehab,small_slow,19.275901741955206,-666.6339119369152,310.49433749978743,-177.3907586738236,0.13414471786215268,-149.9882065170257,-13.3686,0.017,8.1844,30.7884,-0.284,-14.2526,79.09526031796295,27.00068256642559,82.37068176269531,-21.287960476345486,-88.9325459798177,-40.94082302517361,-1.1427480867593596,-0.3809114966062036,-0.7791183018448329,1.1898464626736112,0.06785074869791667,-1.153496636284722,0.1312,0.2449,0.7782,-0.0177,-0.01295,-0.00442,0.0008820138755254447,0.0009999937610700727,0.0009201358770951629,0.0005079067195765674,0.0005001365789212286,0.0005738979671150446,0.01173606887459755,0.010186107829213142,0.011653736233711243,passive,0
14.6408,rehab,small_slow,18.913605526417133,-666.6372778886445,310.71467732767076,-177.39064968405262,0.13409136312548542,-149.98781132930714,-12.5153,0.0263,7.7484,36.1092,-0.1286,-18.9853,79.06378340012957,26.99007015417118,82.34967448923847,-21.25545925564236,-88.93157111273871,-40.972323947482636,-1.0883331298828125,-0.3809114966062036,-0.727558702525526,1.1403995090060763,-0.0,-1.0856458875868056,0.0598,0.0686,0.2733,-0.02603,-0.01613,-0.00086,0.0008820138755254447,0.0009999937610700727,0.0009201358770951629,0.0005079067195765674,0.0005001365789212286,0.0005738979671150446,0.01173606887459755,0.010186107829213142,0.011653736233711243,passive,0
14.6613,rehab,small_slow,18.724362622953784,-666.6365385601754,310.84171628775624,-177.3902253837078,0.13372967155491294,-149.9867322902276,-11.9661,0.0133,7.5296,36.3361,-0.2651,-21.5594,79.04729710947169,26.983625204256267,82.33825985747988,-21.237606472439236,-88.93104553222656,-40.98968505859375,-0.9250814607827971,-0.3809114966062036,-0.7226230130337252,1.084687974717882,0.06785074869791667,-1.0856458875868056,-0.0564,0.1048,-0.123,-0.03333,-0.02089,-0.00071,0.0008820138755254447,0.0009999937610700727,0.0009201358770951629,0.0005079067195765674,0.0005001365789212286,0.0005738979671150446,0.01173606887459755,0.010186107829213142,0.011653736233711243,passive,0
14.6809,rehab,small_slow,18.452952180485426,-666.6319875542081,311.0230238672039,-177.3898937669393,0.13341466138744515,-149.98494379701341,-11.5127,-0.0086,7.3143,29.5532,-0.6084,-19.8638,79.02359764174659,26.974032562558012,82.3224670108002,-21.211878458658855,-88.93030802408855,-41.01487901475694,-0.979496417659344,-0.32649653972965653,-0.6521500691328899,1.0290696885850694,-0.0,-1.0856458875868056,-0.1852,0.0607,-0.3472,-0.049,-0.02182,0.00015,0.0008820138755254447,0.0009999937610700727,0.0009201358770951629,0.0005079067195765674,0.0005001365789212286,0.0005738979671150446,0.01173606887459755,0.010186107829213142,0.011653736233711243,passive,0
14.7008,rehab,small_slow,18.269667410626894,-666.6312123008016,311.135979342536,-177.38990929944595,0.13344751120659498,-149.98480478910193,-10.8794,-0.012,6.8371,20.451,-0.7221,-15.7385,79.00763483330755,26.968328645913907,82.31208574653851,-21.195254855685764,-88.92981635199652,-41.03079054090712,-0.979496417659344,-0.2720815828531095,-0.6982980860341893,1.07208251953125,0.06785074869791667,-0.9499359130859375,-0.1422,0.1459,0.198,-0.03584,-0.01749,0.0026,0.0008820138755254447,0.0009999937610700727,0.0009201358770951629,0.0005079067195765674,0.0005001365789212286,0.0005738979671150446,0.01173606887459755,0.010186107829213142,0.011653736233711243,passive,0
14.7206,rehab,small_slow,18.09397136955924,-666.6337260910964,311.2460882481327,-177.38980097702958,0.1333848346803668,-149.98447392258788,-10.1782,-0.0079,6.2358,14.1024,-0.4469,-12.2316,78.99238586425781,26.96319580078125,82.30135096181738,-21.17902119954427,-88.92933315700955,-41.04618496365017,-0.9250814607827971,-0.32649653972965653,-0.6714577249961324,0.9849887424045138,-0.0,-0.8820851643880208,0.034,0.1649,0.5666,-0.00974,-0.03235,0.00278,0.0008820138755254447,0.0009999937610700727,0.0009201358770951629,0.0005079067195765674,0.0005001365789212286,0.0005738979671150446,0.01173606887459755,0.010186107829213142,0.011653736233711243,passive,0
14.741,rehab,small_slow,17.839619730834382,-666.6369579042132,311.4003914965766,-177.38993795632723,0.13349048216616102,-149.98383717310512,-10.011,-0.0267,5.9815,11.2516,0.126,-10.0881,78.97031123095219,26.956003019125156,82.28617677594175,-21.15576850043403,-88.92867194281683,-41.06863233778212,-0.9250814607827971,-0.2720815828531095,-0.6038265417117884,0.9474012586805556,0.06785074869791667,-0.9499359130859375,-0.1835,0.1928,0.3608,-0.03185,-0.01958,0.0081,0.0008820138755254447,0.0009999937610700727,0.0009201358770951629,0.0005079067195765674,0.0005001365789212286,0.0005738979671150446,0.01173606887459755,0.010186107829213142,0.011653736233711243,passive,0
14.7612,rehab,small_slow,17.6681131172871,-666.6374767111828,311.49640303420955,-177.39017744554832,0.1337050297300689,-149.984057683949,-10.2685,-0.0554,6.0637,11.4126,0.6694,-8.8183,78.95540218542118,26.95132567150758,82.27697164705484,-21.141103108723957,-88.92823113335503,-41.083153618706596,-0.9250814607827971,-0.2720815828531095,-0.5385476291769802,0.9117296006944444,-0.0,-0.8820851643880208,-0.0237,0.1684,0.7637,-0.04104,-0.01824,0.00138,0.0008820138755254447,0.0009999937610700727,0.0009201358770951629,0.0005079067195765674,0.0005001365789212286,0.0005738979671150446,0.01173606887459755,0.010186107829213142,0.011653736233711243,passive,0
14.7805,rehab,small_slow,17.42410566182003,-666.6356996856738,311.63461863613117,-177.39061996811984,0.13409675790914333,-149.984613426243,-9.9808,-0.0379,5.9515,12.2739,0.8723,-7.6012,78.93415016703086,26.944302851610843,82.26413613498801,-21.120003594292534,-88.9276123046875,-41.10360887315538,-0.87066650390625,-0.2720815828531095,-0.5385476291769802,0.8595106336805556,0.13570149739583334,-0.8142344156901041,-0.0307,0.2108,0.5663,-0.02412,-0.02599,0.00044,0.0008820138755254447,0.0009999937610700727,0.0009201358770951629,0.0005079067195765674,0.0005001365789212286,0.0005738979671150446,0.01173606887459755,0.010186107829213142,0.011653736233711243,passive,0
14.8006,rehab,small_slow,17.271897851319682,-666.6359577346019,311.7280169912451,-177.3904846650723,0.13394409600483254,-149.98462690500327,-9.7619,0.016,5.9061,14.7495,0.8547,-8.1965,78.92092034368231,26.93972068257851,82.25542729443843,-21.10649956597222,-88.927247789171,-41.116672092013886,-0.8162515470297029,-0.32649653972965653,-0.542164415416151,0.8141581217447916,0.06785074869791667,-0.8820851643880208,-0.0089,0.1905,0.649,-0.03383,-0.02322,-0.00066,0.0008820138755254447,0.0009999937610700727,0.0009201358770951629,0.0005079067195765674,0.0005001365789212286,0.0005738979671150446,0.01173606887459755,0.010186107829213142,0.011653736233711243,passive,0
14.8205,rehab,small_slow,17.048050895182715,-666.6367028873385,311.86693769626123,-177.38983396114554,0.13336624697029453,-149.9851570131337,-9.3075,0.0558,5.6613,20.673,0.7413,-12.2839,78.9014699199412,26.932895018322633,82.24270055789759,-21.087222629123264,-88.92669677734375,-41.13537258572048,-0.8162515470297029,-0.2720815828531095,-0.48186198319538986,0.7781558566623263,-0.0,-0.8142344156901041,-0.0318,0.1872,0.1072,-0.01433,-0.01204,0.00489,0.0008820138755254447,0.0009999937610700727,0.0009201358770951629,0.0005079067195765674,0.0005001365789212286,0.0005738979671150446,0.01173606887459755,0.010186107829213142,0.011653736233711243,passive,0
14.8406,rehab,small_slow,16.869263776572595,-666.6364233338942,311.97977574428137,-177.3889792324416,0.13262087914181422,-149.98581748390413,-8.6863,0.0662,5.2935,26.8319,0.3446,-17.2747,78.885921818195,26.9271979001489,82.23276119421024,-21.072252061631943,-88.92625596788194,-41.15008884006076,-0.7618297916827815,-0.2720815828531095,-0.4643083326887376,0.7046847873263888,-0.06785074869791667,-0.7463751898871528,-0.0385,0.0895,0.1193,-0.02099,-0.02676,0.00275,0.0008820138755254447,0.0009999937610700727,0.0009201358770951629,0.0005079067195765674,0.0005001365789212286,0.0005738979671150446,0.01173606887459755,0.010186107829213142,0.011653736233711243,passive,0
14.8606,rehab,small_slow,16.736768867002446,-666.6349271805013,312.0638531675959,-177.38853355831944,0.13221567600786302,-149.98608345864108,-8.0822,0.0478,4.876,29.2471,-0.3865,-19.8052,78.8743780154993,26.922826483698174,82.22546643549853,-21.060833401150173,-88.92593383789062,-41.16123623318142,-0.7618297916827815,-0.2176666259765625,-0.43641420874265163,0.6788720024956597,-0.0,-0.7463751898871528,-0.1945,0.0984,-0.0412,-0.03211,-0.0162,0.00473,0.0008820138755254447,0.0009999937610700727,0.0009201358770951629,0.0005079067195765674,0.0005001365789212286,0.0005738979671150446,0.01173606887459755,0.010186107829213142,0.011653736233711243,passive,0
14.8809,rehab,small_slow,16.55338507570222,-666.6318142682115,312.17414311522316,-177.38866428101517,0.13230912059286692,-149.9863984027601,-7.5262,0.0238,4.4165,31.3454,-1.0817,-20.892,78.85838121470839,26.91704778387995,82.21562225039642,-21.044557359483505,-88.92548455132378,-41.1767323811849,-0.5985781225827661,-0.16324487062964108,-0.38993306679300743,0.6987423366970485,-0.0,-0.6106736924913194,-0.1799,0.1107,-0.115,-0.02709,-0.01157,0.00822,0.0008820138755254447,0.0009999937610700727,0.0009201358770951629,0.0005079067195765674,0.0005001365789212286,0.0005738979671150446,0.01173606887459755,0.010186107829213142,0.011653736233711243,passive,0
14.901,rehab,small_slow,16.385214165581186,-666.630839412803,312.26758712430194,-177.38931910117853,0.1329090228141673,-149.98657805870494,-6.9745,-0.0005,3.9909,32.4148,-1.3243,-19.9949,78.84373730952197,26.91243842096612,82.206553090917,-21.02953592936198,-88.92503526475694,-41.19102478027344,-0.5985781225827661,-0.16324487062964108,-0.33125546899172337,0.5869208441840278,-0.0,-0.5428229437934028,-0.0408,0.2519,0.0639,-0.03416,-0.01397,0.00298,0.0008820138755254447,0.0009999937610700727,0.0009201358770951629,0.0005079067195765674,0.0005001365789212286,0.0005738979671150446,0.01173606887459755,0.010186107829213142,0.011653736233711243,passive,0
14.9209,rehab,small_slow,16.277101458691135,-666.6311514976719,312.3249004212374,-177.38968159753543,0.1332480760689488,-149.98707750107795,-6.3172,-0.0317,3.6015,30.098,-1.1139,-16.8848,78.83434182346457,26.909712234345992,82.20084917427289,-21.02032979329427,-88.9247555202908,-41.19981553819444,-0.5985781225827661,-0.16324487062964108,-0.3817001191696318,0.5603875054253472,-0.0,-0.4749637179904514,-0.1311,0.0649,-0.176,-0.03631,-0.00984,0.00584,0.0008820138755254447,0.0009999937610700727,0.0009201358770951629,0.0005079067195765674,0.0005001365789212286,0.0005738979671150446,0.01173606887459755,0.010186107829213142,0.011653736233711243,passive,0
14.9407,rehab,small_slow,16.172785880211485,-666.6335867002265,312.38171346205456,-177.38974202256912,0.13327717989779908,-149.98771087461608,-5.7616,-0.0577,3.3434,28.2982,-0.6036,-14.8117,78.82532025327777,26.90724438960009,82.1949820943398,-21.011666191948784,-88.92452663845486,-41.208106146918404,-0.489748208829672,-0.10882991375309406,-0.3622428969581528,0.5096859402126735,-0.0,-0.5428229437934028,-0.1176,0.1546,0.6559,-0.02784,-0.01666,0.00441,0.0008820138755254447,0.0009999937610700727,0.0009201358770951629,0.0005079067195765674,0.0005001365789212286,0.0005738979671150446,0.01173606887459755,0.010186107829213142,0.011653736233711243,passive,0
14.9608,rehab,small_slow,16.034664155799355,-666.6367776836025,312.46270128182135,-177.38956287686716,0.1331173940507371,-149.9880585476869,-4.9766,-0.0618,2.9957,27.6389,-0.0291,-14.5714,78.81336854235961,26.903681991123918,82.1868103329498,-20.999806722005207,-88.92418755425346,-41.21957567003038,-0.435333251953125,-0.16324487062964108,-0.32449099096921413,0.4477691650390625,-0.0,-0.4749637179904514,-0.1615,0.2158,0.9827,-0.04002,-0.01437,0.00295,0.0008820138755254447,0.0009999937610700727,0.0009201358770951629,0.0005079067195765674,0.0005001365789212286,0.0005738979671150446,0.01173606887459755,0.010186107829213142,0.011653736233711243,passive,0
14.981,rehab,small_slow,15.959187490258625,-666.6378428564035,312.51052673351535,-177.38960913347233,0.1331551029766637,-149.9876228686427,-4.3815,-0.049,2.7494,27.1558,0.424,-15.7285,78.80682161538908,26.901520077544863,82.18200381439512,-20.99255879720052,-88.92398410373264,-41.22647603352865,-0.3809114966062036,-0.16324487062964108,-0.29496523413327663,0.44184366861979163,-0.0,-0.4071129692925347,-0.0917,0.1482,0.6882,-0.04876,-0.01467,-0.00459,0.0008820138755254447,0.0009999937610700727,0.0009201358770951629,0.0005079067195765674,0.0005001365789212286,0.0005738979671150446,0.01173606887459755,0.010186107829213142,0.011653736233711243,passive,0
15.0007,rehab,small_slow,15.864549598333898,-666.6379899066212,312.5755656912294,-177.38965403742984,0.1331960723490478,-149.98667449542145,-4.1591,-0.036,2.6162,27.8272,0.742,-17.923,78.7985886677657,26.898433571994893,82.17570843082844,-20.98282708062066,-88.92371283637152,-41.235546535915795,-0.32649653972965653,-0.16324487062964108,-0.26637086773862934,0.37775675455729163,-0.0,-0.339262220594618,-0.1026,-0.0194,0.3071,-0.04646,-0.03181,-0.00157,0.0008820138755254447,0.0009999937610700727,0.0009201358770951629,0.0005079067195765674,0.0005001365789212286,0.0005738979671150446,0.01173606887459755,0.010186107829213142,0.011653736233711243,passive,0
15.0206,rehab,small_slow,15.807829807194803,-666.6373248518917,312.6149895874512,-177.38960943111837,0.1331885941061138,-149.9863696315713,-3.6556,-0.0136,2.2109,30.3483,0.8856,-20.2277,78.79363938133315,26.89645521711595,82.17209164458926,-20.97710503472222,-88.9235348171658,-41.240734524197045,-0.2720815828531095,-0.10882991375309406,-0.19506171198174505,0.3392367892795139,0.06785074869791667,-0.339262220594618,0.0284,0.1829,-0.093,-0.01514,-0.0174,0.00318,0.0008820138755254447,0.0009999937610700727,0.0009201358770951629,0.0005079067195765674,0.0005001365789212286,0.0005738979671150446,0.01173606887459755,0.010186107829213142,0.011653736233711243,passive,0
15.0411,rehab,small_slow,15.72806925048172,-666.63655916231,312.6633101555629,-177.38975627274183,0.1333288276520195,-149.98668055562538,-2.8567,0.0111,1.6031,34.103,0.815,-21.6917,78.78669134461053,26.894041760133046,82.16755026637918,-20.969738430447048,-88.92333136664496,-41.247287326388886,-0.2720815828531095,-0.10882991375309406,-0.17151181060488863,0.2942403157552083,-0.0,-0.2714114718967014,-0.0559,0.0482,0.1346,-0.04012,-0.0228,-0.00073,0.0008820138755254447,0.0009999937610700727,0.0009201358770951629,0.0005079067195765674,0.0005001365789212286,0.0005738979671150446,0.01173606887459755,0.010186107829213142,0.011653736233711243,passive,0
15.0616,rehab,small_slow,15.679745722196571,-666.6357710849534,312.6892604929162,-177.3899697019079,0.13348721911901615,-149.98726492286886,-2.2283,0.0203,1.139,40.4971,0.6544,-22.9063,78.7824830914488,26.89270246146929,82.16512321245553,-20.965593126085068,-88.92324659559462,-41.25086466471354,-0.2176666259765625,-0.10882991375309406,-0.15159909087832613,0.2375115288628472,0.06785074869791667,-0.2714114718967014,-0.1509,0.1646,-0.1167,-0.03747,-0.01774,0.00846,0.0008820138755254447,0.0009999937610700727,0.0009201358770951629,0.0005079067195765674,0.0005001365789212286,0.0005738979671150446,0.01173606887459755,0.010186107829213142,0.011653736233711243,passive,0
15.0805,rehab,small_slow,15.62039618425948,-666.6383098663825,312.7141429919558,-177.39061605587585,0.13405679424435926,-149.98807310062207,-1.4224,0.0227,0.714,43.887,0.4248,-21.3016,78.77737064172726,26.89189344349474,82.16182595432394,-20.960489908854168,-88.92311943901909,-41.25511169433594,-0.16324487062964108,-0.0,-0.0885092858040687,0.13570149739583334,-0.0,-0.13570149739583334,-0.1756,0.091,0.633,-0.04867,-0.01046,-0.00393,0.0008820138755254447,0.0009999937610700727,0.0009201358770951629,0.0005079067195765674,0.0005001365789212286,0.0005738979671150446,0.01173606887459755,0.010186107829213142,0.011653736233711243,passive,0
15.1008,rehab,small_slow,15.605263013438071,-666.6379830261986,312.71427621800996,-177.3914274793904,0.13478890438309232,-149.9879563548183,-0.3607,0.0289,0.2803,39.867,-0.0209,-15.4173,78.77604494000425,26.891947831257735,82.16131606904587,-20.95889621310764,-88.92306009928386,-41.25653584798177,-0.0,0.05441495687654703,0.007933814926902847,0.040715535481770836,-0.0,-0.0,-0.0546,0.1539,0.9142,-0.04133,-0.01206,-0.00169,0.0008820138755254447,0.0009999937610700727,0.0009201358770951629,0.0005079067195765674,0.0005001365789212286,0.0005738979671150446,0.01173606887459755,0.010186107829213142,0.011653736233711243,passive,0
15.121,rehab,small_slow,15.614669254638903,-666.6356824361118,312.7102807360471,-177.39241196568295,0.13562280377410058,-149.98492701784315,0.5167,0.0316,0.0154,32.3197,-0.5079,-9.2404,78.77680636868618,26.89202941290223,82.16138405374961,-20.957683987087673,-88.92300923665364,-41.258790757921005,0.05441495687654703,-0.0,0.028913894502243194,0.0035858154296875,-0.0,-0.06785074869791667,-0.2401,0.1699,0.3736,-0.05611,-0.00307,0.00358,0.0008820138755254447,0.0009999937610700727,0.0009201358770951629,0.0005079067195765674,0.0005001365789212286,0.0005738979671150446,0.01173606887459755,0.010186107829213142,0.011653736233711243,passive,0
15.1409,rehab,small_slow,15.636085675619707,-666.6349039643375,312.7092326875114,-177.39253101754736,0.13574037183028864,-149.98210474084405,1.1398,0.025,-0.1147,23.2187,-0.7689,-4.795,78.7786351572169,26.8920634052541,82.1614384415126,-20.95757378472222,-88.92296685112846,-41.25978257921007,0.10882991375309406,-0.0,0.0004758929262066832,-0.0,-0.0,-0.0,-0.1878,0.053,0.5244,-0.05659,-0.00766,-0.00016,0.0008820138755254447,0.0009999937610700727,0.0009201358770951629,0.0005079067195765674,0.0005001365789212286,0.0005738979671150446,0.01173606887459755,0.010186107829213142,0.011653736233711243,passive,0
15.1613,rehab,small_slow,15.673042028891592,-666.6341730875,312.7085461216544,-177.39248140949178,0.13572802896913067,-149.97887989890467,1.4883,0.0121,-0.1119,12.8714,-0.7989,-1.9493,78.78181004288173,26.892104196076346,82.16150642621635,-20.957726372612846,-88.92294141981337,-41.25983344184028,0.16324487062964108,0.05441495687654703,-0.011265065410349629,-0.010240342881944444,-0.0,0.06785074869791667,0.0216,0.0333,0.2141,-0.02501,-0.01591,-0.00236,0.0008820138755254447,0.0009999937610700727,0.0009201358770951629,0.0005079067195765674,0.0005001365789212286,0.0005738979671150446,0.01173606887459755,0.010186107829213142,0.011653736233711243,passive,0
15.1805,rehab,small_slow,15.717335878421835,-666.6337646516012,312.7072734490193,-177.39220421814116,0.13549752169559798,-149.97565142035268,1.523,-0.0185,-0.0462,3.8699,-0.5811,-0.5156,78.78563078323214,26.892192576191214,82.16171717879796,-20.958404541015625,-88.9229498969184,-41.25924852159288,0.10882991375309406,-0.0,0.027764953008972772,-0.033425225151909724,-0.0,-0.0,-0.18,0.0736,0.1228,-0.04225,-0.00922,0.00284,0.0008820138755254447,0.0009999937610700727,0.0009201358770951629,0.0005079067195765674,0.0005001365789212286,0.0005738979671150446,0.01173606887459755,0.010186107829213142,0.011653736233711243,passive,0
15.2005,rehab,small_slow,15.73863214893137,-666.6341515849625,312.7067178143133,-177.39172554635348,0.13510875421211177,-149.97482929278488,1.3501,-0.0483,-0.013,-0.9084,-0.0358,-1.003,78.78747996717397,26.892246963954207,82.16195512526106,-20.95934549967448,-88.92295837402344,-41.258231268988716,0.10882991375309406,-0.0,0.02556224860767327,-0.04174974229600694,-0.06785074869791667,0.13570149739583334,-0.1741,0.2498,0.3191,-0.03364,-0.01111,0.01079,0.0008820138755254447,0.0009999937610700727,0.0009201358770951629,0.0005079067195765674,0.0005001365789212286,0.0005738979671150446,0.01173606887459755,0.010186107829213142,0.011653736233711243,passive,0
15.2207,rehab,small_slow,15.758287043065874,-666.6365032796691,312.70825345187313,-177.3903153899349,0.13396478106205476,-149.97609807889665,1.3164,-0.0417,-0.1143,-0.0827,0.7149,-3.3119,78.78922717406017,26.892294553246828,82.16229504877978,-20.96164279513889,-88.92298380533855,-41.25523885091146,0.05441495687654703,-0.0,0.024814416866491336,-0.13326856825086805,0.06785074869791667,0.20355224609375,-0.1382,0.1699,0.5716,-0.0302,-0.01302,0.01069,0.0008820138755254447,0.0009999937610700727,0.0009201358770951629,0.0005079067195765674,0.0005001365789212286,0.0005738979671150446,0.01173606887459755,0.010186107829213142,0.011653736233711243,passive,0
15.2407,rehab,small_slow,15.770286176175562,-666.6379114558262,312.7080506360197,-177.38935749596826,0.1331793117871686,-149.97818808238748,1.2777,-0.0124,-0.2333,3.9925,1.42,-6.2267,78.79030133237933,26.892348941009825,82.16271655394299,-20.963456895616318,-88.92304314507378,-41.25209384494357,0.05441495687654703,-0.0,0.03792866621867265,-0.10927836100260416,-0.0,0.20355224609375,-0.1831,0.2886,0.8077,-0.03074,-0.01937,0.00606,0.0008820138755254447,0.0009999937610700727,0.0009201358770951629,0.0005079067195765674,0.0005001365789212286,0.0005738979671150446,0.01173606887459755,0.010186107829213142,0.011653736233711243,passive,0
15.2609,rehab,small_slow,15.797570586742408,-666.6387984133156,312.70235779307745,-177.38820439508424,0.13231010425870526,-149.98081654399044,1.4173,0.0307,-0.3958,9.0125,1.8648,-8.7225,78.79268759548074,26.892586887472927,82.16387229390664,-20.966449313693577,-88.923094007704,-41.24710930718316,0.16324487062964108,0.05441495687654703,0.05444894922841893,-0.10524325900607638,-0.0,0.2714114718967014,-0.1828,0.1534,0.8865,-0.03699,-0.02293,0.00444,0.0008820138755254447,0.0009999937610700727,0.0009201358770951629,0.0005079067195765674,0.0005001365789212286,0.0005738979671150446,0.01173606887459755,0.010186107829213142,0.011653736233711243,passive,0
15.2808,rehab,small_slow,15.831164861428164,-666.6375615478555,312.69084919675964,-177.38750073995638,0.1317989246345973,-149.98242879208522,1.767,0.0825,-0.5852,12.4695,1.8018,-9.89,78.79558374386022,26.89289961711015,82.16568748549659,-20.969585842556423,-88.92315334743924,-41.24263339572482,0.16324487062964108,-0.0,0.10882991375309406,-0.16985575358072916,-0.0,0.20355224609375,-0.0694,0.2106,0.8469,-0.02022,-0.02532,0.00574,0.0008820138755254447,0.0009999937610700727,0.0009201358770951629,0.0005079067195765674,0.0005001365789212286,0.0005738979671150446,0.01173606887459755,0.010186107829213142,0.011653736233711243,passive,0
15.3008,rehab,small_slow,15.882542850271946,-666.6337799804434,312.6715064720983,-177.3866491943472,0.1311510821786162,-149.98384524380998,2.1777,0.1257,-0.8133,14.3442,1.1399,-10.3367,78.79998235419245,26.893246339099242,82.16886237116144,-20.97435845269097,-88.92325507269965,-41.236868964301216,0.2176666259765625,-0.0,0.14230558187654702,-0.22096421983506945,-0.0,0.20355224609375,-0.0623,0.3229,1.056,-0.02907,-0.01868,-0.00117,0.0008820138755254447,0.0009999937610700727,0.0009201358770951629,0.0005079067195765674,0.0005001365789212286,0.0005738979671150446,0.01173606887459755,0.010186107829213142,0.011653736233711243,passive,0
15.3208,rehab,small_slow,15.924139753438245,-666.6304126611323,312.6552003745742,-177.38620264339005,0.13081308904628156,-149.98444731034087,2.5425,0.1448,-1.0505,16.4207,0.2206,-11.2845,78.80353795419825,26.89355906873646,82.17137780519995,-20.97787645128038,-88.92333984375,-41.23274909125434,0.2720815828531095,-0.05441495687654703,0.1363501218285891,-0.18636915418836805,-0.0,0.20355224609375,-0.063,0.2898,1.0247,-0.02576,-0.01873,0.00019,0.0008820138755254447,0.0009999937610700727,0.0009201358770951629,0.0005079067195765674,0.0005001365789212286,0.0005738979671150446,0.01173606887459755,0.010186107829213142,0.011653736233711243,passive,0
15.3405,rehab,small_slow,15.969954224815192,-666.6274516431209,312.6368850569313,-177.38588687553167,0.13058009649410968,-149.98497291353868,2.8056,0.1324,-1.2585,18.3896,-0.6212,-12.3433,78.80746747007464,26.89404855860342,82.17390003770885,-20.981419881184895,-88.92344156901042,-41.22833251953125,0.2720815828531095,0.05441495687654703,0.1791057020130724,-0.1963043212890625,-0.0,0.339262220594618,-0.1747,0.1865,0.2288,-0.04076,-0.01241,0.00513,0.0008820138755254447,0.0009999937610700727,0.0009201358770951629,0.0005079067195765674,0.0005001365789212286,0.0005738979671150446,0.01173606887459755,0.010186107829213142,0.011653736233711243,passive,0
15.3607,rehab,small_slow,16.044194475893313,-666.6246847177322,312.6051132507435,-177.38549835818097,0.13034690219660522,-149.9857061399935,2.9611,0.0977,-1.4369,19.7388,-1.3057,-12.9482,78.81386483069694,26.895224693978186,82.17767318876663,-20.987040201822918,-88.92357720269096,-41.22126261393229,0.32649653972965653,0.05441495687654703,0.17087955286007117,-0.2410125732421875,0.06785074869791667,0.339262220594618,-0.1538,0.3557,0.8361,-0.03457,-0.01645,0.00595,0.0008820138755254447,0.0009999937610700727,0.0009201358770951629,0.0005079067195765674,0.0005001365789212286,0.0005738979671150446,0.01173606887459755,0.010186107829213142,0.011653736233711243,passive,0
15.3808,rehab,small_slow,16.095312651275908,-666.6235372498335,312.5790577534741,-177.38556723501742,0.13042479682106844,-149.98645226854674,3.2845,0.0524,-1.6801,20.8909,-1.6614,-12.9563,78.81829063491065,26.896373635471456,82.18030419680152,-20.990880330403645,-88.92372131347656,-41.216133965386284,0.32649653972965653,0.10882991375309406,0.14461026333346225,-0.2674950493706597,-0.0,0.339262220594618,-0.1588,0.2024,0.6592,-0.03414,-0.0148,0.00592,0.0008820138755254447,0.0009999937610700727,0.0009201358770951629,0.0005079067195765674,0.0005001365789212286,0.0005738979671150446,0.01173606887459755,0.010186107829213142,0.011653736233711243,passive,0
15.401,rehab,small_slow,16.176935741213427,-666.6236617330391,312.5343291512137,-177.38580487266913,0.1306281430829006,-149.98758282751308,3.8868,0.0159,-2.0286,21.7896,-1.6747,-12.5521,78.82539503645188,26.898623929165378,82.18432889126315,-20.99710252549913,-88.92397562662761,-41.207970513237846,0.32649653972965653,0.10882991375309406,0.14681976620513615,-0.2721150716145833,0.06785074869791667,0.4071129692925347,-0.101,0.1167,0.8528,-0.03383,-0.02328,-0.00244,0.0008820138755254447,0.0009999937610700727,0.0009201358770951629,0.0005079067195765674,0.0005001365789212286,0.0005738979671150446,0.01173606887459755,0.010186107829213142,0.011653736233711243,passive,0
15.4207,rehab,small_slow,16.23751471057557,-666.6236438753107,312.50064980429084,-177.38609800326608,0.13088285532659125,-149.98812969091765,4.4724,-0.0053,-2.3257,21.728,-1.4545,-11.8307,78.83066385099204,26.900323546758973,82.18729302434637,-21.001561482747395,-88.92415364583333,-41.20220608181423,0.32649653972965653,0.16324487062964108,0.18790972114789603,-0.2713351779513889,0.06785074869791667,0.2714114718967014,-0.1906,0.1476,0.6219,-0.0205,-0.02192,0.00478,0.0008820138755254447,0.0009999937610700727,0.0009201358770951629,0.0005079067195765674,0.0005001365789212286,0.0005738979671150446,0.01173606887459755,0.010186107829213142,0.011653736233711243,passive,0
15.4408,rehab,small_slow,16.341674600159816,-666.6244992088859,312.445129716834,-177.38637579239972,0.13107884098449532,-149.98825614524242,4.9657,-0.0271,-2.5561,19.648,-1.1187,-10.2418,78.83973980894183,26.90321969513846,82.19213353525294,-21.00925021701389,-88.92446729871962,-41.19309319390191,0.3809114966062036,0.10882991375309406,0.1993855391398515,-0.2856784396701389,-0.0,0.4071129692925347,-0.0265,0.1678,0.5906,-0.02443,-0.03017,-0.00171,0.0008820138755254447,0.0009999937610700727,0.0009201358770951629,0.0005079067195765674,0.0005001365789212286,0.0005738979671150446,0.01173606887459755,0.010186107829213142,0.011653736233711243,passive,0
15.461,rehab,small_slow,16.422537260198645,-666.6245348001831,312.4026850501084,-177.38670499141938,0.13134472759125865,-149.98772617859336,5.2711,-0.044,-2.6936,15.6629,-0.7854,-8.1993,78.84676942730894,26.905381608717512,82.19585229854772,-21.014912923177082,-88.92467922634549,-41.18665907118056,0.435333251953125,0.16324487062964108,0.23630123327274133,-0.3756035698784722,-0.06785074869791667,0.4071129692925347,-0.213,0.2826,0.7607,-0.03011,-0.02025,0.00771,0.0008820138755254447,0.0009999937610700727,0.0009201358770951629,0.0005079067195765674,0.0005001365789212286,0.0005738979671150446,0.01173606887459755,0.010186107829213142,0.011653736233711243,passive,0
15.4808,rehab,small_slow,16.581125908938024,-666.6257172760565,312.32583641936367,-177.38708133403208,0.1316470094774921,-149.98618665262663,5.4558,-0.0543,-2.8113,10.6291,-0.503,-6.4444,78.86057032216894,26.909447094001393,82.20245361328125,-21.02548387315538,-88.92506917317708,-41.174519856770836,0.489748208829672,0.16324487062964108,0.25559529219523514,-0.3766038682725694,-0.06785074869791667,0.4749637179904514,-0.1459,0.102,0.7674,-0.05045,-0.02212,-0.00261,0.0008820138755254447,0.0009999937610700727,0.0009201358770951629,0.0005079067195765674,0.0005001365789212286,0.0005738979671150446,0.01173606887459755,0.010186107829213142,0.011653736233711243,passive,0
15.5009,rehab,small_slow,16.673866981660012,-666.6257652557016,312.28020134738887,-177.38733871247587,0.13184389884921802,-149.9855715281048,5.5847,-0.0677,-2.9329,6.5669,-0.2469,-5.7105,78.86863330803295,26.911778969339803,82.20649190468363,-21.03176540798611,-88.92531500922308,-41.167144775390625,0.435333251953125,0.10882991375309406,0.22657262216700186,-0.3777991400824653,-0.0,0.4071129692925347,-0.1678,0.2392,1.2749,-0.02414,-0.02888,0.00358,0.0008820138755254447,0.0009999937610700727,0.0009201358770951629,0.0005079067195765674,0.0005001365789212286,0.0005738979671150446,0.01173606887459755,0.010186107829213142,0.011653736233711243,passive,0
15.5206,rehab,small_slow,16.80817282870517,-666.6278075547963,312.21213966577113,-177.3873857800377,0.1318233548189813,-149.9857412526304,5.7336,-0.0762,-3.0517,6.619,0.0773,-6.7808,78.88035387095839,26.915443344871598,82.2123929769686,-21.041683620876736,-88.92572191026476,-41.1553700764974,0.435333251953125,0.2176666259765625,0.25105391398514854,-0.4334174262152778,-0.0,0.5428229437934028,-0.1682,0.1451,0.9925,-0.02504,-0.02024,0.00644,0.0008820138755254447,0.0009999937610700727,0.0009201358770951629,0.0005079067195765674,0.0005001365789212286,0.0005738979671150446,0.01173606887459755,0.010186107829213142,0.011653736233711243,passive,0
15.5406,rehab,small_slow,16.89373486745634,-666.6300405171792,312.16150225762084,-177.3874887461897,0.13184551817401116,-149.98665026503372,5.8151,-0.0703,-3.1385,10.3161,0.4009,-8.7677,78.88784578531096,26.91823071772509,82.21665561789334,-21.048906114366318,-88.926027086046,-41.147054036458336,0.489748208829672,0.16324487062964108,0.26874353389928834,-0.4419793023003472,-0.0,0.4749637179904514,-0.152,0.1271,0.6015,-0.02837,-0.01292,0.00349,0.0008820138755254447,0.0009999937610700727,0.0009201358770951629,0.0005079067195765674,0.0005001365789212286,0.0005738979671150446,0.01173606887459755,0.010186107829213142,0.011653736233711243,passive,0
15.561,rehab,small_slow,16.983777591277843,-666.6314571671626,312.10665408287133,-177.38774895323763,0.13201386905449775,-149.9874434866699,6.0449,-0.0553,-3.3549,15.7259,0.596,-10.7304,78.89571161553411,26.92114046304533,82.22136695786278,-21.056493123372395,-88.92633226182726,-41.13848368326823,0.489748208829672,0.16324487062964108,0.32353920511680073,-0.4749298095703125,-0.0,0.5428229437934028,-0.2811,0.1102,0.9461,-0.05083,-0.0212,-0.00124,0.0008820138755254447,0.0009999937610700727,0.0009201358770951629,0.0005079067195765674,0.0005001365789212286,0.0005738979671150446,0.01173606887459755,0.010186107829213142,0.011653736233711243,passive,0
15.5806,rehab,small_slow,17.137586906325016,-666.6326249674287,312.01965565936734,-177.38838109732473,0.13246840326540388,-149.9876436764429,6.2981,-0.0407,-3.5827,19.9572,0.645,-11.7199,78.90911819911238,26.925695438196165,82.22883167833385,-21.068166097005207,-88.92681545681424,-41.12501356336806,0.544163165706219,0.16324487062964108,0.350331976862237,-0.5068122016059028,-0.06785074869791667,0.6106736924913194,-0.1159,0.179,0.3988,-0.02472,-0.02429,0.00475,0.0008820138755254447,0.0009999937610700727,0.0009201358770951629,0.0005079067195765674,0.0005001365789212286,0.0005738979671150446,0.01173606887459755,0.010186107829213142,0.011653736233711243,passive,0
15.6009,rehab,small_slow,17.254783280458764,-666.6334276276281,311.95990809238873,-177.38859767167824,0.13261417857715108,-149.9867934915763,6.7413,-0.0215,-3.8396,21.3929,0.5294,-11.243,78.91932270314433,26.92882953303875,82.234046105111,-21.076549953884548,-88.92712910970052,-41.115756564670136,0.5985781225827661,0.2176666259765625,0.30998305519028463,-0.5600229899088541,-0.0,0.4749637179904514,-0.058,0.1597,0.6915,-0.01217,-0.02024,0.00279,0.0008820138755254447,0.0009999937610700727,0.0009201358770951629,0.0005079067195765674,0.0005001365789212286,0.0005738979671150446,0.01173606887459755,0.010186107829213142,0.011653736233711243,passive,0
15.6209,rehab,small_slow,17.436594120885804,-666.6328037361803,311.86183368875385,-177.38920205009182,0.13308060006016972,-149.98562782956208,7.4858,-0.0054,-4.1777,20.9023,0.3448,-9.8389,78.9351223482944,26.933738028649056,82.24285012424582,-21.08996073404948,-88.9276123046875,-41.101277669270836,0.5985781225827661,0.2176666259765625,0.38991946985225867,-0.5531480577256944,-0.06785074869791667,0.6106736924913194,-0.1755,0.2206,0.9295,-0.04356,-0.01978,0.00196,0.0008820138755254447,0.0009999937610700727,0.0009201358770951629,0.0005079067195765674,0.0005001365789212286,0.0005738979671150446,0.01173606887459755,0.010186107829213142,0.011653736233711243,passive,0
15.6406,rehab,small_slow,17.55393032672596,-666.6319702764476,311.79270021844894,-177.38983804742327,0.1335714188762649,-149.98572570102343,7.9389,-0.0066,-4.3288,18.4266,0.2651,-7.4698,78.94532005385597,26.937150860776995,82.24903673228651,-21.09908209906684,-88.92796834309895,-41.091088189019096,0.6529998779296875,0.2176666259765625,0.39993361671372213,-0.5799102783203125,-0.0,0.678524441189236,0.0015,0.2541,0.6874,-0.0271,-0.02122,0.00406,0.0008820138755254447,0.0009999937610700727,0.0009201358770951629,0.0005079067195765674,0.0005001365789212286,0.0005738979671150446,0.01173606887459755,0.010186107829213142,0.011653736233711243,passive,0
15.661,rehab,small_slow,17.73011652690505,-666.6325941800262,311.6888270895426,-177.3901927925058,0.13382747066168446,-149.98632689333945,8.256,-0.0124,-4.4408,14.4835,0.3079,-4.7971,78.96066420149094,26.942426473787517,82.25837783058091,-21.11376444498698,-88.92848544650607,-41.07531229654948,0.6529998779296875,0.2176666259765625,0.38282866525177905,-0.6208716498480903,-0.0,0.678524441189236,-0.0968,0.1499,1.333,-0.02498,-0.02286,-0.0025,0.0008820138755254447,0.0009999937610700727,0.0009201358770951629,0.0005079067195765674,0.0005001365789212286,0.0005738979671150446,0.01173606887459755,0.010186107829213142,0.011653736233711243,passive,0
15.6807,rehab,small_slow,17.8564144563372,-666.6333044151947,311.6210708851432,-177.3901521105364,0.13372104359513393,-149.98651732493565,8.3467,-0.015,-4.4655,9.5865,0.3182,-2.777,78.97167092502707,26.945900492148823,82.26456443862159,-21.123877631293404,-88.92887539333768,-41.064232720269096,0.7618297916827815,0.2720815828531095,0.4002123539990718,-0.6435563829210069,-0.06785074869791667,0.7463751898871528,-0.075,0.1283,0.4615,-0.02567,-0.0336,0.00119,0.0008820138755254447,0.0009999937610700727,0.0009201358770951629,0.0005079067195765674,0.0005001365789212286,0.0005738979671150446,0.01173606887459755,0.010186107829213142,0.011653736233711243,passive,0
15.7007,rehab,small_slow,18.090315420414097,-666.6334769010028,311.50290735546184,-177.3898925307082,0.13348517618736802,-149.98647438196494,8.337,-0.0109,-4.4373,4.4259,0.2356,-1.6387,78.9920187468576,26.951849153726407,82.27559835603921,-21.141849093967014,-88.9294942220052,-41.04413350423177,0.7074148348062346,0.2176666259765625,0.40197995629641087,-0.6435309516059028,-0.0,0.7463751898871528,-0.2168,0.0225,-0.057,-0.03773,-0.0129,0.0013,0.0008820138755254447,0.0009999937610700727,0.0009201358770951629,0.0005079067195765674,0.0005001365789212286,0.0005738979671150446,0.01173606887459755,0.010186107829213142,0.011653736233711243,passive,0
15.7208,rehab,small_slow,18.223796382281947,-666.6343744579892,311.43612955120824,-177.38931259211836,0.1329479760329805,-149.98670040244852,8.5099,0.0111,-4.5094,3.7045,0.1364,-2.8805,79.00365092966815,26.9552483889136,82.28198891819113,-21.152801513671875,-88.92987569173177,-41.032401190863716,0.7618297916827815,0.2176666259765625,0.391673475208849,-0.733303493923611,-0.06785074869791667,0.8142344156901041,-0.0259,0.1872,0.5645,-0.0133,-0.01569,0.00355,0.0008820138755254447,0.0009999937610700727,0.0009201358770951629,0.0005079067195765674,0.0005001365789212286,0.0005738979671150446,0.01173606887459755,0.010186107829213142,0.011653736233711243,passive,0
15.7407,rehab,small_slow,18.426674685423784,-666.6346805117757,311.3284202304031,-177.3888083840846,0.13248688497965982,-149.9876268580386,8.6675,0.0292,-4.5987,6.2894,0.0215,-5.4691,79.0213133557008,26.960625978979735,82.29224780998608,-21.16970486111111,-88.93045213487413,-41.01400587293837,0.7618297916827815,0.2720815828531095,0.4194384282178218,-0.68206787109375,0.06785074869791667,0.7463751898871528,-0.1228,0.1779,0.439,-0.02955,-0.02099,0.00309,0.0008820138755254447,0.0009999937610700727,0.0009201358770951629,0.0005079067195765674,0.0005001365789212286,0.0005738979671150446,0.01173606887459755,0.010186107829213142,0.011653736233711243,passive,0
15.7609,rehab,small_slow,18.57055480058318,-666.6333710695711,311.2490007923462,-177.38894655558232,0.13255218254880963,-149.98788084372424,8.7619,0.0223,-4.7039,10.553,-0.192,-8.633,79.03381574271928,26.964467114741257,82.29976691822014,-21.18131849500868,-88.93087599012587,-41.001383463541664,0.7074148348062346,0.2176666259765625,0.48268459811069,-0.7463412814670138,-0.0,0.8142344156901041,-0.1451,0.2406,1.0826,-0.03353,-0.02972,0.00431,0.0008820138755254447,0.0009999937610700727,0.0009201358770951629,0.0005079067195765674,0.0005001365789212286,0.0005738979671150446,0.01173606887459755,0.010186107829213142,0.011653736233711243,passive,0
15.781,rehab,small_slow,18.72229971503796,-666.6322576129563,311.1646317896889,-177.3892149795971,0.13284539461014672,-149.98807336433947,8.9269,0.0014,-4.9033,17.8618,-0.5162,-12.8906,79.04699117830484,26.968614181669633,82.30756476373956,-21.193288167317707,-88.93123202853732,-40.988150702582466,0.8162515470297029,0.2720815828531095,0.47534904857673266,-0.7530721028645833,-0.06785074869791667,0.8142344156901041,-0.1486,0.077,0.3979,-0.04043,-0.03304,0.00358,0.0008820138755254447,0.0009999937610700727,0.0009201358770951629,0.0005079067195765674,0.0005001365789212286,0.0005738979671150446,0.01173606887459755,0.010186107829213142,0.011653736233711243,passive,0
15.801,rehab,small_slow,18.950299832601484,-666.6304194906891,311.0368243395457,-177.3894461338073,0.13308749925945043,-149.9887995151733,9.3278,-0.0195,-5.1991,24.8155,-0.8089,-16.1437,79.06679512250541,26.97484837900294,82.31955046700959,-21.21181911892361,-88.93181694878471,-40.96783108181423,0.8162515470297029,0.2720815828531095,0.4804003120648979,-0.8194563123914931,-0.0,0.8820851643880208,-0.2246,0.2036,0.5501,-0.0366,-0.02719,0.00429,0.0008820138755254447,0.0009999937610700727,0.0009201358770951629,0.0005079067195765674,0.0005001365789212286,0.0005738979671150446,0.01173606887459755,0.010186107829213142,0.011653736233711243,passive,0
15.8206,rehab,small_slow,19.106939853000224,-666.630705410397,310.9506431769867,-177.38932340363763,0.13296828975305053,-149.98922948160794,9.9567,-0.0284,-5.5776,28.7882,-0.6964,-17.0337,79.08043285407642,26.979219795453666,82.32751147581799,-21.22476365831163,-88.9322492811415,-40.95391167534722,0.87066650390625,0.2720815828531095,0.4792717659827506,-0.8579847547743056,-0.0,0.8820851643880208,-0.099,0.1629,0.2939,-0.03444,-0.01715,0.00222,0.0008820138755254447,0.0009999937610700727,0.0009201358770951629,0.0005079067195765674,0.0005001365789212286,0.0005738979671150446,0.01173606887459755,0.010186107829213142,0.011653736233711243,passive,0
15.8405,rehab,small_slow,19.353482118575407,-666.6348448856759,310.8176474539088,-177.3888897858431,0.13258134410402003,-149.9893752914661,10.4491,-0.0343,-5.8829,29.3706,-0.0914,-15.714,79.10195681128171,26.986439770991257,82.33916405403968,-21.244896782769096,-88.9329104953342,-40.93247307671441,0.9250814607827971,0.32649653972965653,0.5223808666267017,-0.848507351345486,-0.0,1.0177951388888888,-0.0666,0.047,0.24,-0.03668,-0.01326,0.00315,0.0008820138755254447,0.0009999937610700727,0.0009201358770951629,0.0005079067195765674,0.0005001365789212286,0.0005738979671150446,0.01173606887459755,0.010186107829213142,0.011653736233711243,passive,0
15.8611,rehab,small_slow,19.521779804116907,-666.6365934155084,310.72193851852563,-177.3889449816075,0.13266963054606323,-149.98979840615368,11.3091,-0.0452,-6.3191,27.8964,0.5722,-13.3224,79.11662791034964,26.99151822836092,82.3475465680113,-21.258731418185764,-88.93333435058594,-40.91753641764323,0.9250814607827971,0.3809114966062036,0.5433337523205446,-0.9115854899088541,-0.06785074869791667,0.9499359130859375,-0.1019,0.2125,-0.0204,-0.03413,-0.01408,0.00771,0.0008820138755254447,0.0009999937610700727,0.0009201358770951629,0.0005079067195765674,0.0005001365789212286,0.0005738979671150446,0.01173606887459755,0.010186107829213142,0.011653736233711243,passive,0
15.8808,rehab,small_slow,19.78673030923769,-666.6367614906723,310.56937048352364,-177.38929772552245,0.13301290756391054,-149.98977037141276,12.0659,-0.0444,-6.6429,24.1188,0.8193,-10.4052,79.13968152338916,26.99932287235071,82.36123868734529,-21.280458238389755,-88.93399556477864,-40.89475843641493,1.0339181730062654,0.32649653972965653,0.5880608889135984,-0.9124671088324653,-0.0,0.9499359130859375,-0.0338,0.0296,0.32,-0.04111,-0.01582,0.00476,0.0008820138755254447,0.0009999937610700727,0.0009201358770951629,0.0005079067195765674,0.0005001365789212286,0.0005738979671150446,0.01173606887459755,0.010186107829213142,0.011653736233711243,passive,0
15.9009,rehab,small_slow,19.977898476197584,-666.6358280095836,310.46475296562085,-177.38953754028833,0.13320996275556654,-149.9887716494929,12.2442,-0.0125,-6.6645,16.7976,0.6831,-6.6595,79.15629698498414,27.00458488842048,82.37077694128055,-21.29543728298611,-88.93447028266058,-40.879313151041664,1.0883331298828125,0.3809114966062036,0.5903247795482673,-0.9160529242621528,-0.06785074869791667,0.9499359130859375,0.0044,0.0671,0.1106,-0.03626,-0.01931,0.0005,0.0008820138755254447,0.0009999937610700727,0.0009201358770951629,0.0005079067195765674,0.0005001365789212286,0.0005738979671150446,0.01173606887459755,0.010186107829213142,0.011653736233711243,passive,0
15.9207,rehab,small_slow,20.311021189266686,-666.6340424125522,310.2784044896642,-177.38992924547472,0.13356508277405757,-149.9879948464422,12.3901,0.0386,-6.7065,9.8023,0.49,-4.2025,79.18525167030863,27.013932785185258,82.38782070650913,-21.32218254937066,-88.935301038954,-40.8514404296875,1.0339181730062654,0.32649653972965653,0.5743007848758509,-0.950283474392361,-0.06785074869791667,0.9499359130859375,0.0696,0.143,0.9328,-0.03633,-0.01954,-0.00362,0.0008820138755254447,0.0009999937610700727,0.0009201358770951629,0.0005079067195765674,0.0005001365789212286,0.0005738979671150446,0.01173606887459755,0.010186107829213142,0.011653736233711243,passive,0
15.9409,rehab,small_slow,20.509178661425175,-666.6355104421575,310.1749118517158,-177.38946991438837,0.1331707195766051,-149.9874311357097,12.4711,0.0582,-6.7445,3.1558,0.3455,-3.0044,79.20251978505956,27.019391956895884,82.3971957971554,-21.338144938151043,-88.93580118815105,-40.83491855197482,1.0883331298828125,0.32649653972965653,0.5951652904548267,-1.0491689046223958,-0.0,1.0856458875868056,0.1015,0.1025,1.0141,-0.03331,-0.02484,-0.00518,0.0008820138755254447,0.0009999937610700727,0.0009201358770951629,0.0005079067195765674,0.0005001365789212286,0.0005738979671150446,0.01173606887459755,0.010186107829213142,0.011653736233711243,passive,0
15.9609,rehab,small_slow,20.819601054576733,-666.6357010104973,310.0184929857491,-177.38853900367442,0.1323440860830664,-149.9858229261089,12.6842,0.0318,-6.8848,1.6311,0.0333,-4.7023,79.22953690632735,27.027400554996905,82.41186689622332,-21.362864176432293,-88.93658108181424,-40.80979241265191,1.0883331298828125,0.32649653972965653,0.6529862809889387,-1.0242038302951388,-0.06785074869791667,1.0856458875868056,0.1467,0.052,1.1974,-0.02804,-0.03139,-0.00157,0.0008820138755254447,0.0009999937610700727,0.0009201358770951629,0.0005079067195765674,0.0005001365789212286,0.0005738979671150446,0.01173606887459755,0.010186107829213142,0.011653736233711243,passive,0
15.9807,rehab,small_slow,21.02046384199858,-666.6336727995563,309.90679998325913,-177.38851261535754,0.13231800080096365,-149.98582012432092,12.657,-0.0027,-6.9567,8.3033,-0.3981,-9.6222,79.24698857977839,27.032880122118655,82.42241132377397,-21.379470825195312,-88.93710666232639,-40.792533026801216,1.0883331298828125,0.32649653972965653,0.698631211082534,-1.0528988308376737,-0.06785074869791667,1.153496636284722,0.0116,0.0857,0.9409,-0.03286,-0.01037,-0.00298,0.0008820138755254447,0.0009999937610700727,0.0009201358770951629,0.0005079067195765674,0.0005001365789212286,0.0005738979671150446,0.01173606887459755,0.010186107829213142,0.011653736233711243,passive,0
16.001,rehab,small_slow,21.230331006925283,-666.631166197974,309.78713393318543,-177.38887502267798,0.13262280452167,-149.985522408325,12.611,-0.0098,-7.0981,14.7132,-0.5314,-13.2522,79.2652152788521,27.038767597462872,82.43349283048423,-21.396526760525173,-88.93764919704861,-40.77479892306857,1.1971630436359066,0.3809114966062036,0.7240506918123453,-1.0856797960069444,-0.0,1.153496636284722,-0.0074,0.1914,1.1912,-0.02692,-0.02123,-0.00241,0.0008820138755254447,0.0009999937610700727,0.0009201358770951629,0.0005079067195765674,0.0005001365789212286,0.0005738979671150446,0.01173606887459755,0.010186107829213142,0.011653736233711243,passive,0
16.0206,rehab,small_slow,21.55559420644094,-666.6316003417193,309.59971164971813,-177.38940714709375,0.1330587195994813,-149.98489290451877,12.9285,0.0064,-7.4411,17.1066,-0.1895,-14.0928,79.29353770643178,27.048564193272355,82.44995872573097,-21.42296685112847,-88.93849690755208,-40.747409396701386,1.1427480867593596,0.435333251953125,0.6603422259340191,-1.1536068386501737,-0.0,1.0856458875868056,0.1483,0.1456,1.1763,-0.02495,-0.02574,-0.00406,0.0008820138755254447,0.0009999937610700727,0.0009201358770951629,0.0005079067195765674,0.0005001365789212286,0.0005738979671150446,0.01173606887459755,0.010186107829213142,0.011653736233711243,passive,0
16.0407,rehab,small_slow,21.767691365508565,-666.6348703325702,309.474199491884,-177.3896303764799,0.1332624036006062,-149.98498087190302,13.2904,0.0055,-7.7444,16.2703,0.2711,-12.7551,79.31205673973159,27.055485036113474,82.46047595940014,-21.440684000651043,-88.93904791937933,-40.729005601671005,1.1427480867593596,0.489748208829672,0.6529794825185643,-1.0979970296223958,-0.0,1.2213473849826388,0.215,0.0941,1.0734,-0.01333,-0.02519,-0.00126,0.0008820138755254447,0.0009999937610700727,0.0009201358770951629,0.0005079067195765674,0.0005001365789212286,0.0005738979671150446,0.01173606887459755,0.010186107829213142,0.011653736233711243,passive,0
16.0611,rehab,small_slow,22.103014146346762,-666.6367298168368,309.28367375763753,-177.38983191884802,0.13340096637806992,-149.98423850982465,14.2673,-0.0048,-8.2768,14.7537,0.4638,-10.9755,79.34128336387106,27.0656419508528,82.47707102558401,-21.468082004123264,-88.93992953830295,-40.700836181640625,1.251584798982828,0.435333251953125,0.7222355002223855,-1.153623792860243,-0.06785074869791667,1.2213473849826388,0.1336,0.0914,0.7009,-0.00076,-0.01982,0.00039,0.0008820138755254447,0.0009999937610700727,0.0009201358770951629,0.0005079067195765674,0.0005001365789212286,0.0005738979671150446,0.01173606887459755,0.010186107829213142,0.011653736233711243,passive,0
16.0808,rehab,small_slow,22.320772490630578,-666.6345982704948,309.15267391110746,-177.39003713289304,0.1335549237720125,-149.98485832041405,14.6352,0.0136,-8.4477,14.163,0.3217,-9.5638,79.3602171038637,27.072154885471456,82.48919269826152,-21.487070719401043,-88.94053141276042,-40.68149990505642,1.1427480867593596,0.3809114966062036,0.7860595400970761,-1.1775716145833333,-0.0,1.2213473849826388,-0.1068,-0.0265,0.7281,-0.03466,-0.01795,-0.00012,0.0008820138755254447,0.0009999937610700727,0.0009201358770951629,0.0005079067195765674,0.0005001365789212286,0.0005738979671150446,0.01173606887459755,0.010186107829213142,0.011653736233711243,passive,0
16.1008,rehab,small_slow,22.650373586992526,-666.6311176170215,308.95908446370623,-177.39005835671827,0.13355271211128092,-149.98595365594198,14.3917,0.0432,-8.3447,9.8517,0.0287,-6.0344,79.38887265649173,27.08174752716971,82.5072970248685,-21.51568094889323,-88.94143846299913,-40.652075873480904,1.251584798982828,0.435333251953125,0.69356635065362,-1.1909739176432292,-0.13570149739583334,1.2213473849826388,0.185,0.0781,0.7246,-0.01286,-0.02445,-0.00232,0.0008820138755254447,0.0009999937610700727,0.0009201358770951629,0.0005079067195765674,0.0005001365789212286,0.0005738979671150446,0.01173606887459755,0.010186107829213142,0.011653736233711243,passive,0
16.1205,rehab,small_slow,22.93414220355215,-666.631979157406,308.8026720550105,-177.3891545595961,0.13277114330961742,-149.98642416298603,14.4418,0.0386,-8.4231,5.8002,-0.0916,-3.0925,79.41360549171372,27.089919288559717,82.52170298359182,-21.540239122178818,-88.94220140245226,-40.62715318467882,1.1971630436359066,0.3809114966062036,0.7195908952467512,-1.2588585747612846,-0.0,1.2892066107855902,0.0643,-0.0059,1.5017,-0.02902,-0.02984,-0.00645,0.0008820138755254447,0.0009999937610700727,0.0009201358770951629,0.0005079067195765674,0.0005001365789212286,0.0005738979671150446,0.01173606887459755,0.010186107829213142,0.011653736233711243,passive,0
16.1406,rehab,small_slow,23.27665148264523,-666.6323038295941,308.607145424422,-177.38813799078676,0.1319031831048025,-149.98741082896618,14.3412,0.0161,-8.4129,5.2139,-0.1096,-2.4131,79.44345077665726,27.100035412476796,82.5398073101988,-21.570756700303818,-88.94312540690105,-40.59666951497396,1.251584798982828,0.3809114966062036,0.8238726323193842,-1.268369886610243,-0.06785074869791667,1.2892066107855902,-0.0572,0.0309,1.0081,-0.0411,-0.01956,-0.00379,0.0008820138755254447,0.0009999937610700727,0.0009201358770951629,0.0005079067195765674,0.0005001365789212286,0.0005738979671150446,0.01173606887459755,0.010186107829213142,0.011653736233711243,passive,0
16.161,rehab,small_slow,23.518595167052933,-666.6299327422746,308.4631270721103,-177.38858617600582,0.13228909216290705,-149.98735241749586,14.8068,0.0071,-8.6731,8.816,-0.2932,-3.7129,79.4644852439956,27.107330171188504,82.55281278402498,-21.59111870659722,-88.94375271267361,-40.575926038953995,1.305999755859375,0.435333251953125,0.8168022231300278,-1.2859598795572917,-0.0,1.2892066107855902,0.12,0.0967,0.8726,-0.02294,-0.01408,-0.00374,0.0008820138755254447,0.0009999937610700727,0.0009201358770951629,0.0005079067195765674,0.0005001365789212286,0.0005738979671150446,0.01173606887459755,0.010186107829213142,0.011653736233711243,passive,0
16.1805,rehab,small_slow,23.75643664908391,-666.6293860833869,308.31525491381177,-177.38907190704197,0.1326849805224401,-149.98789860507614,15.1208,-0.0017,-8.7792,17.2898,-0.397,-7.7519,79.48520018322633,27.115039636593053,82.5658114593808,-21.611862182617188,-88.94440544976128,-40.55490281846788,1.305999755859375,0.489748208829672,0.7909408418258818,-1.2994130452473958,-0.0,1.4249081081814237,0.095,0.0177,0.9887,-0.02705,-0.02537,-0.00258,0.0008820138755254447,0.0009999937610700727,0.0009201358770951629,0.0005079067195765674,0.0005001365789212286,0.0005738979671150446,0.01173606887459755,0.010186107829213142,0.011653736233711243,passive,0
16.2008,rehab,small_slow,24.136321497393812,-666.6332902531377,308.0925601210337,-177.38922112622237,0.1328447838739161,-149.9873864389634,15.1875,-0.0019,-8.7347,24.1578,-0.1381,-11.7315,79.5183495247718,27.127304077148438,82.58462282690671,-21.64373609754774,-88.9453633626302,-40.52263047960069,1.4148296696124691,0.489748208829672,0.7513805427173577,-1.3570404052734375,-0.0,1.2892066107855902,0.1406,0.0698,0.8317,-0.02587,-0.01853,-0.00167,0.0008820138755254447,0.0009999937610700727,0.0009201358770951629,0.0005079067195765674,0.0005001365789212286,0.0005738979671150446,0.01173606887459755,0.010186107829213142,0.011653736233711243,passive,0
16.2208,rehab,small_slow,24.393270611878577,-666.6350240850882,307.94451683282045,-177.3892866756149,0.13287022468302154,-149.98699520736062,15.9889,0.0064,-9.1524,27.2859,0.0119,-14.7385,79.54076408159615,27.135380659953203,82.59728157874382,-21.665089925130207,-88.94605000813802,-40.500852796766495,1.360414712735922,0.435333251953125,0.8398966269918008,-1.3595496283637152,-0.06785074869791667,1.357057359483507,0.2783,0.0889,1.0776,-0.00649,-0.02185,-0.00392,0.0008820138755254447,0.0009999937610700727,0.0009201358770951629,0.0005079067195765674,0.0005001365789212286,0.0005738979671150446,0.01173606887459755,0.010186107829213142,0.011653736233711243,passive,0
16.2405,rehab,small_slow,24.78953268937205,-666.6298847989615,307.72187430469256,-177.38933088456497,0.13288141508022783,-149.98631152844823,16.4312,-0.0001,-9.3903,26.2229,-0.3074,-16.679,79.57520513251276,27.146591337600558,82.61782655621519,-21.69785393608941,-88.94708421495226,-40.467469957139755,1.4148296696124691,0.489748208829672,0.8455257604617884,-1.380157470703125,-0.13570149739583334,1.4249081081814237,0.097,0.0572,0.7137,-0.03584,-0.02238,-0.00485,0.0008820138755254447,0.0009999937610700727,0.0009201358770951629,0.0005079067195765674,0.0005001365789212286,0.0005738979671150446,0.01173606887459755,0.010186107829213142,0.011653736233711243,passive,0
16.2609,rehab,small_slow,25.058536362933282,-666.629029894851,307.57536126701666,-177.38860420104675,0.1322315585586978,-149.98577888265208,16.9568,-0.0101,-9.735,21.2741,-0.6675,-17.6194,79.59863266142288,27.15423281830136,82.63129432602685,-21.72064887152778,-88.94779629177518,-40.444836086697045,1.4692514249593904,0.489748208829672,0.8255858468537284,-1.4220428466796875,-0.06785074869791667,1.357057359483507,0.1116,0.0267,1.0399,-0.03369,-0.01535,-0.00596,0.0008820138755254447,0.0009999937610700727,0.0009201358770951629,0.0005079067195765674,0.0005001365789212286,0.0005738979671150446,0.01173606887459755,0.010186107829213142,0.011653736233711243,passive,0
16.281,rehab,small_slow,25.469000796558873,-666.6322168682274,307.3444943897472,-177.3880117805387,0.1317416010291839,-149.98514058696904,17.7622,-0.0061,-10.3652,16.5562,-0.8454,-18.4796,79.63444700335512,27.16693915943108,82.65118665034228,-21.755108303493923,-88.94884745279948,-40.410054524739586,1.6325030940594059,0.544163165706219,0.8889543892133354,-1.489410400390625,-0.0,1.4927588568793402,0.0824,0.0524,0.4545,-0.03175,-0.02357,-0.00459,0.0008820138755254447,0.0009999937610700727,0.0009201358770951629,0.0005079067195765674,0.0005001365789212286,0.0005738979671150446,0.01173606887459755,0.010186107829213142,0.011653736233711243,passive,0
16.3009,rehab,small_slow,25.74841882007172,-666.6319339123903,307.174890239871,-177.38876458454988,0.13235981391222598,-149.9847392910567,17.8098,-0.0206,-10.5858,9.709,-0.9297,-16.3235,79.65879232576577,27.176055908203125,82.66557901212485,-21.77838643391927,-88.9495849609375,-40.3863779703776,1.5236663818359375,0.5985781225827661,0.9582647946801516,-1.4793226453993056,-0.0,1.4927588568793402,0.1914,0.169,1.0477,-0.0276,-0.01482,-0.00301,0.0008820138755254447,0.0009999937610700727,0.0009201358770951629,0.0005079067195765674,0.0005001365789212286,0.0005738979671150446,0.01173606887459755,0.010186107829213142,0.011653736233711243,passive,0
16.3209,rehab,small_slow,26.171737426989555,-666.6319737628189,306.91127116572864,-177.3899021189455,0.1333414850251031,-149.98410573396174,17.9253,-0.0806,-10.9062,4.0073,-0.7853,-13.0259,79.69568082601717,27.19027830822633,82.68786439801207,-21.814515855577255,-88.9506615532769,-40.350536770290795,1.6325030940594059,0.5985781225827661,0.9081124787283416,-1.5333133273654513,-0.0,1.4927588568793402,0.2295,0.0673,1.148,-0.03531,-0.02182,-0.00765,0.0008820138755254447,0.0009999937610700727,0.0009201358770951629,0.0005079067195765674,0.0005001365789212286,0.0005738979671150446,0.01173606887459755,0.010186107829213142,0.011653736233711243,passive,0
16.3405,rehab,small_slow,26.453124423444642,-666.6348467446757,306.7384747931357,-177.3899642017303,0.13342211651412433,-149.98419081876634,17.7289,-0.1044,-11.0804,1.1598,-0.5009,-9.8395,79.72025049795019,27.199904942276454,82.702317946028,-21.83926052517361,-88.95138210720486,-40.32616509331597,1.5780813387124846,0.5985781225827661,0.9161618676516089,-1.5948486328125,-0.06785074869791667,1.5606180826822915,0.1527,0.0061,0.5636,-0.04065,-0.01935,-0.00393,0.0008820138755254447,0.0009999937610700727,0.0009201358770951629,0.0005079067195765674,0.0005001365789212286,0.0005738979671150446,0.01173606887459755,0.010186107829213142,0.011653736233711243,passive,0
16.3609,rehab,small_slow,26.945477231095353,-666.6367033301235,306.4355404342308,-177.38960232433357,0.13309425896366736,-149.98524641399484,17.6107,-0.0805,-11.2252,-0.8132,-0.1525,-5.7284,79.7632100322459,27.216336845171334,82.72860763096573,-21.88383314344618,-88.95272148980034,-40.28266059027778,1.5780813387124846,0.544163165706219,0.9687888268196937,-1.6182369656032987,-0.06785074869791667,1.5606180826822915,0.1787,-0.104,0.7393,-0.03652,-0.02851,-0.0058,0.0008820138755254447,0.0009999937610700727,0.0009201358770951629,0.0005079067195765674,0.0005001365789212286,0.0005738979671150446,0.01173606887459755,0.010186107829213142,0.011653736233711243,passive,0
16.3808,rehab,small_slow,27.222770334003883,-666.6369464819961,306.25781015841073,-177.38942790227753,0.13294599822415237,-149.9867198676827,17.8796,-0.077,-11.4198,4.4764,0.3885,-5.4557,79.78739898983795,27.22584790522509,82.74421691894531,-21.909976535373264,-88.9534929063585,-40.257297092013886,1.5236663818359375,0.5985781225827661,0.9898980773321473,-1.6702185736762152,-0.06785074869791667,1.696319580078125,0.29,0.1173,0.8499,-0.01721,-0.02509,-0.00024,0.0008820138755254447,0.0009999937610700727,0.0009201358770951629,0.0005079067195765674,0.0005001365789212286,0.0005738979671150446,0.01173606887459755,0.010186107829213142,0.011653736233711243,passive,0
16.4008,rehab,small_slow,27.513783403425833,-666.6401273365124,306.0731444391713,-177.38936875683734,0.13291288909667295,-149.98761507225316,18.0124,-0.0638,-11.4301,16.1825,1.0493,-8.984,79.81282526903813,27.23617478172378,82.75966984210628,-21.936637030707466,-88.9542728000217,-40.23128085666232,1.5780813387124846,0.7074148348062346,0.9257477108794864,-1.6721004909939237,-0.0,1.696319580078125,0.1761,0.1203,0.7426,-0.02715,-0.01395,-0.00438,0.0008820138755254447,0.0009999937610700727,0.0009201358770951629,0.0005079067195765674,0.0005001365789212286,0.0005738979671150446,0.01173606887459755,0.010186107829213142,0.011653736233711243,passive,0
16.4209,rehab,small_slow,27.95382937281031,-666.6431972725558,305.78109088788386,-177.39028980027132,0.13369608602275465,-149.98908037607194,18.3374,-0.0409,-11.5896,26.7383,1.338,-12.7175,79.85125022359414,27.252368738155553,82.78384520275758,-21.977030436197918,-88.95546807183159,-40.191853841145836,1.686918050935953,0.6529998779296875,1.0705551298538056,-1.7671627468532987,-0.06785074869791667,1.696319580078125,0.0965,0.2744,0.7105,-0.01241,-0.01711,0.00451,0.0008820138755254447,0.0009999937610700727,0.0009201358770951629,0.0005079067195765674,0.0005001365789212286,0.0005738979671150446,0.01173606887459755,0.010186107829213142,0.011653736233711243,passive,0
16.4409,rehab,small_slow,28.262246813953663,-666.6402172583587,305.58349976667307,-177.39092557978293,0.13423914184861008,-149.9892857131337,18.7107,-0.0242,-11.7591,30.6486,1.1597,-14.6038,79.87809738310257,27.26276359935798,82.80108612362702,-22.00466579861111,-88.95627339680989,-40.16511705186632,1.7413330078125,0.6529998779296875,1.0540552422551825,-1.722776624891493,-0.0,1.696319580078125,0.2532,0.1919,1.1768,-0.01998,0.00036,0.00036,0.0008820138755254447,0.0009999937610700727,0.0009201358770951629,0.0005079067195765674,0.0005001365789212286,0.0005738979671150446,0.01173606887459755,0.010186107829213142,0.011653736233711243,passive,0
16.4611,rehab,small_slow,28.72801244236029,-666.6410016794391,305.3001309960646,-177.39029834789795,0.13368138654868603,-149.9891203186275,19.4261,0.0091,-12.0977,28.8356,1.0481,-15.3985,79.91873184053024,27.278250514870823,82.82564219861928,-22.04679701063368,-88.95751105414496,-40.125130547417534,1.795747964689047,0.7074148348062346,1.010007952699567,-1.8124898274739583,-0.0,1.6284688313802083,0.3422,0.0944,0.9366,-0.0068,-0.02269,-0.00814,0.0008820138755254447,0.0009999937610700727,0.0009201358770951629,0.0005079067195765674,0.0005001365789212286,0.0005738979671150446,0.01173606887459755,0.010186107829213142,0.011653736233711243,passive,0
16.4809,rehab,small_slow,29.054374191370435,-666.640914845148,305.1062967957265,-177.39001164099705,0.1334122508594093,-149.98790393439816,20.6039,0.0402,-12.7499,26.043,0.9586,-16.535,79.9471902375174,27.288869725595607,82.84233244338839,-22.07533942328559,-88.9583502875434,-40.09821573893229,1.795747964689047,0.6529998779296875,1.1040104025661355,-1.8004353841145833,-0.06785074869791667,1.696319580078125,0.1825,0.0235,0.7503,-0.02786,-0.01219,-0.00839,0.0008820138755254447,0.0009999937610700727,0.0009201358770951629,0.0005079067195765674,0.0005001365789212286,0.0005738979671150446,0.01173606887459755,0.010186107829213142,0.011653736233711243,passive,0
16.5007,rehab,small_slow,29.54225221522267,-666.639629106933,304.801361893784,-177.39022491741986,0.13357250182908204,-149.9870042755874,21.3258,0.056,-13.1944,21.203,0.6583,-15.988,79.98972146817954,27.305457993309098,82.86845216656675,-22.119064331054688,-88.95961337619357,-40.05708482530382,1.8501697200359684,0.7074148348062346,1.0865995199373453,-1.8472798665364583,-0.06785074869791667,1.696319580078125,0.1303,0.2191,1.0322,-0.03135,-0.01078,-0.00627,0.0008820138755254447,0.0009999937610700727,0.0009201358770951629,0.0005079067195765674,0.0005001365789212286,0.0005738979671150446,0.01173606887459755,0.010186107829213142,0.011653736233711243,passive,0
16.5206,rehab,small_slow,29.87632028604755,-666.6412065107816,304.59339245161965,-177.3904725120293,0.13378671725023253,-149.98619088760879,21.1513,0.0514,-13.1997,13.6393,0.333,-12.9877,80.01888010761526,27.317158160823407,82.88560470732132,-22.148462931315105,-88.96046108669705,-40.029076470269096,1.7413330078125,0.7618297916827815,1.0742127069152227,-1.8124898274739583,-0.06785074869791667,1.832029554578993,0.3149,0.2551,0.6538,-0.02024,-0.01,-0.00166,0.0008820138755254447,0.0009999937610700727,0.0009201358770951629,0.0005079067195765674,0.0005001365789212286,0.0005738979671150446,0.01173606887459755,0.010186107829213142,0.011653736233711243,passive,0
16.5408,rehab,small_slow,30.380192647009135,-666.6368963655383,304.2771808659223,-177.39073568844643,0.13402400102571413,-149.98543934312903,20.9376,0.0484,-13.261,4.5741,-0.0904,-8.1889,80.06276423388188,27.334099948996364,82.91308412457457,-22.193857828776043,-88.9617411295573,-39.986462063259545,1.8501697200359684,0.7074148348062346,1.1718795323135829,-1.9097730848524306,-0.0,1.7641703287760415,0.1039,0.3196,1.1459,-0.03236,-0.01543,-0.00229,0.0008820138755254447,0.0009999937610700727,0.0009201358770951629,0.0005079067195765674,0.0005001365789212286,0.0005738979671150446,0.01173606887459755,0.010186107829213142,0.011653736233711243,passive,0
16.561,rehab,small_slow,30.70991523491864,-666.6350855195469,304.06694798267574,-177.3905873909283,0.13393247734460142,-149.98553492261064,21.1432,0.0608,-13.5486,-3.233,-0.4512,-2.9477,80.0915013681544,27.345460192991954,82.93135161447053,-22.224544949001736,-88.96258036295573,-39.95797899034288,1.795747964689047,0.7074148348062346,1.1670254244662748,-1.9346194797092013,-0.06785074869791667,1.7641703287760415,0.191,0.1915,1.5031,-0.02878,-0.01422,-0.00583,0.0008820138755254447,0.0009999937610700727,0.0009201358770951629,0.0005079067195765674,0.0005001365789212286,0.0005738979671150446,0.01173606887459755,0.010186107829213142,0.011653736233711243,passive,0
16.5807,rehab,small_slow,31.298494124083476,-666.6367107225007,303.6890387848723,-177.39037415262345,0.1337498715492853,-149.98542042550162,21.2533,0.0458,-13.7013,-5.3889,-0.4923,0.197,80.14288420724397,27.366583040445157,82.96306647876702,-22.279239230685764,-88.96412319607205,-39.90733676486545,1.7413330078125,0.7618297916827815,1.200188362952506,-1.9924757215711806,-0.06785074869791667,1.832029554578993,0.3133,0.1889,1.272,-0.02567,-0.02973,-0.01442,0.0008820138755254447,0.0009999937610700727,0.0009201358770951629,0.0005079067195765674,0.0005001365789212286,0.0005738979671150446,0.01173606887459755,0.010186107829213142,0.011653736233711243,passive,0
16.6006,rehab,small_slow,31.633667203782696,-666.6342615782959,303.4681042665829,-177.39042260110645,0.1337640094479313,-149.98606635851397,21.2225,0.0335,-13.6959,1.5134,-0.3589,-1.8394,80.17210403291305,27.378514355952195,82.98219737440053,-22.311172485351562,-88.9650387234158,-39.87783643934462,1.9045846769125154,0.7618297916827815,1.1704450550645884,-2.01371086968316,-0.06785074869791667,1.9677310519748263,0.147,0.2004,0.6033,-0.0227,-0.0206,-0.00727,0.0008820138755254447,0.0009999937610700727,0.0009201358770951629,0.0005079067195765674,0.0005001365789212286,0.0005738979671150446,0.01173606887459755,0.010186107829213142,0.011653736233711243,passive,0
16.6205,rehab,small_slow,31.967960694080055,-666.6346312605738,303.2507010361741,-177.38996010739893,0.13339649920662505,-149.9872054673653,21.1766,0.0203,-13.6425,12.9247,-0.295,-8.2908,80.20128986623027,27.39059523780747,83.00072320617072,-22.34330071343316,-88.96593729654948,-39.84787835015191,1.8501697200359684,0.7618297916827815,1.1461949112391707,-1.9586266411675346,-0.06785074869791667,1.832029554578993,0.1327,0.0908,0.4127,-0.03792,-0.0231,-0.00587,0.0008820138755254447,0.0009999937610700727,0.0009201358770951629,0.0005079067195765674,0.0005001365789212286,0.0005738979671150446,0.01173606887459755,0.010186107829213142,0.011653736233711243,passive,0
16.6408,rehab,small_slow,32.49290492609141,-666.6340695841246,302.9157076521814,-177.3895301395153,0.13304093322271077,-149.9871318140145,21.245,0.0014,-13.6517,19.6187,-0.3125,-13.9493,80.24709795961286,27.4092434420444,83.02908642457263,-22.39227294921875,-88.96731058756511,-39.802703857421875,1.8501697200359684,0.7618297916827815,1.2079658130607982,-2.0873853895399304,-0.0,1.832029554578993,0.2335,0.2361,0.8867,-0.0242,-0.02219,-0.00561,0.0008820138755254447,0.0009999937610700727,0.0009201358770951629,0.0005079067195765674,0.0005001365789212286,0.0005738979671150446,0.01173606887459755,0.010186107829213142,0.011653736233711243,passive,0
16.661,rehab,small_slow,32.844647855687604,-666.6330562836373,302.68544802070113,-177.38950424545996,0.13302360966371027,-149.98729810224538,21.6046,0.0165,-13.887,22.2454,-0.1467,-18.7262,80.27778625488281,27.42201776787786,83.04852325137298,-22.425460815429688,-88.96823459201389,-39.772228664822045,2.0134145906656093,0.8162515470297029,1.16658352389194,-1.97967529296875,-0.13570149739583334,1.832029554578993,0.1873,0.1591,1.1472,-0.04356,-0.01635,-0.00916,0.0008820138755254447,0.0009999937610700727,0.0009201358770951629,0.0005079067195765674,0.0005001365789212286,0.0005738979671150446,0.01173606887459755,0.010186107829213142,0.011653736233711243,passive,0
16.6807,rehab,small_slow,33.3872265127466,-666.6357304647885,302.34026054643675,-177.38860360259972,0.13234573756031967,-149.98649179855016,22.1881,0.024,-14.3238,22.8295,0.025,-23.0702,80.32517839186262,27.441746928904315,83.07713801317875,-22.47635735405816,-88.9695824517144,-39.72622341579861,2.0134145906656093,0.8162515470297029,1.2699270720529083,-2.20047844780816,-0.06785074869791667,1.8998803032769096,0.1887,0.2954,0.9304,-0.01803,-0.00743,-0.0021,0.0008820138755254447,0.0009999937610700727,0.0009201358770951629,0.0005079067195765674,0.0005001365789212286,0.0005738979671150446,0.01173606887459755,0.010186107829213142,0.011653736233711243,passive,0
16.701,rehab,small_slow,33.75910396255667,-666.631740867451,302.10276330210763,-177.38857329999956,0.13230998889765316,-149.98545829523718,23.447,0.0197,-15.3863,20.8009,0.0433,-25.8184,80.35757990166692,27.454704813437885,83.09754022277228,-22.510723537868923,-88.9705318874783,-39.69524807400173,2.067836346012531,0.8162515470297029,1.318270994885133,-2.1193779839409723,-0.06785074869791667,1.9677310519748263,0.2751,0.2573,0.9624,-0.01643,-0.02411,-0.00745,0.0008820138755254447,0.0009999937610700727,0.0009201358770951629,0.0005079067195765674,0.0005001365789212286,0.0005738979671150446,0.01173606887459755,0.010186107829213142,0.011653736233711243,passive,0
16.7207,rehab,small_slow,34.30559595197869,-666.6339787223283,301.74485929453635,-177.38773740983703,0.13159287994153224,-149.98525520291597,23.9026,0.0071,-16.0488,16.811,0.0192,-25.5187,80.40533235757658,27.4751614107944,83.12718835207495,-22.563383314344616,-88.97198147243924,-39.64830186631944,2.067836346012531,0.87066650390625,1.2514012402827197,-2.2066582573784723,-0.0,1.9677310519748263,0.3671,0.2126,1.0107,-0.0236,-0.01659,-0.01413,0.0008820138755254447,0.0009999937610700727,0.0009201358770951629,0.0005079067195765674,0.0005001365789212286,0.0005738979671150446,0.01173606887459755,0.010186107829213142,0.011653736233711243,passive,0
16.7409,rehab,small_slow,34.67185999286784,-666.6327993992135,301.492183118286,-177.38808512733803,0.13193213093833592,-149.98539694800405,23.4925,0.0108,-16.0973,10.5059,-0.2026,-21.3941,80.43729196680654,27.48932942305461,83.14809364847618,-22.598953247070312,-88.97290547688802,-39.61660597059462,2.0134145906656093,0.87066650390625,1.3845560810353497,-2.180777655707465,-0.13570149739583334,1.9677310519748263,0.3356,0.2583,0.877,-0.01898,-0.00999,-0.00869,0.0008820138755254447,0.0009999937610700727,0.0009201358770951629,0.0005079067195765674,0.0005001365789212286,0.0005738979671150446,0.01173606887459755,0.010186107829213142,0.011653736233711243,passive,0
16.7609,rehab,small_slow,35.22308877727875,-666.6308623709608,301.11444022450684,-177.38800299862478,0.13182406006870856,-149.9859397319064,23.4238,0.0172,-16.379,0.6638,-0.4073,-12.9274,80.48541154011642,27.51049306133006,83.1796929387763,-22.653333875868054,-88.97439744737413,-39.568566216362846,2.0134145906656093,0.9250814607827971,1.2864065642404083,-2.3165215386284723,-0.06785074869791667,1.9677310519748263,0.3208,0.0962,0.4729,-0.03014,-0.01691,-0.00582,0.0008820138755254447,0.0009999937610700727,0.0009201358770951629,0.0005079067195765674,0.0005001365789212286,0.0005738979671150446,0.01173606887459755,0.010186107829213142,0.011653736233711243,passive,0
16.7809,rehab,small_slow,35.675124067068566,-666.6320750266694,300.7909821773764,-177.38801977524508,0.1317938323646891,-149.98711267001985,23.4355,-0.0007,-16.6541,-8.9524,-0.4171,-2.8003,80.52492424993231,27.52894410992613,83.20618657782526,-22.699525621202255,-88.97565205891927,-39.52841016981337,2.0134145906656093,0.979496417659344,1.3531947371983293,-2.2914632161458335,-0.06785074869791667,1.9677310519748263,0.2816,0.2113,0.9124,-0.03637,-0.02425,-0.01049,0.0008820138755254447,0.0009999937610700727,0.0009201358770951629,0.0005079067195765674,0.0005001365789212286,0.0005738979671150446,0.01173606887459755,0.010186107829213142,0.011653736233711243,passive,0
16.8007,rehab,small_slow,36.22741104230168,-666.6338342161181,300.38835112357344,-177.3887097690125,0.13235970481765955,-149.98849424617427,23.5448,-0.0067,-16.8162,-8.0829,-0.5526,0.6551,80.5732001880608,27.55207930461015,83.23857449068882,-22.75566948784722,-88.97714402940538,-39.4793955485026,2.067836346012531,0.979496417659344,1.339067515760365,-2.379794650607639,-0.06785074869791667,2.103441026475694,0.3219,0.1678,0.2788,-0.0347,-0.01582,-0.0068,0.0008820138755254447,0.0009999937610700727,0.0009201358770951629,0.0005079067195765674,0.0005001365789212286,0.0005738979671150446,0.01173606887459755,0.010186107829213142,0.011653736233711243,passive,0
16.8206,rehab,small_slow,36.61168178153401,-666.6336795954087,300.1176323496446,-177.3890498578695,0.1326426348939482,-149.98836623511934,23.6014,-0.0208,-16.8416,4.367,-0.8928,-5.0176,80.60676423629911,27.567593414004484,83.26047916223507,-22.793663872612846,-88.97814432779948,-39.44639417860243,2.067836346012531,0.979496417659344,1.3856234408841275,-2.402377658420139,-0.06785074869791667,2.103441026475694,0.3546,0.3095,0.4646,-0.0146,-0.02089,-0.00554,0.0008820138755254447,0.0009999937610700727,0.0009201358770951629,0.0005079067195765674,0.0005001365789212286,0.0005738979671150446,0.01173606887459755,0.010186107829213142,0.011653736233711243,passive,0
16.8405,rehab,small_slow,36.9975066957922,-666.6302789075123,299.839589222987,-177.38983730156713,0.13332901131561548,-149.9885855185158,23.4284,-0.0446,-16.7009,11.5619,-1.0045,-8.4537,80.6404166646523,27.583168709632194,83.28333561963375,-22.832082112630207,-88.9791276719835,-39.41296047634548,2.2310880151125465,1.0339181730062654,1.378695799572633,-2.510036892361111,-0.0,2.0355902777777777,0.3639,0.3208,0.7142,-0.03698,-0.01957,-0.01041,0.0008820138755254447,0.0009999937610700727,0.0009201358770951629,0.0005079067195765674,0.0005001365789212286,0.0005738979671150446,0.01173606887459755,0.010186107829213142,0.011653736233711243,passive,0
16.8608,rehab,small_slow,37.583447694379885,-666.6356468692609,299.4252240969958,-177.38993645306883,0.13343508993770545,-149.9874655026772,23.0923,-0.046,-16.4549,11.6288,-0.5608,-7.7992,80.69167713127514,27.607731583094832,83.31575752484916,-22.89044698079427,-88.98061116536458,-39.363488091362846,2.176666259765625,1.0339181730062654,1.3606050699064047,-2.4388546413845487,-0.06785074869791667,2.0355902777777777,0.2752,0.3886,1.1301,-0.03597,-0.01004,-0.00707,0.0008820138755254447,0.0009999937610700727,0.0009201358770951629,0.0005079067195765674,0.0005001365789212286,0.0005738979671150446,0.01173606887459755,0.010186107829213142,0.011653736233711243,passive,0
16.8809,rehab,small_slow,37.98211682927237,-666.6334710542114,299.145602278978,-177.39025506735683,0.13371005157975338,-149.98648577740835,23.8846,-0.0617,-17.0017,22.2726,0.1623,-15.3133,80.72647170265122,27.623687593063504,83.33851200519221,-22.929763793945312,-88.98161146375868,-39.33012220594618,2.122251302889078,0.979496417659344,1.4360205017694152,-2.442075941297743,-0.06785074869791667,2.171291775173611,0.443,0.2232,0.6544,-0.00937,-0.01545,-0.00769,0.0008820138755254447,0.0009999937610700727,0.0009201358770951629,0.0005079067195765674,0.0005001365789212286,0.0005738979671150446,0.01173606887459755,0.010186107829213142,0.011653736233711243,passive,0
16.9006,rehab,small_slow,38.57703462389129,-666.6373439458988,298.72876614263623,-177.39009839938566,0.133600817062302,-149.98600766827678,24.8686,-0.0876,-17.739,33.3023,0.9265,-22.7905,80.77850719489673,27.648393234404008,83.37128063239673,-22.988993326822918,-88.98314581976996,-39.27924262152778,2.176666259765625,1.0883331298828125,1.3447782308748453,-2.5130632188585067,-0.0,2.103441026475694,0.4854,0.3052,0.932,-0.00915,-0.00674,-0.00715,0.0008820138755254447,0.0009999937610700727,0.0009201358770951629,0.0005079067195765674,0.0005001365789212286,0.0005738979671150446,0.01173606887459755,0.010186107829213142,0.011653736233711243,passive,0
16.9208,rehab,small_slow,38.967344819439425,-666.6378028691378,298.44082019588245,-177.39051225550233,0.13397489118612055,-149.9864967419811,25.7478,-0.0686,-18.3952,36.1449,1.6839,-23.5286,80.81262191923538,27.66517185928798,83.39412349285466,-23.02910698784722,-88.98415459526909,-39.245096842447914,2.122251302889078,1.0339181730062654,1.4256120436262376,-2.5084940592447915,-0.06785074869791667,2.103441026475694,0.3573,0.1613,0.3736,-0.03551,-0.0084,-0.00835,0.0008820138755254447,0.0009999937610700727,0.0009201358770951629,0.0005079067195765674,0.0005001365789212286,0.0005738979671150446,0.01173606887459755,0.010186107829213142,0.011653736233711243,passive,0
16.9406,rehab,small_slow,39.55554741370872,-666.6392948200298,298.0197408719334,-177.3898768246406,0.1334295036360183,-149.9869409553375,25.2172,0.0026,-17.9938,31.5544,2.0679,-19.1942,80.86405914608795,27.68984350827661,83.42792548755608,-23.089989556206596,-88.98573133680556,-39.19391208224826,2.176666259765625,1.0339181730062654,1.3214186866684716,-2.5751664903428817,-0.06785074869791667,2.103441026475694,0.4594,0.2265,0.7007,-0.01926,-0.01701,-0.00895,0.0008820138755254447,0.0009999937610700727,0.0009201358770951629,0.0005079067195765674,0.0005001365789212286,0.0005738979671150446,0.01173606887459755,0.010186107829213142,0.011653736233711243,passive,0
16.9619,rehab,small_slow,39.95161763992227,-666.6390230233314,297.732160632139,-177.38994493281405,0.13342963260877513,-149.98733657506497,26.4536,0.0749,-18.7656,16.8026,2.2756,-8.4895,80.89868375570467,27.706628931630956,83.45089072048074,-23.130747477213543,-88.98682488335503,-39.15935940212673,2.176666259765625,1.0883331298828125,1.4424314593324568,-2.546683417426215,-0.06785074869791667,2.103441026475694,0.417,0.1969,0.1823,-0.03565,-0.0056,-0.0072,0.0008820138755254447,0.0009999937610700727,0.0009201358770951629,0.0005079067195765674,0.0005001365789212286,0.0005738979671150446,0.01173606887459755,0.010186107829213142,0.011653736233711243,passive,0
16.9808,rehab,small_slow,40.6563742449633,-666.6411720597594,297.2361755063169,-177.38908048161946,0.13272802723409913,-149.98842388814995,27.9496,0.1174,-19.7152,1.6468,2.0506,1.13,80.96032548658918,27.736059509881652,83.49019947618541,-23.20249769422743,-88.98871527777777,-39.09745110405816,2.2855029719890934,1.0339181730062654,1.4757915534595452,-2.614110310872396,-0.06785074869791667,2.307001749674479,0.3948,0.3571,0.7019,-0.02848,-0.01683,-0.00343,0.0008820138755254447,0.0009999937610700727,0.0009201358770951629,0.0005079067195765674,0.0005001365789212286,0.0005738979671150446,0.01173606887459755,0.010186107829213142,0.011653736233711243,passive,0
17.0008,rehab,small_slow,41.07231219664533,-666.6342989939764,296.9428929356671,-177.38924731443595,0.13287308120465519,-149.98828254357272,26.7989,0.1439,-18.7941,-11.9005,0.9561,7.4799,80.99658852756613,27.752593389832146,83.5145108062442,-23.244213528103298,-88.98979187011719,-39.061804877387154,2.2855029719890934,1.0883331298828125,1.6003327322478342,-2.672721015082465,-0.06785074869791667,2.171291775173611,0.4503,0.2481,0.19,-0.03081,-0.01529,-0.00358,0.0008820138755254447,0.0009999937610700727,0.0009201358770951629,0.0005079067195765674,0.0005001365789212286,0.0005738979671150446,0.01173606887459755,0.010186107829213142,0.011653736233711243,passive,0
17.0209,rehab,small_slow,41.71139921828429,-666.6281719501278,296.49632795589974,-177.38928849132182,0.13293726276221288,-149.98667963507953,26.4941,0.1479,-18.6138,-19.225,-0.4879,7.6383,81.05236317851755,27.778454771136293,83.55052910228767,-23.30765618218316,-88.99139404296875,-39.00835673014323,2.3399179288656407,1.0339181730062654,1.4875393102664758,-2.5892130533854165,-0.06785074869791667,2.103441026475694,0.5325,0.1948,0.5604,-0.03116,-0.02167,-0.01145,0.0008820138755254447,0.0009999937610700727,0.0009201358770951629,0.0005079067195765674,0.0005001365789212286,0.0005738979671150446,0.01173606887459755,0.010186107829213142,0.011653736233711243,passive,0
17.0407,rehab,small_slow,42.14548616774708,-666.624965533612,296.1961680228181,-177.38928792032766,0.13292082268444458,-149.9850470900264,25.6823,0.1292,-18.2301,-24.9814,-1.6212,6.3523,81.09026465085473,27.79606280940594,83.5744053302425,-23.350245157877605,-88.99249606662326,-38.972574869791664,2.3399179288656407,1.0883331298828125,1.4745134410291616,-2.745361328125,-0.06785074869791667,2.2391425238715277,0.5322,0.2666,0.1932,-0.02402,-0.01638,-0.00732,0.0008820138755254447,0.0009999937610700727,0.0009201358770951629,0.0005079067195765674,0.0005001365789212286,0.0005738979671150446,0.01173606887459755,0.010186107829213142,0.011653736233711243,passive,0
17.0611,rehab,small_slow,42.77777007121116,-666.6251361835604,295.7523020623544,-177.38850322676635,0.13226354145465702,-149.984546959213,25.15,0.0893,-18.1674,-19.6482,-2.2216,-2.228,81.14555661040957,27.82264482856977,83.60922709550007,-23.414323594835068,-88.99416605631511,-38.918516370985245,2.2310880151125465,1.0883331298828125,1.4759071274559097,-2.713326348198785,-0.13570149739583334,2.307001749674479,0.5288,0.341,0.623,-0.01352,-0.02736,-0.0062,0.0008820138755254447,0.0009999937610700727,0.0009201358770951629,0.0005079067195765674,0.0005001365789212286,0.0005738979671150446,0.01173606887459755,0.010186107829213142,0.011653736233711243,passive,0
17.0806,rehab,small_slow,43.19333449663833,-666.6254663355661,295.4392786417108,-177.38886135886023,0.13254828297232005,-149.98527249691213,24.812,0.0243,-18.3188,5.0536,-2.3495,-21.7066,81.1819080315014,27.84138821139194,83.63335486685875,-23.457853529188366,-88.99528503417969,-38.881937662760414,2.2855029719890934,1.1971630436359066,1.5116602831547803,-2.7721405029296875,-0.13570149739583334,2.374852498372396,0.3831,0.2638,1.2998,-0.03353,-0.01668,-0.00616,0.0008820138755254447,0.0009999937610700727,0.0009201358770951629,0.0005079067195765674,0.0005001365789212286,0.0005738979671150446,0.01173606887459755,0.010186107829213142,0.011653736233711243,passive,0
17.1008,rehab,small_slow,43.60312918071026,-666.625221932686,295.1337681450238,-177.38854470492106,0.1323178576741326,-149.9863897699857,24.8873,-0.0426,-18.8025,25.7777,-2.137,-34.9821,81.21774956731512,27.859601313524905,83.65734666880995,-23.501561482747395,-88.99637858072917,-38.84547763400607,2.2310880151125465,1.1427480867593596,1.4891913385674505,-2.7216678195529513,-0.0,2.307001749674479,0.3686,0.374,0.856,-0.02167,-0.00888,-0.00407,0.0008820138755254447,0.0009999937610700727,0.0009201358770951629,0.0005079067195765674,0.0005001365789212286,0.0005738979671150446,0.01173606887459755,0.010186107829213142,0.011653736233711243,passive,0
17.1206,rehab,small_slow,44.218351211026686,-666.6253608405767,294.6603447295251,-177.3887459840726,0.13245144292155683,-149.98847220378855,25.7326,-0.0776,-19.7593,34.3639,-1.608,-37.5675,81.27157985573947,27.887944136515703,83.69402441647973,-23.568021986219616,-88.99808247884114,-38.79032558865017,2.2310880151125465,1.1427480867593596,1.5836152935972307,-2.836015489366319,-0.06785074869791667,2.2391425238715277,0.349,0.2939,0.6839,-0.03832,-0.01212,-0.00647,0.0008820138755254447,0.0009999937610700727,0.0009201358770951629,0.0005079067195765674,0.0005001365789212286,0.0005738979671150446,0.01173606887459755,0.010186107829213142,0.011653736233711243,passive,0
17.1408,rehab,small_slow,44.642826552215546,-666.6276735867748,294.3352804318696,-177.38898467970344,0.1326041269776411,-149.9886649601439,26.7946,-0.0874,-20.7439,35.6481,-0.7638,-33.9576,81.30874709327622,27.907802468479268,83.71852610370901,-23.613221910264755,-88.99923536512587,-38.75348409016927,2.448754641089109,1.251584798982828,1.5089748873568998,-2.9234822591145835,-0.0,2.374852498372396,0.2973,0.3189,0.5965,-0.05202,-0.01221,-0.00757,0.0008820138755254447,0.0009999937610700727,0.0009201358770951629,0.0005079067195765674,0.0005001365789212286,0.0005738979671150446,0.01173606887459755,0.010186107829213142,0.011653736233711243,passive,0
17.1606,rehab,small_slow,45.288902790029795,-666.6280156751276,293.8321281728685,-177.38963467051875,0.13318991380280704,-149.98874730312184,28.51,-0.0796,-22.0434,29.2979,0.2217,-25.2895,81.36526277749846,27.938205227993503,83.75682868579827,-23.682751125759548,-89.00087992350261,-38.69767930772569,2.3943328857421875,1.305999755859375,1.6703569771039604,-2.9393429226345487,-0.06785074869791667,2.4427032470703125,0.3792,0.288,0.4355,-0.0451,-0.00743,-0.00997,0.0008820138755254447,0.0009999937610700727,0.0009201358770951629,0.0005079067195765674,0.0005001365789212286,0.0005738979671150446,0.01173606887459755,0.010186107829213142,0.011653736233711243,passive,0
17.1806,rehab,small_slow,45.72286353010458,-666.6314432946866,293.4895215913248,-177.39023587064577,0.13373887000902882,-149.98896677662842,28.6634,-0.0777,-22.0973,16.4194,1.1641,-12.673,81.40326622689125,27.959375664739326,83.78208500323909,-23.729510837131077,-89.00197347005208,-38.65999009874132,2.448754641089109,1.360414712735922,1.5503095872331374,-2.921871609157986,-0.06785074869791667,2.307001749674479,0.5011,0.3699,1.0029,-0.03647,-0.00911,-0.00918,0.0008820138755254447,0.0009999937610700727,0.0009201358770951629,0.0005079067195765674,0.0005001365789212286,0.0005738979671150446,0.01173606887459755,0.010186107829213142,0.011653736233711243,passive,0
17.2009,rehab,small_slow,46.50711296001271,-666.6329191892921,292.8935436339978,-177.3901701858271,0.1336936013538021,-149.9870975300214,28.1918,-0.055,-21.7308,-3.4946,1.8972,3.5615,81.47188998685024,27.995883450649753,83.82708407864712,-23.813095092773438,-89.00396558973524,-38.59419080946181,2.503169597965656,1.305999755859375,1.6373164110844678,-2.9911634657118054,-0.06785074869791667,2.374852498372396,0.4198,0.4285,1.0976,-0.02635,-0.01346,-0.01042,0.0008820138755254447,0.0009999937610700727,0.0009201358770951629,0.0005079067195765674,0.0005001365789212286,0.0005738979671150446,0.01173606887459755,0.010186107829213142,0.011653736233711243,passive,0
17.2207,rehab,small_slow,46.95346347487608,-666.6357719871811,292.5505622377841,-177.3900549268255,0.13353193712890823,-149.98635136008753,27.9272,-0.0145,-21.5537,-15.006,2.2385,11.7897,81.51098798997332,28.017189856803064,83.85256474561031,-23.861219618055554,-89.00516933865018,-38.55639139811198,2.3943328857421875,1.251584798982828,1.6621172310102104,-2.9862552218967013,-0.06785074869791667,2.374852498372396,0.3113,0.2593,1.0456,-0.04721,-0.02022,-0.01182,0.0008820138755254447,0.0009999937610700727,0.0009201358770951629,0.0005079067195765674,0.0005001365789212286,0.0005738979671150446,0.01173606887459755,0.010186107829213142,0.011653736233711243,passive,0
17.2409,rehab,small_slow,47.62205248236262,-666.6314050680948,292.03771143864833,-177.39011814327108,0.133552110204742,-149.98646805715958,27.3395,0.0383,-21.1626,-14.9165,2.0966,10.0159,81.56944123825224,28.048122897006497,83.89205026154471,-23.933325873480904,-89.00694953070746,-38.49864535861545,2.3943328857421875,1.305999755859375,1.64591647610806,-2.9431915283203125,-0.06785074869791667,2.2391425238715277,0.4037,0.4646,0.8457,-0.03978,-0.00527,-0.01332,0.0008820138755254447,0.0009999937610700727,0.0009201358770951629,0.0005079067195765674,0.0005001365789212286,0.0005738979671150446,0.01173606887459755,0.010186107829213142,0.011653736233711243,passive,0
17.261,rehab,small_slow,48.06883556352672,-666.6324753085714,291.69285822296854,-177.3899015528255,0.13339486880539353,-149.9864226792866,27.433,0.0909,-21.2624,-4.9737,1.5373,0.369,81.60855283831606,28.069463295511678,83.91785045661548,-23.98189968532986,-89.00811089409721,-38.46013387044271,2.3943328857421875,1.305999755859375,1.6565492837735922,-3.0398390028211804,-0.06785074869791667,2.4427032470703125,0.275,0.3801,0.7543,-0.04634,-0.00885,-0.00887,0.0008820138755254447,0.0009999937610700727,0.0009201358770951629,0.0005079067195765674,0.0005001365789212286,0.0005738979671150446,0.01173606887459755,0.010186107829213142,0.011653736233711243,passive,0
17.2807,rehab,small_slow,48.5108404188121,-666.6303031780296,291.3415724419226,-177.3901408318649,0.1335551707206096,-149.98689856704814,26.8287,0.1304,-20.8785,12.8001,0.4968,-15.5831,81.64721573933517,28.090803694016863,83.9445684451868,-24.030838012695312,-89.00930616590712,-38.42155456542969,2.503169597965656,1.360414712735922,1.6702685969890934,-3.1163957383897567,-0.06785074869791667,2.4427032470703125,0.4402,0.4308,0.5582,-0.04432,-0.00925,-0.01005,0.0008820138755254447,0.0009999937610700727,0.0009201358770951629,0.0005079067195765674,0.0005001365789212286,0.0005738979671150446,0.01173606887459755,0.010186107829213142,0.011653736233711243,passive,0
17.301,rehab,small_slow,49.18779988228934,-666.6269729490979,290.8140257046051,-177.38947084586403,0.13305966021860646,-149.9871748893595,27.2521,0.1382,-21.3103,28.4941,-0.9293,-30.8208,81.70642361782565,28.122953660417313,83.98500574697363,-24.106029934353298,-89.01106092664931,-38.362926907009545,2.61199951171875,1.4148296696124691,1.7376618338103342,-3.1255340576171875,-0.06785074869791667,2.510553995768229,0.4031,0.4035,0.402,-0.03693,-0.0064,-0.00768,0.0008820138755254447,0.0009999937610700727,0.0009201358770951629,0.0005079067195765674,0.0005001365789212286,0.0005738979671150446,0.01173606887459755,0.010186107829213142,0.011653736233711243,passive,0
17.3207,rehab,small_slow,49.64591493562363,-666.6245393069338,290.4469161839083,-177.38974238132616,0.13325582434873465,-149.9869020762494,28.7389,0.0921,-22.6229,33.8669,-2.2025,-37.7306,81.74649380221226,28.145395411123143,84.01269591680848,-24.157011244032116,-89.01226467556424,-38.32371181911892,2.448754641089109,1.360414712735922,1.606770883692373,-3.1609598795572915,-0.06785074869791667,2.510553995768229,0.554,0.5175,0.7488,-0.01275,-0.01196,-0.00311,0.0008820138755254447,0.0009999937610700727,0.0009201358770951629,0.0005079067195765674,0.0005001365789212286,0.0005738979671150446,0.01173606887459755,0.010186107829213142,0.011653736233711243,passive,0
17.3406,rehab,small_slow,50.34900310795468,-666.6208812392694,289.90319287246405,-177.38902493630962,0.13268765081292488,-149.98516538621254,29.1774,0.0231,-23.2151,25.3217,-2.9404,-32.8203,81.80798596674853,28.178843885365097,84.0539014457476,-24.234356350368923,-89.01405334472656,-38.26483832465278,2.557584554842203,1.5236663818359375,1.6939680647141862,-3.271840413411458,-0.06785074869791667,2.5784132215711804,0.5497,0.4142,0.4754,-0.02852,-0.01717,-0.00771,0.0008820138755254447,0.0009999937610700727,0.0009201358770951629,0.0005079067195765674,0.0005001365789212286,0.0005738979671150446,0.01173606887459755,0.010186107829213142,0.011653736233711243,passive,0
17.3609,rehab,small_slow,50.81836707465798,-666.6220598352405,289.5327628923848,-177.389006565539,0.1326398512934622,-149.98418918132688,29.8625,-0.0512,-24.0594,13.4501,-2.9465,-24.274,81.84908951863204,28.202176235689976,84.0808913731339,-24.285914103190102,-89.01528252495659,-38.225301106770836,2.503169597965656,1.360414712735922,1.673361901009437,-3.2329813639322915,-0.06785074869791667,2.4427032470703125,0.6353,0.5799,1.1256,-0.03197,-0.00799,-0.01129,0.0008820138755254447,0.0009999937610700727,0.0009201358770951629,0.0005079067195765674,0.0005001365789212286,0.0005738979671150446,0.01173606887459755,0.010186107829213142,0.011653736233711243,passive,0
17.381,rehab,small_slow,51.50353605278201,-666.6212488031057,288.9800936723864,-177.38858340309983,0.1323045170495934,-149.9846546482812,30.5933,-0.1228,-25.0367,1.4742,-2.205,-14.4929,81.9090724227452,28.23660368966584,84.12196773113591,-24.363750881618923,-89.01709662543402,-38.165740966796875,2.448754641089109,1.4148296696124691,1.6991824914913367,-3.264668782552083,-0.13570149739583334,2.5784132215711804,0.4607,0.4173,0.6863,-0.05279,0.00012,-0.00929,0.0008820138755254447,0.0009999937610700727,0.0009201358770951629,0.0005079067195765674,0.0005001365789212286,0.0005738979671150446,0.01173606887459755,0.010186107829213142,0.011653736233711243,passive,0
17.4005,rehab,small_slow,52.06674808858955,-666.6282603870455,288.51298788066725,-177.38791807468115,0.13182523004239172,-149.98552313354148,30.0067,-0.1606,-24.819,-12.5858,-0.7815,-1.4338,81.95847690695584,28.266618936368733,84.15534142220375,-24.42944844563802,-89.01857164171007,-38.11621771918403,2.3943328857421875,1.4692514249593904,1.7550931118502475,-3.294855753580729,-0.06785074869791667,2.374852498372396,0.5119,0.4621,0.7207,-0.03925,-0.00696,-0.01284,0.0008820138755254447,0.0009999937610700727,0.0009201358770951629,0.0005079067195765674,0.0005001365789212286,0.0005738979671150446,0.01173606887459755,0.010186107829213142,0.011653736233711243,passive,0
17.4206,rehab,small_slow,52.741966289631144,-666.6323802530331,287.943968998278,-177.38772360524715,0.13161623461185856,-149.9867877069555,28.75,-0.1579,-23.9756,-17.6737,0.8669,6.1745,82.01767118850557,28.302759604878943,84.19642457867613,-24.508743286132812,-89.02042812771268,-38.0566660563151,2.557584554842203,1.5236663818359375,1.7149685397006498,-3.258175320095486,-0.06785074869791667,2.4427032470703125,0.546,0.3455,-0.4256,-0.03806,-0.00832,-0.0079,0.0008820138755254447,0.0009999937610700727,0.0009201358770951629,0.0005079067195765674,0.0005001365789212286,0.0005738979671150446,0.01173606887459755,0.010186107829213142,0.011653736233711243,passive,0
17.4411,rehab,small_slow,53.20138527066213,-666.6371027063284,287.5496843997152,-177.38836902472983,0.13214775645981675,-149.9871036579251,28.0529,-0.1128,-23.5366,-18.3431,2.1539,10.5786,82.05795892394416,28.328172287138383,84.22391759287012,-24.562013414171005,-89.02162339952257,-38.016671074761284,2.6664212670656715,1.5236663818359375,1.74418836536974,-3.2787322998046875,-0.13570149739583334,2.510553995768229,0.6464,0.3858,-0.2492,-0.02875,-0.01179,-0.00976,0.0008820138755254447,0.0009999937610700727,0.0009201358770951629,0.0005079067195765674,0.0005001365789212286,0.0005738979671150446,0.01173606887459755,0.010186107829213142,0.011653736233711243,passive,0
17.4616,rehab,small_slow,53.90550818987625,-666.6366041533533,286.96096547362026,-177.3895450584852,0.13306906130067964,-149.9874187855719,28.612,-0.0497,-24.0138,-16.4213,2.9034,12.6051,82.11961425176942,28.365523083375233,84.26586415508005,-24.641647338867188,-89.02347988552518,-37.95561048719618,2.557584554842203,1.6325030940594059,1.707429036055461,-3.3753373887803817,-0.06785074869791667,2.5784132215711804,0.5988,0.4344,0.8599,-0.04298,-0.01692,-0.01859,0.0008820138755254447,0.0009999937610700727,0.0009201358770951629,0.0005079067195765674,0.0005001365789212286,0.0005738979671150446,0.01173606887459755,0.010186107829213142,0.011653736233711243,passive,0
17.4809,rehab,small_slow,54.385407643653956,-666.6364637670438,286.56320687792885,-177.3901686028186,0.1335088910821685,-149.98691136549672,28.5535,0.0265,-23.9518,-1.5486,2.8286,2.6937,82.16164239562384,28.390908571753172,84.29405741172262,-24.69568888346354,-89.02475992838542,-37.91470845540365,2.557584554842203,1.5780813387124846,1.702880859375,-3.375718858506944,-0.06785074869791667,2.5784132215711804,0.5731,0.4243,0.8331,-0.0448,-0.01036,-0.01796,0.0008820138755254447,0.0009999937610700727,0.0009201358770951629,0.0005079067195765674,0.0005001365789212286,0.0005738979671150446,0.01173606887459755,0.010186107829213142,0.011653736233711243,passive,0
17.501,rehab,small_slow,54.86470357431881,-666.6350532216886,286.17367823559727,-177.38982619514368,0.13320593076574894,-149.9859517457253,28.5353,0.0926,-23.8912,21.0482,1.9724,-15.4465,82.20360255477452,28.41565500391592,84.32229825765779,-24.750340779622395,-89.02601453993056,-37.87433200412326,2.61199951171875,1.6325030940594059,1.8154431333636294,-3.360341389973958,-0.06785074869791667,2.4427032470703125,0.5951,0.3408,0.29,-0.03652,-0.01878,-0.00982,0.0008820138755254447,0.0009999937610700727,0.0009201358770951629,0.0005079067195765674,0.0005001365789212286,0.0005738979671150446,0.01173606887459755,0.010186107829213142,0.011653736233711243,passive,0
17.5206,rehab,small_slow,55.57620872941013,-666.6320067938707,285.57229982258605,-177.39005153209655,0.13339349193714836,-149.98564403761588,28.7867,0.1203,-24.0526,32.2774,0.6833,-25.6364,82.26588334187423,28.453726438012453,84.36575408029084,-24.833399454752602,-89.02785407172308,-37.813305324978295,2.6664212670656715,1.5236663818359375,1.762523839969446,-3.4777323404947915,-0.06785074869791667,2.6462639702690973,0.7027,0.3498,0.4486,-0.03384,-0.02459,-0.02012,0.0008820138755254447,0.0009999937610700727,0.0009201358770951629,0.0005079067195765674,0.0005001365789212286,0.0005738979671150446,0.01173606887459755,0.010186107829213142,0.011653736233711243,passive,0
17.5408,rehab,small_slow,56.04458022515206,-666.6300173693967,285.1768479630145,-177.38941858178612,0.13293301499949525,-149.98676796692942,28.9088,0.1103,-24.1399,29.2226,-0.7265,-25.6824,82.3068917151725,28.4787652044013,84.39470196714495,-24.889407687717014,-89.02909172905815,-37.771809895833336,2.61199951171875,1.6325030940594059,1.8044296113571319,-3.4716203477647567,-0.06785074869791667,2.6462639702690973,0.6855,0.515,0.3969,-0.02806,-0.00782,-0.01196,0.0008820138755254447,0.0009999937610700727,0.0009201358770951629,0.0005079067195765674,0.0005001365789212286,0.0005738979671150446,0.01173606887459755,0.010186107829213142,0.011653736233711243,passive,0
17.5609,rehab,small_slow,56.76123332562708,-666.6282982228051,284.57397212071896,-177.3888137985028,0.13242265299843256,-149.98641922418952,30.1218,0.0697,-25.1563,23.592,-1.8582,-25.0217,82.36965519366878,28.517346523775913,84.43802182037051,-24.973932902018227,-89.03099060058594,-37.71035936143663,2.7208362239422184,1.5236663818359375,1.737444282758354,-3.567377726236979,-0.06785074869791667,2.5784132215711804,0.5454,0.4772,0.2689,-0.04629,-0.00263,-0.01153,0.0008820138755254447,0.0009999937610700727,0.0009201358770951629,0.0005079067195765674,0.0005001365789212286,0.0005738979671150446,0.01173606887459755,0.010186107829213142,0.011653736233711243,passive,0
17.581,rehab,small_slow,57.24214771316251,-666.6264120669426,284.16727441340447,-177.38877631527697,0.1324190049092529,-149.98608814499474,31.3966,0.0247,-26.3692,18.298,-2.5311,-25.4721,82.41175812069733,28.543418657661665,84.46699690110613,-25.030237833658852,-89.03221978081596,-37.66922844780816,2.61199951171875,1.6325030940594059,1.882353678788289,-3.4102715386284723,-0.06785074869791667,2.6462639702690973,0.5878,0.4609,0.3369,-0.03585,-0.00806,-0.00476,0.0008820138755254447,0.0009999937610700727,0.0009201358770951629,0.0005079067195765674,0.0005001365789212286,0.0005738979671150446,0.01173606887459755,0.010186107829213142,0.011653736233711243,passive,0
17.6009,rehab,small_slow,57.96974987777291,-666.6263777145156,283.5627188038875,-177.3882803475374,0.13208894068418714,-149.98604145482415,31.8624,-0.0397,-27.0159,9.4873,-2.4218,-22.4423,82.47549378045714,28.582768204188582,84.50933777459777,-25.11439005533854,-89.03409322102864,-37.606497870551216,2.6664212670656715,1.7413330078125,1.7795404113165223,-3.4848700629340277,-0.06785074869791667,2.714114718967014,0.5432,0.483,0.2119,-0.03646,-0.00076,-0.00856,0.0008820138755254447,0.0009999937610700727,0.0009201358770951629,0.0005079067195765674,0.0005001365789212286,0.0005738979671150446,0.01173606887459755,0.010186107829213142,0.011653736233711243,passive,0
17.6208,rehab,small_slow,58.46045018463021,-666.6266487554184,283.15282834449766,-177.38853678233377,0.13225608167675745,-149.98564086851957,31.015,-0.0923,-26.5995,-3.6419,-1.562,-12.9714,82.51848730710473,28.609649356048887,84.53746304653659,-25.170338948567707,-89.035398695204,-37.564544677734375,2.61199951171875,1.686918050935953,1.7578057015296256,-3.4191131591796875,-0.06785074869791667,2.5784132215711804,0.6235,0.4045,-0.1296,-0.04163,-0.00508,-0.01133,0.0008820138755254447,0.0009999937610700727,0.0009201358770951629,0.0005079067195765674,0.0005001365789212286,0.0005738979671150446,0.01173606887459755,0.010186107829213142,0.011653736233711243,passive,0
17.6411,rehab,small_slow,59.303473752023855,-666.6313989181889,282.4362656968489,-177.38813637786262,0.13200400612426186,-149.98613991029316,30.3099,-0.1132,-26.4302,-23.6609,-0.3053,5.7114,82.592400277015,28.65712307467319,84.5862352730024,-25.26923285590278,-89.03759426540799,-37.4912601047092,2.557584554842203,1.795747964689047,1.8568050271213645,-3.546761406792535,-0.06785074869791667,2.6462639702690973,0.569,0.4715,0.4672,-0.04802,-0.00195,-0.01834,0.0008820138755254447,0.0009999937610700727,0.0009201358770951629,0.0005079067195765674,0.0005001365789212286,0.0005738979671150446,0.01173606887459755,0.010186107829213142,0.011653736233711243,passive,0
17.6611,rehab,small_slow,59.781749178298675,-666.6333956408085,282.00997454210915,-177.38903723445347,0.1326846467184519,-149.98664080277715,30.0469,-0.1193,-26.5813,-35.4204,0.8943,20.3414,82.63433324228419,28.685282338963876,84.61486363174892,-25.326131184895832,-89.03887430826823,-37.44947645399306,2.557584554842203,1.7413330078125,1.702024252107828,-3.543607923719618,-0.13570149739583334,2.6462639702690973,0.5836,0.4131,0.0598,-0.04103,-0.007,-0.0134,0.0008820138755254447,0.0009999937610700727,0.0009201358770951629,0.0005079067195765674,0.0005001365789212286,0.0005738979671150446,0.01173606887459755,0.010186107829213142,0.011653736233711243,passive,0
17.681,rehab,small_slow,60.48734522175533,-666.6361779719184,281.36357509148405,-177.3903102733543,0.1336581798261016,-149.98877382386013,29.9455,-0.0841,-26.7441,-19.6722,1.7787,12.2619,82.69620612116144,28.727888352800125,84.65847581920058,-25.412614610460068,-89.04079013400607,-37.38645765516493,2.557584554842203,1.795747964689047,1.8526715571337407,-3.5732523600260415,-0.06785074869791667,2.5784132215711804,0.7394,0.5045,-0.3742,-0.03054,-0.00857,-0.0095,0.0008820138755254447,0.0009999937610700727,0.0009201358770951629,0.0005079067195765674,0.0005001365789212286,0.0005738979671150446,0.01173606887459755,0.010186107829213142,0.011653736233711243,passive,0
17.7006,rehab,small_slow,60.963208194816154,-666.638946258144,280.93672445725747,-177.39013960894704,0.13349886625365864,-149.98987568780842,29.4266,-0.0176,-26.2756,7.7094,1.9881,-7.6882,82.73794872926013,28.75623117579092,84.68742370605469,-25.471386379665798,-89.04209560818143,-37.34428405761719,2.557584554842203,1.795747964689047,1.8419571678237159,-3.7782033284505205,-0.06785074869791667,2.5784132215711804,0.6667,0.4967,0.0792,-0.03947,-0.01563,-0.01074,0.0008820138755254447,0.0009999937610700727,0.0009201358770951629,0.0005079067195765674,0.0005001365789212286,0.0005738979671150446,0.01173606887459755,0.010186107829213142,0.011653736233711243,passive,0
17.7209,rehab,small_slow,61.442045607663616,-666.6370752463487,280.497497702287,-177.39096898052492,0.13411126294867895,-149.99040226889554,28.7457,0.0424,-25.4972,23.4722,1.4743,-20.0846,82.77989529147007,28.78490712383006,84.71753413134282,-25.53037855360243,-89.04337565104167,-37.30248345269097,2.7208362239422184,1.9045846769125154,1.8756503869991492,-3.6465877956814237,-0.06785074869791667,2.4427032470703125,0.7613,0.6832,0.5375,-0.03207,-0.00626,-0.01155,0.0008820138755254447,0.0009999937610700727,0.0009201358770951629,0.0005079067195765674,0.0005001365789212286,0.0005738979671150446,0.01173606887459755,0.010186107829213142,0.011653736233711243,passive,0
17.7408,rehab,small_slow,62.1825605575386,-666.635490320964,279.84840365175705,-177.39036295507762,0.13368492316357208,-149.9898281726038,28.839,0.0743,-25.4053,27.6062,0.6452,-25.7515,82.8447662957824,28.82775108412941,84.76213209699876,-25.620430840386284,-89.0452660454644,-37.23921034071181,2.8296661376953125,1.7413330078125,1.8804365101427134,-3.681649102105035,-0.06785074869791667,2.5784132215711804,0.6185,0.4604,0.0395,-0.05301,-0.00956,-0.01082,0.0008820138755254447,0.0009999937610700727,0.0009201358770951629,0.0005079067195765674,0.0005001365789212286,0.0005738979671150446,0.01173606887459755,0.010186107829213142,0.011653736233711243,passive,0
17.7616,rehab,small_slow,62.688995357789075,-666.6340619671836,279.410428140748,-177.38998013979833,0.1333941211132686,-149.98863706126318,31.0372,0.0671,-27.3171,28.3584,-0.4224,-32.0082,82.88912631497524,28.856821343450264,84.79196378500154,-25.681067572699654,-89.04655456542969,-37.19673156738281,2.7208362239422184,1.795747964689047,1.7822190086440284,-3.722135755750868,-0.06785074869791667,2.5784132215711804,0.779,0.4033,0.2926,-0.0433,-0.02583,-0.01862,0.0008820138755254447,0.0009999937610700727,0.0009201358770951629,0.0005079067195765674,0.0005001365789212286,0.0005738979671150446,0.01173606887459755,0.010186107829213142,0.011653736233711243,passive,0
17.7806,rehab,small_slow,63.443911712529165,-666.6290696742597,278.7602680333292,-177.38861890015107,0.1324026751066787,-149.98698138939366,33.1343,0.0319,-29.4863,24.6913,-1.2183,-34.8403,82.95522104395498,28.89973328845336,84.83701724817257,-25.772586398654514,-89.04844495985243,-37.133331298828125,2.7208362239422184,1.795747964689047,1.8500405490988552,-3.810085720486111,-0.06785074869791667,2.6462639702690973,0.6483,0.4081,0.3162,-0.06237,0.00229,-0.01917,0.0008820138755254447,0.0009999937610700727,0.0009201358770951629,0.0005079067195765674,0.0005001365789212286,0.0005738979671150446,0.01173606887459755,0.010186107829213142,0.011653736233711243,passive,0
17.8005,rehab,small_slow,63.939949727904356,-666.6303323315523,278.3245449630187,-177.38743616810248,0.13148867944015522,-149.98613601881522,32.3837,-0.0189,-29.2581,14.6192,-1.3388,-30.3658,82.9987108589399,28.929041494237314,84.86645462489363,-25.834062364366318,-89.0497334798177,-37.09138658311632,2.7208362239422184,1.8501697200359684,1.8976094463084003,-3.839433458116319,-0.06785074869791667,2.510553995768229,0.766,0.5798,-0.0066,-0.03144,0.00648,-0.00657,0.0008820138755254447,0.0009999937610700727,0.0009201358770951629,0.0005079067195765674,0.0005001365789212286,0.0005738979671150446,0.01173606887459755,0.010186107829213142,0.011653736233711243,passive,0
17.8208,rehab,small_slow,64.66812732727243,-666.6322084840451,277.65311042554987,-177.38701478334093,0.13115062800983518,-149.987255535338,31.57,-0.0512,-29.0135,-4.7331,-0.8367,-14.2687,83.06256889116646,28.97412894976021,84.91130413395344,-25.926420423719616,-89.05169169108073,-37.02746073404948,2.7208362239422184,1.8501697200359684,1.8336426385558477,-3.818571302625868,-0.06785074869791667,2.6462639702690973,0.7904,0.5162,0.1779,-0.04893,0.01045,-0.01685,0.0008820138755254447,0.0009999937610700727,0.0009201358770951629,0.0005079067195765674,0.0005001365789212286,0.0005738979671150446,0.01173606887459755,0.010186107829213142,0.011653736233711243,passive,0
17.8406,rehab,small_slow,65.28106656627371,-666.6339514689256,277.07526194035694,-177.38773232936612,0.13165285327697823,-149.9869057325073,31.4284,-0.0586,-29.3049,-29.7322,-0.0487,11.1996,83.11631759794632,29.013097781946165,84.94913082311649,-26.00388420952691,-89.05331081814236,-36.974945068359375,2.6664212670656715,1.9589996337890625,1.889131753751547,-3.856777615017361,-0.06785074869791667,2.6462639702690973,0.5884,0.6015,-0.4244,-0.05378,0.00232,-0.00921,0.0008820138755254447,0.0009999937610700727,0.0009201358770951629,0.0005079067195765674,0.0005001365789212286,0.0005738979671150446,0.01173606887459755,0.010186107829213142,0.011653736233711243,passive,0
17.8606,rehab,small_slow,66.0264035961463,-666.6384067629111,276.3657731079719,-177.38916664559724,0.13273537296974125,-149.98609402786786,30.7265,-0.0529,-28.9413,-39.0767,0.7385,25.6788,83.18169168906637,29.061434906308012,84.99451741133586,-26.097674899631077,-89.0552266438802,-36.91145155164931,2.6664212670656715,2.067836346012531,1.9194189392694152,-3.90427483452691,-0.13570149739583334,2.714114718967014,0.5524,0.6471,-0.1268,-0.05634,-0.00129,-0.01736,0.0008820138755254447,0.0009999937610700727,0.0009201358770951629,0.0005079067195765674,0.0005001365789212286,0.0005738979671150446,0.01173606887459755,0.010186107829213142,0.011653736233711243,passive,0
17.8808,rehab,small_slow,66.53170957223416,-666.6377414677322,275.88275283517527,-177.39103507243837,0.1341497206684127,-149.9855232558505,30.3182,-0.0116,-28.6775,-19.8002,1.1396,13.3981,83.22597012661471,29.094101556456916,85.02540966071705,-26.160151163736977,-89.05651516384549,-36.86845567491319,2.8296661376953125,2.0134145906656093,1.8968684130375928,-3.954484727647569,-0.13570149739583334,2.8498246934678817,0.6815,0.6093,-0.0542,-0.05124,-0.00619,-0.01408,0.0008820138755254447,0.0009999937610700727,0.0009201358770951629,0.0005079067195765674,0.0005001365789212286,0.0005738979671150446,0.01173606887459755,0.010186107829213142,0.011653736233711243,passive,0
17.9008,rehab,small_slow,67.03463162678314,-666.6359279804932,275.41434099195226,-177.3914398174228,0.13452350754815826,-149.98503565629008,29.9132,0.0352,-28.2771,0.7177,0.986,-3.0839,83.2700242146407,29.12572124216816,85.05611835139813,-26.223186916775173,-89.05775282118056,-36.82560390896267,2.7752511808187657,1.9589996337890625,1.9101730195602569,-3.895382351345486,-0.13570149739583334,2.714114718967014,0.9099,0.5761,0.5354,-0.03762,-0.01308,-0.01289,0.0008820138755254447,0.0009999937610700727,0.0009201358770951629,0.0005079067195765674,0.0005001365789212286,0.0005738979671150446,0.01173606887459755,0.010186107829213142,0.011653736233711243,passive,0
17.921,rehab,small_slow,67.77834408431971,-666.6340867769566,274.7232512521372,-177.39098663803605,0.13418110948353898,-149.98480231420737,29.3315,0.0512,-27.6449,8.8739,0.499,-11.0405,83.3352011501199,29.172555904577273,85.10165450596573,-26.317994859483505,-89.05968560112846,-36.76173739963107,2.61199951171875,1.9045846769125154,1.858579427889078,-4.01017083062066,-0.06785074869791667,2.714114718967014,0.6318,0.6598,0.4833,-0.05985,0.0052,-0.0088,0.0008820138755254447,0.0009999937610700727,0.0009201358770951629,0.0005079067195765674,0.0005001365789212286,0.0005738979671150446,0.01173606887459755,0.010186107829213142,0.011653736233711243,passive,0
17.9408,rehab,small_slow,68.26507742412602,-666.6332798505664,274.2644884831202,-177.39017530812862,0.1335865366564148,-149.98549014497397,29.6668,0.0542,-27.9247,18.8143,-0.0563,-22.6212,83.37786835018952,29.203672503480817,85.13208445936147,-26.381793551974827,-89.06096564398871,-36.71910603841146,2.61199951171875,1.9589996337890625,1.9267952796256187,-4.00941636827257,-0.06785074869791667,2.5784132215711804,0.615,0.5805,0.5804,-0.0699,0.01324,-0.01811,0.0008820138755254447,0.0009999937610700727,0.0009201358770951629,0.0005079067195765674,0.0005001365789212286,0.0005738979671150446,0.01173606887459755,0.010186107829213142,0.011653736233711243,passive,0
17.9609,rehab,small_slow,68.9868550173134,-666.6318678222796,273.57879107134676,-177.38857977081508,0.13239757456960058,-149.9874029689979,31.1914,0.0357,-29.5337,28.0621,-0.6067,-34.4574,83.44114851243425,29.250221630134206,85.17770219557356,-26.47782219780816,-89.06290690104167,-36.655002170138886,2.6664212670656715,2.0134145906656093,1.9213904956779857,-4.059075249565972,-0.13570149739583334,2.781973944769965,0.6668,0.6152,0.4,-0.04576,0.00888,-0.0126,0.0008820138755254447,0.0009999937610700727,0.0009201358770951629,0.0005079067195765674,0.0005001365789212286,0.0005738979671150446,0.01173606887459755,0.010186107829213142,0.011653736233711243,passive,0
17.9805,rehab,small_slow,69.47449515658217,-666.6314852331462,273.11108466487246,-177.38825662416298,0.1321513194158111,-149.9883026701145,32.331,-0.0004,-30.9372,31.9434,-0.75,-40.4232,83.48390409261873,29.282208433245668,85.20808455967666,-26.541849772135414,-89.06421237521701,-36.61207411024306,2.61199951171875,1.9589996337890625,1.8790496221863398,-4.062533908420138,-0.13570149739583334,2.6462639702690973,0.6711,0.7095,0.646,-0.0551,0.0075,-0.01546,0.0008820138755254447,0.0009999937610700727,0.0009201358770951629,0.0005079067195765674,0.0005001365789212286,0.0005738979671150446,0.01173606887459755,0.010186107829213142,0.011653736233711243,passive,0
18.0006,rehab,small_slow,70.21764032351305,-666.6329244367897,272.4006608009683,-177.38784646440482,0.1318280124160175,-149.98815826428523,31.7939,-0.0186,-30.7427,25.3084,-0.3258,-34.2047,83.54907422962755,29.331286590878324,85.25339636472192,-26.638624403211804,-89.066162109375,-36.548148261176216,2.7208362239422184,2.067836346012531,1.8854129904567605,-3.986417982313368,-0.06785074869791667,2.714114718967014,0.7053,0.7892,0.1836,-0.04699,0.00384,-0.01512,0.0008820138755254447,0.0009999937610700727,0.0009201358770951629,0.0005079067195765674,0.0005001365789212286,0.0005738979671150446,0.01173606887459755,0.010186107829213142,0.011653736233711243,passive,0
18.0208,rehab,small_slow,70.72225137988987,-666.63383893395,271.9240513495917,-177.3877127246082,0.13173338542067198,-149.98754978385412,32.1909,-0.0153,-31.3142,5.193,0.2206,-12.6624,83.59331867482402,29.36443593242381,85.28337082060257,-26.703160603841145,-89.06745910644531,-36.50524563259548,2.7208362239422184,2.122251302889078,1.9677628621016399,-4.060711330837673,-0.13570149739583334,2.6462639702690973,0.8754,0.7345,0.2193,-0.04903,0.00074,-0.01354,0.0008820138755254447,0.0009999937610700727,0.0009201358770951629,0.0005079067195765674,0.0005001365789212286,0.0005738979671150446,0.01173606887459755,0.010186107829213142,0.011653736233711243,passive,0
18.0408,rehab,small_slow,71.59860165138385,-666.6333074036872,271.0611965901423,-177.3894931005291,0.133081333597041,-149.98678206956473,32.6606,-0.0108,-31.8852,-14.5111,0.5408,10.0923,83.67013459158416,29.424201285484994,85.33710593044168,-26.816601223415798,-89.06968858506944,-36.43048604329427,2.7752511808187657,2.2310880151125465,1.9147823824740873,-4.024522569444445,-0.0,2.6462639702690973,0.7227,0.6711,0.0468,-0.07769,0.00324,-0.01468,0.0008820138755254447,0.0009999937610700727,0.0009201358770951629,0.0005079067195765674,0.0005001365789212286,0.0005738979671150446,0.01173606887459755,0.010186107829213142,0.011653736233711243,passive,0
18.0612,rehab,small_slow,72.0985481461115,-666.6334688548174,270.5622246081525,-177.39090147491783,0.13411029781371803,-149.98623674498464,32.3181,0.0134,-31.5675,-27.5376,0.5384,26.0044,83.71396433008779,29.458927872157332,85.36774663641901,-26.881459554036457,-89.07097710503471,-36.387939453125,2.61199951171875,2.067836346012531,1.9079567182182084,-4.131885104709201,-0.06785074869791667,2.5784132215711804,0.7165,0.674,0.1746,-0.05729,-0.00288,-0.01635,0.0008820138755254447,0.0009999937610700727,0.0009201358770951629,0.0005079067195765674,0.0005001365789212286,0.0005738979671150446,0.01173606887459755,0.010186107829213142,0.011653736233711243,passive,0
18.0807,rehab,small_slow,72.84214336575543,-666.6341950135645,269.8311962010843,-177.39127008363837,0.13440344186682093,-149.98599895891246,31.7978,0.0518,-31.0132,-30.2126,0.0883,28.9295,83.7791616609781,29.510011578550433,85.41309923228651,-26.979276869032116,-89.07288445366753,-36.32408989800347,2.8296661376953125,2.176666259765625,1.9211525492148824,-4.151492648654513,-0.06785074869791667,2.6462639702690973,0.8724,0.6196,0.0971,-0.04821,-0.01121,-0.01643,0.0008820138755254447,0.0009999937610700727,0.0009201358770951629,0.0005079067195765674,0.0005001365789212286,0.0005738979671150446,0.01173606887459755,0.010186107829213142,0.011653736233711243,passive,0
18.1007,rehab,small_slow,73.34030590719793,-666.6315719025575,269.3528900992249,-177.39094436665792,0.13409791001102273,-149.98592345919252,29.9993,0.0573,-29.1938,-30.8657,-0.6254,27.0286,83.82282143772238,29.543269695621905,85.44334562698214,-27.04446580674913,-89.07423231336806,-36.28124660915798,2.7208362239422184,2.067836346012531,1.9053393071240718,-3.8878631591796875,-0.06785074869791667,2.6462639702690973,0.7788,0.5425,-0.4297,-0.05593,0.00361,-0.0134,0.0008820138755254447,0.0009999937610700727,0.0009201358770951629,0.0005079067195765674,0.0005001365789212286,0.0005738979671150446,0.01173606887459755,0.010186107829213142,0.011653736233711243,passive,0
18.1214,rehab,small_slow,74.0782986853318,-666.6311707371842,268.63142726600483,-177.3902394246077,0.13359615721255644,-149.98594002460166,29.6593,0.0229,-28.8785,-26.0925,-1.2084,17.9787,83.88752248027536,29.593870710618425,85.4883311054494,-27.142757839626736,-89.07613966200087,-36.217642890082466,2.61199951171875,2.122251302889078,1.8275308136892792,-4.030092027452257,-0.06785074869791667,2.714114718967014,0.7507,0.6149,0.0141,-0.05791,0.00089,-0.01524,0.0008820138755254447,0.0009999937610700727,0.0009201358770951629,0.0005079067195765674,0.0005001365789212286,0.0005738979671150446,0.01173606887459755,0.010186107829213142,0.011653736233711243,passive,0
18.1406,rehab,small_slow,74.58054365867083,-666.6303716674888,268.15002905537244,-177.38981724155073,0.13330509880313451,-149.9851904362158,29.6675,-0.023,-29.0778,-8.6106,-1.4083,-2.7411,83.93154257594949,29.627842667079207,85.51799283169284,-27.208133273654514,-89.07741122775607,-36.17511325412326,2.6664212670656715,2.176666259765625,1.843724770121055,-4.161529541015625,-0.06785074869791667,2.781973944769965,0.7945,0.6937,-0.3469,-0.04195,0.00387,-0.01382,0.0008820138755254447,0.0009999937610700727,0.0009201358770951629,0.0005079067195765674,0.0005001365789212286,0.0005738979671150446,0.01173606887459755,0.010186107829213142,0.011653736233711243,passive,0
18.1605,rehab,small_slow,75.07768797165178,-666.6279895882523,267.67023416607014,-177.38933703156792,0.13295913842303705,-149.9850742538276,29.1774,-0.0674,-28.9647,6.5902,-1.0595,-19.0387,83.97510717410853,29.661556281665764,85.54783811663637,-27.273517184787327,-89.07869974772136,-36.132405598958336,2.7208362239422184,2.067836346012531,1.8300666431389232,-4.170591566297743,-0.06785074869791667,2.5784132215711804,0.8598,0.6752,0.5249,-0.05879,-0.00478,-0.0167,0.0008820138755254447,0.0009999937610700727,0.0009201358770951629,0.0005079067195765674,0.0005001365789212286,0.0005738979671150446,0.01173606887459755,0.010186107829213142,0.011653736233711243,passive,0
18.1806,rehab,small_slow,75.80924513923402,-666.6307575982204,266.9441212916103,-177.38862637205597,0.13244237980461354,-149.98540305560763,29.7601,-0.0953,-29.941,19.8174,-0.0099,-31.4417,84.03927793597231,29.713279044274056,85.59184461536974,-27.37195332845052,-89.0806155734592,-36.069022284613716,2.6664212670656715,2.122251302889078,1.8631547984510366,-4.13453843858507,-0.06785074869791667,2.5784132215711804,0.6257,0.665,-0.4294,-0.06601,0.01507,-0.01001,0.0008820138755254447,0.0009999937610700727,0.0009201358770951629,0.0005079067195765674,0.0005001365789212286,0.0005738979671150446,0.01173606887459755,0.010186107829213142,0.011653736233711243,passive,0
18.2005,rehab,small_slow,76.28878192902711,-666.6360742090806,266.45153551479973,-177.38873871114882,0.13253875542137694,-149.98596073639155,30.1012,-0.0848,-30.5298,22.2284,1.2386,-31.1881,84.08137406453048,29.74876026115795,85.62077210681274,-27.43742201063368,-89.08187018500433,-36.027111477322045,2.6664212670656715,2.2310880151125465,1.8314263372137995,-4.072045220269097,-0.06785074869791667,2.6462639702690973,0.8035,0.7772,-0.3856,-0.04946,0.0041,-0.01216,0.0008820138755254447,0.0009999937610700727,0.0009201358770951629,0.0005079067195765674,0.0005001365789212286,0.0005738979671150446,0.01173606887459755,0.010186107829213142,0.011653736233711243,passive,0
18.221,rehab,small_slow,77.00581784023075,-666.639059675715,265.70166445787754,-177.3897175792277,0.13322270721959736,-149.987057691565,31.586,-0.0364,-32.1388,12.6477,1.9725,-18.3065,84.14428031090462,29.802250626063582,85.66532248317606,-27.53607855902778,-89.08378601074219,-35.96422831217448,2.7208362239422184,2.2855029719890934,1.8165444855642792,-4.073638916015625,-0.06785074869791667,2.510553995768229,0.7989,0.707,-0.3718,-0.06054,0.00126,-0.01545,0.0008820138755254447,0.0009999937610700727,0.0009201358770951629,0.0005079067195765674,0.0005001365789212286,0.0005738979671150446,0.01173606887459755,0.010186107829213142,0.011653736233711243,passive,0
18.2406,rehab,small_slow,77.48826324952043,-666.6399869692538,265.2091094977578,-177.38985678466068,0.13330249114199827,-149.98760293828465,31.268,0.0204,-31.7817,3.877,1.8022,-7.5534,84.18659399051478,29.837493896484375,85.69465788284151,-27.601708306206596,-89.08507453070746,-35.92211405436198,2.557584554842203,2.122251302889078,1.842065943349706,-4.035347832573785,-0.06785074869791667,2.6462639702690973,0.8445,0.7179,-0.2771,-0.06231,-0.00659,-0.01735,0.0008820138755254447,0.0009999937610700727,0.0009201358770951629,0.0005079067195765674,0.0005001365789212286,0.0005738979671150446,0.01173606887459755,0.010186107829213142,0.011653736233711243,passive,0
18.2618,rehab,small_slow,78.32913662617355,-666.6372370369336,264.3576983387906,-177.38919218285855,0.1327953317008937,-149.98816058323752,30.6913,0.0906,-31.1604,-14.6837,0.8979,11.1632,84.26030300631382,29.898122655283107,85.74628546686456,-27.716895209418404,-89.08729553222656,-35.849151611328125,2.7208362239422184,2.122251302889078,1.8419299739422184,-4.067187839084201,-0.06785074869791667,2.5784132215711804,0.8859,0.7376,-0.2222,-0.04936,0.00049,-0.00978,0.0008820138755254447,0.0009999937610700727,0.0009201358770951629,0.0005079067195765674,0.0005001365789212286,0.0005738979671150446,0.01173606887459755,0.010186107829213142,0.011653736233711243,passive,0
18.2809,rehab,small_slow,78.82039624091203,-666.6330595706268,263.8694989160687,-177.3888665592735,0.13251078321241017,-149.9870981066787,31.1005,0.1261,-31.6171,-25.8129,-0.2029,20.8607,84.30333732378365,29.932849241955445,85.7759403946376,-27.782889472113716,-89.08857557508681,-35.80792744954427,2.7208362239422184,2.122251302889078,1.8462877934521968,-4.157960679796007,-0.06785074869791667,2.510553995768229,1.019,0.8237,0.1859,-0.04905,-5e-05,-0.01749,0.0008820138755254447,0.0009999937610700727,0.0009201358770951629,0.0005079067195765674,0.0005001365789212286,0.0005738979671150446,0.01173606887459755,0.010186107829213142,0.011653736233711243,passive,0
18.3008,rehab,small_slow,79.54684037753344,-666.6292107395029,263.1389346065807,-177.3879583636843,0.13189537564378687,-149.98712573049903,29.6023,0.0851,-30.2478,-27.8396,-1.2108,21.2033,84.36699140189897,29.985136277604813,85.81998088572284,-27.882105509440102,-89.0904320610894,-35.74536641438802,2.6664212670656715,2.2855029719890934,1.8638958317218441,-4.123933580186632,-0.06785074869791667,2.6462639702690973,0.9291,0.666,-0.0793,-0.0548,0.00522,-0.01817,0.0008820138755254447,0.0009999937610700727,0.0009201358770951629,0.0005079067195765674,0.0005001365789212286,0.0005738979671150446,0.01173606887459755,0.010186107829213142,0.011653736233711243,passive,0
18.3211,rehab,small_slow,80.0326729325834,-666.6266696482235,262.64783778280986,-177.38758977495291,0.13169387945835778,-149.98714998911476,29.333,0.0033,-30.2856,-21.8485,-1.6372,14.0786,84.40955662491298,30.020413540377476,85.84926189762531,-27.948277791341145,-89.09164428710938,-35.70352342393663,2.61199951171875,2.176666259765625,1.733949868985922,-4.092924329969618,-0.06785074869791667,2.6462639702690973,0.8422,0.7302,0.1858,-0.05814,0.00294,-0.0173,0.0008820138755254447,0.0009999937610700727,0.0009201358770951629,0.0005079067195765674,0.0005001365789212286,0.0005738979671150446,0.01173606887459755,0.010186107829213142,0.011653736233711243,passive,0
18.3406,rehab,small_slow,80.5094095599162,-666.6276907206442,262.1459455930238,-177.38810029756883,0.13206868254871332,-149.98691771775566,28.5497,-0.0588,-29.7714,-3.516,-1.3854,-4.5714,84.45136041924505,30.05682614770266,85.87818259059793,-28.014144897460938,-89.09286499023438,-35.66269768608941,2.6664212670656715,2.3399179288656407,1.714383871248453,-3.982899983723958,-0.13570149739583334,2.510553995768229,0.8735,0.7282,-0.2106,-0.05404,0.02044,-0.01314,0.0008820138755254447,0.0009999937610700727,0.0009201358770951629,0.0005079067195765674,0.0005001365789212286,0.0005738979671150446,0.01173606887459755,0.010186107829213142,0.011653736233711243,passive,0
18.3613,rehab,small_slow,81.22026651996983,-666.6317224321655,261.387648216453,-177.3890674348748,0.1327253729133173,-149.9870097622934,28.4173,-0.0865,-29.7416,10.9507,-0.5602,-18.8966,84.51372278798925,30.112226882783492,85.92116931877514,-28.113115098741318,-89.09473843044705,-35.60136583116319,2.61199951171875,2.3943328857421875,1.8159462201713334,-4.1715240478515625,-0.13570149739583334,2.5784132215711804,0.8613,0.5584,-0.9632,-0.06097,0.00259,-0.01356,0.0008820138755254447,0.0009999937610700727,0.0009201358770951629,0.0005079067195765674,0.0005001365789212286,0.0005738979671150446,0.01173606887459755,0.010186107829213142,0.011653736233711243,passive,0
18.3808,rehab,small_slow,81.69323159665446,-666.6357444814993,260.88036936019876,-177.38983164746,0.13324826030718223,-149.9875359728099,29.6725,-0.0634,-31.0917,17.8692,0.5196,-26.091,84.55522744962485,30.14955728360922,85.94943735859182,-28.17896525065104,-89.09600151909721,-35.560082329644096,2.6664212670656715,2.503169597965656,1.7853938943088645,-4.248157077365451,-0.06785074869791667,2.5784132215711804,0.9797,0.7139,-0.5088,-0.05523,0.0124,-0.01263,0.0008820138755254447,0.0009999937610700727,0.0009201358770951629,0.0005079067195765674,0.0005001365789212286,0.0005738979671150446,0.01173606887459755,0.010186107829213142,0.011653736233711243,passive,0
18.4005,rehab,small_slow,82.41369017372021,-666.6399916021059,260.12932801305493,-177.38981820934643,0.13322718189311325,-149.98659733775088,29.5939,-0.0165,-31.0614,17.5027,1.223,-26.571,84.61841923175471,30.204992011041924,85.99154708409073,-28.278274536132812,-89.0978495279948,-35.498953925238716,2.7208362239422184,2.3399179288656407,1.7716949765044863,-4.159503512912326,-0.13570149739583334,2.6462639702690973,0.9669,0.6506,0.181,-0.07267,-6e-05,-0.02525,0.0008820138755254447,0.0009999937610700727,0.0009201358770951629,0.0005079067195765674,0.0005001365789212286,0.0005738979671150446,0.01173606887459755,0.010186107829213142,0.011653736233711243,passive,0
18.4213,rehab,small_slow,82.89754860013598,-666.6368128896233,259.6299574744259,-177.38997097033462,0.1332885578130224,-149.985257662064,30.6248,0.033,-32.2345,9.6327,1.0092,-20.8883,84.66080769453899,30.241336633663366,86.02034540459661,-28.34440443250868,-89.09909566243489,-35.45865376790365,2.61199951171875,2.2310880151125465,1.7100056563273516,-4.1140492757161455,-0.06785074869791667,2.510553995768229,1.0753,0.7727,0.0005,-0.05836,-0.00016,-0.01979,0.0008820138755254447,0.0009999937610700727,0.0009201358770951629,0.0005079067195765674,0.0005001365789212286,0.0005738979671150446,0.01173606887459755,0.010186107829213142,0.011653736233711243,passive,0
18.4408,rehab,small_slow,83.60904767460907,-666.6329913164017,258.8946722076248,-177.3892231485048,0.13280294120399763,-149.9850132553819,31.3903,0.0535,-33.3269,-1.8931,0.2334,-11.212,84.72314286940168,30.29503095268023,86.06290382914024,-28.44328138563368,-89.10089280870226,-35.397677951388886,2.503169597965656,2.176666259765625,1.8080939868889232,-4.187969631618923,-0.06785074869791667,2.510553995768229,1.0043,0.7774,-0.3668,-0.04927,0.01111,-0.01567,0.0008820138755254447,0.0009999937610700727,0.0009201358770951629,0.0005079067195765674,0.0005001365789212286,0.0005738979671150446,0.01173606887459755,0.010186107829213142,0.011653736233711243,passive,0
18.4605,rehab,small_slow,84.07698361267737,-666.6290656565196,258.4058926560085,-177.38875134797416,0.13249090854715967,-149.98514298460228,29.9002,0.0463,-32.1234,-16.8098,-0.5501,5.1637,84.76413084728883,30.330607348149364,86.0913894200089,-28.50905524359809,-89.10208808051215,-35.357301500108505,2.557584554842203,2.2855029719890934,1.7998950316174196,-4.09836663140191,-0.06785074869791667,2.510553995768229,0.9333,0.7189,-0.7662,-0.06474,0.00594,-0.01658,0.0008820138755254447,0.0009999937610700727,0.0009201358770951629,0.0005079067195765674,0.0005001365789212286,0.0005738979671150446,0.01173606887459755,0.010186107829213142,0.011653736233711243,passive,0
18.481,rehab,small_slow,84.86965862691461,-666.6283358579674,257.53500463754307,-177.38851625275132,0.13232143698217427,-149.98722513205297,29.1765,0.0191,-31.7659,-26.4541,-0.8968,19.3436,84.83363160992613,30.39443818649443,86.14114062620861,-28.624920315212673,-89.1041988796658,-35.28702629937066,2.448754641089109,2.2855029719890934,1.7497359171952351,-4.11466810438368,-0.06785074869791667,2.4427032470703125,0.9131,0.6049,-0.4668,-0.0718,0.00071,-0.01852,0.0008820138755254447,0.0009999937610700727,0.0009201358770951629,0.0005079067195765674,0.0005001365789212286,0.0005738979671150446,0.01173606887459755,0.010186107829213142,0.011653736233711243,passive,0
18.5007,rehab,small_slow,85.32318447706916,-666.6314796964596,257.0320256562034,-177.3885454575999,0.13232524923033573,-149.98812725740765,28.8945,-0.0434,-31.6964,-32.8753,-0.7604,31.151,84.87342305702738,30.431829773553527,86.1689259746287,-28.691202799479164,-89.10541110568576,-35.247082180447045,2.448754641089109,2.3943328857421875,1.7272261817856591,-4.087982177734375,-0.06785074869791667,2.4427032470703125,1.134,0.7514,-0.4076,-0.04926,0.00271,-0.01354,0.0008820138755254447,0.0009999937610700727,0.0009201358770951629,0.0005079067195765674,0.0005001365789212286,0.0005738979671150446,0.01173606887459755,0.010186107829213142,0.011653736233711243,passive,0
18.5208,rehab,small_slow,86.00976172616912,-666.6342801665055,256.2630351956259,-177.3899052319243,0.13325991386076702,-149.98894218638029,28.3262,-0.0795,-31.0835,-30.558,-0.266,33.1654,84.93363710913327,30.488977715520576,86.21083854448678,-28.790308634440102,-89.10722520616319,-35.187174479166664,2.503169597965656,2.3399179288656407,1.6701666199334777,-4.240815904405382,-0.06785074869791667,2.4427032470703125,1.0799,0.7091,-0.5259,-0.05341,0.01204,-0.01326,0.0008820138755254447,0.0009999937610700727,0.0009201358770951629,0.0005079067195765674,0.0005001365789212286,0.0005738979671150446,0.01173606887459755,0.010186107829213142,0.011653736233711243,passive,0
18.5407,rehab,small_slow,86.46876607674649,-666.6376739070963,255.75449298413443,-177.39014526592763,0.1334819265745798,-149.98888076607113,27.9057,-0.0588,-30.4196,-13.2294,0.2922,16.3135,84.97389085221998,30.52709673890973,86.23830436479928,-28.856684366861977,-89.10836113823784,-35.1477305094401,2.557584554842203,2.3399179288656407,1.7724156143641707,-4.199913872612847,-0.0,2.374852498372396,1.0825,0.7024,0.0865,-0.05166,0.00246,-0.01979,0.0008820138755254447,0.0009999937610700727,0.0009201358770951629,0.0005079067195765674,0.0005001365789212286,0.0005738979671150446,0.01173606887459755,0.010186107829213142,0.011653736233711243,passive,0
18.5609,rehab,small_slow,86.9391292714221,-666.6354404618626,255.25158026815743,-177.39039080580065,0.13369387874745178,-149.98802087085488,27.7311,-0.0077,-29.9597,4.861,0.6793,-5.7149,85.01508958268873,30.564474729028078,86.26601493004524,-28.92256842719184,-89.10951402452257,-35.108133951822914,2.61199951171875,2.3399179288656407,1.6487310428430537,-4.213655259874132,-0.06785074869791667,2.4427032470703125,1.0533,0.7662,-0.1394,-0.05439,0.00481,-0.01803,0.0008820138755254447,0.0009999937610700727,0.0009201358770951629,0.0005079067195765674,0.0005001365789212286,0.0005738979671150446,0.01173606887459755,0.010186107829213142,0.011653736233711243,passive,0
18.5805,rehab,small_slow,87.63454266553855,-666.6369951014149,254.508544104064,-177.38909566112184,0.13287512419209016,-149.98700804919568,27.3656,0.0315,-29.5388,14.78,0.8667,-22.2387,85.07603786959507,30.620317364683245,86.30669017829517,-29.02227613661024,-89.11120096842448,-35.04931979709201,2.503169597965656,2.3399179288656407,1.733949868985922,-4.003287421332465,-0.06785074869791667,2.4427032470703125,1.2145,0.6647,0.0969,-0.04969,-0.01576,-0.02336,0.0008820138755254447,0.0009999937610700727,0.0009201358770951629,0.0005079067195765674,0.0005001365789212286,0.0005738979671150446,0.01173606887459755,0.010186107829213142,0.011653736233711243,passive,0
18.601,rehab,small_slow,88.10125993388517,-666.6357343862213,254.0175239922077,-177.38815357104198,0.13224963678822482,-149.9859790827465,27.8247,0.0352,-30.3129,15.493,0.6676,-29.9486,85.11692387042659,30.657171872582765,86.33370729956296,-29.088380601671005,-89.11234537760417,-35.01020643446181,2.557584554842203,2.176666259765625,1.6711455996673885,-4.115753173828125,-0.13570149739583334,2.4427032470703125,1.0483,0.7121,-0.4522,-0.06054,-0.00577,-0.02141,0.0008820138755254447,0.0009999937610700727,0.0009201358770951629,0.0005079067195765674,0.0005001365789212286,0.0005738979671150446,0.01173606887459755,0.010186107829213142,0.011653736233711243,passive,0
18.6206,rehab,small_slow,88.78351973293958,-666.6310542922976,253.27511233431915,-177.38726177391777,0.1316197791778697,-149.98606218619153,28.8277,0.0317,-31.8665,11.0218,0.104,-29.8595,85.17668922348778,30.71242304131536,86.37513037955407,-29.187800089518227,-89.11410861545139,-34.95147705078125,2.448754641089109,2.2855029719890934,1.695728868541151,-4.1784922281901045,-0.06785074869791667,2.510553995768229,1.1481,0.7532,-0.2848,-0.04303,0.00902,-0.01387,0.0008820138755254447,0.0009999937610700727,0.0009201358770951629,0.0005079067195765674,0.0005001365789212286,0.0005738979671150446,0.01173606887459755,0.010186107829213142,0.011653736233711243,passive,0
18.6408,rehab,small_slow,89.23055624137228,-666.6312578866481,252.77692614573445,-177.38693464678187,0.13137501211882577,-149.98627522684404,29.4361,0.0079,-33.0783,9.5005,-0.3948,-29.7695,85.21587560672572,30.749882613078203,86.4021610977626,-29.253785875108505,-89.11527845594618,-34.912821451822914,2.448754641089109,2.3399179288656407,1.676557182085396,-4.1436004638671875,-0.0,2.4427032470703125,0.9332,0.7406,0.3005,-0.0667,0.01044,-0.01376,0.0008820138755254447,0.0009999937610700727,0.0009201358770951629,0.0005079067195765674,0.0005001365789212286,0.0005738979671150446,0.01173606887459755,0.010186107829213142,0.011653736233711243,passive,0
18.6607,rehab,small_slow,89.90005701446367,-666.6319246672723,252.00257348987438,-177.38837578502915,0.13224877757570974,-149.9863536452489,29.7105,-0.0023,-33.8648,1.5634,-0.4891,-18.5201,85.27457359993812,30.808125108775524,86.44326464964611,-29.353069729275173,-89.11710103352864,-34.85516866048177,2.503169597965656,2.557584554842203,1.6784947461420947,-4.163013034396701,-0.06785074869791667,2.374852498372396,1.0862,0.6516,-0.1345,-0.08126,0.02083,-0.0234,0.0008820138755254447,0.0009999937610700727,0.0009201358770951629,0.0005079067195765674,0.0005001365789212286,0.0005738979671150446,0.01173606887459755,0.010186107829213142,0.011653736233711243,passive,0
18.6806,rehab,small_slow,90.34483726393286,-666.6365825077287,251.47911372340647,-177.38958506127508,0.133072428491429,-149.98662337178305,28.7379,-0.0009,-33.04,-15.8592,-0.3854,5.7204,85.31359002141669,30.848032129873143,86.47003022751005,-29.419360690646702,-89.1182623969184,-34.81663174099392,2.448754641089109,2.503169597965656,1.7340178536896658,-4.138073391384548,-0.06785074869791667,2.4427032470703125,1.0957,0.7922,-0.6899,-0.06672,0.02606,-0.01658,0.0008820138755254447,0.0009999937610700727,0.0009201358770951629,0.0005079067195765674,0.0005001365789212286,0.0005738979671150446,0.01173606887459755,0.010186107829213142,0.011653736233711243,passive,0
18.701,rehab,small_slow,91.13753731969149,-666.6350820183038,250.56805539596016,-177.39173148482922,0.13456825134000475,-149.98481251807826,27.3891,-0.0122,-31.6021,-30.952,-0.4048,26.6766,85.38302959782062,30.9168802393545,86.5176263186011,-29.535047743055554,-89.12022060818143,-34.750306871202255,2.503169597965656,2.448754641089109,1.632775032874381,-4.1830698649088545,-0.06785074869791667,2.374852498372396,1.184,0.7927,-0.4771,-0.06233,0.00785,-0.02207,0.0008820138755254447,0.0009999937610700727,0.0009201358770951629,0.0005079067195765674,0.0005001365789212286,0.0005738979671150446,0.01173606887459755,0.010186107829213142,0.011653736233711243,passive,0
18.7219,rehab,small_slow,91.58553202355341,-666.6336731006107,250.05701385502087,-177.39217753613892,0.1348809516106511,-149.98396290885893,27.9629,-0.0108,-32.281,-40.1278,-0.4787,39.1705,85.42227036882154,30.955549938843983,86.54460264904664,-29.60120307074653,-89.12133110894096,-34.71266004774306,2.3943328857421875,2.3399179288656407,1.6871763928101795,-4.137064615885417,-0.06785074869791667,2.374852498372396,0.9773,0.8513,-0.8404,-0.06452,0.01839,-0.01355,0.0008820138755254447,0.0009999937610700727,0.0009201358770951629,0.0005079067195765674,0.0005001365789212286,0.0005738979671150446,0.01173606887459755,0.010186107829213142,0.011653736233711243,passive,0
18.7406,rehab,small_slow,92.24037642463126,-666.6343591857415,249.3115948581373,-177.39099006986794,0.1341116593187724,-149.98446326544033,27.6298,-0.0086,-31.9412,-36.9412,-0.4221,36.2076,85.4796562572517,31.01231036799969,86.58421733591815,-29.700580173068577,-89.1229756673177,-34.65588887532552,2.2855029719890934,2.3943328857421875,1.6721245794012995,-4.182603624131945,-0.06785074869791667,2.307001749674479,1.0828,0.698,-0.4348,-0.06853,0.01171,-0.02183,0.0008820138755254447,0.0009999937610700727,0.0009201358770951629,0.0005079067195765674,0.0005001365789212286,0.0005738979671150446,0.01173606887459755,0.010186107829213142,0.011653736233711243,passive,0
18.7609,rehab,small_slow,92.66747735475245,-666.6316998344747,248.81399922055186,-177.3902847685723,0.13365067720979432,-149.98542602902324,25.7775,-0.018,-29.9766,-19.0243,-0.194,15.4232,85.51706823972192,31.04978353670328,86.61133643424157,-29.767066107855904,-89.12406921386719,-34.618259006076386,2.3943328857421875,2.3943328857421875,1.6812005373510983,-4.211154513888888,-0.06785074869791667,2.4427032470703125,1.1639,0.7887,-0.3501,-0.04761,0.00491,-0.01927,0.0008820138755254447,0.0009999937610700727,0.0009201358770951629,0.0005079067195765674,0.0005001365789212286,0.0005738979671150446,0.01173606887459755,0.010186107829213142,0.011653736233711243,passive,0
18.7811,rehab,small_slow,93.0865878391949,-666.6338093246117,248.32814732960867,-177.38867256882543,0.1324788095789328,-149.98675222751984,25.507,-0.0487,-29.9436,0.2028,0.1689,-8.082,85.5538275690362,31.08697796812152,86.63724540483834,-29.833204481336804,-89.12523057725694,-34.58091735839844,2.2855029719890934,2.448754641089109,1.6239914091506806,-4.121797349717882,-0.13570149739583334,2.4427032470703125,0.9355,0.7987,0.0345,-0.08217,0.02356,-0.02424,0.0008820138755254447,0.0009999937610700727,0.0009201358770951629,0.0005079067195765674,0.0005001365789212286,0.0005738979671150446,0.01173606887459755,0.010186107829213142,0.011653736233711243,passive,0
18.8008,rehab,small_slow,93.72160730071377,-666.6350675518596,247.57707371422921,-177.38807936039953,0.13206876849914354,-149.98788255208916,25.5235,-0.0548,-30.1979,8.485,0.4962,-18.8975,85.60948664599125,31.14437745349242,86.67656775748375,-29.93220011393229,-89.12688361273871,-34.52523973253038,2.2855029719890934,2.3943328857421875,1.6664002673460705,-4.1054026285807295,-0.06785074869791667,2.171291775173611,1.1665,0.8026,-0.1202,-0.07392,0.00118,-0.02385,0.0008820138755254447,0.0009999937610700727,0.0009201358770951629,0.0005079067195765674,0.0005001365789212286,0.0005738979671150446,0.01173606887459755,0.010186107829213142,0.011653736233711243,passive,0
18.8208,rehab,small_slow,94.14824707379647,-666.638766716285,247.06462989640616,-177.38852493528046,0.1323193767447009,-149.98779998983113,25.8704,-0.0253,-30.7308,13.683,0.7561,-25.308,85.64689862846147,31.183971744952814,86.70227957243966,-29.998016357421875,-89.12801106770833,-34.48865254720052,2.2310880151125465,2.3943328857421875,1.6247936286548577,-4.0604400634765625,-0.06785074869791667,2.307001749674479,1.2395,0.8041,-0.2678,-0.06416,0.01594,-0.0252,0.0008820138755254447,0.0009999937610700727,0.0009201358770951629,0.0005079067195765674,0.0005001365789212286,0.0005738979671150446,0.01173606887459755,0.010186107829213142,0.011653736233711243,passive,0
18.841,rehab,small_slow,94.79416601211771,-666.6382666600357,246.28864998430117,-177.38950543232968,0.13303993839723485,-149.98747366625307,26.989,0.0126,-32.1344,21.4931,0.9685,-34.1426,85.70347549891707,31.243403972965655,86.74194864707418,-30.097435845269096,-89.12959628634982,-34.43351745605469,2.448754641089109,2.448754641089109,1.5356860774578434,-4.224963717990451,-0.06785074869791667,2.307001749674479,1.2344,0.8936,-0.1512,-0.05737,0.01356,-0.02016,0.0008820138755254447,0.0009999937610700727,0.0009201358770951629,0.0005079067195765674,0.0005001365789212286,0.0005738979671150446,0.01173606887459755,0.010186107829213142,0.011653736233711243,passive,0
18.8607,rehab,small_slow,95.2269117698112,-666.6390154614977,245.77727995241088,-177.38973545148735,0.13321196150296583,-149.98666464086918,27.9349,0.0408,-33.3529,15.7613,0.9126,-26.9257,85.74138376972464,31.28290308584081,86.76772844673383,-30.163438585069443,-89.13065592447917,-34.39715915256076,2.3943328857421875,2.503169597965656,1.6472285808903155,-4.20182122124566,-0.0,2.374852498372396,1.2947,1.0144,0.232,-0.05357,0.00234,-0.02354,0.0008820138755254447,0.0009999937610700727,0.0009201358770951629,0.0005079067195765674,0.0005001365789212286,0.0005738979671150446,0.01173606887459755,0.010186107829213142,0.011653736233711243,passive,0
18.8807,rehab,small_slow,95.86957315515609,-666.6354729416258,245.01327855702422,-177.39025310517474,0.1335925765722984,-149.9856152524851,27.8925,0.0496,-33.5362,0.7794,0.4339,-8.8837,85.797647910543,31.341485505056852,86.8069080315014,-30.262061225043404,-89.13222418891058,-34.34304979112413,2.3943328857421875,2.448754641089109,1.58488660755724,-4.125917222764757,-0.06785074869791667,2.171291775173611,1.1396,0.8409,-0.4051,-0.06186,0.0081,-0.01875,0.0008820138755254447,0.0009999937610700727,0.0009201358770951629,0.0005079067195765674,0.0005001365789212286,0.0005738979671150446,0.01173606887459755,0.010186107829213142,0.011653736233711243,passive,0
18.9005,rehab,small_slow,96.2938410304937,-666.6319100004928,244.51097597856912,-177.39012773900382,0.13350521482352465,-149.98519634591628,26.9938,0.0503,-32.6936,-14.0649,-0.1501,9.3716,85.83478795419825,31.379958048905475,86.83297336691678,-30.327750311957466,-89.13328382703993,-34.30706448025173,2.176666259765625,2.3943328857421875,1.6596765801458075,-4.1197967529296875,-0.0,2.2391425238715277,1.0588,0.8725,-0.4106,-0.06478,0.01297,-0.01774,0.0008820138755254447,0.0009999937610700727,0.0009201358770951629,0.0005079067195765674,0.0005001365789212286,0.0005738979671150446,0.01173606887459755,0.010186107829213142,0.011653736233711243,passive,0
18.9209,rehab,small_slow,97.00921622904148,-666.6317929769025,243.64513420926625,-177.38867818102833,0.13252223418648787,-149.9863686738951,26.5233,0.0426,-32.3454,-29.6869,-0.5437,28.4728,85.89746305257967,31.44682780350789,86.87755093716159,-30.442682902018227,-89.13512335883246,-34.24450344509548,2.122251302889078,2.448754641089109,1.5831326022006498,-4.154900444878472,-0.06785074869791667,2.171291775173611,1.2074,0.9356,-0.2184,-0.03914,0.01679,-0.01885,0.0008820138755254447,0.0009999937610700727,0.0009201358770951629,0.0005079067195765674,0.0005001365789212286,0.0005738979671150446,0.01173606887459755,0.010186107829213142,0.011653736233711243,passive,0
18.9405,rehab,small_slow,97.41726928241665,-666.6309707279415,243.13614452597972,-177.388827737823,0.13258918059713803,-149.98683849534822,26.0739,0.0187,-31.9355,-38.2636,-0.6983,38.9974,85.93320940980817,31.486048179097693,86.90345310928798,-30.508626302083332,-89.13619147406683,-34.20902676052517,2.3943328857421875,2.503169597965656,1.645257024481745,-4.148245917426215,-0.13570149739583334,2.171291775173611,1.3294,1.0188,0.244,-0.04433,0.00903,-0.02503,0.0008820138755254447,0.0009999937610700727,0.0009201358770951629,0.0005079067195765674,0.0005001365789212286,0.0005738979671150446,0.01173606887459755,0.010186107829213142,0.011653736233711243,passive,0
18.9608,rehab,small_slow,98.03617985709832,-666.6361768490793,242.36884674393437,-177.38914148529403,0.13280362988971564,-149.98638163792197,25.3017,-0.011,-31.0943,-34.821,-0.7228,34.3037,85.98744760645498,31.546194246499844,86.94070872693959,-30.607104831271702,-89.13773430718315,-34.15635002983941,2.2855029719890934,2.503169597965656,1.6272138841081374,-4.0777842203776045,-0.06785074869791667,2.2391425238715277,1.1481,0.7828,-0.6033,-0.06637,0.0244,-0.02081,0.0008820138755254447,0.0009999937610700727,0.0009201358770951629,0.0005079067195765674,0.0005001365789212286,0.0005738979671150446,0.01173606887459755,0.010186107829213142,0.011653736233711243,passive,0
18.9807,rehab,small_slow,98.45008428654472,-666.6339017498095,241.84440740185127,-177.39086845351338,0.1339270206560421,-149.9856939661537,24.7915,-0.021,-30.5205,-19.9816,-0.7404,13.836,86.02368345355043,31.58669953299041,86.96651572048074,-30.672319200303818,-89.13878546820746,-34.12153455946181,2.2310880151125465,2.503169597965656,1.5669930335318687,-4.072536892361111,-0.0,2.171291775173611,1.2003,0.8132,-0.2939,-0.05428,0.01955,-0.01817,0.0008820138755254447,0.0009999937610700727,0.0009201358770951629,0.0005079067195765674,0.0005001365789212286,0.0005738979671150446,0.01173606887459755,0.010186107829213142,0.011653736233711243,passive,0
19.0009,rehab,small_slow,98.86862432834471,-666.6335863905542,241.33720470068278,-177.39113547465723,0.1341312313376266,-149.9851026694707,24.0046,-0.0093,-29.7386,-8.8776,-0.6975,-3.4184,86.06032720886834,31.626389003036046,86.99124855570274,-30.737380981445312,-89.13980272081163,-34.08621046278212,2.2310880151125465,2.503169597965656,1.4945553316928373,-3.9985402425130205,-0.06785074869791667,2.2391425238715277,1.2868,0.8785,-0.284,-0.06107,0.01258,-0.01884,0.0008820138755254447,0.0009999937610700727,0.0009201358770951629,0.0005079067195765674,0.0005001365789212286,0.0005738979671150446,0.01173606887459755,0.010186107829213142,0.011653736233711243,passive,0
19.021,rehab,small_slow,99.48182756349146,-666.6322124531617,240.5912003319794,-177.39027109091813,0.13355685507051973,-149.9843889612888,23.9501,-0.0201,-30.0347,-3.6587,-0.4195,-13.2561,86.11401472941483,31.684672289555614,87.0283818008876,-30.83526611328125,-89.14131164550781,-34.03433057996962,2.176666259765625,2.3399179288656407,1.5412268308129642,-4.0707651774088545,-0.0,2.103441026475694,1.1839,0.83,-0.5428,-0.06513,0.01028,-0.01986,0.0008820138755254447,0.0009999937610700727,0.0009201358770951629,0.0005079067195765674,0.0005001365789212286,0.0005738979671150446,0.01173606887459755,0.010186107829213142,0.011653736233711243,passive,0
19.0405,rehab,small_slow,99.87447500220377,-666.6351923951128,240.10898545634086,-177.38834906322887,0.13229162933369412,-149.98507601600588,23.8049,-0.0337,-30.2637,2.83,0.0682,-21.128,86.14842178797957,31.7227301267114,87.05236680436842,-30.90055677625868,-89.14229498969183,-33.99996439615885,2.122251302889078,2.3399179288656407,1.507839542804378,-4.036763509114583,-0.06785074869791667,2.103441026475694,1.2452,0.9028,-0.66,-0.0584,0.01909,-0.01888,0.0008820138755254447,0.0009999937610700727,0.0009201358770951629,0.0005079067195765674,0.0005001365789212286,0.0005738979671150446,0.01173606887459755,0.010186107829213142,0.011653736233711243,passive,0
19.0611,rehab,small_slow,100.45251204427235,-666.6329580930625,239.36729855383672,-177.387394697443,0.13163615391144456,-149.98663690315686,24.8406,-0.0472,-32.0376,6.5131,0.5777,-21.7461,86.19904319838722,31.78032676772316,87.08995554706839,-30.998306274414062,-89.14379543728299,-33.948872884114586,2.067836346012531,2.3399179288656407,1.5765380859375,-4.0600840250651045,-0.13570149739583334,2.171291775173611,1.1272,0.8395,-0.1859,-0.07789,0.01852,-0.02007,0.0008820138755254447,0.0009999937610700727,0.0009201358770951629,0.0005079067195765674,0.0005001365789212286,0.0005738979671150446,0.01173606887459755,0.010186107829213142,0.011653736233711243,passive,0
19.0806,rehab,small_slow,100.8320412157063,-666.6350830188217,238.86856790216328,-177.387059274433,0.13141003203347404,-149.9880631951278,25.2809,-0.0455,-32.9225,8.0296,0.9398,-17.3058,86.2323013154587,31.819458763198096,87.11440284653466,-31.063223944769966,-89.14478725857205,-33.91491360134548,2.067836346012531,2.503169597965656,1.5406285654200185,-4.0397898356119795,-0.06785074869791667,2.103441026475694,1.201,0.8084,-0.27,-0.07617,0.0109,-0.02023,0.0008820138755254447,0.0009999937610700727,0.0009201358770951629,0.0005079067195765674,0.0005001365789212286,0.0005738979671150446,0.01173606887459755,0.010186107829213142,0.011653736233711243,passive,0
19.1008,rehab,small_slow,101.3972592321022,-666.6368250652305,238.0967016082553,-177.38869043810124,0.13252570642903788,-149.9902079491799,24.3664,-0.0151,-31.9237,4.3405,1.2217,-5.1711,86.28181457519531,31.879788389300355,87.15163806877514,-31.160202026367188,-89.14623684353299,-33.864339192708336,2.122251302889078,2.557584554842203,1.5041615703318378,-4.026251898871528,-0.06785074869791667,2.0355902777777777,1.1067,0.8755,-0.57,-0.08215,0.01926,-0.02301,0.0008820138755254447,0.0009999937610700727,0.0009201358770951629,0.0005079067195765674,0.0005001365789212286,0.0005738979671150446,0.01173606887459755,0.010186107829213142,0.011653736233711243,passive,0
19.1208,rehab,small_slow,101.78626984300742,-666.6407807452777,237.5887385758269,-177.38884127964678,0.13263177531276513,-149.9900403930641,24.5556,0.0379,-31.9712,-6.9093,1.1615,12.9085,86.31589530718209,31.920164504853805,87.17541911814472,-31.225085788302952,-89.1471947564019,-33.8311513264974,2.122251302889078,2.61199951171875,1.5397311673306002,-4.046240912543403,-0.06785074869791667,2.0355902777777777,1.237,0.924,-0.5693,-0.05486,0.00705,-0.02002,0.0008820138755254447,0.0009999937610700727,0.0009201358770951629,0.0005079067195765674,0.0005001365789212286,0.0005738979671150446,0.01173606887459755,0.010186107829213142,0.011653736233711243,passive,0
19.1407,rehab,small_slow,102.47792701791039,-666.6360108075281,236.69590368012746,-177.39035871860324,0.13364336156495973,-149.98855644257972,24.3953,0.075,-31.4269,-20.826,0.5494,29.5865,86.37640849198445,31.99020234665068,87.2182562799737,-31.337721082899304,-89.14886474609375,-33.77337985568576,2.122251302889078,2.448754641089109,1.5158209470239017,-4.05973646375868,-0.06785074869791667,2.0355902777777777,1.3894,0.8485,-0.1386,-0.07017,-0.00342,-0.02658,0.0008820138755254447,0.0009999937610700727,0.0009201358770951629,0.0005079067195765674,0.0005001365789212286,0.0005738979671150446,0.01173606887459755,0.010186107829213142,0.011653736233711243,passive,0
19.1609,rehab,small_slow,102.87663894762426,-666.6343462234444,236.19830992528549,-177.39014474204396,0.1334545516193989,-149.98708168426336,24.2201,0.0802,-31.004,-23.6775,-0.384,28.1714,86.41129824194577,32.02962667635172,87.24196934463954,-31.40203687879774,-89.14984809027777,-33.74068366156684,2.176666259765625,2.3943328857421875,1.5168747099319306,-3.986994425455729,-0.06785074869791667,1.9677310519748263,1.1425,1.0298,-0.3462,-0.05566,0.01108,-0.01376,0.0008820138755254447,0.0009999937610700727,0.0009201358770951629,0.0005079067195765674,0.0005001365789212286,0.0005738979671150446,0.01173606887459755,0.010186107829213142,0.011653736233711243,passive,0
19.1807,rehab,small_slow,103.26855491991438,-666.6302451857686,235.70135513539566,-177.39010789396377,0.1334395367111002,-149.98634977116112,24.028,0.0623,-30.7924,-11.4852,-1.2482,5.7228,86.44557612957341,32.06869748559328,87.26609031752784,-31.466166178385414,-89.15078904893663,-33.70785183376736,2.067836346012531,2.503169597965656,1.49628214316793,-3.9531368679470487,-0.0,2.103441026475694,1.3233,0.9876,-0.5125,-0.06859,0.02567,-0.02265,0.0008820138755254447,0.0009999937610700727,0.0009201358770951629,0.0005079067195765674,0.0005001365789212286,0.0005738979671150446,0.01173606887459755,0.010186107829213142,0.011653736233711243,passive,0
19.2006,rehab,small_slow,103.84618576960904,-666.6304922099862,234.9724748598583,-177.3885748583199,0.13240583261244215,-149.9853647027426,23.088,0.0175,-29.9914,-3.5592,-1.5748,-9.8852,86.49613635374767,32.12683120576462,87.30074212102606,-31.56212700737847,-89.15220472547743,-33.65934583875868,1.9589996337890625,2.503169597965656,1.4491755419438428,-4.023649427625868,-0.06785074869791667,1.9677310519748263,1.3052,0.936,0.0372,-0.07058,0.00558,-0.02487,0.0008820138755254447,0.0009999937610700727,0.0009201358770951629,0.0005079067195765674,0.0005001365789212286,0.0005738979671150446,0.01173606887459755,0.010186107829213142,0.011653736233711243,passive,0
19.2208,rehab,small_slow,104.22128846877726,-666.6266461284985,234.482496105289,-177.38813562893097,0.132099501713935,-149.98548126532535,22.4283,-0.044,-29.7741,0.1704,-1.0703,-15.745,86.52895257024481,32.16534454043549,87.324747519918,-31.626061333550346,-89.15314568413628,-33.6271243625217,2.122251302889078,2.448754641089109,1.4759207243966583,-3.870841132269965,-0.06785074869791667,2.0355902777777777,1.2693,0.9627,-0.1499,-0.0743,0.01665,-0.02388,0.0008820138755254447,0.0009999937610700727,0.0009201358770951629,0.0005079067195765674,0.0005001365789212286,0.0005738979671150446,0.01173606887459755,0.010186107829213142,0.011653736233711243,passive,0
19.2409,rehab,small_slow,104.7697582262653,-666.6338913680831,233.74210273892555,-177.38770182490745,0.13179379901990176,-149.9858955074385,22.7835,-0.082,-30.7015,4.3783,0.0048,-17.5224,86.57700415885094,32.22491953632619,87.35852911920831,-31.721242268880207,-89.15452745225694,-33.579720391167534,2.0134145906656093,2.448754641089109,1.446184214979115,-3.930986192491319,-0.06785074869791667,2.0355902777777777,1.3385,0.9738,0.0315,-0.06355,0.01206,-0.02482,0.0008820138755254447,0.0009999937610700727,0.0009201358770951629,0.0005079067195765674,0.0005001365789212286,0.0005738979671150446,0.01173606887459755,0.010186107829213142,0.011653736233711243,passive,0
19.2613,rehab,small_slow,105.13373938652182,-666.6350975419035,233.2309205391852,-177.3891423218083,0.13275088227810072,-149.9864397465635,24.1213,-0.0699,-32.6277,4.7337,1.1372,-12.391,86.60886858949567,32.26557438916499,87.38186826800356,-31.784371270073784,-89.15543450249565,-33.54801601833767,1.9589996337890625,2.557584554842203,1.4372170325553062,-3.9537726508246527,-0.06785074869791667,2.0355902777777777,1.4832,0.8794,-0.2326,-0.04822,0.01025,-0.01978,0.0008820138755254447,0.0009999937610700727,0.0009201358770951629,0.0005079067195765674,0.0005001365789212286,0.0005738979671150446,0.01173606887459755,0.010186107829213142,0.011653736233711243,passive,0
19.2807,rehab,small_slow,105.68606135352451,-666.6395745560084,232.4773493870433,-177.39004286419228,0.13335917769996375,-149.9866516220825,24.3397,-0.02,-32.8554,3.4839,1.7215,-6.8684,86.65722610926863,32.326175954082224,87.41569745658647,-31.879009670681423,-89.15679083930121,-33.50050184461806,2.067836346012531,2.448754641089109,1.4393313568417387,-3.975821601019965,-0.06785074869791667,1.9677310519748263,1.2918,0.9873,-0.2635,-0.0746,0.00758,-0.02082,0.0008820138755254447,0.0009999937610700727,0.0009201358770951629,0.0005079067195765674,0.0005001365789212286,0.0005738979671150446,0.01173606887459755,0.010186107829213142,0.011653736233711243,passive,0
19.3009,rehab,small_slow,106.05076005204502,-666.6355918572741,231.97216618866216,-177.39128620438532,0.13419268079516278,-149.98674879452275,23.7079,0.0619,-31.7454,-5.5169,1.6234,4.8874,86.68911773379486,32.36602858741685,87.43942411819307,-31.941943698459202,-89.15767245822482,-33.4692128499349,2.067836346012531,2.448754641089109,1.405590548373685,-3.827531602647569,-0.13570149739583334,1.9677310519748263,1.3802,0.8574,-0.7128,-0.05656,0.01026,-0.01939,0.0008820138755254447,0.0009999937610700727,0.0009201358770951629,0.0005079067195765674,0.0005001365789212286,0.0005738979671150446,0.01173606887459755,0.010186107829213142,0.011653736233711243,passive,0
19.3207,rehab,small_slow,106.69259381335715,-666.6363556233105,231.12557760067676,-177.3902336979536,0.13347897956817256,-149.9856876308439,23.3949,0.1166,-31.2037,-24.9149,0.8306,25.7203,86.74527989755762,32.434210446801515,87.47825018250116,-32.051688300238716,-89.15923224555121,-33.4153323703342,1.9589996337890625,2.3943328857421875,1.3825301368637841,-3.9757876925998263,-0.06785074869791667,1.832029554578993,1.3785,0.8891,-0.5237,-0.06344,0.00909,-0.02075,0.0008820138755254447,0.0009999937610700727,0.0009201358770951629,0.0005079067195765674,0.0005001365789212286,0.0005738979671150446,0.01173606887459755,0.010186107829213142,0.011653736233711243,passive,0
19.3407,rehab,small_slow,107.06037162674659,-666.6297849594281,230.6517204085193,-177.38941759408206,0.13291518857984294,-149.9846339707585,22.6095,0.1215,-30.4064,-41.692,-0.5235,40.8568,86.7774230654877,32.47179918950147,87.50109984142945,-32.113944159613716,-89.16012234157986,-33.38493347167969,1.9589996337890625,2.3943328857421875,1.416400116268951,-3.7862565782335067,-0.06785074869791667,1.832029554578993,1.4294,0.9565,-0.4856,-0.06287,0.00619,-0.02203,0.0008820138755254447,0.0009999937610700727,0.0009201358770951629,0.0005079067195765674,0.0005001365789212286,0.0005738979671150446,0.01173606887459755,0.010186107829213142,0.011653736233711243,passive,0
19.3608,rehab,small_slow,107.6015408647003,-666.6278948586285,229.9438161989108,-177.38773731955135,0.13185014590342242,-149.9840599104272,21.9557,0.0669,-30.0729,-42.0128,-1.895,35.6538,86.82475401623414,32.528838355942526,87.53390925945622,-32.207022772894966,-89.16140238444011,-33.3392079671224,2.067836346012531,2.503169597965656,1.3790765139135983,-3.9615715874565973,-0.0,1.8998803032769096,1.3644,1.0612,0.3829,-0.06455,0.00713,-0.02288,0.0008820138755254447,0.0009999937610700727,0.0009201358770951629,0.0005079067195765674,0.0005001365789212286,0.0005738979671150446,0.01173606887459755,0.010186107829213142,0.011653736233711243,passive,0
19.3806,rehab,small_slow,107.95355746092405,-666.6230476329276,229.45243241812167,-177.38841374641484,0.13231746221817386,-149.98396013607078,21.2229,-0.0074,-29.7937,-29.6239,-2.6065,18.3084,86.85552389314859,32.567807188128484,87.55690848473274,-32.26898193359375,-89.1622331407335,-33.309224446614586,1.7413330078125,2.448754641089109,1.4382775939337098,-3.9563666449652777,-0.13570149739583334,1.832029554578993,1.3294,0.9416,-0.0088,-0.07322,0.00517,-0.02501,0.0008820138755254447,0.0009999937610700727,0.0009201358770951629,0.0005079067195765674,0.0005001365789212286,0.0005738979671150446,0.01173606887459755,0.010186107829213142,0.011653736233711243,passive,0
19.4005,rehab,small_slow,108.29874549600163,-666.6265397505144,228.9552451301839,-177.38922119868187,0.13283557284078773,-149.98424353748803,20.129,-0.0726,-28.8651,-15.1564,-2.2729,4.3939,86.88574309396272,32.60810172203744,87.57862279910853,-32.33083936903212,-89.16308932834201,-33.279410468207466,1.8501697200359684,2.557584554842203,1.2843398292465966,-3.804804484049479,-0.06785074869791667,1.8998803032769096,1.4609,1.0057,0.1175,-0.07052,0.0251,-0.02523,0.0008820138755254447,0.0009999937610700727,0.0009201358770951629,0.0005079067195765674,0.0005001365789212286,0.0005738979671150446,0.01173606887459755,0.010186107829213142,0.011653736233711243,passive,0
19.4209,rehab,small_slow,108.79537004631672,-666.6327730276067,228.20456198091387,-177.39125541231573,0.13408413200390995,-149.98561851519935,19.5795,-0.1183,-28.3646,1.6595,-1.1039,-8.5164,86.929239707418,32.66879166706954,87.61130304619817,-32.423010932074654,-89.16439480251736,-33.23556688096788,1.8501697200359684,2.503169597965656,1.3636643815748761,-3.76998053656684,-0.06785074869791667,1.7641703287760415,1.4517,1.0701,-0.596,-0.05692,0.01319,-0.02139,0.0008820138755254447,0.0009999937610700727,0.0009201358770951629,0.0005079067195765674,0.0005001365789212286,0.0005738979671150446,0.01173606887459755,0.010186107829213142,0.011653736233711243,passive,0
19.4411,rehab,small_slow,109.12699830453015,-666.634798313617,227.7165700649498,-177.3920734416503,0.13464365944008944,-149.9867109351508,20.2592,-0.1375,-29.255,13.1901,0.2764,-14.7059,86.95826237744625,32.70822959371132,87.63280660799234,-32.48375786675347,-89.16520860460069,-33.20612589518229,1.795747964689047,2.557584554842203,1.2447999255491955,-3.763300577799479,-0.0,1.832029554578993,1.5159,1.1286,0.6276,-0.06772,0.01698,-0.0308,0.0008820138755254447,0.0009999937610700727,0.0009201358770951629,0.0005079067195765674,0.0005001365789212286,0.0005738979671150446,0.01173606887459755,0.010186107829213142,0.011653736233711243,passive,0
19.4608,rehab,small_slow,109.61792751815844,-666.6393435915579,227.00919754128591,-177.3912367984528,0.1340795247852617,-149.98841674779652,21.0607,-0.1057,-30.0228,13.6946,1.2444,-10.4822,87.00124230715308,32.76576504848971,87.66430392123685,-32.57497999403212,-89.16646321614583,-33.162451850043404,1.9045846769125154,2.3943328857421875,1.3581032328086324,-3.7876298692491317,-0.06785074869791667,1.832029554578993,1.2744,1.0174,0.2967,-0.0773,0.00927,-0.02744,0.0008820138755254447,0.0009999937610700727,0.0009201358770951629,0.0005079067195765674,0.0005001365789212286,0.0005738979671150446,0.01173606887459755,0.010186107829213142,0.011653736233711243,passive,0
19.4809,rehab,small_slow,109.95106692904434,-666.6370422003326,226.5490380824176,-177.39026931229674,0.13344456033795038,-149.98879952032345,21.6809,-0.0376,-30.4875,14.1282,1.6514,-13.1218,87.0303737527073,32.80289829367458,87.68551514880492,-32.63526068793403,-89.1672854953342,-33.133604261610245,1.795747964689047,2.2855029719890934,1.2534407813950341,-3.6808522542317705,-0.0,1.7641703287760415,1.3956,1.0081,-0.3237,-0.06448,0.01384,-0.02374,0.0008820138755254447,0.0009999937610700727,0.0009201358770951629,0.0005079067195765674,0.0005001365789212286,0.0005738979671150446,0.01173606887459755,0.010186107829213142,0.011653736233711243,passive,0
19.501,rehab,small_slow,110.46017646516776,-666.6391711996378,225.8645609114646,-177.38783180513687,0.13192083682929218,-149.98799226598803,21.9628,0.0192,-30.6601,9.2361,1.5868,-12.98,87.07489693518913,32.85910124825959,87.71582952820428,-32.7258046468099,-89.16844685872395,-33.09088812934028,1.8501697200359684,2.2855029719890934,1.2632577726156404,-3.708521525065104,-0.06785074869791667,1.7641703287760415,1.3116,1.0454,-0.1245,-0.07411,0.01183,-0.02408,0.0008820138755254447,0.0009999937610700727,0.0009201358770951629,0.0005079067195765674,0.0005001365789212286,0.0005738979671150446,0.01173606887459755,0.010186107829213142,0.011653736233711243,passive,0
19.521,rehab,small_slow,110.79564776640483,-666.6358385641166,225.39583452699827,-177.38781145849595,0.13193330909033607,-149.98745556609447,21.9122,0.0456,-30.7035,-5.8449,1.1141,0.6144,87.10421193944346,32.89698232518565,87.73688439095375,-32.78550889756944,-89.16921827528212,-33.0627695719401,1.8501697200359684,2.3943328857421875,1.2981135302250928,-3.705351087782118,-0.13570149739583334,1.7641703287760415,1.3967,0.9373,0.1747,-0.06508,0.01314,-0.03291,0.0008820138755254447,0.0009999937610700727,0.0009201358770951629,0.0005079067195765674,0.0005001365789212286,0.0005738979671150446,0.01173606887459755,0.010186107829213142,0.011653736233711243,passive,0
19.5405,rehab,small_slow,111.38459306963985,-666.6371153851966,224.56322060058088,-177.3887359292095,0.13253585586799982,-149.98590047590645,20.578,0.035,-29.264,-21.4805,0.389,17.3997,87.15570355405902,32.965218572333306,87.77218884760791,-32.88926018608941,-89.17059156629774,-33.01398383246528,1.8501697200359684,2.3943328857421875,1.2833064617496905,-3.708250257703993,-0.13570149739583334,1.696319580078125,1.6102,0.9225,-0.0779,-0.0685,0.00724,-0.03233,0.0008820138755254447,0.0009999937610700727,0.0009201358770951629,0.0005079067195765674,0.0005001365789212286,0.0005738979671150446,0.01173606887459755,0.010186107829213142,0.011653736233711243,passive,0
19.5615,rehab,small_slow,111.71622003992819,-666.6326406529547,224.0809088242829,-177.39031882503355,0.13352548640050763,-149.98527325920406,20.3196,0.0145,-29.4739,-33.3064,-0.3071,31.4319,87.18467863479464,33.00412621828589,87.79325050882774,-32.94810824924045,-89.17139689127605,-32.98628913031684,1.8501697200359684,2.448754641089109,1.2986370124439202,-3.6577945285373263,-0.06785074869791667,1.832029554578993,1.5051,1.064,-0.31,-0.05838,0.01601,-0.02332,0.0008820138755254447,0.0009999937610700727,0.0009201358770951629,0.0005079067195765674,0.0005001365789212286,0.0005738979671150446,0.01173606887459755,0.010186107829213142,0.011653736233711243,passive,0
19.5809,rehab,small_slow,112.19156643346284,-666.6362417990053,223.38001752286226,-177.39061585932257,0.13372093753784955,-149.98556225372283,20.6936,0.0146,-30.4313,-32.0018,-0.4209,30.2951,87.22625807960435,33.061702463886526,87.82297342130454,-33.03615146213107,-89.17254130045573,-32.94539557562934,1.7413330078125,2.503169597965656,1.2292314283918626,-3.646876017252604,-0.06785074869791667,1.696319580078125,1.5507,1.1067,-0.0022,-0.06138,0.01258,-0.0259,0.0008820138755254447,0.0009999937610700727,0.0009201358770951629,0.0005079067195765674,0.0005001365789212286,0.0005738979671150446,0.01173606887459755,0.010186107829213142,0.011653736233711243,passive,0
19.6008,rehab,small_slow,112.50655494429601,-666.6350539883814,222.9154938680935,-177.3909207014384,0.13392087668609723,-149.98552101173522,19.4805,0.0031,-28.7618,-22.6891,-0.174,22.0405,87.2537918846206,33.099535951519954,87.84319887066832,-33.094567192925346,-89.17328728569878,-32.918548583984375,1.6325030940594059,2.3399179288656407,1.3014379822381652,-3.62457275390625,-0.0,1.696319580078125,1.4,1.1453,0.1701,-0.07262,0.01482,-0.02691,0.0008820138755254447,0.0009999937610700727,0.0009201358770951629,0.0005079067195765674,0.0005001365789212286,0.0005738979671150446,0.01173606887459755,0.010186107829213142,0.011653736233711243,passive,0
19.6209,rehab,small_slow,112.80484657177186,-666.6352779812478,222.45513702490112,-177.39106191512693,0.13400296432575462,-149.98685929703555,18.8,0.0041,-27.787,-10.0922,0.2328,10.3946,87.27988441391747,33.13697512787167,87.8634243200321,-33.15278795030382,-89.17404174804688,-32.891760932074654,1.6325030940594059,2.3399179288656407,1.2243569251334312,-3.5639190673828125,-0.06785074869791667,1.6284688313802083,1.5172,1.031,-0.4072,-0.07324,0.01685,-0.02647,0.0008820138755254447,0.0009999937610700727,0.0009201358770951629,0.0005079067195765674,0.0005001365789212286,0.0005738979671150446,0.01173606887459755,0.010186107829213142,0.011653736233711243,passive,0
19.6406,rehab,small_slow,113.261695474788,-666.6379283013587,221.78407697805147,-177.3900576481281,0.13335186015136746,-149.98720005367036,17.9605,0.0096,-26.5951,-4.3765,0.6001,6.7554,87.3198390243077,33.19228748283764,87.89218184971573,-33.2391103108724,-89.17514377170139,-32.852418687608505,1.6325030940594059,2.3399179288656407,1.250925347356513,-3.562037150065104,-0.06785074869791667,1.6284688313802083,1.5913,1.06,-0.5811,-0.06573,0.0014,-0.02658,0.0008820138755254447,0.0009999937610700727,0.0009201358770951629,0.0005079067195765674,0.0005001365789212286,0.0005738979671150446,0.01173606887459755,0.010186107829213142,0.011653736233711243,passive,0
19.6618,rehab,small_slow,113.72489248651695,-666.6324543685613,221.11460874130628,-177.38952074359707,0.13300943329882645,-149.98676065391803,18.6566,0.0357,-27.6377,-7.685,0.6396,13.2571,87.36030351997601,33.246845207592045,87.92176199431466,-33.32493252224392,-89.17622884114583,-32.81333923339844,1.686918050935953,2.2310880151125465,1.1764752982866646,-3.4827592637803817,-0.06785074869791667,1.6284688313802083,1.547,1.1097,0.1702,-0.06023,0.00532,-0.03046,0.0008820138755254447,0.0009999937610700727,0.0009201358770951629,0.0005079067195765674,0.0005001365789212286,0.0005738979671150446,0.01173606887459755,0.010186107829213142,0.011653736233711243,passive,0
19.6806,rehab,small_slow,114.02997486461291,-666.6342886017875,220.67325210497208,-177.38876475823466,0.13253845904315698,-149.98637598009384,19.371,0.0577,-28.6724,-0.3788,0.5153,1.1311,87.38697391925471,33.28348896290996,87.94026063220336,-33.38165283203125,-89.17693244086371,-32.787679036458336,1.6325030940594059,2.2855029719890934,1.1632930642307395,-3.5065460205078125,-0.0,1.6284688313802083,1.5589,1.1072,0.0124,-0.07907,0.01356,-0.03372,0.0008820138755254447,0.0009999937610700727,0.0009201358770951629,0.0005079067195765674,0.0005001365789212286,0.0005738979671150446,0.01173606887459755,0.010186107829213142,0.011653736233711243,passive,0
19.7009,rehab,small_slow,114.3375354715514,-666.6334080088061,220.2159343147339,-177.3894100026604,0.132949657248242,-149.9859489532022,19.0358,0.0499,-28.0908,4.6029,0.2047,-9.0988,87.41384827264464,33.32112529490254,87.95935073701462,-33.438305324978295,-89.17765299479167,-32.76185777452257,1.7413330078125,2.3943328857421875,1.2294217855623453,-3.57802497016059,-0.06785074869791667,1.6284688313802083,1.3571,1.1314,-0.4017,-0.06936,0.01164,-0.02736,0.0008820138755254447,0.0009999937610700727,0.0009201358770951629,0.0005079067195765674,0.0005001365789212286,0.0005738979671150446,0.01173606887459755,0.010186107829213142,0.011653736233711243,passive,0
19.7211,rehab,small_slow,114.78259860907113,-666.6311124715203,219.53507176588755,-177.39087765151638,0.133872540530731,-149.98554804413592,19.2217,0.0694,-28.4467,-4.2157,-0.4122,-0.0074,87.4527355231861,33.376940736676204,87.98792470799815,-33.52196587456597,-89.17870415581596,-32.724295722113716,1.5780813387124846,2.3399179288656407,1.1393828439240408,-3.4877692328559027,-0.0,1.5606180826822915,1.5656,1.1194,0.008,-0.0587,0.0156,-0.03022,0.0008820138755254447,0.0009999937610700727,0.0009201358770951629,0.0005079067195765674,0.0005001365789212286,0.0005738979671150446,0.01173606887459755,0.010186107829213142,0.011653736233711243,passive,0
19.7405,rehab,small_slow,115.07973546380653,-666.6316944648571,219.09492425054052,-177.39077934016842,0.13381983298120248,-149.9847883821204,18.0397,0.0498,-26.8598,-16.0125,-1.0295,12.5783,87.47869888154587,33.41345532105701,88.00612421319036,-33.57744852701823,-89.17937384711371,-32.69970364040798,1.6325030940594059,2.2310880151125465,1.1854560776512222,-3.4714168972439237,-0.06785074869791667,1.4927588568793402,1.7032,1.2173,-0.3633,-0.05205,0.0166,-0.02905,0.0008820138755254447,0.0009999937610700727,0.0009201358770951629,0.0005079067195765674,0.0005001365789212286,0.0005738979671150446,0.01173606887459755,0.010186107829213142,0.011653736233711243,passive,0
19.7618,rehab,small_slow,115.58290488004216,-666.628218108825,218.34448811113032,-177.38983047909994,0.13322808068028744,-149.98496068057776,18.0981,0.0124,-27.2202,-27.7788,-1.5764,23.6003,87.52265779098661,33.475212625937885,88.03842374593904,-33.67377387152778,-89.18055216471355,-32.65663146972656,1.6325030940594059,2.122251302889078,1.1074844209274444,-3.387332492404514,-0.0,1.4927588568793402,1.644,1.1008,0.0098,-0.05266,0.01088,-0.02402,0.0008820138755254447,0.0009999937610700727,0.0009201358770951629,0.0005079067195765674,0.0005001365789212286,0.0005738979671150446,0.01173606887459755,0.010186107829213142,0.011653736233711243,passive,0
19.781,rehab,small_slow,115.87265885869435,-666.6302582535097,217.93039658264806,-177.3881991074014,0.13219092628869647,-149.9844545816963,18.367,-0.0077,-27.9975,-30.6105,-1.8001,24.0129,87.54798209313118,33.50999360037322,88.05552869740099,-33.72823927137587,-89.18122185601128,-32.63241238064236,1.4692514249593904,2.122251302889078,1.048106580677599,-3.4265560574001737,-0.06785074869791667,1.5606180826822915,1.5807,1.0694,-0.6297,-0.06443,0.01078,-0.0265,0.0008820138755254447,0.0009999937610700727,0.0009201358770951629,0.0005079067195765674,0.0005001365789212286,0.0005738979671150446,0.01173606887459755,0.010186107829213142,0.011653736233711243,passive,0
19.8008,rehab,small_slow,116.28683602035439,-666.6294180489696,217.29243197889184,-177.38776406314128,0.13190382521448119,-149.98511197986028,16.8938,-0.0576,-26.2478,-28.0594,-1.5885,22.0205,87.5841771494044,33.562708939656176,88.08245064008354,-33.809356689453125,-89.18222215440538,-32.59645250108507,1.5236663818359375,2.176666259765625,1.1609339950108293,-3.31313239203559,-0.13570149739583334,1.4927588568793402,1.5456,1.1471,0.0533,-0.06263,0.01821,-0.0247,0.0008820138755254447,0.0009999937610700727,0.0009201358770951629,0.0005079067195765674,0.0005001365789212286,0.0005738979671150446,0.01173606887459755,0.010186107829213142,0.011653736233711243,passive,0
19.821,rehab,small_slow,116.55949866738598,-666.6289798356692,216.8668680755958,-177.38781887689458,0.13195360086203708,-149.98522396867818,16.3157,-0.0993,-25.9222,-19.0748,-0.8456,14.3703,87.60799898959623,33.59790462078434,88.1001878492903,-33.86283874511719,-89.18284946017795,-32.57310655381944,1.4148296696124691,2.2855029719890934,1.0780470442063737,-3.342039320203993,-0.0,1.4927588568793402,1.5814,1.0607,-0.2662,-0.06947,0.00096,-0.02482,0.0008820138755254447,0.0009999937610700727,0.0009201358770951629,0.0005079067195765674,0.0005001365789212286,0.0005738979671150446,0.01173606887459755,0.010186107829213142,0.011653736233711243,passive,0
19.8407,rehab,small_slow,116.81439461585583,-666.6356833117286,216.44211419945898,-177.3877757277736,0.13190147180315076,-149.98676786996432,15.9289,-0.1075,-25.7229,-9.9856,0.2306,9.0012,87.63031156936495,33.6335557994276,88.11702086193726,-33.916007147894966,-89.18351067437065,-32.54983690049913,1.4692514249593904,2.122251302889078,1.0392821661316523,-3.3264584011501737,-0.06785074869791667,1.4249081081814237,1.6198,1.1758,0.1676,-0.06358,0.00898,-0.02464,0.0008820138755254447,0.0009999937610700727,0.0009201358770951629,0.0005079067195765674,0.0005001365789212286,0.0005738979671150446,0.01173606887459755,0.010186107829213142,0.011653736233711243,passive,0
19.8606,rehab,small_slow,117.21052586455953,-666.6363007099678,215.79257347905954,-177.38949163485364,0.13297463684290814,-149.9875558905913,15.6788,-0.1017,-25.3862,-4.0388,1.1927,9.4717,87.6649293805113,33.687304506207454,88.14329015146387,-33.99492051866319,-89.18446858723958,-32.51530117458767,1.4692514249593904,2.122251302889078,1.1135350595606435,-3.277401394314236,-0.06785074869791667,1.357057359483507,1.4766,1.0317,-0.5283,-0.08478,0.01928,-0.02441,0.0008820138755254447,0.0009999937610700727,0.0009201358770951629,0.0005079067195765674,0.0005001365789212286,0.0005738979671150446,0.01173606887459755,0.010186107829213142,0.011653736233711243,passive,0
19.8805,rehab,small_slow,117.46570289097883,-666.6378871590712,215.36332874716467,-177.39055431141443,0.13364744578248125,-149.9885099178497,15.8259,-0.0656,-25.3084,7.0789,1.9125,-0.3703,87.68723516180964,33.72288770014697,88.16057186315555,-34.047131008572045,-89.18508741590712,-32.492616441514755,1.4148296696124691,2.2310880151125465,1.0166840506072092,-3.268008761935764,-0.0,1.357057359483507,1.5894,1.2124,-0.1329,-0.05508,0.00885,-0.02323,0.0008820138755254447,0.0009999937610700727,0.0009201358770951629,0.0005079067195765674,0.0005001365789212286,0.0005738979671150446,0.01173606887459755,0.010186107829213142,0.011653736233711243,passive,0
19.9009,rehab,small_slow,117.8675857612634,-666.6412009813497,214.73684488327518,-177.39091444401524,0.13387451973180892,-149.98823567783654,16.4474,0.0048,-25.7941,12.7746,2.1835,-6.2664,87.72234926129332,33.7755554501373,88.18505995344407,-34.124764336480034,-89.18601989746094,-32.45863172743056,1.4148296696124691,2.2310880151125465,1.0662720935179455,-3.194266425238715,-0.0,1.4249081081814237,1.5147,1.1865,-0.6621,-0.05843,0.00577,-0.0235,0.0008820138755254447,0.0009999937610700727,0.0009201358770951629,0.0005079067195765674,0.0005001365789212286,0.0005738979671150446,0.01173606887459755,0.010186107829213142,0.011653736233711243,passive,0
19.9207,rehab,small_slow,118.12819344885986,-666.6388010468514,214.33090447071922,-177.39063039687372,0.1337038625032406,-149.98818822839885,17.0546,0.0651,-26.35,9.4963,1.7415,-4.3712,87.74510374163637,33.809194281549736,88.20204253243928,-34.17630513509115,-89.18661329481337,-32.43648952907986,1.4148296696124691,2.0134145906656093,1.0376165408899287,-3.233515421549479,-0.0,1.4249081081814237,1.578,1.1887,0.3207,-0.06991,0.0103,-0.02917,0.0008820138755254447,0.0009999937610700727,0.0009201358770951629,0.0005079067195765674,0.0005001365789212286,0.0005738979671150446,0.01173606887459755,0.010186107829213142,0.011653736233711243,passive,0
19.9409,rehab,small_slow,118.52817768714029,-666.6356895003513,213.73694709981913,-177.38958588418885,0.13307656120007666,-149.98686688988585,16.8043,0.0952,-25.7442,2.4602,0.9594,-1.8843,87.78001388700882,33.858891099986465,88.22634026555731,-34.25238715277778,-89.1874779595269,-32.40373399522569,1.4692514249593904,1.9589996337890625,0.9785786241588026,-3.182974921332465,-0.0,1.357057359483507,1.6063,1.1522,-0.5183,-0.06526,0.00981,-0.02327,0.0008820138755254447,0.0009999937610700727,0.0009201358770951629,0.0005079067195765674,0.0005001365789212286,0.0005738979671150446,0.01173606887459755,0.010186107829213142,0.011653736233711243,passive,0
19.9607,rehab,small_slow,118.7819639268177,-666.6366472927455,213.3503855836391,-177.3884780977546,0.1323768190198929,-149.98691350897602,16.5584,0.097,-25.4789,-9.9917,-0.0086,7.9697,87.80218369889967,33.891476168490875,88.24193595659615,-34.302452935112846,-89.18807135687933,-32.38206651475694,1.305999755859375,2.067836346012531,0.9900068528581374,-3.0422210693359375,-0.06785074869791667,1.357057359483507,1.6312,1.1361,-0.5001,-0.05225,0.01731,-0.02484,0.0008820138755254447,0.0009999937610700727,0.0009201358770951629,0.0005079067195765674,0.0005001365789212286,0.0005738979671150446,0.01173606887459755,0.010186107829213142,0.011653736233711243,passive,0
19.9811,rehab,small_slow,119.22865892588557,-666.6280626248196,212.66599112822425,-177.38812006243174,0.13213811591992145,-149.98578892078152,16.4547,0.0773,-25.7072,-23.081,-1.1699,20.5581,87.841159329556,33.948141419061336,88.27062550157603,-34.38921610514323,-89.18908013237846,-32.345165676540795,1.360414712735922,1.9589996337890625,1.0047595335705446,-3.083309597439236,-0.06785074869791667,1.357057359483507,1.5372,1.1468,-0.4979,-0.0679,0.00596,-0.02369,0.0008820138755254447,0.0009999937610700727,0.0009201358770951629,0.0005079067195765674,0.0005001365789212286,0.0005738979671150446,0.01173606887459755,0.010186107829213142,0.011653736233711243,passive,0
20.001,rehab,small_slow,119.47132997641431,-666.6299958075716,212.2719239576942,-177.38831641624844,0.13228487286032645,-149.98609070979177,15.884,0.0301,-25.2914,-30.2853,-1.7081,28.7953,87.86235696018332,33.98134514836982,88.28592205991839,-34.43802727593316,-89.18963114420573,-32.32420179578993,1.305999755859375,2.122251302889078,0.8939444664681312,-3.0425262451171875,-0.0,1.357057359483507,1.6523,1.1369,0.5691,-0.06884,0.00731,-0.0343,0.0008820138755254447,0.0009999937610700727,0.0009201358770951629,0.0005079067195765674,0.0005001365789212286,0.0005738979671150446,0.01173606887459755,0.010186107829213142,0.011653736233711243,passive,0
20.021,rehab,small_slow,119.84010520422906,-666.6316073382322,211.67731325002853,-177.38920703288545,0.13282792902383417,-149.9854914397865,15.2669,-0.0077,-24.816,-31.8934,-1.5668,33.3642,87.89456131434676,34.03147027044013,88.30869013720219,-34.510693020290795,-89.1904788547092,-32.29339599609375,1.360414712735922,2.067836346012531,0.9960710884320854,-3.011135525173611,-0.0,1.2213473849826388,1.5868,1.1948,0.2664,-0.07279,0.03353,-0.03892,0.0008820138755254447,0.0009999937610700727,0.0009201358770951629,0.0005079067195765674,0.0005001365789212286,0.0005738979671150446,0.01173606887459755,0.010186107829213142,0.011653736233711243,passive,0
20.0405,rehab,small_slow,120.07417577711753,-666.630521966232,211.2845412325053,-177.3899815222209,0.13332582025585477,-149.9858074142708,14.3293,-0.0259,-23.6222,-30.208,-1.1523,37.0038,87.91499751629216,34.064204905292776,88.32431302212252,-34.55866495768229,-89.19101291232639,-32.273169623480904,1.251584798982828,2.067836346012531,0.9760971824721535,-2.884487575954861,-0.06785074869791667,1.2213473849826388,1.5807,1.1903,-0.073,-0.0702,0.01657,-0.02681,0.0008820138755254447,0.0009999937610700727,0.0009201358770951629,0.0005079067195765674,0.0005001365789212286,0.0005738979671150446,0.01173606887459755,0.010186107829213142,0.011653736233711243,passive,0
20.0612,rehab,small_slow,120.42295946488389,-666.6336523771179,210.7110570976581,-177.39023386720973,0.1335038915580307,-149.98621528433546,13.6093,-0.0729,-22.5963,-25.4253,-0.5403,37.3843,87.94546146203976,34.11271199141399,88.34627208143178,-34.629618326822914,-89.19180976019965,-32.243075900607636,1.251584798982828,1.9589996337890625,0.9029932305364325,-2.883639865451389,-0.06785074869791667,1.2213473849826388,1.6628,1.1111,0.5091,-0.07133,0.01474,-0.03453,0.0008820138755254447,0.0009999937610700727,0.0009201358770951629,0.0005079067195765674,0.0005001365789212286,0.0005738979671150446,0.01173606887459755,0.010186107829213142,0.011653736233711243,passive,0
20.0806,rehab,small_slow,120.64966296042309,-666.6350875976484,210.3354675145695,-177.39041525521395,0.13358926080628505,-149.98649596067338,13.519,-0.0687,-22.3722,-14.339,0.0743,25.0622,87.96526540624033,34.14442685571047,88.36075282332921,-34.67613220214844,-89.1923607720269,-32.223502265082466,1.1971630436359066,1.8501697200359684,0.9503309797532488,-2.950193617078993,-0.06785074869791667,1.2213473849826388,1.7658,1.1699,0.7854,-0.06323,0.0088,-0.02986,0.0008820138755254447,0.0009999937610700727,0.0009201358770951629,0.0005079067195765674,0.0005001365789212286,0.0005738979671150446,0.01173606887459755,0.010186107829213142,0.011653736233711243,passive,0
20.1006,rehab,small_slow,120.86461609954502,-666.6341248570259,209.97084253219424,-177.39020025139305,0.13347677535504296,-149.98757273853013,13.1919,-0.0228,-21.6748,-1.9347,0.5217,8.0279,87.984035982944,34.1748568091062,88.37563467497873,-34.72219679090712,-89.19286092122395,-32.20415751139323,1.1971630436359066,1.9045846769125154,0.9412686187441986,-2.8774346245659723,-0.0,1.153496636284722,1.6792,1.1942,0.2196,-0.06489,0.01746,-0.0324,0.0008820138755254447,0.0009999937610700727,0.0009201358770951629,0.0005079067195765674,0.0005001365789212286,0.0005738979671150446,0.01173606887459755,0.010186107829213142,0.011653736233711243,passive,0
20.1205,rehab,small_slow,121.20015159156067,-666.633892542919,209.42985475458065,-177.3896352409615,0.1331043790241977,-149.98750951849104,13.0984,-0.0216,-21.3332,4.7319,0.6545,-3.3677,88.01333059178721,34.220542530022044,88.39687989489867,-34.79055616590712,-89.19364081488715,-32.17567443847656,1.1971630436359066,1.8501697200359684,0.8363750193378713,-2.8379652235243054,-0.0,1.2213473849826388,1.7781,1.1482,-0.1251,-0.06219,0.01041,-0.03315,0.0008820138755254447,0.0009999937610700727,0.0009201358770951629,0.0005079067195765674,0.0005001365789212286,0.0005738979671150446,0.01173606887459755,0.010186107829213142,0.011653736233711243,passive,0
20.1408,rehab,small_slow,121.41345122589749,-666.6368775048413,209.07933838362803,-177.38881876175145,0.13260108141416457,-149.98814154172192,13.357,-0.0139,-21.6223,6.3116,0.6885,-9.1375,88.03196519908339,34.2504354042582,88.41033406776957,-34.835357666015625,-89.1941409640842,-32.156897650824654,1.1427480867593596,1.9589996337890625,0.8303991638787902,-2.7286275227864585,-0.0,1.153496636284722,1.8395,1.2288,-0.0631,-0.06385,0.00771,-0.03453,0.0008820138755254447,0.0009999937610700727,0.0009201358770951629,0.0005079067195765674,0.0005001365789212286,0.0005738979671150446,0.01173606887459755,0.010186107829213142,0.011653736233711243,passive,0
20.161,rehab,small_slow,121.73946126893655,-666.6371418527771,208.55812496776338,-177.38772266128106,0.13190265945307783,-149.98763101617487,13.9497,0.0055,-22.7006,2.2708,0.5596,-6.2997,88.06042359607055,34.29466625251392,88.4306818896001,-34.901953803168404,-89.19487847222221,-32.12967766655816,1.251584798982828,1.8501697200359684,0.8654180847772277,-2.7483537462022567,-0.06785074869791667,1.153496636284722,1.7453,1.3918,0.008,-0.04308,0.00977,-0.02368,0.0008820138755254447,0.0009999937610700727,0.0009201358770951629,0.0005079067195765674,0.0005001365789212286,0.0005738979671150446,0.01173606887459755,0.010186107829213142,0.011653736233711243,passive,0
20.181,rehab,small_slow,121.95982578565183,-666.6334745604205,208.2024831087303,-177.38818600804134,0.13217453846983754,-149.9868363767232,14.1213,0.0108,-23.113,-3.3074,0.3144,0.0703,88.07964287181892,34.32447754510559,88.44465954468981,-34.9456787109375,-89.19537014431424,-32.111731635199654,1.1971630436359066,1.9045846769125154,0.862569525690362,-2.720345391167535,-0.06785074869791667,1.153496636284722,1.6925,1.2439,-0.5418,-0.05656,0.0023,-0.02462,0.0008820138755254447,0.0009999937610700727,0.0009201358770951629,0.0005079067195765674,0.0005001365789212286,0.0005738979671150446,0.01173606887459755,0.010186107829213142,0.011653736233711243,passive,0
20.2008,rehab,small_slow,122.27814877474113,-666.6349368342435,207.6788167048348,-177.3884675128938,0.132395623146986,-149.98651599133103,13.5114,0.0084,-22.3094,-10.7945,0.3291,11.6748,88.10742142176863,34.36906871229115,88.4641711546643,-35.010130140516495,-89.19604831271701,-32.08497789171007,1.1971630436359066,1.9045846769125154,0.8133757940613398,-2.6291910807291665,-0.06785074869791667,1.153496636284722,1.7136,1.2358,0.0229,-0.06478,0.01419,-0.02694,0.0008820138755254447,0.0009999937610700727,0.0009201358770951629,0.0005079067195765674,0.0005001365789212286,0.0005738979671150446,0.01173606887459755,0.010186107829213142,0.011653736233711243,passive,0
20.2209,rehab,small_slow,122.54982214932798,-666.6365580082563,207.2423501661362,-177.38897252578886,0.13267973325951038,-149.98503504881742,13.099,0.0091,-21.8135,-20.5788,0.3818,29.378,88.13112768796411,34.406487493231744,88.47986202428837,-35.063230726453995,-89.19665018717448,-32.06333584255642,1.1971630436359066,1.795747964689047,0.7917090689781868,-2.5939771864149304,0.06785074869791667,1.0177951388888888,1.7398,1.3844,0.4628,-0.07129,0.01124,-0.03372,0.0008820138755254447,0.0009999937610700727,0.0009201358770951629,0.0005079067195765674,0.0005001365789212286,0.0005738979671150446,0.01173606887459755,0.010186107829213142,0.011653736233711243,passive,0
20.2407,rehab,small_slow,122.84793771844814,-666.6341638326745,206.71907335235116,-177.3908725060275,0.13385861710380906,-149.98522170415413,12.6576,0.0237,-21.1568,-26.2463,0.2671,41.407,88.15713863561649,34.450419208791,88.49973395319269,-35.12546963161892,-89.19732835557726,-32.03781975640191,1.0339181730062654,1.8501697200359684,0.8511684908725248,-2.6024542914496527,-0.0,1.0177951388888888,1.8391,1.255,0.416,-0.06135,-0.00069,-0.03556,0.0008820138755254447,0.0009999937610700727,0.0009201358770951629,0.0005079067195765674,0.0005001365789212286,0.0005738979671150446,0.01173606887459755,0.010186107829213142,0.011653736233711243,passive,0
20.2609,rehab,small_slow,123.0445070855952,-666.6330465074512,206.38558168541178,-177.39143303870262,0.1342427895962618,-149.98528623237286,12.1596,0.0355,-20.3043,-24.5751,0.1994,39.6287,88.17428437790068,34.47860566696318,88.51236551114829,-35.166049533420136,-89.19774373372395,-32.02105204264323,1.1427480867593596,1.8501697200359684,0.8050816602045947,-2.491158379448785,-0.06785074869791667,1.0177951388888888,1.7252,1.3224,0.065,-0.05473,0.01429,-0.02565,0.0008820138755254447,0.0009999937610700727,0.0009201358770951629,0.0005079067195765674,0.0005001365789212286,0.0005738979671150446,0.01173606887459755,0.010186107829213142,0.011653736233711243,passive,0
20.2808,rehab,small_slow,123.24408811215281,-666.634235748662,206.05749806056096,-177.39165152636863,0.13434952362707034,-149.98465325207556,11.6788,0.038,-19.459,-17.972,0.0714,27.1415,88.19170205899985,34.50673773737237,88.52423564042195,-35.206239488389755,-89.19820149739583,-32.004708184136284,1.0339181730062654,1.686918050935953,0.6790516164043162,-2.546234130859375,-0.0,1.0177951388888888,1.847,1.3386,0.3273,-0.0634,0.00651,-0.0277,0.0008820138755254447,0.0009999937610700727,0.0009201358770951629,0.0005079067195765674,0.0005001365789212286,0.0005738979671150446,0.01173606887459755,0.010186107829213142,0.011653736233711243,passive,0
20.301,rehab,small_slow,123.52524372919534,-666.635029841293,205.590624767988,-177.390755594376,0.1338093425855846,-149.9847113238586,11.1475,0.0364,-18.5422,-12.9355,-0.3554,15.4954,88.21623773858099,34.54659716917737,88.54200684198058,-35.26554531521267,-89.19882032606337,-31.980760362413193,1.0339181730062654,1.686918050935953,0.7868141703086324,-2.4579535590277777,-0.0,0.9499359130859375,1.8217,1.1845,0.2178,-0.06196,0.00967,-0.02905,0.0008820138755254447,0.0009999937610700727,0.0009201358770951629,0.0005079067195765674,0.0005001365789212286,0.0005738979671150446,0.01173606887459755,0.010186107829213142,0.011653736233711243,passive,0
20.3207,rehab,small_slow,123.71291599864102,-666.632069597304,205.28432401476903,-177.3902401241446,0.13350611126221845,-149.98446238340054,11.0229,0.0229,-18.4028,-10.53,-0.9576,7.0904,88.23260165677212,34.572458550481514,88.5541557085396,-35.3045654296875,-89.19921875,-31.965069240993923,1.0883331298828125,1.5236663818359375,0.7617754039197865,-2.372750176323785,-0.0,0.9499359130859375,1.9108,1.1948,-0.3134,-0.04821,0.01572,-0.02842,0.0008820138755254447,0.0009999937610700727,0.0009201358770951629,0.0005079067195765674,0.0005001365789212286,0.0005738979671150446,0.01173606887459755,0.010186107829213142,0.011653736233711243,passive,0
20.3407,rehab,small_slow,123.98644783571814,-666.6281152378818,204.8342415009207,-177.38951991732628,0.13300573942899868,-149.98429087319926,11.0758,0.0086,-18.8382,-9.2186,-1.302,1.0085,88.2564642877862,34.610509589166924,88.57192011162786,-35.36186218261719,-89.19987148708768,-31.942003038194443,0.9250814607827971,1.6325030940594059,0.7056812248607673,-2.407709757486979,-0.06785074869791667,1.0177951388888888,1.7358,1.199,-0.0486,-0.06172,0.00429,-0.03142,0.0008820138755254447,0.0009999937610700727,0.0009201358770951629,0.0005079067195765674,0.0005001365789212286,0.0005738979671150446,0.01173606887459755,0.010186107829213142,0.011653736233711243,passive,0
20.3607,rehab,small_slow,124.1561844716618,-666.631715419717,204.54186189952026,-177.38861180468217,0.13248109111220263,-149.98489012489497,11.0306,-0.0135,-19.2303,-9.2941,-1.1338,0.0118,88.27128495320235,34.63576590660775,88.5826820902305,-35.399322509765625,-89.20023600260417,-31.926990085177952,0.9250814607827971,1.5236663818359375,0.6733748936417079,-2.298558553059896,-0.0,0.9499359130859375,1.8026,1.4459,1.0346,-0.05782,0.01233,-0.03078,0.0008820138755254447,0.0009999937610700727,0.0009201358770951629,0.0005079067195765674,0.0005001365789212286,0.0005738979671150446,0.01173606887459755,0.010186107829213142,0.011653736233711243,passive,0
20.3809,rehab,small_slow,124.40508496226263,-666.6341354721388,204.10094255032533,-177.3882829119014,0.13225074762296923,-149.98578071319955,10.7628,-0.0564,-19.1382,-10.1075,-0.7993,3.9001,88.29301966298925,34.67346342483369,88.59914118700688,-35.45445760091146,-89.20083787706163,-31.90496656629774,0.9250814607827971,1.5780813387124846,0.7385042398282797,-2.257139417860243,-0.0,0.9499359130859375,1.7413,1.3465,0.3901,-0.06728,-0.00313,-0.03232,0.0008820138755254447,0.0009999937610700727,0.0009201358770951629,0.0005079067195765674,0.0005001365789212286,0.0005738979671150446,0.01173606887459755,0.010186107829213142,0.011653736233711243,passive,0
20.4009,rehab,small_slow,124.56861264768237,-666.6330159693168,203.80665597748376,-177.3887598152027,0.1325339384262437,-149.9863641585214,10.4066,-0.0945,-18.7816,-13.8253,-0.5263,16.3996,88.30728965230507,34.6983254309928,88.61033826771349,-35.49034118652344,-89.20122782389323,-31.890504625108505,0.87066650390625,1.5780813387124846,0.7319369174466275,-2.2478230794270835,-0.06785074869791667,0.8820851643880208,1.8291,1.2955,0.5467,-0.06107,0.00764,-0.03255,0.0008820138755254447,0.0009999937610700727,0.0009201358770951629,0.0005079067195765674,0.0005001365789212286,0.0005738979671150446,0.01173606887459755,0.010186107829213142,0.011653736233711243,passive,0
20.4208,rehab,small_slow,124.84058268827219,-666.6342253150444,203.29145283373546,-177.3904577426957,0.1336015190714151,-149.98807073083051,10.0364,-0.0953,-18.273,-17.2349,-0.1251,30.6109,88.33102991085241,34.74200560314821,88.62924481382464,-35.55157131618923,-89.20186360677083,-31.865726047092014,0.87066650390625,1.5236663818359375,0.610828966197401,-2.1152496337890625,-0.0,0.8142344156901041,1.5788,1.4517,0.6276,-0.06717,0.01268,-0.03284,0.0008820138755254447,0.0009999937610700727,0.0009201358770951629,0.0005079067195765674,0.0005001365789212286,0.0005738979671150446,0.01173606887459755,0.010186107829213142,0.011653736233711243,passive,0
20.4407,rehab,small_slow,124.99685542343053,-666.6377533007536,203.01436501124275,-177.3903293364894,0.1335256737149458,-149.98845653218015,9.6273,-0.0511,-17.4342,-16.7962,0.5142,36.7563,88.3446744408938,34.766011002040145,88.63898022340075,-35.58581882052951,-89.2022196451823,-31.852069430881077,0.9250814607827971,1.4692514249593904,0.6480845838490099,-2.0293680826822915,-0.06785074869791667,0.7463751898871528,1.7767,1.3534,0.4529,-0.06672,0.01461,-0.03151,0.0008820138755254447,0.0009999937610700727,0.0009201358770951629,0.0005079067195765674,0.0005001365789212286,0.0005738979671150446,0.01173606887459755,0.010186107829213142,0.011653736233711243,passive,0
20.4611,rehab,small_slow,125.23028868314954,-666.6409405435492,202.60077580818313,-177.3906477390067,0.13369128193974497,-149.9884438617332,9.4739,-0.0239,-16.8424,-14.3426,1.2356,36.5767,88.36504945660582,34.80167577762415,88.65357653929455,-35.63624064127604,-89.20276217990451,-31.83225843641493,0.87066650390625,1.4148296696124691,0.6225631260635829,-2.099312676323785,-0.06785074869791667,0.8142344156901041,1.893,1.3747,0.2444,-0.0466,0.00858,-0.02668,0.0008820138755254447,0.0009999937610700727,0.0009201358770951629,0.0005079067195765674,0.0005001365789212286,0.0005738979671150446,0.01173606887459755,0.010186107829213142,0.011653736233711243,passive,0
20.4806,rehab,small_slow,125.38115332726127,-666.6404377083071,202.3419465017313,-177.3901601514754,0.13337908266088225,-149.98860079081732,9.1692,-0.0329,-15.9382,-9.6812,1.5399,29.7585,88.37821129525062,34.82380479869276,88.66338673204478,-35.669097900390625,-89.20310974121094,-31.81929694281684,0.87066650390625,1.360414712735922,0.5986189134050124,-1.9949849446614583,-0.0,0.8142344156901041,1.6622,1.445,0.4887,-0.06825,0.01868,-0.02918,0.0008820138755254447,0.0009999937610700727,0.0009201358770951629,0.0005079067195765674,0.0005001365789212286,0.0005738979671150446,0.01173606887459755,0.010186107829213142,0.011653736233711243,passive,0
20.5009,rehab,small_slow,125.5290138816383,-666.637834921192,202.07576070089522,-177.39090254078815,0.13384583088451704,-149.98875725189177,8.8237,-0.0164,-15.0071,-4.3442,1.29,19.1828,88.39110119508044,34.846253347868966,88.67344166972849,-35.70105658637153,-89.20343187120226,-31.806598239474827,0.8162515470297029,1.4148296696124691,0.6220056514928837,-1.9374423556857638,-0.0,0.8142344156901041,1.7962,1.3927,-0.179,-0.05385,0.00969,-0.02817,0.0008820138755254447,0.0009999937610700727,0.0009201358770951629,0.0005079067195765674,0.0005001365789212286,0.0005738979671150446,0.01173606887459755,0.010186107829213142,0.011653736233711243,passive,0
20.5206,rehab,small_slow,125.75285667701236,-666.6367554380193,201.70135527020193,-177.3904648398187,0.13356415955844494,-149.9882383412611,8.9126,0.0338,-15.0718,-2.3683,0.7185,11.6611,88.41061960352529,34.87841691121017,88.68722896764774,-35.74801127115885,-89.20392354329427,-31.788109673394096,0.8162515470297029,1.251584798982828,0.5199198203511758,-1.9358995225694444,-0.06785074869791667,0.8142344156901041,1.848,1.4744,-0.3283,-0.04935,-0.00272,-0.02844,0.0008820138755254447,0.0009999937610700727,0.0009201358770951629,0.0005079067195765674,0.0005001365789212286,0.0005738979671150446,0.01173606887459755,0.010186107829213142,0.011653736233711243,passive,0
20.5405,rehab,small_slow,125.89949304328057,-666.6373249593184,201.45796557210815,-177.3901591241777,0.13336113723654217,-149.98767529570046,8.8223,0.0709,-14.9279,-3.7653,0.2345,8.2575,88.4234075262995,34.899512564781865,88.6958630250232,-35.778418646918404,-89.20424567328558,-31.77621629503038,0.7618297916827815,1.360414712735922,0.5542520957418008,-1.901024712456597,-0.0,0.7463751898871528,1.756,1.5289,-0.093,-0.04915,0.01948,-0.02094,0.0008820138755254447,0.0009999937610700727,0.0009201358770951629,0.0005079067195765674,0.0005001365789212286,0.0005738979671150446,0.01173606887459755,0.010186107829213142,0.011653736233711243,passive,0
20.561,rehab,small_slow,126.11091211058483,-666.6395821585793,201.10830015808833,-177.38897578892886,0.13266499395348091,-149.98730475583648,8.8889,0.0669,-15.0085,-6.4456,0.0597,8.1774,88.44184497795483,34.92999010747022,88.70830422580832,-35.8231692843967,-89.20467800564236,-31.758634779188366,0.7618297916827815,1.251584798982828,0.5466446073928682,-1.8225012885199652,0.06785074869791667,0.678524441189236,1.7797,1.4162,0.3597,-0.06499,-0.00129,-0.02833,0.0008820138755254447,0.0009999937610700727,0.0009201358770951629,0.0005079067195765674,0.0005001365789212286,0.0005738979671150446,0.01173606887459755,0.010186107829213142,0.011653736233711243,passive,0
20.5807,rehab,small_slow,126.24477821782764,-666.6376747739288,200.8794901280153,-177.38873165004784,0.13253862496607363,-149.9871988556869,8.9875,0.0425,-15.1996,-10.0119,-0.1796,12.4837,88.45351115311726,34.94950171744469,88.71697907400603,-35.85192362467448,-89.20494927300346,-31.74738566080729,0.7074148348062346,1.1971630436359066,0.563389239924969,-1.7882198757595487,-0.0,0.678524441189236,1.8494,1.5238,0.3628,-0.05354,0.01212,-0.02832,0.0008820138755254447,0.0009999937610700727,0.0009201358770951629,0.0005079067195765674,0.0005001365789212286,0.0005738979671150446,0.01173606887459755,0.010186107829213142,0.011653736233711243,passive,0
20.6006,rehab,small_slow,126.47239618194142,-666.6338284565616,200.4771368217545,-177.38949815243637,0.13297297975455957,-149.9872216606695,8.5644,0.0152,-14.6443,-15.5669,-0.5537,22.1412,88.47052772446435,34.978952691106514,88.72984177995436,-35.89393615722656,-89.20539008246527,-31.730787489149304,0.7074148348062346,1.1427480867593596,0.5427762777498453,-1.7521837022569444,-0.06785074869791667,0.7463751898871528,1.9285,1.4912,1.0195,-0.05154,0.01153,-0.03537,0.0008820138755254447,0.0009999937610700727,0.0009201358770951629,0.0005079067195765674,0.0005001365789212286,0.0005738979671150446,0.01173606887459755,0.010186107829213142,0.011653736233711243,passive,0
20.6205,rehab,small_slow,126.60269787500522,-666.6308668120151,200.260719048335,-177.38948246958805,0.13299969209106222,-149.98680389778593,7.973,-0.0019,-13.8319,-19.3761,-0.6238,28.5078,88.48188116998956,34.99756010452119,88.73802033981474,-35.92085944281684,-89.2056867811415,-31.719996134440102,0.7618297916827815,1.1427480867593596,0.5140867327699566,-1.6524929470486112,-0.06785074869791667,0.678524441189236,1.7555,1.2923,0.5173,-0.07261,0.0109,-0.03333,0.0008820138755254447,0.0009999937610700727,0.0009201358770951629,0.0005079067195765674,0.0005001365789212286,0.0005738979671150446,0.01173606887459755,0.010186107829213142,0.011653736233711243,passive,0
20.6409,rehab,small_slow,126.78945228135777,-666.6328750071339,199.94100287324284,-177.3894014377225,0.132965100635037,-149.98616499533364,7.5233,0.0087,-13.1451,-21.0253,-0.3207,30.5109,88.49836066217706,35.02545422846728,88.74921062205097,-35.96034579806857,-89.20605129665799,-31.704652574327255,0.7074148348062346,1.1427480867593596,0.4593658447265625,-1.6253407796223958,-0.0,0.678524441189236,1.7983,1.3201,0.7116,-0.05706,0.01014,-0.02448,0.0008820138755254447,0.0009999937610700727,0.0009201358770951629,0.0005079067195765674,0.0005001365789212286,0.0005738979671150446,0.01173606887459755,0.010186107829213142,0.011653736233711243,passive,0
20.6609,rehab,small_slow,126.90638107278976,-666.6352004335424,199.7388948137855,-177.38908920410003,0.13278969904782253,-149.9859384248942,7.1695,0.0215,-12.5031,-20.8324,-0.0032,30.6383,88.50866714326462,35.043388593314894,88.75601589089572,-35.9856923421224,-89.20628017849393,-31.69489542643229,0.6529998779296875,1.0883331298828125,0.4332665169593131,-1.5374840630425346,-0.0,0.6106736924913194,1.7941,1.4295,0.2438,-0.05671,0.02624,-0.02453,0.0008820138755254447,0.0009999937610700727,0.0009201358770951629,0.0005079067195765674,0.0005001365789212286,0.0005738979671150446,0.01173606887459755,0.010186107829213142,0.011653736233711243,passive,0
20.681,rehab,small_slow,127.07220333218797,-666.6370831004444,199.43949750105054,-177.38913502677067,0.13280219212473576,-149.98610412273922,6.7461,0.0112,-11.7716,-16.5826,0.1396,25.6414,88.52325666068803,35.069283966970914,88.76642434903891,-36.02256774902344,-89.20667860243056,-31.68060302734375,0.5985781225827661,1.0883331298828125,0.391245171575263,-1.4602322048611112,-0.0,0.5428229437934028,1.8533,1.4324,0.288,-0.0526,0.00663,-0.03371,0.0008820138755254447,0.0009999937610700727,0.0009201358770951629,0.0005079067195765674,0.0005001365789212286,0.0005738979671150446,0.01173606887459755,0.010186107829213142,0.011653736233711243,passive,0
20.701,rehab,small_slow,127.1830429579893,-666.637406212175,199.23913510875542,-177.38988068565538,0.13326949437296218,-149.98587091644293,6.4889,0.0056,-11.5154,-11.1465,0.0655,18.739,88.53531034866182,35.09099148287631,88.77490204159577,-36.05201721191406,-89.2069583468967,-31.669091118706596,0.5985781225827661,1.0339181730062654,0.4158556343305229,-1.4587910970052083,-0.0,0.6106736924913194,1.9812,1.4425,0.5487,-0.04775,0.00111,-0.03368,0.0008820138755254447,0.0009999937610700727,0.0009201358770951629,0.0005079067195765674,0.0005001365789212286,0.0005738979671150446,0.01173606887459755,0.010186107829213142,0.011653736233711243,passive,0
20.721,rehab,small_slow,127.29550772121937,-666.6334881349284,199.04613159635772,-177.3907204029337,0.1337890100142951,-149.98532991026022,6.3186,0.0131,-11.3611,-8.7637,-0.222,16.0415,88.54510014600093,35.10732820718595,88.78195205537399,-36.07465108235677,-89.20718722873264,-31.66008843315972,0.5985781225827661,0.979496417659344,0.4110491157758354,-1.4237467447916667,-0.06785074869791667,0.6106736924913194,1.9678,1.627,0.4758,-0.03777,0.00693,-0.02759,0.0008820138755254447,0.0009999937610700727,0.0009201358770951629,0.0005079067195765674,0.0005001365789212286,0.0005738979671150446,0.01173606887459755,0.010186107829213142,0.011653736233711243,passive,0
20.7409,rehab,small_slow,127.454936733921,-666.6287733772552,198.77213477504873,-177.39143467869442,0.13422569356654174,-149.98463864194724,6.1338,0.0119,-10.9722,-9.3798,-0.4359,17.7243,88.55898262250541,35.130606169747836,88.7920341869392,-36.10750834147135,-89.207517835829,-31.647254096137154,0.544163165706219,0.979496417659344,0.38320258112237005,-1.300142076280382,-0.0,0.4749637179904514,1.7452,1.509,0.516,-0.0569,0.01446,-0.02298,0.0008820138755254447,0.0009999937610700727,0.0009201358770951629,0.0005079067195765674,0.0005001365789212286,0.0005738979671150446,0.01173606887459755,0.010186107829213142,0.011653736233711243,passive,0
20.761,rehab,small_slow,127.54966497095255,-666.6306757148782,198.60131692699224,-177.39140886783323,0.1342350621825066,-149.9846667474377,6.0111,0.003,-10.5847,-11.1372,-0.2949,21.5148,88.5652508121906,35.141918824450805,88.79635801409731,-36.12330118815104,-89.20766194661458,-31.64116753472222,0.489748208829672,0.9250814607827971,0.32916154011641396,-1.3150109185112846,-0.0,0.5428229437934028,1.7683,1.5824,1.4216,-0.06108,0.0126,-0.02907,0.0008820138755254447,0.0009999937610700727,0.0009201358770951629,0.0005079067195765674,0.0005001365789212286,0.0005738979671150446,0.01173606887459755,0.010186107829213142,0.011653736233711243,passive,0
20.7808,rehab,small_slow,127.69664384134028,-666.6346137307955,198.32322838755567,-177.39093075325408,0.13392316536122917,-149.9856886400859,5.8898,-0.0055,-10.2572,-14.0705,-0.0148,27.0234,88.57829027836866,35.166515690265314,88.80599824508818,-36.15837097167969,-89.208009507921,-31.62757025824653,0.435333251953125,0.8162515470297029,0.370129122592435,-1.22100830078125,-0.06785074869791667,0.4071129692925347,1.9053,1.6636,0.9226,-0.04549,0.00603,-0.02825,0.0008820138755254447,0.0009999937610700727,0.0009201358770951629,0.0005079067195765674,0.0005001365789212286,0.0005738979671150446,0.01173606887459755,0.010186107829213142,0.011653736233711243,passive,0
20.8009,rehab,small_slow,127.78000367722048,-666.6355800025724,198.17375125181803,-177.39060415714357,0.13370568404214941,-149.98591827476002,5.5902,-0.0196,-9.7169,-17.8734,0.1655,31.8433,88.585523850847,35.179623141147125,88.81139623056544,-36.177376641167534,-89.2082299126519,-31.620195176866318,0.489748208829672,0.87066650390625,0.34543027972230816,-1.183861626519097,-0.0,0.4071129692925347,1.8769,1.4684,0.5065,-0.05368,-0.00456,-0.03039,0.0008820138755254447,0.0009999937610700727,0.0009201358770951629,0.0005079067195765674,0.0005001365789212286,0.0005738979671150446,0.01173606887459755,0.010186107829213142,0.011653736233711243,passive,0
20.8205,rehab,small_slow,127.9102181065756,-666.6363108967324,197.96160726372733,-177.38999788480032,0.1333413286469473,-149.9852302565892,5.0194,-0.0243,-8.7599,-20.1598,0.2734,32.5896,88.59682290860923,35.19846170255453,88.81869098927714,-36.204588148328995,-89.20848422580295,-31.609742906358505,0.544163165706219,0.7618297916827815,0.2997921480990873,-1.0965474446614583,-0.06785074869791667,0.4071129692925347,1.8614,1.5258,0.9316,-0.06814,0.00737,-0.04002,0.0008820138755254447,0.0009999937610700727,0.0009201358770951629,0.0005079067195765674,0.0005001365789212286,0.0005738979671150446,0.01173606887459755,0.010186107829213142,0.011653736233711243,passive,0
20.8406,rehab,small_slow,127.99450042696006,-666.6345422890666,197.82739397987447,-177.3897326564591,0.13319744049972865,-149.98461335655557,4.5507,0.0013,-8.0211,-20.7206,0.2819,31.7989,88.6042604351988,35.21029783947633,88.82352470171334,-36.22176276312934,-89.20864529079861,-31.603130764431423,0.435333251953125,0.7074148348062346,0.2967056425491182,-1.0625033908420138,-0.06785074869791667,0.4071129692925347,1.8902,1.4946,0.882,-0.05785,0.00387,-0.03381,0.0008820138755254447,0.0009999937610700727,0.0009201358770951629,0.0005079067195765674,0.0005001365789212286,0.0005738979671150446,0.01173606887459755,0.010186107829213142,0.011653736233711243,passive,0
20.8605,rehab,small_slow,128.10270994500368,-666.632239042611,197.63770524020185,-177.38940920286916,0.13300395387729028,-149.9848022449995,4.1632,0.033,-7.434,-19.0335,0.2611,30.218,88.61404343406753,35.22670254848971,88.83077187113243,-36.24599880642361,-89.20888264973958,-31.593712700737846,0.3809114966062036,0.5985781225827661,0.2996289848101021,-0.953030056423611,-0.0,0.4071129692925347,1.94,1.643,0.4491,-0.04541,0.007,-0.02968,0.0008820138755254447,0.0009999937610700727,0.0009201358770951629,0.0005079067195765674,0.0005001365789212286,0.0005738979671150446,0.01173606887459755,0.010186107829213142,0.011653736233711243,passive,0
20.8806,rehab,small_slow,128.16401225392656,-666.6316624570567,197.519666788674,-177.38925836631017,0.13290373209718986,-149.98554723581844,3.787,0.035,-6.9394,-13.9701,0.3579,24.8335,88.61952300118928,35.23686626169941,88.83540842792775,-36.26117282443576,-89.2090352376302,-31.587736341688366,0.2720815828531095,0.6529998779296875,0.25912369831953896,-0.9499020046657985,-0.0,0.2714114718967014,1.991,1.5816,0.9769,-0.03856,-0.00993,-0.0286,0.0008820138755254447,0.0009999937610700727,0.0009201358770951629,0.0005079067195765674,0.0005001365789212286,0.0005738979671150446,0.01173606887459755,0.010186107829213142,0.011653736233711243,passive,0
20.9007,rehab,small_slow,128.22177436818623,-666.6325638393138,197.40707019912702,-177.38912422237348,0.13281355692332888,-149.98624206917498,3.5468,0.0219,-6.5899,-8.6081,0.3685,19.1869,88.62460825702931,35.24664926056815,88.839589487208,-36.2754397922092,-89.2092047797309,-31.582005818684895,0.2720815828531095,0.5985781225827661,0.26894068954014544,-0.8550008138020833,-0.0,0.339262220594618,1.9053,1.5237,1.0261,-0.04403,0.00118,-0.02722,0.0008820138755254447,0.0009999937610700727,0.0009201358770951629,0.0005079067195765674,0.0005001365789212286,0.0005738979671150446,0.01173606887459755,0.010186107829213142,0.011653736233711243,passive,0
20.9207,rehab,small_slow,128.306846119315,-666.6336422386686,197.2397880462446,-177.3896572950673,0.13313104966701916,-149.98689975281155,3.4277,0.0091,-6.1826,-6.1782,0.102,18.0377,88.63204578361889,35.26121158411007,88.84524581455948,-36.29547119140625,-89.20941670735677,-31.574011908637154,0.2720815828531095,0.5985781225827661,0.23072648756574876,-0.8054521348741319,-0.0,0.339262220594618,1.8567,1.4531,0.8494,-0.05616,0.0044,-0.03268,0.0008820138755254447,0.0009999937610700727,0.0009201358770951629,0.0005079067195765674,0.0005001365789212286,0.0005738979671150446,0.01173606887459755,0.010186107829213142,0.011653736233711243,passive,0
20.9408,rehab,small_slow,128.36357078286832,-666.6328357885699,197.13491508051717,-177.39014804076166,0.13342798483788507,-149.986913202356,3.3571,0.0047,-5.7357,-6.48,-0.3053,20.1319,88.6382255931892,35.27253783575379,88.84978039429919,-36.310763888888886,-89.20957777235243,-31.56794230143229,0.32649653972965653,0.489748208829672,0.2420255453279703,-0.7703484429253472,-0.0,0.2714114718967014,1.8534,1.7196,0.7517,-0.03591,0.00808,-0.02364,0.0008820138755254447,0.0009999937610700727,0.0009201358770951629,0.0005079067195765674,0.0005001365789212286,0.0005738979671150446,0.01173606887459755,0.010186107829213142,0.011653736233711243,passive,0
20.9612,rehab,small_slow,128.44433626608074,-666.6315761271946,197.0018108834276,-177.39008986478171,0.13337600562044594,-149.9866511313339,3.3754,0.0287,-5.4919,-8.8438,-0.6349,24.1845,88.64526201002668,35.284081638449486,88.8544509434464,-36.32722642686632,-89.20976426866319,-31.56134711371528,0.2720815828531095,0.435333251953125,0.17903771730932858,-0.6422170003255209,-0.0,0.2714114718967014,2.0393,1.6719,1.4926,-0.04067,0.00878,-0.0296,0.0008820138755254447,0.0009999937610700727,0.0009201358770951629,0.0005079067195765674,0.0005001365789212286,0.0005738979671150446,0.01173606887459755,0.010186107829213142,0.011653736233711243,passive,0
20.9805,rehab,small_slow,128.49585324239044,-666.6318349279766,196.92946030719096,-177.3893055156791,0.13290720969975695,-149.98638327076853,3.2459,0.0346,-5.145,-12.8505,-0.7962,28.7724,88.64862045439163,35.28903092488204,88.85632732126972,-36.33482191297743,-89.2098405626085,-31.558252970377602,0.2176666259765625,0.435333251953125,0.11063150840230507,-0.6096394856770834,-0.0,0.339262220594618,2.0792,1.6073,1.2039,-0.03758,-0.0006,-0.03095,0.0008820138755254447,0.0009999937610700727,0.0009201358770951629,0.0005079067195765674,0.0005001365789212286,0.0005738979671150446,0.01173606887459755,0.010186107829213142,0.011653736233711243,passive,0
21.0005,rehab,small_slow,128.58036401031885,-666.6312512791883,196.81402615834804,-177.38852278127766,0.13242599127273605,-149.9854230946931,2.7599,-0.0,-4.2624,-18.2974,-1.0329,33.0556,88.65610557027382,35.29950736772896,88.86016165856087,-36.35040283203125,-89.21002705891927,-31.551827324761284,0.2176666259765625,0.32649653972965653,0.1366084637028156,-0.5380927191840278,-0.0,0.20355224609375,2.082,1.7546,1.2188,-0.01087,0.00789,-0.02752,0.0008820138755254447,0.0009999937610700727,0.0009201358770951629,0.0005079067195765674,0.0005001365789212286,0.0005738979671150446,0.01173606887459755,0.010186107829213142,0.011653736233711243,passive,0
21.0207,rehab,small_slow,128.62192352445317,-666.6308867378408,196.74919257149264,-177.38880706230597,0.13259835585426058,-149.98501568006196,2.3054,-0.046,-3.5109,-23.5416,-1.4598,36.9988,88.65987872133161,35.30527247060643,88.86217400579169,-36.358066134982636,-89.21008639865451,-31.54862297905816,0.16324487062964108,0.32649653972965653,0.0765439779451578,-0.4424370659722222,-0.0,0.13570149739583334,1.9229,1.5409,0.4001,-0.04121,-0.00578,-0.03099,0.0008820138755254447,0.0009999937610700727,0.0009201358770951629,0.0005079067195765674,0.0005001365789212286,0.0005738979671150446,0.01173606887459755,0.010186107829213142,0.011653736233711243,passive,0
21.041,rehab,small_slow,128.66737693319035,-666.6306251070051,196.66578226038772,-177.389457907818,0.1330075675283717,-149.9848210607705,1.7921,-0.0901,-2.7754,-27.3486,-1.8784,40.1488,88.66414136225634,35.31282557119237,88.86484580464882,-36.36767069498698,-89.210205078125,-31.544757419162327,0.10882991375309406,0.2720815828531095,0.10091649423731436,-0.3349388970269097,-0.0,0.13570149739583334,1.9207,1.5773,0.5432,-0.04893,0.00582,-0.03438,0.0008820138755254447,0.0009999937610700727,0.0009201358770951629,0.0005079067195765674,0.0005001365789212286,0.0005738979671150446,0.01173606887459755,0.010186107829213142,0.011653736233711243,passive,0
21.0608,rehab,small_slow,128.68740662004703,-666.6319989886059,196.62380745834326,-177.38973411549753,0.1331520320590138,-149.98516194646427,1.258,-0.1073,-2.0054,-28.1016,-1.7985,39.5021,88.66602453855005,35.316782280950264,88.86627348342745,-36.37261284722222,-89.21026441786024,-31.542672051323784,0.05441495687654703,0.2176666259765625,0.05453053087291151,-0.23890177408854166,-0.0,0.20355224609375,1.9287,1.5919,0.9375,-0.04721,0.00587,-0.03193,0.0008820138755254447,0.0009999937610700727,0.0009201358770951629,0.0005079067195765674,0.0005001365789212286,0.0005738979671150446,0.01173606887459755,0.010186107829213142,0.011653736233711243,passive,0
21.0806,rehab,small_slow,128.70915122242715,-666.6392309338056,196.58932128899954,-177.38903228924806,0.13270746000313738,-149.9858755694696,0.6584,-0.1212,-1.1899,-25.2007,-0.976,33.2506,88.66806407966236,35.32094974328976,88.86643664671642,-36.37780083550347,-89.21035766601562,-31.53998480902778,0.05441495687654703,0.10882991375309406,0.026901547271426362,-0.2000088161892361,-0.0,0.13570149739583334,2.1082,1.6106,0.9788,-0.02686,0.00948,-0.03004,0.0008820138755254447,0.0009999937610700727,0.0009201358770951629,0.0005079067195765674,0.0005001365789212286,0.0005738979671150446,0.01173606887459755,0.010186107829213142,0.011653736233711243,passive,0
21.1007,rehab,small_slow,128.7208778613809,-666.6414998254521,196.5775868734413,-177.3886153988759,0.1324668387041684,-149.98625965106226,0.117,-0.1571,-0.4845,-21.17,0.1635,25.5734,88.66914503645188,35.32259497312036,88.86639585589418,-36.379852294921875,-89.21039157443576,-31.538526746961804,0.05441495687654703,0.05441495687654703,-0.027146292204904082,-0.12156168619791666,-0.0,0.06785074869791667,2.0745,1.4643,1.0879,-0.04546,0.00768,-0.03787,0.0008820138755254447,0.0009999937610700727,0.0009201358770951629,0.0005079067195765674,0.0005001365789212286,0.0005738979671150446,0.01173606887459755,0.010186107829213142,0.011653736233711243,passive,0
21.1205,rehab,small_slow,128.71947069796607,-666.6432146784081,196.58115188316182,-177.38775360581386,0.13192875111136929,-149.98729346970333,-0.2249,-0.1672,-0.0204,-16.448,1.266,18.7353,88.66926740891863,35.322676554764854,88.8663890574238,-36.38113233778212,-89.210450914171,-31.537289089626736,-0.0,-0.05441495687654703,-0.018627808825804455,-0.03393385145399305,-0.0,0.06785074869791667,1.9409,1.5924,1.9386,-0.06444,0.01779,-0.03892,0.0008820138755254447,0.0009999937610700727,0.0009201358770951629,0.0005079067195765674,0.0005001365789212286,0.0005738979671150446,0.01173606887459755,0.010186107829213142,0.011653736233711243,passive,0
21.1408,rehab,small_slow,128.70931650900081,-666.6445616146293,196.58821536437827,-177.3871013906595,0.13153200097813372,-149.98865712587545,-0.4743,-0.1343,0.244,-10.6874,2.304,12.2568,88.66861475576269,35.32219386336827,88.8664434451868,-36.38138665093316,-89.21045939127605,-31.53679741753472,-0.05441495687654703,-0.0,0.02608573082650062,-0.006323920355902778,-0.0,0.06785074869791667,2.0981,1.5628,1.125,-0.04363,-0.00209,-0.03734,0.0008820138755254447,0.0009999937610700727,0.0009201358770951629,0.0005079067195765674,0.0005001365789212286,0.0005738979671150446,0.01173606887459755,0.010186107829213142,0.011653736233711243,passive,0
21.1609,rehab,small_slow,128.6991166417483,-666.6451965307401,196.59407626571368,-177.38658055458347,0.13130262455371314,-149.98954552367783,-0.6123,-0.0537,0.32,-5.1049,3.2097,7.9465,88.66750660509166,35.32143923315672,88.86670178706103,-36.38154771592882,-89.21039157443576,-31.53679741753472,-0.10882991375309406,-0.05441495687654703,0.011883726214418317,-0.021243625217013888,0.06785074869791667,0.06785074869791667,2.1035,1.4908,0.8747,-0.04385,-0.00563,-0.03483,0.0008820138755254447,0.0009999937610700727,0.0009201358770951629,0.0005079067195765674,0.0005001365789212286,0.0005738979671150446,0.01173606887459755,0.010186107829213142,0.011653736233711243,passive,0
21.1808,rehab,small_slow,128.67298375519584,-666.650416769881,196.59972018414916,-177.38571379789482,0.13125769243828672,-149.9915891491844,-0.6819,0.0381,0.3652,-0.5725,3.8475,7.1402,88.66547386244972,35.32105172034537,88.86677657023515,-36.38192918565538,-89.21003553602431,-31.53699239095052,-0.10882991375309406,-0.05441495687654703,-0.03736439317759901,0.003204345703125,-0.0,-0.0,2.0287,1.4173,0.7994,-0.04754,-0.00204,-0.03337,0.0008820138755254447,0.0009999937610700727,0.0009201358770951629,0.0005079067195765674,0.0005001365789212286,0.0005738979671150446,0.01173606887459755,0.010186107829213142,0.011653736233711243,passive,0
21.2005,rehab,small_slow,128.6642797450623,-666.6515113784362,196.60486548767452,-177.3856984525816,0.1315157189999449,-149.9920296271934,-0.6413,0.1098,0.4538,1.4924,3.5851,9.7713,88.66440650260094,35.32053503659692,88.86653182530166,-36.38109842936198,-89.20973036024306,-31.537382337782116,-0.0,-0.05441495687654703,0.0033176535426980196,0.10214063856336805,-0.0,-0.06785074869791667,2.1666,1.3879,1.2404,-0.02926,-0.00192,-0.03761,0.0008820138755254447,0.0009999937610700727,0.0009201358770951629,0.0005079067195765674,0.0005001365789212286,0.0005738979671150446,0.01173606887459755,0.010186107829213142,0.011653736233711243,passive,0
21.2209,rehab,small_slow,128.6564998691734,-666.6461983061482,196.6132899512174,-177.3876968279498,0.13282943305135683,-149.9919889539972,-0.5866,0.1803,0.7723,1.6707,2.3276,14.6715,88.663699461682,35.31922973028504,88.86632107272007,-36.377173529730904,-89.20963711208768,-31.5380859375,-0.05441495687654703,-0.05441495687654703,0.004473393506342822,0.2052730984157986,-0.0,-0.06785074869791667,2.2205,1.5599,1.6827,-0.04605,-0.00111,-0.04198,0.0008820138755254447,0.0009999937610700727,0.0009201358770951629,0.0005079067195765674,0.0005001365789212286,0.0005738979671150446,0.01173606887459755,0.010186107829213142,0.011653736233711243,passive,0
21.2406,rehab,small_slow,128.6502225349008,-666.6407548672655,196.62242274675708,-177.38970240115418,0.13409897581938643,-149.99182163340802,-0.5191,0.2191,1.1074,0.6397,0.6406,19.2747,88.66312839017056,35.31789043162129,88.86604233543471,-36.37316385904948,-89.20958624945746,-31.538781060112846,-0.0,-0.10882991375309406,-0.04306830982170483,0.2443779839409722,-0.0,-0.06785074869791667,2.1523,1.5192,1.4391,-0.03494,0.01004,-0.03625,0.0008820138755254447,0.0009999937610700727,0.0009201358770951629,0.0005079067195765674,0.0005001365789212286,0.0005738979671150446,0.01173606887459755,0.010186107829213142,0.011653736233711243,passive,0
21.2611,rehab,small_slow,128.6377106027617,-666.631677820317,196.6552256279139,-177.39247513693147,0.13581945640122914,-149.99088137463383,-0.482,0.2283,1.5907,-1.2807,-1.142,22.1849,88.66199984408841,35.314273645382116,88.86498857252668,-36.36517842610677,-89.20951843261719,-31.54076470269097,-0.05441495687654703,-0.10882991375309406,-0.03741878094059406,0.2979448106553819,-0.0,-0.06785074869791667,2.0812,1.5055,0.977,-0.0466,0.0053,-0.03548,0.0008820138755254447,0.0009999937610700727,0.0009201358770951629,0.0005079067195765674,0.0005001365789212286,0.0005738979671150446,0.01173606887459755,0.010186107829213142,0.011653736233711243,passive,0
21.2809,rehab,small_slow,128.62670454527816,-666.6283666590585,196.68723904632068,-177.39318700589766,0.13622582036552758,-149.98991958682106,-0.5637,0.188,2.1227,-3.4208,-2.3705,22.2257,88.66102766282488,35.31130271382851,88.86389401879642,-36.36024475097656,-89.20949300130208,-31.54264662000868,-0.05441495687654703,-0.2176666259765625,-0.097503662109375,0.306455824110243,0.06785074869791667,-0.13570149739583334,2.0558,1.5622,1.1082,-0.04401,-0.00225,-0.03316,0.0008820138755254447,0.0009999937610700727,0.0009201358770951629,0.0005079067195765674,0.0005001365789212286,0.0005738979671150446,0.01173606887459755,0.010186107829213142,0.011653736233711243,passive,0
21.3007,rehab,small_slow,128.61034395499408,-666.6264915721177,196.75098578600972,-177.39336037229754,0.13629618565471965,-149.98830649729794,-0.7314,0.0959,2.6089,-5.8454,-3.0129,20.0827,88.6595863871055,35.30597951152537,88.86122221993928,-36.351988050672745,-89.2094506157769,-31.545613606770832,-0.10882991375309406,-0.2720815828531095,-0.15010342739596225,0.39398193359375,-0.0,-0.06785074869791667,2.1934,1.6267,1.0701,-0.03406,-0.00121,-0.03607,0.0008820138755254447,0.0009999937610700727,0.0009201358770951629,0.0005079067195765674,0.0005001365789212286,0.0005738979671150446,0.01173606887459755,0.010186107829213142,0.011653736233711243,passive,0
21.3206,rehab,small_slow,128.59842261297797,-666.62682415948,196.80037019461702,-177.39313541577283,0.13610922149703167,-149.98760648325026,-0.8815,0.0123,2.9884,-8.0681,-3.0184,17.7128,88.65854622113822,35.30205679411935,88.85896512777498,-36.34605407714844,-89.20945909288194,-31.547292073567707,-0.05441495687654703,-0.2720815828531095,-0.1713350503751547,0.380003187391493,-0.0,-0.13570149739583334,2.25,1.6855,1.1173,-0.02413,0.0018,-0.03546,0.0008820138755254447,0.0009999937610700727,0.0009201358770951629,0.0005079067195765674,0.0005001365789212286,0.0005738979671150446,0.01173606887459755,0.010186107829213142,0.011653736233711243,passive,0
21.3408,rehab,small_slow,128.58363458885407,-666.628019682612,196.8550488274881,-177.39262424465718,0.13578938389942127,-149.98715354791872,-1.0483,-0.0509,3.288,-10.1,-2.4343,16.4887,88.65725451176709,35.29776016084274,88.85649728302909,-36.33984883626302,-89.20943366156683,-31.548970540364582,-0.10882991375309406,-0.2176666259765625,-0.17940483470954516,0.3971608479817708,-0.0,-0.13570149739583334,2.0711,1.5803,1.1318,-0.04156,-0.00339,-0.03732,0.0008820138755254447,0.0009999937610700727,0.0009201358770951629,0.0005079067195765674,0.0005001365789212286,0.0005738979671150446,0.01173606887459755,0.010186107829213142,0.011653736233711243,passive,0
21.3607,rehab,small_slow,128.55544050658202,-666.6297140299142,196.93997461613216,-177.39222092854942,0.13548072586332943,-149.98653416778703,-1.1942,-0.0785,3.4492,-11.4376,-1.4819,16.7458,88.65480026396195,35.29097528740911,88.85269013961943,-36.329684787326386,-89.20942518446181,-31.551937527126736,-0.10882991375309406,-0.2720815828531095,-0.13547311915029395,0.410368177625868,-0.06785074869791667,-0.13570149739583334,2.1524,1.6102,1.1257,-0.03894,0.00861,-0.02902,0.0008820138755254447,0.0009999937610700727,0.0009201358770951629,0.0005079067195765674,0.0005001365789212286,0.0005738979671150446,0.01173606887459755,0.010186107829213142,0.011653736233711243,passive,0
21.381,rehab,small_slow,128.53201247002085,-666.6306075505112,196.9985465065836,-177.39214522951266,0.13539661839370426,-149.98625921149443,-1.4215,-0.0765,3.7122,-11.9933,-0.3955,18.1655,88.65276072284962,35.28618916426555,88.85016110864017,-36.32241990831163,-89.20940823025174,-31.554175482855904,-0.16324487062964108,-0.2720815828531095,-0.16912554750348083,0.474853515625,-0.0,-0.20355224609375,2.2251,1.5064,1.0234,-0.0504,0.0021,-0.03627,0.0008820138755254447,0.0009999937610700727,0.0009201358770951629,0.0005079067195765674,0.0005001365789212286,0.0005738979671150446,0.01173606887459755,0.010186107829213142,0.011653736233711243,passive,0
21.4007,rehab,small_slow,128.4938242227391,-666.6318429789092,197.0905999974868,-177.39222151891403,0.13538596357594657,-149.98600174264678,-1.7222,-0.0706,4.1733,-11.9225,0.406,19.279,88.64943627083656,35.27862926520923,88.84616360806002,-36.31071302625868,-89.20938279893663,-31.557634141710068,-0.16324487062964108,-0.32649653972965653,-0.18013227103960397,0.5089230007595485,0.06785074869791667,-0.20355224609375,2.1214,1.489,0.8481,-0.03308,-0.00026,-0.02866,0.0008820138755254447,0.0009999937610700727,0.0009201358770951629,0.0005079067195765674,0.0005001365789212286,0.0005738979671150446,0.01173606887459755,0.010186107829213142,0.011653736233711243,passive,0
21.4206,rehab,small_slow,128.46620733947785,-666.6327590446258,197.1565152831211,-177.39232581209228,0.13537701585289405,-149.98582153458415,-1.9699,-0.0555,4.6001,-10.7692,0.8923,18.5927,88.6470364107944,35.27321768279123,88.84328105662128,-36.302269829644096,-89.20939127604167,-31.56012641059028,-0.10882991375309406,-0.3809114966062036,-0.19646899534924195,0.5438147650824653,-0.0,-0.13570149739583334,2.3426,1.5446,1.4667,-0.01899,-0.00154,-0.03448,0.0008820138755254447,0.0009999937610700727,0.0009201358770951629,0.0005079067195765674,0.0005001365789212286,0.0005738979671150446,0.01173606887459755,0.010186107829213142,0.011653736233711243,passive,0
21.441,rehab,small_slow,128.420571923865,-666.6345474374539,197.26313026431848,-177.39238237954908,0.13534355914760327,-149.98571624601186,-2.2408,-0.0375,5.1547,-9.2337,1.1813,17.452,88.64306610409577,35.26447484988977,88.83864449982596,-36.28875732421875,-89.20936584472656,-31.56405978732639,-0.2176666259765625,-0.435333251953125,-0.15365902740176363,0.5529191758897569,-0.06785074869791667,-0.2714114718967014,2.1538,1.5885,1.2664,-0.03064,-0.00246,-0.02833,0.0008820138755254447,0.0009999937610700727,0.0009201358770951629,0.0005079067195765674,0.0005001365789212286,0.0005738979671150446,0.01173606887459755,0.010186107829213142,0.011653736233711243,passive,0
21.4607,rehab,small_slow,128.38571668169027,-666.6349197432864,197.3425646278005,-177.39217315619572,0.13516459078139256,-149.98583292708568,-2.3759,-0.0214,5.4914,-6.9039,1.2976,14.6553,88.64003398630878,35.25782594586363,88.83555799427599,-36.27922058105469,-89.2093488905165,-31.566874186197914,-0.2176666259765625,-0.489748208829672,-0.1984405517578125,0.6480492485894097,-0.0,-0.20355224609375,2.2387,1.5557,1.6806,-0.03576,0.0045,-0.03946,0.0008820138755254447,0.0009999937610700727,0.0009201358770951629,0.0005079067195765674,0.0005001365789212286,0.0005738979671150446,0.01173606887459755,0.010186107829213142,0.011653736233711243,passive,0
21.4807,rehab,small_slow,128.31640042771542,-666.6351992845028,197.50011417650387,-177.39103626650228,0.13439020784223077,-149.98627417813745,-2.4429,0.0014,5.6659,-3.4737,1.2943,9.1453,88.63400374308671,35.24455533169284,88.829928860806,-36.26155429416232,-89.20929802788628,-31.572274102105034,-0.2176666259765625,-0.489748208829672,-0.21757144739132117,0.6859673394097222,-0.0,-0.13570149739583334,2.1432,1.5258,0.9067,-0.03428,0.00563,-0.0351,0.0008820138755254447,0.0009999937610700727,0.0009201358770951629,0.0005079067195765674,0.0005001365789212286,0.0005738979671150446,0.01173606887459755,0.010186107829213142,0.011653736233711243,passive,0
21.5006,rehab,small_slow,128.27468819861446,-666.6349619462421,197.59768410366,-177.39023125377977,0.13385415241298004,-149.98652537155692,-2.4758,0.0329,5.709,-1.4833,1.1188,5.4883,88.63037335990678,35.23631558559909,88.82652962561882,-36.25079684787326,-89.20926411946614,-31.575537787543404,-0.2176666259765625,-0.489748208829672,-0.2174830672764542,0.6785074869791666,-0.0,-0.20355224609375,2.272,1.5464,1.6711,-0.04109,-0.0012,-0.03965,0.0008820138755254447,0.0009999937610700727,0.0009201358770951629,0.0005079067195765674,0.0005001365789212286,0.0005738979671150446,0.01173606887459755,0.010186107829213142,0.011653736233711243,passive,0
21.5209,rehab,small_slow,128.21306685033517,-666.6338686711258,197.74303642219326,-177.38971116146917,0.13347834856019475,-149.98645693779596,-2.5251,0.0613,5.8102,-2.2075,0.7261,6.2104,88.62500256831103,35.22400355575108,88.82120642331567,-36.23366461859809,-89.20919630262587,-31.58079359266493,-0.16324487062964108,-0.489748208829672,-0.21793856479153775,0.7683308919270833,0.06785074869791667,-0.20355224609375,2.2404,1.4642,1.2254,-0.0378,0.00339,-0.03653,0.0008820138755254447,0.0009999937610700727,0.0009201358770951629,0.0005079067195765674,0.0005001365789212286,0.0005738979671150446,0.01173606887459755,0.010186107829213142,0.011653736233711243,passive,0
21.5407,rehab,small_slow,128.1734401821677,-666.6325411947923,197.83640308873052,-177.39003356172495,0.13364476377852455,-149.98603326387297,-2.5825,0.0764,5.9912,-4.892,0.181,10.0827,88.62154214689048,35.21605614388343,88.81754204778387,-36.22159322102865,-89.20913696289062,-31.584548950195312,-0.2176666259765625,-0.489748208829672,-0.20950846152730507,0.7872941758897569,-0.0,-0.2714114718967014,2.1354,1.4587,1.5901,-0.04848,-0.00376,-0.04661,0.0008820138755254447,0.0009999937610700727,0.0009201358770951629,0.0005079067195765674,0.0005001365789212286,0.0005738979671150446,0.01173606887459755,0.010186107829213142,0.011653736233711243,passive,0
21.5607,rehab,small_slow,128.1328955273628,-666.6312919733256,197.92883117997678,-177.39065985445205,0.1340023295283117,-149.9855430854449,-2.5825,0.0734,6.0471,-9.1638,-0.5524,16.702,88.61800014382541,35.208183515189894,88.81377569519647,-36.2091318766276,-89.20906914605034,-31.588448418511284,-0.2176666259765625,-0.544163165706219,-0.236063286809638,0.8242034912109375,0.06785074869791667,-0.2714114718967014,2.5281,1.6078,1.4794,-0.01167,-0.01188,-0.04411,0.0008820138755254447,0.0009999937610700727,0.0009201358770951629,0.0005079067195765674,0.0005001365789212286,0.0005738979671150446,0.01173606887459755,0.010186107829213142,0.011653736233711243,passive,0
21.5808,rehab,small_slow,128.06661453645495,-666.628804951827,198.075104156386,-177.39164386396132,0.13453504264406926,-149.98491513514062,-2.7337,0.0529,6.3304,-13.5804,-1.2923,23.328,88.61221464553682,35.195626740408414,88.80800379384863,-36.18952433268229,-89.208984375,-31.594653659396702,-0.2176666259765625,-0.544163165706219,-0.27258466966081374,0.7977718777126735,-0.0,-0.339262220594618,2.5325,1.5189,1.0411,-0.00311,-0.00556,-0.03735,0.0008820138755254447,0.0009999937610700727,0.0009201358770951629,0.0005079067195765674,0.0005001365789212286,0.0005738979671150446,0.01173606887459755,0.010186107829213142,0.011653736233711243,passive,0
21.6011,rehab,small_slow,128.0182511848662,-666.6275919352174,198.18624479299314,-177.39155723948795,0.13446768912942272,-149.98472652186547,-3.1706,0.0186,7.0798,-16.4381,-1.6873,26.1371,88.60799279543433,35.186170068117654,88.80385672692024,-36.17591857910156,-89.20889960394965,-31.598917643229164,-0.2720815828531095,-0.5985781225827661,-0.25541173349512686,0.8251444498697916,0.06785074869791667,-0.20355224609375,2.5306,1.5995,1.2818,-0.00232,-0.00749,-0.0416,0.0008820138755254447,0.0009999937610700727,0.0009201358770951629,0.0005079067195765674,0.0005001365789212286,0.0005738979671150446,0.01173606887459755,0.010186107829213142,0.011653736233711243,passive,0
21.6206,rehab,small_slow,127.93817049651493,-666.6278682393316,198.3728075970437,-177.39041938869934,0.13374531327950118,-149.98457711132158,-3.6178,-0.0207,7.7839,-16.9364,-1.4637,24.8165,88.60101076635983,35.17054038472695,88.79692228713839,-36.15452236599392,-89.20876397026909,-31.60581800672743,-0.2720815828531095,-0.6529998779296875,-0.2503536715365873,0.9224022759331597,-0.0,-0.2714114718967014,2.4912,1.5716,1.367,-0.01527,-0.00658,-0.04227,0.0008820138755254447,0.0009999937610700727,0.0009201358770951629,0.0005079067195765674,0.0005001365789212286,0.0005738979671150446,0.01173606887459755,0.010186107829213142,0.011653736233711243,passive,0
21.6406,rehab,small_slow,127.88151295233521,-666.6284532150986,198.5015641780711,-177.3897491260893,0.13329458637709618,-149.9845202205063,-3.9682,-0.0588,8.2745,-15.2282,-0.7288,21.4651,88.59607507686803,35.1597784061243,88.79204098540957,-36.139560275607636,-89.20868767632378,-31.61064995659722,-0.2720815828531095,-0.7074148348062346,-0.32198235540106745,0.9609815809461806,-0.0,-0.2714114718967014,2.243,1.6188,1.5816,-0.0188,-0.00879,-0.03421,0.0008820138755254447,0.0009999937610700727,0.0009201358770951629,0.0005079067195765674,0.0005001365789212286,0.0005738979671150446,0.01173606887459755,0.010186107829213142,0.011653736233711243,passive,0
21.661,rehab,small_slow,127.7889767051018,-666.63088492522,198.6912641413336,-177.38936329172958,0.1330535708221122,-149.98483195259044,-4.3644,-0.0859,8.8589,-11.1978,0.2103,16.0566,88.58801209100402,35.143937970151995,88.78452187717551,-36.11646016438802,-89.20851813422308,-31.618152194552952,-0.32649653972965653,-0.7074148348062346,-0.32050028885945236,0.9913380940755208,-0.0,-0.339262220594618,2.241,1.4989,1.0074,-0.02216,0.00077,-0.03741,0.0008820138755254447,0.0009999937610700727,0.0009201358770951629,0.0005079067195765674,0.0005001365789212286,0.0005738979671150446,0.01173606887459755,0.010186107829213142,0.011653736233711243,passive,0
21.6805,rehab,small_slow,127.702433047404,-666.6327553124154,198.8529035594826,-177.3894476560072,0.13305971089926866,-149.98546821519176,-4.4468,-0.0723,8.8598,-5.3371,0.946,8.2679,88.58203623554493,35.13308761143448,88.77947061368735,-36.10039605034722,-89.20841640896268,-31.62346733940972,-0.3809114966062036,-0.7074148348062346,-0.34549826442605197,1.0035281711154513,-0.0,-0.339262220594618,2.3092,1.5978,1.4501,-0.03147,0.00164,-0.03688,0.0008820138755254447,0.0009999937610700727,0.0009201358770951629,0.0005079067195765674,0.0005001365789212286,0.0005738979671150446,0.01173606887459755,0.010186107829213142,0.011653736233711243,passive,0
21.701,rehab,small_slow,127.59189667880955,-666.6343930037091,199.06539534144736,-177.38880357078256,0.13265343988122938,-149.986462614608,-4.409,-0.0186,8.7193,-1.3794,1.2205,3.5451,88.57243679537632,35.11536399916847,88.77172715593092,-36.075236002604164,-89.20826382107205,-31.63175794813368,-0.3809114966062036,-0.7618297916827815,-0.32064305673731436,1.0475921630859375,0.06785074869791667,-0.339262220594618,2.3108,1.5332,1.2256,-0.03666,-0.00139,-0.03792,0.0008820138755254447,0.0009999937610700727,0.0009201358770951629,0.0005079067195765674,0.0005001365789212286,0.0005738979671150446,0.01173606887459755,0.010186107829213142,0.011653736233711243,passive,0
21.7209,rehab,small_slow,127.51763112306503,-666.6353369678985,199.2117460037325,-177.38833634965093,0.13232723193154022,-149.98697644197014,-4.4194,0.0323,8.8654,-1.4775,0.9716,4.5059,88.56598504699103,35.1029635892056,88.76628158116104,-36.05796813964844,-89.20813666449652,-31.637496948242188,-0.32649653972965653,-0.7618297916827815,-0.37736269507077663,1.0623931884765625,-0.0,-0.339262220594618,2.3845,1.4554,1.4561,-0.02744,-0.00811,-0.0388,0.0008820138755254447,0.0009999937610700727,0.0009201358770951629,0.0005079067195765674,0.0005001365789212286,0.0005738979671150446,0.01173606887459755,0.010186107829213142,0.011653736233711243,passive,0
21.7409,rehab,small_slow,127.41142265602367,-666.6347059300128,199.42941660424424,-177.38833250200472,0.13231834762118855,-149.9868638292358,-4.4036,0.0598,9.0337,-3.2063,0.407,7.1679,88.55661675481512,35.08447854825766,88.75804863353767,-36.03115505642361,-89.20793321397569,-31.646508110894096,-0.32649653972965653,-0.7618297916827815,-0.3429556365060334,1.1121283637152777,0.06785074869791667,-0.4071129692925347,2.4154,1.4669,1.1682,-0.01916,-0.012,-0.04035,0.0008820138755254447,0.0009999937610700727,0.0009201358770951629,0.0005079067195765674,0.0005001365789212286,0.0005738979671150446,0.01173606887459755,0.010186107829213142,0.011653736233711243,passive,0
21.7607,rehab,small_slow,127.34256065723521,-666.6316666934733,199.57407707688154,-177.3889281662107,0.13266413534690544,-149.9863802811952,-4.3678,0.0559,9.073,-6.7638,-0.2968,12.505,88.54910444505144,35.068889655689205,88.75133854327815,-36.00785997178819,-89.207763671875,-31.65434095594618,-0.3809114966062036,-0.8162515470297029,-0.3293383003461479,1.2483723958333333,-0.06785074869791667,-0.4071129692925347,2.4349,1.5594,1.7231,-0.01604,-0.00901,-0.04198,0.0008820138755254447,0.0009999937610700727,0.0009201358770951629,0.0005079067195765674,0.0005001365789212286,0.0005738979671150446,0.01173606887459755,0.010186107829213142,0.011653736233711243,passive,0
21.7809,rehab,small_slow,127.27219518986988,-666.627665171776,199.72537696391655,-177.38940857852293,0.1329468877809421,-149.98567810523977,-4.584,0.0151,9.3848,-11.7359,-0.9366,19.5143,88.54295182936262,35.055741413985146,88.74590656544902,-35.988549126519096,-89.20761108398438,-31.660987006293404,-0.3809114966062036,-0.8162515470297029,-0.36868104840269184,1.188744439019097,0.06785074869791667,-0.4749637179904514,2.3313,1.5743,1.6142,-0.02725,-0.00136,-0.04025,0.0008820138755254447,0.0009999937610700727,0.0009201358770951629,0.0005079067195765674,0.0005001365789212286,0.0005738979671150446,0.01173606887459755,0.010186107829213142,0.011653736233711243,passive,0
21.8007,rehab,small_slow,127.15799068462164,-666.6271465745073,199.96731674019674,-177.38902341992647,0.1326992638051947,-149.98512814235465,-5.0763,-0.0381,10.0667,-15.3231,-1.1216,23.1704,88.53472568020962,35.038745238049195,88.73833306945197,-35.96406724717882,-89.20740763346355,-31.66947258843316,-0.435333251953125,-0.87066650390625,-0.3620797336691677,1.2780507405598958,-0.0,-0.4749637179904514,2.2915,1.65,1.6215,-0.03509,-0.00239,-0.04077,0.0008820138755254447,0.0009999937610700727,0.0009201358770951629,0.0005079067195765674,0.0005001365789212286,0.0005738979671150446,0.01173606887459755,0.010186107829213142,0.011653736233711243,passive,0
21.8205,rehab,small_slow,127.07268976973387,-666.6298837054534,200.1376665743996,-177.38832649014475,0.13226754670847932,-149.98543976241172,-5.3796,-0.0585,10.4538,-16.4861,-0.8571,23.4177,88.52747851079053,35.02469959825572,88.73170456083695,-35.9440188937717,-89.20724656846788,-31.676347520616318,-0.489748208829672,-0.87066650390625,-0.42378944925742573,1.2786017523871527,-0.0,-0.4749637179904514,2.318,1.5499,1.7177,-0.04223,0.00147,-0.04869,0.0008820138755254447,0.0009999937610700727,0.0009201358770951629,0.0005079067195765674,0.0005001365789212286,0.0005738979671150446,0.01173606887459755,0.010186107829213142,0.011653736233711243,passive,0
21.8409,rehab,small_slow,126.93376405022056,-666.6342052167759,200.39651500531735,-177.38779260136567,0.13196087186507566,-149.9865694134507,-5.6448,-0.052,10.873,-15.2211,-0.3469,22.0074,88.51553359834274,35.00312125328744,88.7214728629235,-35.91270446777344,-89.20698377821181,-31.686926947699654,-0.489748208829672,-0.9250814607827971,-0.4392423724183942,1.3030666775173612,0.06785074869791667,-0.4749637179904514,2.3618,1.4662,1.6692,-0.04176,-0.00616,-0.04529,0.0008820138755254447,0.0009999937610700727,0.0009201358770951629,0.0005079067195765674,0.0005001365789212286,0.0005738979671150446,0.01173606887459755,0.010186107829213142,0.011653736233711243,passive,0
21.861,rehab,small_slow,126.83790429244459,-666.6365471853765,200.5690788984264,-177.3878038139615,0.13196123768236354,-149.98739535293217,-5.9924,-0.045,11.4518,-11.0114,0.2658,17.6528,88.50510474478844,34.98493534503597,88.71307675201113,-35.88588290744357,-89.20677185058594,-31.69600592719184,-0.544163165706219,-0.87066650390625,-0.42171591579323947,1.3453759087456596,-0.0,-0.4749637179904514,2.4302,1.559,1.5584,-0.03416,0.00034,-0.04181,0.0008820138755254447,0.0009999937610700727,0.0009201358770951629,0.0005079067195765674,0.0005001365789212286,0.0005738979671150446,0.01173606887459755,0.010186107829213142,0.011653736233711243,passive,0
21.881,rehab,small_slow,126.67446785395217,-666.6391047929853,200.86887771031942,-177.38875529257697,0.13255555330179467,-149.9879245430235,-6.2372,-0.0278,11.8198,-5.2757,0.7136,10.5406,88.49282670729231,34.963295813834314,88.70265469692721,-35.85270351833767,-89.2064921061198,-31.707365247938366,-0.489748208829672,-0.9250814607827971,-0.45432817817914606,1.421593560112847,-0.0,-0.4749637179904514,2.3446,1.3817,1.1653,-0.03503,0.00236,-0.04589,0.0008820138755254447,0.0009999937610700727,0.0009201358770951629,0.0005079067195765674,0.0005001365789212286,0.0005738979671150446,0.01173606887459755,0.010186107829213142,0.011653736233711243,passive,0
21.9009,rehab,small_slow,126.58658571640943,-666.6349925488298,201.0476448658664,-177.38943634577882,0.13297100091873976,-149.98734640754313,-6.28,-0.0134,11.8747,-1.8046,0.6864,5.041,88.48509004800627,34.948080837136445,88.69603978525294,-35.829764472113716,-89.20628865559895,-31.715282864040798,-0.489748208829672,-0.9250814607827971,-0.3925096870648979,1.4563327365451388,-0.0,-0.4749637179904514,2.4805,1.4983,1.4652,-0.02271,-0.00697,-0.04902,0.0008820138755254447,0.0009999937610700727,0.0009201358770951629,0.0005079067195765674,0.0005001365789212286,0.0005738979671150446,0.01173606887459755,0.010186107829213142,0.011653736233711243,passive,0
21.9206,rehab,small_slow,126.45201363563055,-666.6304310263598,201.32280919356086,-177.39030054331826,0.13355207654277837,-149.98635326119552,-6.2322,-0.0107,11.904,-1.59,0.3449,4.0784,88.4734578651957,34.9244493541151,88.68588966898399,-35.79462687174479,-89.20596652560764,-31.727540757921005,-0.544163165706219,-0.979496417659344,-0.46868654760983913,1.447999742296007,0.06785074869791667,-0.4749637179904514,2.5075,1.4708,1.5398,-0.02901,-0.00488,-0.05291,0.0008820138755254447,0.0009999937610700727,0.0009201358770951629,0.0005079067195765674,0.0005001365789212286,0.0005738979671150446,0.01173606887459755,0.010186107829213142,0.011653736233711243,passive,0
21.9405,rehab,small_slow,126.35058320194162,-666.6320168556394,201.51305900472627,-177.39048876574114,0.1336657256922283,-149.98630837147246,-6.1313,0.0015,11.902,-1.5215,0.1248,4.3553,88.46482380782024,34.908506941087175,88.67835696380918,-35.77058580186632,-89.20574612087674,-31.736136542426216,-0.544163165706219,-0.979496417659344,-0.5052487212832611,1.5364244249131944,0.06785074869791667,-0.5428229437934028,2.5356,1.603,1.4223,-0.01033,-0.01493,-0.044,0.0008820138755254447,0.0009999937610700727,0.0009201358770951629,0.0005079067195765674,0.0005001365789212286,0.0005738979671150446,0.01173606887459755,0.010186107829213142,0.011653736233711243,passive,0
21.9605,rehab,small_slow,126.18629249333246,-666.6359752411448,201.8182051392457,-177.38975947088852,0.13323475833128764,-149.9870512049643,-6.0967,0.0108,11.8969,-2.9979,0.1064,8.2837,88.45064899708964,34.88325742211672,88.66648003606512,-35.73375278049045,-89.20539855957031,-31.74923366970486,-0.5985781225827661,-1.0883331298828125,-0.5296144391050434,1.5608893500434027,0.06785074869791667,-0.5428229437934028,2.5122,1.4733,1.4721,-0.01789,-0.02012,-0.04466,0.0008820138755254447,0.0009999937610700727,0.0009201358770951629,0.0005079067195765674,0.0005001365789212286,0.0005738979671150446,0.01173606887459755,0.010186107829213142,0.011653736233711243,passive,0
21.9807,rehab,small_slow,126.07656295220367,-666.6378080257306,202.0241558712305,-177.3895283096113,0.13309469951325842,-149.98742421220823,-6.2613,0.0013,12.0567,-8.9307,0.2294,19.8235,88.44104955692103,34.865941718073174,88.6585258257271,-35.7085927327474,-89.20519510904948,-31.758193969726562,-0.5985781225827661,-1.0883331298828125,-0.5166633530418472,1.6181437174479165,-0.0,-0.5428229437934028,2.5752,1.4303,1.4944,-0.02126,-0.01728,-0.04671,0.0008820138755254447,0.0009999937610700727,0.0009201358770951629,0.0005079067195765674,0.0005001365789212286,0.0005738979671150446,0.01173606887459755,0.010186107829213142,0.011653736233711243,passive,0
22.0007,rehab,small_slow,125.97144718197703,-666.6390748522285,202.2293825834686,-177.3896326243334,0.13315867496591985,-149.9870588124266,-6.605,-0.0145,12.5814,-14.498,0.4036,28.8837,88.43175604791925,34.84884356508161,88.65027928116298,-35.682873196072045,-89.20494927300346,-31.76733228895399,-0.544163165706219,-1.0883331298828125,-0.5246787496132426,1.6486104329427083,-0.0,-0.5428229437934028,2.6425,1.4105,1.6382,-0.00958,-0.00962,-0.04344,0.0008820138755254447,0.0009999937610700727,0.0009201358770951629,0.0005079067195765674,0.0005001365789212286,0.0005738979671150446,0.01173606887459755,0.010186107829213142,0.011653736233711243,passive,0
22.0208,rehab,small_slow,125.81468599017646,-666.6350223651258,202.54997403425153,-177.38964493382946,0.13319033322912466,-149.9861433401541,-6.9753,-0.0049,13.4421,-17.0577,0.329,31.4939,88.41815910717048,34.821792451461945,88.63812361613358,-35.64343770345052,-89.20459323459201,-31.78145514594184,-0.544163165706219,-1.0883331298828125,-0.5140799342995823,1.6909959581163194,-0.0,-0.6106736924913194,2.5576,1.3858,1.4865,-0.01819,-0.01442,-0.04275,0.0008820138755254447,0.0009999937610700727,0.0009201358770951629,0.0005079067195765674,0.0005001365789212286,0.0005738979671150446,0.01173606887459755,0.010186107829213142,0.011653736233711243,passive,0
22.0405,rehab,small_slow,125.70336529281059,-666.6311955269199,202.76432394200233,-177.39017970159242,0.13354648309512973,-149.98592817135452,-7.0657,0.0252,13.7912,-16.3614,0.0931,29.3355,88.40858006241298,34.803219030399134,88.63035296449567,-35.61624315049913,-89.20433044433594,-31.791085137261284,-0.6529998779296875,-1.1427480867593596,-0.5105991174678991,1.7049662272135415,-0.0,-0.6106736924913194,2.4451,1.4615,2.0551,-0.02775,-0.00701,-0.05295,0.0008820138755254447,0.0009999937610700727,0.0009201358770951629,0.0005079067195765674,0.0005001365789212286,0.0005738979671150446,0.01173606887459755,0.010186107829213142,0.011653736233711243,passive,0
22.0616,rehab,small_slow,125.52038058487514,-666.6326587593202,203.1003220884683,-177.38989983502364,0.13337448979746164,-149.98648993019577,-7.7138,0.0412,15.0042,-13.862,0.0341,24.5012,88.39286879737779,34.77516174316406,88.6176874141882,-35.57512071397569,-89.20393202039931,-31.805860731336804,-0.7618297916827815,-1.251584798982828,-0.563368844513846,1.7090606689453125,-0.0,-0.6106736924913194,2.3086,1.5149,1.7184,-0.03709,-0.0123,-0.04449,0.0008820138755254447,0.0009999937610700727,0.0009201358770951629,0.0005079067195765674,0.0005001365789212286,0.0005738979671150446,0.01173606887459755,0.010186107829213142,0.011653736233711243,passive,0
22.0808,rehab,small_slow,125.39442485938851,-666.6336838419274,203.33722538247116,-177.38914190678742,0.1329345534581838,-149.98689314486882,-8.1154,0.0461,15.6036,-9.6955,0.1915,15.1895,88.38184847690091,34.755283015789374,88.60881541034962,-35.54691738552517,-89.2037116156684,-31.816151936848957,-0.7074148348062346,-1.251584798982828,-0.5640758854327815,1.804868910047743,-0.0,-0.678524441189236,2.553,1.5047,1.9163,-0.01668,-0.01105,-0.04598,0.0008820138755254447,0.0009999937610700727,0.0009201358770951629,0.0005079067195765674,0.0005001365789212286,0.0005738979671150446,0.01173606887459755,0.010186107829213142,0.011653736233711243,passive,0
22.101,rehab,small_slow,125.1848392120408,-666.637022618394,203.75563114919876,-177.38788482403714,0.1321435916598315,-149.98635880475632,-7.9975,0.024,15.1262,-4.1908,0.2665,1.3609,88.36085480038483,34.71552556103999,88.58985447647548,-35.489400227864586,-89.20316908094618,-31.836988661024304,-0.6529998779296875,-1.305999755859375,-0.6038877279451578,1.9181654188368056,-0.0,-0.678524441189236,2.3755,1.3375,1.5899,-0.02618,-0.00597,-0.04367,0.0008820138755254447,0.0009999937610700727,0.0009201358770951629,0.0005079067195765674,0.0005001365789212286,0.0005738979671150446,0.01173606887459755,0.010186107829213142,0.011653736233711243,passive,0
22.1208,rehab,small_slow,125.06481777404005,-666.6341025360387,203.9980876637453,-177.3876209846166,0.13201671198012505,-149.98587768998874,-8.0301,-0.0066,15.0915,-2.0879,0.0021,-5.1664,88.35036476059716,34.69491259886487,88.58081930934793,-35.45976426866319,-89.20287238226996,-31.847635904947914,-0.6529998779296875,-1.305999755859375,-0.5345229347153465,1.823883056640625,0.06785074869791667,-0.6106736924913194,2.3644,1.4009,2.0077,-0.02914,-0.00899,-0.04628,0.0008820138755254447,0.0009999937610700727,0.0009201358770951629,0.0005079067195765674,0.0005001365789212286,0.0005738979671150446,0.01173606887459755,0.010186107829213142,0.011653736233711243,passive,0
22.141,rehab,small_slow,124.86926553161189,-666.6306370136958,204.35365863931136,-177.38837982950636,0.13247063000192685,-149.9859109370065,-8.0282,0.0054,15.0295,-0.8296,-0.2749,-7.1329,88.33329380148709,34.66444865311726,88.56746031506226,-35.414623684353295,-89.2024654812283,-31.864183213975693,-0.7074148348062346,-1.305999755859375,-0.5976263367303527,1.9431644015842013,-0.0,-0.678524441189236,2.403,1.4561,1.3459,-0.01355,-0.00192,-0.04489,0.0008820138755254447,0.0009999937610700727,0.0009201358770951629,0.0005079067195765674,0.0005001365789212286,0.0005738979671150446,0.01173606887459755,0.010186107829213142,0.011653736233711243,passive,0
22.1607,rehab,small_slow,124.73160157015722,-666.6300608612574,204.598183841649,-177.38870292050962,0.13267428925025984,-149.9860847791481,-8.0811,0.0406,14.9571,-3.2802,-0.1938,-0.5035,88.32128090433555,34.64364533377166,88.55809882135675,-35.38377549913194,-89.20216878255208,-31.875686645507812,-0.7618297916827815,-1.360414712735922,-0.5677062686127011,1.9976976182725694,0.06785074869791667,-0.7463751898871528,2.4583,1.5339,1.7105,-0.01953,-0.00817,-0.04619,0.0008820138755254447,0.0009999937610700727,0.0009201358770951629,0.0005079067195765674,0.0005001365789212286,0.0005738979671150446,0.01173606887459755,0.010186107829213142,0.011653736233711243,passive,0
22.1807,rehab,small_slow,124.59474783308788,-666.6296409697411,204.84240598134627,-177.3891719877815,0.13291331116130645,-149.98581042162053,-7.9511,0.0607,14.4846,-10.3946,0.1239,14.3729,88.31232052038212,34.62799525496983,88.55105560604889,-35.36048889160156,-89.20197380913628,-31.884545220269096,-0.7618297916827815,-1.251584798982828,-0.5985645256420173,1.9472418891059027,-0.06785074869791667,-0.8142344156901041,2.3944,1.5995,1.9744,-0.01538,-0.00576,-0.04208,0.0008820138755254447,0.0009999937610700727,0.0009201358770951629,0.0005079067195765674,0.0005001365789212286,0.0005738979671150446,0.01173606887459755,0.010186107829213142,0.011653736233711243,passive,0
22.201,rehab,small_slow,124.39304102426907,-666.6339999183263,205.21665600125456,-177.389505785583,0.13313840718852674,-149.98488090626574,-8.3127,0.0277,14.9943,-15.8167,0.271,24.3974,88.29464449740873,34.59726616887763,88.53543272112856,-35.31305948893229,-89.20152452256944,-31.902550591362846,-0.7074148348062346,-1.305999755859375,-0.6347119926226021,1.9323815239800346,-0.0,-0.7463751898871528,2.3816,1.5087,1.8265,-0.02329,-0.00728,-0.04617,0.0008820138755254447,0.0009999937610700727,0.0009201358770951629,0.0005079067195765674,0.0005001365789212286,0.0005738979671150446,0.01173606887459755,0.010186107829213142,0.011653736233711243,passive,0
22.2206,rehab,small_slow,124.255490417571,-666.6323709087433,205.47286580750347,-177.38976978772828,0.13330956716669992,-149.98449651134163,-8.8345,-0.0132,15.9591,-19.6811,-0.0693,31.3618,88.28277436813505,34.57554505603148,88.52527580638923,-35.28089735243056,-89.20119391547308,-31.914596557617188,-0.7618297916827815,-1.305999755859375,-0.6064847436281714,2.034310234917535,-0.0,-0.8142344156901041,2.4458,1.5594,1.5963,-0.00808,-0.00159,-0.03985,0.0008820138755254447,0.0009999937610700727,0.0009201358770951629,0.0005079067195765674,0.0005001365789212286,0.0005738979671150446,0.01173606887459755,0.010186107829213142,0.011653736233711243,passive,0
22.2409,rehab,small_slow,124.04187855182789,-666.6288537434004,205.85480646010728,-177.39109083564472,0.1341268757946924,-149.98428655701488,-9.2214,0.0061,16.7162,-22.7561,-0.5209,37.6689,88.264214544013,34.54319793399018,88.51059790885094,-35.23155212402344,-89.20072767469618,-31.93291558159722,-0.7618297916827815,-1.4148296696124691,-0.634317681340888,2.079764472113715,-0.0,-0.7463751898871528,2.3339,1.5709,1.4349,-0.01396,-0.00656,-0.03917,0.0008820138755254447,0.0009999937610700727,0.0009201358770951629,0.0005079067195765674,0.0005001365789212286,0.0005738979671150446,0.01173606887459755,0.010186107829213142,0.011653736233711243,passive,0
22.2609,rehab,small_slow,123.89453882821708,-666.6262572069575,206.12370176814977,-177.3912498526993,0.13419750427518096,-149.9842383804507,-9.9028,0.0357,17.87,-23.5578,-0.4802,39.334,88.2482109447517,34.51469874618077,88.49796635089534,-35.1898193359375,-89.20035468207465,-31.94849650065104,-0.87066650390625,-1.4148296696124691,-0.6285661754041615,2.100957234700521,0.06785074869791667,-0.8142344156901041,2.3149,1.5477,1.8584,-0.01689,-0.00847,-0.04229,0.0008820138755254447,0.0009999937610700727,0.0009201358770951629,0.0005079067195765674,0.0005001365789212286,0.0005738979671150446,0.01173606887459755,0.010186107829213142,0.011653736233711243,passive,0
22.2807,rehab,small_slow,123.66606298842306,-666.6297816064293,206.5277872131379,-177.39159426245536,0.13437398761330427,-149.98415482781724,-10.1598,0.0322,18.1398,-19.0155,-0.1031,30.4521,88.23161587856784,34.486607466593824,88.48424023920947,-35.147179497612846,-89.19996473524306,-31.96467081705729,-0.8162515470297029,-1.360414712735922,-0.7080674879621751,2.1391805013020835,-0.06785074869791667,-0.8820851643880208,2.3305,1.4946,1.3842,-0.00924,-0.00773,-0.03812,0.0008820138755254447,0.0009999937610700727,0.0009201358770951629,0.0005079067195765674,0.0005001365789212286,0.0005738979671150446,0.01173606887459755,0.010186107829213142,0.011653736233711243,passive,0
22.3008,rehab,small_slow,123.46395905204479,-666.6322726853499,206.8878122840073,-177.39067189328492,0.13382044706080837,-149.98471786485555,-10.4518,-0.0039,18.5444,-10.5502,-0.0613,13.4639,88.2141913989983,34.45699332964302,88.47001104071589,-35.10392083062066,-89.19954087999132,-31.981226603190102,-0.8162515470297029,-1.5236663818359375,-0.6811047544573793,2.182328965928819,-0.0,-0.8142344156901041,2.3035,1.4065,2.0088,-0.0209,-0.02014,-0.04651,0.0008820138755254447,0.0009999937610700727,0.0009201358770951629,0.0005079067195765674,0.0005001365789212286,0.0005738979671150446,0.01173606887459755,0.010186107829213142,0.011653736233711243,passive,0
22.3208,rehab,small_slow,123.22189927257487,-666.6294918106455,207.321659257296,-177.39025500488677,0.1335464471100968,-149.98502386104033,-10.8534,-0.033,19.1882,-4.9597,-0.5107,0.9749,88.19308214848584,34.420437954439976,88.45372190569887,-35.05092196994357,-89.19903225368924,-32.001444498697914,-0.87066650390625,-1.5780813387124846,-0.6366631536200495,2.198494805230035,0.06785074869791667,-0.8820851643880208,2.243,1.6278,1.7956,-0.00321,-0.00812,-0.03774,0.0008820138755254447,0.0009999937610700727,0.0009201358770951629,0.0005079067195765674,0.0005001365789212286,0.0005738979671150446,0.01173606887459755,0.010186107829213142,0.011653736233711243,passive,0
22.341,rehab,small_slow,123.05461510476515,-666.625985160395,207.62029864999516,-177.38987705355706,0.13328439984875873,-149.98549775722657,-10.8335,-0.019,19.0025,-2.3437,-0.8389,-5.8543,88.17868298823291,34.3949028997138,88.44284435309986,-35.01480950249566,-89.19870164659288,-32.01507568359375,-0.9250814607827971,-1.5780813387124846,-0.6806900477645421,2.2599199083116317,0.06785074869791667,-0.8820851643880208,2.232,1.5176,1.3961,-0.01012,-0.00879,-0.03566,0.0008820138755254447,0.0009999937610700727,0.0009201358770951629,0.0005079067195765674,0.0005001365789212286,0.0005738979671150446,0.01173606887459755,0.010186107829213142,0.011653736233711243,passive,0
22.3609,rehab,small_slow,122.78986633605223,-666.6306909569831,208.0702473722654,-177.38904899009282,0.1327422477208357,-149.98651514719526,-10.7838,-0.0025,18.7347,-3.4042,-0.8314,-5.8221,88.155676964486,34.357524909595455,88.42531109800433,-34.96009826660156,-89.19815063476562,-32.03640407986111,-1.0339181730062654,-1.5236663818359375,-0.7674385297416461,2.324498494466146,-0.0,-0.9499359130859375,2.0857,1.6409,1.9006,-0.02729,-0.00323,-0.03598,0.0008820138755254447,0.0009999937610700727,0.0009201358770951629,0.0005079067195765674,0.0005001365789212286,0.0005738979671150446,0.01173606887459755,0.010186107829213142,0.011653736233711243,passive,0
22.3809,rehab,small_slow,122.61594192210671,-666.6324926757566,208.3767100806958,-177.38836659653924,0.1323183543916927,-149.9866590944113,-10.4884,-0.03,18.0098,-5.765,-0.7378,-3.3221,88.14041439849551,34.33188787781366,88.41310104521195,-34.92276509602865,-89.19777764214409,-32.05096774631076,-0.9250814607827971,-1.6325030940594059,-0.7406185641147123,2.4132707383897567,-0.06785074869791667,-0.8820851643880208,2.2448,1.6587,2.4969,-0.00917,-0.01901,-0.0356,0.0008820138755254447,0.0009999937610700727,0.0009201358770951629,0.0005079067195765674,0.0005001365789212286,0.0005738979671150446,0.01173606887459755,0.010186107829213142,0.011653736233711243,passive,0
22.401,rehab,small_slow,122.35218443220533,-666.6321182713978,208.8339940587244,-177.38821672383222,0.13220514016100746,-149.98695096124226,-10.6472,-0.0765,17.9261,-7.9775,-0.707,0.2707,88.11761912733022,34.29361248960589,88.39513948648283,-34.86621432834201,-89.19720967610677,-32.07302517361111,-1.0339181730062654,-1.6325030940594059,-0.7168307162747525,2.339842054578993,-0.0,-0.9499359130859375,2.141,1.5011,1.8342,-0.02363,-0.00567,-0.03802,0.0008820138755254447,0.0009999937610700727,0.0009201358770951629,0.0005079067195765674,0.0005001365789212286,0.0005738979671150446,0.01173606887459755,0.010186107829213142,0.011653736233711243,passive,0
22.4209,rehab,small_slow,122.16781379848732,-666.6302254021659,209.13625782853362,-177.38864053306747,0.13249391347674097,-149.98740660764855,-11.1826,-0.085,18.5257,-13.1878,-0.7236,11.9292,88.1015679387763,34.267499564897896,88.38367726543161,-34.828126695421005,-89.19683668348524,-32.088097466362846,-0.979496417659344,-1.5780813387124846,-0.7184623491646039,2.3717498779296875,0.06785074869791667,-1.0177951388888888,2.1517,1.6004,2.0912,-0.03057,-0.00477,-0.03503,0.0008820138755254447,0.0009999937610700727,0.0009201358770951629,0.0005079067195765674,0.0005001365789212286,0.0005738979671150446,0.01173606887459755,0.010186107829213142,0.011653736233711243,passive,0
22.4408,rehab,small_slow,121.98342958660619,-666.632820276885,209.43715457883607,-177.38924499732806,0.13285579928819974,-149.98750665385066,-11.5817,-0.0842,19.0261,-17.9983,-0.3104,25.9064,88.08146486187925,34.236179011883124,88.36827873003365,-34.77984110514323,-89.19631110297308,-32.10750155978732,-1.0339181730062654,-1.5780813387124846,-0.8135865466429455,2.442957560221354,0.06785074869791667,-1.0177951388888888,2.2505,1.7486,2.2041,-0.01308,-0.0058,-0.03807,0.0008820138755254447,0.0009999937610700727,0.0009201358770951629,0.0005079067195765674,0.0005001365789212286,0.0005738979671150446,0.01173606887459755,0.010186107829213142,0.011653736233711243,passive,0
22.4606,rehab,small_slow,121.70840950755661,-666.6378300494675,209.89594019958085,-177.3899168190297,0.13324438191956564,-149.98731810032103,-11.9564,-0.0967,19.5708,-19.4235,0.704,36.1076,88.06157933603419,34.20438936441251,88.35211196748337,-34.730987548828125,-89.195802476671,-32.127109103732636,-0.979496417659344,-1.5236663818359375,-0.7919810077931622,2.455418904622396,-0.0,-0.9499359130859375,2.0896,1.6867,2.1359,-0.02194,-0.01039,-0.03216,0.0008820138755254447,0.0009999937610700727,0.0009201358770951629,0.0005079067195765674,0.0005001365789212286,0.0005738979671150446,0.01173606887459755,0.010186107829213142,0.011653736233711243,passive,0
22.4805,rehab,small_slow,121.51311622050359,-666.6404499475384,210.20374764453598,-177.39050731547016,0.13363141383816476,-149.98812225230893,-12.0685,-0.0802,19.888,-14.9543,1.5619,36.5441,88.0446987340946,34.178997077564205,88.33943961870553,-34.69146728515625,-89.19537862141927,-32.14286804199219,-1.0883331298828125,-1.6325030940594059,-0.7808859041421721,2.490819295247396,-0.0,-1.0177951388888888,2.1866,1.6292,2.3543,-0.01309,-0.00827,-0.03633,0.0008820138755254447,0.0009999937610700727,0.0009201358770951629,0.0005079067195765674,0.0005001365789212286,0.0005738979671150446,0.01173606887459755,0.010186107829213142,0.011653736233711243,passive,0
22.501,rehab,small_slow,121.17391443075962,-666.6379082095559,210.75706103103266,-177.39178375920105,0.13444517546836346,-149.98861987897783,-12.4938,-0.046,20.9264,-5.4172,1.889,25.9222,88.01490783691406,34.132230399858834,88.31775249821125,-34.62080213758681,-89.19460720486111,-32.17108832465278,-0.979496417659344,-1.686918050935953,-0.832785426980198,2.542105780707465,-0.0,-1.0177951388888888,2.2795,1.6218,1.8829,-0.01137,-0.00924,-0.03743,0.0008820138755254447,0.0009999937610700727,0.0009201358770951629,0.0005079067195765674,0.0005001365789212286,0.0005738979671150446,0.01173606887459755,0.010186107829213142,0.011653736233711243,passive,0
22.5205,rehab,small_slow,120.98092925148919,-666.6399887046723,211.09057448582237,-177.39134930372424,0.13418489396077962,-149.9883490652826,-12.7204,0.0028,21.7364,1.1711,2.0277,14.2626,87.9982855768487,34.104886952013075,88.30424393757735,-34.579857720269096,-89.19417487250433,-32.187694973415795,-1.0883331298828125,-1.6325030940594059,-0.8705917207321318,2.596299913194444,0.06785074869791667,-1.0177951388888888,2.1428,1.5953,1.6808,-0.00131,-0.01281,-0.03326,0.0008820138755254447,0.0009999937610700727,0.0009201358770951629,0.0005079067195765674,0.0005001365789212286,0.0005738979671150446,0.01173606887459755,0.010186107829213142,0.011653736233711243,passive,0
22.5411,rehab,small_slow,120.68693898777018,-666.643662219933,211.5931349899496,-177.39078804655847,0.1338673662796868,-149.98809382257915,-12.6447,0.0801,22.0668,2.6924,1.9321,5.4775,87.97251257565942,34.06355905060721,88.28335223811688,-34.51755947536892,-89.19348822699652,-32.212863498263886,-1.0339181730062654,-1.7413330078125,-0.8418001986966275,2.606065538194444,-0.0,-1.0177951388888888,2.0539,1.5036,1.4842,-0.02084,-0.00624,-0.03068,0.0008820138755254447,0.0009999937610700727,0.0009201358770951629,0.0005079067195765674,0.0005001365789212286,0.0005738979671150446,0.01173606887459755,0.010186107829213142,0.011653736233711243,passive,0
22.5608,rehab,small_slow,120.4978399069034,-666.6372527805547,211.93768409297164,-177.39056768636155,0.133720699429439,-149.9870025797963,-12.4496,0.114,22.0043,1.35,1.0953,-1.8842,87.95591071100519,34.03449558975673,88.27017000406096,-34.47530958387587,-89.19303046332465,-32.22991943359375,-1.0339181730062654,-1.795747964689047,-0.8249059998162902,2.562315199110243,0.06785074869791667,-1.0856458875868056,2.0522,1.4333,1.1071,-0.0096,-0.00605,-0.02627,0.0008820138755254447,0.0009999937610700727,0.0009201358770951629,0.0005079067195765674,0.0005001365789212286,0.0005738979671150446,0.01173606887459755,0.010186107829213142,0.011653736233711243,passive,0
22.5809,rehab,small_slow,120.20068340506211,-666.6325543763982,212.46322388682935,-177.38964808170908,0.13314113487965193,-149.98609143427737,-12.0351,0.098,21.2397,-1.6217,-0.0729,-8.6839,87.93026008228264,33.9906114634901,88.2501213149269,-34.411231146918404,-89.19234381781683,-32.25602891710069,-1.0883331298828125,-1.8501697200359684,-0.8712103815362005,2.7016109890407987,0.06785074869791667,-1.153496636284722,1.8508,1.5887,1.7466,-0.01267,-0.00087,-0.02228,0.0008820138755254447,0.0009999937610700727,0.0009201358770951629,0.0005079067195765674,0.0005001365789212286,0.0005738979671150446,0.01173606887459755,0.010186107829213142,0.011653736233711243,passive,0
22.601,rehab,small_slow,119.99625395710173,-666.6342414878734,212.82299234877843,-177.38826692704677,0.13229864294493493,-149.98554123316208,-12.0417,0.0973,20.7335,-8.1228,-0.9695,-8.3534,87.9123325159054,33.96084776019106,88.23556578985536,-34.36830308702257,-89.19186062282986,-32.27388170030382,-1.0883331298828125,-1.795747964689047,-0.89192532076694,2.7704366048177085,0.06785074869791667,-1.153496636284722,1.9305,1.5111,1.8671,-0.02768,-0.00906,-0.03722,0.0008820138755254447,0.0009999937610700727,0.0009201358770951629,0.0005079067195765674,0.0005001365789212286,0.0005738979671150446,0.01173606887459755,0.010186107829213142,0.011653736233711243,passive,0
22.621,rehab,small_slow,119.6940091469866,-666.6296423921589,213.35986996339219,-177.3872170845725,0.13162305275772115,-149.9841910173895,-12.6082,0.0943,20.9955,-18.4375,-1.6981,2.0477,87.88605642790841,33.916025445012764,88.21429337605392,-34.30312262641059,-89.19112311469183,-32.30084737141927,-1.1427480867593596,-1.9045846769125154,-0.8732363257077661,2.7635871039496527,-0.0,-1.0856458875868056,1.7986,1.5219,2.0759,-0.03801,-0.00937,-0.0358,0.0008820138755254447,0.0009999937610700727,0.0009201358770951629,0.0005079067195765674,0.0005001365789212286,0.0005738979671150446,0.01173606887459755,0.010186107829213142,0.011653736233711243,passive,0
22.6406,rehab,small_slow,119.47956218377892,-666.6283633687972,213.698886286461,-177.38835318117393,0.13235548979627154,-149.98413224812404,-13.2751,0.0113,21.4323,-27.4857,-1.7528,17.3829,87.8627852638169,33.88017031225828,88.19693008271774,-34.24779256184896,-89.19051276312933,-32.32372707790798,-1.251584798982828,-1.8501697200359684,-0.9212811158435179,2.778642442491319,0.06785074869791667,-1.2213473849826388,1.6935,1.5554,1.2456,-0.02554,-0.00907,-0.0239,0.0008820138755254447,0.0009999937610700727,0.0009201358770951629,0.0005079067195765674,0.0005001365789212286,0.0005738979671150446,0.01173606887459755,0.010186107829213142,0.011653736233711243,passive,0
22.6606,rehab,small_slow,119.25731970327898,-666.6308180086567,214.04222063614282,-177.3894129941969,0.13303433811957713,-149.98424130444013,-13.6527,-0.0504,21.5027,-31.2937,-1.1,31.0622,87.84338242936842,33.85168472138962,88.18225218517945,-34.202872382269966,-89.18999565972221,-32.342529296875,-1.251584798982828,-1.7413330078125,-0.9328997017133354,2.8117879231770835,-0.0,-1.153496636284722,1.7207,1.5481,1.394,-0.03504,-0.0112,-0.02567,0.0008820138755254447,0.0009999937610700727,0.0009201358770951629,0.0005079067195765674,0.0005001365789212286,0.0005738979671150446,0.01173606887459755,0.010186107829213142,0.011653736233711243,passive,0
22.681,rehab,small_slow,118.92249469910537,-666.6319279072449,214.55507631266488,-177.39163116478295,0.1344307705691222,-149.98440806338078,-14.4168,-0.0335,22.4177,-29.5633,-0.491,38.7657,87.81414220828822,33.80888835038289,88.16047668457031,-34.134928385416664,-89.18923272026909,-32.37085978190104,-1.251584798982828,-1.9045846769125154,-0.8996279877011139,2.8908793131510415,-0.0,-1.2213473849826388,1.8011,1.57,1.6823,-0.01869,-0.00701,-0.02996,0.0008820138755254447,0.0009999937610700727,0.0009201358770951629,0.0005079067195765674,0.0005001365789212286,0.0005738979671150446,0.01173606887459755,0.010186107829213142,0.011653736233711243,passive,0
22.7005,rehab,small_slow,118.68289808368681,-666.6302839719349,214.9113295019317,-177.3924737782011,0.13493405702890685,-149.9855235416384,-14.9992,-0.0391,23.2408,-21.2241,0.0928,33.8269,87.79853971877901,33.78619505627321,88.14994585396039,-34.10064697265625,-89.18887668185764,-32.385338677300346,-1.305999755859375,-1.8501697200359684,-0.8722165551516089,2.8597259521484375,0.13570149739583334,-1.2213473849826388,1.6668,1.5697,1.6407,-0.02857,-0.00972,-0.03019,0.0008820138755254447,0.0009999937610700727,0.0009201358770951629,0.0005079067195765674,0.0005001365789212286,0.0005738979671150446,0.01173606887459755,0.010186107829213142,0.011653736233711243,passive,0
22.7208,rehab,small_slow,118.27447054642911,-666.634193510304,215.56989865710727,-177.3911446829511,0.1340407208680504,-149.98548982609933,-15.5092,-0.0304,24.2675,-9.9487,0.8657,20.5328,87.76271177990601,33.732113224445,88.12324146232983,-34.020139906141495,-89.18795267740886,-32.41997612847222,-1.251584798982828,-1.9045846769125154,-0.9640638899094988,2.9755740695529513,-0.0,-1.2213473849826388,1.7628,1.6119,1.4498,-0.01738,-0.00364,-0.02504,0.0008820138755254447,0.0009999937610700727,0.0009201358770951629,0.0005079067195765674,0.0005001365789212286,0.0005738979671150446,0.01173606887459755,0.010186107829213142,0.011653736233711243,passive,0
22.7409,rehab,small_slow,118.02839844485347,-666.6373384451947,215.9506132515228,-177.3903419291581,0.1335490524621504,-149.98636177214857,-15.5394,0.0207,24.6442,-1.2196,1.0,7.3439,87.74144616457495,33.701091804126705,88.107536995765,-33.973541259765625,-89.18739318847656,-32.43997361924913,-1.360414712735922,-2.0134145906656093,-0.9924950930151609,2.8685760498046875,0.06785074869791667,-1.2213473849826388,1.7541,1.6242,1.6829,-0.02075,-0.00708,-0.02857,0.0008820138755254447,0.0009999937610700727,0.0009201358770951629,0.0005079067195765674,0.0005001365789212286,0.0005738979671150446,0.01173606887459755,0.010186107829213142,0.011653736233711243,passive,0
22.7613,rehab,small_slow,117.67664707943953,-666.6305865984705,216.52158120047045,-177.390158390889,0.1334298961136422,-149.98560625221262,-15.4005,0.0376,24.6207,6.9285,0.3932,-8.3808,87.71034996108253,33.652992626227956,88.08510884199993,-33.90285068088107,-89.18657090928819,-32.47057596842448,-1.251584798982828,-1.9045846769125154,-0.9171680412670173,2.9653422037760415,0.06785074869791667,-1.357057359483507,1.6581,1.6141,0.9816,-0.05001,0.00605,-0.02387,0.0008820138755254447,0.0009999937610700727,0.0009201358770951629,0.0005079067195765674,0.0005001365789212286,0.0005738979671150446,0.01173606887459755,0.010186107829213142,0.011653736233711243,passive,0
22.7806,rehab,small_slow,117.42623558966537,-666.6310531657056,216.91361068417973,-177.38935523276223,0.13288980515332993,-149.98613173375327,-15.1693,0.0292,24.2092,9.4085,-0.0464,-16.8446,87.6834756076926,33.612521332089266,88.06550885191058,-33.84300231933594,-89.18589274088542,-32.49659220377604,-1.4692514249593904,-2.067836346012531,-1.019179089234607,3.080503675672743,0.06785074869791667,-1.4249081081814237,1.6124,1.6749,1.2538,-0.04562,0.0109,-0.02066,0.0008820138755254447,0.0009999937610700727,0.0009201358770951629,0.0005079067195765674,0.0005001365789212286,0.0005738979671150446,0.01173606887459755,0.010186107829213142,0.011653736233711243,passive,0
22.8009,rehab,small_slow,117.05783657129136,-666.6316127002272,217.50727029561983,-177.38789642735267,0.13198989020844423,-149.98627880217893,-14.7097,0.0393,23.1885,4.6112,-0.2793,-14.1991,87.65648568030632,33.57184608383934,88.04521541784305,-33.78279791937934,-89.1851806640625,-32.52269321017795,-1.305999755859375,-2.122251302889078,-0.9917812536258509,3.07389153374566,-0.0,-1.2892066107855902,1.7191,1.7461,1.2091,-0.03087,-0.00302,-0.02233,0.0008820138755254447,0.0009999937610700727,0.0009201358770951629,0.0005079067195765674,0.0005001365789212286,0.0005738979671150446,0.01173606887459755,0.010186107829213142,0.011653736233711243,passive,0
22.8206,rehab,small_slow,116.81044739735012,-666.6283871456905,217.89682257564266,-177.38790233477,0.1319808121641268,-149.98604735743066,-14.6938,0.0119,22.914,-4.0866,-0.4883,-3.3214,87.63522006497524,33.539084255105195,88.02948375739673,-33.73401217990451,-89.18460422092014,-32.54375881618923,-1.360414712735922,-2.0134145906656093,-0.9893881920540687,3.0222405327690973,0.06785074869791667,-1.2892066107855902,1.8042,1.6943,0.7688,-0.02735,-0.00227,-0.02015,0.0008820138755254447,0.0009999937610700727,0.0009201358770951629,0.0005079067195765674,0.0005001365789212286,0.0005738979671150446,0.01173606887459755,0.010186107829213142,0.011653736233711243,passive,0
22.8406,rehab,small_slow,116.55835963094452,-666.6292326692777,218.28985986559124,-177.387689429202,0.1318763949025554,-149.9859654796201,-14.8595,-0.0312,22.9389,-16.8035,-0.4346,16.278,87.61309784237702,33.50651958201191,88.01324221167233,-33.68496365017361,-89.18400234646268,-32.565299140082466,-1.360414712735922,-2.067836346012531,-1.0613839933187654,3.065032958984375,-0.0,-1.4249081081814237,1.8266,1.7211,1.5988,-0.02688,-0.00375,-0.0268,0.0008820138755254447,0.0009999937610700727,0.0009201358770951629,0.0005079067195765674,0.0005001365789212286,0.0005738979671150446,0.01173606887459755,0.010186107829213142,0.011653736233711243,passive,0
22.8607,rehab,small_slow,116.1864366877286,-666.632969292664,218.8576231384826,-177.389217515897,0.1328794475438836,-149.9852365249873,-15.3747,-0.0239,23.5709,-28.3161,-0.1868,35.2695,87.58076431727645,33.46004523853264,87.98793150646851,-33.61071268717448,-89.18305291069878,-32.59758843315972,-1.360414712735922,-1.9589996337890625,-1.0361276758779394,3.09554206000434,0.06785074869791667,-1.357057359483507,1.7122,1.6085,0.8802,-0.04643,-0.00095,-0.02071,0.0008820138755254447,0.0009999937610700727,0.0009201358770951629,0.0005079067195765674,0.0005001365789212286,0.0005738979671150446,0.01173606887459755,0.010186107829213142,0.011653736233711243,passive,0
22.8809,rehab,small_slow,115.92865283198213,-666.6314185148101,219.23293630441907,-177.39117814736773,0.13414239003152037,-149.98500990970314,-16.2594,-0.0053,24.8655,-35.0214,-0.0714,46.185,87.55818659716313,33.4286634992845,87.97160158062925,-33.560477362738716,-89.18243408203125,-32.619730631510414,-1.4692514249593904,-1.9589996337890625,-0.9993411526821627,3.125974867078993,-0.0,-1.4927588568793402,1.8639,1.5756,1.3575,-0.0532,-0.00267,-0.0279,0.0008820138755254447,0.0009999937610700727,0.0009201358770951629,0.0005079067195765674,0.0005001365789212286,0.0005738979671150446,0.01173606887459755,0.010186107829213142,0.011653736233711243,passive,0
22.9005,rehab,small_slow,115.54911901640646,-666.6327789757187,219.82397184499243,-177.39191335278204,0.1346289511114726,-149.98349192350454,-16.9471,0.0043,25.8706,-33.6967,-0.011,42.5432,87.52503725561765,33.38052353056351,87.9462500846032,-33.48461574978298,-89.18149312337239,-32.653562757703995,-1.4148296696124691,-2.122251302889078,-1.0887818289275217,3.1780751546223955,0.06785074869791667,-1.4249081081814237,1.8644,1.6354,1.1176,-0.03141,-0.00399,-0.02623,0.0008820138755254447,0.0009999937610700727,0.0009201358770951629,0.0005079067195765674,0.0005001365789212286,0.0005738979671150446,0.01173606887459755,0.010186107829213142,0.011653736233711243,passive,0
22.9209,rehab,small_slow,115.28165933397722,-666.6347270212802,220.22613142821467,-177.39204404120343,0.13472521918761615,-149.98361883782528,-17.6759,0.0038,26.8361,-25.2785,-0.0712,26.6339,87.5019904410485,33.348026842173965,87.92865564327428,-33.43357510036892,-89.1808573404948,-32.67616271972656,-1.4148296696124691,-2.0134145906656093,-1.0866607061707148,3.0825042724609375,-0.0,-1.4249081081814237,1.8086,1.7106,1.1614,-0.02492,-0.01531,-0.02228,0.0008820138755254447,0.0009999937610700727,0.0009201358770951629,0.0005079067195765674,0.0005001365789212286,0.0005738979671150446,0.01173606887459755,0.010186107829213142,0.011653736233711243,passive,0
22.9408,rehab,small_slow,114.80748793623668,-666.627843095443,220.95810271134613,-177.3912095834735,0.13415744929995438,-149.98312968408888,-18.4393,-0.0052,27.6817,-14.8528,-0.3697,8.2272,87.45459830406868,33.27874363058864,87.89486044704324,-33.330298529730904,-89.17958577473958,-32.72282070583767,-1.5780813387124846,-2.2310880151125465,-1.0717312652285735,3.18801032172309,0.06785074869791667,-1.4927588568793402,1.833,1.64,1.4111,-0.02492,-0.01271,-0.02735,0.0008820138755254447,0.0009999937610700727,0.0009201358770951629,0.0005079067195765674,0.0005001365789212286,0.0005738979671150446,0.01173606887459755,0.010186107829213142,0.011653736233711243,passive,0
22.9606,rehab,small_slow,114.51864041093744,-666.6313114416848,221.39360483203995,-177.38932134849995,0.1329760898226115,-149.9843523720177,-18.3071,-0.0156,27.1415,-2.5704,-0.3848,-10.6663,87.43563737019454,33.2520324404877,87.8812839017056,-33.291236029730904,-89.17906867133246,-32.740368313259545,-1.6325030940594059,-2.176666259765625,-1.1843751208616955,3.2579718695746527,0.06785074869791667,-1.4927588568793402,1.8359,1.6318,1.1373,-0.02869,-0.00031,-0.02865,0.0008820138755254447,0.0009999937610700727,0.0009201358770951629,0.0005079067195765674,0.0005001365789212286,0.0005738979671150446,0.01173606887459755,0.010186107829213142,0.011653736233711243,passive,0
22.9807,rehab,small_slow,114.09197843463495,-666.6302145366213,222.0325090510398,-177.38819207118203,0.13225217304212106,-149.98491263965096,-18.1489,-0.0328,26.4699,7.2085,0.0267,-22.2687,87.39852452042079,33.19926951191213,87.85460670395653,-33.21266174316406,-89.17808532714844,-32.77603997124566,-1.5780813387124846,-2.176666259765625,-1.1125764752378557,3.1902482774522567,0.06785074869791667,-1.5606180826822915,1.915,1.545,0.8166,-0.03814,-0.00119,-0.03155,0.0008820138755254447,0.0009999937610700727,0.0009201358770951629,0.0005079067195765674,0.0005001365789212286,0.0005738979671150446,0.01173606887459755,0.010186107829213142,0.011653736233711243,passive,0
23.0006,rehab,small_slow,113.79183635078506,-666.6321950703554,222.4483224616129,-177.38858372108496,0.13250165971384775,-149.98627084007552,-17.808,-0.04,25.6666,10.5702,0.5798,-21.5023,87.37228242477568,33.16512079522161,87.83703265803875,-33.1597646077474,-89.17743259006076,-32.80038621690538,-1.6325030940594059,-2.122251302889078,-1.1401714664874691,3.29148186577691,0.06785074869791667,-1.4927588568793402,1.7959,1.5242,1.2023,-0.02505,-0.01254,-0.02689,0.0008820138755254447,0.0009999937610700727,0.0009201358770951629,0.0005079067195765674,0.0005001365789212286,0.0005738979671150446,0.01173606887459755,0.010186107829213142,0.011653736233711243,passive,0
23.021,rehab,small_slow,113.35663918809567,-666.63698646127,223.06487336112858,-177.38977750420725,0.13329041067941083,-149.98654243157307,-17.5679,-0.0342,25.2525,7.3301,1.1102,-10.3462,87.33441494479038,33.114635354221456,87.80932889126315,-33.07951185438368,-89.17638142903645,-32.83705817328559,-1.6325030940594059,-2.0134145906656093,-1.1480848860032487,3.45322502983941,-0.0,-1.5606180826822915,1.7568,1.5609,1.0366,-0.02525,-0.00432,-0.02582,0.0008820138755254447,0.0009999937610700727,0.0009201358770951629,0.0005079067195765674,0.0005001365789212286,0.0005738979671150446,0.01173606887459755,0.010186107829213142,0.011653736233711243,passive,0
23.0406,rehab,small_slow,113.05784851320145,-666.6347715475774,223.48531259219624,-177.3903704665663,0.13368592575019825,-149.98696300333836,-17.5136,0.0093,25.3078,-3.5496,1.1775,9.4177,87.30814565526377,33.08008552777885,87.7916664652305,-33.0259280734592,-89.1756608751085,-32.86204867892795,-1.5780813387124846,-2.122251302889078,-1.0830915092241646,3.449249267578125,0.06785074869791667,-1.5606180826822915,1.7612,1.3819,0.9451,-0.03436,-0.01366,-0.02556,0.0008820138755254447,0.0009999937610700727,0.0009201358770951629,0.0005079067195765674,0.0005001365789212286,0.0005738979671150446,0.01173606887459755,0.010186107829213142,0.011653736233711243,passive,0
23.0606,rehab,small_slow,112.76581842620271,-666.6327903259842,223.91060899874572,-177.3906553130087,0.13383570143570622,-149.98678246846112,-17.4574,0.0638,25.4981,-17.0095,0.819,28.5171,87.28265818983022,33.04526376252127,87.77377289120514,-32.97178480360243,-89.17496575249565,-32.887157864040795,-1.5236663818359375,-2.2855029719890934,-1.1936618313931002,3.3961062961154513,0.06785074869791667,-1.6284688313802083,1.5777,1.6059,1.6789,-0.02914,-0.00615,-0.02258,0.0008820138755254447,0.0009999937610700727,0.0009201358770951629,0.0005079067195765674,0.0005001365789212286,0.0005738979671150446,0.01173606887459755,0.010186107829213142,0.011653736233711243,passive,0
23.0809,rehab,small_slow,112.31952218504692,-666.6347079108585,224.56892672254654,-177.38952817373408,0.13311282120441753,-149.986672014119,-18.0117,0.0769,26.5376,-27.3648,0.1258,37.946,87.24345820965154,32.99188217314163,87.74514453245861,-32.89033677842882,-89.17389763726128,-32.92518615722656,-1.5780813387124846,-2.2855029719890934,-1.1399471169651145,3.4211137559678817,0.06785074869791667,-1.6284688313802083,1.5261,1.6118,1.7365,-0.02996,0.0062,-0.0194,0.0008820138755254447,0.0009999937610700727,0.0009201358770951629,0.0005079067195765674,0.0005001365789212286,0.0005738979671150446,0.01173606887459755,0.010186107829213142,0.011653736233711243,passive,0
23.101,rehab,small_slow,112.02745844139201,-666.6289433186568,225.01376673521045,-177.38878115130166,0.13265262958909763,-149.98587773552515,-18.8515,0.0809,27.6988,-34.1964,-0.8739,38.751,87.21824948150332,32.95523161935334,87.72676826703666,-32.83536275227865,-89.17315165201823,-32.950939602322045,-1.6325030940594059,-2.2855029719890934,-1.1383630733678836,3.472162882486979,0.06785074869791667,-1.5606180826822915,1.5428,1.1676,0.3209,-0.04488,0.00465,-0.02362,0.0008820138755254447,0.0009999937610700727,0.0009201358770951629,0.0005079067195765674,0.0005001365789212286,0.0005738979671150446,0.01173606887459755,0.010186107829213142,0.011653736233711243,passive,0
23.121,rehab,small_slow,111.57839081876217,-666.6270865029725,225.68125589246023,-177.38796476902476,0.13212600704476743,-149.9847235390216,-19.7188,0.0363,28.5943,-33.9339,-1.749,29.9395,87.17878436098005,32.90071468542118,87.69832346699026,-32.75238037109375,-89.17204962836371,-32.99023098415798,-1.5780813387124846,-2.176666259765625,-1.2487226429552134,3.4381951226128473,0.06785074869791667,-1.696319580078125,1.5975,1.3117,0.8665,-0.03855,-0.00442,-0.02586,0.0008820138755254447,0.0009999937610700727,0.0009201358770951629,0.0005079067195765674,0.0005001365789212286,0.0005738979671150446,0.01173606887459755,0.010186107829213142,0.011653736233711243,passive,0
23.1409,rehab,small_slow,111.26945250964512,-666.626943806415,226.12318748640226,-177.38784681027386,0.13200391673249462,-149.98440480090522,-20.5069,-0.0324,29.1424,-26.1339,-2.0982,14.5472,87.15216834946435,32.865097499129796,87.67875746925279,-32.69640604654948,-89.17131212022569,-33.016976250542534,-1.686918050935953,-2.2855029719890934,-1.1906365120765006,3.578202989366319,-0.0,-1.7641703287760415,1.7098,1.3751,1.3231,-0.03452,0.00016,-0.02568,0.0008820138755254447,0.0009999937610700727,0.0009201358770951629,0.0005079067195765674,0.0005001365789212286,0.0005738979671150446,0.01173606887459755,0.010186107829213142,0.011653736233711243,passive,0
23.161,rehab,small_slow,110.7206588846245,-666.6282686265646,226.89943210518092,-177.38791724966285,0.13203573938231744,-149.98428017536833,-20.9173,-0.0681,29.0209,-13.4216,-1.6778,-2.4667,87.09733188742459,32.79295213151686,87.63957108601485,-32.58379618326823,-89.16980319552951,-33.070670233832466,-1.795747964689047,-2.2310880151125465,-1.2516255898050743,3.5217115614149304,-0.0,-1.696319580078125,1.5787,1.2851,0.8333,-0.05141,0.00775,-0.0262,0.0008820138755254447,0.0009999937610700727,0.0009201358770951629,0.0005079067195765674,0.0005001365789212286,0.0005738979671150446,0.01173606887459755,0.010186107829213142,0.011653736233711243,passive,0
23.181,rehab,small_slow,110.39470324973479,-666.6330731870992,227.33260876120204,-177.38857797207368,0.13246518210064168,-149.9848220010068,-21.0097,-0.1165,28.6277,2.0032,-0.6448,-17.5592,87.07593030268603,32.76667604351988,87.62440369860961,-32.541656494140625,-89.16920132107205,-33.091184828016495,-1.795747964689047,-2.176666259765625,-1.2009565901048112,3.54415045844184,0.06785074869791667,-1.696319580078125,1.3841,1.4151,0.2238,-0.05583,0.00203,-0.01963,0.0008820138755254447,0.0009999937610700727,0.0009201358770951629,0.0005079067195765674,0.0005001365789212286,0.0005738979671150446,0.01173606887459755,0.010186107829213142,0.011653736233711243,passive,0
23.2007,rehab,small_slow,109.90649789796724,-666.6329273490231,227.98698006942536,-177.39018599687313,0.13346012788120679,-149.98530412424142,-20.9021,-0.1194,28.2363,11.3998,0.6528,-21.9101,87.03350104907952,32.713376035784734,87.59541502093325,-32.456139458550346,-89.16805691189236,-33.13223097059462,-1.795747964689047,-2.2310880151125465,-1.2940140525893409,3.643086751302083,0.06785074869791667,-1.696319580078125,1.4528,1.4028,0.5618,-0.0612,-0.00271,-0.02339,0.0008820138755254447,0.0009999937610700727,0.0009201358770951629,0.0005079067195765674,0.0005001365789212286,0.0005738979671150446,0.01173606887459755,0.010186107829213142,0.011653736233711243,passive,0
23.2206,rehab,small_slow,109.57609121816863,-666.6387820581076,228.4327363427417,-177.39032911894355,0.1335430545882315,-149.9855698966587,-20.2448,-0.0779,27.4713,11.609,1.673,-15.5155,87.00436960352529,32.67810557148244,87.57484964805074,-32.39893595377604,-89.16730244954427,-33.16022237141927,-1.795747964689047,-2.176666259765625,-1.3171016579807395,3.625539143880208,-0.0,-1.7641703287760415,1.524,1.506,0.7728,-0.03493,0.00413,-0.02398,0.0008820138755254447,0.0009999937610700727,0.0009201358770951629,0.0005079067195765674,0.0005001365789212286,0.0005738979671150446,0.01173606887459755,0.010186107829213142,0.011653736233711243,passive,0
23.241,rehab,small_slow,109.0690519188201,-666.6381053835985,229.10814804632562,-177.39095160799602,0.1339731562511777,-149.98646459544798,-19.9351,-0.0309,27.2541,4.9967,1.9397,-4.0111,86.95295277208385,32.61409797290764,87.53976954091894,-32.29778713650173,-89.16586134168837,-33.20969475640191,-1.795747964689047,-2.2855029719890934,-1.2356967737178992,3.6585574679904513,0.06785074869791667,-1.7641703287760415,1.509,1.3345,0.2697,-0.05798,0.00278,-0.02123,0.0008820138755254447,0.0009999937610700727,0.0009201358770951629,0.0005079067195765674,0.0005001365789212286,0.0005738979671150446,0.01173606887459755,0.010186107829213142,0.011653736233711243,passive,0
23.2607,rehab,small_slow,108.73563479155403,-666.637883196915,229.57775506168485,-177.3900410621334,0.13337443669742086,-149.9861250088831,-19.8167,0.0365,27.3305,-7.2378,1.6907,9.8619,86.92378733417776,32.57623049292234,87.51901381086594,-32.23947313096788,-89.1650390625,-33.2385508219401,-1.8501697200359684,-2.448754641089109,-1.338421661074799,3.6234622531467013,0.06785074869791667,-1.832029554578993,1.6139,1.4401,0.3507,-0.0484,-0.00578,-0.02387,0.0008820138755254447,0.0009999937610700727,0.0009201358770951629,0.0005079067195765674,0.0005001365789212286,0.0005738979671150446,0.01173606887459755,0.010186107829213142,0.011653736233711243,passive,0
23.2808,rehab,small_slow,108.39326173576436,-666.6373580377265,230.05278859020052,-177.3887110859272,0.1325297656075888,-149.9867865877069,-19.8628,0.0814,27.4538,-17.3933,1.0346,17.1184,86.8938400721786,32.537832732247836,87.49837365480933,-32.18123541937934,-89.16419982910156,-33.2671864827474,-1.8501697200359684,-2.3399179288656407,-1.2301016325997833,3.6225128173828125,0.06785074869791667,-1.696319580078125,1.4522,1.3904,-0.043,-0.06468,-0.00788,-0.02154,0.0008820138755254447,0.0009999937610700727,0.0009201358770951629,0.0005079067195765674,0.0005001365789212286,0.0005738979671150446,0.01173606887459755,0.010186107829213142,0.011653736233711243,passive,0
23.301,rehab,small_slow,107.89196719554032,-666.6325603585142,230.7613615034505,-177.38726649174654,0.1316190073070221,-149.98616172387855,-21.0164,0.0848,28.6425,-25.5362,0.0837,20.7966,86.84995594591197,32.48044004534731,87.46754259166151,-32.093539767795136,-89.16291978624132,-33.31071641710069,-1.8501697200359684,-2.2310880151125465,-1.3331120557124072,3.6844804551866317,0.13570149739583334,-1.8998803032769096,1.3929,1.3777,0.0178,-0.05726,-0.00493,-0.01838,0.0008820138755254447,0.0009999937610700727,0.0009201358770951629,0.0005079067195765674,0.0005001365789212286,0.0005738979671150446,0.01173606887459755,0.010186107829213142,0.011653736233711243,passive,0
23.3211,rehab,small_slow,107.557454247897,-666.6345971203856,231.219965109499,-177.38741398386003,0.131710235618557,-149.9854278520445,-21.5928,0.0446,28.9427,-32.2832,-0.7711,25.1231,86.82069532942063,32.443877871673884,87.44607302221921,-32.03453911675347,-89.16208055284288,-33.34005567762587,-1.795747964689047,-2.2310880151125465,-1.3064756487855818,3.7575700547960067,0.06785074869791667,-1.9677310519748263,1.4289,1.3455,0.1295,-0.05508,0.004,-0.01927,0.0008820138755254447,0.0009999937610700727,0.0009201358770951629,0.0005079067195765674,0.0005001365789212286,0.0005738979671150446,0.01173606887459755,0.010186107829213142,0.011653736233711243,passive,0
23.3409,rehab,small_slow,107.04582027561662,-666.6293955054995,231.89135901926872,-177.38968900800543,0.1331663988352115,-149.9841272350533,-22.392,0.0046,29.4765,-27.508,-1.3802,18.3391,86.77590020812384,32.38925896068611,87.41558188259012,-31.945504082573784,-89.16080050998264,-33.385162353515625,-1.8501697200359684,-2.2855029719890934,-1.2546781030031715,3.729849921332465,0.06785074869791667,-1.8998803032769096,1.3996,1.485,0.0047,-0.04573,0.00398,-0.01186,0.0008820138755254447,0.0009999937610700727,0.0009201358770951629,0.0005079067195765674,0.0005001365789212286,0.0005738979671150446,0.01173606887459755,0.010186107829213142,0.011653736233711243,passive,0
23.3606,rehab,small_slow,106.69702733886339,-666.6299787111487,232.3512770510666,-177.39045590278965,0.13368709141412888,-149.98412098414798,-22.7849,-0.0097,29.6155,-14.2787,-1.4748,4.3895,86.74538187461324,32.35239085584584,87.3941191116182,-31.88543531629774,-89.15992736816406,-33.415018717447914,-1.9045846769125154,-2.2855029719890934,-1.3632700702931622,3.813052707248264,0.06785074869791667,-1.832029554578993,1.2976,1.4331,0.4978,-0.06069,-0.00251,-0.01979,0.0008820138755254447,0.0009999937610700727,0.0009201358770951629,0.0005079067195765674,0.0005001365789212286,0.0005738979671150446,0.01173606887459755,0.010186107829213142,0.011653736233711243,passive,0
23.381,rehab,small_slow,106.05588706164806,-666.6322875160453,233.1565204357986,-177.39172507093122,0.1344832776629079,-149.98600647107637,-22.5128,-0.0324,29.0227,-3.0934,-0.9824,-4.446,86.68931488943572,32.287587836237236,87.35703345572594,-31.780607435438366,-89.15842692057292,-33.46803453233507,-2.067836346012531,-2.3399179288656407,-1.360414712735922,3.82920159233941,-0.0,-1.8998803032769096,1.4167,1.4382,0.3772,-0.04914,0.005,-0.0161,0.0008820138755254447,0.0009999937610700727,0.0009201358770951629,0.0005079067195765674,0.0005001365789212286,0.0005738979671150446,0.01173606887459755,0.010186107829213142,0.011653736233711243,passive,0
23.401,rehab,small_slow,105.6781336269384,-666.6381435186096,233.63705192466932,-177.39088923207674,0.13396138294647286,-149.98770156438448,-23.2041,-0.0512,29.9103,-1.7127,-0.3962,-1.8908,86.65630151729772,32.2495164021407,87.33460530196086,-31.72025892469618,-89.1575198703342,-33.49867926703559,-2.122251302889078,-2.3943328857421875,-1.3962290546681622,3.7632158067491317,-0.0,-1.8998803032769096,1.3993,1.4249,0.2119,-0.05462,-0.00297,-0.01783,0.0008820138755254447,0.0009999937610700727,0.0009201358770951629,0.0005079067195765674,0.0005001365789212286,0.0005738979671150446,0.01173606887459755,0.010186107829213142,0.011653736233711243,passive,0
23.4205,rehab,small_slow,105.31065550702523,-666.6361988590904,234.11352687198422,-177.390694507011,0.1338238389588691,-149.98778287260214,-22.9465,-0.0605,29.6621,-4.0536,-0.1308,2.542,86.62413795395653,32.21111184299582,87.31321051569269,-31.659842597113716,-89.15661282009549,-33.53008694118923,-2.067836346012531,-2.448754641089109,-1.3147901780534499,3.7601386176215277,-0.0,-1.9677310519748263,1.2853,1.5706,0.7158,-0.04571,0.00204,-0.01626,0.0008820138755254447,0.0009999937610700727,0.0009201358770951629,0.0005079067195765674,0.0005001365789212286,0.0005738979671150446,0.01173606887459755,0.010186107829213142,0.011653736233711243,passive,0
23.441,rehab,small_slow,104.75229018185178,-666.634490140215,234.8520635161862,-177.38899103054726,0.13270808187427421,-149.98831518370744,-22.0079,-0.0569,28.433,-8.0947,-0.0581,6.4644,86.57527054890548,32.15198554614983,87.28002038332495,-31.568272908528645,-89.15523105197482,-33.57739766438802,-2.0134145906656093,-2.503169597965656,-1.390395967086943,3.8749016655815973,0.06785074869791667,-1.9677310519748263,1.4849,1.5432,0.7704,-0.03821,-0.01287,-0.01903,0.0008820138755254447,0.0009999937610700727,0.0009201358770951629,0.0005079067195765674,0.0005001365789212286,0.0005738979671150446,0.01173606887459755,0.010186107829213142,0.011653736233711243,passive,0
23.4615,rehab,small_slow,104.3801447876044,-666.6347528592665,235.33953775569478,-177.38823278451423,0.1322322523500617,-149.98809851030174,-22.6486,-0.0323,29.1875,-20.3712,0.2287,19.179,86.55091162955407,32.122622952602875,87.26297661809637,-31.522335476345486,-89.15453592936198,-33.60154893663194,-2.122251302889078,-2.3399179288656407,-1.4311731923924815,3.8021087646484375,0.06785074869791667,-1.9677310519748263,1.4169,1.3989,1.0401,-0.05101,-0.00153,-0.02424,0.0008820138755254447,0.0009999937610700727,0.0009201358770951629,0.0005079067195765674,0.0005001365789212286,0.0005738979671150446,0.01173606887459755,0.010186107829213142,0.011653736233711243,passive,0
23.4807,rehab,small_slow,103.82597381442847,-666.637807280614,236.0533427951787,-177.3884338398625,0.13234809237539436,-149.98784926296926,-23.7789,-0.0223,30.4273,-28.462,0.6189,26.6392,86.50247252813661,32.06584892650642,87.22920181727645,-31.430299546983505,-89.15314568413628,-33.649207221137154,-2.0134145906656093,-2.176666259765625,-1.4903878693533417,3.8614315456814237,0.06785074869791667,-1.9677310519748263,1.4704,1.4008,0.7933,-0.04369,-0.00245,-0.022,0.0008820138755254447,0.0009999937610700727,0.0009201358770951629,0.0005079067195765674,0.0005001365789212286,0.0005738979671150446,0.01173606887459755,0.010186107829213142,0.011653736233711243,passive,0
23.5007,rehab,small_slow,103.45524034212026,-666.6393552780568,236.51976778538457,-177.38957251689808,0.13307130671987993,-149.9873055825127,-24.4366,-0.0378,30.9247,-31.2862,0.8891,28.9241,86.46975828869508,32.02925276048113,87.20614140576656,-31.368518405490452,-89.15218777126736,-33.6814456515842,-1.9589996337890625,-2.3399179288656407,-1.3695042676264697,3.8172658284505205,0.06785074869791667,-1.9677310519748263,1.3395,1.3356,0.4407,-0.05429,0.0029,-0.01751,0.0008820138755254447,0.0009999937610700727,0.0009201358770951629,0.0005079067195765674,0.0005001365789212286,0.0005738979671150446,0.01173606887459755,0.010186107829213142,0.011653736233711243,passive,0
23.521,rehab,small_slow,102.89298675993152,-666.638220585492,237.2173358184157,-177.39163923755456,0.13448007788621602,-149.98641994317805,-24.6048,-0.0376,30.8291,-31.0992,1.0247,29.3624,86.42069372800317,31.973682063640933,87.17280850552096,-31.275482177734375,-89.1507551405165,-33.73025682237413,-2.122251302889078,-2.3399179288656407,-1.4641389752378557,4.0067291259765625,0.06785074869791667,-2.0355902777777777,1.5464,1.2831,0.4317,-0.03477,-0.00284,-0.02036,0.0008820138755254447,0.0009999937610700727,0.0009201358770951629,0.0005079067195765674,0.0005001365789212286,0.0005738979671150446,0.01173606887459755,0.010186107829213142,0.011653736233711243,passive,0
23.5411,rehab,small_slow,102.50954208256022,-666.6403704096559,237.6957312788668,-177.39197988291374,0.1347202009638552,-149.9860604442363,-25.5272,0.0081,31.8408,-14.8755,1.0994,10.5167,86.37897831378596,31.926616253239093,87.1438742156076,-31.197840372721352,-89.1495344373915,-33.77181159125434,-2.2310880151125465,-2.3399179288656407,-1.4032042852722773,3.859608968098958,0.06785074869791667,-2.103441026475694,1.4672,1.2715,0.8899,-0.05323,-0.00089,-0.02438,0.0008820138755254447,0.0009999937610700727,0.0009201358770951629,0.0005079067195765674,0.0005001365789212286,0.0005738979671150446,0.01173606887459755,0.010186107829213142,0.011653736233711243,passive,0
23.5607,rehab,small_slow,101.81333598667298,-666.6384676242232,238.5639172971446,-177.39084120975144,0.13394634635469507,-149.98745400799663,-26.1453,0.0505,32.5529,8.8571,1.1735,-16.3265,86.31803682535002,31.857550592705756,87.10375644192837,-31.088434855143227,-89.14783901638455,-33.83013407389323,-2.176666259765625,-2.503169597965656,-1.5004564039778001,3.9109378390842013,0.06785074869791667,-2.103441026475694,1.2302,1.1178,0.378,-0.0675,0.00655,-0.02779,0.0008820138755254447,0.0009999937610700727,0.0009201358770951629,0.0005079067195765674,0.0005001365789212286,0.0005738979671150446,0.01173606887459755,0.010186107829213142,0.011653736233711243,passive,0
23.5809,rehab,small_slow,101.41117247735671,-666.6392815180475,239.06782240269249,-177.38961957108546,0.13313306402703876,-149.98818964148654,-25.51,0.0752,31.6995,20.7259,1.1994,-27.4886,86.28284114422185,31.81779993642675,87.0801589512589,-31.02562798394097,-89.14684719509549,-33.863889906141495,-2.122251302889078,-2.557584554842203,-1.4451984367748298,3.912387424045139,0.06785074869791667,-2.171291775173611,1.4992,1.2724,0.7413,-0.04012,0.00183,-0.01851,0.0008820138755254447,0.0009999937610700727,0.0009201358770951629,0.0005079067195765674,0.0005001365789212286,0.0005738979671150446,0.01173606887459755,0.010186107829213142,0.011653736233711243,passive,0
23.6007,rehab,small_slow,100.81102462497195,-666.6356349104614,239.8161731503487,-177.38868494868856,0.1324832681365651,-149.98814014228705,-24.9447,0.0832,30.983,21.0611,0.8179,-26.164,86.2302821697575,31.75837450688428,87.04538477529394,-30.93115064832899,-89.14534674750433,-33.915439181857636,-2.176666259765625,-2.3943328857421875,-1.4790208268873761,3.9133453369140625,0.06785074869791667,-2.171291775173611,1.2877,1.1319,0.6288,-0.05464,0.00058,-0.01973,0.0008820138755254447,0.0009999937610700727,0.0009201358770951629,0.0005079067195765674,0.0005001365789212286,0.0005738979671150446,0.01173606887459755,0.010186107829213142,0.011653736233711243,passive,0
23.6208,rehab,small_slow,100.4172754811653,-666.6333465114693,240.30777499915467,-177.38878878291993,0.13252148862916677,-149.98764671221264,-24.1563,0.0905,29.945,17.7335,-0.0183,-22.9715,86.19579352954827,31.719528047165067,87.02188926168007,-30.86775885687934,-89.14436340332031,-33.94971211751302,-2.2310880151125465,-2.3399179288656407,-1.472147573338877,3.9857313368055554,0.06785074869791667,-2.0355902777777777,1.2894,1.192,0.3739,-0.05746,0.01554,-0.01796,0.0008820138755254447,0.0009999937610700727,0.0009201358770951629,0.0005079067195765674,0.0005001365789212286,0.0005738979671150446,0.01173606887459755,0.010186107829213142,0.011653736233711243,passive,0
23.6407,rehab,small_slow,99.83339079963056,-666.63063603173,241.02914756028517,-177.39022078409278,0.13345277873714784,-149.98621727176038,-23.053,0.0904,28.5572,5.0792,-0.7525,-10.3077,86.14464183845142,31.662760819538985,86.98641484326656,-30.772391425238716,-89.1428714328342,-34.00122748480903,-2.122251302889078,-2.448754641089109,-1.572275445012763,3.9545525444878473,0.06785074869791667,-2.2391425238715277,1.3161,1.195,0.4959,-0.05321,0.00261,-0.02331,0.0008820138755254447,0.0009999937610700727,0.0009201358770951629,0.0005079067195765674,0.0005001365789212286,0.0005738979671150446,0.01173606887459755,0.010186107829213142,0.011653736233711243,passive,0
23.6612,rehab,small_slow,99.44117969624644,-666.6319853281497,241.50297243722818,-177.3916453547603,0.13446643085662008,-149.98538803315319,-23.3507,0.08,28.953,-20.0587,-1.1965,16.1647,86.11028916764967,31.62583832693572,86.962253079556,-30.708609686957466,-89.14181179470486,-34.03569539388021,-2.067836346012531,-2.3399179288656407,-1.4690202769666616,3.904444376627604,-0.0,-2.103441026475694,1.2346,1.1854,0.3427,-0.06012,0.00559,-0.01952,0.0008820138755254447,0.0009999937610700727,0.0009201358770951629,0.0005079067195765674,0.0005001365789212286,0.0005738979671150446,0.01173606887459755,0.010186107829213142,0.011653736233711243,passive,0
23.6808,rehab,small_slow,99.0505851869306,-666.6284852599449,241.985047572847,-177.39269305777475,0.13516944049327773,-149.98404358769534,-24.8221,0.05,30.5795,-40.4314,-1.3761,35.9602,86.08479490374575,31.597264355952195,86.94459065352336,-30.66073947482639,-89.14106580946181,-34.06181335449219,-2.176666259765625,-2.3943328857421875,-1.5666055207205292,4.058219061957465,0.06785074869791667,-2.171291775173611,1.3491,1.1045,0.8829,-0.04423,-0.01608,-0.02192,0.0008820138755254447,0.0009999937610700727,0.0009201358770951629,0.0005079067195765674,0.0005001365789212286,0.0005738979671150446,0.01173606887459755,0.010186107829213142,0.011653736233711243,passive,0
23.7007,rehab,small_slow,98.44562209244262,-666.6297619926446,242.73638534688308,-177.39204109555018,0.13472927184893815,-149.98269966558536,-25.5876,-0.001,31.1822,-46.9137,-1.2863,39.736,86.03214075069616,31.53937538071434,86.90740981904587,-30.56452433268229,-89.13950602213542,-34.11493937174479,-2.2310880151125465,-2.503169597965656,-1.5409684889387376,4.014087253146701,0.13570149739583334,-2.2391425238715277,1.2588,1.2347,0.3493,-0.04269,-0.00167,-0.01981,0.0008820138755254447,0.0009999937610700727,0.0009201358770951629,0.0005079067195765674,0.0005001365789212286,0.0005738979671150446,0.01173606887459755,0.010186107829213142,0.011653736233711243,passive,0
23.7208,rehab,small_slow,98.02580244423812,-666.6273407747464,243.24875800712158,-177.39106730480293,0.13409500401873656,-149.98320938883825,-26.742,-0.0319,32.1408,-43.1475,-0.9348,33.081,85.99538142138188,31.49967911219833,86.88302370581296,-30.500055948893227,-89.1384039984809,-34.150585598415795,-2.2310880151125465,-2.503169597965656,-1.5513497532004177,4.06862046983507,0.06785074869791667,-2.171291775173611,1.2059,1.1885,0.2777,-0.05013,0.00903,-0.01628,0.0008820138755254447,0.0009999937610700727,0.0009201358770951629,0.0005079067195765674,0.0005001365789212286,0.0005738979671150446,0.01173606887459755,0.010186107829213142,0.011653736233711243,passive,0
23.7406,rehab,small_slow,97.38674607293996,-666.6286239152921,244.03492130613563,-177.3880927068232,0.13213215604693923,-149.98408468313022,-27.9141,-0.0416,33.0594,-26.7785,-0.3594,13.3669,85.9303336568398,31.428383553382194,86.83875886520536,-30.387005276150173,-89.13651360405815,-34.213341606987846,-2.2855029719890934,-2.503169597965656,-1.5902573991530011,3.980729844835069,0.06785074869791667,-2.307001749674479,1.1881,1.2475,0.6835,-0.05184,-0.00172,-0.01468,0.0008820138755254447,0.0009999937610700727,0.0009201358770951629,0.0005079067195765674,0.0005001365789212286,0.0005738979671150446,0.01173606887459755,0.010186107829213142,0.011653736233711243,passive,0
23.761,rehab,small_slow,96.84107651933769,-666.6293454366489,244.6671208734095,-177.38748511401334,0.13169987428130223,-149.9855808841367,-28.3698,-0.0369,33.1621,-0.6868,0.3475,-15.4529,85.89221463345065,31.38891843285891,86.81412800703899,-30.32239278157552,-89.13545396592882,-34.249564276801216,-2.557584554842203,-2.3943328857421875,-1.5496025463142018,4.073528713650173,0.06785074869791667,-2.2391425238715277,1.2644,1.1748,0.2793,-0.05297,-0.00407,-0.01906,0.0008820138755254447,0.0009999937610700727,0.0009201358770951629,0.0005079067195765674,0.0005001365789212286,0.0005738979671150446,0.01173606887459755,0.010186107829213142,0.011653736233711243,passive,0
23.7805,rehab,small_slow,96.1897820400725,-666.6335686005298,245.404472033412,-177.38835647316907,0.13222167917305203,-149.98631181470537,-27.7156,-0.0213,32.0407,15.2125,0.8118,-30.422,85.83516866853921,31.331593730662128,86.77619254234993,-30.225329928927952,-89.13386874728732,-34.30464850531684,-2.503169597965656,-2.3399179288656407,-1.5166027711169554,4.087185329861111,0.06785074869791667,-2.2391425238715277,1.2057,1.3289,0.6605,-0.03892,0.00136,-0.01539,0.0008820138755254447,0.0009999937610700727,0.0009201358770951629,0.0005079067195765674,0.0005001365789212286,0.0005738979671150446,0.01173606887459755,0.010186107829213142,0.011653736233711243,passive,0
23.8007,rehab,small_slow,95.76011989077547,-666.6336006935147,245.89540529047156,-177.38930857889702,0.13278969690496636,-149.9857850331553,-26.8351,0.0062,30.9279,19.8795,0.7903,-31.9981,85.7974915457244,31.293277551632116,86.75150729642056,-30.160140991210938,-89.13278367784288,-34.34199015299479,-2.448754641089109,-2.2855029719890934,-1.6152077854269802,4.098917643229167,0.06785074869791667,-2.307001749674479,1.5245,1.4264,0.5949,-0.02474,-0.01214,-0.01895,0.0008820138755254447,0.0009999937610700727,0.0009201358770951629,0.0005079067195765674,0.0005001365789212286,0.0005738979671150446,0.01173606887459755,0.010186107829213142,0.011653736233711243,passive,0
23.8207,rehab,small_slow,95.11341015674908,-666.6321916670543,246.6271331778317,-177.3912033444433,0.13409297143988283,-149.9855950437107,-26.5284,0.0273,30.5137,15.2728,0.4061,-24.2617,85.73126084733717,31.227162427241257,86.70773874415029,-30.045717027452255,-89.13087632921007,-34.407077365451386,-2.2855029719890934,-2.3943328857421875,-1.5198456414855352,4.047393798828125,-0.0,-2.307001749674479,1.341,1.2953,0.8914,-0.04826,0.00093,-0.02517,0.0008820138755254447,0.0009999937610700727,0.0009201358770951629,0.0005079067195765674,0.0005001365789212286,0.0005738979671150446,0.01173606887459755,0.010186107829213142,0.011653736233711243,passive,0
23.8406,rehab,small_slow,94.68083538370355,-666.629830652557,247.13616637768382,-177.3910302697628,0.1339882674427538,-149.9852329866792,-25.9095,0.0384,29.6856,1.4697,-0.0764,-7.2185,85.70266648094253,31.197820229105428,86.68867583322053,-29.996439615885414,-89.1300540500217,-34.43528069390191,-2.2855029719890934,-2.557584554842203,-1.6735930490021658,4.045147365993923,-0.0,-2.2391425238715277,1.2926,1.2307,0.6852,-0.04745,-0.00665,-0.02129,0.0008820138755254447,0.0009999937610700727,0.0009201358770951629,0.0005079067195765674,0.0005001365789212286,0.0005738979671150446,0.01173606887459755,0.010186107829213142,0.011653736233711243,passive,0
23.8606,rehab,small_slow,94.24151428113645,-666.6275674436921,247.6497423714658,-177.39024906545725,0.1334371870663651,-149.98504497124037,-25.9116,0.0292,29.6052,-14.5578,-0.5199,10.6835,85.66473101625348,31.15800158812268,86.66301160755724,-29.931072658962673,-89.12890116373698,-34.47294447157118,-2.557584554842203,-2.448754641089109,-1.5746209172919245,4.076453314887153,0.06785074869791667,-2.307001749674479,1.3623,1.1259,0.0647,-0.05361,0.00495,-0.02299,0.0008820138755254447,0.0009999937610700727,0.0009201358770951629,0.0005079067195765674,0.0005001365789212286,0.0005738979671150446,0.01173606887459755,0.010186107829213142,0.011653736233711243,passive,0
23.8809,rehab,small_slow,93.5755583109753,-666.6287109274118,248.42668660833422,-177.38851623989848,0.13228221929255718,-149.98517135569548,-27.071,-0.005,30.7639,-30.4397,-0.9441,26.9242,85.6065021174969,31.098188645768875,86.62409716313428,-29.832738240559895,-89.12718031141493,-34.53021579318576,-2.503169597965656,-2.503169597965656,-1.6729811866684716,4.191292656792535,-0.0,-2.374852498372396,1.3856,1.0188,-0.0099,-0.05213,0.0124,-0.02551,0.0008820138755254447,0.0009999937610700727,0.0009201358770951629,0.0005079067195765674,0.0005001365789212286,0.0005738979671150446,0.01173606887459755,0.010186107829213142,0.011653736233711243,passive,0
23.9009,rehab,small_slow,93.12915967452378,-666.6278051020671,248.9309544416356,-177.38854662456498,0.13231776444939833,-149.98516526273602,-28.1087,-0.0351,31.7553,-39.5229,-1.1333,35.7499,85.56713897402923,31.059090642645806,86.59804542465966,-29.767049153645832,-89.12601894802518,-34.56852383083767,-2.3943328857421875,-2.3943328857421875,-1.6008902068185333,4.017300075954861,0.06785074869791667,-2.4427032470703125,1.397,1.0542,0.3571,-0.05007,0.00359,-0.02288,0.0008820138755254447,0.0009999937610700727,0.0009201358770951629,0.0005079067195765674,0.0005001365789212286,0.0005738979671150446,0.01173606887459755,0.010186107829213142,0.011653736233711243,passive,0
23.9208,rehab,small_slow,92.44795381350428,-666.6319531744767,249.6707566586108,-177.39000918278379,0.13335041133605444,-149.98579108799302,-28.9708,-0.0494,32.5247,-39.3474,-0.9555,34.8469,85.50751638884591,31.002432190545715,86.55885224295135,-29.667867024739582,-89.12428961859808,-34.626168145073784,-2.3943328857421875,-2.3399179288656407,-1.695157797029703,4.118872748480903,0.06785074869791667,-2.374852498372396,1.4603,1.0679,0.476,-0.03654,-0.00275,-0.02473,0.0008820138755254447,0.0009999937610700727,0.0009201358770951629,0.0005079067195765674,0.0005001365789212286,0.0005738979671150446,0.01173606887459755,0.010186107829213142,0.011653736233711243,passive,0
23.9405,rehab,small_slow,91.99687849512767,-666.6322304819646,250.16288022637835,-177.39105151819828,0.13409563676346417,-149.98570667693036,-29.1691,-0.0573,32.5404,-32.9442,-0.5424,27.2679,85.46801727597077,30.965271751479346,86.5328820861212,-29.601830376519096,-89.12311130099826,-34.66507805718316,-2.448754641089109,-2.3943328857421875,-1.652035099445003,4.059702555338542,0.06785074869791667,-2.4427032470703125,1.3022,0.9571,0.0088,-0.04705,-0.00728,-0.02272,0.0008820138755254447,0.0009999937610700727,0.0009201358770951629,0.0005079067195765674,0.0005001365789212286,0.0005738979671150446,0.01173606887459755,0.010186107829213142,0.011653736233711243,passive,0
23.961,rehab,small_slow,91.22124928055896,-666.6346979289098,251.04465499134875,-177.39093779792583,0.13400498260239155,-149.98400614606948,-29.6452,-0.061,32.8413,-20.8174,0.1191,13.251,85.39990340128983,30.898605950988166,86.4859658420676,-29.486609564887154,-89.12106831868489,-34.73334418402778,-2.448754641089109,-2.448754641089109,-1.6633885449702197,4.103359646267361,0.06785074869791667,-2.4427032470703125,1.4135,0.9474,0.1297,-0.03524,-0.00991,-0.02259,0.0008820138755254447,0.0009999937610700727,0.0009201358770951629,0.0005079067195765674,0.0005001365789212286,0.0005738979671150446,0.01173606887459755,0.010186107829213142,0.011653736233711243,passive,0
23.9809,rehab,small_slow,90.77263679768942,-666.6326962627933,251.55132401819625,-177.39087080041645,0.13400506769428774,-149.98339710382095,-30.3759,-0.0625,33.5396,-14.061,0.4905,5.3249,85.36086658440014,30.860072220906172,86.45969655254099,-29.420555962456596,-89.11988152398003,-34.772533840603295,-2.503169597965656,-2.448754641089109,-1.7201761680074257,4.104054768880208,0.06785074869791667,-2.510553995768229,1.4109,0.9643,0.4544,-0.0391,-0.00067,-0.02251,0.0008820138755254447,0.0009999937610700727,0.0009201358770951629,0.0005079067195765674,0.0005001365789212286,0.0005738979671150446,0.01173606887459755,0.010186107829213142,0.011653736233711243,passive,0
