t,trajectory_type,trajectory_variant,x,y,z,rx,ry,rz,vx,vy,vz,ax,ay,az,j1,j2,j3,j4,j5,j6,dj1,dj2,dj3,dj4,dj5,dj6,fx,fy,fz,tx,ty,tz,Mx,My,Mz,Bx,By,Bz,Kx,Ky,Kz,mode,comfort
0.0005,rehab,danger_boundary_spike,156.1792266826,-667.0024592147,125.998079927,-177.3962503609,0.1419703158,-149.9896798861,-15.0491,3.3201,73.8019,-1267.6733,-6.1682,977.3611,73.1258541597,24.3917360958,78.1426124504,-16.3083079942,-89.219669822,-45.2958510011,2.2551208455,3.3996288391,1.4694488053,-12.6123326486,4.3208426787,10.9340081169,22.2991,-5.4777,-5.9513,-0.03033,-0.10683,0.13728,0.0021,0.002,0.00218,0.00165,0.00172,0.0016,0.041,0.0435,0.045,passive,2
0.0205,rehab,danger_boundary_spike,155.7391788524,-666.9425768011,127.6426671389,-177.3866304097,0.1443207885,-149.9884473259,-28.9557,2.6682,90.6569,-122.991,-59.0235,708.1371,73.1646077548,24.4688175453,78.2134579412,-16.4889445327,-89.1685481815,-45.1256862925,1.6202386685,4.3085161136,5.6151002839,-5.451321206,0.7913213709,6.0824627425,20.7308,-5.5614,-5.7155,-0.04457,-0.10786,0.125,0.0021,0.002,0.00218,0.00165,0.00172,0.0016,0.041,0.0435,0.045,passive,2
0.0405,rehab,danger_boundary_spike,155.020998177,-666.895732717,129.6243539948,-177.3891516169,0.1437911049,-149.9842648158,-19.9687,0.9591,102.1274,130.7525,-95.2816,453.3538,73.1906637064,24.5640767403,78.3672164617,-16.5263608424,-89.1880169671,-45.0525524914,4.7393800552,1.7258885046,3.9875511628,-5.4753118726,-2.1457636433,3.5521637166,22.265,-5.8287,-5.6755,-0.03764,-0.10296,0.12928,0.0021,0.002,0.00218,0.00165,0.00172,0.0016,0.041,0.0435,0.045,passive,2
0.0605,rehab,danger_boundary_spike,154.9404304761,-666.9042111987,131.7277613312,-177.3903407033,0.144511586,-149.9878773588,-23.7256,-1.1431,108.791,-386.1069,70.7589,432.7433,73.354182957,24.5378530855,78.3729599878,-16.7079570076,-89.2543787272,-44.9835997438,7.5260234665,2.5522222306,2.9936390758,-5.8455220387,0.124962903,2.6201287414,23.5872,-6.3604,-5.3808,-0.03176,-0.10623,0.14312,0.0021,0.002,0.00218,0.00165,0.00172,0.0016,0.041,0.0435,0.045,passive,2
0.0805,rehab,danger_boundary_spike,154.0719736713,-666.9414567363,133.9759940947,-177.3932877536,0.1437606837,-149.9867823307,-35.413,3.7895,119.4371,-234.9196,112.9706,172.4385,73.4917046451,24.6661656295,78.4869620247,-16.760181724,-89.183018451,-44.9477473417,6.3070889187,3.3707988316,6.5329387768,-4.1742504227,-1.3799505144,4.624463171,22.1266,-5.7251,-4.8298,-0.03096,-0.09907,0.13642,0.0021,0.002,0.00218,0.00165,0.00172,0.0016,0.041,0.0435,0.045,passive,2
0.1005,rehab,danger_boundary_spike,153.5239111333,-666.752631423,136.5052447869,-177.3871844767,0.1416683642,-149.9817309917,-33.1224,3.3757,115.6885,-132.5088,-93.1945,-55.0631,73.6064665138,24.6726850388,78.6342775388,-16.8749270245,-89.3095767478,-44.798621217,2.8832826265,0.6397232672,4.88029487,-7.119530714,1.028668818,6.9841514227,22.476,-5.7987,-4.6717,-0.03323,-0.0923,0.13953,0.0021,0.002,0.00218,0.00165,0.00172,0.0016,0.041,0.0435,0.045,passive,2
0.1205,rehab,danger_boundary_spike,152.7470777367,-666.8064278313,138.6035357361,-177.3943488079,0.1433886518,-149.9865927642,-40.7133,0.0617,117.2346,-263.2034,12.7247,361.804,73.6070359501,24.6917545602,78.6821738195,-17.0449629525,-89.1418716983,-44.6683812848,4.6541032748,2.7076849819,3.0385840592,-6.7347071426,3.3216047024,4.4974618839,22.8709,-6.1254,-4.6499,-0.04147,-0.09515,0.13926,0.0021,0.002,0.00218,0.00165,0.00172,0.0016,0.041,0.0435,0.045,passive,2
0.1405,rehab,danger_boundary_spike,151.8953776428,-666.750162919,141.1946273511,-177.3905516775,0.147134118,-149.9827011741,-43.6505,3.8847,130.1607,97.9764,73.6606,444.6265,73.7926306448,24.780992438,78.7558209012,-17.1443153102,-89.1767125597,-44.6187227416,7.3698156749,4.4298394027,3.4308613055,-4.9897484979,-1.3714411907,4.2053918501,21.5722,-6.0441,-4.5958,-0.04631,-0.0918,0.12612,0.0021,0.002,0.00218,0.00165,0.00172,0.0016,0.041,0.0435,0.045,passive,2
0.1605,rehab,danger_boundary_spike,151.0010563717,-666.6510394748,143.8099637715,-177.3899896073,0.147402362,-149.9813501098,-36.7943,3.0081,135.0196,1.7871,-29.3858,200.0145,73.9018285771,24.8689481363,78.8194082718,-17.2445528924,-89.1967293459,-44.5001656108,5.1019302441,3.202649857,0.625208392,-6.5741151013,2.4106391846,7.3000173539,21.3518,-5.2153,-4.1338,-0.03862,-0.09328,0.13118,0.0021,0.002,0.00218,0.00165,0.00172,0.0016,0.041,0.0435,0.045,passive,2
0.1805,rehab,danger_boundary_spike,150.4236063627,-666.6298374184,146.595412254,-177.3877562928,0.1425830492,-149.9859576891,-43.5791,2.7093,138.1613,-3236.7637,3.8972,7785.2643,73.9967078545,24.9090984323,78.7808292369,-17.4072799143,-89.0802869923,-44.3267220475,5.235237944,3.0383156577,2.8884206923,-9.7357774957,-0.5992085653,4.2158646353,21.6199,-6.0026,-3.9431,-0.04085,-0.09887,0.1351,0.0021,0.002,0.00218,0.00165,0.00172,0.0016,0.041,0.0435,0.045,passive,2
0.2005,rehab,danger_boundary_spike,149.2578943509,-666.5426684567,149.3364150708,-177.3926076158,0.1451339779,-149.9906363525,-166.2648,3.164,446.4302,-3082.1987,-26.7561,7587.3422,74.1112380949,24.9904807626,78.9349450995,-17.6339839923,-89.2206976885,-44.3315310254,20.6073917368,14.8801906047,15.5166568179,-22.2696260955,-3.3781493585,16.9376248111,24.9226,-6.8539,-4.9498,-0.04721,-0.10334,0.15084,0.0021,0.002,0.00218,0.00165,0.00172,0.0016,0.041,0.0435,0.045,passive,2
0.2205,rehab,danger_boundary_spike,143.7730131871,-666.5032763695,164.4526200301,-177.3885565209,0.1434783828,-149.9822268587,-166.867,1.639,441.655,2750.5657,-21.9328,-7944.3463,74.821003524,25.5043060565,79.4014955096,-18.2980649581,-89.2154129666,-43.649217055,21.8245616318,9.6997256921,14.7150960268,-18.6522135508,1.8043491559,20.6267208195,23.9131,-6.3237,-3.5114,-0.05424,-0.07506,0.14974,0.0021,0.002,0.00218,0.00165,0.00172,0.0016,0.041,0.0435,0.045,passive,2
0.2405,rehab,danger_boundary_spike,142.5832144847,-666.4771072353,167.0026139304,-177.388889387,0.1469964874,-149.9814348475,-56.2422,2.2867,128.6563,2781.9613,12.9071,-7546.7195,74.9842205602,25.3784697903,79.5235489405,-18.3800725343,-89.1485237223,-43.5064621926,7.3628363971,-1.2902816443,5.9524957501,-7.8801448355,1.7376919429,6.0509213315,21.9389,-5.1762,-2.3341,-0.04806,-0.07893,0.1248,0.0021,0.002,0.00218,0.00165,0.00172,0.0016,0.041,0.0435,0.045,passive,2
0.2605,rehab,danger_boundary_spike,141.523325157,-666.4118077543,169.5988738051,-177.3861054908,0.1489791015,-149.986427839,-55.5885,2.1553,139.7862,-10.5229,-25.4287,474.091,75.1155169799,25.4526947907,79.6395953396,-18.6132707515,-89.1459052889,-43.4071802018,7.6869302456,4.8902616618,3.4191790444,-9.3140371505,0.919103637,4.9848803314,21.3262,-5.7092,-2.2412,-0.03958,-0.08408,0.12532,0.0021,0.002,0.00218,0.00165,0.00172,0.0016,0.041,0.0435,0.045,passive,2
0.2805,rehab,danger_boundary_spike,140.3596727038,-666.3908947338,172.5940616437,-177.3893278753,0.1414719151,-149.9790920515,-56.6631,1.2696,147.62,-45.8212,23.7845,90.8453,75.29169777,25.5740802568,79.6603161023,-18.7526340203,-89.1117595768,-43.3070669793,6.1770382758,3.500656583,4.1357884301,-8.1990359498,-1.1461864461,7.6867837702,19.9424,-4.8765,-2.019,-0.05145,-0.07717,0.11597,0.0021,0.002,0.00218,0.00165,0.00172,0.0016,0.041,0.0435,0.045,passive,2
0.3005,rehab,danger_boundary_spike,139.2568005156,-666.3610251013,175.5036731354,-177.3889601054,0.1426843113,-149.9856548513,-57.4214,3.1067,143.42,-364.6937,26.0867,-112.3369,75.3625985109,25.592721054,79.8050268768,-18.9412321895,-89.1917527468,-43.0997088509,6.8565402542,4.2513133659,5.8622492564,-5.7288207837,-1.8445646717,6.2747838925,21.4857,-5.8654,-1.9839,-0.04307,-0.07104,0.13591,0.0021,0.002,0.00218,0.00165,0.00172,0.0016,0.041,0.0435,0.045,passive,2
0.3205,rehab,danger_boundary_spike,138.0628169771,-666.2666270881,178.3308619,-177.3895096623,0.1421177954,-149.9776760043,-71.2509,2.313,143.1265,-333.5287,-64.0034,120.9807,75.5659593801,25.7441327914,79.8948060726,-18.9817868517,-89.1855421637,-43.0560756236,6.0957955832,5.400231916,6.0106818934,-3.4270701353,-0.2408462494,5.1882007352,22.2667,-5.3843,-1.6165,-0.04073,-0.08246,0.14482,0.0021,0.002,0.00218,0.00165,0.00172,0.0016,0.041,0.0435,0.045,passive,2
0.3405,rehab,danger_boundary_spike,136.4067659168,-666.2685036867,181.2287333761,-177.391686864,0.1409629964,-149.9851314705,-70.7625,0.5466,148.2592,-102.6675,13.3006,256.1911,75.6064303342,25.8087303307,80.0454541525,-19.0783149949,-89.2013865967,-42.8921808215,5.3320258081,4.409781593,5.9454500862,-10.1904523652,2.128312581,6.4417183435,21.2672,-5.098,-1.188,-0.0549,-0.06202,0.11664,0.0021,0.002,0.00218,0.00165,0.00172,0.0016,0.041,0.0435,0.045,passive,2
0.3605,rehab,danger_boundary_spike,135.2323154081,-666.244764953,184.2612312051,-177.3863024858,0.1450192465,-149.9862927161,-75.3576,2.8451,153.3742,-323.8178,78.1293,61.7806,75.7792404125,25.9205240552,80.132624076,-19.3894049463,-89.1004096604,-42.7984068899,9.1813171337,3.813330555,3.9103886273,-11.6182971528,-1.6723978865,6.2432374701,21.9057,-5.3774,-1.4452,-0.0496,-0.06911,0.1368,0.0021,0.002,0.00218,0.00165,0.00172,0.0016,0.041,0.0435,0.045,passive,2
0.3805,rehab,danger_boundary_spike,133.3924633027,-666.154701275,187.3636994354,-177.3860762313,0.1393465873,-149.983987413,-83.7152,3.6717,150.7305,74.4463,-37.6903,57.8495,75.9736830196,25.9612635529,80.2018696976,-19.5430468811,-89.2682825122,-42.6424513227,6.7622770535,3.3888280726,7.1004574376,-8.0370675705,-1.4889761732,8.0617477101,18.1419,-4.2668,-0.5911,-0.04108,-0.05623,0.11383,0.0021,0.002,0.00218,0.00165,0.00172,0.0016,0.041,0.0435,0.045,passive,2
0.4005,rehab,danger_boundary_spike,131.8837054285,-666.0978959387,190.2904494279,-177.3846011622,0.1427577483,-149.9878663233,-72.3797,1.3374,155.6881,121.4562,-82.8239,319.3954,76.0497314946,26.0560771781,80.4166423735,-19.7108876491,-89.1599687074,-42.4759369815,5.7046924336,3.7378559309,6.6409267253,-6.8486486862,2.1496660976,7.506522003,19.607,-5.0926,-0.3576,-0.04947,-0.06065,0.12294,0.0021,0.002,0.00218,0.00165,0.00172,0.0016,0.041,0.0435,0.045,passive,2
0.4205,rehab,danger_boundary_spike,130.4972748168,-666.1012033166,193.5912247174,-177.3828091509,0.1414832032,-149.9801141077,-78.857,0.3588,163.5063,-386.8926,-18.2171,-46.3982,76.2018707169,26.1107777901,80.4675067666,-19.8169928285,-89.1822958683,-42.3421904426,9.3154768796,3.0363306565,3.4071068106,-9.4654828223,0.2036412517,5.6489657294,19.5421,-5.161,-0.1687,-0.04077,-0.0624,0.12431,0.0021,0.002,0.00218,0.00165,0.00172,0.0016,0.041,0.0435,0.045,passive,2
0.4405,rehab,danger_boundary_spike,128.7294254397,-666.0835452383,196.8307003489,-177.3855264982,0.137750804,-149.9803815686,-87.8554,0.6088,153.8322,-298.1669,55.1623,-84.6398,76.4223505698,26.1775304043,80.5529266459,-20.089506962,-89.1518230573,-42.2499783523,11.3898654597,5.2077989284,4.2122872,-9.3211879885,3.6149927731,7.7508013071,19.2681,-4.6993,0.0905,-0.05614,-0.05684,0.11401,0.0021,0.002,0.00218,0.00165,0.00172,0.0016,0.041,0.0435,0.045,passive,2
0.4605,rehab,danger_boundary_spike,126.9830581731,-666.0768527862,199.7445128158,-177.3848722878,0.1406452577,-149.9815356346,-90.7837,2.5653,160.1207,-276.3093,78.5513,253.0048,76.6574653353,26.3190897473,80.6359982546,-20.189840348,-89.0376961574,-42.0321583903,8.5081738463,5.8694469165,6.3051983471,-8.2766946942,-0.8856105458,6.2266335973,18.4581,-4.4712,0.2169,-0.04555,-0.05569,0.10129,0.0021,0.002,0.00218,0.00165,0.00172,0.0016,0.041,0.0435,0.045,passive,2
0.4805,rehab,danger_boundary_spike,125.0980784117,-665.9809348556,203.2355275977,-177.3864412778,0.1424913633,-149.9814129529,-98.9078,3.7508,163.9524,-177.8796,-25.1331,-86.5026,76.7626775237,26.412308281,80.8051345798,-20.4205747498,-89.1872474791,-42.0009130084,6.9925686895,3.2152577497,7.9644952117,-10.1643487548,-0.1710734618,8.3178355235,19.4815,-4.7975,0.303,-0.04342,-0.05006,0.11914,0.0021,0.002,0.00218,0.00165,0.00172,0.0016,0.041,0.0435,0.045,passive,2
0.5005,rehab,danger_boundary_spike,123.0267466675,-665.926820164,206.3026086487,-177.3877646698,0.1430127465,-149.9857674806,-97.8989,1.5599,156.6606,57.6967,-69.3673,-31.9295,76.9371680829,26.4477000572,80.9545780631,-20.5964142982,-89.0445390958,-41.6994449694,7.1290694676,3.552595074,4.2324534522,-6.5729841886,2.5929969738,10.1916535599,19.697,-4.7417,1.0101,-0.04505,-0.04312,0.11709,0.0021,0.002,0.00218,0.00165,0.00172,0.0016,0.041,0.0435,0.045,passive,2
0.5205,rehab,danger_boundary_spike,121.1821240291,-665.918537452,209.5019506501,-177.3847496132,0.1436960528,-149.9823722359,-96.5999,0.9761,162.6752,-191.6692,2.086,140.5747,77.0478403024,26.5544120839,80.9744327179,-20.6834941173,-89.0835276002,-41.593246866,6.5703856437,5.5248195108,2.9007137671,-9.3913826938,-1.2039526079,7.4566216993,18.3644,-4.9165,1.1456,-0.05311,-0.04926,0.11188,0.0021,0.002,0.00218,0.00165,0.00172,0.0016,0.041,0.0435,0.045,passive,2
0.5405,rehab,danger_boundary_spike,119.1627498713,-665.8877751602,212.8096172207,-177.3846480333,0.1400547887,-149.9890606407,-105.5656,1.6434,162.2836,-133.8505,27.4297,-99.3894,77.1999835086,26.6686928377,81.0706066138,-20.972069606,-89.0926972002,-41.4011801014,9.0751032313,4.6000932141,6.5389376155,-10.0854936024,-0.9475268786,8.4450106071,18.3649,-4.966,0.9679,-0.05464,-0.05657,0.11253,0.0021,0.002,0.00218,0.00165,0.00172,0.0016,0.041,0.0435,0.045,passive,2
0.5605,rehab,danger_boundary_spike,116.9594989072,-665.8528025013,215.9932931548,-177.3909828708,0.1416266857,-149.9852458067,-101.9539,2.0733,158.6996,143.1804,2.9369,-35.3091,77.4108444316,26.7384158125,81.2359902225,-21.0869138614,-89.1214286753,-41.2554464418,8.1635191934,2.0683316074,7.1894922398,-9.4852437522,1.3151591932,6.3030035143,18.7539,-4.7798,1.6945,-0.0591,-0.05846,0.10911,0.0021,0.002,0.00218,0.00165,0.00172,0.0016,0.041,0.0435,0.045,passive,2
0.5805,rehab,danger_boundary_spike,115.0845922309,-665.8048426025,219.1576026812,-177.3860458442,0.1408604207,-149.980088249,-99.8384,1.7608,160.8712,42.8603,-48.5024,-17.3875,77.5265242764,26.751426102,81.3581863034,-21.3514793561,-89.0400908324,-41.1490599608,7.6103087371,2.6175589819,6.1746978016,-10.126251529,0.0880737798,6.6153939132,19.3017,-4.8201,1.5025,-0.05192,-0.04603,0.12361,0.0021,0.002,0.00218,0.00165,0.00172,0.0016,0.041,0.0435,0.045,passive,2
0.6005,rehab,danger_boundary_spike,112.9659624801,-665.7823685519,222.4281411035,-177.3889721169,0.1395441459,-149.9800366552,-100.2395,0.1332,158.0041,-194.4106,-16.3117,-262.3892,77.7152567811,26.8431181718,81.4829781346,-21.4919639226,-89.1179057241,-40.9908306852,9.9913211962,5.0671799822,6.0226960421,-7.3781147285,-2.5303132356,6.6820235689,18.4085,-4.8699,1.5428,-0.03652,-0.03954,0.11803,0.0021,0.002,0.00218,0.00165,0.00172,0.0016,0.041,0.0435,0.045,passive,2
0.6205,rehab,danger_boundary_spike,111.0750110214,-665.7995138551,225.4777681676,-177.3845949911,0.145451675,-149.9761103453,-107.6148,1.1084,150.3756,-293.25,26.1695,-181.4519,77.9261771242,26.9541133013,81.5990941451,-21.6466039452,-89.1413033619,-40.8817790181,10.273338435,5.9149442069,6.5503956156,-8.5700981463,-1.0704815105,7.7477113306,20.773,-5.3844,1.8959,-0.06815,-0.04668,0.1258,0.0021,0.002,0.00218,0.00165,0.00172,0.0016,0.041,0.0435,0.045,passive,2
0.6405,rehab,danger_boundary_spike,108.6613691035,-665.7380333762,228.4431662896,-177.388303226,0.1414806239,-149.978929587,-111.9695,1.18,150.7461,-8.7434,5.609,-4.1197,78.1261903185,27.0797159401,81.7449939592,-21.8347678484,-89.1607249846,-40.680922232,7.9182858362,5.2452319369,5.0818125062,-8.979177283,1.399015931,8.8176229568,19.349,-5.0879,1.5302,-0.06249,-0.05839,0.11121,0.0021,0.002,0.00218,0.00165,0.00172,0.0016,0.041,0.0435,0.045,passive,2
0.6605,rehab,danger_boundary_spike,106.5962297603,-665.7523139149,231.5076106111,-177.3873650859,0.1405491931,-149.9807598238,-107.9646,1.3327,150.2108,154.7487,46.5877,-285.4113,78.2429085577,27.1639225787,81.8023666453,-22.0057710365,-89.0853427246,-40.5290740998,6.2706546141,0.4262971475,3.8277529365,-8.2700003012,-1.1131868924,9.0864411413,17.0103,-4.553,2.2494,-0.05652,-0.03465,0.10506,0.0021,0.002,0.00218,0.00165,0.00172,0.0016,0.041,0.0435,0.045,passive,2
0.6805,rehab,danger_boundary_spike,104.3427863065,-665.6847238073,234.4516000062,-177.3923932492,0.1394520181,-149.9809840532,-105.7796,3.0435,139.3296,1412.8555,-8.1126,-2238.8154,78.3770165031,27.096767826,81.8981040767,-22.1655678605,-89.2052524602,-40.3174645863,9.266502659,3.2852796071,8.2579585627,-7.339706669,0.6671958651,5.9509702978,19.108,-5.0325,2.7197,-0.06471,-0.03842,0.11871,0.0021,0.002,0.00218,0.00165,0.00172,0.0016,0.041,0.0435,0.045,passive,2
0.7005,rehab,danger_boundary_spike,102.3650463725,-665.6305736734,237.0807949606,-177.3802570535,0.1431225016,-149.976793335,-51.4503,1.0082,60.6582,1111.0473,-101.3383,-1743.6585,78.613568664,27.295333763,82.1326849878,-22.2993593033,-89.05865489,-40.2910352879,4.3968576682,5.3710828422,3.4587530299,-2.7344767799,2.6022251112,0.8731117519,16.881,-4.4887,1.9005,-0.03999,-0.02935,0.10123,0.0021,0.002,0.00218,0.00165,0.00172,0.0016,0.041,0.0435,0.045,passive,2
0.7205,rehab,danger_boundary_spike,102.2847723527,-665.6443944242,236.8779291446,-177.3865069019,0.1432527069,-149.9801306415,-61.3377,-1.01,69.5833,-1589.0396,26.7619,2318.924,78.5528908098,27.3116111397,82.0364541979,-22.2749469317,-89.1011634558,-40.2825401163,3.8692704269,3.0049832589,1.6400349853,-5.013527376,-0.8179243751,6.6668756892,15.9346,-3.6694,2.2399,-0.05081,-0.03411,0.09983,0.0021,0.002,0.00218,0.00165,0.00172,0.0016,0.041,0.0435,0.045,passive,2
0.7405,rehab,danger_boundary_spike,99.9115386657,-665.670974785,239.8641256515,-177.388986904,0.1419882862,-149.9848790571,-115.0119,2.0787,153.4152,-1171.2852,59.4638,2053.4771,78.7683394811,27.4155330934,82.1982863872,-22.4999003983,-89.091371865,-40.0243602603,7.8046629639,5.0111626389,5.3458737791,-9.2893871597,0.6296360673,6.679629433,18.1123,-4.7949,3.3086,-0.06831,-0.03285,0.10778,0.0021,0.002,0.00218,0.00165,0.00172,0.0016,0.041,0.0435,0.045,passive,2
0.7605,rehab,danger_boundary_spike,97.6842949878,-665.5612460287,243.0145366884,-177.388930757,0.1447744766,-149.9814249811,-108.1891,1.3685,151.7224,51.0483,-72.9409,-423.3101,78.8650773283,27.5120576452,82.250289149,-22.646522418,-89.0759780131,-40.015354939,9.4809616173,2.9025541035,6.5685588711,-9.3288686343,0.4063736438,6.2288349016,17.1978,-4.0685,3.5095,-0.05629,-0.03472,0.1035,0.0021,0.002,0.00218,0.00165,0.00172,0.0016,0.041,0.0435,0.045,passive,2
0.7805,rehab,danger_boundary_spike,95.5839747082,-665.6162338961,245.9330196723,-177.3857784158,0.1412885877,-149.9815924113,-112.97,-0.8389,136.4828,-334.2804,28.5413,-601.5163,79.1475779458,27.5316352575,82.4610287421,-22.8730551437,-89.0751169193,-39.7752068643,8.2373133263,1.7199341671,7.076837788,-8.0743998319,-3.1679755707,8.3994400753,16.5305,4.4376,3.2395,0.04165,-0.03082,0.06468,0.0021,0.002,0.00218,0.00165,0.00172,0.0016,0.041,0.0435,0.045,passive,2
0.8005,rehab,danger_boundary_spike,93.165494852,-665.594803084,248.4738481241,-177.385344166,0.1393689984,-149.9796254548,-121.5603,2.5102,127.6617,48.5391,50.6283,-351.492,79.1945698614,27.5808550119,82.5333626606,-22.9694984113,-89.2026970359,-39.6793773359,5.2008720606,5.2777356044,3.58382177,-9.3328531372,0.2301559821,6.9309871944,16.2112,4.295,3.8596,0.03367,-0.02438,0.05642,0.0021,0.002,0.00218,0.00165,0.00172,0.0016,0.041,0.0435,0.045,passive,2
0.8205,rehab,danger_boundary_spike,90.7215621393,-665.515826992,251.0394875725,-177.3825606353,0.1391135725,-149.9822646262,-111.0284,1.1862,122.4231,402.4187,-98.2402,-211.7964,79.3556128282,27.7427446817,82.6043816129,-23.2463692692,-89.06591068,-39.4979673765,9.259616286,5.3587783974,4.5290557447,-8.7687624033,5.8390668622,7.4322519846,16.0435,4.5336,3.8244,0.02628,-0.02165,0.04494,0.0021,0.002,0.00218,0.00165,0.00172,0.0016,0.041,0.0435,0.045,passive,2
0.8405,rehab,danger_boundary_spike,88.7243572621,-665.5473548656,253.3707723506,-177.3795255376,0.1409071406,-149.9805706215,-105.4636,-1.4194,119.1898,141.8186,-40.4642,-15.6646,79.5649545128,27.7952061478,82.7145248903,-23.3202489075,-88.9691343614,-39.3820872566,7.2017017722,2.5984509141,5.0373686923,-6.2041391941,1.039648267,4.4965950999,16.3073,4.7559,4.2646,0.03601,-0.02834,0.06387,0.0021,0.002,0.00218,0.00165,0.00172,0.0016,0.041,0.0435,0.045,passive,2
0.8605,rehab,danger_boundary_spike,86.5030194502,-665.5726043389,255.8070812101,-177.3895913876,0.1444369089,-149.9781544944,-105.3557,-0.4324,121.7965,92.4454,28.3677,-241.5813,79.6436808991,27.8466827183,82.8058763606,-23.494534837,-89.0243247493,-39.3181035725,6.1559177615,1.4268992075,3.5285575836,-8.956856371,-0.1457062368,6.5349557525,15.4551,3.6712,4.0421,0.02173,-0.01817,0.06432,0.0021,0.002,0.00218,0.00165,0.00172,0.0016,0.041,0.0435,0.045,passive,2
0.8805,rehab,danger_boundary_spike,84.5101294007,-665.5646493463,258.2426332372,-177.3840458629,0.1407329616,-149.9776476773,-101.7658,-0.2847,109.5266,74.2913,24.9271,-636.0229,79.8111912233,27.8522821161,82.8556671937,-23.6785231623,-88.9749626109,-39.1206890265,7.1420204647,4.9395184268,3.8159627665,-8.1393080701,-1.1889773783,8.1945945682,15.6662,4.2246,4.3408,0.03033,-0.01983,0.06785,0.0021,0.002,0.00218,0.00165,0.00172,0.0016,0.041,0.0435,0.045,passive,2
0.9005,rehab,danger_boundary_spike,82.4323893399,-665.5839934263,260.1881446897,-177.3840984661,0.1414873521,-149.9793763796,-102.384,0.5647,96.3556,202.3575,69.8896,-348.0429,79.9293617177,28.0442634553,82.9585148712,-23.8201071598,-89.0718838444,-38.9903197898,4.3761506876,5.9028113016,6.7530353889,-6.8056194451,-2.451874039,4.1254521218,15.9035,4.1802,4.604,0.02957,-0.02252,0.06112,0.0021,0.002,0.00218,0.00165,0.00172,0.0016,0.041,0.0435,0.045,passive,2
0.9205,rehab,danger_boundary_spike,80.4147675665,-665.5420603913,262.0968574397,-177.3879011224,0.1387493978,-149.9735523769,-93.6715,2.5109,95.6049,374.1841,-31.7107,-83.9449,79.9862372508,28.0883945682,83.1257886092,-23.9507479401,-89.0730375725,-38.9556709416,5.7289178848,2.744891416,4.3770008256,-5.9219683651,0.2955617948,3.9771708067,13.4204,3.9011,3.526,0.02547,-0.02159,0.05499,0.0021,0.002,0.00218,0.00165,0.00172,0.0016,0.041,0.0435,0.045,passive,2
0.9405,rehab,danger_boundary_spike,78.6855311662,-665.4835592179,264.0123394844,-177.3889704132,0.1394151246,-149.9766673121,-87.4167,-0.7037,92.9978,86.353,-85.7861,-93.5321,80.1585184331,28.154059112,83.1335949043,-24.0569858944,-89.0600613726,-38.8312329575,7.3804187947,0.1612706143,3.1751421845,-5.524965897,2.5350544736,5.5751558533,15.3347,4.4212,4.534,0.0252,-0.0119,0.05835,0.0021,0.002,0.00218,0.00165,0.00172,0.0016,0.041,0.0435,0.045,passive,2
0.9605,rehab,danger_boundary_spike,76.9181002764,-665.5702085787,265.8167698421,-177.3870989291,0.141982209,-149.9825851013,-90.2173,-0.9206,91.8636,24.4924,41.9179,-205.8772,80.2814540026,28.0948453927,83.2527942966,-24.171746576,-88.9716353935,-38.7326647074,6.5827696686,1.4693326785,5.2152331183,-7.3103936526,0.0856685863,5.3899842094,15.1491,3.8329,4.4352,0.00919,-0.01429,0.05886,0.0021,0.002,0.00218,0.00165,0.00172,0.0016,0.041,0.0435,0.045,passive,2
0.9805,rehab,danger_boundary_spike,75.0768378212,-665.520382777,267.6868829063,-177.3832857266,0.1432853402,-149.9790385777,-86.437,0.973,84.7627,180.09,28.3564,-379.0879,80.4218292198,28.2128324191,83.342204229,-24.3494016405,-89.0566346292,-38.6156335891,5.0197585789,4.5626787165,4.337653877,-7.8893925456,-0.2460117603,6.9081662838,16.0423,4.1882,4.9446,0.02198,-0.02046,0.0632,0.0021,0.002,0.00218,0.00165,0.00172,0.0016,0.041,0.0435,0.045,passive,2
1.0005,rehab,danger_boundary_spike,73.4606208942,-665.5312881069,269.207278655,-177.3852154116,0.1398242528,-149.9859491556,-83.0137,0.2137,76.7001,38.6575,-43.1564,-137.4656,80.4822443457,28.2773525414,83.4263004517,-24.4873222778,-88.981475864,-38.4563380561,4.8358793308,4.6040631829,3.7984883228,-4.028278114,0.5338292874,4.677679164,16.0047,4.3555,4.9253,0.02085,-0.01581,0.05394,0.0021,0.002,0.00218,0.00165,0.00172,0.0016,0.041,0.0435,0.045,passive,2
1.0205,rehab,danger_boundary_spike,71.7562885034,-665.5118361469,270.7548856756,-177.3838727798,0.1427840616,-149.97948162,-84.8907,-0.7532,79.2641,217.9418,-30.2193,80.3211,80.6152643931,28.3969949464,83.4941437619,-24.510532765,-89.0352814577,-38.4285264226,3.3623072598,5.467432039,2.183156114,-1.8597393361,-0.2592183786,2.3926837368,16.1457,4.3943,5.2328,0.01394,-0.01823,0.05935,0.0021,0.002,0.00218,0.00165,0.00172,0.0016,0.041,0.0435,0.045,passive,2
1.0405,rehab,danger_boundary_spike,70.0649935644,-665.5614178196,272.3778424814,-177.3831486005,0.141854209,-149.9773703052,-74.2961,-0.9951,79.9129,287.9585,45.7993,-247.7052,80.6167366361,28.4960498229,83.5136266963,-24.5617118512,-88.9918445991,-38.3606307066,4.1065977668,0.6259648087,3.1045289612,-4.5507735788,0.2142168708,4.7170499178,16.435,4.5069,5.5292,0.0247,-0.0119,0.07007,0.0021,0.002,0.00218,0.00165,0.00172,0.0016,0.041,0.0435,0.045,passive,2
1.0605,rehab,danger_boundary_spike,68.784446019,-665.5516403865,273.9514021261,-177.3866165141,0.143894768,-149.9757421129,-73.3723,1.0787,69.3559,-138.8193,17.7057,-307.0597,80.7795283037,28.4220335388,83.6183249204,-24.6925637082,-89.0267127829,-38.2398444259,6.0366928337,-1.2660817988,2.8528786716,-6.4041392771,-0.0465074349,5.5642622512,14.6959,4.3372,5.186,0.0234,-0.01153,0.06032,0.0021,0.002,0.00218,0.00165,0.00172,0.0016,0.041,0.0435,0.045,passive,2
1.0805,rehab,danger_boundary_spike,67.1300998586,-665.51826865,275.1520780259,-177.3810074795,0.1407792199,-149.9781024729,-79.8488,-0.2869,67.6305,-115.9961,-83.874,-115.0577,80.8582043495,28.445406551,83.6277418431,-24.8178774223,-88.9937048965,-38.1380602166,4.3258128382,1.3371063851,3.2220402795,-7.0196597654,1.8037517573,4.7151036384,14.6653,4.4684,5.2948,0.04196,-0.0086,0.05086,0.0021,0.002,0.00218,0.00165,0.00172,0.0016,0.041,0.0435,0.045,passive,2
1.1005,rehab,danger_boundary_spike,65.590492687,-665.5631155463,276.6566230807,-177.3823274583,0.1394334186,-149.9728971628,-78.0122,-2.2762,64.7536,-40.208,6.5891,-99.8482,80.9525608173,28.4755177942,83.7472065315,-24.9733500988,-88.9545627126,-38.0512402803,5.2413336833,3.0619847116,3.3676148407,-4.6001667573,-1.8060367841,3.1652390796,14.9589,4.5135,5.6221,0.0178,-0.00651,0.06103,0.0021,0.002,0.00218,0.00165,0.00172,0.0016,0.041,0.0435,0.045,passive,2
1.1205,rehab,danger_boundary_spike,64.009612374,-665.6093179445,277.7422211918,-177.3817362365,0.141489328,-149.9752632383,-81.4572,-0.0233,63.6366,56.1815,43.0336,174.2574,81.0678576968,28.5678859395,83.7624464368,-25.0018840926,-89.0659463679,-38.0114506534,5.3553355692,4.8973895155,1.2919305064,-5.0005003618,-1.5704651915,0.5251561301,14.7013,4.114,5.1494,0.03348,-0.02643,0.06558,0.0021,0.002,0.00218,0.00165,0.00172,0.0016,0.041,0.0435,0.045,passive,2
1.1405,rehab,danger_boundary_spike,62.3322065611,-665.5640481577,279.2020869739,-177.3854984762,0.1395863894,-149.9738996026,-75.7649,-0.5549,71.7239,269.5824,-85.5312,-28.2824,81.16677424,28.6714133748,83.7988837518,-25.1733701133,-89.0173813202,-38.0302340351,5.5512357123,2.6939651293,2.9191044766,-6.440511605,3.1173443709,4.4566406206,14.7577,3.6375,5.6645,0.01374,-0.0137,0.04557,0.0021,0.002,0.00218,0.00165,0.00172,0.0016,0.041,0.0435,0.045,passive,2
1.1605,rehab,danger_boundary_spike,60.9790153413,-665.6315134851,280.6111762144,-177.3824384832,0.1373304595,-149.9721191429,-70.6739,-3.4446,62.5053,104.2417,-47.3917,-271.5469,81.2899071253,28.6756445446,83.8792106158,-25.2595045568,-88.941252593,-37.8331850286,3.7801355073,0.2793517236,3.5234232301,-3.232200007,1.8801624276,5.4862192064,15.3282,4.0732,6.037,0.01064,-0.00746,0.05833,0.0021,0.002,0.00218,0.00165,0.00172,0.0016,0.041,0.0435,0.045,passive,2
1.1805,rehab,danger_boundary_spike,59.5052523254,-665.7018306302,281.7022990565,-177.3818605931,0.1413451918,-149.9748608061,-71.5953,-2.4506,60.862,63.6336,106.8183,-89.497,81.3179796603,28.6825874437,83.939820681,-25.3026581136,-88.9421748231,-37.8107852669,1.7731282235,3.4658568428,1.6360773231,-3.2096128716,0.3468010844,2.653575583,15.5887,4.704,5.9404,0.01954,-0.00705,0.06258,0.0021,0.002,0.00218,0.00165,0.00172,0.0016,0.041,0.0435,0.045,passive,2
1.2005,rehab,danger_boundary_spike,58.1152050047,-665.7295357994,283.0456561668,-177.3868313843,0.137705292,-149.9727603962,-68.1285,0.8282,58.9254,-1258.9812,29.0293,943.5611,81.3608322542,28.8142788183,83.9446537087,-25.3878890717,-88.9273805496,-37.7270420053,6.1799469635,3.075799233,4.2253029853,-5.7217497369,-0.6732262116,5.8302711312,14.8744,3.6374,6.3351,0.00665,-0.00202,0.07064,0.0021,0.002,0.00218,0.00165,0.00172,0.0016,0.041,0.0435,0.045,passive,2
1.2205,rehab,danger_boundary_spike,56.7801118849,-665.6687038094,284.0593159025,-177.3804030701,0.137980918,-149.9781133589,-121.9545,-1.2894,98.6044,-1764.2723,-90.024,1305.083,81.5651775389,28.8056194131,84.1088328004,-25.531528103,-88.9691038716,-37.5775744216,7.2425943462,1.4998150956,7.5096926694,-7.7846109723,-2.2135137482,6.8226909253,15.501,4.2743,6.2452,0.02294,-0.01317,0.06005,0.0021,0.002,0.00218,0.00165,0.00172,0.0016,0.041,0.0435,0.045,passive,2
1.2405,rehab,danger_boundary_spike,53.2370247407,-665.7811112221,286.9898338071,-177.3846694868,0.1418650871,-149.9747637527,-138.6994,-2.7728,111.1287,660.2041,26.411,-552.919,81.6505360281,28.8742714222,84.2450414155,-25.6992735106,-89.0159210996,-37.4541343682,3.6950434798,4.4184445518,3.5597324889,-5.9261444565,1.5504994556,5.4386009268,16.1815,4.8499,6.8531,0.01747,-0.00223,0.05548,0.0021,0.002,0.00218,0.00165,0.00172,0.0016,0.041,0.0435,0.045,passive,2
1.2605,rehab,danger_boundary_spike,51.2321358113,-665.779615334,288.5044655248,-177.3789232407,0.1452928406,-149.975649734,-95.5463,-0.2329,76.4877,1103.7485,72.1173,-739.2869,81.7129792781,28.9823571951,84.2512221,-25.7685738813,-88.9070838934,-37.3600303845,5.7689381339,3.6990365534,1.4956166956,-7.8001437488,1.494905747,5.1252089256,15.2701,4.1515,6.5752,0.00824,-0.00163,0.06876,0.0021,0.002,0.00218,0.00165,0.00172,0.0016,0.041,0.0435,0.045,passive,2
1.2805,rehab,danger_boundary_spike,49.4151710723,-665.7904290783,290.0493410265,-177.3897298931,0.1394428443,-149.9853720731,-94.5495,0.1119,81.5573,-231.8842,-55.8205,175.5334,81.8812935535,29.0222328843,84.3048660833,-26.0112792605,-88.9561248697,-37.2491260112,6.424238333,1.8910560495,6.081644945,-8.1609182817,0.5794718457,6.4892535524,16.4804,4.4095,7.0894,0.0133,-0.00676,0.06595,0.0021,0.002,0.00218,0.00165,0.00172,0.0016,0.041,0.0435,0.045,passive,2
1.3005,rehab,danger_boundary_spike,47.4501573532,-665.7751391242,291.7667560305,-177.3852265152,0.1438074436,-149.9750820269,-104.8217,-2.4658,83.509,-396.5541,-51.1091,-46.6891,81.9699488114,29.0579994371,84.4944878978,-26.0950106126,-88.8839050195,-37.1004602424,6.6423322112,1.9390010181,7.1331617851,-6.044276631,2.2862083337,5.5677957395,16.2071,4.364,7.6817,0.02104,-0.00188,0.05796,0.0021,0.002,0.00218,0.00165,0.00172,0.0016,0.041,0.0435,0.045,passive,2
1.3205,rehab,danger_boundary_spike,45.2223026802,-665.8890598091,293.3897016968,-177.3825930073,0.1454374711,-149.9785399124,-110.4116,-1.9325,79.6897,-49.5657,52.2004,-206.8147,82.1469868419,29.099792925,84.5901925548,-26.2530503258,-88.8646765363,-37.0264141816,7.0042451924,4.5925414033,4.1682695464,-4.2294303134,0.7751802281,4.4363606486,16.7291,4.8797,7.572,0.02172,-0.0092,0.07493,0.0021,0.002,0.00218,0.00165,0.00172,0.0016,0.041,0.0435,0.045,passive,2
1.3405,rehab,danger_boundary_spike,43.0336923683,-665.8524374724,294.9543439168,-177.3849860146,0.1435360906,-149.9781080965,-106.8043,-0.3778,75.2364,-33.5254,-48.8536,-43.0088,82.2501186191,29.2417010932,84.6612186796,-26.2641878251,-88.8528978104,-36.9230058165,5.7025463501,3.2386989348,3.5413234041,-4.1260108794,0.3296566714,3.6040402705,15.9369,4.6261,7.6808,0.01141,-0.00508,0.0486,0.0021,0.002,0.00218,0.00165,0.00172,0.0016,0.041,0.0435,0.045,passive,2
1.3605,rehab,danger_boundary_spike,40.9501291525,-665.9041699243,296.3991588453,-177.3810705978,0.1425205328,-149.9743452944,-111.7526,-3.8866,77.9693,-317.5167,-103.314,92.1999,82.3750886959,29.2293408824,84.7318454909,-26.4180907609,-88.8514902695,-36.8822525708,4.8855538414,1.5891014454,2.931295677,-8.7208673813,-1.4174538614,4.7129716643,16.4,4.861,7.5163,0.02305,-0.00815,0.05804,0.0021,0.002,0.00218,0.00165,0.00172,0.0016,0.041,0.0435,0.045,passive,2
1.3805,rehab,danger_boundary_spike,38.5635866926,-666.0079015649,298.0731177829,-177.3824737997,0.1436390696,-149.9738361081,-119.505,-4.5103,78.9244,-158.0021,89.1614,191.8863,82.4455407727,29.3052651511,84.7784705067,-26.6130225204,-88.9095959649,-36.7344869499,4.0220753037,5.0456798174,3.0514746264,-8.9939133393,-2.3474244808,5.7221819841,17.5971,4.786,8.271,0.01377,-0.01466,0.07064,0.0021,0.002,0.00218,0.00165,0.00172,0.0016,0.041,0.0435,0.045,passive,2
1.4005,rehab,danger_boundary_spike,36.169928961,-666.0845824854,299.5561357968,-177.3782747629,0.1420135551,-149.9717565936,-118.0727,-0.3201,85.6448,-60.6897,94.9494,85.081,82.5359717081,29.4311680751,84.853904476,-26.7778472945,-88.9453872487,-36.6533652914,8.3318871908,3.6885838954,5.8143664786,-5.3510640698,-0.7623038348,5.7815162866,15.8062,4.7065,7.4764,0.01881,-0.00574,0.06297,0.0021,0.002,0.00218,0.00165,0.00172,0.0016,0.041,0.0435,0.045,passive,2
1.4205,rehab,danger_boundary_spike,33.8406776192,-666.0207073442,301.4989097445,-177.3788117884,0.1417395471,-149.9759852439,-121.9326,-0.7123,82.3277,-162.648,-83.7081,-225.7804,82.7788162604,29.4528085069,85.0110451658,-26.8270650831,-88.9400881183,-36.5032262985,9.0156440067,2.6802733205,4.5473879368,-5.8510498707,3.9517585898,6.736282176,16.8966,5.1092,8.442,0.00805,0.00094,0.06392,0.0021,0.002,0.00218,0.00165,0.00172,0.0016,0.041,0.0435,0.045,passive,2
1.4405,rehab,danger_boundary_spike,31.2926251801,-666.1130760084,302.8492423596,-177.3801632539,0.1400457694,-149.9725162517,-124.5786,-3.6685,76.6136,36.5208,-47.2016,87.5957,82.8965974683,29.5383790079,85.0357999934,-27.0118892893,-88.7873169051,-36.3839140044,5.5487101645,4.481842009,2.447059827,-9.03087283,-0.9147629778,5.1095778695,17.4265,5.4257,8.9425,0.0224,-0.00061,0.06875,0.0021,0.002,0.00218,0.00165,0.00172,0.0016,0.041,0.0435,0.045,passive,2
1.4605,rehab,danger_boundary_spike,28.857531815,-666.1674460341,304.5634530986,-177.3785499797,0.1374729361,-149.9769726969,-120.4718,-2.6004,85.8315,-89.3922,35.9786,283.3739,83.000764667,29.6320821872,85.1089275589,-27.1882999963,-88.9766786374,-36.2988431837,7.1702162019,2.2168756235,3.8394580683,-6.2593777876,-2.7498799321,5.9663490173,16.901,4.8293,8.8363,0.00388,0.00622,0.06755,0.0021,0.002,0.00218,0.00165,0.00172,0.0016,0.041,0.0435,0.045,passive,2
1.4805,rehab,danger_boundary_spike,26.4737547384,-666.2170921384,306.2825019867,-177.3801705535,0.1408065185,-149.9732714112,-128.1543,-2.2293,87.9485,-395.484,52.9927,-182.9798,83.1834061164,29.6270540329,85.1893783162,-27.2622644008,-88.8973121024,-36.1452600437,8.3890877586,2.745642893,3.5153802618,-7.2143020887,3.2082845363,7.7226308034,16.9715,4.4728,9.0342,0.00407,-0.00462,0.07881,0.0021,0.002,0.00218,0.00165,0.00172,0.0016,0.041,0.0435,0.045,passive,2
1.5005,rehab,danger_boundary_spike,23.7313585036,-666.2566189723,308.0813947689,-177.3833408248,0.1386044372,-149.972261886,-136.2911,-0.4807,78.5123,-143.083,19.8207,-277.9929,83.3363281773,29.741907903,85.2495427694,-27.4768720799,-88.8483472559,-35.9899379515,4.8966016268,4.4953082865,5.1176282624,-7.2225896464,2.612214116,8.4142374136,16.578,4.9132,9.6355,0.01014,0.00903,0.07205,0.0021,0.002,0.00218,0.00165,0.00172,0.0016,0.041,0.0435,0.045,passive,2
1.5205,rehab,danger_boundary_spike,21.0221098963,-666.2363198745,309.4229939678,-177.3845419406,0.1411361665,-149.9734264721,-133.8777,-1.4365,76.8288,-38.4032,-9.5961,240.686,83.3792701815,29.8068663643,85.3940834467,-27.5511679867,-88.7928235378,-35.8086905472,5.6559428365,4.243395258,5.6270881192,-6.9335951486,-1.041842408,6.4957410865,17.5525,5.6338,10.0221,0.01193,0.01536,0.05154,0.0021,0.002,0.00218,0.00165,0.00172,0.0016,0.041,0.0435,0.045,passive,2
1.5405,rehab,danger_boundary_spike,18.3762524566,-666.3140787691,311.1545478184,-177.3860912665,0.1392976687,-149.972031502,-137.8273,-0.8645,88.1397,-170.0062,-14.2668,78.0459,83.5625658908,29.9116437133,85.4746262942,-27.7542158858,-88.8900209522,-35.7301083081,5.7956514996,3.9536726906,6.4314874703,-8.9845719839,-0.963387561,3.8469796582,19.255,5.1654,10.9961,0.01202,0.00691,0.07546,0.0021,0.002,0.00218,0.00165,0.00172,0.0016,0.041,0.0435,0.045,passive,2
1.5605,rehab,danger_boundary_spike,15.509019862,-666.2709013858,312.9485835616,-177.3834005484,0.1416689183,-149.9754946633,-140.6779,-2.0072,79.9507,-112.5979,-62.8478,-431.2146,83.6110962415,29.965013272,85.6513429455,-27.9105508661,-88.8313590402,-35.6548113608,7.2707523013,0.3140361601,5.4258759418,-8.0432048381,1.327891444,4.0516524018,16.8885,4.6203,9.217,0.00882,-0.00363,0.074,0.0021,0.002,0.00218,0.00165,0.00172,0.0016,0.041,0.0435,0.045,passive,2
1.5805,rehab,danger_boundary_spike,12.7491364134,-666.3943654892,314.352574286,-177.3831317588,0.1425680759,-149.9750279824,-142.3312,-3.3785,70.8912,103.1825,-25.0839,-99.697,83.8533959828,29.9242051597,85.6916613318,-28.0759440794,-88.8369052945,-35.568042212,9.057456359,1.1697085559,1.8992152249,-5.905734229,-1.2257338336,5.6284869739,17.1575,5.421,10.9221,0.01475,0.01705,0.05804,0.0021,0.002,0.00218,0.00165,0.00172,0.0016,0.041,0.0435,0.045,passive,2
1.6005,rehab,danger_boundary_spike,9.8157731834,-666.4060394101,315.7842297654,-177.3834608572,0.1381395367,-149.9692607073,-136.5506,-3.0105,75.9628,135.5569,-18.1862,271.7066,83.9733944958,30.0118016142,85.7273115545,-28.1467802352,-88.8803883936,-35.4296718819,7.1906449329,5.9468188536,5.6021877991,-7.3128646329,0.8368846149,7.0388730983,16.6618,5.1708,10.7633,0.01392,0.02251,0.06742,0.0021,0.002,0.00218,0.00165,0.00172,0.0016,0.041,0.0435,0.045,passive,2
1.6205,rehab,danger_boundary_spike,7.2871123142,-666.5147863764,317.391085531,-177.3785607956,0.1356698349,-149.9683575609,-136.9089,-4.1059,81.7594,-275.2736,45.4919,5.1342,84.1410217801,30.1620779138,85.9157488438,-28.3684586647,-88.8034299099,-35.2864872881,7.7376899895,3.8839553771,5.059135329,-9.3396440634,2.7138659172,8.3841373774,16.9356,5.3849,11.2855,-0.00277,0.01902,0.0658,0.0021,0.002,0.00218,0.00165,0.00172,0.0016,0.041,0.0435,0.045,passive,2
1.6405,rehab,danger_boundary_spike,4.3394175832,-666.5702753373,319.0546065162,-177.3815082773,0.1425360878,-149.9774981478,-147.5615,-1.1908,76.1682,-84.1174,54.6834,-231.1904,84.2829020954,30.1671598293,85.9296769676,-28.5203659978,-88.7718337569,-35.0943063868,7.2454660372,2.6429859085,5.9501881105,-7.8063523962,-0.444246243,6.5717239656,17.301,5.4972,11.7172,-5e-05,0.0156,0.06417,0.0021,0.002,0.00218,0.00165,0.00172,0.0016,0.041,0.0435,0.045,passive,2
1.6605,rehab,danger_boundary_spike,1.384650384,-666.5624202118,320.4378115492,-177.382793732,0.1427626326,-149.9708668095,-140.2736,-1.9186,72.5118,123.8352,-31.2691,-168.2333,84.4308404216,30.2677973502,86.1537563682,-28.6807127605,-88.8211997596,-35.0236183295,5.3602274749,5.9070160607,7.2521830454,-6.2007338426,0.0325301899,6.724163326,18.677,5.6633,12.1207,0.00616,0.01492,0.06596,0.0021,0.002,0.00218,0.00165,0.00172,0.0016,0.041,0.0435,0.045,passive,2
1.6805,rehab,danger_boundary_spike,-1.2715259085,-666.6470178853,321.9550786081,-177.384416382,0.1415864956,-149.9763074468,-142.6081,-2.4416,69.4388,-52.7013,51.2816,-3.4702,84.4973111944,30.4034404717,86.2197642895,-28.7683953515,-88.7705325493,-34.8253398537,4.9674380737,4.6421308477,5.7638112411,-8.1458059035,1.7358472465,5.7406829099,17.3537,5.3814,11.7289,0.00605,0.02856,0.06861,0.0021,0.002,0.00218,0.00165,0.00172,0.0016,0.041,0.0435,0.045,passive,2
1.7005,rehab,danger_boundary_spike,-4.3196752816,-666.6600845624,323.2153643507,-177.3804823624,0.1374860142,-149.974929457,-142.3816,0.1327,72.373,8.8769,-19.1357,8.2496,84.6295379446,30.4534825841,86.3843088179,-29.0065449967,-88.7517658697,-34.7939910131,7.3897883088,0.7463922471,2.7297154828,-6.9046348417,-1.2166416911,2.5598240575,16.6441,5.2942,11.8879,0.0034,0.02958,0.04579,0.0021,0.002,0.00218,0.00165,0.00172,0.0016,0.041,0.0435,0.045,passive,2
1.7205,rehab,danger_boundary_spike,-6.9667915488,-666.641709822,324.8499984168,-177.3818737289,0.1398411872,-149.9738675773,-142.2531,-3.207,69.7688,7574.5144,-91.5059,-3872.4861,84.7929027267,30.4332961616,86.3289529088,-29.0445807451,-88.8191982169,-34.7229468914,8.57878681,4.0920095489,1.2855600244,-7.9176809781,-2.1883439138,7.8827870734,17.502,5.3455,12.2922,0.00915,0.02647,0.06166,0.0021,0.002,0.00218,0.00165,0.00172,0.0016,0.041,0.0435,0.045,passive,2
1.7405,rehab,danger_boundary_spike,-10.0097979697,-666.7883660714,326.0061165195,-177.3743996362,0.1416613118,-149.9755380475,160.5989,-3.5275,-82.5264,7820.7462,25.3032,-3862.995,84.972689417,30.617162966,86.4357312188,-29.3232522358,-88.8392996263,-34.4786795301,-7.2679972962,-0.4946807188,-3.0821047697,8.392620926,-1.4513049252,-6.2869210128,-1.5495,5.3385,20.4166,-0.03015,0.12791,-0.03106,0.0021,0.002,0.00218,0.00165,0.00172,0.0016,0.041,0.0435,0.045,passive,2
1.7605,rehab,danger_boundary_spike,-0.5428342112,-666.7828112654,321.5489405097,-177.381596155,0.1396653221,-149.9722704713,170.5768,-2.1949,-84.751,-7040.2957,34.5177,3468.9735,84.5021828349,30.4135089328,86.205668718,-28.7088759081,-88.8772504139,-34.974423732,-8.6078222382,-4.1539689685,-3.4069712904,12.3889484183,1.121201894,-9.3520111169,-1.0125,5.5536,21.9907,-0.03454,0.13118,-0.02875,0.0021,0.002,0.00218,0.00165,0.00172,0.0016,0.041,0.0435,0.045,passive,2
1.7805,rehab,danger_boundary_spike,-3.186726717,-666.8761624109,322.6160767442,-177.3839202495,0.1390298242,-149.9725688166,-121.0129,-2.1468,56.2325,-7315.5124,5.7748,3607.8021,84.6283765274,30.4510042073,86.2994523672,-28.8276942991,-88.7944515505,-34.8527599748,5.3096563457,2.4951712273,2.5853351172,-7.0510384695,-0.8189720835,6.1595921348,18.2032,5.905,12.6631,0.01442,0.0137,0.07079,0.0021,0.002,0.00218,0.00165,0.00172,0.0016,0.041,0.0435,0.045,passive,2
1.8005,rehab,danger_boundary_spike,-5.383350043,-666.8686843857,323.7982402639,-177.3724422818,0.1375407812,-149.9701903347,-122.0437,-1.9639,59.5611,-71.7974,0.0608,139.2174,84.7145690887,30.5133157819,86.3090821227,-28.9909174469,-88.9100092973,-34.7280400466,5.9323992688,-0.0954795796,3.6086818318,-8.827846709,-1.7257159085,5.8672903161,17.1574,5.4949,12.3995,-0.00203,0.01943,0.05352,0.0021,0.002,0.00218,0.00165,0.00172,0.0016,0.041,0.0435,0.045,passive,2
1.8205,rehab,danger_boundary_spike,-8.0684752691,-666.9547189931,324.9985204032,-177.3792455793,0.1384735565,-149.9764951786,-123.8848,-2.1444,61.8012,133.4666,67.7003,-206.8548,84.8656724982,30.4471850241,86.4437996405,-29.1808081674,-88.8634801869,-34.6180683622,4.8386299618,2.9284875786,4.5705713063,-7.2231254633,3.4253703995,5.0987259019,17.657,5.8201,13.1233,0.00895,0.02916,0.06745,0.0021,0.002,0.00218,0.00165,0.00172,0.0016,0.041,0.0435,0.045,passive,2
1.8405,rehab,danger_boundary_spike,-10.3387417392,-666.9544602404,326.2702878125,-177.3743882295,0.1342803826,-149.9784451362,-116.7051,0.7441,51.2869,129.0707,-2.1074,-309.3641,84.9081142872,30.6304552851,86.4919049749,-29.2798424654,-88.7729944813,-34.5240910105,5.5326325616,5.0217263506,4.1333125209,-5.9731821368,2.987915057,5.5079323604,17.129,5.2758,12.2111,0.00478,0.01743,0.07073,0.0021,0.002,0.00218,0.00165,0.00172,0.0016,0.041,0.0435,0.045,passive,2
1.8605,rehab,danger_boundary_spike,-12.7366773312,-666.9249551467,327.0499964342,-177.3799692563,0.1384000027,-149.9755649347,-118.722,-2.2287,49.4266,-110.6944,-167.8195,69.0313,85.0869778006,30.6480540781,86.6091321413,-29.4197354529,-88.7439635846,-34.3977510677,7.5475714308,3.7588161907,5.8197868323,-7.9289557019,-1.8639571437,4.6871804291,16.934,5.3824,13.0223,0.00324,0.02158,0.04616,0.0021,0.002,0.00218,0.00165,0.00172,0.0016,0.041,0.0435,0.045,passive,2
1.8805,rehab,danger_boundary_spike,-15.0876203729,-667.0436078879,328.2473527336,-177.3798737904,0.1369861708,-149.9696569785,-121.1328,-5.9687,54.0482,95.7912,6.4393,-62.7143,85.2100171444,30.7808079327,86.7246964482,-29.5970006935,-88.847552767,-34.3366037933,6.7998438391,2.5574202325,1.9500523712,-6.7333860293,-1.7497289479,4.3217533472,17.611,5.4235,13.2757,-0.00214,0.02488,0.06098,0.0021,0.002,0.00218,0.00165,0.00172,0.0016,0.041,0.0435,0.045,passive,2
1.9005,rehab,danger_boundary_spike,-17.5819904501,-667.163702439,329.2119226043,-177.3822873479,0.1377100955,-149.9732729969,-114.8903,-1.9711,46.9181,283.9729,143.2696,-203.3401,85.3589715542,30.7503508874,86.6871342362,-29.6890708941,-88.8139527425,-34.2248809339,4.1443249,-0.7059372439,1.583705764,-4.2125160715,0.1187096079,6.8983930479,16.8023,5.137,13.5902,-0.01025,0.02813,0.06466,0.0021,0.002,0.00218,0.00165,0.00172,0.0016,0.041,0.0435,0.045,passive,2
1.9205,rehab,danger_boundary_spike,-19.6832331273,-667.1224527309,330.1240747651,-177.3813693483,0.1389586173,-149.9716958847,-109.7739,-0.2379,45.9146,241.672,-51.7435,-34.2305,85.3757901404,30.7525704429,86.7880446788,-29.7655013363,-88.8428043827,-34.0606680714,3.4882560253,2.6090803098,5.8122557679,-4.5601947477,0.2696770647,6.4886981538,17.06,5.4412,13.2019,-0.00578,0.03013,0.06333,0.0021,0.002,0.00218,0.00165,0.00172,0.0016,0.041,0.0435,0.045,passive,2
1.9405,rehab,danger_boundary_spike,-21.972946859,-667.1732184373,331.0485046535,-177.3757039747,0.1400735101,-149.9727378844,-105.2234,-4.0409,45.5488,35.8346,-55.7318,-7.1029,85.4985017952,30.8547140998,86.9196244669,-29.871478684,-88.8031656599,-33.9653330077,7.0166819014,5.3978745047,3.3825203523,-6.7233183745,0.6368619956,4.016745394,15.8606,5.1528,12.9242,0.00964,0.03185,0.06317,0.0021,0.002,0.00218,0.00165,0.00172,0.0016,0.041,0.0435,0.045,passive,2
1.9605,rehab,danger_boundary_spike,-23.8921707305,-667.2840872129,331.9460279207,-177.3759261574,0.1379919273,-149.9729452045,-108.3405,-2.4672,45.6304,-45.9814,96.8203,-75.484,85.6564574165,30.9684854231,86.9233454929,-30.0344340713,-88.8173299029,-33.8999982557,6.1361416394,3.2949114643,1.6173167336,-8.2558523959,3.4860996121,-0.129938224,16.2884,5.3379,13.9461,-0.00307,0.03408,0.06321,0.0021,0.002,0.00218,0.00165,0.00172,0.0016,0.041,0.0435,0.045,passive,2
1.9805,rehab,danger_boundary_spike,-26.3065679531,-667.2719053689,332.8737219865,-177.3760242428,0.1388271028,-149.9708293904,-107.0627,-0.168,42.5295,341.946,25.4632,-274.3706,85.7439474608,30.9865105584,86.9843171362,-30.2017127798,-88.6637216754,-33.9705305367,3.1914206964,-0.1115161827,4.6418604959,-4.9670127041,2.231933511,4.8830644002,17.918,6.1304,15.792,-0.01375,0.04201,0.05935,0.0021,0.002,0.00218,0.00165,0.00172,0.0016,0.041,0.0435,0.045,passive,2
2.0005,rehab,danger_boundary_spike,-28.1746785815,-667.2908091478,333.6472066887,-177.3768705356,0.1401552505,-149.9725967279,-94.6627,-1.4486,34.6556,371.3866,-73.2725,-53.9009,85.7841142443,30.9640247758,87.1090199127,-30.2331145795,-88.7280525624,-33.7046756796,2.4969819378,2.3980147333,5.3241230326,-1.4522618334,-2.5584361089,6.634050542,16.7727,5.5899,14.4572,-0.00254,0.03805,0.07276,0.0021,0.002,0.00218,0.00165,0.00172,0.0016,0.041,0.0435,0.045,passive,2
2.0205,rehab,danger_boundary_spike,-30.0930754178,-667.3298511357,334.2599462835,-177.3831793084,0.1350423785,-149.975507465,-92.2072,-3.0989,40.3734,60.5689,29.0874,-1.9726,85.8438267383,31.0824311477,87.1972820576,-30.2598032531,-88.7660591198,-33.705168515,4.5949118232,4.8509830668,4.1438182405,-6.0340105312,0.1247765765,1.8713389746,17.694,5.9972,15.165,-0.00662,0.039,0.05715,0.0021,0.002,0.00218,0.00165,0.00172,0.0016,0.041,0.0435,0.045,passive,2
2.0405,rehab,danger_boundary_spike,-31.862967929,-667.4147670459,335.2621440061,-177.3829248214,0.135835509,-149.9729476307,-92.2399,-0.2851,34.5767,-70.1455,75.5738,-456.1566,85.9679107173,31.1580640985,87.2747726423,-30.4744750007,-88.7230614994,-33.6298221207,6.6387532426,0.3988810064,2.7503223593,-6.7975234747,-0.9457244942,6.498969412,16.3552,5.3569,14.8291,-0.00372,0.03824,0.07011,0.0021,0.002,0.00218,0.00165,0.00172,0.0016,0.041,0.0435,0.045,passive,2
2.0605,rehab,danger_boundary_spike,-33.7826726119,-667.3412570234,335.6430144714,-177.3811752497,0.1382661144,-149.9737808666,-95.0131,-0.076,22.1272,197.101,-84.4817,-289.7135,86.109376868,31.098386388,87.3072949519,-30.5317041921,-88.8038880996,-33.4452097385,2.8584573049,1.3294107183,1.7976869298,-4.5852399329,-1.1860022164,3.5533290096,16.6138,5.7169,15.0995,-0.00652,0.04033,0.06359,0.0021,0.002,0.00218,0.00165,0.00172,0.0016,0.041,0.0435,0.045,passive,2
2.0805,rehab,danger_boundary_spike,-35.6634900449,-667.417806844,336.1472307673,-177.3777369037,0.1378263346,-149.975894566,-84.3559,-3.6644,22.9882,496.1059,-40.7265,147.7786,86.0822490095,31.2112405272,87.3466801195,-30.657884598,-88.770501588,-33.4876889603,4.1148434471,4.1478777063,3.2657844847,-3.0452268979,1.5193414039,2.3228928965,15.4935,5.0014,14.3086,0.0014,0.04077,0.04482,0.0021,0.002,0.00218,0.00165,0.00172,0.0016,0.041,0.0435,0.045,passive,2
2.1005,rehab,danger_boundary_spike,-37.1569082504,-667.4878336226,336.5625411175,-177.3824047338,0.1352615376,-149.968510543,-75.1688,-1.7051,28.0383,400.372,105.9763,147.7091,86.2739706059,31.2643014962,87.4379263313,-30.653513268,-88.7431144434,-33.3522940226,4.6466085359,3.5317418091,2.8426400673,-1.6574559196,-0.1268355546,2.8660681326,17.0584,5.4362,15.6938,0.00512,0.03871,0.06665,0.0021,0.002,0.00218,0.00165,0.00172,0.0016,0.041,0.0435,0.045,passive,2
2.1205,rehab,danger_boundary_spike,-38.670242729,-667.4860091209,337.2687632974,-177.3787545268,0.1399092311,-149.9740977042,-68.341,0.5746,28.8965,211.105,6.343,-205.8524,86.2681133509,31.3525101996,87.4603857222,-30.7241828348,-88.7755750102,-33.373046235,1.8243405855,2.2153472675,-1.0699066355,-4.1571184711,-0.6756773137,1.4520332829,16.5159,6.3957,15.3416,0.0046,0.04422,0.0717,0.0021,0.002,0.00218,0.00165,0.00172,0.0016,0.041,0.0435,0.045,passive,2
2.1405,rehab,danger_boundary_spike,-39.8905486805,-667.4648481549,337.7184022719,-177.3831096763,0.1401073198,-149.9695135566,-66.7246,-1.4513,19.8042,186.9995,-44.676,-195.5115,86.3469442293,31.3529153869,87.3951300659,-30.8197980069,-88.770141536,-33.2942126913,4.0657716507,-0.7040419168,1.1770159148,-5.0211154523,0.0370790771,5.352016714,15.872,5.1669,15.4864,-0.01133,0.04829,0.05949,0.0021,0.002,0.00218,0.00165,0.00172,0.0016,0.041,0.0435,0.045,passive,2
2.1605,rehab,danger_boundary_spike,-41.3392273739,-667.5440625957,338.0609320319,-177.3786919711,0.1419466757,-149.966575408,-60.861,-1.2124,21.0761,349.2943,16.8179,105.3314,86.4307442169,31.3243485229,87.5074663588,-30.9250274529,-88.7740918471,-33.1589655664,3.1241167381,1.1253706485,4.6572773897,-3.5740775109,1.3497245119,1.6979605233,16.1318,5.5406,15.3525,-0.01001,0.04397,0.05188,0.0021,0.002,0.00218,0.00165,0.00172,0.0016,0.041,0.0435,0.045,passive,2
2.1805,rehab,danger_boundary_spike,-42.3249899225,-667.5133442794,338.5614449908,-177.3793288412,0.1380456441,-149.9744442728,-52.7528,-0.7786,24.0175,279.607,-16.302,-162.2727,86.4719088988,31.3979302129,87.5814211615,-30.9627611073,-88.7161525555,-33.2262942704,2.8685927419,2.3433294756,1.820827418,-2.9710872615,-0.162007408,2.4528823761,15.0654,5.353,14.7504,-0.00959,0.03456,0.05314,0.0021,0.002,0.00218,0.00165,0.00172,0.0016,0.041,0.0435,0.045,passive,2
2.2005,rehab,danger_boundary_spike,-43.4493412074,-667.5752074373,339.0216310127,-177.3764543062,0.1358257629,-149.9689932187,-49.6768,-1.8645,14.5852,166.5084,37.4988,-284.4585,86.5454879266,31.4180817019,87.5802994555,-31.0438709434,-88.7805721435,-33.0608502714,3.3872699976,0.1361785389,0.7690945956,-3.3826592256,-0.387151667,4.81551684,16.1375,5.5621,15.9684,-0.00892,0.05189,0.05989,0.0021,0.002,0.00218,0.00165,0.00172,0.0016,0.041,0.0435,0.045,passive,2
2.2205,rehab,danger_boundary_spike,-44.3120600345,-667.5879235246,339.1448514135,-177.3800578966,0.1402406967,-149.9698995545,-46.0925,0.7213,12.6391,-10561.6032,20.7742,2851.416,86.6073996988,31.4033773544,87.6121849453,-31.0980674764,-88.7316386222,-33.0336735968,1.3825336301,1.5737716065,0.8139295004,-1.732821097,-1.0867616216,-1.1970543578,17.0668,5.5796,16.4059,0.00231,0.05016,0.0612,0.0021,0.002,0.00218,0.00165,0.00172,0.0016,0.041,0.0435,0.045,passive,2
2.2405,rehab,danger_boundary_spike,-45.2930415557,-667.546354148,339.5271964322,-177.3794214263,0.1395316661,-149.9724491054,-472.1409,-1.0335,128.6418,-10325.0869,-77.2543,2772.748,86.6007892718,31.4810325662,87.6128566355,-31.1131837873,-88.8240426083,-33.1087324457,18.717638961,12.0479948634,15.8015708357,-22.3826118612,-0.0898807147,18.6579148886,19.6483,6.6033,18.9129,-0.00533,0.05946,0.08233,0.0021,0.002,0.00218,0.00165,0.00172,0.0016,0.041,0.0435,0.045,passive,2
2.2605,rehab,danger_boundary_spike,-63.197695221,-667.6292641194,344.2905234805,-177.3802739134,0.1390235454,-149.9766772746,-459.096,-2.3688,123.5491,11202.7448,-28.6235,-2973.8681,87.3561052572,31.885297149,88.2442477787,-31.9933719508,-88.7352338508,-32.2873570012,23.0456419624,9.4571406377,13.8637186627,-22.2013001043,2.6431052062,21.4231028817,18.9906,7.6182,21.3887,-0.00412,0.08573,0.06448,0.0021,0.002,0.00218,0.00165,0.00172,0.0016,0.041,0.0435,0.045,passive,2
2.2805,rehab,danger_boundary_spike,-63.6568809637,-667.6411078058,344.4691586428,-177.3821574317,0.1371989517,-149.9687936197,-24.0311,-2.1785,9.6871,10934.6451,24.3547,-2815.833,87.5226149503,31.8593181917,88.167405382,-32.0012357914,-88.7183184001,-32.2518083304,1.011372252,1.8016101118,-1.1925360931,-1.5787733063,-0.7955004793,2.8769442492,15.0951,5.4006,17.0462,-0.00864,0.0532,0.05333,0.0021,0.002,0.00218,0.00165,0.00172,0.0016,0.041,0.0435,0.045,passive,2
2.3005,rehab,danger_boundary_spike,-64.1589387946,-667.7164023049,344.6780065595,-177.3834219405,0.1374921079,-149.9694553885,-21.7102,-1.3947,10.9157,504.8978,24.6739,-236.0477,87.3965601473,31.9573615534,88.196546335,-32.0565228831,-88.7670538699,-32.1722792313,1.5271769449,0.229374934,1.571480253,-2.8229419118,-1.0013257912,0.7733690749,15.6112,6.3661,17.6521,-0.00839,0.04895,0.05842,0.0021,0.002,0.00218,0.00165,0.00172,0.0016,0.041,0.0435,0.045,passive,2
2.3205,rehab,danger_boundary_spike,-64.5252882697,-667.6968940081,344.9057880256,-177.379989151,0.1361642722,-149.9755251415,-3.8352,-1.1915,0.2452,625.9513,25.0542,-474.2359,87.5837020281,31.8684931891,88.2302645922,-32.1141534679,-88.7583714317,-32.2208735674,3.0735213923,-2.1279266221,-1.0534622338,-1.4623220581,0.9927930026,-1.5315604826,15.1846,5.621,16.4096,-0.00554,0.04124,0.05688,0.0021,0.002,0.00218,0.00165,0.00172,0.0016,0.041,0.0435,0.045,passive,2
2.3405,rehab,danger_boundary_spike,-64.3123458601,-667.7640622743,344.6878132915,-177.3791136619,0.1373431355,-149.9719724745,3.3279,-0.3925,-8.0537,91.9089,70.3712,-26.0811,87.519501003,31.8722444885,88.1544078457,-32.1150157654,-88.7273421498,-32.2335416506,-3.4226586109,2.1271776568,-0.4955570771,-0.643833532,0.3409203923,-1.0457098891,15.243,6.0078,16.7716,-0.00697,0.05023,0.05181,0.0021,0.002,0.00218,0.00165,0.00172,0.0016,0.041,0.0435,0.045,passive,2
2.3605,rehab,danger_boundary_spike,-64.3921735173,-667.7125935517,344.5836400211,-177.3797852963,0.1366013231,-149.969153498,-0.1588,1.6233,-0.7981,226.4425,-42.5477,96.0405,87.4467956837,31.9535802953,88.2104423091,-32.1399068092,-88.744734616,-32.262701963,-1.9571054895,1.0823243386,1.6518273923,3.2802104194,-2.0898647534,-2.6123582706,-5.7546,5.4308,20.8735,-0.02451,0.13845,-0.04604,0.0021,0.002,0.00218,0.00165,0.00172,0.0016,0.041,0.0435,0.045,passive,2
2.3805,rehab,danger_boundary_spike,-64.3186986556,-667.6991283044,344.6558902017,-177.3781446554,0.1381316058,-149.9729142795,12.3856,-2.0944,-4.2121,615.0225,-50.0045,-191.0429,87.4412167834,31.9155374621,88.2204809414,-31.9838073486,-88.81093674,-32.3380359814,0.3633042669,-2.9581061044,-0.2148473727,1.0050147125,0.0568112902,-0.6215785597,-5.7104,5.4347,20.6557,-0.03146,0.13707,-0.04522,0.0021,0.002,0.00218,0.00165,0.00172,0.0016,0.041,0.0435,0.045,passive,2
2.4005,rehab,danger_boundary_spike,-63.8967507207,-667.7963693816,344.4151568056,-177.3723062656,0.1351185026,-149.9739189051,24.4421,-0.3768,-8.4398,530.5831,97.5912,11.5951,87.4613278543,31.8352560512,88.2018484142,-32.0997062207,-88.7424621644,-32.2875651054,-0.1017492437,0.0678634061,0.3138708244,-0.2657591726,0.961376557,1.3229424349,-6.0995,5.2599,21.9672,-0.04438,0.14662,-0.05153,0.0021,0.002,0.00218,0.00165,0.00172,0.0016,0.041,0.0435,0.045,passive,2
2.4205,rehab,danger_boundary_spike,-63.34101538,-667.7142015757,344.3182984995,-177.3745438326,0.1358940251,-149.9779658552,33.6089,1.8093,-3.7483,408.403,45.6359,29.0319,87.4371468136,31.9182519983,88.2330357743,-31.9944377155,-88.7724816777,-32.285118284,-1.4708538508,0.4045986506,1.4460619336,3.0913235195,-2.5541591757,1.0253298616,-5.918,5.3915,22.9393,-0.03778,0.15135,-0.04406,0.0021,0.002,0.00218,0.00165,0.00172,0.0016,0.041,0.0435,0.045,passive,2
2.4405,rehab,danger_boundary_spike,-62.5523948855,-667.7239992374,344.2652256987,-177.3782697228,0.1355638479,-149.9705530185,40.7782,1.4486,-7.2785,202.0128,-34.4234,-217.459,87.4024937003,31.8514399972,88.2596908915,-31.9760532799,-88.8446285315,-32.2465519109,-0.7538535016,-4.3401959794,-2.0899519601,0.9271292151,-0.3616791411,-0.5349688073,-5.8445,5.3273,22.168,-0.03911,0.14921,-0.05158,0.0021,0.002,0.00218,0.00165,0.00172,0.0016,0.041,0.0435,0.045,passive,2
2.4605,rehab,danger_boundary_spike,-61.709887384,-667.6562574106,344.0271578673,-177.3808965185,0.1348261915,-149.9736202425,41.6894,0.4323,-12.4466,257.8229,-104.0453,-212.7564,87.4069926736,31.7446441592,88.1494376959,-31.9573525469,-88.7869488433,-32.3065170363,-1.3457574659,-1.0778491554,-4.2318025415,3.778659372,2.7644790867,-3.3222847378,-6.0137,5.5203,22.0394,-0.03313,0.1436,-0.06081,0.0021,0.002,0.00218,0.00165,0.00172,0.0016,0.041,0.0435,0.045,passive,2
2.4805,rehab,danger_boundary_spike,-60.8848185371,-667.7067065892,343.7673602153,-177.3797015122,0.13646023,-149.976909698,51.0911,-2.7132,-15.7888,580.9846,-15.1046,-96.3661,87.3486634017,31.808326031,88.0904187899,-31.824906905,-88.734049368,-32.3794433004,-3.9362936607,-1.4272733631,1.2669113067,3.6638195909,2.3424347339,-3.3988082327,-5.4201,5.2692,21.5787,-0.03111,0.13595,-0.05246,0.0021,0.002,0.00218,0.00165,0.00172,0.0016,0.041,0.0435,0.045,passive,2
2.5005,rehab,danger_boundary_spike,-59.6662428102,-667.7647857235,343.3956070462,-177.3831462315,0.1374402463,-149.9707679963,64.9288,-0.1719,-16.3013,576.3465,96.3962,-17.242,87.2495409271,31.6875532246,88.2001141482,-31.8107997633,-88.693251454,-32.4424693656,-2.4606753632,-1.2999976697,-1.0704489,3.7821218637,-1.4315460955,-4.0693261401,-5.3254,6.1061,22.4776,-0.04172,0.14572,-0.04946,0.0021,0.002,0.00218,0.00165,0.00172,0.0016,0.041,0.0435,0.045,passive,2
2.5205,rehab,danger_boundary_spike,-58.2876668545,-667.7135812588,343.1153090086,-177.3819822609,0.1371464132,-149.9731378489,74.145,1.1426,-16.4784,186.5416,-0.6981,-115.5554,87.2502363871,31.7563261242,88.0476008339,-31.6736220305,-88.7913112118,-32.542216346,-3.4842471581,-2.0361894411,-6.2142465936,4.301532695,-0.0386004575,-5.1887644435,-5.163,5.0175,22.0556,-0.03235,0.15131,-0.0411,0.0021,0.002,0.00218,0.00165,0.00172,0.0016,0.041,0.0435,0.045,passive,2
2.5405,rehab,danger_boundary_spike,-56.7004438377,-667.719080138,342.7364690712,-177.380892456,0.1367147465,-149.9752127594,72.3905,-0.1998,-20.9235,238.0603,-7.1929,-169.8053,87.1101710408,31.606105647,87.9515442844,-31.6387384555,-88.6947954723,-32.6500199433,-4.4158661143,-1.7540283991,-1.8341090583,0.6798777945,-0.4892524253,-2.5063634886,-5.9637,6.0907,24.0371,-0.03279,0.165,-0.05354,0.0021,0.002,0.00218,0.00165,0.00172,0.0016,0.041,0.0435,0.045,passive,2
2.5605,rehab,danger_boundary_spike,-55.3920485424,-667.7215728827,342.2783692117,-177.3817657476,0.1370794238,-149.9682352108,83.6674,0.8549,-23.2707,475.8823,63.1294,-145.2602,87.0736017426,31.6861649882,87.9742364715,-31.6464269187,-88.8108813088,-32.6424708856,-1.676116959,0.4405851284,-0.8936851571,3.7443618587,-2.6089552337,-2.1580792517,-5.4245,5.7807,21.468,-0.0186,0.14028,-0.04963,0.0021,0.002,0.00218,0.00165,0.00172,0.0016,0.041,0.0435,0.045,passive,2
2.5805,rehab,danger_boundary_spike,-53.3537484029,-667.6848831917,341.8056425734,-177.3763945773,0.1346751939,-149.9736306631,91.4257,2.3254,-26.7339,299.2876,-7.5731,-154.157,87.0431263625,31.6237290521,87.9157968782,-31.4889639811,-88.7991536816,-32.7363431134,-3.7007589341,-4.7687268113,-3.1673681245,6.9738142719,1.7532713957,-4.7130920671,-5.9302,5.6661,22.1406,-0.03521,0.1506,-0.04465,0.0021,0.002,0.00218,0.00165,0.00172,0.0016,0.041,0.0435,0.045,passive,2
2.6005,rehab,danger_boundary_spike,-51.7350186247,-667.6285575118,341.2090131371,-177.3807911997,0.1382889106,-149.9670469565,95.6389,0.552,-29.4369,370.598,-64.4643,-88.1876,86.9255713852,31.4954159158,87.8475417465,-31.3674743478,-88.740750453,-32.8309945683,-3.8565262779,-1.8775905817,-3.9478996897,4.5971490121,0.8920144732,-3.3591785508,-5.4273,6.453,23.5692,-0.02768,0.15891,-0.03522,0.0021,0.002,0.00218,0.00165,0.00172,0.0016,0.041,0.0435,0.045,passive,2
2.6205,rehab,danger_boundary_spike,-49.5281927603,-667.6628031964,340.6281648264,-177.3773016606,0.1392766899,-149.973840651,106.2497,-0.2532,-30.2614,137.9453,15.3201,-27.8295,86.8888653113,31.5486254289,87.7578808906,-31.3050780206,-88.7634731027,-32.8707102554,-6.7275591013,-0.7502635932,-3.8658759839,2.4903545824,-1.2802647933,-5.3192411306,-4.7295,5.3988,22.7353,-0.0194,0.1548,-0.05083,0.0021,0.002,0.00218,0.00165,0.00172,0.0016,0.041,0.0435,0.045,passive,2
2.6405,rehab,danger_boundary_spike,-47.4850319202,-667.6386850438,339.9985569077,-177.3806566213,0.1384599146,-149.9782061771,101.1567,1.1648,-30.5501,147.6815,18.1515,-78.6255,86.6564690212,31.465405372,87.6929067072,-31.2678601645,-88.7919610447,-33.0437642135,-7.6736347793,-4.2843768172,-4.4363270632,6.0602483313,-2.3899617658,-5.5163894847,-4.8526,6.227,23.2224,-0.0328,0.15433,-0.05165,0.0021,0.002,0.00218,0.00165,0.00172,0.0016,0.041,0.0435,0.045,passive,2
2.6605,rehab,danger_boundary_spike,-45.481924562,-667.6162109881,339.4061598431,-177.3801621815,0.1352710717,-149.9682618405,112.1569,0.4729,-33.4064,501.8677,-6.9116,-147.3754,86.5819199202,31.3772503562,87.580427808,-31.0626680874,-88.8590715733,-33.0913658348,-5.9775403556,-2.5705047547,-4.3724155179,6.5723199801,-0.667622703,-3.4505774745,-4.5425,5.697,23.1268,-0.03106,0.15651,-0.05491,0.0021,0.002,0.00218,0.00165,0.00172,0.0016,0.041,0.0435,0.045,passive,2
2.6805,rehab,danger_boundary_spike,-42.9987548867,-667.6197702515,338.6622999113,-177.3800980047,0.1381166839,-149.9719525332,121.2314,0.8883,-36.4451,283.2223,29.9718,-103.878,86.4173674069,31.3625851819,87.5180100865,-31.0049673653,-88.8186659528,-33.1817873125,-6.0536307269,-2.7102747549,-3.2869715418,3.9765150966,0.2751090884,-5.7850242184,-4.7801,5.8521,21.6621,-0.03784,0.14109,-0.04282,0.0021,0.002,0.00218,0.00165,0.00172,0.0016,0.041,0.0435,0.045,passive,2
2.7005,rehab,danger_boundary_spike,-40.6326681026,-667.5806772811,337.9483541484,-177.3790538685,0.1356497675,-149.9702317539,123.4858,1.6717,-37.5615,256.2502,46.8486,-296.1493,86.3397746911,31.268839366,87.4489489464,-30.9036074835,-88.8480672098,-33.3227668036,-0.954741863,-2.2201398024,-4.0785789875,4.5151215473,-0.3455678085,-5.4867190835,-4.0413,5.3297,21.69,-0.04077,0.14136,-0.03894,0.0021,0.002,0.00218,0.00165,0.00172,0.0016,0.041,0.0435,0.045,passive,2
2.7205,rehab,danger_boundary_spike,-38.0593221552,-667.5529005068,337.1598381753,-177.376231971,0.1335000772,-149.9750917757,131.4814,2.7623,-48.2911,282.0631,9.4709,-370.2035,86.3791777324,31.2737795898,87.354866927,-30.8243625034,-88.8324886652,-33.4012560758,-4.4832078441,-5.6182367486,-4.1708254354,4.1303440113,2.8329198415,-5.0432802822,-4.3765,6.0434,23.0376,-0.03104,0.14905,-0.04505,0.0021,0.002,0.00218,0.00165,0.00172,0.0016,0.041,0.0435,0.045,passive,2
2.7405,rehab,danger_boundary_spike,-35.3734112741,-667.4701858404,336.016709543,-177.3833121788,0.1328217305,-149.9724661084,134.7683,2.0506,-52.3697,7861.1284,-116.3179,-3013.9178,86.1604463773,31.044109896,87.282115929,-30.7383937231,-88.7347504161,-33.5244980149,-10.2487183836,-3.7657852603,-3.641254573,6.6920557744,-0.0899214493,-5.7238942206,-4.0035,5.6026,23.2342,-0.02759,0.14792,-0.05415,0.0021,0.002,0.00218,0.00165,0.00172,0.0016,0.041,0.0435,0.045,passive,2
2.7605,rehab,danger_boundary_spike,-32.6685884059,-667.4708773124,335.0650509152,-177.378043843,0.1377292489,-149.9731981855,445.9266,-1.8904,-168.8478,7677.0169,-30.25,-3019.8456,85.9692289971,31.1231481793,87.209216744,-30.5566802724,-88.8360855232,-33.6302118446,-22.4827429493,-7.0729407907,-14.0527632429,25.1937865353,-0.0498237106,-16.7552283531,-4.673,-6.8915,26.1075,-0.17217,0.16809,0.00519,0.0021,0.002,0.00218,0.00165,0.00172,0.0016,0.041,0.0435,0.045,passive,2
2.7805,rehab,danger_boundary_spike,-17.5363489353,-667.5458029838,329.2627964472,-177.3774363225,0.1329540784,-149.9755140921,441.849,0.8406,-173.1635,-7865.5419,108.9732,2673.4676,85.2611366594,30.7611922644,86.7200053992,-29.7306422617,-88.7367433645,-34.194707149,-20.9315141039,-13.0253091056,-14.1994357826,23.1069596714,2.1546849442,-19.1235575885,-2.5831,-6.4754,25.6579,-0.16795,0.15709,0.0207,0.0021,0.002,0.00218,0.00165,0.00172,0.0016,0.041,0.0435,0.045,passive,2
2.8005,rehab,danger_boundary_spike,-14.9946275791,-667.4372540531,328.1385107289,-177.378358509,0.1329564965,-149.9749758946,131.3049,2.4685,-61.9091,-7704.457,-11.7684,2837.1621,85.1319684329,30.6021358151,86.6412393127,-29.6324018856,-88.7498981254,-34.3951541482,-2.7438780753,-4.7355341744,-4.4058743733,5.6910905322,-1.7827098358,-6.1556557147,-2.4116,-5.2248,21.6611,-0.13107,0.13249,0.01909,0.0021,0.002,0.00218,0.00165,0.00172,0.0016,0.041,0.0435,0.045,passive,2
2.8205,rehab,danger_boundary_spike,-12.2841536787,-667.4470629398,326.7864314557,-177.3768848985,0.1380534062,-149.974656212,133.6707,0.3698,-59.677,58.5371,34.1698,117.7899,85.1513815363,30.5717708974,86.5437704243,-29.5029986404,-88.808051758,-34.4409333776,-5.9206208665,-2.7196098679,-4.3836729427,6.9734329184,-1.5028140861,-4.590485977,-1.7449,-5.7436,22.2664,-0.15229,0.13152,0.01413,0.0021,0.002,0.00218,0.00165,0.00172,0.0016,0.041,0.0435,0.045,passive,2
2.8405,rehab,danger_boundary_spike,-9.6477979718,-667.4224601879,325.7514299411,-177.3810757428,0.1332852721,-149.9743812035,133.6464,3.8353,-57.1975,68.8673,38.1853,-106.7733,84.8951435983,30.4933514204,86.465892395,-29.3534645689,-88.8100106888,-34.5787735872,-8.6195435796,-4.120936639,-4.0136989898,6.8994965759,0.2289083233,-6.7106179983,-1.4784,-5.434,21.8088,-0.13791,0.14132,0.01561,0.0021,0.002,0.00218,0.00165,0.00172,0.0016,0.041,0.0435,0.045,passive,2
2.8605,rehab,danger_boundary_spike,-6.9382990687,-667.2936511548,324.498530272,-177.3757725393,0.1334847848,-149.9722182147,136.4254,1.8973,-63.948,209.3864,-103.52,-340.3316,84.8065997932,30.4069334319,86.3832224647,-29.2270187773,-88.798895425,-34.7093580975,-4.3626509182,-2.8880392839,-3.8051782027,7.543409847,2.3851627282,-6.715493488,-1.054,-5.3302,21.9125,-0.1387,0.1362,0.02249,0.0021,0.002,0.00218,0.00165,0.00172,0.0016,0.041,0.0435,0.045,passive,2
2.8805,rehab,danger_boundary_spike,-4.1907807438,-667.3465697834,323.1935119053,-177.3796563204,0.1315551318,-149.9739199982,142.0218,-0.3055,-70.8108,363.1999,61.4052,-184.4235,84.7206375615,30.3778298491,86.3136852669,-29.051728175,-88.7146041797,-34.8473933268,-6.4228278912,-3.134272733,-4.906969763,8.0609827781,1.0589197167,-8.6301661605,-1.307,-5.8391,23.2121,-0.15372,0.14926,0.01705,0.0021,0.002,0.00218,0.00165,0.00172,0.0016,0.041,0.0435,0.045,passive,2
2.9005,rehab,danger_boundary_spike,-1.2574261886,-667.3058712995,321.6660985242,-177.3791866719,0.1354965602,-149.9684903952,150.9534,4.3535,-71.3249,324.0645,55.0986,-44.4146,84.5496866775,30.2815625225,86.1869436742,-28.9045794662,-88.7565386364,-35.0545647439,-8.1838113024,-2.6902733844,-8.0482962112,8.0650508114,-2.2745783624,-6.4621562756,-1.1346,-5.524,22.3113,-0.13985,0.13561,0.01826,0.0021,0.002,0.00218,0.00165,0.00172,0.0016,0.041,0.0435,0.045,passive,2
2.9205,rehab,danger_boundary_spike,1.8473563091,-667.172431115,320.340516284,-177.3816061713,0.1357587836,-149.9742586977,154.9844,1.8984,-72.5874,-39.5055,-115.0679,-144.316,84.3932851094,30.2702189137,85.9917534185,-28.7291261425,-88.8055873142,-35.1058795778,-7.557309872,-4.4515494647,-6.4240959887,9.3799517782,-2.47864635,-5.4193463123,-0.789,-5.8797,21.0491,-0.13341,0.13418,0.02748,0.0021,0.002,0.00218,0.00165,0.00172,0.0016,0.041,0.0435,0.045,passive,2
2.9405,rehab,danger_boundary_spike,4.9419498731,-667.2299336295,318.7626034687,-177.3788094377,0.1351781094,-149.9721611633,149.3732,-0.2493,-77.0975,-40.5433,35.9939,-136.9952,84.2473942826,30.103500544,85.9299798346,-28.5293813951,-88.8556844904,-35.2713385964,-7.3563494736,-5.8304963982,-2.1014509236,8.2657004363,-1.5305810618,-8.316015932,-0.3384,-5.6769,22.7571,-0.14856,0.13724,0.01466,0.0021,0.002,0.00218,0.00165,0.00172,0.0016,0.041,0.0435,0.045,passive,2
2.9605,rehab,danger_boundary_spike,7.8222844823,-667.1824011297,317.2566149897,-177.3775162315,0.1392626715,-149.9791757248,153.3627,3.3382,-78.0672,25.6488,66.7832,-264.8,84.0990311305,30.0369990577,85.9076953815,-28.3984981251,-88.8668105567,-35.4385202151,-8.0796175634,-4.5965370383,-4.7026632112,6.8575018402,3.0593635301,-6.3876697205,-0.0941,-5.3422,21.0783,-0.14521,0.1284,0.02904,0.0021,0.002,0.00218,0.00165,0.00172,0.0016,0.041,0.0435,0.045,passive,2
2.9805,rehab,danger_boundary_spike,11.0764566599,-667.0964057322,315.6399160656,-177.3740346706,0.1338004534,-149.97323784,150.3992,2.4221,-87.6895,22.3912,-71.5702,-553.2734,83.9242095801,29.9196390624,85.7418733062,-28.2550813215,-88.7333099492,-35.5268453852,-7.8129748744,-4.3372763484,-7.338853662,7.3583294258,-0.2193897272,-6.0657812324,0.2264,-6.0786,22.1153,-0.14312,0.13452,0.02409,0.0021,0.002,0.00218,0.00165,0.00172,0.0016,0.041,0.0435,0.045,passive,2
3.0005,rehab,danger_boundary_spike,13.8382507328,-667.085518104,313.7490336251,-177.382482222,0.1332554474,-149.9714350004,154.2583,0.4754,-100.1981,297.0919,11.4777,-178.0088,83.7865121355,29.8635080038,85.6141412351,-28.104164948,-88.8755861458,-35.6811514644,-9.169796569,-1.2418297782,-6.190993456,8.5285538476,-3.8589294706,-6.3157777762,0.3151,-6.4807,22.5173,-0.15514,0.12694,0.0374,0.0021,0.002,0.00218,0.00165,0.00172,0.0016,0.041,0.0435,0.045,passive,2
3.0205,rehab,danger_boundary_spike,17.246789353,-667.0773902238,311.6319912876,-177.3724087009,0.1350376215,-149.9773028501,162.2828,2.8812,-94.8099,-11.2738,87.95,315.4605,83.5574177173,29.8699658713,85.494233568,-27.9139391676,-88.887667128,-35.7794764963,-9.016667091,-3.3554316529,-5.5955345114,8.0550718518,0.5855840129,-6.1310267328,0.4697,-5.5125,22.5033,-0.15208,0.13501,0.02478,0.0021,0.002,0.00218,0.00165,0.00172,0.0016,0.041,0.0435,0.045,passive,2
3.0405,rehab,danger_boundary_spike,20.3295640879,-666.9702707525,309.9566381852,-177.3754937548,0.1302564921,-149.9726522675,153.8074,3.9934,-87.5797,0.026,-78.6979,-180.0303,83.4258454519,29.7292907377,85.3903198546,-27.781962074,-88.8521627852,-35.9263925337,-8.4856639045,-6.3082090464,-6.1240912293,8.967048639,1.2664999955,-11.1249668895,0.8039,-5.2534,21.2193,-0.13674,0.12627,0.02963,0.0021,0.002,0.00218,0.00165,0.00172,0.0016,0.041,0.0435,0.045,passive,2
3.0605,rehab,danger_boundary_spike,23.3990839607,-666.9176547548,308.1288033389,-177.379692356,0.1338302983,-149.9740261345,162.2839,-0.2667,-102.0111,161.24,-100.328,-425.6078,83.2179911612,29.6176375094,85.2492699188,-27.555257222,-88.8370071282,-36.2244751719,-8.9998656825,-3.6978902209,-4.8498114604,8.8426116337,-0.9131760372,-9.9873325476,0.8827,-5.7563,21.636,-0.13747,0.12178,0.02291,0.0021,0.002,0.00218,0.00165,0.00172,0.0016,0.041,0.0435,0.045,passive,2
3.0805,rehab,danger_boundary_spike,26.8209189779,-666.9809400377,305.8761942397,-177.379183458,0.1354299398,-149.9697928165,160.257,-0.0197,-104.604,-203.1053,122.7557,161.6622,83.0658508246,29.5813751289,85.1963273962,-27.4282576086,-88.8886898267,-36.3258858356,-4.501451199,-5.0138897955,-4.2660050807,11.3556036395,-0.5594713159,-4.4546791466,1.7021,-5.5912,22.3565,-0.1481,0.11916,0.03203,0.0021,0.002,0.00218,0.00165,0.00172,0.0016,0.041,0.0435,0.045,passive,2
3.1005,rehab,danger_boundary_spike,29.8093625995,-666.9184440831,303.9446428906,-177.3804834853,0.1333263466,-149.9674682123,154.1597,4.6435,-95.5446,-38.3669,61.3423,-21.1945,83.0379331132,29.4170819176,85.0786297156,-27.1010330764,-88.8593859808,-36.4026623377,-6.7104945612,-5.3296329456,-5.8708593213,9.7421139544,0.6272904159,-6.2896623867,1.2634,-5.3905,20.6298,-0.13256,0.11594,0.03283,0.0021,0.002,0.00218,0.00165,0.00172,0.0016,0.041,0.0435,0.045,passive,2
3.1205,rehab,danger_boundary_spike,32.987305319,-666.7952001377,302.0544097559,-177.3762625547,0.1333350944,-149.9752792681,158.7223,2.434,-105.4518,83.9665,-76.905,-465.1456,82.7974310421,29.368189811,84.9614930233,-27.0385730504,-88.8635982101,-36.577472331,-9.0567745362,-4.2027056109,-7.829019036,6.4698518031,-0.5692152544,-6.6455256199,1.8488,-4.8451,21.0478,-0.12738,0.11186,0.02938,0.0021,0.002,0.00218,0.00165,0.00172,0.0016,0.041,0.0435,0.045,passive,2
3.1405,rehab,danger_boundary_spike,36.1582541965,-666.8210856529,299.726571281,-177.3733777462,0.1316435784,-149.9700450869,157.5183,1.5673,-114.1504,-190.182,17.6221,-21.4725,82.6756621318,29.2489736932,84.7654689541,-26.8422390043,-88.882154591,-36.6684833625,-6.1479864999,-6.5256934557,-6.7319128378,8.3458917428,-0.8193598545,-6.699519755,1.911,-4.7623,19.6101,-0.12917,0.10919,0.02325,0.0021,0.002,0.00218,0.00165,0.00172,0.0016,0.041,0.0435,0.045,passive,2
3.1605,rehab,danger_boundary_spike,39.28803801,-666.7325081713,297.4883923376,-177.3735664066,0.1338364181,-149.9741939004,151.115,3.1388,-106.3107,-100.694,7.871,138.6519,82.5515115821,29.1071620728,84.6922165098,-26.7047373807,-88.8963726043,-36.8454531212,-10.1202838003,-2.6460250226,-3.4411476045,7.8626609313,0.5471287581,-9.4209205328,2.1034,-4.6329,19.1054,-0.11744,0.10845,0.03293,0.0021,0.002,0.00218,0.00165,0.00172,0.0016,0.041,0.0435,0.045,passive,2
3.1805,rehab,danger_boundary_spike,42.2028546196,-666.6955318439,295.4741436845,-177.3796051954,0.1357199705,-149.9742087037,153.4906,1.8821,-108.6044,68.8724,10.0254,-225.7102,82.2708507797,29.1431326923,84.6278230499,-26.5277325671,-88.8602694407,-37.0453201838,-10.3745794074,-3.3820871638,-6.7635775522,11.18317938,-0.6083661475,-8.9847452195,2.7572,-5.4978,20.9253,-0.12994,0.12573,0.03681,0.0021,0.002,0.00218,0.00165,0.00172,0.0016,0.041,0.0435,0.045,passive,2
3.2005,rehab,danger_boundary_spike,45.4276603622,-666.6572226739,293.1442179836,-177.3805972277,0.1332212489,-149.9747052872,153.8699,3.5399,-115.3391,-272.4927,7.0917,-97.6453,82.1365284058,28.9718785863,84.4216734077,-26.2574102055,-88.9207072502,-37.20484293,-7.1905706583,-8.5360599676,-8.0206619496,10.1013026301,-1.1115137108,-6.5538698007,2.6218,-4.9613,19.6512,-0.12553,0.11246,0.02773,0.0021,0.002,0.00218,0.00165,0.00172,0.0016,0.041,0.0435,0.045,passive,2
3.2205,rehab,danger_boundary_spike,48.3576508862,-666.5539373994,290.8605798061,-177.3737693193,0.1341006834,-149.9685301881,142.5909,2.1658,-112.5102,-293.8216,-91.238,209.9128,81.9832279534,28.8016902936,84.306996572,-26.1236804618,-88.9047299891,-37.3074749759,-6.9475337592,-2.433110622,-3.9497658585,7.3918049872,-0.4083900594,-6.5271929992,3.399,-5.0496,19.0736,-0.12518,0.11586,0.03824,0.0021,0.002,0.00218,0.00165,0.00172,0.0016,0.041,0.0435,0.045,passive,2
3.2405,rehab,danger_boundary_spike,51.1312944366,-666.5705904983,288.6438111153,-177.3785550049,0.12978616,-149.9704274368,142.117,-0.1097,-106.9426,-142.2647,-5.5089,19.1675,81.8586270555,28.8745541614,84.2636827734,-25.961738006,-88.9370428525,-37.46593065,-9.670823154,-1.9394084129,-5.4326524855,8.3361681502,0.9393727994,-7.3856566508,3.1334,-5.497,19.5689,-0.12349,0.11065,0.03246,0.0021,0.002,0.00218,0.00165,0.00172,0.0016,0.041,0.0435,0.045,passive,2
3.2605,rehab,danger_boundary_spike,54.0423325989,-666.5583237579,286.5828764227,-177.3789658226,0.133474119,-149.9722027946,136.9003,1.9454,-111.7435,-1977.9387,67.6073,1223.5719,81.5963950272,28.7241139571,84.0896904725,-25.7902337358,-88.8671550771,-37.6029012419,-9.8003324687,-4.2034379219,-7.6492220156,7.7859334026,-1.0456413606,-6.0971337537,3.7853,-4.9925,18.7581,-0.11777,0.10121,0.04658,0.0021,0.002,0.00218,0.00165,0.00172,0.0016,0.041,0.0435,0.045,passive,2
3.2805,rehab,danger_boundary_spike,56.6073050106,-666.4927726166,284.174072229,-177.3707705566,0.1333086324,-149.9748316796,62.9995,2.5946,-57.9997,-1668.6294,-26.3198,1378.5957,81.4666137567,28.7064166445,83.9577138928,-25.6503006699,-88.978868507,-37.7098160001,-1.0031628907,-1.0539167181,-2.2434384909,4.6408538205,0.4182369495,-3.55279833,3.0506,-4.8963,17.6547,-0.12402,0.09681,0.03274,0.0021,0.002,0.00218,0.00165,0.00172,0.0016,0.041,0.0435,0.045,passive,2
3.3005,rehab,danger_boundary_spike,56.5623123782,-666.4545384893,284.2628881431,-177.3798481015,0.1336111955,-149.9704648327,70.1551,0.8927,-56.5996,1937.4859,-8.313,-1559.5459,81.5562685116,28.6819572883,83.9999529329,-25.604599583,-88.8504255991,-37.7450131751,-3.8087081833,-3.3539193587,-4.0396420272,4.5812287039,-0.1050411633,-3.3180683031,3.0015,-4.3927,17.8728,-0.12946,0.09923,0.03036,0.0021,0.002,0.00218,0.00165,0.00172,0.0016,0.041,0.0435,0.045,passive,2
3.3205,rehab,danger_boundary_spike,59.413508547,-666.4570663441,281.910086465,-177.3787391236,0.1359024909,-149.9690908324,140.4989,2.2621,-120.3815,1750.8605,91.619,-1685.8305,81.3142654294,28.5722598702,83.7961282117,-25.4670515218,-88.9830701535,-37.8425387323,-8.7760068729,-5.2891083895,-4.8027956755,7.5031294627,-1.2950404999,-8.5026348444,3.7452,-4.6211,19.5257,-0.12309,0.10445,0.04767,0.0021,0.002,0.00218,0.00165,0.00172,0.0016,0.041,0.0435,0.045,passive,2
3.3405,rehab,danger_boundary_spike,62.1822696045,-666.364053974,279.4476264376,-177.3759781774,0.1339816583,-149.9772632978,140.1895,4.5574,-124.0329,-101.5345,20.7603,20.4942,81.2052282367,28.4703929528,83.8078411059,-25.3044744045,-88.9022272191,-38.0851185689,-7.0347905164,-1.2831822604,-1.8625080714,7.5443369646,-0.3540760399,-8.3565594631,4.1641,-4.7419,18.458,-0.11918,0.08594,0.02525,0.0021,0.002,0.00218,0.00165,0.00172,0.0016,0.041,0.0435,0.045,passive,2
3.3605,rehab,danger_boundary_spike,65.0210888286,-666.274769734,276.9487719764,-177.3751183738,0.1311629007,-149.9804819782,136.4376,3.0925,-119.5618,-381.2614,-9.1943,300.1149,81.0328738087,28.5209325797,83.7216278888,-25.1652780432,-88.9972331951,-38.1768011108,-8.219656013,-4.1063088977,-7.7010475191,11.8898455878,-0.1968155984,-5.8131547389,3.8785,-4.6216,18.0352,-0.11205,0.10175,0.03854,0.0021,0.002,0.00218,0.00165,0.00172,0.0016,0.041,0.0435,0.045,passive,2
3.3805,rehab,danger_boundary_spike,67.6397716698,-666.2403529451,274.6651553755,-177.3771275686,0.1350249112,-149.9721757682,124.9391,4.1896,-112.0283,-385.2965,-15.1667,246.042,80.8764419962,28.3061405968,83.4997992051,-24.828880581,-88.9100998431,-38.3176447584,-8.6133806954,-6.7154710228,-5.2388035068,11.4386082104,1.2151541474,-9.1239529909,5.5245,-4.8125,18.2067,-0.11649,0.09871,0.04174,0.0021,0.002,0.00218,0.00165,0.00172,0.0016,0.041,0.0435,0.045,passive,2
3.4005,rehab,danger_boundary_spike,70.0186509049,-666.1071840228,272.4676413826,-177.3782249869,0.1328913871,-149.9665382729,121.0257,2.4859,-109.7201,-141.128,-89.8579,95.4011,80.6883385809,28.2523137388,83.5120757485,-24.7077337148,-88.9486270292,-38.5417592304,-6.318729147,-4.8297716129,-4.6526838416,5.9229972497,-3.0139709139,-6.27470894,4.358,-4.5522,18.3896,-0.11968,0.10272,0.04625,0.0021,0.002,0.00218,0.00165,0.00172,0.0016,0.041,0.0435,0.045,passive,2
3.4205,rehab,danger_boundary_spike,72.4807993456,-666.1409186106,270.276351441,-177.3763819918,0.1312819468,-149.9815114615,119.2939,0.5953,-108.2122,-366.2933,-37.0457,66.4743,80.6236928303,28.1129497323,83.3136918515,-24.591960691,-89.0306586796,-38.568633116,-7.8232406699,-2.9055262637,-7.3538698497,5.3560549439,-0.6088230463,-3.902438714,4.6402,-4.8736,17.0713,-0.12067,0.08574,0.03593,0.0021,0.002,0.00218,0.00165,0.00172,0.0016,0.041,0.0435,0.045,passive,2
3.4405,rehab,danger_boundary_spike,74.7904082141,-666.0833709009,268.1391526086,-177.3760654199,0.133278663,-149.9775380225,106.374,1.004,-107.0611,-542.2706,36.6549,27.395,80.3754089541,28.1360926883,83.2179209546,-24.493491517,-88.9729799511,-38.697856779,-8.0021062644,-2.2883685467,-2.8351730923,8.1959075557,2.566324048,-5.7865032579,5.3666,-4.8101,17.3054,-0.12158,0.08768,0.04873,0.0021,0.002,0.00218,0.00165,0.00172,0.0016,0.041,0.0435,0.045,passive,2
3.4605,rehab,danger_boundary_spike,76.735757711,-666.1007574214,265.9939063477,-177.3753192517,0.1331221397,-149.977666189,97.6031,2.0615,-107.1164,-178.8781,71.8032,66.6061,80.3036085797,28.0214149905,83.2002849278,-24.2641243888,-88.9280057177,-38.8000932463,-5.5364980163,-2.9940325656,-4.8487653808,8.1884681475,-0.6823421878,-8.6322607786,4.8459,-4.1768,16.1222,-0.10626,0.09024,0.04637,0.0021,0.002,0.00218,0.00165,0.00172,0.0016,0.041,0.0435,0.045,passive,2
3.4805,rehab,danger_boundary_spike,78.6945326019,-666.0009100112,263.8544957688,-177.3804367671,0.1322129731,-149.9795595571,99.2188,3.8762,-104.3969,-121.5762,-56.1126,316.4688,80.1539490335,28.0163313857,83.0239703393,-24.1659527911,-89.0002736386,-39.0431472101,-6.3067021294,-3.8795510841,-3.7215257197,5.6688917881,-2.1391460296,-6.6731683317,5.1474,-4.5801,17.6929,-0.11538,0.08258,0.03957,0.0021,0.002,0.00218,0.00165,0.00172,0.0016,0.041,0.0435,0.045,passive,2
3.5005,rehab,danger_boundary_spike,80.7045111865,-665.9457110898,261.8180310734,-177.3743106105,0.1309458545,-149.9755881602,92.7401,-0.183,-94.4577,-233.7807,-93.8649,295.7737,80.0513404946,27.8662329471,83.051423899,-24.0373687173,-89.0135715589,-39.0670199796,-5.038487576,-0.1693361394,-4.6667209621,7.191005315,-0.1752698343,-3.7208502906,5.214,-4.51,16.7125,-0.11091,0.09405,0.04408,0.0021,0.002,0.00218,0.00165,0.00172,0.0016,0.041,0.0435,0.045,passive,2
3.5205,rehab,danger_boundary_spike,82.4041350679,-666.0082292998,260.0761890496,-177.3808313424,0.1328655162,-149.9755789986,89.8676,0.1216,-92.5659,-131.0645,56.6114,182.0411,79.9524095304,28.0095579401,82.8373015008,-23.8783125785,-89.0072844319,-39.1919812218,-6.5182704916,0.3079550677,-5.5180604069,6.3013432922,-0.5994186907,-4.7268713909,4.8998,-4.0623,15.0166,-0.10277,0.0862,0.04426,0.0021,0.002,0.00218,0.00165,0.00172,0.0016,0.041,0.0435,0.045,passive,2
3.5405,rehab,danger_boundary_spike,84.2992154884,-665.9408486462,258.1153937043,-177.381156458,0.1294634974,-149.974391663,87.4975,2.0815,-87.176,-213.4925,46.905,137.7651,79.7906096749,27.8785511498,82.8307014827,-23.7853149856,-89.0375483065,-39.2560948352,-4.7391810811,-8.8293103328,-1.3973090397,5.6480943642,0.7907820085,-3.2732340557,4.9243,-4.4562,15.9358,-0.11619,0.0837,0.04645,0.0021,0.002,0.00218,0.00165,0.00172,0.0016,0.041,0.0435,0.045,passive,2
3.5605,rehab,danger_boundary_spike,85.90403431,-665.9249702936,256.5891481276,-177.3708106779,0.1319286062,-149.9732499506,81.3279,1.9978,-87.0553,-204.9665,13.8335,-42.6282,79.7628422872,27.6563855268,82.7814091393,-23.652388804,-88.9756531516,-39.322910584,-5.3105863024,-6.3466855639,-4.2886939313,4.9960675276,2.2776726005,-5.7093066872,5.0918,-3.8141,14.3898,-0.09952,0.05985,0.04442,0.0021,0.002,0.00218,0.00165,0.00172,0.0016,0.041,0.0435,0.045,passive,2
3.5805,rehab,danger_boundary_spike,87.5523318597,-665.8609381673,254.6331805051,-177.3779643348,0.1334791957,-149.9750964855,79.2988,2.6348,-88.8812,-166.5134,-23.5205,271.0261,79.5781862228,27.6246837272,82.6591537254,-23.5854722845,-88.9464414025,-39.4844671027,-7.7703746123,-0.0959795383,-3.6117888753,5.9977646118,-0.947468755,-7.7186070175,5.5958,-3.8318,16.6548,-0.10858,0.07941,0.0441,0.0021,0.002,0.00218,0.00165,0.00172,0.0016,0.041,0.0435,0.045,passive,2
3.6005,rehab,danger_boundary_spike,89.0759872037,-665.8195776579,253.0339020891,-177.3766575387,0.1320315217,-149.9773478561,74.6674,1.0569,-76.2143,-188.5896,-39.4518,168.0192,79.4520273027,27.6525463452,82.6369375842,-23.4124782195,-89.0135519018,-39.6316548647,-2.4172931535,-2.8003741887,-2.6004824537,4.7579591739,-1.0938696801,-4.071336951,6.2703,-4.4662,16.6122,-0.10248,0.07539,0.04824,0.0021,0.002,0.00218,0.00165,0.00172,0.0016,0.041,0.0435,0.045,passive,2
3.6205,rehab,danger_boundary_spike,90.5390268654,-665.8186604609,251.584609125,-177.3750134031,0.1312099689,-149.9777325111,71.7552,1.0567,-82.1604,-320.9311,39.3325,-188.5231,79.4814944967,27.5126687597,82.5551344273,-23.3951539175,-88.9901961897,-39.6473205808,-5.2643286825,-4.3540798066,-1.5095676379,4.4273335515,0.1035384443,-3.1276565543,5.234,-4.0668,15.1063,-0.09794,0.07646,0.03407,0.0021,0.002,0.00218,0.00165,0.00172,0.0016,0.041,0.0435,0.045,passive,2
3.6405,rehab,danger_boundary_spike,91.9461967883,-665.777307896,249.7474867993,-177.3767926389,0.1290176724,-149.9741343979,61.8301,2.6302,-83.7552,-160.5093,10.9058,197.465,79.2414541554,27.478383153,82.5765548787,-23.2353848774,-89.009410364,-39.7567611269,-6.5256058488,-1.4354562583,-2.5441467426,5.527879092,-0.1571986659,-6.1530184484,5.5191,-4.1434,14.6345,-0.10176,0.06795,0.05287,0.0021,0.002,0.00218,0.00165,0.00172,0.0016,0.041,0.0435,0.045,passive,2
3.6605,rehab,danger_boundary_spike,93.0122321756,-665.7134507119,248.2344008223,-177.3796402088,0.1310875746,-149.9792052395,65.3349,1.493,-74.2618,285.8433,-68.865,160.968,79.2204702627,27.4552505094,82.4533685576,-23.1740387538,-88.9964841363,-39.8934413187,-3.3176619327,1.4282299479,-4.35650145,5.0854929518,-0.3057401281,-3.677051829,5.4277,-4.1959,14.3036,-0.09454,0.06195,0.04538,0.0021,0.002,0.00218,0.00165,0.00172,0.0016,0.041,0.0435,0.045,passive,2
3.6805,rehab,danger_boundary_spike,94.559591548,-665.7175888632,246.777015432,-177.3823932916,0.1318976506,-149.9695589454,73.2639,-0.1244,-77.3165,-116.052,32.3447,-48.4983,79.1087476781,27.5355123509,82.4022948207,-23.0319651594,-89.0216399691,-39.9038432,-1.8948141041,-2.4337923158,-4.2541877653,3.9082103902,1.7555841215,0.8305574847,5.6347,-4.1026,15.1952,-0.09756,0.07455,0.04778,0.0021,0.002,0.00218,0.00165,0.00172,0.0016,0.041,0.0435,0.045,passive,2
3.7005,rehab,danger_boundary_spike,95.9427866932,-665.7184249876,245.1417413628,-177.381395427,0.1315671135,-149.9757009034,60.6928,2.7868,-76.2017,-291.4792,24.256,141.3241,79.1446776985,27.3578988167,82.283201047,-23.0177103382,-88.9262607715,-39.8602190193,-1.0572122969,-7.0066877148,-3.7445549293,4.2247985263,0.3326516481,-4.8238021662,6.6317,-4.2854,15.7724,-0.0995,0.06552,0.04875,0.0021,0.002,0.00218,0.00165,0.00172,0.0016,0.041,0.0435,0.045,passive,2
3.7205,rehab,danger_boundary_spike,96.9873031058,-665.6061182484,243.7289467365,-177.372072794,0.1322068853,-149.9754580214,61.6047,0.8459,-71.6635,3.9424,-111.0408,28.3234,79.0664591862,27.2552448423,82.2525126236,-22.8629732183,-89.0083339032,-40.0967952867,-6.6967304829,-2.4652375777,-2.2115852599,7.1237622198,-4.149281784,-6.8787205921,5.7923,-3.8908,15.4012,-0.09821,0.07479,0.03487,0.0021,0.002,0.00218,0.00165,0.00172,0.0016,0.041,0.0435,0.045,passive,2
3.7405,rehab,danger_boundary_spike,98.4069745333,-665.6845896913,242.2752005058,-177.3816934408,0.1299613415,-149.9773451133,60.8505,-1.6549,-75.0688,-86.5151,34.5759,-173.7869,78.8768084792,27.2592893136,82.1947376366,-22.7327598494,-89.0922320428,-40.135367843,-5.0090302857,0.4646174787,-2.635268499,5.6212513465,-1.1974192684,-3.9112285649,6.4268,-4.2621,15.8667,-0.09731,0.07984,0.04543,0.0021,0.002,0.00218,0.00165,0.00172,0.0016,0.041,0.0435,0.045,passive,2
3.7605,rehab,danger_boundary_spike,99.4213225181,-665.6723128463,240.726195518,-177.3772961659,0.1303493194,-149.9738501299,58.1441,2.2289,-78.615,-59.0742,81.5394,-32.2928,78.8660979748,27.2738295414,82.1471018836,-22.6381231644,-89.056230674,-40.2532444293,-3.0092862979,-1.4182691736,-2.7034427328,3.2303800353,1.0494586933,-5.0171118706,6.4905,-4.4699,15.9994,-0.09786,0.08273,0.05219,0.0021,0.002,0.00218,0.00165,0.00172,0.0016,0.041,0.0435,0.045,passive,2
3.7805,rehab,danger_boundary_spike,100.7327382751,-665.5954330348,239.1306006434,-177.3768387338,0.1309611908,-149.9763878391,58.4875,1.6067,-76.3605,1175.46,-51.178,-1235.8171,78.7564370273,27.2025585467,82.0865999273,-22.603544648,-89.0502536951,-40.3360523178,-3.7846435687,-1.4229370167,-3.7867074873,2.319680425,-1.3432834097,-2.2707073151,6.9055,-4.5663,15.9618,-0.10851,0.08365,0.04898,0.0021,0.002,0.00218,0.00165,0.00172,0.0016,0.041,0.0435,0.045,passive,2
3.8005,rehab,danger_boundary_spike,101.7608232559,-665.608044466,237.6717758767,-177.3724755216,0.1309427087,-149.9759861999,105.1625,0.1818,-128.0477,1310.5464,-12.7649,-1692.6118,78.714712232,27.2169120608,81.9956335841,-22.5453359474,-89.1099620103,-40.3440727219,-9.9320489829,-3.2523131493,-6.68988695,8.1295606156,-1.9703930998,-2.4092982191,6.8837,-4.5376,15.8347,-0.09974,0.07246,0.05522,0.0021,0.002,0.00218,0.00165,0.00172,0.0016,0.041,0.0435,0.045,passive,2
3.8205,rehab,danger_boundary_spike,104.9392380511,-665.5881611369,234.0086933495,-177.3741094201,0.1297896972,-149.9751057867,110.9094,1.0961,-144.065,-935.2262,23.9772,739.3209,78.359155068,27.0724660207,81.8190044493,-22.2783622234,-89.1290694191,-40.4324242466,-11.0465891077,-4.773106311,-3.8777878045,11.3939940112,0.5703522278,-6.6078370888,7.4085,-4.7687,17.0252,-0.10845,0.0741,0.05624,0.0021,0.002,0.00218,0.00165,0.00172,0.0016,0.041,0.0435,0.045,passive,2
3.8405,rehab,danger_boundary_spike,106.1971983055,-665.5641999625,231.9091774006,-177.3813282913,0.1300128497,-149.9721030354,67.7534,1.1409,-98.4748,-922.8279,-34.629,1036.3654,78.2728486677,27.0259878083,81.8405220719,-22.089576187,-89.0871479212,-40.6083862054,-4.7267000179,-3.4632965865,-3.8200948487,5.5526762072,2.1845418275,-8.9504911723,7.8069,-4.2772,16.1005,-0.09017,0.0724,0.05651,0.0021,0.002,0.00218,0.00165,0.00172,0.0016,0.041,0.0435,0.045,passive,2
3.8605,rehab,danger_boundary_spike,107.6493758638,-665.5425256587,230.0696994161,-177.382244656,0.1321965168,-149.9781588795,73.9963,-0.289,-102.6103,105.7635,-20.051,-163.0456,78.1700870673,26.9339341573,81.6662006553,-22.0562551751,-89.041687746,-40.7904438935,-3.8793414339,-4.3266571393,-6.8179088189,4.3290950894,2.5430495102,-7.5039931066,7.2741,-4.7095,15.814,-0.11685,0.07513,0.05357,0.0021,0.002,0.00218,0.00165,0.00172,0.0016,0.041,0.0435,0.045,passive,2
3.8805,rehab,danger_boundary_spike,109.1570486755,-665.5757618307,227.804763492,-177.379227094,0.1291143063,-149.9802439143,71.984,0.3388,-104.9967,87.8104,61.3221,-53.5858,78.1176750104,26.8529215228,81.5678057192,-21.9164123834,-88.9854259408,-40.9085459297,-6.8346001954,-3.2892987811,-3.1582595704,7.6328971303,-4.1746568094,-4.8685529219,7.8712,-4.6507,16.5738,-0.11123,0.08302,0.06614,0.0021,0.002,0.00218,0.00165,0.00172,0.0016,0.041,0.0435,0.045,passive,2
3.9005,rehab,danger_boundary_spike,110.5287353315,-665.5289717752,225.8698326009,-177.3787799947,0.1281103288,-149.9759630109,77.5087,2.1638,-104.7538,159.7973,-52.162,-231.4291,77.8967030595,26.802362206,81.5398702725,-21.7509392899,-89.2086740184,-40.9851860104,-6.2324153471,-2.5220313175,-2.1827728479,4.0957881451,-2.3088571275,-6.6827622007,8.4585,-4.8292,16.1209,-0.11699,0.08291,0.05404,0.0021,0.002,0.00218,0.00165,0.00172,0.0016,0.041,0.0435,0.045,passive,2
3.9205,rehab,danger_boundary_spike,112.2573957502,-665.4892083744,223.6146123062,-177.3826845487,0.131531561,-149.9771406222,78.3759,-1.7476,-114.2538,-5.6357,-65.761,-373.6732,77.8683783965,26.7520402701,81.4804948053,-21.7525808576,-89.0777802259,-41.1758564177,-2.7391756611,-2.0774514869,-5.2293179934,4.0151807107,3.6075973106,-5.943990878,8.1234,-4.5524,16.5257,-0.10468,0.07056,0.06481,0.0021,0.002,0.00218,0.00165,0.00172,0.0016,0.041,0.0435,0.045,passive,2
3.9405,rehab,danger_boundary_spike,113.6637704853,-665.5988771228,221.299679239,-177.3769726132,0.1290071403,-149.9758585519,77.2832,-0.4666,-119.7007,19.3247,57.168,-85.3944,77.787136033,26.7192641465,81.3306975528,-21.5903320615,-89.0643701259,-41.2229456455,-5.436669341,-1.5469692693,-4.7071491193,8.7523198715,0.8522085165,-4.9173777291,9.1286,-5.6089,17.8369,-0.13263,0.07651,0.06684,0.0021,0.002,0.00218,0.00165,0.00172,0.0016,0.041,0.0435,0.045,passive,2
3.9605,rehab,danger_boundary_spike,115.3487256502,-665.5078725523,218.826583971,-177.3812643733,0.1324611489,-149.9766916216,79.1489,0.5391,-117.6696,-73.2738,4.5264,51.2721,77.6509116228,26.6901614993,81.2922088405,-21.4024880628,-89.0436918853,-41.3725515269,-9.7235773099,-2.2255177197,-4.806097718,7.0123282088,-0.8863649727,-7.7901678644,8.4484,-4.7471,16.7164,-0.11958,0.07966,0.05665,0.0021,0.002,0.00218,0.00165,0.00172,0.0016,0.041,0.0435,0.045,passive,2
3.9805,rehab,danger_boundary_spike,116.829725182,-665.5773135915,216.5928947978,-177.3776906734,0.1311542049,-149.9728710294,74.3523,-0.2855,-117.6498,109.5929,14.3956,-226.8985,77.3981929406,26.6302434377,81.1384536441,-21.3098389331,-89.0998247249,-41.5345523601,-8.6031856057,-4.9192671026,-5.3657080194,6.6116693187,-3.7697266375,-5.1709764764,9.2704,-5.1658,16.4116,-0.10634,0.06612,0.06373,0.0021,0.002,0.00218,0.00165,0.00172,0.0016,0.041,0.0435,0.045,passive,2
4.0005,rehab,danger_boundary_spike,118.3228174971,-665.5192944897,214.1205910401,-177.3762036085,0.1271853464,-149.9773400832,83.5326,1.1149,-126.7455,262.6182,16.6113,-290.3897,77.3067841986,26.4933908152,81.0775805197,-21.13802129,-89.1944809508,-41.5793905859,-5.2232495747,-4.8977378512,-4.8764529317,9.8060025414,0.0928487982,-3.3128000806,9.3967,-4.5515,16.8355,-0.10901,0.06678,0.06317,0.0021,0.002,0.00218,0.00165,0.00172,0.0016,0.041,0.0435,0.045,passive,2
4.0205,rehab,danger_boundary_spike,120.1710285,-665.5327171404,211.523072828,-177.3746709058,0.1275755528,-149.9804427619,84.857,0.3789,-129.2654,-142.3911,-44.9776,-59.2738,77.1892629576,26.4343339237,80.9433955268,-20.9175988315,-89.0961107729,-41.6670643633,-7.6767566986,-3.6620014233,-5.5508161877,6.5671579277,2.9651444117,-5.1643600865,10.374,-5.3488,17.9333,-0.1333,0.07875,0.08072,0.0021,0.002,0.00218,0.00165,0.00172,0.0016,0.041,0.0435,0.045,passive,2
4.0405,rehab,danger_boundary_spike,121.7170984299,-665.5041383598,208.949974578,-177.374931927,0.1316520194,-149.9709244765,77.8369,-0.6842,-129.1165,-272.5076,-42.8012,-135.3525,76.9997139307,26.3469107582,80.8555478722,-20.8753349729,-89.0758751743,-41.7859649894,-5.530615474,-5.0299537844,-4.6933591654,4.8524441132,0.0118858422,-6.5840978946,10.3378,-4.9163,17.1352,-0.11234,0.0787,0.0709,0.0021,0.002,0.00218,0.00165,0.00172,0.0016,0.041,0.0435,0.045,passive,2
4.0605,rehab,danger_boundary_spike,123.284506112,-665.5600848854,206.3584127501,-177.3787140632,0.1288714291,-149.9807244497,73.9567,-1.3331,-134.6795,-78.8782,2.9665,-133.9715,76.9680383387,26.2331357723,80.7556611602,-20.7235010669,-89.0956353392,-41.9304282791,-5.3588994495,-4.1068109151,-4.2619158576,6.7257120522,-2.3319172369,-4.6503659349,10.0054,-4.9668,17.277,-0.12522,0.08572,0.0683,0.0021,0.002,0.00218,0.00165,0.00172,0.0016,0.041,0.0435,0.045,passive,2
4.0805,rehab,danger_boundary_spike,124.6753671383,-665.5574640913,203.5627941211,-177.3788252407,0.1300090519,-149.9763932737,74.6818,-0.5655,-134.4754,229.7381,-9.2104,65.0372,76.7853579527,26.1826383216,80.6850712379,-20.6063064908,-89.1691518638,-41.9719796268,-7.7544706175,-3.8893159167,-2.5805834885,8.8193650217,-1.8053063548,-5.1386639446,10.2887,-5.3813,17.364,-0.11594,0.07578,0.0804,0.0021,0.002,0.00218,0.00165,0.00172,0.0016,0.041,0.0435,0.045,passive,2
4.1005,rehab,danger_boundary_spike,126.2717786234,-665.5827063035,200.9793983517,-177.3756895043,0.1278876711,-149.9806891459,83.1462,-1.7016,-132.078,80.4215,22.9113,-199.6316,76.657859514,26.0775631357,80.6524378206,-20.3707264661,-89.1678475934,-42.1359748368,-7.3170654174,-4.2424569959,-5.433927785,7.6356005829,1.1232605996,-7.9857002401,10.3427,-4.4525,16.2147,-0.10824,0.06156,0.07083,0.0021,0.002,0.00218,0.00165,0.00172,0.0016,0.041,0.0435,0.045,passive,2
4.1205,rehab,danger_boundary_spike,128.001216837,-665.625526411,198.2796731345,-177.3738328486,0.1290379567,-149.9737879247,77.8987,0.3509,-142.4606,-336.5805,72.7567,-173.5351,76.492675336,26.0129400418,80.4677141265,-20.3008824675,-89.1242214398,-42.2914076364,-4.9050961073,-2.8030643903,-4.8943348707,6.2188295137,0.8024421334,-6.8664606991,10.812,-5.1209,16.5088,-0.10732,0.0568,0.08795,0.0021,0.002,0.00218,0.00165,0.00172,0.0016,0.041,0.0435,0.045,passive,2
4.1405,rehab,danger_boundary_spike,129.3877254843,-665.5686696259,195.2809734655,-177.3745056345,0.1265976416,-149.9792952646,69.683,1.2087,-139.0194,-75.7478,-60.026,101.7833,76.4616556697,25.96544056,80.4566644258,-20.1219732855,-89.1357499081,-42.4106332648,-7.4491407162,-3.8924759254,-3.1494696005,10.2956390457,-1.4481880727,-5.0531858105,11.2774,-5.1583,17.0777,-0.11714,0.06846,0.06543,0.0021,0.002,0.00218,0.00165,0.00172,0.0016,0.041,0.0435,0.045,passive,2
4.1605,rehab,danger_boundary_spike,130.7885377365,-665.5771779869,192.7188960114,-177.3794322123,0.1263782369,-149.9764333893,74.8688,-2.0501,-138.3893,126.6915,-94.4695,-213.8234,76.1947097073,25.8572410048,80.3417353425,-19.8890569057,-89.1821489627,-42.4935350688,-9.9617330098,-4.5236255114,-6.8428874904,10.7340782771,-1.8661464664,-4.9868063476,11.719,-5.1764,17.26,-0.1167,0.07382,0.08645,0.0021,0.002,0.00218,0.00165,0.00172,0.0016,0.041,0.0435,0.045,passive,2
4.1805,rehab,danger_boundary_spike,132.3824758325,-665.6506745318,189.7454018565,-177.3776690457,0.126996543,-149.9739351835,74.7507,-2.5701,-147.5724,-104.9822,23.1206,-258.7046,76.0631863493,25.7844955396,80.1829489262,-19.6926101544,-89.2103957668,-42.6101055187,-3.0120490773,-1.6505429431,-6.2530831165,5.9414011398,-0.0040271283,-8.0705092402,12.118,-5.8302,17.784,-0.12641,0.06427,0.08559,0.0021,0.002,0.00218,0.00165,0.00172,0.0016,0.041,0.0435,0.045,passive,2
4.2005,rehab,danger_boundary_spike,133.7785649591,-665.6799807635,186.8160014129,-177.3812108085,0.1289021879,-149.9855405969,70.6695,-1.1253,-148.7375,-146.4523,15.2615,104.7384,76.0742277442,25.7912192871,80.0916120178,-19.6514008601,-89.1823100478,-42.8163554384,-5.7427372771,-1.1712967825,-4.5833025308,5.2382588705,0.2036196533,-7.6743030587,11.5105,-5.522,16.4156,-0.12168,0.05476,0.07015,0.0021,0.002,0.00218,0.00165,0.00172,0.0016,0.041,0.0435,0.045,passive,2
4.2205,rehab,danger_boundary_spike,135.2092546085,-665.6956864667,183.795902961,-177.3787284476,0.1286491094,-149.9814838539,68.8926,-1.9596,-143.3828,-146.3253,-4.6001,270.2914,75.8334768582,25.7376436683,79.999616825,-19.4830797996,-89.2022509806,-42.9170776411,-12.2548310253,-4.1397356524,-5.1141140481,8.2012273925,-1.2426977981,-6.4673364291,12.7678,-5.4784,17.8691,-0.11741,0.07272,0.09522,0.0021,0.002,0.00218,0.00165,0.00172,0.0016,0.041,0.0435,0.045,passive,2
4.2405,rehab,danger_boundary_spike,136.5342684881,-665.7583651904,181.0806883092,-177.3790164639,0.125982101,-149.9816633044,64.8165,-1.3093,-137.9258,81.2239,29.1384,-76.1361,75.5840345032,25.625629861,79.8870474559,-19.3233517644,-89.2320179597,-43.0750488956,-6.2257146348,-4.9306947396,-5.3704577335,7.3964686607,0.8294201726,-8.4616345282,12.4664,-5.4073,17.425,-0.1194,0.05518,0.07394,0.0021,0.002,0.00218,0.00165,0.00172,0.0016,0.041,0.0435,0.045,passive,2
4.2605,rehab,danger_boundary_spike,137.8019129323,-665.7480584947,178.2788702674,-177.379682183,0.1271256344,-149.974445915,72.1415,-0.7941,-146.4283,65.9894,-18.7274,-222.4199,75.5844482728,25.5404158787,79.7847985156,-19.1872210532,-89.1690741737,-43.2555430222,-4.983247733,-5.06881851,-3.2547534787,8.4973319084,3.8594048799,-4.5007291103,13.4154,-5.4056,17.9826,-0.13587,0.05894,0.08911,0.0021,0.002,0.00218,0.00165,0.00172,0.0016,0.041,0.0435,0.045,passive,2
4.2805,rehab,danger_boundary_spike,139.4199303279,-665.7901282353,175.2235574647,-177.3799990782,0.1262269364,-149.9718156182,67.456,-2.0584,-146.8226,-3823.0279,-34.6677,7581.1058,75.3847045939,25.4228771206,79.7568573167,-18.983458488,-89.0776417646,-43.25507806,-6.499928577,-3.2646348103,-4.4138830148,8.2314168422,-1.0936567048,-1.3091154133,12.967,-5.2226,17.3838,-0.10692,0.06592,0.08426,0.0021,0.002,0.00218,0.00165,0.00172,0.0016,0.041,0.0435,0.045,passive,2
4.3005,rehab,danger_boundary_spike,140.5001542685,-665.830394375,172.4059657134,-177.3825071536,0.1308233751,-149.9788823862,-80.7796,-2.1808,156.816,-3575.2549,37.3705,7844.7442,75.3244511297,25.4098304863,79.608243195,-18.8579643795,-89.2128204419,-43.3079076387,8.9474918508,5.1319665848,2.9402624987,-10.372536375,-4.4104685249,5.3312936543,22.1037,-5.798,-2.0902,-0.04984,-0.07494,0.13668,0.0021,0.002,0.00218,0.00165,0.00172,0.0016,0.041,0.0435,0.045,passive,2
4.3205,rehab,danger_boundary_spike,136.1887475147,-665.8773596654,181.4961959145,-177.3771330775,0.127116735,-149.9753160006,-75.5542,-0.5636,166.9672,3542.2528,10.5527,-7070.6757,75.7426042679,25.628155784,79.8744678167,-19.398359943,-89.2540605055,-43.0418263138,8.5755984708,4.8227903249,7.6414562727,-9.0548321038,1.3053052751,3.1961686078,22.528,-6.2349,-0.9927,-0.05731,-0.08015,0.14637,0.0021,0.002,0.00218,0.00165,0.00172,0.0016,0.041,0.0435,0.045,passive,2
4.3405,rehab,danger_boundary_spike,137.477987706,-665.8529373804,179.0846518289,-177.3758595161,0.1307239582,-149.9805513656,60.9105,-1.7587,-126.0111,3222.2142,-63.5484,-7257.9056,75.6674750686,25.6027420993,79.9139014459,-19.2201576636,-89.1606082309,-43.1800608944,-7.5202964892,-2.7916688145,-2.0993656442,8.5061352895,0.4097275036,-6.1475002567,12.6478,-5.5625,16.1209,-0.12576,0.07541,0.08951,0.0021,0.002,0.00218,0.00165,0.00172,0.0016,0.041,0.0435,0.045,passive,2
4.3605,rehab,danger_boundary_spike,138.6251691918,-665.9477068549,176.4557532917,-177.3824272282,0.1285526845,-149.9800199648,53.3344,-3.1055,-123.3491,-181.5359,37.748,107.8339,75.4417924084,25.5164890314,79.7904931909,-19.0581145315,-89.2376714054,-43.2877263241,-9.0305126852,-3.578907114,-6.2420094678,4.8988245954,-0.7959928632,-3.3782873916,12.2255,-5.4433,16.3186,-0.11899,0.05057,0.08762,0.0021,0.002,0.00218,0.00165,0.00172,0.0016,0.041,0.0435,0.045,passive,2
4.3805,rehab,danger_boundary_spike,139.6113639261,-665.9771578479,174.1506889534,-177.3808700851,0.1274297727,-149.9801075748,53.6491,-0.2488,-121.6977,109.0572,69.1719,-55.022,75.3062545612,25.4595858147,79.6642210672,-19.0242046798,-89.1924479454,-43.3151923901,-6.4524068632,-3.7059762492,-4.6597164304,6.0869484544,0.4928634301,-4.8999691295,12.5627,-5.5088,16.762,-0.12376,0.05842,0.08903,0.0021,0.002,0.00218,0.00165,0.00172,0.0016,0.041,0.0435,0.045,passive,2
4.4005,rehab,danger_boundary_spike,140.7711333928,-665.9576571746,171.5878449722,-177.3796376365,0.1284907002,-149.9852642789,57.6967,-0.3386,-125.55,-109.5415,-66.3719,4.0532,75.1836961338,25.3682499814,79.6041045337,-18.8146365933,-89.2179568682,-43.4837250893,-4.0064959559,-3.9344947339,-5.8620258282,9.5477805192,-2.0166634983,-5.5523279645,13.4278,-5.6384,17.5799,-0.11966,0.05673,0.09168,0.0021,0.002,0.00218,0.00165,0.00172,0.0016,0.041,0.0435,0.045,passive,2
4.4205,rehab,danger_boundary_spike,141.9192316229,-665.990703247,169.1286908163,-177.3754284823,0.1255916171,-149.9807557982,49.2674,-2.9036,-121.5356,-217.0933,-61.7799,58.8437,75.1459947229,25.3022060254,79.4297400341,-18.6422934591,-89.2731144854,-43.5372855087,-5.6037837691,-1.0337363127,-2.8469489826,5.1274305298,-0.3897173423,-3.6775599715,13.257,-5.1672,16.2711,-0.11651,0.05815,0.07628,0.0021,0.002,0.00218,0.00165,0.00172,0.0016,0.041,0.0435,0.045,passive,2
4.4405,rehab,danger_boundary_spike,142.741831149,-666.0738025846,166.7264217569,-177.3785068084,0.1247575331,-149.9794305005,49.013,-2.8098,-123.1962,-53.0069,67.2028,229.4605,74.9595447831,25.3269005289,79.4902265744,-18.6095393721,-89.2335455619,-43.6308274881,-6.6096669442,-3.0143787669,-2.5651468277,5.9082350881,3.6288027358,-6.9037626885,13.3995,-6.0373,16.9301,-0.13003,0.05528,0.08647,0.0021,0.002,0.00218,0.00165,0.00172,0.0016,0.041,0.0435,0.045,passive,2
4.4605,rehab,danger_boundary_spike,143.8797500337,-666.1030965052,164.2008426014,-177.3811858201,0.1268720293,-149.9776996407,47.1472,-0.2155,-112.3572,-197.2349,43.6104,342.5742,74.8816080451,25.1816308747,79.327134161,-18.4059640555,-89.1279623759,-43.8134360162,-5.1185957024,-4.5949665528,-3.5000955321,5.3833861321,0.2973389165,-4.2473271797,12.6675,-5.1232,15.0922,-0.1124,0.0535,0.08689,0.0021,0.002,0.00218,0.00165,0.00172,0.0016,0.041,0.0435,0.045,passive,2
4.4805,rehab,danger_boundary_spike,144.627717867,-666.0824234381,162.2321354195,-177.3742337832,0.1292223656,-149.9820523959,41.1236,-1.0654,-109.4932,-83.8952,-46.0417,-164.4801,74.754800955,25.1431018668,79.3502227531,-18.3942039268,-89.2216520052,-43.8007205753,-5.8432372544,-0.9611533076,-1.2747236168,3.9735742937,-3.0651416035,-4.6609483766,14.9314,-5.4285,17.5359,-0.11384,0.05572,0.10194,0.0021,0.002,0.00218,0.00165,0.00172,0.0016,0.041,0.0435,0.045,passive,2
4.5005,rehab,danger_boundary_spike,145.5246925262,-666.1457131484,159.8211131316,-177.3873858373,0.1291402185,-149.9791590075,43.7914,-2.0572,-118.9364,-34.805,-18.996,-22.248,74.647878555,25.1431847424,79.2761452163,-18.2470210838,-89.2505680401,-43.9998739513,-7.0839280072,-3.1436450347,-5.5139089666,8.2913905123,-0.0876546282,-3.6897977761,13.0099,-5.5891,15.9985,-0.10287,0.05044,0.08278,0.0021,0.002,0.00218,0.00165,0.00172,0.0016,0.041,0.0435,0.045,passive,2
4.5205,rehab,danger_boundary_spike,146.3793722713,-666.1647110773,157.4746809789,-177.382778669,0.1261738036,-149.9831488713,39.7314,-1.8253,-110.3832,-62.9593,-18.7581,453.0228,74.4714438347,25.0173560654,79.1296663944,-18.0625483063,-89.2251581904,-43.9483124864,-5.7254330986,-2.9518627766,-5.6271802369,8.2608851726,-0.4051063512,-4.6811765451,14.9742,-6.0907,17.1209,-0.13057,0.05594,0.10723,0.0021,0.002,0.00218,0.00165,0.00172,0.0016,0.041,0.0435,0.045,passive,2
4.5405,rehab,danger_boundary_spike,147.1139470848,-666.2187234185,155.4057869076,-177.3801870684,0.1259429219,-149.9815180943,41.273,-2.8075,-100.8155,-38.6673,-39.5705,363.012,74.418861231,25.0251102313,79.0510580068,-17.9165856769,-89.2667722941,-44.1871210131,-2.8243122798,-2.6530559669,-3.729263995,4.2476798101,-0.2556272324,-7.0731271131,16.0953,-5.8021,17.8319,-0.12198,0.04983,0.10177,0.0021,0.002,0.00218,0.00165,0.00172,0.0016,0.041,0.0435,0.045,passive,2
4.5605,rehab,danger_boundary_spike,148.0302918221,-666.2770116291,153.4420629604,-177.3819031015,0.1276458377,-149.9812112074,38.1847,-3.4081,-95.8627,-201.8629,-8.2511,27.8346,74.3584713435,24.9112338267,78.9804958346,-17.8926411139,-89.2353832797,-44.2312375709,-2.8963552955,-2.9925918917,-5.2825307409,5.3740741532,2.4784313613,-5.6580704152,14.3242,-5.379,16.0448,-0.11472,0.04903,0.08545,0.0021,0.002,0.00218,0.00165,0.00172,0.0016,0.041,0.0435,0.045,passive,2
4.5805,rehab,danger_boundary_spike,148.6413339265,-666.3550464329,151.5712798911,-177.3817231608,0.1262319558,-149.9836694358,33.1985,-3.1376,-99.7021,-183.2566,54.0311,-118.4883,74.3030070192,24.9054065557,78.8397567772,-17.7016227108,-89.1676350397,-44.4134438297,-3.771447537,-0.7570628187,-2.5100744505,4.6289179055,0.7178465252,-4.10125124,14.4796,-5.4106,15.8268,-0.11806,0.05164,0.09001,0.0021,0.002,0.00218,0.00165,0.00172,0.0016,0.041,0.0435,0.045,passive,2
4.6005,rehab,danger_boundary_spike,149.3582306837,-666.4025139501,149.4539803122,-177.3747250016,0.1279920829,-149.9782791124,30.8544,-1.2468,-100.6022,-108.1189,13.8422,217.7903,74.207613442,24.880951314,78.8800928566,-17.7074843977,-89.2066694186,-44.3952876205,-4.2388261669,-3.4052635217,-2.478048334,4.4936030053,-1.6300223075,-0.3383276002,14.8713,-5.6711,16.5178,-0.1128,0.05627,0.09369,0.0021,0.002,0.00218,0.00165,0.00172,0.0016,0.041,0.0435,0.045,passive,2
4.6205,rehab,danger_boundary_spike,149.8755102152,-666.4049197085,147.5471916506,-177.3795544668,0.1269094458,-149.9806048266,28.8737,-2.5839,-90.9905,-38.7362,-51.0973,365.3027,74.1334539725,24.7691960148,78.7406348438,-17.5218785905,-89.232835932,-44.4269769337,-5.5237396039,-0.9901922092,-4.7212689889,6.805203462,-1.5363258541,-3.697824859,15.0419,-5.301,16.4083,-0.11519,0.06035,0.09312,0.0021,0.002,0.00218,0.00165,0.00172,0.0016,0.041,0.0435,0.045,passive,2
4.6405,rehab,danger_boundary_spike,150.5131793,-666.5058686972,145.8143621056,-177.3774851517,0.1268753274,-149.9819314283,29.305,-3.2907,-85.9901,-234.3776,49.4489,350.7233,73.9866638579,24.8413436256,78.6912420971,-17.4352762592,-89.2681224528,-44.5432006149,-2.6440971547,-1.4674610787,-0.4559702828,2.0547604524,0.2577625008,-1.9146343723,15.4667,-5.3014,15.7541,-0.11559,0.04474,0.10323,0.0021,0.002,0.00218,0.00165,0.00172,0.0016,0.041,0.0435,0.045,passive,2
4.6605,rehab,danger_boundary_spike,151.0477086566,-666.5365486094,144.1075877604,-177.3824041609,0.1257010577,-149.9839699379,19.4986,-0.6059,-76.9615,-126.4089,18.6924,283.3993,74.0276900863,24.7104975716,78.7223960325,-17.4396881724,-89.2225254319,-44.5035623086,-2.1827251673,-3.8398646953,0.7273703091,3.0175419966,1.8569476694,-3.0251531095,14.193,-5.4119,14.4355,-0.12036,0.04249,0.08761,0.0021,0.002,0.00218,0.00165,0.00172,0.0016,0.041,0.0435,0.045,passive,2
4.6805,rehab,danger_boundary_spike,151.2931237008,-666.5301052545,142.7359011529,-177.38406452,0.1296846657,-149.9841406805,24.2486,-2.543,-74.6541,178.6676,-27.8297,14.9727,73.8993548512,24.6877490378,78.7203369094,-17.3145745794,-89.193844546,-44.6642067392,-5.3528119242,-0.1117811697,-4.5430914107,3.44214911,1.8719991537,-6.5834786577,14.6668,-5.2799,15.0938,-0.11878,0.03608,0.10062,0.0021,0.002,0.00218,0.00165,0.00172,0.0016,0.041,0.0435,0.045,passive,2
4.7005,rehab,danger_boundary_spike,152.0176527897,-666.6382696619,141.121422727,-177.378630496,0.1286962807,-149.9823043763,26.6453,-1.7191,-76.3626,-184.5298,79.135,145.8206,73.8135776094,24.7060263249,78.5406723761,-17.302002208,-89.1476454658,-44.7669014549,-5.1054418007,-3.4492175897,-6.6561921574,3.9393277476,-1.1383327149,-2.3705049072,14.9098,-5.5699,14.8357,-0.10508,0.04123,0.10082,0.0021,0.002,0.00218,0.00165,0.00172,0.0016,0.041,0.0435,0.045,passive,2
4.7205,rehab,danger_boundary_spike,152.3589362971,-666.5988694044,139.6813964546,-177.3776154179,0.1276630799,-149.9864213513,16.8674,0.6224,-68.8213,-240.6785,-52.2638,459.6479,73.6951371792,24.5497803342,78.4540892231,-17.1570014694,-89.2393778546,-44.7590269355,-5.903062724,-2.6075492178,-0.7837341914,5.8472104648,-4.2051904414,-1.8307610354,15.3116,-5.6411,15.6323,-0.11048,0.05107,0.10687,0.0021,0.002,0.00218,0.00165,0.00172,0.0016,0.041,0.0435,0.045,passive,2
4.7405,rehab,danger_boundary_spike,152.6923492904,-666.6133747706,138.3685706696,-177.3785883446,0.1280967889,-149.979557793,17.0182,-3.8097,-57.9767,50.7988,-141.9237,501.7134,73.5774551004,24.6017243561,78.5093230084,-17.0681137895,-89.3158530834,-44.8401318963,-0.8036800506,-1.2617580256,-0.9055517009,1.9382769963,-0.6837071887,-3.1753119299,15.3367,5.699,15.0727,-0.00735,0.0385,0.05228,0.0021,0.002,0.00218,0.00165,0.00172,0.0016,0.041,0.0435,0.045,passive,2
4.7605,rehab,danger_boundary_spike,153.0396632873,-666.7512556546,137.362328433,-177.3795533619,0.125433443,-149.9798272519,18.8994,-5.0546,-48.7528,-152.5245,63.7744,247.684,73.6629899771,24.4993100132,78.4178671551,-17.0794703896,-89.2667261422,-44.8860394127,-0.5852464486,-1.2615143376,-3.4338222253,2.3526763631,2.2267020491,-1.6359554734,15.1886,5.1534,14.9285,-0.00357,0.02976,0.04739,0.0021,0.002,0.00218,0.00165,0.00172,0.0016,0.041,0.0435,0.045,passive,2
4.7805,rehab,danger_boundary_spike,153.4483239277,-666.8155578158,136.4184601047,-177.3876282453,0.1277306701,-149.9872925786,10.9172,-1.2587,-48.0693,-150.9274,80.5925,141.2453,73.5540452425,24.5512637826,78.3719701194,-16.9740067349,-89.2267850015,-44.9055701152,-4.6333241964,0.0780060463,-1.1740293324,4.2544986721,-0.6201135803,-1.3765498753,15.0286,5.6523,14.7036,0.00269,0.04384,0.04948,0.0021,0.002,0.00218,0.00165,0.00172,0.0016,0.041,0.0435,0.045,passive,2
4.8005,rehab,danger_boundary_spike,153.4763510416,-666.8016027946,135.4395548261,-177.3770286421,0.1239342212,-149.9861950814,12.8623,-1.8309,-43.103,2656.2832,-29.3234,-10439.3709,73.4776570093,24.5024302551,78.3709059818,-16.9092904427,-89.2915306854,-44.9411014077,-2.4818229731,-0.5541116044,-0.5459966206,2.472416256,0.0920403369,-1.859372015,15.0055,5.8327,14.9923,-0.00822,0.05288,0.06134,0.0021,0.002,0.00218,0.00165,0.00172,0.0016,0.041,0.0435,0.045,passive,2
4.8205,rehab,danger_boundary_spike,153.9628146742,-666.8887928066,134.6943419815,-177.3815765236,0.1240706683,-149.9861193081,117.1685,-2.4316,-465.6442,2477.2742,-5.9176,-10485.8809,73.4547723235,24.5290993185,78.3501302546,-16.8751100847,-89.223103388,-44.9799449958,-23.1782288634,-10.7545450139,-15.0037245446,21.3663471434,0.5516057989,-20.7429501223,19.8881,7.3032,18.6566,0.0011,0.05415,0.07566,0.0021,0.002,0.00218,0.00165,0.00172,0.0016,0.041,0.0435,0.045,passive,2
4.8405,rehab,danger_boundary_spike,158.1630918661,-666.8988673525,116.8137878237,-177.3791635381,0.123466821,-149.9859025612,111.9532,-2.0676,-462.5382,-2646.1641,7.6827,11099.9471,72.5505278547,24.0722484545,77.770757,-16.054636557,-89.2694664534,-45.7708194126,-20.405316832,-14.5104953793,-16.0418146668,23.727477847,-1.5924440029,-18.3618863572,20.6842,7.211,17.7897,0.01083,0.05638,0.06701,0.0021,0.002,0.00218,0.00165,0.00172,0.0016,0.041,0.0435,0.045,passive,2
4.8605,rehab,danger_boundary_spike,158.440944152,-666.9714960163,116.1928144696,-177.381786061,0.1231024112,-149.9845469802,11.322,-2.1243,-21.6463,-2920.3885,-13.5038,11150.1363,72.6385596503,23.9486795033,77.7084576679,-15.9260109708,-89.2868011481,-45.7144204501,4.1629985862,-0.4254847896,-1.7637212747,0.3918447733,0.3110446991,0.2448627315,17.8635,5.7081,15.3848,-0.00796,0.03601,0.06592,0.0021,0.002,0.00218,0.00165,0.00172,0.0016,0.041,0.0435,0.045,passive,2
4.8805,rehab,danger_boundary_spike,158.6159701251,-666.983839577,115.947936165,-177.3815677824,0.1257449394,-149.9823839133,-4.8623,-2.6077,-16.5327,-336.3482,-18.251,262.2592,72.7170477982,24.0552290629,77.700208149,-16.038962766,-89.2570246655,-45.7610249034,-1.1513679341,1.4341138561,1.5530934444,-2.7061486206,1.145669247,-2.5542013653,16.2718,5.2303,14.093,-0.00481,0.03398,0.0758,0.0021,0.002,0.00218,0.00165,0.00172,0.0016,0.041,0.0435,0.045,passive,2
4.9005,rehab,danger_boundary_spike,158.2464520313,-667.0758053447,115.5315050598,-177.3790723046,0.1275888434,-149.980784805,-2.132,-2.8543,-11.1559,216.965,37.5273,624.7681,72.5925049329,24.0060440575,77.7705814057,-16.0342569156,-89.2409743782,-45.8165885047,-1.9615858693,-0.7803558041,0.0838405111,3.9906617516,1.6995635598,1.8803951023,16.8319,5.672,14.4853,0.00349,0.03487,0.07387,0.0021,0.002,0.00218,0.00165,0.00172,0.0016,0.041,0.0435,0.045,passive,2
4.9205,rehab,danger_boundary_spike,158.530691242,-667.0980134444,115.5016992321,-177.3803357782,0.1227394266,-149.9859058767,3.8163,-1.1066,8.458,14.9923,19.231,743.24,72.6385843634,24.0240148307,77.7035617695,-15.879336296,-89.1890421231,-45.6858090993,0.9519320459,-0.1811448853,-0.2842299402,2.8149783763,-0.8879307292,0.7959425806,21.0009,5.071,-6.1373,0.06892,-0.11254,0.08077,0.0021,0.002,0.00218,0.00165,0.00172,0.0016,0.041,0.0435,0.045,passive,2
4.9405,rehab,danger_boundary_spike,158.3991039307,-667.1200710514,115.8698246419,-177.3872938095,0.1245050253,-149.9873741688,-1.5323,-2.0851,18.5737,-180.1751,-32.4763,124.133,72.6305822147,23.9987982621,77.7592122081,-15.9216577806,-89.2764916074,-45.7847508015,0.2520006375,0.8211526508,1.8573177065,-0.902614164,0.713302946,-0.9347565293,21.2571,5.3597,-6.6931,0.07372,-0.10725,0.09076,0.0021,0.002,0.00218,0.00165,0.00172,0.0016,0.041,0.0435,0.045,passive,2
4.9605,rehab,danger_boundary_spike,158.4694000557,-667.18141774,116.2446463018,-177.3800501565,0.1259705133,-149.9858307934,-3.3907,-2.4057,13.4233,-182.8321,20.5647,146.3442,72.6486643889,24.0568609368,77.7778544777,-15.9154408625,-89.1605100052,-45.7231993604,-0.3158390176,0.2585928301,-0.9059200042,-1.5489526959,0.8157809729,-1.1156613531,22.4242,6.0479,-6.5544,0.07113,-0.10981,0.09388,0.0021,0.002,0.00218,0.00165,0.00172,0.0016,0.041,0.0435,0.045,passive,2
4.9805,rehab,danger_boundary_spike,158.2634756084,-667.2162989005,116.4067570921,-177.382759928,0.1242777903,-149.9907183104,-8.8456,-1.2625,24.4274,-26.2472,30.7019,606.0645,72.617948654,24.0091419753,77.7229754079,-15.9836158884,-89.2438603685,-45.8293772556,0.5444569387,0.1458928545,1.1769771016,-1.9408516619,-2.4873574701,2.4887276662,21.8893,5.445,-6.4707,0.08095,-0.09704,0.08328,0.0021,0.002,0.00218,0.00165,0.00172,0.0016,0.041,0.0435,0.045,passive,2
5.0005,rehab,danger_boundary_spike,158.11557753,-667.2319185196,117.2217441248,-177.3791845045,0.1283581157,-149.9849824226,-4.4406,-1.1776,37.6659,128.8878,-28.2066,325.143,72.6704426665,24.062696651,77.8249335618,-15.993074929,-89.260004304,-45.6236502538,1.2081976939,0.3709301661,2.3948806303,-1.6366949311,0.4245423783,5.2400037865,21.1278,5.7306,-6.4173,0.07694,-0.10907,0.07847,0.0021,0.002,0.00218,0.00165,0.00172,0.0016,0.041,0.0435,0.045,passive,2
5.0205,rehab,danger_boundary_spike,158.0858516894,-667.2634037792,117.9133927844,-177.3828434135,0.1277185508,-149.9890894034,-3.6901,-2.3908,37.4332,-301.135,-48.264,266.579,72.6662765618,24.023979182,77.8187706331,-16.0490836857,-89.2268786734,-45.6197771042,2.2345620283,3.1569572176,-1.0579112339,-4.9622578783,0.5768719013,2.561236848,21.8713,5.3268,-6.1328,0.08827,-0.10332,0.0829,0.0021,0.002,0.00218,0.00165,0.00172,0.0016,0.041,0.0435,0.045,passive,2
5.0405,rehab,danger_boundary_spike,157.9679754995,-667.3275497953,118.7190707179,-177.3812087692,0.1276834427,-149.9865465994,-16.486,-3.1082,48.3291,-309.1999,24.7237,520.6336,72.7598251476,24.1889749397,77.7826171124,-16.1915652441,-89.236929428,-45.5212007799,1.6053827196,1.5671765166,2.404058499,-2.7770793196,-1.5445872394,-0.1119913683,21.6172,5.6391,-6.2586,0.0827,-0.09891,0.08535,0.0021,0.002,0.00218,0.00165,0.00172,0.0016,0.041,0.0435,0.045,passive,2
5.0605,rehab,danger_boundary_spike,157.4264116917,-667.387731021,119.8465548574,-177.3814467876,0.1276845212,-149.9874996216,-16.058,-1.4018,58.2585,157.094,56.274,518.4022,72.7304918706,24.0866662426,77.9149329731,-16.1601668584,-89.2886621629,-45.6242567589,0.8873866193,-0.8354156255,4.9283006788,-0.782619558,-1.0185255486,0.6411380229,21.5093,5.0908,-6.4243,0.0664,-0.10929,0.09127,0.0021,0.002,0.00218,0.00165,0.00172,0.0016,0.041,0.0435,0.045,passive,2
5.0805,rehab,danger_boundary_spike,157.3256536887,-667.3836232169,121.0494110439,-177.379261083,0.1220638286,-149.9879927683,-10.2022,-0.8572,69.0651,14.4013,-8.2615,338.0632,72.7953206124,24.1555583146,77.9797491396,-16.2228700265,-89.2776704499,-45.495555259,5.7254511318,2.725854429,1.1571062664,-3.2365136139,0.9509860072,3.7065387798,21.0221,5.7527,-5.7788,0.08405,-0.09176,0.09201,0.0021,0.002,0.00218,0.00165,0.00172,0.0016,0.041,0.0435,0.045,passive,2
5.1005,rehab,danger_boundary_spike,157.018322053,-667.4220198818,122.6091604902,-177.3841589891,0.1248968664,-149.9845586066,-15.482,-1.7323,71.781,-334.5967,-10.121,278.7863,72.9595099158,24.1957004198,77.9612172238,-16.289627403,-89.2506227227,-45.4759952077,3.57897541,0.6729566503,2.0575588346,-3.9436785196,0.5356296086,1.9063610462,21.5154,5.3164,-5.666,0.07586,-0.09859,0.09615,0.0021,0.002,0.00218,0.00165,0.00172,0.0016,0.041,0.0435,0.045,passive,2
5.1205,rehab,danger_boundary_spike,156.7063740009,-667.4529150524,123.9206524129,-177.3833582292,0.1237527155,-149.9882574373,-23.5861,-1.2621,80.2166,-187.7325,-5.1511,416.7281,72.9384796288,24.1824765807,78.062051493,-16.3806171673,-89.2562452656,-45.4193008171,1.2878291894,1.0910983422,3.0360326446,-5.2562616743,-0.5556413189,3.0144514901,21.3938,5.4773,-5.8112,0.08265,-0.10519,0.08033,0.0021,0.002,0.00218,0.00165,0.00172,0.0016,0.041,0.0435,0.045,passive,2
5.1405,rehab,danger_boundary_spike,156.0748777643,-667.472502288,125.8178242144,-177.3830996035,0.1215336309,-149.9863866094,-22.9913,-1.9383,88.4502,37.2344,-45.1872,270.4116,73.0110230834,24.2393443535,78.0826585295,-16.49987787,-89.2728483754,-45.3554171481,5.5801263982,3.5329170683,2.1677192703,-3.9122127202,1.8711324824,5.141367362,22.0628,5.4289,-6.0064,0.07198,-0.11035,0.07761,0.0021,0.002,0.00218,0.00165,0.00172,0.0016,0.041,0.0435,0.045,passive,2
5.1605,rehab,danger_boundary_spike,155.7867223677,-667.5304485692,127.4586588146,-177.3821148777,0.1272544187,-149.987828656,-22.0967,-3.0695,91.0331,-152.041,15.8766,265.3177,73.1616846847,24.3237932634,78.1487602638,-16.5371056761,-89.1813999663,-45.2136461226,5.5447406021,1.9772000595,3.3675289298,-4.69806581,2.3436379633,6.1117387539,21.4604,5.4893,-6.0277,0.07817,-0.09869,0.08048,0.0021,0.002,0.00218,0.00165,0.00172,0.0016,0.041,0.0435,0.045,passive,2
5.1805,rehab,danger_boundary_spike,155.1910085745,-667.5952842425,129.4591464676,-177.3824779995,0.1235013801,-149.9849432995,-29.0729,-1.3033,99.0629,-26.8013,92.9103,282.4563,73.2328127075,24.3184323559,78.2173596867,-16.6878005024,-89.1791028569,-45.110947598,3.5918339269,1.3494099261,1.9241230664,-5.9085870868,-0.1832385908,4.7218737661,21.0222,5.7037,-5.8386,0.07584,-0.09985,0.08741,0.0021,0.002,0.00218,0.00165,0.00172,0.0016,0.041,0.0435,0.045,passive,2
5.2005,rehab,danger_boundary_spike,154.6238050878,-667.5825795249,131.4211735586,-177.3877018434,0.125930652,-149.9829570662,-23.1688,0.6469,102.3313,35.5354,32.6688,389.7045,73.3053580418,24.3777696604,78.2257251864,-16.7734491595,-89.1887295099,-45.024771172,4.1632783598,4.0722296586,0.9754470767,-3.1470185876,-2.7094893433,4.0967655265,21.8787,5.333,-5.6684,0.0743,-0.10628,0.07845,0.0021,0.002,0.00218,0.00165,0.00172,0.0016,0.041,0.0435,0.045,passive,2
5.2205,rehab,danger_boundary_spike,154.26425732,-667.5694097179,133.5523987698,-177.3834402703,0.1240825859,-149.9819592675,-27.6515,0.0035,114.651,-409.2389,-99.2501,406.1547,73.3993438419,24.4813215422,78.2563775698,-16.8136812459,-89.2874824306,-44.9470769769,5.0721127992,1.563628007,1.4271341548,-5.6577992056,1.0313961513,3.0334410784,22.1998,5.8014,-5.2506,0.07688,-0.09508,0.08806,0.0021,0.002,0.00218,0.00165,0.00172,0.0016,0.041,0.0435,0.045,passive,2
5.2405,rehab,danger_boundary_spike,153.5177444065,-667.5824403857,136.007215456,-177.3774301396,0.1206371069,-149.9863174125,-39.5383,-3.3231,118.5775,-125.0243,-45.5515,179.7774,73.5082425537,24.4403147807,78.2828105526,-16.9997611278,-89.1474736639,-44.9034335288,3.4900689062,3.0203178344,4.0647218315,-6.3556423122,4.0428212767,4.1470162282,22.5051,5.5867,-5.1262,0.07919,-0.11173,0.09067,0.0021,0.002,0.00218,0.00165,0.00172,0.0016,0.041,0.0435,0.045,passive,2
5.2605,rehab,danger_boundary_spike,152.6827238798,-667.7023354309,138.2954985549,-177.3836810915,0.1282701581,-149.9867109694,-32.6525,-1.8186,121.8421,102.4101,135.3332,231.9708,73.5389465981,24.6021342556,78.4189664431,-17.0679069384,-89.1257695795,-44.7811963278,4.7368148923,4.886631282,7.2897689664,-5.8321724118,-0.2980819616,6.5242329622,22.3445,5.5398,-4.6846,0.07201,-0.09605,0.09452,0.0021,0.002,0.00218,0.00165,0.00172,0.0016,0.041,0.0435,0.045,passive,2
5.2805,rehab,danger_boundary_spike,152.2116448393,-667.6551836182,140.8809011682,-177.3823342851,0.1239083142,-149.9858027701,-35.4419,2.0902,127.8563,-367.8504,-11.7754,322.9409,73.6977151494,24.635780032,78.5744013113,-17.2330480242,-89.1593969423,-44.6424642104,8.5312132302,3.177648495,5.163442107,-5.4885048153,-1.19267174,3.8639163024,23.0829,5.3492,-4.8199,0.09119,-0.10059,0.09179,0.0021,0.002,0.00218,0.00165,0.00172,0.0016,0.041,0.0435,0.045,passive,2
5.3005,rehab,danger_boundary_spike,151.2650466221,-667.6187279825,143.4097516283,-177.3844440063,0.1223914731,-149.9875541354,-47.3665,-2.2896,134.7598,-250.7478,-96.4346,344.5331,73.8801951274,24.7292401954,78.6255041273,-17.287447131,-89.1734764491,-44.6266396757,6.4310739967,2.2936083429,3.3748468685,-5.0972263168,0.8334814523,5.8217821618,22.8519,5.8258,-4.5305,0.08671,-0.10228,0.08953,0.0021,0.002,0.00218,0.00165,0.00172,0.0016,0.041,0.0435,0.045,passive,2
5.3205,rehab,danger_boundary_spike,150.3169846694,-667.746767435,146.2712922512,-177.3818810362,0.1255708828,-149.9863131795,-45.4718,-1.7672,141.6377,-2769.7704,89.4066,7736.2095,73.9549581093,24.7275243657,78.709395186,-17.4369370769,-89.1260576843,-44.4095929239,5.0824920528,0.459578432,2.9096091125,-8.1438571567,-2.0472808158,7.6671762519,22.9795,6.0488,-4.1389,0.06856,-0.08942,0.09848,0.0021,0.002,0.00218,0.00165,0.00172,0.0016,0.041,0.0435,0.045,passive,2
5.3405,rehab,danger_boundary_spike,149.4461728943,-667.6894158752,149.0752576801,-177.3851394348,0.1250691672,-149.9898594152,-158.1573,1.2867,444.2082,-2900.9811,71.3426,7446.735,74.0834948095,24.7476233327,78.7418884918,-17.6132014172,-89.2553676818,-44.3199526256,22.8828054962,12.9495602247,14.6098817767,-22.623646601,-1.3191668045,17.0293650331,25.3181,7.0055,-4.7786,0.08296,-0.10153,0.10507,0.0021,0.002,0.00218,0.00165,0.00172,0.0016,0.041,0.0435,0.045,passive,2
5.3605,rehab,danger_boundary_spike,143.9906918781,-667.6953006951,164.0396184951,-177.3803369938,0.1213610596,-149.9957701945,-161.5111,1.0865,439.5071,2537.5896,-71.3208,-7763.1026,74.8702703291,25.2455067747,79.2937904571,-18.3418829409,-89.1788243564,-43.7284183226,19.9292870548,12.8099612545,17.9543894316,-20.8833784135,0.7333389985,17.8566277719,24.7659,6.6998,-3.2313,0.07655,-0.10314,0.10022,0.0021,0.002,0.00218,0.00165,0.00172,0.0016,0.041,0.0435,0.045,passive,2
5.3805,rehab,danger_boundary_spike,142.985729481,-667.6459555322,166.6555397643,-177.3842891239,0.1233008526,-149.9879805402,-56.6537,-1.5662,133.6841,2483.0317,-75.0858,-7533.0889,74.8806662917,25.2600217828,79.4600640691,-18.4485365538,-89.2260341218,-43.6056875147,3.5233013003,0.3398874023,5.4940590924,-5.5659376298,-1.1184039278,4.5462538671,21.6702,5.3698,-2.0436,0.06762,-0.07934,0.08902,0.0021,0.002,0.00218,0.00165,0.00172,0.0016,0.041,0.0435,0.045,passive,2
5.4005,rehab,danger_boundary_spike,141.7245423945,-667.757947304,169.3869806364,-177.388272361,0.1249069685,-149.9931800845,-62.1898,-1.9169,138.1835,-93.5428,93.0662,134.4232,75.0112023812,25.2591022708,79.5135528208,-18.5645204461,-89.2235605135,-43.5465681679,8.3975517743,5.6935303181,2.819348007,-7.0536534269,2.5275443945,6.4130721292,21.8311,5.4092,-2.4889,0.0606,-0.07732,0.08626,0.0021,0.002,0.00218,0.00165,0.00172,0.0016,0.041,0.0435,0.045,passive,2
5.4205,rehab,danger_boundary_spike,140.4981368414,-667.7226324405,172.1828795563,-177.3888790046,0.126169829,-149.9881758202,-60.3954,2.1565,139.061,4.5812,16.2563,11.8258,75.2165683626,25.4877629956,79.5728379894,-18.7306826909,-89.124932346,-43.3491646296,8.5946532421,5.6830400551,3.2868166723,-8.2480993357,-0.2855288361,6.1173355782,20.9351,5.7368,-2.2535,0.07911,-0.07072,0.07698,0.0021,0.002,0.00218,0.00165,0.00172,0.0016,0.041,0.0435,0.045,passive,2
5.4405,rehab,danger_boundary_spike,139.3087244901,-667.6716880166,174.9494199558,-177.3811485656,0.1227233568,-149.9859939578,-62.0066,-1.2667,138.6565,-21.5391,-105.2449,168.552,75.3549885108,25.486423873,79.6450254877,-18.8944444196,-89.234981667,-43.3018747448,6.2876781088,2.6696473914,2.0116293792,-8.2064416573,0.3482035001,6.2809066275,20.5492,5.187,-2.0456,0.06352,-0.07573,0.08608,0.0021,0.002,0.00218,0.00165,0.00172,0.0016,0.041,0.0435,0.045,passive,2
5.4605,rehab,danger_boundary_spike,138.0178740936,-667.7732993398,177.7291406729,-177.3834413426,0.1231217321,-149.9867111664,-61.257,-2.0533,145.8031,-117.8273,41.2263,309.5247,75.468075487,25.5945488912,79.6533031646,-19.0589403572,-89.111004206,-43.0979283644,8.2959336584,5.4592882013,4.6096157059,-6.3456805048,1.3836421919,7.4412922004,21.4864,5.5993,-1.4262,0.06014,-0.08232,0.07929,0.0021,0.002,0.00218,0.00165,0.00172,0.0016,0.041,0.0435,0.045,passive,2
5.4805,rehab,danger_boundary_spike,136.8584440981,-667.7538205234,180.7815425546,-177.3833437247,0.1213506359,-149.9882316058,-66.7197,0.3824,151.0375,-378.9638,88.6013,97.6949,75.6868258572,25.704795401,79.8294101159,-19.1482716397,-89.1796359793,-43.0042230567,6.5120782186,4.6009644636,6.743328023,-9.4743426566,-1.6405266428,7.4258545964,21.8872,5.4462,-1.4652,0.05447,-0.07158,0.09473,0.0021,0.002,0.00218,0.00165,0.00172,0.0016,0.041,0.0435,0.045,passive,2
5.5005,rehab,danger_boundary_spike,135.3490876429,-667.758004184,183.7706412382,-177.3789200398,0.1278094258,-149.9933358999,-76.4156,1.4907,149.7109,-287.6914,16.3253,46.5675,75.7285586157,25.7785874698,79.9230362855,-19.4379140634,-89.1766252718,-42.8008941806,8.2887711373,2.555545293,6.6552158865,-10.9013840502,0.9838463512,7.2525550195,20.5562,4.4505,-1.3424,0.05501,-0.06676,0.08871,0.0021,0.002,0.00218,0.00165,0.00172,0.0016,0.041,0.0435,0.045,passive,2
5.5205,rehab,danger_boundary_spike,133.8018215802,-667.6941909264,186.7699770642,-177.3879365829,0.1264922001,-149.9829775331,-78.2273,1.0354,152.9002,-27.4517,-37.0075,210.2393,76.0183767027,25.8070172128,80.0956187514,-19.5843270018,-89.1402821253,-42.714120856,7.815440421,3.9448042576,6.6712900069,-6.104421361,-0.4302784105,6.8484897181,21.7714,5.2899,-0.9144,0.06044,-0.06088,0.0788,0.0021,0.002,0.00218,0.00165,0.00172,0.0016,0.041,0.0435,0.045,passive,2
5.5405,rehab,danger_boundary_spike,132.2199948984,-667.7165885041,189.8866498826,-177.3810648055,0.1221987092,-149.9953192299,-77.5136,0.0104,158.1204,-105.0156,-20.787,106.3409,76.0411762326,25.9363796401,80.1898878858,-19.6820909179,-89.1938364082,-42.5269545919,5.0600040726,3.8795152523,4.1247037604,-7.5834758187,-3.4731611553,6.0663898063,20.8053,5.6511,-0.4732,0.05061,-0.06747,0.08384,0.0021,0.002,0.00218,0.00165,0.00172,0.0016,0.041,0.0435,0.045,passive,2
5.5605,rehab,danger_boundary_spike,130.7012763063,-667.693773312,193.0947944218,-177.3834199632,0.1245124663,-149.9927908941,-82.4279,0.2039,157.1539,-228.7894,22.9606,150.6113,76.2207768656,25.9621978229,80.2606069018,-19.8876660345,-89.2792085715,-42.4714652637,7.3404476607,1.3487766244,3.986856027,-6.9467560202,-0.1646241987,9.5302535992,19.2886,4.706,0.1049,0.04605,-0.05488,0.07463,0.0021,0.002,0.00218,0.00165,0.00172,0.0016,0.041,0.0435,0.045,passive,2
5.5805,rehab,danger_boundary_spike,128.922877176,-667.7084320915,196.1728039983,-177.3873873398,0.1211474048,-149.9901317555,-86.6652,0.9289,164.1449,-129.5124,-1.22,133.3348,76.334794139,25.990330705,80.3493621268,-19.9599611587,-89.2004213761,-42.1457444479,8.1102881777,4.0446804783,6.0188232448,-7.1464397265,3.4431131547,7.8365185724,20.2176,5.6524,0.0455,0.05857,-0.05845,0.07484,0.0021,0.002,0.00218,0.00165,0.00172,0.0016,0.041,0.0435,0.045,passive,2
5.6005,rehab,danger_boundary_spike,127.2346680049,-667.6566187502,199.6605898581,-177.3846024255,0.1254003481,-149.9925133714,-87.6084,0.1551,162.4872,-116.8725,-39.4688,-240.9268,76.5451883927,26.123985042,80.5013598316,-20.1735236236,-89.1414840453,-42.1580045208,8.3986645596,4.3411909256,5.2360588394,-10.7515561497,0.231642767,4.1596388452,20.2448,4.8454,0.2586,0.04653,-0.06079,0.08111,0.0021,0.002,0.00218,0.00165,0.00172,0.0016,0.041,0.0435,0.045,passive,2
5.6205,rehab,danger_boundary_spike,125.4185396849,-667.7022276582,202.6722938151,-177.3931161782,0.1237807114,-149.9864883144,-91.3401,-0.6499,154.5078,-233.2406,24.0208,-48.8091,76.6707407214,26.1639783421,80.5588044804,-20.3900234047,-89.1911556654,-41.9793588941,4.8169182837,4.9498657241,3.1246286313,-8.8150303648,0.1789588577,8.0660127324,20.8066,5.4785,-0.0233,0.05037,-0.05412,0.07584,0.0021,0.002,0.00218,0.00165,0.00172,0.0016,0.041,0.0435,0.045,passive,2
5.6405,rehab,danger_boundary_spike,123.5810636984,-667.6826142227,205.8409024394,-177.3878937646,0.1210312356,-149.9956748965,-96.9381,1.1159,160.5349,-153.0931,5.1623,205.4732,76.737865124,26.3219796709,80.6263449768,-20.5261248382,-89.134325691,-41.8353640115,6.7172053869,4.0752687895,8.3690250137,-7.7424460461,2.2778178684,7.8120797055,19.819,4.7566,0.8089,0.04276,-0.03722,0.0905,0.0021,0.002,0.00218,0.00165,0.00172,0.0016,0.041,0.0435,0.045,passive,2
5.6605,rehab,danger_boundary_spike,121.5410172181,-667.6575900136,209.0936890684,-177.3864381478,0.1245690882,-149.9860909253,-97.4638,-0.4434,162.7267,-179.9509,-3.8614,63.8259,76.9394289369,26.3269890937,80.893565481,-20.6997212465,-89.1000429507,-41.6668757059,10.3310197051,4.7072328271,8.4818646417,-10.8414531201,-0.401410509,7.5170082281,21.2773,5.3214,0.7564,0.04833,-0.05934,0.0786,0.0021,0.002,0.00218,0.00165,0.00172,0.0016,0.041,0.0435,0.045,passive,2
5.6805,rehab,danger_boundary_spike,119.68251042,-667.700350028,212.3499721717,-177.3824465458,0.124235748,-149.9910996768,-104.1361,0.9615,163.0879,-178.0381,91.9579,-137.5889,77.1511059122,26.510268984,80.9656195625,-20.959782963,-89.1503821113,-41.5346836824,10.9339854408,6.3923620939,5.041326297,-10.0638302064,-0.8126843943,6.9079912608,19.7487,4.9326,0.9633,0.05137,-0.05892,0.06912,0.0021,0.002,0.00218,0.00165,0.00172,0.0016,0.041,0.0435,0.045,passive,2
5.7005,rehab,danger_boundary_spike,117.3755733776,-667.6191306874,215.6172057438,-177.3916048302,0.125120784,-149.992085084,-104.5854,3.2349,157.2232,64.9165,55.8261,-213.7062,77.3767883545,26.5826835774,81.0952185328,-21.1022744548,-89.1325503265,-41.3905560554,9.6311103184,5.0382626171,5.7914287336,-8.0479452398,-0.4846180595,8.2266974201,19.4927,4.8644,1.2843,0.04418,-0.05022,0.0662,0.0021,0.002,0.00218,0.00165,0.00172,0.0016,0.041,0.0435,0.045,passive,2
5.7205,rehab,danger_boundary_spike,115.4990961737,-667.5709531996,218.6388996986,-177.387066943,0.1270071483,-149.9899890362,-101.5394,3.1945,154.5397,18.1506,-101.4883,55.1707,77.536350325,26.7117994887,81.1972767119,-21.2817007725,-89.1697668337,-41.2056157856,6.6808544787,3.5818917474,4.6867805069,-8.5579580213,0.1518529841,9.2083199126,20.1028,5.1475,1.8974,0.04569,-0.05251,0.07601,0.0021,0.002,0.00218,0.00165,0.00172,0.0016,0.041,0.0435,0.045,passive,2
5.7405,rehab,danger_boundary_spike,113.3139958818,-667.4913496761,221.7987925388,-177.3853528556,0.1230569158,-149.9947872067,-103.8593,-0.8246,159.43,-139.7952,-133.0088,9.6801,77.6440225336,26.7259592473,81.2826897531,-21.4445927756,-89.1264762071,-41.0222232589,7.7631143267,3.8019768931,3.0734181582,-8.8076272795,-0.39954173,6.1370632751,18.4188,4.3688,1.5786,0.04193,-0.04851,0.08032,0.0021,0.002,0.00218,0.00165,0.00172,0.0016,0.041,0.0435,0.045,passive,2
5.7605,rehab,danger_boundary_spike,111.3447228702,-667.603937611,225.0161003793,-177.3877624141,0.1224560104,-149.9945497432,-107.1312,-2.1258,154.9269,-241.6934,82.1353,-231.634,77.846874898,26.8638785644,81.3202134382,-21.6340058637,-89.1857485029,-40.9601332546,10.0527774826,4.6667264908,7.6425253698,-8.7710077131,-0.80339887,3.7647447701,19.433,5.0665,2.3639,0.0376,-0.03908,0.07378,0.0021,0.002,0.00218,0.00165,0.00172,0.0016,0.041,0.0435,0.045,passive,2
5.7805,rehab,danger_boundary_spike,109.0287460242,-667.5763826735,227.9958674151,-177.3852324667,0.125535568,-149.9861781261,-113.5271,2.4608,150.1647,57.8761,88.0948,-70.7623,78.0461336329,26.9126283069,81.5883907679,-21.7954330841,-89.1586121619,-40.8716334681,7.5952898831,3.0988199449,8.9928279749,-7.5283474222,1.9993033166,8.3042514044,18.938,4.3114,2.0341,0.03188,-0.04703,0.08108,0.0021,0.002,0.00218,0.00165,0.00172,0.0016,0.041,0.0435,0.045,passive,2
5.8005,rehab,danger_boundary_spike,106.803640116,-667.5055055762,231.0226865836,-177.3828026985,0.1209487068,-149.9917076606,-104.8162,1.398,152.0964,165.2454,-16.5162,-158.2867,78.1506864934,26.9878313622,81.6799265572,-21.9351397606,-89.1057763703,-40.6279631984,8.1664872615,5.3602764017,4.6142520569,-8.8715105367,2.9494182574,11.6281619246,18.4485,5.1767,2.3395,0.04773,-0.03757,0.07301,0.0021,0.002,0.00218,0.00165,0.00172,0.0016,0.041,0.0435,0.045,passive,2
5.8205,rehab,danger_boundary_spike,104.8360978481,-667.5204639416,234.0797226763,-177.3851449716,0.1259499941,-149.9895059052,-106.9173,1.8002,143.8332,1311.2595,10.762,-2284.1429,78.3727931234,27.127039363,81.7729608502,-22.1502935056,-89.0406354316,-40.4065069911,8.8005861994,4.7679291816,4.9663504142,-9.4470299546,0.6577157064,5.3048819016,18.5564,4.6076,2.624,0.04108,-0.03822,0.07577,0.0021,0.002,0.00218,0.00165,0.00172,0.0016,0.041,0.0435,0.045,passive,2
5.8405,rehab,danger_boundary_spike,102.5269499834,-667.4334994315,236.7760141171,-177.3850877893,0.1251363125,-149.9973804215,-52.3658,1.8284,60.7307,1339.5882,-1.2524,-1901.3325,78.5027099413,27.1785485295,81.8785805737,-22.3130209588,-89.079467742,-40.4157679223,1.6793187515,0.0021375401,1.5399106178,-2.2662640891,-2.1271917533,1.9773564191,15.5045,3.7835,2.2382,0.02486,-0.02555,0.05524,0.0021,0.002,0.00218,0.00165,0.00172,0.0016,0.041,0.0435,0.045,passive,2
5.8605,rehab,danger_boundary_spike,102.7414648691,-667.4473259884,236.5089492643,-177.3885049006,0.12165892,-149.9921666437,-53.3337,1.7501,67.7799,-1614.6423,35.2101,2243.2155,78.4399658735,27.1271248646,81.8345572749,-22.2409440692,-89.1257231018,-40.3274127344,2.1118435406,2.8611332272,2.200544054,-2.4128458312,-2.082268724,6.0885603873,15.5533,4.394,2.3713,0.03795,-0.03744,0.05914,0.0021,0.002,0.00218,0.00165,0.00172,0.0016,0.041,0.0435,0.045,passive,2
5.8805,rehab,danger_boundary_spike,100.3936009427,-667.3634970551,239.4872095771,-177.3879199168,0.1228324554,-149.9902087993,-116.9515,3.2369,150.4593,-1611.6698,16.0145,1883.9599,78.587183683,27.2929938586,81.9666023359,-22.409534792,-89.162758491,-40.1722255068,8.0794194846,4.3664174237,4.5060659957,-10.6678067089,1.1785443679,7.3123156537,17.8879,4.6123,3.4492,0.03478,-0.03125,0.07044,0.0021,0.002,0.00218,0.00165,0.00172,0.0016,0.041,0.0435,0.045,passive,2
5.9005,rehab,danger_boundary_spike,98.0634041976,-667.3178518029,242.5273206478,-177.3884391047,0.1262418505,-149.9939422415,-117.8005,2.3906,143.1383,-20.3107,-40.5787,-243.4567,78.7631426528,27.3017815616,82.0147999147,-22.6676563375,-89.078581327,-40.0349201082,8.3101083095,4.0273054577,7.0764665988,-9.8445402383,1.3846075917,7.629901383,16.5511,4.0032,3.3397,0.03196,-0.02428,0.0645,0.0021,0.002,0.00218,0.00165,0.00172,0.0016,0.041,0.0435,0.045,passive,2
5.9205,rehab,danger_boundary_spike,95.681580219,-667.2678714984,245.2127408972,-177.3833565041,0.1210064966,-149.9948051851,-117.7639,1.6137,140.721,-26.1666,-66.0703,-147.3145,78.9195880153,27.4540860769,82.2496609999,-22.8033164016,-89.1073741873,-39.8670294515,9.1687161114,4.8455213508,7.8448949137,-6.8704273849,1.2969561404,5.5816940611,16.9561,4.2431,2.672,0.02944,-0.03934,0.06829,0.0021,0.002,0.00218,0.00165,0.00172,0.0016,0.041,0.0435,0.045,passive,2
5.9405,rehab,danger_boundary_spike,93.3528463785,-667.2533034804,248.156161376,-177.3863892935,0.1236258005,-149.9946198186,-118.8472,-0.2522,137.2457,128.1566,8.3096,-393.3907,79.1298912973,27.4956024156,82.3285957113,-22.9424734329,-89.0267030814,-39.8116523458,7.6844074364,3.3065198012,4.0792038296,-10.3962783082,0.2184313879,5.5031032318,17.1532,4.2701,3.6819,0.03284,-0.03322,0.07162,0.0021,0.002,0.00218,0.00165,0.00172,0.0016,0.041,0.0435,0.045,passive,2
5.9605,rehab,danger_boundary_spike,90.9276929969,-667.2779584838,250.7025689612,-177.3869547556,0.122438934,-149.9987696303,-112.6377,1.9461,124.9854,424.0536,91.8513,-443.7471,79.2269643128,27.5863468689,82.412829153,-23.2191675339,-89.0986369318,-39.6469053223,7.328780295,5.3257768272,3.7353262563,-7.8044782017,-0.2864619682,8.6432286425,17.3385,4.284,3.6886,0.02666,-0.03515,0.0749,0.0021,0.002,0.00218,0.00165,0.00172,0.0016,0.041,0.0435,0.045,passive,2
5.9805,rehab,danger_boundary_spike,88.8473391315,-667.1754597501,253.1555769895,-177.383364519,0.1214791131,-149.9943376624,-101.885,3.4219,119.4958,199.5178,-9.5293,-193.6379,79.4230425091,27.7086334887,82.4780087615,-23.254652561,-89.0381615601,-39.4659232001,8.6897512744,4.5071065136,5.6673556723,-5.145149202,0.9305281169,9.3258810786,15.0656,3.9656,3.4977,0.0253,-0.02248,0.04559,0.0021,0.002,0.00218,0.00165,0.00172,0.0016,0.041,0.0435,0.045,passive,2
6.0005,rehab,danger_boundary_spike,86.8522915042,-667.1410834354,255.4824015876,-177.3803028675,0.1269162057,-149.9910600749,-104.657,1.5649,117.2399,-64.3716,-4.7645,-176.8815,79.5745543638,27.7666311295,82.6395233799,-23.424973502,-89.0614158071,-39.2738700791,3.0806915521,3.0678590186,4.5623628568,-9.2878566138,0.6217716316,6.9681171643,16.0613,4.1158,3.8326,0.0218,-0.03445,0.04618,0.0021,0.002,0.00218,0.00165,0.00172,0.0016,0.041,0.0435,0.045,passive,2
6.0205,rehab,danger_boundary_spike,84.6610602878,-667.1128628287,257.8451719825,-177.3851801768,0.1216557042,-149.9919138041,-104.4599,3.2313,112.4206,154.7149,0.4181,-335.1798,79.5462701712,27.8313478494,82.6605032758,-23.6261668255,-89.0132906949,-39.1871985135,5.4672708441,1.267459488,2.8973939533,-8.7937586187,2.2500772848,6.6254267566,15.9057,3.8462,3.5503,0.01993,-0.01571,0.05695,0.0021,0.002,0.00218,0.00165,0.00172,0.0016,0.041,0.0435,0.045,passive,2
6.0405,rehab,danger_boundary_spike,82.67389549,-667.0118315856,259.9792238908,-177.388744592,0.1247641825,-149.9903608087,-98.4684,1.5816,103.8327,245.7661,-81.2923,-465.4455,79.7932451975,27.817329509,82.7554191381,-23.7767238467,-88.9714127157,-39.0088530088,9.0834206135,1.9081700247,5.6797697625,-5.522807109,-0.384141391,5.7298345838,15.1923,4.0093,4.1847,0.02608,-0.02132,0.04952,0.0021,0.002,0.00218,0.00165,0.00172,0.0016,0.041,0.0435,0.045,passive,2
6.0605,rehab,danger_boundary_spike,80.7223252608,-667.0495969852,261.9984792561,-177.3843628585,0.125502092,-149.9959474151,-94.6293,-0.0204,93.8027,47.9259,58.9099,-332.7258,79.9096069957,27.9076746504,82.8876940663,-23.8470791099,-89.0286563505,-38.9580051302,7.0735610474,4.9802481787,5.545707859,-4.3819006666,0.6977987945,5.4105988902,14.2927,4.0385,4.3282,0.02325,-0.004,0.05938,0.0021,0.002,0.00218,0.00165,0.00172,0.0016,0.041,0.0435,0.045,passive,2
6.0805,rehab,danger_boundary_spike,78.8887252664,-667.0126473626,263.7313333422,-177.3841775919,0.1257411408,-150.0000445716,-96.5513,3.938,90.5237,50.2279,53.1054,-116.4854,80.0761876394,28.0165394362,82.9772474524,-23.9519998734,-88.9435007639,-38.7924290532,4.7355699005,4.8342271381,3.3193899951,-5.6684007414,-0.4461684683,4.6831143931,15.817,4.4469,4.3441,0.03074,-0.02562,0.0632,0.0021,0.002,0.00218,0.00165,0.00172,0.0016,0.041,0.0435,0.045,passive,2
6.1005,rehab,danger_boundary_spike,76.8602716669,-666.8920752431,265.6194253004,-177.3860384171,0.1253929632,-149.9921060958,-92.6201,2.1038,89.1433,391.8291,-53.3008,-249.1006,80.0990297917,28.1010437359,83.0204696661,-24.0738151395,-89.0465030893,-38.7706805544,4.9487799218,4.9600280627,5.7377678185,-5.5423880517,-2.4030318242,3.3855561076,14.1346,3.5839,3.7408,0.01126,-0.01941,0.05626,0.0021,0.002,0.00218,0.00165,0.00172,0.0016,0.041,0.0435,0.045,passive,2
6.1205,rehab,danger_boundary_spike,75.1839196182,-666.9284945788,267.2970661894,-177.3843748433,0.1244771572,-149.9922921258,-80.8782,1.806,80.5596,288.5438,14.9656,-157.9201,80.2741388363,28.2149405587,83.2067581652,-24.1736953955,-89.0396220369,-38.6570068089,7.845320258,4.8032356405,2.3835661484,-6.8210136086,1.9199536469,4.5341130736,15.3566,4.2859,4.8211,0.01665,-0.01466,0.06912,0.0021,0.002,0.00218,0.00165,0.00172,0.0016,0.041,0.0435,0.045,passive,2
6.1405,rehab,danger_boundary_spike,73.6251445805,-666.8198348432,268.8418104331,-177.3806712299,0.1210931903,-149.9870134765,-81.0784,2.7024,82.8265,-33.2009,-7.9155,-0.5372,80.4128426021,28.2931731616,83.115812312,-24.3466556839,-88.9697049434,-38.5893160315,4.8054853704,1.4471210498,2.5423765037,-8.0039428901,1.0465641073,3.3217818845,14.9134,3.9458,4.8406,0.00815,-0.01525,0.05198,0.0021,0.002,0.00218,0.00165,0.00172,0.0016,0.041,0.0435,0.045,passive,2
6.1605,rehab,danger_boundary_spike,71.9407841248,-666.820396902,270.6101269011,-177.3908571391,0.1180136777,-149.9961126533,-82.2062,1.4894,80.5381,100.7692,-16.6573,-143.0499,80.4663582511,28.2728254007,83.3084532253,-24.4938531111,-88.9977594726,-38.5241355336,3.8140666511,-0.1223425894,5.6295884563,-5.8992304786,-0.7940808152,5.5778109602,15.6318,4.1702,4.7911,0.01798,-0.0277,0.05889,0.0021,0.002,0.00218,0.00165,0.00172,0.0016,0.041,0.0435,0.045,passive,2
6.1805,rehab,danger_boundary_spike,70.3368961262,-666.76025931,272.0633360869,-177.3858214096,0.1219594776,-149.9968962976,-77.0476,2.0362,77.1045,158.9235,58.5619,-257.1177,80.5654052681,28.288279458,83.3409958503,-24.582624903,-89.001468176,-38.3662035931,4.4088562194,1.2472327195,0.8469402781,-3.5118711294,-0.0480431928,6.4746442441,15.4328,3.9874,5.3224,0.01316,-0.00085,0.05628,0.0021,0.002,0.00218,0.00165,0.00172,0.0016,0.041,0.0435,0.045,passive,2
6.2005,rehab,danger_boundary_spike,68.8588793046,-666.7389508688,273.6943078214,-177.3884550785,0.12294594,-149.9927365658,-75.8493,3.8319,70.2534,17.1738,47.7192,-286.9454,80.6427124999,28.3227147094,83.3423308364,-24.6343279562,-88.9996812003,-38.2651497638,3.9492178015,1.2884890107,4.4604069804,-5.9955904155,-0.7388756006,2.0415319303,15.5967,4.5277,5.1419,0.0249,-0.01907,0.05494,0.0021,0.002,0.00218,0.00165,0.00172,0.0016,0.041,0.0435,0.045,passive,2
6.2205,rehab,danger_boundary_spike,67.302925324,-666.6069847483,274.8734734746,-177.3883854852,0.1251840824,-149.9979304844,-76.3607,3.9449,65.6267,-10.7331,-59.3969,20.0668,80.7233739802,28.3398190184,83.5194121295,-24.8224485197,-89.0310232,-38.2845423159,6.5971534655,2.992026739,4.1813695903,-4.3047683875,-0.6495502505,3.3320783204,15.0829,3.9875,5.4231,0.01786,-0.01363,0.06522,0.0021,0.002,0.00218,0.00165,0.00172,0.0016,0.041,0.0435,0.045,passive,2
6.2405,rehab,danger_boundary_spike,65.8044526413,-666.5811540655,276.319376065,-177.3867573908,0.1207282385,-149.9986757902,-76.2786,1.456,71.0561,54.448,-50.555,111.3457,80.9065986385,28.442395779,83.50958562,-24.8065186917,-89.0256632103,-38.131866631,4.254863393,3.5007685097,0.1368743002,-3.551693199,1.0162392708,5.1115377158,15.3746,4.452,5.1691,0.02994,-0.00609,0.0636,0.0021,0.002,0.00218,0.00165,0.00172,0.0016,0.041,0.0435,0.045,passive,2
6.2605,rehab,danger_boundary_spike,64.2517816284,-666.5487452628,277.7157177564,-177.3865344097,0.1236415703,-149.9981205399,-74.1827,1.9227,70.0805,140.2303,4.5897,-202.8228,80.8935685159,28.4798497588,83.5248871015,-24.9645162476,-88.9903736292,-38.0800808072,1.5260382207,3.6714233229,3.4715325112,-5.842891483,1.3523331072,4.5082064459,14.9353,4.2652,5.4209,0.01466,-0.00791,0.05726,0.0021,0.002,0.00218,0.00165,0.00172,0.0016,0.041,0.0435,0.045,passive,2
6.2805,rehab,danger_boundary_spike,62.8371428325,-666.5042451825,279.1225974773,-177.3878988604,0.126154224,-149.9922325955,-70.6694,1.6396,62.9432,-25.2838,-11.7153,-225.5926,80.9676401673,28.5892527119,83.6484469205,-25.0402343511,-88.9715698861,-37.9515383731,3.8870513361,3.7287586408,4.0418143952,-5.428011919,2.408590045,3.8454801613,15.2913,4.3498,5.6771,0.01994,-0.0149,0.06541,0.0021,0.002,0.00218,0.00165,0.00172,0.0016,0.041,0.0435,0.045,passive,2
6.3005,rehab,danger_boundary_spike,61.4250064354,-666.4831622827,280.233445612,-177.3888839402,0.1262395329,-149.9954126005,-75.1941,1.4541,61.0568,-157.5239,19.4159,53.0821,81.0490505693,28.6290001044,83.6865596773,-25.1816367244,-88.8940300274,-37.9262616008,4.4097213054,2.2652807071,1.6515387337,-4.4691294103,-0.1025149437,2.2054179106,14.1542,4.0149,5.0805,0.01674,-0.00534,0.05189,0.0021,0.002,0.00218,0.00165,0.00172,0.0016,0.041,0.0435,0.045,passive,2
6.3205,rehab,danger_boundary_spike,59.8293789775,-666.4460807222,281.5648708023,-177.389136628,0.1245968976,-149.9970632527,-76.9703,2.4162,65.0665,85.5077,27.9249,-4.06,81.1440290196,28.6798639402,83.7145084698,-25.2189995275,-88.9756704838,-37.8633216567,4.5366883541,-0.1485302007,3.6943063734,-3.6526135536,0.4313165057,6.1222263959,15.5346,4.3021,6.1329,0.02142,-0.01124,0.05771,0.0021,0.002,0.00218,0.00165,0.00172,0.0016,0.041,0.0435,0.045,passive,2
6.3405,rehab,danger_boundary_spike,58.3461930509,-666.3865138585,282.8361048059,-177.3939752211,0.1242159228,-149.9961224918,-71.7738,2.5711,60.8944,-1225.4138,-29.1227,833.7904,81.2305181035,28.6230588964,83.8343319323,-25.3277412665,-88.8767773672,-37.681372545,3.8384745898,2.2271463948,3.8942042292,-6.0993789034,1.5306266586,4.7616589661,14.7894,3.7969,5.7048,0.01357,-0.01331,0.05722,0.0021,0.002,0.00218,0.00165,0.00172,0.0016,0.041,0.0435,0.045,passive,2
6.3605,rehab,danger_boundary_spike,56.9584274876,-666.3432364393,284.0006480858,-177.3957127257,0.1261522989,-149.9983793632,-125.9869,1.2513,98.4181,-1482.9457,30.2628,1121.98,81.2975680031,28.768949796,83.870276639,-25.4629746836,-88.9144454175,-37.6728552981,8.1759776153,6.8833812597,3.4267442439,-6.9471291024,0.3598634986,5.214497514,15.637,4.2401,6.1168,0.0232,-0.02019,0.06242,0.0021,0.002,0.00218,0.00165,0.00172,0.0016,0.041,0.0435,0.045,passive,2
6.3805,rehab,danger_boundary_spike,53.3067176613,-666.3364618034,286.7728287102,-177.3889831663,0.1247610966,-150.001251493,-131.0916,3.7816,105.7736,931.2195,70.3976,-488.6296,81.5575572081,28.8983941468,83.971401702,-25.6056264306,-88.8623828272,-37.4727926444,8.5172923913,2.3829700997,9.150270614,-6.366623483,-1.4579003376,7.3465397021,16.6448,4.5307,7.2115,0.01444,-0.0107,0.07441,0.0021,0.002,0.00218,0.00165,0.00172,0.0016,0.041,0.0435,0.045,passive,2
6.4005,rehab,danger_boundary_spike,51.7147628341,-666.1919717095,288.2315933079,-177.3854067542,0.1220216546,-149.997379885,-88.7381,4.0672,78.8729,549.0348,-114.41,-531.702,81.6382596988,28.8642686,84.2362874636,-25.7176396229,-88.972761431,-37.37899371,6.1286721705,-0.5507082609,5.6348220708,-6.4144724868,-1.3289114051,2.2522594119,16.3472,4.7738,6.8474,0.01084,-0.01584,0.06573,0.0021,0.002,0.00218,0.00165,0.00172,0.0016,0.041,0.0435,0.045,passive,2
6.4205,rehab,danger_boundary_spike,49.7571934675,-666.1737736645,289.9277452423,-177.3897203914,0.1246914765,-149.9963422031,-109.1302,-0.7948,84.5056,-439.5861,-72.3442,-2.2754,81.8027040949,28.8763658164,84.1967945848,-25.8622053301,-88.9155392834,-37.3827022679,4.7659178518,2.9760537157,1.5252537043,-6.8428903116,2.8420609244,3.5056016401,16.228,4.7312,7.4738,0.01603,0.00938,0.06796,0.0021,0.002,0.00218,0.00165,0.00172,0.0016,0.041,0.0435,0.045,passive,2
6.4405,rehab,danger_boundary_spike,47.3495539277,-666.2237629183,291.6118153333,-177.3884886837,0.1224411093,-149.9935433253,-106.3215,1.1734,78.7819,230.2349,105.6805,-266.8589,81.8288964129,28.9833107486,84.2972976117,-25.9913552354,-88.859078994,-37.2387696444,6.1257752558,5.9029689352,2.4578493336,-5.102122719,1.176745151,7.2343865696,16.6016,4.3424,7.4109,0.0179,0.00325,0.06506,0.0021,0.002,0.00218,0.00165,0.00172,0.0016,0.041,0.0435,0.045,passive,2
6.4605,rehab,danger_boundary_spike,45.5043315138,-666.1268361675,293.0790210694,-177.3809799788,0.1260354083,-149.994417473,-99.9208,3.4324,73.8312,-19.8791,-3.628,3.3167,82.0477351051,29.1124845738,84.2951085582,-26.0662902388,-88.8684694774,-37.0933268051,4.8812359557,4.2706438718,3.6598118421,-6.0752202638,-1.6040822956,8.8319927371,16.5958,4.3659,7.2772,0.03415,-0.0048,0.06478,0.0021,0.002,0.00218,0.00165,0.00172,0.0016,0.041,0.0435,0.045,passive,2
6.4805,rehab,danger_boundary_spike,43.3527208035,-666.0864652585,294.5650630588,-177.3857478318,0.1238505777,-149.9971744202,-107.1167,1.0283,78.9146,-305.6732,-34.1,226.233,82.0241458511,29.1541365035,84.4436900854,-26.234364046,-88.9232422858,-36.8854899349,3.3950829445,1.0736292382,3.9398116569,-6.190389302,-0.7253043565,4.935764518,16.6332,4.325,7.8413,0.02147,-0.0048,0.06694,0.0021,0.002,0.00218,0.00165,0.00172,0.0016,0.041,0.0435,0.045,passive,2
6.5005,rehab,danger_boundary_spike,41.2196630109,-666.0857033948,296.2356036562,-177.3902646894,0.1250685742,-149.9988444163,-112.1478,2.0684,82.8805,-195.2969,52.7994,24.4893,82.1835384229,29.1554297433,84.4527010245,-26.3139058109,-88.8974816516,-36.8958962244,8.9252211036,1.8373192181,5.0223585301,-5.972609557,0.934622229,3.7425223435,17.5455,4.8118,8.5316,0.01344,-0.00354,0.0732,0.0021,0.002,0.00218,0.00165,0.00172,0.0016,0.041,0.0435,0.045,passive,2
6.5205,rehab,danger_boundary_spike,38.8668105145,-666.0037275458,297.880283635,-177.3831645708,0.1243330829,-149.9987933477,-114.9286,3.1403,79.8941,-80.8661,-42.1587,17.6791,82.3811546952,29.2276292722,84.6445844266,-26.4732684282,-88.8858573967,-36.7357890412,5.7831906772,3.8695061937,4.9904010281,-5.1460029514,1.5354038905,5.3535543332,17.0242,4.8437,8.3282,0.01084,0.00988,0.05983,0.0021,0.002,0.00218,0.00165,0.00172,0.0016,0.041,0.0435,0.045,passive,2
6.5405,rehab,danger_boundary_spike,36.6225195476,-665.96009163,299.4313691469,-177.3907893617,0.1268720179,-149.9961467884,-115.3824,0.3821,83.5877,-189.668,-20.1535,97.8502,82.41486605,29.310209991,84.6523170656,-26.519745929,-88.836065496,-36.6817540511,5.6833982892,4.6122164511,4.1384412194,-8.9547526334,-0.4274796552,3.3718257563,16.8925,4.3623,8.5077,0.01095,0.00163,0.07418,0.0021,0.002,0.00218,0.00165,0.00172,0.0016,0.041,0.0435,0.045,passive,2
6.5605,rehab,danger_boundary_spike,34.2515144443,-665.9884438111,301.2237907168,-177.3887881959,0.1210005377,-149.997602861,-122.5153,2.3342,83.8081,-235.7666,54.7861,-72.4211,82.6084906268,29.4121179303,84.8101220754,-26.8314585336,-88.9029565829,-36.6009160109,7.0587417396,4.3543450101,4.496422581,-8.3601595065,0.101594316,5.5030843373,18.4646,5.041,9.4487,0.02616,-0.00798,0.0691,0.0021,0.002,0.00218,0.00165,0.00172,0.0016,0.041,0.0435,0.045,passive,2
6.5805,rehab,danger_boundary_spike,31.721907326,-665.8667254185,302.7836949112,-177.3885953152,0.1236716004,-149.9922445293,-124.8131,2.5735,80.6908,-136.1315,-59.0975,-132.1352,82.6972157196,29.4843837914,84.8321739688,-26.8541523092,-88.8320017234,-36.4616306776,3.5146885459,3.7584662344,2.4139346844,-5.508666832,-2.2156453214,10.3594385182,17.4242,4.6664,9.8105,0.00523,0.01132,0.06882,0.0021,0.002,0.00218,0.00165,0.00172,0.0016,0.041,0.0435,0.045,passive,2
6.6005,rehab,danger_boundary_spike,29.258991809,-665.885502251,304.4514240559,-177.3932380391,0.1212950433,-150.0006731117,-127.9606,-0.0297,78.5227,-229.2242,-11.6708,26.2015,82.7490781687,29.5624565796,84.9066794628,-27.0518052069,-88.9915823957,-36.1865384702,7.6966479739,1.4155379466,6.2780853266,-9.5673558983,0.343802201,6.1400131585,15.8651,4.2206,8.3434,0.01452,0.01264,0.05813,0.0021,0.002,0.00218,0.00165,0.00172,0.0016,0.041,0.0435,0.045,passive,2
6.6205,rehab,danger_boundary_spike,26.6034846539,-665.8679152297,305.9246042841,-177.3951527058,0.1231104355,-149.9973373463,-133.982,2.1067,81.7389,32.7249,36.881,107.8064,83.0050816386,29.5410053093,85.0832973819,-27.2368465452,-88.8182496353,-36.2160301513,9.413078924,1.7246404925,5.197713027,-7.6317150435,3.0400625325,4.2657376321,16.5492,4.8525,9.2272,0.01133,0.00013,0.05366,0.0021,0.002,0.00218,0.00165,0.00172,0.0016,0.041,0.0435,0.045,passive,2
6.6405,rehab,danger_boundary_spike,23.8997104466,-665.8012339853,307.720979836,-177.3909772844,0.1223233439,-149.9964284263,-126.6516,1.4455,82.835,95.5402,2.1902,-0.0161,83.1256013256,29.6314421993,85.1145879839,-27.3570738086,-88.8699798944,-36.0159089649,6.9842890118,5.2545452463,2.7340162691,-5.9124019978,-1.0603080831,6.4840353122,17.048,5.3586,9.6942,0.01078,0.01003,0.05667,0.0021,0.002,0.00218,0.00165,0.00172,0.0016,0.041,0.0435,0.045,passive,2
6.6605,rehab,danger_boundary_spike,21.5374218724,-665.810095425,309.2380039415,-177.3921277691,0.1228699102,-149.9992573601,-130.1604,2.1943,81.7383,-184.9233,-1.0036,-109.6677,83.284453199,29.7511871192,85.1926580327,-27.4733426251,-88.8606619587,-35.9566687388,6.7149471304,4.9535214788,5.3559848542,-6.4041047423,-0.4522662671,4.9754936659,17.1788,5.2219,10.025,0.02786,0.01071,0.06288,0.0021,0.002,0.00218,0.00165,0.00172,0.0016,0.041,0.0435,0.045,passive,2
6.6805,rehab,danger_boundary_spike,18.693293353,-665.7134614416,310.9905099092,-177.3840370046,0.1288995013,-149.9961119502,-134.0485,1.4054,78.4483,-124.414,-38.1483,-126.6158,83.3941992108,29.8295830585,85.328827378,-27.6132379983,-88.8880705451,-35.8168892183,4.5504729421,4.3465890719,6.4049041178,-9.3834714994,0.8934190103,7.3955875884,18.4113,5.1258,11.229,-0.00226,0.01361,0.0643,0.0021,0.002,0.00218,0.00165,0.00172,0.0016,0.041,0.0435,0.045,passive,2
6.7005,rehab,danger_boundary_spike,16.1754818746,-665.7538814,312.3759352506,-177.384953822,0.1285191583,-149.9966628258,-135.137,0.6684,76.6736,-312.1794,27.304,-48.1824,83.4664721167,29.925050682,85.4488541974,-27.8486814851,-88.8249251982,-35.6608452352,6.4529109434,4.8814894091,3.5695765908,-6.0343585553,1.1614765221,8.3010563166,18.0676,5.7739,10.6734,0.0169,0.00407,0.06886,0.0021,0.002,0.00218,0.00165,0.00172,0.0016,0.041,0.0435,0.045,passive,2
6.7205,rehab,danger_boundary_spike,13.2878139024,-665.6867261196,314.0574547045,-177.3907621499,0.1215549555,-149.9976556976,-146.5357,2.4975,76.521,-288.8816,7.7842,100.9477,83.6523156486,30.0248426348,85.4716104417,-27.8546123405,-88.8416114842,-35.4848469656,7.2702848717,2.3281925276,3.8495300199,-6.4475576257,-0.3509179452,6.3590048804,18.3249,-5.4773,11.4094,-0.10035,0.00334,0.11521,0.0021,0.002,0.00218,0.00165,0.00172,0.0016,0.041,0.0435,0.045,passive,2
6.7405,rehab,danger_boundary_spike,10.3140549014,-665.6539810244,315.4367746638,-177.3933169142,0.1234914011,-150.002966513,-146.6922,0.9798,80.7115,183.8257,-70.0243,300.2808,83.7572835116,30.0181783831,85.6028353982,-28.1065837901,-88.8389619161,-35.40648504,7.1778285044,3.5721126406,6.1618682285,-10.4950330549,-2.0716575552,3.4961613877,18.2315,-5.6142,11.0323,-0.10136,0.01581,0.10279,0.0021,0.002,0.00218,0.00165,0.00172,0.0016,0.041,0.0435,0.045,passive,2
6.7605,rehab,danger_boundary_spike,7.4201239061,-665.6475361125,317.2859158425,-177.3891801979,0.123379158,-149.999049623,-139.1826,-0.3035,88.5322,229.3912,15.6915,-163.051,83.9394287887,30.1677271405,85.7180851708,-28.2744136627,-88.9244777864,-35.3450005101,8.9547008896,4.0846641443,5.6982917514,-6.8660085804,2.6678398389,5.4077390292,17.713,-5.5857,11.7463,-0.09828,0.01745,0.10968,0.0021,0.002,0.00218,0.00165,0.00172,0.0016,0.041,0.0435,0.045,passive,2
6.7805,rehab,danger_boundary_spike,4.746748978,-665.6661194539,318.978063282,-177.3842855395,0.1227122059,-149.9950224367,-137.5166,1.6074,74.1895,-87.4877,5.6317,-606.6194,84.1154715472,30.1815649489,85.8307670682,-28.3812241333,-88.7322483225,-35.1901754789,6.4996796016,3.0132435015,4.2948377669,-8.9981842716,1.0689822252,6.9912062418,18.149,-5.9736,11.9293,-0.10502,0.01763,0.11905,0.0021,0.002,0.00218,0.00165,0.00172,0.0016,0.041,0.0435,0.045,passive,2
6.8005,rehab,danger_boundary_spike,1.9194598493,-665.583239743,320.2534954538,-177.3986401227,0.1195853475,-150.0015316903,-142.6822,-0.0782,64.2674,-77.9153,-8.8452,-136.3765,84.1994159728,30.2882568805,85.8898786815,-28.6343410336,-88.8817184974,-35.0653522604,6.6655459565,3.4484165118,5.4092579124,-6.5963128716,-2.8899311967,5.721904344,19.2497,-6.3676,13.2537,-0.11691,0.0315,0.12327,0.0021,0.002,0.00218,0.00165,0.00172,0.0016,0.041,0.0435,0.045,passive,2
6.8205,rehab,danger_boundary_spike,-0.96053733,-665.6692471692,321.5487608186,-177.3892237193,0.1225986913,-149.9940571706,-140.6332,1.2536,68.7344,80.7484,91.3819,15.7909,84.3820933854,30.3195016094,86.0471373847,-28.6450766482,-88.8478455704,-34.9612993051,8.7083020023,3.1220159994,4.5822393395,-5.388094035,0.973896274,8.2852673697,17.4319,-5.4543,11.9246,-0.10559,0.01446,0.12168,0.0021,0.002,0.00218,0.00165,0.00172,0.0016,0.041,0.0435,0.045,passive,2
6.8405,rehab,danger_boundary_spike,-3.7058687179,-665.5330957453,323.0028726051,-177.3939716291,0.1209783781,-149.9923440511,-139.4522,3.5771,64.8991,89.5967,-41.8347,-9.7549,84.5477480529,30.4131375205,86.0731682551,-28.849864795,-88.8427626465,-34.7339415656,7.4679799786,2.2961456228,5.057341329,-9.6455468108,0.9509392817,7.3743699413,17.7743,-5.8954,12.3379,-0.0967,0.02256,0.10917,0.0021,0.002,0.00218,0.00165,0.00172,0.0016,0.041,0.0435,0.045,passive,2
6.8605,rehab,danger_boundary_spike,-6.5386261688,-665.5261638497,324.1447238047,-177.388541267,0.1225295384,-149.9982147044,-137.0493,-0.4198,68.3442,7421.4666,-125.2979,-3452.57,84.6808125846,30.4113474343,86.2494310379,-29.0308985206,-88.8098079991,-34.6663245074,3.6523724461,5.1282228596,6.136775522,-8.345412253,1.8212724246,6.5119721754,17.9628,-5.1031,12.8156,-0.0919,0.02348,0.09702,0.0021,0.002,0.00218,0.00165,0.00172,0.0016,0.041,0.0435,0.045,passive,2
6.8805,rehab,danger_boundary_spike,-9.1878425827,-665.5498873364,325.7366419235,-177.3979451902,0.1226143186,-149.9978465057,157.4064,-1.4348,-73.2037,7491.9488,11.7902,-3708.3451,84.6938429507,30.6182664349,86.3186392759,-29.1836812851,-88.7699117495,-34.4734626786,-7.3262789472,0.5014315085,-6.4442629983,7.4924944834,-2.0603938991,-5.8618524903,-2.0615,-5.9324,23.6188,-0.15329,0.1386,0.02066,0.0021,0.002,0.00218,0.00165,0.00172,0.0016,0.041,0.0435,0.045,passive,2
6.9005,rehab,danger_boundary_spike,-0.2423684834,-665.5835571313,321.2165747886,-177.3974800551,0.1260469334,-149.9976220706,162.6286,0.0518,-79.9896,-6932.9252,63.6122,3362.0109,84.3877614267,30.4314046946,85.991660518,-28.7311987413,-88.8922237551,-34.9007986071,-6.7368011377,-4.559996421,-7.8621925547,8.3489042777,-1.8741202046,-8.9907520621,-1.1805,-5.326,21.117,-0.13189,0.13129,0.00478,0.0021,0.002,0.00218,0.00165,0.00172,0.0016,0.041,0.0435,0.045,passive,2
6.9205,rehab,danger_boundary_spike,-2.6826984091,-665.5478145977,322.5370590106,-177.3867411968,0.1220535013,-149.9966361337,-119.9106,1.1097,61.2767,-7117.6273,23.1303,3440.3995,84.4243709052,30.4358665781,86.0041515738,-28.849725114,-88.8448765577,-34.8330927611,5.2650545113,2.8949080473,4.7463862343,-5.7509850929,0.1725547839,3.0747696113,17.8162,-5.351,12.2201,-0.1021,0.02682,0.1158,0.0021,0.002,0.00218,0.00165,0.00172,0.0016,0.041,0.0435,0.045,passive,2
6.9405,rehab,danger_boundary_spike,-5.0387911887,-665.5391709587,323.6676431984,-177.397630157,0.121402721,-150.0030278217,-122.0765,0.977,57.6264,-66.5784,-30.973,-155.6151,84.5983636071,30.5472010165,86.1815159673,-28.961238145,-88.8853215637,-34.7778078226,4.4368323123,4.4837639208,4.9244838284,-7.0180133291,2.2582587149,3.1167366196,17.4846,-5.2831,12.4775,-0.10017,0.02518,0.10447,0.0021,0.002,0.00218,0.00165,0.00172,0.0016,0.041,0.0435,0.045,passive,2
6.9605,rehab,danger_boundary_spike,-7.565757881,-665.50873344,324.8421153433,-177.393700266,0.1245454447,-149.9980828432,-122.5737,-0.1293,55.0521,47.034,-12.4709,-143.2931,84.6018441977,30.6152171349,86.2011309269,-29.1304456471,-88.7545462091,-34.7084232963,5.3883173099,0.0568885631,4.6133266868,-4.4467076808,2.7079086778,5.475852192,17.0915,-5.8738,12.6565,-0.11213,0.03227,0.1099,0.0021,0.002,0.00218,0.00165,0.00172,0.0016,0.041,0.0435,0.045,passive,2
6.9805,rehab,danger_boundary_spike,-9.9417393303,-665.5443415649,325.8697274831,-177.3908788954,0.1216084989,-150.0038504999,-120.1951,0.4782,51.8947,-8.0679,7.1825,87.9845,84.8138962995,30.5494765591,86.3660490348,-29.1391064522,-88.7770052166,-34.5587737349,7.360930192,1.5692116341,5.2173562599,-5.9414592238,-3.4355754717,9.173643613,16.5522,-5.2253,12.161,-0.1003,0.0187,0.11802,0.0021,0.002,0.00218,0.00165,0.00172,0.0016,0.041,0.0435,0.045,passive,2
7.0005,rehab,danger_boundary_spike,-12.3735630202,-665.4896057028,326.9179027377,-177.3932142132,0.1236778482,-150.0026288456,-122.8964,0.158,58.5715,48.9056,-41.5292,-21.1768,84.8962814054,30.6779856002,86.4098251773,-29.3681040161,-88.8919692279,-34.3414775518,5.7289348039,5.463184264,4.540713117,-10.7132874999,-0.8547382737,6.276910759,18.3574,-6.2515,14.3279,-0.11693,0.02472,0.10983,0.0021,0.002,0.00218,0.00165,0.00172,0.0016,0.041,0.0435,0.045,passive,2
7.0205,rehab,danger_boundary_spike,-14.8575960619,-665.5380201351,328.2125870055,-177.3918393752,0.1260082259,-150.0043928032,-118.2389,-1.183,51.0476,194.7458,10.1733,-220.8789,85.0430536917,30.7680039296,86.5476775595,-29.5676379522,-88.8111947475,-34.3076973046,6.6248771481,3.4192800291,4.3205403297,-4.2078513616,1.9745632264,3.077352777,18.8577,-6.5063,14.4864,-0.11843,0.02802,0.11157,0.0021,0.002,0.00218,0.00165,0.00172,0.0016,0.041,0.0435,0.045,passive,2
7.0405,rehab,danger_boundary_spike,-17.1031191621,-665.5369247045,328.9598072181,-177.3967858699,0.1244523109,-149.9974360956,-115.1066,0.565,49.7363,159.0199,42.6919,-89.6039,85.1612764913,30.8147568014,86.5826467905,-29.5364180705,-88.8129866989,-34.2183834407,3.8079778825,1.6104810181,2.7932669756,-1.4304463526,3.8711121268,4.8885145471,16.2694,-5.7631,12.5737,-0.10216,0.01091,0.11422,0.0021,0.002,0.00218,0.00165,0.00172,0.0016,0.041,0.0435,0.045,passive,2
7.0605,rehab,danger_boundary_spike,-19.4618594722,-665.5154213728,330.2020402643,-177.3946861341,0.1247264483,-150.0069855409,-111.8781,0.5247,47.4635,119.2663,-101.7006,-287.9302,85.195372807,30.8324231703,86.6594082385,-29.6248558063,-88.6563502625,-34.1121567227,2.7517346755,1.5294633845,2.8037820322,-6.8563355135,-1.0837975506,5.5201648595,17.5072,-5.8521,14.4523,-0.10911,0.04059,0.10887,0.0021,0.002,0.00218,0.00165,0.00172,0.0016,0.041,0.0435,0.045,passive,2
7.0805,rehab,danger_boundary_spike,-21.5782434164,-665.5159366334,330.8583453914,-177.3886207033,0.1224605259,-150.0010421903,-110.3359,-3.5031,38.2191,121.3883,-59.7823,-76.42,85.2713458783,30.8759353368,86.6947980718,-29.8106714911,-88.8563386009,-33.9975768463,7.2558412541,3.9813399195,4.7692956743,-7.8964090904,-2.5664779556,5.7813338519,17.1135,-5.9723,14.1415,-0.11774,0.02411,0.10136,0.0021,0.002,0.00218,0.00165,0.00172,0.0016,0.041,0.0435,0.045,passive,2
7.1005,rehab,danger_boundary_spike,-23.8752967803,-665.6555435211,331.7308052387,-177.3908653459,0.1264995405,-149.9958735003,-107.0226,-1.8666,44.4067,270.0883,123.5684,144.2327,85.4856064571,30.9916767671,86.8501800655,-29.9407121699,-88.7590093807,-33.8809033686,5.9002444403,2.7161557566,4.5046102958,-4.8425531967,2.7196405556,3.982519849,17.1448,-5.1455,13.7924,-0.11675,0.04162,0.11107,0.0021,0.002,0.00218,0.00165,0.00172,0.0016,0.041,0.0435,0.045,passive,2
7.1205,rehab,danger_boundary_spike,-25.859146368,-665.5906002805,332.6346115861,-177.3953341718,0.1208659165,-149.9952973641,-99.5324,1.4397,43.9884,122.5517,33.2963,-211.1757,85.507355656,30.9845815671,86.8749824836,-30.004373619,-88.7475529787,-33.8382760524,3.9147662192,3.1288780307,2.6385878407,-3.8227663936,1.2377650778,3.5858508406,17.4283,-6.1096,14.9892,-0.12004,0.04625,0.11233,0.0021,0.002,0.00218,0.00165,0.00172,0.0016,0.041,0.0435,0.045,passive,2
7.1405,rehab,danger_boundary_spike,-27.8565928554,-665.5979561828,333.490342457,-177.3953100566,0.1223633577,-149.9929471025,-102.1205,-0.5347,35.9596,193.422,-23.1524,-250.249,85.6421971059,31.1168318883,86.9557235791,-30.0936228257,-88.7094987776,-33.737469335,6.4509516538,2.566183606,2.0223769129,-4.9831927505,-1.0052410595,4.7416457544,17.548,-5.7462,14.9373,-0.12959,0.03401,0.10933,0.0021,0.002,0.00218,0.00165,0.00172,0.0016,0.041,0.0435,0.045,passive,2
7.1605,rehab,danger_boundary_spike,-29.9439665877,-665.6119897785,334.0729966014,-177.3960791067,0.1224848094,-150.0015165104,-91.7955,0.5136,33.9785,321.4129,1.9544,-109.7556,85.7653937221,31.0872289113,86.9558775601,-30.203701329,-88.787762621,-33.6486102222,3.0332679189,3.4601010497,2.8336963154,-4.3678594042,-1.5589147899,4.5740148804,16.7747,-5.7194,14.7924,-0.12489,0.04543,0.1053,0.0021,0.002,0.00218,0.00165,0.00172,0.0016,0.041,0.0435,0.045,passive,2
7.1805,rehab,danger_boundary_spike,-31.5284137977,-665.577412736,334.8494812192,-177.3952235272,0.1196438292,-149.9996893252,-89.264,-0.4566,31.5694,-62.8981,-83.7239,-162.1176,85.7635278227,31.2552359303,87.0690714317,-30.2683372018,-88.7718553692,-33.5545087398,2.0710020898,1.0008687326,5.5167568897,-5.9113802783,-0.199595601,2.1913445431,17.4457,-6.146,15.5692,-0.12684,0.04385,0.10862,0.0021,0.002,0.00218,0.00165,0.00172,0.0016,0.041,0.0435,0.045,passive,2
7.2005,rehab,danger_boundary_spike,-33.5145262155,-665.6302521595,335.3357725882,-177.3988854913,0.1220382612,-150.0006942576,-94.3114,-2.8354,27.4938,103.4565,-64.4087,30.6007,85.8482338057,31.1272636606,87.1765478357,-30.4401565401,-88.7957464451,-33.5609564405,4.4805611033,0.5235507769,3.9622696776,-6.2534047421,0.2797216391,4.918934357,17.5195,-5.7637,15.5186,-0.12553,0.03746,0.11002,0.0021,0.002,0.00218,0.00165,0.00172,0.0016,0.041,0.0435,0.045,passive,2
7.2205,rehab,danger_boundary_spike,-35.3008716539,-665.6908275642,335.9492318555,-177.392277774,0.1276658445,-149.9968122736,-85.1257,-3.0329,32.7934,405.196,75.1129,125.2515,85.9427502668,31.2761779614,87.2275622188,-30.5184733915,-88.7606665036,-33.3577513655,4.3223943043,4.4329963714,3.4994601332,-4.1665865592,-0.7451538754,5.2294636193,17.4431,-6.0662,15.8989,-0.11574,0.0429,0.11499,0.0021,0.002,0.00218,0.00165,0.00172,0.0016,0.041,0.0435,0.045,passive,2
7.2405,rehab,danger_boundary_spike,-36.919555443,-665.7515685397,336.6475097395,-177.3960768263,0.1236972738,-150.0002489286,-78.1036,0.1691,32.5038,350.9627,76.469,-269.2271,86.0211295779,31.3045835155,87.316526241,-30.6068200025,-88.8255526001,-33.3517778957,3.4642011455,0.6280815939,1.8629334518,-3.2438118611,0.2114856557,-0.9993243118,17.6233,-5.9633,15.8729,-0.11657,0.04446,0.11569,0.0021,0.002,0.00218,0.00165,0.00172,0.0016,0.041,0.0435,0.045,passive,2
7.2605,rehab,danger_boundary_spike,-38.42501593,-665.6840617669,337.249384923,-177.3947633923,0.1234752628,-149.9968173906,-71.0872,0.0259,22.0243,276.9284,-77.6065,-348.5628,86.0813183126,31.3013012252,87.3020795569,-30.648225866,-88.7522070774,-33.3977243379,2.2411981827,0.1588387951,-0.6574564382,-4.6150168075,2.3185190743,2.6940080613,18.0774,-6.2645,16.3768,-0.12267,0.04872,0.11115,0.0021,0.002,0.00218,0.00165,0.00172,0.0016,0.041,0.0435,0.045,passive,2
7.2805,rehab,danger_boundary_spike,-39.7630443129,-665.7505345002,337.5284834798,-177.3960398637,0.1246858157,-150.0005412995,-67.0265,-2.9351,18.5613,173.6405,-24.118,53.1313,86.1107775052,31.3109370673,87.2902279835,-30.7914206748,-88.7328118371,-33.2440175733,4.5714155858,1.900191827,3.1484817882,-4.223505728,-0.6818893178,5.1091182713,18.1169,-5.8478,16.7114,-0.1229,0.05198,0.12788,0.0021,0.002,0.00218,0.00165,0.00172,0.0016,0.041,0.0435,0.045,passive,2
7.3005,rehab,danger_boundary_spike,-41.1060747881,-665.8014664126,337.9918375735,-177.3969476452,0.1253307331,-150.0023318519,-64.1416,-0.9389,24.1496,297.4655,50.7889,4.0681,86.264174936,31.3773088982,87.4280188284,-30.8171660951,-88.7794826501,-33.1933596071,3.7316144784,2.4617184611,1.6804304237,-2.5183980584,-1.9916262743,0.5364764131,17.0084,-6.2209,16.3477,-0.1334,0.04667,0.10773,0.0021,0.002,0.00218,0.00165,0.00172,0.0016,0.041,0.0435,0.045,passive,2
7.3205,rehab,danger_boundary_spike,-42.328708445,-665.7880891973,338.4944672688,-177.399732427,0.1212627993,-149.9970387849,-55.1279,-0.9036,18.724,358.3387,21.0571,-197.8374,86.2600420843,31.4094058057,87.3574452004,-30.8921565971,-88.8124768881,-33.2225585167,0.0487024777,1.589273732,-1.3850833755,-1.777558548,-0.3979053774,-0.9088430925,16.8993,-6.2673,15.2517,-0.11519,0.05118,0.10431,0.0021,0.002,0.00218,0.00165,0.00172,0.0016,0.041,0.0435,0.045,passive,2
7.3405,rehab,danger_boundary_spike,-43.3111889188,-665.8376087543,338.7407992382,-177.3916039007,0.125925595,-149.9999438561,-49.8081,-0.0966,16.2361,261.2209,6.312,-18.5219,86.2661230352,31.4408798475,87.3726154934,-30.888268437,-88.7953988652,-33.2297133308,2.1190735801,1.3343507523,2.1963602465,-0.4459270307,2.1845641712,4.9905814604,17.0706,-6.0948,16.0839,-0.12884,0.04967,0.10971,0.0021,0.002,0.00218,0.00165,0.00172,0.0016,0.041,0.0435,0.045,passive,2
7.3605,rehab,danger_boundary_spike,-44.3210306665,-665.7919526039,339.1439111636,-177.3916578728,0.1222476416,-150.0054064217,-44.679,-0.6511,17.9832,278.4576,-79.0172,-117.5527,86.3448050275,31.4627798358,87.4452996103,-30.9099936783,-88.7250943213,-33.0229352583,4.8767212244,3.1967902515,3.9216589234,-1.8534935472,0.2080164823,4.0333534658,16.6962,-5.9901,15.9222,-0.12607,0.04354,0.1059,0.0021,0.002,0.00218,0.00165,0.00172,0.0016,0.041,0.0435,0.045,passive,2
7.3805,rehab,danger_boundary_spike,-45.0983496433,-665.8636519294,339.4601259387,-177.3971621959,0.122995484,-150.007074001,-38.6698,-3.2573,11.534,-10485.6642,-33.3925,2722.7797,86.4611918841,31.5687514576,87.5294818503,-30.9624081789,-88.7870782059,-33.0683791922,2.9024272664,1.2982615404,2.9913219177,-4.7288326192,-1.2394922068,-0.9644969878,15.8546,-5.7815,15.688,-0.1136,0.04848,0.10778,0.0021,0.002,0.00218,0.00165,0.00172,0.0016,0.041,0.0435,0.045,passive,2
7.4005,rehab,danger_boundary_spike,-45.867820772,-665.9222436013,339.6052707014,-177.3940601742,0.1277066488,-149.9950848004,-464.1056,-1.9868,126.8944,-10432.3061,61.059,2884.4633,86.4609021182,31.5147102974,87.564952487,-31.0991469831,-88.7746740095,-33.0615151378,18.42460521,10.3145625391,13.4374946699,-23.1229752824,0.8955691257,19.8569967235,20.3831,-7.277,19.3165,-0.15099,0.04793,0.1286,0.0021,0.002,0.00218,0.00165,0.00172,0.0016,0.041,0.0435,0.045,passive,2
7.4205,rehab,danger_boundary_spike,-63.6625731533,-665.9431231373,344.5359000954,-177.3919772066,0.1202185125,-150.0025611606,-455.962,-0.8149,126.9125,11211.9465,-29.2693,-3080.5426,87.1981760925,31.9813339591,88.0669816371,-31.8873271902,-88.7512554409,-32.2740993232,20.8775296653,10.6191980034,14.805196832,-22.5618021682,1.4570098401,23.4670948809,19.1035,-8.1043,21.0563,-0.15585,0.06553,0.12597,0.0021,0.002,0.00218,0.00165,0.00172,0.0016,0.041,0.0435,0.045,passive,2
7.4405,rehab,danger_boundary_spike,-64.1063007014,-665.9548402301,344.6817715546,-177.3931128434,0.1282041223,-149.9965908651,-15.6277,-3.1576,3.6727,11230.0518,-63.1833,-3254.9991,87.2960033048,31.9394782175,88.1571603603,-32.0016190698,-88.7163936159,-32.1228313426,3.8692117879,-0.2716360619,2.1589263532,-0.7481948369,0.3080598682,-0.7429361821,16.5669,-6.455,18.681,-0.13185,0.06294,0.11138,0.0021,0.002,0.00218,0.00165,0.00172,0.0016,0.041,0.0435,0.045,passive,2
7.4605,rehab,danger_boundary_spike,-64.2876822014,-666.0694251531,344.6828061045,-177.3943813102,0.1189464355,-150.0036715736,-6.7599,-3.3422,-3.2874,342.932,54.8358,-131.6724,87.352944564,31.9704685167,88.1533386913,-31.9172549837,-88.7389330461,-32.3038167705,-2.0033266143,0.3743034472,0.2240384561,2.2016834467,-1.9687429482,-2.2434102468,15.6233,-5.8124,17.1793,-0.12829,0.06614,0.0999,0.0021,0.002,0.00218,0.00165,0.00172,0.0016,0.041,0.0435,0.045,passive,2
7.4805,rehab,danger_boundary_spike,-64.3766977015,-666.0885301903,344.5502737925,-177.3979778951,0.1208869228,-149.9989875041,-1.9104,-0.9641,-1.5942,303.0616,61.5709,137.6751,87.2158702402,31.9544503554,88.1661218985,-31.913551732,-88.7951433338,-32.2125677525,-0.9809369321,-1.288836416,-0.7015918229,-1.4808804941,-1.9742907065,-0.0001115169,16.9695,-6.6459,18.3749,-0.15084,0.06947,0.10553,0.0021,0.002,0.00218,0.00165,0.00172,0.0016,0.041,0.0435,0.045,passive,2
7.5005,rehab,danger_boundary_spike,-64.3641000366,-666.1079898777,344.6190362634,-177.3957129925,0.1222212951,-149.9970500881,5.3625,-0.8794,2.2196,313.4034,-12.9098,-70.9613,87.3137070868,31.91891506,88.1252750184,-31.9764902034,-88.8179046744,-32.3038212312,0.8264991154,0.0572091047,-1.2760743887,-0.4634676008,-0.2066277633,0.260716521,-5.8373,-6.3705,23.6408,-0.15692,0.16004,-0.00844,0.0021,0.002,0.00218,0.00165,0.00172,0.0016,0.041,0.0435,0.045,passive,2
7.5205,rehab,danger_boundary_spike,-64.1621961357,-666.1237067154,344.6390562405,-177.3976043473,0.1230199919,-150.0009568344,10.6257,-1.4805,-4.4327,412.1475,-37.259,-56.827,87.2489302048,31.9567387196,88.115078923,-31.932090436,-88.8034084444,-32.2021390916,-3.4549055484,1.6157563125,-0.1417301397,1.4839393863,2.7942366948,0.7510475999,-6.8358,-5.5153,23.5319,-0.14239,0.16239,-0.00742,0.0021,0.002,0.00218,0.00165,0.00172,0.0016,0.041,0.0435,0.045,passive,2
7.5405,rehab,danger_boundary_spike,-63.9390723796,-666.1672102471,344.4417282652,-177.3998952381,0.1239832667,-150.0030442544,21.8484,-2.3698,-0.0535,426.4718,-50.7831,-92.717,87.1755108648,31.9835453125,88.1196058128,-31.917132628,-88.7061352066,-32.2737793272,-1.92112035,-0.1542400008,0.2048806213,0.0909518077,1.5383239534,-2.763078738,-5.9305,-5.7152,22.2891,-0.14845,0.15062,-0.00483,0.0021,0.002,0.00218,0.00165,0.00172,0.0016,0.041,0.0435,0.045,passive,2
7.5605,rehab,danger_boundary_spike,-63.2882586412,-666.2184975838,344.6369154745,-177.3960112044,0.1283153337,-150.00263086,27.6846,-3.5118,-8.1414,271.4794,29.315,-446.0873,87.1720853908,31.9505691196,88.1232741478,-31.9284523637,-88.7418754862,-32.3126622411,1.4991846109,-0.1080365565,0.1202562805,2.135203187,-1.732115428,-0.704807304,-5.5884,-6.2952,23.5671,-0.15939,0.16047,-0.00151,0.0021,0.002,0.00218,0.00165,0.00172,0.0016,0.041,0.0435,0.045,passive,2
7.5805,rehab,danger_boundary_spike,-62.831689855,-666.3076835413,344.1160730441,-177.3916699116,0.1236011734,-150.0008821431,32.7076,-1.1972,-17.897,613.1144,62.0912,-11.2392,87.2354782493,31.9792238503,88.124416064,-31.8317245005,-88.7754198237,-32.3019716193,-0.4661490123,0.2868304173,-2.3165182902,3.0941379325,-1.0873387539,-1.5436190885,-5.8456,-5.5672,22.6759,-0.15913,0.15168,-0.00816,0.0021,0.002,0.00218,0.00165,0.00172,0.0016,0.041,0.0435,0.045,passive,2
7.6005,rehab,danger_boundary_spike,-61.979954031,-666.2663845315,343.9210350796,-177.3972264225,0.126044298,-150.0007992229,52.2091,-1.0282,-8.5909,636.4425,-21.7013,188.7328,87.1534394303,31.9620423363,88.0306134162,-31.8046868464,-88.7853690364,-32.3744070047,-0.5531701817,-2.9148179422,-1.9314587897,0.0666771577,0.6996591017,-2.4795277049,-6.2255,-6.8762,24.5535,-0.1635,0.17569,-0.01541,0.0021,0.002,0.00218,0.00165,0.00172,0.0016,0.041,0.0435,0.045,passive,2
7.6205,rehab,danger_boundary_spike,-60.7433242558,-666.3488108884,343.7724350985,-177.3925400567,0.1222560468,-149.9996773991,58.1653,-2.0652,-10.3477,73.0049,-75.722,-121.9512,87.213351442,31.8626311326,88.0471577124,-31.8290574142,-88.7474334597,-32.4011527275,-1.3531056975,-3.06778887,-1.1895085705,2.1685463746,1.8290593056,-1.5657762298,-5.9303,-5.7753,22.9018,-0.14666,0.15676,-0.02013,0.0021,0.002,0.00218,0.00165,0.00172,0.0016,0.041,0.0435,0.045,passive,2
7.6405,rehab,danger_boundary_spike,-59.6533414379,-666.348993534,343.5071271962,-177.3946793167,0.1216492004,-150.008015018,55.1293,-4.0571,-13.469,101.988,-43.7145,-152.1956,87.0993152024,31.8393307815,87.9830330734,-31.7179449914,-88.7122066642,-32.4370380539,-5.1091619836,-2.6367240588,-1.9492731024,2.801743459,-2.171715147,-3.9541466557,-6.3725,-5.814,23.3381,-0.15636,0.16703,-0.01838,0.0021,0.002,0.00218,0.00165,0.00172,0.0016,0.041,0.0435,0.045,passive,2
7.6605,rehab,danger_boundary_spike,-58.5381507546,-666.5110933699,343.2336752448,-177.4042366622,0.1223622933,-149.9984249685,62.2448,-3.8138,-16.4355,531.9057,70.0901,-211.3654,87.0089849626,31.7571621702,87.9691867883,-31.7169876758,-88.8343020655,-32.5593185938,-4.4286165507,-0.3398882764,-1.1762092282,1.8928967165,-0.0387345277,-2.639010174,-5.6169,-6.1565,23.6553,-0.14493,0.15442,-0.00724,0.0021,0.002,0.00218,0.00165,0.00172,0.0016,0.041,0.0435,0.045,passive,2
7.6805,rehab,danger_boundary_spike,-57.1635479841,-666.5015457441,342.8497062739,-177.3959741825,0.1240839881,-150.0007092034,76.4056,-1.2535,-21.9236,555.9961,31.3148,-35.4105,86.9221705404,31.8257352504,87.9359847043,-31.6422291227,-88.7137560453,-32.5425984608,-2.1098473005,0.4034356645,-0.5770084224,5.4249818715,1.2752332519,-1.8098711697,-5.9097,-6.2335,22.5081,-0.15968,0.15492,0.0016,0.0021,0.002,0.00218,0.00165,0.00172,0.0016,0.041,0.0435,0.045,passive,2
7.7005,rehab,danger_boundary_spike,-55.4819281479,-666.5612317183,342.3567308235,-177.3961505573,0.1274858339,-150.0042825931,84.4847,-2.5612,-17.8519,134.327,6.0412,-17.8496,86.9245910706,31.7732995968,87.9461064514,-31.499988401,-88.7832927355,-32.6317134406,-3.8988035623,-2.0461941406,-2.8405065528,6.2280829369,-3.0904681352,-3.9580631522,-5.1596,-5.5559,21.7528,-0.1348,0.14465,-0.00189,0.0021,0.002,0.00218,0.00165,0.00172,0.0016,0.041,0.0435,0.045,passive,2
7.7205,rehab,danger_boundary_spike,-53.7841607854,-666.6039942847,342.1356285697,-177.4000634848,0.1249673271,-149.9973369082,81.7786,-1.0118,-22.6376,309.0553,12.7998,-255.621,86.7662183979,31.7438874848,87.8223644422,-31.3931058053,-88.8373747707,-32.7009209869,-3.6044382528,-2.9133707485,-3.3470645517,3.5866549988,0.8596875928,-2.9654129514,-5.2526,-6.0585,22.3693,-0.14898,0.14563,0.00055,0.0021,0.002,0.00218,0.00165,0.00172,0.0016,0.041,0.0435,0.045,passive,2
7.7405,rehab,danger_boundary_spike,-52.2107823066,-666.6017041265,341.4512271092,-177.3999179473,0.1255514564,-150.0045988162,96.8469,-2.0492,-28.0768,806.5359,-43.3335,-252.2881,86.7804135405,31.6567647669,87.8122238693,-31.356522201,-88.7489052318,-32.7503299586,-3.523310279,-1.4013826327,-2.1124086123,3.7726667169,-0.2942318378,-2.7191787508,-5.5047,-5.8605,22.4775,-0.14348,0.15638,0.00089,0.0021,0.002,0.00218,0.00165,0.00172,0.0016,0.041,0.0435,0.045,passive,2
7.7605,rehab,danger_boundary_spike,-49.910285169,-666.6859630818,341.0125572372,-177.3960752659,0.1233913486,-149.9995736368,114.0401,-2.7451,-32.7291,257.3717,-2.7843,-249.4023,86.6252859868,31.6878321795,87.7378680977,-31.2421991366,-88.8491440442,-32.8096881369,-7.8456719198,-2.1072487473,-0.6856134171,4.7450096925,-1.2702133131,-6.4333042529,-4.9874,-6.2239,23.8494,-0.16347,0.14989,0.00954,0.0021,0.002,0.00218,0.00165,0.00172,0.0016,0.041,0.0435,0.045,passive,2
7.7805,rehab,danger_boundary_spike,-47.649179083,-666.711510059,340.1420623722,-177.3943636766,0.1283019529,-150.0031221372,107.1418,-2.1606,-38.0529,-132.8037,-0.724,-67.7399,86.4665866637,31.572474817,87.7847993327,-31.1667218133,-88.7997137643,-33.0076621287,-3.7585092038,-4.3041671335,-5.7131541121,7.5227195838,2.6363309636,-6.2095110218,-4.9634,-6.198,22.9335,-0.15693,0.15347,0.01284,0.0021,0.002,0.00218,0.00165,0.00172,0.0016,0.041,0.0435,0.045,passive,2
7.8005,rehab,danger_boundary_spike,-45.6246148304,-666.7723867287,339.4904421634,-177.4024705294,0.1222049931,-149.9999155268,108.7279,-2.7741,-35.4387,280.9484,16.9503,39.4823,86.4749456186,31.5156654942,87.5093419332,-30.9412903532,-88.7436908057,-33.0580685778,-4.0090626233,-2.4927387815,-6.1473532918,7.0102082099,-1.973388239,-2.8727927476,-4.2132,-6.2313,22.4884,-0.15545,0.14739,0.00941,0.0021,0.002,0.00218,0.00165,0.00172,0.0016,0.041,0.0435,0.045,passive,2
7.8205,rehab,danger_boundary_spike,-43.3000618344,-666.8224743699,338.7245137735,-177.39713435,0.1253277867,-149.9981372627,118.3797,-1.4826,-36.4736,401.603,42.4575,-97.9797,86.3062241588,31.4727652657,87.538905201,-30.8863134849,-88.8786492938,-33.1225738386,-6.7864704675,-3.7956890727,-2.6569846554,3.9711722972,-0.9669262465,-5.4162804615,-4.1896,-5.873,21.623,-0.15391,0.1542,0.00161,0.0021,0.002,0.00218,0.00165,0.00172,0.0016,0.041,0.0435,0.045,passive,2
7.8405,rehab,danger_boundary_spike,-40.8894270348,-666.8316898633,338.0314988155,-177.3954164255,0.1240711213,-150.0038287283,124.7921,-1.0758,-39.3579,129.3521,-11.0734,-230.5105,86.2034867999,31.3638379312,87.403062547,-30.7824434614,-88.7823678555,-33.2747197963,-4.8096108159,-2.493989383,-1.4276154564,3.6501785872,3.2354214454,-5.7372796992,-3.9801,-5.6834,23.6769,-0.15207,0.15902,0.00718,0.0021,0.002,0.00218,0.00165,0.00172,0.0016,0.041,0.0435,0.045,passive,2
7.8605,rehab,danger_boundary_spike,-38.3083797525,-666.8655067097,337.1501976264,-177.3964823111,0.1254750195,-150.0093608101,123.5538,-1.9255,-45.694,24.9569,-93.1608,-117.3883,86.1138397262,31.3730056904,87.4818005827,-30.7403063415,-88.749232436,-33.3520650266,-3.8497862531,-2.0749936936,-1.4244068486,4.9786058403,-1.3705877316,-5.384729975,-4.3233,-6.1528,24.0441,-0.16053,0.15723,0.00836,0.0021,0.002,0.00218,0.00165,0.00172,0.0016,0.041,0.0435,0.045,passive,2
7.8805,rehab,danger_boundary_spike,-35.9472759211,-666.9087104988,336.2037385888,-177.396028394,0.1251759935,-149.9983522893,125.7903,-4.8022,-44.0534,8210.8287,0.9654,-3023.2393,86.0494953498,31.2808381835,87.346086273,-30.5832992277,-88.8371913648,-33.4901089953,-7.3003770547,-5.1378919277,-5.7754942768,6.9062862108,-1.7334072845,-5.145039512,-4.2501,-5.9481,23.2231,-0.16232,0.15624,0.00423,0.0021,0.002,0.00218,0.00165,0.00172,0.0016,0.041,0.0435,0.045,passive,2
7.9005,rehab,danger_boundary_spike,-33.2767665947,-667.057596308,335.3880602459,-177.4017463904,0.1225488977,-150.0010053152,451.9869,-1.8869,-166.6236,8095.8296,68.2879,-3337.979,85.821824644,31.1674900133,87.2507808117,-30.464054893,-88.8185687274,-33.5578666071,-22.3819406046,-11.3980223857,-16.4873029506,22.5877840727,0.8705380653,-18.1852070402,-4.0588,-6.6245,26.6351,-0.16885,0.17048,0.01072,0.0021,0.002,0.00218,0.00165,0.00172,0.0016,0.041,0.0435,0.045,passive,2
7.9205,rehab,danger_boundary_spike,-17.8677988739,-666.984186558,329.5387955549,-177.3982464746,0.1280846872,-150.002533213,449.6235,-2.0707,-177.5726,-7997.2818,-44.9302,2652.691,85.1542177256,30.8249172881,86.686594155,-29.6797878648,-88.8023698422,-34.2175172769,-20.9490984358,-9.4013244704,-15.6375284697,24.3450984725,1.0015180386,-18.5988681476,-2.4355,-6.758,26.2441,-0.17172,0.16843,0.0119,0.0021,0.002,0.00218,0.00165,0.00172,0.0016,0.041,0.0435,0.045,passive,2
7.9405,rehab,danger_boundary_spike,-15.2918261195,-667.1404252558,328.2851564637,-177.3954986068,0.1240012122,-150.000368556,132.0957,-3.6841,-60.5159,-7967.7514,51.9945,2872.1484,84.9838607065,30.7914370345,86.6252796729,-29.4902509541,-88.7785080059,-34.301821333,-8.5371991397,-2.0843050756,-4.5104456472,6.9202206739,0.4443788595,-6.0685589054,-1.8628,-5.1968,21.9413,-0.14417,0.13415,0.01169,0.0021,0.002,0.00218,0.00165,0.00172,0.0016,0.041,0.0435,0.045,passive,2
7.9605,rehab,danger_boundary_spike,-12.5839727315,-667.1315510037,327.1181581381,-177.3967976032,0.1274229234,-150.0046457861,130.9135,0.0091,-62.6867,66.8152,25.6579,22.9153,84.81272976,30.7415450851,86.5061763291,-29.4029790379,-88.7845946878,-34.4602596331,-6.9253890067,-2.5512249619,-4.525759951,8.2566787282,-0.8359528327,-6.0785018236,-2.1751,-5.4916,20.9201,-0.14985,0.13119,0.0171,0.0021,0.002,0.00218,0.00165,0.00172,0.0016,0.041,0.0435,0.045,passive,2
7.9805,rehab,danger_boundary_spike,-10.0552878736,-667.1400629736,325.777690194,-177.3978829614,0.1274754018,-150.0033802708,134.7683,-2.6578,-59.5993,184.4335,-29.5954,143.9726,84.7068451463,30.689388036,86.4442492748,-29.159983805,-88.8119461192,-34.5449614059,-5.7509229891,-3.3272694086,-4.8996056752,6.5936929159,-2.7919498985,-4.0162899762,-1.3699,-5.9926,21.9725,-0.1502,0.13507,0.02404,0.0021,0.002,0.00218,0.00165,0.00172,0.0016,0.041,0.0435,0.045,passive,2
8.0005,rehab,danger_boundary_spike,-7.1932423349,-667.2378627545,324.7341852013,-177.3966695738,0.1297205284,-150.0013641059,138.2908,-1.1748,-56.9278,46.3942,50.9907,-147.5557,84.5826928405,30.6084543087,86.3101921021,-29.1392313212,-88.8962726837,-34.6209112321,-4.4912328451,-4.6451500979,-4.8290968042,5.9207664762,-1.3967607749,-7.865706748,-1.43,-5.2187,21.5879,-0.13939,0.1329,0.01645,0.0021,0.002,0.00218,0.00165,0.00172,0.0016,0.041,0.0435,0.045,passive,2
8.0205,rehab,danger_boundary_spike,-4.5236560226,-667.1870533191,323.5005801603,-177.3963835711,0.1277984857,-149.9993804582,136.624,-0.6182,-65.5016,298.6846,-67.9712,-381.8048,84.5271958325,30.5035820321,86.2510854027,-28.9231531459,-88.8678165502,-34.8595896759,-5.6163046943,-4.5497467318,-3.3209263591,10.4162996692,-0.5990335273,-6.4561367166,-1.299,-5.5066,22.2642,-0.1443,0.12857,0.00913,0.0021,0.002,0.00218,0.00165,0.00172,0.0016,0.041,0.0435,0.045,passive,2
8.0405,rehab,danger_boundary_spike,-1.7282812911,-667.2625893356,322.1141231008,-177.402855302,0.1290092048,-150.0018905915,150.2382,-3.8936,-72.1999,403.7505,1.8956,-361.2257,84.3580406527,30.4264644394,86.1773550478,-28.7225793345,-88.9202340248,-34.8791567008,-7.1671888158,-3.7339072392,-2.9058954002,4.8926003562,1.0178727726,-4.2068836462,-0.7405,-5.8282,22.848,-0.14849,0.13747,0.0063,0.0021,0.002,0.00218,0.00165,0.00172,0.0016,0.041,0.0435,0.045,passive,2
8.0605,rehab,danger_boundary_spike,1.485871131,-667.3427976171,320.6125824047,-177.4016906554,0.1244109443,-149.9941337521,152.774,-0.5423,-79.9506,-73.3275,79.0639,-271.5831,84.2405082798,30.3542257425,86.1348495867,-28.7274491317,-88.8271016393,-35.0278650217,-6.1897050319,-3.5328359362,-5.9610373983,4.307717781,3.4525024031,-8.3123018761,-0.4307,-5.2686,21.6119,-0.14373,0.14001,0.01908,0.0021,0.002,0.00218,0.00165,0.00172,0.0016,0.041,0.0435,0.045,passive,2
8.0805,rehab,danger_boundary_spike,4.3826805902,-667.2842828964,318.9160998522,-177.3988625843,0.1238532098,-149.9988533761,147.3051,-0.7311,-83.0633,-93.544,-102.3525,-19.6298,84.1104524514,30.285151002,85.9389135518,-28.5502706232,-88.7821339287,-35.2116487759,-8.3593017388,-3.6445987956,-7.3798286522,9.7134583691,-0.0403921472,-5.9886438081,-0.4834,-5.2307,20.8479,-0.13899,0.12602,0.01382,0.0021,0.002,0.00218,0.00165,0.00172,0.0016,0.041,0.0435,0.045,passive,2
8.1005,rehab,danger_boundary_spike,7.3780742846,-667.3720397032,317.2900516371,-177.400237054,0.1249996057,-149.9993231751,149.0323,-4.6364,-80.7358,161.0849,-43.094,-59.4851,83.9061362103,30.2084417907,85.8396564406,-28.3389107969,-88.8287173252,-35.267410774,-7.8947302052,-5.4781898038,-5.04767374,8.4627744856,-1.5231541087,-6.6924772989,-0.2337,-5.1564,20.7414,-0.13509,0.12101,0.02173,0.0021,0.002,0.00218,0.00165,0.00172,0.0016,0.041,0.0435,0.045,passive,2
8.1205,rehab,danger_boundary_spike,10.3439720338,-667.4697405051,315.6866689386,-177.4012786341,0.125855787,-149.9967297094,153.7485,-2.4548,-85.4427,154.8883,95.2561,-110.9233,83.7946632432,30.0660234098,85.7370066022,-28.2117596438,-88.843060093,-35.4793478678,-7.2519562206,-4.088449609,-3.9863876633,8.7103082784,1.3661531202,-7.7219514225,0.3615,-4.8659,22.0319,-0.1319,0.14371,0.02627,0.0021,0.002,0.00218,0.00165,0.00172,0.0016,0.041,0.0435,0.045,passive,2
8.1405,rehab,danger_boundary_spike,13.528013251,-667.4702321275,313.8723447571,-177.3987454107,0.1233870616,-150.0007316493,155.2278,-0.8262,-85.1727,70.478,52.587,-50.9693,83.6160579615,30.0449038063,85.680200934,-27.9904984658,-88.7740712004,-35.5762888309,-8.2357864593,-3.3137663572,-4.9970991293,8.7015812648,-0.8314597234,-5.6483533934,0.4298,-5.1377,20.6423,-0.13655,0.12652,0.01463,0.0021,0.002,0.00218,0.00165,0.00172,0.0016,0.041,0.0435,0.045,passive,2
8.1605,rehab,danger_boundary_spike,16.5530847494,-667.5027884145,312.2797607848,-177.3996104345,0.122382379,-150.0017507896,156.5676,-0.3513,-87.4814,165.3201,-3.5928,-238.5124,83.4652317848,29.9334727555,85.537122637,-27.8636963932,-88.876318482,-35.7052820036,-7.7524667642,-4.0483838947,-4.6603841859,9.1130526465,-3.3724915476,-8.0383044463,0.5245,-5.1472,21.0742,-0.14241,0.12636,0.034,0.0021,0.002,0.00218,0.00165,0.00172,0.0016,0.041,0.0435,0.045,passive,2
8.1805,rehab,danger_boundary_spike,19.7907170643,-667.4842853913,310.3730869888,-177.3998503114,0.1263897421,-149.9996898896,161.8406,-0.9699,-94.7132,115.4302,-27.9561,-317.5818,83.3059592909,29.8829684505,85.4937855666,-27.6259763599,-88.9089708623,-35.8978210088,-9.0058868171,-2.8860731532,-4.5281626812,10.4859578473,2.6797395915,-11.1773048175,0.8774,-4.8059,19.0371,-0.12134,0.09788,0.02424,0.0021,0.002,0.00218,0.00165,0.00172,0.0016,0.041,0.0435,0.045,passive,2
8.2005,rehab,danger_boundary_spike,23.0267096813,-667.5415848561,308.4912328387,-177.3973403112,0.1265691483,-150.0006086187,161.1848,-1.4696,-100.1847,-119.0727,-1.5161,-159.125,83.1049963121,29.8180298294,85.3559961298,-27.4442580793,-88.7691288983,-36.1523741963,-8.9821787442,-4.4525865993,-8.803064895,7.9490041848,1.7007593301,-8.0903579138,1.3143,-5.474,20.2026,-0.13991,0.12083,0.01451,0.0021,0.002,0.00218,0.00165,0.00172,0.0016,0.041,0.0435,0.045,passive,2
8.2205,rehab,danger_boundary_spike,26.2381091762,-667.5430684896,306.365698395,-177.39529331,0.1274061222,-149.9890218675,157.0777,-1.0306,-101.0782,-106.8033,-41.9442,-179.7094,82.9466721411,29.7048649866,85.1416629708,-27.3080161925,-88.840940489,-36.2214353253,-6.479667525,-5.639254303,-8.0096763275,6.6100464945,-1.6704588906,-4.7479239681,1.6958,-4.7438,19.7111,-0.11997,0.11532,0.03076,0.0021,0.002,0.00218,0.00165,0.00172,0.0016,0.041,0.0435,0.045,passive,2
8.2405,rehab,danger_boundary_spike,29.3098182735,-667.5828071166,304.4481048273,-177.401587871,0.1284656299,-150.0013523451,156.9127,-3.1473,-107.3731,-137.2958,5.1921,-215.5573,82.8458096111,29.5924596573,85.0356090767,-27.1798562195,-88.8359472539,-36.342291155,-10.0358506886,-6.140878117,-4.0423402227,8.6377618457,-2.7096789508,-6.1858324667,1.6356,-5.0081,20.2472,-0.12923,0.10327,0.02975,0.0021,0.002,0.00218,0.00165,0.00172,0.0016,0.041,0.0435,0.045,passive,2
8.2605,rehab,danger_boundary_spike,32.5146160771,-667.6689622615,302.0707747116,-177.3997030989,0.1277752511,-150.0013319544,151.5859,-0.8229,-109.7005,26.933,101.104,82.7938,82.5452381136,29.4592298619,84.9799693619,-26.9625057187,-88.9493276471,-36.468868624,-10.0737261015,-4.7868251611,-4.0140628055,9.8539039901,-2.0689795347,-6.2621021926,2.0335,-4.6594,18.5423,-0.11827,0.10547,0.03198,0.0021,0.002,0.00218,0.00165,0.00172,0.0016,0.041,0.0435,0.045,passive,2
8.2805,rehab,danger_boundary_spike,35.373253648,-667.6157219994,300.0600850596,-177.3977029045,0.1292333536,-150.0038094964,157.99,0.8968,-104.0613,260.2666,-24.4062,40.0765,82.4428605671,29.4009866509,84.8750465645,-26.7857000599,-88.9187064353,-36.5927752427,-6.5661147144,-2.4903048805,-5.4371131498,8.0236872697,2.8665896936,-8.8183635429,2.3585,-4.9057,17.9367,-0.11949,0.09953,0.02561,0.0021,0.002,0.00218,0.00165,0.00172,0.0016,0.041,0.0435,0.045,passive,2
8.3005,rehab,danger_boundary_spike,38.8342158555,-667.6330896303,297.9083210841,-177.3982324609,0.1236608873,-149.997389453,161.9965,-1.7991,-108.0974,-109.2122,-66.5634,-142.1158,82.282593525,29.3596176667,84.7624848359,-26.6415582279,-88.8346640593,-36.8216031657,-7.562042532,-4.8953257543,-6.3863414571,7.189083224,1.4729232642,-8.5115699422,2.2339,-5.3357,19.3363,-0.12239,0.11518,0.03288,0.0021,0.002,0.00218,0.00165,0.00172,0.0016,0.041,0.0435,0.045,passive,2
8.3205,rehab,danger_boundary_spike,41.8531156289,-667.6876867785,295.7361877056,-177.395976272,0.1239299625,-149.9991187633,153.6215,-1.7657,-109.746,-351.7501,34.8853,-136.626,82.1403788658,29.2051736207,84.6195929062,-26.498136731,-88.8597895048,-36.9332380404,-7.4268750738,-2.862960493,-5.6562303781,10.0666815094,-2.9810267116,-6.8502659868,2.1073,-4.8186,18.9788,-0.12696,0.10591,0.0328,0.0021,0.002,0.00218,0.00165,0.00172,0.0016,0.041,0.0435,0.045,passive,2
8.3405,rehab,danger_boundary_spike,44.9790761528,-667.7037183598,293.518482245,-177.3982919041,0.1291386335,-149.995098636,147.9265,-0.4037,-113.5625,-241.4391,95.3456,-121.916,81.9855185221,29.245099247,84.5362356208,-26.2388909675,-88.9539051278,-37.0956138052,-6.9903303045,-3.8027656693,-5.3980849794,10.3948388527,-2.1968915159,-9.3134073474,2.8974,-4.4215,19.7539,-0.11504,0.116,0.03386,0.0021,0.002,0.00218,0.00165,0.00172,0.0016,0.041,0.0435,0.045,passive,2
8.3605,rehab,danger_boundary_spike,47.770177465,-667.7038351402,291.1936886955,-177.4037602356,0.1269748418,-149.9968811993,143.9639,2.0481,-114.6226,-40.6211,-23.9762,47.1896,81.8607656536,29.0530629939,84.403669507,-26.0823431769,-88.9476651654,-37.3057743343,-8.1950722891,-3.7594827828,-6.9555023862,7.9004542887,1.7350773441,-7.1877749124,3.8122,-5.247,19.9737,-0.12561,0.10727,0.04222,0.0021,0.002,0.00218,0.00165,0.00172,0.0016,0.041,0.0435,0.045,passive,2
8.3805,rehab,danger_boundary_spike,50.7376338336,-667.6217941014,288.9335778478,-177.3974470797,0.1260803272,-150.0015309969,146.3017,-1.3628,-111.6749,-176.76,-65.5346,141.0791,81.6577156305,29.0947199356,84.2580155253,-25.922872796,-88.884502034,-37.3831248017,-10.0973658169,-3.3100395141,-6.2580745097,7.0867748143,1.4608173513,-4.9889007183,2.8979,-5.1783,18.9207,-0.11864,0.09499,0.03845,0.0021,0.002,0.00218,0.00165,0.00172,0.0016,0.041,0.0435,0.045,passive,2
8.4005,rehab,danger_boundary_spike,53.6222455909,-667.7583454934,286.726693084,-177.3957761679,0.1264684008,-149.9976694951,136.8935,-0.5733,-108.9794,-2131.3414,57.2616,1560.2094,81.4568710209,28.9206614133,84.1533465266,-25.7988721843,-88.8892324714,-37.505330363,-8.0484672476,-7.1733614825,-3.5021428372,7.8586334154,-0.1934407618,-8.3354093896,3.0801,-4.7054,18.117,-0.11663,0.10566,0.02753,0.0021,0.002,0.00218,0.00165,0.00172,0.0016,0.041,0.0435,0.045,passive,2
8.4205,rehab,danger_boundary_spike,56.2133755936,-667.6447252098,284.5744000413,-177.4006279921,0.1252921549,-149.9957756739,61.048,0.9277,-49.2665,-1600.6721,-13.3918,1273.4128,81.3357769406,28.8077854763,84.1179298118,-25.6085274594,-88.8922396645,-37.7165411773,-2.9555804865,-1.8920534808,0.6710872472,5.9795711352,-1.9228966838,-3.9348439298,3.4889,-3.4403,15.9118,-0.10492,0.09489,0.02058,0.0021,0.002,0.00218,0.00165,0.00172,0.0016,0.041,0.0435,0.045,passive,2
8.4405,rehab,danger_boundary_spike,56.0641674807,-667.7212372095,284.7560325005,-177.3987871163,0.1265436652,-149.9988314884,72.8667,-1.1089,-58.0429,2125.7307,-21.1871,-1925.3442,81.3386478015,28.8449792741,84.1801900165,-25.5596893389,-88.9661483387,-37.6627241202,-2.5887041788,-1.103147802,-2.6903726271,5.9893893355,-1.1485705969,-4.2393061849,3.7762,-4.2038,16.9529,-0.10464,0.09686,0.02518,0.0021,0.002,0.00218,0.00165,0.00172,0.0016,0.041,0.0435,0.045,passive,2
8.4605,rehab,danger_boundary_spike,59.1280420313,-667.6890831719,282.2526827143,-177.3984851361,0.1275322893,-149.9994964332,146.0773,0.0802,-126.2803,1619.9156,20.6785,-1590.8366,81.2322287734,28.7636595643,84.0103149067,-25.368951886,-88.9381824884,-37.8861134247,-6.8493184526,-4.5459621274,-6.850708956,8.3061672273,0.9271238008,-7.3019729672,3.7525,-4.9308,18.8348,-0.12528,0.09677,0.03038,0.0021,0.002,0.00218,0.00165,0.00172,0.0016,0.041,0.0435,0.045,passive,2
8.4805,rehab,danger_boundary_spike,61.907258415,-667.7180282685,279.7048212344,-177.3996402035,0.1275096223,-150.0022077173,137.6633,-0.2818,-121.6764,-361.8764,-25.6339,272.6817,81.0646750634,28.663140789,83.9061616583,-25.2274426498,-88.9290633867,-37.9548030389,-9.96783406,-4.6962899902,-5.3114584125,8.0578335034,0.7668201268,-5.1145200614,3.3812,-4.5384,18.4829,-0.12571,0.10183,0.04793,0.0021,0.002,0.00218,0.00165,0.00172,0.0016,0.041,0.0435,0.045,passive,2
8.5005,rehab,danger_boundary_spike,64.6345733668,-667.7003555393,277.3856268749,-177.3963939421,0.1276019713,-149.9983663426,131.6022,-0.9451,-115.373,-345.9259,-11.5832,94.9376,80.833515411,28.5758079647,83.7978565702,-25.0466385458,-88.9075096833,-38.0906942271,-8.5611274121,-4.0465005741,-8.1262302973,10.8122667177,-0.3053350987,-9.0788521664,4.2885,-4.2748,17.1833,-0.11042,0.08956,0.04271,0.0021,0.002,0.00218,0.00165,0.00172,0.0016,0.041,0.0435,0.045,passive,2
8.5205,rehab,danger_boundary_spike,67.171347072,-667.7558336203,275.0899007115,-177.3980996504,0.1267469058,-149.9997016192,123.8262,-0.7451,-117.8789,-239.2859,48.8098,25.4915,80.7222299669,28.5012807661,83.5811124464,-24.7949519811,-88.9412767906,-38.3179571255,-7.2032100174,-5.2968470279,-5.1982512815,5.7324883787,0.5298510354,-9.7351347505,4.2372,-4.2398,17.4262,-0.10788,0.093,0.03596,0.0021,0.002,0.00218,0.00165,0.00172,0.0016,0.041,0.0435,0.045,passive,2
8.5405,rehab,danger_boundary_spike,69.5876232634,-667.7301610203,272.6704712714,-177.4000473436,0.1266994526,-149.9988419162,122.0308,1.0073,-114.3534,-47.8777,44.0696,132.8217,80.5453870103,28.3639340835,83.589926519,-24.8173390107,-88.8863156419,-38.4800996171,-7.9334616894,-5.8481226066,-4.9704724456,4.3724908402,1.063803206,-5.0846963313,3.59,-3.4333,14.9414,-0.09776,0.07869,0.02927,0.0021,0.002,0.00218,0.00165,0.00172,0.0016,0.041,0.0435,0.045,passive,2
8.5605,rehab,danger_boundary_spike,72.0525782633,-667.7155432736,270.5157665569,-177.3956449695,0.1277694723,-149.9968002475,121.9111,1.0176,-112.566,-231.4715,6.8452,235.5162,80.4048914993,28.2673558618,83.3822935486,-24.6200523475,-88.8987246624,-38.5213449788,-6.8338006489,-1.7906884987,-7.3928864046,7.7816411015,-2.2854294677,-3.802600217,4.4736,-4.2082,15.3359,-0.09911,0.07801,0.03808,0.0021,0.002,0.00218,0.00165,0.00172,0.0016,0.041,0.0435,0.045,passive,2
8.5805,rehab,danger_boundary_spike,74.4640688591,-667.6894551875,268.1678303118,-177.395446301,0.1280749532,-149.9988132971,112.7719,1.2811,-104.9327,-439.3795,-61.3364,386.3161,80.2720349844,28.2923065436,83.2942110628,-24.5060733666,-88.9777328206,-38.6322036258,-6.7523917607,-2.2086514342,-2.7928488442,10.4149576197,-2.4768631438,-6.2042161246,4.3939,-4.0214,16.5879,-0.10361,0.08845,0.04536,0.0021,0.002,0.00218,0.00165,0.00172,0.0016,0.041,0.0435,0.045,passive,2
8.6005,rehab,danger_boundary_spike,76.5634550345,-667.6643006372,266.318458397,-177.3966294602,0.1297570005,-149.9943722953,104.336,-1.4358,-97.1134,-379.0797,-42.7658,-22.3791,80.1347958289,28.1790098044,83.2705795948,-24.2034540427,-88.9977991881,-38.7695136238,-5.535599675,-2.8646317465,-3.8566672545,8.1614616026,-1.1586792192,-9.018638949,4.4912,-3.9649,14.8061,-0.09837,0.07742,0.05319,0.0021,0.002,0.00218,0.00165,0.00172,0.0016,0.041,0.0435,0.045,passive,2
8.6205,rehab,danger_boundary_spike,78.6375072932,-667.7468875404,264.2832950424,-177.3969090667,0.1296130788,-150.0047615414,97.6087,-0.4296,-105.8279,-311.4744,70.2633,-69.5115,80.0506109974,28.1777212737,83.1399443726,-24.1796149025,-89.0240799894,-38.9929491838,-6.7056403311,-2.2957908017,-3.9651333112,3.7662943736,1.6625048538,-6.2065133333,4.7629,-4.4996,16.0104,-0.10445,0.07127,0.04393,0.0021,0.002,0.00218,0.00165,0.00172,0.0016,0.041,0.0435,0.045,passive,2
8.6405,rehab,danger_boundary_spike,80.4678043337,-667.6814832772,262.0853436242,-177.3982817811,0.1295867473,-149.9983468231,91.877,1.3747,-99.8938,-218.6951,27.6514,350.8973,79.8665702157,28.0871781724,83.1119742623,-24.0528022678,-88.931298994,-39.0177741571,-5.0027775661,-6.2847889361,-3.4071623651,7.0227067141,0.4140941244,-2.3031281854,4.899,-3.9003,15.5962,-0.09985,0.07717,0.04025,0.0021,0.002,0.00218,0.00165,0.00172,0.0016,0.041,0.0435,0.045,passive,2
8.6605,rehab,danger_boundary_spike,82.3125866808,-667.6918986649,260.287541419,-177.4001318506,0.1264326931,-149.9996599757,88.8609,0.6765,-91.792,-234.0043,-11.8321,171.0802,79.8504998947,27.9263297163,83.003657878,-23.898706634,-89.0075162244,-39.0850743112,-3.9649655167,-2.4668286575,-6.1917009463,6.4567167673,0.6086939061,-4.3419294142,4.7154,-4.0672,14.4061,-0.10682,0.07469,0.04538,0.0021,0.002,0.00218,0.00165,0.00172,0.0016,0.041,0.0435,0.045,passive,2
8.6805,rehab,danger_boundary_spike,84.0222415373,-667.6544236105,258.4136645192,-177.4020980244,0.1299856478,-149.9927391864,82.5168,0.9014,-93.0506,-172.6264,-36.1718,155.9603,79.707971595,27.9885050261,82.8643062245,-23.7945335971,-88.9069512377,-39.1914513337,-7.0656728514,-0.5848286588,-3.3386650246,5.227124842,0.45744317,-5.0515922369,5.409,-3.9993,14.9528,-0.09797,0.07011,0.03201,0.0021,0.002,0.00218,0.00165,0.00172,0.0016,0.041,0.0435,0.045,passive,2
8.7005,rehab,danger_boundary_spike,85.6132591645,-667.6558411255,256.5655161364,-177.3988147355,0.1297272635,-149.9918799845,81.9559,-0.7704,-85.5536,41.4431,16.5166,258.2265,79.5678729807,27.9029365699,82.870111277,-23.6896216403,-88.9892184976,-39.2871380007,-6.2905888906,-3.3026202107,-3.2096312139,3.734786447,-1.467935044,-5.3297174933,5.0538,4.1754,15.2458,-0.02937,0.08765,0.01575,0.0021,0.002,0.00218,0.00165,0.00172,0.0016,0.041,0.0435,0.045,passive,2
8.7205,rehab,danger_boundary_spike,87.3004764284,-667.6852388757,254.9915218959,-177.3983325147,0.1266747919,-149.9995834691,84.1745,1.5621,-82.7216,-289.5801,118.7529,88.6573,79.4563480394,27.8564002176,82.7359209759,-23.6451421392,-88.9656686395,-39.4046400334,-5.4843765057,-2.3209302403,-4.1677291566,5.6323675902,-1.1367035092,-7.5739537621,4.8396,3.9708,15.3474,-0.0212,0.0695,0.00638,0.0021,0.002,0.00218,0.00165,0.00172,0.0016,0.041,0.0435,0.045,passive,2
8.7405,rehab,danger_boundary_spike,88.9802406208,-667.593357085,253.2566531746,-177.3960811806,0.1289604167,-149.9973595176,70.3727,3.9797,-82.0073,-425.2572,5.7571,21.961,79.3484979205,27.8100993603,82.7034021108,-23.4643269367,-89.034686638,-39.5900961512,-4.1087902684,-1.9385969241,-3.4663837268,7.0989529568,-1.2608731872,-3.8045271668,5.1125,3.9921,14.5596,-0.02024,0.07464,0.01119,0.0021,0.002,0.00218,0.00165,0.00172,0.0016,0.041,0.0435,0.045,passive,2
8.7605,rehab,danger_boundary_spike,90.1153831615,-667.5260494758,251.7112310039,-177.4019881761,0.1265085885,-149.9924308528,67.1642,1.7924,-81.8431,159.0315,-105.0691,43.5424,79.2919964286,27.7788563407,82.5972656269,-23.3611840209,-89.016103567,-39.5568211201,-4.811584132,-3.1302463575,-3.2478718816,7.0988099209,-1.7026573717,-1.7081745374,5.2214,3.8534,14.6923,-0.01453,0.0767,0.00089,0.0021,0.002,0.00218,0.00165,0.00172,0.0016,0.041,0.0435,0.045,passive,2
8.7805,rehab,danger_boundary_spike,91.6668105973,-667.5216617449,249.9829277924,-177.3966655426,0.1285241876,-149.9976398784,76.7339,-0.223,-80.2656,-59.494,-11.2498,177.6787,79.1560345552,27.684889506,82.5734872355,-23.1803745398,-89.1027929328,-39.6584231327,-5.4566339858,-2.1842706269,-0.8841151833,4.2321372093,0.9786819875,-5.1348078527,6.0624,3.7229,15.3563,-0.0222,0.06498,0.01239,0.0021,0.002,0.00218,0.00165,0.00172,0.0016,0.041,0.0435,0.045,passive,2
8.8005,rehab,danger_boundary_spike,93.1847403359,-667.5349706769,248.5006079818,-177.400313284,0.1323620843,-150.0005938488,64.7845,1.3424,-74.736,-399.2386,39.6349,149.6286,79.0737310692,27.6914855156,82.5619010195,-23.1918985325,-88.9769562875,-39.7622134342,-4.5399667333,-0.5739820535,-2.293074873,1.6898265587,2.1374634497,-3.4810661679,5.5492,4.2029,14.6664,-0.01192,0.07664,0.01782,0.0021,0.002,0.00218,0.00165,0.00172,0.0016,0.041,0.0435,0.045,passive,2
8.8205,rehab,danger_boundary_spike,94.258190115,-667.4679661639,246.9934883957,-177.3994429555,0.1282580928,-149.9957159317,60.7644,1.3624,-74.2804,-44.3007,22.9533,-56.6952,78.9744358858,27.6619302239,82.4817642406,-23.1127814775,-89.0172943948,-39.7976657794,-5.5240670354,-6.2704382088,-2.8880333386,4.3860083945,-0.7443949425,-3.0190054275,5.0463,3.9112,13.1843,-0.00929,0.07194,0.00479,0.0021,0.002,0.00218,0.00165,0.00172,0.0016,0.041,0.0435,0.045,passive,2
8.8405,rehab,danger_boundary_spike,95.6153157545,-667.4804760845,245.5293907297,-177.4022440413,0.131011196,-149.9990388338,63.0125,2.2605,-77.0038,-11.2335,33.2009,-67.6255,78.8527683878,27.4406679872,82.446379686,-23.0164581968,-89.0067320852,-39.8829736513,-1.725454414,-2.5504220436,-5.1655579025,4.350553911,-0.2698695801,-4.6604936292,6.2814,3.5692,15.0524,-0.01377,0.06687,0.02037,0.0021,0.002,0.00218,0.00165,0.00172,0.0016,0.041,0.0435,0.045,passive,2
8.8605,rehab,danger_boundary_spike,96.7786885092,-667.3775452352,243.9133366428,-177.3994907565,0.1306002644,-149.9983105248,60.315,2.6904,-76.9855,50.2011,-36.9845,136.2676,78.9054177093,27.5599133421,82.2751419245,-22.938759321,-89.028089178,-39.9840855245,-2.8952440175,-0.4440468079,-4.7063259642,6.303492114,0.0195729073,-5.9185330809,5.4285,3.8851,14.5499,-0.01258,0.07077,0.01213,0.0021,0.002,0.00218,0.00165,0.00172,0.0016,0.041,0.0435,0.045,passive,2
8.8805,rehab,danger_boundary_spike,98.0279176247,-667.3728600955,242.4499726383,-177.4048258589,0.1306629483,-150.0003022529,65.0205,0.7811,-71.5531,46.5676,-25.0824,74.5638,78.7369586271,27.4229061149,82.2581266474,-22.7643185122,-89.0059491689,-40.1197149745,-5.9249168051,-3.8485065197,-1.252920418,6.9719630011,-1.1287436442,-5.6029200255,6.4909,4.4419,15.5117,-0.01488,0.09414,0.01071,0.0021,0.002,0.00218,0.00165,0.00172,0.0016,0.041,0.0435,0.045,passive,2
8.9005,rehab,danger_boundary_spike,99.3795087433,-667.3462994786,241.0512130025,-177.3997514844,0.1270057954,-149.9947620863,62.1778,1.6871,-74.0029,-261.5135,-1.1661,-186.8057,78.6684210371,27.4059730814,82.2250251078,-22.659880801,-89.0732389238,-40.2082023256,-1.2415130636,-0.8124340225,-2.1589156881,2.1054747033,-0.470710908,-2.3982519316,5.9505,4.2468,15.9743,-0.02342,0.08791,0.01063,0.0021,0.002,0.00218,0.00165,0.00172,0.0016,0.041,0.0435,0.045,passive,2
8.9205,rehab,danger_boundary_spike,100.5150277008,-667.3053760128,239.4898566321,-177.4008010041,0.129152599,-149.9941247834,54.56,0.7345,-79.0253,940.1554,-53.1958,-1465.7396,78.6872981045,27.390408754,82.1717700199,-22.6800995241,-89.0247776052,-40.2156450518,-5.0203045598,-1.8379775188,-1.7800355367,3.6046814097,-0.0443676475,-0.7629907898,6.5853,4.1551,15.0211,-0.02499,0.07228,0.00879,0.0021,0.002,0.00218,0.00165,0.00172,0.0016,0.041,0.0435,0.045,passive,2
8.9405,rehab,danger_boundary_spike,101.5619073335,-667.3169195469,237.8902001671,-177.4022074223,0.1296775213,-149.9946718108,99.784,-0.4407,-132.6325,1364.5123,12.379,-1477.3448,78.4676088547,27.3324539806,82.1538236863,-22.5156935446,-89.0750136297,-40.2387219571,-8.7593011875,-7.0055103161,-4.6058985913,8.1293172482,-1.2807796484,-7.8863642347,7.0857,4.4806,17.0355,-0.01886,0.07447,0.01974,0.0021,0.002,0.00218,0.00165,0.00172,0.0016,0.041,0.0435,0.045,passive,2
8.9605,rehab,danger_boundary_spike,104.50638648,-667.3230052599,234.1845573016,-177.4028861265,0.1312228799,-149.9985135284,109.1405,1.2297,-138.1191,-686.1916,94.6449,846.1974,78.336926057,27.1101883414,81.9875340762,-22.3549268341,-89.0760087911,-40.5310996212,-8.3030550714,-4.2838257136,-5.6726525284,8.6100922722,0.0496174537,-7.983425663,6.5036,4.3294,15.8451,-0.0117,0.07139,0.00724,0.0021,0.002,0.00218,0.00165,0.00172,0.0016,0.041,0.0435,0.045,passive,2
8.9805,rehab,danger_boundary_spike,105.9275255537,-667.2677332789,232.3654356798,-177.4055701385,0.1275119872,-149.9967872492,72.3363,3.3451,-98.7846,-894.8572,69.1791,838.7079,78.1354866518,27.1611009521,81.9269175852,-22.1712898537,-89.0730289316,-40.5580589837,-7.4827004197,0.4112816581,-3.522734694,6.971370581,1.2089504632,-4.9544167164,7.2134,4.3256,15.9519,-0.02446,0.07226,0.024,0.0021,0.002,0.00218,0.00165,0.00172,0.0016,0.041,0.0435,0.045,passive,2
9.0005,rehab,danger_boundary_spike,107.3998386471,-667.1892027067,230.2331737334,-177.4000074309,0.1303448466,-149.9972529907,73.3462,3.9968,-104.5708,29.7219,0.3586,-239.0764,78.0376180402,27.1266396077,81.8466246885,-22.0760720109,-89.0276507726,-40.7292762898,-2.957742475,-4.3195636334,-3.9456804366,6.6480079517,-0.2826988483,-6.6903678851,7.5879,4.6152,16.7925,-0.02639,0.06662,0.02108,0.0021,0.002,0.00218,0.00165,0.00172,0.0016,0.041,0.0435,0.045,passive,2
9.0205,rehab,danger_boundary_spike,108.8613723092,-667.1078605157,228.1826038573,-177.4002552829,0.1306697813,-149.9970017427,73.5252,3.3594,-108.3476,87.0811,-36.2492,-218.9088,78.0171769528,26.9883184067,81.7690903677,-21.9053695357,-89.0843368855,-40.8256736991,-3.1124525805,-4.9520753153,-3.5370039416,5.5541786286,-3.0973520187,-2.7489298368,7.2022,4.4561,15.584,-0.02658,0.05796,0.01917,0.0021,0.002,0.00218,0.00165,0.00172,0.0016,0.041,0.0435,0.045,passive,2
9.0405,rehab,danger_boundary_spike,110.3408458811,-667.054826361,225.8992679927,-177.4053867499,0.1257236058,-149.9942556474,76.8294,2.5469,-113.3271,190.3238,-46.2838,-100.9697,77.913119937,26.9285565951,81.7051445308,-21.8539048658,-89.1515448534,-40.8392334833,-7.6912631387,-2.4946921639,-4.9515900768,4.8277405468,1.0301676438,-3.045368362,7.5382,4.4748,15.1786,-0.02321,0.06071,0.0147,0.0021,0.002,0.00218,0.00165,0.00172,0.0016,0.041,0.0435,0.045,passive,2
9.0605,rehab,danger_boundary_spike,111.9345488814,-667.0059865052,223.6495178941,-177.4039653811,0.1301935978,-149.9959342989,81.1381,1.5081,-112.3864,66.0969,-20.9051,-3.7429,77.7095264273,26.8885307202,81.5710267646,-21.7122599138,-89.0431301797,-40.9474884336,-5.6779745599,0.1666874911,-5.9533057873,6.4397522433,2.1876570753,-6.8718733274,7.8357,4.6144,16.3202,-0.02554,0.08052,0.01266,0.0021,0.002,0.00218,0.00165,0.00172,0.0016,0.041,0.0435,0.045,passive,2
9.0805,rehab,danger_boundary_spike,113.5863712729,-666.9945041634,221.4038106647,-177.3972855728,0.1308574282,-149.9978054128,79.4733,1.7106,-113.4769,-78.9663,12.4757,-94.3869,77.6860009546,26.9352240947,81.4670122993,-21.596314776,-89.0640385704,-41.1141084164,-6.1570676288,-3.4729360038,-3.2147628095,6.7383718501,0.0757350177,-8.1771030634,8.7548,4.9841,16.0093,-0.01237,0.07369,0.01939,0.0021,0.002,0.00218,0.00165,0.00172,0.0016,0.041,0.0435,0.045,passive,2
9.1005,rehab,danger_boundary_spike,115.113480531,-666.9375606636,219.1104432901,-177.4041033204,0.1288228988,-150.0001208499,77.9795,2.0071,-116.1619,-97.072,-32.9382,83.1993,77.4632437221,26.74961328,81.4424362523,-21.4427250398,-89.040100779,-41.2745725561,-8.502050562,-7.2588603337,-5.3099471815,6.2334260455,-1.4706986459,-5.5817988855,8.503,4.5909,16.0901,-0.02502,0.06758,0.0128,0.0021,0.002,0.00218,0.00165,0.00172,0.0016,0.041,0.0435,0.045,passive,2
9.1205,rehab,danger_boundary_spike,116.7055505776,-666.914220818,216.757334238,-177.3973054692,0.130701248,-149.9960360053,75.5904,0.3931,-110.1489,-37.4262,-56.2707,-146.3845,77.3459189321,26.6448696814,81.2546144121,-21.3469777342,-89.1228665162,-41.3373803718,-5.9761420704,-3.4216986365,-3.1480145011,6.7965154522,-2.4651987035,-6.0739435761,9.1836,4.2907,16.5732,-0.01979,0.07738,0.03173,0.0021,0.002,0.00218,0.00165,0.00172,0.0016,0.041,0.0435,0.045,passive,2
9.1405,rehab,danger_boundary_spike,118.1370969979,-666.9218359639,214.7044876095,-177.3970507546,0.1305617512,-149.9959974254,76.4824,-0.2437,-122.0173,24.0916,92.9339,-603.6152,77.2241980393,26.6127453346,81.3165156722,-21.1708644217,-89.1387087272,-41.5175302991,-5.8400212648,-0.7866308049,-3.2474982566,8.3224493383,0.3367127067,-5.8592302326,8.9471,4.5815,17.1749,-0.02102,0.06635,0.02891,0.0021,0.002,0.00218,0.00165,0.00172,0.0016,0.041,0.0435,0.045,passive,2
9.1605,rehab,danger_boundary_spike,119.7648479388,-666.9239705223,211.8766425955,-177.3967083422,0.1319692883,-149.9951869663,76.5541,4.1105,-134.2935,-7.2022,132.6725,-229.5373,77.1123180816,26.6134044492,81.1247144818,-21.0140797607,-89.1093980079,-41.5717495811,-6.5080147771,-2.6431951521,-5.2612350173,7.0147477661,1.2232594023,-5.4638015523,9.9928,4.9256,17.1848,-0.0207,0.063,0.03968,0.0021,0.002,0.00218,0.00165,0.00172,0.0016,0.041,0.0435,0.045,passive,2
9.1805,rehab,danger_boundary_spike,121.1992600048,-666.7574169828,209.3327475492,-177.3966501412,0.1291360687,-149.9940222629,76.1943,5.0632,-131.1988,189.6155,-71.8144,-24.6241,76.9638774482,26.5070175285,81.1060662715,-20.890274511,-89.0897783511,-41.7360823612,-6.3382039568,-3.138428178,-3.0385856033,6.8119146248,-0.996156916,-7.9253923542,10.2574,4.6645,17.3817,-0.01913,0.07795,0.02833,0.0021,0.002,0.00218,0.00165,0.00172,0.0016,0.041,0.0435,0.045,passive,2
9.2005,rehab,danger_boundary_spike,122.812621771,-666.7214442708,206.6286912383,-177.4031133907,0.131277144,-149.9970979559,84.1387,1.2379,-135.2785,102.1131,-70.3164,28.2115,76.8587899233,26.4878673221,81.0031710577,-20.7416031757,-89.1492442846,-41.8887652753,-4.8174537115,-4.6345289607,-7.1239104971,8.3110349555,-1.5733020615,-6.9117922946,10.1819,4.7005,17.7737,-0.02786,0.08127,0.01723,0.0021,0.002,0.00218,0.00165,0.00172,0.0016,0.041,0.0435,0.045,passive,2
9.2205,rehab,danger_boundary_spike,124.5648077519,-666.7079010262,203.9216089348,-177.3980054772,0.1310702506,-149.9942702062,80.2789,2.2505,-130.0703,-233.5897,41.7218,-79.6704,76.7711792998,26.32163637,80.8211098516,-20.5578331128,-89.1527104335,-42.012554053,-8.329652014,-4.9907219093,-4.405372736,7.0379121499,-0.0730909392,-7.8772093772,9.0833,4.8491,15.9777,-0.0121,0.06896,0.01589,0.0021,0.002,0.00218,0.00165,0.00172,0.0016,0.041,0.0435,0.045,passive,2
9.2405,rehab,danger_boundary_spike,126.023776518,-666.6314242104,201.4258783558,-177.4003225933,0.1326753756,-149.9917910884,74.7951,2.9068,-138.4653,-59.6898,-18.89,-290.5253,76.5256038427,26.2882384457,80.8269561482,-20.4600866897,-89.1521679221,-42.2038536504,-8.4696593359,-4.3365247311,-2.4320319894,6.7219697443,-0.3566534043,-5.5146678684,11.0903,5.4711,17.1064,-0.01425,0.05619,0.03631,0.0021,0.002,0.00218,0.00165,0.00172,0.0016,0.041,0.0435,0.045,passive,2
9.2605,rehab,danger_boundary_spike,127.5566119982,-666.5916301858,198.3829977202,-177.4075880072,0.127954952,-149.9937422346,77.8913,1.4949,-141.6913,147.4327,-45.2871,31.2233,76.4323929263,26.1481753808,80.7238285721,-20.2889543231,-89.1669765697,-42.2331407677,-4.8563957316,-1.5352801027,-8.2284818001,9.4111632139,0.7520031284,-4.1473297617,11.2459,4.9945,17.9877,-0.01895,0.06679,0.03195,0.0021,0.002,0.00218,0.00165,0.00172,0.0016,0.041,0.0435,0.045,passive,2
9.2805,rehab,danger_boundary_spike,129.1394275522,-666.5716280928,195.7582250687,-177.4004089691,0.1325476861,-149.9929190276,80.6924,1.0953,-137.2163,-50.8631,-23.5278,-36.8597,76.3313480135,26.2268272416,80.4978168762,-20.0836401611,-89.122087797,-42.3697468408,-6.273490341,-1.0080073001,-4.9822727631,8.5773380421,0.5997637563,-5.486208,11.7569,5.5004,17.493,-0.00853,0.06482,0.04267,0.0021,0.002,0.00218,0.00165,0.00172,0.0016,0.041,0.0435,0.045,passive,2
9.3005,rehab,danger_boundary_spike,130.784308585,-666.5478187657,192.8943437849,-177.4003225927,0.132470089,-149.9936289853,75.8568,0.5538,-143.1657,-315.2396,50.7564,-254.1983,76.1814533127,26.1078550888,80.5245376615,-19.9458608014,-89.1429860195,-42.4525890877,-7.0583252011,-6.0159386157,-0.7217463239,6.2138307105,-3.9558130952,-6.6629498216,10.9724,4.8888,16.7315,-0.01815,0.07092,0.03772,0.0021,0.002,0.00218,0.00165,0.00172,0.0016,0.041,0.0435,0.045,passive,2
9.3205,rehab,danger_boundary_spike,132.173697672,-666.5494764906,190.031596235,-177.3965441698,0.1345013241,-149.9885725764,68.0828,3.1255,-147.3843,-120.4593,92.4525,-17.6825,76.0490150054,25.9861896969,80.4689470233,-19.8350869327,-89.2803203208,-42.6362648337,-6.8075242958,-5.6080023803,-5.1121007597,5.609607545,0.0910727956,-6.5528328824,11.4785,5.4543,17.3938,-0.01104,0.07294,0.03936,0.0021,0.002,0.00218,0.00165,0.00172,0.0016,0.041,0.0435,0.045,passive,2
9.3405,rehab,danger_boundary_spike,133.5076218006,-666.4227970755,186.9989725545,-177.4047476885,0.1347968847,-149.9967159401,71.0384,4.2519,-143.873,266.0357,-50.412,196.9009,75.9091523409,25.8835349936,80.3200536311,-19.7214764996,-89.1393431076,-42.714702403,-7.0832939502,-5.62352464,-7.9629017713,7.4605132785,2.2439161163,-6.325330913,12.1181,5.0143,16.9474,-0.01866,0.06523,0.03821,0.0021,0.002,0.00218,0.00165,0.00172,0.0016,0.041,0.0435,0.045,passive,2
9.3605,rehab,danger_boundary_spike,135.0152329264,-666.3794008465,184.2766754361,-177.3986020274,0.132170103,-149.9941471545,78.7243,1.1091,-139.5082,-183.5697,-55.2354,35.8671,75.7656832474,25.7612487113,80.1504309524,-19.5366664016,-89.1905636761,-42.8892780702,-9.4217070089,-3.162686442,-7.3545118751,7.2438390058,-1.393413096,-7.3987869726,12.0633,5.0743,17.6185,-0.02161,0.08242,0.03044,0.0021,0.002,0.00218,0.00165,0.00172,0.0016,0.041,0.0435,0.045,passive,2
9.3805,rehab,danger_boundary_spike,136.6565922084,-666.3784345618,181.4186427354,-177.400727077,0.1300767316,-149.9944422373,63.6956,2.0425,-142.4383,-442.3315,70.2304,8.1104,75.5322840605,25.7570275359,80.0258731561,-19.4317229393,-89.1950796315,-43.0106538819,-6.4989269588,-3.260730581,-4.7689299868,9.2258713305,1.8567003434,-5.5359878548,12.0021,5.0806,16.8539,-0.01311,0.06495,0.03863,0.0021,0.002,0.00218,0.00165,0.00172,0.0016,0.041,0.0435,0.045,passive,2
9.4005,rehab,danger_boundary_spike,137.5630566383,-666.2977018748,178.5791419967,-177.403666422,0.1316811126,-149.9901716994,61.031,3.9183,-139.1838,153.539,-15.1869,34.8574,75.5057261691,25.6308194881,79.9596737529,-19.1676315483,-89.1162956624,-43.1107175844,-4.2059094151,-1.4466787733,-3.999467393,6.2810277527,1.2071242403,-5.9703025591,13.3433,5.9566,18.3337,-0.01298,0.06977,0.04048,0.0021,0.002,0.00218,0.00165,0.00172,0.0016,0.041,0.0435,0.045,passive,2
9.4205,rehab,danger_boundary_spike,139.0978321949,-666.2217034218,175.8512895499,-177.4080915378,0.1325873846,-149.9957612818,69.8372,1.435,-141.044,-3380.1792,-107.9784,7253.8127,75.3640476839,25.699160385,79.8658944604,-19.1804818292,-89.1467946619,-43.2494659843,-8.5877676246,-2.702019019,-3.1825025589,6.5408437436,-2.5741409505,-4.034992115,12.3908,5.7259,16.6597,-0.01016,0.06895,0.03812,0.0021,0.002,0.00218,0.00165,0.00172,0.0016,0.041,0.0435,0.045,passive,2
9.4405,rehab,danger_boundary_spike,140.3565427242,-666.240301882,172.9373803303,-177.4029589784,0.1345564325,-149.99461658,-74.1762,-0.4009,150.9687,-3743.2889,34.9037,7555.2776,75.1622154641,25.5227387273,79.8323736506,-18.9059977986,-89.2192613004,-43.272117269,6.6736760946,0.0998203845,6.1110204156,-4.9145921113,0.0839121699,6.9722522147,21.5141,5.3942,-1.3356,0.0625,-0.07199,0.09104,0.0021,0.002,0.00218,0.00165,0.00172,0.0016,0.041,0.0435,0.045,passive,2
9.4605,rehab,danger_boundary_spike,136.1307854008,-666.2377377446,181.8900366765,-177.400430605,0.1295968036,-149.991510627,-79.8944,2.8311,161.1671,3347.9902,91.6222,-6985.6714,75.6309947277,25.7031532004,80.110335277,-19.3770655137,-89.1434381751,-42.9705758957,9.1169003698,3.4333818119,5.3250111422,-9.4419224802,0.586611212,4.5987412852,22.3196,5.2001,-1.2135,0.05623,-0.07402,0.09806,0.0021,0.002,0.00218,0.00165,0.00172,0.0016,0.041,0.0435,0.045,passive,2
9.4805,rehab,danger_boundary_spike,137.1607666263,-666.1270560125,179.384062825,-177.4043166218,0.13659842,-149.9875464693,59.7434,3.264,-128.4582,3481.4451,-19.9085,-7058.7722,75.5268914789,25.6600739998,80.0453740963,-19.2836746978,-89.1957968519,-43.0881676176,-5.1392442875,-0.3593564666,-5.1680787036,6.6720845474,-0.4724617316,-6.1459479062,12.8844,5.1348,17.7917,-0.02312,0.07402,0.04044,0.0021,0.002,0.00218,0.00165,0.00172,0.0016,0.041,0.0435,0.045,passive,2
9.5005,rehab,danger_boundary_spike,138.5205229978,-666.107176619,176.7517095919,-177.3983318625,0.1332206075,-149.9940074962,59.3634,2.0348,-121.1838,-83.9642,-25.795,315.3576,75.4254249562,25.6887789417,79.9036121289,-19.1101821318,-89.1623366443,-43.216413812,-5.7736723846,-1.6181211119,-5.29704814,7.2111723011,-0.3651821754,-4.2290377718,12.2597,5.0645,15.7754,-0.01415,0.05001,0.05033,0.0021,0.002,0.00218,0.00165,0.00172,0.0016,0.041,0.0435,0.045,passive,2
9.5205,rehab,danger_boundary_spike,139.5353026395,-666.0456637511,174.5367098114,-177.3964845477,0.1301614956,-149.9899323548,56.3849,2.2322,-115.8439,-156.3674,10.2085,-26.9734,75.2959445835,25.5953491553,79.8334921707,-18.9952278058,-89.210404139,-43.2573291285,-7.0275825295,-5.6872333697,-1.9323653068,5.5101453424,-0.0534555633,-7.1266279226,12.2607,5.1057,16.3284,-0.01783,0.05681,0.03993,0.0021,0.002,0.00218,0.00165,0.00172,0.0016,0.041,0.0435,0.045,passive,2
9.5405,rehab,danger_boundary_spike,140.7759178457,-666.0178874305,172.1179546211,-177.3993007929,0.1340158688,-149.9918941758,53.1087,2.4431,-122.2628,-264.5259,-13.9444,-251.7702,75.144321655,25.4612896069,79.8263175166,-18.8897763181,-89.1644748669,-43.5014789289,-6.783947103,-3.2041296386,-3.2797347385,3.7613858121,0.0683331306,-6.8292233126,12.1707,5.5625,16.2821,-0.01519,0.06267,0.03458,0.0021,0.002,0.00218,0.00165,0.00172,0.0016,0.041,0.0435,0.045,passive,2
9.5605,rehab,danger_boundary_spike,141.6596507894,-665.947937826,169.6461993319,-177.4026774802,0.1337440955,-149.988186542,45.8038,1.6745,-125.9147,25.0627,-64.7118,12.6044,75.0245866994,25.4671839698,79.7023027811,-18.8447723733,-89.2076708137,-43.530498061,-4.9594113113,-2.124398554,-6.5431555612,5.8471628312,-1.1726608694,-3.4124962819,13.1391,5.0747,16.7953,-0.01963,0.05748,0.04588,0.0021,0.002,0.00218,0.00165,0.00172,0.0016,0.041,0.0435,0.045,passive,2
9.5805,rehab,danger_boundary_spike,142.6080713201,-665.9509093118,167.0813673552,-177.4040686249,0.1351486813,-149.9940785845,54.1112,-0.1453,-121.7586,90.5802,42.9599,378.9673,74.9459452026,25.3763136647,79.5645912942,-18.6558898048,-89.2113813017,-43.6379787802,-4.0884501126,-5.0632947079,-3.1472288989,7.6578394221,1.4900337177,-5.0079745919,13.4941,5.7256,16.6522,-0.026,0.05578,0.04532,0.0021,0.002,0.00218,0.00165,0.00172,0.0016,0.041,0.0435,0.045,passive,2
9.6005,rehab,danger_boundary_spike,143.8240991833,-665.9537507658,164.7758558614,-177.3957344555,0.1348677418,-149.9971053636,49.427,3.3928,-110.756,-268.8138,50.3529,149.2336,74.8610486949,25.2646521815,79.5764136252,-18.5384587964,-89.148069465,-43.7308170447,-6.4035987926,-3.2782594981,-2.4288498407,6.2095195976,-1.6376754782,-6.1201734622,13.5546,5.1639,16.4283,-0.01999,0.05994,0.06473,0.0021,0.002,0.00218,0.00165,0.00172,0.0016,0.041,0.0435,0.045,passive,2
9.6205,rehab,danger_boundary_spike,144.5851531201,-665.8151954277,162.6511278342,-177.4027106428,0.1338164038,-149.9899626035,43.3587,1.8688,-115.7892,-311.861,-79.2528,-133.6391,74.6898012509,25.2451832848,79.4674373006,-18.4075090209,-89.2768883208,-43.8827857186,-5.567948276,-2.1049450543,-5.0294411957,4.446203262,-1.2174092215,-3.8685183423,13.8438,5.4912,16.1497,-0.01055,0.05945,0.04934,0.0021,0.002,0.00218,0.00165,0.00172,0.0016,0.041,0.0435,0.045,passive,2
9.6405,rehab,danger_boundary_spike,145.558445504,-665.8789991194,160.1442860811,-177.4028675481,0.1370973918,-149.9885426329,36.9526,0.2227,-116.1016,-136.0594,-30.2096,104.6112,74.6383307638,25.1804543793,79.3752359773,-18.3606106659,-89.1967658339,-43.8855577784,-4.9421276886,-1.6474316534,-2.4594781322,8.5791694254,1.4640589118,-5.5917519297,13.6024,5.6601,15.7945,0.00125,0.05248,0.04847,0.0021,0.002,0.00218,0.00165,0.00172,0.0016,0.041,0.0435,0.045,passive,2
9.6605,rehab,danger_boundary_spike,146.0632572977,-665.8062860195,158.007065734,-177.4034224241,0.1318100922,-149.9954502977,37.9163,0.6604,-111.6048,144.2856,60.414,238.106,74.4921161433,25.1792860187,79.3690581753,-18.0643422439,-89.2183259643,-44.1064557958,-6.3937874419,-0.7741328029,-2.8922877519,7.5248975253,-0.7727676568,-4.6449225901,14.7049,5.6917,17.3578,-0.01311,0.05877,0.04103,0.0021,0.002,0.00218,0.00165,0.00172,0.0016,0.041,0.0435,0.045,passive,2
9.6805,rehab,danger_boundary_spike,147.0750967149,-665.8525827547,155.6800942445,-177.4014892124,0.1318902175,-149.9904907571,42.724,2.6393,-106.5773,-135.8826,21.895,153.9133,74.3825792661,25.1494890672,79.2595444673,-18.0596147649,-89.2276765402,-44.071354682,-6.1035754233,-2.0853781672,-5.0927547767,0.4390743948,-1.588465561,-1.9739315441,14.7598,5.6393,16.1849,-0.00927,0.05363,0.04753,0.0021,0.002,0.00218,0.00165,0.00172,0.0016,0.041,0.0435,0.045,passive,2
9.7005,rehab,danger_boundary_spike,147.7722184927,-665.7007142321,153.7439732466,-177.4007697139,0.1351136674,-149.9906057175,32.481,1.5362,-105.4483,-154.2131,-94.7581,69.1674,74.2479731264,25.095870892,79.1653479842,-18.0467792681,-89.2818645867,-44.1854130576,-5.3253716658,-3.4213190027,-3.2025721762,5.880510097,0.2175489269,-3.8700640972,13.6431,5.6343,15.6942,-0.00679,0.04611,0.05033,0.0021,0.002,0.00218,0.00165,0.00172,0.0016,0.041,0.0435,0.045,passive,2
9.7205,rehab,danger_boundary_spike,148.3743357137,-665.7911343859,151.4621637247,-177.4012743671,0.1322834893,-149.9894352311,36.5555,-1.151,-103.8106,84.0937,51.8637,328.0588,74.1695643995,25.0126363071,79.1314415802,-17.824394361,-89.2189745831,-44.2261572459,-4.5556504998,-2.5898708585,-2.4138931126,7.0927882029,2.0144862009,-3.7535001917,14.4885,6.1318,16.76,0.00477,0.05904,0.04178,0.0021,0.002,0.00218,0.00165,0.00172,0.0016,0.041,0.0435,0.045,passive,2
9.7405,rehab,danger_boundary_spike,149.2344387475,-665.7467553622,149.5915485584,-177.4046275195,0.1359728125,-149.994292689,35.8447,3.6108,-92.3259,-89.6388,78.1427,346.3212,74.0657471064,24.9922760577,79.0687922597,-17.76306774,-89.2012851387,-44.3355530653,-2.7476735185,-3.6579006428,-4.9206971195,4.7544470379,1.7851774753,-5.6846453506,14.6371,5.7065,15.8011,-0.00742,0.04751,0.04668,0.0021,0.002,0.00218,0.00165,0.00172,0.0016,0.041,0.0435,0.045,passive,2
9.7605,rehab,danger_boundary_spike,149.8081245988,-665.6467040718,147.7691272994,-177.4033508649,0.1367709384,-149.9909711906,32.97,1.9747,-89.9578,-192.5381,-73.9349,235.8145,74.0596574588,24.8663202814,78.9346136954,-17.6342164795,-89.1475674841,-44.4535430599,-2.9844993633,-2.5753419616,-3.005748472,5.4507501451,-1.7795006065,-4.7360405017,15.4615,6.1819,16.6129,-0.00663,0.0564,0.05931,0.0021,0.002,0.00218,0.00165,0.00172,0.0016,0.041,0.0435,0.045,passive,2
9.7805,rehab,danger_boundary_spike,150.5532368554,-665.6677681056,145.9932377598,-177.3984682995,0.1324237563,-149.9889140157,28.1432,0.6534,-82.8933,-284.4119,-31.5451,216.3615,73.9463671319,24.8892623792,78.9485623208,-17.5450377342,-89.272465163,-44.5249946853,-3.9901556334,-0.3963086178,-2.8097447853,4.4691251552,-1.7851341135,-3.1786212504,13.323,4.7768,14.7755,-0.00332,0.05621,0.04411,0.0021,0.002,0.00218,0.00165,0.00172,0.0016,0.041,0.0435,0.045,passive,2
9.8005,rehab,danger_boundary_spike,150.9338524895,-665.6205696506,144.4533940649,-177.4059758224,0.1339351298,-149.9916554856,21.5935,0.7129,-81.3033,-150.3348,-0.6128,45.499,73.9000512334,24.8504679367,78.822223904,-17.4554514733,-89.2189728486,-44.5806879099,-2.9308132765,-0.1021184926,-4.4242855253,1.360408966,-0.0113907305,-4.8134079842,15.0318,5.4456,15.7515,-0.00651,0.04646,0.04796,0.0021,0.002,0.00218,0.00165,0.00172,0.0016,0.041,0.0435,0.045,passive,2
9.8205,rehab,danger_boundary_spike,151.4169758729,-665.6392530014,142.7411053507,-177.4016954864,0.1340638218,-149.9874662449,22.1298,0.6288,-81.0734,71.951,18.3079,258.7885,73.8291346008,24.8851776395,78.7715908998,-17.4906213756,-89.2729207922,-44.7175310047,-3.3930764939,-2.3937957508,-1.014707933,3.3272724389,-0.4683800851,-4.0354945323,15.3114,5.9756,15.7389,0.00422,0.05362,0.04857,0.0021,0.002,0.00218,0.00165,0.00172,0.0016,0.041,0.0435,0.045,passive,2
9.8405,rehab,danger_boundary_spike,151.8190446931,-665.5954157091,141.2104592765,-177.4063335538,0.1359062976,-149.9936372362,24.4715,1.4452,-70.9518,22.4437,-1.5795,416.3424,73.7643281737,24.7547161066,78.7816355867,-17.3223605757,-89.237708052,-44.7421076912,-1.4668358122,-2.9327497282,-2.1770501621,4.5330267716,1.6692509658,-3.2920468597,14.3369,5.2268,14.8594,-0.01227,0.04482,0.05952,0.0021,0.002,0.00218,0.00165,0.00172,0.0016,0.041,0.0435,0.045,passive,2
9.8605,rehab,danger_boundary_spike,152.3958364515,-665.5814452767,139.9030345737,-177.4016898165,0.1336271095,-149.9849450939,23.0276,0.5657,-64.4197,-286.2244,-13.8048,310.4051,73.7704611683,24.7678676504,78.6845088933,-17.3093003047,-89.2061507536,-44.8492128791,0.4106575764,-4.7034549111,-4.5290349598,0.9729301857,-0.02955209,-2.13147123,13.5907,5.3244,14.0674,-0.00799,0.0563,0.04425,0.0021,0.002,0.00218,0.00165,0.00172,0.0016,0.041,0.0435,0.045,passive,2
9.8805,rehab,danger_boundary_spike,152.7401468121,-665.5727889864,138.6336722728,-177.3997041548,0.1340385641,-149.9907997889,13.0225,0.893,-58.5356,-178.5852,1.105,262.277,73.7807544767,24.5665779102,78.6004741883,-17.2834433683,-89.2388901356,-44.8273665404,-4.4339852224,-2.0822900625,-1.590477835,3.1053856054,-0.9494239861,0.9606962609,15.2896,5.708,15.131,-0.0038,0.04458,0.05282,0.0021,0.002,0.00218,0.00165,0.00172,0.0016,0.041,0.0435,0.045,passive,2
9.9005,rehab,danger_boundary_spike,152.9167380005,-665.5457251786,137.5616119567,-177.4075126955,0.1360254183,-149.9906283328,15.8841,0.6099,-53.9286,-27.3988,-16.542,228.1913,73.5931017594,24.6845760479,78.6208897799,-17.1850848805,-89.244127713,-44.8107850286,-4.4337432676,1.3378634629,-0.7790252079,4.1319919441,-1.868255583,-2.5084978721,15.2373,5.4644,15.0717,0.00274,0.04961,0.05,0.0021,0.002,0.00218,0.00165,0.00172,0.0016,0.041,0.0435,0.045,passive,2
9.9205,rehab,danger_boundary_spike,153.3755126716,-665.5483942124,136.4765284707,-177.4043578727,0.1317515333,-149.9856615217,11.9266,0.2313,-49.4079,-188.8591,10.9127,318.422,73.603404746,24.6200924487,78.56931318,-17.1181636906,-89.3136203589,-44.9277064553,-1.775859702,-2.1983177373,-0.5772643944,3.1715705794,0.9447319816,-1.9209973223,16.0613,5.5598,15.4254,0.00432,0.04067,0.06096,0.0021,0.002,0.00218,0.00165,0.00172,0.0016,0.041,0.0435,0.045,passive,2
9.9405,rehab,danger_boundary_spike,153.3938014902,-665.5364722454,135.5852953536,-177.4033190912,0.1344874282,-149.9900230115,8.3298,1.0464,-41.1917,2805.8579,-42.6467,-10490.733,73.5220673713,24.5966433384,78.5977992041,-17.0582220573,-89.2063384337,-44.8876249215,-3.0456760751,-1.2248138336,0.3129057328,3.1956497022,1.000050932,-2.2535597238,15.4449,5.7608,15.9523,-0.00627,0.04356,0.0517,0.0021,0.002,0.00218,0.00165,0.00172,0.0016,0.041,0.0435,0.045,passive,2
9.9605,rehab,danger_boundary_spike,153.7087039668,-665.5065391837,134.8288598772,-177.3991002299,0.1331653714,-149.9933652424,124.1609,-1.4745,-469.0372,2683.8371,-4.5758,-10559.037,73.481577703,24.5710998954,78.5818294093,-16.9903377025,-89.2736183217,-45.0178488442,-22.9649558444,-10.6742239656,-14.3648615678,25.1334030678,-1.0430351739,-21.9579185311,19.1627,6.9093,18.6747,-0.00652,0.05126,0.07952,0.0021,0.002,0.00218,0.00165,0.00172,0.0016,0.041,0.0435,0.045,passive,2
9.9805,rehab,danger_boundary_spike,158.3602376496,-665.5954540917,116.8238059222,-177.3979297169,0.1327482745,-149.9884525955,115.6833,0.8633,-463.5532,-3083.2207,144.6367,11092.6362,72.6034691376,24.1696743797,78.0232047414,-16.0528859346,-89.2480598407,-45.7659416628,-22.2232944925,-8.2361827112,-16.1008020578,22.8299829187,1.4685668479,-17.0561717288,22.2419,7.4093,18.071,0.00278,0.04986,0.09114,0.0021,0.002,0.00218,0.00165,0.00172,0.0016,0.041,0.0435,0.045,passive,2
10.0005,rehab,danger_boundary_spike,158.3360345956,-665.4720054864,116.2867321053,-177.4047094083,0.137807725,-149.9945906236,0.8321,4.3109,-25.3318,-2748.671,-57.5085,11127.3362,72.5926459233,24.2416525869,77.937797327,-16.0771383857,-89.2148756477,-45.7000957134,0.6138323148,-1.1593289055,-0.1405339656,-0.9033993425,1.3892276396,1.5530433081,17.0256,5.7375,14.8636,0.00102,0.0478,0.06528,0.0021,0.002,0.00218,0.00165,0.00172,0.0016,0.041,0.0435,0.045,passive,2
10.0205,rehab,danger_boundary_spike,158.3935207333,-665.4230172222,115.8105343942,-177.3992141422,0.1361629304,-149.9892841789,5.7364,-1.437,-18.4597,77.7673,-170.2098,511.0641,72.6280224301,24.1233012235,78.0175833828,-16.0890219083,-89.1924907351,-45.7038199305,0.0331587978,-2.0097647744,0.7861105608,-1.8594194015,-0.7817204367,-2.2302316289,17.8098,5.922,15.213,0.01045,0.04337,0.0641,0.0021,0.002,0.00218,0.00165,0.00172,0.0016,0.041,0.0435,0.045,passive,2
10.0405,rehab,danger_boundary_spike,158.5654916506,-665.5294853738,115.5483422908,-177.3996152502,0.1336141224,-149.9863102949,3.9428,-2.4975,-4.8892,-244.449,44.9305,649.5913,72.5939722752,24.1612619959,77.9692417494,-16.1515151618,-89.2461444652,-45.7893049785,-1.4535464965,2.8257519286,-1.1321100619,-0.0147960483,-0.7779801423,-2.6145198817,15.5204,5.0219,13.3128,-0.00502,0.03211,0.0545,0.0021,0.002,0.00218,0.00165,0.00172,0.0016,0.041,0.0435,0.045,passive,2
10.0605,rehab,danger_boundary_spike,158.5512314978,-665.5229160785,115.6149654309,-177.3981767646,0.1325671256,-149.9983994134,-4.0415,0.3602,7.5239,-259.7677,30.5073,384.8378,72.5698805703,24.2363313007,77.9722989803,-16.0896137502,-89.2236099408,-45.8084007257,0.2636877021,-0.4429403906,-1.0196573467,2.4944244124,-0.4655637494,0.9329365017,20.4004,5.4221,-5.8432,0.07172,-0.09709,0.06835,0.0021,0.002,0.00218,0.00165,0.00172,0.0016,0.041,0.0435,0.045,passive,2
10.0805,rehab,danger_boundary_spike,158.403830377,-665.5150764608,115.8492985678,-177.4050940611,0.1345356934,-149.9904333749,-6.4479,-1.2772,10.5043,-13.0401,-42.0606,177.6592,72.6045197833,24.1435443803,77.9284554556,-16.0517381853,-89.2647670152,-45.7519875185,0.996480707,-2.0862389749,0.3156805148,-1.0140115744,-0.2984110522,1.3588968062,22.32,5.8913,-6.9112,0.09724,-0.11118,0.08869,0.0021,0.002,0.00218,0.00165,0.00172,0.0016,0.041,0.0435,0.045,passive,2
10.1005,rehab,danger_boundary_spike,158.2933138841,-665.5740032446,116.0351369926,-177.4023697127,0.1398726964,-149.9918305095,-4.5631,-1.3222,14.6303,0.7155,23.0967,334.5257,72.6097397986,24.1528817417,77.9849262009,-16.1301742132,-89.2355463829,-45.7540448535,0.228511543,-2.1950969342,1.909286674,-1.0669826433,0.8920516568,1.5250194259,21.7696,5.8855,-6.4705,0.07417,-0.10419,0.08186,0.0021,0.002,0.00218,0.00165,0.00172,0.0016,0.041,0.0435,0.045,passive,2
10.1205,rehab,danger_boundary_spike,158.2213048847,-665.5679645784,116.434509608,-177.4084939684,0.1356089211,-149.9864502018,-6.4193,-0.3533,23.8853,-110.9609,43.0314,499.9923,72.613660245,24.0557405029,78.0048269225,-16.094417491,-89.2290849489,-45.6909867414,-0.4337822183,0.0236266394,0.3007752,-0.7023976059,0.2339215902,0.8428021817,22.1054,5.8287,-6.6667,0.0892,-0.10418,0.08282,0.0021,0.002,0.00218,0.00165,0.00172,0.0016,0.041,0.0435,0.045,passive,2
10.1405,rehab,danger_boundary_spike,158.0365411239,-665.5881356228,116.990549747,-177.4000223661,0.1360152601,-149.9852841159,-9.0016,0.3991,34.63,30.7753,-31.7516,480.8648,72.5923885098,24.1538268072,77.9969572089,-16.1582701175,-89.2261895193,-45.7203327662,4.3923094867,5.1821691539,-0.1506477828,-1.4907018636,1.9409628912,-1.7714172739,22.2863,5.5641,-6.9169,0.07602,-0.10207,0.07641,0.0021,0.002,0.00218,0.00165,0.00172,0.0016,0.041,0.0435,0.045,passive,2
10.1605,rehab,danger_boundary_spike,157.8612420119,-665.5520024337,117.8197083315,-177.4012565461,0.1404530188,-149.9853512135,-5.1883,-1.6234,43.1199,10.5436,-58.936,284.1287,72.7893526245,24.2630272691,77.9988010112,-16.1540455656,-89.1514464333,-45.7618434324,4.0520973874,-0.2347966759,2.7026628312,-2.2310878255,1.1497448313,2.8818910518,21.8516,5.6083,-6.9791,0.08288,-0.11542,0.0886,0.0021,0.002,0.00218,0.00165,0.00172,0.0016,0.041,0.0435,0.045,passive,2
10.1805,rehab,danger_boundary_spike,157.8290088447,-665.6530705363,118.7153461529,-177.4015565487,0.1349819618,-149.9861690499,-8.5798,-1.9584,45.9951,-209.7341,74.2813,296.1166,72.7544724053,24.1444349402,78.1050637222,-16.2475136305,-89.180199726,-45.6050571241,-1.1288963675,-0.8345073404,1.2332502533,-3.2913893702,-2.9936311919,2.5870045506,20.7493,5.8007,-6.4106,0.0926,-0.10215,0.07802,0.0021,0.002,0.00218,0.00165,0.00172,0.0016,0.041,0.0435,0.045,passive,2
10.2005,rehab,danger_boundary_spike,157.5180489573,-665.6303378751,119.6595129117,-177.4030581007,0.1367701123,-149.9940674111,-13.5777,1.3479,54.9646,-51.4803,35.5863,537.5591,72.7441967698,24.2296469755,78.0481310213,-16.2857011404,-89.2711916809,-45.6583632504,3.2834162474,1.507712944,0.3929149,-0.8688557783,0.2292782149,-0.0429640173,22.0083,5.9572,-6.6639,0.08636,-0.10576,0.08873,0.0021,0.002,0.00218,0.00165,0.00172,0.0016,0.041,0.0435,0.045,passive,2
10.2205,rehab,danger_boundary_spike,157.2859019874,-665.5991554065,120.91392912,-177.4001141292,0.1367795665,-149.9898799123,-10.639,-0.5349,67.4975,29.7739,-53.8232,406.0645,72.8858090552,24.204743458,78.1207803182,-16.2822678616,-89.1710285974,-45.6067756848,3.7999971523,1.460013565,1.7428964299,-3.4055081064,0.8682548481,4.5237540378,22.1084,6.3541,-5.7123,0.08967,-0.10622,0.08071,0.0021,0.002,0.00218,0.00165,0.00172,0.0016,0.041,0.0435,0.045,passive,2
10.2405,rehab,danger_boundary_spike,157.0924873701,-665.6517352083,122.3594120884,-177.4020066259,0.136062882,-149.9891994886,-12.3867,-0.8051,71.2072,-226.445,-18.0032,187.5692,72.8961966559,24.2880475181,78.1178468785,-16.4219214646,-89.236461487,-45.4774130888,1.2801701124,2.9936458706,2.5479820993,-5.2617015729,0.1588945226,2.5416299773,21.6362,5.8442,-6.1093,0.07888,-0.10238,0.08495,0.0021,0.002,0.00218,0.00165,0.00172,0.0016,0.041,0.0435,0.045,passive,2
10.2605,rehab,danger_boundary_spike,156.7904333622,-665.6313574261,123.7622153667,-177.4020605949,0.1357533048,-149.9907092596,-19.6968,-1.2551,75.0002,-307.4367,-5.5309,357.3592,72.9370158597,24.3244892928,78.2226996021,-16.4927359245,-89.1646728165,-45.5051104857,4.5247915275,1.3612159228,3.8858527051,-4.7148850178,-1.2238399804,2.024256401,23.0789,6.0344,-6.8145,0.09644,-0.11319,0.0857,0.0021,0.002,0.00218,0.00165,0.00172,0.0016,0.041,0.0435,0.045,passive,2
10.2805,rehab,danger_boundary_spike,156.3046137294,-665.701937611,125.3594220009,-177.4024459286,0.136882366,-149.9882177032,-24.6842,-1.0263,85.5015,-121.4995,22.6044,496.5953,73.077188317,24.342496155,78.2732809867,-16.6105168653,-89.2854150862,-45.3964428328,4.9139637094,-1.3915525573,1.7081062904,-4.7595782179,-2.2524265328,4.7645638782,22.0733,5.7261,-6.2071,0.08645,-0.10632,0.07601,0.0021,0.002,0.00218,0.00165,0.00172,0.0016,0.041,0.0435,0.045,passive,2
10.3005,rehab,danger_boundary_spike,155.8030659878,-665.6724088104,127.1822763257,-177.3944147966,0.1368766565,-149.9875181941,-24.5568,-0.3509,94.8641,18.9998,-31.5,411.8581,73.1335744081,24.2688271905,78.2910238538,-16.6831190532,-89.2547698778,-45.3145279306,2.4292539409,4.0927672385,1.0831957477,-0.6705738647,0.3096292317,4.1891462136,21.3319,6.0662,-5.5791,0.07106,-0.10131,0.08734,0.0021,0.002,0.00218,0.00165,0.00172,0.0016,0.041,0.0435,0.045,passive,2
10.3205,rehab,danger_boundary_spike,155.3223409358,-665.715973029,129.1539843222,-177.4002745238,0.135596744,-149.9859096007,-23.9242,-2.2863,101.9758,-57.2752,-78.979,279.2531,73.1743584746,24.5062068445,78.3166088166,-16.6373398199,-89.273029917,-45.2288769843,2.8655611979,7.0617437665,1.2694079271,-3.3593421718,-0.8798209089,3.2537333038,22.2886,5.9099,-5.6498,0.08749,-0.09274,0.09029,0.0021,0.002,0.00218,0.00165,0.00172,0.0016,0.041,0.0435,0.045,passive,2
10.3405,rehab,danger_boundary_spike,154.8460982765,-665.7638602063,131.2613103039,-177.3991958572,0.1372393207,-149.9904120634,-26.8478,-3.51,106.0342,-127.6873,-0.7861,192.0734,73.248196856,24.5512969412,78.3418001708,-16.8174927401,-89.2899627142,-45.1843785985,4.5572806282,0.8315494468,2.6607375362,-9.0005933906,1.2458851747,4.365813286,22.1437,5.8578,-5.73,0.08683,-0.10105,0.08552,0.0021,0.002,0.00218,0.00165,0.00172,0.0016,0.041,0.0435,0.045,passive,2
10.3605,rehab,danger_boundary_spike,154.2484277822,-665.8563748775,133.3953516564,-177.4052996749,0.1356139892,-149.9870228645,-29.0317,-2.3177,109.6588,-97.0863,83.1698,233.1417,73.3566496998,24.5394688224,78.4230383181,-16.9973635555,-89.22319451,-45.0542444528,5.7846398207,1.9331845042,6.2980585472,-5.8587030892,2.4708166446,5.517095804,21.8616,5.4999,-4.8755,0.07754,-0.08252,0.08967,0.0021,0.002,0.00218,0.00165,0.00172,0.0016,0.041,0.0435,0.045,passive,2
10.3805,rehab,danger_boundary_spike,153.6848308438,-665.8565693156,135.6476616783,-177.3985186953,0.1372824934,-149.9889616531,-30.7313,-0.1833,115.3599,-174.4466,23.4375,201.1202,73.4795824488,24.6286243213,78.5937225127,-17.0518408637,-89.1911300484,-44.9636947663,6.1140347859,2.991536965,5.2851860563,-3.2816114636,0.3749409534,3.0334982395,21.9561,6.3011,-5.1507,0.08398,-0.0936,0.08255,0.0021,0.002,0.00218,0.00165,0.00172,0.0016,0.041,0.0435,0.045,passive,2
10.4005,rehab,danger_boundary_spike,153.0191765994,-665.8637050657,138.0097457744,-177.3973146752,0.1377025254,-149.9841287944,-36.0096,-1.3802,117.7036,-348.3986,-14.9128,158.4154,73.6012110912,24.659130301,78.6344457604,-17.1286280141,-89.2081968718,-44.9329045232,6.0233158349,2.5524424219,6.859226344,-6.035929626,-0.4834277844,5.9167754559,20.9094,5.2408,-4.6041,0.06754,-0.0931,0.08569,0.0021,0.002,0.00218,0.00165,0.00172,0.0016,0.041,0.0435,0.045,passive,2
10.4205,rehab,danger_boundary_spike,152.244448775,-665.9117784942,140.3558054137,-177.3992907466,0.1342545369,-149.9872091488,-44.6672,-0.7798,121.6965,-167.3573,-58.3017,298.5213,73.7205150822,24.7307220182,78.8680915665,-17.2932780487,-89.2104671598,-44.7270237481,7.5398298098,5.286885652,3.9448503047,-9.2146910192,-0.956043381,5.520649941,23.2299,5.8474,-4.4857,0.07646,-0.09277,0.0999,0.0021,0.002,0.00218,0.00165,0.00172,0.0016,0.041,0.0435,0.045,passive,2
10.4405,rehab,danger_boundary_spike,151.232487721,-665.8948956982,142.8776045287,-177.400224567,0.1373599438,-149.9863068947,-42.7038,-3.7123,129.6444,126.226,-66.9878,524.36,73.9028042836,24.8706057271,78.7922397725,-17.4972156549,-89.2464386071,-44.7120785256,6.4595491129,3.8613174174,0.0548827127,-6.3105340077,-0.0573518902,6.3288468887,22.9622,6.0563,-4.4781,0.07749,-0.09309,0.07817,0.0021,0.002,0.00218,0.00165,0.00172,0.0016,0.041,0.0435,0.045,passive,2
10.4605,rehab,danger_boundary_spike,150.5362950284,-666.0602703157,145.5415832282,-177.3976894344,0.1390653426,-149.9878249157,-39.6182,-3.4593,142.6709,-2932.6879,109.9314,8125.2723,73.9788970468,24.8851747149,78.870286875,-17.545699409,-89.2127612354,-44.4738698725,8.3126287228,0.4200432634,4.5436046352,-4.835880152,1.6411833938,7.3851720858,22.0477,5.9895,-4.2884,0.08679,-0.09601,0.09072,0.0021,0.002,0.00218,0.00165,0.00172,0.0016,0.041,0.0435,0.045,passive,2
10.4805,rehab,danger_boundary_spike,149.6477603638,-666.0332667347,148.5844392945,-177.4024792828,0.1371123307,-149.988313264,-160.0114,0.685,454.6553,-3232.5124,69.2074,7471.8213,74.2353094325,24.8874074576,78.9739839579,-17.6906508609,-89.1807912713,-44.4166716422,19.6266327435,9.0931711011,16.0115892154,-21.0492200125,0.0512932943,15.7673268583,25.4249,6.4981,-5.1206,0.08888,-0.1143,0.09842,0.0021,0.002,0.00218,0.00165,0.00172,0.0016,0.041,0.0435,0.045,passive,2
10.5005,rehab,danger_boundary_spike,144.1358406724,-666.0328718803,163.7277967598,-177.3982015355,0.1360644916,-149.9798450167,-168.9187,-0.691,441.5437,2654.7599,-49.7965,-8038.8401,74.7639623565,25.2489015589,79.5107504436,-18.3876682095,-89.2107095036,-43.8431767982,19.1634382606,9.7029311355,14.6169586754,-22.0015788076,0.7672396816,19.4610813797,23.7949,6.0966,-2.5665,0.06965,-0.09046,0.08748,0.0021,0.002,0.00218,0.00165,0.00172,0.0016,0.041,0.0435,0.045,passive,2
10.5205,rehab,danger_boundary_spike,142.8910131852,-666.0609059896,166.2461881844,-177.3999123979,0.1361476552,-149.9799411789,-53.821,-1.3069,133.1017,2912.6304,-49.2673,-7584.8136,75.0018469629,25.275524703,79.558662305,-18.5707140132,-89.1501016841,-43.638228387,8.184175423,4.1906436414,2.8702882145,-8.6119472559,0.9306729049,6.9116525384,22.3261,5.5009,-2.8861,0.04601,-0.09129,0.08246,0.0021,0.002,0.00218,0.00165,0.00172,0.0016,0.041,0.0435,0.045,passive,2
10.5405,rehab,danger_boundary_spike,141.9830020972,-666.0851478509,169.0518660562,-177.3999391053,0.1354687451,-149.9807982198,-52.4135,-2.6617,138.1512,-265.8452,-41.8593,135.4759,75.0913293734,25.4165273046,79.6255619722,-18.7321460998,-89.1734825874,-43.5667106966,5.8674524176,5.675928045,4.7653839633,-5.3135561418,-1.1876165609,5.3883507889,20.7843,5.4823,-2.404,0.06726,-0.07442,0.09387,0.0021,0.002,0.00218,0.00165,0.00172,0.0016,0.041,0.0435,0.045,passive,2
10.5605,rehab,danger_boundary_spike,140.7944746045,-666.167373004,171.7722352987,-177.4007428624,0.1385841924,-149.9856636447,-64.4548,-2.9813,138.5208,-356.0651,18.7324,130.9343,75.2365450596,25.5025618248,79.7492776635,-18.7832562589,-89.1976063465,-43.4226943554,6.088691154,3.9236411503,4.8046534003,-6.416693372,0.6684611253,5.1542460245,22.7891,5.985,-2.532,0.06909,-0.0833,0.08393,0.0021,0.002,0.00218,0.00165,0.00172,0.0016,0.041,0.0435,0.045,passive,2
10.5805,rehab,danger_boundary_spike,139.4048111436,-666.2043986973,174.5926967223,-177.4043659641,0.1372586145,-149.9841698988,-66.6561,-1.9124,143.3885,-13.9043,17.7674,76.1872,75.3348770196,25.5734729506,79.8177481082,-18.9888138346,-89.1467441424,-43.3605408557,5.6880189095,4.5815688928,2.9199211984,-7.1870367229,-0.1791041284,7.1898528834,20.6632,4.9039,-1.6247,0.04814,-0.07044,0.08188,0.0021,0.002,0.00218,0.00165,0.00172,0.0016,0.041,0.0435,0.045,passive,2
10.6005,rehab,danger_boundary_spike,138.1282317991,-666.2438681005,177.5077772939,-177.3988722723,0.1404626597,-149.9866150981,-65.0109,-2.2706,141.5683,52.8618,-33.8098,159.6609,75.464065816,25.6858245806,79.8660745114,-19.0707377278,-89.2047705116,-43.1351002401,8.7308990033,2.2761260246,5.7324076957,-7.2888228865,0.1005559012,9.3797349212,22.3616,5.6565,-1.8999,0.06788,-0.07457,0.08502,0.0021,0.002,0.00218,0.00165,0.00172,0.0016,0.041,0.0435,0.045,passive,2
10.6205,rehab,danger_boundary_spike,136.8043733098,-666.2952217592,180.2554269471,-177.3992906685,0.1354099502,-149.9824267849,-64.5416,-3.2648,149.775,-162.0582,-21.1214,362.2717,75.6841129797,25.6645179916,80.047044416,-19.2803667501,-89.1427219064,-42.9853514588,6.4673195887,0.5544560891,3.8996093506,-10.4105753244,2.2259214938,5.2597943437,20.6401,5.3599,-1.4622,0.05332,-0.07012,0.0828,0.0021,0.002,0.00218,0.00165,0.00172,0.0016,0.041,0.0435,0.045,passive,2
10.6405,rehab,danger_boundary_spike,135.5465679335,-666.3744588527,183.4987768048,-177.3994863876,0.1361395387,-149.9821434595,-71.4933,-3.1154,156.0591,-346.725,72.4291,119.8319,75.7227585996,25.7080028241,80.0220588855,-19.4871607408,-89.1157336519,-42.9247084663,6.9350497075,3.7934629607,2.8163998322,-7.9271558899,2.5222697126,6.3794410395,21.4305,5.2141,-0.8186,0.06065,-0.07089,0.08887,0.0021,0.002,0.00218,0.00165,0.00172,0.0016,0.041,0.0435,0.045,passive,2
10.6605,rehab,danger_boundary_spike,133.9446424094,-666.419839139,186.4977918684,-177.4005293817,0.1364936193,-149.9834509763,-78.4106,-0.3676,154.5683,-154.9522,21.0553,-0.0187,75.961514968,25.81625651,80.1597004093,-19.5974529857,-89.0418311179,-42.7301738172,11.2666130922,4.6833129485,7.4750268747,-5.9639707436,-1.0485757546,8.5726659137,20.848,5.1603,-0.6064,0.05814,-0.07145,0.09128,0.0021,0.002,0.00218,0.00165,0.00172,0.0016,0.041,0.0435,0.045,passive,2
10.6805,rehab,danger_boundary_spike,132.4101440231,-666.3891630611,189.681507289,-177.4057290238,0.1357961777,-149.9809745585,-77.6914,-2.2732,156.0584,-173.9749,-49.4636,-56.6569,76.1734231233,25.8953353421,80.3210599604,-19.7257195706,-89.1576766821,-42.5818018298,5.9499968678,5.7683271612,6.9762853492,-9.2253311071,-3.7482103475,6.0462801414,21.1603,-4.6828,-1.1957,-0.04038,-0.06109,0.13308,0.0021,0.002,0.00218,0.00165,0.00172,0.0016,0.041,0.0435,0.045,passive,2
10.7005,rehab,danger_boundary_spike,130.8369880345,-666.5107680288,192.740126893,-177.3974556993,0.1368959796,-149.9789572462,-85.3696,-2.3461,152.302,-223.5683,39.3216,125.5198,76.1995148427,26.0469895965,80.4387518233,-19.96646623,-89.1917595318,-42.4883226116,6.0079809756,6.4946542568,2.2522450484,-9.7301332554,0.2031673923,5.2060440496,21.7288,-5.6491,-0.0231,-0.06561,-0.07098,0.12503,0.0021,0.002,0.00218,0.00165,0.00172,0.0016,0.041,0.0435,0.045,passive,2
10.7205,rehab,danger_boundary_spike,128.9953602176,-666.4830090141,195.7735867257,-177.4022554424,0.140063281,-149.9809580359,-86.6341,-0.7004,161.0792,169.2695,-38.128,375.6555,76.4137423623,26.1551215123,80.4111497624,-20.1149249008,-89.1495499864,-42.3735600678,9.6837955602,2.6943649536,4.5806343224,-7.5404651129,-0.8602108585,7.6937810351,21.7111,-5.5331,-0.4155,-0.05555,-0.08596,0.12601,0.0021,0.002,0.00218,0.00165,0.00172,0.0016,0.041,0.0435,0.045,passive,2
10.7405,rehab,danger_boundary_spike,127.3716243013,-666.5387822892,199.1832935253,-177.4035803974,0.1349241643,-149.9823400956,-78.5988,-3.8713,167.3282,-127.9108,-78.4583,-36.6156,76.5868666651,26.1547641946,80.6219771962,-20.2680848345,-89.2261679661,-42.1805713702,8.5692108654,3.0254819225,5.7713877327,-7.4839298841,-0.0848747061,6.6832214754,22.3593,-6.3121,0.2067,-0.05712,-0.05703,0.14065,0.0021,0.002,0.00218,0.00165,0.00172,0.0016,0.041,0.0435,0.045,passive,2
10.7605,rehab,danger_boundary_spike,125.8514076766,-666.6378597172,202.4667150125,-177.3999402641,0.1363902635,-149.9864761736,-91.7505,-3.8387,159.6145,-528.3875,37.8105,-369.3657,76.7565107969,26.2761407892,80.6420052717,-20.4142820961,-89.1529449746,-42.1062312088,6.6278232376,5.057970082,5.5802146368,-9.0434565976,2.3039061729,6.4479630466,20.3256,-5.1286,-0.0787,-0.04075,-0.06591,0.13022,0.0021,0.002,0.00218,0.00165,0.00172,0.0016,0.041,0.0435,0.045,passive,2
10.7805,rehab,danger_boundary_spike,123.7016033363,-666.6923297702,205.567875141,-177.3963235243,0.1363377385,-149.9803895489,-99.7343,-2.3588,152.5536,-85.8022,78.4974,-39.9919,76.8519795946,26.3570829979,80.8451857817,-20.6298230984,-89.1340117192,-41.9226528483,6.0649744807,3.1852567757,7.7799654459,-10.5911727129,1.9458142489,5.5876550784,19.6214,-4.3152,0.5213,-0.0418,-0.05253,0.11753,0.0021,0.002,0.00218,0.00165,0.00172,0.0016,0.041,0.0435,0.045,passive,2
10.8005,rehab,danger_boundary_spike,121.8620350673,-666.7322136668,208.5688581698,-177.3978879722,0.1422136125,-149.9843067487,-95.1826,-0.6988,158.0149,-90.9366,12.4957,158.7544,76.9991097761,26.4035510603,80.9532038895,-20.8379290046,-89.0751124047,-41.8827250056,9.9431404444,2.1133911659,4.2714765223,-9.9303803789,0.0674424033,6.6301978978,20.8024,-5.0193,0.3847,-0.04599,-0.05534,0.11859,0.0021,0.002,0.00218,0.00165,0.00172,0.0016,0.041,0.0435,0.045,passive,2
10.8205,rehab,danger_boundary_spike,119.8942987978,-666.720281455,211.8884696753,-177.3976831542,0.1367497083,-149.9810479152,-103.3718,-1.859,158.9038,-384.4176,-68.7668,66.2964,77.2497052124,26.4416186445,81.0160448426,-21.0270383136,-89.1313140231,-41.6574449324,9.4908649207,4.0785905738,5.5171005776,-8.0349088113,-1.8805881054,11.0535003497,20.259,-4.8134,0.7598,-0.05245,-0.05601,0.11224,0.0021,0.002,0.00218,0.00165,0.00172,0.0016,0.041,0.0435,0.045,passive,2
10.8405,rehab,danger_boundary_spike,117.7271638984,-666.8065744515,214.9250084029,-177.4022901378,0.135741351,-149.984681631,-110.5593,-3.4495,160.6667,101.9017,-48.2385,-54.1136,77.378744373,26.5666946832,81.1738879126,-21.1593253571,-89.1503359289,-41.4405849917,9.6975799419,7.3332378259,5.297103142,-8.0636160558,0.2074057663,7.2844850272,19.3817,-4.8992,1.5262,-0.05581,-0.05615,0.11388,0.0021,0.002,0.00218,0.00165,0.00172,0.0016,0.041,0.0435,0.045,passive,2
10.8605,rehab,danger_boundary_spike,115.471926073,-666.8582600492,218.315138381,-177.3977071914,0.1397836573,-149.9792796746,-99.2957,-3.7886,156.7392,270.8985,25.0133,-185.284,77.6376084101,26.7349481576,81.2279289682,-21.3495829558,-89.1230177924,-41.3660655313,8.8076723842,2.9242942146,4.6517141396,-6.9469985612,0.9883892645,8.122117371,21.0963,-5.1911,1.7854,-0.05727,-0.05604,0.12306,0.0021,0.002,0.00218,0.00165,0.00172,0.0016,0.041,0.0435,0.045,passive,2
10.8805,rehab,danger_boundary_spike,113.7553355191,-666.9581168311,221.194576915,-177.4015040216,0.1376301154,-149.9785266495,-99.7234,-2.4489,153.2554,-254.21,97.7066,74.0463,77.7310512683,26.6836664518,81.3599564782,-21.4372052995,-89.1108003583,-41.1157002968,6.7514942221,2.323397974,4.7880093778,-8.2913558797,-0.1080175701,8.4628819106,20.3022,-5.3806,2.372,-0.0691,-0.0432,0.12286,0.0021,0.002,0.00218,0.00165,0.00172,0.0016,0.041,0.0435,0.045,passive,2
10.9005,rehab,danger_boundary_spike,111.4829909394,-666.9562174346,224.4453527506,-177.3996597914,0.1404596835,-149.9809984422,-109.4641,0.1197,159.7011,-244.202,45.1706,50.727,77.907668179,26.8278840765,81.4194493434,-21.681237191,-89.1273384952,-41.0275502549,7.690239859,8.0140927923,5.8173066169,-9.6400636982,-0.3147972228,7.0637432921,19.6395,-4.8718,2.0135,-0.05151,-0.04804,0.10058,0.0021,0.002,0.00218,0.00165,0.00172,0.0016,0.041,0.0435,0.045,passive,2
10.9205,rehab,danger_boundary_spike,109.3767711406,-666.9533286544,227.5826194279,-177.4020481155,0.1407179364,-149.984326047,-109.4915,-0.6421,155.2844,-41.223,-80.8761,-301.8734,78.0386608627,27.0042301635,81.5926487429,-21.8228078475,-89.1233922472,-40.8331505651,8.3739715554,4.9917319116,7.2061676428,-9.439934235,1.7348781342,8.3537728954,20.1721,-4.9643,2.7833,-0.05128,-0.04559,0.12372,0.0021,0.002,0.00218,0.00165,0.00172,0.0016,0.041,0.0435,0.045,passive,2
10.9405,rehab,danger_boundary_spike,107.1033325964,-666.9819018874,230.6567303602,-177.3990245013,0.1408674682,-149.9788323042,-111.113,-3.1153,147.6261,66.9668,-105.832,-363.7935,78.2426270412,27.027553353,81.7076960491,-22.0588345604,-89.0579433698,-40.6933993391,9.0791061691,1.4752093909,6.9249162937,-8.5241806983,3.5738394475,6.7270426744,19.861,-4.8965,2.782,-0.06995,-0.03531,0.12516,0.0021,0.002,0.00218,0.00165,0.00172,0.0016,0.041,0.0435,0.045,passive,2
10.9605,rehab,danger_boundary_spike,104.9322499063,-667.0779422941,233.4876644415,-177.40266557,0.1378435352,-149.9817659778,-106.8128,-4.8754,140.7327,47.9359,17.7046,-130.7055,78.4018251095,27.0632385391,81.8696453946,-22.1637750754,-88.9804386693,-40.5640688582,5.9205593442,5.688250129,4.5366130297,-9.0385565773,-0.6837379779,6.6615236326,19.6959,-5.3661,2.772,-0.06173,-0.03464,0.12435,0.0021,0.002,0.00218,0.00165,0.00172,0.0016,0.041,0.0435,0.045,passive,2
10.9805,rehab,danger_boundary_spike,102.8308211441,-667.1769175596,236.2860384458,-177.3990187471,0.1378204653,-149.982439195,-109.1956,-2.4072,142.3979,1392.3604,122.638,-1611.5629,78.4794494149,27.2550833582,81.8891605703,-22.4203768235,-89.085292889,-40.4269383938,7.6000777496,6.8483484008,5.5138831432,-9.5937800942,-3.3062131876,7.5015878758,20.1489,-5.552,3.4136,-0.06313,-0.04352,0.12678,0.0021,0.002,0.00218,0.00165,0.00172,0.0016,0.041,0.0435,0.045,passive,2
11.0005,rehab,danger_boundary_spike,100.5644260786,-667.174228554,239.1835806675,-177.4013360205,0.1403475312,-149.979200479,-51.1184,0.0301,76.2702,1234.6501,18.5201,-1746.6804,78.7058282194,27.3371724752,82.0902007204,-22.5475262792,-89.1126871968,-40.2640053431,5.0202032651,1.4799980248,3.5602513371,-4.9520785296,1.7303180966,4.388103813,15.8187,-4.141,2.3024,-0.06589,-0.02237,0.08569,0.0021,0.002,0.00218,0.00165,0.00172,0.0016,0.041,0.0435,0.045,passive,2
11.0205,rehab,danger_boundary_spike,100.7860863438,-667.1757124814,239.3368458336,-177.4006477939,0.1426991679,-149.9859416183,-59.8096,-1.6664,72.5307,-1670.0787,-64.7471,1618.7565,78.6802575455,27.3142832791,82.0315706237,-22.6184599647,-89.0160801651,-40.2514142413,5.3414877708,0.3095640705,0.9947596347,-3.6933340765,1.1759612618,4.890045595,18.2401,-4.6639,2.9641,-0.06437,-0.03749,0.10242,0.0021,0.002,0.00218,0.00165,0.00172,0.0016,0.041,0.0435,0.045,passive,2
11.0405,rehab,danger_boundary_spike,98.1720423916,-667.2408826625,242.0848082156,-177.4021756968,0.1376617573,-149.9846589115,-117.9215,-2.5598,141.0204,-1273.5916,15.936,1682.1319,78.9194877303,27.349555038,82.1299911057,-22.6952596422,-89.0656487463,-40.0684035193,9.3267342537,2.0331392058,8.3685198162,-7.5412455969,-4.2832778687,5.9266062253,18.7163,-5.0151,3.261,-0.05397,-0.03254,0.11444,0.0021,0.002,0.00218,0.00165,0.00172,0.0016,0.041,0.0435,0.045,passive,2
11.0605,rehab,danger_boundary_spike,96.0692256194,-667.278102696,244.9776635696,-177.3997346191,0.1415329756,-149.9716543737,-110.7533,-1.0289,139.816,158.7813,5.5841,-223.1333,79.0533269157,27.3956088474,82.3663114164,-22.9201097885,-89.1874112798,-40.0143499922,7.2918443297,4.0269761039,7.77882181,-10.2547124002,3.0256549477,3.2837713442,18.508,-4.7275,3.5015,-0.0718,-0.0297,0.1046,0.0021,0.002,0.00218,0.00165,0.00172,0.0016,0.041,0.0435,0.045,passive,2
11.0805,rehab,danger_boundary_spike,93.7419120681,-667.2820391464,247.6774467655,-177.3982609307,0.1390963902,-149.9832216853,-111.5703,-2.3364,132.0951,-27.6074,4.0982,-278.5337,79.2111615035,27.5106340821,82.4411439781,-23.1054481382,-88.9446225484,-39.9370526656,7.1178269923,5.1930127602,3.2569396486,-9.1552172609,4.7961537484,6.8647307726,17.5914,-4.5333,3.8312,-0.05763,-0.02644,0.11332,0.0021,0.002,0.00218,0.00165,0.00172,0.0016,0.041,0.0435,0.045,passive,2
11.1005,rehab,danger_boundary_spike,91.6064149909,-667.3715582818,250.2614680288,-177.3997411,0.1410172656,-149.9816701077,-111.8576,-0.865,128.6746,6.7313,22.2725,-263.4885,79.3380399954,27.6033293578,82.4965890023,-23.286318479,-88.9955651299,-39.7397607613,7.2485906852,3.4807142115,1.1559415976,-4.8968238323,-1.0932107576,8.5198196977,17.4009,-4.0952,3.6536,-0.05744,-0.02976,0.10215,0.0021,0.002,0.00218,0.00165,0.00172,0.0016,0.041,0.0435,0.045,passive,2
11.1205,rehab,danger_boundary_spike,89.2676098897,-667.3166384307,252.8244313687,-177.3984186201,0.1401626106,-149.9832359897,-111.301,-1.4455,121.5556,99.8301,-81.3099,-358.4791,79.5011051309,27.6498626506,82.4873816421,-23.3013210915,-88.9883509787,-39.5962598777,6.6427187125,4.3607475419,3.1591628392,-5.5513734666,-0.4271051789,8.0227103742,18.0185,-4.2477,4.461,-0.07566,-0.02851,0.10657,0.0021,0.002,0.00218,0.00165,0.00172,0.0016,0.041,0.0435,0.045,passive,2
11.1405,rehab,danger_boundary_spike,87.1543744561,-667.4293778392,255.1236909186,-177.3935592143,0.1434142903,-149.978097771,-107.8643,-4.1174,114.3355,299.1515,24.3485,-290.2624,79.6037487439,27.7777592595,82.6229555159,-23.5083734176,-89.0126493371,-39.4188523464,7.5317989253,3.137262756,9.047599468,-9.0153705747,-2.1240336683,6.2063485874,16.1748,-4.2905,3.9233,-0.05501,-0.03519,0.09674,0.0021,0.002,0.00218,0.00165,0.00172,0.0016,0.041,0.0435,0.045,passive,2
11.1605,rehab,danger_boundary_spike,84.9530359167,-667.4813334953,257.3978494669,-177.3920875567,0.1395388915,-149.9812595935,-99.335,-0.4716,109.9451,129.1677,99.9678,-167.4742,79.8023770879,27.7753531608,82.8492856208,-23.6619359145,-89.0733123255,-39.3480059342,7.4859021532,2.3563283468,6.6230406437,-7.1093575219,-0.8926004357,5.9001228005,16.0554,-4.1038,3.9608,-0.05814,-0.02371,0.09612,0.0021,0.002,0.00218,0.00165,0.00172,0.0016,0.041,0.0435,0.045,passive,2
11.1805,rehab,danger_boundary_spike,83.1809763146,-667.4482398618,259.5214939672,-177.3906046029,0.142597644,-149.9851758246,-102.6976,-0.1187,107.6365,18.0391,-59.274,-239.1385,79.90318483,27.8720123933,82.8878771416,-23.7927477185,-89.0483533545,-39.1828474343,6.2004069536,3.2485174041,2.94844612,-6.0664254254,2.9863293753,6.7679434679,15.776,-4.2672,3.7629,-0.06642,-0.00614,0.11144,0.0021,0.002,0.00218,0.00165,0.00172,0.0016,0.041,0.0435,0.045,passive,2
11.2005,rehab,danger_boundary_spike,80.8451302934,-667.4860801276,261.7033088754,-177.3993829835,0.1416848359,-149.9800633062,-98.6134,-2.8425,100.3795,368.2659,-43.7161,-407.9666,80.050393366,27.905293857,82.9672234656,-23.9045929315,-88.9538591505,-39.0772881954,4.0465975066,3.6674210474,2.6902475589,-5.7314234095,-0.4175740481,7.8862823447,17.2663,-4.865,4.3229,-0.06205,-0.02942,0.09927,0.0021,0.002,0.00218,0.00165,0.00172,0.0016,0.041,0.0435,0.045,passive,2
11.2205,rehab,danger_boundary_spike,79.2364406841,-667.5619402695,263.5366753978,-177.4016157574,0.1353595236,-149.9785062513,-87.967,-1.8673,91.3178,94.1985,58.7242,-244.8924,80.0650487303,28.0187092352,82.995487044,-24.0220046549,-89.0650563164,-38.8673961406,5.7839779171,3.2403760276,3.408250084,-8.4840646994,-2.4494682991,4.2022922414,15.7114,-4.4932,4.8504,-0.06229,-0.00953,0.09819,0.0021,0.002,0.00218,0.00165,0.00172,0.0016,0.041,0.0435,0.045,passive,2
11.2405,rehab,danger_boundary_spike,77.3264501116,-667.5607724724,265.3560217942,-177.4045447019,0.1393990305,-149.986075494,-94.8455,-0.4935,90.5838,-23.506,32.5454,-109.0499,80.2817524827,28.0349088981,83.1035534689,-24.2439555195,-89.0518378824,-38.9091965058,5.739079972,3.4560607827,5.966462755,-5.5311568603,1.7446008125,2.865102426,16.4057,-4.4444,5.2463,-0.05921,-0.0228,0.09714,0.0021,0.002,0.00218,0.00165,0.00172,0.0016,0.041,0.0435,0.045,passive,2
11.2605,rehab,danger_boundary_spike,75.4426225932,-667.5816819254,267.160028933,-177.39517917,0.141191862,-149.9796356711,-88.9072,-0.5655,86.9558,90.9198,-41.7291,-254.6041,80.2946119292,28.1569516665,83.2341455542,-24.2432509293,-88.9952722839,-38.7527920435,3.2040638122,3.8559413022,4.0626388533,-4.8554146875,0.1100954595,5.351869673,16.3295,-4.1317,4.5181,-0.06381,-0.02057,0.09042,0.0021,0.002,0.00218,0.00165,0.00172,0.0016,0.041,0.0435,0.045,passive,2
11.2805,rehab,danger_boundary_spike,73.7701602602,-667.583392125,268.8342548113,-177.3960262826,0.1420195966,-149.9785040905,-91.2087,-2.1627,80.3997,174.9634,-3.7292,-197.8629,80.4099150352,28.1891465502,83.2660590231,-24.438172107,-89.047434064,-38.6951217189,5.9465898475,0.1444002519,1.7268291623,-5.7904964413,-0.6992418187,4.862419878,16.0891,-3.932,5.166,-0.05779,-0.0231,0.10295,0.0021,0.002,0.00218,0.00165,0.00172,0.0016,0.041,0.0435,0.045,passive,2
11.3005,rehab,danger_boundary_spike,71.7942761616,-667.6681900956,270.376015932,-177.3941022276,0.1398406326,-149.9753972786,-81.9087,-0.7147,79.0413,573.7411,77.4213,-128.5975,80.5324755231,28.1627276766,83.3032187207,-24.474870787,-89.0232419567,-38.5582952484,5.5255977577,3.4920917419,1.9456872606,-4.0366154277,1.3723781485,6.4312477303,16.1804,-4.7407,4.9111,-0.06488,-0.01877,0.10243,0.0021,0.002,0.00218,0.00165,0.00172,0.0016,0.041,0.0435,0.045,passive,2
11.3205,rehab,danger_boundary_spike,70.4938119178,-667.6119784646,271.9959072292,-177.3956590957,0.1386484509,-149.9827571821,-68.259,0.9341,75.2558,198.5717,-70.3127,-293.0593,80.6309389455,28.3288302199,83.3438865135,-24.5996367241,-88.9925389381,-38.4378718097,6.9759315444,4.178018308,2.999034401,-9.1486043774,0.7466462373,3.6795290893,16.9401,-4.7633,5.5673,-0.0745,-0.02247,0.10025,0.0021,0.002,0.00218,0.00165,0.00172,0.0016,0.041,0.0435,0.045,passive,2
11.3405,rehab,danger_boundary_spike,69.0639154239,-667.6308241326,273.3862469822,-177.3990643751,0.1387259455,-149.9776655198,-73.9658,-3.5272,67.3189,-245.2986,-59.4848,-188.9031,80.8115127848,28.3298484089,83.4231800967,-24.8408149621,-88.9933761072,-38.4111140848,3.9899361623,0.8572895553,5.55540381,-7.0350489247,1.0332138682,2.8934763126,16.2305,-4.337,5.4236,-0.06928,-0.02012,0.0957,0.0021,0.002,0.00218,0.00165,0.00172,0.0016,0.041,0.0435,0.045,passive,2
11.3605,rehab,danger_boundary_spike,67.5351782456,-667.7530651827,274.6886647987,-177.3852103968,0.1428767988,-149.9719632445,-78.071,-1.4452,67.6997,-104.6612,92.9054,62.8035,80.790536392,28.3631218021,83.5661026659,-24.8810386811,-88.9512103834,-38.3221327571,1.2306362492,3.1570963158,2.8064051063,-1.6371826273,-0.4682780107,5.9094731625,17.4385,-5.0267,5.9578,-0.07628,-0.02096,0.10285,0.0021,0.002,0.00218,0.00165,0.00172,0.0016,0.041,0.0435,0.045,passive,2
11.3805,rehab,danger_boundary_spike,65.9410769175,-667.6886338815,276.0942330228,-177.395976819,0.139997042,-149.9750963624,-78.1523,0.189,69.8311,105.5851,23.7452,-103.6721,80.8607382348,28.4561322616,83.535436301,-24.9063022671,-89.0121072276,-38.1747351583,4.7991341667,3.4383562484,2.6902802179,-3.3509224067,-0.698293227,6.2690177861,15.9482,-4.6278,6.1845,-0.07369,-0.01664,0.09481,0.0021,0.002,0.00218,0.00165,0.00172,0.0016,0.041,0.0435,0.045,passive,2
11.4005,rehab,danger_boundary_spike,64.4090867139,-667.7455033034,277.4819080414,-177.3980160289,0.1408690279,-149.9758375986,-73.8476,-0.4954,63.5528,120.4942,37.2666,-225.8296,80.9825017587,28.500656052,83.6737138746,-25.0150755774,-88.9791421125,-38.0713720457,7.4195481159,1.1040794715,2.9329537492,-4.4993938802,0.9762590521,2.1793985554,17.4244,-4.5926,6.9235,-0.06888,-0.01049,0.09525,0.0021,0.002,0.00218,0.00165,0.00172,0.0016,0.041,0.0435,0.045,passive,2
11.4205,rehab,danger_boundary_spike,62.9871745939,-667.7084513424,278.6363437827,-177.3976159139,0.1401907171,-149.9772124948,-73.3325,1.6797,60.7979,47.7645,13.9962,170.4857,81.1575201594,28.5002954404,83.652754451,-25.0862780224,-88.9730568655,-38.0875592161,6.3304974448,0.8198944184,2.8756988203,-5.1711221513,-0.284515339,-1.0709250471,14.6896,-3.7388,5.3929,-0.05922,-0.00513,0.09313,0.0021,0.002,0.00218,0.00165,0.00172,0.0016,0.041,0.0435,0.045,passive,2
11.4405,rehab,danger_boundary_spike,61.4757859182,-667.6783149344,279.9138239657,-177.3946815501,0.1428541784,-149.9728243267,-71.937,0.0644,70.3722,26.2067,-73.4985,233.4827,81.2357216565,28.5334518287,83.7887418274,-25.2219204634,-88.990522726,-38.1142090476,2.1466150071,1.8497395578,4.3207855365,-7.8302796725,0.6195443811,3.0853740841,15.8109,-4.1131,5.7808,-0.05818,-0.01511,0.09766,0.0021,0.002,0.00218,0.00165,0.00172,0.0016,0.041,0.0435,0.045,passive,2
11.4605,rehab,danger_boundary_spike,60.1096955143,-667.7058748408,281.4512317251,-177.3955097791,0.1378614353,-149.9770492691,-72.2843,-1.2602,70.1372,-222.672,-13.4764,-208.2638,81.2433847597,28.5742850227,83.8255858724,-25.3994892093,-88.9482750903,-37.9641442527,1.6128125257,2.2618097962,3.6317169104,-4.4689262729,2.7828530584,8.6955678645,17.0486,-4.596,6.6705,-0.07456,-0.0097,0.10024,0.0021,0.002,0.00218,0.00165,0.00172,0.0016,0.041,0.0435,0.045,passive,2
11.4805,rehab,danger_boundary_spike,58.584415772,-667.7287241755,282.7193121709,-177.4004615781,0.1408917189,-149.9785386419,-80.8439,-0.4746,62.0416,-1186.4725,39.9671,746.8601,81.3002341575,28.6239242206,83.9340105038,-25.4006775143,-88.8792086037,-37.766386333,4.1127819679,3.0811384118,-0.0088638936,-2.0858928996,1.0590690283,4.8461232948,17.7853,-4.6259,6.4138,-0.06769,-0.01786,0.11806,0.0021,0.002,0.00218,0.00165,0.00172,0.0016,0.041,0.0435,0.045,passive,2
11.5005,rehab,danger_boundary_spike,56.8759412924,-667.7248606119,283.9328975768,-177.3984629325,0.1361693698,-149.981164038,-119.7432,0.3385,100.0116,-1122.8636,-27.2289,1114.7362,81.4078960384,28.6975305592,83.8252313167,-25.4829249252,-88.9059123291,-37.770299321,8.2527863145,2.7567795127,3.1372604261,-7.0891743339,-0.6879911762,5.0385449949,18.0463,-5.182,7.4674,-0.07717,-0.00716,0.11363,0.0021,0.002,0.00218,0.00165,0.00172,0.0016,0.041,0.0435,0.045,passive,2
11.5205,rehab,danger_boundary_spike,53.7946896682,-667.7151861011,286.7197765549,-177.3902876547,0.140785553,-149.9811947871,-125.7584,-1.5638,106.6311,535.826,5.0647,-650.5162,81.6303456101,28.7341954011,84.0595009209,-25.6842444877,-88.9067282507,-37.5648445332,8.6440201708,3.1276095741,8.9171317783,-8.593672282,0.329981886,7.7336948364,18.2044,-4.8109,6.7886,-0.07999,-0.01174,0.10578,0.0021,0.002,0.00218,0.00165,0.00172,0.0016,0.041,0.0435,0.045,passive,2
11.5405,rehab,danger_boundary_spike,51.8456052921,-667.7874126458,288.198141302,-177.3948833975,0.1414933214,-149.9792147146,-98.3101,0.541,73.991,627.1466,75.9237,-821.1095,81.7536568453,28.8226349422,84.1819165878,-25.8266718165,-88.8927130537,-37.4609515275,5.4497919038,4.628440123,0.9119699587,-5.4146659504,-1.9628483533,4.1598404745,18.2157,-5.0351,7.2254,-0.07898,-0.01397,0.11041,0.0021,0.002,0.00218,0.00165,0.00172,0.0016,0.041,0.0435,0.045,passive,2
11.5605,rehab,danger_boundary_spike,49.862285242,-667.6935445446,289.6794149968,-177.395905018,0.1410299413,-149.9748754139,-100.6725,1.4731,73.7867,-76.4921,-18.624,142.8721,81.8483372862,28.919333006,84.0959797192,-25.9008311257,-88.9852421849,-37.3984509142,5.6901225078,4.545113978,1.8310507953,-6.4608476628,-0.3697433483,4.5781424279,17.9394,-4.8193,7.7504,-0.07324,-0.0072,0.11219,0.0021,0.002,0.00218,0.00165,0.00172,0.0016,0.041,0.0435,0.045,passive,2
11.5805,rehab,danger_boundary_spike,47.8187039199,-667.7284867632,291.1496098941,-177.3966303106,0.1400616194,-149.9746838854,-101.3698,-0.2039,79.7058,-41.1358,-6.9884,106.3276,81.9812617456,29.0044395013,84.2551586196,-26.085105723,-88.9075027876,-37.2778258304,6.9640063226,0.3543313792,6.1781453624,-6.4579919195,1.1966203127,5.6358881033,16.8409,-4.8085,7.2307,-0.076,-0.02191,0.1039,0.0021,0.002,0.00218,0.00165,0.00172,0.0016,0.041,0.0435,0.045,passive,2
11.6005,rehab,danger_boundary_spike,45.8074934083,-667.7017013235,292.8676488132,-177.3997047016,0.1405031636,-149.9726184377,-102.318,1.1936,78.0398,-156.6947,-10.1765,-58.6962,82.1268975391,28.9335062612,84.3431055337,-26.1591508025,-88.9373773724,-37.1730153901,5.5399710305,4.3027402463,2.5561978824,-3.0543367378,-0.8824232336,4.8208959874,18.0343,-5.3394,7.5576,-0.07934,0.00084,0.10923,0.0021,0.002,0.00218,0.00165,0.00172,0.0016,0.041,0.0435,0.045,passive,2
11.6205,rehab,danger_boundary_spike,43.7259852696,-667.680742388,294.2712026337,-177.3963101002,0.1408636179,-149.9732055763,-107.6376,-0.611,77.358,-256.1483,-65.5603,130.7263,82.2028605868,29.1765491111,84.3574065349,-26.2072791925,-88.942799717,-37.0849899909,4.1459025134,4.3086231669,4.8203043136,-7.8565051106,1.13223622,4.9288329119,17.219,-5.3586,8.3823,-0.07442,-0.004,0.10555,0.0021,0.002,0.00218,0.00165,0.00172,0.0016,0.041,0.0435,0.045,passive,2
11.6405,rehab,danger_boundary_spike,41.5019901316,-667.7261405567,295.9619687704,-177.3978431317,0.1424135526,-149.9775907578,-112.5639,-1.4288,83.2689,-128.3948,25.1403,155.4475,82.2927336397,29.1058511879,84.5359177063,-26.4734110069,-88.8920879236,-36.9758620736,5.9216943266,-0.9845096803,5.704602325,-8.1176440202,1.9618022902,7.3136375079,17.7614,-4.7921,8.4709,-0.07726,-0.00541,0.10852,0.0021,0.002,0.00218,0.00165,0.00172,0.0016,0.041,0.0435,0.045,passive,2
11.6605,rehab,danger_boundary_spike,39.2234294173,-667.7378944326,297.6019574215,-177.395471629,0.1430953341,-149.9783092812,-112.7734,0.3946,83.5759,-124.6962,53.7497,4.5771,82.4397283599,29.1371687239,84.5855906279,-26.5319849534,-88.8643276254,-36.7924444906,5.0882335153,4.2595398363,2.0075320131,-6.8997875953,0.2298510105,5.5940092693,17.4265,-4.7391,8.5082,-0.07757,0.01249,0.10651,0.0021,0.002,0.00218,0.00165,0.00172,0.0016,0.041,0.0435,0.045,passive,2
11.6805,rehab,danger_boundary_spike,36.9910551588,-667.7103553846,299.3050046692,-177.3971764759,0.1411485645,-149.9749690665,-117.5517,0.7212,83.452,-122.174,7.0072,-224.31,82.4962629803,29.2762327813,84.6162189868,-26.7494025107,-88.8828938831,-36.7521017029,6.3915519488,4.6194680396,7.8870023005,-7.5652233336,-0.786968561,4.1777631294,18.3865,-5.2027,8.994,-0.08678,-0.00745,0.12291,0.0021,0.002,0.00218,0.00165,0.00172,0.0016,0.041,0.0435,0.045,passive,2
11.7005,rehab,danger_boundary_spike,34.521359652,-667.7090469702,300.9400355782,-177.3946608472,0.1386587364,-149.9760426324,-117.6603,0.6749,74.6035,-69.923,43.4839,-98.7876,82.6953904378,29.3219474455,84.9010707199,-26.8345938867,-88.8958063678,-36.6253339654,8.5051461246,2.8472652402,4.7631853617,-5.3757450247,2.0433582564,7.3345966149,18.4747,-5.0317,9.3039,-0.09083,0.00255,0.12173,0.0021,0.002,0.00218,0.00165,0.00172,0.0016,0.041,0.0435,0.045,passive,2
11.7205,rehab,danger_boundary_spike,32.2846417962,-667.6833586645,302.2891446296,-177.3995824246,0.1433591905,-149.9773087782,-120.3487,2.4605,79.5005,-333.5885,-11.0776,330.3995,82.8364688252,29.3901233909,84.8067464013,-26.9644323117,-88.8011595529,-36.4587178383,6.2122587318,2.762804798,0.8698637417,-5.1348612812,-0.3025600661,6.7099108503,18.8855,-5.6449,10.0402,-0.09358,0.00524,0.11526,0.0021,0.002,0.00218,0.00165,0.00172,0.0016,0.041,0.0435,0.045,passive,2
11.7405,rehab,danger_boundary_spike,29.7074131536,-667.6106252178,304.1200536339,-177.3959104011,0.1423720301,-149.9743339308,-131.0039,0.2318,87.8195,-263.284,-27.6182,89.3438,82.9438807871,29.4324596374,84.9358652696,-27.0399883379,-88.9079087705,-36.3569375314,7.5550768063,4.1748081048,4.4478590457,-6.3576861012,-3.1793097838,8.003218562,17.7818,-4.9923,9.978,-0.08712,0.00967,0.10531,0.0021,0.002,0.00218,0.00165,0.00172,0.0016,0.041,0.0435,0.045,passive,2
11.7605,rehab,danger_boundary_spike,27.0444868519,-667.6740861461,305.8019237919,-177.3975125442,0.1445209106,-149.9751411836,-130.88,1.3558,83.0742,59.1474,59.4125,-155.7978,83.1386718975,29.5571157151,84.9846607631,-27.2187397558,-88.9283319442,-36.1385890958,6.8983407927,4.2310108218,2.7547576606,-9.9621619549,0.6926838531,5.4034768194,17.9203,-5.0599,9.8287,-0.08771,-0.00062,0.10629,0.0021,0.002,0.00218,0.00165,0.00172,0.0016,0.041,0.0435,0.045,passive,2
11.7805,rehab,danger_boundary_spike,24.472212225,-667.5563925248,307.4430218205,-177.3936463707,0.1425255026,-149.9729833456,-128.638,2.6083,81.5876,-114.9327,-17.9804,-24.0318,83.2198144188,29.6017000703,85.046055576,-27.4384748161,-88.8802014163,-36.1407984586,5.3011252391,2.8412839788,4.2135232215,-5.5697872076,1.1551673034,4.5004151606,16.0375,-4.3808,9.1537,-0.07786,-0.00315,0.10123,0.0021,0.002,0.00218,0.00165,0.00172,0.0016,0.041,0.0435,0.045,passive,2
11.8005,rehab,danger_boundary_spike,21.898967804,-667.5697535815,309.0654265077,-177.398853049,0.1444208376,-149.9693857712,-135.4773,0.6366,82.1129,-173.9655,-36.3009,19.8734,83.3507169071,29.6707670743,85.1532016919,-27.4415312441,-88.8821252521,-35.9585724894,8.7374493845,3.4791861713,5.6103815171,-6.2114222552,2.9789280802,6.8397268772,18.9728,-5.4836,10.521,-0.08908,0.0128,0.13025,0.0021,0.002,0.00218,0.00165,0.00172,0.0016,0.041,0.0435,0.045,passive,2
11.8205,rehab,danger_boundary_spike,19.0531189492,-667.5309285246,310.7275390794,-177.3949481605,0.1432771,-149.9830592496,-135.5966,1.1563,82.3825,-3.7527,16.9889,-116.1374,83.5693123942,29.7408675172,85.2704708367,-27.6869317063,-88.7610442931,-35.8672093835,7.707325813,4.9306446305,6.3578389096,-9.519897321,0.4814411874,4.738640966,17.0853,-5.1849,10.2692,-0.08723,0.01648,0.11138,0.0021,0.002,0.00218,0.00165,0.00172,0.0016,0.041,0.0435,0.045,passive,2
11.8405,rehab,danger_boundary_spike,16.4751038892,-667.5235025107,312.3607266753,-177.3961171126,0.140627,-149.9734526874,-135.6274,1.3162,77.4674,-153.117,46.3849,-35.4638,83.6590099396,29.8679928595,85.4075152483,-27.8223271369,-88.8628676046,-35.7690268507,4.0168660243,3.8113232881,4.3535062324,-7.5147954676,-2.3423413894,6.6164127676,17.5761,-4.8816,10.546,-0.08596,0.01812,0.10445,0.0021,0.002,0.00218,0.00165,0.00172,0.0016,0.041,0.0435,0.045,passive,2
11.8605,rehab,danger_boundary_spike,13.6280213515,-667.4782822698,313.8262364593,-177.3980302249,0.1416423586,-149.9738736259,-141.7213,3.0117,80.964,-56.0969,17.2141,54.0822,83.7299870352,29.8933204487,85.444611086,-27.9875235251,-88.8547379487,-35.6025528728,7.9955457512,2.5223912563,5.1271303407,-7.3313396172,2.5045931675,7.5303411884,17.7753,-5.2025,10.7199,-0.0935,0.00992,0.11078,0.0021,0.002,0.00218,0.00165,0.00172,0.0016,0.041,0.0435,0.045,passive,2
11.8805,rehab,danger_boundary_spike,10.8062528468,-667.4030356483,315.5992846949,-177.3911224116,0.1450812939,-149.9797615888,-137.8713,2.0047,79.6307,-50.856,-40.8605,-170.5438,83.9788317696,29.9688885097,85.612600462,-28.1155807216,-88.7626838779,-35.4678132032,9.1582758867,3.6731428178,5.1006305191,-4.1590468889,-1.0284390581,6.2619650176,18.239,-5.5291,12.0854,-0.10625,0.01028,0.11298,0.0021,0.002,0.00218,0.00165,0.00172,0.0016,0.041,0.0435,0.045,passive,2
11.9005,rehab,danger_boundary_spike,8.1131687824,-667.3980935143,317.0114653194,-177.3978511477,0.1403033674,-149.9719082118,-143.7555,1.3773,74.1422,-110.1318,-56.7827,-122.711,84.0963180706,30.0402461614,85.6486363068,-28.1538854006,-88.895875511,-35.3520742721,5.2289443538,3.694940766,4.753738342,-7.2183005249,-0.0697007184,5.6796059759,17.1133,-5.8831,11.6377,-0.09819,0.01915,0.10817,0.0021,0.002,0.00218,0.00165,0.00172,0.0016,0.041,0.0435,0.045,passive,2
11.9205,rehab,danger_boundary_spike,5.05603221,-667.3479455558,318.5649726848,-177.3947942938,0.1393449584,-149.9837347924,-142.2766,-0.2666,74.7223,104.8501,2.1322,-92.0674,84.1879895438,30.1166861404,85.8027499956,-28.4043127426,-88.7654719066,-35.2406289641,7.2683429539,3.9098398072,6.0640077239,-9.4402487574,1.9483099173,6.6289027421,17.1638,-5.1794,11.2799,-0.08653,0.02531,0.10213,0.0021,0.002,0.00218,0.00165,0.00172,0.0016,0.041,0.0435,0.045,passive,2
11.9405,rehab,danger_boundary_spike,2.4221053641,-667.4087570314,320.0003566547,-177.3939561745,0.1397153227,-149.9762611235,-139.5615,1.4625,70.4595,-90.2956,81.8957,-155.8124,84.3870517888,30.1966397537,85.8911966157,-28.5314953509,-88.8179431143,-35.0869181624,7.4711372753,4.0657880181,3.144907334,-8.8683061949,-1.5783344133,8.2248609959,18.2924,-5.0935,12.2644,-0.10156,0.02728,0.10984,0.0021,0.002,0.00218,0.00165,0.00172,0.0016,0.041,0.0435,0.045,passive,2
11.9605,rehab,danger_boundary_spike,-0.5264282379,-667.2894439333,321.38335278,-177.3975348225,0.1390046369,-149.9758634825,-145.8884,3.0092,68.4898,-22.2144,2.7916,1.046,84.4868350348,30.2793176611,85.928546289,-28.7590449904,-88.8286052832,-34.9116345243,6.5052921816,2.0503979488,5.2512829235,-6.7719134897,-1.8172458245,6.7438930322,17.2106,-5.4611,12.1445,-0.10626,0.02594,0.114,0.0021,0.002,0.00218,0.00165,0.00172,0.0016,0.041,0.0435,0.045,passive,2
11.9805,rehab,danger_boundary_spike,-3.4134309444,-667.2883873523,322.7399480966,-177.3991956037,0.1421268559,-149.9740560845,-140.4501,1.5742,70.5013,143.6509,-39.7051,-59.2553,84.647263476,30.2786556716,86.1012479327,-28.8023718905,-88.8906329473,-34.8171624411,7.3138412737,2.4601776707,4.7757064352,-6.9330391954,-1.5027002266,4.3289835052,18.2875,-5.7404,13.0573,-0.1104,0.0294,0.10968,0.0021,0.002,0.00218,0.00165,0.00172,0.0016,0.041,0.0435,0.045,passive,2
12.0005,rehab,danger_boundary_spike,-6.1444318008,-667.2264757808,324.2034063985,-177.3925801159,0.141911794,-149.9743257322,-140.1424,1.421,66.1196,7372.157,-35.6619,-3718.1734,84.7793886857,30.3777247679,86.1195745464,-29.0363665582,-88.8887132922,-34.7384751841,6.4784921103,3.350500378,4.2078160792,-8.3829162434,2.2110280391,5.582053109,18.9056,-5.8147,13.1585,-0.11949,0.02232,0.10954,0.0021,0.002,0.00218,0.00165,0.00172,0.0016,0.041,0.0435,0.045,passive,2
12.0205,rehab,danger_boundary_spike,-9.0191257757,-667.23154583,325.3847310974,-177.3965929735,0.1418051023,-149.9760646391,154.4362,0.1477,-78.2256,7696.5103,13.2326,-3628.4974,84.9064031605,30.4126756868,86.2695605758,-29.1376885402,-88.8021918257,-34.5938803168,-7.6205549154,-2.4354549722,-5.9814050788,11.2143308728,1.8231376038,-6.4396275741,-1.7667,-5.3432,21.6181,-0.14262,0.13564,0.01005,0.0021,0.002,0.00218,0.00165,0.00172,0.0016,0.041,0.0435,0.045,passive,2
12.0405,rehab,danger_boundary_spike,0.0330158238,-667.220566679,321.07438256,-177.3938396412,0.1407025862,-149.9744675679,167.718,1.9503,-79.0203,-6871.5927,54.4225,3549.7225,84.4745664891,30.2803065691,85.8803183433,-28.5877933233,-88.8157877881,-34.9960602871,-9.7568642073,-4.5366748569,-5.4283510996,7.76148994,1.6299319698,-7.3405493032,-0.797,-5.4634,23.1514,-0.15058,0.1372,0.01079,0.0021,0.002,0.00218,0.00165,0.00172,0.0016,0.041,0.0435,0.045,passive,2
12.0605,rehab,danger_boundary_spike,-2.3104041185,-667.153532072,322.2239183009,-177.3914519379,0.1454096506,-149.9701489392,-120.4275,2.3246,63.7633,-7281.4666,41.8408,3467.1195,84.5161285922,30.2312086925,86.0524265318,-28.8272289426,-88.736994547,-34.8875022889,6.3380711835,1.0063167257,4.9591935623,-8.3558186432,-0.1689160507,3.6771722386,17.1887,-5.3347,12.059,-0.10075,0.02104,0.10209,0.0021,0.002,0.00218,0.00165,0.00172,0.0016,0.041,0.0435,0.045,passive,2
12.0805,rehab,danger_boundary_spike,-4.7840848919,-667.1275815712,323.6249147886,-177.3904709529,0.144507561,-149.9766366959,-123.5406,3.624,59.6645,-99.4791,-15.2148,-352.73,84.7280893365,30.3205592381,86.0786860857,-28.922026069,-88.8225444301,-34.8489733975,8.6945020957,4.6885254462,4.1109260619,-5.9322349221,-1.8613796665,5.6425699249,17.2219,-5.239,12.4585,-0.09517,0.01493,0.10517,0.0021,0.002,0.00218,0.00165,0.00172,0.0016,0.041,0.0435,0.045,passive,2
12.1005,rehab,danger_boundary_spike,-7.2520289985,-667.0085730209,324.6104967561,-177.3962450928,0.1417699235,-149.969977384,-124.4067,1.716,49.6541,8.2856,-55.0249,-52.9405,84.863908676,30.4187497103,86.2168635743,-29.0645183395,-88.8114497336,-34.6617994919,6.3491278115,2.9266372836,5.3869696213,-6.3431042563,1.8378565996,8.0177519944,16.854,-4.655,12.5205,-0.09569,0.01975,0.10746,0.0021,0.002,0.00218,0.00165,0.00172,0.0016,0.041,0.0435,0.045,passive,2
12.1205,rehab,danger_boundary_spike,-9.7603520979,-667.058940182,325.6110790366,-177.3913825016,0.1430919195,-149.9672710381,-123.2092,1.423,57.5468,172.9236,11.3448,231.554,84.9820544489,30.4376247294,86.2941648706,-29.1757502393,-88.7490301661,-34.5282633177,7.0438496933,3.7529765349,0.9666159241,-4.0106921796,-1.1694550987,5.3246255081,17.4333,-5.8305,12.9831,-0.10815,0.03584,0.09492,0.0021,0.002,0.00218,0.00165,0.00172,0.0016,0.041,0.0435,0.045,passive,2
12.1405,rehab,danger_boundary_spike,-12.1803969004,-666.9516538641,326.9123704416,-177.3918602289,0.1423525773,-149.9805726767,-117.4897,2.1698,58.9163,323.3133,13.7055,-105.2245,85.1456626637,30.5688687717,86.2555282113,-29.2249460267,-88.8582279376,-34.4488144716,4.2179004169,5.2945545093,2.8087532413,-5.6083639108,-2.3281078604,5.1937435573,17.9214,-5.5436,13.1949,-0.10455,0.02357,0.12215,0.0021,0.002,0.00218,0.00165,0.00172,0.0016,0.041,0.0435,0.045,passive,2
12.1605,rehab,danger_boundary_spike,-14.4599415379,-666.9721471575,327.9677297326,-177.3971347968,0.1424731099,-149.9706025713,-110.2767,1.9712,53.3379,19.4197,43.3687,-198.8022,85.1507704656,30.6494069098,86.4065150002,-29.4000847957,-88.8421544805,-34.3205135755,4.2523457715,2.5264803408,6.3466897442,-7.7329763392,0.6104198564,4.0459243993,17.3209,-5.5487,13.3736,-0.10407,0.02526,0.11503,0.0021,0.002,0.00218,0.00165,0.00172,0.0016,0.041,0.0435,0.045,passive,2
12.1805,rehab,danger_boundary_spike,-16.5914635928,-666.8728059513,329.0458848529,-177.3942687771,0.1431605099,-149.9776381032,-116.7129,3.9046,50.9642,-156.8186,19.949,-286.7634,85.3157564946,30.6699279854,86.5093958011,-29.5342650803,-88.8338111433,-34.2869774956,7.4594626059,3.8808919113,5.1626829908,-5.8552523023,2.3787827415,5.4776889686,17.2169,-6.0351,13.5872,-0.10994,0.03441,0.12378,0.0021,0.002,0.00218,0.00165,0.00172,0.0016,0.041,0.0435,0.045,passive,2
12.2005,rehab,danger_boundary_spike,-19.1284594194,-666.8159641704,330.0062969609,-177.387046807,0.1408081503,-149.9713087754,-116.5494,2.7692,41.8673,209.6137,-36.0617,-279.7849,85.4491489698,30.8046425862,86.6130223199,-29.6342948878,-88.7470031709,-34.1014060167,4.9666196867,2.4211466592,3.3782103051,-6.0484407256,1.82396341,6.7636306911,17.6914,-5.8008,14.1069,-0.12404,0.03579,0.11777,0.0021,0.002,0.00218,0.00165,0.00172,0.0016,0.041,0.0435,0.045,passive,2
12.2205,rehab,danger_boundary_spike,-21.2534399786,-666.7620396642,330.7205777516,-177.3976205301,0.1442639939,-149.9749881635,-108.3284,2.4621,39.7728,217.9913,1.5291,155.526,85.514421282,30.7667738517,86.6445242133,-29.7762027093,-88.7608526069,-34.016432268,3.4797394445,1.5078060058,1.5827487881,-5.8331541419,-1.0629672904,2.7671015176,17.4737,-5.9043,14.1124,-0.11428,0.02992,0.1115,0.0021,0.002,0.00218,0.00165,0.00172,0.0016,0.041,0.0435,0.045,passive,2
12.2405,rehab,danger_boundary_spike,-23.4615954505,-666.7174799083,331.5972083602,-177.3919380077,0.1414958817,-149.9709616239,-107.8298,2.8303,48.0884,170.0516,-35.7574,55.1445,85.5883385476,30.8649548265,86.6763322714,-29.8676210535,-88.7895218625,-33.990721956,3.4659794829,2.6161801616,2.8643619664,-4.4356061865,-1.9284547911,4.479904749,17.0844,-5.098,13.4898,-0.09926,0.02426,0.11411,0.0021,0.002,0.00218,0.00165,0.00172,0.0016,0.041,0.0435,0.045,passive,2
12.2605,rehab,danger_boundary_spike,-25.5666302945,-666.64882674,332.6441123303,-177.3913502658,0.1430962099,-149.9717476875,-101.5263,1.0318,41.9786,267.4082,10.0242,-241.812,85.6530604614,30.8714210582,86.7590986919,-29.9536269568,-88.8379907986,-33.837236078,3.9669334907,0.9768521226,1.6255364479,-4.5885520237,0.316237583,3.7326111739,16.3528,-5.5467,13.7784,-0.1163,0.03495,0.10644,0.0021,0.002,0.00218,0.00165,0.00172,0.0016,0.041,0.0435,0.045,passive,2
12.2805,rehab,danger_boundary_spike,-27.5226489508,-666.6762074669,333.276351032,-177.3918211731,0.1441743161,-149.9737105116,-97.1334,3.2313,38.4159,171.5011,73.6395,-119.1204,85.7470158873,30.9040289114,86.7413537293,-30.0511631344,-88.7768723592,-33.8414175091,4.8041529218,2.5664279128,3.8535090883,-5.2996401177,3.1351213485,4.6194607606,16.4459,-5.5638,14.2961,-0.12856,0.04064,0.09821,0.0021,0.002,0.00218,0.00165,0.00172,0.0016,0.041,0.0435,0.045,passive,2
12.3005,rehab,danger_boundary_spike,-29.4519675097,-666.519575081,334.180747775,-177.3944421533,0.1440503333,-149.9810000025,-94.6663,3.9774,37.2138,-6.1581,-42.4654,-320.626,85.8452265782,30.9740781747,86.9132390554,-30.1656125615,-88.7125859446,-33.6524576476,6.2756646459,2.411952376,6.6576195985,-5.2187507472,-0.9264757779,4.9452901607,16.0098,-4.9416,14.1859,-0.08986,0.05135,0.09252,0.0021,0.002,0.00218,0.00165,0.00172,0.0016,0.041,0.0435,0.045,passive,2
12.3205,rehab,danger_boundary_spike,-31.3093007309,-666.5171117599,334.7649010853,-177.3948154837,0.145431868,-149.9742958133,-97.3798,1.5327,25.5908,183.0254,-72.1442,-152.707,85.9980424731,31.0005070064,87.0076585133,-30.2599131643,-88.8139313903,-33.6436059026,6.9733632446,0.8429864185,5.3073765613,-3.0988318534,-2.5053997523,3.7738992574,16.778,-5.8947,14.5037,-0.12535,0.03603,0.10828,0.0021,0.002,0.00218,0.00165,0.00172,0.0016,0.041,0.0435,0.045,passive,2
12.3405,rehab,danger_boundary_spike,-33.3471576858,-666.4582680397,335.2043815615,-177.3924261808,0.1435431257,-149.9747705085,-87.3453,1.0916,31.1055,372.6455,-41.2466,230.3596,86.124161108,31.0077976314,87.1255341179,-30.2895658356,-88.8128019347,-33.5015016773,3.577975468,2.558700022,3.4914043663,-6.4724782582,3.9577568352,6.74574991,17.7766,-5.6808,16.1915,-0.1203,0.04977,0.10331,0.0021,0.002,0.00218,0.00165,0.00172,0.0016,0.041,0.0435,0.045,passive,2
12.3605,rehab,danger_boundary_spike,-34.8031119064,-666.4734467434,336.0091199059,-177.3945149018,0.1475376831,-149.9729542759,-82.4739,-0.1172,34.8052,117.6462,63.7501,-150.724,86.1411614918,31.1028550073,87.1473146879,-30.5188122946,-88.6556211169,-33.3737759062,2.1451116529,4.2864206721,0.3026815647,-7.4260059216,0.1804571857,0.3187499798,16.0126,-5.7463,15.0893,-0.11809,0.04462,0.09936,0.0021,0.002,0.00218,0.00165,0.00172,0.0016,0.041,0.0435,0.045,passive,2
12.3805,rehab,danger_boundary_spike,-36.6461149855,-666.4629556354,336.5965907289,-177.3908835064,0.1465504178,-149.9732905894,-82.6394,3.6416,25.0765,285.9862,74.5319,-239.5825,86.2099655741,31.1792544583,87.1376413805,-30.5866060725,-88.8055836473,-33.4887516781,3.1859461256,2.3101211513,1.6474822888,-3.6803497968,-0.8453066803,0.9403835774,15.3708,-5.593,13.7235,-0.11599,0.03861,0.10162,0.0021,0.002,0.00218,0.00165,0.00172,0.0016,0.041,0.0435,0.045,passive,2
12.4005,rehab,danger_boundary_spike,-38.1086891817,-666.3277815514,337.0121802504,-177.3911871843,0.1438272943,-149.9691654341,-71.0345,2.8641,25.2219,337.2354,-35.2902,-7.1354,86.2685993368,31.1952598533,87.2132139795,-30.6660262865,-88.6894333841,-33.3361605631,5.2460480982,2.5948373506,3.5617181448,-5.8239402592,0.0642073559,4.682845307,15.592,-5.2439,14.4663,-0.10436,0.04459,0.09696,0.0021,0.002,0.00218,0.00165,0.00172,0.0016,0.041,0.0435,0.045,passive,2
12.4205,rehab,danger_boundary_spike,-39.4874943886,-666.3483921881,337.6054678543,-177.3915008386,0.1403805622,-149.9673880818,-69.15,2.23,24.7911,124.8036,-17.9372,-111.8796,86.4198074981,31.2830479524,87.2801101063,-30.8195636828,-88.803015353,-33.3014378658,4.9773981828,0.3302151385,0.7921875287,-2.5791575992,-2.5525761881,5.5576436198,15.1524,-4.9339,14.4286,-0.09477,0.04525,0.0922,0.0021,0.002,0.00218,0.00165,0.00172,0.0016,0.041,0.0435,0.045,passive,2
12.4405,rehab,danger_boundary_spike,-40.874689894,-666.2385806565,338.003823962,-177.3948528676,0.1440251821,-149.9719791806,-66.0423,2.1466,20.7467,326.666,-51.0974,-84.0102,86.4676952641,31.2084684589,87.2449014806,-30.7691925905,-88.7915364316,-33.1138548183,1.4733473936,-0.1919073925,-0.0864446844,-0.951985551,1.8224306634,1.6013198954,15.8399,-5.468,14.8601,-0.11591,0.04269,0.10467,0.0021,0.002,0.00218,0.00165,0.00172,0.0016,0.041,0.0435,0.045,passive,2
12.4605,rehab,danger_boundary_spike,-42.1291879669,-666.2625282372,338.4353375979,-177.3914714805,0.1428079222,-149.9745284322,-56.0834,0.1861,21.4307,344.5598,32.8423,52.6517,86.4787413938,31.2753716567,87.2766523189,-30.8576431049,-88.7301181265,-33.23738507,1.3681798867,0.4497670457,2.8150731744,-2.0450729905,0.1624089941,-0.5481493218,14.9987,-5.2752,14.8756,-0.09794,0.05003,0.09973,0.0021,0.002,0.00218,0.00165,0.00172,0.0016,0.041,0.0435,0.045,passive,2
12.4805,rehab,danger_boundary_spike,-43.1180250171,-666.2311355708,338.8610514233,-177.3954080914,0.1422444365,-149.974707728,-52.2599,3.4603,22.8528,214.8892,56.6194,-398.8159,86.5224224596,31.2264591407,87.3575044076,-30.8509955101,-88.7850400719,-33.1357807912,2.4572238226,2.9128684276,3.2619421091,-1.1956028577,0.1391277478,3.1036698256,15.9794,-5.2777,14.9027,-0.10448,0.044,0.10514,0.0021,0.002,0.00218,0.00165,0.00172,0.0016,0.041,0.0435,0.045,passive,2
12.5005,rehab,danger_boundary_spike,-44.219585925,-666.1241166357,339.3494501127,-177.3828027727,0.1420079116,-149.9703864841,-47.4878,2.4509,5.4781,438.7917,-23.0189,-464.7031,86.5770303467,31.3918863938,87.4071300033,-30.9054672192,-88.7245530166,-33.113238277,4.1089489656,3.955586336,-0.465652291,-3.6445293651,0.1245934051,2.0178338508,15.4751,-5.3594,15.0033,-0.10597,0.0501,0.09946,0.0021,0.002,0.00218,0.00165,0.00172,0.0016,0.041,0.0435,0.045,passive,2
12.5205,rehab,danger_boundary_spike,-45.0175373752,-666.1330994247,339.0801735107,-177.3930458014,0.1440972875,-149.9684324266,-34.7083,2.5395,4.2647,-10466.5145,47.5113,3216.303,86.6867804182,31.3846825942,87.338878316,-30.9967766847,-88.7800563357,-33.0550674372,2.0275019383,-0.4502135932,-0.5810961911,-2.458702023,0.0113478506,2.7899118267,15.5979,-5.9004,15.0451,-0.11228,0.03539,0.08693,0.0021,0.002,0.00218,0.00165,0.00172,0.0016,0.041,0.0435,0.045,passive,2
12.5405,rehab,danger_boundary_spike,-45.6079171868,-666.0225353229,339.5200377437,-177.3879776992,0.1432949048,-149.9697293435,-466.1484,4.3514,134.1302,-10702.0839,-62.4219,3021.9004,86.6581304242,31.37387785,87.3838861556,-31.0038153001,-88.7240991026,-33.0016418039,18.958830193,9.67205561,18.8636218815,-22.6570551248,-0.3599384762,19.347314276,19.2993,-6.4191,18.4789,-0.13656,0.06196,0.12154,0.0021,0.002,0.00218,0.00165,0.00172,0.0016,0.041,0.0435,0.045,passive,2
12.5605,rehab,danger_boundary_spike,-63.6634728563,-665.9590451919,344.4453803348,-177.3921028037,0.1396579934,-149.9768423193,-462.7916,0.0427,125.1407,11239.1254,-96.8467,-3163.8613,87.445133626,31.7715648186,88.0934231912,-31.9030588897,-88.7944538747,-32.2811748661,21.4463284989,10.4554785382,15.3948058717,-24.9334476502,1.0935277124,16.2678270097,18.1819,-6.6187,19.8343,-0.14092,0.06735,0.11856,0.0021,0.002,0.00218,0.00165,0.00172,0.0016,0.041,0.0435,0.045,passive,2
12.5805,rehab,danger_boundary_spike,-64.119582731,-666.0208290864,344.5256660864,-177.3946287084,0.1427595598,-149.9751818214,-16.5834,0.4775,7.5757,11295.5661,81.8209,-3016.1937,87.5159835642,31.7920969916,87.9996783905,-32.0011532061,-88.6803579941,-32.3509287235,0.2095048849,0.4006856025,-3.0270881951,-0.3319237693,-0.402539452,1.2617978508,15.784,-6.0103,17.4362,-0.13255,0.06407,0.10661,0.0021,0.002,0.00218,0.00165,0.00172,0.0016,0.041,0.0435,0.045,passive,2
12.6005,rehab,danger_boundary_spike,-64.3268077144,-665.9399457274,344.7484090055,-177.3923478682,0.1423022583,-149.9700683793,-10.969,3.3155,4.493,356.392,4.4649,-307.4302,87.4535138214,31.7875922427,87.9723396634,-31.9163358405,-88.8105554528,-32.2307029521,-1.3568572759,0.8888200453,0.7129199849,2.3876747259,-4.6137083185,4.2622211112,15.3865,-6.327,17.5654,-0.13573,0.06094,0.09953,0.0021,0.002,0.00218,0.00165,0.00172,0.0016,0.041,0.0435,0.045,passive,2
12.6205,rehab,danger_boundary_spike,-64.5583424852,-665.8882094334,344.705384448,-177.3900794198,0.1464204906,-149.97506015,-2.3277,0.6561,-4.7215,370.216,-31.1442,-180.5898,87.4617092732,31.8276497934,88.0281951899,-31.9056462171,-88.8649063268,-32.1804398791,0.6863174492,0.3160118135,0.6718702664,-0.1490492694,2.0820173566,0.1316413338,13.5489,-5.7069,14.2174,-0.11582,0.04245,0.09076,0.0021,0.002,0.00218,0.00165,0.00172,0.0016,0.041,0.0435,0.045,passive,2
12.6405,rehab,danger_boundary_spike,-64.4199153763,-665.9137024933,344.5595494105,-177.3869284877,0.1410862666,-149.9698322003,3.8396,2.0697,-2.7306,330.9521,20.8442,-49.2964,87.4809665193,31.8002327152,87.9992144741,-31.9222978112,-88.7272747585,-32.2254372988,2.1320913641,-0.5044475573,0.6356148421,-1.7543228829,2.1863737811,0.226575325,-5.4801,-5.3705,20.3272,-0.14009,0.14644,-0.00196,0.0021,0.002,0.00218,0.00165,0.00172,0.0016,0.041,0.0435,0.045,passive,2
12.6605,rehab,danger_boundary_spike,-64.4047567127,-665.8054204428,344.5961590627,-177.3929028672,0.1423018583,-149.971778707,10.9104,1.4898,-6.6933,568.4211,-42.857,-16.5798,87.5469929277,31.8074718911,88.0536197836,-31.9758191324,-88.7774513756,-32.1713768661,0.8098334822,-0.0760675103,-0.7259401929,0.0639908873,-0.5477893206,2.6810469008,-5.6723,6.3075,22.1384,-0.03186,0.16548,-0.04563,0.0021,0.002,0.00218,0.00165,0.00172,0.0016,0.041,0.0435,0.045,passive,2
12.6805,rehab,danger_boundary_spike,-63.9834995991,-665.8541085999,344.2918156101,-177.3889838618,0.142805074,-149.972604963,26.5765,0.3554,-3.3938,438.9094,56.8858,169.1188,87.5133598586,31.7971900148,87.9701768663,-31.9197381758,-88.7491863314,-32.1181954227,-1.3921569418,1.4005673965,-0.6725238758,3.2359945141,-1.7913955466,-4.309601213,-6.0062,5.5248,21.7487,-0.027,0.15592,-0.04949,0.0021,0.002,0.00218,0.00165,0.00172,0.0016,0.041,0.0435,0.045,passive,2
12.7005,rehab,danger_boundary_spike,-63.3416972412,-665.7912026385,344.460405969,-177.3901149778,0.1410566209,-149.9709263745,28.4668,3.7653,0.0714,312.7009,46.1781,-193.5296,87.4913066501,31.8634945869,88.0267188285,-31.8463793518,-88.8491071974,-32.3437609146,-3.3480782935,0.4418299998,1.8664046337,3.4241245653,2.8981152746,-6.4055727842,-5.5915,5.5905,20.9474,-0.02653,0.1243,-0.05394,0.0021,0.002,0.00218,0.00165,0.00172,0.0016,0.041,0.0435,0.045,passive,2
12.7205,rehab,danger_boundary_spike,-62.8448287887,-665.7034974318,344.2946718534,-177.3905983429,0.1438431776,-149.9707590565,39.0845,2.2026,-11.135,435.9701,-94.4746,-260.0508,87.3794367269,31.8148632148,88.0448330517,-31.7827731931,-88.6332617204,-32.3744183341,-0.5880648812,-0.9970624302,-3.4475887482,1.6628424433,3.0482010442,0.278421731,-5.4736,5.2312,21.1647,-0.03301,0.15206,-0.05495,0.0021,0.002,0.00218,0.00165,0.00172,0.0016,0.041,0.0435,0.045,passive,2
12.7405,rehab,danger_boundary_spike,-61.7783163609,-665.7030998848,344.015005462,-177.3935284662,0.1405147289,-149.9753813916,45.9056,-0.0137,-10.3306,196.8188,-62.9843,-48.6688,87.4677840548,31.8236120897,87.8888152786,-31.7798656541,-88.7271791557,-32.3326240454,-3.3292888873,-1.5766917229,-5.9711463794,0.9379015598,-3.9335569228,2.4841474048,-5.7536,5.5153,21.8693,-0.0319,0.15545,-0.05042,0.0021,0.002,0.00218,0.00165,0.00172,0.0016,0.041,0.0435,0.045,passive,2
12.7605,rehab,danger_boundary_spike,-61.0086058728,-665.7040456783,343.8814468841,-177.3903796473,0.1422276361,-149.9719798907,46.9573,-0.3168,-13.0818,225.9989,14.1185,-70.8822,87.2462651714,31.7517955459,87.8059871965,-31.7452571308,-88.7906039973,-32.2750524379,-6.4746857533,-3.1765491792,0.5006247897,1.0281956251,-1.0112357222,0.0305552249,-5.8823,5.9339,22.417,-0.03532,0.1472,-0.06215,0.0021,0.002,0.00218,0.00165,0.00172,0.0016,0.041,0.0435,0.045,passive,2
12.7805,rehab,danger_boundary_spike,-59.9000253235,-665.715771971,343.4917349109,-177.3894718055,0.1411254763,-149.9720674132,54.9455,0.551,-13.1659,372.7902,84.4724,-74.3233,87.2087966247,31.6965501226,87.9088402702,-31.7387378291,-88.7676285845,-32.3314018364,-1.0186063233,-2.1438997162,-1.0735712826,0.9417539809,-1.840777031,-2.8332635099,-5.0775,5.5021,21.2594,-0.03246,0.14433,-0.04829,0.0021,0.002,0.00218,0.00165,0.00172,0.0016,0.041,0.0435,0.045,passive,2
12.8005,rehab,danger_boundary_spike,-58.8107846741,-665.6820042798,343.3548104258,-177.3929877988,0.1430626194,-149.9726717039,61.8689,3.0621,-16.0547,573.0501,32.0165,-323.6503,87.2055209184,31.6660395572,87.7630443452,-31.7075869715,-88.8642350785,-32.3883829783,-0.4158057187,-1.8572431558,-4.4006959732,4.0996278038,-1.5549748539,-5.6736398753,-5.1136,5.3098,20.3865,-0.01938,0.13645,-0.05255,0.0021,0.002,0.00218,0.00165,0.00172,0.0016,0.041,0.0435,0.045,passive,2
12.8205,rehab,danger_boundary_spike,-57.4252699221,-665.5932882365,342.8495470614,-177.3861300331,0.1367748543,-149.9757709075,77.8675,1.8317,-26.1119,586.3725,-41.2323,-74.1127,87.1921643959,31.6222603963,87.7328124313,-31.5747527169,-88.8298275787,-32.5583474314,-3.828244098,-0.6318047594,-0.2936459244,5.987332877,4.0998725778,-4.9964818588,-5.6279,5.6573,21.9,-0.03253,0.14941,-0.04453,0.0021,0.002,0.00218,0.00165,0.00172,0.0016,0.041,0.0435,0.045,passive,2
12.8405,rehab,danger_boundary_spike,-55.6960832583,-665.6087364803,342.3103335354,-177.3921872305,0.1436042976,-149.9681050279,85.3238,1.4128,-19.0192,239.665,-40.3573,124.8677,87.0523911545,31.6407673668,87.7512985082,-31.4680936564,-88.7002401754,-32.5882422526,-3.8739196181,-0.394956812,-2.1061396969,4.7805005661,-0.2504760214,-1.7119747308,-5.3085,5.8253,23.1111,-0.02044,0.14974,-0.05203,0.0021,0.002,0.00218,0.00165,0.00172,0.0016,0.041,0.0435,0.045,passive,2
12.8605,rehab,danger_boundary_spike,-54.0123185499,-665.536776259,342.088778911,-177.3851976809,0.1432057852,-149.9726250638,87.4541,0.2174,-21.1172,245.5429,-52.1829,-242.0357,87.0372076112,31.6064621239,87.6485668434,-31.3835326943,-88.8398466196,-32.6268264206,-2.9532551551,-2.9699694156,-1.93939606,2.3332892332,-0.0526498321,-3.4313437413,-5.4421,6.3343,22.5308,-0.02578,0.15159,-0.0445,0.0021,0.002,0.00218,0.00165,0.00172,0.0016,0.041,0.0435,0.045,passive,2
12.8805,rehab,danger_boundary_spike,-52.1979178765,-665.6000402991,341.4656449761,-177.3905019519,0.1427589192,-149.9689041113,95.1455,-0.6745,-28.7006,346.515,-29.4319,-253.7923,86.9342609483,31.5219685902,87.6737226658,-31.3747620871,-88.7023461687,-32.7254960023,-6.672704815,-2.9859485584,-2.327546167,3.2064432335,2.1790818039,-6.1797849736,-4.6098,5.8318,21.9852,-0.03424,0.12645,-0.04627,0.0021,0.002,0.00218,0.00165,0.00172,0.0016,0.041,0.0435,0.045,passive,2
12.9005,rehab,danger_boundary_spike,-50.206498517,-665.5637568786,340.9407536041,-177.390315778,0.1457377814,-149.9720625649,101.3147,-0.9599,-31.2689,290.0252,7.6769,-127.4748,86.7702994186,31.4870241815,87.5554649967,-31.2552749649,-88.7526833474,-32.8740178195,-7.0011225884,-1.9494773373,-4.2065345456,6.2267331081,-1.3615191544,-5.01008225,-4.9875,5.0658,22.6195,-0.04528,0.14421,-0.05476,0.0021,0.002,0.00218,0.00165,0.00172,0.0016,0.041,0.0435,0.045,passive,2
12.9205,rehab,danger_boundary_spike,-48.1453285108,-665.6384350893,340.214888756,-177.3889529009,0.1423928145,-149.9734291475,106.7465,-0.3674,-33.7996,222.6801,65.3226,-59.3361,86.6542160448,31.4439894967,87.505461284,-31.1256927628,-88.7568069349,-32.9258992923,-4.0226606872,-3.5580922944,-2.2199606399,7.1476528043,-0.898971146,-2.846645025,-4.894,5.8189,22.1368,-0.0281,0.15247,-0.04416,0.0021,0.002,0.00218,0.00165,0.00172,0.0016,0.041,0.0435,0.045,passive,2
12.9405,rehab,danger_boundary_spike,-45.9366381141,-665.5784545053,339.5887686248,-177.3903743401,0.1405812048,-149.9704115813,110.2219,1.653,-33.6424,184.1403,31.8195,-80.9708,86.6093929911,31.3447004897,87.4666665711,-30.9693688528,-88.7886421932,-32.9878836205,-3.9774895512,-2.0687977032,-4.3016465505,6.4881733991,-2.1017414458,-3.7794153932,-5.0269,6.4047,23.6188,-0.02222,0.16228,-0.04417,0.0021,0.002,0.00218,0.00165,0.00172,0.0016,0.041,0.0435,0.045,passive,2
12.9605,rehab,danger_boundary_spike,-43.7364509164,-665.5723136941,338.8691947392,-177.384285933,0.1415280672,-149.9702511869,114.1121,0.9053,-37.0385,401.1826,-43.0188,-37.8528,86.4951164627,31.3612375886,87.333395422,-30.8661658268,-88.8408765927,-33.077075908,-3.2603812367,-2.3237280265,-3.1540021612,4.8926616764,-0.1201162624,-3.9517267176,-4.9546,6.4557,23.5123,-0.03493,0.17226,-0.05409,0.0021,0.002,0.00218,0.00165,0.00172,0.0016,0.041,0.0435,0.045,passive,2
12.9805,rehab,danger_boundary_spike,-41.3721532356,-665.5422409429,338.1072303784,-177.3877899723,0.1387945143,-149.9685334587,126.2692,-0.0677,-35.1565,461.0674,-17.5424,-82.1128,86.4789777416,31.2517513687,87.3405064847,-30.7736623857,-88.7934468437,-33.1459526892,-4.6908910884,-3.8229493104,-2.8129546925,4.6036186434,2.1056737062,-6.244755275,-3.9308,5.9787,23.411,-0.0245,0.1494,-0.04775,0.0021,0.002,0.00218,0.00165,0.00172,0.0016,0.041,0.0435,0.045,passive,2
13.0005,rehab,danger_boundary_spike,-38.6856812324,-665.5750223909,337.4629362954,-177.3891368152,0.1442092695,-149.9765885553,132.5548,0.2036,-40.323,103.7722,72.9438,-365.2536,86.3074808192,31.2083196162,87.2208772343,-30.6820210811,-88.7566496444,-33.326866119,-6.7224965392,-4.4288984398,-4.7572905079,6.8881060161,2.1709254736,-6.4361110532,-4.0484,5.7918,21.1201,-0.0287,0.14674,-0.03954,0.0021,0.002,0.00218,0.00165,0.00172,0.0016,0.041,0.0435,0.045,passive,2
13.0205,rehab,danger_boundary_spike,-36.0699604998,-665.5340951411,336.4943117109,-177.3918176079,0.1418376288,-149.9732129918,130.4201,2.85,-49.7666,7722.7919,-21.4712,-3349.9874,86.2100778801,31.0745954311,87.1502148644,-30.4981381451,-88.7066098248,-33.4033971314,-5.2151021299,-2.7947617336,-3.201905597,6.501787115,0.8665848697,-6.6444934673,-4.3012,5.2677,21.6972,-0.03629,0.13305,-0.05376,0.0021,0.002,0.00218,0.00165,0.00172,0.0016,0.041,0.0435,0.045,passive,2
13.0405,rehab,danger_boundary_spike,-33.4688759783,-665.4610209996,335.4722720786,-177.3862488238,0.1436808216,-149.9747558564,441.4665,-0.6552,-174.3225,7815.9726,-111.4789,-3108.356,86.098876734,31.0965291468,87.0928010104,-30.4219495965,-88.7219862497,-33.5926458577,-19.6953468455,-9.6475573017,-14.5903178019,20.4582440551,-1.3613207671,-19.2105231614,-3.7798,6.2371,25.6716,-0.03598,0.15903,-0.03919,0.0021,0.002,0.00218,0.00165,0.00172,0.0016,0.041,0.0435,0.045,passive,2
13.0605,rehab,danger_boundary_spike,-18.4113007274,-665.5603031979,329.5214131681,-177.3796955064,0.1465525902,-149.9686329011,443.059,-1.6091,-174.1008,-7657.1244,10.6404,3053.8895,85.4222640063,30.688693139,86.5666021523,-29.6798083829,-88.7610626555,-34.1718180578,-21.661273452,-11.8768100078,-16.7087001855,25.1833532272,-1.3004966761,-16.3154091529,-2.8234,5.8735,24.8239,-0.03701,0.15852,-0.03391,0.0021,0.002,0.00218,0.00165,0.00172,0.0016,0.041,0.0435,0.045,passive,2
13.0805,rehab,danger_boundary_spike,-15.7465145681,-665.5253858903,328.5082383014,-177.3872406935,0.1474802799,-149.9725321507,135.1815,-0.2296,-52.1669,-7792.6843,13.7537,2903.9678,85.2324257959,30.6214567465,86.424453003,-29.4146154674,-88.7740061167,-34.2452622238,-8.6769370269,-3.4384256153,-4.7231910342,8.2019364448,-1.4506406579,-5.5543484991,-1.9615,5.5984,22.0724,-0.02481,0.13626,-0.0312,0.0021,0.002,0.00218,0.00165,0.00172,0.0016,0.041,0.0435,0.045,passive,2
13.1005,rehab,danger_boundary_spike,-13.0040400134,-665.5694865908,327.4347378233,-177.3836977574,0.147880656,-149.972825511,131.3517,-1.059,-57.9421,27.2068,41.4466,-287.3957,85.0751865252,30.5511561144,86.3776745109,-29.3517309251,-88.8190882818,-34.3939919978,-4.3363661431,-3.6786197592,-4.2552121009,4.6458011554,-1.1727234332,-5.5994105355,-2.1153,5.7014,22.1289,-0.02566,0.14739,-0.04724,0.0021,0.002,0.00218,0.00165,0.00172,0.0016,0.041,0.0435,0.045,passive,2
13.1205,rehab,danger_boundary_spike,-10.4924480136,-665.5677449196,326.1905529515,-177.3891574293,0.1428328237,-149.9730748921,136.2698,1.4283,-63.6627,268.4205,41.8431,-260.6802,85.0589711502,30.4743119562,86.254244519,-29.2287834212,-88.820915054,-34.4692386453,-5.0508768127,-2.9249252994,-4.8306534335,7.2281027465,0.8609590683,-6.6966466389,-1.3107,5.0713,20.5045,-0.03675,0.13768,-0.02477,0.0021,0.002,0.00218,0.00165,0.00172,0.0016,0.041,0.0435,0.045,passive,2
13.1405,rehab,danger_boundary_spike,-7.5532483423,-665.5123553584,324.8882293058,-177.3870915325,0.1444697853,-149.9709962017,142.0885,0.6147,-68.3693,-8.6677,-89.0065,-63.1933,84.8731514527,30.4341591024,86.1844483736,-29.0626068152,-88.7846499191,-34.6618578633,-10.1816155826,-3.9783277889,-6.1993656067,7.5288260375,1.7717702107,-4.630425879,-1.3047,5.8906,22.5344,-0.0237,0.13613,-0.03618,0.0021,0.002,0.00218,0.00165,0.00172,0.0016,0.041,0.0435,0.045,passive,2
13.1605,rehab,danger_boundary_spike,-4.8089086938,-665.5431550639,323.4557792354,-177.3875435282,0.1434711547,-149.9688276119,135.9231,-2.132,-66.1904,62.7331,-50.3136,9.3536,84.6517065269,30.3151788446,86.0062698947,-28.9276303797,-88.7500442456,-34.6544556804,-8.4068543979,-2.3289404573,-5.1686802977,5.7580957987,-0.2322891533,-4.4977869143,-0.8648,4.9768,20.1798,-0.02832,0.11172,-0.02538,0.0021,0.002,0.00218,0.00165,0.00172,0.0016,0.041,0.0435,0.045,passive,2
13.1805,rehab,danger_boundary_spike,-2.1163249958,-665.5976345614,322.2406115624,-177.387844655,0.1434223613,-149.974649872,144.5978,-1.3978,-67.9952,370.5715,47.4997,-310.81,84.5368772768,30.3410014841,85.9777011617,-28.8322829833,-88.7939414852,-34.8417693399,-4.1761458168,-3.6268483329,-3.3651104524,8.5340328015,-2.3041909438,-7.4562449601,-1.3143,5.4933,21.7531,-0.0246,0.12877,-0.02177,0.0021,0.002,0.00218,0.00165,0.00172,0.0016,0.041,0.0435,0.045,passive,2
13.2005,rehab,danger_boundary_spike,0.9750036239,-665.5990670178,320.7359712578,-177.3939849639,0.1410849019,-149.9692567748,150.7459,-0.232,-78.6228,162.3409,16.5128,-254.3037,84.4846606942,30.1701049113,85.8716654766,-28.5862690676,-88.8422118834,-34.9527054788,-4.7857192033,-6.3843854794,-4.0806066693,8.2350196935,-1.3113129939,-7.0243417136,-0.4854,5.4863,19.8533,-0.0259,0.1117,-0.01766,0.0021,0.002,0.00218,0.00165,0.00172,0.0016,0.041,0.0435,0.045,passive,2
13.2205,rehab,danger_boundary_spike,3.9135127903,-665.6069142181,319.0956978765,-177.3924686792,0.1401730061,-149.9674664889,151.0914,-0.7373,-78.1673,132.0837,-2.6099,101.8138,84.3454485086,30.085626065,85.8144768949,-28.5028821955,-88.846394005,-35.1227430085,-8.7449394169,-3.2944280857,-3.881920812,6.1750812802,0.4144680622,-8.6178302904,-0.3874,5.6021,20.9215,-0.04313,0.1231,-0.02914,0.0021,0.002,0.00218,0.00165,0.00172,0.0016,0.041,0.0435,0.045,passive,2
13.2405,rehab,danger_boundary_spike,7.0186613323,-665.6285585225,317.6092773354,-177.3834874742,0.1418108531,-149.9708457443,156.0293,-0.3364,-74.5503,17.9341,-10.1826,-181.6223,84.1348631175,30.0383277878,85.7163886441,-28.3392658164,-88.8256331609,-35.2974186904,-7.0953792917,-4.6437889456,-6.1672112446,9.2553264598,1.0216714167,-5.9511639672,-0.3435,5.1726,20.1538,-0.03458,0.12184,-0.03113,0.0021,0.002,0.00218,0.00165,0.00172,0.0016,0.041,0.0435,0.045,passive,2
13.2605,rehab,danger_boundary_spike,10.1546845076,-665.6203696827,316.1136862768,-177.3857362815,0.1416621633,-149.9745711706,151.8088,-1.1446,-85.4322,-44.0149,-40.6887,-508.3002,84.061633337,29.8998745071,85.5677884451,-28.1326691371,-88.8055271483,-35.3607895672,-6.223341544,-3.7709896866,-5.3346914408,10.5016617807,-0.1069326244,-4.961388132,-0.1247,5.2052,19.3654,-0.01377,0.11012,-0.01124,0.0021,0.002,0.00218,0.00165,0.00172,0.0016,0.041,0.0435,0.045,passive,2
13.2805,rehab,danger_boundary_spike,13.0910135928,-665.6743421485,314.1919878127,-177.3879036045,0.1451414256,-149.9711540202,154.2687,-1.9639,-94.8823,123.1084,44.0524,-177.0679,83.8859294558,29.8874882004,85.5030009865,-27.9191993452,-88.8299104658,-35.4958742157,-9.257871735,-4.5678143481,-4.6310006864,9.4105254609,-1.7229883302,-7.7474361145,0.6164,5.3809,21.6242,-0.02681,0.12384,-0.0243,0.0021,0.002,0.00218,0.00165,0.00172,0.0016,0.041,0.0435,0.045,passive,2
13.3005,rehab,danger_boundary_spike,16.3254323352,-665.6989271112,312.3183942929,-177.3862360277,0.143704742,-149.9724979365,156.7331,0.6175,-92.515,-37.087,-1.3537,93.3754,83.6913184676,29.7171619332,85.3825484176,-27.7562481187,-88.8744466815,-35.6706870117,-8.0947039378,-3.3447111048,-6.801824976,7.5822110448,0.1863603454,-7.8222340603,0.544,5.3192,19.9933,-0.0207,0.12283,-0.02051,0.0021,0.002,0.00218,0.00165,0.00172,0.0016,0.041,0.0435,0.045,passive,2
13.3205,rehab,danger_boundary_spike,19.3603392627,-665.6496419447,310.4913895773,-177.393052882,0.1436085987,-149.9742621871,152.7852,-2.0181,-91.1473,-13.5742,-84.7393,-108.8988,83.5621412983,29.7536997562,85.2309279874,-27.6159109034,-88.822456052,-35.8087635781,-7.0474780875,-4.2118607821,-4.5256069451,8.8127444035,0.0462456758,-6.6656395459,0.9305,4.8553,19.3986,-0.02771,0.11307,-0.00118,0.0021,0.002,0.00218,0.00165,0.00172,0.0016,0.041,0.0435,0.045,passive,2
13.3405,rehab,danger_boundary_spike,22.4368409936,-665.7796505144,308.6725029423,-177.3898089472,0.1434495337,-149.9732511011,156.1902,-2.7721,-96.8709,180.6267,69.4875,-364.4561,83.4094193441,29.5486875019,85.2015241398,-27.4037383426,-88.8725968545,-35.9373125936,-10.7053890846,-6.4422749819,-5.9675260317,8.8324381439,-0.4343934972,-9.0275880328,1.0781,4.8639,19.7338,-0.0343,0.11535,-0.01318,0.0021,0.002,0.00218,0.00165,0.00172,0.0016,0.041,0.0435,0.045,passive,2
13.3605,rehab,danger_boundary_spike,25.6079462435,-665.7605245827,306.6165533197,-177.3860397706,0.1446044804,-149.9755074915,160.0103,0.7614,-105.7255,80.5564,5.9217,-125.9286,83.1339257349,29.4960087569,84.9922269462,-27.2626133776,-88.8398317919,-36.1698670994,-11.0668475053,-1.5817012777,-5.8313319118,5.9967843867,0.735635267,-7.8155906066,1.0229,4.9799,18.7704,-0.03633,0.10847,-0.02951,0.0021,0.002,0.00218,0.00165,0.00172,0.0016,0.041,0.0435,0.045,passive,2
13.3805,rehab,danger_boundary_spike,28.8372523711,-665.749193921,304.4434817708,-177.3890369383,0.1449573903,-149.9711371136,159.4124,-2.5352,-101.9081,51.27,-100.3739,140.5584,82.9667454438,29.4854194508,84.9682708634,-27.1638669671,-88.8431714438,-36.2499362178,-7.7830544743,-2.3431256151,-5.2308746661,7.2298957973,-0.6325427194,-8.2272169593,1.3362,4.8177,19.2633,-0.03168,0.10256,-0.00632,0.0021,0.002,0.00218,0.00165,0.00172,0.0016,0.041,0.0435,0.045,passive,2
13.4005,rehab,danger_boundary_spike,31.9844435344,-665.8619324231,302.540231295,-177.3867213357,0.142369863,-149.9728154617,162.0611,-3.2535,-100.1032,24.4605,54.7145,-89.776,82.8226035559,29.4022837323,84.7829919595,-26.9734175457,-88.8651335007,-36.4989557778,-5.3325588568,-5.577040707,-8.947021367,12.4050288693,-0.0728015682,-7.2090182134,1.751,4.7317,19.512,-0.02743,0.107,-0.00269,0.0021,0.002,0.00218,0.00165,0.00172,0.0016,0.041,0.0435,0.045,passive,2
13.4205,rehab,danger_boundary_spike,35.3196957303,-665.8793356375,300.4393540684,-177.3836485893,0.1422889418,-149.9765454403,160.3909,-0.3466,-105.4991,-232.8741,62.9535,-273.3798,82.7534430896,29.2623378226,84.6103900087,-26.6676658123,-88.8460835065,-36.5382969464,-9.3866358489,-5.0501225172,-6.1887361006,10.8047529382,-2.1996612999,-5.999053944,2.359,4.2156,18.741,-0.03766,0.10698,-0.00493,0.0021,0.002,0.00218,0.00165,0.00172,0.0016,0.041,0.0435,0.045,passive,2
13.4405,rehab,danger_boundary_spike,38.4000775734,-665.8757970358,298.3202676965,-177.3894913433,0.1430530651,-149.9714771337,152.7461,-0.7354,-111.0384,-317.6779,-14.6209,-262.34,82.447138122,29.2002788316,84.5354425155,-26.5412274282,-88.9531199527,-36.7389179356,-8.9528857252,-2.9259707669,-4.9812673396,9.7964450842,0.379385074,-10.1534925682,2.189,4.8841,19.877,-0.04149,0.12032,-0.01759,0.0021,0.002,0.00218,0.00165,0.00172,0.0016,0.041,0.0435,0.045,passive,2
13.4605,rehab,danger_boundary_spike,41.4295405777,-665.9087517112,295.997818755,-177.3865281248,0.1428178447,-149.9736739336,147.6837,-0.9315,-115.9927,-49.2207,-60.1485,-49.4496,82.3953276606,29.1452989919,84.4111393151,-26.275808009,-88.8309081035,-36.9444366491,-8.2569756305,-3.3815582979,-4.3241745457,8.9689639357,1.1992787388,-7.8615752963,2.7093,6.0311,20.4489,-0.02511,0.11172,-0.00131,0.0021,0.002,0.00218,0.00165,0.00172,0.0016,0.041,0.0435,0.045,passive,2
13.4805,rehab,danger_boundary_spike,44.3074269759,-665.9130550363,293.6805601642,-177.3868838944,0.1412091299,-149.9739576432,150.7773,-3.1413,-113.0164,109.6359,-41.7432,101.6202,82.1168590967,29.0650164997,84.3624755337,-26.1824688708,-88.9051488031,-37.0533809474,-8.6592859607,-5.4285014976,-2.8936027185,8.4651421824,-1.9263498744,-7.935842646,2.7959,4.6353,17.6899,-0.0223,0.09113,-0.01364,0.0021,0.002,0.00218,0.00165,0.00172,0.0016,0.041,0.0435,0.045,passive,2
13.5005,rehab,danger_boundary_spike,47.4606322463,-666.0344054214,291.4771641419,-177.3836375173,0.142076868,-149.9695020492,152.0692,-2.6012,-111.9279,-156.7083,36.9756,128.0055,82.0489562221,28.928158932,84.2953952064,-25.9372023217,-88.9079620985,-37.2618703549,-6.4042936279,-4.623244432,-5.3867098433,9.0904568489,-0.753670957,-6.640392653,2.6982,4.7315,17.8378,-0.01939,0.0973,-0.00774,0.0021,0.002,0.00218,0.00165,0.00172,0.0016,0.041,0.0435,0.045,passive,2
13.5205,rehab,danger_boundary_spike,50.3901938457,-666.0171021725,289.2034449417,-177.3847575327,0.1441848502,-149.970998339,144.509,-1.6623,-107.8961,-256.6013,-13.2185,60.7817,81.8606873516,28.8800867224,84.14700714,-25.8188505968,-88.9352956414,-37.3189966535,-6.8372657926,-3.6922198718,-6.853296241,6.9607737891,-0.8034745503,-5.1963904813,3.0327,5.2828,19.205,-0.01159,0.10763,-0.00989,0.0021,0.002,0.00218,0.00165,0.00172,0.0016,0.041,0.0435,0.045,passive,2
13.5405,rehab,danger_boundary_spike,53.240990708,-666.1008981557,287.1613182863,-177.387357926,0.1411594524,-149.9691475898,141.8051,-3.1299,-109.4966,-2101.6177,-52.8129,1450.8516,81.7754655904,28.7804701371,84.0212633567,-25.6587713701,-88.9401010805,-37.4697259742,-8.4568992641,-5.2829525966,-7.4171364877,8.0114279925,1.7820282222,-10.4375463212,3.3646,5.116,19.3264,-0.0262,0.10577,0.00352,0.0021,0.002,0.00218,0.00165,0.00172,0.0016,0.041,0.0435,0.045,passive,2
13.5605,rehab,danger_boundary_spike,56.062398619,-666.1422989366,284.8235804961,-177.3838762241,0.1441051137,-149.979046205,60.4443,-3.7748,-49.8621,-1977.0393,36.7572,1351.6916,81.5224113811,28.6687686186,83.8503216804,-25.4983934771,-88.8640145125,-37.7364985064,-4.22013792,-2.5297696477,-2.5383183695,3.3644149672,-3.3507957076,-2.3099057571,3.0478,3.8192,15.6176,-0.02437,0.09149,-0.0042,0.0021,0.002,0.00218,0.00165,0.00172,0.0016,0.041,0.0435,0.045,passive,2
13.5805,rehab,danger_boundary_spike,55.6587609108,-666.2518914805,285.1668350355,-177.3880412083,0.140778615,-149.974944946,62.7235,-1.6596,-55.4289,2216.3728,108.4575,-1898.7647,81.6066600736,28.6792793512,83.9197306219,-25.5241947714,-89.0741329088,-37.5621222045,-2.217255874,0.8413050053,-2.0438643316,5.5642859657,-1.0591738273,-0.0151475297,2.9899,4.0891,17.1039,-0.0419,0.08629,-0.00343,0.0021,0.002,0.00218,0.00165,0.00172,0.0016,0.041,0.0435,0.045,passive,2
13.6005,rehab,danger_boundary_spike,58.5713405741,-666.2086841242,282.6064225457,-177.3810613347,0.1407441733,-149.9760834027,149.0992,0.5635,-125.8127,1879.336,23.3825,-1715.0502,81.4337211461,28.7024208188,83.7685671072,-25.2758220385,-88.9063814656,-37.7371044076,-10.9892472369,-2.7416237116,-5.6051510105,8.4198141737,4.0693393453,-10.4513272957,3.8309,4.5118,18.2225,-0.02722,0.09933,-0.0039,0.0021,0.002,0.00218,0.00165,0.00172,0.0016,0.041,0.0435,0.045,passive,2
13.6205,rehab,danger_boundary_spike,61.6227275675,-666.2293528085,280.1343282362,-177.3819430642,0.1400166768,-149.9779199182,137.897,-0.7243,-124.031,-504.0982,-90.0114,118.9497,81.1670901842,28.5696144027,83.6955245815,-25.1874022045,-88.911359335,-37.9801752963,-8.558615638,-5.7825342104,-5.1477720265,5.951190591,-0.3136419255,-9.339341911,3.2134,4.5395,16.9457,-0.01989,0.09315,-0.00065,0.0021,0.002,0.00218,0.00165,0.00172,0.0016,0.041,0.0435,0.045,passive,2
13.6405,rehab,danger_boundary_spike,64.0872202065,-666.2376572411,277.6451843198,-177.3885393119,0.1378776123,-149.9746194866,128.9352,-3.037,-121.0547,-96.2132,-71.6342,159.7099,81.0913765206,28.4711194504,83.5626562261,-25.0377744149,-88.9189271427,-38.110678084,-3.7561355855,-5.8673890709,-3.6060449502,8.7310444818,-0.026736199,-7.7762620486,3.9511,4.5945,15.5006,-0.02368,0.08337,0.00384,0.0021,0.002,0.00218,0.00165,0.00172,0.0016,0.041,0.0435,0.045,passive,2
13.6605,rehab,danger_boundary_spike,66.7801370557,-666.3508323321,275.2921409039,-177.3884698589,0.1412485428,-149.9782977123,134.0485,-3.5897,-117.6426,1.3758,10.6899,299.7742,81.0168447607,28.3349188399,83.5512827835,-24.8381604252,-88.912428783,-38.2912257782,-8.3224950403,-6.3362325454,-6.4468263942,9.5844717261,-0.2475242317,-3.4418256952,3.9124,4.2001,16.921,-0.026,0.08801,0.00111,0.0021,0.002,0.00218,0.00165,0.00172,0.0016,0.041,0.0435,0.045,passive,2
13.6805,rehab,danger_boundary_spike,69.4491586705,-666.3812450343,272.9394819655,-177.3842798472,0.1455042346,-149.9797817397,128.9903,-2.6094,-109.0637,-461.5594,27.9481,263.1569,80.758476719,28.2176701485,83.3047831704,-24.6543955458,-88.9288281119,-38.2483511118,-9.3657789722,-4.3241996279,-6.5814405401,6.7425710051,-0.1801412837,-3.1482795762,3.5378,3.6954,15.6189,-0.02399,0.08645,0.00555,0.0021,0.002,0.00218,0.00165,0.00172,0.0016,0.041,0.0435,0.045,passive,2
13.7005,rehab,danger_boundary_spike,71.9397478147,-666.4552079656,270.9295922337,-177.3858908134,0.1355851052,-149.9715517757,115.5861,-2.4718,-107.1163,-473.1552,17.8908,-55.7086,80.6422136019,28.1619508548,83.2880251619,-24.568457585,-88.9196344343,-38.4171569613,-8.0047642831,-2.2271515061,-3.8057946377,6.8720280635,-0.8947076675,-8.7287821532,3.8578,4.3676,15.4067,-0.02595,0.07833,-0.00173,0.0021,0.002,0.00218,0.00165,0.00172,0.0016,0.041,0.0435,0.045,passive,2
13.7205,rehab,danger_boundary_spike,74.0726020892,-666.480115876,268.6548306518,-177.3856321114,0.1438327867,-149.9768358803,110.0641,-1.8938,-111.2921,-260.725,23.313,94.4232,80.4382861476,28.1285840883,83.1525513848,-24.3795144233,-88.9646164186,-38.597502398,-3.701599247,-3.899974147,-7.3591355096,9.1035550744,-0.2668285687,-8.3733978331,3.789,4.4181,15.8224,-0.01444,0.07501,0.0026,0.0021,0.002,0.00218,0.00165,0.00172,0.0016,0.041,0.0435,0.045,passive,2
13.7405,rehab,danger_boundary_spike,76.342310327,-666.5309583121,266.477909789,-177.382662061,0.1392818366,-149.9747473023,105.1571,-1.5393,-103.3394,-320.7675,-10.737,349.346,80.494149632,28.0059518889,82.9936597415,-24.204315382,-88.9303075771,-38.7520928746,-5.2552401938,-2.1949988346,-1.7866519669,6.3534772281,0.3844513457,-7.5535639665,4.3377,3.728,15.5688,-0.02802,0.07427,0.01253,0.0021,0.002,0.00218,0.00165,0.00172,0.0016,0.041,0.0435,0.045,passive,2
13.7605,rehab,danger_boundary_spike,78.2788854695,-666.5416858904,264.5212563969,-177.3852793063,0.1409898456,-149.978769904,97.2334,-2.3232,-97.3182,-240.3266,-38.0788,34.2674,80.2280765399,28.0407841349,83.0810853062,-24.1253753342,-88.9492383648,-38.8996449566,-10.9620135827,-2.0139623549,-1.0440787115,7.4093425536,-1.4299247806,-4.0758840258,4.3596,3.8612,14.7319,-0.01575,0.06931,0.00906,0.0021,0.002,0.00218,0.00165,0.00172,0.0016,0.041,0.0435,0.045,passive,2
13.7805,rehab,danger_boundary_spike,80.2316447846,-666.6238878805,262.585180976,-177.3882700568,0.1395693294,-149.9670599664,95.544,-3.0624,-101.9687,-160.7195,2.2298,115.3133,80.0556690887,27.9253933947,82.9518965931,-23.9079416799,-88.9875045683,-38.9151282356,-8.0722157746,-3.2717821233,-4.9771168112,6.1445752326,-1.0010534564,-3.126786168,4.7993,4.0481,15.8456,-0.01708,0.07885,0.00029,0.0021,0.002,0.00218,0.00165,0.00172,0.0016,0.041,0.0435,0.045,passive,2
13.8005,rehab,danger_boundary_spike,82.1006462443,-666.6641820189,260.4425100197,-177.3844293829,0.1399288255,-149.9708625374,90.8046,-2.234,-92.7057,-305.5109,42.3939,238.7906,79.9051879089,27.90991285,82.8820006337,-23.8795923248,-88.989280503,-39.0247164033,-4.7096229194,-1.7522166876,-3.9326623445,7.1269877303,-0.9711453593,-8.3266584713,4.6954,4.0288,14.2789,-0.02045,0.07225,0.00509,0.0021,0.002,0.00218,0.00165,0.00172,0.0016,0.041,0.0435,0.045,passive,2
13.8205,rehab,danger_boundary_spike,83.8638281187,-666.7132497662,258.8769534446,-177.3836266639,0.1444900499,-149.975174915,83.3236,-1.3666,-92.417,-171.7892,25.6184,98.2501,79.8672841719,27.8553047272,82.7945900993,-23.6228621706,-89.0263503827,-39.2481945745,-4.0752739121,-4.9293765362,-0.9958598036,7.4392465868,-1.5096875781,-6.1142730527,4.9587,4.6208,15.2253,-0.00938,0.07928,0.01735,0.0021,0.002,0.00218,0.00165,0.00172,0.0016,0.041,0.0435,0.045,passive,2
13.8405,rehab,danger_boundary_spike,85.4335895592,-666.7188478396,256.7458286752,-177.3851815276,0.1400543113,-149.9779688792,83.933,-1.2093,-88.7757,-69.7235,-42.9036,266.9789,79.7421769524,27.7127377885,82.8421662416,-23.5820224614,-89.0496680062,-39.2692873254,-5.7497912804,-4.9473920947,-3.1195236369,2.7663889325,-0.380087679,-1.1118944192,5.3282,3.8513,15.0157,-0.02312,0.06396,0.01794,0.0021,0.002,0.00218,0.00165,0.00172,0.0016,0.041,0.0435,0.045,passive,2
13.8605,rehab,danger_boundary_spike,87.2211487672,-666.7616222451,255.3259260663,-177.3799356054,0.141319045,-149.9771558546,80.5346,-3.0828,-81.7379,-286.5962,-24.8082,24.5889,79.6372925207,27.6574090434,82.6698091538,-23.5122066134,-89.0415538898,-39.2926703513,-6.646748905,-1.12604167,-7.9246270489,5.8883051387,2.5604215478,-4.9433183201,5.0926,4.1397,14.5157,-0.01801,0.07668,0.00709,0.0021,0.002,0.00218,0.00165,0.00172,0.0016,0.041,0.0435,0.045,passive,2
13.8805,rehab,danger_boundary_spike,88.6549753144,-666.8421594432,253.4763135494,-177.3788883164,0.1412500941,-149.9715542985,72.4692,-2.2016,-87.7921,-242.4174,25.1456,92.7677,79.4763069962,27.6676961217,82.5251811596,-23.3464902558,-88.9472511443,-39.4670200583,-4.1052009847,-2.768408826,-4.5673393973,6.1390225828,1.6560130022,-3.2897423194,4.8793,3.9844,14.9492,-0.00933,0.07858,0.0155,0.0021,0.002,0.00218,0.00165,0.00172,0.0016,0.041,0.0435,0.045,passive,2
13.9005,rehab,danger_boundary_spike,90.1199154872,-666.8496878238,251.8142409987,-177.385944747,0.1454857632,-149.9755765384,70.8379,-2.077,-78.0272,-145.4756,-5.5371,204.7578,79.4730844813,27.5466726904,82.4871155779,-23.26664571,-88.9753133698,-39.424260044,-4.9729909058,-3.3305650844,-2.1920100096,4.4819349947,-3.94193779,-3.6311188664,6.3465,4.65,16.3124,-0.02601,0.09335,0.01164,0.0021,0.002,0.00218,0.00165,0.00172,0.0016,0.041,0.0435,0.045,passive,2
13.9205,rehab,danger_boundary_spike,91.4884931783,-666.9252380321,250.3552268019,-177.3851958108,0.1432201404,-149.9761933349,66.6501,-2.4231,-79.6018,-99.8125,1.2221,-75.0291,79.27738736,27.5344735184,82.4375007592,-23.167212856,-89.1049286559,-39.6122648129,-4.1364057622,-0.2849389691,-2.4604369133,4.4600745675,-2.1696091206,-6.4964368299,5.4235,3.8209,14.19,-0.02697,0.05787,0.00888,0.0021,0.002,0.00218,0.00165,0.00172,0.0016,0.041,0.0435,0.045,passive,2
13.9405,rehab,danger_boundary_spike,92.7859212978,-666.9466127451,248.6301683645,-177.3835158172,0.1427951337,-149.975843789,66.8454,-2.0281,-81.0283,71.1754,6.2099,130.6927,79.3076282508,27.5352751316,82.3886981014,-23.0882427273,-89.0620977346,-39.6841175172,-3.3644992773,-2.8483126589,-3.6597471145,5.4971587146,0.6041085686,-4.8715470307,5.4138,3.66,14.5566,-0.01542,0.06993,0.01558,0.0021,0.002,0.00218,0.00165,0.00172,0.0016,0.041,0.0435,0.045,passive,2
13.9605,rehab,danger_boundary_spike,94.1623109789,-667.0063612075,247.1140934623,-177.3868670942,0.1410707596,-149.9761359853,69.4972,-2.1747,-74.3741,-156.2512,-31.7109,256.8372,79.1428073889,27.420541012,82.2911108747,-22.9473265075,-89.0807643131,-39.8071266941,-5.7468746914,-3.3271805339,-2.4901999437,3.3543049152,-0.2068022188,-6.0507664585,6.1286,3.8469,16.2845,-0.02745,0.07853,0.01214,0.0021,0.002,0.00218,0.00165,0.00172,0.0016,0.041,0.0435,0.045,passive,2
13.9805,rehab,danger_boundary_spike,95.5658077531,-667.0336018742,245.6552040297,-177.3792780637,0.138895969,-149.9801262668,60.5954,-3.2965,-70.7548,-275.8735,11.9651,-35.0073,79.0777532631,27.4021879102,82.2890901036,-22.9540705307,-89.0703698233,-39.9261481756,-3.514760598,-1.2058523949,-4.1655710662,5.722718481,1.0393468924,-2.6129534323,5.2312,3.8361,13.9696,-0.02012,0.0703,0.01162,0.0021,0.002,0.00218,0.00165,0.00172,0.0016,0.041,0.0435,0.045,passive,2
14.0005,rehab,danger_boundary_spike,96.5861268365,-667.1382218985,244.283899677,-177.3837760248,0.142343907,-149.9830733781,58.4622,-1.6961,-75.7744,76.4636,29.637,-201.4025,79.002216965,27.3723069162,82.124488032,-22.7184177682,-89.0391904374,-39.9116448314,-3.0456403986,-2.1150495014,-4.1152156094,7.0459262005,-0.5600133195,-2.072404788,5.0362,3.3914,14.1334,-0.01424,0.06741,0.01888,0.0021,0.002,0.00218,0.00165,0.00172,0.0016,0.041,0.0435,0.045,passive,2
14.0205,rehab,danger_boundary_spike,97.9042966083,-667.1014468471,242.6242280518,-177.3782777067,0.1439541444,-149.9802368836,63.6539,-2.111,-78.8109,59.6339,-81.7976,-28.551,78.9559276472,27.3175859302,82.1244814793,-22.6722334827,-89.0927703561,-40.0090443671,-5.6526570385,0.6747486673,-2.4356391738,3.9868471696,-1.0597447086,-6.0214421851,6.543,4.6012,16.7725,-0.02623,0.08045,0.00382,0.0021,0.002,0.00218,0.00165,0.00172,0.0016,0.041,0.0435,0.045,passive,2
14.0405,rehab,danger_boundary_spike,99.1322844117,-667.2226634562,241.1314619631,-177.3799285989,0.1408508283,-149.9698408255,60.8476,-4.968,-76.9164,-100.3375,35.4502,105.3567,78.7761106834,27.3992968629,82.0270624651,-22.5589438814,-89.0815802258,-40.1525025188,-5.6346164446,-1.6036606691,-2.4151486866,2.318672685,0.838600474,-5.1095067796,6.0239,4.4226,15.1517,-0.0158,0.07608,0.02124,0.0021,0.002,0.00218,0.00165,0.00172,0.0016,0.041,0.0435,0.045,passive,2
14.0605,rehab,danger_boundary_spike,100.3381996809,-667.3001679737,239.5475704548,-177.3843798405,0.1400315989,-149.9739401564,59.6404,-0.693,-74.5967,942.7828,132.6576,-1195.7897,78.7305429894,27.2534395034,82.0278755318,-22.5794865753,-89.0592263371,-40.2134246383,-3.9655742554,-5.839880829,-2.6867161679,2.3138928069,0.0025313788,-3.5701142798,6.7824,4.0007,16.0716,-0.02314,0.08129,0.01442,0.0021,0.002,0.00218,0.00165,0.00172,0.0016,0.041,0.0435,0.045,passive,2
14.0805,rehab,danger_boundary_spike,101.517902047,-667.2503846829,238.1475949427,-177.3826600091,0.1423677507,-149.9763150324,98.5589,0.3383,-124.748,1183.728,-12.5824,-1679.5369,78.6174877132,27.1657016297,81.9195938183,-22.4663881692,-89.0814789706,-40.29530709,-8.5984963891,-3.1208886949,-8.1224191335,8.7295449416,2.1852693795,-4.8658772515,6.2832,4.2606,15.4533,-0.02298,0.07356,0.02628,0.0021,0.002,0.00218,0.00165,0.00172,0.0016,0.041,0.0435,0.045,passive,2
14.1005,rehab,danger_boundary_spike,104.2805552647,-667.2866369591,234.5576493054,-177.3868789425,0.141830334,-149.9742824681,106.9896,-1.1963,-141.7782,-654.1144,-65.2523,612.5949,78.3866031338,27.1286039556,81.7029787665,-22.2303047777,-88.971815562,-40.4080597283,-7.622796564,-3.4133942613,-5.711011002,11.16970735,-1.0050659032,-7.5165281961,7.6198,4.9715,16.9657,-0.02946,0.07802,0.01771,0.0021,0.002,0.00218,0.00165,0.00172,0.0016,0.041,0.0435,0.045,passive,2
14.1205,rehab,danger_boundary_spike,105.7974845586,-667.2982378168,232.4764688428,-177.3864704563,0.1436519712,-149.9777279938,72.3943,-2.2718,-100.2442,-811.1262,-104.4236,1074.9673,78.3125758507,27.0291658593,81.6911533783,-22.0195998752,-89.1216816067,-40.5959682179,-4.6136040479,-6.4070831626,-2.3753744294,5.2937287006,-2.0625266744,-5.7198917685,7.436,4.3878,16.1533,-0.02209,0.07283,0.0208,0.0021,0.002,0.00218,0.00165,0.00172,0.0016,0.041,0.0435,0.045,passive,2
14.1405,rehab,danger_boundary_spike,107.1763277544,-667.37750957,230.5478800302,-177.3824414188,0.1448627441,-149.9789319493,74.5445,-5.3733,-98.7795,-26.0106,38.5662,-110.1732,78.2020589719,26.8723206291,81.6079637893,-22.0185556296,-89.0543166289,-40.6368553991,-4.5896947123,-5.7001734654,-1.9308450139,4.2654175041,0.9556028543,-4.4642013929,7.949,4.5541,16.0727,-0.03063,0.06621,0.00931,0.0021,0.002,0.00218,0.00165,0.00172,0.0016,0.041,0.0435,0.045,passive,2
14.1605,rehab,danger_boundary_spike,108.779265164,-667.5131687289,228.525290412,-177.3849772674,0.1396913405,-149.9802495074,71.3539,-0.7292,-104.6512,52.3679,138.485,-151.2027,78.1289880622,26.8011589207,81.6139195777,-21.848983175,-89.0834574926,-40.7745362736,-6.5668669336,2.4196931236,-5.223834216,7.8623904814,0.8740054873,-4.2257826512,7.7524,4.7701,16.4062,-0.02614,0.06852,0.02491,0.0021,0.002,0.00218,0.00165,0.00172,0.0016,0.041,0.0435,0.045,passive,2
14.1805,rehab,danger_boundary_spike,110.0304833381,-667.4066761945,226.361833628,-177.3852523983,0.1398476549,-149.9761975074,76.6392,0.1661,-104.8276,334.3434,-33.1198,-286.378,77.9393842946,26.9691083541,81.3990104206,-21.7040600104,-89.0193564095,-40.8058867051,-7.4169414252,2.0461635757,-5.8902251981,5.4672741106,-0.4533818031,-4.0606490251,7.1005,4.1755,15.2442,-0.00422,0.07157,0.01966,0.0021,0.002,0.00218,0.00165,0.00172,0.0016,0.041,0.0435,0.045,passive,2
14.2005,rehab,danger_boundary_spike,111.8448344323,-667.5065237174,224.3321877276,-177.3809193488,0.1409504179,-149.9736817501,84.7276,-2.054,-116.1063,51.4643,-21.5785,-311.1282,77.8323104052,26.8830054637,81.3783105698,-21.6302922106,-89.1015927647,-40.9369622346,-4.8794623696,-5.8947780845,-1.1200949623,4.8496049384,-1.4975831747,-6.3555775098,8.8536,4.3617,17.3381,-0.027,0.07225,0.04307,0.0021,0.002,0.00218,0.00165,0.00172,0.0016,0.041,0.0435,0.045,passive,2
14.2205,rehab,danger_boundary_spike,113.4195883574,-667.4888344464,221.7175824111,-177.3871640754,0.1419497803,-149.9789681418,78.6978,-0.697,-117.2727,-172.347,11.9037,80.3238,77.7442057998,26.7333172307,81.3542066222,-21.5100758128,-89.0792597364,-41.0601098055,-5.3163391453,-3.5237660102,-2.6099123247,7.8646101412,1.4956571648,-4.8185550886,8.6469,4.9885,17.0855,-0.02381,0.08269,0.02761,0.0021,0.002,0.00218,0.00165,0.00172,0.0016,0.041,0.0435,0.045,passive,2
14.2405,rehab,danger_boundary_spike,114.9927466005,-667.53440432,219.6412798498,-177.3864595429,0.1414665514,-149.9750848904,77.8337,-1.5778,-112.8933,-117.3741,-6.1464,-11.2475,77.6196568394,26.7420548233,81.2739140768,-21.3157078049,-89.0417664781,-41.1297044381,-4.5229066189,-2.5440497659,-5.1991301477,6.5872100576,-1.8048175316,-6.8956513772,9.4152,4.842,17.758,-0.02646,0.07034,0.02023,0.0021,0.002,0.00218,0.00165,0.00172,0.0016,0.041,0.0435,0.045,passive,2
14.2605,rehab,danger_boundary_spike,116.5329381674,-667.5519467147,217.2018492654,-177.3872897853,0.1428886176,-149.976578176,74.0028,-0.9429,-117.7226,4.8446,3.0808,-266.2852,77.5632895351,26.63155524,81.1462414162,-21.2465874105,-89.1514524377,-41.3359358606,-5.232716672,-4.7078403087,-4.0824723805,6.8371383592,-2.0955181716,-6.7331349061,8.8048,5.4414,16.3956,-0.00938,0.07108,0.01211,0.0021,0.002,0.00218,0.00165,0.00172,0.0016,0.041,0.0435,0.045,passive,2
14.2805,rehab,danger_boundary_spike,117.9528601423,-667.5721192295,214.9323760037,-177.3862375842,0.1394078606,-149.9770356858,78.0275,-1.4546,-123.5447,227.3839,-20.3231,-299.8012,77.4103481725,26.5537412109,81.1106151816,-21.0422222705,-89.125587205,-41.3990298344,-6.8234897534,-3.3876223085,-4.8527719222,6.0467049159,-0.3108625908,-4.4808896049,8.8845,4.5416,15.6704,-0.0091,0.0675,0.02999,0.0021,0.002,0.00218,0.00165,0.00172,0.0016,0.041,0.0435,0.045,passive,2
14.3005,rehab,danger_boundary_spike,119.6540393399,-667.6101297609,212.2600598012,-177.3808754412,0.1382756727,-149.9755927292,83.0982,-1.7558,-129.7146,-21.2841,5.4113,-157.2931,77.2903499449,26.4960503477,80.9521305394,-21.0047192139,-89.1638869413,-41.5151714448,-6.8449210748,-2.3498216452,-4.0744420509,6.1501425614,-1.3539965476,-7.0717440766,9.3127,5.3754,17.5593,-0.01428,0.07965,0.01952,0.0021,0.002,0.00218,0.00165,0.00172,0.0016,0.041,0.0435,0.045,passive,2
14.3205,rehab,danger_boundary_spike,121.2767879557,-667.6423511229,209.7437902865,-177.3728978321,0.1437248847,-149.9766801481,77.1762,-1.2381,-129.8365,-274.5823,18.6326,-164.2696,77.1365513295,26.4597483451,80.9476374995,-20.7962165681,-89.1797470669,-41.6818995974,-8.3973913542,-5.3319841086,-2.7456745499,8.1310893496,-1.0345820171,-7.5340542869,9.849,5.2458,16.4584,-0.0231,0.07071,0.03797,0.0021,0.002,0.00218,0.00165,0.00172,0.0016,0.041,0.0435,0.045,passive,2
14.3405,rehab,danger_boundary_spike,122.7410859216,-667.6596547766,207.0666013563,-177.3805299752,0.1400756324,-149.9777089576,72.1149,-1.0105,-136.2854,194.8257,-5.6377,-227.8421,76.9544542907,26.2827709834,80.8423035574,-20.6794756399,-89.205270222,-41.8165336163,-6.8919698775,-4.4553058029,-4.6606514821,7.2075041478,1.6417497568,-7.9580364789,9.6701,5.0104,16.6149,-0.0202,0.06875,0.02755,0.0021,0.002,0.00218,0.00165,0.00172,0.0016,0.041,0.0435,0.045,passive,2
14.3605,rehab,danger_boundary_spike,124.1613841264,-667.682770835,204.2923731938,-177.3848022226,0.1388210355,-149.978203886,84.9692,-1.4636,-138.9501,202.0687,44.9896,48.4972,76.8608725344,26.281536113,80.7612114403,-20.5079164022,-89.1140770766,-42.0002210566,-4.7416323491,-2.3104824222,-5.3359117052,8.0363866177,1.9873584107,-8.4441120714,11.392,5.423,17.6782,-0.0122,0.07536,0.04293,0.0021,0.002,0.00218,0.00165,0.00172,0.0016,0.041,0.0435,0.045,passive,2
14.3805,rehab,danger_boundary_spike,126.1398535897,-667.7182000765,201.5085954925,-177.379401889,0.1403497693,-149.9829655417,80.1977,0.7891,-134.3455,-349.8335,48.6009,107.0986,76.7647889968,26.1903516865,80.6288670892,-20.3580201752,-89.1257758856,-42.1542980991,-7.6725877942,-3.9817681438,-4.4569449745,8.5798311683,0.3943420419,-3.631099742,9.5711,4.4075,15.7139,-0.01366,0.06236,0.02263,0.0021,0.002,0.00218,0.00165,0.00172,0.0016,0.041,0.0435,0.045,passive,2
14.4005,rehab,danger_boundary_spike,127.3692902844,-667.6512071931,198.9185516673,-177.381124905,0.1383996364,-149.9791824384,70.9759,0.4804,-134.6662,-86.3247,-63.6278,-144.1678,76.5539690226,26.1222653873,80.5829336413,-20.1647231555,-89.0983033949,-42.1454650463,-8.6045695197,-2.2404774915,-4.9987412978,9.3901735658,-0.3068750779,-5.0663486545,10.4921,5.0501,16.718,-0.0062,0.07435,0.02978,0.0021,0.002,0.00218,0.00165,0.00172,0.0016,0.041,0.0435,0.045,passive,2
14.4205,rehab,danger_boundary_spike,128.9788876868,-667.6989839879,196.1219473339,-177.3790643251,0.1395033762,-149.9772559862,76.7447,-1.756,-140.1122,106.2307,-29.3992,-114.5607,76.420606216,26.1007325868,80.4289174372,-19.9824132326,-89.1380508887,-42.3569520453,-6.0361970924,-3.2022635414,-5.5709483548,6.2143205646,-1.5598840708,-9.8565346543,10.7446,4.4875,16.0061,-0.02701,0.05827,0.03138,0.0021,0.002,0.00218,0.00165,0.00172,0.0016,0.041,0.0435,0.045,passive,2
14.4405,rehab,danger_boundary_spike,130.4390769768,-667.7214480531,193.3140616702,-177.3775337543,0.1424773661,-149.9732997746,75.2251,-0.6956,-139.2486,55.1554,1.7282,-57.3067,76.3125211389,25.9941748456,80.3600957071,-19.9161503329,-89.1606987578,-42.5397264325,-6.8899872195,-5.0250846288,-2.7657438755,5.5571800335,-0.3350707491,-2.8257517657,11.026,5.6761,16.1495,-0.00553,0.06933,0.03951,0.0021,0.002,0.00218,0.00165,0.00172,0.0016,0.041,0.0435,0.045,passive,2
14.4605,rehab,danger_boundary_spike,131.9878909258,-667.7268066331,190.5520020496,-177.3800650668,0.142126507,-149.9790177726,78.9509,-1.6869,-142.4045,-122.5778,13.8938,-160.7126,76.1450067272,25.8997292017,80.3182876822,-19.7601260312,-89.1514537187,-42.4699821159,-7.7975014618,-2.6618023637,-5.1323630883,7.0161071555,0.6260621029,-4.3295992776,10.7532,4.6754,16.0248,-0.01811,0.06574,0.03063,0.0021,0.002,0.00218,0.00165,0.00172,0.0016,0.041,0.0435,0.045,passive,2
14.4805,rehab,danger_boundary_spike,133.5971122548,-667.7889237561,187.6178809622,-177.3772245133,0.1404294377,-149.9785036504,70.322,-0.1398,-145.6771,-218.4934,106.5936,-50.9837,76.0006210804,25.8877027511,80.1548011835,-19.6355060466,-89.1356562736,-42.7129104036,-7.2303248508,-3.742948068,-5.7146079104,5.6333944943,-1.7362483803,-6.9439592191,12.1843,5.5598,16.7958,-0.00376,0.07116,0.04537,0.0021,0.002,0.00218,0.00165,0.00172,0.0016,0.041,0.0435,0.045,passive,2
14.5005,rehab,danger_boundary_spike,134.800769606,-667.7323992188,184.7249166357,-177.3812079988,0.1415211682,-149.9758745524,70.2111,2.5769,-144.4439,36.1832,-13.4041,29.9935,75.8557937332,25.7500112789,80.0897033658,-19.5347902515,-89.2209036539,-42.7477404847,-5.360365108,-5.7985800315,-4.3196211491,8.0256803342,-2.167491756,-5.2172610369,11.8189,5.1581,16.543,-0.01092,0.06352,0.04477,0.0021,0.002,0.00218,0.00165,0.00172,0.0016,0.041,0.0435,0.045,passive,2
14.5205,rehab,danger_boundary_spike,136.4055580968,-667.6858497505,181.8401262739,-177.3775980214,0.1406176109,-149.978125186,71.7693,-0.676,-144.4774,-145.3981,-109.558,14.5083,75.7862064761,25.6557595498,79.9820163376,-19.3144788333,-89.2223559439,-42.921600845,-6.1237729179,-1.7046961149,-4.7260414111,10.4583596508,-0.1988854439,-6.9614200441,12.0865,5.4035,17.1773,-0.01733,0.07139,0.04138,0.0021,0.002,0.00218,0.00165,0.00172,0.0016,0.041,0.0435,0.045,passive,2
14.5405,rehab,danger_boundary_spike,137.6715414436,-667.7594383499,178.9458207968,-177.3833641217,0.1416200822,-149.9758638227,64.3952,-1.8055,-143.8635,-270.6819,32.6116,109.4089,75.6108428165,25.6818234343,79.9006617094,-19.1164558654,-89.2288590716,-43.0261972865,-8.8774911269,-1.3512441022,-4.7724377575,8.5073059954,0.0370161753,-4.7179876639,12.7453,5.7132,16.5811,-0.01714,0.06022,0.03289,0.0021,0.002,0.00218,0.00165,0.00172,0.0016,0.041,0.0435,0.045,passive,2
14.5605,rehab,danger_boundary_spike,138.9813669848,-667.7580684932,176.0855849234,-177.3827870286,0.1412656957,-149.9797783673,60.942,0.6285,-140.101,-158.6642,52.0343,129.3572,75.431106831,25.6017097857,79.7911188273,-18.9741865935,-89.2208752969,-43.1103203516,-7.1399247638,-4.8420247286,-2.4775784782,7.0012077584,1.0694271807,-8.1812291615,12.7895,5.5607,17.0091,-0.00442,0.06356,0.04389,0.0021,0.002,0.00218,0.00165,0.00172,0.0016,0.041,0.0435,0.045,passive,2
14.5805,rehab,danger_boundary_spike,140.1092222742,-667.7342989341,173.3417791467,-177.3806444535,0.140230353,-149.9810888003,58.0487,0.2759,-138.6892,-3316.4495,-57.9399,7589.3766,75.3252458259,25.4881424452,79.8015585702,-18.8364075551,-89.1860819844,-43.3534464529,-7.6068883384,-6.1613584852,-4.6194465453,4.3979833854,2.4704316073,-8.2198519428,13.3627,5.9573,16.8286,-0.0087,0.05854,0.03945,0.0021,0.002,0.00218,0.00165,0.00172,0.0016,0.041,0.0435,0.045,passive,2
14.6005,rehab,danger_boundary_spike,141.3033131913,-667.7470323243,170.538015019,-177.3783624195,0.138652186,-149.9801373903,-71.716,-1.6891,163.474,-3223.6456,7.6819,7714.9551,75.1268312975,25.3552554463,79.6063409655,-18.798267258,-89.1220580326,-43.4391144293,6.9173329685,5.0705960489,1.3233611473,-9.8217509566,3.1865585297,7.9457045913,22.3647,5.7184,-2.4674,0.06203,-0.09127,0.08869,0.0021,0.002,0.00218,0.00165,0.00172,0.0016,0.041,0.0435,0.045,passive,2
14.6205,rehab,danger_boundary_spike,137.2405838934,-667.8018634173,179.8807401314,-177.3796143749,0.1374896067,-149.975558594,-70.8972,0.5832,169.909,3212.515,88.7351,-7337.9081,75.6019391446,25.6909662872,79.8544930161,-19.2292775933,-89.0586196432,-43.0356182693,9.0693240246,6.5072641262,5.7435964003,-8.20629886,-1.7062034678,8.4723459836,22.1207,4.8393,-2.0208,0.04862,-0.07453,0.09189,0.0021,0.002,0.00218,0.00165,0.00172,0.0016,0.041,0.0435,0.045,passive,2
14.6405,rehab,danger_boundary_spike,138.4674265027,-667.7237050507,177.3343733168,-177.376262508,0.1384959063,-149.9806481024,56.7846,1.8603,-130.0423,3033.7745,83.6452,-7349.3229,75.4896042585,25.6155460114,79.8360848215,-19.1265192125,-89.1903061713,-43.10022059,-5.3222225735,-3.5705534485,0.8172291054,5.2497063557,-3.2653010997,-5.5138380813,13.4267,-5.644,17.8939,-0.12962,0.05896,0.09096,0.0021,0.002,0.00218,0.00165,0.00172,0.0016,0.041,0.0435,0.045,passive,2
14.6605,rehab,danger_boundary_spike,139.5119694631,-667.727451688,174.6790481003,-177.3814462104,0.1419065873,-149.9815293352,50.4538,3.929,-124.064,-213.8309,-57.1452,264.9631,75.3890502417,25.5481441492,79.8871821803,-19.0192893391,-89.1892316872,-43.2561717925,-4.9496950764,-4.3387535838,-3.3142709203,5.8199430066,0.8236624823,-5.6114243555,13.2512,-5.4318,17.1445,-0.12588,0.06666,0.08688,0.0021,0.002,0.00218,0.00165,0.00172,0.0016,0.041,0.0435,0.045,passive,2
14.6805,rehab,danger_boundary_spike,140.4855790634,-667.5665453963,172.3718149139,-177.3776127605,0.1358219536,-149.9849956915,48.2314,-0.4255,-119.4438,13.4161,-191.9951,56.2537,75.2916164554,25.441995868,79.7035139847,-18.8937214922,-89.157359672,-43.3246775642,-5.8957720296,-2.4524107205,-8.8660528778,9.6505930462,-0.5706779684,-2.4043972837,13.3604,-5.5621,16.5254,-0.12717,0.05564,0.0836,0.0021,0.002,0.00218,0.00165,0.00172,0.0016,0.041,0.0435,0.045,passive,2
14.7005,rehab,danger_boundary_spike,141.4412255225,-667.7444723136,169.9012970548,-177.3756631635,0.1357579173,-149.9806019522,50.9905,-3.7508,-121.8138,-33.3785,49.9844,-83.7718,75.1532193605,25.4500477204,79.5325400652,-18.6332656173,-89.212058806,-43.3523476839,-6.241038927,-3.0145951146,-3.6278646951,10.7746480561,-0.8146840197,-6.1044471492,13.6614,-5.8781,17.2184,-0.12558,0.05698,0.09052,0.0021,0.002,0.00218,0.00165,0.00172,0.0016,0.041,0.0435,0.045,passive,2
14.7205,rehab,danger_boundary_spike,142.5251973133,-667.7165779452,167.4992624156,-177.3839433133,0.1431795696,-149.9780346292,46.8963,1.5739,-122.7946,-130.2714,166.2208,50.0712,75.0419748984,25.3214120634,79.5583993969,-18.4627355699,-89.1899470328,-43.5688554501,-6.5038802063,-6.8785269504,-0.4938801284,6.6667161022,-1.5910193982,-8.1824699323,13.5871,-5.5411,16.6486,-0.1255,0.05716,0.09288,0.0021,0.002,0.00218,0.00165,0.00172,0.0016,0.041,0.0435,0.045,passive,2
14.7405,rehab,danger_boundary_spike,143.3170759859,-667.6815179344,164.9895110802,-177.3819145366,0.1391597774,-149.9819974729,45.7796,2.898,-119.811,-40.1638,22.5268,221.4894,74.8930641523,25.1749066424,79.5127848601,-18.3665969732,-89.2756995819,-43.6796464812,-6.2455288255,-0.8435489627,-5.2431080037,0.6164365291,-0.3345001153,-5.7147847562,14.0915,-5.7063,16.9351,-0.12526,0.05952,0.08983,0.0021,0.002,0.00218,0.00165,0.00172,0.0016,0.041,0.0435,0.045,passive,2
14.7605,rehab,danger_boundary_spike,144.3563813362,-667.6006571362,162.7068238413,-177.3798504995,0.1404130121,-149.9782336753,45.2897,2.4749,-113.9351,5.5763,-26.7592,175.5234,74.7921537453,25.2876701049,79.3486750767,-18.4380781088,-89.2033270374,-43.7974468404,-4.8227633101,-1.0780298364,-5.1114472781,1.4580405985,2.5663370254,-7.0981009706,14.0399,-5.4758,16.4333,-0.11737,0.06266,0.09181,0.0021,0.002,0.00218,0.00165,0.00172,0.0016,0.041,0.0435,0.045,passive,2
14.7805,rehab,danger_boundary_spike,145.1286644028,-667.5825207331,160.4321082035,-177.3821465546,0.1378338946,-149.9877099483,46.0027,1.8277,-112.79,-10.7895,-78.7405,123.8267,74.7001536199,25.1317854489,79.308326969,-18.3082753492,-89.1730461009,-43.96357052,-4.4457986626,-4.934298972,-3.24609225,7.4784183393,-1.0838121577,-3.8666325449,13.7069,-5.1943,16.0717,-0.12182,0.05299,0.08569,0.0021,0.002,0.00218,0.00165,0.00172,0.0016,0.041,0.0435,0.045,passive,2
14.8005,rehab,danger_boundary_spike,146.1964874673,-667.5275510856,158.1952226738,-177.3791681591,0.1411194191,-149.9815505274,44.8581,-0.6747,-108.982,-165.5543,-49.5229,267.7595,74.6143217988,25.090298146,79.2188313867,-18.1389413752,-89.2466795237,-43.9521121422,-4.5371930613,-1.3258920424,-3.3695492957,6.6101293259,-1.6067396342,-0.6551272088,15.2931,-5.8077,17.3874,-0.12009,0.05726,0.08686,0.0021,0.002,0.00218,0.00165,0.00172,0.0016,0.041,0.0435,0.045,passive,2
14.8205,rehab,danger_boundary_spike,146.9229896013,-667.6095083853,156.0728280113,-177.3846202995,0.142104234,-149.9796674588,39.3805,-0.1533,-102.0797,-142.1586,86.6693,37.3644,74.5186658974,25.0787497672,79.1735449971,-18.0438701762,-89.2373156862,-43.9897756084,-6.112817382,-2.3885224216,-2.717843768,6.3430528816,0.4659354412,-4.8748963705,13.8344,-5.2303,15.6539,-0.11067,0.0545,0.10295,0.0021,0.002,0.00218,0.00165,0.00172,0.0016,0.041,0.0435,0.045,passive,2
14.8405,rehab,danger_boundary_spike,147.7717067654,-667.5336817308,154.1120366707,-177.3768212679,0.1361541285,-149.9784832339,39.1718,2.7921,-107.4874,-45.9652,21.2122,-29.7386,74.3698091036,24.9947572492,79.110117636,-17.8852192599,-89.2280421061,-44.147107997,-4.833823754,-4.1379412797,-1.7306739381,5.6185570587,0.1337493397,-3.2656679291,14.6074,-6.2137,15.7678,-0.12192,0.03959,0.09553,0.0021,0.002,0.00218,0.00165,0.00172,0.0016,0.041,0.0435,0.045,passive,2
14.8605,rehab,danger_boundary_spike,148.4898610264,-667.4978251166,151.7733308208,-177.3766701182,0.1390407328,-149.9820018725,37.5419,0.6952,-103.2692,-305.7116,-79.2557,454.5419,74.3253129473,24.9132321161,79.1043180396,-17.8191278939,-89.2319657126,-44.1204023255,-3.6116448639,-1.5508508422,-2.2545084096,2.7295887708,-1.3713105115,-4.1169176122,14.3051,-5.5053,16.0176,-0.11563,0.05854,0.09482,0.0021,0.002,0.00218,0.00165,0.00172,0.0016,0.041,0.0435,0.045,passive,2
14.8805,rehab,danger_boundary_spike,149.2733817156,-667.5058728154,149.9812689461,-177.3747960241,0.1399902595,-149.9850720956,26.9433,-0.3781,-89.3058,-327.5179,1.5133,311.015,74.225343309,24.9327232155,79.0199372996,-17.7760357091,-89.2828945265,-44.3117847015,-7.8787211793,-2.3175168306,-3.66762111,5.0251694975,-0.509528026,-7.07781323,15.6083,-5.6142,16.4158,-0.12011,0.05507,0.10039,0.0021,0.002,0.00218,0.00165,0.00172,0.0016,0.041,0.0435,0.045,passive,2
14.9005,rehab,danger_boundary_spike,149.5675939274,-667.512951032,148.2011006658,-177.3806602006,0.1374519547,-149.9780339056,24.4412,0.7558,-90.8286,134.3662,85.428,-66.839,74.0101641001,24.8205314428,78.9576131952,-17.618121114,-89.2523468337,-44.4035148547,-4.9384524948,-1.0988148164,-5.0076727249,4.8765504885,0.3447436802,-6.2137620451,14.2218,-5.3457,15.8334,-0.10727,0.0601,0.09964,0.0021,0.002,0.00218,0.00165,0.00172,0.0016,0.041,0.0435,0.045,passive,2
14.9205,rehab,danger_boundary_spike,150.2510280922,-667.4756426914,146.3481252543,-177.3782164809,0.1361620791,-149.9832466851,32.318,3.039,-91.9793,101.5963,67.5636,248.3459,74.0278052092,24.8887706228,78.8196303906,-17.5809736896,-89.2691047793,-44.5603351833,-3.3310303803,-1.7629405735,-3.5332691061,2.627886785,1.3946929444,-3.3385079912,15.4271,-5.8673,16.4579,-0.12693,0.05766,0.09768,0.0021,0.002,0.00218,0.00165,0.00172,0.0016,0.041,0.0435,0.045,passive,2
14.9405,rehab,danger_boundary_spike,150.8603127139,-667.3913921374,144.5219280515,-177.374552902,0.1354697154,-149.9827611543,28.505,3.4583,-80.8948,-140.4331,-16.4716,411.6783,73.8769228849,24.7500138199,78.816282431,-17.5130056426,-89.1965591159,-44.5370551744,-4.2454730089,-4.0077738144,-0.8648080936,5.2733733583,-0.4298690799,-2.4114334247,15.4367,-6.1654,16.1543,-0.13204,0.04138,0.11458,0.0021,0.002,0.00218,0.00165,0.00172,0.0016,0.041,0.0435,0.045,passive,2
14.9605,rehab,danger_boundary_spike,151.3912285141,-667.3373108839,143.1123349486,-177.3822381302,0.1365264613,-149.986477012,26.7006,2.3801,-75.5122,-195.511,-39.7539,-8.1898,73.8579862889,24.7284596702,78.7850380669,-17.3700387552,-89.2862995425,-44.6567925203,-3.549942548,0.2573684581,-3.3329832505,5.127335187,0.3331872483,-2.937539021,15.8339,-5.5457,15.7933,-0.11878,0.04702,0.10291,0.0021,0.002,0.00218,0.00165,0.00172,0.0016,0.041,0.0435,0.045,passive,2
14.9805,rehab,danger_boundary_spike,151.9283384676,-667.2961877306,141.5014407785,-177.3807667159,0.1365330049,-149.9801228328,20.6846,1.8681,-81.2223,-266.4504,-27.0194,190.414,73.734925183,24.7603085582,78.682963101,-17.3079122351,-89.183231626,-44.6545567352,-3.1540581856,-1.0929731604,-3.5432012469,4.9662009139,1.6315073695,-1.9864135931,16.1757,-4.9539,16.469,-0.11475,0.05412,0.11119,0.0021,0.002,0.00218,0.00165,0.00172,0.0016,0.041,0.0435,0.045,passive,2
15.0005,rehab,danger_boundary_spike,152.2186113676,-667.2625853071,139.863440974,-177.3763902349,0.1428844248,-149.9879240713,16.0426,1.2993,-67.8956,-156.9369,-8.3222,668.346,73.7318239614,24.6847407438,78.643310017,-17.1713907187,-89.2210392477,-44.736249064,0.2520402058,-1.5419490479,-2.7713150072,3.369972319,-3.5237146989,-4.0591625649,16.0503,-5.9097,16.171,-0.13933,0.05182,0.1104,0.0021,0.002,0.00218,0.00165,0.00172,0.0016,0.041,0.0435,0.045,passive,2
15.0205,rehab,danger_boundary_spike,152.5700435085,-667.2442144131,138.7856159699,-177.3810106159,0.1392948731,-149.9923936239,14.4071,1.5353,-54.4885,58.1373,-8.4782,423.9034,73.7450067912,24.6986305963,78.5721105007,-17.1731133423,-89.3241802139,-44.8169232378,-3.5739348376,-1.1783062914,0.016358857,3.2869673524,0.2535428027,-1.1445744647,15.3932,-5.8257,15.8321,-0.12365,0.04713,0.10116,0.0021,0.002,0.00218,0.00165,0.00172,0.0016,0.041,0.0435,0.045,passive,2
15.0405,rehab,danger_boundary_spike,152.7948951466,-667.2011752996,137.6839005941,-177.3829098515,0.1373497324,-149.9831321248,18.3681,0.9602,-50.9395,-50.2753,-6.7866,134.5966,73.5888665679,24.6376084922,78.6439643713,-17.0399120246,-89.2108975356,-44.7820320426,-5.0043743145,-0.9334712257,-3.4472281254,1.4260783206,2.5442408841,0.7008001284,15.7209,-5.5892,15.4729,-0.12733,0.04136,0.09717,0.0021,0.002,0.00218,0.00165,0.00172,0.0016,0.041,0.0435,0.045,passive,2
15.0605,rehab,danger_boundary_spike,153.3047682741,-667.205806281,136.7480366647,-177.3744837134,0.1381158486,-149.9797603637,12.3961,1.2638,-49.1046,-125.2701,72.1286,60.8221,73.5448318186,24.6612917473,78.4342213757,-17.1160702095,-89.2224105786,-44.7888912327,-0.4952883658,-2.252451428,-2.8285844905,2.7871238846,-0.356807775,-2.9331421591,16.8739,-5.5098,17.2991,-0.1276,0.05185,0.10676,0.0021,0.002,0.00218,0.00165,0.00172,0.0016,0.041,0.0435,0.045,passive,2
15.0805,rehab,danger_boundary_spike,153.2907383746,-667.1506238317,135.7197147145,-177.3795495282,0.1337963921,-149.9871860744,13.3573,3.8453,-48.5066,2796.9697,39.137,-10461.5678,73.5690550333,24.5475104351,78.5308209917,-16.9284270692,-89.2251698466,-44.899357729,-1.2806292687,-3.530611289,-0.2015255134,4.9899841365,0.2515346568,-6.0107573762,15.3981,-5.8405,15.6525,-0.12162,0.04983,0.09925,0.0021,0.002,0.00218,0.00165,0.00172,0.0016,0.041,0.0435,0.045,passive,2
15.1005,rehab,danger_boundary_spike,153.8390608838,-667.0519923501,134.8077727895,-177.3779564583,0.1359629366,-149.9855689726,124.2749,2.8293,-467.5674,2477.0267,-49.0893,-10399.9322,73.4936066479,24.5200672957,78.4261603551,-16.916470844,-89.2123491923,-45.0293215277,-23.9852255976,-10.7902349011,-17.1856739366,21.4743958461,-0.0123620322,-21.0559599249,19.6271,-7.0123,19.6353,-0.15067,0.06125,0.1262,0.0021,0.002,0.00218,0.00165,0.00172,0.0016,0.041,0.0435,0.045,passive,2
15.1205,rehab,danger_boundary_spike,158.2617331522,-667.0374531921,117.0170204279,-177.3799925343,0.1373007811,-149.9829924129,112.4384,1.8818,-464.5039,-3039.896,-44.4199,10902.57,72.6096460094,24.115901039,77.8433940342,-16.0694512354,-89.2256643279,-45.741596126,-21.9532979896,-9.5016109987,-12.6277712311,18.5468283678,0.6918207031,-16.0751746674,20.7155,-7.4627,17.864,-0.15021,0.0497,0.13177,0.0021,0.002,0.00218,0.00165,0.00172,0.0016,0.041,0.0435,0.045,passive,2
15.1405,rehab,danger_boundary_spike,158.3365961653,-666.9767213156,116.2276173809,-177.3815098081,0.1381803063,-149.9861845201,2.679,1.0525,-31.4646,-2755.7236,17.009,11317.4144,72.6154747283,24.1400028558,77.9210495059,-16.1745977093,-89.1846763642,-45.6723285144,1.70297889,1.0236433739,2.9104699632,2.370332836,-0.7926609014,-0.5020173572,18.0721,-6.3099,14.9463,-0.12091,0.03908,0.1177,0.0021,0.002,0.00218,0.00165,0.00172,0.0016,0.041,0.0435,0.045,passive,2
15.1605,rehab,danger_boundary_spike,158.3688943465,-666.9953544441,115.7584381224,-177.3748605491,0.1334792392,-149.9852140969,2.2094,2.5621,-11.8073,3.964,45.7137,663.1877,72.677765165,24.156846774,77.9598128327,-15.9746379219,-89.257370764,-45.7616768203,1.3843993793,-0.627538939,0.0909661268,3.9665568672,-1.6743493882,-2.0590347138,18.2721,-5.9207,15.5484,-0.11383,0.04518,0.11739,0.0021,0.002,0.00218,0.00165,0.00172,0.0016,0.041,0.0435,0.045,passive,2
15.1805,rehab,danger_boundary_spike,158.4249736967,-666.8742359448,115.7553249893,-177.3830349432,0.138401365,-149.9769908569,2.8376,2.881,-4.9371,-11.3635,-32.6057,254.4838,72.6708507034,24.1149012982,77.9246881509,-16.0159354346,-89.2516503397,-45.754689903,-1.6168684887,-1.0418573186,-1.2135097884,-2.0286586863,-0.1421319371,-1.2154754831,16.9212,-5.6203,14.5912,-0.11304,0.04277,0.09801,0.0021,0.002,0.00218,0.00165,0.00172,0.0016,0.041,0.0435,0.045,passive,2
15.2005,rehab,danger_boundary_spike,158.4823979447,-666.8801138534,115.5609561145,-177.3779977197,0.1409311819,-149.9813988168,1.7549,1.2579,-1.628,-133.2207,-30.8693,377.1863,72.6130904254,24.1151724812,77.9112724412,-16.0557842694,-89.2630560414,-45.8102958396,-0.1669143267,-1.656860462,-0.3313158433,-0.6184967359,-0.7966408321,1.1561615404,21.8241,-5.5412,-6.9302,-0.02302,-0.11137,0.13021,0.0021,0.002,0.00218,0.00165,0.00172,0.0016,0.041,0.0435,0.045,passive,2
15.2205,rehab,danger_boundary_spike,158.495169703,-666.8239196652,115.6902066614,-177.3806771155,0.1389742952,-149.9868565438,-2.4912,1.6462,10.1504,-185.5355,30.0375,452.1594,72.6641741304,24.0486268797,77.9114355172,-16.0406753041,-89.283515973,-45.7084434413,0.8375795971,1.1515425631,0.1330458279,-2.2793607368,-0.0222388852,-0.3546214505,22.7632,-6.1073,-6.6367,-0.03704,-0.10503,0.14394,0.0021,0.002,0.00218,0.00165,0.00172,0.0016,0.041,0.0435,0.045,passive,2
15.2405,rehab,danger_boundary_spike,158.3827484197,-666.814264081,115.9669721235,-177.3769138108,0.1368257535,-149.9871379553,-5.6665,2.4594,16.4584,-57.5515,48.1855,192.1615,72.6465936093,24.1612341838,77.9165942743,-16.1469586988,-89.2639455969,-45.8244806976,-1.2003384541,2.15811002,-1.4784946134,-2.183334323,1.9204198375,-1.7924623363,21.8404,-5.6393,-6.2729,-0.034,-0.09932,0.11597,0.0021,0.002,0.00218,0.00165,0.00172,0.0016,0.041,0.0435,0.045,passive,2
15.2605,rehab,danger_boundary_spike,158.2685089509,-666.725543407,116.3485433791,-177.3805268773,0.1359608492,-149.9857619689,-4.7933,3.5737,17.8369,24.0369,-43.9073,464.3541,72.6161605922,24.1349512805,77.8522957327,-16.128008677,-89.2066991795,-45.7801419348,-0.0366374767,-0.9587991631,1.6010945067,-0.2379522428,0.5363190072,1.9477166471,22.9087,-6.5014,-6.735,-0.03772,-0.11292,0.14603,0.0021,0.002,0.00218,0.00165,0.00172,0.0016,0.041,0.0435,0.045,passive,2
15.2805,rehab,danger_boundary_spike,158.1910165264,-666.6713175747,116.6804465547,-177.3831266512,0.1366775754,-149.9874087048,-4.705,0.7031,35.0326,75.4554,-36.0958,638.1118,72.6451281103,24.1228822172,77.9806380546,-16.1564767886,-89.2424928366,-45.7465720317,2.5245595924,0.5091848436,5.2650205279,-1.5266423215,-1.273186237,2.0239866427,23.3767,-5.8461,-6.1266,-0.03646,-0.11419,0.14151,0.0021,0.002,0.00218,0.00165,0.00172,0.0016,0.041,0.0435,0.045,passive,2
15.3005,rehab,danger_boundary_spike,158.0803072498,-666.6974187833,117.7498465977,-177.3788971637,0.1365841688,-149.9900451489,-1.7751,2.1298,43.3613,-101.4388,65.2782,236.9983,72.7171429759,24.1553186743,78.0628965538,-16.1890743699,-89.257626629,-45.6991824691,1.8651148431,1.4823055831,0.6384968549,0.2761257816,2.0787751026,2.9742135216,23.1684,-5.9121,-7.0442,-0.03472,-0.12025,0.14721,0.0021,0.002,0.00218,0.00165,0.00172,0.0016,0.041,0.0435,0.045,passive,2
15.3205,rehab,danger_boundary_spike,158.1200133117,-666.5861243309,118.4148999076,-177.3757080348,0.1389246801,-149.9835933616,-8.7626,3.3142,44.5125,-496.7077,11.7501,299.2939,72.719732704,24.1821744406,78.0061779288,-16.1454317573,-89.1593418325,-45.6276034909,1.9811606829,0.4545344931,0.2321126872,-1.7776334672,0.7040068617,1.877271591,22.157,-6.1521,-6.6412,-0.03663,-0.12195,0.14041,0.0021,0.002,0.00218,0.00165,0.00172,0.0016,0.041,0.0435,0.045,passive,2
15.3405,rehab,danger_boundary_spike,157.7298035005,-666.564848982,119.5303470515,-177.3807528436,0.137932787,-149.9903469247,-21.6434,2.5998,55.3331,-213.7786,-57.4285,502.8336,72.7963894032,24.173500054,78.0721810613,-16.2601797085,-89.2294663545,-45.6240916054,3.6268695418,0.9028057052,2.4117208881,-2.4761714933,-1.9896369864,1.2136369873,23.087,-6.4542,-6.5891,-0.03946,-0.11861,0.13825,0.0021,0.002,0.00218,0.00165,0.00172,0.0016,0.041,0.0435,0.045,passive,2
15.3605,rehab,danger_boundary_spike,157.2542777324,-666.4821308562,120.6282235771,-177.3765678726,0.1388111427,-149.9849519015,-17.3137,1.0171,64.6259,256.7835,-61.0432,405.016,72.8648074857,24.2182866688,78.1026467643,-16.244478617,-89.2389273119,-45.5790580114,2.8710394478,2.1444688693,0.7137530727,-1.5455243664,-0.4630401469,2.0819117163,23.398,-6.294,-6.7007,-0.03394,-0.12468,0.14878,0.0021,0.002,0.00218,0.00165,0.00172,0.0016,0.041,0.0435,0.045,passive,2
15.3805,rehab,danger_boundary_spike,157.0372539774,-666.5241647283,122.1153811898,-177.3767025221,0.1351011828,-149.9883192077,-11.372,0.1581,71.5337,-11.4285,89.6744,352.0319,72.9112309811,24.2592788088,78.1007311842,-16.3220006832,-89.2479879604,-45.5408151368,2.9440314581,2.7073451915,2.6134730259,-4.892604721,0.4190735058,3.6615154948,22.2071,-6.2976,-6.3647,-0.04741,-0.11482,0.14527,0.0021,0.002,0.00218,0.00165,0.00172,0.0016,0.041,0.0435,0.045,passive,2
15.4005,rehab,danger_boundary_spike,156.7993958013,-666.4758064554,123.4895727734,-177.3803269694,0.1372769472,-149.9857974641,-17.7709,4.6041,78.7071,-328.2055,102.847,311.3863,72.982568744,24.3265804764,78.2071856853,-16.4401828059,-89.2221643717,-45.4325973916,3.1870927973,3.1218477133,2.1268678572,-5.1695371021,1.4335061461,5.5440142844,22.3847,-6.4557,-6.4291,-0.03413,-0.1074,0.14002,0.0021,0.002,0.00218,0.00165,0.00172,0.0016,0.041,0.0435,0.045,passive,2
15.4205,rehab,danger_boundary_spike,156.3264188382,-666.3400014272,125.263666436,-177.37524712,0.1392392733,-149.9909962024,-24.5003,4.272,83.9892,-88.1897,-107.3255,158.64,73.038714693,24.3841527173,78.1858058985,-16.5287821673,-89.1906477145,-45.3190545654,3.23132064,0.8392221815,3.3929932405,-3.2779154051,-1.6342548365,4.2931051598,23.8501,-6.3394,-6.0809,-0.03873,-0.1107,0.13758,0.0021,0.002,0.00218,0.00165,0.00172,0.0016,0.041,0.0435,0.045,passive,2
15.4405,rehab,danger_boundary_spike,155.8193850381,-666.3049268224,126.8491400952,-177.370900186,0.1329230913,-149.982852916,-21.2985,0.3111,85.0527,102.7024,-31.8654,400.3389,73.1118215696,24.3601493637,78.3429054149,-16.5712994221,-89.2875345651,-45.2608731852,5.2522780565,1.1794224079,4.4204889547,-4.924131061,-0.6731017744,3.3599451979,23.2814,-6.0672,-5.782,-0.04319,-0.10833,0.13607,0.0021,0.002,0.00218,0.00165,0.00172,0.0016,0.041,0.0435,0.045,passive,2
15.4605,rehab,danger_boundary_spike,155.4744801452,-666.3275588586,128.6657756089,-177.3819067836,0.13368066,-149.9866261036,-20.3922,2.9974,100.0027,-196.4989,30.2658,700.842,73.2488058153,24.4313296136,78.3626254567,-16.7257474097,-89.2175717855,-45.1846567575,5.0020828711,3.0462497593,1.5175160086,-5.197530584,0.9366978716,1.5204535892,24.9544,-6.5056,-6.7978,-0.0409,-0.11122,0.15686,0.0021,0.002,0.00218,0.00165,0.00172,0.0016,0.041,0.0435,0.045,passive,2
15.4805,rehab,danger_boundary_spike,155.003698061,-666.1850318072,130.8492495881,-177.3766884501,0.1376587633,-149.9851895782,-29.1584,1.5217,113.0864,-441.6372,-61.6027,194.9771,73.3119048844,24.4819993541,78.4036060553,-16.7792006454,-89.2500666503,-45.2000550416,3.1869338527,2.1336139055,4.5873164907,-5.4184262491,0.448620213,3.4281770881,24.9337,-6.0104,-6.2478,-0.02305,-0.11717,0.14138,0.0021,0.002,0.00218,0.00165,0.00172,0.0016,0.041,0.0435,0.045,passive,2
15.5005,rehab,danger_boundary_spike,154.3081431332,-666.2666910019,133.189231913,-177.3777838053,0.1335952894,-149.9830624665,-38.0577,0.5333,107.8018,-221.0512,58.068,-20.9332,73.3762831694,24.5166741698,78.5461181163,-16.9424844597,-89.199626977,-45.047529674,4.1166768762,3.1232120415,2.287606671,-8.2988454746,1.0069511447,4.6763634318,23.5556,-5.8066,-5.5857,-0.03705,-0.11208,0.14022,0.0021,0.002,0.00218,0.00165,0.00172,0.0016,0.041,0.0435,0.045,passive,2
15.5205,rehab,danger_boundary_spike,153.4813914927,-666.1637011772,135.1613224463,-177.3739427655,0.1404439173,-149.9872138525,-38.0005,3.8444,112.2491,213.1741,17.1201,384.394,73.4765719595,24.6069278357,78.4951103221,-17.1111544644,-89.2097886045,-45.0130005043,5.5161656393,3.6231316182,1.4371731638,-5.6540487104,-1.772861755,4.8186369938,23.272,-5.7367,-4.9246,-0.04293,-0.09652,0.14262,0.0021,0.002,0.00218,0.00165,0.00172,0.0016,0.041,0.0435,0.045,passive,2
15.5405,rehab,danger_boundary_spike,152.788124265,-666.1129142718,137.6791951307,-177.379593075,0.1373973611,-149.9889127,-29.5307,1.2181,123.1776,113.9396,-63.7269,202.3567,73.596929795,24.6615994346,78.6036050428,-17.1686464081,-89.2705414472,-44.8547841942,4.9762989137,3.8875238479,6.2344755201,-0.8439041953,1.0968161426,6.711818661,23.4673,-5.7608,-5.0128,-0.04218,-0.10537,0.13681,0.0021,0.002,0.00218,0.00165,0.00172,0.0016,0.041,0.0435,0.045,passive,2
15.5605,rehab,danger_boundary_spike,152.3001634454,-666.1149783368,140.088425733,-177.3787843139,0.1312466868,-149.9860542317,-33.4429,1.2953,120.3433,-240.4539,50.6885,94.5391,73.675623916,24.7624287896,78.7444893429,-17.1449106322,-89.1659159588,-44.7445277579,5.536201268,1.942666224,5.7036021036,-7.4533597386,1.4077689017,6.0704563594,22.6103,-6.5585,-4.8321,-0.05436,-0.09535,0.14111,0.0021,0.002,0.00218,0.00165,0.00172,0.0016,0.041,0.0435,0.045,passive,2
15.5805,rehab,danger_boundary_spike,151.4504087113,-666.0611005656,142.4929290818,-177.3784730164,0.1370399011,-149.9855802692,-39.1489,3.2456,126.9591,-81.7762,44.2854,378.8883,73.8183778457,24.7393060835,78.831749127,-17.4667807977,-89.2142306911,-44.6119659399,6.6693178925,-0.35690364,3.9781129001,-9.9868424969,-2.316182496,3.1139745104,22.996,-6.1048,-4.9136,-0.03943,-0.10833,0.13905,0.0021,0.002,0.00218,0.00165,0.00172,0.0016,0.041,0.0435,0.045,passive,2
15.6005,rehab,danger_boundary_spike,150.7342092321,-665.9851539457,145.1667916574,-177.3823321206,0.1305825119,-149.9867227233,-36.7139,3.0668,135.4989,-3132.0121,-16.4646,8281.2772,73.9423966317,24.748152644,78.9036138589,-17.5443843321,-89.2585632586,-44.6199687775,4.8494317268,5.2507813194,3.0695012993,-5.4040922796,0.9659074397,3.8158272664,23.1024,-5.6883,-4.8415,-0.04431,-0.10168,0.14045,0.0021,0.002,0.00218,0.00165,0.00172,0.0016,0.041,0.0435,0.045,passive,2
15.6205,rehab,danger_boundary_spike,149.9818512156,-665.9384301446,147.912884322,-177.3783213496,0.1312473874,-149.9891767797,-164.4293,2.587,458.2102,-3423.9945,-11.3061,7911.9525,74.0123551148,24.9493373363,78.954529179,-17.6829444888,-89.1755943935,-44.4593328492,21.4577692888,11.7055948781,14.7844893939,-21.7591754102,-1.6744715385,20.3368490505,25.5891,-6.2191,-4.6548,-0.03538,-0.10506,0.14694,0.0021,0.002,0.00218,0.00165,0.00172,0.0016,0.041,0.0435,0.045,passive,2
15.6405,rehab,danger_boundary_spike,144.1570355837,-665.8816728456,163.4952010648,-177.374631048,0.1343867777,-149.9881310346,-173.6737,2.6145,451.977,2911.3068,-53.5808,-8168.8574,74.8007074033,25.2163764392,79.4949934347,-18.4147513485,-89.3255421202,-43.8064948155,22.3140728357,9.4841727312,15.2911976026,-23.1177311225,-0.7611798637,17.6879647176,25.5171,-6.6315,-3.6483,-0.0483,-0.08561,0.15513,0.0021,0.002,0.00218,0.00165,0.00172,0.0016,0.041,0.0435,0.045,passive,2
15.6605,rehab,danger_boundary_spike,143.0349025528,-665.8338495583,165.9919635949,-177.3775207036,0.13585423,-149.9913177159,-47.9771,0.4438,131.4559,2990.2389,-41.3154,-7902.3448,74.9049180282,25.3287042455,79.5661770831,-18.6076537337,-89.2060415881,-43.7518142605,5.7061779097,4.7490408518,2.0844465449,-8.0327516301,3.7037449552,6.6102103844,22.4497,-6.0626,-2.6461,-0.05754,-0.08143,0.1431,0.0021,0.002,0.00218,0.00165,0.00172,0.0016,0.041,0.0435,0.045,passive,2
15.6805,rehab,danger_boundary_spike,142.2379528117,-665.8639209581,168.7534385717,-177.3803161812,0.1361633189,-149.9907728945,-54.0642,0.9619,135.8832,-443.1922,51.6127,120.4597,75.0289545197,25.4063380732,79.5783712965,-18.7360614137,-89.177392322,-43.5420864001,4.857979629,4.657958705,3.9747478051,-6.4376628067,0.3605670392,6.5446733472,22.354,-5.3294,-2.4879,-0.04249,-0.08178,0.13031,0.0021,0.002,0.00218,0.00165,0.00172,0.0016,0.041,0.0435,0.045,passive,2
15.7005,rehab,danger_boundary_spike,140.872336141,-665.7953736497,171.4272911532,-177.3735535853,0.1330832605,-149.9873290675,-65.7048,2.5083,136.2743,-193.4661,5.4777,143.693,75.0992372133,25.5150225937,79.7251669953,-18.865160246,-89.1916189065,-43.4900273266,7.2102094341,5.0517184565,6.810807198,-7.0889936799,-0.3341270926,4.5239735336,24.6395,-5.9885,-2.1654,-0.04843,-0.08197,0.15105,0.0021,0.002,0.00218,0.00165,0.00172,0.0016,0.041,0.0435,0.045,passive,2
15.7205,rehab,danger_boundary_spike,139.6097624986,-665.7635886832,174.2044116454,-177.376933593,0.134675229,-149.9880730623,-61.8028,1.181,141.6309,117.0231,-28.1575,145.4369,75.317362897,25.6084068115,79.8508035844,-19.0196211609,-89.1907574057,-43.3611274587,8.0886779349,1.2172868907,4.6394140187,-7.3668771169,0.2826617254,5.623744022,22.8975,-5.9811,-1.942,-0.05881,-0.08574,0.12443,0.0021,0.002,0.00218,0.00165,0.00172,0.0016,0.041,0.0435,0.045,passive,2
15.7405,rehab,danger_boundary_spike,138.4002240403,-665.7481334267,177.0925274567,-177.3823616966,0.1351205207,-149.9905885532,-61.0238,1.382,142.0918,-88.0125,-7.5869,78.9276,75.4227843307,25.5637140694,79.910743556,-19.1598353307,-89.1803124375,-43.2650775657,6.3373875992,1.7058458242,6.2526198718,-7.0427006339,-0.455077275,7.9778790884,22.5141,-5.7041,-2.0243,-0.04733,-0.07327,0.14138,0.0021,0.002,0.00218,0.00165,0.00172,0.0016,0.041,0.0435,0.045,passive,2
15.7605,rehab,danger_boundary_spike,137.168809158,-665.7083083947,179.8880838221,-177.3766919043,0.1354226719,-149.9884620807,-65.3233,0.8775,144.788,-355.3064,-61.9734,231.4664,75.570858401,25.6766406444,80.1009083793,-19.3013291863,-89.2089604967,-43.0420122952,7.2267161532,6.6899996496,6.1094553693,-7.0389693704,1.3268359681,8.0528571429,22.4539,-5.7885,-1.4159,-0.05694,-0.09154,0.13401,0.0021,0.002,0.00218,0.00165,0.00172,0.0016,0.041,0.0435,0.045,passive,2
15.7805,rehab,danger_boundary_spike,135.7872918981,-665.7130322579,182.8840478866,-177.3818347172,0.137669969,-149.9872695105,-75.2361,-1.0969,151.3505,-377.4279,7.8079,259.8917,75.7118529769,25.8313140553,80.1551217708,-19.4413941055,-89.1272389988,-42.94296328,7.3466589871,5.1483810521,5.8399806957,-8.8158391086,0.6337507527,4.5998738669,22.0951,-5.5116,-1.097,-0.04875,-0.0734,0.13005,0.0021,0.002,0.00218,0.00165,0.00172,0.0016,0.041,0.0435,0.045,passive,2
15.8005,rehab,danger_boundary_spike,134.1593656569,-665.7521855144,185.942102257,-177.3770677535,0.1360931652,-149.9878746884,-80.4204,1.1898,155.1837,-49.5394,99.4481,184.2501,75.8647247605,25.8825758865,80.3345076071,-19.6539627506,-89.1836104666,-42.8580173405,6.6866477323,3.418156433,4.3422628875,-10.2960441598,-1.0317347289,9.243695823,22.4457,-5.1526,-0.8341,-0.04908,-0.06177,0.13675,0.0021,0.002,0.00218,0.00165,0.00172,0.0016,0.041,0.0435,0.045,passive,2
15.8205,rehab,danger_boundary_spike,132.570475076,-665.6654384741,189.0913949795,-177.3772619894,0.1349965768,-149.9950166544,-77.2177,2.881,158.7205,-43.334,-16.5651,154.4723,75.9793188862,25.9680403127,80.3288122863,-19.8532358719,-89.1685083879,-42.5732154471,7.3840295759,4.5282595958,1.4986523289,-7.1246291541,1.4063367084,7.8635335517,22.9881,-6.4881,-0.8457,-0.06027,-0.06793,0.14296,0.0021,0.002,0.00218,0.00165,0.00172,0.0016,0.041,0.0435,0.045,passive,2
15.8405,rehab,danger_boundary_spike,131.0706591755,-665.6369456933,192.2909208255,-177.3795230951,0.1318170893,-149.9909862709,-82.1538,0.5272,161.3626,-230.0676,-67.5534,-37.5361,76.1600859435,26.0637062704,80.3944537003,-19.9389479168,-89.1273569982,-42.5434759985,7.8354228822,4.1157488033,5.5982676968,-7.5578929984,0.634581624,5.4105268795,21.8401,-5.1893,-0.5621,-0.0507,-0.07154,0.13048,0.0021,0.002,0.00218,0.00165,0.00172,0.0016,0.041,0.0435,0.045,passive,2
15.8605,rehab,danger_boundary_spike,129.2843239158,-665.6443488825,195.5458978207,-177.378079579,0.1318712934,-149.986810626,-86.4204,0.1789,157.219,-142.3152,7.583,-161.1463,76.2927358015,26.1326702648,80.5527429942,-20.1555515918,-89.143125123,-42.3567943719,8.9926555081,3.0728863135,6.8418757939,-9.2378041021,-0.5702503011,6.5315551954,20.7608,-5.2773,-0.4022,-0.05456,-0.06678,0.13708,0.0021,0.002,0.00218,0.00165,0.00172,0.0016,0.041,0.0435,0.045,passive,2
15.8805,rehab,danger_boundary_spike,127.6138446041,-665.6297912897,198.5796816385,-177.3742385643,0.1354704891,-149.9905782274,-87.8464,0.8306,154.9167,-129.2869,26.5337,155.2198,76.5197921638,26.1866217229,80.668128732,-20.3084600809,-89.1501670103,-42.2822137906,8.0750951333,3.9103669543,3.6486191782,-5.3237861551,-2.3064613101,6.8905445865,20.77,-5.5359,0.2958,-0.05952,-0.05432,0.1274,0.0021,0.002,0.00218,0.00165,0.00172,0.0016,0.041,0.0435,0.045,passive,2
15.9005,rehab,danger_boundary_spike,125.7704683982,-665.611126488,201.7425666136,-177.3812252755,0.133187989,-149.9924820577,-91.5918,1.2402,163.4278,-76.5853,-18.6309,184.5342,76.6157396068,26.289084943,80.6986877613,-20.368503038,-89.2353835754,-42.0811725884,8.5445169073,5.7837015116,5.2096983384,-8.2621378705,-0.0201109252,8.4308633931,22.6554,-5.918,0.3098,-0.06058,-0.07283,0.12867,0.0021,0.002,0.00218,0.00165,0.00172,0.0016,0.041,0.0435,0.045,passive,2
15.9205,rehab,danger_boundary_spike,123.9501710052,-665.5801830227,205.1167941581,-177.3775302413,0.1333940309,-149.994790225,-90.9098,0.0853,162.2981,-96.7266,4.0191,-140.4603,76.8615728401,26.4179697834,80.8765166656,-20.6389455957,-89.1509714473,-41.9449792549,7.8599319336,3.7545763682,6.2397239816,-10.6164787024,0.8875321966,5.6289544553,21.7162,-5.3408,0.5705,-0.05626,-0.05083,0.13474,0.0021,0.002,0.00218,0.00165,0.00172,0.0016,0.041,0.0435,0.045,passive,2
15.9405,rehab,danger_boundary_spike,122.1340764567,-665.6077135264,208.2344902018,-177.377372866,0.1354391007,-149.9837370398,-95.4609,1.401,157.8094,-279.5128,37.9475,-48.9593,76.9301368841,26.4392679977,80.9482767206,-20.7931621861,-89.1998822875,-41.8560144102,6.7383164172,1.1576559886,5.7026881266,-8.3983099019,0.56578271,7.5262576989,20.3768,-5.066,0.4964,-0.04906,-0.0544,0.11937,0.0021,0.002,0.00218,0.00165,0.00172,0.0016,0.041,0.0435,0.045,passive,2
15.9605,rehab,danger_boundary_spike,120.1317348983,-665.524144201,211.4291701192,-177.3814177665,0.1353166926,-149.9937849593,-102.0903,1.6032,160.3397,-236.8054,-66.9726,-59.9992,77.1311054968,26.4642760229,81.1046241906,-20.9748779917,-89.1283401389,-41.643928947,9.461459437,3.5762529498,6.3510661305,-8.6927983902,4.13446261,8.2458744116,20.5439,-4.9208,0.5545,-0.05043,-0.05533,0.11055,0.0021,0.002,0.00218,0.00165,0.00172,0.0016,0.041,0.0435,0.045,passive,2
15.9805,rehab,danger_boundary_spike,118.0504641039,-665.543584523,214.6480788334,-177.3828885747,0.1307602937,-149.9887932256,-104.9331,-1.2779,155.4094,-1.765,-42.6707,-95.1069,77.3085952616,26.5823181157,81.2023193658,-21.1408741217,-89.0345037831,-41.5261794338,8.8263354385,5.5448031674,6.1280226896,-8.1557833,-0.54953226,7.2794300988,20.0963,-5.6898,1.2604,-0.06514,-0.05777,0.12757,0.0021,0.002,0.00218,0.00165,0.00172,0.0016,0.041,0.0435,0.045,passive,2
16.0005,rehab,danger_boundary_spike,115.9344102284,-665.5752614762,217.6455473225,-177.3774420738,0.1329727114,-149.9900317642,-102.1609,-0.1036,156.5354,-83.7882,68.3833,122.1372,77.4841589143,26.6860681496,81.3497450982,-21.3011093238,-89.1503214293,-41.352751743,5.4844257411,5.6723906737,5.2289283974,-8.5108239728,0.7490600487,8.010467852,19.1279,-4.7008,1.9045,-0.04451,-0.04139,0.10749,0.0021,0.002,0.00218,0.00165,0.00172,0.0016,0.041,0.0435,0.045,passive,2
16.0205,rehab,danger_boundary_spike,113.9640278211,-665.5477286537,220.9094963608,-177.381308432,0.1348295932,-149.9963819252,-108.2846,1.4574,160.2949,-192.0203,22.3578,2.0019,77.5279722913,26.8092137426,81.4114765017,-21.4813070806,-89.0045413812,-41.2057607197,7.2461233677,6.5049862066,5.714359768,-11.9566054328,1.063195903,7.5220821381,21.0379,-5.4652,1.8688,-0.05537,-0.05273,0.12046,0.0021,0.002,0.00218,0.00165,0.00172,0.0016,0.041,0.0435,0.045,passive,2
16.0405,rehab,danger_boundary_spike,111.6030243736,-665.5169654152,224.057344098,-177.3771282227,0.1323242017,-149.9911285091,-109.8417,0.7907,156.6155,115.3284,16.6535,-302.2099,77.7740038491,26.9462675979,81.5783194889,-21.7793735411,-89.1077935932,-41.0518684575,14.1792456263,5.5788482012,7.6198635293,-8.7807387757,-4.5826746972,10.3079490256,18.7071,-4.8621,1.9556,-0.05668,-0.04415,0.11345,0.0021,0.002,0.00218,0.00165,0.00172,0.0016,0.041,0.0435,0.045,passive,2
16.0605,rehab,danger_boundary_spike,109.5703589836,-665.5161003093,227.1741168958,-177.3767257123,0.133433617,-149.9901823736,-103.6715,2.1235,148.2065,4.3864,-7.1041,-156.6406,78.0951421163,27.0323676707,81.7162710428,-21.8325366317,-89.1878483691,-40.7934427587,9.1040345961,2.9950167282,5.9108028153,-6.2295996989,0.7713702492,6.9673571864,18.721,-4.797,2.2539,-0.06188,-0.04561,0.10938,0.0021,0.002,0.00218,0.00165,0.00172,0.0016,0.041,0.0435,0.045,passive,2
16.0805,rehab,danger_boundary_spike,107.4561639102,-665.4320237995,229.9856050722,-177.3770727934,0.1304724233,-149.9853832542,-109.6663,0.5065,150.3499,-121.2992,-109.487,45.0728,78.1381652329,27.066068267,81.8147516015,-22.028557529,-89.0769387832,-40.77317417,6.2763896599,3.0891346716,4.420805972,-12.0873652399,4.0051301329,5.6596226281,18.74,-4.9166,2.6925,-0.06256,-0.04532,0.10651,0.0021,0.002,0.00218,0.00165,0.00172,0.0016,0.041,0.0435,0.045,passive,2
16.1005,rehab,danger_boundary_spike,105.1837083431,-665.4958385213,233.188112411,-177.3762732458,0.1319673432,-149.9927682689,-108.5235,-2.2559,150.0094,84.7792,-29.0023,-292.2121,78.3461977027,27.1559330575,81.8931032817,-22.3160312413,-89.0276431637,-40.5670578535,6.4286920277,5.0286271907,6.2790648095,-9.0759773863,1.8031005867,7.5865838531,19.0265,-5.3557,2.6462,-0.06346,-0.03722,0.12266,0.0021,0.002,0.00218,0.00165,0.00172,0.0016,0.041,0.0435,0.045,passive,2
16.1205,rehab,danger_boundary_spike,103.1152247515,-665.5222613119,235.9859826046,-177.382120965,0.131669344,-149.9877033611,-106.2751,-0.6535,138.6614,1412.6061,-15.5053,-2069.5703,78.395312914,27.2672133546,82.0659141939,-22.3915966245,-89.0048147597,-40.4697108159,6.7406009853,4.2608520603,5.749752017,-7.9684784516,-0.0288562948,5.6448509046,19.067,-4.7163,2.6972,-0.05293,-0.04359,0.11096,0.0021,0.002,0.00218,0.00165,0.00172,0.0016,0.041,0.0435,0.045,passive,2
16.1405,rehab,danger_boundary_spike,100.9327044259,-665.5219804501,238.7345684909,-177.381888275,0.1329665954,-149.9915377428,-52.0192,-2.8761,67.2266,1345.4896,3.1467,-1570.2784,78.6158217421,27.32636714,82.1230933624,-22.6347703793,-89.0287974155,-40.3412638174,5.0023877674,1.1011949539,0.8888984069,-4.3052018897,-1.7412894765,2.8382056678,16.0695,-4.3465,2.634,-0.05303,-0.03165,0.09723,0.0021,0.002,0.00218,0.00165,0.00172,0.0016,0.041,0.0435,0.045,passive,2
16.1605,rehab,danger_boundary_spike,101.0344553544,-665.6373073048,238.6750476815,-177.3760977745,0.1310296976,-149.989088421,-52.4555,-0.5277,75.8503,-1709.9859,87.677,1946.2155,78.5954084247,27.3112611528,82.1014701302,-22.5638047001,-89.0744663388,-40.3561825892,3.1515729449,4.2027549049,4.5647452148,-3.7379709969,-0.8034109579,4.5293851894,16.2642,-4.1972,2.4157,-0.05208,-0.02527,0.10403,0.0021,0.002,0.00218,0.00165,0.00172,0.0016,0.041,0.0435,0.045,passive,2
16.1805,rehab,danger_boundary_spike,98.8344838933,-665.5430876996,241.7685791707,-177.3736723107,0.1353203652,-149.9917343447,-120.4187,0.6309,145.0752,-1764.7279,-3.0894,1564.6123,78.7418846599,27.4944773362,82.305683171,-22.7842892192,-89.0609338538,-40.1600884098,6.0152520994,2.4835451183,7.781865044,-10.0714650488,-1.0476466186,8.3362469593,17.7625,-4.4425,3.8539,-0.06726,-0.03251,0.10575,0.0021,0.002,0.00218,0.00165,0.00172,0.0016,0.041,0.0435,0.045,passive,2
16.2005,rehab,danger_boundary_spike,96.217708466,-665.6120700776,244.4780576256,-177.3771070772,0.1319860986,-149.9889371635,-123.0446,-0.6513,138.4348,132.0127,-31.639,-290.3404,78.8360185087,27.4106029575,82.412744732,-22.966663302,-89.1163722035,-40.0227327108,7.1252997927,2.2814543462,4.8171412416,-8.5981124636,-1.1371732313,6.6165408074,16.0703,-4.1539,3.1349,-0.06173,-0.03461,0.09948,0.0021,0.002,0.00218,0.00165,0.00172,0.0016,0.041,0.0435,0.045,passive,2
16.2205,rehab,danger_boundary_spike,93.9126987054,-665.5691380457,247.305969529,-177.3799388329,0.1303278094,-149.9979295454,-115.1382,-0.6346,133.4616,346.0466,10.097,-315.9422,79.0268966516,27.58573551,82.4983688207,-23.1282137178,-89.1064207831,-39.8954267775,8.2122049338,9.0222038308,4.4908117134,-8.1716630996,0.8855916948,4.7883169385,16.5365,-4.1436,3.0896,-0.05476,-0.03367,0.09685,0.0021,0.002,0.00218,0.00165,0.00172,0.0016,0.041,0.0435,0.045,passive,2
16.2405,rehab,danger_boundary_spike,91.612181969,-665.6374552518,249.8165229716,-177.3821290176,0.1292075012,-149.9925940782,-109.2028,-0.2474,125.7971,257.6836,30.3898,-102.5519,79.164506706,27.7714911107,82.5923772005,-23.293529826,-89.0809485357,-39.8312000333,7.1508938015,2.0446014801,5.8787260676,-8.802087001,-0.043375363,6.2376846987,18.3005,-4.7548,3.9437,-0.06684,-0.03247,0.10323,0.0021,0.002,0.00218,0.00165,0.00172,0.0016,0.041,0.0435,0.045,passive,2
16.2605,rehab,danger_boundary_spike,89.5445881294,-665.5790332646,252.337852329,-177.3714974386,0.1325318789,-149.9945049873,-104.8308,0.581,129.3596,100.9779,-3.4302,-255.8082,79.3129324037,27.6675195692,82.7335178634,-23.4802971978,-89.1081557976,-39.6459193895,9.200363348,0.607242316,5.2262878785,-5.647155914,-0.4526175119,10.1400775097,17.5752,-4.2965,3.8514,-0.05261,-0.02351,0.09467,0.0021,0.002,0.00218,0.00165,0.00172,0.0016,0.041,0.0435,0.045,passive,2
16.2805,rehab,danger_boundary_spike,87.4189492677,-665.6142166869,254.9909052676,-177.3772294955,0.13440329,-149.9924972886,-105.1636,-0.3846,115.5647,82.1822,-85.1092,-502.7514,79.53252124,27.7957808034,82.8014287156,-23.5194160626,-89.0990532362,-39.4255969329,8.3258270695,5.7573396722,4.4569319071,-5.4740996677,2.1232558476,5.2900489346,15.9387,-4.0879,3.5764,-0.0607,-0.01648,0.10246,0.0021,0.002,0.00218,0.00165,0.00172,0.0016,0.041,0.0435,0.045,passive,2
16.3005,rehab,danger_boundary_spike,85.338042178,-665.5944167561,256.9604420136,-177.3721624423,0.1361626573,-149.9939170822,-101.5435,-2.8234,109.2495,89.4729,-76.8607,-156.1387,79.6459654865,27.8978131561,82.9117951396,-23.6992611845,-89.0232255637,-39.4343174322,5.6652016698,4.138548179,3.7906023362,-9.1700912152,0.6561546917,6.0381923637,15.3647,-3.8939,3.1974,-0.05535,-0.0216,0.09431,0.0021,0.002,0.00218,0.00165,0.00172,0.0016,0.041,0.0435,0.045,passive,2
16.3205,rehab,danger_boundary_spike,83.3572081481,-665.7271528476,259.3608852455,-177.3778471128,0.1366480636,-149.9900269384,-101.5847,-3.459,109.3192,6.3052,71.3683,-164.0289,79.7591293068,27.9613227305,82.9530528091,-23.8862197112,-89.0728070485,-39.1840692383,5.6847640928,3.3165570476,4.2983142034,-6.8088249271,0.1541366395,7.4205008964,15.6579,-3.6437,4.2097,-0.06283,-0.02395,0.08284,0.0021,0.002,0.00218,0.00165,0.00172,0.0016,0.041,0.0435,0.045,passive,2
16.3405,rehab,danger_boundary_spike,81.2746529069,-665.732777312,261.333209844,-177.3751449119,0.1319242097,-149.9989464541,-101.2913,0.0313,102.6883,214.2681,54.7933,-266.2022,79.8733560502,28.030475438,83.0837277078,-23.9716141816,-89.0170600981,-39.1374973963,5.5435143402,0.1511835925,5.0982148774,-5.997207613,3.047740673,3.4540954318,15.7764,-3.9814,4.3926,-0.05946,-0.02252,0.0936,0.0021,0.002,0.00218,0.00165,0.00172,0.0016,0.041,0.0435,0.045,passive,2
16.3605,rehab,danger_boundary_spike,79.3055552993,-665.7258996808,263.4684190237,-177.3793407282,0.1278485442,-149.9900927058,-93.014,-1.2673,98.6711,343.2566,-42.1446,-364.2015,79.9808698804,27.9673700742,83.1569814042,-24.1261080157,-88.9508974216,-39.0459054211,6.9544919205,3.5965306973,3.8130031237,-6.8626521274,0.7448602819,5.5928851246,14.1446,-3.5113,3.7619,-0.0409,-0.01375,0.09076,0.0021,0.002,0.00218,0.00165,0.00172,0.0016,0.041,0.0435,0.045,passive,2
16.3805,rehab,danger_boundary_spike,77.554092675,-665.7834686675,265.2800541529,-177.3794248824,0.1325563951,-149.9923150676,-87.5611,-1.6545,88.1203,150.1876,50.9872,-335.639,80.151535727,28.1743366659,83.2362478327,-24.2461202667,-88.9872656869,-38.9137819913,8.6771041497,5.1224587187,3.3341773006,-7.5972517583,-1.3386652255,4.0192323399,15.4055,-4.3332,4.1819,-0.05543,-0.02211,0.09119,0.0021,0.002,0.00218,0.00165,0.00172,0.0016,0.041,0.0435,0.045,passive,2
16.4005,rehab,danger_boundary_spike,75.8031130566,-665.7920778082,266.9932303791,-177.379446581,0.1313170717,-149.9982346864,-87.0065,0.7722,85.2455,133.1246,-23.9949,-176.8629,80.3279540463,28.172268423,83.2903484962,-24.429998086,-89.0044440306,-38.8851361275,5.2195781768,2.9314746732,2.1443223982,-5.2941064733,1.0564238187,5.3202034388,15.7314,-3.4145,5.0501,-0.05209,-0.00509,0.09685,0.0021,0.002,0.00218,0.00165,0.00172,0.0016,0.041,0.0435,0.045,passive,2
16.4205,rehab,danger_boundary_spike,74.0738325467,-665.7525804356,268.6898760171,-177.3754390237,0.1331722418,-149.9911735392,-82.2361,-2.6142,81.0458,123.8232,-101.6434,-256.5675,80.3603188541,28.2915956528,83.3220207287,-24.4578845256,-88.9450087341,-38.7009738538,0.7553639678,2.609748353,6.4011770781,-4.3393465076,0.6296880008,6.0872494918,14.9432,-3.5829,4.4079,-0.04564,-0.01603,0.08721,0.0021,0.002,0.00218,0.00165,0.00172,0.0016,0.041,0.0435,0.045,passive,2
16.4405,rehab,danger_boundary_spike,72.513670141,-665.8966477642,270.2350610214,-177.3753497465,0.131575682,-149.9960784807,-82.0536,-3.2935,74.9828,10.349,19.7681,-146.6142,80.3581686051,28.2766583571,83.5463955793,-24.6035719463,-88.9792565106,-38.6416461478,4.3216982029,2.8416096227,4.6430267086,-6.700697816,-2.4093261432,3.2828480885,14.6812,-4.0232,3.8549,-0.05629,-0.01662,0.10056,0.0021,0.002,0.00218,0.00165,0.00172,0.0016,0.041,0.0435,0.045,passive,2
16.4605,rehab,danger_boundary_spike,70.7916895521,-665.8843216808,271.689189872,-177.3812285551,0.1278045284,-149.9935446592,-81.8221,-1.8235,75.1812,38.2027,50.2063,24.5875,80.5331867822,28.4052600377,83.507741797,-24.7259124383,-89.0413817798,-38.5696599302,6.7127203265,0.6023822582,0.1693356776,-3.8920133108,1.6366206231,5.0258598198,17.1708,-4.8635,5.4707,-0.07372,-0.02363,0.1057,0.0021,0.002,0.00218,0.00165,0.00172,0.0016,0.041,0.0435,0.045,passive,2
16.4805,rehab,danger_boundary_spike,69.2407856587,-665.9695886822,273.242309004,-177.3771293241,0.1322474197,-149.9890866472,-80.5255,-1.2853,75.9663,107.3714,22.5081,-60.5542,80.6266774181,28.3007536474,83.5531690064,-24.7592524788,-88.9137916857,-38.440611755,5.7610074877,-1.0166178271,1.4218078031,-4.5149041071,1.9898404371,5.3927333082,14.5547,-4.0113,4.5833,-0.0631,-0.01266,0.08707,0.0021,0.002,0.00218,0.00165,0.00172,0.0016,0.041,0.0435,0.045,passive,2
16.5005,rehab,danger_boundary_spike,67.5706709538,-665.9357328804,274.7278437893,-177.3797935767,0.131845354,-149.9927488138,-77.5273,-0.9232,72.759,303.4971,-27.0012,-198.3691,80.7636270817,28.3645953246,83.5646141091,-24.9065086025,-88.9617881624,-38.3539505979,4.5090117705,6.2783406951,3.6701166253,-6.6624140554,-1.939319498,2.9202369177,14.5114,-4.3157,5.0039,-0.07434,-0.01921,0.08217,0.0021,0.002,0.00218,0.00165,0.00172,0.0016,0.041,0.0435,0.045,passive,2
16.5205,rehab,danger_boundary_spike,66.1396953452,-666.0065166659,276.1526702066,-177.3739409887,0.1308364117,-149.9969186752,-68.3856,-2.3653,68.0316,112.3473,-58.38,-292.7258,80.8070378889,28.5518872752,83.6999736714,-25.025749041,-88.9913644656,-38.3238022783,2.3574908415,5.8309613836,6.2637770799,-5.2293491652,-0.0965363487,2.7353128429,16.2338,-4.392,5.4702,-0.0669,-0.00893,0.10317,0.0021,0.002,0.00218,0.00165,0.00172,0.0016,0.041,0.0435,0.045,passive,2
16.5405,rehab,danger_boundary_spike,64.8352477509,-666.0303459811,277.44910708,-177.3749377152,0.1311280437,-149.9929225163,-73.0334,-3.2584,61.05,-308.2965,7.7606,-188.0802,80.8579267154,28.59783378,83.8151651923,-25.1156825692,-88.9656496163,-38.2445380842,5.7633372876,0.4183314698,4.1269573124,-4.6799153655,1.6035562233,4.67968666,15.414,-4.2038,5.7257,-0.06724,-0.00723,0.10231,0.0021,0.002,0.00218,0.00165,0.00172,0.0016,0.041,0.0435,0.045,passive,2
16.5605,rehab,danger_boundary_spike,63.2183607785,-666.1368526358,278.5946701015,-177.3777037629,0.130801982,-149.9965586017,-80.7174,-2.0549,60.5084,51.163,135.0795,155.7189,81.0375713804,28.568620534,83.8650519639,-25.2129456556,-88.9272222167,-38.1366148119,4.8301849701,3.8052167629,3.2417768181,-5.7500056648,-0.6612159288,5.7683472515,15.4466,-3.5989,5.8655,-0.05554,0.00226,0.09343,0.0021,0.002,0.00218,0.00165,0.00172,0.0016,0.041,0.0435,0.045,passive,2
16.5805,rehab,danger_boundary_spike,61.6065501244,-666.1125421828,279.869442014,-177.3770291333,0.1305916579,-149.9956769659,-70.9868,2.1448,67.2788,308.7693,12.6723,30.2559,81.0511341142,28.7500424505,83.9448362651,-25.3456827957,-88.9920982535,-38.0138041941,0.3003758138,3.6574650579,3.7029058961,-5.1944976165,-1.1476514037,6.690240536,16.0681,-4.3369,5.8743,-0.05602,-0.00958,0.09826,0.0021,0.002,0.00218,0.00165,0.00172,0.0016,0.041,0.0435,0.045,passive,2
16.6005,rehab,danger_boundary_spike,60.3788869392,-666.051061391,281.2858202225,-177.379581476,0.1300944901,-149.9926847141,-68.3667,-1.548,61.7186,-107.5659,-183.64,-238.3035,81.049586413,28.7149191364,84.0131681998,-25.4207255603,-88.9731282728,-37.8690051905,3.8649562132,0.4986441176,2.7292640077,-3.345246363,1.1321483692,2.739689318,15.3908,4.1622,6.174,0.02422,-0.01346,0.05969,0.0021,0.002,0.00218,0.00165,0.00172,0.0016,0.041,0.0435,0.045,passive,2
16.6205,rehab,danger_boundary_spike,58.8718834161,-666.1744626941,282.3381864282,-177.3750554352,0.1295801667,-149.9950509895,-75.2895,-5.2008,57.7466,-1387.1481,33.1112,1063.3113,81.2057323627,28.7699882152,84.0540068254,-25.4794926503,-88.9468123187,-37.9042166214,6.2243024175,0.9481567697,0.9732771548,-3.6442964002,-0.1785499606,3.4800070417,14.8108,4.0761,5.9894,0.02102,-0.01951,0.0499,0.0021,0.002,0.00218,0.00165,0.00172,0.0016,0.041,0.0435,0.045,passive,2
16.6405,rehab,danger_boundary_spike,57.3673075971,-666.2590941156,283.5956847218,-177.3782367337,0.1344758652,-149.9979749586,-123.8526,-0.2236,104.2511,-1233.3152,46.4208,1249.2403,81.2985585097,28.7528454071,84.052099286,-25.5664974163,-88.9802702712,-37.7298049088,6.8445037031,1.646651259,3.0790244945,-7.5539385734,1.6428289624,5.1027836028,17.2711,4.5814,6.8082,0.0155,-0.00786,0.05969,0.0021,0.002,0.00218,0.00165,0.00172,0.0016,0.041,0.0435,0.045,passive,2
16.6605,rehab,danger_boundary_spike,53.917779694,-666.1834053452,286.5082289101,-177.3782866847,0.1305094858,-149.9948091718,-124.6221,-3.344,107.7162,726.881,-85.4423,-796.7799,81.4795125108,28.8358542656,84.1771678051,-25.7816501932,-88.8810991602,-37.7001052773,8.1222504136,3.9937085303,3.493529286,-9.0357916886,0.4527135344,2.9381374264,15.5904,4.7665,6.456,0.03147,-0.00145,0.06154,0.0021,0.002,0.00218,0.00165,0.00172,0.0016,0.041,0.0435,0.045,passive,2
16.6805,rehab,danger_boundary_spike,52.382423895,-666.3928536314,287.9043337338,-177.3778434015,0.1324377064,-149.9956736738,-94.7774,-3.6413,72.3799,459.4728,39.3025,-810.0412,81.6234485262,28.9125937484,84.1918404574,-25.9279290838,-88.9621617299,-37.6122794117,5.6662560698,3.7807847353,2.8740652556,-5.8288050845,-1.6610583016,5.5396840405,17.2347,4.7938,6.8606,0.02302,-0.00642,0.07083,0.0021,0.002,0.00218,0.00165,0.00172,0.0016,0.041,0.0435,0.045,passive,2
16.7005,rehab,danger_boundary_spike,50.1266855198,-666.3290557351,289.4034234725,-177.3754149111,0.1318598309,-149.9949771834,-106.2432,-1.7719,75.3146,-201.4673,-7.4931,79.1419,81.7061627536,28.987085655,84.2921304154,-26.0148023966,-88.9475414923,-37.4785179157,5.2272884217,2.9405922579,5.3862740935,-4.1873394842,-0.2591874739,5.2476947218,16.6545,4.821,7.1103,0.02045,-0.01166,0.06723,0.0021,0.002,0.00218,0.00165,0.00172,0.0016,0.041,0.0435,0.045,passive,2
16.7205,rehab,danger_boundary_spike,48.1326967146,-666.4637291011,290.9169168485,-177.378151192,0.131365796,-150.0034072704,-102.836,-3.941,75.5455,100.9315,60.0521,135.0522,81.8325400631,29.0302174387,84.4072914211,-26.0954226632,-88.9725292288,-37.4023716229,5.1133275092,3.3470238074,3.8918119672,-3.5205714204,0.7760908396,5.1908369338,16.2011,4.5383,7.1958,0.01682,0.00534,0.06442,0.0021,0.002,0.00218,0.00165,0.00172,0.0016,0.041,0.0435,0.045,passive,2
16.7405,rehab,danger_boundary_spike,46.01324361,-666.4866951564,292.4252450832,-177.3745110293,0.1338348307,-149.9961232775,-102.2059,0.6302,80.7167,-221.6407,53.1499,193.4158,81.910695854,29.1209666073,84.447802894,-26.1556252534,-88.9164978587,-37.2708844383,7.1635973889,2.9954889109,4.196223659,-7.9855018653,4.1258076348,8.1833429662,17.3803,5.4621,8.0077,0.02587,-0.00261,0.06312,0.0021,0.002,0.00218,0.00165,0.00172,0.0016,0.041,0.0435,0.045,passive,2
16.7605,rehab,danger_boundary_spike,44.0444599298,-666.4385211836,294.1455834241,-177.3834453915,0.1261480719,-149.9971722117,-111.7017,-1.815,83.2822,-266.2401,-155.4188,3.4089,82.1190839587,29.1500369951,84.5751403675,-26.4148427378,-88.8074969234,-37.0750379042,7.2062862756,5.3119003994,5.8307605089,-8.6578522481,1.1511333037,4.8077974454,16.6213,5.0552,7.9631,0.00653,-0.01367,0.05252,0.0021,0.002,0.00218,0.00165,0.00172,0.0016,0.041,0.0435,0.045,passive,2
16.7805,rehab,danger_boundary_spike,41.5451765608,-666.5592947211,295.756531901,-177.3748235671,0.1289388117,-150.0023197153,-112.8555,-5.5866,80.853,123.4763,-48.8135,-157.4121,82.198947305,29.3334426232,84.6810333144,-26.5019393433,-88.8704525265,-37.0785725405,2.9926721284,6.0103060554,3.7821609852,-5.899159619,-3.302664603,3.2611412787,16.4144,5.0763,7.6957,0.01751,-0.00811,0.06627,0.0021,0.002,0.00218,0.00165,0.00172,0.0016,0.041,0.0435,0.045,passive,2
16.8005,rehab,danger_boundary_spike,39.5302390557,-666.6619833841,297.3797043009,-177.3808521707,0.1275593346,-149.996114954,-106.7626,-3.7675,76.9857,78.5127,104.6325,-78.9738,82.2387908438,29.3904492373,84.7264268069,-26.6508091225,-88.9396035076,-36.9445922531,4.235049949,1.5304092934,3.5385821603,-4.5973262942,0.0427165045,6.7746802038,16.9722,5.3061,8.9005,0.02309,0.0086,0.06784,0.0021,0.002,0.00218,0.00165,0.00172,0.0016,0.041,0.0435,0.045,passive,2
16.8205,rehab,danger_boundary_spike,37.2746715875,-666.7099959064,298.8359593889,-177.3750654234,0.1326425132,-149.9953819681,-109.715,-1.4013,77.6941,-415.2322,95.5171,223.4962,82.368349303,29.394658995,84.8225766008,-26.6858323951,-88.8687438663,-36.8075853323,7.8832908192,0.5065707557,4.6325943382,-5.4271948944,1.3663836837,6.2308853796,18.31,5.262,8.5118,0.01794,-0.01314,0.0775,0.0021,0.002,0.00218,0.00165,0.00172,0.0016,0.041,0.0435,0.045,passive,2
16.8405,rehab,danger_boundary_spike,35.1416385377,-666.7180336402,300.4874670963,-177.3713648795,0.1301107176,-149.999069649,-123.3719,0.0532,85.9255,-509.1038,-47.154,214.2809,82.5541224766,29.4107120676,84.9117305804,-26.8678969183,-88.8849481602,-36.6953568379,7.9596739102,3.5586214581,3.2678735595,-7.8649282878,-0.1493434903,6.2476845095,17.5006,4.5203,8.6983,0.00961,0.00326,0.06983,0.0021,0.002,0.00218,0.00165,0.00172,0.0016,0.041,0.0435,0.045,passive,2
16.8605,rehab,danger_boundary_spike,32.339795131,-666.7078697985,302.2729808199,-177.3749270769,0.1279238614,-149.9954795748,-130.0792,-3.2874,86.2653,-9.2493,-130.0223,-105.8607,82.6867362594,29.5370038533,84.9532915432,-27.0004295266,-88.874717606,-36.557677952,5.0548206672,4.1110507811,4.9472262951,-7.960408331,-1.6422278133,5.4480772845,16.4488,4.7119,8.556,0.005,0.00293,0.06536,0.0021,0.002,0.00218,0.00165,0.00172,0.0016,0.041,0.0435,0.045,passive,2
16.8805,rehab,danger_boundary_spike,29.9384719181,-666.8495303231,303.9380793515,-177.3740029421,0.1311454369,-149.9944463504,-123.7419,-5.1477,81.6911,56.1153,103.7812,-51.5608,82.7563153033,29.5751540988,85.1096196322,-27.1863132516,-88.9506372727,-36.4774337465,6.929828029,2.96554909,4.8818567791,-6.5161112678,2.1018466568,4.8732779715,16.6634,4.5245,8.732,0.00703,-0.00275,0.06898,0.0021,0.002,0.00218,0.00165,0.00172,0.0016,0.041,0.0435,0.045,passive,2
16.9005,rehab,danger_boundary_spike,27.3901197246,-666.913779423,305.5406251046,-177.3776719038,0.127269131,-149.9982130243,-127.8346,0.8638,84.2029,-91.9855,150.705,110.5407,82.9639293805,29.6556258169,85.1485658144,-27.2610739773,-88.7906437397,-36.3627468331,9.5137617624,2.9912601005,4.1243103288,-7.397071642,1.2032034245,5.3230526946,17.2212,5.0526,8.9962,0.01304,0.00431,0.06219,0.0021,0.002,0.00218,0.00165,0.00172,0.0016,0.041,0.0435,0.045,passive,2
16.9205,rehab,danger_boundary_spike,24.8250897414,-666.8149770393,307.306194399,-177.3824371979,0.1284276844,-150.0025959847,-127.4213,0.8805,86.1127,-239.2447,-138.7486,-242.0572,83.1368657738,29.6948045028,85.2745920454,-27.4821961172,-88.9025091358,-36.2645116387,8.3079188767,5.1363262402,5.6428199153,-8.4381443828,-1.8689553046,7.2480709348,16.5738,4.4209,9.257,0.00067,0.01109,0.05463,0.0021,0.002,0.00218,0.00165,0.00172,0.0016,0.041,0.0435,0.045,passive,2
16.9405,rehab,danger_boundary_spike,22.2932674588,-666.8785609715,308.9851344302,-177.3777665174,0.1298768889,-149.9968843258,-137.4043,-4.6861,74.5206,-269.8075,-99.0331,-185.4065,83.2962461356,29.8610788665,85.374278611,-27.5985997526,-88.8654019519,-36.0728239957,4.5382702429,5.8839770524,7.5559344095,-4.0758668612,1.3834687297,8.553253078,17.2609,5.1148,10.0147,0.01342,0.00788,0.07163,0.0021,0.002,0.00218,0.00165,0.00172,0.0016,0.041,0.0435,0.045,passive,2
16.9605,rehab,danger_boundary_spike,19.3289161197,-667.002421535,310.2870179181,-177.3796516987,0.127801087,-149.9953849059,-138.2136,-3.0809,78.6965,123.6872,87.3599,184.9861,83.3183965835,29.9301635849,85.5768294218,-27.6452307917,-88.8471703866,-35.9223815156,3.1062874647,0.8782181488,3.5923932144,-6.7764245904,0.8195990905,4.9252098154,16.9303,4.6508,9.884,0.0191,0.01595,0.06603,0.0021,0.002,0.00218,0.00165,0.00172,0.0016,0.041,0.0435,0.045,passive,2
16.9805,rehab,danger_boundary_spike,16.7647232577,-667.0017954631,312.1329934001,-177.3803308614,0.1279800901,-149.99817025,-132.4569,-1.1917,81.92,51.8708,11.2314,-55.4087,83.4204976342,29.8962075925,85.5179743395,-27.8696567362,-88.8326179882,-35.8758156031,7.2482823075,1.3854254929,2.6769959347,-12.1278313773,0.3012222896,6.1811899633,18.1198,5.0035,10.3003,0.00459,0.00794,0.07174,0.0021,0.002,0.00218,0.00165,0.00172,0.0016,0.041,0.0435,0.045,passive,2
17.0005,rehab,danger_boundary_spike,14.030641962,-667.0500902672,313.5638192634,-177.3781099612,0.1258570534,-149.9980715217,-136.1388,-2.6316,76.4801,-77.7166,-30.7138,-62.6989,83.6083278758,29.9855806046,85.6839092592,-28.1303440468,-88.835121495,-35.6751339171,7.0092795261,3.9537416304,7.8570859278,-8.3065087855,0.9928680955,8.7579275279,15.9756,4.7694,10.179,0.00196,0.01406,0.05589,0.0021,0.002,0.00218,0.00165,0.00172,0.0016,0.041,0.0435,0.045,passive,2
17.0205,rehab,danger_boundary_spike,11.3191723429,-667.1070597022,315.1921983741,-177.3762280932,0.1261477279,-149.9930926367,-135.5655,-2.4203,79.4121,-113.0947,15.018,55.7478,83.7008688152,30.0543572577,85.8322577767,-28.2019170877,-88.7929032644,-35.525498502,3.9927143993,3.5438020753,4.3430393291,-4.4226683007,1.8094064024,6.381507688,17.1863,5.0825,10.3887,0.01152,0.00459,0.07085,0.0021,0.002,0.00218,0.00165,0.00172,0.0016,0.041,0.0435,0.045,passive,2
17.0405,rehab,danger_boundary_spike,8.6080212666,-667.1469010594,316.7403024409,-177.3773985259,0.1270619115,-149.9978283247,-140.6626,-2.0309,78.71,-294.4289,5.0889,-145.1561,83.7680364517,30.1273326876,85.8576308323,-28.3072507788,-88.7627452389,-35.4198736096,7.2229146358,5.6137620143,4.1988857923,-7.8835022992,-2.5320757969,5.1016550855,17.6024,5.1409,11.5202,0.01557,0.02646,0.07596,0.0021,0.002,0.00218,0.00165,0.00172,0.0016,0.041,0.0435,0.045,passive,2
17.0605,rehab,danger_boundary_spike,5.6926698989,-667.1882951684,318.3405997679,-177.3833124706,0.1283254321,-149.99979829,-147.3427,-2.2167,73.6058,-65.6406,43.2121,-171.5444,83.9897854007,30.2789077383,86.0002132084,-28.5172571796,-88.8941862963,-35.3214322986,9.2390804975,4.3224681535,3.7404285961,-6.0416689726,-2.509983495,5.3989851649,16.5651,4.7733,10.4354,0.00249,0.02083,0.0802,0.0021,0.002,0.00218,0.00165,0.00172,0.0016,0.041,0.0435,0.045,passive,2
17.0805,rehab,danger_boundary_spike,2.7143143836,-667.2355696546,319.6845358922,-177.3780121855,0.1265651812,-149.9973520929,-143.2882,-0.3024,71.8483,188.5546,15.31,-39.7505,84.1375996716,30.3002314138,86.0072479762,-28.5489175377,-88.8631445787,-35.203914203,6.8921711653,3.2014072813,4.5379658488,-6.8502300786,0.5259167961,6.7827025057,17.6233,5.1629,12.4803,0.00047,0.02281,0.06654,0.0021,0.002,0.00218,0.00165,0.00172,0.0016,0.041,0.0435,0.045,passive,2
17.1005,rehab,danger_boundary_spike,-0.0388575111,-667.2003912297,321.2145301249,-177.3816708547,0.1246190742,-149.9990238262,-139.8005,-1.6043,72.0158,0.8009,-53.34,-82.9347,84.2654722473,30.4069640295,86.1817318423,-28.7912663828,-88.8731496245,-35.0501241983,6.4070765446,2.9232804394,6.0420764775,-9.8018480952,2.6907921126,6.1867843326,18.8253,5.7542,13.0637,0.01608,0.01676,0.07973,0.0021,0.002,0.00218,0.00165,0.00172,0.0016,0.041,0.0435,0.045,passive,2
17.1205,rehab,danger_boundary_spike,-2.8777051057,-667.2997421943,322.565168495,-177.3759061068,0.1278807687,-149.9932772792,-143.2561,-2.436,68.5309,-66.7205,54.154,-35.7835,84.3938827334,30.4171626314,86.2489310353,-28.9409914615,-88.7555128942,-34.9564428297,6.5078965453,2.9861780077,3.0972340672,-6.2628352938,2.2441813254,7.2921463964,16.8062,5.3896,12.4387,0.01007,0.01986,0.05654,0.0021,0.002,0.00218,0.00165,0.00172,0.0016,0.041,0.0435,0.045,passive,2
17.1405,rehab,danger_boundary_spike,-5.7691035104,-667.297831229,323.9557649392,-177.3779171867,0.1342337171,-150.0014033355,-142.4693,0.5618,70.5845,7638.6774,-32.6939,-3694.1967,84.5257881091,30.5264111498,86.305621205,-29.0417797945,-88.7833823714,-34.7584383425,7.1422919733,3.9098660044,6.0643084241,-8.2067845045,-0.7966309382,5.1075296811,16.3519,5.3505,12.0852,0.01,0.02989,0.06616,0.0021,0.002,0.00218,0.00165,0.00172,0.0016,0.041,0.0435,0.045,passive,2
17.1605,rehab,danger_boundary_spike,-8.5764774576,-667.2772683434,325.3885474477,-177.3784031107,0.1287871024,-150.0020987228,162.2909,-3.7438,-79.237,7700.8263,-157.0898,-3895.9802,84.6795744124,30.5735572715,86.4915033722,-29.2692628417,-88.7873781317,-34.7521416424,-5.4045024016,-1.5145977089,-2.7496018744,6.9433938977,-0.1567960651,-6.6901819884,-1.4889,5.4009,20.9454,-0.02542,0.12581,-0.0232,0.0021,0.002,0.00218,0.00165,0.00172,0.0016,0.041,0.0435,0.045,passive,2
17.1805,rehab,danger_boundary_spike,0.7225343827,-667.4475814155,320.7862850082,-177.3803865677,0.1284584541,-149.9984715908,165.5637,-5.7217,-85.2547,-7298.236,100.4959,3541.4724,84.309608013,30.4658272415,86.19563713,-28.7640440386,-88.789654214,-35.026045622,-9.577037257,-3.5294105647,-6.909139958,7.8797468254,-0.4242338902,-5.1163380772,-0.0452,5.556,20.7652,-0.02409,0.12019,-0.02367,0.0021,0.002,0.00218,0.00165,0.00172,0.0016,0.041,0.0435,0.045,passive,2
17.2005,rehab,danger_boundary_spike,-1.9539276916,-667.506138212,321.9783581355,-177.3843638151,0.1316782984,-149.9977160804,-129.6385,0.2761,62.4219,-7273.7393,159.6645,3724.591,84.2964929221,30.4323808489,86.2151377739,-28.9540729687,-88.8043474873,-34.9567951655,5.5511143,0.3023757086,3.5460963494,-8.2249478555,-1.019763813,4.4910962305,16.4167,5.7435,12.0294,0.01311,0.0318,0.05821,0.0021,0.002,0.00218,0.00165,0.00172,0.0016,0.041,0.0435,0.045,passive,2
17.2205,rehab,danger_boundary_spike,-4.4630052626,-667.4365381131,323.2831609712,-177.3817664966,0.127154854,-150.0014673562,-125.3858,0.6648,63.7289,115.4431,-48.9014,-59.4583,84.531652585,30.4779222698,86.337480984,-29.0930419528,-88.8304447666,-34.8464017728,8.677015395,3.4075008531,3.3579403271,-5.8837678381,1.4071329643,4.0163390143,16.9944,5.2005,12.3676,0.00455,0.02622,0.06036,0.0021,0.002,0.00218,0.00165,0.00172,0.0016,0.041,0.0435,0.045,passive,2
17.2405,rehab,danger_boundary_spike,-6.9693607986,-667.4795448815,324.5275143639,-177.3802303079,0.1305031494,-150.0006342906,-125.0208,-1.68,60.0436,199.8036,-33.5077,-261.5287,84.6435735379,30.5686808831,86.349455387,-29.1894236822,-88.7480621688,-34.7961416049,3.9600922973,4.6104594119,4.3877486795,-5.9495021863,0.4924896341,4.3560118175,16.7576,5.242,12.8952,0.00532,0.03103,0.07052,0.0021,0.002,0.00218,0.00165,0.00172,0.0016,0.041,0.0435,0.045,passive,2
17.2605,rehab,danger_boundary_spike,-9.4638359803,-667.5037371183,325.6849036376,-177.3839766438,0.1265610916,-149.9993861645,-117.3937,-0.6755,53.2678,218.6388,-11.7321,-217.1514,84.6900562769,30.6623406463,86.5129909312,-29.3310220403,-88.8107451812,-34.6721613001,4.3376464503,1.2728548825,3.9838801229,-3.286617233,-2.6326871828,7.4737911179,16.9628,5.5587,12.9441,-0.00273,0.01979,0.05683,0.0021,0.002,0.00218,0.00165,0.00172,0.0016,0.041,0.0435,0.045,passive,2
17.2805,rehab,danger_boundary_spike,-11.6651081672,-667.5065638867,326.6582247454,-177.3786538914,0.1260456881,-149.9981822762,-116.2752,-2.1493,51.3575,-90.1729,-61.8217,28.0528,84.8170793959,30.6195950784,86.5088105919,-29.3208883715,-88.8533696561,-34.4971899602,8.8469412839,3.8806907678,2.2911431772,-4.8094622514,-0.4955700069,6.1510079997,17.5399,5.6199,13.254,0.01568,0.02598,0.06585,0.0021,0.002,0.00218,0.00165,0.00172,0.0016,0.041,0.0435,0.045,passive,2
17.3005,rehab,danger_boundary_spike,-14.1148446602,-667.5897074166,327.7392040382,-177.3739127749,0.123096757,-150.000148648,-121.0006,-3.1483,54.3899,47.6734,67.1419,-41.4354,85.0439339283,30.817568277,86.6046366583,-29.5234005303,-88.8305679815,-34.4261209801,6.18067739,4.1461415164,6.0713851156,-8.239907154,1.6506839878,2.6504839065,16.7375,5.3564,12.8746,0.00786,0.02526,0.05212,0.0021,0.002,0.00218,0.00165,0.00172,0.0016,0.041,0.0435,0.045,passive,2
17.3205,rehab,danger_boundary_spike,-16.5051322262,-667.6324976698,328.8338196216,-177.3802331142,0.1239099295,-149.9986342648,-114.3683,0.5364,49.7001,248.0379,39.8735,-219.6867,85.0643064915,30.785440739,86.7516659965,-29.6504846577,-88.7873422966,-34.3911706039,2.8895246316,0.394714826,4.2623793447,-4.5480269313,1.5104750816,4.3547250874,16.3837,5.2197,13.6237,-0.00422,0.03435,0.06608,0.0021,0.002,0.00218,0.00165,0.00172,0.0016,0.041,0.0435,0.045,passive,2
17.3405,rehab,danger_boundary_spike,-18.6895759738,-667.5682506828,329.7272078483,-177.3757462795,0.1239125264,-149.9938690686,-111.0791,-1.5534,45.6024,218.7764,-74.1501,-194.0364,85.1595149135,30.83335687,86.775131832,-29.7053216076,-88.7701489782,-34.2519319766,5.2296442203,1.4484497866,2.1385673401,-6.7394526774,1.1750953864,6.986114393,16.553,5.2344,12.8231,0.01011,0.02847,0.06962,0.0021,0.002,0.00218,0.00165,0.00172,0.0016,0.041,0.0435,0.045,passive,2
17.3605,rehab,danger_boundary_spike,-20.9482956852,-667.6946338003,330.6579157732,-177.3804047503,0.1291245025,-149.9975715646,-105.6172,-2.4296,41.9386,-79.3404,38.5989,-32.3565,85.2734922603,30.8433787305,86.8372086902,-29.9200627648,-88.7403384811,-34.1117260282,8.5028387739,2.5554882866,3.391225296,-6.1724828093,0.4799296036,6.2858225468,16.5496,5.3532,12.968,-0.00421,0.02161,0.06805,0.0021,0.002,0.00218,0.00165,0.00172,0.0016,0.041,0.0435,0.045,passive,2
17.3805,rehab,danger_boundary_spike,-22.914265018,-667.6654341613,331.4047534919,-177.3784530366,0.1232820867,-150.00206751,-114.2527,-0.0094,44.3081,12.8183,76.7529,160.2405,85.4996284645,30.9355764015,86.9107808439,-29.95222092,-88.7509517941,-34.0004990747,5.6891364386,4.6044328969,3.6171374013,-4.2006642725,-0.3036999245,3.7336442103,17.2769,5.2353,14.6736,-0.00966,0.0434,0.06289,0.0021,0.002,0.00218,0.00165,0.00172,0.0016,0.041,0.0435,0.045,passive,2
17.4005,rehab,danger_boundary_spike,-25.5184037146,-667.69501176,332.4302415273,-177.3833543855,0.1273323522,-149.9919183006,-105.1045,0.6405,48.3483,443.6536,20.2806,-234.9454,85.5010577179,31.0275560464,86.9818941862,-30.0880893357,-88.7524864781,-33.9623802598,2.7907714085,3.8556984945,1.497731601,-5.0534486124,-0.3971081864,5.8042467658,16.4632,5.5883,14.3262,-0.00356,0.03526,0.06243,0.0021,0.002,0.00218,0.00165,0.00172,0.0016,0.041,0.0435,0.045,passive,2
17.4205,rehab,danger_boundary_spike,-27.1184447734,-667.6398129249,333.3386839236,-177.3827682363,0.1296403717,-150.0003693907,-96.5066,0.8018,34.9103,45.7548,-51.4026,-457.7626,85.6112593208,31.0898043413,86.9706901079,-30.1543588645,-88.7668361215,-33.7683292041,4.4109345247,1.6788653529,2.8612751269,-3.7779255458,1.5903486158,4.0621114639,16.0941,5.5441,14.3311,0.00279,0.03313,0.05719,0.0021,0.002,0.00218,0.00165,0.00172,0.0016,0.041,0.0435,0.045,passive,2
17.4405,rehab,danger_boundary_spike,-29.3786660345,-667.6629408336,333.826654563,-177.3774436522,0.1303754826,-149.9924748778,-103.2743,-1.4156,30.0378,155.2746,-50.9083,69.3828,85.6774950988,31.0947106605,87.0963451913,-30.2392063575,-88.6888725334,-33.7998958013,4.4110030267,1.0966874368,5.5741557627,-6.0295794759,1.5744723064,0.9760740884,15.8963,5.1762,14.2088,-0.00615,0.03958,0.06817,0.0021,0.002,0.00218,0.00165,0.00172,0.0016,0.041,0.0435,0.045,passive,2
17.4605,rehab,danger_boundary_spike,-31.2494168447,-667.6964357956,334.5401942247,-177.3762888299,0.1275824107,-150.0034280388,-90.2956,-1.2346,37.6856,338.0961,60.4518,5.9054,85.7876994419,31.1336718387,87.1936563384,-30.3955420435,-88.7038572293,-33.7292862406,5.3069307273,2.5768176051,3.143366847,-6.2562107945,-2.1992658398,5.5508300255,16.2915,5.5748,13.5406,0.00191,0.02827,0.06128,0.0021,0.002,0.00218,0.00165,0.00172,0.0016,0.041,0.0435,0.045,passive,2
17.4805,rehab,danger_boundary_spike,-32.9904890639,-667.7123231351,335.3340800983,-177.3794546965,0.1246356603,-149.9920071706,-89.7505,1.0025,30.274,73.9055,32.5999,-207.978,85.8897723279,31.1977833647,87.2220798652,-30.4894547893,-88.776843167,-33.5778626002,2.8707647187,2.9121547675,2.0556943137,-4.2775500504,-1.1105758252,4.9995808414,16.0487,5.9184,14.1684,0.00242,0.04339,0.05337,0.0021,0.002,0.00218,0.00165,0.00172,0.0016,0.041,0.0435,0.045,passive,2
17.5005,rehab,danger_boundary_spike,-34.8394351655,-667.6563357078,335.7511531604,-177.376287987,0.1265615104,-150.0010627153,-87.3394,0.0694,29.3665,297.8877,-63.3676,-9.4676,85.9025300306,31.2501580294,87.275884111,-30.5666440455,-88.7482802623,-33.5293030069,1.8291597167,3.227695992,3.2742990769,-4.5012989016,-0.9833914952,3.6631985638,16.1334,5.3167,13.9832,0.00048,0.0394,0.06654,0.0021,0.002,0.00218,0.00165,0.00172,0.0016,0.041,0.0435,0.045,passive,2
17.5205,rehab,danger_boundary_spike,-36.4840633461,-667.7095456509,336.5087408926,-177.3825404468,0.1268462579,-150.0001592072,-77.8349,-1.5322,29.8953,368.0756,-7.8191,-177.7559,85.9629387166,31.3268912044,87.3530518282,-30.6695067454,-88.8161788268,-33.4313346577,3.4590058467,3.2845905735,3.8041910868,-3.2640842549,-0.3463102313,2.9578524669,16.0596,5.6039,14.4769,0.0022,0.04071,0.05584,0.0021,0.002,0.00218,0.00165,0.00172,0.0016,0.041,0.0435,0.045,passive,2
17.5405,rehab,danger_boundary_spike,-37.9528331199,-667.7176237732,336.9469638848,-177.3797653655,0.125097862,-150.0024663108,-72.6163,-0.2433,22.2563,214.4769,72.6162,-147.1159,86.0408902645,31.3815416524,87.4280517545,-30.6972074157,-88.7621326715,-33.4109889082,4.0783970898,0.1024351554,0.2875955608,-0.8040029208,1.5554177766,2.832731728,16.8344,5.9112,15.1866,0.00418,0.04731,0.05828,0.0021,0.002,0.00218,0.00165,0.00172,0.0016,0.041,0.0435,0.045,passive,2
17.5605,rehab,danger_boundary_spike,-39.3887166501,-667.7192787475,337.3989923027,-177.3814211609,0.1279507923,-150.0039379765,-69.2559,1.3724,24.0106,241.4118,3.3874,66.1063,86.1260746002,31.3309886106,87.3645556507,-30.7016668622,-88.7539621158,-33.3180253886,3.1043442071,1.0833080538,0.3257845486,-3.7798944707,-0.8014017904,5.3040628707,17.0873,6.2047,15.8303,0.00045,0.04417,0.05266,0.0021,0.002,0.00218,0.00165,0.00172,0.0016,0.041,0.0435,0.045,passive,2
17.5805,rehab,danger_boundary_spike,-40.723068002,-667.6627258601,337.9073891961,-177.3761478576,0.1266906911,-149.9975402807,-62.9599,-0.1078,24.9005,322.3455,-109.4807,-124.6937,86.1650640328,31.4248739745,87.4410831364,-30.8484031945,-88.7941887431,-33.1988263934,3.6623122643,1.0757478293,3.0733634724,-6.3009295358,0.3236943738,0.2222697637,16.7927,5.9643,15.5057,-0.0137,0.04265,0.06213,0.0021,0.002,0.00218,0.00165,0.00172,0.0016,0.041,0.0435,0.045,passive,2
17.6005,rehab,danger_boundary_spike,-41.907111043,-667.7235919736,338.3950138178,-177.3785965247,0.1278914934,-149.9968945152,-56.3621,-3.0068,19.0229,277.5487,-8.6736,-227.7523,86.2725670908,31.3740185237,87.4874901896,-30.9537040436,-88.7410143408,-33.309134598,3.7914205811,2.4029030848,2.3688302532,-1.8384266121,0.6284768579,1.5258432277,17.0903,6.0938,16.3288,-0.00066,0.0512,0.05381,0.0021,0.002,0.00218,0.00165,0.00172,0.0016,0.041,0.0435,0.045,passive,2
17.6205,rehab,danger_boundary_spike,-42.9775500051,-667.7829970684,338.6683046097,-177.3762838097,0.1305216869,-149.9944712218,-51.8579,-0.4548,15.7904,188.1197,112.2845,-162.4659,86.316720856,31.5209900979,87.5358363465,-30.921940259,-88.7690496688,-33.1377926643,2.4374983383,3.0166327871,1.0843429192,-0.569870218,-0.9191325279,4.3365293834,15.7032,5.2624,15.2204,-0.01124,0.04941,0.05332,0.0021,0.002,0.00218,0.00165,0.00172,0.0016,0.041,0.0435,0.045,passive,2
17.6405,rehab,danger_boundary_spike,-43.9814274799,-667.7417830221,339.0266316166,-177.3834054057,0.1226859797,-149.9992877008,-48.8373,1.4846,12.5242,242.7856,23.5367,-55.2121,86.3700670243,31.4946838352,87.5308639063,-30.9764988523,-88.7777796419,-33.1356734227,2.3397045587,0.0441544931,0.8902612519,-3.1946479104,-0.1950319494,1.0557288934,15.8148,5.2642,14.7348,-0.01533,0.04262,0.06731,0.0021,0.002,0.00218,0.00165,0.00172,0.0016,0.041,0.0435,0.045,passive,2
17.6605,rehab,danger_boundary_spike,-44.9310404221,-667.7236130547,339.1692745341,-177.3849541655,0.1228364519,-149.9977830424,-42.1465,0.4867,13.582,-10420.9836,-52.2151,2888.1432,86.4103090384,31.5227562776,87.5714467966,-31.0497261754,-88.7768509468,-33.0955635086,0.3286013412,-0.1739324132,0.5292313391,-2.0335707912,1.0500216635,2.6097445149,15.6819,5.3394,15.0093,-0.00648,0.04551,0.05164,0.0021,0.002,0.00218,0.00165,0.00172,0.0016,0.041,0.0435,0.045,passive,2
17.6805,rehab,danger_boundary_spike,-45.6672869444,-667.7223153683,339.569910081,-177.3800537206,0.1318536139,-150.0022900595,-465.6766,-0.604,128.05,-10520.7217,10.2005,2867.0119,86.3832110779,31.4877265387,87.5520331599,-31.057841684,-88.7357787754,-33.0312836421,22.3999591949,11.9722689329,17.1917908041,-22.3480036037,0.6239686596,19.7665683887,18.5631,6.5015,17.4822,0.00701,0.05319,0.06561,0.0021,0.002,0.00218,0.00165,0.00172,0.0016,0.041,0.0435,0.045,passive,2
17.7005,rehab,danger_boundary_spike,-63.558104595,-667.747773179,344.291273532,-177.3813709866,0.1270219403,-150.0006928807,-462.9754,0.8947,128.2624,11236.5265,28.6552,-2933.2806,87.3063074062,32.001647035,88.2591184288,-31.9436463196,-88.7518922004,-32.304900773,22.0999475759,11.0289215432,15.4341200422,-21.6235224411,-0.9312008884,16.1537300955,18.569,7.3085,20.1809,-0.01297,0.06188,0.04458,0.0021,0.002,0.00218,0.00165,0.00172,0.0016,0.041,0.0435,0.045,passive,2
17.7205,rehab,danger_boundary_spike,-64.1863011442,-667.6865268958,344.7004076124,-177.378036431,0.1289786226,-150.0008608689,-16.2155,0.5422,10.7188,11456.1911,7.9418,-3335.0204,87.267208981,31.9288834004,88.1693979616,-31.9227825816,-88.7730268109,-32.3851344383,-0.1033058427,0.6038435679,-2.1955915196,-2.0895204183,-0.7106194645,0.4171623842,14.8778,5.2446,16.3257,-0.0113,0.05184,0.05766,0.0021,0.002,0.00218,0.00165,0.00172,0.0016,0.041,0.0435,0.045,passive,2
17.7405,rehab,danger_boundary_spike,-64.2067263309,-667.7260849199,344.7200235539,-177.3790635032,0.1247955521,-149.998490412,-4.7277,1.2124,-5.1384,382.8888,37.9466,-392.5981,87.3021751725,32.0258007777,88.171294768,-32.0272271363,-88.780316979,-32.2882142776,-0.4900840228,1.4855818378,0.1435505429,-0.0539611947,-0.138305872,0.6993167401,14.0118,5.2898,16.0398,-0.01622,0.04557,0.04459,0.0021,0.002,0.00218,0.00165,0.00172,0.0016,0.041,0.0435,0.045,passive,2
17.7605,rehab,danger_boundary_spike,-64.3754095553,-667.6380316215,344.4948724766,-177.3800424972,0.1256971291,-149.9977525162,-0.9,2.0601,-4.9852,174.7561,-34.7566,227.7467,87.2476056201,31.9883066739,88.1751399833,-31.9249410294,-88.7785590458,-32.3571617687,-2.1937278843,-1.4187190208,-1.4142829187,-0.7286296384,-0.0290213204,0.0876851862,15.3804,5.6406,16.6919,-0.01036,0.05357,0.05635,0.0021,0.002,0.00218,0.00165,0.00172,0.0016,0.041,0.0435,0.045,passive,2
17.7805,rehab,danger_boundary_spike,-64.2427260183,-667.6436820347,344.5206166429,-177.3808163122,0.1238369231,-150.0027884804,2.2625,-0.1779,3.9715,231.1473,9.1884,162.9,87.2144260571,31.9690520168,88.1147234512,-32.0563723219,-88.7814778318,-32.2847068702,-0.0366245581,-0.1022965559,0.0020048539,-1.9773490476,1.5344421121,1.6578993473,-5.6222,5.1284,21.1757,-0.02611,0.15361,-0.04255,0.0021,0.002,0.00218,0.00165,0.00172,0.0016,0.041,0.0435,0.045,passive,2
17.8005,rehab,danger_boundary_spike,-64.2849082775,-667.6451468413,344.6537320522,-177.3767542916,0.1276686485,-149.9981603963,8.3459,2.4276,1.5308,409.4936,65.9209,-255.3859,87.2461406377,31.9842148117,88.1752201775,-32.0040349913,-88.7171813613,-32.2908457948,0.8760772771,-0.7162216499,1.0107610881,1.9919107709,0.1480372883,0.8838358879,-6.8899,5.8791,21.8937,-0.02484,0.1458,-0.06212,0.0021,0.002,0.00218,0.00165,0.00172,0.0016,0.041,0.0435,0.045,passive,2
17.8205,rehab,danger_boundary_spike,-63.9088900021,-667.5465776704,344.5818497673,-177.3837418874,0.1276820198,-150.0035638367,18.6423,2.459,-6.2439,433.8265,-34.0489,-173.2369,87.2494691482,31.9404031509,88.1551538948,-31.976695891,-88.7755563403,-32.2493534347,-0.5309634433,-1.5006599361,-0.4089850396,1.3376112054,-4.0003177803,2.8601402194,-6.0637,6.2467,22.5214,-0.01692,0.15559,-0.06377,0.0021,0.002,0.00218,0.00165,0.00172,0.0016,0.041,0.0435,0.045,passive,2
17.8405,rehab,danger_boundary_spike,-63.5392171694,-667.5467886531,344.4039741931,-177.3828963807,0.1251109392,-150.0002587479,25.699,1.0657,-5.3986,338.6436,-40.7977,19.9279,87.2249021,31.9241884143,88.1588607759,-31.9505305431,-88.8771940725,-32.176440186,0.5158311581,1.5255096291,-2.3435651311,1.9916199136,3.0598860266,-2.0466134198,-5.7806,5.1309,22.2467,-0.03863,0.15059,-0.04994,0.0021,0.002,0.00218,0.00165,0.00172,0.0016,0.041,0.0435,0.045,passive,2
17.8605,rehab,danger_boundary_spike,-62.880931623,-667.503951549,344.3659038316,-177.3768071566,0.1294234605,-150.0025014646,32.188,0.827,-5.4468,428.9936,8.9517,-194.716,87.2701023945,32.001423536,88.0614112895,-31.8970310945,-88.6531608992,-32.3312179715,-1.7935366745,1.0546614175,-2.1398305953,1.4690545483,4.4958517825,-4.0786430553,-6.0952,5.8038,22.3244,-0.02794,0.14777,-0.05473,0.0021,0.002,0.00218,0.00165,0.00172,0.0016,0.041,0.0435,0.045,passive,2
17.8805,rehab,danger_boundary_spike,-62.2516963419,-667.5137067051,344.1861009993,-177.3810977632,0.1300619258,-150.0040361032,42.8587,1.4237,-13.1873,622.7644,17.2298,-256.5262,87.153160633,31.966374871,88.0732675521,-31.8917683612,-88.6973600012,-32.3395859082,-3.2725550136,-1.5562432209,-0.811022422,1.9236217153,-2.0100842935,-3.3899199209,-5.575,6.4619,21.8531,-0.01534,0.14374,-0.06167,0.0021,0.002,0.00218,0.00165,0.00172,0.0016,0.041,0.0435,0.045,passive,2
17.9005,rehab,danger_boundary_spike,-61.166583525,-667.4470027643,343.8384122354,-177.3779456842,0.121535019,-149.9954796736,57.0986,1.5162,-15.7079,284.3666,-45.962,-74.2335,87.139200194,31.9391738072,88.0289703926,-31.8200862259,-88.733564271,-32.4668147683,-1.6286986444,-1.7542710844,-0.5037209879,3.9013655504,-3.8552446172,-2.7409996952,-5.7543,6.3642,23.026,-0.02866,0.15495,-0.0491,0.0021,0.002,0.00218,0.00165,0.00172,0.0016,0.041,0.0435,0.045,passive,2
17.9205,rehab,danger_boundary_spike,-59.9677525061,-667.4530570717,343.5577858328,-177.3817152689,0.1220140303,-149.9950484206,54.2334,-0.4148,-16.1566,28.6901,11.4424,-95.1718,87.0880126873,31.8962040276,88.0531187125,-31.7357137392,-88.8515697859,-32.449225896,-2.420107745,-4.6585506705,-2.1006550251,2.01775158,2.1811577958,-1.5080176828,-6.4166,6.1767,23.2361,-0.03704,0.16348,-0.06451,0.0021,0.002,0.00218,0.00165,0.00172,0.0016,0.041,0.0435,0.045,passive,2
17.9405,rehab,danger_boundary_spike,-58.9972488474,-667.46359322,343.1921470512,-177.3802384235,0.1255128906,-150.0025957844,58.2462,1.9739,-19.5148,438.3038,99.3098,-1.8974,87.0423958842,31.7528317804,87.9449441916,-31.7393761627,-88.6463179591,-32.5271354756,-3.2161790469,-3.5332821364,-3.2887611119,0.2478612402,2.9484667796,-0.1687920439,-5.31,5.4733,22.1383,-0.03243,0.147,-0.04785,0.0021,0.002,0.00218,0.00165,0.00172,0.0016,0.041,0.0435,0.045,passive,2
17.9605,rehab,danger_boundary_spike,-57.6379045457,-667.3740995455,342.7771958222,-177.384402496,0.126218562,-149.9951754122,71.7655,3.5576,-16.2325,527.8983,-6.2602,307.8073,86.9593655254,31.7548727421,87.9215682681,-31.7257992895,-88.7336311148,-32.4559775778,-3.6352583164,1.0253322215,-2.3831646277,5.4791552675,-5.1749511735,-0.5311235537,-5.6504,6.4053,23.0193,-0.02719,0.14989,-0.05517,0.0021,0.002,0.00218,0.00165,0.00172,0.0016,0.041,0.0435,0.045,passive,2
17.9805,rehab,danger_boundary_spike,-56.1266280371,-667.3212879405,342.5428459484,-177.3833702806,0.1253075086,-150.0025194892,79.3621,1.7235,-7.2025,231.7627,-177.1501,595.1995,86.8969855515,31.7938450692,87.8496176065,-31.520209952,-88.8533160061,-32.5483804178,-2.6027390706,2.8719004885,-4.8119015267,15.0797784906,-6.7935379582,-8.709160446,-5.4792,5.7081,23.535,-0.03556,0.16552,-0.05648,0.0021,0.002,0.00218,0.00165,0.00172,0.0016,0.041,0.0435,0.045,passive,2
