t,trajectory_type,trajectory_variant,x,y,z,rx,ry,rz,vx,vy,vz,ax,ay,az,j1,j2,j3,j4,j5,j6,dj1,dj2,dj3,dj4,dj5,dj6,fx,fy,fz,tx,ty,tz,Mx,My,Mz,Bx,By,Bz,Kx,Ky,Kz,mode,comfort
0.0007,rehab,safe_near_limit_fast,80.20313835053925,-666.6344243132434,262.4827457127883,-177.65143806748168,0.2916354565939642,-149.8536641977613,-0.1625,-0.0266,0.1598,4.6069,0.9508,1.2483,84.42681114272315,30.063005957272974,85.6922716197401,-27.523091634114582,-89.11320156521268,-35.81650627983941,-0.0,-0.0,-0.03453622950185643,-0.01408047146267361,-0.06785074869791667,-0.0,-2.2305,-0.3123,-2.3301,-0.03032,0.0172,0.05579,0.000896560843102634,0.0010002665221691132,0.0012017011176794767,0.00041550752939656377,0.0005005536368116736,0.0006072662072256207,0.011570200324058533,0.0092311417683959,0.00862911343574524,passive,0
0.0211,rehab,safe_near_limit_fast,80.20463699334664,-666.6342938936551,262.4821311933599,-177.65148906303918,0.29167181096368516,-149.85352666200362,-0.0765,-0.0202,0.0925,4.5092,0.7804,-1.0592,84.42694031366027,30.063053546565595,85.69227841821048,-27.523083157009548,-89.11320156521268,-35.81651475694444,-0.0,-0.0,0.002318278397663985,0.011986626519097222,-0.0,-0.06785074869791667,-2.311,-0.2715,-1.9574,-0.03438,0.02876,0.05874,0.000896560843102634,0.0010002665221691132,0.0012017011176794767,0.00041550752939656377,0.0005005536368116736,0.0006072662072256207,0.011570200324058533,0.0092311417683959,0.00862911343574524,passive,0
0.0408,rehab,safe_near_limit_fast,80.20567181999205,-666.6342687088362,262.48169964820687,-177.6515185589105,0.29170350387202854,-149.8534380515207,0.046,-0.0088,-0.0115,3.4904,0.4593,-4.2259,84.42702869377514,30.06309433738784,85.6922716197401,-27.523074679904514,-89.11319308810764,-35.81651475694444,0.05441495687654703,-0.05441495687654703,0.01630953042814047,0.0007798936631944444,-0.0,-0.06785074869791667,-2.2099,-0.3485,-1.3084,-0.03573,0.00425,0.04651,0.000896560843102634,0.0010002665221691132,0.0012017011176794767,0.00041550752939656377,0.0005005536368116736,0.0006072662072256207,0.011570200324058533,0.0092311417683959,0.00862911343574524,passive,0
0.0608,rehab,safe_near_limit_fast,80.20737162904109,-666.6341634612168,262.4807575266124,-177.6515836602748,0.29178165045921534,-149.8532945513981,0.0792,-0.0,-0.0604,0.9473,0.1765,-4.8324,84.427171461653,30.06316912056196,85.69227841821048,-27.523057725694443,-89.11316765679253,-35.81651475694444,0.05441495687654703,0.05441495687654703,0.005316403832766089,0.007476806640625,0.06785074869791667,-0.0,-2.3131,-0.3507,-1.5797,-0.04632,0.01744,0.05579,0.000896560843102634,0.0010002665221691132,0.0012017011176794767,0.00041550752939656377,0.0005005536368116736,0.0006072662072256207,0.011570200324058533,0.0092311417683959,0.00862911343574524,passive,0
0.0811,rehab,safe_near_limit_fast,80.2074728292084,-666.6342450967918,262.48093120564397,-177.65157504157244,0.2917438727704691,-149.85327337766503,0.0197,0.0056,-0.0512,-3.0487,-0.0455,-2.9021,84.42718505859375,30.06316912056196,85.69225802279935,-27.523066202799477,-89.11319308810764,-35.81652323404948,-0.05441495687654703,-0.0,0.023828638662206063,-0.00032212999131944444,-0.0,-0.0,-2.4597,-0.2249,-1.7632,-0.0609,0.03532,0.05649,0.000896560843102634,0.0010002665221691132,0.0012017011176794767,0.00041550752939656377,0.0005005536368116736,0.0006072662072256207,0.011570200324058533,0.0092311417683959,0.00862911343574524,passive,0
0.1011,rehab,safe_near_limit_fast,80.20162794516817,-666.6352563188228,262.48369572304364,-177.65150918446398,0.29171437177002557,-149.85364524389462,-0.1023,0.0104,-0.0433,-8.3966,-0.2327,1.3795,84.42681114272315,30.06308074044709,85.69206086715849,-27.52283732096354,-89.11318461100261,-35.81661648220486,-0.05441495687654703,-0.0,-0.010211302502320545,0.003238254123263889,-0.0,-0.0,-2.347,-0.4481,-1.9472,-0.04729,0.00389,0.04416,0.000896560843102634,0.0010002665221691132,0.0012017011176794767,0.00041550752939656377,0.0005005536368116736,0.0006072662072256207,0.011570200324058533,0.0092311417683959,0.00862911343574524,passive,0
0.1208,rehab,safe_near_limit_fast,80.19490616514194,-666.6363777395271,262.4879366948414,-177.65153170254501,0.29173483311785,-149.85396150011312,-0.2156,0.0081,-0.0895,-13.9176,-0.3113,6.9683,84.42618568344872,30.06286318939511,85.69174133905089,-27.522303263346352,-89.11317613389757,-35.81683688693576,-0.05441495687654703,-0.0,-0.02162593426090656,0.0872802734375,-0.0,-0.0,-2.2918,-0.4587,-1.3985,-0.04551,0.00746,0.04465,0.000896560843102634,0.0010002665221691132,0.0012017011176794767,0.00041550752939656377,0.0005005536368116736,0.0006072662072256207,0.011570200324058533,0.0092311417683959,0.00862911343574524,passive,0
0.1413,rehab,safe_near_limit_fast,80.18655023959968,-666.6348704357149,262.4893633040133,-177.65310168870337,0.2928433999836258,-149.85359072666944,-0.6326,-0.0083,0.1395,-23.5285,-0.3215,18.3476,84.42549903794091,30.062686429165378,85.69111587977645,-27.519946628146702,-89.11316765679253,-35.81771002875434,-0.0,-0.05441495687654703,-0.029029468498607672,0.17175462510850695,-0.06785074869791667,-0.06785074869791667,-2.1609,-0.4668,-1.8818,-0.03129,0.00439,0.04852,0.000896560843102634,0.0010002665221691132,0.0012017011176794767,0.00041550752939656377,0.0005005536368116736,0.0006072662072256207,0.011570200324058533,0.0092311417683959,0.00862911343574524,passive,0
0.161,rehab,safe_near_limit_fast,80.17536421487883,-666.6328411847129,262.49210945982037,-177.6551262757778,0.2942992920034922,-149.8527989961513,-1.2237,-0.0301,0.5949,-36.8847,-0.3271,35.4716,84.42465602761447,30.062387296468906,85.69036804803527,-27.516649034288193,-89.11312527126736,-35.819193522135414,-0.10882991375309406,-0.0,-0.05515599014735458,0.2611626519097222,-0.0,-0.13570149739583334,-1.949,-0.4918,-1.4904,-0.03798,0.00185,0.04461,0.000896560843102634,0.0010002665221691132,0.0012017011176794767,0.00041550752939656377,0.0005005536368116736,0.0006072662072256207,0.011570200324058533,0.0092311417683959,0.00862911343574524,passive,0
0.1811,rehab,safe_near_limit_fast,80.15903521449081,-666.6324106222552,262.49852310587494,-177.65688295591937,0.29549360531511454,-149.85166414021947,-2.0686,-0.0374,1.4506,-50.0183,-0.1364,54.0831,84.42291561919863,30.06182302342783,85.68890637690478,-27.511706882052952,-89.1131083170573,-35.822296142578125,-0.10882991375309406,-0.10882991375309406,-0.11805543805112934,0.3618367513020833,-0.0,-0.339262220594618,-2.2136,-0.4826,-1.0346,-0.0223,0.00601,0.0456,0.000896560843102634,0.0010002665221691132,0.0012017011176794767,0.00041550752939656377,0.0005005536368116736,0.0006072662072256207,0.011570200324058533,0.0092311417683959,0.00862911343574524,passive,0
0.2011,rehab,safe_near_limit_fast,80.09705312406669,-666.63630588183,262.53671816399725,-177.65987506844752,0.2975020930327993,-149.8499263562185,-2.975,-0.0181,2.4822,-62.3608,0.292,72.3738,84.41752443219175,30.05952514044129,85.68453496045406,-27.501237657335068,-89.11304897732205,-35.82932366265191,-0.2720815828531095,-0.16324487062964108,-0.21844165159924195,0.5113135443793403,-0.0,-0.339262220594618,-2.1112,-0.4578,-1.2025,-0.01985,0.00049,0.04673,0.000896560843102634,0.0010002665221691132,0.0012017011176794767,0.00041550752939656377,0.0005005536368116736,0.0006072662072256207,0.011570200324058533,0.0092311417683959,0.00862911343574524,passive,0
0.2209,rehab,safe_near_limit_fast,80.03169624168356,-666.6377103651255,262.59190099715636,-177.66115007411668,0.29830958888477244,-149.84922379971553,-4.3653,-0.0028,4.1423,-74.2849,0.7604,88.9624,84.41182051554765,30.05569080315014,85.68048307211092,-27.491667005750866,-89.11298116048177,-35.835630628797745,-0.435333251953125,-0.2720815828531095,-0.29393866510674505,0.67840576171875,-0.0,-0.339262220594618,-2.2566,-0.6526,-1.6292,-0.04322,0.01038,0.04892,0.000896560843102634,0.0010002665221691132,0.0012017011176794767,0.00041550752939656377,0.0005005536368116736,0.0006072662072256207,0.011570200324058533,0.0092311417683959,0.00862911343574524,passive,0
0.2409,rehab,safe_near_limit_fast,79.89807933007705,-666.6388964754551,262.7211799413527,-177.6619823141837,0.2987214067436486,-149.84870947316966,-6.487,-0.0063,6.6568,-85.5108,1.0621,102.0383,84.40014754191483,30.0464924727336,85.67234530307279,-27.47307671440972,-89.11283704969618,-35.84761725531684,-0.544163165706219,-0.435333251953125,-0.4060862324025371,0.9026506212022569,-0.0,-0.5428229437934028,-2.1875,-0.6529,-1.5316,-0.03966,0.00276,0.0476,0.000896560843102634,0.0010002665221691132,0.0012017011176794767,0.00041550752939656377,0.0005005536368116736,0.0006072662072256207,0.011570200324058533,0.0092311417683959,0.00862911343574524,passive,0
0.2611,rehab,safe_near_limit_fast,79.79126096734399,-666.6378529104263,262.83888703297043,-177.66204834515824,0.2986383291365145,-149.84776130414332,-8.1811,0.014,8.728,-96.3815,1.03,111.2195,84.39079284667969,30.038001183236,85.66544485564279,-27.457394070095486,-89.11269293891058,-35.857747395833336,-0.6529998779296875,-0.544163165706219,-0.444429605314047,1.086366441514757,-0.0,-0.678524441189236,-1.9901,-0.6833,-1.4386,-0.02904,0.01299,0.0428,0.000896560843102634,0.0010002665221691132,0.0012017011176794767,0.00041550752939656377,0.0005005536368116736,0.0006072662072256207,0.011570200324058533,0.0092311417683959,0.00862911343574524,passive,0
0.2811,rehab,safe_near_limit_fast,79.58952343952255,-666.6338044883952,263.0606903503864,-177.66176162973056,0.2982467793436314,-149.846422214679,-9.889,0.0558,10.7428,-107.6123,0.6488,117.1151,84.37310322676555,30.021705249748607,85.65311243038366,-27.428699069552952,-89.11237928602431,-35.876456366644966,-0.9250814607827971,-0.7618297916827815,-0.5720572896523051,1.3435024685329862,-0.0,-0.8820851643880208,-2.1744,-0.5879,-1.8523,-0.01788,0.01315,0.05063,0.000896560843102634,0.0010002665221691132,0.0012017011176794767,0.00041550752939656377,0.0005005536368116736,0.0006072662072256207,0.011570200324058533,0.0092311417683959,0.00862911343574524,passive,0
0.301,rehab,safe_near_limit_fast,79.41774451345626,-666.6312203006746,263.2508524277953,-177.66070014102186,0.2973975797812964,-149.84611886465453,-12.0369,0.0748,13.0477,-112.6921,0.1464,113.9427,84.3580446148863,30.007781982421875,85.64282634470722,-27.405420939127602,-89.11207411024306,-35.89155409071181,-1.0883331298828125,-0.979496417659344,-0.6881411712948639,1.560575697157118,-0.0,-0.9499359130859375,-2.1837,-0.7219,-1.6163,-0.04057,0.01035,0.04595,0.000896560843102634,0.0010002665221691132,0.0012017011176794767,0.00041550752939656377,0.0005005536368116736,0.0006072662072256207,0.011570200324058533,0.0092311417683959,0.00862911343574524,passive,0
0.3211,rehab,safe_near_limit_fast,79.03809623720188,-666.6334960264398,263.65901018472806,-177.6575630737321,0.29497316435590826,-149.8470004116888,-14.6173,0.0732,15.5551,-111.0367,-0.2682,103.186,84.32484088557781,29.97865053686765,85.61989510413444,-27.35642327202691,-89.11142137315538,-35.92331780327691,-1.360414712735922,-1.1427480867593596,-0.9407927258179919,1.9094424777560763,-0.0,-1.2892066107855902,-2.0011,-0.7075,-0.731,-0.0334,-0.00038,0.03705,0.000896560843102634,0.0010002665221691132,0.0012017011176794767,0.00041550752939656377,0.0005005536368116736,0.0006072662072256207,0.011570200324058533,0.0092311417683959,0.00862911343574524,passive,0
0.3411,rehab,safe_near_limit_fast,78.78401831472117,-666.6341873482007,263.9262039725766,-177.65619649645416,0.29397648933913134,-149.84730836985446,-16.9701,0.0565,17.6409,-115.5157,-0.6532,99.9855,84.30259629051284,29.95951964123414,85.60464613508469,-27.32312520345052,-89.11089579264323,-35.94487508138021,-1.4692514249593904,-1.251584798982828,-0.9584619503210087,2.171028984917535,-0.0,-1.4249081081814237,-2.1101,-0.7611,-1.3274,-0.02371,-0.00734,0.04082,0.000896560843102634,0.0010002665221691132,0.0012017011176794767,0.00041550752939656377,0.0005005536368116736,0.0006072662072256207,0.011570200324058533,0.0092311417683959,0.00862911343574524,passive,0
0.361,rehab,safe_near_limit_fast,78.49650954911553,-666.6299214406988,264.21877070344857,-177.65552222464274,0.2935143001414739,-149.8474613077706,-19.4906,0.0231,19.6787,-129.679,-0.9377,107.335,84.27737396542389,29.93794809473623,85.58859494653079,-27.28562249077691,-89.11026000976562,-35.96951802571615,-1.6325030940594059,-1.4692514249593904,-1.0531238518138923,2.5079345703125,0.06785074869791667,-1.6284688313802083,-2.1831,-0.724,-1.9836,-0.01853,0.00457,0.05409,0.000896560843102634,0.0010002665221691132,0.0012017011176794767,0.00041550752939656377,0.0005005536368116736,0.0006072662072256207,0.011570200324058533,0.0092311417683959,0.00862911343574524,passive,0
0.3809,rehab,safe_near_limit_fast,78.00876136104347,-666.6299571046308,264.7077688139167,-177.65503230763184,0.2933110862407687,-149.84765428666492,-21.9867,-0.0074,21.5807,-139.0912,-0.8518,111.3197,84.23463198218015,29.902833995252553,85.55989180461015,-27.22113715277778,-89.10909864637587,-36.01133558485243,-1.9589996337890625,-1.5780813387124846,-1.2863181841255416,2.850858900282118,0.06785074869791667,-1.8998803032769096,-2.0488,-0.7349,-2.0634,-0.01042,0.01121,0.0487,0.000896560843102634,0.0010002665221691132,0.0012017011176794767,0.00041550752939656377,0.0005005536368116736,0.0006072662072256207,0.011570200324058533,0.0092311417683959,0.00862911343574524,passive,0
0.4008,rehab,safe_near_limit_fast,77.53801546628792,-666.6289691218576,265.1719312697416,-177.65447112180536,0.2930619781690015,-149.84812455045093,-23.9349,-0.0191,22.9463,-138.842,-0.4876,107.9499,84.20185655650526,29.876245177618348,85.53837464587524,-27.172792222764755,-89.10817464192708,-36.04305691189236,-2.067836346012531,-1.7413330078125,-1.4074669261970143,3.1791432698567705,0.06785074869791667,-2.171291775173611,-2.0181,-0.704,-1.822,-0.03077,0.00081,0.0483,0.000896560843102634,0.0010002665221691132,0.0012017011176794767,0.00041550752939656377,0.0005005536368116736,0.0006072662072256207,0.011570200324058533,0.0092311417683959,0.00862911343574524,passive,0
0.421,rehab,safe_near_limit_fast,77.00529868707709,-666.6297962991581,265.6709652220822,-177.6545240419636,0.29328316962228457,-149.8489070599937,-26.8184,-0.0106,25.3113,-141.9125,0.0032,107.9855,84.14670056635791,29.833394418848624,85.50358687296952,-27.093404134114582,-89.106691148546,-36.09656439887153,-2.448754641089109,-1.9589996337890625,-1.5451019589263613,3.459337022569444,0.06785074869791667,-2.374852498372396,-1.9886,-0.7357,-1.3235,-0.01912,0.00879,0.04148,0.000896560843102634,0.0010002665221691132,0.0012017011176794767,0.00041550752939656377,0.0005005536368116736,0.0006072662072256207,0.011570200324058533,0.0092311417683959,0.00862911343574524,passive,0
0.4409,rehab,safe_near_limit_fast,76.54001048313866,-666.6314437519022,266.0994543451457,-177.6545109217909,0.29337687851164784,-149.84897974911547,-30.7174,-0.0029,28.5539,-142.5165,0.5598,105.4477,84.10595053493387,29.802610944993425,85.47826257082495,-27.03611585828993,-89.10559760199652,-36.13659328884548,-2.6664212670656715,-1.9589996337890625,-1.5734991696801517,3.725001017252604,0.06785074869791667,-2.510553995768229,-2.105,-0.6034,-1.1328,-0.03115,0.00685,0.03705,0.000896560843102634,0.0010002665221691132,0.0012017011176794767,0.00041550752939656377,0.0005005536368116736,0.0006072662072256207,0.011570200324058533,0.0092311417683959,0.00862911343574524,passive,0
0.4608,rehab,safe_near_limit_fast,75.78229967770145,-666.6333829894959,266.79237408174725,-177.65372202221957,0.29287483873745107,-149.8487622098888,-34.0999,0.0094,31.0439,-134.8934,0.9024,94.7405,84.0395974640799,29.75275776173809,85.43780487362702,-26.944876776801216,-89.10387674967448,-36.20212978786892,-2.8296661376953125,-2.122251302889078,-1.7588050766746597,3.924280802408854,0.06785074869791667,-2.9176754421657987,-2.1344,-0.6525,-1.5599,-0.03529,0.01126,0.04141,0.000896560843102634,0.0010002665221691132,0.0012017011176794767,0.00041550752939656377,0.0005005536368116736,0.0006072662072256207,0.011570200324058533,0.0092311417683959,0.00862911343574524,passive,0
0.4808,rehab,safe_near_limit_fast,75.245008631015,-666.6337343009209,267.27784887694037,-177.65351585352286,0.2927553337781811,-149.8483743196799,-35.5231,0.0264,31.7491,-121.6181,0.8453,78.4107,83.99253845214844,29.717793228602645,85.40936687205097,-26.880382961697048,-89.10266452365451,-36.24884711371528,-2.992917806795328,-2.2310880151125465,-1.7610213780167079,4.111362033420138,0.06785074869791667,-2.985526190863715,-2.0244,-0.5729,-0.8248,-0.01146,-0.00157,0.04329,0.000896560843102634,0.0010002665221691132,0.0012017011176794767,0.00041550752939656377,0.0005005536368116736,0.0006072662072256207,0.011570200324058533,0.0092311417683959,0.00862911343574524,passive,0
0.5012,rehab,safe_near_limit_fast,74.38195289928613,-666.6302949885041,268.06341641262225,-177.65155761563804,0.29138087428250387,-149.8476795992075,-37.895,0.0405,33.1765,-98.9764,0.52,53.1139,83.91691226770382,29.660849240746828,85.36471451863204,-26.779039171006943,-89.10069783528645,-36.32401360405816,-3.1561694758953434,-2.448754641089109,-1.9029054547300432,4.277258978949653,0.06785074869791667,-3.2569376627604165,-2.0819,-0.7202,-1.2129,-0.0218,-0.00396,0.04068,0.000896560843102634,0.0010002665221691132,0.0012017011176794767,0.00041550752939656377,0.0005005536368116736,0.0006072662072256207,0.011570200324058533,0.0092311417683959,0.00862911343574524,passive,0
0.521,rehab,safe_near_limit_fast,73.61258818641669,-666.6252171192218,268.7367009198881,-177.65098609480546,0.2910105702437675,-149.84725674078845,-40.1795,0.0656,34.4647,-73.3344,0.1673,27.8906,83.84947824006034,29.611743889232674,85.32642553348353,-26.690419514973957,-89.09894307454427,-36.39086405436198,-3.428251058748453,-2.448754641089109,-1.9859011810604887,4.575263129340278,-0.0,-3.2569376627604165,-2.1057,-0.772,-1.4974,-0.02661,0.00113,0.0434,0.000896560843102634,0.0010002665221691132,0.0012017011176794767,0.00041550752939656377,0.0005005536368116736,0.0006072662072256207,0.011570200324058533,0.0092311417683959,0.00862911343574524,passive,0
0.5409,rehab,safe_near_limit_fast,72.63428378996109,-666.6269178637299,269.56002187682486,-177.6507342927766,0.2909188411541718,-149.84750187743168,-41.0901,0.0712,34.4603,-57.4916,-0.1543,15.6071,83.76381071487276,29.552536010742188,85.2780000290068,-26.580641004774304,-89.09670511881511,-36.47504170735677,-3.64592448319539,-2.448754641089109,-2.033823598729502,4.630932278103298,0.13570149739583334,-3.596208360460069,-2.1186,-0.7337,-0.9169,-0.03307,0.00086,0.04364,0.000896560843102634,0.0010002665221691132,0.0012017011176794767,0.00041550752939656377,0.0005005536368116736,0.0006072662072256207,0.011570200324058533,0.0092311417683959,0.00862911343574524,passive,0
0.561,rehab,safe_near_limit_fast,71.94436452661951,-666.6276936966882,270.12033741241106,-177.65094392765926,0.2910797458083483,-149.84835092023772,-42.4642,0.0475,34.8979,-58.9767,-0.5241,18.4981,83.70340630559637,29.51211910436649,85.24508183545406,-26.50536431206597,-89.09518771701389,-36.53374565972222,-3.754754396948484,-2.448754641089109,-2.0221642220374383,4.662695990668403,0.13570149739583334,-3.664059109157986,-2.3071,-0.7318,-1.4406,-0.02072,0.00746,0.05326,0.000896560843102634,0.0010002665221691132,0.0012017011176794767,0.00041550752939656377,0.0005005536368116736,0.0006072662072256207,0.011570200324058533,0.0092311417683959,0.00862911343574524,passive,0
0.5809,rehab,safe_near_limit_fast,71.2426444965196,-666.6269724272406,270.67609172668523,-177.6522369450373,0.2920377237921072,-149.84799661279345,-43.0884,0.0224,34.7462,-64.5775,-0.8766,22.1991,83.64194813341197,29.471919749042776,85.21210245566793,-26.4288330078125,-89.09361097547743,-36.594696044921875,-3.754754396948484,-2.61199951171875,-2.1428302727123296,4.8693084716796875,0.06785074869791667,-3.799769083658854,-2.1288,-0.7806,-1.218,-0.02479,0.00808,0.04066,0.000896560843102634,0.0010002665221691132,0.0012017011176794767,0.00041550752939656377,0.0005005536368116736,0.0006072662072256207,0.011570200324058533,0.0092311417683959,0.00862911343574524,passive,0
0.6014,rehab,safe_near_limit_fast,70.16266644986386,-666.6256461165359,271.54131155715464,-177.65283176291902,0.29256000558069506,-149.84784014884565,-43.8862,0.0026,34.88,-70.236,-1.0915,23.3373,83.54735421662284,29.40963896194307,85.16092357068959,-26.311908298068577,-89.0911356608073,-36.688122219509545,-3.9724210229250465,-2.7208362239422184,-2.142639915541847,4.938854641384548,0.06785074869791667,-4.0033213297526045,-2.0505,-0.8402,-1.281,-0.01262,0.00558,0.04085,0.000896560843102634,0.0010002665221691132,0.0012017011176794767,0.00041550752939656377,0.0005005536368116736,0.0006072662072256207,0.011570200324058533,0.0092311417683959,0.00862911343574524,passive,0
0.6213,rehab,safe_near_limit_fast,69.41763653400378,-666.6239598500631,272.13797362801284,-177.6522293964782,0.29211243430320516,-149.84792246758866,-45.4583,-0.0063,35.7567,-78.7604,-0.9328,26.7907,83.48210249796952,29.36669982305848,85.126101805432,-26.23305426703559,-89.08947414822049,-36.75239562988281,-3.9724210229250465,-2.7208362239422184,-2.179229283096767,4.870062934027778,0.06785074869791667,-4.071180555555555,-2.3852,-0.8971,-0.8996,-0.0272,-0.00163,0.04331,0.000896560843102634,0.0010002665221691132,0.0012017011176794767,0.00041550752939656377,0.0005005536368116736,0.0006072662072256207,0.011570200324058533,0.0092311417683959,0.00862911343574524,passive,0
0.6412,rehab,safe_near_limit_fast,68.27377976375382,-666.6264309795561,273.0398114490283,-177.65067889158527,0.2910002451915301,-149.84878952475336,-47.6634,-0.0225,36.8293,-82.0132,-0.5106,26.4525,83.38197462629563,29.302488270372447,85.0726318359375,-26.11446804470486,-89.08690558539496,-36.85030619303385,-4.244502605778156,-2.61199951171875,-2.2336374415029394,4.980282253689236,0.06785074869791667,-4.342592027452257,-2.1997,-0.9426,-0.8443,-0.02591,0.00346,0.04082,0.000896560843102634,0.0010002665221691132,0.0012017011176794767,0.00041550752939656377,0.0005005536368116736,0.0006072662072256207,0.011570200324058533,0.0092311417683959,0.00862911343574524,passive,0
0.661,rehab,safe_near_limit_fast,67.4994385879355,-666.6256918734779,273.63564327498756,-177.65031734796452,0.29075912736211873,-149.8487169693265,-49.8848,-0.046,37.6229,-72.2712,-0.2578,17.1727,83.31416668278156,29.25986865959545,85.0373137823426,-26.035037570529514,-89.08514234754774,-36.91728379991319,-4.190087648901609,-2.6664212670656715,-2.3128464198348544,5.058636135525173,0.13570149739583334,-4.206882052951388,-2.2048,-0.8844,-1.2963,-0.00155,-0.00207,0.04431,0.000896560843102634,0.0010002665221691132,0.0012017011176794767,0.00041550752939656377,0.0005005536368116736,0.0006072662072256207,0.011570200324058533,0.0092311417683959,0.00862911343574524,passive,0
0.6813,rehab,safe_near_limit_fast,66.33576931364699,-666.6259607457154,274.50833823212935,-177.65125168213734,0.29140629039292704,-149.84804667834803,-51.3862,-0.0518,37.6113,-51.0864,-0.1274,-1.2142,83.21229160422146,29.197805423547727,84.98433330271503,-25.915942721896702,-89.08255683051215,-37.01848347981771,-4.135672692025062,-2.3943328857421875,-2.272640266040764,4.84848870171441,0.06785074869791667,-4.071180555555555,-2.3664,-0.8839,-1.2316,-0.01271,-0.00148,0.05063,0.000896560843102634,0.0010002665221691132,0.0012017011176794767,0.00041550752939656377,0.0005005536368116736,0.0006072662072256207,0.011570200324058533,0.0092311417683959,0.00862911343574524,passive,0
0.7012,rehab,safe_near_limit_fast,65.54305147506453,-666.6294207388681,275.08620043744963,-177.65141863455597,0.29158175735986325,-149.84858657951114,-51.7224,-0.0361,37.0815,-27.4569,0.0347,-22.1277,83.14292681099164,29.157041795182938,84.94889967512376,-25.83754645453559,-89.08075120713976,-37.08641899956597,-4.4077542748781715,-2.503169597965656,-2.132476202332147,4.956851535373263,0.06785074869791667,-4.342592027452257,-2.4117,-0.8313,-0.7987,-0.00324,0.01242,0.05069,0.000896560843102634,0.0010002665221691132,0.0012017011176794767,0.00041550752939656377,0.0005005536368116736,0.0006072662072256207,0.011570200324058533,0.0092311417683959,0.00862911343574524,passive,0
0.7212,rehab,safe_near_limit_fast,64.3314224860567,-666.631415009307,275.92337501903916,-177.65334639412032,0.2930466480381579,-149.84988892355244,-51.8867,-0.0181,36.4838,1.9807,0.1082,-44.6974,83.03689106856243,29.09743280694036,84.89767999932317,-25.721308390299477,-89.07804701063368,-37.189839680989586,-4.516590987101639,-2.557584554842203,-2.1690179805944463,4.749442206488715,0.13570149739583334,-4.342592027452257,-2.4297,-0.8837,-0.6319,-0.01731,-0.00606,0.04774,0.000896560843102634,0.0010002665221691132,0.0012017011176794767,0.00041550752939656377,0.0005005536368116736,0.0006072662072256207,0.011570200324058533,0.0092311417683959,0.00862911343574524,passive,0
0.7408,rehab,safe_near_limit_fast,63.307328948193756,-666.6305662177257,276.6158823966442,-177.65447777743708,0.29386016303048773,-149.85171430280252,-51.6145,-0.0317,35.6013,33.0446,-0.047,-65.8211,82.94726003514658,29.04783796555925,84.85600537592822,-25.626135932074654,-89.07581753200955,-37.27656894259982,-4.353339318001624,-2.448754641089109,-2.156155274646117,4.765133327907986,0.06785074869791667,-4.274732801649305,-2.4637,-0.9408,-0.5278,-0.02726,-0.00481,0.04543,0.000896560843102634,0.0010002665221691132,0.0012017011176794767,0.00041550752939656377,0.0005005536368116736,0.0006072662072256207,0.011570200324058533,0.0092311417683959,0.00862911343574524,passive,0
0.7608,rehab,safe_near_limit_fast,62.09193150774509,-666.6291653703146,277.4532916702983,-177.6534490321804,0.29314979041000583,-149.85295505053892,-50.1305,-0.0437,33.7179,47.9385,-0.3222,-75.7446,82.84087077225789,28.98820178343518,84.80615899114325,-25.51489088270399,-89.07304551866319,-37.38044738769531,-4.516590987101639,-2.503169597965656,-2.0305399375386757,4.551917182074653,0.06785074869791667,-4.342592027452257,-2.4844,-0.9754,-1.2258,-0.01887,0.00415,0.05611,0.000896560843102634,0.0010002665221691132,0.0012017011176794767,0.00041550752939656377,0.0005005536368116736,0.0006072662072256207,0.011570200324058533,0.0092311417683959,0.00862911343574524,passive,0
0.7812,rehab,safe_near_limit_fast,61.28460883746474,-666.628634070765,278.00858591569846,-177.65142314662435,0.2916407772592034,-149.85347245808708,-49.8891,-0.0331,32.5241,38.8745,-0.4261,-72.8578,82.77021426965695,28.948763856793395,84.77355352722772,-25.443361070421005,-89.07119750976562,-37.44976467556423,-4.353339318001624,-2.448754641089109,-1.9868325715017792,4.509039984809028,0.13570149739583334,-4.614003499348958,-2.4551,-1.1578,-1.2172,-0.0176,-0.004,0.04431,0.000896560843102634,0.0010002665221691132,0.0012017011176794767,0.00041550752939656377,0.0005005536368116736,0.0006072662072256207,0.011570200324058533,0.0092311417683959,0.00862911343574524,passive,0
0.8008,rehab,safe_near_limit_fast,60.479267455566585,-666.6297194259499,278.5457055001495,-177.6495134754212,0.29020263640294097,-149.8536985890442,-49.4284,-0.0394,31.2928,15.2403,-0.0883,-59.6314,82.69975492269685,28.91074001198948,84.74177747669786,-25.37393358018663,-89.06934950086806,-37.51920064290365,-4.353339318001624,-2.2310880151125465,-1.9363335335608756,4.265001085069445,0.13570149739583334,-4.410442776150173,-2.4813,-1.1086,-1.0418,-0.02226,-0.00395,0.04565,0.000896560843102634,0.0010002665221691132,0.0012017011176794767,0.00041550752939656377,0.0005005536368116736,0.0006072662072256207,0.011570200324058533,0.0092311417683959,0.00862911343574524,passive,0
0.8208,rehab,safe_near_limit_fast,59.265902411712595,-666.6342574398138,279.29606201809,-177.64898575982144,0.2896941152015854,-149.8540833522466,-47.6052,-0.0651,29.1525,-11.3829,0.6468,-39.4084,82.59365799403426,28.857637159895187,84.69634329918587,-25.27308146158854,-89.06666225857205,-37.62376573350694,-4.4077542748781715,-2.067836346012531,-1.8027911799969059,4.074961344401042,0.13570149739583334,-4.410442776150173,-2.6037,-0.9313,-0.7373,-0.01686,-0.00324,0.04976,0.000896560843102634,0.0010002665221691132,0.0012017011176794767,0.00041550752939656377,0.0005005536368116736,0.0006072662072256207,0.011570200324058533,0.0092311417683959,0.00862911343574524,passive,0
0.8408,rehab,safe_near_limit_fast,58.46908009193374,-666.6360685327708,279.75827543314216,-177.65064782776332,0.2909319203723889,-149.85345383305,-47.6667,-0.0678,28.2539,-30.2275,1.191,-19.4399,82.52396687422649,28.82474616022393,84.66768774655786,-25.207434760199654,-89.06484815809462,-37.69334581163194,-4.190087648901609,-2.122251302889078,-1.6911195056273205,4.041832817925347,0.06785074869791667,-4.410442776150173,-2.4991,-1.0764,-0.8836,-0.0123,-0.00214,0.04815,0.000896560843102634,0.0010002665221691132,0.0012017011176794767,0.00041550752939656377,0.0005005536368116736,0.0006072662072256207,0.011570200324058533,0.0092311417683959,0.00862911343574524,passive,0
0.8611,rehab,safe_near_limit_fast,57.28302822994081,-666.6343991363393,280.429099452415,-177.6532531995895,0.29304297597583956,-149.8527943033561,-49.8455,-0.0268,28.8049,-33.2357,1.294,-7.76,82.42017462702081,28.776497415976948,84.62679494725596,-25.111923217773438,-89.06202528211806,-37.796715630425346,-4.298924361125077,-2.0134145906656093,-1.6882981404219524,3.929011027018229,0.13570149739583334,-4.546152750651042,-2.6242,-1.1532,-0.5107,-0.01346,-0.00194,0.04451,0.000896560843102634,0.0010002665221691132,0.0012017011176794767,0.00041550752939656377,0.0005005536368116736,0.0006072662072256207,0.011570200324058533,0.0092311417683959,0.00862911343574524,passive,0
0.8811,rehab,safe_near_limit_fast,56.499638998193284,-666.6351968271621,280.88654966874316,-177.65328038086815,0.29306601193586707,-149.8512888932348,-51.9218,0.0302,29.6128,-26.7335,1.1734,-3.9124,82.35165284411742,28.744089107702273,84.59894161413212,-25.04959954155816,-89.06018575032552,-37.86603291829427,-4.353339318001624,-2.0134145906656093,-1.7249690896213645,3.8279215494791665,0.13570149739583334,-4.546152750651042,-2.6078,-1.1439,-0.9686,-0.02205,-0.01779,0.04808,0.000896560843102634,0.0010002665221691132,0.0012017011176794767,0.00041550752939656377,0.0005005536368116736,0.0006072662072256207,0.011570200324058533,0.0092311417683959,0.00862911343574524,passive,0
0.9011,rehab,safe_near_limit_fast,55.2985716219983,-666.6353954974505,281.5758308587385,-177.65215450518727,0.29215100786455805,-149.85125383970308,-52.6825,0.0813,29.8015,-19.2647,0.763,-2.0813,82.24661647683322,28.695072136302986,84.55783126377823,-24.957877265082466,-89.05745612250433,-37.970055474175346,-4.353339318001624,-2.122251302889078,-1.730224307220761,3.8144938151041665,0.13570149739583334,-4.546152750651042,-2.7688,-1.1842,-0.8638,-0.02147,0.00097,0.05427,0.000896560843102634,0.0010002665221691132,0.0012017011176794767,0.00041550752939656377,0.0005005536368116736,0.0006072662072256207,0.011570200324058533,0.0092311417683959,0.00862911343574524,passive,0
0.9208,rehab,safe_near_limit_fast,54.499329615416464,-666.6343502716998,282.0361973958324,-177.65109148167832,0.29126218449165847,-149.8507025732096,-51.8044,0.0872,29.2986,4.5034,-0.0941,-11.6271,82.17671460444384,28.662391889213335,84.53043342816947,-24.89713880750868,-89.05565049913194,-38.03981357150607,-4.516590987101639,-2.0134145906656093,-1.617505668413521,3.719041612413194,0.13570149739583334,-4.410442776150173,-2.728,-1.0487,-1.0727,-0.02215,0.00818,0.05488,0.000896560843102634,0.0010002665221691132,0.0012017011176794767,0.00041550752939656377,0.0005005536368116736,0.0006072662072256207,0.011570200324058533,0.0092311417683959,0.00862911343574524,passive,0
0.9408,rehab,safe_near_limit_fast,53.096156793383415,-666.6298403890701,282.8256958635102,-177.65030970913676,0.29075859463184933,-149.85209249824365,-50.6078,0.0474,28.5187,38.1044,-1.1376,-28.8388,82.05395462489363,28.606236523920945,84.48310927589341,-24.791056315104164,-89.05237833658855,-38.15996805826823,-4.353339318001624,-1.9589996337890625,-1.7175247645614171,3.8153839111328125,0.06785074869791667,-4.274732801649305,-2.6008,-1.2697,-1.3596,-0.02116,0.00433,0.04703,0.000896560843102634,0.0010002665221691132,0.0012017011176794767,0.00041550752939656377,0.0005005536368116736,0.0006072662072256207,0.011570200324058533,0.0092311417683959,0.00862911343574524,passive,0
0.9608,rehab,safe_near_limit_fast,52.30412699159354,-666.6277162971135,283.2670366690229,-177.65033603198512,0.2907962885444566,-149.85151459524394,-49.4603,0.0089,27.5622,51.907,-1.7613,-36.0797,81.98467141330832,28.575119925017404,84.45599017757,-24.730741712782116,-89.05053032769096,-38.22914123535156,-4.298924361125077,-1.9589996337890625,-1.7197070735515934,3.7953609890407987,0.13570149739583334,-4.206882052951388,-2.75,-1.2425,-1.2947,-0.02039,0.00293,0.05147,0.000896560843102634,0.0010002665221691132,0.0012017011176794767,0.00041550752939656377,0.0005005536368116736,0.0006072662072256207,0.011570200324058533,0.0092311417683959,0.00862911343574524,passive,0
0.9811,rehab,safe_near_limit_fast,51.12393183131795,-666.6283345924398,283.9218236082764,-177.65119895493896,0.2915029269100477,-149.85019157755153,-49.0209,-0.0332,27.0549,43.1916,-1.6636,-30.781,81.88148422996596,28.52981491844253,84.4139824291267,-24.63926527235243,-89.04777526855469,-38.33261277940538,-4.190087648901609,-1.8501697200359684,-1.7754001428585242,3.8104926215277777,0.20355224609375,-4.274732801649305,-2.6861,-1.2991,-1.3929,-0.01006,-0.0103,0.05134,0.000896560843102634,0.0010002665221691132,0.0012017011176794767,0.00041550752939656377,0.0005005536368116736,0.0006072662072256207,0.011570200324058533,0.0092311417683959,0.00862911343574524,passive,0
1.0008,rehab,safe_near_limit_fast,50.33797182673004,-666.6303228679684,284.35882424895317,-177.65167141367075,0.2918240733889602,-149.84878300192875,-48.4191,-0.0759,26.5835,17.3211,-0.8195,-14.8245,81.81279928377359,28.499990028910116,84.38534727190981,-24.578187730577255,-89.04598659939236,-38.402014838324654,-4.353339318001624,-1.795747964689047,-1.8120370997060644,3.805575900607639,0.13570149739583334,-4.342592027452257,-2.6891,-1.2102,-1.2276,-0.01814,0.00237,0.05443,0.000896560843102634,0.0010002665221691132,0.0012017011176794767,0.00041550752939656377,0.0005005536368116736,0.0006072662072256207,0.011570200324058533,0.0092311417683959,0.00862911343574524,passive,0
1.021,rehab,safe_near_limit_fast,49.54192207994221,-666.6344659832421,284.7913228300507,-177.6524486459819,0.2924399488371959,-149.84833295128647,-47.4059,-0.0927,26.0244,-12.5329,0.4239,6.0495,81.74326452878442,28.47079059865215,84.35633819882233,-24.51694064670139,-89.04416402180989,-38.47130669487847,-4.4077542748781715,-1.9045846769125154,-1.7524485068746132,3.811509874131944,0.06785074869791667,-4.410442776150173,-2.9532,-1.3508,-1.5694,-0.02455,-0.00374,0.05812,0.000896560843102634,0.0010002665221691132,0.0012017011176794767,0.00041550752939656377,0.0005005536368116736,0.0006072662072256207,0.011570200324058533,0.0092311417683959,0.00862911343574524,passive,0
1.041,rehab,safe_near_limit_fast,48.33116271779643,-666.6366268468706,285.44553483522054,-177.6532165320521,0.2931134106474011,-149.84910020094264,-48.0565,-0.0692,26.4601,-30.6379,1.3835,22.3279,81.6374667328183,28.426308206992573,84.31316111347464,-24.425184461805554,-89.0413835313585,-38.57529534233941,-4.353339318001624,-1.8501697200359684,-1.8405022951635983,3.7990824381510415,0.13570149739583334,-4.410442776150173,-2.8546,-1.3372,-1.1066,-0.01574,0.00788,0.05145,0.000896560843102634,0.0010002665221691132,0.0012017011176794767,0.00041550752939656377,0.0005005536368116736,0.0006072662072256207,0.011570200324058533,0.0092311417683959,0.00862911343574524,passive,0
1.0611,rehab,safe_near_limit_fast,47.52453427785101,-666.6375074836566,285.8953645771667,-177.6527436401984,0.29276159172456373,-149.84968998196084,-49.2359,-0.0174,27.2063,-40.8581,1.8841,33.0745,81.56698699044709,28.395959835241335,84.28358776734606,-24.36380174424913,-89.039552476671,-38.64448547363281,-4.298924361125077,-1.795747964689047,-1.9324448085067296,3.8903299967447915,0.13570149739583334,-4.342592027452257,-2.7976,-1.3891,-1.4734,-0.00642,-0.00026,0.05205,0.000896560843102634,0.0010002665221691132,0.0012017011176794767,0.00041550752939656377,0.0005005536368116736,0.0006072662072256207,0.011570200324058533,0.0092311417683959,0.00862911343574524,passive,0
1.0809,rehab,safe_near_limit_fast,46.31083328873131,-666.6373297373781,286.5724750415613,-177.65254132233002,0.2925876836940457,-149.85078283139038,-50.4122,0.0444,28.0478,-40.8639,1.6727,35.202,81.46093765107712,28.35049846384785,84.23850711029355,-24.270443386501736,-89.03684828016493,-38.74838087293837,-4.516590987101639,-1.9045846769125154,-1.8928845093982054,3.958180745442708,0.06785074869791667,-4.342592027452257,-2.9529,-1.4059,-0.989,-0.02304,0.00591,0.05509,0.000896560843102634,0.0010002665221691132,0.0012017011176794767,0.00041550752939656377,0.0005005536368116736,0.0006072662072256207,0.011570200324058533,0.0092311417683959,0.00862911343574524,passive,0
1.1009,rehab,safe_near_limit_fast,45.50030089762397,-666.6345432634595,287.02745774208506,-177.65251518451754,0.29259067077166934,-149.85141716354613,-52.1309,0.0903,29.3432,-33.8888,0.5618,31.2133,81.39008399283532,28.31989854869276,84.20825391712755,-24.207543267144096,-89.03501722547743,-38.81788465711806,-4.571005943978187,-1.9589996337890625,-1.876058295221612,4.0743764241536455,0.13570149739583334,-4.342592027452257,-3.0932,-1.3873,-1.1473,-0.02698,0.01393,0.0515,0.000896560843102634,0.0010002665221691132,0.0012017011176794767,0.00041550752939656377,0.0005005536368116736,0.0006072662072256207,0.011570200324058533,0.0092311417683959,0.00862911343574524,passive,0
1.1208,rehab,safe_near_limit_fast,44.28492298844829,-666.6313788019263,287.7167748134099,-177.6521281979148,0.2922996893163699,-149.85310375552814,-51.9671,0.0916,29.6489,-17.6285,-0.8923,20.6153,81.28387149017637,28.274070059899056,84.16175917823716,-24.112625122070312,-89.03231302897136,-38.92133076985677,-4.462176030225093,-1.8501697200359684,-1.9650162800703899,3.9474911159939237,0.13570149739583334,-4.410442776150173,-2.9944,-1.4764,-1.3082,-0.02217,-0.0005,0.05589,0.000896560843102634,0.0010002665221691132,0.0012017011176794767,0.00041550752939656377,0.0005005536368116736,0.0006072662072256207,0.011570200324058533,0.0092311417683959,0.00862911343574524,passive,0
1.1413,rehab,safe_near_limit_fast,43.47232120557535,-666.630416860895,288.1719051846612,-177.65223949100775,0.2923458142575991,-149.85410941788786,-51.7827,0.0579,29.7773,8.3549,-2.0609,4.1537,81.21288866099745,28.244149991781406,84.13035704357789,-24.049123128255207,-89.03054979112413,-38.99058871799045,-4.516590987101639,-1.7413330078125,-1.9729161026454207,3.934444851345486,0.13570149739583334,-4.274732801649305,-3.1262,-1.4675,-1.7822,-0.02138,0.00552,0.06355,0.000896560843102634,0.0010002665221691132,0.0012017011176794767,0.00041550752939656377,0.0005005536368116736,0.0006072662072256207,0.011570200324058533,0.0092311417683959,0.00862911343574524,passive,0
1.1608,rehab,safe_near_limit_fast,42.2707362669432,-666.6294380189938,288.8648843044338,-177.65126026781658,0.2915428556972937,-149.85424965977992,-51.4267,-0.007,29.6618,26.1636,-2.3709,-7.1264,81.10793387535774,28.199123722491876,84.08224426873839,-23.954154120551216,-89.02787102593315,-39.094323052300346,-4.190087648901609,-1.9045846769125154,-2.0084041179996905,3.951119316948785,0.06785074869791667,-4.410442776150173,-3.1275,-1.5293,-1.5602,-0.02447,0.0106,0.05845,0.000896560843102634,0.0010002665221691132,0.0012017011176794767,0.00041550752939656377,0.0005005536368116736,0.0006072662072256207,0.011570200324058533,0.0092311417683959,0.00862911343574524,passive,0
1.1811,rehab,safe_near_limit_fast,41.2898290216339,-666.6286611744407,289.44339378148084,-177.65090635120072,0.2913061329258534,-149.85226015911581,-50.3066,-0.1032,29.0729,36.9976,-1.7607,-13.0144,81.02224595475904,28.162099252833,84.04095715815478,-23.873672485351562,-89.02559068467882,-39.18108622233073,-4.244502605778156,-1.9045846769125154,-2.0824190649655785,4.121390448676215,0.13570149739583334,-4.410442776150173,-3.1631,-1.5206,-0.8059,-0.03005,-0.00414,0.05796,0.000896560843102634,0.0010002665221691132,0.0012017011176794767,0.00041550752939656377,0.0005005536368116736,0.0006072662072256207,0.011570200324058533,0.0092311417683959,0.00862911343574524,passive,0
1.201,rehab,safe_near_limit_fast,40.0951098238085,-666.6328054457033,290.1426205190691,-177.6510374528828,0.2914889037903588,-149.85266700644056,-50.3487,-0.1576,29.2045,39.0543,-0.4764,-10.9773,80.91797781462716,28.118378289855354,83.98918000778349,-23.77488030327691,-89.02289496527777,-39.28382873535156,-4.462176030225093,-1.9045846769125154,-2.198836071656482,4.225811428493923,0.06785074869791667,-4.410442776150173,-2.9831,-1.436,-1.0687,-0.01109,-0.00344,0.05906,0.000896560843102634,0.0010002665221691132,0.0012017011176794767,0.00041550752939656377,0.0005005536368116736,0.0006072662072256207,0.011570200324058533,0.0092311417683959,0.00862911343574524,passive,0
1.2208,rehab,safe_near_limit_fast,39.281134158013664,-666.6357875382819,290.61970269150595,-177.65084260483857,0.2912998508162266,-149.85379802448398,-49.1383,-0.1325,28.72,31.4036,1.0569,-0.9092,80.84696779156675,28.08876415290455,83.95367839548847,-23.707962036132812,-89.02114868164062,-39.35295104980469,-4.625420900854734,-1.8501697200359684,-2.2799350247524752,4.208221435546875,0.06785074869791667,-4.274732801649305,-3.063,-1.4962,-1.3026,-0.01683,0.00743,0.05586,0.000896560843102634,0.0010002665221691132,0.0012017011176794767,0.00041550752939656377,0.0005005536368116736,0.0006072662072256207,0.011570200324058533,0.0092311417683959,0.00862911343574524,passive,0
1.2412,rehab,safe_near_limit_fast,38.465530898491174,-666.6403106043643,291.0828586949708,-177.65174560601474,0.29199985231343867,-149.85526006159108,-48.3632,-0.0606,28.6962,15.4429,2.418,16.1549,80.77584899298036,28.06038733756188,83.91810200001933,-23.640797932942707,-89.01941935221355,-39.42185295952691,-4.462176030225093,-1.795747964689047,-2.2622318078975865,4.21585930718316,0.13570149739583334,-4.274732801649305,-3.0131,-1.4731,-1.0842,-0.00073,-0.00387,0.05764,0.000896560843102634,0.0010002665221691132,0.0012017011176794767,0.00041550752939656377,0.0005005536368116736,0.0006072662072256207,0.011570200324058533,0.0092311417683959,0.00862911343574524,passive,0
1.2611,rehab,safe_near_limit_fast,37.259716167940375,-666.6445257938994,291.7917444599803,-177.6525942636058,0.2926813866538612,-149.85527643831463,-48.5176,0.0195,29.4167,-6.3668,3.1162,35.0542,80.6706698578183,28.017196655273438,83.86353747679455,-23.538826836480034,-89.01678297254774,-39.52586703830295,-4.244502605778156,-1.795747964689047,-2.2319446223797184,4.1757456461588545,0.13570149739583334,-4.274732801649305,-3.061,-1.5774,-1.5588,-0.00893,0.00218,0.05754,0.000896560843102634,0.0010002665221691132,0.0012017011176794767,0.00041550752939656377,0.0005005536368116736,0.0006072662072256207,0.011570200324058533,0.0092311417683959,0.00862911343574524,passive,0
1.2808,rehab,safe_near_limit_fast,36.46312500227319,-666.6435341623859,292.2767677725274,-177.6529581209131,0.2930178533421704,-149.85522852840012,-48.2363,0.0914,29.982,-21.8705,2.5703,44.768,80.60113510282913,27.987555324441136,83.8264790147838,-23.469560411241318,-89.01501125759549,-39.594667222764755,-4.298924361125077,-1.9045846769125154,-2.3435279166344367,4.36997307671441,0.13570149739583334,-4.47829352484809,-3.206,-1.7429,-1.7059,-0.01292,0.00536,0.06251,0.000896560843102634,0.0010002665221691132,0.0012017011176794767,0.00041550752939656377,0.0005005536368116736,0.0006072662072256207,0.011570200324058533,0.0092311417683959,0.00862911343574524,passive,0
1.3008,rehab,safe_near_limit_fast,35.28270875580542,-666.6349924434052,293.02232941058185,-177.6532714063976,0.2932420088527142,-149.85346046036491,-48.7956,0.1364,31.052,-32.2138,0.9961,46.9858,80.49800910572014,27.941713238706683,83.7701400907913,-23.363867865668404,-89.01241726345486,-39.69836764865451,-4.298924361125077,-1.9045846769125154,-2.4257758112237005,4.472147623697917,0.13570149739583334,-4.410442776150173,-3.2403,-1.788,-1.3225,-0.02838,0.00546,0.05663,0.000896560843102634,0.0010002665221691132,0.0012017011176794767,0.00041550752939656377,0.0005005536368116736,0.0006072662072256207,0.011570200324058533,0.0092311417683959,0.00862911343574524,passive,0
1.3209,rehab,safe_near_limit_fast,34.49641165467965,-666.6294717857259,293.5391313395872,-177.652512721021,0.2925647843855051,-149.85245962523254,-50.276,0.143,32.5481,-35.5171,-0.569,43.91,80.42933095799815,27.910290708636293,83.7310284907275,-23.29227023654514,-89.01072184244792,-39.767235649956596,-4.298924361125077,-2.0134145906656093,-2.577184544931544,4.50714111328125,0.13570149739583334,-4.206882052951388,-3.255,-1.6964,-1.2511,-0.01645,0.00721,0.06135,0.000896560843102634,0.0010002665221691132,0.0012017011176794767,0.00041550752939656377,0.0005005536368116736,0.0006072662072256207,0.011570200324058533,0.0092311417683959,0.00862911343574524,passive,0
1.3412,rehab,safe_near_limit_fast,33.31643797453063,-666.626490686964,294.3287477163605,-177.65051719193556,0.2908598814206967,-149.85017396121685,-51.6356,0.1148,33.8815,-24.1794,-1.4943,34.4169,80.32635452723738,27.86336086764194,83.6699646298248,-23.18375481499566,-89.00814480251736,-39.87126668294271,-4.190087648901609,-1.9045846769125154,-2.686191218914372,4.589784410264757,0.06785074869791667,-4.274732801649305,-3.1094,-1.6194,-0.8482,-0.00855,-0.00659,0.05992,0.000896560843102634,0.0010002665221691132,0.0012017011176794767,0.00041550752939656377,0.0005005536368116736,0.0006072662072256207,0.011570200324058533,0.0092311417683959,0.00862911343574524,passive,0
1.3609,rehab,safe_near_limit_fast,32.52212830617027,-666.6282020234653,294.8550857447174,-177.64966717964938,0.2901754892939955,-149.84953305094666,-51.7084,0.0453,34.0076,-7.631,-1.5891,26.5392,80.25709850953356,27.832828937190595,83.6278481058555,-23.11010572645399,-89.0063985188802,-39.94032965766059,-4.353339318001624,-1.8501697200359684,-2.6246854574373453,4.593098958333333,0.13570149739583334,-4.274732801649305,-3.1732,-1.6854,-1.7926,-0.00749,-0.00709,0.06472,0.000896560843102634,0.0010002665221691132,0.0012017011176794767,0.00041550752939656377,0.0005005536368116736,0.0006072662072256207,0.011570200324058533,0.0092311417683959,0.00862911343574524,passive,0
1.3809,rehab,safe_near_limit_fast,31.326192171407772,-666.6296393638887,295.63894212750324,-177.6500793791532,0.2905244879569039,-149.84921104925968,-51.2823,-0.0305,33.9254,10.8251,-1.0958,22.2254,80.15283036940168,27.78777547401957,83.5637113363436,-22.997241550021702,-89.00382147894965,-40.043648613823784,-4.190087648901609,-1.9045846769125154,-2.6658026062616025,4.6867624918619795,0.13570149739583334,-4.47829352484809,-3.2369,-1.6255,-1.0148,-0.00989,0.00289,0.0643,0.000896560843102634,0.0010002665221691132,0.0012017011176794767,0.00041550752939656377,0.0005005536368116736,0.0006072662072256207,0.011570200324058533,0.0092311417683959,0.00862911343574524,passive,0
1.4007,rehab,safe_near_limit_fast,30.32029112163199,-666.6301115898808,296.2939829139538,-177.65171281733228,0.2918493057075093,-149.84949958193027,-50.755,-0.046,34.1498,33.8432,-0.4102,15.7931,80.06514369851291,27.75054705024946,83.50888167277421,-22.90045844184028,-89.00171915690105,-40.12996249728732,-4.516590987101639,-1.795747964689047,-2.8870384291847153,4.805899726019965,0.13570149739583334,-4.47829352484809,-3.1779,-1.6945,-1.0777,-0.0186,0.00107,0.05578,0.000896560843102634,0.0010002665221691132,0.0012017011176794767,0.00041550752939656377,0.0005005536368116736,0.0006072662072256207,0.011570200324058533,0.0092311417683959,0.00862911343574524,passive,0
1.4208,rehab,safe_near_limit_fast,29.107924813782578,-666.6314758972455,297.10209571839727,-177.6538274805119,0.2936126427935961,-149.8503996696575,-49.9381,-0.0116,34.6614,41.446,0.1425,20.3934,79.95948867042466,27.705337222259825,83.44010834646697,-22.780575222439236,-88.99919297960069,-40.233374701605904,-4.462176030225093,-1.9589996337890625,-2.9077669653562035,5.104887220594618,0.06785074869791667,-4.206882052951388,-3.1872,-1.7466,-0.963,-0.00618,0.00336,0.05865,0.000896560843102634,0.0010002665221691132,0.0012017011176794767,0.00041550752939656377,0.0005005536368116736,0.0006072662072256207,0.011570200324058533,0.0092311417683959,0.00862911343574524,passive,0
1.4408,rehab,safe_near_limit_fast,28.298914003586113,-666.6312940148407,297.6727357224638,-177.65397832725318,0.293769320136334,-149.8507205847705,-48.82,0.0356,35.2469,20.4436,0.2031,43.2062,79.88897493570158,27.67358836561146,83.39194798233486,-22.698338826497395,-88.99748060438368,-40.30264112684462,-4.4077542748781715,-2.067836346012531,-3.0812095415474166,5.20888434516059,0.06785074869791667,-4.0033213297526045,-3.4336,-1.8062,-1.5893,-0.01715,0.00256,0.06313,0.000896560843102634,0.0010002665221691132,0.0012017011176794767,0.00041550752939656377,0.0005005536368116736,0.0006072662072256207,0.011570200324058533,0.0092311417683959,0.00862911343574524,passive,0
1.4613,rehab,safe_near_limit_fast,27.497703873662783,-666.6305545403605,298.2596944915166,-177.65395245161935,0.2937884264202336,-149.85155845595565,-48.5159,0.0622,36.4778,-1.8003,-0.2523,62.225,79.81914104801594,27.641220848159033,83.34208800060914,-22.614042494032116,-88.99580213758681,-40.370686848958336,-4.353339318001624,-2.122251302889078,-3.2006858599067916,5.220811631944445,0.20355224609375,-4.274732801649305,-3.3474,-1.7287,-1.3042,-0.01614,-0.00247,0.06562,0.000896560843102634,0.0010002665221691132,0.0012017011176794767,0.00041550752939656377,0.0005005536368116736,0.0006072662072256207,0.011570200324058533,0.0092311417683959,0.00862911343574524,passive,0
1.481,rehab,safe_near_limit_fast,26.304257604565,-666.6273240053705,299.19375653646415,-177.65211089933692,0.29216837503542786,-149.85162309110868,-48.3473,0.0392,37.443,-11.9051,-0.8626,66.9609,79.71511085434716,27.590014769299195,83.26323934120707,-22.48330858018663,-88.99337768554688,-40.473175048828125,-4.353339318001624,-2.122251302889078,-3.3638763427734375,5.39933098687066,0.13570149739583334,-4.274732801649305,-3.334,-1.8046,-0.9235,-0.0354,-0.00448,0.06165,0.000896560843102634,0.0010002665221691132,0.0012017011176794767,0.00041550752939656377,0.0005005536368116736,0.0006072662072256207,0.011570200324058533,0.0092311417683959,0.00862911343574524,passive,0
1.5008,rehab,safe_near_limit_fast,25.513302199181307,-666.6258986971557,299.8412450436318,-177.6502118324507,0.29060194469742423,-149.85141977058458,-48.1665,-0.0072,38.2327,-14.1318,-1.2249,61.1567,79.64617436475093,27.555009445341508,83.20813773882271,-22.393578423394096,-88.99170769585503,-40.541297064887154,-4.244502605778156,-2.122251302889078,-3.3508912643583693,5.7324981689453125,0.13570149739583334,-4.410442776150173,-3.4524,-1.6205,-1.2662,-0.02437,-0.00033,0.05981,0.000896560843102634,0.0010002665221691132,0.0012017011176794767,0.00041550752939656377,0.0005005536368116736,0.0006072662072256207,0.011570200324058533,0.0092311417683959,0.00862911343574524,passive,0
1.521,rehab,safe_near_limit_fast,24.321445041736165,-666.6259295898433,300.8060442286718,-177.64964372447596,0.2901392582197566,-149.85126871708675,-50.8211,-0.0705,41.2916,-6.33,-1.1293,51.2694,79.54235492366375,27.503891746596533,83.12337441019493,-22.255291408962673,-88.98924933539496,-40.64370897081163,-4.353339318001624,-2.122251302889078,-3.6153517619217976,5.862536960177951,0.06785074869791667,-4.206882052951388,-3.4884,-1.7644,-1.7793,-0.02481,-0.00271,0.06852,0.000896560843102634,0.0010002665221691132,0.0012017011176794767,0.00041550752939656377,0.0005005536368116736,0.0006072662072256207,0.011570200324058533,0.0092311417683959,0.00862911343574524,passive,0
1.5408,rehab,safe_near_limit_fast,23.522452440674765,-666.6273896486525,301.43639770594046,-177.65117539470296,0.29144748686621985,-149.85227551398617,-51.2903,-0.1176,42.3553,10.3853,-0.4865,41.3725,79.47279977326346,27.47120470103651,83.06600891717589,-22.161153157552082,-88.98765563964844,-40.71120368109809,-4.462176030225093,-1.9589996337890625,-3.633653244169632,5.85237291124132,0.13570149739583334,-4.071180555555555,-3.3859,-1.7837,-1.7691,-0.00755,-0.01006,0.06963,0.000896560843102634,0.0010002665221691132,0.0012017011176794767,0.00041550752939656377,0.0005005536368116736,0.0006072662072256207,0.011570200324058533,0.0092311417683959,0.00862911343574524,passive,0
1.5609,rehab,safe_near_limit_fast,22.32957770276724,-666.6322754063652,302.39893530494913,-177.65335710833037,0.29329316709874764,-149.85471418590348,-49.2374,-0.0945,41.6838,34.744,0.689,29.2175,79.3690279214689,27.422194528107596,82.97715290938274,-22.017364501953125,-88.98534138997395,-40.81092834472656,-4.190087648901609,-1.9589996337890625,-3.7743475885674505,6.04264153374566,0.13570149739583334,-4.206882052951388,-3.5032,-1.8233,-1.5551,-0.0137,0.00216,0.06429,0.000896560843102634,0.0010002665221691132,0.0012017011176794767,0.00041550752939656377,0.0005005536368116736,0.0006072662072256207,0.011570200324058533,0.0092311417683959,0.00862911343574524,passive,0
1.5809,rehab,safe_near_limit_fast,21.555611543683135,-666.6369501652981,303.0559749822288,-177.65427636308104,0.2941343988781541,-149.8554651948095,-48.1682,-0.0328,41.9108,65.0036,1.7821,10.162,79.28523677410466,27.38086662670173,82.91608904848005,-21.89589606391059,-88.98340861002605,-40.89260525173611,-4.026835979801594,-2.122251302889078,-3.8211006693320697,6.102244059244791,0.13570149739583334,-3.8676198323567705,-3.4567,-1.6925,-1.2688,-0.00937,-0.00272,0.06458,0.000896560843102634,0.0010002665221691132,0.0012017011176794767,0.00041550752939656377,0.0005005536368116736,0.0006072662072256207,0.011570200324058533,0.0092311417683959,0.00862911343574524,passive,0
1.6009,rehab,safe_near_limit_fast,20.24691614225803,-666.6378776880762,304.2357322342581,-177.65378080828336,0.2937045036994242,-149.8552995358746,-46.2266,0.0107,41.7417,97.197,2.0954,-16.7656,79.18782829058053,27.329844106542,82.80778941541615,-21.749589708116318,-88.98119608561198,-40.98853217230903,-3.809169353825031,-2.2310880151125465,-4.008915211894725,6.04521009657118,-0.0,-4.071180555555555,-3.4248,-1.7489,-1.4732,-0.01531,-0.00994,0.06447,0.000896560843102634,0.0010002665221691132,0.0012017011176794767,0.00041550752939656377,0.0005005536368116736,0.0006072662072256207,0.011570200324058533,0.0092311417683959,0.00862911343574524,passive,0
1.6212,rehab,safe_near_limit_fast,19.522908679652655,-666.6374241934489,304.9231000679368,-177.65277113302193,0.2927647341207726,-149.85484679940456,-44.6521,0.0436,42.233,104.179,1.3706,-24.8408,79.12482006715075,27.295430249506882,82.7448559751605,-21.651696099175346,-88.97981431749132,-41.05088975694444,-3.8635911091719524,-2.176666259765625,-3.916585185740254,6.073642306857638,0.13570149739583334,-3.799769083658854,-3.3688,-1.5815,-1.8921,-0.00139,-0.00265,0.07097,0.000896560843102634,0.0010002665221691132,0.0012017011176794767,0.00041550752939656377,0.0005005536368116736,0.0006072662072256207,0.011570200324058533,0.0092311417683959,0.00862911343574524,passive,0
1.6409,rehab,safe_near_limit_fast,18.810594358575024,-666.6299816730117,305.6112925529562,-177.651830546065,0.2919010168169608,-149.85534847061047,-42.7429,0.0841,42.0556,87.4561,-0.1268,-14.8154,79.06272283875116,27.260363739315824,82.68283352993502,-21.55401441786024,-88.9784664577908,-41.11138237847222,-3.9724210229250465,-2.122251302889078,-3.8991063184077195,6.174257066514757,0.06785074869791667,-3.596208360460069,-3.5012,-1.5125,-1.087,-0.01737,0.00703,0.06449,0.000896560843102634,0.0010002665221691132,0.0012017011176794767,0.00041550752939656377,0.0005005536368116736,0.0006072662072256207,0.011570200324058533,0.0092311417683959,0.00862911343574524,passive,0
1.6611,rehab,safe_near_limit_fast,17.790872964040254,-666.6238355076388,306.6218572715614,-177.65142525224047,0.2915167080585728,-149.85480587441532,-40.4373,0.0977,40.9926,80.5848,-1.5054,-16.0181,78.97390082330988,27.21019102795289,82.58927977911317,-21.408131917317707,-88.97649976942274,-41.19910346137153,-3.64592448319539,-2.0134145906656093,-4.027753773302135,6.019312540690104,0.06785074869791667,-3.528349134657118,-3.5161,-1.6506,-0.8754,-0.02035,-0.01404,0.06509,0.000896560843102634,0.0010002665221691132,0.0012017011176794767,0.00041550752939656377,0.0005005536368116736,0.0006072662072256207,0.011570200324058533,0.0092311417683959,0.00862911343574524,passive,0
1.6811,rehab,safe_near_limit_fast,17.145414251807534,-666.6280862239266,307.28631445658357,-177.65077150584023,0.2909990741220475,-149.85416732262254,-38.2208,0.0386,39.5695,79.7985,-1.9364,-23.1532,78.91781344272123,27.17857814071202,82.5258228566387,-21.312171088324654,-88.97521124945746,-41.25474717881944,-3.482672814095374,-1.9589996337890625,-3.996793539217203,6.0591888427734375,-0.0,-3.596208360460069,-3.4534,-1.5599,-1.0317,-0.01239,0.00316,0.0691,0.000896560843102634,0.0010002665221691132,0.0012017011176794767,0.00041550752939656377,0.0005005536368116736,0.0006072662072256207,0.011570200324058533,0.0092311417683959,0.00862911343574524,passive,0
1.7013,rehab,safe_near_limit_fast,16.221478679765994,-666.6315396059767,308.2766920668849,-177.6494358202119,0.2898621568782435,-149.85266925178522,-37.2815,-0.059,39.4683,80.8244,-1.8099,-30.9376,78.83749631371829,27.131532725721303,82.43139890160892,-21.169967651367188,-88.97339714898003,-41.33495754665798,-3.2650061881188117,-1.9045846769125154,-3.8093597109955137,5.947206285264757,0.06785074869791667,-3.4604983859592013,-3.4031,-1.601,-1.533,-0.01828,0.00352,0.06757,0.000896560843102634,0.0010002665221691132,0.0012017011176794767,0.00041550752939656377,0.0005005536368116736,0.0006072662072256207,0.011570200324058533,0.0092311417683959,0.00862911343574524,passive,0
1.7211,rehab,safe_near_limit_fast,15.632569486340842,-666.6305512956056,308.90745213494455,-177.6500062772329,0.2903728708030938,-149.8519661108542,-37.1542,-0.1371,40.3988,90.2606,-1.484,-41.0396,78.78625624250657,27.101646649955523,82.37051859940632,-21.076855129665798,-88.97226121690538,-41.38585408528646,-3.2105844327718907,-1.9045846769125154,-3.5902314138884592,5.809241400824653,0.13570149739583334,-3.0533854166666665,-3.4588,-1.506,-1.6328,-0.0237,-0.00292,0.06883,0.000896560843102634,0.0010002665221691132,0.0012017011176794767,0.00041550752939656377,0.0005005536368116736,0.0006072662072256207,0.011570200324058533,0.0092311417683959,0.00862911343574524,passive,0
1.7411,rehab,safe_near_limit_fast,14.781838246560781,-666.6308415185132,309.81767739303876,-177.6515831586852,0.291725923912171,-149.8537882917556,-34.5086,-0.1482,39.1522,102.2859,-0.7043,-48.5336,78.71229568330368,27.059203799408262,82.28132946656481,-20.94095018174913,-88.97074381510417,-41.45646837022569,-2.884087893042234,-1.686918050935953,-3.802962350373221,5.537423027886285,0.06785074869791667,-2.8498246934678817,-3.4927,-1.5441,-1.1646,-0.0226,-0.00108,0.07407,0.000896560843102634,0.0010002665221691132,0.0012017011176794767,0.00041550752939656377,0.0005005536368116736,0.0006072662072256207,0.011570200324058533,0.0092311417683959,0.00862911343574524,passive,0
1.7612,rehab,safe_near_limit_fast,14.257497648537765,-666.6357664436229,310.4129443515885,-177.65200532767022,0.2921561126018294,-149.8549028817359,-31.8715,-0.0844,37.4575,120.1955,0.5461,-60.1517,78.66678672261757,27.032261461314587,82.2220536033706,-20.852779812282986,-88.96976894802518,-41.49987114800347,-2.6664212670656715,-1.686918050935953,-3.6963419394918007,5.401831732855903,-0.0,-2.714114718967014,-3.2726,-1.4797,-0.853,-0.00239,-0.00238,0.0659,0.000896560843102634,0.0010002665221691132,0.0012017011176794767,0.00041550752939656377,0.0005005536368116736,0.0006072662072256207,0.011570200324058533,0.0092311417683959,0.00862911343574524,passive,0
1.7812,rehab,safe_near_limit_fast,13.541581361170163,-666.641711453244,311.2703904109354,-177.65274071964149,0.29285472004270086,-149.854784144839,-29.3664,-0.038,36.1255,147.904,1.686,-82.995,78.60463510645498,26.993714134291846,82.13627730265702,-20.72554694281684,-88.96843804253471,-41.56071133083767,-2.448754641089109,-1.686918050935953,-3.539276878432472,5.146297878689236,0.06785074869791667,-2.374852498372396,-3.2388,-1.4546,-0.975,0.00262,-0.00861,0.06377,0.000896560843102634,0.0010002665221691132,0.0012017011176794767,0.00041550752939656377,0.0005005536368116736,0.0006072662072256207,0.011570200324058533,0.0092311417683959,0.00862911343574524,passive,0
1.8007,rehab,safe_near_limit_fast,13.012896393736685,-666.6409847328003,311.96914950794985,-177.65208888956417,0.2922813040017401,-149.85435442263196,-25.9822,-0.032,33.9951,168.4246,2.0146,-104.2751,78.55865025284267,26.961713734239634,82.06798666774637,-20.624711778428818,-88.96748860677083,-41.605987548828125,-2.176666259765625,-1.5236663818359375,-3.127269178333849,4.820141262478298,0.06785074869791667,-2.103441026475694,-3.1779,-1.3963,-0.8672,0.00666,-0.00724,0.06214,0.000896560843102634,0.0010002665221691132,0.0012017011176794767,0.00041550752939656377,0.0005005536368116736,0.0006072662072256207,0.011570200324058533,0.0092311417683959,0.00862911343574524,passive,0
1.8212,rehab,safe_near_limit_fast,12.446308757076707,-666.6383597395594,312.74618181539574,-177.65246142335894,0.2926028621980967,-149.85511932375252,-22.3299,-0.0128,31.8454,177.0302,1.4788,-112.1345,78.50934094721728,26.9263752852336,81.99122513874923,-20.510643853081596,-88.9665306939019,-41.6532474093967,-1.8501697200359684,-1.4148296696124691,-3.148942701887376,4.661814371744792,-0.0,-1.696319580078125,-3.3253,-1.4683,-0.8008,-0.00755,-0.0158,0.06409,0.000896560843102634,0.0010002665221691132,0.0012017011176794767,0.00041550752939656377,0.0005005536368116736,0.0006072662072256207,0.011570200324058533,0.0092311417683959,0.00862911343574524,passive,0
1.8409,rehab,safe_near_limit_fast,12.120535554489758,-666.6353276296242,313.2381359376153,-177.6524322971377,0.2925557265047538,-149.85507732157666,-19.1895,0.029,30.0836,180.0794,0.5831,-109.6562,78.48095733340423,26.903974325350017,81.94284722356512,-20.439054701063366,-88.96599663628471,-41.68086581759982,-1.6325030940594059,-1.360414712735922,-2.990925854975634,4.491746690538195,-0.0,-1.6284688313802083,-3.1632,-1.5903,-1.3382,-0.01855,-0.00547,0.06059,0.000896560843102634,0.0010002665221691132,0.0012017011176794767,0.00041550752939656377,0.0005005536368116736,0.0006072662072256207,0.011570200324058533,0.0092311417683959,0.00862911343574524,passive,0
1.861,rehab,safe_near_limit_fast,11.830561795929038,-666.6359863987159,313.70020646597806,-177.65260427171685,0.2927104603127878,-149.8556755328581,-15.2913,0.0545,27.4736,186.8606,0.0125,-112.8045,78.45574860525603,26.883551720345373,81.89637967855623,-20.37118699815538,-88.96553887261284,-41.7047119140625,-1.4692514249593904,-1.305999755859375,-2.7307891845703125,4.078631930881076,-0.0,-1.2892066107855902,-3.2166,-1.5258,-0.677,-0.00509,-0.00389,0.0662,0.000896560843102634,0.0010002665221691132,0.0012017011176794767,0.00041550752939656377,0.0005005536368116736,0.0006072662072256207,0.011570200324058533,0.0092311417683959,0.00862911343574524,passive,0
1.8808,rehab,safe_near_limit_fast,11.494604401871541,-666.6376991580831,314.36438267172736,-177.65072399242936,0.2910634713473917,-149.85543842347892,-11.3842,0.0477,24.8183,195.3883,-0.0482,-121.7639,78.42653557805731,26.85421632067992,81.83064526850634,-20.277726915147568,-88.96501329210069,-41.733101738823784,-1.1427480867593596,-1.1427480867593596,-2.6328368234162283,3.7575191921657987,-0.0,-1.0177951388888888,-3.3113,-1.4925,-1.2935,-0.01896,-0.00939,0.06526,0.000896560843102634,0.0010002665221691132,0.0012017011176794767,0.00041550752939656377,0.0005005536368116736,0.0006072662072256207,0.011570200324058533,0.0092311417683959,0.00862911343574524,passive,0
1.9007,rehab,safe_near_limit_fast,11.322699881365764,-666.6373738795027,314.7669424412041,-177.6496786092609,0.2901367009195377,-149.85589596449162,-7.5454,0.0202,22.3124,196.1942,-0.2189,-130.6687,78.41155854782255,26.836411126769416,81.7908538214051,-20.22109137641059,-88.9647928873698,-41.746978759765625,-0.8162515470297029,-1.0339181730062654,-2.318244405312113,3.3811187744140625,-0.0,-0.7463751898871528,-3.2987,-1.4851,-1.1778,-0.01415,-0.00734,0.07097,0.000896560843102634,0.0010002665221691132,0.0012017011176794767,0.00041550752939656377,0.0005005536368116736,0.0006072662072256207,0.011570200324058533,0.0092311417683959,0.00862911343574524,passive,0
1.9209,rehab,safe_near_limit_fast,11.164151690171018,-666.6364598183554,315.2960201922422,-177.64897842264685,0.28955420587527597,-149.85627934510433,-3.8893,-0.011,20.5026,197.2694,-0.6195,-143.2524,78.39769646672919,26.813289529026143,81.73787334177753,-20.14550103081597,-88.96463182237413,-41.75960116916232,-0.3809114966062036,-0.9250814607827971,-2.042178918819616,2.957450018988715,-0.0,-0.339262220594618,-3.3265,-1.4668,-0.7697,-0.0309,0.00958,0.06338,0.000896560843102634,0.0010002665221691132,0.0012017011176794767,0.00041550752939656377,0.0005005536368116736,0.0006072662072256207,0.011570200324058533,0.0092311417683959,0.00862911343574524,passive,0
1.9408,rehab,safe_near_limit_fast,11.145533652047591,-666.6347874146063,315.5952055055311,-177.6491733109976,0.2897825859078797,-149.8544869987411,-0.2274,-0.0131,17.9337,192.6481,-0.7876,-149.5568,78.39597645372447,26.80035883837407,81.70745698532255,-20.101759168836804,-88.96463182237413,-41.76261901855469,0.2176666259765625,-0.8162515470297029,-1.86838962063931,2.567876180013021,0.06785074869791667,-0.06785074869791667,-3.149,-1.3021,-0.576,0.00231,-0.00665,0.06406,0.000896560843102634,0.0010002665221691132,0.0012017011176794767,0.00041550752939656377,0.0005005536368116736,0.0006072662072256207,0.011570200324058533,0.0092311417683959,0.00862911343574524,passive,0
1.9612,rehab,safe_near_limit_fast,11.209393297796359,-666.6348855001277,315.9649945537676,-177.64992962712824,0.29062306016908357,-149.84945150275067,4.6929,0.0107,13.7513,188.12,-0.4706,-155.9906,78.40138803614248,26.784980698387223,81.66871250265896,-20.046539306640625,-88.96469116210938,-41.76161872016059,0.3809114966062036,-0.544163165706219,-1.453370198164836,2.0302581787109375,-0.06785074869791667,0.13570149739583334,-3.1811,-1.3351,-1.0919,-0.00103,-0.00696,0.06577,0.000896560843102634,0.0010002665221691132,0.0012017011176794767,0.00041550752939656377,0.0005005536368116736,0.0006072662072256207,0.011570200324058533,0.0092311417683959,0.00862911343574524,passive,0
1.9808,rehab,safe_near_limit_fast,11.305552002920098,-666.6338442259821,316.1589344285864,-177.65057467384423,0.2914193407080845,-149.8473443866453,8.1744,0.0066,10.3883,185.7972,0.1659,-165.0845,78.40962098376586,26.776965301815824,81.64823550989132,-20.01723395453559,-88.96478441026476,-41.75515916612413,0.6529998779296875,-0.435333251953125,-1.1782021097617574,1.6595289442274306,-0.0,0.678524441189236,-3.1898,-1.1071,-0.4485,0.00648,0.00037,0.06401,0.000896560843102634,0.0010002665221691132,0.0012017011176794767,0.00041550752939656377,0.0005005536368116736,0.0006072662072256207,0.011570200324058533,0.0092311417683959,0.00862911343574524,passive,0
2.0009,rehab,safe_near_limit_fast,11.560076637958694,-666.6388530866856,316.40389582075477,-177.65066817571545,0.29215290498862,-149.85131437024322,11.3817,-0.0196,6.951,174.368,0.8102,-168.8652,78.43164802777885,26.767828157632657,81.6212795748569,-19.981401231553818,-88.96512349446614,-41.72874450683594,0.979496417659344,-0.2176666259765625,-0.6695473548209313,0.9400685628255208,-0.0,1.2213473849826388,-3.0398,-1.4513,-1.3139,-0.00094,-0.00156,0.06589,0.000896560843102634,0.0010002665221691132,0.0012017011176794767,0.00041550752939656377,0.0005005536368116736,0.0006072662072256207,0.011570200324058533,0.0092311417683959,0.00862911343574524,passive,0
2.0212,rehab,safe_near_limit_fast,11.769155650029381,-666.6378801679066,316.47782158814664,-177.65119023382525,0.29289846092573485,-149.8536315125602,14.7191,-0.0241,3.9469,162.1676,1.0763,-168.1769,78.4497047650932,26.76511556795328,81.61295824711866,-19.970118204752605,-88.9655049641927,-41.70823838975694,1.251584798982828,-0.0,-0.42457127335047956,0.4578399658203125,-0.06785074869791667,1.357057359483507,-3.0078,-1.3079,-1.0778,-0.00346,-0.01205,0.06613,0.000896560843102634,0.0010002665221691132,0.0012017011176794767,0.00041550752939656377,0.0005005536368116736,0.0006072662072256207,0.011570200324058533,0.0092311417683959,0.00862911343574524,passive,0
2.0411,rehab,safe_near_limit_fast,12.175755145583254,-666.6353793065828,316.47247458833795,-177.6542164967875,0.2959265013209682,-149.85625607781876,18.0,0.0123,0.8168,157.1759,1.0078,-168.5108,78.48485285692875,26.76644806814666,81.61068075954324,-19.966074625651043,-88.96629333496094,-41.670422024197045,1.7413330078125,0.05441495687654703,0.019769951848700496,-0.0745052761501736,-0.06785074869791667,1.832029554578993,-3.1559,-1.386,-1.0858,-0.01269,-0.01096,0.06744,0.000896560843102634,0.0010002665221691132,0.0012017011176794767,0.00041550752939656377,0.0005005536368116736,0.0006072662072256207,0.011570200324058533,0.0092311417683959,0.00862911343574524,passive,0
2.0611,rehab,safe_near_limit_fast,12.519647991073947,-666.6335358566124,316.45696076690166,-177.65346680583764,0.29536527352180864,-149.85657277329537,21.3932,0.0709,-2.7116,163.5553,1.0233,-180.1377,78.5146165602278,26.76747463717319,81.61233958631459,-19.970626831054688,-88.96702236599393,-41.64038764105903,1.9589996337890625,0.10882991375309406,0.14743842700920481,-0.5681864420572916,-0.06785074869791667,1.9677310519748263,-2.9759,-1.4048,-1.1005,0.01331,-0.01638,0.06268,0.000896560843102634,0.0010002665221691132,0.0012017011176794767,0.00041550752939656377,0.0005005536368116736,0.0006072662072256207,0.011570200324058533,0.0092311417683959,0.00862911343574524,passive,0
2.0809,rehab,safe_near_limit_fast,12.889255097522552,-666.6373541321927,316.4138864821178,-177.64980572272515,0.2920333777513498,-149.85728869142812,24.3884,0.1116,-6.4284,168.6046,0.9862,-194.5238,78.5467529296875,26.769935683448715,81.61783954884746,-19.984554714626736,-88.9679463704427,-41.60768296983507,2.0134145906656093,0.16324487062964108,0.544163165706219,-1.1194525824652777,-0.06785074869791667,2.103441026475694,-2.9122,-1.308,-0.8237,-0.00471,-0.0219,0.05982,0.000896560843102634,0.0010002665221691132,0.0012017011176794767,0.00041550752939656377,0.0005005536368116736,0.0006072662072256207,0.011570200324058533,0.0092311417683959,0.00862911343574524,passive,0
2.1011,rehab,safe_near_limit_fast,13.53261813280546,-666.634093592507,316.2553089852393,-177.6443012233507,0.2867323694190045,-149.85694989104135,26.9166,0.11,-9.9439,161.5279,0.3515,-202.9522,78.60256837146117,26.776666169119352,81.63733076341082,-20.02012464735243,-88.96968417697482,-41.55259874131944,2.448754641089109,0.435333251953125,1.0845327849435333,-1.8035803900824652,-0.06785074869791667,2.4427032470703125,-3.1474,-1.176,-0.5381,-0.02469,7e-05,0.05825,0.000896560843102634,0.0010002665221691132,0.0012017011176794767,0.00041550752939656377,0.0005005536368116736,0.0006072662072256207,0.011570200324058533,0.0092311417683959,0.00862911343574524,passive,0
2.1213,rehab,safe_near_limit_fast,14.012508759557466,-666.6301131056051,316.0612077235354,-177.64304738034363,0.28534687417993515,-149.85658557809006,30.6142,0.0758,-14.1489,151.6889,-0.9092,-208.0775,78.64418180862276,26.78528662955407,81.65768538371171,-20.052227444118923,-88.97093031141493,-41.51171366373698,2.61199951171875,0.6529998779296875,1.50776475963026,-2.162348429361979,-0.0,2.6462639702690973,-3.0632,-1.1762,-1.3783,-0.0187,0.00198,0.06379,0.000896560843102634,0.0010002665221691132,0.0012017011176794767,0.00041550752939656377,0.0005005536368116736,0.0006072662072256207,0.011570200324058533,0.0092311417683959,0.00862911343574524,passive,0
2.1408,rehab,safe_near_limit_fast,14.790490697051766,-666.624512975881,315.64285600130364,-177.64436824058274,0.2862508898839375,-149.85578759569438,34.8572,0.0569,-19.3147,136.3166,-2.0789,-198.9883,78.71165662708849,26.804533099183942,81.69832663960976,-20.11257595486111,-88.9727783203125,-41.4457278781467,2.992917806795328,0.979496417659344,1.8477426661123144,-2.73421393500434,-0.06785074869791667,2.8498246934678817,-2.9914,-1.3545,-1.1055,-0.01105,-0.00983,0.06765,0.000896560843102634,0.0010002665221691132,0.0012017011176794767,0.00041550752939656377,0.0005005536368116736,0.0006072662072256207,0.011570200324058533,0.0092311417683959,0.00862911343574524,passive,0
2.1611,rehab,safe_near_limit_fast,15.34657636857496,-666.6255562989427,315.298758603749,-177.64589885390538,0.2875427421693921,-149.85524592473695,37.1484,0.0429,-23.1345,115.2725,-2.523,-178.7177,78.75997335603921,26.821094173015933,81.73029984578048,-20.160573323567707,-88.97399054633246,-41.39850192599826,3.2650061881188117,1.1427480867593596,2.0932286328608445,-3.2279120551215277,-0.06785074869791667,2.985526190863715,-3.0183,-1.3086,-0.7835,-0.02487,-0.00447,0.05824,0.000896560843102634,0.0010002665221691132,0.0012017011176794767,0.00041550752939656377,0.0005005536368116736,0.0006072662072256207,0.011570200324058533,0.0092311417683959,0.00862911343574524,passive,0
2.1809,rehab,safe_near_limit_fast,16.226998964370235,-666.6275457067585,314.710720712458,-177.64803268981348,0.2892470325918148,-149.8558585718422,38.7966,-0.015,-26.5291,97.2049,-2.0596,-158.7151,78.83651733398438,26.84934181742149,81.78523828487585,-20.243394639756943,-88.97599114312065,-41.32229275173611,3.2105844327718907,1.1971630436359066,2.3072444802463643,-3.727747599283854,-0.13570149739583334,3.324796888563368,-2.902,-1.1391,-0.2763,-0.01441,-0.01713,0.05856,0.000896560843102634,0.0010002665221691132,0.0012017011176794767,0.00041550752939656377,0.0005005536368116736,0.0006072662072256207,0.011570200324058533,0.0092311417683959,0.00862911343574524,passive,0
2.2009,rehab,safe_near_limit_fast,16.851676782828868,-666.6292833540894,314.27395046040107,-177.64905544688096,0.29010680147015805,-149.85607768603924,39.9006,-0.0974,-28.9798,75.2065,-1.1767,-133.1506,78.89083711227568,26.870335493937578,81.8262534566445,-20.305735270182293,-88.97733052571614,-41.268463134765625,3.319421144995359,1.360414712735922,2.6766597634494893,-4.08326890733507,-0.06785074869791667,3.528349134657118,-2.9414,-1.3241,-0.5919,-0.03336,-0.0143,0.05727,0.000896560843102634,0.0010002665221691132,0.0012017011176794767,0.00041550752939656377,0.0005005536368116736,0.0006072662072256207,0.011570200324058533,0.0092311417683959,0.00862911343574524,passive,0
2.221,rehab,safe_near_limit_fast,18.008135083285662,-666.6310094120968,313.4301854960964,-177.6501665061544,0.2909961188450902,-149.8548171795365,41.3777,-0.1461,-31.2669,54.4371,-0.3567,-106.5695,78.99140008605353,26.910738803372524,81.90610828966197,-20.427602132161457,-88.97975497775607,-41.170544094509545,3.754754396948484,1.5780813387124846,3.075940727007271,-4.61335923936632,-0.06785074869791667,3.4604983859592013,-2.9167,-1.3004,-1.3075,-0.0133,-0.00826,0.06153,0.000896560843102634,0.0010002665221691132,0.0012017011176794767,0.00041550752939656377,0.0005005536368116736,0.0006072662072256207,0.011570200324058533,0.0092311417683959,0.00862911343574524,passive,0
2.2408,rehab,safe_near_limit_fast,18.683430928950557,-666.631285251365,312.9087114576437,-177.65037339558168,0.2911820110769867,-149.8557603715528,42.4783,-0.1248,-33.1206,51.339,0.5724,-91.8275,79.05013207161781,26.93562120494276,81.95581870503945,-20.503735012478298,-88.98116217719183,-41.11172993977865,3.7003394400719367,1.6325030940594059,3.1645655868077043,-4.896604749891493,-0.06785074869791667,3.7319098578559027,-2.9102,-1.3123,-0.9363,-0.00713,-0.00222,0.05855,0.000896560843102634,0.0010002665221691132,0.0012017011176794767,0.00041550752939656377,0.0005005536368116736,0.0006072662072256207,0.011570200324058533,0.0092311417683959,0.00862911343574524,passive,0
2.2611,rehab,safe_near_limit_fast,19.37182883345942,-666.6349059870176,312.35627356842053,-177.65060516677656,0.2913550578130822,-149.85740035221858,43.5006,-0.0512,-34.8326,61.9087,1.7161,-92.0421,79.11008098337909,26.962509155273438,82.00765704164411,-20.584047105577255,-88.98263719346788,-41.0510508219401,3.7003394400719367,1.686918050935953,3.1783052954343285,-5.06729973687066,-0.06785074869791667,4.139031304253472,-2.9813,-1.3798,-0.4808,-0.026,-0.01294,0.05226,0.000896560843102634,0.0010002665221691132,0.0012017011176794767,0.00041550752939656377,0.0005005536368116736,0.0006072662072256207,0.011570200324058533,0.0092311417683959,0.00862911343574524,passive,0
2.2811,rehab,safe_near_limit_fast,20.43452349837785,-666.6384845715257,311.4818234492175,-177.6503382678799,0.291036922481205,-149.8596185019268,45.1427,0.0033,-37.0465,73.2276,2.2767,-101.4218,79.20262176211517,27.004952005820698,82.0902176658706,-20.71233961317274,-88.98492601182726,-40.957743326822914,3.8635911091719524,1.8501697200359684,3.6050792731861074,-5.537957085503472,-0.13570149739583334,4.139031304253472,-2.9072,-1.4835,-0.4187,-0.02647,-0.00732,0.05425,0.000896560843102634,0.0010002665221691132,0.0012017011176794767,0.00041550752939656377,0.0005005536368116736,0.0006072662072256207,0.011570200324058533,0.0092311417683959,0.00862911343574524,passive,0
2.3009,rehab,safe_near_limit_fast,21.17349140838383,-666.639538145117,310.86845334587764,-177.64982351050443,0.2905265108663308,-149.86058284705442,45.9235,0.0225,-38.5993,77.5373,1.5903,-109.1789,79.26696248573832,27.034722507590114,82.1483037967493,-20.80290052625868,-88.98650275336371,-40.89346143934462,4.190087648901609,1.8501697200359684,3.7183145957418007,-5.933905707465278,-0.06785074869791667,4.206882052951388,-2.7342,-1.335,-0.8619,-0.01282,-0.00436,0.05855,0.000896560843102634,0.0010002665221691132,0.0012017011176794767,0.00041550752939656377,0.0005005536368116736,0.0006072662072256207,0.011570200324058533,0.0092311417683959,0.00862911343574524,passive,0
2.321,rehab,safe_near_limit_fast,22.33592113622654,-666.6363201617073,309.89581681393383,-177.64954016262865,0.2902149598163845,-149.85864781476926,47.2802,0.0505,-40.4738,71.05,0.0948,-108.7499,79.36809653102762,27.081815511873454,82.24034828714805,-20.945460001627605,-88.98885938856337,-40.7958730061849,4.4077542748781715,1.9589996337890625,3.8500417577158106,-6.038013034396701,-0.06785074869791667,3.9354705810546875,-2.8621,-1.2725,-1.2198,-0.00495,0.00026,0.05883,0.000896560843102634,0.0010002665221691132,0.0012017011176794767,0.00041550752939656377,0.0005005536368116736,0.0006072662072256207,0.011570200324058533,0.0092311417683959,0.00862911343574524,passive,0
2.3409,rehab,safe_near_limit_fast,23.124461872837262,-666.6305047253118,309.22286321433734,-177.6494331265166,0.29010953408047846,-149.85766622944396,49.7183,0.0779,-43.3349,57.8187,-1.1869,-101.5856,79.43665910475325,27.114203424737006,82.30432189337098,-21.044014824761284,-88.99043613009982,-40.729404025607636,4.190087648901609,2.122251302889078,4.029385406191986,-6.166466606987847,-0.06785074869791667,4.071180555555555,-2.9711,-1.3585,-1.5315,-0.01415,-0.00206,0.06433,0.000896560843102634,0.0010002665221691132,0.0012017011176794767,0.00041550752939656377,0.0005005536368116736,0.0006072662072256207,0.011570200324058533,0.0092311417683959,0.00862911343574524,passive,0
2.361,rehab,safe_near_limit_fast,24.313401435077374,-666.6287255209893,308.1763424966502,-177.648830025061,0.28954741957254393,-149.85645020222884,51.1378,0.0446,-45.8983,41.3356,-1.6149,-88.5824,79.54018621161433,27.165790217937808,82.40213148664719,-21.197323269314236,-88.99283515082465,-40.62882317437066,4.353339318001624,2.2310880151125465,4.053397603554301,-6.560846964518229,-0.0,4.071180555555555,-2.9152,-1.246,-1.2844,-0.01064,0.00649,0.06173,0.000896560843102634,0.0010002665221691132,0.0012017011176794767,0.00041550752939656377,0.0005005536368116736,0.0006072662072256207,0.011570200324058533,0.0092311417683959,0.00862911343574524,passive,0
2.3812,rehab,safe_near_limit_fast,25.10748963225736,-666.6322145686579,307.44846571041694,-177.64874339979693,0.2894624163147056,-149.85658105505271,51.7654,-0.0515,-47.6551,24.0548,-1.2676,-71.5094,79.6094286323774,27.202549547252087,82.46864092231976,-21.302803887261284,-88.99444580078125,-40.560641818576386,4.4077542748781715,2.3399179288656407,4.210653021784112,-6.738366021050347,-0.13570149739583334,4.206882052951388,-2.909,-1.1765,-0.9253,-0.01632,0.00405,0.05749,0.000896560843102634,0.0010002665221691132,0.0012017011176794767,0.00041550752939656377,0.0005005536368116736,0.0006072662072256207,0.011570200324058533,0.0092311417683959,0.00862911343574524,passive,0
2.4008,rehab,safe_near_limit_fast,26.326763686533866,-666.634305485064,306.3135952354348,-177.65022535163502,0.29076745780858565,-149.8542460868248,51.2407,-0.1216,-48.3166,2.304,-0.6827,-47.9249,79.71569552279935,27.260186979086093,82.57109387086169,-21.464046902126736,-88.9968024359809,-40.45853508843316,4.4077542748781715,2.448754641089109,4.447158209168085,-6.843863593207465,-0.13570149739583334,4.206882052951388,-2.9274,-1.3294,-1.4419,-0.01708,0.00286,0.05605,0.000896560843102634,0.0010002665221691132,0.0012017011176794767,0.00041550752939656377,0.0005005536368116736,0.0006072662072256207,0.011570200324058533,0.0092311417683959,0.00862911343574524,passive,0
2.4211,rehab,safe_near_limit_fast,27.143899263777314,-666.6318095452128,305.5369029413769,-177.65151747548663,0.29184445439692586,-149.8525186691527,50.3859,-0.1101,-48.5069,-24.8263,0.1709,-18.1429,79.78687550761911,27.299468540909267,82.64139005453279,-21.57402886284722,-88.99840460883246,-40.390328301323784,4.4077542748781715,2.503169597965656,4.465378109771426,-6.981692843967013,-0.13570149739583334,4.274732801649305,-2.8711,-1.2531,-1.2521,-0.0105,-0.00521,0.05909,0.000896560843102634,0.0010002665221691132,0.0012017011176794767,0.00041550752939656377,0.0005005536368116736,0.0006072662072256207,0.011570200324058533,0.0092311417683959,0.00862911343574524,passive,0
2.441,rehab,safe_near_limit_fast,28.542231053284368,-666.6397731196782,304.16574364570243,-177.65208044369987,0.2923204354114862,-149.85177604993683,50.2768,-0.054,-49.0497,-45.0196,1.3285,6.0322,79.90892164778,27.370648525729038,82.76347018704556,-21.770189073350693,-89.00116814507378,-40.271241929796005,4.190087648901609,2.448754641089109,4.355018540184097,-6.953582763671875,-0.06785074869791667,4.342592027452257,-2.7608,-1.3114,-1.1098,-0.00346,-0.00618,0.05627,0.000896560843102634,0.0010002665221691132,0.0012017011176794767,0.00041550752939656377,0.0005005536368116736,0.0006072662072256207,0.011570200324058533,0.0092311417683959,0.00862911343574524,passive,0
2.461,rehab,safe_near_limit_fast,29.32860963160892,-666.6440587314404,303.38640913176414,-177.65145574807335,0.29173715628331737,-149.85270539701003,49.9037,0.0153,-49.0989,-48.6068,2.1879,11.2468,79.97758619856126,27.411282983156713,82.8330933221496,-21.88338385687934,-89.00279574924045,-40.20292494032118,4.353339318001624,2.61199951171875,4.437110069954749,-7.21176995171441,-0.13570149739583334,4.342592027452257,-2.9655,-1.5236,-1.1815,-0.03709,-0.00408,0.05232,0.000896560843102634,0.0010002665221691132,0.0012017011176794767,0.00041550752939656377,0.0005005536368116736,0.0006072662072256207,0.011570200324058533,0.0092311417683959,0.00862911343574524,passive,0
2.4808,rehab,safe_near_limit_fast,30.117769373010606,-666.6436137307843,302.600327719081,-177.65095451439885,0.2912851078497944,-149.85337366186914,48.6322,0.056,-48.4652,-37.502,1.9893,-5.3686,80.04642750957224,27.451958231406635,82.90378381710241,-21.99750264485677,-89.00439792209201,-40.13470119900173,4.298924361125077,2.448754641089109,4.505210347694926,-7.178963555230035,-0.13570149739583334,4.274732801649305,-2.9665,-1.4745,-1.869,-0.01889,0.00301,0.06259,0.000896560843102634,0.0010002665221691132,0.0012017011176794767,0.00041550752939656377,0.0005005536368116736,0.0006072662072256207,0.011570200324058533,0.0092311417683959,0.00862911343574524,passive,0
2.5012,rehab,safe_near_limit_fast,31.30037272252499,-666.632994616281,301.41593777654424,-177.65034925108185,0.2908224478776616,-149.8516565774479,47.4772,0.076,-48.3543,-28.9227,0.9127,-25.716,80.14943793268488,27.512532602442374,83.01138320771774,-22.16946072048611,-89.00664435492621,-40.035341050889755,4.135672692025062,2.448754641089109,4.378126540986618,-7.212821112738715,-0.06785074869791667,4.139031304253472,-2.9208,-1.5052,-1.9044,-0.01862,0.00085,0.05722,0.000896560843102634,0.0010002665221691132,0.0012017011176794767,0.00041550752939656377,0.0005005536368116736,0.0006072662072256207,0.011570200324058533,0.0092311417683959,0.00862911343574524,passive,0
2.5211,rehab,safe_near_limit_fast,32.08445362154699,-666.6297364627943,300.628270896903,-177.64947528910972,0.2901106943707514,-149.85050052164092,46.2489,0.102,-48.2829,-34.9814,-0.1764,-32.318,80.21781014924002,27.55360216197401,83.08197172561495,-22.284249199761284,-89.00814480251736,-39.96941460503472,4.135672692025062,2.557584554842203,4.320937808197324,-7.15362548828125,-0.13570149739583334,4.0033213297526045,-2.9506,-1.392,-1.7034,-0.02564,0.00739,0.05164,0.000896560843102634,0.0010002665221691132,0.0012017011176794767,0.00041550752939656377,0.0005005536368116736,0.0006072662072256207,0.011570200324058533,0.0092311417683959,0.00862911343574524,passive,0
2.5412,rehab,safe_near_limit_fast,33.23947657279499,-666.6315069125577,299.4348541051814,-177.64890602037474,0.2896150052371856,-149.8478422616744,45.6706,0.0851,-49.1637,-44.7052,-0.9989,-33.1497,80.31865186030322,27.617195053855973,83.1864574167988,-22.456003824869793,-89.01036580403645,-39.87316555447048,4.026835979801594,2.7208362239422184,4.427578614489867,-7.271287706163195,-0.06785074869791667,3.9354705810546875,-3.0529,-1.3395,-1.4063,-0.0216,0.00926,0.06089,0.000896560843102634,0.0010002665221691132,0.0012017011176794767,0.00041550752939656377,0.0005005536368116736,0.0006072662072256207,0.011570200324058533,0.0092311417683959,0.00862911343574524,passive,0
2.5612,rehab,safe_near_limit_fast,33.976672753157416,-666.6316706990224,298.6224420744042,-177.6500998574409,0.2905759876911083,-149.84791915500637,46.513,0.0261,-51.7805,-50.5288,-1.5163,-32.7843,80.38302657627823,27.660678070370512,83.25658363871055,-22.569995456271702,-89.01183234320746,-39.81000264485677,3.8635911091719524,2.938502849918781,4.37525758648863,-7.013397216796875,-0.13570149739583334,3.7319098578559027,-3.0553,-1.5329,-1.6365,-0.04171,0.00517,0.05342,0.000896560843102634,0.0010002665221691132,0.0012017011176794767,0.00041550752939656377,0.0005005536368116736,0.0006072662072256207,0.011570200324058533,0.0092311417683959,0.00862911343574524,passive,0
2.5811,rehab,safe_near_limit_fast,35.032675007965395,-666.6326154955093,297.38886663971806,-177.65260223521264,0.2927168452018096,-149.84920145410845,45.6223,-0.0192,-52.9627,-61.8982,-1.5742,-19.0862,80.47526822231784,27.727058335105973,83.36219787597656,-22.741470336914062,-89.01384989420573,-39.71841600206163,3.809169353825031,2.7208362239422184,4.41968559038521,-6.970172458224826,-0.06785074869791667,3.799769083658854,-2.8876,-1.3467,-1.3356,-0.01323,-0.0089,0.05384,0.000896560843102634,0.0010002665221691132,0.0012017011176794767,0.00041550752939656377,0.0005005536368116736,0.0006072662072256207,0.011570200324058533,0.0092311417683959,0.00862911343574524,passive,0
2.6007,rehab,safe_near_limit_fast,35.70641601425194,-666.632078610354,296.5820025412867,-177.6534264657305,0.2934178289574107,-149.85034857832883,43.2663,-0.0335,-52.0024,-74.07,-1.1245,2.1463,80.53412258034885,27.770439374564898,83.4317666233176,-22.855114407009548,-89.01514689127605,-39.65969509548611,3.7003394400719367,2.7208362239422184,4.390968851523824,-7.120624118381076,-0.06785074869791667,3.7319098578559027,-3.1488,-1.4529,-1.3036,-0.04862,0.00527,0.05158,0.000896560843102634,0.0010002665221691132,0.0012017011176794767,0.00041550752939656377,0.0005005536368116736,0.0006072662072256207,0.011570200324058533,0.0092311417683959,0.00862911343574524,passive,0
2.6209,rehab,safe_near_limit_fast,36.67986242559464,-666.634649001338,295.3985380832598,-177.65227904347788,0.2924318642643452,-149.8522748422497,40.7821,-0.0367,-50.7418,-82.5888,-0.3019,24.1325,80.6192394294361,27.83452855478419,83.5342535642114,-23.025775485568577,-89.01706271701389,-39.57456800672743,3.5370877709719215,2.61199951171875,4.300766746596534,-6.970096164279513,-0.13570149739583334,3.324796888563368,-3.0099,-1.5797,-2.0289,-0.038,0.00414,0.04993,0.000896560843102634,0.0010002665221691132,0.0012017011176794767,0.00041550752939656377,0.0005005536368116736,0.0006072662072256207,0.011570200324058533,0.0092311417683959,0.00862911343574524,passive,0
2.641,rehab,safe_near_limit_fast,37.464236715870975,-666.6334430359287,294.42162786901457,-177.65048946949,0.29091623164888736,-149.85348742926575,39.473,-0.057,-50.6098,-88.0553,0.4583,44.1893,80.68779520469137,27.887189506304146,83.61968994140625,-23.168275621202255,-89.01858859592014,-39.50639512803819,3.373836101871906,2.6664212670656715,4.303377359220297,-7.069227430555555,-0.13570149739583334,3.2569376627604165,-2.9845,-1.4262,-1.972,-0.02235,0.01322,0.05488,0.000896560843102634,0.0010002665221691132,0.0012017011176794767,0.00041550752939656377,0.0005005536368116736,0.0006072662072256207,0.011570200324058533,0.0092311417683959,0.00862911343574524,passive,0
2.6608,rehab,safe_near_limit_fast,38.40104839789507,-666.6315024701724,293.2202836100859,-177.65053847144512,0.2909723607157302,-149.85327293430544,37.9129,-0.0471,-49.6703,-75.0549,0.7755,43.7803,80.76966238493966,27.95259758977607,83.72271396145962,-23.339038425021702,-89.02030944824219,-39.426659478081596,3.5915027278484684,2.7752511808187657,4.292730954614016,-7.083638509114583,-0.06785074869791667,3.324796888563368,-3.0897,-1.4718,-2.2457,-0.034,0.01419,0.05951,0.000896560843102634,0.0010002665221691132,0.0012017011176794767,0.00041550752939656377,0.0005005536368116736,0.0006072662072256207,0.011570200324058533,0.0092311417683959,0.00862911343574524,passive,0
2.6811,rehab,safe_near_limit_fast,39.00655116259416,-666.6325098285721,292.4055570377866,-177.65154895886388,0.2917908720316596,-149.85324423288017,36.4445,0.0035,-48.5877,-42.4178,0.8014,15.5274,80.8226224691561,27.997521882009977,83.7912629382445,-23.452767266167534,-89.02142842610677,-39.375008477105034,3.2650061881188117,2.7752511808187657,4.096377533261139,-7.205047607421875,-0.06785074869791667,3.121236165364583,-3.032,-1.49,-1.7142,-0.02968,0.0062,0.05422,0.000896560843102634,0.0010002665221691132,0.0012017011176794767,0.00041550752939656377,0.0005005536368116736,0.0006072662072256207,0.011570200324058533,0.0092311417683959,0.00862911343574524,passive,0
2.7009,rehab,safe_near_limit_fast,39.59876329927109,-666.6389393697713,291.5916718036171,-177.6522344571483,0.2923656887733795,-149.85310806099142,36.1492,0.0369,-48.7429,-12.4191,0.7281,-14.7998,80.874501596583,28.043214401396195,83.8586153842435,-23.566436767578125,-89.02249654134114,-39.324544270833336,3.373836101871906,2.8296661376953125,4.179944331103032,-7.145936754014757,-0.06785074869791667,3.1890869140625,-3.1019,-1.4909,-1.5864,-0.02779,0.00388,0.05951,0.000896560843102634,0.0010002665221691132,0.0012017011176794767,0.00041550752939656377,0.0005005536368116736,0.0006072662072256207,0.011570200324058533,0.0092311417683959,0.00862911343574524,passive,0
2.7207,rehab,safe_near_limit_fast,40.46833174503442,-666.6384993065194,290.38914801395185,-177.65259062001277,0.29268330370498274,-149.85403079653315,35.756,0.0331,-48.7103,3.1413,0.4292,-27.8106,80.9505560846612,28.109785023302134,83.96003496528851,-23.736207750108505,-89.02407328287761,-39.249471028645836,3.1561694758953434,2.6664212670656715,4.15183945457534,-7.321879069010416,-0.06785074869791667,3.0533854166666665,-3.0865,-1.5464,-1.4711,-0.01922,0.01658,0.05851,0.000896560843102634,0.0010002665221691132,0.0012017011176794767,0.00041550752939656377,0.0005005536368116736,0.0006072662072256207,0.011570200324058533,0.0092311417683959,0.00862911343574524,passive,0
2.7408,rehab,safe_near_limit_fast,41.0428117140517,-666.6350043521967,289.6021610067957,-177.65163338677806,0.29186131993957165,-149.8538286391662,35.8926,0.0159,-49.334,11.1421,-0.1621,-33.1923,81.00076958684637,28.153111674998065,84.02741460516901,-23.849639892578125,-89.02513292100694,-39.20072767469618,3.2105844327718907,2.557584554842203,4.199217994614402,-6.806683010525173,-0.0,3.121236165364583,-3.211,-1.6043,-1.8419,-0.04639,0.00102,0.06019,0.000896560843102634,0.0010002665221691132,0.0012017011176794767,0.00041550752939656377,0.0005005536368116736,0.0006072662072256207,0.011570200324058533,0.0092311417683959,0.00862911343574524,passive,0
2.761,rehab,safe_near_limit_fast,41.92357087637044,-666.6280658262965,288.4246902768427,-177.65016854460927,0.2906068068662882,-149.85190559061826,36.8001,0.0132,-51.0325,15.1295,-0.6558,-34.506,81.07772827148438,28.218342998240253,84.12767844625039,-24.01925828721788,-89.02672661675346,-39.127587212456596,3.373836101871906,2.7208362239422184,3.9912391889213334,-7.161356608072916,-0.13570149739583334,3.121236165364583,-3.08,-1.6224,-1.7723,-0.03455,0.00808,0.05777,0.000896560843102634,0.0010002665221691132,0.0012017011176794767,0.00041550752939656377,0.0005005536368116736,0.0006072662072256207,0.011570200324058533,0.0092311417683959,0.00862911343574524,passive,0
2.7811,rehab,safe_near_limit_fast,42.51652436549029,-666.628678680749,287.63391280441573,-177.6495637120568,0.2901387332896078,-149.85067307315228,37.9727,0.0154,-52.899,9.6293,-0.5732,-23.1208,81.12960739891128,28.263206104240794,84.19318850677793,-24.131876627604164,-89.0277608235677,-39.07819959852431,3.1561694758953434,2.938502849918781,4.01236883484491,-6.872804429796007,-0.13570149739583334,3.121236165364583,-3.0257,-1.6106,-1.722,-0.04917,0.01741,0.04867,0.000896560843102634,0.0010002665221691132,0.0012017011176794767,0.00041550752939656377,0.0005005536368116736,0.0006072662072256207,0.011570200324058533,0.0092311417683959,0.00862911343574524,passive,0
2.8009,rehab,safe_near_limit_fast,43.52064287777994,-666.6334881753178,286.2294101534437,-177.64961554771205,0.2901796198422853,-149.85082111215615,37.4597,-0.01,-52.2862,0.1302,-0.2127,-4.6946,81.20531516500039,28.332353346418625,84.29131082969137,-24.30129157172309,-89.02932061089409,-39.004508124457466,3.1561694758953434,2.8296661376953125,4.039861849038908,-7.044974433051215,-0.06785074869791667,3.0533854166666665,-3.0185,-1.6685,-1.6506,-0.02883,0.00917,0.05764,0.000896560843102634,0.0010002665221691132,0.0012017011176794767,0.00041550752939656377,0.0005005536368116736,0.0006072662072256207,0.011570200324058533,0.0092311417683959,0.00862911343574524,passive,0
2.8212,rehab,safe_near_limit_fast,44.07739819105149,-666.6353534803336,285.412523809187,-177.6508789941218,0.2911854607381366,-149.85247175192802,36.7059,-0.0378,-51.2426,-7.6637,-0.0369,13.7727,81.2543253379293,28.379011248598005,84.35706563515238,-24.413892957899304,-89.0303717719184,-38.95551893446181,2.884087893042234,2.992917806795328,4.033933582872447,-6.9353993733723955,-0.06785074869791667,3.0533854166666665,-3.0593,-1.7312,-2.1875,-0.03417,0.00913,0.05857,0.000896560843102634,0.0010002665221691132,0.0012017011176794767,0.00041550752939656377,0.0005005536368116736,0.0006072662072256207,0.011570200324058533,0.0092311417683959,0.00862911343574524,passive,0
2.8409,rehab,safe_near_limit_fast,44.91806915103793,-666.6361827920992,284.2000942496688,-177.6518516103063,0.2919731601747372,-149.85461693797728,36.6059,-0.0285,-51.0438,-10.4165,0.0804,25.4712,81.33991807994276,28.460742459438816,84.47147029461247,-24.611011081271702,-89.03219434950087,-38.869315253363716,3.047339562142249,2.7752511808187657,4.1160523065245975,-7.000622219509548,-0.06785074869791667,3.121236165364583,-3.0759,-1.6256,-1.8406,-0.03472,0.00993,0.05939,0.000896560843102634,0.0010002665221691132,0.0012017011176794767,0.00041550752939656377,0.0005005536368116736,0.0006072662072256207,0.011570200324058533,0.0092311417683959,0.00862911343574524,passive,0
2.8611,rehab,safe_near_limit_fast,45.49317252101087,-666.6359451947103,283.4045199164169,-177.651633241997,0.2918273695865091,-149.854946604721,36.3202,0.0122,-50.4673,-7.4226,0.3666,27.446,81.39025395459468,28.506951662573485,84.53570224270962,-24.72318861219618,-89.03322007921007,-38.81990220811632,3.1017545190187965,2.992917806795328,4.113237739789604,-6.912875705295138,-0.0,3.0533854166666665,-3.0588,-1.7872,-1.8723,-0.03297,0.01033,0.0545,0.000896560843102634,0.0010002665221691132,0.0012017011176794767,0.00041550752939656377,0.0005005536368116736,0.0006072662072256207,0.011570200324058533,0.0092311417683959,0.00862911343574524,passive,0
2.8808,rehab,safe_near_limit_fast,46.37669204065028,-666.6339949636725,282.22540210469316,-177.650082444098,0.29061172483940684,-149.85353788450905,36.1434,0.0286,-49.81,1.4221,0.5634,17.36,81.46755936122176,28.575786175114093,84.6310032004177,-24.89150153266059,-89.03477138943143,-38.745880126953125,3.2105844327718907,2.884087893042234,3.9769352072536357,-6.785320705837673,-0.0,3.1890869140625,-3.0792,-1.7619,-2.4029,-0.04523,0.0144,0.05325,0.000896560843102634,0.0010002665221691132,0.0012017011176794767,0.00041550752939656377,0.0005005536368116736,0.0006072662072256207,0.011570200324058533,0.0092311417683959,0.00862911343574524,passive,0
2.9009,rehab,safe_near_limit_fast,46.96751111867665,-666.6320635230936,281.4362966857022,-177.6493484892964,0.2900230388789156,-149.85303814928662,36.2895,0.0032,-49.4568,10.2458,0.3106,3.9187,81.51925492994856,28.6221177507155,84.69427656419207,-25.003534952799477,-89.0358395046658,-38.69593302408854,3.1561694758953434,2.938502849918781,3.970293101697865,-6.861292521158854,-0.06785074869791667,3.2569376627604165,-3.1076,-1.7493,-2.0276,-0.04074,0.00643,0.05482,0.000896560843102634,0.0010002665221691132,0.0012017011176794767,0.00041550752939656377,0.0005005536368116736,0.0006072662072256207,0.011570200324058533,0.0092311417683959,0.00862911343574524,passive,0
2.9209,rehab,safe_near_limit_fast,47.70426795168127,-666.6300041125311,280.4328147145384,-177.64980209697188,0.29037251766685507,-149.85274452097505,37.1251,0.0028,-50.0628,11.9172,-0.2757,-0.7922,81.58373162297919,28.68150238943572,84.77339716240911,-25.143330891927082,-89.03718736436632,-38.633312649197045,3.1561694758953434,2.992917806795328,3.9708641732093133,-6.8949635823567705,-0.06785074869791667,3.121236165364583,-3.035,-1.7125,-2.2966,-0.04089,-0.00164,0.05602,0.000896560843102634,0.0010002665221691132,0.0012017011176794767,0.00041550752939656377,0.0005005536368116736,0.0006072662072256207,0.011570200324058533,0.0092311417683959,0.00862911343574524,passive,0
2.9409,rehab,safe_near_limit_fast,48.589750391940775,-666.6317263929301,279.2135710177886,-177.65106391259414,0.2913803510658134,-149.85224941704257,37.5759,0.0308,-50.3668,12.5713,-0.5384,-3.7464,81.66128177453976,28.754721915367806,84.86754917862392,-25.311321682400173,-89.03878953721788,-38.55813768174913,3.319421144995359,3.1017545190187965,3.948082498984762,-6.920216878255208,-0.06785074869791667,3.324796888563368,-3.2365,-1.6742,-2.0959,-0.03863,0.02026,0.05929,0.000896560843102634,0.0010002665221691132,0.0012017011176794767,0.00041550752939656377,0.0005005536368116736,0.0006072662072256207,0.011570200324058533,0.0092311417683959,0.00862911343574524,passive,0
2.9607,rehab,safe_near_limit_fast,49.18102921976943,-666.6350766013392,278.39830280474087,-177.65223544706478,0.2923099523273071,-149.85255971580872,37.3648,0.0247,-50.0449,14.7174,-0.1116,-8.242,81.71309971573329,28.80430995827854,84.92939486361966,-25.422770182291664,-89.03988308376736,-38.50725809733073,3.373836101871906,3.1017545190187965,3.8905606411471223,-6.8977101643880205,-0.06785074869791667,3.2569376627604165,-3.025,-1.7178,-2.435,-0.02465,0.01109,0.05405,0.000896560843102634,0.0010002665221691132,0.0012017011176794767,0.00041550752939656377,0.0005005536368116736,0.0006072662072256207,0.011570200324058533,0.0092311417683959,0.00862911343574524,passive,0
2.9811,rehab,safe_near_limit_fast,50.08175322308764,-666.6383181803761,277.2001193410851,-177.65180545559747,0.2919773967178253,-149.85165051406645,37.4345,-0.0205,-50.1509,14.338,0.3989,-8.7115,81.79200956136873,28.877441104095762,85.02097025956257,-25.59027777777778,-89.04151068793402,-38.431125217013886,3.428251058748453,2.938502849918781,3.776706657787361,-6.8870290120442705,-0.13570149739583334,3.1890869140625,-3.1643,-1.6333,-1.8729,-0.0381,0.01793,0.05676,0.000896560843102634,0.0010002665221691132,0.0012017011176794767,0.00041550752939656377,0.0005005536368116736,0.0006072662072256207,0.011570200324058533,0.0092311417683959,0.00862911343574524,passive,0
3.001,rehab,safe_near_limit_fast,50.69132293545605,-666.63238505734,276.41784740114537,-177.65053781919693,0.29100634091598254,-149.8510697799675,37.7293,-0.042,-50.4034,9.9927,0.2312,-2.5815,81.84530956910388,28.92454770531985,85.08232645469137,-25.701861911349827,-89.04259575737846,-38.37964375813802,3.2105844327718907,2.938502849918781,3.841312521755105,-7.000545925564236,-0.06785074869791667,3.1890869140625,-3.0529,-1.6238,-1.8911,-0.0296,0.00514,0.05483,0.000896560843102634,0.0010002665221691132,0.0012017011176794767,0.00041550752939656377,0.0005005536368116736,0.0006072662072256207,0.011570200324058533,0.0092311417683959,0.00862911343574524,passive,0
3.021,rehab,safe_near_limit_fast,51.59559566947624,-666.6277894332895,275.2409675294227,-177.64885891919334,0.289640072543696,-149.85135233542192,37.9743,-0.0082,-50.2498,8.7623,-0.2477,2.5806,81.92445736120243,28.996325955532566,85.17314722042272,-25.868920220269096,-89.04430813259549,-38.30206976996528,3.2105844327718907,3.1017545190187965,3.885087872495746,-6.9786834716796875,-0.06785074869791667,3.1890869140625,-3.1489,-1.6127,-2.3455,-0.03453,0.00377,0.05759,0.000896560843102634,0.0010002665221691132,0.0012017011176794767,0.00041550752939656377,0.0005005536368116736,0.0006072662072256207,0.011570200324058533,0.0092311417683959,0.00862911343574524,passive,0
3.041,rehab,safe_near_limit_fast,52.198159109314986,-666.6294677739761,274.4280704140082,-177.65014465645766,0.2906564357240094,-149.85181514568404,38.5218,0.0555,-50.4766,14.0689,-0.1633,3.085,81.97725428212988,29.046940567469832,85.23308253524327,-25.97936842176649,-89.04543558756511,-38.25004577636719,3.373836101871906,3.2650061881188117,3.714860972791615,-6.8343861897786455,-0.06785074869791667,3.392647637261285,-3.1891,-1.5963,-2.6015,-0.04036,0.00581,0.06025,0.000896560843102634,0.0010002665221691132,0.0012017011176794767,0.00041550752939656377,0.0005005536368116736,0.0006072662072256207,0.011570200324058533,0.0092311417683959,0.00862911343574524,passive,0
3.061,rehab,safe_near_limit_fast,53.10961862826409,-666.6371625465363,273.1985992125059,-177.65186555877654,0.292019914834819,-149.8525208914451,38.9536,0.0617,-50.6041,19.8623,0.3828,4.033,82.05718389832147,29.124585897615642,85.32212890020692,-26.14618937174479,-89.04713948567708,-38.171276516384545,3.319421144995359,3.1561694758953434,3.6070780234761757,-6.783192952473958,-0.13570149739583334,3.1890869140625,-3.0674,-1.7435,-2.2734,-0.04505,0.00679,0.05366,0.000896560843102634,0.0010002665221691132,0.0012017011176794767,0.00041550752939656377,0.0005005536368116736,0.0006072662072256207,0.011570200324058533,0.0092311417683959,0.00862911343574524,passive,0
3.0808,rehab,safe_near_limit_fast,53.72698768481784,-666.6371112890165,272.3809918108454,-177.6533364870466,0.29316319876236974,-149.85267322517547,38.8888,-0.0055,-50.1657,22.6536,0.3816,4.9647,82.1112589316793,29.176043519879332,85.38154753127901,-26.256764729817707,-89.04830084906683,-38.1182861328125,3.482672814095374,3.047339562142249,3.6129247079981437,-6.851916842990451,-0.13570149739583334,3.392647637261285,-3.142,-1.7176,-2.2259,-0.04967,0.00859,0.05756,0.000896560843102634,0.0010002665221691132,0.0012017011176794767,0.00041550752939656377,0.0005005536368116736,0.0006072662072256207,0.011570200324058533,0.0092311417683959,0.00862911343574524,passive,0
3.1011,rehab,safe_near_limit_fast,54.677217729678915,-666.6317211902056,271.1910344016847,-177.65283026816405,0.2927785597924439,-149.8515752520772,39.0001,-0.0488,-49.665,18.9308,-0.4673,8.8956,82.19441782129873,29.250915074112392,85.46939736545676,-26.42248365614149,-89.050047132704,-38.03806728786892,3.482672814095374,3.047339562142249,3.670650519947014,-6.87711927625868,-0.06785074869791667,3.324796888563368,-3.2278,-1.6742,-2.1806,-0.03469,0.01934,0.05969,0.000896560843102634,0.0010002665221691132,0.0012017011176794767,0.00041550752939656377,0.0005005536368116736,0.0006072662072256207,0.011570200324058533,0.0092311417683959,0.00862911343574524,passive,0
3.1212,rehab,safe_near_limit_fast,55.47562943554482,-666.6267281114497,270.2108257305471,-177.65137648214986,0.2916243399961144,-149.85158633469743,39.8781,-0.0195,-49.8046,17.9493,-1.2829,7.9559,82.264299298277,29.312971511689742,85.54171949329942,-26.56072828504774,-89.05157301161024,-37.96970791286892,3.482672814095374,3.1017545190187965,3.653151257203357,-6.810404459635416,-0.0,3.392647637261285,-3.202,-1.665,-2.457,-0.038,0.0227,0.0643,0.000896560843102634,0.0010002665221691132,0.0012017011176794767,0.00041550752939656377,0.0005005536368116736,0.0006072662072256207,0.011570200324058533,0.0092311417683959,0.00862911343574524,passive,0
3.1412,rehab,safe_near_limit_fast,56.1149894151564,-666.6278248826713,269.42492579503363,-177.65036936256655,0.2908880053025629,-149.85241359619536,40.6338,0.0339,-49.8082,25.2926,-1.1532,-1.5967,82.3203186941619,29.363654108330756,85.59814679740678,-26.670718722873264,-89.05277676052518,-37.91408114963107,3.482672814095374,3.1561694758953434,3.5272571828105663,-6.823391384548611,-0.0,3.392647637261285,-3.1568,-1.5325,-2.3247,-0.0359,0.00264,0.05872,0.000896560843102634,0.0010002665221691132,0.0012017011176794767,0.00041550752939656377,0.0005005536368116736,0.0006072662072256207,0.011570200324058533,0.0092311417683959,0.00862911343574524,passive,0
3.1611,rehab,safe_near_limit_fast,57.08469727299,-666.6363893660962,268.21659013550266,-177.65058477017894,0.290960299920025,-149.85277991354394,41.21,0.0153,-49.9826,28.3351,-0.204,-4.6836,82.40538115548615,29.442992257599784,85.68184956465618,-26.83599683973524,-89.05471801757812,-37.830496893988716,3.7003394400719367,3.428251058748453,3.442323892423422,-6.738993326822916,-0.06785074869791667,3.528349134657118,-3.2456,-1.3621,-2.8667,-0.027,0.01651,0.0659,0.000896560843102634,0.0010002665221691132,0.0012017011176794767,0.00041550752939656377,0.0005005536368116736,0.0006072662072256207,0.011570200324058533,0.0092311417683959,0.00862911343574524,passive,0
3.1809,rehab,safe_near_limit_fast,57.74671241500661,-666.6373017605764,267.40730141534635,-177.65130154209322,0.2914984541845606,-149.85283088119024,41.1629,-0.0725,-49.6783,27.5773,0.4631,-2.9165,82.46338570472038,29.496054318871828,85.73781457277808,-26.945792304144966,-89.0560065375434,-37.77366638183594,3.5915027278484684,3.319421144995359,3.433601454933091,-6.816813151041666,-0.06785074869791667,3.596208360460069,-3.1393,-1.4732,-2.433,-0.03332,0.01072,0.06042,0.000896560843102634,0.0010002665221691132,0.0012017011176794767,0.00041550752939656377,0.0005005536368116736,0.0006072662072256207,0.011570200324058533,0.0092311417683959,0.00862911343574524,passive,0
3.2011,rehab,safe_near_limit_fast,58.771326321844434,-666.6345531780672,266.1946364730658,-177.65227339805318,0.29229997155845716,-149.85113592841864,41.1674,-0.1147,-49.3616,27.3083,0.3559,0.2619,82.55309152131034,29.575881958007812,85.8212657966236,-27.110332912868923,-89.05790540907118,-37.68748813205295,3.809169353825031,3.2650061881188117,3.3751006173615408,-7.0202382405598955,-0.0,3.596208360460069,-3.1908,-1.5935,-2.1238,-0.04611,0.00979,0.06163,0.000896560843102634,0.0010002665221691132,0.0012017011176794767,0.00041550752939656377,0.0005005536368116736,0.0006072662072256207,0.011570200324058533,0.0092311417683959,0.00862911343574524,passive,0
3.2212,rehab,safe_near_limit_fast,59.45251421172655,-666.6318827216148,265.3946545541771,-177.65239391584396,0.2924035173432129,-149.85141401065712,43.1432,-0.0649,-50.9769,31.1439,0.1204,3.4497,82.61273450190478,29.628753662109375,85.87628581736347,-27.21978081597222,-89.05922783745659,-37.6287841796875,3.7003394400719367,3.319421144995359,3.3831636032255568,-6.773181491427951,-0.06785074869791667,3.664059109157986,-3.1176,-1.6045,-2.4085,-0.02948,0.0058,0.06262,0.000896560843102634,0.0010002665221691132,0.0012017011176794767,0.00041550752939656377,0.0005005536368116736,0.0006072662072256207,0.011570200324058533,0.0092311417683959,0.00862911343574524,passive,0
3.2409,rehab,safe_near_limit_fast,60.46535270752755,-666.6325803998867,264.1989317800358,-177.65237953270642,0.29239380997462466,-149.85425039922868,43.4996,0.0236,-50.2534,39.5583,0.4599,3.3684,82.70148853264233,29.70875806147509,85.95709243623337,-27.383227878146702,-89.061279296875,-37.53901163736979,3.64592448319539,3.2650061881188117,3.315199294892868,-6.890970865885416,-0.06785074869791667,3.799769083658854,-3.2119,-1.603,-2.6113,-0.04845,0.00778,0.06338,0.000896560843102634,0.0010002665221691132,0.0012017011176794767,0.00041550752939656377,0.0005005536368116736,0.0006072662072256207,0.011570200324058533,0.0092311417683959,0.00862911343574524,passive,0
3.2615,rehab,safe_near_limit_fast,61.15003805912813,-666.6402053107481,263.40137658502624,-177.6518183078185,0.291984521463923,-149.85637917512003,43.4538,0.0627,-49.0485,50.994,1.1336,0.8989,82.76156661534073,29.763363375522122,86.00924350247524,-27.492455376519096,-89.06266954210069,-37.478018866644966,3.7003394400719367,3.482672814095374,3.310773490679146,-6.82907952202691,-0.06785074869791667,3.799769083658854,-3.0287,-1.5645,-2.0267,-0.04236,0.0052,0.05609,0.000896560843102634,0.0010002665221691132,0.0012017011176794767,0.00041550752939656377,0.0005005536368116736,0.0006072662072256207,0.011570200324058533,0.0092311417683959,0.00862911343574524,passive,0
3.2812,rehab,safe_near_limit_fast,62.21392102300649,-666.6417392252863,262.198453017039,-177.6520045870706,0.2920861127639499,-149.85743821320915,45.1167,0.0265,-49.6847,56.9602,1.0542,0.5709,82.85479403958462,29.845454905292776,86.08794939399945,-27.65573289659288,-89.06483968098958,-37.385550604926216,3.9724210229250465,3.373836101871906,3.268575385065362,-6.935602823893229,-0.13570149739583334,4.0033213297526045,-3.1451,-1.6037,-2.3433,-0.05625,0.00361,0.05996,0.000896560843102634,0.0010002665221691132,0.0012017011176794767,0.00041550752939656377,0.0005005536368116736,0.0006072662072256207,0.011570200324058533,0.0092311417683959,0.00862911343574524,passive,0
3.3012,rehab,safe_near_limit_fast,62.958047084786166,-666.63541974597,261.39714584471903,-177.65250994931222,0.29252396083543863,-149.85656659230858,46.0585,-0.0144,-49.4249,51.7482,0.095,6.4881,82.91989619188969,29.90001942851756,86.14044038376005,-27.763951619466145,-89.06626383463542,-37.32252332899306,4.135672692025062,3.5370877709719215,3.2796432948348544,-7.010845608181423,-0.13570149739583334,3.9354705810546875,-3.03,-1.619,-2.4381,-0.03188,0.01766,0.05988,0.000896560843102634,0.0010002665221691132,0.0012017011176794767,0.00041550752939656377,0.0005005536368116736,0.0006072662072256207,0.011570200324058533,0.0092311417683959,0.00862911343574524,passive,0
3.3212,rehab,safe_near_limit_fast,64.09710999563468,-666.6297043966945,260.21099814902664,-177.65136191134746,0.2916872311431401,-149.85495817406775,47.5225,-0.0047,-49.7136,50.327,-0.8275,4.495,83.01960255840036,29.981961391939976,86.21718151734606,-27.926847669813366,-89.06849331325955,-37.22623189290365,4.190087648901609,3.64592448319539,3.136419919457766,-6.795264350043403,-0.13570149739583334,4.0033213297526045,-3.02,-1.4333,-1.7335,-0.02614,0.02507,0.05694,0.000896560843102634,0.0010002665221691132,0.0012017011176794767,0.00041550752939656377,0.0005005536368116736,0.0006072662072256207,0.011570200324058533,0.0092311417683959,0.00862911343574524,passive,0
3.3411,rehab,safe_near_limit_fast,64.86516413566586,-666.6291447557766,259.4250610057986,-177.65039649498448,0.29099085027619925,-149.8550215873287,48.5904,0.0358,-49.726,45.8209,-0.9504,2.8187,83.08687342275488,30.037124180557704,86.26674236637531,-28.034676445855034,-89.07003614637587,-37.160093519422745,4.244502605778156,3.5370877709719215,3.0371214611695545,-6.650653415256076,-0.0,4.071180555555555,-3.1454,-1.5285,-2.2064,-0.04383,0.01397,0.06131,0.000896560843102634,0.0010002665221691132,0.0012017011176794767,0.00041550752939656377,0.0005005536368116736,0.0006072662072256207,0.011570200324058533,0.0092311417683959,0.00862911343574524,passive,0
3.3611,rehab,safe_near_limit_fast,65.83969614412634,-666.6339259064048,258.44212297680303,-177.64957863745082,0.2902898409822011,-149.85413595608395,49.5311,0.0321,-49.6676,30.7399,-0.3,16.7518,83.17229620300897,30.107379573406558,86.32650771943649,-28.16817389594184,-89.07208760579427,-37.07704332139757,4.298924361125077,3.64592448319539,2.9351240101427134,-6.6222890218098955,-0.13570149739583334,4.274732801649305,-2.9006,-1.4743,-2.3061,-0.016,0.00958,0.06304,0.000896560843102634,0.0010002665221691132,0.0012017011176794767,0.00041550752939656377,0.0005005536368116736,0.0006072662072256207,0.011570200324058533,0.0092311417683959,0.00862911343574524,passive,0
3.3808,rehab,safe_near_limit_fast,67.02593951985885,-666.640261927256,257.24983803001453,-177.650104971823,0.2906811625070781,-149.8532571327886,49.6132,-0.0185,-48.8635,22.6257,0.3263,28.3187,83.27626521044438,30.1934550068166,86.39690588016322,-28.326916164822048,-89.07452901204427,-36.97572496202257,4.298924361125077,3.64592448319539,2.9216290464495667,-6.539849175347222,-0.13570149739583334,4.274732801649305,-3.0313,-1.4475,-2.2248,-0.03129,0.02395,0.06168,0.000896560843102634,0.0010002665221691132,0.0012017011176794767,0.00041550752939656377,0.0005005536368116736,0.0006072662072256207,0.011570200324058533,0.0092311417683959,0.00862911343574524,passive,0
3.4011,rehab,safe_near_limit_fast,67.82601112146418,-666.6376284026696,256.4581896609218,-177.6516597406417,0.29184652601904004,-149.852399951532,49.9643,-0.0475,-48.2674,20.6492,0.4699,36.8597,83.34630985071163,30.250398994672416,86.44347540222772,-28.43044704861111,-89.076173570421,-36.90769619411892,4.462176030225093,3.482672814095374,2.7860743456547805,-6.464589436848958,-0.06785074869791667,4.342592027452257,-3.0332,-1.4935,-2.5432,-0.0408,0.01198,0.05673,0.000896560843102634,0.0010002665221691132,0.0012017011176794767,0.00041550752939656377,0.0005005536368116736,0.0006072662072256207,0.011570200324058533,0.0092311417683959,0.00862911343574524,passive,0
3.4208,rehab,safe_near_limit_fast,69.01702097967276,-666.6330754959283,255.31583677180046,-177.652276296702,0.2923772676314742,-149.8535251461669,50.1696,-0.0308,-47.5934,18.0965,0.4023,47.0871,83.45057799084351,30.333245154654627,86.51039274612276,-28.582382202148438,-89.07864888509114,-36.803995768229164,4.353339318001624,3.482672814095374,2.7366766599145267,-6.20849609375,-0.13570149739583334,4.342592027452257,-3.0227,-1.4446,-2.0585,-0.04047,0.00701,0.056,0.000896560843102634,0.0010002665221691132,0.0012017011176794767,0.00041550752939656377,0.0005005536368116736,0.0006072662072256207,0.011570200324058533,0.0092311417683959,0.00862911343574524,passive,0
3.4409,rehab,safe_near_limit_fast,69.80710077269173,-666.63170555353,254.58861005805744,-177.65090906883393,0.291297867059363,-149.85445801217293,49.9444,0.0274,-46.0937,13.3534,0.5693,56.7013,83.51977962078435,30.38669472873801,86.55270642573291,-28.681869506835938,-89.0803951687283,-36.73496670193142,4.462176030225093,3.373836101871906,2.588667161393874,-6.09590318467882,-0.06785074869791667,4.274732801649305,-2.946,-1.4773,-1.8035,-0.03172,0.00461,0.05125,0.000896560843102634,0.0010002665221691132,0.0012017011176794767,0.00041550752939656377,0.0005005536368116736,0.0006072662072256207,0.011570200324058533,0.0092311417683959,0.00862911343574524,passive,0
3.4611,rehab,safe_near_limit_fast,71.00758867315201,-666.6337500675129,253.5094076971901,-177.6500540894266,0.2906302356281838,-149.8543514618881,51.0538,0.0722,-45.0423,7.7329,0.7916,66.5993,83.62494515900565,30.46746055678566,86.61256015890896,-28.826539781358505,-89.08298916286893,-36.63152058919271,4.571005943978187,3.373836101871906,2.4466403168026765,-5.963914659288195,-0.13570149739583334,4.274732801649305,-3.0959,-1.3059,-2.0872,-0.03947,0.01409,0.06227,0.000896560843102634,0.0010002665221691132,0.0012017011176794767,0.00041550752939656377,0.0005005536368116736,0.0006072662072256207,0.011570200324058533,0.0092311417683959,0.00862911343574524,passive,0
3.4811,rehab,safe_near_limit_fast,71.81789697681643,-666.6351198407256,252.79816062886638,-177.65054991712066,0.29106614311324913,-149.8536364156727,51.6627,0.068,-43.9898,0.2571,0.5952,77.7792,83.69590759277344,30.52135882991375,86.65040044501276,-28.919601440429688,-89.0846676296658,-36.56231350368923,4.353339318001624,3.319421144995359,2.4051900429300743,-5.5858103434244795,-0.06785074869791667,4.342592027452257,-2.9471,-1.3886,-2.3879,-0.03712,0.01988,0.05491,0.000896560843102634,0.0010002665221691132,0.0012017011176794767,0.00041550752939656377,0.0005005536368116736,0.0006072662072256207,0.011570200324058533,0.0092311417683959,0.00862911343574524,passive,0
3.5009,rehab,safe_near_limit_fast,73.03261611666414,-666.6354103531299,251.76312456351573,-177.65179796403265,0.2920223083204202,-149.85258999963514,51.4442,0.0428,-42.233,-10.6076,-0.0582,90.6829,83.80226966178063,30.600547412834544,86.70402677932589,-29.05381096733941,-89.08726162380643,-36.45850287543403,4.462176030225093,3.319421144995359,2.2048595164081837,-5.54014417860243,-0.13570149739583334,4.410442776150173,-2.8885,-1.2655,-1.9756,-0.0197,0.00127,0.05607,0.000896560843102634,0.0010002665221691132,0.0012017011176794767,0.00041550752939656377,0.0005005536368116736,0.0006072662072256207,0.011570200324058533,0.0092311417683959,0.00862911343574524,passive,0
3.5208,rehab,safe_near_limit_fast,73.83960460926966,-666.6323656309572,251.10444712865865,-177.65272014580478,0.2926354946624435,-149.85200887410213,50.6734,0.0265,-40.1632,-21.8031,-1.0961,102.1201,83.87290576897045,30.651291195708925,86.73757043215308,-29.138963487413193,-89.08907572428386,-36.389405992296005,4.4077542748781715,3.1561694758953434,2.039636290899598,-5.277345445421007,-0.13570149739583334,4.139031304253472,-3.0321,-1.3921,-2.3244,-0.04446,0.01619,0.05582,0.000896560843102634,0.0010002665221691132,0.0012017011176794767,0.00041550752939656377,0.0005005536368116736,0.0006072662072256207,0.011570200324058533,0.0092311417683959,0.00862911343574524,passive,0
3.5409,rehab,safe_near_limit_fast,75.24476172064409,-666.6270641619819,250.0560200461311,-177.65060967460673,0.2910294641920249,-149.85163434067667,49.7577,0.0206,-37.8405,-30.952,-2.0022,115.2046,83.995890098043,30.733743044409422,86.78991865403582,-29.279861450195312,-89.09225463867188,-36.268369886610245,4.298924361125077,3.047339562142249,1.6982646979907952,-4.8708852132161455,-0.06785074869791667,4.206882052951388,-2.8431,-1.3706,-2.1357,-0.0456,0.00433,0.05311,0.000896560843102634,0.0010002665221691132,0.0012017011176794767,0.00041550752939656377,0.0005005536368116736,0.0006072662072256207,0.011570200324058533,0.0092311417683959,0.00862911343574524,passive,0
3.5611,rehab,safe_near_limit_fast,76.03527403525624,-666.6284520462648,249.4829178565426,-177.65017397278157,0.2907021015196954,-149.85209846379226,49.3786,-0.0071,-35.6439,-27.7213,-2.1068,125.392,84.06511212339495,30.77997944142559,86.81626272673654,-29.354943169487846,-89.09406873914931,-36.19952731662326,4.190087648901609,2.884087893042234,1.61713175254293,-4.6228790283203125,-0.13570149739583334,4.614003499348958,-2.7388,-1.286,-1.8044,-0.03995,0.01097,0.05307,0.000896560843102634,0.0010002665221691132,0.0012017011176794767,0.00041550752939656377,0.0005005536368116736,0.0006072662072256207,0.011570200324058533,0.0092311417683959,0.00862911343574524,passive,0
3.581,rehab,safe_near_limit_fast,76.82485944331174,-666.628750389164,248.91404614313944,-177.65166680658683,0.29187349590451184,-149.85323350863436,48.7124,-0.0385,-32.9767,-17.7249,-1.3713,130.3376,84.13422537322091,30.82619544303063,86.84096836807704,-29.425938924153645,-89.09584045410156,-36.13008287217882,4.298924361125077,2.938502849918781,1.46596096529819,-4.301520453559028,-0.13570149739583334,4.47829352484809,-2.7475,-1.3561,-2.6529,-0.03759,0.004,0.0577,0.000896560843102634,0.0010002665221691132,0.0012017011176794767,0.00041550752939656377,0.0005005536368116736,0.0006072662072256207,0.011570200324058533,0.0092311417683959,0.00862911343574524,passive,0
3.6012,rehab,safe_near_limit_fast,78.01495891221472,-666.6346115901855,248.1157929813846,-177.65428450728385,0.2937013240860344,-149.85344979310608,48.1963,-0.098,-30.0951,-13.8079,-0.1107,138.085,84.23844592406017,30.89322836092203,86.87180622969524,-29.523544311523438,-89.09867180718315,-36.026763916015625,4.298924361125077,2.7208362239422184,1.163034722356513,-3.881089952256944,-0.13570149739583334,4.47829352484809,-2.7199,-1.2371,-1.6627,-0.02878,0.01454,0.05646,0.000896560843102634,0.0010002665221691132,0.0012017011176794767,0.00041550752939656377,0.0005005536368116736,0.0006072662072256207,0.011570200324058533,0.0092311417683959,0.00862911343574524,passive,0
3.621,rehab,safe_near_limit_fast,78.79826020443868,-666.6357198715403,247.62760182647264,-177.6560384961455,0.2949319006101489,-149.8540537939596,48.0313,-0.1575,-27.2104,-15.2516,1.0552,146.1273,84.30700849778582,30.934923379728108,86.8894618572575,-29.582689073350693,-89.1005622016059,-35.9582773844401,4.4077542748781715,2.448754641089109,1.0515194128055383,-3.615442911783854,-0.06785074869791667,4.274732801649305,-2.7602,-1.1641,-1.5432,-0.04552,0.00554,0.05095,0.000896560843102634,0.0010002665221691132,0.0012017011176794767,0.00041550752939656377,0.0005005536368116736,0.0006072662072256207,0.011570200324058533,0.0092311417683959,0.00862911343574524,passive,0
3.6408,rehab,safe_near_limit_fast,79.9693774409904,-666.6369958115619,247.00171700092565,-177.65532675939536,0.294430754677077,-149.85436013017002,48.5884,-0.1128,-24.4994,-20.7927,1.9037,150.8671,84.40948864020923,30.990711627620282,86.90964651579904,-29.66240776909722,-89.10335964626736,-35.85639953613281,4.190087648901609,2.2310880151125465,0.6773655957514697,-3.05389404296875,-0.13570149739583334,4.342592027452257,-2.5008,-1.1708,-1.4329,-0.0417,0.00062,0.04632,0.000896560843102634,0.0010002665221691132,0.0012017011176794767,0.00041550752939656377,0.0005005536368116736,0.0006072662072256207,0.011570200324058533,0.0092311417683959,0.00862911343574524,passive,0
3.6608,rehab,safe_near_limit_fast,80.73735683414355,-666.6382472869713,246.64699505187093,-177.65362165299408,0.29317081281528734,-149.85451427165552,48.4542,0.0,-21.9594,-28.7052,2.5027,154.7992,84.47669151986,31.023928953869508,86.91907599420831,-29.709057278103298,-89.10525851779514,-35.789574517144096,4.190087648901609,1.9045846769125154,0.4844386034672803,-2.72141350640191,-0.13570149739583334,4.139031304253472,-2.6637,-1.2966,-1.5302,-0.04506,0.00096,0.04993,0.000896560843102634,0.0010002665221691132,0.0012017011176794767,0.00041550752939656377,0.0005005536368116736,0.0006072662072256207,0.011570200324058533,0.0092311417683959,0.00862911343574524,passive,0
3.6809,rehab,safe_near_limit_fast,81.88492272809768,-666.6377244718132,246.1819178568349,-177.65206808013005,0.29200858960320114,-149.85482240795793,46.7348,0.1104,-17.9863,-39.2684,2.6909,160.914,84.57707093493774,31.069560287022355,86.92771005158377,-29.768074883355034,-89.10814921061198,-35.68957010904948,4.026835979801594,1.7413330078125,0.21241140837716585,-2.1945868598090277,-0.13570149739583334,4.139031304253472,-2.5107,-1.0572,-1.6147,-0.03664,0.01533,0.04694,0.000896560843102634,0.0010002665221691132,0.0012017011176794767,0.00041550752939656377,0.0005005536368116736,0.0006072662072256207,0.011570200324058533,0.0092311417683959,0.00862911343574524,passive,0
3.701,rehab,safe_near_limit_fast,82.63803022932778,-666.6430123410154,245.93436563346825,-177.65008083271698,0.29060997088759466,-149.85377223532268,45.572,0.1584,-14.7896,-55.3165,1.9998,169.661,84.64296850827661,31.096638594523515,86.9282063399211,-29.799889458550346,-89.11000569661458,-35.62509324815538,4.026835979801594,1.7413330078125,-0.07364782956567141,-1.787109375,-0.13570149739583334,3.8676198323567705,-2.5748,-1.2383,-2.0856,-0.03591,0.00974,0.04978,0.000896560843102634,0.0010002665221691132,0.0012017011176794767,0.00041550752939656377,0.0005005536368116736,0.0006072662072256207,0.011570200324058533,0.0092311417683959,0.00862911343574524,passive,0
3.7212,rehab,safe_near_limit_fast,83.74810330241625,-666.6346754820104,245.60218450910102,-177.65143036112588,0.29172542393229633,-149.85212493443197,44.5981,0.1248,-11.5636,-71.5963,0.1037,181.3446,84.73992829275603,31.133180372785812,86.92670387796836,-29.835840861002602,-89.11267598470052,-35.53021748860677,3.9724210229250465,1.305999755859375,-0.10880271987159654,-1.219270494249132,-0.06785074869791667,3.7319098578559027,-2.3864,-0.9289,-1.2424,-0.03062,0.0134,0.04571,0.000896560843102634,0.0010002665221691132,0.0012017011176794767,0.00041550752939656377,0.0005005536368116736,0.0006072662072256207,0.011570200324058533,0.0092311417683959,0.00862911343574524,passive,0
3.741,rehab,safe_near_limit_fast,84.45568526790369,-666.6244132439684,245.42934946827643,-177.65341979276332,0.2931135321961287,-149.851675849245,43.3456,0.1059,-8.0369,-76.5882,-2.0154,188.2292,84.80169919457767,31.1536709624942,86.9229511223217,-29.851862589518227,-89.11452399359808,-35.46910603841146,3.7003394400719367,1.1971630436359066,-0.38794111497331374,-0.8064778645833333,-0.13570149739583334,3.596208360460069,-2.3501,-0.8815,-1.0872,-0.02475,0.00742,0.04742,0.000896560843102634,0.0010002665221691132,0.0012017011176794767,0.00041550752939656377,0.0005005536368116736,0.0006072662072256207,0.011570200324058533,0.0092311417683959,0.00862911343574524,passive,0
3.7611,rehab,safe_near_limit_fast,85.29865037422798,-666.6209164625449,245.28069985047372,-177.65577417025023,0.294730640811557,-149.85254356384579,41.7039,0.0834,-4.0796,-79.0573,-3.1556,186.0298,84.8753538226137,31.17566401415532,86.91222313607093,-29.86234876844618,-89.11682976616753,-35.394744873046875,3.5915027278484684,0.979496417659344,-0.6720151995668316,-0.2824232313368055,-0.13570149739583334,3.7319098578559027,-2.3205,-1.0814,-1.4358,-0.03834,0.00166,0.03856,0.000896560843102634,0.0010002665221691132,0.0012017011176794767,0.00041550752939656377,0.0005005536368116736,0.0006072662072256207,0.011570200324058533,0.0092311417683959,0.00862911343574524,passive,0
3.7809,rehab,safe_near_limit_fast,86.25216061151906,-666.6243047459546,245.22456277654527,-177.6560285734159,0.2948095955974806,-149.85457748203308,39.8802,0.014,-0.1996,-88.7258,-2.9356,179.4042,84.95871666634437,31.194325815333,86.89146060754757,-29.862374199761284,-89.11956787109375,-35.30939737955729,3.428251058748453,0.5985781225827661,-1.0526411604173112,0.2525838216145833,-0.13570149739583334,3.528349134657118,-2.3528,-0.9975,-1.6336,-0.03867,0.00959,0.04165,0.000896560843102634,0.0010002665221691132,0.0012017011176794767,0.00041550752939656377,0.0005005536368116736,0.0006072662072256207,0.011570200324058533,0.0092311417683959,0.00862911343574524,passive,0
3.8011,rehab,safe_near_limit_fast,86.87334826809136,-666.631007946491,245.26199581012204,-177.65436547918674,0.29366523842585757,-149.85469819354287,37.71,-0.0888,3.5891,-102.0412,-1.9096,172.5701,85.0130296461653,31.202300421082146,86.87243168896968,-29.854855007595486,-89.12128024631076,-35.254906548394096,3.428251058748453,0.3809114966062036,-1.3543776710434716,0.7202063666449653,-0.06785074869791667,3.121236165364583,-2.3037,-1.0357,-1.6139,-0.04278,0.0131,0.0413,0.000896560843102634,0.0010002665221691132,0.0012017011176794767,0.00041550752939656377,0.0005005536368116736,0.0006072662072256207,0.011570200324058533,0.0092311417683959,0.00862911343574524,passive,0
3.8211,rehab,safe_near_limit_fast,87.76807659579066,-666.6346819110353,245.41708174082154,-177.65202364554014,0.29203834371416537,-149.8533866981602,36.228,-0.161,7.0494,-114.155,-0.9209,168.2151,85.09118486158918,31.20686219470336,86.83841214321627,-29.83039008246528,-89.123780992296,-35.177832709418404,3.2105844327718907,-0.16324487062964108,-1.47980265098043,1.2904696994357638,-0.06785074869791667,3.121236165364583,-2.2444,-0.9388,-2.1672,-0.03703,0.00937,0.04507,0.000896560843102634,0.0010002665221691132,0.0012017011176794767,0.00041550752939656377,0.0005005536368116736,0.0006072662072256207,0.011570200324058533,0.0092311417683959,0.00862911343574524,passive,0
3.8408,rehab,safe_near_limit_fast,88.33114016327605,-666.6285429330891,245.5764854113093,-177.65079020168332,0.29118223858407394,-149.85227233557492,34.0193,-0.1425,9.9827,-119.886,0.1295,160.2819,85.14029021310334,31.204951824528155,86.81381527740176,-29.806722005208332,-89.12538316514757,-35.12960645887587,2.938502849918781,-0.05441495687654703,-1.6049624905727877,1.6362169053819444,-0.13570149739583334,2.8498246934678817,-2.1009,-0.8317,-1.4877,-0.01907,0.01129,0.04466,0.000896560843102634,0.0010002665221691132,0.0012017011176794767,0.00041550752939656377,0.0005005536368116736,0.0006072662072256207,0.011570200324058533,0.0092311417683959,0.00862911343574524,passive,0
3.861,rehab,safe_near_limit_fast,89.09984888049706,-666.6364952683232,245.84858691857315,-177.65141058602237,0.29163502009788483,-149.8517368483691,30.651,-0.0735,12.7029,-128.2339,1.4789,151.5023,85.20743190652072,31.201239859703744,86.77119566662476,-29.76147969563802,-89.1276635064019,-35.062552558051216,2.6664212670656715,-0.2176666259765625,-1.8304949467725093,2.1105787489149304,-0.13570149739583334,2.5784132215711804,-2.0606,-0.7692,-1.2728,-0.02211,0.00678,0.04086,0.000896560843102634,0.0010002665221691132,0.0012017011176794767,0.00041550752939656377,0.0005005536368116736,0.0006072662072256207,0.011570200324058533,0.0092311417683959,0.00862911343574524,passive,0
3.8808,rehab,safe_near_limit_fast,89.57063098893029,-666.6380046159826,246.06021078320836,-177.65361137795645,0.2930932872340896,-149.85148190839251,28.2902,-0.0151,15.4393,-139.8288,2.2931,146.3172,85.24852186146349,31.195998239045096,86.74118041992188,-29.724722968207466,-89.12917243109808,-35.021353827582466,2.448754641089109,-0.435333251953125,-1.9541115335898824,2.432683308919271,-0.06785074869791667,2.4427032470703125,-2.0913,-0.7097,-1.0954,-0.02932,0.01574,0.04339,0.000896560843102634,0.0010002665221691132,0.0012017011176794767,0.00041550752939656377,0.0005005536368116736,0.0006072662072256207,0.011570200324058533,0.0092311417683959,0.00862911343574524,passive,0
3.901,rehab,safe_near_limit_fast,90.21236015853738,-666.6369563748285,246.44048627583453,-177.65739424157528,0.2957147731719424,-149.85102843832496,25.2743,0.0107,18.9506,-152.3204,1.9636,141.7041,85.30447327264464,31.182931578985535,86.69333958389736,-29.660763210720486,-89.13120693630643,-34.9652099609375,2.2310880151125465,-0.7074148348062346,-2.0947446917543315,2.865261501736111,-0.13570149739583334,2.103441026475694,-1.9143,-0.8073,-1.5983,-0.02568,0.01303,0.04168,0.000896560843102634,0.0010002665221691132,0.0012017011176794767,0.00041550752939656377,0.0005005536368116736,0.0006072662072256207,0.011570200324058533,0.0092311417683959,0.00862911343574524,passive,0
3.9213,rehab,safe_near_limit_fast,90.59903942806199,-666.635756250341,246.7523319917042,-177.65838021087694,0.2963795722509668,-149.8497674865431,22.5428,0.0331,21.9922,-169.5827,0.7492,137.077,85.33816649182008,31.169783337281483,86.65910248709197,-29.61309644911024,-89.13245307074652,-34.932284884982636,2.067836346012531,-0.9250814607827971,-2.1386356164913365,3.01833258734809,-0.13570149739583334,2.103441026475694,-1.8534,-0.6663,-0.8773,-0.02075,0.01081,0.03872,0.000896560843102634,0.0010002665221691132,0.0012017011176794767,0.00041550752939656377,0.0005005536368116736,0.0006072662072256207,0.011570200324058533,0.0092311417683959,0.00862911343574524,passive,0
3.9408,rehab,safe_near_limit_fast,91.09553686521903,-666.6356793933339,247.30929829535177,-177.65753804660335,0.2958043857696829,-149.8486987750346,19.211,0.0714,24.3958,-179.5622,-0.4118,123.0455,85.38141156187152,31.14324890741027,86.60419804034846,-29.533860948350693,-89.13412306043837,-34.88927205403646,1.686918050935953,-1.251584798982828,-2.2366151715269185,3.4769439697265625,-0.06785074869791667,1.696319580078125,-1.9292,-0.7078,-1.1823,-0.02397,0.00468,0.04249,0.000896560843102634,0.0010002665221691132,0.0012017011176794767,0.00041550752939656377,0.0005005536368116736,0.0006072662072256207,0.011570200324058533,0.0092311417683959,0.00862911343574524,passive,0
3.9612,rehab,safe_near_limit_fast,91.37085046696771,-666.6329088671458,247.72739282446133,-177.65619585011245,0.29485440957524794,-149.84796397474716,15.0925,0.0601,26.5687,-190.9983,-0.9226,100.5616,85.4053557745301,31.121419019038132,86.56650052212252,-29.476632012261284,-89.13512335883246,-34.865451388888886,1.4148296696124691,-1.4692514249593904,-2.427883337039759,3.7188466389973955,-0.13570149739583334,1.4249081081814237,-1.7802,-0.6366,-0.3625,-0.03063,0.00079,0.03326,0.000896560843102634,0.0010002665221691132,0.0012017011176794767,0.00041550752939656377,0.0005005536368116736,0.0006072662072256207,0.011570200324058533,0.0092311417683959,0.00862911343574524,passive,0
3.9811,rehab,safe_near_limit_fast,91.72650799149613,-666.6329695990316,248.51670295917845,-177.6541929780175,0.29352211023774394,-149.84869402886136,11.1857,-0.006,28.9674,-206.3571,-0.7348,83.8799,85.43626162085202,31.078357507686803,86.49814190250812,-29.368515014648438,-89.13655598958333,-34.832653469509545,0.87066650390625,-1.686918050935953,-2.484201865621132,4.063720703125,-0.0,0.9499359130859375,-1.6977,-0.4167,0.0528,-0.02501,0.00968,0.03332,0.000896560843102634,0.0010002665221691132,0.0012017011176794767,0.00041550752939656377,0.0005005536368116736,0.0006072662072256207,0.011570200324058533,0.0092311417683959,0.00862911343574524,passive,0
4.0008,rehab,safe_near_limit_fast,91.86919060130104,-666.6302316464055,248.99395136799794,-177.6538158732435,0.2932194523787128,-149.8485597878748,6.8641,-0.0559,30.2839,-208.2147,-0.2643,76.3614,85.44861444152228,31.05096647054842,86.45870397586634,-29.302520751953125,-89.13726806640625,-34.819725884331596,0.5985781225827661,-1.795747964689047,-2.586083742651609,4.1802978515625,-0.0,0.678524441189236,-1.7313,-0.4166,0.0254,-0.01897,0.00877,0.03689,0.000896560843102634,0.0010002665221691132,0.0012017011176794767,0.00041550752939656377,0.0005005536368116736,0.0006072662072256207,0.011570200324058533,0.0092311417683959,0.00862911343574524,passive,0
4.0209,rehab,safe_near_limit_fast,91.95955275699549,-666.6306184681989,249.48812620553173,-177.6536315927848,0.2930769066143755,-149.8484411229006,2.6031,-0.0544,31.0714,-199.3707,0.3476,73.2757,85.45641228704169,31.022134157690672,86.4185386128945,-29.233983357747395,-89.13782755533855,-34.81130811903212,0.3809114966062036,-1.9045846769125154,-2.477349007483756,4.398761325412326,-0.0,0.4071129692925347,-1.7925,-0.4808,-0.5059,-0.03641,0.0128,0.03083,0.000896560843102634,0.0010002665221691132,0.0012017011176794767,0.00041550752939656377,0.0005005536368116736,0.0006072662072256207,0.011570200324058533,0.0092311417683959,0.00862911343574524,passive,0
4.041,rehab,safe_near_limit_fast,91.94862012755242,-666.6369028224036,250.25245833910213,-177.6544843930995,0.2936900806036237,-149.8527810795443,-1.26,-0.0092,32.144,-186.8527,1.2043,66.82,85.45536532260404,30.975972543848624,86.35850132101834,-29.126849704318577,-89.13838704427083,-34.806857638888886,-0.16324487062964108,-2.067836346012531,-2.455315165000387,4.597049289279513,-0.0,-0.0,-1.6933,-0.5707,-0.2721,-0.03489,0.01542,0.03435,0.000896560843102634,0.0010002665221691132,0.0012017011176794767,0.00041550752939656377,0.0005005536368116736,0.0006072662072256207,0.011570200324058533,0.0092311417683959,0.00862911343574524,passive,0
4.0612,rehab,safe_near_limit_fast,91.89476903648546,-666.6392502483493,250.79010729108208,-177.65458602166,0.29377435879816294,-149.8559000134262,-5.0243,0.0487,33.5689,-178.4718,1.8467,58.9626,85.45058599793084,30.942530868077043,86.31813200393526,-29.05287848578559,-89.1386498345269,-34.8077138264974,-0.435333251953125,-2.176666259765625,-2.496452709235767,4.70733642578125,-0.0,-0.13570149739583334,-1.6688,-0.4773,-0.5474,-0.02138,0.01283,0.03838,0.000896560843102634,0.0010002665221691132,0.0012017011176794767,0.00041550752939656377,0.0005005536368116736,0.0006072662072256207,0.011570200324058533,0.0092311417683959,0.00862911343574524,passive,0
4.081,rehab,safe_near_limit_fast,91.7250687599273,-666.6378667497706,251.62244581176697,-177.65515493020123,0.29414861296242917,-149.85900121912405,-8.6283,0.0933,35.858,-175.1636,1.5814,55.6315,85.43560896769608,30.88891813070467,86.25852301569269,-28.938674926757812,-89.1387939453125,-34.81834411621094,-0.7618297916827815,-2.2855029719890934,-2.5442187620861696,4.764141506618923,-0.0,-0.678524441189236,-1.556,-0.3049,-0.0126,-0.02096,0.01432,0.03264,0.000896560843102634,0.0010002665221691132,0.0012017011176794767,0.00041550752939656377,0.0005005536368116736,0.0006072662072256207,0.011570200324058533,0.0092311417683959,0.00862911343574524,passive,0
4.101,rehab,safe_near_limit_fast,91.57212682574338,-666.633665899162,252.1996375016955,-177.65505393716714,0.2939237458213693,-149.8569898386955,-11.2497,0.1113,37.0803,-174.2964,0.4722,51.2585,85.42212080247332,30.850826301197014,86.21894232117303,-28.860804239908852,-89.13877699110243,-34.83299255371094,-0.9250814607827971,-2.61199951171875,-2.494950247283029,5.013376871744792,-0.06785074869791667,-1.0856458875868056,-1.6207,-0.5265,-0.8169,-0.02817,0.00621,0.03256,0.000896560843102634,0.0010002665221691132,0.0012017011176794767,0.00041550752939656377,0.0005005536368116736,0.0006072662072256207,0.011570200324058533,0.0092311417683959,0.00862911343574524,passive,0
4.1209,rehab,safe_near_limit_fast,91.27701459314828,-666.6242705245397,253.10589804706373,-177.65343906139447,0.29241157820560054,-149.85198761612074,-14.7189,0.1252,37.2307,-173.2173,-0.8309,36.556,85.39613704870243,30.78980323111657,86.15951689163057,-28.741717868381077,-89.1386498345269,-34.8626708984375,-1.305999755859375,-2.6664212670656715,-2.5318183521232984,4.9836476643880205,0.06785074869791667,-1.4249081081814237,-1.5381,-0.3896,-0.2896,-0.01851,-0.00056,0.02909,0.000896560843102634,0.0010002665221691132,0.0012017011176794767,0.00041550752939656377,0.0005005536368116736,0.0006072662072256207,0.011570200324058533,0.0092311417683959,0.00862911343574524,passive,0
4.1411,rehab,safe_near_limit_fast,91.01539296982233,-666.6225048060516,253.728462158818,-177.65148781313144,0.29072360599163427,-149.84956617271868,-18.2823,0.0978,37.4736,-170.0624,-1.7409,17.4675,85.3731922111889,30.747523543858293,86.11968465370707,-28.661490546332466,-89.13848029242621,-34.88715277777778,-1.6325030940594059,-2.557584554842203,-2.375528316686649,4.946280585394965,-0.0,-1.696319580078125,-1.462,-0.4202,-0.6597,-0.00711,0.00196,0.02967,0.000896560843102634,0.0010002665221691132,0.0012017011176794767,0.00041550752939656377,0.0005005536368116736,0.0006072662072256207,0.011570200324058533,0.0092311417683959,0.00862911343574524,passive,0
4.1612,rehab,safe_near_limit_fast,90.52531418192821,-666.6233426284582,254.6538444848277,-177.6501095171546,0.28927148969950117,-149.84756703522953,-22.2041,0.0233,37.9785,-170.9853,-2.0614,4.7209,85.33027346771543,30.683801481039218,86.06123140542815,-28.540064493815102,-89.13800557454427,-34.930733574761284,-1.9045846769125154,-2.61199951171875,-2.383836047484143,5.153706868489583,-0.0,-1.8998803032769096,-1.5082,-0.3546,-0.3414,-0.02321,0.00615,0.02901,0.000896560843102634,0.0010002665221691132,0.0012017011176794767,0.00041550752939656377,0.0005005536368116736,0.0006072662072256207,0.011570200324058533,0.0092311417683959,0.00862911343574524,passive,0
4.181,rehab,safe_near_limit_fast,90.13416892109638,-666.6269072784723,255.2592326200599,-177.65034460533693,0.2892237876857455,-149.8475016724047,-25.9712,-0.0432,38.332,-173.518,-1.9334,3.939,85.29604316938041,30.641589778484683,86.02330953767984,-28.458836873372395,-89.13745456271701,-34.96413336859809,-2.2855029719890934,-2.557584554842203,-2.340006308980507,5.0653839111328125,0.06785074869791667,-2.2391425238715277,-1.4734,-0.3927,-0.3637,-0.0051,0.00034,0.03108,0.000896560843102634,0.0010002665221691132,0.0012017011176794767,0.00041550752939656377,0.0005005536368116736,0.0006072662072256207,0.011570200324058533,0.0092311417683959,0.00862911343574524,passive,0
4.2008,rehab,safe_near_limit_fast,89.58535963626369,-666.6297262911496,255.99882295649778,-177.65219137522598,0.29036561724462523,-149.8481077938803,-28.9474,-0.0836,37.8971,-158.4814,-1.5489,1.5247,85.24799837924466,30.58901040860922,85.9779161509901,-28.357408311631943,-89.13652208116319,-35.01045227050781,-2.557584554842203,-2.61199951171875,-2.2622590017790842,5.2134958902994795,-0.0,-2.4427032470703125,-1.5825,-0.3102,-0.1301,-0.01184,0.00969,0.03339,0.000896560843102634,0.0010002665221691132,0.0012017011176794767,0.00041550752939656377,0.0005005536368116736,0.0006072662072256207,0.011570200324058533,0.0092311417683959,0.00862911343574524,passive,0
4.221,rehab,safe_near_limit_fast,88.84660656727989,-666.6287164196257,256.886548652713,-177.65447215588264,0.2920332783578048,-149.84951190750942,-31.4163,-0.0877,37.4481,-126.8588,-0.8885,-14.1601,85.18327694128055,30.524336559937733,85.92594184497796,-28.23621114095052,-89.13499620225694,-35.07241990831163,-2.8296661376953125,-2.7752511808187657,-2.2433660526086787,5.044521755642361,0.13570149739583334,-2.781973944769965,-1.4763,-0.4033,-0.1123,-0.01267,-0.00171,0.02799,0.000896560843102634,0.0010002665221691132,0.0012017011176794767,0.00041550752939656377,0.0005005536368116736,0.0006072662072256207,0.011570200324058533,0.0092311417683959,0.00862911343574524,passive,0
4.2413,rehab,safe_near_limit_fast,88.31112109716209,-666.6307874719055,257.4874765462085,-177.65503798584663,0.29268800363880076,-149.850661487587,-34.3139,-0.0665,37.7822,-111.8494,0.1236,-25.0595,85.13636749569733,30.480391247437733,85.89142601088722,-28.15566168891059,-89.13369920518663,-35.117272271050346,-3.1017545190187965,-2.6664212670656715,-2.1174447843343907,4.990302191840278,0.06785074869791667,-2.8498246934678817,-1.5047,-0.4382,-0.7115,-0.00716,0.00242,0.03339,0.000896560843102634,0.0010002665221691132,0.0012017011176794767,0.00041550752939656377,0.0005005536368116736,0.0006072662072256207,0.011570200324058533,0.0092311417683959,0.00862911343574524,passive,0
4.261,rehab,safe_near_limit_fast,87.47142601956045,-666.6311373479649,258.40188974707144,-177.65354917107092,0.2920607834404515,-149.8507892136197,-37.0171,-0.0596,37.8973,-109.5619,1.014,-28.2152,85.06278765083539,30.412800854975632,85.84115812093904,-28.037372165256077,-89.13157145182292,-35.18937852647569,-3.1017545190187965,-2.7752511808187657,-2.009022778803759,4.850557115342882,-0.0,-3.1890869140625,-1.5204,-0.5817,-0.5646,-0.02103,-0.00966,0.03112,0.000896560843102634,0.0010002665221691132,0.0012017011176794767,0.00041550752939656377,0.0005005536368116736,0.0006072662072256207,0.011570200324058533,0.0092311417683959,0.00862911343574524,passive,0
4.2808,rehab,safe_near_limit_fast,86.88443666586029,-666.6307612816821,259.010040427642,-177.65178355124633,0.29103898417378565,-149.84985650293328,-38.7428,-0.0536,37.0574,-104.9045,1.4887,-31.8725,85.0113572224532,30.36742106522664,85.80878380501625,-27.960213555230034,-89.13008795844183,-35.24085998535156,-3.428251058748453,-2.6664212670656715,-2.056945196472772,4.780476888020833,0.13570149739583334,-3.0533854166666665,-1.5629,-0.4491,-0.3595,-0.0124,0.00064,0.03718,0.000896560843102634,0.0010002665221691132,0.0012017011176794767,0.00041550752939656377,0.0005005536368116736,0.0006072662072256207,0.011570200324058533,0.0092311417683959,0.00862911343574524,passive,0
4.3008,rehab,safe_near_limit_fast,85.9526192199476,-666.632797316722,259.8897611234011,-177.6505667127764,0.29038411034107714,-149.8487024180353,-38.9287,-0.0405,34.6711,-99.4696,1.6327,-36.285,84.92976198101988,30.30121076225054,85.76226187224435,-27.846577962239582,-89.12782457139757,-35.32231648763021,-3.7003394400719367,-2.7208362239422184,-1.8303793727761448,4.575135972764757,-0.0,-3.664059109157986,-1.5046,-0.4938,-0.3734,-0.01276,-0.00913,0.03254,0.000896560843102634,0.0010002665221691132,0.0012017011176794767,0.00041550752939656377,0.0005005536368116736,0.0006072662072256207,0.011570200324058533,0.0092311417683959,0.00862911343574524,passive,0
4.3213,rehab,safe_near_limit_fast,85.29090036764454,-666.6357417399907,260.4465245766482,-177.6510070638042,0.29075199013363867,-149.84887100958525,-41.2492,0.0073,34.1971,-89.4588,1.5811,-44.7319,84.8718526103709,30.258699926999537,85.73325279915687,-27.77289496527778,-89.12629021538628,-35.379223293728295,-3.754754396948484,-2.61199951171875,-1.7691115577622216,4.491102430555555,-0.0,-3.596208360460069,-1.5828,-0.4245,-0.2329,-0.01484,-0.00423,0.03146,0.000896560843102634,0.0010002665221691132,0.0012017011176794767,0.00041550752939656377,0.0005005536368116736,0.0006072662072256207,0.011570200324058533,0.0092311417683959,0.00862911343574524,passive,0
4.3411,rehab,safe_near_limit_fast,84.25453318783147,-666.6347352626261,261.2324378175749,-177.6534445013741,0.29257297700709745,-149.84929097982956,-45.3941,0.0653,34.8693,-80.1202,1.2675,-49.1742,84.7811202247544,30.196949420589032,85.69430436238204,-27.66665988498264,-89.12384880913628,-35.468334621853295,-3.8635911091719524,-2.503169597965656,-1.5489702885693843,4.36737060546875,0.06785074869791667,-3.8676198323567705,-1.66,-0.4975,-0.4183,-0.01384,-0.0039,0.03697,0.000896560843102634,0.0010002665221691132,0.0012017011176794767,0.00041550752939656377,0.0005005536368116736,0.0006072662072256207,0.011570200324058533,0.0092311417683959,0.00862911343574524,passive,0
4.3608,rehab,safe_near_limit_fast,83.54710759481098,-666.6353332597192,261.75537618178186,-177.65366176301103,0.29279750851400543,-149.84944797318033,-46.1031,0.0841,33.3207,-74.2957,0.4477,-44.0631,84.71919975658454,30.15577788400178,85.66915002199683,-27.598317464192707,-89.12216186523438,-35.52931891547309,-3.8635911091719524,-2.557584554842203,-1.564783530660195,4.163606431749132,0.06785074869791667,-4.0033213297526045,-1.7165,-0.5731,-0.7885,-0.01819,-0.00473,0.03803,0.000896560843102634,0.0010002665221691132,0.0012017011176794767,0.00041550752939656377,0.0005005536368116736,0.0006072662072256207,0.011570200324058533,0.0092311417683959,0.00862911343574524,passive,0
4.3811,rehab,safe_near_limit_fast,82.46525217199944,-666.6293604466904,262.5352470405978,-177.65276319159233,0.2922396735229551,-149.84819959504168,-47.1646,0.0871,32.2455,-64.8554,-0.7572,-39.5296,84.6244494749768,30.09327954585009,85.63398833322053,-27.49905056423611,-89.11953396267361,-35.62417772081163,-4.081257735148514,-2.61199951171875,-1.4067530868077043,4.117482503255208,0.06785074869791667,-4.0033213297526045,-1.7853,-0.5968,-0.7681,-0.01377,0.00228,0.03583,0.000896560843102634,0.0010002665221691132,0.0012017011176794767,0.00041550752939656377,0.0005005536368116736,0.0006072662072256207,0.011570200324058533,0.0092311417683959,0.00862911343574524,passive,0
4.4008,rehab,safe_near_limit_fast,81.71686050572247,-666.6275137483825,263.0499264660209,-177.65164273984402,0.29157375484713516,-149.84804738144032,-47.9448,0.0695,31.3374,-39.2154,-1.7611,-45.2341,84.55891901903813,30.051910853621983,85.61118626358486,-27.43435329861111,-89.11766052246094,-35.6891123453776,-4.081257735148514,-2.503169597965656,-1.4138438914081837,3.919058905707465,0.13570149739583334,-4.139031304253472,-1.7359,-0.4707,-0.49,0.00139,-0.01196,0.03768,0.000896560843102634,0.0010002665221691132,0.0012017011176794767,0.00041550752939656377,0.0005005536368116736,0.0006072662072256207,0.011570200324058533,0.0092311417683959,0.00862911343574524,passive,0
4.4211,rehab,safe_near_limit_fast,80.36383023270201,-666.6226106302689,263.91930625425323,-177.6507329735756,0.29099377724898673,-149.8489517753092,-48.1022,0.0193,30.2871,-6.7083,-2.1136,-51.6389,84.44046247123491,29.980982412206064,85.57393064593325,-27.32397291395399,-89.11442226833768,-35.805392795138886,-4.244502605778156,-2.557584554842203,-1.331290065652073,4.009958902994792,0.20355224609375,-4.47829352484809,-1.9097,-0.4908,-0.6833,-0.00333,0.00333,0.04098,0.000896560843102634,0.0010002665221691132,0.0012017011176794767,0.00041550752939656377,0.0005005536368116736,0.0006072662072256207,0.011570200324058533,0.0092311417683959,0.00862911343574524,passive,0
4.4411,rehab,safe_near_limit_fast,79.5721718194493,-666.6268739349621,264.40257528563114,-177.65018593949827,0.2905871957460175,-149.8502637574091,-49.0263,-0.0584,29.7145,-1.0757,-1.5447,-38.6332,84.37122684894221,29.942054370842357,85.55239309178721,-27.262293497721352,-89.11259121365018,-35.8726077609592,-4.4077542748781715,-2.3399179288656407,-1.3845356856242266,3.8465372721354165,0.13570149739583334,-4.071180555555555,-1.9915,-0.7401,-0.9757,-0.01929,0.00724,0.0394,0.000896560843102634,0.0010002665221691132,0.0012017011176794767,0.00041550752939656377,0.0005005536368116736,0.0006072662072256207,0.011570200324058533,0.0092311417683959,0.00862911343574524,passive,0
4.461,rehab,safe_near_limit_fast,78.77589103255212,-666.6300242819283,264.86118567524096,-177.65140127246954,0.29144235923732303,-149.85152576066645,-49.1913,-0.1179,28.9534,-12.3022,-0.5244,-15.6702,84.30157651995668,29.904710373075883,85.53179372655283,-27.200953165690102,-89.11075168185764,-35.94029744466146,-4.298924361125077,-2.3399179288656407,-1.2813213084003712,3.7287478976779513,0.13570149739583334,-4.274732801649305,-2.0143,-0.7441,-0.5522,-0.01781,-0.00483,0.03918,0.000896560843102634,0.0010002665221691132,0.0012017011176794767,0.00041550752939656377,0.0005005536368116736,0.0006072662072256207,0.011570200324058533,0.0092311417683959,0.00862911343574524,passive,0
4.481,rehab,safe_near_limit_fast,77.57926124669814,-666.6329263206295,265.5485101497906,-177.65297122944907,0.29263150000473154,-149.85198127260483,-48.5459,-0.1161,28.2297,-17.4001,0.3379,-0.5909,84.19687327772084,29.848758961894724,85.50096946187539,-27.109290228949654,-89.10787794325087,-36.043497721354164,-4.298924361125077,-2.2310880151125465,-1.3118600373220917,3.7848324245876737,0.13570149739583334,-4.139031304253472,-1.9918,-0.6061,-0.1767,-0.00806,0.00228,0.04058,0.000896560843102634,0.0010002665221691132,0.0012017011176794767,0.00041550752939656377,0.0005005536368116736,0.0006072662072256207,0.011570200324058533,0.0092311417683959,0.00862911343574524,passive,0
4.5013,rehab,safe_near_limit_fast,76.78819889882759,-666.6344506888299,266.00996391579423,-177.6535715660818,0.29313843639572434,-149.85167706477353,-48.2584,-0.0638,28.1658,-19.3407,0.9638,8.4705,84.12764445389851,29.811476150361617,85.48000977771117,-27.048314412434895,-89.10593668619792,-36.11233181423611,-4.353339318001624,-2.2310880151125465,-1.2772354277053681,3.8266923692491317,0.06785074869791667,-4.342592027452257,-2.1142,-0.7968,-0.8069,-0.02235,-0.00344,0.04279,0.000896560843102634,0.0010002665221691132,0.0012017011176794767,0.00041550752939656377,0.0005005536368116736,0.0006072662072256207,0.011570200324058533,0.0092311417683959,0.00862911343574524,passive,0
4.5212,rehab,safe_near_limit_fast,75.58680539653582,-666.6368351869859,266.70983958683627,-177.65350838345017,0.2931302401749957,-149.85154025602117,-48.9723,0.0103,28.863,-18.653,1.374,12.9079,84.02251970649945,29.755116830958,85.4483696965888,-26.957414415147568,-89.10305447048611,-36.21654934353298,-4.4077542748781715,-2.3399179288656407,-1.3717273674388923,3.692626953125,0.13570149739583334,-4.342592027452257,-2.2029,-0.8023,-0.8919,-0.01366,-0.00935,0.04509,0.000896560843102634,0.0010002665221691132,0.0012017011176794767,0.00041550752939656377,0.0005005536368116736,0.0006072662072256207,0.011570200324058533,0.0092311417683959,0.00862911343574524,passive,0
4.5411,rehab,safe_near_limit_fast,74.79302531415304,-666.6383154867591,267.183161696052,-177.65300691196452,0.29277410679326815,-149.85102513166157,-50.8362,0.0563,30.1935,-19.374,1.3304,14.9275,83.9530597346844,29.717405715791305,85.42652621127591,-26.89650641547309,-89.10115559895833,-36.28582424587673,-4.516590987101639,-2.2855029719890934,-1.3805177896329672,3.8002777099609375,0.06785074869791667,-4.274732801649305,-2.182,-0.8573,-0.8499,-0.01605,-0.00369,0.04535,0.000896560843102634,0.0010002665221691132,0.0012017011176794767,0.00041550752939656377,0.0005005536368116736,0.0006072662072256207,0.011570200324058533,0.0092311417683959,0.00862911343574524,passive,0
4.5608,rehab,safe_near_limit_fast,73.60497647008883,-666.6309333498707,267.9055219344095,-177.65154187736516,0.29174299983259905,-149.84976739431337,-51.587,0.0427,30.5295,-22.9986,0.7847,15.2036,83.84900234713413,29.659217607856977,85.39456660204594,-26.80518256293403,-89.09827338324652,-36.390084160698784,-4.353339318001624,-2.3943328857421875,-1.3481570706509127,3.7616644965277777,0.13570149739583334,-4.274732801649305,-2.1447,-0.7683,-0.2976,-0.01691,0.004,0.04109,0.000896560843102634,0.0010002665221691132,0.0012017011176794767,0.00041550752939656377,0.0005005536368116736,0.0006072662072256207,0.011570200324058533,0.0092311417683959,0.00862911343574524,passive,0
4.581,rehab,safe_near_limit_fast,72.81189984072145,-666.629497107922,268.3925216375989,-177.6498929641423,0.2905883879095255,-149.8493131288611,-50.6838,0.0115,29.7332,-15.2733,0.2296,8.2716,83.77956956920058,29.620670280834236,85.37219963451423,-26.744308471679688,-89.09634060329861,-36.459265814887154,-4.298924361125077,-2.3943328857421875,-1.3570766637821008,3.8324822319878473,0.13570149739583334,-4.274732801649305,-2.1175,-0.9562,-1.5526,-0.01054,-0.00829,0.04379,0.000896560843102634,0.0010002665221691132,0.0012017011176794767,0.00041550752939656377,0.0005005536368116736,0.0006072662072256207,0.011570200324058533,0.0092311417683959,0.00862911343574524,passive,0
4.6013,rehab,safe_near_limit_fast,71.59961156464446,-666.627035745711,269.0965359881654,-177.6501584737996,0.2907073526732663,-149.85005698945523,-50.693,0.0087,29.6032,2.8792,0.0035,-2.6749,83.67345904359723,29.564650884949334,85.33913187461324,-26.651958889431423,-89.09356011284721,-36.56357659233941,-4.353339318001624,-2.2855029719890934,-1.3981734171952351,3.827997843424479,0.06785074869791667,-4.410442776150173,-2.1936,-0.9812,-0.9715,-0.03049,-0.00813,0.04162,0.000896560843102634,0.0010002665221691132,0.0012017011176794767,0.00041550752939656377,0.0005005536368116736,0.0006072662072256207,0.011570200324058533,0.0092311417683959,0.00862911343574524,passive,0
4.6213,rehab,safe_near_limit_fast,70.7913017293297,-666.631802123025,269.56010685162386,-177.6503684071425,0.29083890847822713,-149.8506776017277,-50.6663,0.0276,29.6461,21.2514,0.0988,-11.7984,83.60276854864442,29.52864618584661,85.31587430746248,-26.590465969509548,-89.09169514973958,-36.63294474283854,-4.353339318001624,-2.2310880151125465,-1.5123537271329672,3.87939453125,0.13570149739583334,-4.274732801649305,-2.2478,-1.0042,-0.7211,-0.02023,-0.00116,0.04621,0.000896560843102634,0.0010002665221691132,0.0012017011176794767,0.00041550752939656377,0.0005005536368116736,0.0006072662072256207,0.011570200324058533,0.0092311417683959,0.00862911343574524,passive,0
4.6413,rehab,safe_near_limit_fast,69.36940770857353,-666.634109670433,270.3581364774702,-177.65216787916864,0.2921718769340591,-149.85217058742305,-50.7413,0.028,29.7895,29.6991,0.2546,-14.1737,83.47835654079324,29.466127452283803,85.27603527106861,-26.48238288031684,-89.08839755588107,-36.75463358561198,-4.298924361125077,-2.2855029719890934,-1.4674294348990562,3.886752658420139,0.13570149739583334,-4.546152750651042,-2.3086,-0.9723,-0.1244,-0.02489,-0.00812,0.04208,0.000896560843102634,0.0010002665221691132,0.0012017011176794767,0.00041550752939656377,0.0005005536368116736,0.0006072662072256207,0.011570200324058533,0.0092311417683959,0.00862911343574524,passive,0
4.6609,rehab,safe_near_limit_fast,68.56699464701363,-666.6363045169545,270.83094251195746,-177.6518771570544,0.29201135551075147,-149.85266274930632,-50.4038,0.0452,29.7631,17.7981,-0.107,-6.1881,83.408148737237,29.42978282966236,85.25192789512106,-26.420279608832466,-89.08649020724826,-36.82363722059462,-4.516590987101639,-2.3399179288656407,-1.4534857721612005,3.7966749403211804,0.06785074869791667,-4.47829352484809,-2.3648,-0.9686,-0.1983,-0.01266,-0.00472,0.04447,0.000896560843102634,0.0010002665221691132,0.0012017011176794767,0.00041550752939656377,0.0005005536368116736,0.0006072662072256207,0.011570200324058533,0.0092311417683959,0.00862911343574524,passive,0
4.6808,rehab,safe_near_limit_fast,67.76992483349417,-666.630937065857,271.31391323776086,-177.65127108721612,0.291558027487545,-149.85235664622877,-49.0992,0.0594,29.199,3.3386,-1.1064,0.3994,83.33833524496248,29.392132900729038,85.22833040445158,-26.35779486762153,-89.08461676703558,-36.893039279513886,-4.462176030225093,-2.3399179288656407,-1.4624597530553836,4.014672173394097,0.13570149739583334,-4.410442776150173,-2.4064,-0.9635,-0.8697,0.00726,0.00147,0.05441,0.000896560843102634,0.0010002665221691132,0.0012017011176794767,0.00041550752939656377,0.0005005536368116736,0.0006072662072256207,0.011570200324058533,0.0092311417683959,0.00862911343574524,passive,0
4.7011,rehab,safe_near_limit_fast,66.59227235470566,-666.6252276181824,272.04969056732966,-177.64967376360653,0.29029817370197336,-149.8505191434483,-49.0099,0.0366,29.1889,-4.803,-2.0001,3.1481,83.23520924785349,29.335787178266166,85.19106118985923,-26.263224283854164,-89.08187018500433,-36.996917724609375,-4.298924361125077,-2.2855029719890934,-1.5631315023592203,3.8577694363064237,0.06785074869791667,-4.410442776150173,-2.529,-1.0746,-1.3485,-0.00886,-0.00415,0.05659,0.000896560843102634,0.0010002665221691132,0.0012017011176794767,0.00041550752939656377,0.0005005536368116736,0.0006072662072256207,0.011570200324058533,0.0092311417683959,0.00862911343574524,passive,0
4.7208,rehab,safe_near_limit_fast,65.7975346363321,-666.6231142499419,272.5274332765139,-177.649519014218,0.2901868897488823,-149.8504882512816,-48.6631,-0.0097,28.8939,-10.8165,-1.9611,7.8253,83.16563370204207,29.299354175529857,85.16618558675935,-26.200120713975693,-89.08001369900174,-37.06580268012153,-4.353339318001624,-2.2310880151125465,-1.5610375734839108,3.977042304144965,0.13570149739583334,-4.47829352484809,-2.521,-1.066,-1.7761,-0.01474,0.00482,0.0543,0.000896560843102634,0.0010002665221691132,0.0012017011176794767,0.00041550752939656377,0.0005005536368116736,0.0006072662072256207,0.011570200324058533,0.0092311417683959,0.00862911343574524,passive,0
4.7408,rehab,safe_near_limit_fast,64.58725618942753,-666.6265890002285,273.23847398862677,-177.6497288726712,0.29033766815322587,-149.85140536661936,-49.8221,-0.0836,29.4842,-12.2791,-1.1666,12.8938,83.05976112290185,29.246006578502087,85.12751588726988,-26.104846530490452,-89.07723320855034,-37.16967264811198,-4.4077542748781715,-2.176666259765625,-1.6057443146658417,3.9891815185546875,0.13570149739583334,-4.47829352484809,-2.324,-1.0807,-1.1387,-0.00994,-0.00171,0.05374,0.000896560843102634,0.0010002665221691132,0.0012017011176794767,0.00041550752939656377,0.0005005536368116736,0.0006072662072256207,0.011570200324058533,0.0092311417683959,0.00862911343574524,passive,0
4.761,rehab,safe_near_limit_fast,63.770631565941024,-666.6295421867463,273.70420781289556,-177.6508748082606,0.29121148211294207,-149.85288593842378,-51.5378,-0.1529,30.4663,-12.81,0.0774,19.4114,82.98833639314859,29.211212007126004,85.10147094726562,-26.040564643012154,-89.07537672254774,-37.23888821072048,-4.4077542748781715,-2.176666259765625,-1.673559056650294,4.12308586968316,0.06785074869791667,-4.546152750651042,-2.5173,-1.116,-0.8109,-0.02917,0.00354,0.04359,0.000896560843102634,0.0010002665221691132,0.0012017011176794767,0.00041550752939656377,0.0005005536368116736,0.0006072662072256207,0.011570200324058533,0.0092311417683959,0.00862911343574524,passive,0
4.7809,rehab,safe_near_limit_fast,62.55417462110631,-666.637385751903,274.4090860654531,-177.6527976557208,0.2926990057972614,-149.85410582736353,-51.0711,-0.154,30.475,-6.9196,1.5528,22.6374,82.8819743241414,29.159570826162206,85.06030620914875,-25.94231499565972,-89.07258775499132,-37.342919243706596,-4.516590987101639,-2.2310880151125465,-1.7358330452796256,4.134792751736111,0.13570149739583334,-4.410442776150173,-2.5112,-1.1959,-1.4181,-0.02026,0.00152,0.04723,0.000896560843102634,0.0010002665221691132,0.0012017011176794767,0.00041550752939656377,0.0005005536368116736,0.0006072662072256207,0.011570200324058533,0.0092311417683959,0.00862911343574524,passive,0
4.8008,rehab,safe_near_limit_fast,61.75135455634379,-666.6397438271048,274.88206464938816,-177.6541530764827,0.2937216130403749,-149.85450178010922,-50.639,-0.0541,30.8541,5.4785,2.5444,19.4074,82.81175292364442,29.12494621654548,85.03262963625464,-25.876312255859375,-89.07076517740886,-37.411999172634545,-4.516590987101639,-2.3399179288656407,-1.8083727241742729,4.065297444661458,0.13570149739583334,-4.274732801649305,-2.5806,-1.1813,-1.3911,-0.02131,-0.00887,0.05018,0.000896560843102634,0.0010002665221691132,0.0012017011176794767,0.00041550752939656377,0.0005005536368116736,0.0006072662072256207,0.011570200324058533,0.0092311417683959,0.00862911343574524,passive,0
4.8208,rehab,safe_near_limit_fast,60.54903298223494,-666.6399082270194,275.6312122783002,-177.6535311262408,0.2932929452583901,-149.85440243514327,-49.7876,0.0587,31.0691,18.6479,2.6227,11.563,82.70654659460087,29.07044287955407,84.98956132643293,-25.776468912760414,-89.06797620985243,-37.516165839301216,-4.135672692025062,-2.3399179288656407,-1.767337156994508,4.169125027126736,0.13570149739583334,-4.546152750651042,-2.6363,-1.1187,-0.9056,-0.01028,0.00206,0.04901,0.000896560843102634,0.0010002665221691132,0.0012017011176794767,0.00041550752939656377,0.0005005536368116736,0.0006072662072256207,0.011570200324058533,0.0092311417683959,0.00862911343574524,passive,0
4.841,rehab,safe_near_limit_fast,59.54649170596132,-666.6377544591404,276.28209960038953,-177.65160929184788,0.29175722074405297,-149.85406969184444,-49.3922,0.125,31.364,24.3828,1.8142,5.1328,82.61881233441947,29.023417859974472,84.95230570878132,-25.692113240559895,-89.06572977701823,-37.60326809353298,-4.516590987101639,-2.3399179288656407,-1.8910149300452506,4.196056789822048,0.13570149739583334,-4.342592027452257,-2.5993,-1.1238,-0.755,0.00557,-0.0077,0.05111,0.000896560843102634,0.0010002665221691132,0.0012017011176794767,0.00041550752939656377,0.0005005536368116736,0.0006072662072256207,0.011570200324058533,0.0092311417683959,0.00862911343574524,passive,0
4.861,rehab,safe_near_limit_fast,58.75144062582892,-666.6322564770264,276.80051259317975,-177.6506589547808,0.29099524048410247,-149.85342836306475,-49.5302,0.1578,31.8135,12.6123,0.2591,8.5153,82.54918919931544,28.985815520333773,84.92260999018603,-25.624008178710938,-89.06392415364583,-37.6727549235026,-4.353339318001624,-2.448754641089109,-1.8484225131497525,4.37530517578125,0.13570149739583334,-4.342592027452257,-2.7546,-1.1317,-1.3917,-0.01462,0.00883,0.05326,0.000896560843102634,0.0010002665221691132,0.0012017011176794767,0.00041550752939656377,0.0005005536368116736,0.0006072662072256207,0.011570200324058533,0.0092311417683959,0.00862911343574524,passive,0
4.8809,rehab,safe_near_limit_fast,57.57459420305696,-666.6243401661234,277.5666592833803,-177.6505997696472,0.29094915427593326,-149.85168518375053,-49.2408,0.1186,31.7268,-3.1436,-1.3799,15.9003,82.44612438843981,28.930775104182782,84.87723020043704,-25.520638359917534,-89.06120300292969,-37.776387532552086,-4.353339318001624,-2.3399179288656407,-1.879321561001315,4.376475016276042,0.13570149739583334,-4.274732801649305,-2.9645,-1.1514,-0.6948,-0.03144,0.00758,0.05001,0.000896560843102634,0.0010002665221691132,0.0012017011176794767,0.00041550752939656377,0.0005005536368116736,0.0006072662072256207,0.011570200324058533,0.0092311417683959,0.00862911343574524,passive,0
4.9011,rehab,safe_near_limit_fast,56.78910317537186,-666.6221072598947,278.0684874493078,-177.65141847614538,0.29163176330736,-149.8505339640484,-48.9909,0.0304,31.5843,-10.9616,-2.09,22.1087,82.37736465907332,28.895280290358137,84.84618838470762,-25.45101589626736,-89.05935499403212,-37.84550984700521,-4.4077542748781715,-2.176666259765625,-2.030077641553218,4.4498443603515625,0.20355224609375,-4.071180555555555,-2.8459,-1.171,-0.9219,-0.02295,-0.0013,0.05376,0.000896560843102634,0.0010002665221691132,0.0012017011176794767,0.00041550752939656377,0.0005005536368116736,0.0006072662072256207,0.011570200324058533,0.0092311417683959,0.00862911343574524,passive,0
4.9212,rehab,safe_near_limit_fast,55.5887932686671,-666.62730159624,278.8261580033644,-177.6526777897696,0.29264949530344636,-149.850644752515,-49.4143,-0.0381,32.0815,-10.8384,-1.6826,26.9714,82.27241667190401,28.842966060827273,84.7972597934232,-25.34511990017361,-89.05662536621094,-37.94915093315972,-4.462176030225093,-2.2310880151125465,-2.088544486772896,4.42415025499132,0.20355224609375,-4.342592027452257,-2.8677,-1.1847,-1.2896,-0.01065,-0.00102,0.05759,0.000896560843102634,0.0010002665221691132,0.0012017011176794767,0.00041550752939656377,0.0005005536368116736,0.0006072662072256207,0.011570200324058533,0.0092311417683959,0.00862911343574524,passive,0
4.941,rehab,safe_near_limit_fast,54.78237770932197,-666.6291775886601,279.34616988461903,-177.65312665631689,0.29291641295879595,-149.8508116927272,-50.0846,-0.074,33.0096,-6.3384,-0.8447,29.691,82.2019097356513,28.807212905128402,84.76367534977375,-25.27322557237413,-89.05488755967882,-38.01868014865451,-4.571005943978187,-2.2310880151125465,-2.1182877946608136,4.500011867947048,0.13570149739583334,-4.410442776150173,-2.8101,-1.2923,-0.6638,-0.00737,-0.0082,0.05081,0.000896560843102634,0.0010002665221691132,0.0012017011176794767,0.00041550752939656377,0.0005005536368116736,0.0006072662072256207,0.011570200324058533,0.0092311417683959,0.00862911343574524,passive,0
4.961,rehab,safe_near_limit_fast,53.57738456094161,-666.6317372428496,280.1441831380286,-177.65352847221612,0.29326371906258347,-149.85166633442682,-50.5334,-0.0697,34.1321,-4.1181,-0.0081,32.4595,82.09654024331877,28.75297470848159,84.71126594165764,-25.163014729817707,-89.05220031738281,-38.1219482421875,-4.4077542748781715,-2.2310880151125465,-2.178087140073871,4.705098470052083,0.13570149739583334,-4.274732801649305,-2.8569,-1.5012,-1.0033,-0.01973,-0.00831,0.05052,0.000896560843102634,0.0010002665221691132,0.0012017011176794767,0.00041550752939656377,0.0005005536368116736,0.0006072662072256207,0.011570200324058533,0.0092311417683959,0.00862911343574524,passive,0
4.9809,rehab,safe_near_limit_fast,52.77438835888704,-666.6359449210591,280.68894905916164,-177.6531729944782,0.293062534422828,-149.85230121823545,-50.39,-0.0187,34.815,-3.0563,0.4086,32.7722,82.02635283517365,28.716623287389773,84.67470376798423,-25.08848402235243,-89.05037773980034,-38.19065517849392,-4.190087648901609,-2.2855029719890934,-2.3426645108968907,4.728054470486111,0.13570149739583334,-4.206882052951388,-3.0583,-1.4442,-1.8521,-0.01726,0.01052,0.06176,0.000896560843102634,0.0010002665221691132,0.0012017011176794767,0.00041550752939656377,0.0005005536368116736,0.0006072662072256207,0.011570200324058533,0.0092311417683959,0.00862911343574524,passive,0
5.0009,rehab,safe_near_limit_fast,51.590298642292126,-666.6325811254251,281.531726596747,-177.65187058093002,0.29206676967956097,-149.85116517822277,-49.812,0.0376,35.1214,-1.1864,0.1614,28.7136,81.92274414666808,28.65999202917118,84.61920105584777,-24.97494167751736,-89.0477074517144,-38.29410976833767,-4.190087648901609,-2.2855029719890934,-2.387099313263846,4.770660400390625,0.13570149739583334,-4.342592027452257,-3.1691,-1.3374,-1.201,-0.03507,0.01322,0.06346,0.000896560843102634,0.0010002665221691132,0.0012017011176794767,0.00041550752939656377,0.0005005536368116736,0.0006072662072256207,0.011570200324058533,0.0092311417683959,0.00862911343574524,passive,0
5.0211,rehab,safe_near_limit_fast,50.8023789467423,-666.6296841945207,282.1082077065054,-177.65079440056354,0.29113012527337917,-149.85005127562292,-49.5588,0.0316,35.3959,0.155,-0.3589,24.2039,81.85380765707185,28.621621462378172,84.58078289976214,-24.897537231445312,-89.04601203070746,-38.363282945421005,-4.298924361125077,-2.3943328857421875,-2.39177666088142,4.928020901150173,0.06785074869791667,-4.206882052951388,-3.1988,-1.4004,-1.7927,-0.04521,0.00771,0.05908,0.000896560843102634,0.0010002665221691132,0.0012017011176794767,0.00041550752939656377,0.0005005536368116736,0.0006072662072256207,0.011570200324058533,0.0092311417683959,0.00862911343574524,passive,0
5.0412,rehab,safe_near_limit_fast,49.60923219710597,-666.6261134741874,282.9700750321141,-177.65062154609322,0.2909662732882647,-149.8492238238416,-49.8206,-0.0136,35.939,2.1176,-0.6046,22.5073,81.74942394294361,28.564799846989093,84.52179937079401,-24.778900146484375,-89.04339260525174,-38.46715291341146,-4.135672692025062,-2.3399179288656407,-2.448169972636912,5.039537217881945,0.13570149739583334,-4.206882052951388,-2.9874,-1.3186,-1.0281,-0.0097,0.00485,0.05966,0.000896560843102634,0.0010002665221691132,0.0012017011176794767,0.00041550752939656377,0.0005005536368116736,0.0006072662072256207,0.011570200324058533,0.0092311417683959,0.00862911343574524,passive,0
5.0612,rehab,safe_near_limit_fast,48.60398598961664,-666.6277492339399,283.6916589710314,-177.6512104774988,0.2915045750207142,-149.84988008949304,-50.0903,-0.065,36.4723,0.0618,-0.4628,29.1917,81.66154011641399,28.518223526454207,84.47047771793781,-24.677658081054688,-89.04116312662761,-38.55323791503906,-4.4077542748781715,-2.3943328857421875,-2.635093915580523,5.161853366427951,0.06785074869791667,-4.342592027452257,-3.0479,-1.3573,-0.5707,-0.01552,0.00338,0.05582,0.000896560843102634,0.0010002665221691132,0.0012017011176794767,0.00041550752939656377,0.0005005536368116736,0.0006072662072256207,0.011570200324058533,0.0092311417683959,0.00862911343574524,passive,0
5.0812,rehab,safe_near_limit_fast,47.79974532175613,-666.6296754852835,284.26978288254384,-177.65236268467294,0.29245287476209164,-149.85010068745692,-50.4204,-0.1029,37.1922,-6.4767,-0.0644,44.8039,81.59124393274288,28.481335026202814,84.42837479090926,-24.59512498643663,-89.03939988878038,-38.62238566080729,-4.353339318001624,-2.2855029719890934,-2.7140989398012065,5.1186879475911455,0.13570149739583334,-4.342592027452257,-3.2033,-1.4269,-1.3825,-0.01944,-0.00016,0.06128,0.000896560843102634,0.0010002665221691132,0.0012017011176794767,0.00041550752939656377,0.0005005536368116736,0.0006072662072256207,0.011570200324058533,0.0092311417683959,0.00862911343574524,passive,0
5.1011,rehab,safe_near_limit_fast,46.58510001867984,-666.6364109663896,285.1645113319404,-177.65359807111122,0.2934349780243785,-149.85130524106302,-50.5094,-0.0863,38.0927,-5.4598,0.5651,56.3776,81.48514700408029,28.425329227258665,84.36179737053295,-24.467892116970486,-89.03682284884982,-38.72584872775607,-4.4077542748781715,-2.3399179288656407,-2.8739853660659036,5.504820081922743,0.06785074869791667,-4.274732801649305,-3.3109,-1.2765,-0.8967,-0.02249,0.00613,0.06022,0.000896560843102634,0.0010002665221691132,0.0012017011176794767,0.00041550752939656377,0.0005005536368116736,0.0006072662072256207,0.011570200324058533,0.0092311417683959,0.00862911343574524,passive,0
5.1211,rehab,safe_near_limit_fast,45.77349954898185,-666.639160740585,285.78285707613816,-177.6538012637352,0.2935959288629561,-149.8518336678303,-50.0482,-0.0254,39.0708,-0.6584,1.1158,62.7587,81.4142389580755,28.386822691058168,84.31581251692063,-24.381078084309895,-89.03510199652777,-38.795250786675346,-4.353339318001624,-2.3943328857421875,-2.949774713799505,5.505337185329861,0.13570149739583334,-4.342592027452257,-3.2467,-1.3824,-1.5519,-0.02181,-0.00098,0.06926,0.000896560843102634,0.0010002665221691132,0.0012017011176794767,0.00041550752939656377,0.0005005536368116736,0.0006072662072256207,0.011570200324058533,0.0092311417683959,0.00862911343574524,passive,0
5.1412,rehab,safe_near_limit_fast,44.5553572106876,-666.6402531003058,286.7504792125811,-177.6533850637847,0.29329421062132266,-149.85374995291014,-49.6505,0.0427,40.3956,2.7791,1.1373,66.5711,81.30778171048306,28.326948562470992,84.2436671493077,-24.24650404188368,-89.0325419108073,-38.89827304416232,-4.353339318001624,-2.557584554842203,-3.0695501648553525,5.6158701578776045,0.13570149739583334,-4.342592027452257,-3.2167,-1.5481,-1.0891,-0.02965,-0.00767,0.06381,0.000896560843102634,0.0010002665221691132,0.0012017011176794767,0.00041550752939656377,0.0005005536368116736,0.0006072662072256207,0.011570200324058533,0.0092311417683959,0.00862911343574524,passive,0
5.1612,rehab,safe_near_limit_fast,43.7483103174961,-666.6366132611562,287.4161196033533,-177.65337731536542,0.2932516360882334,-149.85422171222146,-50.406,0.0558,42.5092,10.033,0.4831,63.2905,81.23719999105623,28.285811018235613,84.19388874922649,-24.153561062282986,-89.03088039822049,-38.96733601888021,-4.516590987101639,-2.61199951171875,-3.154320291953512,5.811216566297743,0.13570149739583334,-4.274732801649305,-3.1187,-1.5432,-1.4409,-0.02196,0.00529,0.06165,0.000896560843102634,0.0010002665221691132,0.0012017011176794767,0.00041550752939656377,0.0005005536368116736,0.0006072662072256207,0.011570200324058533,0.0092311417683959,0.00862911343574524,passive,0
5.1809,rehab,safe_near_limit_fast,42.55117646341384,-666.6293934458433,288.45225099743874,-177.65257535594813,0.29259303475501186,-149.85465079656072,-50.2218,0.0287,43.8655,13.71,-0.5085,58.407,81.13247635340926,28.222428878935258,84.11580831697671,-24.01006910536024,-89.02839660644531,-39.07001071506076,-4.135672692025062,-2.6664212670656715,-3.4268981631439512,5.948232014973958,0.13570149739583334,-4.274732801649305,-3.0611,-1.4116,-0.8907,-0.01782,-0.00711,0.06068,0.000896560843102634,0.0010002665221691132,0.0012017011176794767,0.00041550752939656377,0.0005005536368116736,0.0006072662072256207,0.011570200324058533,0.0092311417683959,0.00862911343574524,passive,0
5.2012,rehab,safe_near_limit_fast,41.772758923890784,-666.627087450314,289.15958430336565,-177.6518612387896,0.2920341492215436,-149.85301888078504,-49.3772,0.0073,44.2429,16.949,-1.0735,51.0328,81.06440326955058,28.180108400854735,84.06110102587407,-23.911895751953125,-89.02672661675346,-39.13860744900173,-4.298924361125077,-2.557584554842203,-3.604875319074876,6.36350843641493,0.06785074869791667,-4.206882052951388,-3.1416,-1.3269,-1.0097,-0.01334,0.00155,0.05736,0.000896560843102634,0.0010002665221691132,0.0012017011176794767,0.00041550752939656377,0.0005005536368116736,0.0006072662072256207,0.011570200324058533,0.0092311417683959,0.00862911343574524,passive,0
5.2212,rehab,safe_near_limit_fast,40.607250986864216,-666.6296360696614,290.23030387785406,-177.65160720586184,0.29192230156207816,-149.8522082430748,-49.4481,-0.0241,45.4573,28.9287,-0.7593,37.9482,80.96256898181274,28.117528481058553,83.97559666397548,-23.76105414496528,-89.0242428249783,-39.23955281575521,-4.244502605778156,-2.61199951171875,-3.7052003463896193,6.275321112738715,0.06785074869791667,-4.071180555555555,-3.3302,-1.3164,-1.198,-0.04383,0.0177,0.06068,0.000896560843102634,0.0010002665221691132,0.0012017011176794767,0.00041550752939656377,0.0005005536368116736,0.0006072662072256207,0.011570200324058533,0.0092311417683959,0.00862911343574524,passive,0
5.2409,rehab,safe_near_limit_fast,39.825075707705665,-666.6352343668577,290.9561451053184,-177.65135893026405,0.29166934708169134,-149.85315895597248,-48.2123,-0.0594,45.6006,46.8183,0.1585,20.7741,80.89431233925394,28.075976230130337,83.91636159160349,-23.658633761935764,-89.02271694607205,-39.30570814344618,-4.298924361125077,-2.557584554842203,-3.7236853873375617,6.262774997287326,-0.0,-4.139031304253472,-3.2212,-1.4031,-1.3396,-0.03595,0.00751,0.05823,0.000896560843102634,0.0010002665221691132,0.0012017011176794767,0.00041550752939656377,0.0005005536368116736,0.0006072662072256207,0.011570200324058533,0.0092311417683959,0.00862911343574524,passive,0
5.2613,rehab,safe_near_limit_fast,38.65970115064424,-666.6429581992221,292.04330980897765,-177.65197777253823,0.2921075533601909,-149.85501055868463,-47.1922,-0.0762,46.0423,63.6748,0.9902,8.3159,80.79262081939395,28.014354894656947,83.82626826220219,-23.503214518229168,-89.02046203613281,-39.40380520290798,-4.081257735148514,-2.557584554842203,-3.7538569988590655,6.592763264973958,0.13570149739583334,-3.9354705810546875,-3.1513,-1.5212,-1.8312,-0.02384,-0.00864,0.06549,0.000896560843102634,0.0010002665221691132,0.0012017011176794767,0.00041550752939656377,0.0005005536368116736,0.0006072662072256207,0.011570200324058533,0.0092311417683959,0.00862911343574524,passive,0
5.281,rehab,safe_near_limit_fast,37.72058442104653,-666.6380851178988,292.95659458366083,-177.6531867119414,0.2931122877727603,-149.85581950178027,-46.7056,-0.0195,46.9991,69.351,1.1578,8.1165,80.71050889421217,27.961993075833462,83.75129473091351,-23.371904161241318,-89.01858859592014,-39.483634101019966,-4.081257735148514,-2.6664212670656715,-3.7859049882038986,6.5449269612630205,0.13570149739583334,-4.071180555555555,-3.109,-1.3596,-0.9503,-0.01694,-0.00757,0.06296,0.000896560843102634,0.0010002665221691132,0.0012017011176794767,0.00041550752939656377,0.0005005536368116736,0.0006072662072256207,0.011570200324058533,0.0092311417683959,0.00862911343574524,passive,0
5.3008,rehab,safe_near_limit_fast,36.998243971113645,-666.6343513680129,293.6988756351865,-177.65344806647136,0.2933655346672821,-149.85533597254,-44.4552,0.0701,46.2412,75.4104,1.0352,0.7302,80.6473443059638,27.919944536567915,83.68993853578473,-23.266254001193577,-89.01711357964409,-39.546093410915795,-3.809169353825031,-2.6664212670656715,-3.9044159237701113,6.611107720269097,0.13570149739583334,-3.7319098578559027,-3.1071,-1.3756,-1.0254,-0.02156,-0.00687,0.06122,0.000896560843102634,0.0010002665221691132,0.0012017011176794767,0.00041550752939656377,0.0005005536368116736,0.0006072662072256207,0.011570200324058533,0.0092311417683959,0.00862911343574524,passive,0
5.3211,rehab,safe_near_limit_fast,35.9540406628834,-666.633506223376,294.8435992249966,-177.65087673250144,0.29124474729468414,-149.8548029880969,-42.6241,0.109,46.0288,85.642,0.8527,-14.1803,80.55611563200998,27.856242869159964,83.59501829241762,-23.10824924045139,-89.01505364312065,-39.63606940375434,-3.754754396948484,-2.7208362239422184,-3.9397339773650217,6.605665418836805,0.06785074869791667,-3.664059109157986,-3.1201,-1.38,-1.4996,-0.00306,-0.00333,0.06497,0.000896560843102634,0.0010002665221691132,0.0012017011176794767,0.00041550752939656377,0.0005005536368116736,0.0006072662072256207,0.011570200324058533,0.0092311417683959,0.00862911343574524,passive,0
5.3408,rehab,safe_near_limit_fast,35.27891152379949,-666.6326466593624,295.59273849564494,-177.65007530410412,0.29051213977141105,-149.85439278171373,-40.5578,0.091,45.4735,91.7597,0.3378,-24.7388,80.49713890151222,27.81502374328009,83.531812913347,-23.003150092230904,-89.01378207736545,-39.694273206922745,-3.5370877709719215,-2.6664212670656715,-3.940223467231977,6.518029106987847,0.06785074869791667,-3.596208360460069,-3.0269,-1.3953,-1.1593,-0.00616,0.00132,0.06579,0.000896560843102634,0.0010002665221691132,0.0012017011176794767,0.00041550752939656377,0.0005005536368116736,0.0006072662072256207,0.011570200324058533,0.0092311417683959,0.00862911343574524,passive,0
5.3612,rehab,safe_near_limit_fast,34.31423438475666,-666.6295318116512,296.68891263003997,-177.6503123359146,0.2906255171353751,-149.85336025083242,-39.1943,0.03,45.7503,99.8646,-0.632,-35.7045,80.4128378688699,27.75529918104115,83.4378172619508,-22.84664577907986,-89.01195949978299,-39.77784898546007,-3.2650061881188117,-2.448754641089109,-3.832392928623917,6.46347893608941,0.06785074869791667,-3.528349134657118,-3.156,-1.5574,-1.9003,-0.02843,0.00352,0.06475,0.000896560843102634,0.0010002665221691132,0.0012017011176794767,0.00041550752939656377,0.0005005536368116736,0.0006072662072256207,0.011570200324058533,0.0092311417683959,0.00862911343574524,passive,0
5.3808,rehab,safe_near_limit_fast,33.70819318416889,-666.6267808391943,297.39079254174936,-177.6520162062643,0.2920705390014588,-149.85195475491486,-38.0559,0.0021,45.3944,103.5742,-1.4215,-40.8005,80.35985059077197,27.717567670463335,83.37612794177367,-22.743377685546875,-89.01074727376302,-39.831085205078125,-3.2650061881188117,-2.2855029719890934,-3.9360220125406093,6.519724527994791,0.13570149739583334,-3.2569376627604165,-3.0722,-1.4931,-1.0685,-0.01863,-0.00514,0.05859,0.000896560843102634,0.0010002665221691132,0.0012017011176794767,0.00041550752939656377,0.0005005536368116736,0.0006072662072256207,0.011570200324058533,0.0092311417683959,0.00862911343574524,passive,0
5.4007,rehab,safe_near_limit_fast,32.84154223624134,-666.6306327139858,298.43643116348403,-177.65369768951274,0.2935303992618385,-149.85042972670004,-34.832,0.015,43.0294,105.5988,-1.4531,-45.7636,80.28419721244585,27.662873976301437,83.28230905060721,-22.590348985460068,-89.00904337565105,-39.90654839409722,-3.047339562142249,-2.176666259765625,-3.9603333425993967,6.348351372612847,-0.0,-3.0533854166666665,-2.9623,-1.5845,-1.0994,-0.01253,-0.00943,0.0587,0.000896560843102634,0.0010002665221691132,0.0012017011176794767,0.00041550752939656377,0.0005005536368116736,0.0006072662072256207,0.011570200324058533,0.0092311417683959,0.00862911343574524,passive,0
5.4208,rehab,safe_near_limit_fast,32.28814629636013,-666.634364676893,299.1420303621781,-177.65283316611882,0.2928429843265987,-149.85089847533592,-32.7141,0.0008,42.264,113.2529,-1.0328,-55.5168,80.23592127431738,27.626243817924273,83.21957956446279,-22.490675184461804,-89.00800916883681,-39.95323181152344,-2.884087893042234,-2.3399179288656407,-3.9793078734142946,6.28157721625434,0.06785074869791667,-2.781973944769965,-3.0904,-1.4686,-1.7756,-0.01489,-0.00419,0.0605,0.000896560843102634,0.0010002665221691132,0.0012017011176794767,0.00041550752939656377,0.0005005536368116736,0.0006072662072256207,0.011570200324058533,0.0092311417683959,0.00862911343574524,passive,0
5.4408,rehab,safe_near_limit_fast,31.501192497117948,-666.6325779239005,300.18863520362794,-177.6508855466864,0.2911439425008894,-149.85301441669054,-30.4936,-0.0325,41.5202,123.7669,-0.7337,-63.39,80.16718873883238,27.571427751295637,83.12775262511603,-22.344640096028645,-89.00667826334636,-40.018200344509545,-2.8296661376953125,-2.3399179288656407,-3.833317520594833,5.919392903645833,-0.0,-2.5784132215711804,-2.9921,-1.4915,-1.4759,-0.01699,-0.00812,0.05594,0.000896560843102634,0.0010002665221691132,0.0012017011176794767,0.00041550752939656377,0.0005005536368116736,0.0006072662072256207,0.011570200324058533,0.0092311417683959,0.00862911343574524,passive,0
5.4608,rehab,safe_near_limit_fast,31.017339045220396,-666.6299662443109,300.8614272248405,-177.64999421658112,0.2903629404114353,-149.854248020247,-27.9329,-0.0633,40.2412,131.5773,-0.6566,-65.1891,80.12490225310373,27.53642242733795,83.06824561392907,-22.25009494357639,-89.00586446126302,-40.058186848958336,-2.557584554842203,-2.122251302889078,-3.5736159522934714,5.984124077690972,0.06785074869791667,-2.4427032470703125,-3.0486,-1.463,-1.3447,-0.01175,0.0038,0.05839,0.000896560843102634,0.0010002665221691132,0.0012017011176794767,0.00041550752939656377,0.0005005536368116736,0.0006072662072256207,0.011570200324058533,0.0092311417683959,0.00862911343574524,passive,0
5.481,rehab,safe_near_limit_fast,30.58358882981768,-666.6283935535726,301.51234905857905,-177.64921331791948,0.28969509488966977,-149.8547202745983,-25.2566,-0.0639,38.887,138.6149,-0.5283,-67.456,80.0961447234201,27.511274885423113,83.0245042555403,-22.180887858072918,-89.00530497233073,-40.08582221137153,-2.2855029719890934,-2.122251302889078,-3.585554066270885,5.768373277452257,0.13570149739583334,-2.2391425238715277,-3.0248,-1.3651,-1.3466,-0.02856,0.01112,0.05561,0.000896560843102634,0.0010002665221691132,0.0012017011176794767,0.00041550752939656377,0.0005005536368116736,0.0006072662072256207,0.011570200324058533,0.0092311417683959,0.00862911343574524,passive,0
5.5009,rehab,safe_near_limit_fast,29.92265276830479,-666.6328336576505,302.56630870981246,-177.65060679367397,0.2909435758999809,-149.85456125778455,-22.5006,-0.0574,37.293,155.3131,-0.0355,-81.6822,80.02930216269918,27.450979251672727,82.91115335898824,-22.003894382052952,-89.0039571126302,-40.15070597330729,-1.9589996337890625,-1.8501697200359684,-3.4567230526763613,5.448811848958333,-0.0,-1.8998803032769096,-2.968,-1.5009,-1.216,-0.02171,-0.02385,0.0556,0.000896560843102634,0.0010002665221691132,0.0012017011176794767,0.00041550752939656377,0.0005005536368116736,0.0006072662072256207,0.011570200324058533,0.0092311417683959,0.00862911343574524,passive,0
5.521,rehab,safe_near_limit_fast,29.596430863893655,-666.6366328998661,303.1281303682794,-177.65194230138636,0.29212063786462306,-149.85488949040842,-19.2982,-0.0715,35.5702,176.3598,0.7372,-98.7491,80.00084376571202,27.423819362527073,82.85735706291577,-21.92032708062066,-89.00340610080295,-40.17790052625868,-1.6325030940594059,-1.686918050935953,-3.2755778095509744,5.0202687581380205,0.06785074869791667,-1.696319580078125,-2.9101,-1.3219,-0.4056,-0.01127,-0.00849,0.05652,0.000896560843102634,0.0010002665221691132,0.0012017011176794767,0.00041550752939656377,0.0005005536368116736,0.0006072662072256207,0.011570200324058533,0.0092311417683959,0.00862911343574524,passive,0
5.5407,rehab,safe_near_limit_fast,29.18804658011973,-666.6386777236646,303.93923831996347,-177.65288195564423,0.2929178387416766,-149.85485509243802,-15.7181,-0.0663,33.9628,189.0572,1.2296,-106.6321,79.96516539318726,27.384544599174273,82.78036438592589,-21.801774766710068,-89.00279574924045,-40.21228366427951,-1.305999755859375,-1.5780813387124846,-3.1069213565033262,4.6944427490234375,-0.0,-1.2213473849826388,-2.971,-1.3505,-1.252,-0.00618,-0.01372,0.0604,0.000896560843102634,0.0010002665221691132,0.0012017011176794767,0.00041550752939656377,0.0005005536368116736,0.0006072662072256207,0.011570200324058533,0.0092311417683959,0.00862911343574524,passive,0
5.5609,rehab,safe_near_limit_fast,28.958547048194827,-666.6404435716914,304.44704972722946,-177.65329445617502,0.2932535047938713,-149.85608811107306,-11.975,-0.0286,31.5158,195.9944,0.9353,-113.3929,79.94512350252359,27.360246866056233,82.7318505013343,-21.727879842122395,-89.00252448187933,-40.23026360405816,-1.0883331298828125,-1.4692514249593904,-2.827565410349629,4.595608181423611,-0.0,-1.0177951388888888,-2.8841,-1.3611,-0.9795,-0.00134,-0.01185,0.06186,0.000896560843102634,0.0010002665221691132,0.0012017011176794767,0.00041550752939656377,0.0005005536368116736,0.0006072662072256207,0.011570200324058533,0.0092311417683959,0.00862911343574524,passive,0
5.5811,rehab,safe_near_limit_fast,28.725202845732326,-666.6374003430689,305.169396046319,-177.6528491062813,0.29288576625952384,-149.85643799367094,-7.0047,0.0127,28.3148,202.9828,0.3383,-125.5843,79.92462611434483,27.325445496209777,82.66379781288676,-21.625018649631077,-89.0022956000434,-40.24925231933594,-0.6529998779296875,-1.360414712735922,-2.6444826031675435,4.101214938693576,-0.0,-0.6106736924913194,-2.6289,-1.4527,-0.6291,0.00233,-0.00934,0.05543,0.000896560843102634,0.0010002665221691132,0.0012017011176794767,0.00041550752939656377,0.0005005536368116736,0.0006072662072256207,0.011570200324058533,0.0092311417683959,0.00862911343574524,passive,0
5.6009,rehab,safe_near_limit_fast,28.629286333629558,-666.6366316049426,305.6113530608627,-177.65260461263568,0.2927162924104422,-149.85687874798631,-3.0524,0.0374,26.0179,202.2011,0.2217,-137.7402,79.91617561566947,27.304635378393797,82.62144334245436,-21.56192355685764,-89.00225321451823,-40.256551106770836,-0.3809114966062036,-1.251584798982828,-2.5286162725769645,3.86704338921441,-0.0,-0.2714114718967014,-2.7649,-1.3319,-0.4118,-0.01065,-0.01674,0.05219,0.000896560843102634,0.0010002665221691132,0.0012017011176794767,0.00041550752939656377,0.0005005536368116736,0.0006072662072256207,0.011570200324058533,0.0092311417683959,0.00862911343574524,passive,0
5.6211,rehab,safe_near_limit_fast,28.638828703032193,-666.6350149641737,306.2212771855104,-177.65101013535403,0.2915692051965005,-149.8524013736328,0.6817,0.0483,23.6362,195.738,0.2762,-149.9957,79.91681467188467,27.27651010645498,82.56270455841971,-21.47692362467448,-89.00227864583333,-40.2594248453776,0.16324487062964108,-1.0883331298828125,-2.303192591903233,3.2944573296440973,0.06785074869791667,-0.0,-2.8137,-1.5389,-1.2969,-0.0102,-0.01219,0.05647,0.000896560843102634,0.0010002665221691132,0.0012017011176794767,0.00041550752939656377,0.0005005536368116736,0.0006072662072256207,0.011570200324058533,0.0092311417683959,0.00862911343574524,passive,0
5.6409,rehab,safe_near_limit_fast,28.68590577939184,-666.6349964221106,306.58180021275524,-177.6497636566628,0.29068238219246495,-149.84935273215504,4.351,-0.0027,20.7791,186.4022,0.1677,-157.528,79.92080537399443,27.260234568378714,82.52761085434716,-21.427120632595486,-89.00234646267361,-40.25791592068142,0.3809114966062036,-0.9250814607827971,-2.1251270558574413,3.0010732014973955,-0.0,0.20355224609375,-2.6957,-1.1842,-0.8096,-0.0018,0.00131,0.05591,0.000896560843102634,0.0010002665221691132,0.0012017011176794767,0.00041550752939656377,0.0005005536368116736,0.0006072662072256207,0.011570200324058533,0.0092311417683959,0.00862911343574524,passive,0
5.661,rehab,safe_near_limit_fast,28.81192955633253,-666.6357395823761,306.96870069711514,-177.64880210772426,0.29020666738788414,-149.8477252329154,7.9486,-0.059,17.2214,173.2188,0.2218,-162.6498,79.93165573271195,27.243387958790997,82.48885957321318,-21.37285868326823,-89.00253295898438,-40.24807400173611,0.7074148348062346,-0.7074148348062346,-1.7733606017462098,2.4546390109592013,-0.0,0.7463751898871528,-2.718,-1.1418,-0.664,-0.00376,0.00101,0.05781,0.000896560843102634,0.0010002665221691132,0.0012017011176794767,0.00041550752939656377,0.0005005536368116736,0.0006072662072256207,0.011570200324058533,0.0092311417683959,0.00862911343574524,passive,0
5.6809,rehab,safe_near_limit_fast,29.026467885176015,-666.6378398457076,307.3423215070106,-177.64813599762542,0.29018787474430774,-149.85133124582657,11.442,-0.0046,13.6037,165.5575,0.5012,-171.0732,79.95022915377476,27.227894244807782,82.45019667219407,-21.319910685221355,-89.00292290581596,-40.22528754340278,0.979496417659344,-0.544163165706219,-1.3893897934715347,1.9104173448350694,-0.06785074869791667,1.153496636284722,-2.5492,-1.1651,-0.7366,0.01389,-0.00497,0.06068,0.000896560843102634,0.0010002665221691132,0.0012017011176794767,0.00041550752939656377,0.0005005536368116736,0.0006072662072256207,0.011570200324058533,0.0092311417683959,0.00862911343574524,passive,0
5.7009,rehab,safe_near_limit_fast,29.21426160892119,-666.6357422457214,307.5292081477059,-177.6484877199469,0.2907163087448469,-149.85462716987857,14.7764,0.0634,9.9321,165.022,0.7638,-180.7394,79.9664842964399,27.22030715186997,82.43038592952313,-21.292504204644096,-89.00338914659288,-40.20542568630642,1.1427480867593596,-0.3809114966062036,-1.0963281310430848,1.4926486545138888,-0.06785074869791667,1.357057359483507,-2.48,-1.205,-0.8481,0.00631,-0.00115,0.05582,0.000896560843102634,0.0010002665221691132,0.0012017011176794767,0.00041550752939656377,0.0005005536368116736,0.0006072662072256207,0.011570200324058533,0.0092311417683959,0.00862911343574524,passive,0
5.7207,rehab,safe_near_limit_fast,29.605326718983697,-666.6374261424343,307.7290291549605,-177.64836631887383,0.2908332792623215,-149.8569599710507,17.8845,0.0691,6.508,165.3278,0.9593,-187.6221,80.00048344678218,27.213699038666075,82.40723033942798,-21.263868543836804,-89.00434705946181,-40.168770684136284,1.686918050935953,-0.16324487062964108,-0.7622241029644956,0.8945719401041666,-0.06785074869791667,1.696319580078125,-2.5381,-1.2103,-0.3229,0.00187,-0.00104,0.04989,0.000896560843102634,0.0010002665221691132,0.0012017011176794767,0.00041550752939656377,0.0005005536368116736,0.0006072662072256207,0.011570200324058533,0.0092311417683959,0.00862911343574524,passive,0
5.741,rehab,safe_near_limit_fast,29.922658773214398,-666.6424106415719,307.77649977225366,-177.6501488593796,0.2923529467215604,-149.85755737494705,20.9921,0.0721,2.9689,163.7535,0.5808,-190.961,80.02816001967628,27.214304102529393,82.39767169008161,-21.253433227539062,-89.00516933865018,-40.140389336480034,1.8501697200359684,0.05441495687654703,-0.435333251953125,0.4303656684027778,-0.06785074869791667,1.832029554578993,-2.5096,-1.1436,-0.8969,0.00746,-0.00443,0.05476,0.000896560843102634,0.0010002665221691132,0.0012017011176794767,0.00041550752939656377,0.0005005536368116736,0.0006072662072256207,0.011570200324058533,0.0092311417683959,0.00862911343574524,passive,0
5.7612,rehab,safe_near_limit_fast,30.49225775981446,-666.628195544198,307.7817205006691,-177.65192414476152,0.29360323256909715,-149.85661907939766,24.0982,0.0794,-0.84,159.0355,-0.7438,-197.4826,80.07753731000541,27.215752176719135,82.39423846254255,-21.25075446234809,-89.00672912597656,-40.09193420410156,2.122251302889078,0.10882991375309406,0.05504721462136448,-0.1423221164279514,-0.06785074869791667,2.307001749674479,-2.4624,-1.2571,-0.6727,-0.00782,-0.01061,0.05026,0.000896560843102634,0.0010002665221691132,0.0012017011176794767,0.00041550752939656377,0.0005005536368116736,0.0006072662072256207,0.011570200324058533,0.0092311417683959,0.00862911343574524,passive,0
5.7809,rehab,safe_near_limit_fast,30.910079067427112,-666.6223524596446,307.7522369810299,-177.65121778991679,0.29272102102143777,-149.85633302784566,27.4137,0.0563,-4.6708,148.2653,-1.6807,-203.1076,80.11386153721573,27.218593937335626,82.39553017191368,-21.25708685980903,-89.00794982910156,-40.05597432454427,2.3943328857421875,0.2176666259765625,0.1283347252571937,-0.6789737277560763,-0.06785074869791667,2.307001749674479,-2.611,-1.1502,-0.3467,-0.00553,-0.008,0.04835,0.000896560843102634,0.0010002665221691132,0.0012017011176794767,0.00041550752939656377,0.0005005536368116736,0.0006072662072256207,0.011570200324058533,0.0092311417683959,0.00862911343574524,passive,0
5.8009,rehab,safe_near_limit_fast,31.586345393376117,-666.630898499613,307.6290675585822,-177.6464223701497,0.28841183183788505,-149.8574945425793,30.9307,0.0243,-9.4158,131.8556,-1.4998,-202.0872,80.17294704323947,27.228376936204363,82.40392628282603,-21.283526950412327,-89.00980631510417,-39.996024237738716,2.61199951171875,0.544163165706219,0.5830572147180538,-1.4697011311848958,-0.13570149739583334,2.6462639702690973,-2.4713,-1.0665,-0.6051,-0.00854,0.0014,0.04681,0.000896560843102634,0.0010002665221691132,0.0012017011176794767,0.00041550752939656377,0.0005005536368116736,0.0006072662072256207,0.011570200324058533,0.0092311417683959,0.00862911343574524,passive,0
5.8213,rehab,safe_near_limit_fast,32.08003880118515,-666.6336878867309,307.46688686335204,-177.64458823002687,0.28674867016581285,-149.85759313159338,33.6172,-0.0113,-13.5624,116.1464,-1.1721,-200.5723,80.21602895000193,27.238669820351177,82.41657143772238,-21.310238308376736,-89.01105244954427,-39.95314704047309,2.884087893042234,0.7618297916827815,0.9553414524191677,-1.9049835205078125,-0.06785074869791667,2.8498246934678817,-2.4341,-1.0148,-0.5285,-0.01639,-0.01144,0.04675,0.000896560843102634,0.0010002665221691132,0.0012017011176794767,0.00041550752939656377,0.0005005536368116736,0.0006072662072256207,0.011570200324058533,0.0092311417683959,0.00862911343574524,passive,0
5.8407,rehab,safe_near_limit_fast,32.896154998517716,-666.630836279029,307.08593604426187,-177.64622187954492,0.2879075666947748,-149.8558858729183,35.2108,-0.0868,-17.1112,98.4335,-1.0005,-188.2547,80.28714095011796,27.260724058245668,82.44653909513266,-21.362347073025173,-89.01301913791232,-39.884346856011284,3.1017545190187965,1.0339181730062654,1.4503176849667387,-2.471923828125,-0.06785074869791667,3.0533854166666665,-2.5168,-1.0807,-0.1205,-0.02644,0.00297,0.04595,0.000896560843102634,0.0010002665221691132,0.0012017011176794767,0.00041550752939656377,0.0005005536368116736,0.0006072662072256207,0.011570200324058533,0.0092311417683959,0.00862911343574524,passive,0
5.8612,rehab,safe_near_limit_fast,33.47101580556787,-666.6326212017307,306.77099646970277,-177.64770114658003,0.28909658612405104,-149.85546671798477,36.3792,-0.1021,-20.76,76.3763,-0.5603,-166.6255,80.33729326606976,27.279018742023126,82.47105437930267,-21.404749552408855,-89.0143330891927,-39.835103352864586,3.319421144995359,1.251584798982828,1.667691976717203,-2.8931427001953125,-0.06785074869791667,3.0533854166666665,-2.3712,-1.1938,-0.3121,-0.01316,-0.00028,0.04274,0.000896560843102634,0.0010002665221691132,0.0012017011176794767,0.00041550752939656377,0.0005005536368116736,0.0006072662072256207,0.011570200324058533,0.0092311417683959,0.00862911343574524,passive,0
5.8811,rehab,safe_near_limit_fast,34.52969946493772,-666.63459051862,306.11600640438706,-177.65042047438425,0.29127554928008037,-149.85465403708375,38.0792,-0.0354,-24.2233,57.4989,-0.0124,-144.9035,80.42966408304649,27.316179181089495,82.52349777977065,-21.493606567382812,-89.01671515570746,-39.74456787109375,3.2650061881188117,1.4148296696124691,2.0569315995320236,-3.4993659125434027,-0.06785074869791667,3.324796888563368,-2.3967,-1.0403,-0.2357,-0.00068,0.00922,0.05094,0.000896560843102634,0.0010002665221691132,0.0012017011176794767,0.00041550752939656377,0.0005005536368116736,0.0006072662072256207,0.011570200324058533,0.0092311417683959,0.00862911343574524,passive,0
5.9012,rehab,safe_near_limit_fast,35.150818501745675,-666.6352782895852,305.7033580968055,-177.65062049652556,0.2914376635823673,-149.85524486044474,39.2219,-0.0217,-26.8415,49.6216,0.4227,-126.1386,80.48386828734142,27.339130817073407,82.5579320322169,-21.552369859483505,-89.01808844672308,-39.690441555447045,3.428251058748453,1.4148296696124691,2.3419846638594524,-3.9528910319010415,-0.06785074869791667,3.596208360460069,-2.4638,-1.0149,-0.3937,-0.00733,0.00899,0.05072,0.000896560843102634,0.0010002665221691132,0.0012017011176794767,0.00041550752939656377,0.0005005536368116736,0.0006072662072256207,0.011570200324058533,0.0092311417683959,0.00862911343574524,passive,0
5.9212,rehab,safe_near_limit_fast,35.78643985253998,-666.6359634403334,305.2494851300394,-177.6510840919938,0.291716133500098,-149.85628742416316,40.4799,-0.0514,-29.1771,57.8924,0.6343,-122.5422,80.5393642010075,27.364223971225247,82.5959286831393,-21.61660936143663,-89.01957194010417,-39.63463677300347,3.5370877709719215,1.6325030940594059,2.4026134226581837,-4.2380523681640625,-0.13570149739583334,3.4604983859592013,-2.4849,-1.0099,-0.4943,-0.01134,0.01247,0.04892,0.000896560843102634,0.0010002665221691132,0.0012017011176794767,0.00041550752939656377,0.0005005536368116736,0.0006072662072256207,0.011570200324058533,0.0092311417683959,0.00862911343574524,passive,0
5.941,rehab,safe_near_limit_fast,36.77110798053057,-666.6368000845064,304.52560671116123,-177.65038477983114,0.29098151030707814,-149.85760394868768,41.3478,-0.0475,-31.2451,66.5586,0.3998,-122.7775,80.62535125430267,27.404056209148745,82.65748203390896,-21.721598307291668,-89.02184380425346,-39.54852634006076,3.5370877709719215,1.795747964689047,2.7195921038637065,-4.699486626519097,-0.13570149739583334,3.4604983859592013,-2.3742,-1.0875,-0.6269,-0.00312,0.01267,0.05004,0.000896560843102634,0.0010002665221691132,0.0012017011176794767,0.00041550752939656377,0.0005005536368116736,0.0006072662072256207,0.011570200324058533,0.0092311417683959,0.00862911343574524,passive,0
5.961,rehab,safe_near_limit_fast,37.44745175309499,-666.6357164279148,303.99298054702393,-177.65070833364777,0.2912423639600822,-149.85841733666717,42.0519,-0.0262,-33.257,67.7156,-0.0028,-123.0286,80.6843891710338,27.433167259291846,82.70265107107635,-21.79723951551649,-89.02331034342448,-39.48953416612413,3.5915027278484684,1.8501697200359684,2.7978289009320854,-4.844292534722222,-0.13570149739583334,3.664059109157986,-2.436,-1.1344,-0.9783,-0.02346,-0.00178,0.04465,0.000896560843102634,0.0010002665221691132,0.0012017011176794767,0.00041550752939656377,0.0005005536368116736,0.0006072662072256207,0.011570200324058533,0.0092311417683959,0.00862911343574524,passive,0
5.9809,rehab,safe_near_limit_fast,38.505676203058215,-666.638978913196,303.1657703692343,-177.6488517810537,0.28970025341408784,-149.85859290381387,43.2773,-0.0201,-35.499,61.5093,0.1959,-121.3257,80.77684836812539,27.479029740437422,82.77288606851408,-21.91849602593316,-89.02558220757378,-39.39826965332031,3.809169353825031,2.067836346012531,3.0318050573367885,-5.281507703993055,-0.13570149739583334,3.9354705810546875,-2.4225,-1.0894,-0.5966,-0.01009,0.00706,0.04845,0.000896560843102634,0.0010002665221691132,0.0012017011176794767,0.00041550752939656377,0.0005005536368116736,0.0006072662072256207,0.011570200324058533,0.0092311417683959,0.00862911343574524,passive,0
6.001,rehab,safe_near_limit_fast,39.224402002414244,-666.6386831087749,302.57441219010246,-177.6478466470461,0.2888262173438681,-149.85804633638722,45.7344,-0.0236,-38.7803,51.2643,0.733,-116.0399,80.83962544356243,27.51150603341584,82.8234326957476,-22.004691229926216,-89.02712504069011,-39.33701409233941,4.026835979801594,2.0134145906656093,3.147780163453357,-5.4840850830078125,-0.13570149739583334,3.8676198323567705,-2.4406,-1.1825,-1.0188,-0.02377,-0.0036,0.04901,0.000896560843102634,0.0010002665221691132,0.0012017011176794767,0.00041550752939656377,0.0005005536368116736,0.0006072662072256207,0.011570200324058533,0.0092311417683959,0.00862911343574524,passive,0
6.0208,rehab,safe_near_limit_fast,40.307703044548276,-666.6392668811874,301.6239478461148,-177.64776236908915,0.28874245113504743,-149.85875996342367,47.1301,-0.0241,-41.7845,41.9725,0.8002,-109.0837,80.93428054658493,27.56396982929494,82.90353227369856,-22.140189276801216,-89.02943081325955,-39.24318101671007,4.026835979801594,2.2310880151125465,3.4570153869024596,-5.892130533854167,-0.0,3.9354705810546875,-2.2775,-1.0313,-1.0718,0.01056,-0.00519,0.04778,0.000896560843102634,0.0010002665221691132,0.0012017011176794767,0.00041550752939656377,0.0005005536368116736,0.0006072662072256207,0.011570200324058533,0.0092311417683959,0.00862911343574524,passive,0
6.0412,rehab,safe_near_limit_fast,41.044307718801065,-666.6381048583472,300.95149004235,-177.64856030887015,0.289315027586902,-149.85803063293173,47.3598,-0.0065,-43.559,27.1765,0.4736,-95.9671,80.99863486714882,27.601089477539062,82.95981680992806,-22.234488593207466,-89.031007554796,-39.18062845865885,4.081257735148514,2.3399179288656407,3.5573268172764543,-6.101879543728298,-0.06785074869791667,4.139031304253472,-2.3058,-0.9524,-1.611,0.00453,0.01135,0.05033,0.000896560843102634,0.0010002665221691132,0.0012017011176794767,0.00041550752939656377,0.0005005536368116736,0.0006072662072256207,0.011570200324058533,0.0092311417683959,0.00862911343574524,passive,0
6.0609,rehab,safe_near_limit_fast,42.1738976348312,-666.6386413393733,299.896573122567,-177.64981289214245,0.29037364746771077,-149.85612771361454,47.1044,0.0293,-44.8157,4.4381,0.2814,-75.5192,81.09734865698483,27.659903044747836,83.04717715423887,-22.381871541341145,-89.03327094184027,-39.085489908854164,4.190087648901609,2.61199951171875,3.762919359868116,-6.422636244032118,-0.13570149739583334,4.206882052951388,-2.2493,-0.9404,-0.6027,-0.0019,0.00573,0.04867,0.000896560843102634,0.0010002665221691132,0.0012017011176794767,0.00041550752939656377,0.0005005536368116736,0.0006072662072256207,0.011570200324058533,0.0092311417683959,0.00862911343574524,passive,0
6.0813,rehab,safe_near_limit_fast,42.93417536758928,-666.6385838959819,299.1731508985691,-177.65068108481555,0.2911286936841754,-149.8546290554512,46.4063,0.0534,-45.5373,-19.9387,0.3112,-52.058,81.16379010795366,27.70039473429765,83.1068473287148,-22.482791476779514,-89.03476291232639,-39.021691216362846,4.026835979801594,2.557584554842203,3.74380885964573,-6.431605021158854,-0.06785074869791667,4.0033213297526045,-2.3948,-1.115,-0.7075,-0.00849,0.00625,0.04901,0.000896560843102634,0.0010002665221691132,0.0012017011176794767,0.00041550752939656377,0.0005005536368116736,0.0006072662072256207,0.011570200324058533,0.0092311417683959,0.00862911343574524,passive,0
6.1013,rehab,safe_near_limit_fast,44.22731542315535,-666.639462967114,297.880591076472,-177.6507023862968,0.29112669439045064,-149.854094440982,46.6195,0.0407,-46.9612,-37.2467,0.3012,-30.8896,81.27686906569075,27.77272366061069,83.21426316063003,-22.665820651584202,-89.03740776909721,-38.911217583550346,4.081257735148514,2.6664212670656715,3.908352238116878,-6.7057545979817705,-0.06785074869791667,4.0033213297526045,-2.4061,-0.9884,-0.7718,-0.01138,0.01433,0.04836,0.000896560843102634,0.0010002665221691132,0.0012017011176794767,0.00041550752939656377,0.0005005536368116736,0.0006072662072256207,0.011570200324058533,0.0092311417683959,0.00862911343574524,passive,0
6.1211,rehab,safe_near_limit_fast,44.952853717557794,-666.6361698835295,297.12738665597885,-177.65064819647165,0.29100308107411427,-149.85482472531643,46.3195,0.0137,-47.9735,-39.5478,0.1713,-21.3514,81.34029199581335,27.814500261061262,83.27752972593402,-22.77286105685764,-89.03895907931857,-38.848275078667534,3.809169353825031,2.6664212670656715,4.063819658638227,-6.634657118055555,-0.13570149739583334,3.8676198323567705,-2.2954,-1.0678,-0.1215,-0.01136,-0.0056,0.04428,0.000896560843102634,0.0010002665221691132,0.0012017011176794767,0.00041550752939656377,0.0005005536368116736,0.0006072662072256207,0.011570200324058533,0.0092311417683959,0.00862911343574524,passive,0
6.1408,rehab,safe_near_limit_fast,45.67235019850507,-666.633863234564,296.3633129435876,-177.65068169412262,0.29103170816152873,-149.8554467825709,44.7639,0.0064,-47.7473,-31.4414,0.156,-27.6133,81.4031982421875,27.857160662660505,83.34122459487159,-22.881028917100693,-89.04042561848958,-38.78596835666232,3.8635911091719524,2.6664212670656715,4.121960177279935,-6.7586517333984375,-0.06785074869791667,3.664059109157986,-2.3388,-1.1026,-0.274,-0.01207,-0.00285,0.04785,0.000896560843102634,0.0010002665221691132,0.0012017011176794767,0.00041550752939656377,0.0005005536368116736,0.0006072662072256207,0.011570200324058533,0.0092311417683959,0.00862911343574524,passive,0
6.1612,rehab,safe_near_limit_fast,46.765670173438174,-666.6332731182436,295.1991519585918,-177.65006011887417,0.29057167724384037,-149.8541023891414,43.9623,0.0381,-48.3031,-31.5365,0.4173,-32.7711,81.49882552647354,27.922929065062267,83.43738895831721,-23.046485053168404,-89.04256184895833,-38.693550957573784,3.809169353825031,2.884087893042234,4.007134012656636,-7.057249281141493,-0.13570149739583334,3.799769083658854,-2.4419,-0.9844,-0.8537,-0.01586,0.01119,0.0507,0.000896560843102634,0.0010002665221691132,0.0012017011176794767,0.00041550752939656377,0.0005005536368116736,0.0006072662072256207,0.011570200324058533,0.0092311417683959,0.00862911343574524,passive,0
6.1808,rehab,safe_near_limit_fast,47.485879053594964,-666.6355441531023,294.4013789592096,-177.650618341713,0.2910495740648291,-149.85304606563344,43.101,0.0609,-48.5184,-42.5487,0.6997,-27.5728,81.56186094378481,27.968594390566984,83.5019064421701,-23.157738579644096,-89.04395209418402,-38.63282945421007,3.8635911091719524,2.8296661376953125,4.195410851204749,-6.847924126519097,-0.06785074869791667,3.9354705810546875,-2.5563,-1.0806,-0.9263,-0.02703,0.00945,0.04562,0.000896560843102634,0.0010002665221691132,0.0012017011176794767,0.00041550752939656377,0.0005005536368116736,0.0006072662072256207,0.011570200324058533,0.0092311417683959,0.00862911343574524,passive,0
6.2011,rehab,safe_near_limit_fast,48.53668222725101,-666.6378618595431,293.19256912288876,-177.65160049415056,0.29185825486692213,-149.85136173077044,42.1936,0.0616,-48.5445,-51.4985,0.5879,-23.879,81.65383744947981,28.037830012859683,83.59958006603883,-23.326000637478298,-89.0459696451823,-38.54443868001302,3.809169353825031,2.7752511808187657,4.090027761931466,-7.2649892171223955,-0.06785074869791667,3.664059109157986,-2.3557,-1.0987,-0.7981,-0.02034,0.00948,0.04576,0.000896560843102634,0.0010002665221691132,0.0012017011176794767,0.00041550752939656377,0.0005005536368116736,0.0006072662072256207,0.011570200324058533,0.0092311417683959,0.00862911343574524,passive,0
6.221,rehab,safe_near_limit_fast,49.21834129339983,-666.6351715421771,292.3897881856463,-177.65179034032778,0.2920001324223975,-149.85087777546008,42.7631,0.0739,-50.7214,-54.4152,-0.0462,-26.3128,81.71346683313351,28.083393361308786,83.66537566232209,-23.438839382595486,-89.04730055067274,-38.48656548394097,3.7003394400719367,2.8296661376953125,4.099600008218595,-7.101203070746528,-0.06785074869791667,3.392647637261285,-2.4489,-0.9658,-1.3457,-0.00785,0.00884,0.05806,0.000896560843102634,0.0010002665221691132,0.0012017011176794767,0.00041550752939656377,0.0005005536368116736,0.0006072662072256207,0.011570200324058533,0.0092311417683959,0.00862911343574524,passive,0
6.2408,rehab,safe_near_limit_fast,50.211568134040114,-666.6294533108797,291.1875996595265,-177.65201611529594,0.29216814847242417,-149.84886726610566,41.3681,0.088,-51.7265,-62.0472,-0.7866,-20.0669,81.80033768757735,28.15165680233795,83.76392628886911,-23.607830471462673,-89.04918246799045,-38.40360853407118,3.5915027278484684,2.7208362239422184,4.157454991104579,-7.051730685763888,-0.06785074869791667,3.2569376627604165,-2.3952,-0.9932,-0.4637,-0.0053,0.00942,0.04537,0.000896560843102634,0.0010002665221691132,0.0012017011176794767,0.00041550752939656377,0.0005005536368116736,0.0006072662072256207,0.011570200324058533,0.0092311417683959,0.00862911343574524,passive,0
6.2608,rehab,safe_near_limit_fast,50.850695230859166,-666.6254151536139,290.40495353211753,-177.65096016537206,0.29137054621172237,-149.8479815465812,38.6971,0.0726,-50.5902,-71.2105,-1.0709,-7.521,81.85624150946589,28.19613239552715,83.82862053295173,-23.71991475423177,-89.05036078559027,-38.34984673394097,3.482672814095374,2.7208362239422184,4.121511478235226,-6.848788791232638,-0.0,3.324796888563368,-2.3703,-1.0077,-0.4999,-0.00952,0.00753,0.04919,0.000896560843102634,0.0010002665221691132,0.0012017011176794767,0.00041550752939656377,0.0005005536368116736,0.0006072662072256207,0.011570200324058533,0.0092311417683959,0.00862911343574524,passive,0
6.2813,rehab,safe_near_limit_fast,51.74857479115695,-666.6279103147633,289.2244968359622,-177.64906622371737,0.28991349431921526,-149.84820904761062,37.0749,0.0247,-50.459,-75.8056,-1.0318,3.466,81.93491340863822,28.26410350233021,83.92494805968634,-23.888880411783855,-89.05203925238715,-38.27284071180556,3.2105844327718907,2.7208362239422184,4.068143485796334,-6.8972524007161455,-0.0,3.0533854166666665,-2.5566,-1.1943,-1.2965,-0.02784,0.00575,0.04686,0.000896560843102634,0.0010002665221691132,0.0012017011176794767,0.00041550752939656377,0.0005005536368116736,0.0006072662072256207,0.011570200324058533,0.0092311417683959,0.00862911343574524,passive,0
6.3011,rehab,safe_near_limit_fast,52.31490779362434,-666.6265397636824,288.42328816843025,-177.6495300720365,0.29023465355401273,-149.84940790567836,36.0527,-0.0294,-50.7768,-80.0,-1.075,22.6497,81.98452184696009,28.309993177357285,83.98996183187654,-24.000684950086804,-89.05315823025174,-38.2232920328776,2.938502849918781,2.884087893042234,4.1529883960686105,-6.845186021592882,-0.0,3.0533854166666665,-2.4978,-1.002,-1.1921,-0.02645,0.0076,0.04972,0.000896560843102634,0.0010002665221691132,0.0012017011176794767,0.00041550752939656377,0.0005005536368116736,0.0006072662072256207,0.011570200324058533,0.0092311417683959,0.00862911343574524,passive,0
6.321,rehab,safe_near_limit_fast,53.27180461845231,-666.62795038403,286.98867663222,-177.65239697009397,0.29242458917038766,-149.85167316110483,34.691,-0.0503,-50.3539,-68.757,-0.9561,30.8188,82.0684013744392,28.392988903687733,84.1041625372254,-24.196751912434895,-89.05501471625433,-38.13936021592882,2.884087893042234,3.1561694758953434,4.04610284484259,-6.78969489203559,-0.0,2.9176754421657987,-2.6065,-1.0584,-1.5247,-0.02661,0.00796,0.04942,0.000896560843102634,0.0010002665221691132,0.0012017011176794767,0.00041550752939656377,0.0005005536368116736,0.0006072662072256207,0.011570200324058533,0.0092311417683959,0.00862911343574524,passive,0
6.3408,rehab,safe_near_limit_fast,53.811512113074286,-666.6312056660183,286.18198402797935,-177.65271653771322,0.29266555911052206,-149.8518727879426,33.2646,-0.0288,-49.5056,-40.2087,-0.2885,12.003,82.11573912365601,28.440136295734064,84.16824491897432,-24.308946397569443,-89.0560065375434,-38.09308369954427,2.992917806795328,3.1017545190187965,4.026135737353032,-6.969952053493923,-0.06785074869791667,2.9176754421657987,-2.4366,-1.0921,-0.847,-0.01868,0.01626,0.04503,0.000896560843102634,0.0010002665221691132,0.0012017011176794767,0.00041550752939656377,0.0005005536368116736,0.0006072662072256207,0.011570200324058533,0.0092311417683959,0.00862911343574524,passive,0
6.3611,rehab,safe_near_limit_fast,54.356398358707295,-666.6339431428456,285.3928425420967,-177.65180583631832,0.2919546036354998,-149.85092603083422,32.6082,-0.0094,-49.3064,-22.727,0.6173,2.3654,82.16351877344717,28.4864338789836,84.23125314240409,-24.420750935872395,-89.05697292751736,-38.04750230577257,2.884087893042234,2.7208362239422184,4.020989295279626,-6.932525634765625,-0.06785074869791667,2.6462639702690973,-2.6246,-1.0283,-0.7918,-0.03367,0.01634,0.05121,0.000896560843102634,0.0010002665221691132,0.0012017011176794767,0.00041550752939656377,0.0005005536368116736,0.0006072662072256207,0.011570200324058533,0.0092311417683959,0.00862911343574524,passive,0
6.3808,rehab,safe_near_limit_fast,55.15201623434301,-666.632252719291,284.215224514845,-177.64995957522544,0.2905448890939634,-149.85089062202013,32.1182,-0.0249,-48.9967,-19.1196,0.8644,9.2221,82.23323028866608,28.554976057298113,84.32645892152692,-24.588818020290798,-89.05838012695312,-37.97970241970486,2.8296661376953125,2.7752511808187657,4.04253364789604,-6.8824005126953125,-0.06785074869791667,2.8498246934678817,-2.6699,-1.2184,-1.1673,-0.03005,-0.0006,0.0528,0.000896560843102634,0.0010002665221691132,0.0012017011176794767,0.00041550752939656377,0.0005005536368116736,0.0006072662072256207,0.011570200324058533,0.0092311417683959,0.00862911343574524,passive,0
6.4011,rehab,safe_near_limit_fast,55.67300511375654,-666.6284419910284,283.428436962519,-177.64914625542806,0.28993468089337293,-149.85159399593306,31.5669,-0.027,-48.2383,-10.7516,0.3096,6.0906,82.27885482334854,28.600668576684328,84.39009260423113,-24.700486924913193,-89.05931260850694,-37.93462117513021,2.7208362239422184,2.8296661376953125,4.0118589495668315,-6.9846852620442705,-0.0,2.781973944769965,-2.6132,-1.1763,-0.8306,-0.02329,-0.00438,0.04911,0.000896560843102634,0.0010002665221691132,0.0012017011176794767,0.00041550752939656377,0.0005005536368116736,0.0006072662072256207,0.011570200324058533,0.0092311417683959,0.00862911343574524,passive,0
6.4211,rehab,safe_near_limit_fast,56.44534636726427,-666.6266509327886,282.22364306811374,-177.64966056229477,0.2902967710897911,-149.85180634874533,32.681,0.0112,-50.0601,-0.8129,-0.4321,-3.9171,82.34654719286625,28.67156982421875,84.48528478641322,-24.86789279513889,-89.0607198079427,-37.868593004014755,2.7208362239422184,3.1561694758953434,3.979464238232905,-6.934721204969618,-0.0,2.781973944769965,-2.5569,-1.0991,-1.2208,-0.02473,0.00528,0.05129,0.000896560843102634,0.0010002665221691132,0.0012017011176794767,0.00041550752939656377,0.0005005536368116736,0.0006072662072256207,0.011570200324058533,0.0092311417683959,0.00862911343574524,passive,0
6.4412,rehab,safe_near_limit_fast,56.96419526873619,-666.6303454551783,281.41186857698375,-177.65053277690592,0.290955141933284,-149.8515064242765,32.976,0.0431,-50.5781,2.2502,-0.8374,-6.8206,82.39207654896349,28.720314856803064,84.54765395362779,-24.979205661349827,-89.06165228949652,-37.82461378309462,2.8296661376953125,3.2105844327718907,3.797054479617884,-6.998197767469618,-0.0,2.714114718967014,-2.6152,-1.1462,-1.0339,-0.03849,0.00276,0.05014,0.000896560843102634,0.0010002665221691132,0.0012017011176794767,0.00041550752939656377,0.0005005536368116736,0.0006072662072256207,0.011570200324058533,0.0092311417683959,0.00862911343574524,passive,0
6.4608,rehab,safe_near_limit_fast,57.74787196403669,-666.6351484004205,280.19018129852094,-177.65216450573269,0.29230772335802807,-149.8515315623475,31.6176,-0.0002,-48.5706,3.3349,-0.8552,-7.1597,82.46082268138923,28.79409865577622,84.64074540846418,-25.145924886067707,-89.06298319498698,-37.75771247016059,2.7752511808187657,3.047339562142249,3.9622777051264695,-6.910875108506945,-0.06785074869791667,2.781973944769965,-2.4569,-1.0191,-0.8404,-0.00419,-0.00016,0.04652,0.000896560843102634,0.0010002665221691132,0.0012017011176794767,0.00041550752939656377,0.0005005536368116736,0.0006072662072256207,0.011570200324058533,0.0092311417683959,0.00862911343574524,passive,0
6.4813,rehab,safe_near_limit_fast,58.28112684970113,-666.6340900228523,279.3856843408495,-177.65250109011015,0.29254904834072437,-149.8504395363697,31.6215,-0.0821,-48.7296,5.4775,-0.907,-7.8345,82.50755536674272,28.842530958723312,84.70271346592666,-25.25721232096354,-89.06392415364583,-37.71331787109375,2.884087893042234,2.938502849918781,3.966261608765857,-7.136349148220486,-0.06785074869791667,2.781973944769965,-2.4011,-1.0078,-1.0929,-0.00287,0.01015,0.05561,0.000896560843102634,0.0010002665221691132,0.0012017011176794767,0.00041550752939656377,0.0005005536368116736,0.0006072662072256207,0.011570200324058533,0.0092311417683959,0.00862911343574524,passive,0
6.5011,rehab,safe_near_limit_fast,59.067924804493856,-666.629855471363,278.20753656355737,-177.65072700639257,0.2911826673767079,-149.8505447872317,32.4803,-0.1088,-50.0906,6.172,-0.9462,-4.3646,82.57649185633895,28.91330303532062,84.79485313491065,-25.424329969618054,-89.06533135308159,-37.64613681369357,2.7752511808187657,2.938502849918781,3.7345153506439512,-6.863132052951388,-0.0,2.781973944769965,-2.4975,-1.048,-1.1487,-0.00941,0.00431,0.05223,0.000896560843102634,0.0010002665221691132,0.0012017011176794767,0.00041550752939656377,0.0005005536368116736,0.0006072662072256207,0.011570200324058533,0.0092311417683959,0.00862911343574524,passive,0
6.5208,rehab,safe_near_limit_fast,59.58601027079261,-666.6287849148181,277.4238856661094,-177.64946740066483,0.29022268237462007,-149.85166213544446,32.5468,-0.0914,-50.0921,14.6659,-0.3825,-11.5439,82.6219124369102,28.960810746296797,84.85552948300202,-25.53542243109809,-89.06628078884549,-37.60083516438802,2.7752511808187657,3.1561694758953434,3.6864773589785735,-6.96653578016493,0.06785074869791667,2.8498246934678817,-2.6341,-1.2952,-1.5816,-0.03759,0.00702,0.05317,0.000896560843102634,0.0010002665221691132,0.0012017011176794767,0.00041550752939656377,0.0005005536368116736,0.0006072662072256207,0.011570200324058533,0.0092311417683959,0.00862911343574524,passive,0
6.5409,rehab,safe_near_limit_fast,60.09776677006765,-666.6336709718072,276.63222687026575,-177.64860037908878,0.289577013234343,-149.8534749429224,32.7361,-0.0651,-49.9951,27.1725,0.9422,-23.6991,82.66685032608486,29.009705345229346,84.91520645594832,-25.646404690212673,-89.06723022460938,-37.555321587456596,2.884087893042234,3.2105844327718907,3.6672376878190747,-7.015372382269965,-0.06785074869791667,2.9176754421657987,-2.6617,-1.2898,-1.6559,-0.01722,0.01885,0.05595,0.000896560843102634,0.0010002665221691132,0.0012017011176794767,0.00041550752939656377,0.0005005536368116736,0.0006072662072256207,0.011570200324058533,0.0092311417683959,0.00862911343574524,passive,0
6.5609,rehab,safe_near_limit_fast,61.00305952614306,-666.6443802167901,275.19973022392116,-177.6508336131795,0.29127111700128655,-149.85598714118757,33.4258,-0.0538,-50.5249,26.0201,2.1693,-13.6443,82.74636523558361,29.09924799853032,85.01978732571743,-25.840055677625866,-89.06893412272136,-37.47546725802951,2.884087893042234,3.047339562142249,3.766026260829208,-6.808115641276041,-0.06785074869791667,2.781973944769965,-2.7079,-1.2066,-1.3116,-0.03406,0.01503,0.05136,0.000896560843102634,0.0010002665221691132,0.0012017011176794767,0.00041550752939656377,0.0005005536368116736,0.0006072662072256207,0.011570200324058533,0.0092311417683959,0.00862911343574524,passive,0
6.5808,rehab,safe_near_limit_fast,61.53568260797232,-666.6419143224476,274.3776461720648,-177.65280673188084,0.2927819582150926,-149.85617691537703,33.8725,-0.032,-50.6748,20.2819,2.3322,1.3845,82.79303673470375,29.150120952341815,85.0803820921643,-25.950368245442707,-89.06989203559027,-37.429843478732636,2.992917806795328,3.2650061881188117,3.7766862623762374,-6.897328694661458,-0.0,2.8498246934678817,-2.7473,-1.2385,-1.236,-0.0366,0.01107,0.05583,0.000896560843102634,0.0010002665221691132,0.0012017011176794767,0.00041550752939656377,0.0005005536368116736,0.0006072662072256207,0.011570200324058533,0.0092311417683959,0.00862911343574524,passive,0
6.601,rehab,safe_near_limit_fast,62.35529831060073,-666.6398064037185,273.1801802588608,-177.6525738688869,0.2926175181456052,-149.8554754743948,34.6502,0.0262,-51.2291,20.8818,1.6137,2.8842,82.86486937267945,29.224944917282254,85.16900015349435,-26.116112603081596,-89.07135009765625,-37.36056009928385,3.2105844327718907,2.992917806795328,3.7099048878886913,-6.832233005099826,-0.06785074869791667,2.985526190863715,-2.6583,-1.2389,-1.2337,-0.03627,0.0187,0.0516,0.000896560843102634,0.0010002665221691132,0.0012017011176794767,0.00041550752939656377,0.0005005536368116736,0.0006072662072256207,0.011570200324058533,0.0092311417683959,0.00862911343574524,passive,0
6.6208,rehab,safe_near_limit_fast,62.9136229634186,-666.6366008468401,272.3981640220649,-177.65117557289622,0.29156991556126677,-149.8542045478136,35.1383,0.0993,-51.3004,19.6104,0.7158,2.7251,82.91377756855276,29.27397548562229,85.2272358507213,-26.226476033528645,-89.07232496473524,-37.31414794921875,3.047339562142249,3.2650061881188117,3.700624975827661,-6.9097137451171875,-0.06785074869791667,2.9176754421657987,-2.7916,-1.1934,-0.8915,-0.02718,0.01054,0.05152,0.000896560843102634,0.0010002665221691132,0.0012017011176794767,0.00041550752939656377,0.0005005536368116736,0.0006072662072256207,0.011570200324058533,0.0092311417683959,0.00862911343574524,passive,0
6.6409,rehab,safe_near_limit_fast,63.74507470799233,-666.6335960230813,271.22042169559705,-177.64960184471747,0.29036780633969705,-149.85339700820904,34.7706,0.1369,-49.8731,14.5496,-0.0796,5.2092,82.98664357402536,29.348432333162517,85.3137735801168,-26.391491360134548,-89.07383388943143,-37.24392361111111,2.992917806795328,2.938502849918781,3.6111775011119276,-6.833733452690972,-0.06785074869791667,3.0533854166666665,-2.6529,-1.2635,-1.5793,-0.02885,0.00548,0.0553,0.000896560843102634,0.0010002665221691132,0.0012017011176794767,0.00041550752939656377,0.0005005536368116736,0.0006072662072256207,0.011570200324058533,0.0092311417683959,0.00862911343574524,passive,0
6.6611,rehab,safe_near_limit_fast,64.29713582039687,-666.6311567605761,270.4166580472065,-177.64996460787174,0.2906177578125252,-149.8538308128436,35.0614,0.0944,-49.6856,10.6379,-0.7343,6.5024,83.03502828767984,29.399488845674117,85.37182571864363,-26.501541137695312,-89.07487657335069,-37.19633314344618,2.992917806795328,3.2650061881188117,3.6675708128674196,-6.833674112955729,-0.06785074869791667,2.8498246934678817,-2.6258,-1.1504,-1.5148,-0.02345,0.00854,0.05734,0.000896560843102634,0.0010002665221691132,0.0012017011176794767,0.00041550752939656377,0.0005005536368116736,0.0006072662072256207,0.011570200324058533,0.0092311417683959,0.00862911343574524,passive,0
6.6811,rehab,safe_near_limit_fast,65.13658704305173,-666.6307372151919,269.19600719824797,-177.6517087543751,0.2918957301374195,-149.8535072167446,35.8492,0.0191,-50.5391,9.4094,-1.3018,6.4917,83.10862852795289,29.47804517085009,85.45783316734993,-26.66601392957899,-89.07644483778212,-37.12489657931857,3.1017545190187965,3.2650061881188117,3.5231848990563117,-6.6477203369140625,-0.06785074869791667,2.9176754421657987,-2.8302,-1.0891,-1.1032,-0.04058,0.00947,0.05339,0.000896560843102634,0.0010002665221691132,0.0012017011176794767,0.00041550752939656377,0.0005005536368116736,0.0006072662072256207,0.011570200324058533,0.0092311417683959,0.00862911343574524,passive,0
6.7009,rehab,safe_near_limit_fast,65.70684373690253,-666.6307851143225,268.3783827089226,-177.65307805550904,0.2929591208082364,-149.8527230623421,35.7783,-0.0282,-50.2829,10.2879,-1.5353,5.7721,83.15861768061572,29.531127627533262,85.51462758885752,-26.77554660373264,-89.07745361328125,-37.076916164822045,3.1017545190187965,3.2650061881188117,3.527073624110458,-6.833682590060763,-0.0,3.121236165364583,-2.6526,-1.1136,-1.4452,-0.02368,0.00845,0.05757,0.000896560843102634,0.0010002665221691132,0.0012017011176794767,0.00041550752939656377,0.0005005536368116736,0.0006072662072256207,0.011570200324058533,0.0092311417683959,0.00862911343574524,passive,0
6.7211,rehab,safe_near_limit_fast,66.57622840848805,-666.6316420795869,267.17631778675184,-177.65303707249234,0.29292551156972574,-149.85134264805413,35.9154,-0.0392,-50.2681,11.2975,-1.1441,5.5059,83.23484213045327,29.60983351905747,85.59808561117342,-26.939875284830727,-89.07903883192274,-37.00390285915798,3.319421144995359,3.319421144995359,3.423594106542002,-6.721360948350695,-0.0,3.0533854166666665,-2.6735,-1.1126,-0.851,-0.02498,0.01063,0.05232,0.000896560843102634,0.0010002665221691132,0.0012017011176794767,0.00041550752939656377,0.0005005536368116736,0.0006072662072256207,0.011570200324058533,0.0092311417683959,0.00862911343574524,passive,0
6.7409,rehab,safe_near_limit_fast,67.30342596806695,-666.6334988158167,266.19528168692364,-177.65143834866123,0.29174350231883417,-149.8503602288281,36.2034,-0.0275,-50.2511,12.3824,-0.2377,6.0179,83.29861178256498,29.674636538666075,85.66605671797649,-27.076407538519966,-89.08036126030815,-36.94263034396701,3.1017545190187965,3.2650061881188117,3.3493072207611387,-6.819958157009548,-0.06785074869791667,3.121236165364583,-2.7717,-1.1651,-1.5317,-0.02846,0.01848,0.05454,0.000896560843102634,0.0010002665221691132,0.0012017011176794767,0.00041550752939656377,0.0005005536368116736,0.0006072662072256207,0.011570200324058533,0.0092311417683959,0.00862911343574524,passive,0
6.761,rehab,safe_near_limit_fast,67.88532030167148,-666.6345592879695,265.4076194385936,-177.65038893441738,0.29096947654298294,-149.85065906386535,36.4309,-0.0148,-49.773,18.5888,0.67,3.1474,83.34964110119508,29.72687598502282,85.72022692991955,-27.185567220052082,-89.08145480685764,-36.89251369900173,3.1561694758953434,3.1561694758953434,3.480130186175356,-6.66945563422309,-0.13570149739583334,3.2569376627604165,-2.7364,-1.1544,-1.3187,-0.02323,0.00694,0.05803,0.000896560843102634,0.0010002665221691132,0.0012017011176794767,0.00041550752939656377,0.0005005536368116736,0.0006072662072256207,0.011570200324058533,0.0092311417683959,0.00862911343574524,passive,0
6.7809,rehab,safe_near_limit_fast,68.75329301625061,-666.6362917227583,264.2026281222342,-177.65083740993313,0.2912986628188123,-149.85275334243795,36.9839,-0.0112,-49.6176,26.5972,1.0046,-0.1688,83.4257703724474,29.80721350943688,85.80152983712678,-27.348853217230904,-89.08315022786458,-36.816109551323784,3.1561694758953434,3.373836101871906,3.447137209448484,-6.90627204047309,-0.06785074869791667,3.0533854166666665,-2.741,-1.3341,-2.3318,-0.04164,0.01264,0.05632,0.000896560843102634,0.0010002665221691132,0.0012017011176794767,0.00041550752939656377,0.0005005536368116736,0.0006072662072256207,0.011570200324058533,0.0092311417683959,0.00862911343574524,passive,0
6.8008,rehab,safe_near_limit_fast,69.34034041351099,-666.6329812134734,263.38835785846993,-177.65237119006986,0.29239847326439494,-149.8537989434178,37.144,0.0013,-49.1268,30.075,0.7344,1.8778,83.47721439777034,29.861397318320698,85.85612835270344,-27.45722452799479,-89.08432006835938,-36.76483154296875,3.319421144995359,3.428251058748453,3.4433164690980815,-6.784422132703993,-0.06785074869791667,3.2569376627604165,-2.8371,-1.2073,-1.352,-0.0449,0.01261,0.05938,0.000896560843102634,0.0010002665221691132,0.0012017011176794767,0.00041550752939656377,0.0005005536368116736,0.0006072662072256207,0.011570200324058533,0.0092311417683959,0.00862911343574524,passive,0
6.821,rehab,safe_near_limit_fast,70.24862068705647,-666.6306082374116,262.1802928251663,-177.6531942020282,0.2930576844095715,-149.85418899985945,37.7586,0.027,-49.4672,34.3755,0.2222,0.9601,83.5568108889136,29.942856590346533,85.9360919612469,-27.619840833875866,-89.08602396647136,-36.68665568033854,3.482672814095374,3.373836101871906,3.2788750676825495,-6.871973673502604,-0.13570149739583334,3.1890869140625,-2.7427,-1.1161,-1.674,-0.04203,0.01152,0.05366,0.000896560843102634,0.0010002665221691132,0.0012017011176794767,0.00041550752939656377,0.0005005536368116736,0.0006072662072256207,0.011570200324058533,0.0092311417683959,0.00862911343574524,passive,0
6.8408,rehab,safe_near_limit_fast,70.87609579536333,-666.6325240933165,261.39872269310285,-177.65153297166862,0.29182068706701747,-149.85331872020595,39.2829,0.0421,-50.7521,36.0421,-0.2111,-2.2005,83.61183090965346,29.99653731242265,85.98728444316599,-27.72830539279514,-89.08721923828125,-36.633707682291664,3.5915027278484684,3.319421144995359,3.136277151579904,-6.7657470703125,-0.06785074869791667,3.392647637261285,-2.7,-1.168,-1.7166,-0.02928,-0.00553,0.05937,0.000896560843102634,0.0010002665221691132,0.0012017011176794767,0.00041550752939656377,0.0005005536368116736,0.0006072662072256207,0.011570200324058533,0.0092311417683959,0.00862911343574524,passive,0
6.8609,rehab,safe_near_limit_fast,71.82803406135544,-666.6335690914414,260.2274796806919,-177.64897602149006,0.28987691184152087,-149.85243204522132,40.1503,0.0378,-50.5297,33.8424,-0.5021,-1.7663,83.69528893196937,30.077343931292543,86.06351569147394,-27.890870836046005,-89.08909267849393,-36.552937825520836,3.5370877709719215,3.373836101871906,3.2535983548306002,-6.608208550347222,-0.06785074869791667,3.324796888563368,-2.9226,-1.1938,-1.5942,-0.0426,0.02101,0.06037,0.000896560843102634,0.0010002665221691132,0.0012017011176794767,0.00041550752939656377,0.0005005536368116736,0.0006072662072256207,0.011570200324058533,0.0092311417683959,0.00862911343574524,passive,0
6.8808,rehab,safe_near_limit_fast,72.46529668935105,-666.6338046511756,259.4247994281458,-177.64898596665424,0.289882437627108,-149.85267966406326,39.9371,0.0024,-49.0929,34.5988,-0.692,-0.7101,83.75115196303565,30.13296901589573,86.11456540551517,-27.99910651312934,-89.09034729003906,-36.49803161621094,3.428251058748453,3.428251058748453,3.2401441819596997,-6.77641126844618,-0.13570149739583334,3.4604983859592013,-2.7355,-1.2113,-1.8433,-0.03355,0.0111,0.06017,0.000896560843102634,0.0010002665221691132,0.0012017011176794767,0.00041550752939656377,0.0005005536368116736,0.0006072662072256207,0.011570200324058533,0.0092311417683959,0.00862911343574524,passive,0
6.9011,rehab,safe_near_limit_fast,73.43834404272843,-666.6301888764821,258.1813121498689,-177.65290812162144,0.29274631699315157,-149.85310358168633,40.9209,-0.0346,-49.369,35.3056,-0.8718,4.1813,83.8364047815304,30.219377574354116,86.1915104932124,-28.160001966688366,-89.09228854709201,-36.4141591389974,3.319421144995359,3.5915027278484684,3.190250207882116,-6.567170884874132,-0.13570149739583334,3.528349134657118,-2.8859,-1.1914,-1.1044,-0.06563,0.02862,0.04999,0.000896560843102634,0.0010002665221691132,0.0012017011176794767,0.00041550752939656377,0.0005005536368116736,0.0006072662072256207,0.011570200324058533,0.0092311417683959,0.00862911343574524,passive,0
6.9208,rehab,safe_near_limit_fast,74.10127420348618,-666.6308070019676,257.3704118194019,-177.65368661585754,0.2933038557557217,-149.85278962747938,41.8726,-0.046,-50.0811,37.9175,-0.8916,5.1774,83.89451130782024,30.276586702554532,86.24113252847502,-28.267491658528645,-89.09360249837239,-36.35756598578559,3.7003394400719367,3.5915027278484684,2.9267414961711014,-6.615668402777778,-0.06785074869791667,3.528349134657118,-2.6563,-1.0941,-1.6427,-0.0204,0.00626,0.05493,0.000896560843102634,0.0010002665221691132,0.0012017011176794767,0.00041550752939656377,0.0005005536368116736,0.0006072662072256207,0.011570200324058533,0.0092311417683959,0.00862911343574524,passive,0
6.9408,rehab,safe_near_limit_fast,75.13129128531016,-666.6314756653006,256.19776597670216,-177.65125532880802,0.2915571855308823,-149.8516490904084,41.9493,-0.0483,-49.5465,44.576,-0.6166,-3.6736,83.98477459898089,30.360323462155787,86.31295156950998,-28.428531222873264,-89.09561157226562,-36.270226372612846,3.8635911091719524,3.5915027278484684,2.935939826587639,-6.761610243055555,-0.06785074869791667,3.664059109157986,-2.761,-1.1921,-1.7284,-0.02868,0.0048,0.05793,0.000896560843102634,0.0010002665221691132,0.0012017011176794767,0.00041550752939656377,0.0005005536368116736,0.0006072662072256207,0.011570200324058533,0.0092311417683959,0.00862911343574524,passive,0
6.9612,rehab,safe_near_limit_fast,75.81950418965775,-666.6352629738489,255.42815993163404,-177.64878600624786,0.2897748885183012,-149.8515117314516,43.3147,-0.0437,-49.8684,51.6602,-0.0903,-10.3733,84.0451178220239,30.416064120755337,86.35922875734839,-28.535274929470486,-89.09698486328125,-36.21120029025607,3.809169353825031,3.5915027278484684,2.951059624700263,-6.726710001627604,-0.13570149739583334,3.664059109157986,-2.7516,-1.0222,-1.4923,-0.04196,0.00893,0.05639,0.000896560843102634,0.0010002665221691132,0.0012017011176794767,0.00041550752939656377,0.0005005536368116736,0.0006072662072256207,0.011570200324058533,0.0092311417683959,0.00862911343574524,passive,0
6.9809,rehab,safe_near_limit_fast,76.68341562044633,-666.6376358740687,254.43199215503597,-177.64849396010652,0.2895643145494602,-149.85335902560908,44.5835,-0.0476,-49.8326,56.5646,0.4307,-6.8106,84.1208527819945,30.488195891427523,86.41785876585705,-28.668560451931423,-89.09879048665364,-36.135101318359375,3.8635911091719524,3.64592448319539,2.9764247176670793,-6.992984347873263,-0.13570149739583334,4.071180555555555,-2.7354,-0.8721,-1.1039,-0.03684,0.01127,0.05406,0.000896560843102634,0.0010002665221691132,0.0012017011176794767,0.00041550752939656377,0.0005005536368116736,0.0006072662072256207,0.011570200324058533,0.0092311417683959,0.00862911343574524,passive,0
7.0011,rehab,safe_near_limit_fast,77.75107695130671,-666.6385142949343,253.20461540285643,-177.65087491708746,0.2912533996199093,-149.85495852806008,45.7482,-0.0552,-49.8823,59.5097,0.6763,2.8337,84.21442012975712,30.577690955435877,86.4878490183613,-28.827777438693577,-89.10105387369792,-36.041717529296875,3.9724210229250465,3.809169353825031,2.947993514561417,-6.604783799913195,-0.0,3.9354705810546875,-2.6931,-0.9352,-1.6351,-0.02877,0.0142,0.06244,0.000896560843102634,0.0010002665221691132,0.0012017011176794767,0.00041550752939656377,0.0005005536368116736,0.0006072662072256207,0.011570200324058533,0.0092311417683959,0.00862911343574524,passive,0
7.0208,rehab,safe_near_limit_fast,78.4834660810947,-666.6375379181972,252.38907240048908,-177.65253874737894,0.29242007236901724,-149.85584282632706,47.2601,-0.0425,-50.5351,58.061,0.6533,11.5707,84.27858409315053,30.63762627025642,86.53358232856976,-28.933224148220486,-89.10262213812933,-35.97785101996528,4.190087648901609,3.809169353825031,2.8891799473526456,-6.503685845269097,-0.06785074869791667,4.139031304253472,-2.7338,-0.9617,-1.5105,-0.04176,0.01089,0.05698,0.000896560843102634,0.0010002665221691132,0.0012017011176794767,0.00041550752939656377,0.0005005536368116736,0.0006072662072256207,0.011570200324058533,0.0092311417683959,0.00862911343574524,passive,0
7.0407,rehab,safe_near_limit_fast,79.62770263179524,-666.6353652153155,251.2217336231461,-177.65054480896384,0.2910284961903822,-149.85547974646386,47.6392,-0.0123,-49.6859,49.3848,0.6061,19.8985,84.3787935464689,30.724714675752242,86.59897001663057,-29.090906778971352,-89.10497029622395,-35.87975396050347,4.244502605778156,3.5915027278484684,2.7493897995146193,-6.516503228081597,-0.13570149739583334,3.9354705810546875,-2.6791,-0.9984,-1.3932,-0.03311,0.0138,0.05784,0.000896560843102634,0.0010002665221691132,0.0012017011176794767,0.00041550752939656377,0.0005005536368116736,0.0006072662072256207,0.011570200324058533,0.0092311417683959,0.00862911343574524,passive,0
7.0612,rehab,safe_near_limit_fast,80.3986207690021,-666.6354807408421,250.4547677262925,-177.64913657452823,0.28996092408693885,-149.85552048762574,48.7081,0.0207,-49.1021,40.0459,0.7457,29.0216,84.446329551168,30.782705628045715,86.64073981861077,-29.194310506184895,-89.10664876302083,-35.813327365451386,4.298924361125077,3.5915027278484684,2.6000885916228342,-6.460808648003472,-0.06785074869791667,4.071180555555555,-2.7139,-0.9488,-2.2104,-0.03772,0.01858,0.05747,0.000896560843102634,0.0010002665221691132,0.0012017011176794767,0.00041550752939656377,0.0005005536368116736,0.0006072662072256207,0.011570200324058533,0.0092311417683959,0.00862911343574524,passive,0
7.0809,rehab,safe_near_limit_fast,81.58233987329587,-666.6397154534815,249.28085862043713,-177.65005784880458,0.29063292506253713,-149.8554146027174,50.2428,0.0305,-48.6528,30.6907,0.8587,40.5475,84.55003341825882,30.872819352858137,86.70098106459815,-29.346398247612846,-89.10917494032118,-35.71143256293403,4.298924361125077,4.026835979801594,2.4990089340965347,-6.260325113932291,-0.06785074869791667,4.47829352484809,-2.6668,-1.0278,-1.8872,-0.04382,0.01322,0.05359,0.000896560843102634,0.0010002665221691132,0.0012017011176794767,0.00041550752939656377,0.0005005536368116736,0.0006072662072256207,0.011570200324058533,0.0092311417683959,0.00862911343574524,passive,0
7.1008,rehab,safe_near_limit_fast,82.38303633431038,-666.6401805907457,248.49138146435564,-177.65218971853,0.29218187065821344,-149.85473906341906,49.9808,0.0164,-47.0897,17.1607,0.5334,55.2104,84.62014604322981,30.93368605811997,86.74036460347695,-29.445936414930554,-89.11086188422308,-35.6431155734592,4.353339318001624,3.809169353825031,2.3436842814530476,-6.017320421006945,-0.13570149739583334,4.274732801649305,-2.607,-0.9182,-1.9452,-0.0448,0.00796,0.05389,0.000896560843102634,0.0010002665221691132,0.0012017011176794767,0.00041550752939656377,0.0005005536368116736,0.0006072662072256207,0.011570200324058533,0.0092311417683959,0.00862911343574524,passive,0
7.1212,rehab,safe_near_limit_fast,83.5962701296025,-666.636557597126,247.35313784944955,-177.65416768550648,0.29369669303415535,-149.85354847256627,50.079,0.0167,-46.0837,6.4874,-0.0309,65.8783,84.7263245535369,31.022168150042543,86.79648597641747,-29.590954250759548,-89.1133795844184,-35.539754231770836,4.4077542748781715,3.482672814095374,2.186619220393719,-5.968458387586805,-0.06785074869791667,4.410442776150173,-2.5394,-0.8488,-2.0146,-0.02115,0.00901,0.05816,0.000896560843102634,0.0010002665221691132,0.0012017011176794767,0.00041550752939656377,0.0005005536368116736,0.0006072662072256207,0.011570200324058533,0.0092311417683959,0.00862911343574524,passive,0
7.141,rehab,safe_near_limit_fast,84.39788121854761,-666.6342267015909,246.6322136871998,-177.65385660697163,0.29349460331041083,-149.85324967565853,50.6146,0.0403,-45.4418,-4.2777,-0.3469,74.3135,84.79648476780051,31.078853796024134,86.83172244836788,-29.685177273220486,-89.11510891384549,-35.470945570203995,4.244502605778156,3.482672814095374,2.2367647378751547,-5.694054497612847,-0.13570149739583334,4.410442776150173,-2.5081,-0.8628,-1.3718,-0.04345,0.01561,0.05081,0.000896560843102634,0.0010002665221691132,0.0012017011176794767,0.00041550752939656377,0.0005005536368116736,0.0006072662072256207,0.011570200324058533,0.0092311417683959,0.00862911343574524,passive,0
7.1609,rehab,safe_near_limit_fast,85.5868433019731,-666.6331682971428,245.60955514521567,-177.6511240389564,0.29146809582365796,-149.8542348967692,50.1754,0.0557,-43.5561,-19.7841,-0.345,85.9533,84.90058294617303,31.160523820631575,86.8807326212968,-29.822158813476562,-89.11783854166667,-35.36738925509982,4.298924361125077,3.2650061881188117,1.867607796546256,-5.345221625434028,-0.13570149739583334,4.546152750651042,-2.6111,-0.8405,-0.9754,-0.04454,0.01451,0.05035,0.000896560843102634,0.0010002665221691132,0.0012017011176794767,0.00041550752939656377,0.0005005536368116736,0.0006072662072256207,0.011570200324058533,0.0092311417683959,0.00862911343574524,passive,0
7.1808,rehab,safe_near_limit_fast,86.56617504313498,-666.6351446854625,244.76873716063133,-177.65090676801825,0.2912946751384595,-149.85567057753275,49.51,0.0265,-41.297,-24.8392,-0.0938,91.3149,84.9863320530051,31.228617299901376,86.91849132575611,-29.93069118923611,-89.12008497450087,-35.28142293294271,4.462176030225093,3.428251058748453,1.771742565797107,-5.299580891927083,-0.06785074869791667,4.410442776150173,-2.4708,-0.8004,-1.7651,-0.03609,0.01467,0.05341,0.000896560843102634,0.0010002665221691132,0.0012017011176794767,0.00041550752939656377,0.0005005536368116736,0.0006072662072256207,0.011570200324058533,0.0092311417683959,0.00862911343574524,passive,0
7.2009,rehab,safe_near_limit_fast,87.36099705544069,-666.6355743520663,244.10699061609893,-177.65183122997954,0.2919485446786712,-149.85527125493354,48.9404,-0.016,-39.236,-30.1543,-0.1021,97.8875,85.05589400187577,31.28279431031482,86.94671177628017,-30.01386006673177,-89.12186516655815,-35.21319919162326,4.353339318001624,3.373836101871906,1.7147033993560488,-5.131590101453993,-0.13570149739583334,4.139031304253472,-2.5231,-0.7498,-1.4602,-0.04294,0.02762,0.05356,0.000896560843102634,0.0010002665221691132,0.0012017011176794767,0.00041550752939656377,0.0005005536368116736,0.0006072662072256207,0.011570200324058533,0.0092311417683959,0.00862911343574524,passive,0
7.2208,rehab,safe_near_limit_fast,88.54666965275914,-666.6325171017022,243.15421261697156,-177.6536255669618,0.2932496270322575,-149.85406920369869,48.4815,-0.0096,-37.5348,-46.2605,-0.6339,110.6133,85.15961146590733,31.361432217135288,86.98607491974784,-30.132463243272568,-89.12449306911893,-35.11202494303385,4.244502605778156,3.1561694758953434,1.4774571787012685,-4.782630072699653,-0.13570149739583334,4.071180555555555,-2.4485,-0.901,-1.6881,-0.05003,0.01356,0.04711,0.000896560843102634,0.0010002665221691132,0.0012017011176794767,0.00041550752939656377,0.0005005536368116736,0.0006072662072256207,0.011570200324058533,0.0092311417683959,0.00862911343574524,passive,0
7.2408,rehab,safe_near_limit_fast,89.32026781983716,-666.6343899524021,242.57291737732876,-177.65316222472458,0.2929518442605972,-149.85335114323394,47.4049,0.0068,-35.3385,-52.3397,-0.9228,115.4014,85.22730383542505,31.410741522760674,87.0085846551574,-30.20667182074653,-89.12623087565105,-35.04588656955295,4.244502605778156,2.884087893042234,1.365690325746442,-4.386706882052951,-0.13570149739583334,4.071180555555555,-2.1271,-0.7953,-1.2634,-0.03017,0.01615,0.04324,0.000896560843102634,0.0010002665221691132,0.0012017011176794767,0.00041550752939656377,0.0005005536368116736,0.0006072662072256207,0.011570200324058533,0.0092311417683959,0.00862911343574524,passive,0
7.2609,rehab,safe_near_limit_fast,90.45338956241906,-666.6354342217735,241.7719774337569,-177.6512270748831,0.29156052114841485,-149.85329902478495,46.0997,0.0144,-32.8777,-52.8421,-0.5356,118.0957,85.32644592889464,31.479766392471767,87.03842994010094,-30.310643513997395,-89.12890116373698,-34.947967529296875,4.190087648901609,2.7208362239422184,1.0937039214785735,-4.1418202718098955,-0.13570149739583334,4.071180555555555,-2.2611,-0.8038,-0.8105,-0.04309,0.00593,0.04432,0.000896560843102634,0.0010002665221691132,0.0012017011176794767,0.00041550752939656377,0.0005005536368116736,0.0006072662072256207,0.011570200324058533,0.0092311417683959,0.00862911343574524,passive,0
7.281,rehab,safe_near_limit_fast,91.19981303402102,-666.6365654999846,241.26505229196312,-177.65096157761005,0.2912921396885394,-149.8519385939202,45.6864,0.0096,-30.9724,-58.7841,-0.0347,127.0402,85.39174523684058,31.524269179542465,87.05550089921101,-30.374340481228298,-89.13068983289931,-34.88475375705295,4.190087648901609,2.7752511808187657,1.055224579159576,-3.789393107096354,-0.13570149739583334,4.0033213297526045,-2.2963,-0.7532,-1.7354,-0.03346,0.01243,0.04576,0.000896560843102634,0.0010002665221691132,0.0012017011176794767,0.00041550752939656377,0.0005005536368116736,0.0006072662072256207,0.011570200324058533,0.0092311417683959,0.00862911343574524,passive,0
7.301,rehab,safe_near_limit_fast,92.27475444455085,-666.6324299195453,240.53259356599244,-177.65360057011924,0.2930982547446556,-149.85133969550546,43.2579,-0.057,-27.5283,-67.1426,0.314,137.9969,85.48572049282565,31.588371956702506,87.07909159141012,-30.46139187282986,-89.13324144151476,-34.792378743489586,3.8635911091719524,2.61199951171875,0.9054746722230816,-3.450614081488715,-0.20355224609375,3.799769083658854,-2.2161,-0.6747,-1.189,-0.01723,0.01326,0.04967,0.000896560843102634,0.0010002665221691132,0.0012017011176794767,0.00041550752939656377,0.0005005536368116736,0.0006072662072256207,0.011570200324058533,0.0092311417683959,0.00862911343574524,passive,0
7.3213,rehab,safe_near_limit_fast,92.96413013493942,-666.6321039770692,240.09807009793877,-177.65452329611128,0.2937638008199643,-149.85089847050148,41.9611,-0.0734,-24.6455,-78.0492,0.9696,150.8861,85.54598893269454,31.62760592923306,87.09134923349512,-30.513381958007812,-89.13486056857639,-34.73314921061198,3.64592448319539,2.448754641089109,0.6775491544515779,-3.0560726589626737,-0.06785074869791667,3.4604983859592013,-2.118,-0.7273,-0.703,-0.0263,0.00712,0.03939,0.000896560843102634,0.0010002665221691132,0.0012017011176794767,0.00041550752939656377,0.0005005536368116736,0.0006072662072256207,0.011570200324058533,0.0092311417683959,0.00862911343574524,passive,0
7.341,rehab,safe_near_limit_fast,93.94073326764125,-666.6358616415212,239.5452808846376,-177.65382722698902,0.29328196010242047,-149.85204327222993,41.4942,0.0024,-22.0363,-88.4016,1.7717,161.9661,85.63139811600789,31.67969580924157,87.10417794709159,-30.581512451171875,-89.13727654351128,-34.64737786187066,3.5370877709719215,2.067836346012531,0.3671445940980817,-2.609074910481771,-0.13570149739583334,3.596208360460069,-2.1188,-0.6635,-0.8947,-0.03617,0.00651,0.04148,0.000896560843102634,0.0010002665221691132,0.0012017011176794767,0.00041550752939656377,0.0005005536368116736,0.0006072662072256207,0.011570200324058533,0.0092311417683959,0.00862911343574524,passive,0
7.3611,rehab,safe_near_limit_fast,94.56385813744313,-666.6360517620301,239.23099978040668,-177.65307912111157,0.2927795942524394,-149.85297865008963,39.1924,0.064,-18.636,-100.9938,2.2506,173.6294,85.68586746064743,31.71029572439666,87.10999743773205,-30.620346069335938,-89.13883633083768,-34.59242078993056,3.482672814095374,1.795747964689047,0.28456357446047337,-2.192857530381944,-0.13570149739583334,3.1890869140625,-2.0731,-0.7327,-1.2555,-0.02887,0.01599,0.04573,0.000896560843102634,0.0010002665221691132,0.0012017011176794767,0.00041550752939656377,0.0005005536368116736,0.0006072662072256207,0.011570200324058533,0.0092311417683959,0.00862911343574524,passive,0
7.3809,rehab,safe_near_limit_fast,95.47102483206103,-666.6387615078809,238.8589298671243,-177.65055738586412,0.2910234396483585,-149.85204470805152,36.9792,0.0989,-15.1225,-109.5809,2.3199,180.5594,85.76515802062384,31.749672464805073,87.11236330542233,-30.667300754123264,-89.14112514919705,-34.51460944281684,3.2105844327718907,1.5236663818359375,-0.10966612560914295,-1.6756439208984375,-0.06785074869791667,3.1890869140625,-1.8934,-0.6191,-1.0167,-0.02233,0.00628,0.03975,0.000896560843102634,0.0010002665221691132,0.0012017011176794767,0.00041550752939656377,0.0005005536368116736,0.0006072662072256207,0.011570200324058533,0.0092311417683959,0.00862911343574524,passive,0
7.4009,rehab,safe_near_limit_fast,96.03878801839194,-666.6411011971753,238.64602647172413,-177.65032731442417,0.29091625608810723,-149.85161232161684,34.1897,0.16,-11.2447,-120.6771,1.4478,180.4694,85.8147664589457,31.77331754476717,87.11126875169207,-30.691443549262154,-89.14253234863281,-34.465721978081596,3.1017545190187965,1.360414712735922,-0.06672698672455137,-1.3252088758680556,-0.06785074869791667,3.121236165364583,-1.9814,-0.5819,-0.7163,-0.02777,0.02591,0.04129,0.000896560843102634,0.0010002665221691132,0.0012017011176794767,0.00041550752939656377,0.0005005536368116736,0.0006072662072256207,0.011570200324058533,0.0092311417683959,0.00862911343574524,passive,0
7.4212,rehab,safe_near_limit_fast,96.96156120561666,-666.6234146644382,238.36847284672314,-177.6529725034835,0.29268146661543293,-149.85100475947905,31.6673,0.1954,-7.4062,-141.2963,-0.5361,187.1151,85.89524675123762,31.805181975411898,87.10687014135983,-30.717909071180554,-89.14496527777777,-34.386189778645836,2.61199951171875,0.979496417659344,-0.33523937263111075,-0.6120893690321181,-0.13570149739583334,2.6462639702690973,-2.1402,-0.6103,-1.4246,-0.02996,0.02726,0.04766,0.000896560843102634,0.0010002665221691132,0.0012017011176794767,0.00041550752939656377,0.0005005536368116736,0.0006072662072256207,0.011570200324058533,0.0092311417683959,0.00862911343574524,passive,0
7.4411,rehab,safe_near_limit_fast,97.43767205832779,-666.6195752523786,238.27324153634243,-177.6545779085777,0.2937028607000959,-149.85085279694232,29.0935,0.1544,-3.6292,-147.7036,-2.2932,190.4767,85.93679900216584,31.81924801061649,87.09980653064086,-30.724139743381077,-89.14630466037326,-34.344889322916664,2.503169597965656,0.7618297916827815,-0.5362293507793162,-0.1938205295138889,-0.13570149739583334,2.510553995768229,-2.0969,-0.619,-0.9669,-0.04491,0.02638,0.04228,0.000896560843102634,0.0010002665221691132,0.0012017011176794767,0.00041550752939656377,0.0005005536368116736,0.0006072662072256207,0.011570200324058533,0.0092311417683959,0.00862911343574524,passive,0
7.4612,rehab,safe_near_limit_fast,97.88036259577557,-666.6203812878523,238.2392577551753,-177.65475483339782,0.2938401813916081,-149.85062940619568,26.1276,0.0862,0.1435,-151.3107,-3.4318,189.5698,85.97544150777382,31.82925535900758,87.0891261336827,-30.724292331271702,-89.14750840928819,-34.30649651421441,2.2855029719890934,0.544163165706219,-0.7321136776763614,0.16271803114149305,-0.0,2.374852498372396,-1.9182,-0.6367,-1.1878,-0.04144,0.01742,0.03713,0.000896560843102634,0.0010002665221691132,0.0012017011176794767,0.00041550752939656377,0.0005005536368116736,0.0006072662072256207,0.011570200324058533,0.0092311417683959,0.00862911343574524,passive,0
7.4808,rehab,safe_near_limit_fast,98.4778593633203,-666.6197313394738,238.3084173789226,-177.65274560889497,0.29252000638935366,-149.8501922728814,23.0418,0.011,3.4456,-161.8742,-4.2255,185.6918,86.0275653801342,31.835006864944308,87.06803727858137,-30.712771945529514,-89.149169921875,-34.25470987955729,1.9589996337890625,-0.16324487062964108,-1.0336462341912902,0.8139122856987847,-0.06785074869791667,1.9677310519748263,-2.0807,-0.727,-1.3373,-0.05053,0.01362,0.03933,0.000896560843102634,0.0010002665221691132,0.0012017011176794767,0.00041550752939656377,0.0005005536368116736,0.0006072662072256207,0.011570200324058533,0.0092311417683959,0.00862911343574524,passive,0
7.5008,rehab,safe_near_limit_fast,98.83105082269279,-666.619493477466,238.42327877997982,-177.6512287291688,0.29145046933107444,-149.84941447147997,19.2035,-0.1197,6.9758,-172.0769,-4.1795,176.6841,86.05836924940053,31.833667566280553,87.0503544571376,-30.696428087022568,-89.15023803710938,-34.22452290852865,1.795747964689047,-0.16324487062964108,-1.1592275789468596,1.1906263563368056,-0.13570149739583334,1.832029554578993,-1.8709,-0.539,-1.1092,-0.03181,0.01634,0.04494,0.000896560843102634,0.0010002665221691132,0.0012017011176794767,0.00041550752939656377,0.0005005536368116736,0.0006072662072256207,0.011570200324058533,0.0092311417683959,0.00862911343574524,passive,0
7.521,rehab,safe_near_limit_fast,99.26739255383579,-666.6303757572267,238.63729823207052,-177.65198736534128,0.291977062794175,-149.8492182962562,15.875,-0.2145,11.3323,-184.2481,-3.059,172.4015,86.09646107890818,31.828983420192603,87.01932623834894,-30.66083272298177,-89.15160285101996,-34.18627421061198,1.360414712735922,-0.32649653972965653,-1.3241788656404703,1.7659081353081596,-0.06785074869791667,1.4927588568793402,-1.8827,-0.4368,-1.3783,-0.02682,0.02057,0.04264,0.000896560843102634,0.0010002665221691132,0.0012017011176794767,0.00041550752939656377,0.0005005536368116736,0.0006072662072256207,0.011570200324058533,0.0092311417683959,0.00862911343574524,passive,0
7.541,rehab,safe_near_limit_fast,99.51192353146675,-666.6298015210946,238.81136666159182,-177.6548469219729,0.29390583271034526,-149.8484426500449,12.987,-0.2234,14.3526,-191.2382,-1.4332,167.3149,86.11774708965036,31.822327717696087,86.99785666890664,-30.629823472764755,-89.15239969889323,-34.1654544406467,1.1971630436359066,-0.489748208829672,-1.3958823326790686,2.1067216661241317,-0.06785074869791667,1.2213473849826388,-1.8139,-0.3818,-1.1041,-0.02527,0.00708,0.04112,0.000896560843102634,0.0010002665221691132,0.0012017011176794767,0.00041550752939656377,0.0005005536368116736,0.0006072662072256207,0.011570200324058533,0.0092311417683959,0.00862911343574524,passive,0
7.561,rehab,safe_near_limit_fast,99.7675834081927,-666.6338985729567,239.14536330313055,-177.65943882014454,0.29696516379214166,-149.84904355259775,8.3157,-0.2432,17.6135,-194.3346,0.4481,160.4471,86.1400052816561,31.80635131231629,86.96243663825611,-30.573543972439236,-89.15341695149739,-34.14202372233073,0.7074148348062346,-0.87066650390625,-1.5041887642133354,2.589848836263021,-0.0,0.8142344156901041,-1.7624,-0.4396,-0.7388,-0.03336,0.01057,0.03718,0.000896560843102634,0.0010002665221691132,0.0012017011176794767,0.00041550752939656377,0.0005005536368116736,0.0006072662072256207,0.011570200324058533,0.0092311417683959,0.00862911343574524,passive,0
7.5808,rehab,safe_near_limit_fast,99.87598333765865,-666.6345247295286,239.44363324436884,-177.6602392158962,0.2974642867422909,-149.84967497392952,4.2225,-0.2269,20.4008,-190.439,2.5301,147.4036,86.14941436465423,31.78932794249884,86.9369627697633,-30.530387030707466,-89.15396796332465,-34.131529066297745,0.435333251953125,-1.251584798982828,-1.6294641778020575,2.886784871419271,-0.06785074869791667,0.4749637179904514,-1.7757,-0.4102,-0.8638,-0.03183,0.01441,0.03817,0.000896560843102634,0.0010002665221691132,0.0012017011176794767,0.00041550752939656377,0.0005005536368116736,0.0006072662072256207,0.011570200324058533,0.0092311417683959,0.00862911343574524,passive,0
7.6012,rehab,safe_near_limit_fast,99.90277831883515,-666.645965168644,240.09586275159174,-177.65790885836014,0.2959161946930344,-149.85429636019398,0.2599,-0.1388,23.4835,-189.7618,4.3819,133.2486,86.15171904611115,31.74927815352336,86.88783702283803,-30.444217258029514,-89.15456983778212,-34.12367078993056,-0.2720815828531095,-1.686918050935953,-1.7589342476117729,3.3435906304253473,-0.06785074869791667,-0.0,-1.7397,-0.3521,-0.7704,-0.02817,0.01447,0.03813,0.000896560843102634,0.0010002665221691132,0.0012017011176794767,0.00041550752939656377,0.0005005536368116736,0.0006072662072256207,0.011570200324058533,0.0092311417683959,0.00862911343574524,passive,0
7.6209,rehab,safe_near_limit_fast,99.86048535656833,-666.6471174493835,240.52891308497732,-177.65582821432173,0.29455795775524013,-149.85706185512345,-3.2385,-0.0457,26.3023,-188.9024,5.077,127.8754,86.1479662904645,31.720860547358445,86.85855601093557,-30.388988918728298,-89.15475633409288,-34.12405225965712,-0.32649653972965653,-1.8501697200359684,-1.8741751189279083,3.528645833333333,-0.0,-0.06785074869791667,-1.559,-0.2069,-0.5128,-0.00513,0.00896,0.03753,0.000896560843102634,0.0010002665221691132,0.0012017011176794767,0.00041550752939656377,0.0005005536368116736,0.0006072662072256207,0.011570200324058533,0.0092311417683959,0.00862911343574524,passive,0
7.6411,rehab,safe_near_limit_fast,99.76987308563392,-666.647956846866,240.9692693176085,-177.6554927093518,0.29438914775575753,-149.86075945638498,-6.6979,0.0554,28.4423,-176.4784,4.7647,118.875,86.13999168471534,31.691287201229887,86.82910503727375,-30.33023410373264,-89.15484110514323,-34.12768893771701,-0.6529998779296875,-1.8501697200359684,-1.8615707548538056,3.717829386393229,0.06785074869791667,-0.4749637179904514,-1.4866,-0.2214,-0.6079,-0.0059,0.00084,0.03801,0.000896560843102634,0.0010002665221691132,0.0012017011176794767,0.00041550752939656377,0.0005005536368116736,0.0006072662072256207,0.011570200324058533,0.0092311417683959,0.00862911343574524,passive,0
7.6612,rehab,safe_near_limit_fast,99.56821196819335,-666.6458382526644,241.68427715361236,-177.6548945126983,0.2937639287980716,-149.859016901809,-10.1969,0.176,30.7918,-170.9606,3.6261,106.6992,86.12226807244933,31.64199149254525,86.78346690565053,-30.235638088650173,-89.15484110514323,-34.146126641167534,-0.7618297916827815,-2.0134145906656093,-1.9188954570505878,4.139361911349826,-0.0,-1.0177951388888888,-1.5071,-0.2505,-0.0399,-0.01923,0.01033,0.03163,0.000896560843102634,0.0010002665221691132,0.0012017011176794767,0.00041550752939656377,0.0005005536368116736,0.0006072662072256207,0.011570200324058533,0.0092311417683959,0.00862911343574524,passive,0
7.681,rehab,safe_near_limit_fast,99.39825881619664,-666.639351504645,242.1848043626638,-177.6555034187175,0.29391809029734534,-149.85545255925354,-13.5363,0.2734,32.5436,-172.2351,1.6157,95.5983,86.10731823609606,31.6065510664836,86.75263584250271,-30.168287489149304,-89.15477328830295,-34.16391160753038,-1.0339181730062654,-2.2855029719890934,-1.925299616143255,4.2440032958984375,0.06785074869791667,-1.2213473849826388,-1.6325,-0.2977,-0.8438,-0.01837,0.0062,0.03592,0.000896560843102634,0.0010002665221691132,0.0012017011176794767,0.00041550752939656377,0.0005005536368116736,0.0006072662072256207,0.011570200324058533,0.0092311417683959,0.00862911343574524,passive,0
7.701,rehab,safe_near_limit_fast,99.04731194521189,-666.6307452897308,242.99438883168057,-177.65543956624342,0.2934026629589743,-149.85087750183655,-17.3253,0.2866,34.9353,-173.7219,-0.533,87.1146,86.0765279637705,31.548152205967668,86.70507374376353,-30.061730278862846,-89.15452745225694,-34.19811672634548,-1.5780813387124846,-2.61199951171875,-2.0156988767114017,4.629279242621528,-0.0,-1.6284688313802083,-1.5816,-0.2322,-0.3897,-0.00973,0.00596,0.03777,0.000896560843102634,0.0010002665221691132,0.0012017011176794767,0.00041550752939656377,0.0005005536368116736,0.0006072662072256207,0.011570200324058533,0.0092311417683959,0.00862911343574524,passive,0
7.721,rehab,safe_near_limit_fast,98.74648909104306,-666.6245263250611,243.56855826405933,-177.65531267952883,0.2929961205434996,-149.84909192468743,-20.3166,0.2132,36.5509,-172.7243,-2.1961,81.1828,86.05016349565865,31.505906511061262,86.67278100948522,-29.986775716145832,-89.15423923068576,-34.22544691297743,-1.7413330078125,-2.7208362239422184,-2.0067112988764695,4.744517008463542,0.06785074869791667,-1.832029554578993,-1.7021,-0.2808,-0.4752,-0.02218,0.00202,0.03542,0.000896560843102634,0.0010002665221691132,0.0012017011176794767,0.00041550752939656377,0.0005005536368116736,0.0006072662072256207,0.011570200324058533,0.0092311417683959,0.00862911343574524,passive,0
7.741,rehab,safe_near_limit_fast,98.19075505999672,-666.6215551014063,244.47922354175134,-177.6533434780018,0.29127884877805066,-149.84874800415244,-23.7611,0.1235,37.4272,-163.3564,-3.2171,69.0231,86.00152723860032,31.438377304832535,86.62322695892637,-29.87097846137153,-89.15352715386284,-34.27314758300781,-2.122251302889078,-2.992917806795328,-2.105649438234839,4.9027252197265625,0.06785074869791667,-2.0355902777777777,-1.6901,-0.4878,-0.8308,-0.03242,0.01107,0.03342,0.000896560843102634,0.0010002665221691132,0.0012017011176794767,0.00041550752939656377,0.0005005536368116736,0.0006072662072256207,0.011570200324058533,0.0092311417683959,0.00862911343574524,passive,0
7.7612,rehab,safe_near_limit_fast,97.77515043923937,-666.6195886648277,245.10893430888822,-177.6520129546032,0.2902894275134295,-149.8482463603463,-27.2788,0.0348,38.8641,-152.1324,-3.3698,55.2301,85.96513502668626,31.391297897489945,86.58955413516205,-29.790895250108505,-89.15278964572482,-34.30914984809028,-2.448754641089109,-2.884087893042234,-2.0921408776009436,5.033866034613715,0.13570149739583334,-2.4427032470703125,-1.3789,-0.157,-0.5416,0.01179,0.0039,0.03772,0.000896560843102634,0.0010002665221691132,0.0012017011176794767,0.00041550752939656377,0.0005005536368116736,0.0006072662072256207,0.011570200324058533,0.0092311417683959,0.00862911343574524,passive,0
7.7811,rehab,safe_near_limit_fast,97.07137274354031,-666.6220113287374,246.06001468091648,-177.65178812715888,0.29019333367465505,-149.8485665024175,-30.5629,-0.0281,40.3808,-142.3685,-2.4039,45.6239,85.90353408662399,31.31992755549969,86.53826647465772,-29.666832817925346,-89.15135701497395,-34.369049072265625,-2.8296661376953125,-3.1017545190187965,-2.1433741503422805,5.253185696072048,0.06785074869791667,-2.5784132215711804,-1.5838,-0.2486,-0.6548,-0.0144,0.01275,0.03666,0.000896560843102634,0.0010002665221691132,0.0012017011176794767,0.00041550752939656377,0.0005005536368116736,0.0006072662072256207,0.011570200324058533,0.0092311417683959,0.00862911343574524,passive,0
7.8009,rehab,safe_near_limit_fast,96.55921955094162,-666.6250213339817,246.6999565629321,-177.65225543020512,0.29077252961854705,-149.84919488993404,-33.185,-0.0494,41.328,-132.7257,-0.751,40.9081,85.85869137603457,31.271638020430462,86.50387301303373,-29.58224826388889,-89.15011935763889,-34.412316216362846,-2.884087893042234,-2.938502849918781,-2.209489274733137,5.341152615017361,0.06785074869791667,-2.714114718967014,-1.6078,-0.2108,-0.1233,-0.01861,0.01828,0.03636,0.000896560843102634,0.0010002665221691132,0.0012017011176794767,0.00041550752939656377,0.0005005536368116736,0.0006072662072256207,0.011570200324058533,0.0092311417683959,0.00862911343574524,passive,0
7.8208,rehab,safe_near_limit_fast,95.88330238004627,-666.6276300015478,247.5071892176893,-177.65329819582877,0.29179385201768376,-149.84908768524608,-35.1918,-0.0374,41.5914,-116.9464,0.5248,35.0945,85.79950389295522,31.210322616123918,86.46095426956026,-29.474978976779514,-89.14846632215712,-34.470409817165795,-2.938502849918781,-3.1561694758953434,-2.2367035516417855,5.435265435112847,0.06785074869791667,-2.985526190863715,-1.5553,-0.138,-0.0876,-0.02149,0.0209,0.03543,0.000896560843102634,0.0010002665221691132,0.0012017011176794767,0.00041550752939656377,0.0005005536368116736,0.0006072662072256207,0.011570200324058533,0.0092311417683959,0.00862911343574524,passive,0
7.8409,rehab,safe_near_limit_fast,95.0172079979534,-666.624995722416,248.5195324471707,-177.65278941621972,0.29169532055111325,-149.84840779269337,-37.0448,-0.0188,41.6323,-93.2524,0.9433,19.1921,85.72364656051786,31.132561711981744,86.40946265494469,-29.344134860568577,-89.14642333984375,-34.54547458224826,-3.319421144995359,-3.319421144995359,-2.2213594040068068,5.467478434244792,0.13570149739583334,-3.2569376627604165,-1.5679,-0.4642,-0.4677,-0.02802,0.00932,0.03305,0.000896560843102634,0.0010002665221691132,0.0012017011176794767,0.00041550752939656377,0.0005005536368116736,0.0006072662072256207,0.011570200324058533,0.0092311417683959,0.00862911343574524,passive,0
7.8612,rehab,safe_near_limit_fast,94.40956311682208,-666.6235418758611,249.21074810002375,-177.65203095662093,0.2913461430411871,-149.84772849003642,-39.4713,0.0173,42.552,-85.6794,0.6766,10.3515,85.67042813442721,31.079411270594832,86.37458650192411,-29.255472819010414,-89.14497375488281,-34.59837171766493,-3.5915027278484684,-3.2650061881188117,-2.1361745702158106,5.473386976453993,0.06785074869791667,-3.324796888563368,-1.4798,-0.2192,0.3317,-0.00043,0.0025,0.0334,0.000896560843102634,0.0010002665221691132,0.0012017011176794767,0.00041550752939656377,0.0005005536368116736,0.0006072662072256207,0.011570200324058533,0.0092311417683959,0.00862911343574524,passive,0
7.8809,rehab,safe_near_limit_fast,93.44448029170333,-666.6230371802924,250.24071145933686,-177.65168366326833,0.29127614396680934,-149.84730440608092,-41.3853,0.0618,43.1948,-91.8233,-0.0086,12.7676,85.5859367446144,30.999821577921953,86.32291812707882,-29.122238159179688,-89.14274427625868,-34.681786431206596,-3.428251058748453,-3.2650061881188117,-2.2101759202409497,5.687620374891493,0.13570149739583334,-3.528349134657118,-1.701,-0.3483,-0.5029,-0.01392,0.01025,0.03687,0.000896560843102634,0.0010002665221691132,0.0012017011176794767,0.00041550752939656377,0.0005005536368116736,0.0006072662072256207,0.011570200324058533,0.0092311417683959,0.00862911343574524,passive,0
7.9011,rehab,safe_near_limit_fast,92.77337551193519,-666.6230683528346,250.91037133514226,-177.6528897327845,0.292222577873485,-149.84687192620876,-42.8682,0.0514,43.2495,-93.6106,-0.8486,11.6863,85.527184363639,30.94775889179494,86.28917731861077,-29.03329637315538,-89.14117601182726,-34.73997328016493,-3.754754396948484,-3.2105844327718907,-2.1422727981416307,5.556606716579861,0.13570149739583334,-3.664059109157986,-1.6559,-0.3196,-0.7401,-0.00926,0.01085,0.04024,0.000896560843102634,0.0010002665221691132,0.0012017011176794767,0.00041550752939656377,0.0005005536368116736,0.0006072662072256207,0.011570200324058533,0.0092311417683959,0.00862911343574524,passive,0
7.9211,rehab,safe_near_limit_fast,91.72239487870485,-666.6231809450171,251.9179003788055,-177.654887542281,0.29370547471026215,-149.84763824057342,-43.5659,-0.0105,42.3226,-89.7963,-1.4846,3.8743,85.43519426100325,30.86912778344485,86.23884824242923,-28.899366590711804,-89.13881089952257,-34.82969495985243,-3.8635911091719524,-3.373836101871906,-2.100618570157797,5.525546603732638,0.06785074869791667,-3.799769083658854,-1.6575,-0.335,-1.1026,0.00105,0.0114,0.03746,0.000896560843102634,0.0010002665221691132,0.0012017011176794767,0.00041550752939656377,0.0005005536368116736,0.0006072662072256207,0.011570200324058533,0.0092311417683959,0.00862911343574524,passive,0
7.9412,rehab,safe_near_limit_fast,91.00149379981826,-666.6234463646398,252.6121513061344,-177.6540990663104,0.29315246365709535,-149.8473768957256,-45.4633,-0.0693,42.4158,-79.1603,-1.8095,-11.3345,85.37210445592899,30.815059548557393,86.20498506149443,-28.810670640733505,-89.13721720377605,-34.89204406738281,-4.026835979801594,-3.428251058748453,-2.1461411277846536,5.603264702690972,0.20355224609375,-3.799769083658854,-1.7262,-0.3611,-0.1978,-0.0266,-0.00645,0.03565,0.000896560843102634,0.0010002665221691132,0.0012017011176794767,0.00041550752939656377,0.0005005536368116736,0.0006072662072256207,0.011570200324058533,0.0092311417683959,0.00862911343574524,passive,0
7.9612,rehab,safe_near_limit_fast,89.89302861230884,-666.6212575107334,253.6544324062331,-177.65194067363012,0.2917502427534801,-149.84681113034276,-49.095,-0.1034,43.681,-67.222,-1.628,-28.1014,85.27506308980507,30.733437113242573,86.1553154369392,-28.679283989800346,-89.13464864095052,-34.988157484266495,-4.298924361125077,-3.5370877709719215,-2.132761738087871,5.526487562391493,0.06785074869791667,-4.0033213297526045,-1.7417,-0.4049,-0.1493,-0.014,0.00144,0.03863,0.000896560843102634,0.0010002665221691132,0.0012017011176794767,0.00041550752939656377,0.0005005536368116736,0.0006072662072256207,0.011570200324058533,0.0092311417683959,0.00862911343574524,passive,0
7.9808,rehab,safe_near_limit_fast,89.12953550194139,-666.6237746664547,254.34061870130782,-177.65033577683934,0.29070909729989536,-149.8471332552282,-49.7897,-0.1207,42.6052,-52.5843,-0.6152,-41.5975,85.20825452143603,30.679878763633198,86.1223836464457,-28.592885335286457,-89.13287692599826,-35.05366007486979,-4.298924361125077,-3.319421144995359,-2.063682480613784,5.219429863823785,0.13570149739583334,-4.206882052951388,-1.9418,-0.5154,-0.3556,-0.02975,0.0032,0.03836,0.000896560843102634,0.0010002665221691132,0.0012017011176794767,0.00041550752939656377,0.0005005536368116736,0.0006072662072256207,0.011570200324058533,0.0092311417683959,0.00862911343574524,passive,0
8.0009,rehab,safe_near_limit_fast,87.94871522867426,-666.6320100357649,255.32753483427672,-177.64961183080146,0.2902472187737895,-149.8490078429419,-50.0101,-0.1241,41.0925,-30.8721,0.698,-56.6533,85.1049789579788,30.60263454323948,86.07462439206567,-28.465957641601562,-89.13021511501736,-35.15362209743923,-4.298924361125077,-3.1561694758953434,-1.9253472054358756,5.146586100260417,0.06785074869791667,-4.47829352484809,-1.8221,-0.5291,-0.7229,-0.02481,0.00194,0.04189,0.000896560843102634,0.0010002665221691132,0.0012017011176794767,0.00041550752939656377,0.0005005536368116736,0.0006072662072256207,0.011570200324058533,0.0092311417683959,0.00862911343574524,passive,0
8.0208,rehab,safe_near_limit_fast,87.15612725815059,-666.633687046737,255.95464924549987,-177.65042046723877,0.29083368764571604,-149.84978835658862,-50.3168,-0.1046,39.7441,-3.0575,1.3543,-75.67,85.03562776168974,30.55283574774714,86.044867487237,-28.38351779513889,-89.12840949164496,-35.221260918511284,-4.244502605778156,-2.938502849918781,-1.837442983495127,4.9800872802734375,0.13570149739583334,-4.342592027452257,-1.8869,-0.4443,0.0915,-0.01848,0.00706,0.04104,0.000896560843102634,0.0010002665221691132,0.0012017011176794767,0.00041550752939656377,0.0005005536368116736,0.0006072662072256207,0.011570200324058533,0.0092311417683959,0.00862911343574524,passive,0
8.0409,rehab,safe_near_limit_fast,85.75594462200652,-666.6356612197741,257.00781932997694,-177.65292728793492,0.29264334519809104,-149.85040086185793,-50.082,-0.0708,37.994,15.6107,1.3176,-86.5201,84.91309893013226,30.468616296749303,85.99529304126702,-28.243272569444443,-89.1251712375217,-35.341593424479164,-4.353339318001624,-2.992917806795328,-1.6687865304474783,4.71954345703125,0.13570149739583334,-4.342592027452257,-1.9462,-0.4244,-0.0647,-0.01603,0.00749,0.04013,0.000896560843102634,0.0010002665221691132,0.0012017011176794767,0.00041550752939656377,0.0005005536368116736,0.0006072662072256207,0.011570200324058533,0.0092311417683959,0.00862911343574524,passive,0
8.0609,rehab,safe_near_limit_fast,84.94353329851916,-666.6344466402047,257.6044376748396,-177.65328791961562,0.29285969273223367,-149.85130386557273,-49.8451,-0.0095,36.3702,8.7738,0.9787,-75.7774,84.842000526957,30.420483126498684,85.96840509093634,-28.1658935546875,-89.12334865993924,-35.41091071234809,-4.462176030225093,-2.992917806795328,-1.6492205327100093,4.70046149359809,0.06785074869791667,-4.139031304253472,-2.0053,-0.5826,-0.012,-0.01912,-0.00861,0.04555,0.000896560843102634,0.0010002665221691132,0.0012017011176794767,0.00041550752939656377,0.0005005536368116736,0.0006072662072256207,0.011570200324058533,0.0092311417683959,0.00862911343574524,passive,0
8.0809,rehab,safe_near_limit_fast,84.12771875613059,-666.6347849323156,258.1976694350769,-177.65211386549905,0.2920215121158931,-149.8525604371244,-49.1736,0.0359,34.6192,1.8498,0.579,-61.9521,84.77061658802599,30.372723872118655,85.94219018917272,-28.091422186957466,-89.12149217393663,-35.48018561469184,-4.462176030225093,-2.938502849918781,-1.5872728706586479,4.603407118055555,0.06785074869791667,-4.139031304253472,-2.0708,-0.5449,-0.2733,0.00327,0.00486,0.04755,0.000896560843102634,0.0010002665221691132,0.0012017011176794767,0.00041550752939656377,0.0005005536368116736,0.0006072662072256207,0.011570200324058533,0.0092311417683959,0.00862911343574524,passive,0
8.1011,rehab,safe_near_limit_fast,82.9344653641406,-666.6327477367739,259.0577330237795,-177.6501172622594,0.2906486626790686,-149.85233957645494,-48.9249,0.0063,33.2576,2.3426,0.1229,-54.1839,84.666164889194,30.303345481948096,85.90450626788753,-27.983881632486977,-89.11866082085503,-35.58362325032552,-4.298924361125077,-2.7752511808187657,-1.597069466468131,4.3711598714192705,0.06785074869791667,-4.342592027452257,-2.1267,-0.6097,-0.1985,-0.02646,0.00688,0.04302,0.000896560843102634,0.0010002665221691132,0.0012017011176794767,0.00041550752939656377,0.0005005536368116736,0.0006072662072256207,0.011570200324058533,0.0092311417683959,0.00862911343574524,passive,0
8.1211,rehab,safe_near_limit_fast,82.15327198368647,-666.6319258100011,259.5858338621573,-177.6508909551881,0.2912476268827468,-149.8504456680659,-49.2825,-0.0317,32.5586,-0.6449,-0.2499,-43.67,84.59777227722772,30.260508320119122,85.88078640475132,-27.91439480251736,-89.11673651801215,-35.65311855740017,-4.298924361125077,-2.6664212670656715,-1.4371830402034345,4.367260403103298,0.13570149739583334,-4.206882052951388,-2.1654,-0.7729,-0.9501,-0.03174,0.00342,0.04545,0.000896560843102634,0.0010002665221691132,0.0012017011176794767,0.00041550752939656377,0.0005005536368116736,0.0006072662072256207,0.011570200324058533,0.0092311417683959,0.00862911343574524,passive,0
8.1408,rehab,safe_near_limit_fast,80.95917783772973,-666.6325595833243,260.34215768591065,-177.65334853783963,0.2930211170209481,-149.84971775879995,-50.8428,-0.0467,32.8254,-1.1027,-0.3479,-33.3581,84.49326619063274,30.198723821356744,85.84688923146464,-27.81275431315104,-89.11389668782552,-35.757200453016495,-4.244502605778156,-2.503169597965656,-1.4399704130569306,4.2370351155598955,0.13570149739583334,-4.274732801649305,-2.1602,-0.7486,-0.6025,-0.02759,-0.00516,0.04104,0.000896560843102634,0.0010002665221691132,0.0012017011176794767,0.00041550752939656377,0.0005005536368116736,0.0006072662072256207,0.011570200324058533,0.0092311417683959,0.00862911343574524,passive,0
8.1608,rehab,safe_near_limit_fast,80.14444752736354,-666.6337577200168,260.840803958343,-177.65443119557872,0.29381814124956396,-149.85071705436857,-50.1489,-0.0333,31.9065,0.3948,0.0172,-25.1579,84.42197743028697,30.157837820525216,85.82502535074065,-27.746700710720486,-89.1119893391927,-35.82673814561632,-4.571005943978187,-2.557584554842203,-1.3632836672339108,4.173626369900173,0.13570149739583334,-4.342592027452257,-2.2113,-0.829,-0.6046,-0.0234,0.00559,0.04605,0.000896560843102634,0.0010002665221691132,0.0012017011176794767,0.00041550752939656377,0.0005005536368116736,0.0006072662072256207,0.011570200324058533,0.0092311417683959,0.00862911343574524,passive,0
8.1811,rehab,safe_near_limit_fast,78.91312057674543,-666.6399044897055,261.61510702387017,-177.65229058187225,0.29220014586154897,-149.8543025298038,-48.9852,-0.0174,30.5545,5.7164,0.783,-21.811,84.31430325649752,30.095285094610535,85.79133213156521,-27.650231255425346,-89.1092512342665,-35.929718017578125,-4.516590987101639,-2.557584554842203,-1.4255916482151145,3.9597490098741317,0.13570149739583334,-4.342592027452257,-2.3926,-0.7222,-0.4634,-0.02994,0.00481,0.04727,0.000896560843102634,0.0010002665221691132,0.0012017011176794767,0.00041550752939656377,0.0005005536368116736,0.0006072662072256207,0.011570200324058533,0.0092311417683959,0.00862911343574524,passive,0
8.2008,rehab,safe_near_limit_fast,78.10356125785198,-666.6394028993227,262.12978600535496,-177.65062760524202,0.2909930057306439,-149.85524176627723,-49.576,-0.0035,30.6188,11.8088,1.2051,-21.1916,84.2434563967261,30.05347450180809,85.7694138630782,-27.58660210503472,-89.10736931694878,-35.99889119466146,-4.353339318001624,-2.557584554842203,-1.3766222661084468,3.90425788031684,0.13570149739583334,-4.071180555555555,-2.4245,-0.895,-1.1343,-0.03478,0.00999,0.05242,0.000896560843102634,0.0010002665221691132,0.0012017011176794767,0.00041550752939656377,0.0005005536368116736,0.0006072662072256207,0.011570200324058533,0.0092311417683959,0.00862911343574524,passive,0
8.2208,rehab,safe_near_limit_fast,76.91082811111002,-666.6357691122032,262.8878541688704,-177.64867425202323,0.2896713043625225,-149.85514974547746,-49.1328,0.0267,30.3152,9.9248,1.0291,-16.157,84.13902509330522,29.991921151038444,85.73681519763305,-27.491878933376736,-89.1044701470269,-36.1023203531901,-4.081257735148514,-2.557584554842203,-1.4219000788018255,3.993860880533854,0.13570149739583334,-4.206882052951388,-2.3909,-0.7937,-1.014,-0.01015,-0.0009,0.05372,0.000896560843102634,0.0010002665221691132,0.0012017011176794767,0.00041550752939656377,0.0005005536368116736,0.0006072662072256207,0.011570200324058533,0.0092311417683959,0.00862911343574524,passive,0
8.2409,rehab,safe_near_limit_fast,76.12171991010464,-666.6337340583127,263.3718666451812,-177.64906035331072,0.2899760091403163,-149.85402283256883,-49.0098,0.056,30.1005,-7.8417,0.6473,-0.5003,84.06993223889039,29.952666783096767,85.71514847254988,-27.428495619032116,-89.10255432128906,-36.171815660264755,-4.298924361125077,-2.503169597965656,-1.3048984036587252,4.0016428629557295,0.13570149739583334,-4.206882052951388,-2.3355,-0.7829,-0.7106,-0.00101,-0.00823,0.05309,0.000896560843102634,0.0010002665221691132,0.0012017011176794767,0.00041550752939656377,0.0005005536368116736,0.0006072662072256207,0.011570200324058533,0.0092311417683959,0.00862911343574524,passive,0
8.261,rehab,safe_near_limit_fast,75.33560955558862,-666.6306736635662,263.84475858015156,-177.6504006608867,0.2909035332717559,-149.85253118340646,-49.1694,0.0789,30.0311,-27.5752,0.2769,17.9797,84.00109772634978,29.914248627011137,85.69364491075572,-27.36496819390191,-89.10069783528645,-36.24142116970486,-4.298924361125077,-2.3399179288656407,-1.37532375826694,3.970667521158854,0.13570149739583334,-4.410442776150173,-2.3341,-0.868,-0.6139,-0.01307,-0.00821,0.04801,0.000896560843102634,0.0010002665221691132,0.0012017011176794767,0.00041550752939656377,0.0005005536368116736,0.0006072662072256207,0.011570200324058533,0.0092311417683959,0.00862911343574524,passive,0
8.2811,rehab,safe_near_limit_fast,73.95590320295835,-666.6339565513797,264.6720018901504,-177.652621918159,0.29253264081928226,-149.8507464460892,-49.3841,0.0668,30.1029,-23.0659,-0.117,20.4078,83.88035689250077,29.848439433787128,85.65375148659885,-27.25306193033854,-89.09740871853299,-36.36267768012153,-4.298924361125077,-2.3943328857421875,-1.3584839471495977,3.996022542317708,0.13570149739583334,-4.410442776150173,-2.5125,-0.8015,-0.6304,-0.00513,-0.00317,0.04972,0.000896560843102634,0.0010002665221691132,0.0012017011176794767,0.00041550752939656377,0.0005005536368116736,0.0006072662072256207,0.011570200324058533,0.0092311417683959,0.00862911343574524,passive,0
8.3014,rehab,safe_near_limit_fast,73.16632070960569,-666.6311270183156,265.15474312260125,-177.65350348700184,0.29327438277473383,-149.8498218605833,-50.4274,0.0366,30.8621,-11.5681,-0.5667,16.4113,83.81120285185257,29.80985131594214,85.63096301390392,-27.18855963812934,-89.095458984375,-36.43202039930556,-4.462176030225093,-2.2855029719890934,-1.5005379856222927,4.0926361083984375,0.06785074869791667,-4.206882052951388,-2.6782,-0.8918,-0.4201,-0.02504,0.00428,0.05071,0.000896560843102634,0.0010002665221691132,0.0012017011176794767,0.00041550752939656377,0.0005005536368116736,0.0006072662072256207,0.011570200324058533,0.0092311417683959,0.00862911343574524,passive,0
8.3212,rehab,safe_near_limit_fast,71.96644836805756,-666.6319102146481,265.8973382704086,-177.6536290925178,0.2933387707149333,-149.84986664312984,-51.4002,0.0253,31.7853,-7.1304,-0.9071,16.8406,83.70619367844988,29.7515068431892,85.5948563377456,-27.091005113389755,-89.09268697102864,-36.53587341308594,-4.571005943978187,-2.448754641089109,-1.489075764571086,4.009806315104167,0.13570149739583334,-4.342592027452257,-2.5913,-0.9249,-0.9287,-0.01804,-0.00197,0.04795,0.000896560843102634,0.0010002665221691132,0.0012017011176794767,0.00041550752939656377,0.0005005536368116736,0.0006072662072256207,0.011570200324058533,0.0092311417683959,0.00862911343574524,passive,0
8.3412,rehab,safe_near_limit_fast,71.15823786869186,-666.6292807290647,266.39693055524214,-177.6538966878825,0.2934400815319277,-149.85011301858933,-51.881,0.0213,32.5368,1.5146,-0.9951,14.2692,83.6354419972637,29.712096110428913,85.57076255873878,-27.025231255425346,-89.09088982476128,-36.605631510416664,-4.353339318001624,-2.557584554842203,-1.5293838954207921,4.061847262912326,0.13570149739583334,-4.139031304253472,-2.5558,-0.9657,-0.3737,-0.00695,0.00603,0.05198,0.000896560843102634,0.0010002665221691132,0.0012017011176794767,0.00041550752939656377,0.0005005536368116736,0.0006072662072256207,0.011570200324058533,0.0092311417683959,0.00862911343574524,passive,0
8.361,rehab,safe_near_limit_fast,69.94624313762388,-666.6302959081403,267.1723135799608,-177.65202744762345,0.29209722175792985,-149.8512362837672,-50.7769,0.0027,32.2383,8.8082,-0.7618,10.6895,83.5293722624826,29.65219478796024,85.5323308057124,-26.926227145724827,-89.08807542588976,-36.709442138671875,-4.462176030225093,-2.448754641089109,-1.5730164782835705,4.0511830647786455,0.06785074869791667,-4.274732801649305,-2.4887,-0.9582,-0.9538,0.00028,-0.00078,0.05541,0.000896560843102634,0.0010002665221691132,0.0012017011176794767,0.00041550752939656377,0.0005005536368116736,0.0006072662072256207,0.011570200324058533,0.0092311417683959,0.00862911343574524,passive,0
8.3808,rehab,safe_near_limit_fast,69.1388184631955,-666.6283820856293,267.6852405523539,-177.65161509975394,0.2918170804948018,-149.85190465015768,-48.9116,-0.0191,31.2532,12.5589,-0.3587,7.4235,83.45868176752978,29.612505317914604,85.50663258769724,-26.859351264105904,-89.08620198567708,-36.77870008680556,-4.353339318001624,-2.3943328857421875,-1.6744564547397123,4.12168714735243,0.13570149739583334,-4.342592027452257,-2.6021,-0.9521,-0.1934,-0.01315,0.00888,0.05225,0.000896560843102634,0.0010002665221691132,0.0012017011176794767,0.00041550752939656377,0.0005005536368116736,0.0006072662072256207,0.011570200324058533,0.0092311417683959,0.00862911343574524,passive,0
8.4012,rehab,safe_near_limit_fast,67.93919678464906,-666.6301367589358,268.45349008128017,-177.65102667809376,0.2913826905813783,-149.85192647448574,-49.6773,-0.0291,31.9131,13.6574,-0.0436,4.3718,83.35369978800858,29.55410645739867,85.4664128369624,-26.75848219129774,-89.08342997233073,-36.88251071506076,-4.516590987101639,-2.448754641089109,-1.7171372517500774,4.24849616156684,0.13570149739583334,-4.206882052951388,-2.727,-0.993,-0.5754,-0.03144,0.00965,0.05458,0.000896560843102634,0.0010002665221691132,0.0012017011176794767,0.00041550752939656377,0.0005005536368116736,0.0006072662072256207,0.011570200324058533,0.0092311417683959,0.00862911343574524,passive,0
8.4208,rehab,safe_near_limit_fast,67.14737258149631,-666.6304141321099,268.9680963705719,-177.651022673207,0.291286994908876,-149.8510212814696,-50.0521,-0.0334,32.4089,6.8953,0.0498,5.4235,83.28440297948252,29.5153007885017,85.43880424877204,-26.69013129340278,-89.08165825737846,-36.951938205295136,-4.462176030225093,-2.3943328857421875,-1.7047164463760829,4.26544189453125,0.13570149739583334,-4.274732801649305,-2.8284,-1.048,-0.6793,-0.01873,0.00206,0.05614,0.000896560843102634,0.0010002665221691132,0.0012017011176794767,0.00041550752939656377,0.0005005536368116736,0.0006072662072256207,0.011570200324058533,0.0092311417683959,0.00862911343574524,passive,0
8.441,rehab,safe_near_limit_fast,65.95894237126355,-666.6331801362751,269.73501240964447,-177.65147192709856,0.2916600418329365,-149.8508843220321,-49.8473,-0.02,32.5236,-7.9571,-0.0085,12.4308,83.1804067781656,29.45805766794941,85.39645657681002,-26.586990356445312,-89.07890319824219,-37.054901123046875,-4.4077542748781715,-2.448754641089109,-1.764787730604115,4.498223198784722,0.06785074869791667,-4.139031304253472,-2.8015,-1.0768,-0.4892,-0.01542,0.00207,0.05114,0.000896560843102634,0.0010002665221691132,0.0012017011176794767,0.00041550752939656377,0.0005005536368116736,0.0006072662072256207,0.011570200324058533,0.0092311417683959,0.00862911343574524,passive,0
8.4609,rehab,safe_near_limit_fast,65.15299414353694,-666.634883562016,270.2571013648966,-177.6514681656923,0.29167289989292433,-149.85143928421553,-50.454,-0.0042,33.129,-21.2609,-0.1688,21.125,83.10988624497216,29.419299588345066,85.36744070525216,-26.517215304904514,-89.07706366644965,-37.12407430013021,-4.462176030225093,-2.448754641089109,-1.809372099319307,4.479870266384548,0.13570149739583334,-4.274732801649305,-2.6197,-1.039,-0.2034,0.0013,-0.00784,0.05692,0.000896560843102634,0.0010002665221691132,0.0012017011176794767,0.00041550752939656377,0.0005005536368116736,0.0006072662072256207,0.011570200324058533,0.0092311417683959,0.00862911343574524,passive,0
8.4808,rehab,safe_near_limit_fast,64.13844856004641,-666.6306825305503,270.9243077716104,-177.6509812996998,0.291332949890002,-149.85271239599226,-50.3273,0.0021,33.2168,-11.9279,-0.3395,17.3308,83.02105063259012,29.369371621915608,85.33125924591971,-26.42919752332899,-89.0747578938802,-37.210634019639755,-4.462176030225093,-2.503169597965656,-1.8292100358717511,4.3883514404296875,0.13570149739583334,-4.47829352484809,-2.7825,-1.0562,-0.3509,-0.0189,-0.00222,0.05584,0.000896560843102634,0.0010002665221691132,0.0012017011176794767,0.00041550752939656377,0.0005005536368116736,0.0006072662072256207,0.011570200324058533,0.0092311417683959,0.00862911343574524,passive,0
8.501,rehab,safe_near_limit_fast,62.916392691074726,-666.6321855357179,271.74181987598666,-177.64955338933564,0.290238133422263,-149.85418360449808,-50.2779,-0.0131,33.2291,9.1857,-0.3163,7.7344,82.91412429054185,29.309579074972927,85.28507723666654,-26.32200453016493,-89.07202826605902,-37.3148685031467,-4.462176030225093,-2.448754641089109,-1.8983640765199568,4.569507175021701,0.13570149739583334,-4.342592027452257,-2.858,-1.0411,-0.811,-0.01385,-0.00228,0.06088,0.000896560843102634,0.0010002665221691132,0.0012017011176794767,0.00041550752939656377,0.0005005536368116736,0.0006072662072256207,0.011570200324058533,0.0092311417683959,0.00862911343574524,passive,0
8.5211,rehab,safe_near_limit_fast,62.11167889907196,-666.6312818389725,272.28738065189833,-177.6491522471426,0.2899192996640779,-149.85476266698532,-50.7123,-0.0501,33.7214,9.929,-0.1113,14.4958,82.84369213746325,29.269882806456916,85.25368190047764,-26.24942355685764,-89.07023111979167,-37.38389756944444,-4.298924361125077,-2.3943328857421875,-1.97133205904819,4.502656724717882,0.13570149739583334,-4.342592027452257,-2.7791,-1.062,-1.0795,0.00385,0.00383,0.0618,0.000896560843102634,0.0010002665221691132,0.0012017011176794767,0.00041550752939656377,0.0005005536368116736,0.0006072662072256207,0.011570200324058533,0.0092311417683959,0.00862911343574524,passive,0
8.541,rehab,safe_near_limit_fast,60.908138033279684,-666.6310691480427,273.0862203243229,-177.6506131285744,0.2910559566204191,-149.85472115319655,-50.9372,-0.0615,34.339,3.8247,0.3159,27.0854,82.7383566374826,29.212231777682163,85.20596343691986,-26.139178805881077,-89.06749301486545,-37.48803032769097,-4.244502605778156,-2.2855029719890934,-2.0705081448696627,4.653761121961805,0.06785074869791667,-4.274732801649305,-2.8863,-1.1512,-0.8534,-0.00888,0.00702,0.05768,0.000896560843102634,0.0010002665221691132,0.0012017011176794767,0.00041550752939656377,0.0005005536368116736,0.0006072662072256207,0.011570200324058533,0.0092311417683959,0.00862911343574524,passive,0
8.5608,rehab,safe_near_limit_fast,60.10853410746717,-666.6342909621367,273.6203335411279,-177.65194398001344,0.29202518644875447,-149.85441575510015,-50.5036,-0.048,34.7692,0.653,0.9563,35.2518,82.66842077274134,29.174452677811725,85.17266452902615,-26.06443617078993,-89.06572977701823,-37.557432386610245,-4.298924361125077,-2.3399179288656407,-2.126208012646968,4.729351467556423,0.13570149739583334,-4.342592027452257,-3.0518,-1.2866,-1.5504,-0.03426,0.01607,0.05695,0.000896560843102634,0.0010002665221691132,0.0012017011176794767,0.00041550752939656377,0.0005005536368116736,0.0006072662072256207,0.011570200324058533,0.0092311417683959,0.00862911343574524,passive,0
8.5809,rehab,safe_near_limit_fast,58.91288449420388,-666.6367426390987,274.43102903990825,-177.65450438555052,0.29391918333504957,-149.8534394657944,-48.4729,-0.0055,34.3181,-2.2469,1.4655,39.5522,82.5638195075611,29.11744750372254,85.12134967464031,-25.949893527560764,-89.06309339735243,-37.66172620985243,-4.353339318001624,-2.448754641089109,-2.2020177557916925,4.761437310112847,0.06785074869791667,-4.274732801649305,-3.0753,-1.2202,-1.4083,-0.02975,0.01001,0.05943,0.000896560843102634,0.0010002665221691132,0.0012017011176794767,0.00041550752939656377,0.0005005536368116736,0.0006072662072256207,0.011570200324058533,0.0092311417683959,0.00862911343574524,passive,0
8.6011,rehab,safe_near_limit_fast,58.11974591712776,-666.6401675182346,274.9926839778686,-177.65475849652935,0.29414559237080556,-149.85286091935498,-49.2426,0.0417,35.7275,-0.7754,1.5281,36.0602,82.49444791586092,29.078614640944075,85.0854469525932,-25.872802734375,-89.06129625108507,-37.73080613878038,-4.462176030225093,-2.448754641089109,-2.2872569773456837,4.877200656467013,0.13570149739583334,-4.274732801649305,-3.1095,-1.2806,-0.8471,-0.03758,0.01003,0.05453,0.000896560843102634,0.0010002665221691132,0.0012017011176794767,0.00041550752939656377,0.0005005536368116736,0.0006072662072256207,0.011570200324058533,0.0092311417683959,0.00862911343574524,passive,0
8.621,rehab,safe_near_limit_fast,56.93696660057109,-666.6366867671791,275.8783777387028,-177.65326816938276,0.29303366231654915,-149.85154713401582,-51.5331,0.0734,38.098,-3.5903,1.0033,30.8399,82.39090041358872,29.01714287181892,85.03016858997911,-25.754886203342014,-89.05861748589409,-37.83432854546441,-4.4077542748781715,-2.7208362239422184,-2.3864194662264078,5.032145182291667,0.06785074869791667,-4.410442776150173,-2.972,-1.1436,-0.5053,-0.01404,-0.00128,0.06021,0.000896560843102634,0.0010002665221691132,0.0012017011176794767,0.00041550752939656377,0.0005005536368116736,0.0006072662072256207,0.011570200324058533,0.0092311417683959,0.00862911343574524,passive,0
8.6408,rehab,safe_near_limit_fast,56.14439932107445,-666.6298953231335,276.491760450577,-177.65162351315516,0.291773185396865,-149.8510266348167,-50.7264,0.1036,37.9102,-6.152,0.1345,22.8426,82.32146763565517,28.974489268690053,84.99234869928644,-25.674463907877602,-89.05684577094183,-37.90336608886719,-4.298924361125077,-2.61199951171875,-2.3695796551090655,4.966668023003472,0.13570149739583334,-4.342592027452257,-3.0201,-1.2332,-0.6878,-0.01802,-0.00806,0.06236,0.000896560843102634,0.0010002665221691132,0.0012017011176794767,0.00041550752939656377,0.0005005536368116736,0.0006072662072256207,0.011570200324058533,0.0092311417683959,0.00862911343574524,passive,0
8.6611,rehab,safe_near_limit_fast,54.94146509809122,-666.6270501822903,277.4132090178354,-177.64973836299612,0.2902429118643342,-149.85120323828488,-50.5501,0.0968,37.9699,-3.6736,-0.6277,11.7488,82.21619332190788,28.911691797841893,84.93322240244044,-25.551927354600693,-89.05426025390625,-38.00707499186198,-4.4077542748781715,-2.503169597965656,-2.4187665882677134,5.085745917426215,0.06785074869791667,-4.342592027452257,-2.9855,-1.1228,-0.935,-0.00824,-0.00216,0.06334,0.000896560843102634,0.0010002665221691132,0.0012017011176794767,0.00041550752939656377,0.0005005536368116736,0.0006072662072256207,0.011570200324058533,0.0092311417683959,0.00862911343574524,passive,0
8.6808,rehab,safe_near_limit_fast,54.141908294605386,-666.6272642344602,278.0100880450622,-177.65009190193595,0.29054802989007705,-149.85097912506922,-50.1358,0.0509,37.7039,11.7893,-0.9659,-5.1741,82.14623706175549,28.871546830281172,84.89330858287245,-25.469368828667534,-89.05248006184895,-38.076324462890625,-4.353339318001624,-2.503169597965656,-2.475724173064279,5.22001478407118,0.13570149739583334,-4.342592027452257,-3.0594,-1.1973,-1.0153,-0.01798,0.00901,0.0596,0.000896560843102634,0.0010002665221691132,0.0012017011176794767,0.00041550752939656377,0.0005005536368116736,0.0006072662072256207,0.011570200324058533,0.0092311417683959,0.00862911343574524,passive,0
8.7012,rehab,safe_near_limit_fast,52.74396253668892,-666.6272512540678,279.02433827632353,-177.65333832514182,0.2931691388184253,-149.85193314932997,-49.9178,0.0039,37.4815,30.7953,-1.0101,-20.829,82.02393257972038,28.803752483707843,84.82358347071279,-25.32415601942274,-89.04939439561632,-38.196046617296005,-4.298924361125077,-2.3399179288656407,-2.5284531092879794,5.121044582790798,0.13570149739583334,-4.206882052951388,-3.2045,-1.3254,-1.4338,-0.02617,0.01063,0.06312,0.000896560843102634,0.0010002665221691132,0.0012017011176794767,0.00041550752939656377,0.0005005536368116736,0.0006072662072256207,0.011570200324058533,0.0092311417683959,0.00862911343574524,passive,0
8.7208,rehab,safe_near_limit_fast,51.952189360591525,-666.6287066675776,279.610240005838,-177.6546089194121,0.29419341371888985,-149.8513218466448,-49.88,-0.0241,37.5148,20.3726,-1.0429,-12.1861,81.95468336048692,28.76514397045173,84.78271106682202,-25.241012573242188,-89.04763963487413,-38.264973958333336,-4.353339318001624,-2.448754641089109,-2.592589878799892,5.350494384765625,0.06785074869791667,-4.071180555555555,-3.1409,-1.3861,-1.2107,-0.01934,0.01281,0.06108,0.000896560843102634,0.0010002665221691132,0.0012017011176794767,0.00041550752939656377,0.0005005536368116736,0.0006072662072256207,0.011570200324058533,0.0092311417683959,0.00862911343574524,passive,0
8.7409,rehab,safe_near_limit_fast,51.15939938671497,-666.6295737360902,280.2078910602498,-177.65467661496427,0.2942749502135941,-149.8507741393918,-48.6346,-0.0242,36.7278,7.376,-1.0816,-0.3884,81.88534576113861,28.725876005569308,84.74143075470877,-25.158326890733505,-89.04588487413194,-38.33392673068576,-4.353339318001624,-2.448754641089109,-2.529690430896117,5.1469675699869795,0.13570149739583334,-4.342592027452257,-2.9693,-1.31,-0.8991,-0.00739,-0.00343,0.05692,0.000896560843102634,0.0010002665221691132,0.0012017011176794767,0.00041550752939656377,0.0005005536368116736,0.0006072662072256207,0.011570200324058533,0.0092311417683959,0.00862911343574524,passive,0
8.7611,rehab,safe_near_limit_fast,49.9700774707708,-666.6326560312896,281.13013170252447,-177.65217813816096,0.2922357504776071,-149.8497230462955,-48.6818,-0.0079,36.9769,7.2826,-1.0954,4.2251,81.7813767537032,28.66587950451539,84.67804861540841,-25.035112169053818,-89.0433332655165,-38.43755086263021,-4.244502605778156,-2.503169597965656,-2.6251477534228034,5.160319010416667,0.13570149739583334,-4.342592027452257,-3.0745,-1.4319,-1.7311,-0.00946,0.00267,0.06204,0.000896560843102634,0.0010002665221691132,0.0012017011176794767,0.00041550752939656377,0.0005005536368116736,0.0006072662072256207,0.011570200324058533,0.0092311417683959,0.00862911343574524,passive,0
8.7808,rehab,safe_near_limit_fast,49.179853604578064,-666.6301352969527,281.7454671326473,-177.6508195474463,0.29114066773235775,-149.84946808535207,-48.0141,-0.0144,36.7586,5.6045,-1.064,13.4247,81.71224310846613,28.625618962958306,84.63601367308361,-24.95253668891059,-89.04162936740451,-38.50600348578559,-4.353339318001624,-2.448754641089109,-2.6087770367612935,5.198398166232638,0.13570149739583334,-4.139031304253472,-3.0265,-1.4933,-1.337,-0.00886,0.00391,0.05924,0.000896560843102634,0.0010002665221691132,0.0012017011176794767,0.00041550752939656377,0.0005005536368116736,0.0006072662072256207,0.011570200324058533,0.0092311417683959,0.00862911343574524,passive,0
8.8008,rehab,safe_near_limit_fast,47.99745920183542,-666.6267563983653,282.66076278411407,-177.64971798634036,0.2903265785088638,-149.8498025934814,-48.8986,-0.0543,37.8436,11.2397,-0.7289,20.338,81.6088043817199,28.566254719649212,84.57223042403118,-24.827745225694443,-89.03903537326389,-38.60769483778212,-4.190087648901609,-2.448754641089109,-2.638357181360226,5.3234100341796875,0.13570149739583334,-4.139031304253472,-3.1045,-1.4162,-1.023,-0.00713,0.01074,0.06172,0.000896560843102634,0.0010002665221691132,0.0012017011176794767,0.00041550752939656377,0.0005005536368116736,0.0006072662072256207,0.011570200324058533,0.0092311417683959,0.00862911343574524,passive,0
8.8208,rehab,safe_near_limit_fast,47.21366041152567,-666.6292661193497,283.2567490592806,-177.65049680341977,0.2909935627265882,-149.85062281697438,-49.4918,-0.1051,38.7047,22.9189,-0.0022,24.649,81.54030299422764,28.52855040295289,84.52848226717202,-24.743287828233505,-89.03733995225694,-38.67442660861545,-4.244502605778156,-2.3943328857421875,-2.7578606936010983,5.315636528862847,0.13570149739583334,-4.071180555555555,-3.1144,-1.403,-1.1503,-0.00277,0.01348,0.0587,0.000896560843102634,0.0010002665221691132,0.0012017011176794767,0.00041550752939656377,0.0005005536368116736,0.0006072662072256207,0.011570200324058533,0.0092311417683959,0.00862911343574524,passive,0
8.8411,rehab,safe_near_limit_fast,46.05401432532118,-666.6322422885958,284.1500162656421,-177.65260534098067,0.2926440271986364,-149.85188417853627,-47.5805,-0.1263,38.1132,41.9633,0.7964,23.4673,81.43896499482712,28.47260579024211,84.46163290798074,-24.614885118272568,-89.03493245442708,-38.77306620279948,-4.190087648901609,-2.2855029719890934,-2.756568984229966,5.319569905598958,0.13570149739583334,-4.139031304253472,-3.2023,-1.59,-1.8034,-0.03131,0.00233,0.06212,0.000896560843102634,0.0010002665221691132,0.0012017011176794767,0.00041550752939656377,0.0005005536368116736,0.0006072662072256207,0.011570200324058533,0.0092311417683959,0.00862911343574524,passive,0
8.8612,rehab,safe_near_limit_fast,45.294856528204825,-666.6351395050702,284.759775034544,-177.65356416743998,0.29342640877625475,-149.85309622945746,-47.0984,-0.0999,39.0986,64.4246,1.4326,17.2066,81.37263911785466,28.43501024907178,84.41531492932008,-24.52782524956597,-89.03335571289062,-38.83720397949219,-4.081257735148514,-2.2855029719890934,-2.878900660146581,5.417777167426215,0.06785074869791667,-4.0033213297526045,-3.4666,-1.563,-2.012,-0.0366,0.011,0.06709,0.000896560843102634,0.0010002665221691132,0.0012017011176794767,0.00041550752939656377,0.0005005536368116736,0.0006072662072256207,0.011570200324058533,0.0092311417683959,0.00862911343574524,passive,0
8.8808,rehab,safe_near_limit_fast,44.19038319460243,-666.6406393201122,285.6938988740247,-177.6541562043552,0.2938962540456187,-149.85457277205163,-45.524,-0.0283,39.567,83.9668,1.7218,7.4081,81.27616882324219,28.378324603090192,84.3433939112295,-24.395675659179688,-89.03110080295139,-38.93071492513021,-3.8635911091719524,-2.3399179288656407,-3.0915908058090964,5.560404459635417,0.13570149739583334,-3.8676198323567705,-3.2943,-1.5673,-2.1645,-0.02019,0.01343,0.06922,0.000896560843102634,0.0010002665221691132,0.0012017011176794767,0.00041550752939656377,0.0005005536368116736,0.0006072662072256207,0.011570200324058533,0.0092311417683959,0.00862911343574524,passive,0
8.9008,rehab,safe_near_limit_fast,43.29683094721117,-666.6432773391341,286.49828029352284,-177.65273063624258,0.2926726979149464,-149.85609812680872,-43.0243,0.0636,39.3188,94.9678,1.4344,-2.8171,81.19811558487392,28.329810718498607,84.2819901268081,-24.285388522677952,-89.02935451931424,-39.00600009494357,-3.9724210229250465,-2.448754641089109,-2.9846304714089573,5.4626210530598955,0.13570149739583334,-3.664059109157986,-3.1813,-1.4537,-1.4836,-0.02296,0.01363,0.06269,0.000896560843102634,0.0010002665221691132,0.0012017011176794767,0.00041550752939656377,0.0005005536368116736,0.0006072662072256207,0.011570200324058533,0.0092311417683959,0.00862911343574524,passive,0
8.921,rehab,safe_near_limit_fast,42.62224225421716,-666.6402204559221,287.1405547630391,-177.65190907771435,0.2920731329425532,-149.85602152742223,-41.1269,0.0959,39.3244,94.5443,0.5283,-10.2273,81.13909806355392,28.291018646542387,84.23292556611618,-24.19681125217014,-89.02792188856337,-39.06409369574653,-3.64592448319539,-2.503169597965656,-3.0534241931273205,5.627331203884548,0.06785074869791667,-3.528349134657118,-3.1794,-1.5311,-1.7744,-0.02276,0.00107,0.06472,0.000896560843102634,0.0010002665221691132,0.0012017011176794767,0.00041550752939656377,0.0005005536368116736,0.0006072662072256207,0.011570200324058533,0.0092311417683959,0.00862911343574524,passive,0
8.941,rehab,safe_near_limit_fast,41.66781875921245,-666.6318434276855,288.0870898097388,-177.65145562460992,0.29174146696060055,-149.85370581423888,-39.3002,0.0579,38.9045,98.1258,-0.7284,-23.9607,81.0555380641824,28.23414944186069,84.15985560653233,-24.06490749782986,-89.02589586046007,-39.14848327636719,-3.2105844327718907,-2.3399179288656407,-2.952915607112469,5.668224758572048,0.06785074869791667,-3.392647637261285,-3.2194,-1.4491,-0.9449,-0.01321,0.00648,0.06283,0.000896560843102634,0.0010002665221691132,0.0012017011176794767,0.00041550752939656377,0.0005005536368116736,0.0006072662072256207,0.011570200324058533,0.0092311417683959,0.00862911343574524,passive,0
8.9612,rehab,safe_near_limit_fast,41.05879599450459,-666.6258404265245,288.7154672950373,-177.65098377928643,0.2914023315445997,-149.85313394616287,-37.5037,0.0071,38.362,104.5033,-1.7237,-35.1526,81.00221086256575,28.19673745939047,84.11093381371829,-23.977567884657116,-89.02462429470486,-39.20139736599392,-3.2650061881188117,-2.3399179288656407,-3.0408266275235922,5.3199005126953125,0.06785074869791667,-3.2569376627604165,-3.2505,-1.3497,-1.1987,-0.01573,0.00227,0.06746,0.000896560843102634,0.0010002665221691132,0.0012017011176794767,0.00041550752939656377,0.0005005536368116736,0.0006072662072256207,0.011570200324058533,0.0092311417683959,0.00862911343574524,passive,0
8.9809,rehab,safe_near_limit_fast,40.17397844184864,-666.6268232108009,289.6333971813889,-177.65057217571112,0.291008899993494,-149.85432485730217,-35.5581,-0.042,37.6276,106.8634,-1.7494,-35.929,80.92489865746829,28.14372978588142,84.03679649428565,-23.84874979654948,-89.02294582790799,-39.27607218424479,-3.1017545190187965,-2.176666259765625,-3.069556963325727,5.4800160725911455,0.06785074869791667,-3.121236165364583,-3.0762,-1.4884,-1.5628,-0.01189,-0.00205,0.06528,0.000896560843102634,0.0010002665221691132,0.0012017011176794767,0.00041550752939656377,0.0005005536368116736,0.0006072662072256207,0.011570200324058533,0.0092311417683959,0.00862911343574524,passive,0
9.0008,rehab,safe_near_limit_fast,39.60084864559628,-666.6346050889304,290.22657214462276,-177.65076806583792,0.29112183432147026,-149.85602692091172,-33.5463,-0.0816,36.7193,113.0502,-0.7113,-36.5506,80.87492990021659,28.110655227510055,83.98682093856358,-23.764055040147568,-89.02190314398871,-39.32339138454861,-2.992917806795328,-2.0134145906656093,-3.055443338828512,5.222846137152778,0.06785074869791667,-2.9176754421657987,-3.2862,-1.382,-1.1917,-0.02803,0.00485,0.06215,0.000896560843102634,0.0010002665221691132,0.0012017011176794767,0.00041550752939656377,0.0005005536368116736,0.0006072662072256207,0.011570200324058533,0.0092311417683959,0.00862911343574524,passive,0
9.0209,rehab,safe_near_limit_fast,38.81686713064767,-666.642758449184,291.08155141899636,-177.6518692981385,0.2920060445381209,-149.85760166651858,-30.8081,-0.1001,35.5118,126.2513,0.7005,-42.8623,80.80653048977993,28.06331747829324,83.91393453767984,-23.640450371636284,-89.02044508192274,-39.388834635416664,-2.7208362239422184,-1.9589996337890625,-3.000572884436881,5.06378173828125,0.13570149739583334,-2.510553995768229,-3.27,-1.4038,-1.88,-0.02169,0.01383,0.07051,0.000896560843102634,0.0010002665221691132,0.0012017011176794767,0.00041550752939656377,0.0005005536368116736,0.0006072662072256207,0.011570200324058533,0.0092311417683959,0.00862911343574524,passive,0
9.0408,rehab,safe_near_limit_fast,38.345086876204086,-666.6447027995848,291.64495708744255,-177.6518982963269,0.2920538413438846,-149.85804760906694,-28.1234,-0.0772,34.8055,139.609,1.5115,-52.8481,80.76531816237043,28.03208530539333,83.86634524505918,-23.560375637478298,-89.01954650878906,-39.428702460394966,-2.3943328857421875,-1.9045846769125154,-2.9929314037360766,4.97346666124132,-0.0,-2.4427032470703125,-3.1128,-1.4503,-1.6744,-0.01281,0.01187,0.06458,0.000896560843102634,0.0010002665221691132,0.0012017011176794767,0.00041550752939656377,0.0005005536368116736,0.0006072662072256207,0.011570200324058533,0.0092311417683959,0.00862911343574524,passive,0
9.0611,rehab,safe_near_limit_fast,37.72595302158578,-666.640578298296,292.4567615391229,-177.65207356228922,0.2922676329512724,-149.85652427866907,-25.1855,0.0032,34.2706,152.7757,1.5037,-65.5016,80.7111139580755,27.986889074344447,83.79808860250039,-23.445010715060764,-89.018308851454,-39.483133951822914,-2.067836346012531,-1.9589996337890625,-2.7032961703763148,4.74641587999132,0.06785074869791667,-2.171291775173611,-3.1335,-1.3276,-1.4699,-0.01041,0.01039,0.06756,0.000896560843102634,0.0010002665221691132,0.0012017011176794767,0.00041550752939656377,0.0005005536368116736,0.0006072662072256207,0.011570200324058533,0.0092311417683959,0.00862911343574524,passive,0
9.0811,rehab,safe_near_limit_fast,37.36181138357003,-666.6363456736055,292.98453775159726,-177.65179872110178,0.2920250198331256,-149.8556373158277,-22.2426,0.081,33.0704,169.1171,1.158,-83.115,80.67920873660853,27.95765565173461,83.75372858330755,-23.370819091796875,-89.01764763726128,-39.51509263780382,-1.8501697200359684,-1.7413330078125,-2.742033854569539,4.533759223090278,0.06785074869791667,-1.832029554578993,-3.2141,-1.2682,-1.3574,-0.01215,0.01309,0.06751,0.000896560843102634,0.0010002665221691132,0.0012017011176794767,0.00041550752939656377,0.0005005536368116736,0.0006072662072256207,0.011570200324058533,0.0092311417683959,0.00862911343574524,passive,0
9.1008,rehab,safe_near_limit_fast,36.876652117113025,-666.6325737737594,293.7442216141242,-177.65047651001845,0.2909303593105257,-149.8557870462538,-18.7623,0.1041,30.9932,182.5272,0.704,-102.2006,80.63672509523902,27.916184982450883,83.68941505356591,-23.26550801595052,-89.01681688096788,-39.55624050564236,-1.5780813387124846,-1.6325030940594059,-2.5923723277479116,4.269900851779513,-0.0,-1.6284688313802083,-3.3602,-1.31,-1.2071,-0.03767,0.00648,0.06398,0.000896560843102634,0.0010002665221691132,0.0012017011176794767,0.00041550752939656377,0.0005005536368116736,0.0006072662072256207,0.011570200324058533,0.0092311417683959,0.00862911343574524,passive,0
9.1209,rehab,safe_near_limit_fast,36.542239612166405,-666.6347544555994,294.3326168454888,-177.64932427596446,0.29000261778137754,-149.85639819044542,-14.8201,0.0671,28.1674,190.6271,-0.2132,-120.8456,80.60749847109955,27.88512956978071,83.63802541600596,-23.183703952365452,-89.01627434624565,-39.583935207790795,-1.305999755859375,-1.5236663818359375,-2.526726297812887,3.9862738715277777,0.06785074869791667,-1.2213473849826388,-3.0981,-1.3595,-2.013,-0.01832,-0.0031,0.06724,0.000896560843102634,0.0010002665221691132,0.0012017011176794767,0.00041550752939656377,0.0005005536368116736,0.0006072662072256207,0.011570200324058533,0.0092311417683959,0.00862911343574524,passive,0
9.1412,rehab,safe_near_limit_fast,36.24399492864533,-666.6342449819846,294.97601963432413,-177.64865170192485,0.28944673714054103,-149.8561375504028,-10.9774,0.0041,25.7448,200.2929,-1.3964,-138.7667,80.5813719494508,27.85149073836827,83.58113581591313,-23.093278672960068,-89.01584201388889,-39.60930718315972,-0.87066650390625,-1.1971630436359066,-2.266236106948097,3.6321851942274304,-0.0,-0.8820851643880208,-3.2012,-1.4195,-1.5916,-0.02075,0.00454,0.06548,0.000896560843102634,0.0010002665221691132,0.0012017011176794767,0.00041550752939656377,0.0005005536368116736,0.0006072662072256207,0.011570200324058533,0.0092311417683959,0.00862911343574524,passive,0
9.1608,rehab,safe_near_limit_fast,36.10344042766164,-666.6342638286426,295.3491779436351,-177.6497853049437,0.2903638305130829,-149.85608216342925,-6.8956,-0.0281,22.9462,201.9686,-1.7347,-142.1981,80.56904632266205,27.83254340143487,83.54658598947053,-23.037965562608505,-89.0156979031033,-39.621073404947914,-0.6529998779296875,-1.0883331298828125,-2.1398797365698483,3.33023918999566,-0.06785074869791667,-0.6106736924913194,-3.1228,-1.1838,-1.1698,-0.01207,0.01557,0.06868,0.000896560843102634,0.0010002665221691132,0.0012017011176794767,0.00041550752939656377,0.0005005536368116736,0.0006072662072256207,0.011570200324058533,0.0092311417683959,0.00862911343574524,passive,0
9.1812,rehab,safe_near_limit_fast,36.00502662906908,-666.6359232817892,295.70040452610533,-177.65029596873902,0.2908185608804068,-149.85655942113658,-2.4794,-0.009,19.8114,198.3151,-1.1292,-137.9639,80.56041906375697,27.81510532492458,83.51372898215115,-22.98675537109375,-89.01562160915799,-39.62865193684896,-0.3809114966062036,-1.0339181730062654,-1.9530577706818533,3.0512746175130205,-0.0,-0.339262220594618,-3.0176,-1.299,-1.565,-0.00635,0.00453,0.06911,0.000896560843102634,0.0010002665221691132,0.0012017011176794767,0.00041550752939656377,0.0005005536368116736,0.0006072662072256207,0.011570200324058533,0.0092311417683959,0.00862911343574524,passive,0
9.2009,rehab,safe_near_limit_fast,36.01130938432687,-666.6357591005354,296.159750377568,-177.65125675747254,0.2917617101901902,-149.8523436224858,1.4466,-0.0248,17.0734,192.8399,-0.2797,-135.5355,80.56082697197942,27.793030691618966,83.46951852930654,-22.919031778971355,-89.01563856336806,-39.63170369466146,0.2176666259765625,-0.8162515470297029,-1.72342583684638,2.549557156032986,0.06785074869791667,-0.06785074869791667,-3.0908,-1.3155,-1.5241,-0.02373,0.01188,0.06465,0.000896560843102634,0.0010002665221691132,0.0012017011176794767,0.00041550752939656377,0.0005005536368116736,0.0006072662072256207,0.011570200324058533,0.0092311417683959,0.00862911343574524,passive,0
9.221,rehab,safe_near_limit_fast,36.064681289274134,-666.6359192993904,296.41903878918777,-177.6520336931542,0.29253551976220227,-149.8485779914422,4.8196,-0.0814,14.4209,184.9108,0.5582,-135.3463,80.56538874560063,27.78101099599706,83.44377952046914,-22.88021511501736,-89.0156979031033,-39.63047451443142,0.3809114966062036,-0.6529998779296875,-1.542382570776609,2.303644816080729,-0.0,0.20355224609375,-3.004,-1.1757,-0.9438,-0.0165,0.00382,0.05953,0.000896560843102634,0.0010002665221691132,0.0012017011176794767,0.00041550752939656377,0.0005005536368116736,0.0006072662072256207,0.011570200324058533,0.0092311417683959,0.00862911343574524,passive,0
9.2408,rehab,safe_near_limit_fast,36.23696487054303,-666.6360330977415,296.7562858951369,-177.65175436140044,0.2927425812276259,-149.8456839413489,8.5015,-0.0519,12.0035,177.3497,1.0406,-137.5849,80.58026379877978,27.765897996354813,83.41013389058632,-22.831912570529514,-89.01587592230902,-39.6179453531901,0.8162515470297029,-0.435333251953125,-1.2458876808090966,1.7084503173828125,-0.0,0.8142344156901041,-3.0526,-1.2778,-1.5471,-0.02969,0.00644,0.06023,0.000896560843102634,0.0010002665221691132,0.0012017011176794767,0.00041550752939656377,0.0005005536368116736,0.0006072662072256207,0.011570200324058533,0.0092311417683959,0.00862911343574524,passive,0
9.2611,rehab,safe_near_limit_fast,36.39437914368106,-666.6351940518252,296.9327933053424,-177.65160327187183,0.2929758252784753,-149.84747256014217,11.8692,0.0184,9.5601,170.4928,1.1789,-143.4409,80.59389473188041,27.758344895768875,83.39202956397935,-22.806693183051216,-89.01613023546007,-39.60223727756076,0.9250814607827971,-0.435333251953125,-0.9921007817334467,1.3940768771701388,-0.06785074869791667,1.0856458875868056,-3.0052,-1.0931,-0.6799,-0.01035,0.00766,0.06514,0.000896560843102634,0.0010002665221691132,0.0012017011176794767,0.00041550752939656377,0.0005005536368116736,0.0006072662072256207,0.011570200324058533,0.0092311417683959,0.00862911343574524,passive,0
9.2808,rehab,safe_near_limit_fast,36.68970645442417,-666.6368307059558,297.1290039928195,-177.65044758557568,0.2924379661804724,-149.85245289181688,15.3702,0.036,6.263,169.4996,1.3999,-155.7147,80.6195861514252,27.750961756942296,83.37088632111502,-22.78032938639323,-89.01678297254774,-39.571261935763886,1.305999755859375,-0.16324487062964108,-0.7678056471418626,0.8075798882378472,-0.06785074869791667,1.4927588568793402,-2.9768,-1.171,-1.4539,-0.02451,0.00341,0.06817,0.000896560843102634,0.0010002665221691132,0.0012017011176794767,0.00041550752939656377,0.0005005536368116736,0.0006072662072256207,0.011570200324058533,0.0092311417683959,0.00862911343574524,passive,0
9.3008,rehab,safe_near_limit_fast,36.954579277662425,-666.6467072564985,297.1799622013074,-177.65122531829775,0.2932470473374099,-149.85434693618052,18.5904,0.0563,3.0753,168.2887,1.4514,-168.2305,80.6427825323426,27.75174358103535,83.36075660025719,-22.77062310112847,-89.01741027832031,-39.54606797960069,1.686918050935953,0.05441495687654703,-0.5082196528368658,0.3969150119357639,-0.06785074869791667,1.696319580078125,-3.0166,-1.3288,-1.5203,-0.02367,-0.0026,0.06204,0.000896560843102634,0.0010002665221691132,0.0012017011176794767,0.00041550752939656377,0.0005005536368116736,0.0006072662072256207,0.011570200324058533,0.0092311417683959,0.00862911343574524,passive,0
9.3209,rehab,safe_near_limit_fast,37.44149502021127,-666.6359312651743,297.1964014397391,-177.65197825338115,0.293845857161035,-149.85681769315246,22.0252,0.0852,-0.4584,163.6029,0.5218,-181.8814,80.68506901807125,27.753082879699104,83.35592288782101,-22.76751200358073,-89.01871575249565,-39.501283433702255,1.9589996337890625,0.10882991375309406,0.10953015620165532,-0.1010555691189236,-0.13570149739583334,1.9677310519748263,-2.8924,-1.1768,-1.2139,-0.01846,-0.0041,0.0583,0.000896560843102634,0.0010002665221691132,0.0012017011176794767,0.00041550752939656377,0.0005005536368116736,0.0006072662072256207,0.011570200324058533,0.0092311417683959,0.00862911343574524,passive,0
9.3408,rehab,safe_near_limit_fast,37.937803891288006,-666.625598579915,297.15862076046915,-177.6508940849827,0.292723233526229,-149.85693811444622,25.1956,0.0839,-4.2176,156.0679,-0.6676,-191.5694,80.72821890953743,27.756903620049506,83.35731657424776,-22.77557373046875,-89.02010599772136,-39.458109537760414,2.2855029719890934,0.2720815828531095,0.11649858833539604,-0.7834710015190972,-0.06785074869791667,2.307001749674479,-2.9171,-1.1458,-1.1604,-0.01678,0.00968,0.06099,0.000896560843102634,0.0010002665221691132,0.0012017011176794767,0.00041550752939656377,0.0005005536368116736,0.0006072662072256207,0.011570200324058533,0.0092311417683959,0.00862911343574524,passive,0
9.361,rehab,safe_near_limit_fast,38.37477656998762,-666.6308274335066,297.0887301678755,-177.64719585798633,0.28944539211665926,-149.8572508081692,28.3194,0.072,-8.1978,145.9587,-1.1441,-194.4299,80.76643990998221,27.763477740901532,83.36098774824993,-22.79190911187066,-89.02135213216145,-39.419759114583336,2.557584554842203,0.544163165706219,0.38165932834738553,-1.2265692816840277,-0.06785074869791667,2.374852498372396,-2.8089,-1.2858,-1.3767,-0.01735,-0.0038,0.05743,0.000896560843102634,0.0010002665221691132,0.0012017011176794767,0.00041550752939656377,0.0005005536368116736,0.0006072662072256207,0.011570200324058533,0.0092311417683959,0.00862911343574524,passive,0
9.3809,rehab,safe_near_limit_fast,39.095015127879755,-666.631633788976,296.85608467026276,-177.6444471744118,0.28687301800235315,-149.8571579124432,31.4627,0.0592,-12.1691,130.9667,-1.4223,-192.7818,80.8293325594156,27.77958331721844,83.37722249550394,-22.82987806532118,-89.02328491210938,-39.35739305284288,2.61199951171875,0.8162515470297029,0.9578024986946937,-1.941316392686632,-0.06785074869791667,2.781973944769965,-2.7657,-1.1746,-0.9831,-0.0147,0.00698,0.06,0.000896560843102634,0.0010002665221691132,0.0012017011176794767,0.00041550752939656377,0.0005005536368116736,0.0006072662072256207,0.011570200324058533,0.0092311417683959,0.00862911343574524,passive,0
9.4007,rehab,safe_near_limit_fast,39.613665672604206,-666.628319887302,296.61301568173616,-177.64511643949547,0.28731720960538937,-149.85722445470876,33.841,-0.0108,-16.0088,122.3419,-1.6729,-192.0057,80.87456278281637,27.79481868932743,83.39483053377359,-22.863269382052952,-89.02455647786458,-39.31248135036892,2.884087893042234,1.0339181730062654,1.2052940142036666,-2.2938368055555554,-0.06785074869791667,2.9176754421657987,-2.8454,-0.9922,-0.6123,-0.01894,0.01224,0.05828,0.000896560843102634,0.0010002665221691132,0.0012017011176794767,0.00041550752939656377,0.0005005536368116736,0.0006072662072256207,0.011570200324058533,0.0092311417683959,0.00862911343574524,passive,0
9.4208,rehab,safe_near_limit_fast,40.448865254685685,-666.6316434919289,296.16055364161264,-177.64620383821685,0.2880106821380904,-149.85768885516867,35.9443,-0.0795,-19.8543,122.2586,-1.5062,-191.9691,80.94754436228534,27.823562622070312,83.42696010476291,-22.92504204644097,-89.02661641438802,-39.239747789171005,3.1561694758953434,1.4148296696124691,1.4525951725421566,-2.835057576497396,-0.0,3.1890869140625,-2.8956,-1.1887,-1.0463,-0.03268,0.0032,0.0585,0.000896560843102634,0.0010002665221691132,0.0012017011176794767,0.00041550752939656377,0.0005005536368116736,0.0006072662072256207,0.011570200324058533,0.0092311417683959,0.00862911343574524,passive,0
9.4409,rehab,safe_near_limit_fast,41.04267412490507,-666.6337864025744,295.7994879685776,-177.6474587532236,0.2888987337030328,-149.85730360613573,38.2491,-0.0618,-23.4177,115.8931,-1.154,-183.8549,80.999437086653,27.846072357479887,83.45303223864867,-22.97361585828993,-89.02804056803386,-39.18880038791232,3.319421144995359,1.360414712735922,1.7559089282951732,-3.2372368706597223,-0.06785074869791667,3.2569376627604165,-2.8017,-1.1518,-0.7904,-0.00667,0.00369,0.06014,0.000896560843102634,0.0010002665221691132,0.0012017011176794767,0.00041550752939656377,0.0005005536368116736,0.0006072662072256207,0.011570200324058533,0.0092311417683959,0.00862911343574524,passive,0
9.4608,rehab,safe_near_limit_fast,41.99925888806763,-666.6337481080461,295.20956706292,-177.6472168073992,0.28861731268962004,-149.85590995226386,39.7894,-0.0615,-26.597,102.211,-0.7031,-166.6918,81.08298348908377,27.882158638227104,83.49775257677135,-23.05721706814236,-89.03019375271268,-39.10759819878472,3.754754396948484,1.686918050935953,2.044639965095142,-3.8172403971354165,-0.13570149739583334,3.528349134657118,-2.7964,-1.1058,-1.1754,-0.02321,0.00185,0.05834,0.000896560843102634,0.0010002665221691132,0.0012017011176794767,0.00041550752939656377,0.0005005536368116736,0.0006072662072256207,0.011570200324058533,0.0092311417683959,0.00862911343574524,passive,0
9.481,rehab,safe_near_limit_fast,42.67428915329791,-666.6331280696462,294.7549248416146,-177.64807734573478,0.2893192706377893,-149.85468033807223,42.065,-0.0896,-29.9976,89.412,0.166,-145.9554,81.14193302570003,27.90974683100634,83.53203046439897,-23.119676378038193,-89.03164333767361,-39.050589667426216,3.7003394400719367,1.686918050935953,2.213976265180229,-3.9078606499565973,-0.06785074869791667,3.596208360460069,-2.8521,-1.2748,-1.6976,-0.03824,0.00522,0.06212,0.000896560843102634,0.0010002665221691132,0.0012017011176794767,0.00041550752939656377,0.0005005536368116736,0.0006072662072256207,0.011570200324058533,0.0092311417683959,0.00862911343574524,passive,0
9.5012,rehab,safe_near_limit_fast,43.69891221253103,-666.6352312857306,294.0128536537306,-177.64910475522245,0.2900554987866211,-149.85453208752804,45.7222,-0.0748,-34.2141,79.7257,1.1772,-127.8924,81.23149607441214,27.954786697236617,83.58813144192837,-23.22219000922309,-89.03394911024306,-38.962343004014755,3.5915027278484684,2.067836346012531,2.3569480971534653,-4.539710150824653,-0.13570149739583334,3.7319098578559027,-2.7933,-0.98,-1.236,-0.01254,0.01152,0.06037,0.000896560843102634,0.0010002665221691132,0.0012017011176794767,0.00041550752939656377,0.0005005536368116736,0.0006072662072256207,0.011570200324058533,0.0092311417683959,0.00862911343574524,passive,0
9.5208,rehab,safe_near_limit_fast,44.38944024743131,-666.639054721665,293.47346145045947,-177.6500929383833,0.29079306118665743,-149.85585455470672,46.3604,-0.0575,-35.8783,65.3054,1.659,-107.7314,81.29190728215887,27.98762330914488,83.6286231314782,-23.296101888020832,-89.03552585177951,-38.901451958550346,3.8635911091719524,2.0134145906656093,2.6676857825553064,-4.71376207139757,-0.13570149739583334,3.7319098578559027,-2.7432,-1.1099,-1.1569,-0.01879,-0.01062,0.05614,0.000896560843102634,0.0010002665221691132,0.0012017011176794767,0.00041550752939656377,0.0005005536368116736,0.0006072662072256207,0.011570200324058533,0.0092311417683959,0.00862911343574524,passive,0
9.5411,rehab,safe_near_limit_fast,45.46161373475333,-666.640021030447,292.598749359499,-177.6522383435906,0.29240517535724003,-149.85782110752555,46.3311,-0.0423,-36.9557,48.4993,1.7411,-87.5848,81.38565818862159,28.04024346984259,83.69503738856551,-23.415264553493923,-89.03796725802951,-38.80709330240885,3.8635911091719524,2.2310880151125465,2.9149325531308015,-5.180392795138888,-0.13570149739583334,4.0033213297526045,-2.7525,-1.0401,-0.9927,-0.02404,-0.00207,0.0512,0.000896560843102634,0.0010002665221691132,0.0012017011176794767,0.00041550752939656377,0.0005005536368116736,0.0006072662072256207,0.011570200324058533,0.0092311417683959,0.00862911343574524,passive,0
9.5612,rehab,safe_near_limit_fast,46.398987070624905,-666.6407422963912,291.843115899545,-177.65230071223982,0.2924475424413441,-149.8574691429388,47.1685,0.0157,-38.5162,30.393,1.5507,-71.6078,81.46761374898476,28.08586800452506,83.75296715462562,-23.521135118272568,-89.0399678548177,-38.72668796115451,4.135672692025062,2.2855029719890934,3.013252031685102,-5.473064846462673,-0.13570149739583334,3.9354705810546875,-2.6935,-0.9852,-0.8339,-0.00867,-0.00245,0.05829,0.000896560843102634,0.0010002665221691132,0.0012017011176794767,0.00041550752939656377,0.0005005536368116736,0.0006072662072256207,0.011570200324058533,0.0092311417683959,0.00862911343574524,passive,0
9.5813,rehab,safe_near_limit_fast,47.55555975707784,-666.6386914756861,290.90438200633463,-177.65098269277036,0.29140958717352883,-149.85732475414707,48.0111,0.09,-40.0255,11.4024,0.9678,-59.0352,81.56871380192219,28.14234969639542,83.82592833868348,-23.655209011501736,-89.04241773817274,-38.62724304199219,4.081257735148514,2.503169597965656,3.072534693349706,-5.6936899820963545,-0.13570149739583334,4.274732801649305,-2.7311,-1.0515,-0.7819,-0.02734,-0.00176,0.05195,0.000896560843102634,0.0010002665221691132,0.0012017011176794767,0.00041550752939656377,0.0005005536368116736,0.0006072662072256207,0.011570200324058533,0.0092311417683959,0.00862911343574524,passive,0
9.6012,rehab,safe_near_limit_fast,48.334369108188824,-666.6377142742771,290.25721404601677,-177.64946187010688,0.2901768328657269,-149.85698171749152,48.6472,0.1179,-41.4897,13.9423,0.3353,-64.7675,81.63681407966236,28.181379714814742,83.87637978733176,-23.748626708984375,-89.04407925075955,-38.56053670247396,4.244502605778156,2.503169597965656,3.2210744725595606,-5.889129638671875,-0.13570149739583334,4.274732801649305,-2.7322,-1.1094,-1.4319,-0.03532,0.00759,0.05119,0.000896560843102634,0.0010002665221691132,0.0012017011176794767,0.00041550752939656377,0.0005005536368116736,0.0006072662072256207,0.011570200324058533,0.0092311417683959,0.00862911343574524,passive,0
9.6212,rehab,safe_near_limit_fast,49.128782435875934,-666.6357427092798,289.580666081464,-177.64836751782067,0.2892942028523241,-149.8566990216628,48.6227,0.0842,-42.536,26.0487,-0.2874,-77.658,81.70627405147741,28.222204529412902,83.92886397862198,-23.84535895453559,-89.04576619466145,-38.49244859483507,4.462176030225093,2.503169597965656,3.280901011854115,-6.097954644097222,-0.06785074869791667,4.410442776150173,-2.6786,-1.1884,-1.5121,-0.02657,0.0045,0.05826,0.000896560843102634,0.0010002665221691132,0.0012017011176794767,0.00041550752939656377,0.0005005536368116736,0.0006072662072256207,0.011570200324058533,0.0092311417683959,0.00862911343574524,passive,0
9.6412,rehab,safe_near_limit_fast,50.33400980585478,-666.6300558754015,288.51216070252156,-177.6486941739139,0.28952162549319643,-149.85514239995706,48.9471,0.0273,-44.1963,24.6654,-1.0434,-79.5996,81.8116299468692,28.286701617854657,84.0107787481629,-23.994394938151043,-89.04829237196181,-38.39033338758681,4.462176030225093,2.7208362239422184,3.4924830068456063,-6.161397298177083,-0.13570149739583334,4.342592027452257,-2.6387,-0.979,-1.1962,-0.02168,0.0064,0.05908,0.000896560843102634,0.0010002665221691132,0.0012017011176794767,0.00041550752939656377,0.0005005536368116736,0.0006072662072256207,0.011570200324058533,0.0092311417683959,0.00862911343574524,passive,0
9.6607,rehab,safe_near_limit_fast,51.14799428726129,-666.6271160911314,287.7600894751382,-177.65036475755946,0.2908815225568276,-149.85385614964878,48.8307,-0.0021,-45.3444,15.2705,-1.4267,-71.2585,81.88279633474822,28.332475718885366,84.06715846297764,-24.096425374348957,-89.04993693033855,-38.32160949707031,4.462176030225093,2.884087893042234,3.541581559889387,-6.38625250922309,-0.13570149739583334,4.206882052951388,-2.6775,-1.0643,-1.2675,-0.02054,0.00485,0.0586,0.000896560843102634,0.0010002665221691132,0.0012017011176794767,0.00041550752939656377,0.0005005536368116736,0.0006072662072256207,0.011570200324058533,0.0092311417683959,0.00862911343574524,passive,0
9.6808,rehab,safe_near_limit_fast,52.35171580797459,-666.6314522711401,286.6135714719047,-177.65163466569675,0.29192281793731306,-149.8528634725982,49.5515,0.0034,-47.1636,6.1412,-0.8898,-59.3435,81.98817262555113,28.40337016794941,84.15194218701656,-24.25348917643229,-89.05239529079861,-38.219002617730034,4.462176030225093,2.884087893042234,3.4519233325920484,-6.716011895073785,-0.13570149739583334,4.139031304253472,-2.7186,-1.0365,-1.1536,-0.01652,0.00896,0.05743,0.000896560843102634,0.0010002665221691132,0.0012017011176794767,0.00041550752939656377,0.0005005536368116736,0.0006072662072256207,0.011570200324058533,0.0092311417683959,0.00862911343574524,passive,0
9.7013,rehab,safe_near_limit_fast,53.14747768274714,-666.63659585862,285.84910889396417,-177.65120490293197,0.2915509826887575,-149.85256348266665,50.7778,-0.0008,-49.1801,0.6531,0.2448,-52.204,82.05788414077003,28.451027445273823,84.20848506512029,-24.360266791449654,-89.05407375759549,-38.15079583062066,4.298924361125077,2.992917806795328,3.485575760945235,-6.8364715576171875,-0.13570149739583334,4.342592027452257,-2.6983,-1.041,-0.8656,-0.02033,0.00143,0.05412,0.000896560843102634,0.0010002665221691132,0.0012017011176794767,0.00041550752939656377,0.0005005536368116736,0.0006072662072256207,0.011570200324058533,0.0092311417683959,0.00862911343574524,passive,0
9.721,rehab,safe_near_limit_fast,54.32346757118655,-666.6376130730674,284.6969390367664,-177.64984369899213,0.29041910484083344,-149.85297747791557,50.2496,-0.0176,-49.6866,-12.1449,0.9011,-38.8166,82.16084697459003,28.522193833152848,84.29515196545289,-24.522857666015625,-89.05657450358073,-38.04924858940972,4.298924361125077,2.8296661376953125,3.637453589108911,-6.87928941514757,-0.06785074869791667,4.139031304253472,-2.7698,-0.9291,-0.9882,-0.02481,0.01031,0.05633,0.000896560843102634,0.0010002665221691132,0.0012017011176794767,0.00041550752939656377,0.0005005536368116736,0.0006072662072256207,0.011570200324058533,0.0092311417683959,0.00862911343574524,passive,0
9.7409,rehab,safe_near_limit_fast,55.10903409614172,-666.634782913386,283.9159614299916,-177.64941121761396,0.2900579253347252,-149.8527604451098,49.2085,-0.0087,-49.6405,-32.9668,0.5711,-19.4754,82.22958630854541,28.570299809521966,84.35391114489867,-24.63226318359375,-89.05821058485243,-37.981957329644096,4.244502605778156,3.047339562142249,3.6223269925259127,-6.838514539930555,-0.06785074869791667,4.410442776150173,-2.7364,-1.0502,-1.8156,-0.02873,0.01272,0.05799,0.000896560843102634,0.0010002665221691132,0.0012017011176794767,0.00041550752939656377,0.0005005536368116736,0.0006072662072256207,0.011570200324058533,0.0092311417683959,0.00862911343574524,passive,0
9.761,rehab,safe_near_limit_fast,56.280584349583336,-666.6287332915892,282.7298059992471,-177.64916703489402,0.28991479205176957,-149.85234934747527,48.0049,0.0368,-49.51,-55.6339,-0.2403,-2.4685,82.33208004790957,28.64352613392443,84.44273316033996,-24.797532823350693,-89.06057569715712,-37.88173251681857,4.298924361125077,2.992917806795328,3.6465975317624535,-6.887054443359375,-0.06785074869791667,4.139031304253472,-2.73,-1.2431,-2.2632,-0.03486,-0.00249,0.05311,0.000896560843102634,0.0010002665221691132,0.0012017011176794767,0.00041550752939656377,0.0005005536368116736,0.0006072662072256207,0.011570200324058533,0.0092311417683959,0.00862911343574524,passive,0
9.7812,rehab,safe_near_limit_fast,57.24854383477844,-666.6288648568951,281.72431202853915,-177.64958839947698,0.2902423201502287,-149.8503435194849,47.4805,0.0831,-50.2372,-74.4042,-0.7204,8.5589,82.41682977959661,28.70659554358756,84.51615664038327,-24.935870700412327,-89.06250847710503,-37.80054728190104,4.244502605778156,2.992917806795328,3.6014624869469367,-6.853264702690972,-0.06785074869791667,4.071180555555555,-2.8119,-1.1231,-2.0013,-0.04283,0.00575,0.0598,0.000896560843102634,0.0010002665221691132,0.0012017011176794767,0.00041550752939656377,0.0005005536368116736,0.0006072662072256207,0.011570200324058533,0.0092311417683959,0.00862911343574524,passive,0
9.8008,rehab,safe_near_limit_fast,58.00607355963326,-666.6321274536801,280.91203813490864,-177.65042501055174,0.29093178440314826,-149.84943696185508,46.1725,0.0551,-50.2986,-76.1371,-0.8107,3.843,82.48319644739132,28.75808035973275,84.57439233761022,-25.04638671875,-89.06400044759114,-37.73633321126302,4.190087648901609,3.1561694758953434,3.723936930741414,-6.869659423828125,-0.13570149739583334,4.071180555555555,-2.6515,-1.1303,-1.6497,-0.02872,-0.00433,0.05138,0.000896560843102634,0.0010002665221691132,0.0012017011176794767,0.00041550752939656377,0.0005005536368116736,0.0006072662072256207,0.011570200324058533,0.0092311417683959,0.00862911343574524,passive,0
9.8209,rehab,safe_near_limit_fast,59.10055283656102,-666.6315996316315,279.68788083492467,-177.65242873148017,0.29246549215164236,-149.84881257910607,43.7354,-0.0375,-49.3218,-69.8681,-0.944,-7.3862,82.57904808119972,28.83510702907449,84.66278604941793,-25.212012396918404,-89.06620449490018,-37.642974853515625,3.809169353825031,3.047339562142249,3.651703183013614,-6.826282077365451,-0.13570149739583334,3.8676198323567705,-2.8055,-0.9673,-1.1089,-0.03682,0.00992,0.05572,0.000896560843102634,0.0010002665221691132,0.0012017011176794767,0.00041550752939656377,0.0005005536368116736,0.0006072662072256207,0.011570200324058533,0.0092311417683959,0.00862911343574524,passive,0
9.8412,rehab,safe_near_limit_fast,59.78902242078267,-666.6318435084704,278.8935235460257,-177.65182656259847,0.29202676575295655,-149.8507157996822,42.2008,-0.1017,-49.5004,-69.9301,-1.1,-10.6995,82.63937090883161,28.885001003152073,84.72120530534498,-25.322850545247395,-89.06761169433594,-37.581990559895836,3.5370877709719215,3.047339562142249,3.6332181420656715,-6.87257554796007,-0.06785074869791667,3.596208360460069,-2.5644,-0.9251,-0.8576,-0.01293,0.00638,0.06045,0.000896560843102634,0.0010002665221691132,0.0012017011176794767,0.00041550752939656377,0.0005005536368116736,0.0006072662072256207,0.011570200324058533,0.0092311417683959,0.00862911343574524,passive,0
9.8611,rehab,safe_near_limit_fast,60.7790549779217,-666.6296617760567,277.7205595616002,-177.64977956245346,0.29048544032768847,-149.85379107870077,40.8336,-0.0874,-49.7572,-73.1924,-0.7853,-7.4329,82.72610579386796,28.958383692373143,84.80852485883354,-25.48867967393663,-89.0696292453342,-37.49403211805556,3.5370877709719215,2.992917806795328,3.7097077322478342,-6.852162679036458,-0.06785074869791667,3.596208360460069,-2.773,-0.8071,-1.0314,-0.01387,0.006,0.06478,0.000896560843102634,0.0010002665221691132,0.0012017011176794767,0.00041550752939656377,0.0005005536368116736,0.0006072662072256207,0.011570200324058533,0.0092311417683959,0.00862911343574524,passive,0
9.8808,rehab,safe_near_limit_fast,61.419125213793166,-666.6315890191424,276.93166781864386,-177.64884843175292,0.2897433598054505,-149.8547945988081,40.133,-0.0406,-50.5758,-67.0154,0.329,-10.8436,82.78222716680848,29.00825047256923,84.86623707384166,-25.599077012803818,-89.07093471950955,-37.43814256456163,3.482672814095374,3.2650061881188117,3.555328066986386,-6.954388088650173,-0.13570149739583334,3.392647637261285,-2.717,-0.9308,-1.472,-0.02625,0.01108,0.05385,0.000896560843102634,0.0010002665221691132,0.0012017011176794767,0.00041550752939656377,0.0005005536368116736,0.0006072662072256207,0.011570200324058533,0.0092311417683959,0.00862911343574524,passive,0
9.9008,rehab,safe_near_limit_fast,62.360533563421455,-666.6396919990632,275.7126189327623,-177.64985625893686,0.29053784052028103,-149.85442933167346,39.0643,-0.0268,-51.2833,-57.3052,1.7205,-13.8857,82.86481498491646,29.086215330822633,84.95280879558904,-25.764668782552082,-89.0727318657769,-37.357779608832466,3.482672814095374,3.2650061881188117,3.677693735254873,-6.820644802517361,-0.0,3.2569376627604165,-2.7879,-0.9209,-1.4743,-0.0385,0.01387,0.05511,0.000896560843102634,0.0010002665221691132,0.0012017011176794767,0.00041550752939656377,0.0005005536368116736,0.0006072662072256207,0.011570200324058533,0.0092311417683959,0.00862911343574524,passive,0
9.9209,rehab,safe_near_limit_fast,62.97469361866234,-666.640847304131,274.89190496218583,-177.65146474894937,0.29179002205860477,-149.85317301992015,37.6215,-0.0224,-51.0772,-57.965,2.2251,-3.8968,82.91864527334081,29.13837999400526,85.01121445457534,-25.87469312879774,-89.0738508436415,-37.30644226074219,3.2105844327718907,3.2105844327718907,3.7399065376508354,-6.800452338324653,-0.06785074869791667,3.0533854166666665,-2.7096,-0.9075,-1.2936,-0.03083,0.01326,0.05873,0.000896560843102634,0.0010002665221691132,0.0012017011176794767,0.00041550752939656377,0.0005005536368116736,0.0006072662072256207,0.011570200324058533,0.0092311417683959,0.00862911343574524,passive,0
9.9408,rehab,safe_near_limit_fast,63.85084100454519,-666.6355249140447,273.67822769837835,-177.6528172838987,0.2928148580760287,-149.85201466199314,35.9947,0.0073,-50.4015,-59.5393,1.49,6.3625,82.99538640692683,29.214590846902073,85.09964215873491,-26.039776272243923,-89.07546149359808,-37.23270840115017,2.992917806795328,2.992917806795328,3.5879063370204207,-6.709840562608507,-0.06785074869791667,3.0533854166666665,-2.7542,-0.9788,-1.8562,-0.02669,0.0016,0.06333,0.000896560843102634,0.0010002665221691132,0.0012017011176794767,0.00041550752939656377,0.0005005536368116736,0.0006072662072256207,0.011570200324058533,0.0092311417683959,0.00862911343574524,passive,0
9.9613,rehab,safe_near_limit_fast,64.40715495342141,-666.6324963689134,272.893272174174,-177.65171556424397,0.29196206618668186,-149.8526822053504,35.0045,0.0643,-50.5176,-61.14,0.2784,15.9219,83.04413823798151,29.263845764764465,85.15785746055074,-26.150037977430554,-89.07652113172743,-37.18451605902778,2.992917806795328,3.1561694758953434,3.637562364634901,-6.838726467556423,-0.0,2.9176754421657987,-2.8094,-0.8841,-0.9236,-0.03509,0.00953,0.05361,0.000896560843102634,0.0010002665221691132,0.0012017011176794767,0.00041550752939656377,0.0005005536368116736,0.0006072662072256207,0.011570200324058533,0.0092311417683959,0.00862911343574524,passive,0
9.9809,rehab,safe_near_limit_fast,65.34840930099853,-666.6325413370485,271.5177683445083,-177.6497829692817,0.2904772975490191,-149.85275109655572,34.3766,0.1185,-50.8138,-60.8096,-0.477,24.115,83.12668526526726,29.350974961082535,85.25858359761757,-26.342663235134548,-89.07825893825955,-37.10404290093316,2.8296661376953125,3.047339562142249,3.6137813152653155,-7.059360080295138,-0.0,2.9176754421657987,-2.7517,-0.8783,-1.2949,-0.02642,0.01401,0.05977,0.000896560843102634,0.0010002665221691132,0.0012017011176794767,0.00041550752939656377,0.0005005536368116736,0.0006072662072256207,0.011570200324058533,0.0092311417683959,0.00862911343574524,passive,0
10.0008,rehab,safe_near_limit_fast,65.87872095816059,-666.6335377661798,270.71543314999326,-177.64991489319567,0.2905391342140473,-149.85251261116963,32.5887,0.1011,-49.3695,-50.7109,-0.8384,21.1288,83.17320719803914,29.402167443001623,85.31619383557008,-26.452628241644966,-89.07924228244357,-37.05898708767361,2.992917806795328,3.2650061881188117,3.6273510621325804,-6.8341064453125,-0.06785074869791667,2.781973944769965,-2.8069,-0.8732,-1.8256,-0.03104,0.00879,0.06076,0.000896560843102634,0.0010002665221691132,0.0012017011176794767,0.00041550752939656377,0.0005005536368116736,0.0006072662072256207,0.011570200324058533,0.0092311417683959,0.00862911343574524,passive,0
10.0212,rehab,safe_near_limit_fast,66.41044590064433,-666.6312139464977,269.8995475249598,-177.6511767150065,0.2915178593449914,-149.85127557950113,31.9004,0.0096,-49.3812,-34.0552,-1.1773,8.2152,83.21980391398515,29.454094159721148,85.37448392056002,-26.562525431315102,-89.08014085557726,-37.014855278862846,2.992917806795328,3.2105844327718907,3.575070824953589,-6.80328369140625,-0.06785074869791667,2.714114718967014,-2.7713,-0.8528,-1.178,-0.0292,0.00769,0.05969,0.000896560843102634,0.0010002665221691132,0.0012017011176794767,0.00041550752939656377,0.0005005536368116736,0.0006072662072256207,0.011570200324058533,0.0092311417683959,0.00862911343574524,passive,0
10.0408,rehab,safe_near_limit_fast,67.195289362671,-666.628560599778,268.6821585374384,-177.65273614169766,0.29270960525145034,-149.84935283278037,31.3054,-0.0649,-49.3368,-17.6855,-1.3606,-1.6693,83.28859763570351,29.53196383938931,85.46104204536664,-26.726871066623264,-89.0814717610677,-36.94981892903646,2.7208362239422184,3.2105844327718907,3.484134485225866,-6.801011827256945,-0.0,2.6462639702690973,-2.9829,-0.9206,-1.514,-0.05691,0.01884,0.06128,0.000896560843102634,0.0010002665221691132,0.0012017011176794767,0.00041550752939656377,0.0005005536368116736,0.0006072662072256207,0.011570200324058533,0.0092311417683959,0.00862911343574524,passive,0
10.061,rehab,safe_near_limit_fast,67.70441584401364,-666.6287009173445,267.87615184710705,-177.65313317056106,0.29299992768348393,-149.84913305102523,30.5723,-0.0751,-48.7095,-2.7223,-1.1038,-6.9369,83.33325678759282,29.583829369875463,85.5181899873337,-26.83664109971788,-89.08237033420139,-36.90660264756944,2.8296661376953125,3.2105844327718907,3.5630715247428064,-6.748699612087673,-0.0,2.781973944769965,-2.9593,-1.1388,-2.0429,-0.05472,0.00894,0.05754,0.000896560843102634,0.0010002665221691132,0.0012017011176794767,0.00041550752939656377,0.0005005536368116736,0.0006072662072256207,0.011570200324058533,0.0092311417683959,0.00862911343574524,passive,0
10.0809,rehab,safe_near_limit_fast,68.44483660457624,-666.6309068297088,266.69072925199674,-177.65197214686592,0.2921388723547403,-149.85118418985166,30.7472,-0.0377,-49.1201,12.8899,-0.1882,-14.6902,83.39824336590154,29.66044813099474,85.60257260162051,-27.00096978081597,-89.0837181939019,-36.84138827853732,2.6664212670656715,2.992917806795328,3.509723927715037,-6.85762193467882,-0.0,2.714114718967014,-2.8446,-0.9397,-1.5263,-0.04365,0.02164,0.05498,0.000896560843102634,0.0010002665221691132,0.0012017011176794767,0.00041550752939656377,0.0005005536368116736,0.0006072662072256207,0.011570200324058533,0.0092311417683959,0.00862911343574524,passive,0
10.101,rehab,safe_near_limit_fast,68.93220401641138,-666.6363064505891,265.9018255510595,-177.65088841151078,0.29131320129343624,-149.85296151606985,31.8004,-0.0155,-50.3673,24.2679,1.1116,-18.935,83.44106693078976,29.71208931195854,85.65785096423461,-27.110502454969616,-89.08463372124565,-36.79800245496962,2.7752511808187657,3.1561694758953434,3.5079903177695697,-6.974190606011285,-0.0,2.781973944769965,-2.8126,-1.0214,-2.0829,-0.04053,0.01615,0.0629,0.000896560843102634,0.0010002665221691132,0.0012017011176794767,0.00041550752939656377,0.0005005536368116736,0.0006072662072256207,0.011570200324058533,0.0092311417683959,0.00862911343574524,passive,0
10.121,rehab,safe_near_limit_fast,69.68787529535994,-666.6402974720243,264.70564361660576,-177.6504422019589,0.29098309966524355,-149.85400299726103,32.7853,-0.0086,-51.1556,27.4341,1.7943,-15.0464,83.5073996062326,29.79063883866414,85.74077190739094,-27.274415757921005,-89.08599853515625,-36.73244900173611,2.8296661376953125,3.2105844327718907,3.3801722762608293,-6.932898627387153,-0.06785074869791667,2.781973944769965,-2.7874,-1.0631,-2.1013,-0.04092,0.02487,0.0601,0.000896560843102634,0.0010002665221691132,0.0012017011176794767,0.00041550752939656377,0.0005005536368116736,0.0006072662072256207,0.011570200324058533,0.0092311417683959,0.00862911343574524,passive,0
10.141,rehab,safe_near_limit_fast,70.20631878422945,-666.6371936053803,263.89462673663036,-177.65158219228746,0.29182641173706625,-149.85389800655284,32.9069,0.0062,-50.6018,25.6323,1.3779,-7.8368,83.55284058221496,29.843707698406558,85.79668932622022,-27.383253309461804,-89.08692253960503,-36.68832567003038,2.884087893042234,3.319421144995359,3.393524472076114,-6.842549641927083,-0.13570149739583334,2.781973944769965,-2.9429,-0.9518,-1.8763,-0.03372,0.01825,0.06362,0.000896560843102634,0.0010002665221691132,0.0012017011176794767,0.00041550752939656377,0.0005005536368116736,0.0006072662072256207,0.011570200324058533,0.0092311417683959,0.00862911343574524,passive,0
10.1611,rehab,safe_near_limit_fast,71.00465282559101,-666.6294639543883,262.6827662481792,-177.65290147210973,0.2927847858593219,-149.8526543914706,33.1209,0.036,-50.3232,18.9676,0.375,2.1732,83.62277644695622,29.923310988020187,85.88000458065827,-27.546463012695312,-89.08833821614583,-36.62144978841146,3.047339562142249,3.373836101871906,3.409976770382116,-6.92490471733941,-0.06785074869791667,2.8498246934678817,-2.9099,-0.9964,-1.6723,-0.04003,0.022,0.05947,0.000896560843102634,0.0010002665221691132,0.0012017011176794767,0.00041550752939656377,0.0005005536368116736,0.0006072662072256207,0.011570200324058533,0.0092311417683959,0.00862911343574524,passive,0
10.1812,rehab,safe_near_limit_fast,71.53126019917697,-666.627356844444,261.89524249675867,-177.65196907126125,0.29209458799464605,-149.85274653443295,33.5173,0.0842,-50.5384,8.538,-0.4132,13.305,83.66894485926863,29.975570829788058,85.93415439719021,-27.655325995551216,-89.08928765190971,-36.57639397515191,2.884087893042234,3.373836101871906,3.2405860825340347,-6.780565049913195,-0.13570149739583334,2.781973944769965,-2.9329,-0.8762,-1.3142,-0.04271,0.00904,0.05937,0.000896560843102634,0.0010002665221691132,0.0012017011176794767,0.00041550752939656377,0.0005005536368116736,0.0006072662072256207,0.011570200324058533,0.0092311417683959,0.00862911343574524,passive,0
10.2011,rehab,safe_near_limit_fast,72.46505491583987,-666.631540099864,260.52861548697234,-177.64895320612112,0.2898843995515211,-149.8519289979328,33.7921,0.0874,-50.5177,-0.8173,-0.8141,20.31,83.75088002422068,30.067853266649905,86.02621248452971,-27.845670912000866,-89.09094916449652,-36.49737887912326,2.938502849918781,3.482672814095374,3.302588132348391,-6.651314629448785,-0.0,2.781973944769965,-2.9247,-0.8728,-1.9391,-0.04776,0.00337,0.06015,0.000896560843102634,0.0010002665221691132,0.0012017011176794767,0.00041550752939656377,0.0005005536368116736,0.0006072662072256207,0.011570200324058533,0.0092311417683959,0.00862911343574524,passive,0
10.221,rehab,safe_near_limit_fast,73.00004189469472,-666.6322280254816,259.7238848809975,-177.64914997465914,0.29001348055242343,-149.8521438646692,33.4328,0.0258,-49.4995,-2.6583,-1.0098,18.33,83.79780986521503,30.1223090143487,86.07936972438699,-27.954364352756077,-89.09194098578558,-36.4514414469401,2.938502849918781,3.5915027278484684,3.3188228796024135,-6.715511745876736,-0.06785074869791667,2.8498246934678817,-2.9796,-0.7145,-1.5354,-0.04969,0.01401,0.05796,0.000896560843102634,0.0010002665221691132,0.0012017011176794767,0.00041550752939656377,0.0005005536368116736,0.0006072662072256207,0.011570200324058533,0.0092311417683959,0.00862911343574524,passive,0
10.2413,rehab,safe_near_limit_fast,73.53922806451307,-666.6329631145768,258.90011563166445,-177.65107400541828,0.2914318982432458,-149.85198038297517,33.5813,-0.0523,-49.3665,3.0223,-1.1394,11.4953,83.84510002513923,30.178369201055848,86.13248617342202,-28.062464396158852,-89.09291585286458,-36.40552096896701,2.938502849918781,3.5915027278484684,3.407563313399211,-6.621882120768229,-0.0,2.9176754421657987,-3.1149,-0.804,-2.0846,-0.04868,0.02475,0.06178,0.000896560843102634,0.0010002665221691132,0.0012017011176794767,0.00041550752939656377,0.0005005536368116736,0.0006072662072256207,0.011570200324058533,0.0092311417683959,0.00862911343574524,passive,0
10.2609,rehab,safe_near_limit_fast,74.35930385489642,-666.628225469198,257.6719630058648,-177.6536281712479,0.29329633729393845,-149.8512516085862,33.7513,-0.0763,-49.4664,11.4375,-1.206,3.7394,83.91696665546682,30.261847618782873,86.2120758660949,-28.224351671006943,-89.09439934624565,-36.33618672688802,3.1017545190187965,3.5915027278484684,3.229994065690749,-6.622450086805555,-0.06785074869791667,2.9176754421657987,-3.0278,-0.9778,-1.864,-0.05163,0.02137,0.06089,0.000896560843102634,0.0010002665221691132,0.0012017011176794767,0.00041550752939656377,0.0005005536368116736,0.0006072662072256207,0.011570200324058533,0.0092311417683959,0.00862911343574524,passive,0
10.2809,rehab,safe_near_limit_fast,74.91487462939682,-666.6282644440587,256.8774664603975,-177.65296113562414,0.29285203578532626,-149.85079373416028,33.4902,-0.0584,-48.9243,21.5567,-0.9395,-8.5967,83.96567769569926,30.316595700707765,86.26344510824373,-28.33261277940538,-89.09537421332465,-36.28913031684028,2.992917806795328,3.5915027278484684,3.1785704357789295,-6.6087086995442705,-0.13570149739583334,2.9176754421657987,-3.1149,-0.8253,-1.3316,-0.0594,0.01866,0.06893,0.000896560843102634,0.0010002665221691132,0.0012017011176794767,0.00041550752939656377,0.0005005536368116736,0.0006072662072256207,0.011570200324058533,0.0092311417683959,0.00862911343574524,passive,0
10.3008,rehab,safe_near_limit_fast,75.74100747356866,-666.633531916404,255.7164180677806,-177.64979151864026,0.2905179723530113,-149.851002742598,33.7799,-0.0422,-48.8767,28.0515,-0.3393,-17.9051,84.03817658377166,30.397599475218517,86.33796314201733,-28.494093153211804,-89.096925523546,-36.218202379014755,3.047339562142249,3.482672814095374,3.1214632846341273,-6.788703070746528,-0.06785074869791667,2.985526190863715,-2.8823,-0.7929,-1.7693,-0.05412,0.01355,0.06211,0.000896560843102634,0.0010002665221691132,0.0012017011176794767,0.00041550752939656377,0.0005005536368116736,0.0006072662072256207,0.011570200324058533,0.0092311417683959,0.00862911343574524,passive,0
10.321,rehab,safe_near_limit_fast,76.28938366647797,-666.6365729104624,254.92777866077842,-177.6487752490518,0.28979343522814854,-149.85211231524565,35.0681,-0.0369,-49.8892,30.2735,0.229,-18.7742,84.08629615708153,30.452775860776995,86.38782992221341,-28.60175238715278,-89.09795973036024,-36.17016262478298,2.992917806795328,3.7003394400719367,3.2034732327602877,-6.888605753580729,-0.06785074869791667,3.0533854166666665,-3.022,-0.8135,-1.7783,-0.0484,0.01619,0.06088,0.000896560843102634,0.0010002665221691132,0.0012017011176794767,0.00041550752939656377,0.0005005536368116736,0.0006072662072256207,0.011570200324058533,0.0092311417683959,0.00862911343574524,passive,0
10.3411,rehab,safe_near_limit_fast,77.12599724770668,-666.6389628534696,253.71600147591795,-177.6497882698108,0.290509593484723,-149.85392182219144,36.3262,-0.0591,-50.8002,34.6251,0.5317,-18.0294,84.15968564477298,30.53789270986425,86.46276946115022,-28.76265631781684,-89.0995873345269,-36.09675089518229,3.1017545190187965,3.5915027278484684,3.0481485801168007,-6.755608452690972,-0.06785074869791667,3.0533854166666665,-2.8671,-0.6683,-1.337,-0.03668,0.01499,0.05862,0.000896560843102634,0.0010002665221691132,0.0012017011176794767,0.00041550752939656377,0.0005005536368116736,0.0006072662072256207,0.011570200324058533,0.0092311417683959,0.00862911343574524,passive,0
10.3612,rehab,safe_near_limit_fast,77.69744075354414,-666.6367031812991,252.89446123164632,-177.65169654250954,0.29191006462056096,-149.85402462822708,36.8734,-0.0759,-51.1981,37.862,0.6937,-14.0913,84.20976317755067,30.59560492487237,86.51303055262801,-28.869654337565102,-89.10064697265625,-36.04776170518663,3.2650061881188117,3.64592448319539,3.0401875713084006,-6.842210557725695,-0.06785074869791667,3.0533854166666665,-2.8916,-0.6905,-1.5626,-0.04264,0.02128,0.06307,0.000896560843102634,0.0010002665221691132,0.0012017011176794767,0.00041550752939656377,0.0005005536368116736,0.0006072662072256207,0.011570200324058533,0.0092311417683959,0.00862911343574524,passive,0
10.3809,rehab,safe_near_limit_fast,78.57236436077308,-666.6361168817012,251.6982503283688,-177.65127582503717,0.29157966553218573,-149.85382099245984,37.1067,-0.0575,-51.1352,33.8787,0.8085,-3.5127,84.28646352031443,30.68066058772625,86.58608011680074,-29.030414157443577,-89.10231696234808,-35.97304450141059,3.2650061881188117,3.5915027278484684,3.0565854818514078,-6.542392306857638,-0.13570149739583334,3.121236165364583,-3.0652,-0.6111,-1.4484,-0.05002,0.01614,0.06565,0.000896560843102634,0.0010002665221691132,0.0012017011176794767,0.00041550752939656377,0.0005005536368116736,0.0006072662072256207,0.011570200324058533,0.0092311417683959,0.00862911343574524,passive,0
10.4011,rehab,safe_near_limit_fast,79.16895679838389,-666.6335288466117,250.91772728685595,-177.64989913110435,0.29054728423080234,-149.85371653457992,37.1189,-0.0206,-50.3353,24.9173,0.8977,10.7627,84.33874375749342,30.73642164173693,86.63388016200301,-29.137140909830727,-89.10348680284288,-35.9220462375217,3.2650061881188117,3.5915027278484684,2.875705379070622,-6.591695149739583,-0.06785074869791667,3.4604983859592013,-2.865,-0.7037,-1.5969,-0.0329,0.00789,0.06274,0.000896560843102634,0.0010002665221691132,0.0012017011176794767,0.00041550752939656377,0.0005005536368116736,0.0006072662072256207,0.011570200324058533,0.0092311417683959,0.00862911343574524,passive,0
10.4213,rehab,safe_near_limit_fast,80.21510939027463,-666.6391928176358,249.52537165683853,-177.64913443314873,0.29001232717993247,-149.85428180070556,38.3248,0.0234,-50.6284,18.8355,1.0044,23.161,84.43049591366608,30.83760327631884,86.71552979119933,-29.32345920138889,-89.10550435384114,-35.83179050021701,3.428251058748453,3.7003394400719367,2.970448862207998,-6.777843899197048,-0.06785074869791667,3.324796888563368,-2.7998,-0.7862,-2.0687,-0.02241,0.0086,0.06244,0.000896560843102634,0.0010002665221691132,0.0012017011176794767,0.00041550752939656377,0.0005005536368116736,0.0006072662072256207,0.011570200324058533,0.0092311417683959,0.00862911343574524,passive,0
10.4409,rehab,safe_near_limit_fast,80.8237847223377,-666.642350782264,248.70356143406647,-177.65071467770187,0.291115241320335,-149.8548296412083,39.1065,0.0501,-50.3105,20.6942,0.7884,25.5631,84.48387750304572,30.897701754428372,86.7621876933787,-29.429779052734375,-89.10672505696614,-35.77904595269097,3.428251058748453,3.8635911091719524,2.9559409264290686,-6.892869737413195,-0.06785074869791667,3.2569376627604165,-3.0506,-0.7004,-1.9463,-0.04997,0.01833,0.06635,0.000896560843102634,0.0010002665221691132,0.0012017011176794767,0.00041550752939656377,0.0005005536368116736,0.0006072662072256207,0.011570200324058533,0.0092311417683959,0.00862911343574524,passive,0
10.4609,rehab,safe_near_limit_fast,81.45037658054684,-666.642332530585,247.87987195233836,-177.65276078036464,0.29258486435157416,-149.85507088746584,39.1374,0.0424,-49.2691,31.1997,0.0418,16.479,84.53878874825959,30.95807896982325,86.80853286592087,-29.53550550672743,-89.10795423719618,-35.7250722249349,3.5915027278484684,3.809169353825031,2.8396530906752786,-6.698939005533854,-0.06785074869791667,3.4604983859592013,-2.9882,-0.7343,-1.5141,-0.04854,0.01284,0.06257,0.000896560843102634,0.0010002665221691132,0.0012017011176794767,0.00041550752939656377,0.0005005536368116736,0.0006072662072256207,0.011570200324058533,0.0092311417683959,0.00862911343574524,passive,0
10.481,rehab,safe_near_limit_fast,82.41824616681224,-666.6362506794445,246.67002201215448,-177.65389616949508,0.2934458279465937,-149.85441622507622,39.7376,0.0186,-49.2754,45.2995,-0.7798,1.6113,84.62353847994663,31.04698936537941,86.87716342435024,-29.69394259982639,-89.10980224609375,-35.642734103732636,3.5915027278484684,3.8635911091719524,2.8035260191058167,-6.497802734375,-0.06785074869791667,3.596208360460069,-2.9625,-0.7165,-1.6163,-0.0485,0.01667,0.05963,0.000896560843102634,0.0010002665221691132,0.0012017011176794767,0.00041550752939656377,0.0005005536368116736,0.0006072662072256207,0.011570200324058533,0.0092311417683959,0.00862911343574524,passive,0
10.5008,rehab,safe_near_limit_fast,83.08856963944234,-666.630761614701,245.88360495256939,-177.65269132176945,0.2925851242759172,-149.8524246778726,40.2452,0.0137,-48.8653,54.5111,-1.0837,-9.4236,84.68221607774791,31.105313442721226,86.92183617318031,-29.799982706705727,-89.111082288954,-35.587217542860245,3.64592448319539,3.5915027278484684,2.7020588487681776,-6.606775919596354,-0.06785074869791667,3.799769083658854,-2.8719,-0.5875,-1.3435,-0.04155,0.02493,0.0633,0.000896560843102634,0.0010002665221691132,0.0012017011176794767,0.00041550752939656377,0.0005005536368116736,0.0006072662072256207,0.011570200324058533,0.0092311417683959,0.00862911343574524,passive,0
10.5209,rehab,safe_near_limit_fast,84.09483550935974,-666.6305301540305,244.71117985306856,-177.65032329548816,0.2909825172119635,-149.85212835984657,41.3302,0.0011,-48.9196,64.129,-0.6806,-17.2135,84.77036504462214,31.193713952999303,86.98630606774056,-29.958131578233505,-89.11303202311198,-35.501107109917534,3.64592448319539,3.754754396948484,2.6320957901454207,-6.612667507595486,-0.13570149739583334,3.7319098578559027,-2.8019,-0.5566,-1.791,-0.03073,0.01524,0.06677,0.000896560843102634,0.0010002665221691132,0.0012017011176794767,0.00041550752939656377,0.0005005536368116736,0.0006072662072256207,0.011570200324058533,0.0092311417683959,0.00862911343574524,passive,0
10.5407,rehab,safe_near_limit_fast,84.7652524655782,-666.6355722066744,243.91572620281121,-177.6498195097245,0.2905554030409715,-149.85276146787817,43.2389,-0.0385,-49.9618,72.4031,0.1175,-18.5694,84.8291514179494,31.254533068968517,87.02815745136526,-30.063095092773438,-89.11446465386284,-35.44285244411892,3.482672814095374,3.809169353825031,2.6337342215056467,-6.611226399739583,-0.13570149739583334,3.7319098578559027,-2.9663,-0.7564,-2.4732,-0.0664,0.02984,0.06504,0.000896560843102634,0.0010002665221691132,0.0012017011176794767,0.00041550752939656377,0.0005005536368116736,0.0006072662072256207,0.011570200324058533,0.0092311417683959,0.00862911343574524,passive,0
10.5611,rehab,safe_near_limit_fast,85.78688441268683,-666.6415389130857,242.70177885748402,-177.6508892002749,0.2912940275134981,-149.85584197446647,45.498,-0.0571,-50.943,74.8898,0.8268,-8.8691,84.91870766819113,31.34774689627166,87.09054021552058,-30.219938490125866,-89.11665174696181,-35.35196092393663,3.8635911091719524,3.918006066048499,2.637072270459468,-6.587287055121528,-0.06785074869791667,3.8676198323567705,-2.9182,-0.8083,-2.5963,-0.06011,0.00471,0.06422,0.000896560843102634,0.0010002665221691132,0.0012017011176794767,0.00041550752939656377,0.0005005536368116736,0.0006072662072256207,0.011570200324058533,0.0092311417683959,0.00862911343574524,passive,0
10.5809,rehab,safe_near_limit_fast,86.4959827181018,-666.6414642228862,241.89598879364576,-177.6516850281305,0.2918465653706269,-149.8571511999352,46.6858,-0.0231,-51.0935,69.733,1.0545,5.0977,84.98081849353149,31.40992570631575,87.13143301482248,-30.323783026801216,-89.11816067165799,-35.289696587456596,4.135672692025062,3.754754396948484,2.4875059222230815,-6.4412689208984375,-0.13570149739583334,3.9354705810546875,-2.7627,-0.5229,-1.6872,-0.05286,0.01932,0.05965,0.000896560843102634,0.0010002665221691132,0.0012017011176794767,0.00041550752939656377,0.0005005536368116736,0.0006072662072256207,0.011570200324058533,0.0092311417683959,0.00862911343574524,passive,0
10.601,rehab,safe_near_limit_fast,87.6213446070949,-666.6391910327777,240.71920826584045,-177.65059114152086,0.2911100769933698,-149.8562665452641,47.673,0.0462,-50.4798,52.2587,0.9263,26.0477,85.07933512772664,31.502119763062733,87.18990665851253,-30.47844780815972,-89.12047492133246,-35.193778143988716,4.135672692025062,3.809169353825031,2.412913105275371,-6.426179673936632,-0.13570149739583334,4.206882052951388,-2.8042,-0.5613,-1.5092,-0.05376,0.01977,0.05834,0.000896560843102634,0.0010002665221691132,0.0012017011176794767,0.00041550752939656377,0.0005005536368116736,0.0006072662072256207,0.011570200324058533,0.0092311417683959,0.00862911343574524,passive,0
10.6208,rehab,safe_near_limit_fast,88.39271340773959,-666.6370935937596,239.9280528695557,-177.6509779857354,0.29140973866208914,-149.85514638631747,48.4818,0.0924,-49.3272,28.8733,0.62,51.6919,85.14684393854425,31.56468608591816,87.22772654920522,-30.580164591471352,-89.12206013997395,-35.12852138943142,4.190087648901609,3.8635911091719524,2.2420539478264234,-6.375062730577257,-0.06785074869791667,4.0033213297526045,-2.7088,-0.5775,-1.5007,-0.05598,0.01062,0.05376,0.000896560843102634,0.0010002665221691132,0.0012017011176794767,0.00041550752939656377,0.0005005536368116736,0.0006072662072256207,0.011570200324058533,0.0092311417683959,0.00862911343574524,passive,0
10.641,rehab,safe_near_limit_fast,89.75789878615667,-666.6337771805307,238.55470752087388,-177.65282528699385,0.2926914120963038,-149.85430122481998,48.8963,0.0916,-47.7365,12.118,0.0361,70.397,85.26632025690363,31.674460987053294,87.29091153286471,-30.75412326388889,-89.1249762641059,-35.01183403862847,4.4077542748781715,3.754754396948484,2.2264174659653464,-6.167594061957465,-0.0,4.274732801649305,-2.6927,-0.7337,-1.8533,-0.04249,0.01761,0.06493,0.000896560843102634,0.0010002665221691132,0.0012017011176794767,0.00041550752939656377,0.0005005536368116736,0.0006072662072256207,0.011570200324058533,0.0092311417683959,0.00862911343574524,passive,0
10.661,rehab,safe_near_limit_fast,90.54586993913874,-666.6295760739087,237.7913324694213,-177.6535205566821,0.2931770102900404,-149.85447683381182,49.5284,0.0547,-46.8706,9.6566,-0.6763,73.4671,85.33525674649985,31.735973547000697,87.3253865761332,-30.851152208116318,-89.12668863932292,-34.94380527072482,4.298924361125077,3.918006066048499,2.0315869019763304,-6.099048190646701,-0.13570149739583334,4.139031304253472,-2.7328,-0.5382,-1.9878,-0.04296,0.0077,0.06497,0.000896560843102634,0.0010002665221691132,0.0012017011176794767,0.00041550752939656377,0.0005005536368116736,0.0006072662072256207,0.011570200324058533,0.0092311417683959,0.00862911343574524,passive,0
10.6809,rehab,safe_near_limit_fast,91.34964354864445,-666.6297236298713,237.05897817118066,-177.65254829161472,0.29249256703699983,-149.853285120443,48.8842,0.0127,-45.0827,8.8805,-1.0233,69.0195,85.4055937209932,31.796350762395576,87.35691788172957,-30.94613817003038,-89.12842644585503,-34.87571716308594,4.353339318001624,3.754754396948484,1.8830267273553527,-5.911204020182292,-0.13570149739583334,4.206882052951388,-2.775,-0.5868,-2.0377,-0.04219,0.01633,0.06221,0.000896560843102634,0.0010002665221691132,0.0012017011176794767,0.00041550752939656377,0.0005005536368116736,0.0006072662072256207,0.011570200324058533,0.0092311417683959,0.00862911343574524,passive,0
10.7013,rehab,safe_near_limit_fast,92.54520872349345,-666.633095929304,235.99158294676067,-177.6506290613391,0.29113545086337117,-149.85320883980756,48.5846,-0.0156,-43.333,5.7028,-0.6173,66.4412,85.51023577699567,31.88550590288521,87.40116912539642,-31.084747314453125,-89.13109673394096,-34.77269490559896,4.4077542748781715,3.7003394400719367,1.7636387891108447,-5.659688313802083,-0.13570149739583334,4.206882052951388,-2.624,-0.5702,-2.0995,-0.04702,0.0092,0.05535,0.000896560843102634,0.0010002665221691132,0.0012017011176794767,0.00041550752939656377,0.0005005536368116736,0.0006072662072256207,0.011570200324058533,0.0092311417683959,0.00862911343574524,passive,0
10.7212,rehab,safe_near_limit_fast,93.3442997137094,-666.6357099177043,235.28643598534197,-177.6505927694978,0.29108327949328233,-149.8527394174135,48.9371,-0.0196,-41.9612,3.6151,0.307,67.4532,85.58016484326656,31.944992518661046,87.4288253028794,-31.173841688368054,-89.13289388020833,-34.70423380533854,4.4077542748781715,3.7003394400719367,1.726206411229502,-5.427864922417535,-0.13570149739583334,4.410442776150173,-2.6441,-0.495,-1.8082,-0.06072,0.01181,0.05646,0.000896560843102634,0.0010002665221691132,0.0012017011176794767,0.00041550752939656377,0.0005005536368116736,0.0006072662072256207,0.011570200324058533,0.0092311417683959,0.00862911343574524,passive,0
10.741,rehab,safe_near_limit_fast,94.53982200410083,-666.6347738228013,234.25309189222529,-177.65210511672416,0.2920853011910101,-149.85324583160175,49.8627,-0.0062,-41.1732,-2.8734,0.8292,75.2375,85.68473891456529,32.0325500186127,87.46799808917659,-31.301617092556423,-89.13564046223958,-34.60059271918403,4.4077542748781715,3.5915027278484684,1.4854589783319152,-5.213080512152778,-0.13570149739583334,4.410442776150173,-2.6747,-0.4365,-1.6377,-0.05024,0.01207,0.0624,0.000896560843102634,0.0010002665221691132,0.0012017011176794767,0.00041550752939656377,0.0005005536368116736,0.0006072662072256207,0.011570200324058533,0.0092311417683959,0.00862911343574524,passive,0
10.761,rehab,safe_near_limit_fast,95.33255916030593,-666.6326559810974,233.5930555785671,-177.65291839125007,0.2926887253062069,-149.85341510420164,49.8949,0.028,-40.1634,-11.7653,0.4348,85.9273,85.7540493200321,32.08903171048306,87.49213945747601,-31.38311598036024,-89.13741217719183,-34.53202989366319,4.4077542748781715,3.319421144995359,1.5192473760925898,-4.92919921875,-0.20355224609375,4.206882052951388,-2.5445,-0.37,-1.6721,-0.03171,0.0014,0.06197,0.000896560843102634,0.0010002665221691132,0.0012017011176794767,0.00041550752939656377,0.0005005536368116736,0.0006072662072256207,0.011570200324058533,0.0092311417683959,0.00862911343574524,passive,0
10.7811,rehab,safe_near_limit_fast,96.51392000615253,-666.6320397715486,232.68148187085754,-177.6516113243393,0.29181062189827933,-149.8537085213909,49.0248,0.0678,-37.8277,-20.6729,-0.348,96.7161,85.85734527890045,32.16892733432279,87.52342601813892,-31.49868435329861,-89.14013332790799,-34.4297366672092,4.298924361125077,3.2105844327718907,1.1509334450901145,-4.777331882052951,-0.13570149739583334,4.206882052951388,-2.5291,-0.4487,-1.2515,-0.04507,0.0073,0.05309,0.000896560843102634,0.0010002665221691132,0.0012017011176794767,0.00041550752939656377,0.0005005536368116736,0.0006072662072256207,0.011570200324058533,0.0092311417683959,0.00862911343574524,passive,0
10.8009,rehab,safe_near_limit_fast,97.30033536903181,-666.6307680008653,232.10564483830336,-177.6507448506571,0.29124503692813,-149.8533473839054,48.6087,0.09,-35.8533,-35.0836,-0.9303,110.9037,85.92608461285582,32.22020139788637,87.54183627591274,-31.571256849500866,-89.14193895128038,-34.362174140082466,4.298924361125077,3.2105844327718907,1.1193953410233601,-4.39009772406684,-0.13570149739583334,4.274732801649305,-2.5963,-0.2534,-1.1003,-0.04437,0.01966,0.06034,0.000896560843102634,0.0010002665221691132,0.0012017011176794767,0.00041550752939656377,0.0005005536368116736,0.0006072662072256207,0.011570200324058533,0.0092311417683959,0.00862911343574524,passive,0
10.8209,rehab,safe_near_limit_fast,98.47230429810968,-666.627987658679,231.26679562264974,-177.65193261240307,0.2919825336194379,-149.8515337603026,47.446,0.0433,-33.1126,-51.7164,-1.1956,127.2546,86.02850356904587,32.29576639609762,87.56602523350479,-31.672337849934895,-89.14471096462674,-34.2627207438151,3.9724210229250465,3.1017545190187965,0.9055358584564511,-4.029897054036458,-0.20355224609375,4.139031304253472,-2.5234,-0.2534,-1.3035,-0.0529,0.02932,0.05704,0.000896560843102634,0.0010002665221691132,0.0012017011176794767,0.00041550752939656377,0.0005005536368116736,0.0006072662072256207,0.011570200324058533,0.0092311417683959,0.00862911343574524,passive,0
10.8409,rehab,safe_near_limit_fast,99.23070661526911,-666.6292554614738,230.74356253665837,-177.65314016871994,0.292772628573197,-149.85137346899194,46.0546,-0.0692,-30.1893,-58.3034,-1.1757,135.0068,86.09478865519608,32.34396755105198,87.57906469968286,-31.733924018012154,-89.14654201931424,-34.197302924262154,4.190087648901609,2.992917806795328,0.7867325886641399,-3.662736680772569,-0.06785074869791667,4.071180555555555,-2.3847,-0.2729,-1.3872,-0.0514,0.00907,0.05425,0.000896560843102634,0.0010002665221691132,0.0012017011176794767,0.00041550752939656377,0.0005005536368116736,0.0006072662072256207,0.011570200324058533,0.0092311417683959,0.00862911343574524,passive,0
10.8612,rehab,safe_near_limit_fast,100.15361641097957,-666.6284123236323,230.1314691546767,-177.655090864393,0.2940845500849875,-149.851143146731,45.0925,-0.1184,-27.5819,-63.5458,-0.7936,139.1777,86.17541851383625,32.400952329730046,87.59304235477259,-31.804707845052082,-89.14876302083333,-34.11771986219618,3.7003394400719367,2.7752511808187657,0.5969736835744122,-3.4369574652777777,-0.06785074869791667,4.0033213297526045,-2.3548,-0.2484,-1.5078,-0.04434,0.00329,0.05439,0.000896560843102634,0.0010002665221691132,0.0012017011176794767,0.00041550752939656377,0.0005005536368116736,0.0006072662072256207,0.011570200324058533,0.0092311417683959,0.00862911343574524,passive,0
10.881,rehab,safe_near_limit_fast,101.20369144853237,-666.6303764046137,229.512717544263,-177.65388130063718,0.29328876320078023,-149.85372322670145,44.4028,-0.0795,-25.2106,-71.1766,0.1113,148.142,86.2671706700089,32.460948830783956,87.60459975440904,-31.88025580512153,-89.15139092339409,-34.024251302083336,3.7003394400719367,2.3399179288656407,0.3348110689975248,-2.9288228352864585,-0.13570149739583334,3.799769083658854,-2.2246,-0.1674,-0.7828,-0.03435,0.01445,0.05228,0.000896560843102634,0.0010002665221691132,0.0012017011176794767,0.00041550752939656377,0.0005005536368116736,0.0006072662072256207,0.011570200324058533,0.0092311417683959,0.00862911343574524,passive,0
10.9008,rehab,safe_near_limit_fast,101.88081850649873,-666.6321437504698,229.159480795694,-177.65225725044863,0.2921573640862889,-149.85498255713102,42.2381,-0.0274,-21.8716,-71.9107,1.4034,153.2296,86.32633095920676,32.49671558342358,87.60905955097464,-31.924090915256077,-89.15314568413628,-33.964335123697914,3.64592448319539,2.067836346012531,0.20114634296681622,-2.5778028700086804,-0.13570149739583334,3.596208360460069,-2.3691,-0.1713,-1.3828,-0.04662,0.02203,0.05152,0.000896560843102634,0.0010002665221691132,0.0012017011176794767,0.00041550752939656377,0.0005005536368116736,0.0006072662072256207,0.011570200324058533,0.0092311417683959,0.00862911343574524,passive,0
10.9213,rehab,safe_near_limit_fast,102.87255877342237,-666.643747446663,228.69885733049128,-177.64981264764972,0.2905358944404878,-149.8557401517605,40.8122,0.01,-18.7781,-78.6699,2.4314,163.8212,86.412991061069,32.54654837126779,87.60952184696009,-31.97967529296875,-89.15567186143663,-33.8775634765625,3.5370877709719215,1.9589996337890625,-0.10882991375309406,-2.050382826063368,-0.06785074869791667,3.392647637261285,-2.1382,-0.0954,-1.2928,-0.03711,0.01639,0.05243,0.000896560843102634,0.0010002665221691132,0.0012017011176794767,0.00041550752939656377,0.0005005536368116736,0.0006072662072256207,0.011570200324058533,0.0092311417683959,0.00862911343574524,passive,0
10.941,rehab,safe_near_limit_fast,103.52641310371726,-666.641213014673,228.41858596522758,-177.65063730131732,0.2911162173836484,-149.8539520883837,39.3198,0.0399,-15.8504,-93.2702,1.9753,179.5918,86.47003702598043,32.57694433231165,87.60860405345954,-32.00963338216146,-89.15727403428819,-33.822665744357636,3.5915027278484684,1.8501697200359684,-0.08139808579246596,-1.6210852728949652,-0.13570149739583334,3.324796888563368,-2.2114,-0.0478,-1.3357,-0.04628,0.02033,0.05438,0.000896560843102634,0.0010002665221691132,0.0012017011176794767,0.00041550752939656377,0.0005005536368116736,0.0006072662072256207,0.011570200324058533,0.0092311417683959,0.00862911343574524,passive,0
10.9612,rehab,safe_near_limit_fast,104.45038781133259,-666.6282847314931,228.05954751509432,-177.65437675624074,0.29356752641686407,-149.85230430727157,36.8221,0.0791,-11.449,-105.9476,0.2222,192.6079,86.55059210144647,32.61666779470916,87.6048988871055,-32.043304443359375,-89.15966457790799,-33.74418470594618,3.1017545190187965,1.4692514249593904,-0.274658203125,-1.049134996202257,-0.06785074869791667,3.1890869140625,-2.1875,-0.0925,-1.2467,-0.04603,0.01556,0.05373,0.000896560843102634,0.0010002665221691132,0.0012017011176794767,0.00041550752939656377,0.0005005536368116736,0.0006072662072256207,0.011570200324058533,0.0092311417683959,0.00862911343574524,passive,0
10.9811,rehab,safe_near_limit_fast,105.02257426812236,-666.6242833204145,227.88995710420502,-177.65602981069205,0.294621515750562,-149.85224108782825,35.628,0.1098,-7.8945,-116.0996,-1.1927,200.6309,86.60049287399443,32.638232542736695,87.59844034024985,-32.057791815863716,-89.16122436523438,-33.694542778862846,3.1017545190187965,1.251584798982828,-0.4934193828318379,-0.7233937581380209,-0.13570149739583334,2.985526190863715,-2.0688,-0.0064,-1.144,-0.02962,0.01785,0.04995,0.000896560843102634,0.0010002665221691132,0.0012017011176794767,0.00041550752939656377,0.0005005536368116736,0.0006072662072256207,0.011570200324058533,0.0092311417683959,0.00862911343574524,passive,0
11.0007,rehab,safe_near_limit_fast,105.82460577998957,-666.6279021713212,227.7418414342256,-177.65673563381992,0.2950394207102382,-149.85175809964852,32.9869,0.0949,-3.7348,-126.8676,-1.7529,199.742,86.67046273108757,32.66350925558864,87.5821580037032,-32.06783718532986,-89.16344536675346,-33.625217013888886,2.7752511808187657,0.87066650390625,-0.8133214062983447,-0.10237799750434028,-0.13570149739583334,2.6462639702690973,-2.0176,-0.1089,-0.891,-0.04695,0.00765,0.04984,0.000896560843102634,0.0010002665221691132,0.0012017011176794767,0.00041550752939656377,0.0005005536368116736,0.0006072662072256207,0.011570200324058533,0.0092311417683959,0.00862911343574524,passive,0
11.0208,rehab,safe_near_limit_fast,106.3194836489149,-666.6303136561103,227.72195201154491,-177.65541006051944,0.29414867510399106,-149.85084626994305,29.5725,0.0043,0.4865,-138.683,-1.8982,193.377,86.71361942102413,32.67425083878017,87.56813955779123,-32.067294650607636,-89.16481865776909,-33.58299255371094,2.61199951171875,0.544163165706219,-0.9283515250328743,0.15790303548177084,-0.06785074869791667,2.5784132215711804,-1.9337,-0.0734,-1.2634,-0.03613,0.01022,0.05356,0.000896560843102634,0.0010002665221691132,0.0012017011176794767,0.00041550752939656377,0.0005005536368116736,0.0006072662072256207,0.011570200324058533,0.0092311417683959,0.00862911343574524,passive,0
11.0412,rehab,safe_near_limit_fast,107.00675611376326,-666.6286526098414,227.79536289222602,-177.65322513542716,0.2927289256483629,-149.84954127220328,26.8173,-0.1198,4.4897,-154.8539,-1.8813,185.8641,86.77350034808168,32.681851528658726,87.54287644188003,-32.05381605360243,-89.16675143771701,-33.52430555555556,2.3399179288656407,-0.05441495687654703,-1.205980659711479,0.9149593777126735,-0.06785074869791667,2.307001749674479,-1.9126,0.04,-0.5068,-0.0384,0.01775,0.04678,0.000896560843102634,0.0010002665221691132,0.0012017011176794767,0.00041550752939656377,0.0005005536368116736,0.0006072662072256207,0.011570200324058533,0.0092311417683959,0.00862911343574524,passive,0
11.0608,rehab,safe_near_limit_fast,107.51333300802781,-666.629770962923,227.96717630658017,-177.6502184614888,0.29076462879837744,-149.84895524014914,23.9896,-0.1453,7.8599,-171.3008,-1.5646,177.6581,86.81762921928178,32.67979159213529,87.51648477988668,-32.030131022135414,-89.16826036241319,-33.48052978515625,2.122251302889078,-0.10882991375309406,-1.4300106539584623,1.401884290907118,-0.06785074869791667,2.103441026475694,-1.7722,0.1297,-0.8332,-0.03637,0.01778,0.04627,0.000896560843102634,0.0010002665221691132,0.0012017011176794767,0.00041550752939656377,0.0005005536368116736,0.0006072662072256207,0.011570200324058533,0.0092311417683959,0.00862911343574524,passive,0
11.0809,rehab,safe_near_limit_fast,107.87501911580829,-666.6333453745049,228.11897341079538,-177.65059681380342,0.2910561701521095,-149.84804921994592,20.4324,-0.0928,11.0781,-178.6004,-0.782,167.3313,86.8491265325263,32.67692943610767,87.49350595002127,-32.004640367296005,-89.16933695475261,-33.44969007703993,1.7413330078125,-0.32649653972965653,-1.4463949675607208,1.817838880750868,-0.06785074869791667,1.696319580078125,-1.8666,0.0705,-1.1986,-0.04442,0.01501,0.04454,0.000896560843102634,0.0010002665221691132,0.0012017011176794767,0.00041550752939656377,0.0005005536368116736,0.0006072662072256207,0.011570200324058533,0.0092311417683959,0.00862911343574524,passive,0
11.1008,rehab,safe_near_limit_fast,108.32104375236067,-666.6380601458468,228.40382731868945,-177.65370984725445,0.293054422917413,-149.84828849666133,16.8791,-0.0729,14.3498,-181.2842,0.3235,158.9947,86.88795939530476,32.66716003417969,87.45680780694036,-31.95553249782986,-89.17087131076389,-33.410135904947914,1.4148296696124691,-0.489748208829672,-1.5805287880472618,2.299821641710069,-0.06785074869791667,1.4927588568793402,-1.7119,0.2489,-0.7179,-0.02575,0.01331,0.04684,0.000896560843102634,0.0010002665221691132,0.0012017011176794767,0.00041550752939656377,0.0005005536368116736,0.0006072662072256207,0.011570200324058533,0.0092311417683959,0.00862911343574524,passive,0
11.1208,rehab,safe_near_limit_fast,108.5555675750793,-666.6380437991813,228.63054728012997,-177.65720079458669,0.29532012610351777,-149.84918623268894,12.84,-0.0771,17.6069,-191.1106,1.1966,163.3091,86.90834800795753,32.65676517297726,87.43161267573291,-31.91635979546441,-89.17176140679253,-33.38845994737413,1.0883331298828125,-0.8162515470297029,-1.586579426680461,2.587009006076389,-0.0,1.2213473849826388,-1.7126,0.3413,-1.3194,-0.01869,0.01719,0.04834,0.000896560843102634,0.0010002665221691132,0.0012017011176794767,0.00041550752939656377,0.0005005536368116736,0.0006072662072256207,0.011570200324058533,0.0092311417683959,0.00862911343574524,passive,0
11.1407,rehab,safe_near_limit_fast,108.82495382144867,-666.6402326560641,229.07871849315885,-177.65944608913944,0.29674979921285216,-149.85025134100076,8.672,-0.0728,20.6554,-197.8642,1.2588,168.3658,86.93174834298615,32.63246743985922,87.39033916209003,-31.848797268337673,-89.17290581597221,-33.36329989963107,0.8162515470297029,-1.1971630436359066,-1.8082639486482828,3.0743408203125,-0.06785074869791667,0.8820851643880208,-1.4493,0.1818,-1.3336,-0.00683,0.00608,0.04701,0.000896560843102634,0.0010002665221691132,0.0012017011176794767,0.00041550752939656377,0.0005005536368116736,0.0006072662072256207,0.011570200324058533,0.0092311417683959,0.00862911343574524,passive,0
11.1612,rehab,safe_near_limit_fast,108.94832234794178,-666.6377945184786,229.45119871009393,-177.65896027494026,0.29640877326618187,-149.8506891758092,5.1705,-0.0638,23.8854,-197.9346,1.1118,163.3569,86.94242194147394,32.609712959516166,87.36150684923228,-31.798112657335068,-89.17352464463976,-33.35165235731337,0.544163165706219,-1.5236663818359375,-1.8074617291441057,3.3361138237847223,-0.06785074869791667,0.6106736924913194,-1.5167,0.1276,-1.2705,-0.01937,0.00703,0.0452,0.000896560843102634,0.0010002665221691132,0.0012017011176794767,0.00041550752939656377,0.0005005536368116736,0.0006072662072256207,0.011570200324058533,0.0092311417683959,0.00862911343574524,passive,0
11.1811,rehab,safe_near_limit_fast,109.02631281838906,-666.6387153682962,230.09666409347724,-177.65637669591848,0.29473167522757215,-149.85210875916118,1.3904,-0.0221,27.0706,-195.0004,1.646,152.105,86.94911163632233,32.56823549176207,87.31582112831644,-31.71426561143663,-89.17417738172743,-33.34264119466146,-0.2176666259765625,-1.9045846769125154,-1.857885983910891,3.7164984809027777,-0.06785074869791667,0.13570149739583334,-1.6317,0.0805,-0.3292,-0.04433,0.01254,0.03269,0.000896560843102634,0.0010002665221691132,0.0012017011176794767,0.00041550752939656377,0.0005005536368116736,0.0006072662072256207,0.011570200324058533,0.0092311417683959,0.00862911343574524,passive,0
11.2013,rehab,safe_near_limit_fast,108.98888556374264,-666.6411068979376,230.57165175012,-177.65461798466507,0.2936314683941714,-149.85559330084547,-2.7385,0.0279,30.6786,-187.3052,2.5372,133.7882,86.94578718430925,32.53617390547649,87.28477251411664,-31.653247409396702,-89.17443169487846,-33.34181891547309,-0.16324487062964108,-1.9589996337890625,-1.9179436711981745,3.8612196180555554,-0.06785074869791667,-0.0,-1.5775,0.2338,-0.5742,-0.02564,0.00564,0.04379,0.000896560843102634,0.0010002665221691132,0.0012017011176794767,0.00041550752939656377,0.0005005536368116736,0.0006072662072256207,0.011570200324058533,0.0092311417683959,0.00862911343574524,passive,0
11.221,rehab,safe_near_limit_fast,108.87813598166565,-666.6410654108971,231.32802372113227,-177.65267145710496,0.2924599484791104,-149.86072855105658,-7.0459,0.0618,34.3641,-183.3338,2.956,117.7154,86.93601098391089,32.48387327288637,87.23708804291074,-31.55543009440104,-89.1746605767144,-33.345396253797745,-0.5985781225827661,-2.176666259765625,-2.054191815971148,4.283701578776042,-0.0,-0.4071129692925347,-1.6751,0.3781,-0.5076,-0.03917,0.02187,0.03835,0.000896560843102634,0.0010002665221691132,0.0012017011176794767,0.00041550752939656377,0.0005005536368116736,0.0006072662072256207,0.011570200324058533,0.0092311417683959,0.00862911343574524,passive,0
11.2407,rehab,safe_near_limit_fast,108.75192922503362,-666.6426589569326,231.8507928677385,-177.6526617456467,0.2923616352592503,-149.85992071298625,-10.1809,0.1067,35.0514,-177.3624,2.5352,97.8059,86.92492947720065,32.44716153286471,87.20446898205445,-31.485858493381077,-89.17468600802951,-33.35653516981337,-0.7618297916827815,-2.3943328857421875,-2.0378482931911357,4.4240061442057295,-0.0,-0.8820851643880208,-1.4664,0.2075,-0.3511,-0.03304,0.0093,0.0384,0.000896560843102634,0.0010002665221691132,0.0012017011176794767,0.00041550752939656377,0.0005005536368116736,0.0006072662072256207,0.011570200324058533,0.0092311417683959,0.00862911343574524,passive,0
11.2612,rehab,safe_near_limit_fast,108.4954163463113,-666.6374346785473,232.67213818948773,-177.6536066396309,0.29265349979284155,-149.85517141537562,-13.4949,0.183,36.291,-170.9899,1.2356,72.2841,86.9024129433207,32.38768171555925,87.1558939112295,-31.376147800021702,-89.17460123697917,-33.38261922200521,-1.1427480867593596,-2.557584554842203,-2.0179083795830755,4.642452663845486,-0.0,-1.2892066107855902,-1.6139,0.1695,-0.4769,-0.03733,0.01225,0.04014,0.000896560843102634,0.0010002665221691132,0.0012017011176794767,0.00041550752939656377,0.0005005536368116736,0.0006072662072256207,0.011570200324058533,0.0092311417683959,0.00862911343574524,passive,0
11.2809,rehab,safe_near_limit_fast,108.20766808271829,-666.6280216500608,233.39412249106596,-177.6549742294983,0.29316803068180064,-149.8514220478032,-16.5416,0.2403,37.6339,-163.6746,-0.3534,51.5062,86.87718381976137,32.333831031723776,87.11566736202428,-31.27989027235243,-89.1744401719835,-33.410559760199654,-1.4692514249593904,-2.6664212670656715,-2.076599574325108,4.93332756890191,-0.0,-1.4927588568793402,-1.3525,0.2331,-0.773,-0.00859,0.00476,0.04113,0.000896560843102634,0.0010002665221691132,0.0012017011176794767,0.00041550752939656377,0.0005005536368116736,0.0006072662072256207,0.011570200324058533,0.0092311417683959,0.00862911343574524,passive,0
11.3013,rehab,safe_near_limit_fast,107.74284840784037,-666.6272107109023,234.31730839691855,-177.65519632285913,0.29282085761530413,-149.84921147131263,-19.8268,0.2233,38.7152,-155.4503,-1.7715,39.5657,86.8365493623337,32.26453422319771,87.06567141089108,-31.159481472439236,-89.17404174804688,-33.45209757486979,-1.9045846769125154,-3.1561694758953434,-2.1018966825881806,5.087085300021701,-0.0,-1.9677310519748263,-1.3717,0.0042,-0.7144,-0.01503,0.00107,0.04,0.000896560843102634,0.0010002665221691132,0.0012017011176794767,0.00041550752939656377,0.0005005536368116736,0.0006072662072256207,0.011570200324058533,0.0092311417683959,0.00862911343574524,passive,0
11.3211,rehab,safe_near_limit_fast,107.3849646927932,-666.6235061694716,234.96695194049096,-177.65461078026476,0.2921986033905183,-149.84774242084137,-23.6277,0.1475,40.467,-156.0793,-2.9235,46.6428,86.80524240625967,32.21489859099435,87.032311316764,-31.076456705729164,-89.17357550726996,-33.48396301269531,-2.122251302889078,-3.2105844327718907,-2.032450307713877,5.369211832682292,-0.0,-1.9677310519748263,-1.4603,0.1906,-0.3298,-0.02865,0.01254,0.03526,0.000896560843102634,0.0010002665221691132,0.0012017011176794767,0.00041550752939656377,0.0005005536368116736,0.0006072662072256207,0.011570200324058533,0.0092311417683959,0.00862911343574524,passive,0
11.3407,rehab,safe_near_limit_fast,106.97593460368516,-666.6176595631266,235.63851165489524,-177.65364496096208,0.2914133027325784,-149.8473282386998,-26.3507,0.032,40.5168,-156.4229,-3.6509,56.7316,86.76945525820892,32.16270673393023,86.99948830179649,-30.991728040907116,-89.17293124728732,-33.519227769639755,-2.3399179288656407,-3.373836101871906,-2.131028128142404,5.274768405490451,-0.0,-2.307001749674479,-1.4243,0.1756,-0.4967,-0.03423,-0.00099,0.03385,0.000896560843102634,0.0010002665221691132,0.0012017011176794767,0.00041550752939656377,0.0005005536368116736,0.0006072662072256207,0.011570200324058533,0.0092311417683959,0.00862911343574524,passive,0
11.3612,rehab,safe_near_limit_fast,106.29369597573874,-666.6164724328853,236.66120625958965,-177.65275106736786,0.2908670541245152,-149.84701394872076,-29.3286,-0.0748,41.0279,-157.2296,-3.4745,59.784,86.7097782852626,32.08333459230933,86.94897566691483,-30.861307779947914,-89.17157491048177,-33.577770657009545,-2.557584554842203,-3.373836101871906,-2.109109859655399,5.4276275634765625,0.06785074869791667,-2.5784132215711804,-1.3508,0.292,0.2471,-0.0214,0.01044,0.03097,0.000896560843102634,0.0010002665221691132,0.0012017011176794767,0.00041550752939656377,0.0005005536368116736,0.0006072662072256207,0.011570200324058533,0.0092311417683959,0.00862911343574524,passive,0
11.3809,rehab,safe_near_limit_fast,105.78773681786424,-666.6219298418466,237.34638481584264,-177.65273332900196,0.291061083731661,-149.84757303106463,-32.2189,-0.11,42.5552,-152.8136,-2.1537,59.5698,86.66554063853651,32.03021814327429,86.91471137622796,-30.772679646809895,-89.17041354709201,-33.62046135796441,-2.884087893042234,-3.482672814095374,-2.106859565961479,5.47605726453993,0.06785074869791667,-2.781973944769965,-1.3808,0.1448,-0.7696,-0.03537,0.01722,0.03649,0.000896560843102634,0.0010002665221691132,0.0012017011176794767,0.00041550752939656377,0.0005005536368116736,0.0006072662072256207,0.011570200324058533,0.0092311417683959,0.00862911343574524,passive,0
11.4007,rehab,safe_near_limit_fast,104.9591861240081,-666.6278499204166,238.3769342146012,-177.65418607385192,0.2923502665737544,-149.84956807367692,-34.8493,-0.1138,43.92,-133.6481,-0.1824,49.8841,86.5930961382271,31.94922116723391,86.86438230004642,-30.637563069661457,-89.1685061984592,-33.68940565321181,-2.992917806795328,-3.428251058748453,-2.1058669892868194,5.656399197048611,0.06785074869791667,-2.9176754421657987,-1.3816,0.1692,-0.7342,-0.01404,0.00698,0.04163,0.000896560843102634,0.0010002665221691132,0.0012017011176794767,0.00041550752939656377,0.0005005536368116736,0.0006072662072256207,0.011570200324058533,0.0092311417683959,0.00862911343574524,passive,0
11.4208,rehab,safe_near_limit_fast,104.37142535130786,-666.6320743892657,239.0814969160513,-177.6545265810974,0.29279290622054377,-149.8502784588683,-38.2198,-0.121,45.8278,-117.3867,1.4353,41.5166,86.54170650066716,31.893630074982596,86.83063469310798,-30.546349419487846,-89.16712443033855,-33.73906453450521,-3.373836101871906,-3.482672814095374,-2.0626559115872523,5.777070787217882,0.06785074869791667,-3.1890869140625,-1.4978,0.1883,0.0225,-0.01264,0.00151,0.04186,0.000896560843102634,0.0010002665221691132,0.0012017011176794767,0.00041550752939656377,0.0005005536368116736,0.0006072662072256207,0.011570200324058533,0.0092311417683959,0.00862911343574524,passive,0
11.4408,rehab,safe_near_limit_fast,103.45557253546211,-666.6314585986769,240.1693296099121,-177.65371187586229,0.2924881671473355,-149.8504803142415,-41.1181,-0.0824,46.6088,-105.714,2.1546,31.9184,86.46160012424582,31.807024360883354,86.78049597409692,-30.4083251953125,-89.16500515407986,-33.81741841634115,-3.5370877709719215,-3.5915027278484684,-2.0592498779296875,5.8562469482421875,0.06785074869791667,-3.4604983859592013,-1.3695,0.0678,0.0416,-0.02405,0.00919,0.03345,0.000896560843102634,0.0010002665221691132,0.0012017011176794767,0.00041550752939656377,0.0005005536368116736,0.0006072662072256207,0.011570200324058533,0.0092311417683959,0.00862911343574524,passive,0
11.461,rehab,safe_near_limit_fast,102.81907413400322,-666.6301715413999,240.90984185569596,-177.65198685104923,0.2914529141220991,-149.85010734426675,-42.4657,0.0036,46.371,-85.9381,2.0556,6.428,86.40592745035002,31.747864071685488,86.74725825243657,-30.316441853841145,-89.16353861490886,-33.87242635091146,-3.5915027278484684,-3.754754396948484,-2.058692403358988,5.803273518880208,0.13570149739583334,-3.596208360460069,-1.5026,0.0719,-0.4273,-0.01732,0.00804,0.03592,0.000896560843102634,0.0010002665221691132,0.0012017011176794767,0.00041550752939656377,0.0005005536368116736,0.0006072662072256207,0.011570200324058533,0.0092311417683959,0.00862911343574524,passive,0
11.4809,rehab,safe_near_limit_fast,101.81937087514657,-666.6286869906302,242.00730823449075,-177.650652502551,0.29069103022310355,-149.84935960233406,-43.1517,0.0729,45.7382,-59.8406,1.5502,-23.4536,86.3184923228651,31.659687910929765,86.69826847491878,-30.178451538085938,-89.16124131944444,-33.959053887261284,-3.8635911091719524,-3.7003394400719367,-1.9797417669012995,5.842488606770833,0.06785074869791667,-3.528349134657118,-1.6066,0.1205,-0.3381,-0.03838,0.02712,0.03598,0.000896560843102634,0.0010002665221691132,0.0012017011176794767,0.00041550752939656377,0.0005005536368116736,0.0006072662072256207,0.011570200324058533,0.0092311417683959,0.00862911343574524,passive,0
11.5013,rehab,safe_near_limit_fast,100.94141481191993,-666.6280223268254,242.89229080249424,-177.65195693614208,0.2916366823495249,-149.84979095727329,-43.9478,0.0896,45.0395,-31.6629,0.9132,-48.9524,86.24171719692721,31.587902862246672,86.65881015286587,-30.063552856445312,-89.15926615397136,-34.034110175238716,-4.026835979801594,-3.482672814095374,-1.8625361376469678,5.81191168891059,0.06785074869791667,-4.071180555555555,-1.6468,0.1194,-0.5677,-0.01975,0.01659,0.04207,0.000896560843102634,0.0010002665221691132,0.0012017011176794767,0.00041550752939656377,0.0005005536368116736,0.0006072662072256207,0.011570200324058533,0.0092311417683959,0.00862911343574524,passive,0
11.5213,rehab,safe_near_limit_fast,99.84958121452047,-666.6287195919921,243.94240314643622,-177.6538246103782,0.29295820552218094,-149.8500645243038,-45.7909,0.0589,45.0402,-24.2981,-0.0186,-57.2013,86.14624627745978,31.502452888111076,86.61227462315323,-29.92672390407986,-89.15679931640625,-34.12777370876736,-3.918006066048499,-3.5370877709719215,-1.8886218684734684,5.549112955729167,0.06785074869791667,-3.799769083658854,-1.537,0.0026,-0.1835,-0.02189,0.0168,0.03867,0.000896560843102634,0.0010002665221691132,0.0012017011176794767,0.00041550752939656377,0.0005005536368116736,0.0006072662072256207,0.011570200324058533,0.0092311417683959,0.00862911343574524,passive,0
11.5408,rehab,safe_near_limit_fast,99.11645181341564,-666.6252627670386,244.64959470680634,-177.65371771810348,0.2929777827314959,-149.84920839181055,-46.2751,0.0345,43.6521,-42.8457,-1.0707,-45.4723,86.0821027094775,31.44461150216584,86.58204862386873,-29.83698527018229,-89.15506150987413,-34.19175889756944,-3.918006066048499,-3.64592448319539,-1.8889957843440595,5.557081434461805,0.13570149739583334,-3.8676198323567705,-1.3998,-0.1617,-0.3974,-0.01256,0.00468,0.0372,0.000896560843102634,0.0010002665221691132,0.0012017011176794767,0.00041550752939656377,0.0005005536368116736,0.0006072662072256207,0.011570200324058533,0.0092311417683959,0.00862911343574524,passive,0
11.561,rehab,safe_near_limit_fast,98.37281898476203,-666.6233620750554,245.366716399399,-177.65203809597244,0.29187866509526383,-149.84822221831095,-45.7183,0.0216,41.3814,-57.9999,-1.545,-37.8955,86.01705494493541,31.386212641649905,86.55169345364712,-29.748458862304688,-89.15333218044705,-34.256786770290795,-4.135672692025062,-3.482672814095374,-1.911532713635133,5.54534912109375,0.13570149739583334,-4.274732801649305,-1.5901,-0.1758,-0.586,-0.03374,0.00396,0.03705,0.000896560843102634,0.0010002665221691132,0.0012017011176794767,0.00041550752939656377,0.0005005536368116736,0.0006072662072256207,0.011570200324058533,0.0092311417683959,0.00862911343574524,passive,0
11.5814,rehab,safe_near_limit_fast,97.2230003458932,-666.6235781600994,246.41757376177887,-177.64984609678274,0.2904338317877001,-149.847387374125,-46.2632,0.0012,40.361,-56.0529,-1.2569,-44.8614,85.91649876962794,31.300361557762223,86.5075169931544,-29.61831834581163,-89.15066189236111,-34.356697930230034,-4.135672692025062,-3.482672814095374,-1.8535485598120358,5.415072970920138,0.06785074869791667,-4.274732801649305,-1.7873,-0.1201,-0.857,-0.02275,0.01413,0.04384,0.000896560843102634,0.0010002665221691132,0.0012017011176794767,0.00041550752939656377,0.0005005536368116736,0.0006072662072256207,0.011570200324058533,0.0092311417683959,0.00862911343574524,passive,0
11.6011,rehab,safe_near_limit_fast,96.43272368290569,-666.6266049666266,247.0796487928452,-177.65008967518904,0.290651737341858,-149.84820567443967,-47.8686,-0.0232,40.1562,-44.041,-0.5765,-54.8014,85.8474059152131,31.245885414652303,86.47955488450457,-29.533708360460068,-89.14883083767361,-34.42401462131076,-4.516590987101639,-3.373836101871906,-1.626867162119044,5.151375664605035,0.13570149739583334,-4.410442776150173,-1.8702,-0.318,-1.2083,-0.03218,0.00941,0.0424,0.000896560843102634,0.0010002665221691132,0.0012017011176794767,0.00041550752939656377,0.0005005536368116736,0.0006072662072256207,0.011570200324058533,0.0092311417683959,0.00862911343574524,passive,0
11.6211,rehab,safe_near_limit_fast,95.24271303961993,-666.6269921472842,248.03448193246808,-177.65110747127738,0.29133305227672807,-149.84850490201723,-51.3427,-0.0587,40.8024,-35.3996,0.0763,-58.5654,85.74334172919245,31.166418094446165,86.44042288902962,-29.41107008192274,-89.14610120985243,-34.5263926188151,-4.4077542748781715,-3.2105844327718907,-1.6047789318726795,5.023083157009548,0.13570149739583334,-4.342592027452257,-1.8154,-0.222,-0.1541,-0.03621,0.00475,0.02891,0.000896560843102634,0.0010002665221691132,0.0012017011176794767,0.00041550752939656377,0.0005005536368116736,0.0006072662072256207,0.011570200324058533,0.0092311417683959,0.00862911343574524,passive,0
11.6408,rehab,safe_near_limit_fast,94.44076637368399,-666.6253370112173,248.65808776616356,-177.6513782467488,0.29154739297398297,-149.8490524598648,-52.2371,-0.0567,39.6582,-31.6084,0.443,-59.079,85.67319511186959,31.114076671033803,86.41576483698175,-29.331834581163193,-89.14422776963976,-34.595091078016495,-4.4077542748781715,-3.2650061881188117,-1.5006467611482828,4.9267578125,0.20355224609375,-4.410442776150173,-1.8657,-0.4167,-0.5731,-0.03393,-0.00442,0.03775,0.000896560843102634,0.0010002665221691132,0.0012017011176794767,0.00041550752939656377,0.0005005536368116736,0.0006072662072256207,0.011570200324058533,0.0092311417683959,0.00862911343574524,passive,0
11.6608,rehab,safe_near_limit_fast,93.23266324838737,-666.6283831469417,249.56895889758556,-177.6503046727996,0.29088070342183286,-149.8498386462827,-50.6326,-0.0178,36.5464,-16.0938,0.6527,-69.3637,85.56755368072207,31.037886213548113,86.37993009963839,-29.218215942382812,-89.14136250813802,-34.69864739312066,-4.353339318001624,-2.992917806795328,-1.387968913163289,4.469646877712673,0.06785074869791667,-4.410442776150173,-1.779,-0.2441,-0.6197,-0.00458,0.00742,0.04439,0.000896560843102634,0.0010002665221691132,0.0012017011176794767,0.00041550752939656377,0.0005005536368116736,0.0006072662072256207,0.011570200324058533,0.0092311417683959,0.00862911343574524,passive,0
11.6809,rehab,safe_near_limit_fast,92.43574113109003,-666.6289664671929,250.13541372046012,-177.65055192763035,0.29106645702222733,-149.849645090312,-49.9057,0.015,34.666,6.434,0.659,-83.9557,85.49785576244392,30.98990260964573,86.35820218832185,-29.146287706163193,-89.13946363661024,-34.76771884494357,-4.353339318001624,-2.884087893042234,-1.2524550031907487,4.32771470811632,0.06785074869791667,-4.206882052951388,-2.0168,-0.1466,-0.806,-0.01059,0.01497,0.04901,0.000896560843102634,0.0010002665221691132,0.0012017011176794767,0.00041550752939656377,0.0005005536368116736,0.0006072662072256207,0.011570200324058533,0.0092311417683959,0.00862911343574524,passive,0
11.7012,rehab,safe_near_limit_fast,91.04650559337932,-666.6298428116361,251.06275324846527,-177.65228413875226,0.29220195627066314,-149.84902500168977,-49.7294,0.0349,33.2591,27.2795,0.2443,-93.3281,85.37636029838335,30.91048287873221,86.32342121388652,-29.026675754123264,-89.13619995117188,-34.88847520616319,-4.244502605778156,-2.8296661376953125,-1.174075438244508,4.125120374891493,0.13570149739583334,-4.274732801649305,-1.9789,-0.2901,-0.9371,-0.02948,0.00663,0.04628,0.000896560843102634,0.0010002665221691132,0.0012017011176794767,0.00041550752939656377,0.0005005536368116736,0.0006072662072256207,0.011570200324058533,0.0092311417683959,0.00862911343574524,passive,0
11.7212,rehab,safe_near_limit_fast,90.24995808353118,-666.6278791956073,251.5698175597946,-177.65318147377758,0.292815034968225,-149.8486077081495,-50.2928,0.0242,32.1863,26.244,-0.6317,-86.287,85.30667597704594,30.8663812014136,86.30552084139077,-28.961664835611977,-89.13429260253906,-34.95783487955729,-4.4077542748781715,-2.6664212670656715,-1.0812219298712098,3.995530870225694,0.06785074869791667,-4.342592027452257,-2.0005,-0.2867,-0.7389,-0.02302,0.00457,0.04201,0.000896560843102634,0.0010002665221691132,0.0012017011176794767,0.00041550752939656377,0.0005005536368116736,0.0006072662072256207,0.011570200324058533,0.0092311417683959,0.00862911343574524,passive,0
11.7409,rehab,safe_near_limit_fast,89.44667055994807,-666.6243145450849,252.07906992257563,-177.65269039844253,0.2925211844456497,-149.84893899273604,-50.2613,-0.0032,30.7361,2.0893,-1.3952,-63.0314,85.23638659184522,30.821871615872524,86.2885314639252,-28.898815578884548,-89.13233439127605,-35.02706739637587,-4.4077542748781715,-2.7752511808187657,-1.0418655848739171,3.8776567247178817,0.13570149739583334,-4.274732801649305,-1.9848,-0.3715,-0.4127,-0.01842,-2e-05,0.04228,0.000896560843102634,0.0010002665221691132,0.0012017011176794767,0.00041550752939656377,0.0005005536368116736,0.0006072662072256207,0.011570200324058533,0.0092311417683959,0.00862911343574524,passive,0
11.7608,rehab,safe_near_limit_fast,88.23281671646436,-666.6256893058727,252.8259272416078,-177.65078301481057,0.2912733127513937,-149.85019133390696,-49.6709,-0.0339,29.0362,-11.1047,-1.5481,-46.6989,85.13022167847888,30.757014208500927,86.26341111589186,-28.808229234483505,-89.12937588161893,-35.130928887261284,-4.462176030225093,-2.503169597965656,-1.0070982073793318,3.6677296956380205,0.13570149739583334,-4.274732801649305,-1.9481,-0.4364,-0.1531,-0.02274,0.00522,0.03899,0.000896560843102634,0.0010002665221691132,0.0012017011176794767,0.00041550752939656377,0.0005005536368116736,0.0006072662072256207,0.011570200324058533,0.0092311417683959,0.00862911343574524,passive,0
11.7809,rehab,safe_near_limit_fast,87.41433385447182,-666.6263471618462,253.3033902439592,-177.64992291505433,0.2906003070915738,-149.85197270275575,-49.4384,-0.0783,27.9063,-12.348,-1.2069,-36.2152,85.05865418084777,30.71508804170212,86.24795819273089,-28.750016954210068,-89.12750244140625,-35.200042724609375,-4.516590987101639,-2.557584554842203,-0.9267470860245204,3.6295657687717013,0.13570149739583334,-4.342592027452257,-2.2275,-0.4915,-0.7981,-0.02787,0.00981,0.04335,0.000896560843102634,0.0010002665221691132,0.0012017011176794767,0.00041550752939656377,0.0005005536368116736,0.0006072662072256207,0.011570200324058533,0.0092311417683959,0.00862911343574524,passive,0
11.8008,rehab,safe_near_limit_fast,86.19166154250016,-666.6284717978901,253.9777715383917,-177.65048930373126,0.2909500188235342,-149.85355102200214,-49.2012,-0.1273,27.0972,-11.2215,-0.4957,-23.1037,84.95173463726988,30.655451859578047,86.2259311487179,-28.664779663085938,-89.12462022569444,-35.30440436469184,-4.4077542748781715,-2.503169597965656,-0.9436956726678527,3.517184787326389,0.13570149739583334,-4.139031304253472,-2.2649,-0.5781,-1.3259,-0.02976,0.01524,0.04825,0.000896560843102634,0.0010002665221691132,0.0012017011176794767,0.00041550752939656377,0.0005005536368116736,0.0006072662072256207,0.011570200324058533,0.0092311417683959,0.00862911343574524,passive,0
11.8212,rehab,safe_near_limit_fast,85.37885615014025,-666.6348079714074,254.40568723592634,-177.65159584219109,0.29174152707317985,-149.8540108291278,-50.9189,-0.1289,27.6955,-10.7313,0.3408,-9.0112,84.88068382338722,30.61791750464109,86.211042498598,-28.60904269748264,-89.12265353732639,-35.37435743543837,-4.4077542748781715,-2.2855029719890934,-0.9051551441154858,3.406685723198785,0.13570149739583334,-4.139031304253472,-2.2858,-0.5408,-0.4382,-0.0269,-0.00424,0.04761,0.000896560843102634,0.0010002665221691132,0.0012017011176794767,0.00041550752939656377,0.0005005536368116736,0.0006072662072256207,0.011570200324058533,0.0092311417683959,0.00862911343574524,passive,0
11.8408,rehab,safe_near_limit_fast,84.1705972276502,-666.6369760444078,255.04235223896933,-177.65306220099907,0.2927999348918649,-149.85422633721066,-51.5548,-0.079,27.8059,-10.7434,0.8153,2.1541,84.77500160141747,30.561483402063352,86.1899468450263,-28.526780870225693,-89.11971198187933,-35.478880140516495,-4.353339318001624,-2.3399179288656407,-0.8214863692179765,3.40468512641059,0.20355224609375,-4.342592027452257,-2.3174,-0.7071,-1.0968,-0.02705,-0.00012,0.05107,0.000896560843102634,0.0010002665221691132,0.0012017011176794767,0.00041550752939656377,0.0005005536368116736,0.0006072662072256207,0.011570200324058533,0.0092311417683959,0.00862911343574524,passive,0
11.8612,rehab,safe_near_limit_fast,83.37591506881058,-666.636693805526,255.47098322043206,-177.6533831554839,0.29299446592304607,-149.85386492532027,-50.8876,-0.0469,27.5416,-3.6793,0.9749,6.3258,84.70548044336904,30.523690705252164,86.1757244450031,-28.47245110405816,-89.11780463324652,-35.54813808865017,-4.353339318001624,-2.3399179288656407,-0.9100976320776609,3.3782196044921875,0.13570149739583334,-4.139031304253472,-2.4258,-0.6994,-0.7833,-0.02808,-0.0008,0.0501,0.000896560843102634,0.0010002665221691132,0.0012017011176794767,0.00041550752939656377,0.0005005536368116736,0.0006072662072256207,0.011570200324058533,0.0092311417683959,0.00862911343574524,passive,0
11.8809,rehab,safe_near_limit_fast,82.20034466235833,-666.6390132590923,256.1274942945837,-177.65232936983398,0.2923030353837206,-149.8516963184549,-50.9855,-0.0184,27.9066,5.4262,0.991,6.8548,84.60263318354541,30.46690308221496,86.15279320443031,-28.391070895724827,-89.11485460069444,-35.65221150716146,-4.135672692025062,-2.3943328857421875,-0.9438588359568378,3.4256829155815973,0.13570149739583334,-4.342592027452257,-2.4868,-0.6439,-0.9416,-0.02594,0.00573,0.04947,0.000896560843102634,0.0010002665221691132,0.0012017011176794767,0.00041550752939656377,0.0005005536368116736,0.0006072662072256207,0.011570200324058533,0.0092311417683959,0.00862911343574524,passive,0
11.9009,rehab,safe_near_limit_fast,81.40743786551613,-666.6372633811881,256.57122480208284,-177.6516865321316,0.29186129663916144,-149.85123681132495,-50.1703,0.005,27.6906,21.9694,0.8138,3.539,84.53324119643409,30.428342158251468,86.13757142926207,-28.336122300889755,-89.1129133436415,-35.721427069769966,-4.190087648901609,-2.503169597965656,-0.9490596657932395,3.4113396538628473,0.13570149739583334,-4.139031304253472,-2.5863,-0.7001,-1.3619,-0.02214,0.00314,0.05344,0.000896560843102634,0.0010002665221691132,0.0012017011176794767,0.00041550752939656377,0.0005005536368116736,0.0006072662072256207,0.011570200324058533,0.0092311417683959,0.00862911343574524,passive,0
11.921,rehab,safe_near_limit_fast,80.00062471462071,-666.6320436885377,257.3593979758028,-177.65058683374872,0.29097542634819396,-149.85171158128333,-50.1567,-0.0056,27.9763,29.4218,0.7033,8.072,84.41012089795406,30.36000393404819,86.1102823691793,-28.238483005099827,-89.10961574978299,-35.84294637044271,-4.462176030225093,-2.448754641089109,-1.0184380559637995,3.550406561957465,0.13570149739583334,-4.410442776150173,-2.6619,-0.6361,-1.0429,-0.02483,0.01204,0.05672,0.000896560843102634,0.0010002665221691132,0.0012017011176794767,0.00041550752939656377,0.0005005536368116736,0.0006072662072256207,0.011570200324058533,0.0092311417683959,0.00862911343574524,passive,0
11.9408,rehab,safe_near_limit_fast,79.18888858855262,-666.6362389396011,257.8106720707626,-177.65053371912532,0.2909233224506622,-149.8533950647419,-49.5267,-0.0223,27.9857,17.4844,1.0597,23.4381,84.33913806877514,30.321952895362777,86.09258595079478,-28.180872599283852,-89.10773383246527,-35.91158548990885,-4.298924361125077,-2.3943328857421875,-1.1444816967048268,3.6827850341796875,0.06785074869791667,-4.139031304253472,-2.6868,-0.722,-0.9914,-0.02724,0.00117,0.05524,0.000896560843102634,0.0010002665221691132,0.0012017011176794767,0.00041550752939656377,0.0005005536368116736,0.0006072662072256207,0.011570200324058533,0.0092311417683959,0.00862911343574524,passive,0
11.9612,rehab,safe_near_limit_fast,78.38194555338059,-666.6388078383293,258.2645660383975,-177.65067894531717,0.291042503560762,-149.85414997910436,-49.2925,-0.0032,28.4994,11.1044,1.5221,35.1328,84.26854955087794,30.283806678092127,86.07447482571743,-28.122473822699654,-89.10581800672743,-35.980750189887154,-4.353339318001624,-2.2855029719890934,-1.1000129019859994,3.661558363172743,0.13570149739583334,-4.342592027452257,-2.6528,-0.8208,-0.9393,-0.0196,-0.00623,0.05533,0.000896560843102634,0.0010002665221691132,0.0012017011176794767,0.00041550752939656377,0.0005005536368116736,0.0006072662072256207,0.011570200324058533,0.0092311417683959,0.00862911343574524,passive,0
11.9809,rehab,safe_near_limit_fast,77.18540128218622,-666.6369147581969,258.94766948894363,-177.65246927302914,0.29244480631971503,-149.8544484711333,-48.9682,0.049,29.2768,5.9061,1.5113,44.6799,84.16380551781985,30.226434386602723,86.04641753848236,-28.031845092773438,-89.10290188259549,-36.08416239420573,-4.190087648901609,-2.3399179288656407,-1.2532844165764232,3.779322306315104,0.06785074869791667,-4.274732801649305,-2.7241,-0.6788,-0.5934,-0.01784,0.01278,0.05719,0.000896560843102634,0.0010002665221691132,0.0012017011176794767,0.00041550752939656377,0.0005005536368116736,0.0006072662072256207,0.011570200324058533,0.0092311417683959,0.00862911343574524,passive,0
12.0011,rehab,safe_near_limit_fast,76.39393108662381,-666.640017087562,259.42260367655933,-177.65335311791978,0.29310766756502793,-149.85360442253193,-48.0824,0.0931,30.0062,-2.153,0.9765,51.1073,84.0945562985864,30.187832671816984,86.02496156598082,-27.96871609157986,-89.1010030110677,-36.1535390218099,-4.462176030225093,-2.503169597965656,-1.4118383426477412,3.9244842529296875,0.13570149739583334,-4.410442776150173,-2.7892,-0.8145,-0.9555,-0.02542,6e-05,0.05699,0.000896560843102634,0.0010002665221691132,0.0012017011176794767,0.00041550752939656377,0.0005005536368116736,0.0006072662072256207,0.011570200324058533,0.0092311417683959,0.00862911343574524,passive,0
12.021,rehab,safe_near_limit_fast,75.20887843918986,-666.6349641190251,260.1802501806697,-177.6534658223778,0.29315905538512027,-149.85225216292096,-49.6082,0.1445,32.1529,-8.2632,-0.0703,51.9521,83.99078444679185,30.12629291798809,85.9913431299795,-27.8704833984375,-89.09822252061632,-36.257544623480904,-4.298924361125077,-2.7752511808187657,-1.4857445140876393,4.2474619547526045,0.13570149739583334,-4.206882052951388,-2.6819,-0.7916,-1.1905,-0.01848,0.00068,0.05608,0.000896560843102634,0.0010002665221691132,0.0012017011176794767,0.00041550752939656377,0.0005005536368116736,0.0006072662072256207,0.011570200324058533,0.0092311417683959,0.00862911343574524,passive,0
12.0408,rehab,safe_near_limit_fast,74.42155841151357,-666.6322187802737,260.7133504116731,-177.6524957718006,0.29248295908196936,-149.85118563831483,-49.7424,0.1512,33.035,-12.555,-1.4221,47.5974,83.92183436025488,30.08384326897045,85.96678025651686,-27.80268351236979,-89.09634060329861,-36.32678561740451,-4.353339318001624,-2.557584554842203,-1.5918822335724783,4.324281480577257,0.13570149739583334,-4.47829352484809,-2.8505,-0.8995,-1.2829,-0.0236,0.00586,0.05952,0.000896560843102634,0.0010002665221691132,0.0012017011176794767,0.00041550752939656377,0.0005005536368116736,0.0006072662072256207,0.011570200324058533,0.0092311417683959,0.00862911343574524,passive,0
12.0611,rehab,safe_near_limit_fast,73.23811451152272,-666.6240180315076,261.5220744954663,-177.65185615736306,0.29205019146054906,-149.8496913491997,-49.2387,0.078,33.4668,-11.9963,-2.526,39.2104,83.81815088857519,30.019536537699178,85.92900115664642,-27.698406643337673,-89.09353468153212,-36.43077426486545,-4.353339318001624,-2.7208362239422184,-1.650675405370127,4.467815823025173,0.06785074869791667,-4.410442776150173,-2.8711,-0.8434,-0.957,-0.0349,0.00248,0.05774,0.000896560843102634,0.0010002665221691132,0.0012017011176794767,0.00041550752939656377,0.0005005536368116736,0.0006072662072256207,0.011570200324058533,0.0092311417683959,0.00862911343574524,passive,0
12.0809,rehab,safe_near_limit_fast,72.4426603173112,-666.6221262193751,262.0805350667258,-177.65069471405403,0.29112652225577046,-149.8493850525205,-50.1163,-0.0141,34.3716,-12.0128,-2.7002,33.5794,83.74850735806002,29.97603992424389,85.9017800812674,-27.627198961046005,-89.09175448947482,-36.49991353352865,-4.516590987101639,-2.61199951171875,-1.7377570123955755,4.64064704047309,0.13570149739583334,-4.410442776150173,-2.8114,-1.038,-1.1972,-0.0228,0.00364,0.05798,0.000896560843102634,0.0010002665221691132,0.0012017011176794767,0.00041550752939656377,0.0005005536368116736,0.0006072662072256207,0.011570200324058533,0.0092311417683959,0.00862911343574524,passive,0
12.1008,rehab,safe_near_limit_fast,71.22895887581728,-666.6261910309015,262.9075557445534,-177.650683891528,0.29106591722067204,-149.84990317952855,-50.0604,-0.1001,34.5802,-8.3698,-1.9518,29.0247,83.64230845234182,29.912555807887916,85.85911288119779,-27.518107096354164,-89.08903333875868,-36.60435994466146,-4.462176030225093,-2.6664212670656715,-1.8354238377939356,4.595998128255208,0.13570149739583334,-4.206882052951388,-2.9898,-1.0668,-1.5382,-0.02745,0.00682,0.06279,0.000896560843102634,0.0010002665221691132,0.0012017011176794767,0.00041550752939656377,0.0005005536368116736,0.0006072662072256207,0.011570200324058533,0.0092311417683959,0.00862911343574524,passive,0
12.1209,rehab,safe_near_limit_fast,70.41969799866564,-666.6297803967057,263.4611708116833,-177.6512404609603,0.29153387881499987,-149.85067715450148,-50.2267,-0.141,35.1959,-6.3017,-0.6373,28.566,83.57149558492226,29.87052086556312,85.8295191396581,-27.443771362304688,-89.08716837565105,-36.6735585530599,-4.353339318001624,-2.61199951171875,-1.846933648137763,4.688618977864583,0.13570149739583334,-4.410442776150173,-2.9939,-1.0669,-1.67,-0.03739,0.0144,0.06041,0.000896560843102634,0.0010002665221691132,0.0012017011176794767,0.00041550752939656377,0.0005005536368116736,0.0006072662072256207,0.011570200324058533,0.0092311417683959,0.00862911343574524,passive,0
12.1408,rehab,safe_near_limit_fast,69.40882297236585,-666.6361901972931,264.1525442956463,-177.65275659382334,0.29265059190677917,-149.85129585784307,-50.0713,-0.1238,35.6976,-4.7942,0.9012,29.5258,83.48306788076269,29.81863493966584,85.79119616215772,-27.34919230143229,-89.08490498860677,-36.76030476888021,-4.353339318001624,-2.7208362239422184,-2.0219534694558323,4.780985514322917,0.13570149739583334,-4.139031304253472,-2.9747,-0.7666,-0.9741,-0.01223,0.00156,0.06316,0.000896560843102634,0.0010002665221691132,0.0012017011176794767,0.00041550752939656377,0.0005005536368116736,0.0006072662072256207,0.011570200324058533,0.0092311417683959,0.00862911343574524,passive,0
12.1611,rehab,safe_near_limit_fast,68.20335922326514,-666.6400971127118,265.01115609477694,-177.65338118805502,0.29309616371791275,-149.8519493422215,-50.2466,-0.054,36.5149,0.7579,2.0677,30.0612,83.37758281443378,29.75460694567992,85.7435660787148,-27.233793470594616,-89.0822262234158,-36.86383565266927,-4.4077542748781715,-2.6664212670656715,-2.029968866027228,4.814156426323785,0.06785074869791667,-4.47829352484809,-3.1135,-1.0426,-1.2738,-0.03603,0.01775,0.057,0.000896560843102634,0.0010002665221691132,0.0012017011176794767,0.00041550752939656377,0.0005005536368116736,0.0006072662072256207,0.011570200324058533,0.0092311417683959,0.00862911343574524,passive,0
12.1809,rehab,safe_near_limit_fast,67.4038355090616,-666.6403715994633,265.6030303656414,-177.65310086764066,0.29292585571591223,-149.85165610584104,-50.7637,0.0296,37.5662,-0.3675,2.2157,34.3783,83.30758576345916,29.71074321482441,85.71062748975093,-27.155320909288193,-89.0803951687283,-36.93323771158854,-4.353339318001624,-2.7752511808187657,-2.071956219059406,4.9596405029296875,0.20355224609375,-4.274732801649305,-3.0161,-1.0357,-1.7031,-0.02671,0.00925,0.06695,0.000896560843102634,0.0010002665221691132,0.0012017011176794767,0.00041550752939656377,0.0005005536368116736,0.0006072662072256207,0.011570200324058533,0.0092311417683959,0.00862911343574524,passive,0
12.2008,rehab,safe_near_limit_fast,66.21561868542345,-666.6336198525818,266.5298214430842,-177.65129667853236,0.29154265981598776,-149.8512668347849,-50.6332,0.0713,38.0815,-2.3966,1.3901,35.7222,83.203494383557,29.642194238039526,85.6595505818282,-27.034996880425346,-89.0777587890625,-37.036353217230904,-4.298924361125077,-2.8296661376953125,-2.139743767162361,5.209308200412326,0.13570149739583334,-4.342592027452257,-3.0381,-1.0385,-1.1515,-0.03005,0.00534,0.05838,0.000896560843102634,0.0010002665221691132,0.0012017011176794767,0.00041550752939656377,0.0005005536368116736,0.0006072662072256207,0.011570200324058533,0.0092311417683959,0.00862911343574524,passive,0
12.2208,rehab,safe_near_limit_fast,65.4154924393687,-666.6303310097164,267.1436553992206,-177.6508016563597,0.29116340839399363,-149.85172086072018,-50.0303,0.0792,38.2385,-3.6315,0.1886,36.7241,83.13341575093789,29.597127177927753,85.62485118903736,-26.953870985243054,-89.07599555121527,-37.10506015353732,-4.462176030225093,-2.7752511808187657,-2.2249218024829824,5.12330796983507,0.13570149739583334,-4.410442776150173,-2.9231,-1.0336,-1.6659,0.00259,-0.01081,0.0711,0.000896560843102634,0.0010002665221691132,0.0012017011176794767,0.00041550752939656377,0.0005005536368116736,0.0006072662072256207,0.011570200324058533,0.0092311417683959,0.00862911343574524,passive,0
12.241,rehab,safe_near_limit_fast,64.20480688388831,-666.6275556171864,268.06365967189305,-177.65167578970502,0.29182482781174207,-149.85278311027977,-49.8656,0.0682,38.9699,-2.7158,-0.8435,37.5015,83.02740040391978,29.530311811088335,85.57090532661664,-26.829020182291664,-89.0733422173394,-37.20860799153646,-4.4077542748781715,-2.7208362239422184,-2.382564733524134,5.325842963324653,0.06785074869791667,-4.410442776150173,-3.0547,-1.0582,-1.4612,-0.02517,0.01081,0.06385,0.000896560843102634,0.0010002665221691132,0.0012017011176794767,0.00041550752939656377,0.0005005536368116736,0.0006072662072256207,0.011570200324058533,0.0092311417683959,0.00862911343574524,passive,0
12.2612,rehab,safe_near_limit_fast,63.39355296556856,-666.6293382831054,268.6798954259535,-177.65261189370943,0.29257412761529816,-149.85355076038394,-50.7889,0.0218,40.3405,4.6182,-1.3432,35.0322,82.95639717932976,29.48632570776609,85.53335057626856,-26.744274563259548,-89.07154507107205,-37.277891370985245,-4.4077542748781715,-2.61199951171875,-2.3735227679262065,5.322070651584201,0.13570149739583334,-4.342592027452257,-3.1068,-1.023,-1.2627,-0.01463,-0.0046,0.06775,0.000896560843102634,0.0010002665221691132,0.0012017011176794767,0.00041550752939656377,0.0005005536368116736,0.0006072662072256207,0.011570200324058533,0.0092311417683959,0.00862911343574524,passive,0
12.281,rehab,safe_near_limit_fast,62.18314686072103,-666.6327170972392,269.6337192106668,-177.6533097556199,0.293078297601939,-149.85428239844094,-50.6975,-0.0437,40.9682,6.0275,-1.2075,38.5747,82.8504770108969,29.4191840143487,85.47410190695584,-26.614015367296005,-89.06894259982639,-37.3816172281901,-4.353339318001624,-2.8296661376953125,-2.506208514223004,5.444810655381945,0.06785074869791667,-4.342592027452257,-3.1854,-1.0743,-1.2837,-0.02446,-0.00021,0.06485,0.000896560843102634,0.0010002665221691132,0.0012017011176794767,0.00041550752939656377,0.0005005536368116736,0.0006072662072256207,0.011570200324058533,0.0092311417683959,0.00862911343574524,passive,0
12.3012,rehab,safe_near_limit_fast,61.37738793835657,-666.6339043832063,270.3026776758134,-177.65211130062133,0.2922043846490163,-149.85462569538183,-50.3889,-0.0624,41.6298,3.3506,-0.7157,46.2919,82.77994967923306,29.372532910639695,85.43265163308322,-26.525387234157986,-89.06717088487413,-37.45079888237847,-4.244502605778156,-2.938502849918781,-2.6491939431369893,5.57708740234375,0.13570149739583334,-4.614003499348958,-3.1797,-1.0298,-0.9103,-0.01213,-0.00638,0.06073,0.000896560843102634,0.0010002665221691132,0.0012017011176794767,0.00041550752939656377,0.0005005536368116736,0.0006072662072256207,0.011570200324058533,0.0092311417683959,0.00862911343574524,passive,0
12.321,rehab,safe_near_limit_fast,60.1781474668729,-666.6335541418015,271.33206539846606,-177.65019166123676,0.2906720147687036,-149.8541303110202,-50.4728,-0.0419,42.819,9.2575,-0.0344,47.2656,82.67496769971187,29.301380119701424,85.36795059053024,-26.388965182834202,-89.06461927625868,-37.5547366672092,-4.462176030225093,-2.992917806795328,-2.7582482064124383,5.726555718315972,0.06785074869791667,-4.342592027452257,-3.2373,-1.0895,-1.4445,-0.02128,-0.00182,0.06603,0.000896560843102634,0.0010002665221691132,0.0012017011176794767,0.00041550752939656377,0.0005005536368116736,0.0006072662072256207,0.011570200324058533,0.0092311417683959,0.00862911343574524,passive,0
12.3408,rehab,safe_near_limit_fast,59.17852376787594,-666.6320443944369,272.19925198970543,-177.64984304607924,0.2903588558911185,-149.85374022265927,-49.43,-0.0195,43.063,17.4621,0.7727,44.6775,82.58744419211209,29.24198868251083,85.31199917934909,-26.271565755208332,-89.0625,-37.641330295138886,-4.353339318001624,-2.992917806795328,-2.981170049988397,6.01804945203993,0.06785074869791667,-4.274732801649305,-3.2905,-0.995,-1.4124,-0.03507,0.00965,0.06882,0.000896560843102634,0.0010002665221691132,0.0012017011176794767,0.00041550752939656377,0.0005005536368116736,0.0006072662072256207,0.011570200324058533,0.0092311417683959,0.00862911343574524,passive,0
12.3612,rehab,safe_near_limit_fast,58.38736369469818,-666.6347151290668,272.8928772509887,-177.6502442266652,0.2906155085390436,-149.8527418602546,-49.1298,0.0051,44.1399,16.3926,1.337,50.5921,82.51821536828976,29.195425958916694,85.26541606034382,-26.175927056206596,-89.06083001030815,-37.710486518012154,-4.135672692025062,-2.7752511808187657,-3.0413365128016707,6.138543023003472,0.13570149739583334,-4.206882052951388,-3.1382,-1.0876,-1.1252,-0.02562,-0.00792,0.06684,0.000896560843102634,0.0010002665221691132,0.0012017011176794767,0.00041550752939656377,0.0005005536368116736,0.0006072662072256207,0.011570200324058533,0.0092311417683959,0.00862911343574524,passive,0
12.381,rehab,safe_near_limit_fast,57.2085613070379,-666.63379074703,273.94429930781064,-177.65319694064223,0.29297850293177,-149.85165357477098,-49.5844,0.0134,45.8862,15.3984,1.2129,56.0885,82.41498739412515,29.125218155360457,85.19314152179378,-26.026662190755207,-89.05825297037761,-37.8131357828776,-4.190087648901609,-3.047339562142249,-3.107567211188892,6.411878797743055,0.06785074869791667,-4.274732801649305,-3.261,-1.0778,-1.6183,-0.01505,-0.00072,0.06843,0.000896560843102634,0.0010002665221691132,0.0012017011176794767,0.00041550752939656377,0.0005005536368116736,0.0006072662072256207,0.011570200324058533,0.0092311417683959,0.00862911343574524,passive,0
12.4008,rehab,safe_near_limit_fast,56.429454939271544,-666.6318351199196,274.66746336583225,-177.65502462374747,0.29443817730946525,-149.85051997433575,-48.911,0.035,46.6623,21.9874,0.7076,52.6549,82.34674434850712,29.07739771474706,85.14281924408262,-25.924182467990452,-89.05656602647569,-37.881368001302086,-4.135672692025062,-2.938502849918781,-3.2745172481725713,6.524395412868923,-0.0,-4.206882052951388,-3.2674,-1.1482,-1.1324,-0.01539,0.00437,0.06553,0.000896560843102634,0.0010002665221691132,0.0012017011176794767,0.00041550752939656377,0.0005005536368116736,0.0006072662072256207,0.011570200324058533,0.0092311417683959,0.00862911343574524,passive,0
12.4208,rehab,safe_near_limit_fast,55.24265085212733,-666.6331518750387,275.8152656621761,-177.65418242785094,0.2937936679508477,-149.85117292144398,-48.0786,0.0681,47.3409,26.6568,0.3948,50.9294,82.24287051965695,29.002594145217746,85.0630255972985,-25.767669677734375,-89.05412462022569,-37.98283047146267,-4.135672692025062,-3.047339562142249,-3.369682236473159,6.6311391194661455,0.13570149739583334,-4.410442776150173,-3.2516,-1.3802,-1.1338,-0.02625,-0.01002,0.06372,0.000896560843102634,0.0010002665221691132,0.0012017011176794767,0.00041550752939656377,0.0005005536368116736,0.0006072662072256207,0.011570200324058533,0.0092311417683959,0.00862911343574524,passive,0
12.4408,rehab,safe_near_limit_fast,54.46452147350953,-666.632668250719,276.6154855883165,-177.65218095714908,0.292218414916801,-149.8509762281909,-48.1105,0.0751,48.7097,34.248,0.146,45.1145,82.17474984650565,28.95094616578357,85.00731213258044,-25.660883585611977,-89.0525394015842,-38.04994371202257,-4.244502605778156,-3.1561694758953434,-3.4928569227161974,6.673329671223958,0.13570149739583334,-4.206882052951388,-3.2409,-1.1056,-1.0101,-0.01062,-0.00677,0.06746,0.000896560843102634,0.0010002665221691132,0.0012017011176794767,0.00041550752939656377,0.0005005536368116736,0.0006072662072256207,0.011570200324058533,0.0092311417683959,0.00862911343574524,passive,0
12.4607,rehab,safe_near_limit_fast,53.31815262922449,-666.629986008512,277.8160002965714,-177.65070176209028,0.2910653208397183,-149.8523740506583,-47.3495,0.0494,49.7861,48.246,-0.3895,30.1107,82.07437043142791,28.874164241375308,84.9219777324412,-25.497784084743923,-89.05025058322482,-38.14709133572048,-4.081257735148514,-3.2650061881188117,-3.6302812028639386,6.688885158962673,0.13570149739583334,-4.139031304253472,-3.5182,-1.1181,-1.4445,-0.04756,0.01694,0.07105,0.000896560843102634,0.0010002665221691132,0.0012017011176794767,0.00041550752939656377,0.0005005536368116736,0.0006072662072256207,0.011570200324058533,0.0092311417683959,0.00862911343574524,passive,0
12.4809,rehab,safe_near_limit_fast,52.57689774705253,-666.6277379740225,278.60019444493577,-177.65142034634331,0.29161711643719473,-149.85227456930605,-45.6578,0.022,49.7447,56.3484,-1.2463,19.5645,82.00945183782294,28.824596593875697,84.86454425471844,-25.387997097439236,-89.04876708984375,-38.21088155110677,-4.026835979801594,-3.2650061881188117,-3.545823805403001,6.834199693467882,0.06785074869791667,-3.8676198323567705,-3.2754,-1.1568,-1.6562,-0.00645,0.00468,0.06824,0.000896560843102634,0.0010002665221691132,0.0012017011176794767,0.00041550752939656377,0.0005005536368116736,0.0006072662072256207,0.011570200324058533,0.0092311417683959,0.00862911343574524,passive,0
12.5012,rehab,safe_near_limit_fast,51.497821902101265,-666.6238690805367,279.7734498631207,-177.6536560493183,0.29343062539510534,-149.85185147913987,-44.4809,0.0232,50.1638,62.7683,-1.887,11.5267,81.91492590573755,28.751336277121364,84.7766944205407,-25.221260918511284,-89.04657151963976,-38.30396864149306,-3.809169353825031,-2.938502849918781,-3.7979926685295484,6.876941257052951,0.06785074869791667,-3.799769083658854,-3.2191,-1.2576,-1.4568,-0.02434,0.00157,0.0702,0.000896560843102634,0.0010002665221691132,0.0012017011176794767,0.00041550752939656377,0.0005005536368116736,0.0006072662072256207,0.011570200324058533,0.0092311417683959,0.00862911343574524,passive,0
12.5211,rehab,safe_near_limit_fast,50.79831872128276,-666.6279518563014,280.5567764306187,-177.65474863635845,0.2942704650597428,-149.851295625057,-43.5325,0.0082,50.623,75.3696,-1.6844,-3.3921,81.85373967236812,28.703746984500697,84.71615404185683,-25.109965006510414,-89.04520670572917,-38.36446974012587,-3.64592448319539,-3.047339562142249,-3.8335554670579364,6.94059583875868,0.06785074869791667,-3.7319098578559027,-3.2476,-1.2864,-1.219,-0.02466,-0.0145,0.06633,0.000896560843102634,0.0010002665221691132,0.0012017011176794767,0.00041550752939656377,0.0005005536368116736,0.0006072662072256207,0.011570200324058533,0.0092311417683959,0.00862911343574524,passive,0
12.5409,rehab,safe_near_limit_fast,49.783255785720584,-666.6314197786842,281.77091833321265,-177.65321725181738,0.29304076896056397,-149.85081433983038,-41.6477,-0.0527,49.896,86.8194,-0.9385,-20.4921,81.76492445539719,28.630343899868503,84.62336851818726,-24.943152533637154,-89.04324849446614,-38.45189412434896,-3.5915027278484684,-3.2105844327718907,-3.9228533754254333,6.77491929796007,0.06785074869791667,-3.596208360460069,-3.3373,-1.2088,-1.5689,-0.02236,0.00488,0.06871,0.000896560843102634,0.0010002665221691132,0.0012017011176794767,0.00041550752939656377,0.0005005536368116736,0.0006072662072256207,0.011570200324058533,0.0092311417683959,0.00862911343574524,passive,0
12.5611,rehab,safe_near_limit_fast,48.97177876444843,-666.6312252766404,282.7946360558847,-177.65083325756953,0.2911942300194973,-149.85104569551788,-39.8303,-0.1217,49.3796,93.8971,-0.3565,-32.1373,81.69388043998491,28.56878375062848,84.54521330276339,-24.804399278428818,-89.04167175292969,-38.5211435953776,-3.428251058748453,-3.1017545190187965,-3.9520935965056467,6.822424994574653,0.06785074869791667,-3.528349134657118,-3.3008,-1.2663,-1.6354,-0.01754,0.01465,0.07001,0.000896560843102634,0.0010002665221691132,0.0012017011176794767,0.00041550752939656377,0.0005005536368116736,0.0006072662072256207,0.011570200324058533,0.0092311417683959,0.00862911343574524,passive,0
12.581,rehab,safe_near_limit_fast,48.34799477174007,-666.6298126013504,283.59254364403574,-177.64999479244307,0.2905322045779176,-149.85128444345165,-38.2478,-0.1335,49.2663,103.9602,-0.0401,-39.4032,81.63925473052676,28.521153667185565,84.48332002847502,-24.694366455078125,-89.04049343532986,-38.57429504394531,-3.373836101871906,-2.938502849918781,-3.883293076316909,6.718436347113715,0.06785074869791667,-3.2569376627604165,-3.2309,-1.1243,-1.508,-0.0155,0.00731,0.06708,0.000896560843102634,0.0010002665221691132,0.0012017011176794767,0.00041550752939656377,0.0005005536368116736,0.0006072662072256207,0.011570200324058533,0.0092311417683959,0.00862911343574524,passive,0
12.6008,rehab,safe_near_limit_fast,47.44984350815673,-666.631443642188,284.7501922068746,-177.65102424263983,0.2913176896292042,-149.85301734257789,-35.9159,-0.0675,48.181,114.0952,0.4229,-41.5271,81.56065761452854,28.45334572367149,84.39049371398322,-24.530207316080727,-89.0388912624783,-38.649325900607636,-3.319421144995359,-2.884087893042234,-3.851870546246519,6.682332356770833,0.06785074869791667,-2.985526190863715,-3.2882,-1.1928,-1.0174,-0.02707,-0.0009,0.06239,0.000896560843102634,0.0010002665221691132,0.0012017011176794767,0.00041550752939656377,0.0005005536368116736,0.0006072662072256207,0.011570200324058533,0.0092311417683959,0.00862911343574524,passive,0
12.6209,rehab,safe_near_limit_fast,46.8855409962018,-666.6366641403614,285.5012166156678,-177.6521952637592,0.29223590378684,-149.85430018112805,-33.1929,-0.0068,46.6954,119.4109,1.0519,-40.0395,81.51132791349204,28.410406584786898,84.32841008252437,-24.42230224609375,-89.03790791829427,-38.69617038302951,-2.992917806795328,-2.7208362239422184,-3.8007392505607984,6.568196614583333,-0.0,-2.8498246934678817,-3.1142,-1.208,-0.8407,-0.0163,-0.01005,0.06056,0.000896560843102634,0.0010002665221691132,0.0012017011176794767,0.00041550752939656377,0.0005005536368116736,0.0006072662072256207,0.011570200324058533,0.0092311417683959,0.00862911343574524,passive,0
12.641,rehab,safe_near_limit_fast,46.10605952209964,-666.6417077876566,286.6145277330266,-177.65318624606567,0.29308610263766316,-149.85530544176677,-30.5107,-0.0094,45.488,127.6073,1.1787,-46.3351,81.44313925563699,28.347214802657025,84.2360800563699,-24.263526068793404,-89.0365007188585,-38.76157972547743,-2.557584554842203,-2.7752511808187657,-3.683377256487856,6.830240885416666,0.13570149739583334,-2.5784132215711804,-3.2622,-1.2764,-1.6163,-0.0231,0.00472,0.06265,0.000896560843102634,0.0010002665221691132,0.0012017011176794767,0.00041550752939656377,0.0005005536368116736,0.0006072662072256207,0.011570200324058533,0.0092311417683959,0.00862911343574524,passive,0
12.6612,rehab,safe_near_limit_fast,45.636668851815614,-666.6393342621413,287.3531730399711,-177.6528698341531,0.29287337978122396,-149.85519379216944,-28.4228,-0.0299,45.2165,140.0402,0.3532,-58.1665,81.40199491293123,28.305091480217357,84.17567564709351,-24.160181681315102,-89.03565300835503,-38.801676432291664,-2.448754641089109,-2.557584554842203,-3.8351463091255416,6.414116753472222,-0.0,-2.374852498372396,-3.12,-1.2377,-1.2125,-0.01598,0.00211,0.06504,0.000896560843102634,0.0010002665221691132,0.0012017011176794767,0.00041550752939656377,0.0005005536368116736,0.0006072662072256207,0.011570200324058533,0.0092311417683959,0.00862911343574524,passive,0
12.6812,rehab,safe_near_limit_fast,44.99499667426461,-666.6323924544745,288.4321604293649,-177.65238686385968,0.29248126782328443,-149.85636344639502,-25.4016,-0.0221,44.5953,152.3767,-0.7204,-67.5619,81.34570357823135,28.243837262144183,84.08713916740795,-24.009416368272568,-89.03461032443576,-38.85510762532552,-2.067836346012531,-2.3943328857421875,-3.615807259436881,6.0379791259765625,0.06785074869791667,-2.171291775173611,-3.1786,-1.0819,-1.1168,-0.00161,0.01684,0.06596,0.000896560843102634,0.0010002665221691132,0.0012017011176794767,0.00041550752939656377,0.0005005536368116736,0.0006072662072256207,0.011570200324058533,0.0092311417683959,0.00862911343574524,passive,0
12.7011,rehab,safe_near_limit_fast,44.60998163849607,-666.631197664895,289.13702634650076,-177.65108233489497,0.29142335780451656,-149.85738540447042,-22.4945,-0.0087,43.3568,166.81,-0.961,-78.8682,81.3119627697633,28.204610088084003,84.02857034513266,-23.912353515625,-89.03402540418837,-38.88673570421007,-2.0134145906656093,-2.3943328857421875,-3.610450064781869,6.090579562717013,-0.0,-1.832029554578993,-3.2079,-1.1219,-1.1972,-0.01637,0.00283,0.06466,0.000896560843102634,0.0010002665221691132,0.0012017011176794767,0.00041550752939656377,0.0005005536368116736,0.0006072662072256207,0.011570200324058533,0.0092311417683959,0.00862911343574524,passive,0
12.7207,rehab,safe_near_limit_fast,44.12044902088139,-666.6363700239656,290.1469477531764,-177.6495714227006,0.29018690378157413,-149.8575841195322,-18.9367,-0.0235,40.8307,179.2865,-0.2813,-93.5156,81.26912560793433,28.15015434038521,83.94178787080368,-23.771837022569443,-89.03332180447049,-38.92779880099826,-1.6325030940594059,-2.176666259765625,-3.634999341303759,5.841768052842882,-0.0,-1.5606180826822915,-3.0656,-1.1698,-0.6691,-0.02322,0.00351,0.05632,0.000896560843102634,0.0010002665221691132,0.0012017011176794767,0.00041550752939656377,0.0005005536368116736,0.0006072662072256207,0.011570200324058533,0.0092311417683959,0.00862911343574524,passive,0
12.7411,rehab,safe_near_limit_fast,43.84612910393211,-666.6404275370691,290.78080026000447,-177.6493134520457,0.28998857324064964,-149.85795299293684,-15.0056,-0.0773,38.3953,193.1302,0.589,-111.5562,81.24512020904238,28.116631082969135,83.88602001832263,-23.682191636827255,-89.032957288954,-38.95043267144097,-1.305999755859375,-2.122251302889078,-3.4312355872428064,5.6000518798828125,-0.0,-1.2892066107855902,-3.1014,-1.0834,-0.9269,-0.0285,-0.00026,0.05871,0.000896560843102634,0.0010002665221691132,0.0012017011176794767,0.00041550752939656377,0.0005005536368116736,0.0006072662072256207,0.011570200324058533,0.0092311417683959,0.00862911343574524,passive,0
12.7608,rehab,safe_near_limit_fast,43.5318689409197,-666.6419259332664,291.6643939482375,-177.6504448418853,0.29090446329878905,-149.85764697563584,-11.1504,-0.0997,36.3623,200.5366,1.1664,-124.4768,81.21753881473353,28.070374290541846,83.80694021092783,-23.554602728949654,-89.03260972764757,-38.976898193359375,-1.0339181730062654,-1.795747964689047,-3.1371473557878247,5.1476287841796875,-0.0,-0.8820851643880208,-3.1294,-1.2013,-1.3105,-0.02276,-0.00192,0.06533,0.000896560843102634,0.0010002665221691132,0.0012017011176794767,0.00041550752939656377,0.0005005536368116736,0.0006072662072256207,0.011570200324058533,0.0092311417683959,0.00862911343574524,passive,0
12.7809,rehab,safe_near_limit_fast,43.34531567183421,-666.6403767209049,292.346512756383,-177.65197821104758,0.29220149948135965,-149.8580120643108,-6.8601,-0.0305,33.8662,196.7243,1.4584,-125.472,81.20109331489789,28.035049438476562,83.74506053358022,-23.454937405056423,-89.03245713975694,-38.99186876085069,-0.5985781225827661,-1.6325030940594059,-2.926449161945003,4.823057386610243,-0.0,-0.6106736924913194,-3.0659,-1.2378,-0.68,-0.0368,-0.0058,0.0551,0.000896560843102634,0.0010002665221691132,0.0012017011176794767,0.00041550752939656377,0.0005005536368116736,0.0006072662072256207,0.011570200324058533,0.0092311417683959,0.00862911343574524,passive,0
12.8008,rehab,safe_near_limit_fast,43.25477952691785,-666.6424425013494,292.85730668089184,-177.6531186742149,0.29319122777987916,-149.85788397970794,-2.9205,0.0526,31.339,190.3565,1.1764,-122.9565,81.193105112208,28.009507585280012,83.69732847308168,-23.379931979709202,-89.03244018554688,-38.99915059407552,-0.32649653972965653,-1.4692514249593904,-2.8873987481145575,4.453870985243055,-0.0,-0.339262220594618,-3.0145,-1.0976,-0.9814,-0.0192,0.00275,0.06211,0.000896560843102634,0.0010002665221691132,0.0012017011176794767,0.00041550752939656377,0.0005005536368116736,0.0006072662072256207,0.011570200324058533,0.0092311417683959,0.00862911343574524,passive,0
12.8211,rehab,safe_near_limit_fast,43.26125163040928,-666.6405293931846,293.59740584464754,-177.65217818834648,0.2926566318395038,-149.85347603980787,0.8263,0.0938,28.7374,182.7511,0.6049,-129.903,81.19344503572671,27.972748255965733,83.62905823358214,-23.275875515407986,-89.03252495659721,-39.0020497639974,0.16324487062964108,-1.4148296696124691,-2.6812283355410735,4.091991848415798,-0.06785074869791667,-0.0,-2.7842,-1.0827,-1.1822,0.01089,-0.01541,0.06419,0.000896560843102634,0.0010002665221691132,0.0012017011176794767,0.00041550752939656377,0.0005005536368116736,0.0006072662072256207,0.011570200324058533,0.0092311417683959,0.00862911343574524,passive,0
12.8411,rehab,safe_near_limit_fast,43.313532977635695,-666.6400653305938,294.0526296537561,-177.65083254668374,0.2917846546221146,-149.84955938531292,4.2933,0.0948,26.1461,175.2111,0.1059,-144.7376,81.19786404147007,27.950592041015625,83.58673095703125,-23.21301778157552,-89.03260125054253,-39.00083753797743,0.3809114966062036,-1.360414712735922,-2.542090840858988,3.7622918023003473,-0.0,0.13570149739583334,-2.8859,-1.0842,-0.8347,-0.00235,-0.00226,0.06303,0.000896560843102634,0.0010002665221691132,0.0012017011176794767,0.00041550752939656377,0.0005005536368116736,0.0006072662072256207,0.011570200324058533,0.0092311417683959,0.00862911343574524,passive,0
12.8612,rehab,safe_near_limit_fast,43.46592492747293,-666.6326773136753,294.67002922594565,-177.6487200167056,0.2904914934942223,-149.84768742830408,7.5395,0.0764,23.2555,168.9214,-0.5199,-159.0043,81.21087631376663,27.920393235612625,83.52980736458656,-23.128704494900173,-89.03290642632378,-38.98874070909288,0.7074148348062346,-1.1427480867593596,-2.2528567172513148,3.2583448621961804,-0.06785074869791667,0.8142344156901041,-2.8475,-1.009,-1.0631,-0.00475,-0.00179,0.06059,0.000896560843102634,0.0010002665221691132,0.0012017011176794767,0.00041550752939656377,0.0005005536368116736,0.0006072662072256207,0.011570200324058533,0.0092311417683959,0.00862911343574524,passive,0
12.8808,rehab,safe_near_limit_fast,43.60103855251913,-666.6322559572201,295.02049313511037,-177.6481025418541,0.29031344524278285,-149.8498790161893,10.564,0.0029,20.6361,165.5003,-0.6636,-169.1653,81.22255608586981,27.904274062354965,83.49566544636642,-23.07946099175347,-89.03323703342014,-38.974312676323784,0.8162515470297029,-0.87066650390625,-2.060813526115795,2.9322645399305554,-0.0,0.9499359130859375,-2.9012,-1.0685,-0.4951,-0.02682,0.00067,0.05457,0.000896560843102634,0.0010002665221691132,0.0012017011176794767,0.00041550752939656377,0.0005005536368116736,0.0006072662072256207,0.011570200324058533,0.0092311417683959,0.00862911343574524,passive,0
12.9007,rehab,safe_near_limit_fast,43.8743396418418,-666.6343863743865,295.45164890984563,-177.6484916490959,0.29091208580458777,-149.85368752981842,14.4096,-0.0574,16.3786,162.2325,-0.0472,-175.5603,81.24631673982827,27.885897796933012,83.45095870518448,-23.01653544108073,-89.03404235839844,-38.94604153103298,1.1427480867593596,-0.5985781225827661,-1.6458756852858136,2.260343763563368,-0.06785074869791667,1.2892066107855902,-2.8144,-1.0779,-1.0459,-0.01887,0.00491,0.05636,0.000896560843102634,0.0010002665221691132,0.0012017011176794767,0.00041550752939656377,0.0005005536368116736,0.0006072662072256207,0.011570200324058533,0.0092311417683959,0.00862911343574524,passive,0
12.9208,rehab,safe_near_limit_fast,44.10938811869802,-666.6346753194755,295.6767703304735,-177.64939554917626,0.2917437542612846,-149.85602259480422,17.2391,0.0055,12.4366,156.2041,0.6547,-180.8288,81.26677333718479,27.877100576268564,83.42612389290687,-22.982364230685764,-89.03474595811632,-38.92287360297309,1.4692514249593904,-0.489748208829672,-1.480122179088026,1.8698628743489583,-0.06785074869791667,1.5606180826822915,-2.668,-0.9417,-0.4126,-0.01724,-0.0038,0.05465,0.000896560843102634,0.0010002665221691132,0.0012017011176794767,0.00041550752939656377,0.0005005536368116736,0.0006072662072256207,0.011570200324058533,0.0092311417683959,0.00862911343574524,passive,0
12.941,rehab,safe_near_limit_fast,44.56393243971296,-666.6363438175392,295.9327210089629,-177.6502772418112,0.2923216449056029,-149.85703382614247,20.328,0.0639,8.7784,147.2826,1.0361,-186.1187,81.30641521793781,27.868847233234064,83.39537441140354,-22.943530612521702,-89.03617011176215,-38.88180202907986,1.7413330078125,-0.2176666259765625,-1.0963349295134592,1.29241943359375,-0.06785074869791667,1.832029554578993,-2.7007,-0.9828,-0.7732,-0.0051,-0.00205,0.06117,0.000896560843102634,0.0010002665221691132,0.0012017011176794767,0.00041550752939656377,0.0005005536368116736,0.0006072662072256207,0.011570200324058533,0.0092311417683959,0.00862911343574524,passive,0
12.961,rehab,safe_near_limit_fast,44.90647786210532,-666.6388573014416,296.0364759953141,-177.65120860437958,0.292789153259686,-149.8579708075852,23.431,0.0858,5.3565,135.2212,1.0094,-190.399,81.3363488829962,27.867174809521966,83.38017303164642,-22.926559448242188,-89.03734842936198,-38.85075887044271,1.9589996337890625,0.05441495687654703,-0.867546006004409,0.8721839057074653,-0.06785074869791667,2.103441026475694,-2.4758,-1.0182,-0.5818,-0.00036,-0.00425,0.05354,0.000896560843102634,0.0010002665221691132,0.0012017011176794767,0.00041550752939656377,0.0005005536368116736,0.0006072662072256207,0.011570200324058533,0.0092311417683959,0.00862911343574524,passive,0
12.981,rehab,safe_near_limit_fast,45.60801273700695,-666.6428848903331,296.12709666855255,-177.65037120780212,0.2917118947284266,-149.85750745988733,26.2972,0.1229,1.7389,122.8945,0.0823,-194.1627,81.39764389189163,27.869159962871286,83.3625310010249,-22.914038764105904,-89.03948465983073,-38.78980848524306,2.3943328857421875,0.10882991375309406,-0.2817694031366027,0.04840426974826389,-0.13570149739583334,2.171291775173611,-2.5834,-0.9244,-0.6575,-0.01212,-0.00207,0.05558,0.000896560843102634,0.0010002665221691132,0.0012017011176794767,0.00041550752939656377,0.0005005536368116736,0.0006072662072256207,0.011570200324058533,0.0092311417683959,0.00862911343574524,passive,0
13.0008,rehab,safe_near_limit_fast,46.063005333493045,-666.62348740253,296.10397873992827,-177.65163537475343,0.29254518754942793,-149.85648512684904,28.5113,0.0998,-2.0742,115.1137,-1.8296,-197.1764,81.43710901241491,27.87191334337291,83.36195992951346,-22.915852864583332,-89.04073079427083,-38.75139872233073,2.503169597965656,0.2176666259765625,0.03954670216777537,-0.305082533094618,-0.06785074869791667,2.510553995768229,-2.5184,-1.0134,-0.8649,-0.00882,0.00441,0.05687,0.000896560843102634,0.0010002665221691132,0.0012017011176794767,0.00041550752939656377,0.0005005536368116736,0.0006072662072256207,0.011570200324058533,0.0092311417683959,0.00862911343574524,passive,0
13.0209,rehab,safe_near_limit_fast,46.54268151536103,-666.6169297926331,296.0587425856413,-177.64978649980318,0.2909726813944362,-149.85575995480534,30.0903,0.039,-6.0765,103.051,-3.1505,-198.4308,81.47890600827661,27.877161762501935,83.36263297808053,-22.9254150390625,-89.0419684516059,-38.71043735080295,2.6664212670656715,0.435333251953125,0.08952905636022586,-0.8517286512586806,-0.06785074869791667,2.714114718967014,-2.5224,-0.9748,-1.0237,-0.00683,0.00327,0.05599,0.000896560843102634,0.0010002665221691132,0.0012017011176794767,0.00041550752939656377,0.0005005536368116736,0.0006072662072256207,0.011570200324058533,0.0092311417683959,0.00862911343574524,passive,0
13.0411,rehab,safe_near_limit_fast,47.30739639870881,-666.6279197628476,295.88646739008595,-177.6457747004392,0.28767649912527316,-149.85504523111254,32.0556,-0.0283,-10.2897,88.5131,-2.9966,-199.3771,81.54584374758277,27.89306338470761,83.36934986681041,-22.95517815483941,-89.04388427734375,-38.64455329047309,2.884087893042234,0.8162515470297029,0.5554894173499381,-1.5068817138671875,-0.13570149739583334,2.8498246934678817,-2.4075,-0.832,-0.7671,-0.00735,0.00029,0.05159,0.000896560843102634,0.0010002665221691132,0.0012017011176794767,0.00041550752939656377,0.0005005536368116736,0.0006072662072256207,0.011570200324058533,0.0092311417683959,0.00862911343574524,passive,0
13.061,rehab,safe_near_limit_fast,47.84092730134925,-666.6302617093401,295.68195375299274,-177.6454400777649,0.2873600939128471,-149.85493283571233,33.8636,-0.1098,-14.4577,79.2598,-2.0724,-194.5876,81.5924880528214,27.908013221060877,83.38123359302483,-22.983839246961804,-89.04518975151909,-38.59835306803385,3.1017545190187965,1.0339181730062654,0.9153936404993038,-2.011778089735243,-0.0,2.985526190863715,-2.3217,-0.7694,-0.4118,-0.01129,-0.00068,0.0512,0.000896560843102634,0.0010002665221691132,0.0012017011176794767,0.00041550752939656377,0.0005005536368116736,0.0006072662072256207,0.011570200324058533,0.0092311417683959,0.00862911343574524,passive,0
13.0809,rehab,safe_near_limit_fast,48.672822463841946,-666.6328113774327,295.27121010958643,-177.64672339109904,0.2882532515000668,-149.8557697526334,36.1536,-0.204,-18.7087,74.743,-0.4929,-183.1493,81.66523168582728,27.936050112884825,83.40719015291421,-23.038431803385418,-89.04725816514757,-38.52540757921007,3.1017545190187965,1.305999755859375,1.2400885855797494,-2.6377275254991317,-0.06785074869791667,2.985526190863715,-2.4658,-0.7771,-0.7863,-0.01749,0.00183,0.05474,0.000896560843102634,0.0010002665221691132,0.0012017011176794767,0.00041550752939656377,0.0005005536368116736,0.0006072662072256207,0.011570200324058533,0.0092311417683959,0.00862911343574524,passive,0
13.1008,rehab,safe_near_limit_fast,49.2557711922612,-666.6405095727979,294.9351639773639,-177.6478461468508,0.28912913850692135,-149.85571223389545,37.2228,-0.2107,-21.5399,70.9756,1.2362,-168.0553,81.7162813998685,27.95894736110574,83.42834699271928,-23.082555135091145,-89.04861450195312,-38.474926418728295,3.1561694758953434,1.5236663818359375,1.4181541216255416,-2.9077996148003473,-0.13570149739583334,3.1890869140625,-2.2244,-0.8462,-0.3065,0.00148,-0.00677,0.0429,0.000896560843102634,0.0010002665221691132,0.0012017011176794767,0.00041550752939656377,0.0005005536368116736,0.0006072662072256207,0.011570200324058533,0.0092311417683959,0.00862911343574524,passive,0
13.121,rehab,safe_near_limit_fast,50.17632372803915,-666.6401066098219,294.3638004341191,-177.6496104191462,0.2904872991320095,-149.854723889022,37.8383,-0.0858,-24.7515,59.6834,2.3175,-149.3758,81.79674809521968,27.995672698068148,83.46785290406481,-23.158882988823784,-89.0507083468967,-38.39632670084635,3.428251058748453,1.5236663818359375,1.7497223202544863,-3.4441375732421875,-0.13570149739583334,3.528349134657118,-2.2597,-0.7225,0.0821,-0.0063,-0.01034,0.04506,0.000896560843102634,0.0010002665221691132,0.0012017011176794767,0.00041550752939656377,0.0005005536368116736,0.0006072662072256207,0.011570200324058533,0.0092311417683959,0.00862911343574524,passive,0
13.1411,rehab,safe_near_limit_fast,50.813656828836926,-666.6420169284595,293.94010193415806,-177.65000794179667,0.29079040252251254,-149.85383474880717,39.2157,0.0104,-27.6654,47.0107,2.6469,-134.3741,81.8524955522896,28.022778199450805,83.49773218136022,-23.216968112521702,-89.0521240234375,-38.342132568359375,3.5370877709719215,1.795747964689047,2.0010345761138613,-3.8440704345703125,-0.06785074869791667,3.392647637261285,-2.3148,-0.7852,-0.6152,-0.00454,0.0038,0.0455,0.000896560843102634,0.0010002665221691132,0.0012017011176794767,0.00041550752939656377,0.0005005536368116736,0.0006072662072256207,0.011570200324058533,0.0092311417683959,0.00862911343574524,passive,0
13.1611,rehab,safe_near_limit_fast,51.77110910832953,-666.6394845776517,293.24598538866985,-177.65027269676477,0.2909224612897142,-149.85412425413446,40.4375,0.0691,-30.2466,40.894,2.3636,-127.438,81.93621191647973,28.06581931539101,83.54901304339418,-23.313446044921875,-89.05431111653645,-38.25922648111979,3.5370877709719215,1.9045846769125154,2.2664604564704516,-4.15635002983941,-0.20355224609375,3.528349134657118,-2.2421,-0.6998,0.0356,-0.00426,-0.00732,0.04939,0.000896560843102634,0.0010002665221691132,0.0012017011176794767,0.00041550752939656377,0.0005005536368116736,0.0006072662072256207,0.011570200324058533,0.0092311417683959,0.00862911343574524,passive,0
13.181,rehab,safe_near_limit_fast,52.41591177306926,-666.6391180423699,292.74162239439073,-177.65013757811627,0.29074783872095167,-149.85481056046422,41.4424,0.1082,-32.8299,41.6537,1.4651,-128.021,81.99262562364635,28.096922317353805,83.58667656926825,-23.384085761176216,-89.05579460991753,-38.2029300265842,3.428251058748453,1.9589996337890625,2.3829386493947244,-4.5849355061848955,-0.13570149739583334,3.4604983859592013,-2.2419,-0.6427,-0.4712,0.00225,-0.0103,0.04853,0.000896560843102634,0.0010002665221691132,0.0012017011176794767,0.00041550752939656377,0.0005005536368116736,0.0006072662072256207,0.011570200324058533,0.0092311417683959,0.00862911343574524,passive,0
13.2008,rehab,safe_near_limit_fast,53.238071744892764,-666.6377506417349,292.0744312040104,-177.64948783408445,0.2902194851719959,-149.85531746959364,41.771,0.0801,-35.0111,37.4288,0.1151,-121.8095,82.06454664173692,28.137808318185336,83.63710082403504,-23.478334214952255,-89.05760871039496,-38.13156975640191,3.64592448319539,2.122251302889078,2.708231859868116,-4.913380940755208,-0.06785074869791667,3.596208360460069,-2.2567,-0.7434,-0.6824,-0.00984,-0.00447,0.05166,0.000896560843102634,0.0010002665221691132,0.0012017011176794767,0.00041550752939656377,0.0005005536368116736,0.0006072662072256207,0.011570200324058533,0.0092311417683959,0.00862911343574524,passive,0
13.2209,rehab,safe_near_limit_fast,54.24571065784994,-666.6318018356051,291.2093962693305,-177.64927984687162,0.29001457052361734,-149.8549145319198,41.7964,0.0373,-36.998,19.5325,-0.8985,-104.0974,82.15265481778891,28.190163338538444,83.70321594842589,-23.599633110894096,-89.05979580349393,-38.045238918728295,3.64592448319539,2.3399179288656407,2.903232385616491,-5.317874484592013,-0.06785074869791667,3.596208360460069,-2.1486,-0.8834,-0.8962,-0.00964,-0.01089,0.04432,0.000896560843102634,0.0010002665221691132,0.0012017011176794767,0.00041550752939656377,0.0005005536368116736,0.0006072662072256207,0.011570200324058533,0.0092311417683959,0.00862911343574524,passive,0
13.2412,rehab,safe_near_limit_fast,54.93154424540918,-666.6306909202581,290.598720224854,-177.64913922261945,0.2898885134693474,-149.85413386744074,42.8438,0.0176,-39.8246,4.7944,-1.2109,-95.3446,82.21266491578356,28.227500537834544,83.74927558521233,-23.68492974175347,-89.06125386555989,-37.986975775824654,3.809169353825031,2.3943328857421875,2.970326489741259,-5.476752387152778,-0.13570149739583334,3.9354705810546875,-2.2825,-0.6629,-0.9386,-0.0086,0.00712,0.05547,0.000896560843102634,0.0010002665221691132,0.0012017011176794767,0.00041550752939656377,0.0005005536368116736,0.0006072662072256207,0.011570200324058533,0.0092311417683959,0.00862911343574524,passive,0
13.2608,rehab,safe_near_limit_fast,55.94926996919696,-666.6322907227732,289.629568777821,-177.6490175545808,0.28984792015084515,-149.8550281365874,43.4357,0.0264,-42.0932,-3.0585,-1.0333,-90.7824,82.30177246698058,28.28685118420289,83.8221551876257,-23.819876776801216,-89.06339009602864,-37.898500230577255,3.754754396948484,2.557584554842203,3.2030177352452043,-5.763295491536458,-0.13570149739583334,3.664059109157986,-2.3111,-0.8268,-0.9627,-0.02339,-0.00319,0.044,0.000896560843102634,0.0010002665221691132,0.0012017011176794767,0.00041550752939656377,0.0005005536368116736,0.0006072662072256207,0.011570200324058533,0.0092311417683959,0.00862911343574524,passive,0
13.2809,rehab,safe_near_limit_fast,56.62605109600801,-666.6377358567083,288.9483698151851,-177.64924095221372,0.2900282047366686,-149.85476755647318,43.0967,0.0257,-43.5575,-10.9419,-0.5221,-83.6137,82.36108912099706,28.329028894405553,83.87249106227762,-23.913803100585938,-89.0647972954644,-37.84050835503472,3.5915027278484684,2.6664212670656715,3.2029905413637065,-5.938076443142361,-0.06785074869791667,3.596208360460069,-2.1143,-0.8133,-0.9941,-0.00299,-0.00299,0.04452,0.000896560843102634,0.0010002665221691132,0.0012017011176794767,0.00041550752939656377,0.0005005536368116736,0.0006072662072256207,0.011570200324058533,0.0092311417683959,0.00862911343574524,passive,0
13.3008,rehab,safe_near_limit_fast,57.65209169535292,-666.6364232551175,287.8803270508258,-177.65096385974172,0.2913609971617673,-149.8537232570189,41.6562,-0.0118,-43.9218,-18.8196,-0.2092,-78.1844,82.45091051158339,28.394158240592127,83.95241387999884,-24.059227837456596,-89.06689961751302,-37.753380669487846,3.7003394400719367,2.7752511808187657,3.392069599415996,-6.023152669270833,-0.13570149739583334,3.392647637261285,-2.3399,-0.7048,-0.4389,-0.0251,0.00394,0.05063,0.000896560843102634,0.0010002665221691132,0.0012017011176794767,0.00041550752939656377,0.0005005536368116736,0.0006072662072256207,0.011570200324058533,0.0092311417683959,0.00862911343574524,passive,0
13.3208,rehab,safe_near_limit_fast,58.33091194103505,-666.6343306047927,287.1525106845352,-177.65135576038622,0.2916677411382781,-149.85253357433348,41.1026,-0.0259,-45.2427,-31.9215,-0.2626,-65.9428,82.51032914265548,28.438348298025602,84.00755627320544,-24.159732394748264,-89.06825595431857,-37.696287367078995,3.5915027278484684,2.8296661376953125,3.4960386068514078,-6.463716295030382,-0.06785074869791667,3.664059109157986,-2.2154,-0.6113,-0.1202,-0.02072,-0.00084,0.044,0.000896560843102634,0.0010002665221691132,0.0012017011176794767,0.00041550752939656377,0.0005005536368116736,0.0006072662072256207,0.011570200324058533,0.0092311417683959,0.00862911343574524,passive,0
13.3409,rehab,safe_near_limit_fast,59.327094085921026,-666.6301203879696,286.04111254396696,-177.65147502985016,0.29178852458635235,-149.85201884706402,41.3543,-0.0091,-47.8675,-44.2208,-0.3018,-51.675,82.59753312214767,28.505632759320854,84.0923264003036,-24.314100477430554,-89.0702395968967,-37.61133829752604,3.428251058748453,2.7752511808187657,3.6030057397219215,-6.624382866753472,-0.06785074869791667,3.4604983859592013,-2.3072,-0.7042,-0.2951,-0.0247,-0.00342,0.04969,0.000896560843102634,0.0010002665221691132,0.0012017011176794767,0.00041550752939656377,0.0005005536368116736,0.0006072662072256207,0.011570200324058533,0.0092311417683959,0.00862911343574524,passive,0
13.3611,rehab,safe_near_limit_fast,59.96578962513257,-666.62991050363,285.2952640293407,-177.65045457571966,0.2910274901830059,-149.85301490857213,40.2533,0.0067,-48.6142,-48.9903,0.0928,-42.8957,82.65349133179919,28.55092416895498,84.14952193156327,-24.41948784722222,-89.07152811686198,-37.5555674235026,3.5370877709719215,2.8296661376953125,3.551758870039836,-6.6384124755859375,-0.06785074869791667,3.4604983859592013,-2.2542,-0.7757,-0.8566,-0.01864,-0.0048,0.04292,0.000896560843102634,0.0010002665221691132,0.0012017011176794767,0.00041550752939656377,0.0005005536368116736,0.0006072662072256207,0.011570200324058533,0.0092311417683959,0.00862911343574524,passive,0
13.3812,rehab,safe_near_limit_fast,60.89079708067421,-666.6356409102053,284.15975987854154,-177.64818556371273,0.28930435648286756,-149.85500267873792,39.345,-0.0065,-49.6065,-51.3448,0.7428,-36.6844,82.73462427724706,28.62045212547378,84.2360256686069,-24.580739339192707,-89.07340155707465,-37.474255032009545,3.2650061881188117,2.992917806795328,3.60087781849474,-6.638743082682291,-0.06785074869791667,3.2569376627604165,-2.3617,-0.7228,-1.0959,-0.02274,0.00044,0.04736,0.000896560843102634,0.0010002665221691132,0.0012017011176794767,0.00041550752939656377,0.0005005536368116736,0.0006072662072256207,0.011570200324058533,0.0092311417683959,0.00862911343574524,passive,0
13.401,rehab,safe_near_limit_fast,61.490031745522614,-666.6370736102631,283.37741425152257,-177.64818971557062,0.28926691124109,-149.85605050651586,38.0802,-0.0192,-49.9565,-60.6206,0.8561,-20.7158,82.78716965477065,28.668122999738937,84.29530833027151,-24.689237806532116,-89.07463073730469,-37.421883477105034,3.2105844327718907,3.1017545190187965,3.7125358959235766,-6.710442437065972,-0.06785074869791667,3.2569376627604165,-2.2951,-0.8374,-1.7212,-0.00093,0.00298,0.05571,0.000896560843102634,0.0010002665221691132,0.0012017011176794767,0.00041550752939656377,0.0005005536368116736,0.0006072662072256207,0.011570200324058533,0.0092311417683959,0.00862911343574524,passive,0
13.421,rehab,safe_near_limit_fast,62.53363034741607,-666.6362210356566,281.9591794683877,-177.65068468447902,0.291193184480491,-149.8550030778463,36.2936,-0.0007,-49.4202,-75.825,0.3832,6.5501,82.87862267824683,28.754565550549195,84.40160921304533,-24.881396823459202,-89.0765889485677,-37.33364529079861,3.2105844327718907,3.1561694758953434,3.847927433429378,-6.98850843641493,-0.06785074869791667,3.121236165364583,-2.3781,-0.8158,-1.5133,-0.02096,0.0059,0.05146,0.000896560843102634,0.0010002665221691132,0.0012017011176794767,0.00041550752939656377,0.0005005536368116736,0.0006072662072256207,0.011570200324058533,0.0092311417683959,0.00862911343574524,passive,0
13.4412,rehab,safe_near_limit_fast,63.11817467673991,-666.6340489168838,281.14225591983364,-177.65221286275005,0.2923643041116951,-149.85297190710722,34.9391,0.0402,-49.4744,-78.1716,-0.009,15.9972,82.92982875710666,28.80430995827854,84.46290422194075,-24.99190436469184,-89.07763163248698,-37.28571573893229,2.992917806795328,3.047339562142249,3.846370583713645,-7.09456549750434,-0.13570149739583334,2.9176754421657987,-2.3839,-0.801,-0.9692,-0.02147,0.00635,0.0508,0.000896560843102634,0.0010002665221691132,0.0012017011176794767,0.00041550752939656377,0.0005005536368116736,0.0006072662072256207,0.011570200324058533,0.0092311417683959,0.00862911343574524,passive,0
13.4611,rehab,safe_near_limit_fast,63.67943656522866,-666.6325900013186,280.3382421744223,-177.65276424059965,0.292835788678535,-149.8518576564111,33.7939,0.0769,-49.7434,-67.7697,-0.0886,4.4521,82.97900889179495,28.853299735796334,84.52364175626548,-25.10226779513889,-89.07860649956596,-37.23888821072048,3.2105844327718907,3.047339562142249,3.829918285407642,-6.9290924072265625,-0.06785074869791667,2.985526190863715,-2.3522,-0.763,-0.9487,-0.02047,0.00123,0.05261,0.000896560843102634,0.0010002665221691132,0.0012017011176794767,0.00041550752939656377,0.0005005536368116736,0.0006072662072256207,0.011570200324058533,0.0092311417683959,0.00862911343574524,passive,0
13.481,rehab,safe_near_limit_fast,64.4736146057819,-666.6315775743383,279.16638546837993,-177.65036887867578,0.29098303877968956,-149.8518557273001,32.4179,0.0461,-49.6452,-56.186,-0.2776,-10.1967,83.0486524223101,28.92454770531985,84.61397303212988,-25.26884290907118,-89.08008999294705,-37.171105278862846,2.884087893042234,2.992917806795328,3.8271920987875157,-7.109993828667535,-0.06785074869791667,2.714114718967014,-2.3902,-0.7758,-1.4534,-0.01131,0.00793,0.0507,0.000896560843102634,0.0010002665221691132,0.0012017011176794767,0.00041550752939656377,0.0005005536368116736,0.0006072662072256207,0.011570200324058533,0.0092311417683959,0.00862911343574524,passive,0
13.5008,rehab,safe_near_limit_fast,64.98220042289249,-666.629576349898,278.3878326470783,-177.64864478134447,0.289654986625396,-149.8515049605718,30.5948,-0.0173,-48.6124,-44.8177,-0.8204,-22.3573,83.09324358949567,28.971749485129177,84.67429585976176,-25.379791259765625,-89.08101399739583,-37.1281009250217,2.7752511808187657,3.1561694758953434,3.751885442450495,-6.812795003255208,-0.06785074869791667,2.510553995768229,-2.2938,-0.759,-0.8791,-0.01854,0.00197,0.04983,0.000896560843102634,0.0010002665221691132,0.0012017011176794767,0.00041550752939656377,0.0005005536368116736,0.0006072662072256207,0.011570200324058533,0.0092311417683959,0.00862911343574524,passive,0
13.5208,rehab,safe_near_limit_fast,65.72096554237264,-666.6298633523274,277.1786260775182,-177.64932964222842,0.290100198567335,-149.85096705113847,29.6207,-0.0368,-48.7297,-37.5391,-1.2584,-23.8521,83.15806020604502,29.045744036683942,84.76538176583772,-25.545866224500866,-89.08236185709636,-37.06568400065104,2.557584554842203,2.992917806795328,3.7839062379138304,-6.890970865885416,-0.06785074869791667,2.6462639702690973,-2.5074,-0.7529,-1.2049,-0.03408,-0.00134,0.04948,0.000896560843102634,0.0010002665221691132,0.0012017011176794767,0.00041550752939656377,0.0005005536368116736,0.0006072662072256207,0.011570200324058533,0.0092311417683959,0.00862911343574524,passive,0
13.541,rehab,safe_near_limit_fast,66.2011738491211,-666.6315448152217,276.35048967676767,-177.6514359051975,0.291744652921194,-149.85067773196747,30.2621,-0.0235,-51.2566,-34.391,-1.0303,-15.7319,83.20019712542543,29.096800549195546,84.82640483591815,-25.656450059678818,-89.08314175075955,-37.02507866753472,2.8296661376953125,3.319421144995359,3.8501437347714265,-6.7938232421875,-0.0,2.4427032470703125,-2.5496,-0.6887,-0.9745,-0.0233,0.00253,0.05411,0.000896560843102634,0.0010002665221691132,0.0012017011176794767,0.00041550752939656377,0.0005005536368116736,0.0006072662072256207,0.011570200324058533,0.0092311417683959,0.00862911343574524,passive,0
13.5609,rehab,safe_near_limit_fast,66.91137858288391,-666.635365120057,275.133227771849,-177.65253065654966,0.29257620953481706,-149.84898950877817,29.8276,-0.025,-52.2015,-28.1569,-0.0909,-9.3068,83.26253909875851,29.172229577999303,84.91647776990834,-25.822279188368054,-89.08431159125433,-36.966281467013886,2.557584554842203,2.992917806795328,3.7428502753229425,-7.035335964626736,-0.0,2.510553995768229,-2.5221,-0.8569,-1.2981,-0.03134,0.00107,0.05259,0.000896560843102634,0.0010002665221691132,0.0012017011176794767,0.00041550752939656377,0.0005005536368116736,0.0006072662072256207,0.011570200324058533,0.0092311417683959,0.00862911343574524,passive,0
13.581,rehab,safe_near_limit_fast,67.36166881747211,-666.6380901090944,274.34196950451275,-177.65182145838452,0.29204078155720303,-149.84931040999606,28.8741,-0.0573,-51.6954,-17.3899,0.8037,-7.2514,83.30208580092628,29.221232952457843,84.97578082698406,-25.932591756184895,-89.0850830078125,-36.927642822265625,2.448754641089109,3.1017545190187965,3.6461148403658723,-6.673609415690104,-0.06785074869791667,2.4427032470703125,-2.4747,-0.759,-0.6012,-0.03884,0.00833,0.04712,0.000896560843102634,0.0010002665221691132,0.0012017011176794767,0.00041550752939656377,0.0005005536368116736,0.0006072662072256207,0.011570200324058533,0.0092311417683959,0.00862911343574524,passive,0
13.6009,rehab,safe_near_limit_fast,68.02139622764196,-666.634529889968,273.17190196696,-177.64955810863958,0.29030834896920205,-149.85117617430078,28.1532,-0.0639,-50.9247,-12.2688,0.8438,5.4351,83.35996797769377,29.29290242714457,85.06542545734065,-26.098429361979164,-89.08626132541232,-36.86973571777344,2.3399179288656407,3.047339562142249,3.828341040280786,-7.132771809895833,-0.06785074869791667,2.510553995768229,-2.6173,-0.6926,-0.9496,-0.03397,0.00788,0.05263,0.000896560843102634,0.0010002665221691132,0.0012017011176794767,0.00041550752939656377,0.0005005536368116736,0.0006072662072256207,0.011570200324058533,0.0092311417683959,0.00862911343574524,passive,0
13.6211,rehab,safe_near_limit_fast,68.56519132578474,-666.6309413590964,272.18252881561676,-177.64893247216907,0.28982995010450446,-149.85303582357994,27.6089,-0.019,-49.9976,-14.1071,0.4022,30.5593,83.4076728443108,29.353782729347152,85.14024262381072,-26.23630099826389,-89.08721923828125,-36.8217044406467,2.3943328857421875,3.1017545190187965,3.7583711831876547,-6.900592380099826,-0.0,2.4427032470703125,-2.6059,-0.8064,-2.01,-0.03763,0.00785,0.05605,0.000896560843102634,0.0010002665221691132,0.0012017011176794767,0.00041550752939656377,0.0005005536368116736,0.0006072662072256207,0.011570200324058533,0.0092311417683959,0.00862911343574524,passive,0
13.6412,rehab,safe_near_limit_fast,69.2253859996919,-666.6336762314834,270.9635529228809,-177.6507210848157,0.2911411003846735,-149.85406804089288,27.5409,0.0421,-49.4742,-6.3126,0.267,38.058,83.46565019966351,29.430333505762686,85.22879270043704,-26.400833129882812,-89.08836364746094,-36.764534844292534,2.3399179288656407,3.319421144995359,3.710972247737469,-6.86830308702257,-0.06785074869791667,2.4427032470703125,-2.6038,-0.843,-1.3356,-0.02746,0.00761,0.05665,0.000896560843102634,0.0010002665221691132,0.0012017011176794767,0.00041550752939656377,0.0005005536368116736,0.0006072662072256207,0.011570200324058533,0.0092311417683959,0.00862911343574524,passive,0
13.6614,rehab,safe_near_limit_fast,69.67688732936195,-666.6386321432742,270.1513434909135,-177.65135866704662,0.2916447329501259,-149.85411391184644,28.2378,0.0601,-49.9177,13.5299,0.5762,21.5207,83.50531927429803,29.482083462252476,85.28687203284538,-26.51095920138889,-89.08910115559895,-36.7260487874349,2.557584554842203,3.2650061881188117,3.763191298683091,-6.9967397054036455,-0.0,2.4427032470703125,-2.7167,-0.8441,-1.2858,-0.05271,0.00059,0.05243,0.000896560843102634,0.0010002665221691132,0.0012017011176794767,0.00041550752939656377,0.0005005536368116736,0.0006072662072256207,0.011570200324058533,0.0092311417683959,0.00862911343574524,passive,0
13.6808,rehab,safe_near_limit_fast,70.13504898054876,-666.6393511305812,269.3375438604338,-177.65231614956312,0.2923491662910618,-149.85415792033797,28.7316,0.0156,-49.6997,30.2617,0.7268,2.8231,83.5455322265625,29.533738240157025,85.34529808724281,-26.620975070529514,-89.08988104926215,-36.687020195855034,2.557584554842203,3.2105844327718907,3.6383169948464573,-6.944546169704861,-0.06785074869791667,2.5784132215711804,-2.5171,-0.7646,-1.2183,-0.00607,0.00673,0.05297,0.000896560843102634,0.0010002665221691132,0.0012017011176794767,0.00041550752939656377,0.0005005536368116736,0.0006072662072256207,0.011570200324058533,0.0092311417683959,0.00862911343574524,passive,0
13.7008,rehab,safe_near_limit_fast,70.84713051639757,-666.6326869677059,268.14019226216953,-177.65250322806338,0.29247908764446046,-149.8533050427401,28.6062,-0.0258,-48.3308,38.4674,0.3194,-7.9049,83.60794218459932,29.609527587890625,85.43227091874226,-26.78522745768229,-89.09108479817708,-36.62729051378038,2.61199951171875,3.2105844327718907,3.5519764210918163,-6.748377482096354,-0.0,2.5784132215711804,-2.6031,-0.7045,-1.4092,-0.02348,0.01524,0.05266,0.000896560843102634,0.0010002665221691132,0.0012017011176794767,0.00041550752939656377,0.0005005536368116736,0.0006072662072256207,0.011570200324058533,0.0092311417683959,0.00862911343574524,passive,0
13.7208,rehab,safe_near_limit_fast,71.33189152244204,-666.6289894653877,267.3447239477683,-177.65223401816027,0.2923017912421057,-149.85297583859895,29.1941,-0.0061,-48.2093,37.3089,-0.1966,-9.1061,83.6504326244392,29.660346153939123,85.48952083776493,-26.894794040256077,-89.09189860026042,-36.58634609646267,2.61199951171875,3.1017545190187965,3.4528887153852104,-6.950437757703993,-0.06785074869791667,2.5784132215711804,-2.4847,-0.8134,-0.5825,-0.03132,0.00996,0.04384,0.000896560843102634,0.0010002665221691132,0.0012017011176794767,0.00041550752939656377,0.0005005536368116736,0.0006072662072256207,0.011570200324058533,0.0092311417683959,0.00862911343574524,passive,0
13.7408,rehab,safe_near_limit_fast,72.06438222753526,-666.6294747898212,266.1529985630287,-177.65157766048088,0.2918313425292289,-149.85272731242233,30.7063,0.0485,-49.6751,30.9739,-0.2499,-7.5195,83.71469856488822,29.737685552918084,85.57350234229966,-27.058707343207466,-89.09316168891058,-36.524149576822914,2.6664212670656715,3.373836101871906,3.4470760232151143,-6.912333170572916,-0.0,2.781973944769965,-2.5477,-0.8521,-1.6781,-0.01966,0.00611,0.05253,0.000896560843102634,0.0010002665221691132,0.0012017011176794767,0.00041550752939656377,0.0005005536368116736,0.0006072662072256207,0.011570200324058533,0.0092311417683959,0.00862911343574524,passive,0
13.7612,rehab,safe_near_limit_fast,72.5591377946748,-666.6360933512894,265.3550805722561,-177.6510311324318,0.29141469302213896,-149.85253692913844,31.8795,0.0795,-50.7139,26.4047,0.1022,-10.7847,83.75816798446202,29.790564055490023,85.62802607470219,-27.16800265842014,-89.0940433078342,-36.482086181640625,2.7752511808187657,3.428251058748453,3.3420056635790534,-6.924624972873263,-0.06785074869791667,2.714114718967014,-2.7754,-0.9574,-1.552,-0.06052,0.01229,0.05048,0.000896560843102634,0.0010002665221691132,0.0012017011176794767,0.00041550752939656377,0.0005005536368116736,0.0006072662072256207,0.011570200324058533,0.0092311417683959,0.00862911343574524,passive,0
13.781,rehab,safe_near_limit_fast,73.31009642749794,-666.6370461408023,264.14281366328265,-177.65221365829441,0.29228993877357373,-149.85264155285643,32.1672,0.0442,-50.507,24.0555,0.1616,-15.7882,83.82405196086015,29.8704188885075,85.71081104845103,-27.331008911132812,-89.09537421332465,-36.41791449652778,2.7208362239422184,3.428251058748453,3.462223015209236,-6.60951402452257,-0.0,2.6462639702690973,-2.6876,-1.0434,-1.3322,-0.04117,0.01069,0.05239,0.000896560843102634,0.0010002665221691132,0.0012017011176794767,0.00041550752939656377,0.0005005536368116736,0.0006072662072256207,0.011570200324058533,0.0092311417683959,0.00862911343574524,passive,0
13.8008,rehab,safe_near_limit_fast,73.81805786989727,-666.6345049918207,263.34587822019085,-177.65207209059687,0.29220293164184485,-149.8523408048582,31.8341,-0.0098,-49.8212,16.4024,-0.4148,-9.9961,83.86858194181235,29.922882684386604,85.76576308448716,-27.439821031358505,-89.09625583224826,-36.37489318847656,2.8296661376953125,3.2650061881188117,3.43141234747254,-6.931194729275173,-0.06785074869791667,2.781973944769965,-2.7137,-0.8763,-1.2803,-0.04087,0.02081,0.05234,0.000896560843102634,0.0010002665221691132,0.0012017011176794767,0.00041550752939656377,0.0005005536368116736,0.0006072662072256207,0.011570200324058533,0.0092311417683959,0.00862911343574524,passive,0
13.8212,rehab,safe_near_limit_fast,74.5933642804156,-666.627439155191,262.1599379278138,-177.6510283624723,0.2914311710823725,-149.8515978289091,31.8186,-0.0181,-49.7523,4.1593,-1.1899,5.6833,83.93651905626353,30.001126279925355,85.84773224179108,-27.603200276692707,-89.09762912326389,-36.30950927734375,2.8296661376953125,3.1017545190187965,3.322113339263614,-6.66624281141493,-0.0,2.8498246934678817,-2.6623,-0.9908,-2.0248,-0.04341,0.01496,0.05435,0.000896560843102634,0.0010002665221691132,0.0012017011176794767,0.00041550752939656377,0.0005005536368116736,0.0006072662072256207,0.011570200324058533,0.0092311417683959,0.00862911343574524,passive,0
13.8411,rehab,safe_near_limit_fast,75.24357260774765,-666.6245618115604,261.17466388872924,-177.65002482120394,0.2906692094049056,-149.8509585378721,32.1756,0.0006,-50.1498,-1.5084,-1.4215,13.4322,83.99352423035272,30.06694227161974,85.91462239180461,-27.738732231987846,-89.09880744086371,-36.25464545355903,2.7752511808187657,3.482672814095374,3.3382665048731437,-6.515986124674479,-0.06785074869791667,2.6462639702690973,-2.6109,-0.8563,-1.9476,-0.02897,0.00452,0.05446,0.000896560843102634,0.0010002665221691132,0.0012017011176794767,0.00041550752939656377,0.0005005536368116736,0.0006072662072256207,0.011570200324058533,0.0092311417683959,0.00862911343574524,passive,0
13.8611,rehab,safe_near_limit_fast,75.7592645622381,-666.6280762373752,260.37069237812335,-177.65008888792698,0.29072722826654507,-149.85104033631828,32.4669,-0.001,-50.1933,3.8925,-0.8709,8.7072,84.03878844610536,30.121513593314898,85.96738532038019,-27.84723917643229,-89.0997314453125,-36.21050516764323,2.938502849918781,3.5915027278484684,3.3235886073348544,-6.664208306206597,-0.06785074869791667,2.8498246934678817,-2.6479,-1.0083,-1.2915,-0.04023,0.01295,0.05336,0.000896560843102634,0.0010002665221691132,0.0012017011176794767,0.00041550752939656377,0.0005005536368116736,0.0006072662072256207,0.011570200324058533,0.0092311417683959,0.00862911343574524,passive,0
13.8808,rehab,safe_near_limit_fast,76.52659575096528,-666.6377912114973,259.14913865771695,-177.6511848876296,0.2915378282562294,-149.85282815703977,32.6885,-0.0461,-50.0492,14.094,-0.0878,2.3081,84.10618848139697,30.205270748327273,86.04576488532642,-28.00993177625868,-89.10115559895833,-36.143129136827255,2.7208362239422184,3.5370877709719215,3.230463160146581,-6.830274793836805,-0.0,2.8498246934678817,-2.6177,-0.8181,-0.7987,-0.03925,0.01032,0.05499,0.000896560843102634,0.0010002665221691132,0.0012017011176794767,0.00041550752939656377,0.0005005536368116736,0.0006072662072256207,0.011570200324058533,0.0092311417683959,0.00862911343574524,passive,0
13.9008,rehab,safe_near_limit_fast,77.03975251995726,-666.6383347338243,258.33657138858297,-177.65236541421442,0.2923971323298349,-149.85436129061807,32.6344,-0.089,-49.5175,23.2868,0.2883,-1.3556,84.15120795221613,30.260623894115486,86.09835105367226,-28.117701212565102,-89.1021219889323,-36.097776624891495,2.884087893042234,3.5370877709719215,3.151097816996055,-6.877492268880208,-0.06785074869791667,2.9176754421657987,-2.6254,-0.9874,-1.2468,-0.0269,0.00234,0.05188,0.000896560843102634,0.0010002665221691132,0.0012017011176794767,0.00041550752939656377,0.0005005536368116736,0.0006072662072256207,0.011570200324058533,0.0092311417683959,0.00862911343574524,passive,0
13.9209,rehab,safe_near_limit_fast,77.8376359640521,-666.6349372058712,257.14741024065677,-177.65173889211167,0.29188964116570754,-149.85442770641984,32.806,-0.089,-49.2208,28.6568,0.3168,-3.1365,84.22115741389813,30.34192680132271,86.17599638381807,-28.279393513997395,-89.10362243652344,-36.029552883572045,3.047339562142249,3.428251058748453,3.2153637574450804,-6.821551852756076,-0.0,2.985526190863715,-2.6079,-1.0476,-2.1915,-0.045,0.01442,0.04921,0.000896560843102634,0.0010002665221691132,0.0012017011176794767,0.00041550752939656377,0.0005005536368116736,0.0006072662072256207,0.011570200324058533,0.0092311417683959,0.00862911343574524,passive,0
13.9411,rehab,safe_near_limit_fast,78.38068044191809,-666.6324648803793,256.36590567609585,-177.65033243280132,0.2908885952732565,-149.85427172117852,33.5985,-0.0383,-49.5937,29.7498,0.424,-3.1138,84.26875350498916,30.39575708974706,86.22686253915919,-28.38712904188368,-89.10460578070746,-35.9833017985026,3.047339562142249,3.373836101871906,3.1812830254583075,-6.93100823296441,-0.06785074869791667,2.8498246934678817,-2.4976,-1.0202,-1.9001,-0.03036,0.02646,0.04991,0.000896560843102634,0.0010002665221691132,0.0012017011176794767,0.00041550752939656377,0.0005005536368116736,0.0006072662072256207,0.011570200324058533,0.0092311417683959,0.00862911343574524,passive,0
13.9612,rehab,safe_near_limit_fast,79.21583347026932,-666.6336251769301,255.16896130609217,-177.65025778271092,0.29082063258636126,-149.85319874964824,34.7812,0.0205,-50.1065,32.6212,0.7014,-7.2829,84.341986627862,30.47950064781869,86.30170689951075,-28.54781256781684,-89.10614861382378,-35.91292487250434,2.992917806795328,3.64592448319539,3.097077171401222,-6.69997321234809,-0.06785074869791667,2.8498246934678817,-2.4777,-0.962,-1.6759,-0.03089,0.01701,0.04788,0.000896560843102634,0.0010002665221691132,0.0012017011176794767,0.00041550752939656377,0.0005005536368116736,0.0006072662072256207,0.011570200324058533,0.0092311417683959,0.00862911343574524,passive,0
13.9812,rehab,safe_near_limit_fast,79.76985227314772,-666.6384886602885,254.3643183474115,-177.6504892697365,0.2909988178511823,-149.85311701494473,35.62,0.0288,-50.3281,35.5261,0.7559,-11.4305,84.3906024895092,30.5364990234375,86.35075106479154,-28.654903835720486,-89.10717434353299,-35.865580240885414,3.1561694758953434,3.7003394400719367,3.057231336536974,-6.699422200520833,-0.0,2.985526190863715,-2.6606,-0.9758,-1.7333,-0.04774,0.01906,0.05665,0.000896560843102634,0.0010002665221691132,0.0012017011176794767,0.00041550752939656377,0.0005005536368116736,0.0006072662072256207,0.011570200324058533,0.0092311417683959,0.00862911343574524,passive,0
14.001,rehab,safe_near_limit_fast,80.61161962904109,-666.6380692045346,253.15293572586418,-177.65130747848306,0.29157901670487596,-149.8531523551017,36.3486,-0.0001,-50.7097,30.8558,0.3584,-5.3841,84.4643998854231,30.621948997573096,86.42505154751315,-28.815689086914062,-89.10875956217448,-35.79353332519531,3.047339562142249,3.5915027278484684,3.1192197894105815,-6.498625013563368,-0.06785074869791667,3.121236165364583,-2.4626,-0.9008,-1.4984,-0.02201,0.01319,0.05555,0.000896560843102634,0.0010002665221691132,0.0012017011176794767,0.00041550752939656377,0.0005005536368116736,0.0006072662072256207,0.011570200324058533,0.0092311417683959,0.00862911343574524,passive,0
14.0208,rehab,safe_near_limit_fast,81.17832613558203,-666.638345117777,252.3617324395999,-177.65059171619066,0.2911069574471395,-149.85394507789695,36.2711,-0.0193,-50.1585,24.8568,-0.1548,1.2573,84.51408310691909,30.67821993686185,86.47343626116762,-28.922593858506943,-89.10981920030382,-35.744238959418404,3.319421144995359,3.482672814095374,3.084805932375464,-6.623289320203993,-0.06785074869791667,3.121236165364583,-2.5813,-0.8936,-1.5215,-0.03024,0.0143,0.0505,0.000896560843102634,0.0010002665221691132,0.0012017011176794767,0.00041550752939656377,0.0005005536368116736,0.0006072662072256207,0.011570200324058533,0.0092311417683959,0.00862911343574524,passive,0
14.0412,rehab,safe_near_limit_fast,82.05570182037272,-666.6339869500691,251.1798597925397,-177.64920312954962,0.29013147181521987,-149.85392618198176,36.5717,-0.012,-49.9914,20.3469,-0.4097,5.5301,84.59095341144221,30.762534566444927,86.54550684560644,-29.082794189453125,-89.11148071289062,-35.66915724012587,3.2105844327718907,3.809169353825031,2.9521541784305385,-6.840235392252604,-0.06785074869791667,3.0533854166666665,-2.6207,-0.7617,-0.8223,-0.05154,0.0201,0.04562,0.000896560843102634,0.0010002665221691132,0.0012017011176794767,0.00041550752939656377,0.0005005536368116736,0.0006072662072256207,0.011570200324058533,0.0092311417683959,0.00862911343574524,passive,0
14.0611,rehab,safe_near_limit_fast,82.81260684903589,-666.6340132751125,250.17278968951467,-177.64978695771634,0.29057161051221986,-149.8521606615967,37.5989,0.0032,-50.6332,18.8422,-0.2063,8.3581,84.65727928841468,30.83555013826578,86.60417084646697,-29.21552022298177,-89.11287943522136,-35.606070624457466,3.319421144995359,3.754754396948484,2.9655471650680694,-6.614066229926215,-0.06785074869791667,3.121236165364583,-2.6725,-0.894,-1.4607,-0.06048,0.02097,0.04541,0.000896560843102634,0.0010002665221691132,0.0012017011176794767,0.00041550752939656377,0.0005005536368116736,0.0006072662072256207,0.011570200324058533,0.0092311417683959,0.00862911343574524,passive,0
14.0808,rehab,safe_near_limit_fast,83.42593850561705,-666.6341768050601,249.3512305588596,-177.65146194611765,0.2918010702093957,-149.85142085422743,37.6271,-0.005,-49.7916,21.9385,0.167,7.1308,84.71102119672416,30.895458259204826,86.65093072570197,-29.321568806966145,-89.11402384440105,-35.55425008138021,3.2650061881188117,3.754754396948484,2.9464570602568068,-6.78177727593316,-0.06785074869791667,3.392647637261285,-2.5229,-0.8348,-1.5278,-0.03849,0.01925,0.04903,0.000896560843102634,0.0010002665221691132,0.0012017011176794767,0.00041550752939656377,0.0005005536368116736,0.0006072662072256207,0.011570200324058533,0.0092311417683959,0.00862911343574524,passive,0
14.1012,rehab,safe_near_limit_fast,84.33462045175403,-666.6386933595722,248.13301200007785,-177.6528059140793,0.2927575974497289,-149.85215795703834,38.0006,-0.0067,-49.4335,24.6699,0.2945,7.642,84.79069247104154,30.985116486502164,86.71947970248685,-29.480336507161457,-89.11581251356337,-35.47560797797309,3.482672814095374,3.754754396948484,2.8420869430693068,-6.551734076605903,-0.0,3.324796888563368,-2.6507,-0.8659,-1.7612,-0.04563,0.02564,0.05288,0.000896560843102634,0.0010002665221691132,0.0012017011176794767,0.00041550752939656377,0.0005005536368116736,0.0006072662072256207,0.011570200324058533,0.0092311417683959,0.00862911343574524,passive,0
14.1211,rehab,safe_near_limit_fast,84.94028194265495,-666.6390589245643,247.33658672522023,-177.6528487072314,0.29270033477317836,-149.8536802352609,39.2012,-0.0015,-50.2663,33.7425,0.2097,2.3251,84.84378852466546,31.04379408430345,86.76464873965423,-29.585681491427952,-89.11710951063368,-35.422159830729164,3.319421144995359,3.64592448319539,2.8481783725247523,-6.505669487847222,-0.06785074869791667,3.4604983859592013,-2.5082,-0.8286,-1.3038,-0.03609,0.00908,0.05265,0.000896560843102634,0.0010002665221691132,0.0012017011176794767,0.00041550752939656377,0.0005005536368116736,0.0006072662072256207,0.011570200324058533,0.0092311417683959,0.00862911343574524,passive,0
14.1408,rehab,safe_near_limit_fast,85.87661481116064,-666.6376228004619,246.15752882448558,-177.6510153635563,0.2913881748571043,-149.8556435388558,39.1935,0.0032,-49.4498,48.3241,0.1593,-10.5364,84.92583246514349,31.131270002610613,86.83142331567142,-29.744491577148438,-89.11902533637152,-35.339906480577255,3.5915027278484684,3.64592448319539,2.8338607939163056,-6.75079345703125,-0.06785074869791667,3.392647637261285,-2.353,-0.7212,-0.888,-0.02656,0.00991,0.04195,0.000896560843102634,0.0010002665221691132,0.0012017011176794767,0.00041550752939656377,0.0005005536368116736,0.0006072662072256207,0.011570200324058533,0.0092311417683959,0.00862911343574524,passive,0
14.1612,rehab,safe_near_limit_fast,86.52077131067576,-666.6360511296417,245.3660725349827,-177.65038282939358,0.2909493777410728,-149.85564126949265,40.3445,0.0169,-49.9059,60.239,0.2551,-20.198,84.98225297078048,31.190505074982596,86.87512388323793,-29.849743313259548,-89.12030537923177,-35.28465270996094,3.64592448319539,3.7003394400719367,2.641967169129022,-6.708060370551215,-0.0,3.392647637261285,-2.5072,-0.8139,-1.2366,-0.03725,0.01465,0.05444,0.000896560843102634,0.0010002665221691132,0.0012017011176794767,0.00041550752939656377,0.0005005536368116736,0.0006072662072256207,0.011570200324058533,0.0092311417683959,0.00862911343574524,passive,0
14.1808,rehab,safe_near_limit_fast,87.51877283545514,-666.6347845159023,244.16268981296292,-177.65076600840058,0.29122400298383394,-149.85406906408795,41.3082,0.0179,-49.8836,60.6107,0.3096,-14.8946,85.06965410591351,31.281570585647433,86.93929464510171,-30.00685797797309,-89.12227206759982,-35.20056830512153,3.64592448319539,3.8635911091719524,2.6264734551458075,-6.545825534396701,-0.13570149739583334,3.4604983859592013,-2.5714,-0.695,-1.4512,-0.03577,0.02047,0.04865,0.000896560843102634,0.0010002665221691132,0.0012017011176794767,0.00041550752939656377,0.0005005536368116736,0.0006072662072256207,0.011570200324058533,0.0092311417683959,0.00862911343574524,passive,0
14.2009,rehab,safe_near_limit_fast,88.19017755088828,-666.6325995988373,243.34749339462775,-177.6518537310508,0.29198265627605857,-149.85329839534919,42.5882,0.0169,-50.0651,55.0643,0.2552,-0.8442,85.1284404792408,31.3434094721728,86.98215900081219,-30.11182149251302,-89.12361145019531,-35.14372083875868,3.5370877709719215,3.918006066048499,2.5992251858852877,-6.478932698567708,-0.13570149739583334,3.664059109157986,-2.3191,-0.6105,-1.6186,-0.0013,0.00949,0.05893,0.000896560843102634,0.0010002665221691132,0.0012017011176794767,0.00041550752939656377,0.0005005536368116736,0.0006072662072256207,0.011570200324058533,0.0092311417683959,0.00862911343574524,passive,0
14.2211,rehab,safe_near_limit_fast,89.20038310675021,-666.6360157568437,242.15503971732312,-177.6512889284367,0.29163711732788405,-149.85379779672468,45.4732,0.024,-52.0198,57.1458,0.2293,5.8537,85.21693616810411,31.43534518704556,87.043406420415,-30.268096923828125,-89.12564595540364,-35.05645751953125,3.918006066048499,3.64592448319539,2.4263264873240256,-6.5480804443359375,-0.13570149739583334,3.8676198323567705,-2.4205,-0.8347,-2.2045,-0.03804,0.00598,0.0523,0.000896560843102634,0.0010002665221691132,0.0012017011176794767,0.00041550752939656377,0.0005005536368116736,0.0006072662072256207,0.011570200324058533,0.0092311417683959,0.00862911343574524,passive,0
14.2408,rehab,safe_near_limit_fast,89.89181735923636,-666.6365174998258,241.37340007502627,-177.65046734133585,0.29104380042994005,-149.85393690949826,45.9984,0.0299,-51.353,49.059,0.2035,20.6595,85.27749014372873,31.496116713722152,87.08295312258277,-30.371085272894966,-89.12709554036458,-34.99690585666232,3.918006066048499,3.809169353825031,2.454390573029471,-6.516147189670138,-0.13570149739583334,3.8676198323567705,-2.4385,-0.7102,-1.3173,-0.04068,0.01093,0.0508,0.000896560843102634,0.0010002665221691132,0.0012017011176794767,0.00041550752939656377,0.0005005536368116736,0.0006072662072256207,0.011570200324058533,0.0092311417683959,0.00862911343574524,passive,0
14.2608,rehab,safe_near_limit_fast,90.96910403675105,-666.6365180702442,240.19314926179857,-177.6504799096225,0.29104460941142096,-149.85352635451514,45.5,0.0351,-49.1897,32.8068,0.1513,44.5407,85.37180532323252,31.58888864045096,87.14041379418704,-30.523868136935764,-89.12935045030382,-34.904700385199654,3.9724210229250465,3.8635911091719524,2.31965168867961,-6.255577935112847,-0.13570149739583334,3.8676198323567705,-2.4524,-0.7162,-1.8384,-0.04289,0.02204,0.04963,0.000896560843102634,0.0010002665221691132,0.0012017011176794767,0.00041550752939656377,0.0005005536368116736,0.0006072662072256207,0.011570200324058533,0.0092311417683959,0.00862911343574524,passive,0
14.2812,rehab,safe_near_limit_fast,91.89751062394728,-666.6346506438819,239.21280824418102,-177.65159073967385,0.2917925672295975,-149.85253190850972,45.9224,0.0333,-47.8544,21.1069,-0.075,66.9896,85.45305384267675,31.66678551400062,87.18624908145111,-30.64844767252604,-89.13131713867188,-34.82583787706163,4.026835979801594,3.809169353825031,2.306163523456838,-6.136805216471354,-0.13570149739583334,4.071180555555555,-2.4412,-0.7985,-1.7678,-0.04476,0.01058,0.0513,0.000896560843102634,0.0010002665221691132,0.0012017011176794767,0.00041550752939656377,0.0005005536368116736,0.0006072662072256207,0.011570200324058533,0.0092311417683959,0.00862911343574524,passive,0
14.3012,rehab,safe_near_limit_fast,93.01255299810198,-666.6298173102736,238.06848533758034,-177.65273198762932,0.2925552636545192,-149.85307601629077,47.27,0.0349,-47.4132,8.2303,-0.4427,89.5924,85.55061189254911,31.758381305354657,87.23874686968209,-30.793838500976562,-89.13375006781683,-34.72935994466146,3.918006066048499,3.7003394400719367,2.100672957920792,-5.869810316297743,-0.13570149739583334,3.9354705810546875,-2.4058,-0.8584,-1.5104,-0.05876,0.01572,0.04482,0.000896560843102634,0.0010002665221691132,0.0012017011176794767,0.00041550752939656377,0.0005005536368116736,0.0006072662072256207,0.011570200324058533,0.0092311417683959,0.00862911343574524,passive,0
14.3208,rehab,safe_near_limit_fast,93.76589136813394,-666.6296251651275,237.3373541745255,-177.65190809908376,0.2919805773190045,-149.85391249293806,47.5453,0.0311,-45.8963,9.6386,-0.6613,89.5155,85.6165366597695,31.818071875241724,87.27105320090115,-30.88865492078993,-89.13542005750868,-34.66365390353732,4.081257735148514,3.918006066048499,1.8835706049853032,-5.982632107204861,-0.20355224609375,4.206882052951388,-2.2953,-0.6669,-1.5222,-0.03927,0.02518,0.04645,0.000896560843102634,0.0010002665221691132,0.0012017011176794767,0.00041550752939656377,0.0005005536368116736,0.0006072662072256207,0.011570200324058533,0.0092311417683959,0.00862911343574524,passive,0
14.3408,rehab,safe_near_limit_fast,94.52809299899998,-666.6320677150975,236.6259366442091,-177.65084195211523,0.2912494742069556,-149.85473462253188,46.7474,0.0164,-43.1133,16.1945,-0.6125,76.3753,85.68324325108291,31.877150582795096,87.30092567972618,-30.980733235677082,-89.13712395562065,-34.59715101453993,4.135672692025062,3.809169353825031,1.7831503990853186,-5.7472483317057295,-0.13570149739583334,4.139031304253472,-2.4731,-0.6465,-1.9458,-0.03079,0.02476,0.05838,0.000896560843102634,0.0010002665221691132,0.0012017011176794767,0.00041550752939656377,0.0005005536368116736,0.0006072662072256207,0.011570200324058533,0.0092311417683959,0.00862911343574524,passive,0
14.3611,rehab,safe_near_limit_fast,95.70265451050716,-666.6318132134804,235.55917252565317,-177.6517692936211,0.2919043040935218,-149.85397032212646,47.6175,-0.01,-41.5001,9.9707,-0.416,77.8979,85.7859749369102,31.966441692692218,87.34334813486231,-31.114078097873264,-89.13970947265625,-34.496680365668404,3.918006066048499,3.64592448319539,1.6750275262511602,-5.379647148980035,-0.13570149739583334,4.139031304253472,-2.2106,-0.8063,-1.8021,-0.03392,0.01392,0.04882,0.000896560843102634,0.0010002665221691132,0.0012017011176794767,0.00041550752939656377,0.0005005536368116736,0.0006072662072256207,0.011570200324058533,0.0092311417683959,0.00862911343574524,passive,0
14.381,rehab,safe_near_limit_fast,96.48742913462031,-666.6345952869275,234.86927679648292,-177.65244810346664,0.29240144057674905,-149.85371417575223,47.5688,-0.0417,-39.8301,3.0222,-0.4579,84.6983,85.85461909228032,32.02524166296024,87.36895117429223,-31.199493408203125,-89.14144727918837,-34.42925347222222,4.135672692025062,3.5370877709719215,1.563661783048422,-5.30336168077257,-0.06785074869791667,4.342592027452257,-2.2655,-0.5615,-1.0542,-0.04453,0.00678,0.04613,0.000896560843102634,0.0010002665221691132,0.0012017011176794767,0.00041550752939656377,0.0005005536368116736,0.0006072662072256207,0.011570200324058533,0.0092311417683959,0.00862911343574524,passive,0
14.4008,rehab,safe_near_limit_fast,97.67345201998447,-666.6324190158412,233.89468837945932,-177.65264775112024,0.2925334345554544,-149.85273402761732,47.6879,-0.0349,-38.5979,2.7887,-0.7239,84.9618,85.95830256396,32.109223167494974,87.40395649824993,-31.321021185980904,-89.14413452148438,-34.327918158637154,4.244502605778156,3.482672814095374,1.3488165222772277,-4.908489651150173,-0.13570149739583334,4.274732801649305,-2.1349,-0.5981,-0.9765,-0.03321,0.02195,0.04236,0.000896560843102634,0.0010002665221691132,0.0012017011176794767,0.00041550752939656377,0.0005005536368116736,0.0006072662072256207,0.011570200324058533,0.0092311417683959,0.00862911343574524,passive,0
14.421,rehab,safe_near_limit_fast,98.46091473615199,-666.6323576273174,233.29081469963708,-177.65121155019048,0.2914929081279667,-149.85229958963347,48.2818,-0.0221,-37.8488,3.3363,-0.856,84.3999,86.02715067344137,32.16242799664488,87.42440629713606,-31.39829847547743,-89.14599948459201,-34.26037258572048,4.244502605778156,3.2105844327718907,1.241992157284576,-4.690127902560763,-0.06785074869791667,4.274732801649305,-2.1156,-0.5841,-1.5546,-0.02703,0.00953,0.04562,0.000896560843102634,0.0010002665221691132,0.0012017011176794767,0.00041550752939656377,0.0005005536368116736,0.0006072662072256207,0.011570200324058533,0.0092311417683959,0.00862911343574524,passive,0
14.4411,rehab,safe_near_limit_fast,99.63309245043412,-666.6320157291166,232.42529473847273,-177.65007136564253,0.2906920644679169,-149.85193993284273,47.4636,-0.0124,-35.2732,-7.4087,-0.5101,95.2656,86.12960362198329,32.23982858185721,87.45132823981861,-31.506771511501736,-89.14876302083333,-34.15950351291232,4.135672692025062,3.373836101871906,0.9874166356454981,-4.297799004448785,-0.06785074869791667,4.206882052951388,-2.0199,-0.4633,-1.0761,-0.03976,0.01003,0.041,0.000896560843102634,0.0010002665221691132,0.0012017011176794767,0.00041550752939656377,0.0005005536368116736,0.0006072662072256207,0.011570200324058533,0.0092311417683959,0.00862911343574524,passive,0
14.4611,rehab,safe_near_limit_fast,100.39973009058032,-666.6363448350928,231.8666399106621,-177.65064613274242,0.2911325402302144,-149.8523211124202,47.5682,-0.0419,-33.1612,-14.6209,0.3637,109.0426,86.19661614446356,32.290823908135444,87.46629167311262,-31.57382541232639,-89.15055168999565,-34.09287346733941,4.190087648901609,3.2650061881188117,0.8786071173035273,-4.006195068359375,-0.13570149739583334,4.342592027452257,-2.1525,-0.5694,-1.933,-0.05494,0.00951,0.04497,0.000896560843102634,0.0010002665221691132,0.0012017011176794767,0.00041550752939656377,0.0005005536368116736,0.0006072662072256207,0.011570200324058533,0.0092311417683959,0.00862911343574524,passive,0
14.4809,rehab,safe_near_limit_fast,101.15035883597089,-666.6347985630944,231.3249841955299,-177.65281804236312,0.29260463240482854,-149.85387354659673,47.4188,-0.0914,-30.7902,-17.874,1.1818,122.7377,86.26219418969485,32.34001084129409,87.48051407313582,-31.63642035590278,-89.15238274468315,-34.0264638264974,4.135672692025062,3.1017545190187965,0.8247292395865563,-3.7708791097005205,-0.20355224609375,4.139031304253472,-2.0018,-0.4213,-1.6787,-0.04355,0.01301,0.04349,0.000896560843102634,0.0010002665221691132,0.0012017011176794767,0.00041550752939656377,0.0005005536368116736,0.0006072662072256207,0.011570200324058533,0.0092311417683959,0.00862911343574524,passive,0
14.5007,rehab,safe_near_limit_fast,102.43437969029024,-666.6360134916017,230.4694435119226,-177.65550135485574,0.2943474524774229,-149.85631752590692,46.7098,-0.0795,-28.1495,-36.0475,1.6249,139.0368,86.3743757493425,32.420171605478416,87.49911468808014,-31.73506842719184,-89.15561252170139,-33.91298082139757,4.081257735148514,2.7208362239422184,0.4504462515953744,-3.2937367757161455,-0.13570149739583334,4.0033213297526045,-2.0194,-0.4378,-1.1253,-0.03596,0.01796,0.04355,0.000896560843102634,0.0010002665221691132,0.0012017011176794767,0.00041550752939656377,0.0005005536368116736,0.0006072662072256207,0.011570200324058533,0.0092311417683959,0.00862911343574524,passive,0
14.5207,rehab,safe_near_limit_fast,103.16867682581452,-666.6372971325187,230.06365673535973,-177.65413106661077,0.29342473418255366,-149.85616762335894,45.7469,-0.0102,-25.3391,-52.5564,1.8359,148.3703,86.43850572038404,32.46049333326887,87.50524010988745,-31.784888373480904,-89.15742662217882,-33.849572075737846,4.135672692025062,2.448754641089109,0.28525701843866025,-2.975175645616319,-0.06785074869791667,3.799769083658854,-1.8906,-0.4474,-1.0991,-0.03484,0.01682,0.04321,0.000896560843102634,0.0010002665221691132,0.0012017011176794767,0.00041550752939656377,0.0005005536368116736,0.0006072662072256207,0.011570200324058533,0.0092311417683959,0.00862911343574524,passive,0
14.5408,rehab,safe_near_limit_fast,104.25928429569431,-666.636564857771,229.53882534604242,-177.65110592570394,0.2914128768083556,-149.85398231539017,44.6748,0.099,-22.4423,-63.2414,1.9065,156.1232,86.53370470103651,32.515037461082535,87.5096591156308,-31.849984063042534,-89.16009691026476,-33.75730726453993,4.026835979801594,2.176666259765625,-0.028798320505878713,-2.430631849500868,-0.06785074869791667,3.799769083658854,-1.8847,-0.5252,-1.2091,-0.04096,0.0134,0.03834,0.000896560843102634,0.0010002665221691132,0.0012017011176794767,0.00041550752939656377,0.0005005536368116736,0.0006072662072256207,0.011570200324058533,0.0092311417683959,0.00862911343574524,passive,0
14.5612,rehab,safe_near_limit_fast,104.960696686387,-666.6442017016784,229.23269654009837,-177.64923088827788,0.2901898556398872,-149.8532086725738,44.2612,0.1592,-19.57,-80.2489,1.4198,171.8851,86.59495891910969,32.549118193069305,87.50838780167079,-31.88665601942274,-89.16185167100694,-33.69725545247396,3.7003394400719367,1.9589996337890625,-0.05097493086711015,-2.1494293212890625,-0.13570149739583334,3.596208360460069,-1.7279,-0.5095,-0.9966,-0.04425,0.0194,0.03547,0.000896560843102634,0.0010002665221691132,0.0012017011176794767,0.00041550752939656377,0.0005005536368116736,0.0006072662072256207,0.011570200324058533,0.0092311417683959,0.00862911343574524,passive,0
14.5809,rehab,safe_near_limit_fast,105.97008165298682,-666.6336072723648,228.79898919585972,-177.65206722339386,0.29197058272998994,-149.8521921520318,41.4151,0.135,-15.3202,-93.7754,0.0097,185.2634,86.68298551351717,32.59578289371906,87.50688533971805,-31.930804782443577,-89.16451348198784,-33.61078898111979,3.5915027278484684,1.8501697200359684,-0.14293783962136447,-1.5948062472873263,-0.13570149739583334,3.4604983859592013,-1.7178,-0.396,-0.8597,-0.04136,0.02311,0.0371,0.000896560843102634,0.0010002665221691132,0.0012017011176794767,0.00041550752939656377,0.0005005536368116736,0.0006072662072256207,0.011570200324058533,0.0092311417683959,0.00862911343574524,passive,0
14.6011,rehab,safe_near_limit_fast,106.61298698460972,-666.6273289732342,228.55791595913107,-177.6545509107409,0.29360435975306653,-149.85161413087152,38.5028,0.0912,-11.5086,-101.9369,-1.6328,193.6356,86.73903210328356,32.623371086498295,87.50280625749342,-31.952828301323784,-89.16619194878471,-33.55560302734375,3.5370877709719215,1.6325030940594059,-0.37547951877707303,-1.1838531494140625,-0.06785074869791667,3.392647637261285,-1.6848,-0.4549,-1.3996,-0.04331,0.03013,0.03321,0.000896560843102634,0.0010002665221691132,0.0012017011176794767,0.00041550752939656377,0.0005005536368116736,0.0006072662072256207,0.011570200324058533,0.0092311417683959,0.00862911343574524,passive,0
14.6213,rehab,safe_near_limit_fast,107.54646923207777,-666.6204294624707,228.29108349398263,-177.65782376192217,0.29573904678433005,-149.85029547326704,37.6903,0.0554,-7.8617,-113.7369,-2.7518,201.6691,86.82039619672416,32.6582404410485,87.49067098787515,-31.973800659179688,-89.16867574055989,-33.475850423177086,3.319421144995359,1.251584798982828,-0.6890045770324102,-0.6106652153862847,-0.06785074869791667,3.1890869140625,-1.5475,-0.38,-1.1634,-0.0329,0.0241,0.03379,0.000896560843102634,0.0010002665221691132,0.0012017011176794767,0.00041550752939656377,0.0005005536368116736,0.0006072662072256207,0.011570200324058533,0.0092311417683959,0.00862911343574524,passive,0
14.6408,rehab,safe_near_limit_fast,108.12805490259012,-666.620467399642,228.20025655508874,-177.65784981081322,0.29572650052601457,-149.84981774978408,35.3558,0.0097,-3.823,-122.8202,-2.8026,198.5626,86.8710991887763,32.67535219098082,87.47812781003442,-31.979700724283852,-89.1702863905165,-33.42572530110677,3.047339562142249,0.9250814607827971,-0.8730459685372834,-0.17637464735243055,-0.06785074869791667,3.121236165364583,-1.3936,-0.3291,-0.9549,-0.02425,0.01599,0.03172,0.000896560843102634,0.0010002665221691132,0.0012017011176794767,0.00041550752939656377,0.0005005536368116736,0.0006072662072256207,0.011570200324058533,0.0092311417683959,0.00862911343574524,passive,0
14.661,rehab,safe_near_limit_fast,108.93708663726854,-666.6310540824363,228.18275890345754,-177.6543380393365,0.29343000008747866,-149.85003139797846,32.3086,-0.084,0.4399,-120.2687,-1.7486,185.7575,86.941660512792,32.692933035368966,87.45302105894183,-31.978268093532986,-89.17257520887587,-33.35497538248698,2.884087893042234,0.544163165706219,-1.1743337801187346,0.3216213650173611,-0.06785074869791667,2.9176754421657987,-1.3772,-0.2301,-0.9107,-0.02101,0.02326,0.0341,0.000896560843102634,0.0010002665221691132,0.0012017011176794767,0.00041550752939656377,0.0005005536368116736,0.0006072662072256207,0.011570200324058533,0.0092311417683959,0.00862911343574524,passive,0
14.6811,rehab,safe_near_limit_fast,109.4217071961228,-666.6362610852633,228.22647340026302,-177.65297614832326,0.29254331033482806,-149.8518551854576,30.1368,-0.1275,4.2163,-122.9685,-0.6162,176.6276,86.98391300616878,32.69981988585821,87.43398534189356,-31.96892632378472,-89.17404174804688,-33.31082661946615,2.557584554842203,0.2720815828531095,-1.2486546582514697,0.8514489067925347,-0.13570149739583334,2.5784132215711804,-1.5044,-0.2136,-0.9621,-0.03982,0.02229,0.03263,0.000896560843102634,0.0010002665221691132,0.0012017011176794767,0.00041550752939656377,0.0005005536368116736,0.0006072662072256207,0.011570200324058533,0.0092311417683959,0.00862911343574524,passive,0
14.7009,rehab,safe_near_limit_fast,110.09741896719855,-666.634261258526,228.39723602763772,-177.65106603988076,0.2912745175279605,-149.8528718396429,27.6039,-0.1074,7.5274,-139.5359,0.0979,168.588,87.04275376725904,32.7010708044071,87.40169940608563,-31.941791110568577,-89.17612711588542,-33.25071546766493,2.2855029719890934,-0.0,-1.4271213040493502,1.4206271701388888,-0.06785074869791667,2.374852498372396,-1.2503,-0.1854,-0.8243,-0.02626,0.02007,0.03001,0.000896560843102634,0.0010002665221691132,0.0012017011176794767,0.00041550752939656377,0.0005005536368116736,0.0006072662072256207,0.011570200324058533,0.0092311417683959,0.00862911343574524,passive,0
14.7208,rehab,safe_near_limit_fast,110.61661284110102,-666.633096221105,228.575489598124,-177.65250614049253,0.2922047850343767,-149.8524638146172,24.4544,-0.0885,10.3625,-147.1346,0.5291,155.1164,87.08793640136719,32.69922841893565,87.37173854714572,-31.909476386176216,-89.17773776584201,-33.20563422309028,2.0134145906656093,-0.16324487062964108,-1.5597118717609066,1.8006388346354165,-0.13570149739583334,2.171291775173611,-1.3537,-0.0841,-1.031,-0.03624,0.02273,0.03064,0.000896560843102634,0.0010002665221691132,0.0012017011176794767,0.00041550752939656377,0.0005005536368116736,0.0006072662072256207,0.011570200324058533,0.0092311417683959,0.00862911343574524,passive,0
14.7412,rehab,safe_near_limit_fast,110.9977788413614,-666.6363798072668,228.75947128503353,-177.65369545076214,0.2929925483913887,-149.8515977807835,21.7236,-0.0296,13.451,-156.6201,0.7965,151.5648,87.1211061383238,32.69487059942566,87.3451021402189,-31.877924601236977,-89.17892456054688,-33.1730228000217,1.9589996337890625,-0.3809114966062036,-1.7286402636235303,2.127388848198785,-0.13570149739583334,2.0355902777777777,-1.1708,-0.1514,-1.103,-0.02621,0.01927,0.0224,0.000896560843102634,0.0010002665221691132,0.0012017011176794767,0.00041550752939656377,0.0005005536368116736,0.0006072662072256207,0.011570200324058533,0.0092311417683959,0.00862911343574524,passive,0
14.7607,rehab,safe_near_limit_fast,111.49269675539107,-666.6335338510713,229.09044307327986,-177.65749581038833,0.2954865120106417,-149.85020278359966,18.8212,0.0026,16.4876,-174.6374,0.7036,156.9715,87.16411326191214,32.682483786403544,87.304209340917,-31.82122124565972,-89.1805182562934,-33.13084920247396,1.5780813387124846,-0.7074148348062346,-1.7586283164449257,2.5518629286024304,-0.13570149739583334,1.5606180826822915,-1.0566,-0.2095,-1.1633,-0.03153,0.01698,0.02936,0.000896560843102634,0.0010002665221691132,0.0012017011176794767,0.00041550752939656377,0.0005005536368116736,0.0006072662072256207,0.011570200324058533,0.0092311417683959,0.00862911343574524,passive,0
14.7809,rehab,safe_near_limit_fast,111.77119294968834,-666.6336144138157,229.37196574123885,-177.6587305435197,0.29625583877369543,-149.8491836867889,14.8034,-0.021,19.3024,-186.6596,0.5276,155.8224,87.18830901797455,32.669342343169866,87.27479235960705,-31.777835422092014,-89.18150160047743,-33.10723198784722,1.305999755859375,-0.9250814607827971,-1.8976638340713954,2.83644782172309,-0.06785074869791667,1.4249081081814237,-1.0134,-0.1783,-0.7089,-0.01806,0.00806,0.02511,0.000896560843102634,0.0010002665221691132,0.0012017011176794767,0.00041550752939656377,0.0005005536368116736,0.0006072662072256207,0.011570200324058533,0.0092311417683959,0.00862911343574524,passive,0
14.8011,rehab,safe_near_limit_fast,112.08272020115248,-666.6396317497099,229.88028272780468,-177.65868053614972,0.29621842587711156,-149.84917391325325,10.9541,-0.0442,22.5152,-196.804,0.7494,150.6865,87.21536693006459,32.64244079589844,87.2281276589573,-31.705067952473957,-89.18273078070746,-33.079427083333336,0.9250814607827971,-1.360414712735922,-2.0226537119043937,3.344107733832465,-0.06785074869791667,0.9499359130859375,-0.9456,-0.0963,-0.5021,-0.02193,0.01709,0.02503,0.000896560843102634,0.0010002665221691132,0.0012017011176794767,0.00041550752939656377,0.0005005536368116736,0.0006072662072256207,0.011570200324058533,0.0092311417683959,0.00862911343574524,passive,0
14.8208,rehab,safe_near_limit_fast,112.2323570741539,-666.6411018721566,230.2837815312976,-177.65708431734814,0.2951858745540238,-149.84920996860632,7.2295,-0.0453,25.5269,-201.2161,0.9597,137.0859,87.22833161306853,32.61870733582147,87.19588251397161,-31.651348537868923,-89.18340894911024,-33.065855238172745,0.7074148348062346,-1.6325030940594059,-1.9842695481706374,3.42696295844184,-0.13570149739583334,0.678524441189236,-0.9623,-0.0206,-0.7149,-0.01687,0.00629,0.02134,0.000896560843102634,0.0010002665221691132,0.0012017011176794767,0.00041550752939656377,0.0005005536368116736,0.0006072662072256207,0.011570200324058533,0.0092311417683959,0.00862911343574524,passive,0
14.8412,rehab,safe_near_limit_fast,112.36851190080662,-666.6351978071683,230.94703914792194,-177.65496534626138,0.2937908513133698,-149.84892144055314,2.279,-0.0172,29.3404,-202.0173,1.2323,119.3519,87.24004537752359,32.576685990437426,87.14783092536548,-31.564136081271702,-89.18421427408855,-33.05349561903212,0.2720815828531095,-1.9045846769125154,-1.9570688682027382,3.9391920301649304,-0.13570149739583334,0.339262220594618,-0.9909,0.0274,-0.7369,-0.01837,0.01804,0.0275,0.000896560843102634,0.0010002665221691132,0.0012017011176794767,0.00041550752939656377,0.0005005536368116736,0.0006072662072256207,0.011570200324058533,0.0092311417683959,0.00862911343574524,passive,0
14.8608,rehab,safe_near_limit_fast,112.35151247064404,-666.6366193048135,231.42500953016602,-177.6534302218653,0.29285310889337846,-149.8525214830745,-1.4133,0.0434,31.2055,-195.0751,1.7021,101.4772,87.23849532627823,32.54486235061494,87.11583732378365,-31.502185397677952,-89.18452792697482,-33.05077446831597,-0.16324487062964108,-1.9589996337890625,-1.9938621898688893,3.8938479953342013,-0.0,-0.0,-0.8517,0.0563,-0.7149,-0.01173,0.00983,0.02424,0.000896560843102634,0.0010002665221691132,0.0012017011176794767,0.00041550752939656377,0.0005005536368116736,0.0006072662072256207,0.011570200324058533,0.0092311417683959,0.00862911343574524,passive,0
14.8809,rehab,safe_near_limit_fast,112.26868496181494,-666.6376798105472,232.1765941888104,-177.6519916461423,0.2920331880694127,-149.85780610068457,-5.0499,0.1146,32.183,-185.1443,1.7406,82.9207,87.23115977674428,32.49377184575147,87.0668883370881,-31.403766208224827,-89.18483310275607,-33.0517578125,-0.544163165706219,-2.2310880151125465,-2.039588701606977,4.120415581597222,0.06785074869791667,-0.20355224609375,-0.7407,0.1261,-0.4825,-0.0115,0.01371,0.02061,0.000896560843102634,0.0010002665221691132,0.0012017011176794767,0.00041550752939656377,0.0005005536368116736,0.0006072662072256207,0.011570200324058533,0.0092311417683959,0.00862911343574524,passive,0
14.9009,rehab,safe_near_limit_fast,112.15044770876152,-666.6386542052159,232.69092866254167,-177.65243489462307,0.292308338737595,-149.86100062775395,-8.5409,0.1331,33.4279,-179.9477,1.0418,67.7452,87.22078531095298,32.45782153441174,87.03443923799118,-31.334669325086804,-89.1849348280165,-33.05819193522135,-0.7618297916827815,-2.2855029719890934,-1.9769543940478032,4.346126980251736,-0.0,-0.8142344156901041,-0.8422,0.0672,-0.4267,-0.03005,0.00615,0.01822,0.000896560843102634,0.0010002665221691132,0.0012017011176794767,0.00041550752939656377,0.0005005536368116736,0.0006072662072256207,0.011570200324058533,0.0092311417683959,0.00862911343574524,passive,0
14.921,rehab,safe_near_limit_fast,111.86684158573084,-666.6330282000574,233.62372809217416,-177.6545349528776,0.2933313421061716,-149.85693958487167,-12.0984,0.1162,34.8225,-172.425,-0.1384,52.8992,87.19590290938274,32.39067304252398,86.97833146199142,-31.20835198296441,-89.18487548828125,-33.08577643500434,-1.0339181730062654,-2.557584554842203,-1.9769272001663056,4.669426812065972,-0.0,-1.2213473849826388,-0.8956,0.1117,-0.2278,-0.03846,0.00936,0.01626,0.000896560843102634,0.0010002665221691132,0.0012017011176794767,0.00041550752939656377,0.0005005536368116736,0.0006072662072256207,0.011570200324058533,0.0092311417683959,0.00862911343574524,passive,0
14.9408,rehab,safe_near_limit_fast,111.65363803449411,-666.6255810571452,234.1847175150354,-177.6557912006227,0.2938596602171069,-149.85365903400861,-15.2682,0.1198,35.8772,-165.0265,-1.2044,47.3108,87.17721391432356,32.34908000077351,86.94668458239867,-31.133202446831596,-89.18475680881076,-33.106935289171005,-1.251584798982828,-2.7208362239422184,-1.9881174824025372,4.69100104437934,-0.0,-1.4249081081814237,-0.7739,0.0567,-0.7539,-0.01027,-0.00647,0.02308,0.000896560843102634,0.0010002665221691132,0.0012017011176794767,0.00041550752939656377,0.0005005536368116736,0.0006072662072256207,0.011570200324058533,0.0092311417683959,0.00862911343574524,passive,0
14.9612,rehab,safe_near_limit_fast,111.38363320221474,-666.6244628796125,234.77396562244013,-177.65578297808787,0.29350702537109846,-149.8515693431778,-18.7249,0.1016,37.1269,-164.1303,-1.7005,50.1052,87.15361642365409,32.30525706074025,86.91428307259437,-31.056510077582466,-89.18457878960503,-33.13179016113281,-1.6325030940594059,-2.8296661376953125,-2.072248553285504,4.8091379801432295,0.06785074869791667,-1.696319580078125,-0.7153,0.1215,0.1446,-0.01704,0.0163,0.01539,0.000896560843102634,0.0010002665221691132,0.0012017011176794767,0.00041550752939656377,0.0005005536368116736,0.0006072662072256207,0.011570200324058533,0.0092311417683959,0.00862911343574524,passive,0
14.9809,rehab,safe_near_limit_fast,110.88701992114001,-666.6249377892935,235.70931706297927,-177.65371171140276,0.29168776064580804,-149.84925618400842,-22.3146,0.0392,38.4383,-165.7567,-1.4625,49.8725,87.11024218266553,32.23464814743193,86.86556523389156,-30.938720703125,-89.18405320909288,-33.176184760199654,-1.9045846769125154,-3.1017545190187965,-1.991095212426516,5.029364691840278,-0.06785074869791667,-1.9677310519748263,-0.6603,0.1169,-0.0173,-0.00567,0.00016,0.01856,0.000896560843102634,0.0010002665221691132,0.0012017011176794767,0.00041550752939656377,0.0005005536368116736,0.0006072662072256207,0.011570200324058533,0.0092311417683959,0.00862911343574524,passive,0
15.0008,rehab,safe_near_limit_fast,110.49210822707457,-666.6252059147575,236.35204955541886,-177.65222215316604,0.29050021553678046,-149.84917671436085,-25.366,-0.0173,38.6766,-161.5838,-0.9015,45.8769,87.0757535424563,32.18520967086943,86.83367360936533,-30.858383178710938,-89.18349372016058,-33.2098642985026,-2.3399179288656407,-3.047339562142249,-1.9667090991936107,5.122875637478298,0.06785074869791667,-2.2391425238715277,-0.7195,-0.062,-0.6268,-0.03094,0.01026,0.01881,0.000896560843102634,0.0010002665221691132,0.0012017011176794767,0.00041550752939656377,0.0005005536368116736,0.0006072662072256207,0.011570200324058533,0.0092311417683959,0.00862911343574524,passive,0
15.0208,rehab,safe_near_limit_fast,109.8279143044029,-666.6249190392643,237.32077136033456,-177.65088613568,0.28954324431371675,-149.84969740641378,-28.2662,-0.0395,39.3156,-155.7456,-0.5212,41.0267,87.01772179934058,32.10958348642482,86.78703610259707,-30.736253526475693,-89.18227301703558,-33.2660166422526,-2.61199951171875,-3.2650061881188117,-1.9904085669187035,5.1047515869140625,-0.0,-2.510553995768229,-0.7943,-0.0213,-0.4842,-0.013,0.0161,0.02442,0.000896560843102634,0.0010002665221691132,0.0012017011176794767,0.00041550752939656377,0.0005005536368116736,0.0006072662072256207,0.011570200324058533,0.0092311417683959,0.00862911343574524,passive,0
15.0407,rehab,safe_near_limit_fast,109.34722677290225,-666.6272716172517,237.95793007927315,-177.65104424151994,0.2898027099963664,-149.84962971122616,-31.1099,-0.0108,40.4167,-143.0456,-0.1518,31.3421,86.9757072524269,32.059546744469365,86.75632741191599,-30.654127332899304,-89.18116251627605,-33.307181464301216,-2.7208362239422184,-3.047339562142249,-1.9472654739228805,5.2113087972005205,0.13570149739583334,-2.6462639702690973,-0.7344,0.0433,-0.5733,-0.01249,0.01734,0.02635,0.000896560843102634,0.0010002665221691132,0.0012017011176794767,0.00041550752939656377,0.0005005536368116736,0.0006072662072256207,0.011570200324058533,0.0092311417683959,0.00862911343574524,passive,0
15.061,rehab,safe_near_limit_fast,108.56208234123163,-666.6298721718282,238.9041338925206,-177.65303896736071,0.2914468641555395,-149.8494078966059,-34.6338,0.0228,41.3063,-125.9305,0.2299,17.7375,86.90706989552714,31.98416530495823,86.71170905084894,-30.529742770724827,-89.17922973632812,-33.37465074327257,-2.992917806795328,-3.1017545190187965,-1.847715472230817,5.032552083333333,0.06785074869791667,-2.985526190863715,-0.8175,0.0915,0.1548,-0.00983,0.00936,0.01899,0.000896560843102634,0.0010002665221691132,0.0012017011176794767,0.00041550752939656377,0.0005005536368116736,0.0006072662072256207,0.011570200324058533,0.0092311417683959,0.00862911343574524,passive,0
15.0811,rehab,safe_near_limit_fast,108.00992752077181,-666.6274739173568,239.5394063037177,-177.6546188163226,0.29274525806942353,-149.84842341078996,-37.0854,0.0296,41.7628,-114.5476,0.1546,7.0927,86.85877356198755,31.932782465868655,86.68294472269493,-30.44626024034288,-89.1778055826823,-33.42299567328559,-2.992917806795328,-3.319421144995359,-1.7867875807356126,5.13427734375,0.13570149739583334,-3.0533854166666665,-0.754,-0.0244,0.0535,-0.01864,0.00613,0.01654,0.000896560843102634,0.0010002665221691132,0.0012017011176794767,0.00041550752939656377,0.0005005536368116736,0.0006072662072256207,0.011570200324058533,0.0092311417683959,0.00862911343574524,passive,0
15.1009,rehab,safe_near_limit_fast,107.12488346249076,-666.6229473672381,240.51855326422412,-177.65476630616638,0.29311138658899044,-149.84762961337154,-39.0089,0.011,41.5865,-103.4984,-0.4537,-6.0595,86.78138657371596,31.8529208343808,86.64080780331452,-30.321867201063366,-89.1756354437934,-33.49977281358507,-3.2650061881188117,-3.428251058748453,-1.7539645657681002,5.107303195529513,0.06785074869791667,-3.2569376627604165,-0.7728,-0.0616,-0.2361,-0.01333,-0.00463,0.01882,0.000896560843102634,0.0010002665221691132,0.0012017011176794767,0.00041550752939656377,0.0005005536368116736,0.0006072662072256207,0.011570200324058533,0.0092311417683959,0.00862911343574524,passive,0
15.1209,rehab,safe_near_limit_fast,106.50332990361609,-666.6233999925597,241.18787609465045,-177.65311702290222,0.29214588289821225,-149.84692229542628,-40.7152,-0.0106,41.0288,-88.5105,-1.0964,-25.4591,86.72706679542466,31.79848548209313,86.61253296502746,-30.239605373806423,-89.1741434733073,-33.55386522081163,-3.5915027278484684,-3.482672814095374,-1.6898209977858136,5.109956529405382,0.13570149739583334,-3.4604983859592013,-1.0049,-0.0355,-0.174,-0.0293,0.00644,0.01876,0.000896560843102634,0.0010002665221691132,0.0012017011176794767,0.00041550752939656377,0.0005005536368116736,0.0006072662072256207,0.011570200324058533,0.0092311417683959,0.00862911343574524,passive,0
15.1408,rehab,safe_near_limit_fast,105.34116923542469,-666.6232611598093,242.34895682203606,-177.6506835272209,0.2907432548430588,-149.84784052214064,-41.8721,-0.027,40.0332,-70.8294,-1.1119,-42.9573,86.62551124497216,31.70280381004409,86.5653923714515,-30.096910264756943,-89.171388414171,-33.65287780761719,-3.754754396948484,-3.319421144995359,-1.6522458520266088,5.086466471354167,0.13570149739583334,-3.596208360460069,-0.7742,-0.1098,-0.7469,-0.00069,-0.0081,0.02625,0.000896560843102634,0.0010002665221691132,0.0012017011176794767,0.00041550752939656377,0.0005005536368116736,0.0006072662072256207,0.011570200324058533,0.0092311417683959,0.00862911343574524,passive,0
15.1612,rehab,safe_near_limit_fast,104.63387057579058,-666.6271470099847,242.9863749171034,-177.6506495057207,0.2908106493028915,-149.84938467016454,-43.5688,-0.0598,39.3683,-60.5412,-0.4858,-51.626,86.56373354468015,31.649802935005415,86.53968735496596,-30.016589694552952,-89.16974385579427,-33.71220058865017,-3.9724210229250465,-3.2105844327718907,-1.5516828782487624,4.98138427734375,0.13570149739583334,-3.596208360460069,-1.0125,0.0124,-0.3584,-0.00799,0.0121,0.02635,0.000896560843102634,0.0010002665221691132,0.0012017011176794767,0.00041550752939656377,0.0005005536368116736,0.0006072662072256207,0.011570200324058533,0.0092311417683959,0.00862911343574524,passive,0
15.181,rehab,safe_near_limit_fast,103.91427060207694,-666.6283976012573,243.5987230700878,-177.65192071369296,0.291675754605581,-149.8498584173078,-45.1178,-0.0878,38.6036,-58.5856,0.3549,-51.0004,86.50086808912825,31.598134560160116,86.51565476219253,-29.937684800889755,-89.16808234320746,-33.773701985677086,-4.081257735148514,-3.319421144995359,-1.5219735627127167,4.8682403564453125,0.13570149739583334,-3.9354705810546875,-1.085,0.0494,-0.0979,-0.01757,0.00953,0.01987,0.000896560843102634,0.0010002665221691132,0.0012017011176794767,0.00041550752939656377,0.0005005536368116736,0.0006072662072256207,0.011570200324058533,0.0092311417683959,0.00862911343574524,passive,0
15.2011,rehab,safe_near_limit_fast,102.81264453453929,-666.6327981604699,244.4999347170583,-177.65335073876005,0.2927346162358249,-149.85070185170946,-46.16,-0.0849,37.3336,-56.7517,1.0789,-47.3069,86.40462894250851,31.521896513381808,86.4807650122312,-29.82222663031684,-89.16546291775174,-33.867789374457466,-4.190087648901609,-3.2105844327718907,-1.3282103585724783,4.653574625651042,0.13570149739583334,-4.071180555555555,-1.1474,-0.1148,0.0631,-0.03006,0.01829,0.0226,0.000896560843102634,0.0010002665221691132,0.0012017011176794767,0.00041550752939656377,0.0005005536368116736,0.0006072662072256207,0.011570200324058533,0.0092311417683959,0.00862911343574524,passive,0
15.2208,rehab,safe_near_limit_fast,102.06055759159545,-666.6298427684058,245.0997103134511,-177.6533448966451,0.29281190288212827,-149.85074755430807,-46.7295,-0.0272,35.8669,-52.9562,1.3415,-44.6926,86.33888773398824,31.470234937006882,86.45952659078164,-29.747526380750866,-89.16363186306424,-33.93263075086806,-4.081257735148514,-3.1561694758953434,-1.4035985965539912,4.672893948025173,0.13570149739583334,-4.0033213297526045,-1.0965,0.0085,0.0269,0.0092,0.00769,0.03048,0.000896560843102634,0.0010002665221691132,0.0012017011176794767,0.00041550752939656377,0.0005005536368116736,0.0006072662072256207,0.011570200324058533,0.0092311417683959,0.00862911343574524,passive,0
15.2408,rehab,safe_near_limit_fast,100.89797351928227,-666.6310284366831,245.99728938579932,-177.65104312549167,0.291261627617258,-149.85193374700967,-47.5901,0.0371,35.0155,-42.5966,1.3067,-45.7937,86.23731858659498,31.393038305905787,86.42857995363745,-29.639460245768227,-89.16091918945312,-34.03177049424913,-4.298924361125077,-3.1561694758953434,-1.2109095507329053,4.382290310329861,0.06785074869791667,-4.274732801649305,-1.1462,-0.1323,-0.6354,-0.00772,0.00886,0.03217,0.000896560843102634,0.0010002665221691132,0.0012017011176794767,0.00041550752939656377,0.0005005536368116736,0.0006072662072256207,0.011570200324058533,0.0092311417683959,0.00862911343574524,passive,0
15.2608,rehab,safe_near_limit_fast,100.11442626398086,-666.6296491087609,246.57257187877184,-177.64972970673767,0.2903812309974258,-149.85235240002223,-48.862,0.0647,34.9744,-32.2859,1.0196,-46.3778,86.16884439298423,31.34284519913173,86.40984336928565,-29.57027859157986,-89.15905422634549,-34.09902784559462,-4.298924361125077,-3.047339562142249,-1.1574599766495204,4.268281724717882,0.06785074869791667,-4.342592027452257,-1.3077,-0.2978,-0.712,-0.02423,0.01333,0.0278,0.000896560843102634,0.0010002665221691132,0.0012017011176794767,0.00041550752939656377,0.0005005536368116736,0.0006072662072256207,0.011570200324058533,0.0092311417683959,0.00862911343574524,passive,0
15.2809,rehab,safe_near_limit_fast,98.9518526086954,-666.6314878207912,247.37931214434388,-177.649883644127,0.29052426792775726,-149.850423808588,-49.7211,0.0746,34.1189,-26.3891,0.318,-41.6573,86.06724125323909,31.272277076645654,86.38286703884012,-29.46973164876302,-89.15617201063368,-34.20140584309896,-4.298924361125077,-2.8296661376953125,-1.0366987473893874,4.2040761311848955,0.13570149739583334,-4.342592027452257,-1.408,-0.2848,-0.6011,-0.02208,0.00142,0.02913,0.000896560843102634,0.0010002665221691132,0.0012017011176794767,0.00041550752939656377,0.0005005536368116736,0.0006072662072256207,0.011570200324058533,0.0092311417683959,0.00862911343574524,passive,0
15.3008,rehab,safe_near_limit_fast,98.1748188921605,-666.6270827456522,247.88248570987,-177.65193311056564,0.2919989857878102,-149.849215900454,-50.1375,0.0466,33.1553,-18.873,-0.5208,-36.2184,85.99928374337678,31.227060450185643,86.36712857992342,-29.404381646050346,-89.15418836805556,-34.2698245578342,-4.353339318001624,-2.8296661376953125,-0.9007565337832611,4.107767740885417,0.13570149739583334,-4.206882052951388,-1.3781,-0.349,-0.5044,-0.00673,0.0066,0.03099,0.000896560843102634,0.0010002665221691132,0.0012017011176794767,0.00041550752939656377,0.0005005536368116736,0.0006072662072256207,0.011570200324058533,0.0092311417683959,0.00862911343574524,passive,0
15.3208,rehab,safe_near_limit_fast,96.98614423689985,-666.6218131913276,248.6485562315599,-177.65299795385798,0.29267456179147366,-149.84794328654067,-49.9737,0.0127,31.9644,-9.0022,-0.9681,-31.8164,85.89535552676361,31.158402697874767,86.3438098265393,-29.30829366048177,-89.15131462944878,-34.37392340766059,-4.353339318001624,-2.884087893042234,-1.036746336682008,3.9571380615234375,0.06785074869791667,-4.274732801649305,-1.4697,-0.3404,-0.1026,-0.01674,0.01461,0.03218,0.000896560843102634,0.0010002665221691132,0.0012017011176794767,0.00041550752939656377,0.0005005536368116736,0.0006072662072256207,0.011570200324058533,0.0092311417683959,0.00862911343574524,passive,0
15.3409,rehab,safe_near_limit_fast,96.17150820066166,-666.6261067876385,249.17848324533242,-177.65112672677984,0.29142466734953676,-149.8494076565664,-49.871,0.0069,31.1038,0.0838,-0.8041,-26.5267,85.82418234041421,31.11196234674737,86.32708558941832,-29.245486789279514,-89.1493648952908,-34.442901611328125,-4.516590987101639,-2.8296661376953125,-1.052477997128326,3.9429643419053817,0.06785074869791667,-4.274732801649305,-1.4002,-0.3659,-0.6763,-0.01563,-0.00265,0.02946,0.000896560843102634,0.0010002665221691132,0.0012017011176794767,0.00041550752939656377,0.0005005536368116736,0.0006072662072256207,0.011570200324058533,0.0092311417683959,0.00862911343574524,passive,0
15.361,rehab,safe_near_limit_fast,94.96385841038052,-666.6261852089739,249.9443376287668,-177.6501358841914,0.2906970822396293,-149.8499106548571,-50.1514,-0.0115,31.0235,9.7124,-0.4001,-18.8512,85.7186224909112,31.0440728215888,86.30340651710435,-29.15228949652778,-89.14649115668402,-34.54688178168403,-4.4077542748781715,-2.6664212670656715,-0.9529415923770111,3.8178253173828125,0.13570149739583334,-4.206882052951388,-1.649,-0.3831,-0.4942,-0.02141,-0.0068,0.0329,0.000896560843102634,0.0010002665221691132,0.0012017011176794767,0.00041550752939656377,0.0005005536368116736,0.0006072662072256207,0.011570200324058533,0.0092311417683959,0.00862911343574524,passive,0
15.3809,rehab,safe_near_limit_fast,93.95799632327171,-666.6277256577396,250.55019953948553,-177.65151506971813,0.29172105272414206,-149.85052701828758,-49.9873,-0.0254,30.9795,13.5242,-0.0807,-8.826,85.63068427661858,30.99018134693108,86.28392210101137,-29.074817233615452,-89.14400736490886,-34.63331434461806,-4.4077542748781715,-2.61199951171875,-1.0041340742961016,3.8816155327690973,0.13570149739583334,-4.546152750651042,-1.5855,-0.4592,-0.6002,-0.01536,0.00198,0.03395,0.000896560843102634,0.0010002665221691132,0.0012017011176794767,0.00041550752939656377,0.0005005536368116736,0.0006072662072256207,0.011570200324058533,0.0092311417683959,0.00862911343574524,passive,0
15.4011,rehab,safe_near_limit_fast,93.1619315659917,-666.6299331287435,251.02899046513,-177.65308389511216,0.29281885314229655,-149.8500863921381,-49.6585,-0.0149,30.9725,2.9629,-0.12,4.6274,85.56108833539604,30.947928853554302,86.26772814457959,-29.01254442003038,-89.14205763075087,-34.70264010959201,-4.135672692025062,-2.6664212670656715,-1.0145833232615253,3.8790130615234375,0.06785074869791667,-4.410442776150173,-1.7029,-0.6172,-1.1199,-0.00248,0.00363,0.03602,0.000896560843102634,0.0010002665221691132,0.0012017011176794767,0.00041550752939656377,0.0005005536368116736,0.0006072662072256207,0.011570200324058533,0.0092311417683959,0.00862911343574524,passive,0
15.4211,rehab,safe_near_limit_fast,91.97155299624045,-666.6276957523444,251.75890898685327,-177.6548109401421,0.29406273034387426,-149.84954956655838,-49.8008,0.0029,31.217,-9.3335,-0.6576,13.7385,85.45696976161238,30.88347255593479,86.24341681452081,-28.918787638346352,-89.13913302951389,-34.806221856011284,-4.353339318001624,-2.6664212670656715,-1.0043720207592048,3.9121585422092013,0.06785074869791667,-4.342592027452257,-1.8518,-0.6771,-0.5399,-0.02497,0.00946,0.03176,0.000896560843102634,0.0010002665221691132,0.0012017011176794767,0.00041550752939656377,0.0005005536368116736,0.0006072662072256207,0.011570200324058533,0.0092311417683959,0.00862911343574524,passive,0
15.441,rehab,safe_near_limit_fast,91.17458386136666,-666.626275279336,252.27282220317832,-177.65383331773762,0.29332704820786,-149.84958947491694,-49.4396,0.002,31.1479,-14.0367,-1.1084,13.6382,85.38727184333423,30.838786210163985,86.22617589365137,-28.856175740559895,-89.13726806640625,-34.87515767415365,-4.353339318001624,-2.8296661376953125,-1.1385058412457456,4.007212320963542,0.13570149739583334,-4.681854248046875,-1.8289,-0.4784,-0.5685,-0.02228,-0.001,0.03598,0.000896560843102634,0.0010002665221691132,0.0012017011176794767,0.00041550752939656377,0.0005005536368116736,0.0006072662072256207,0.011570200324058533,0.0092311417683959,0.00862911343574524,passive,0
15.4612,rehab,safe_near_limit_fast,89.96641380243169,-666.6281644035402,253.06033024338993,-177.65102768038562,0.2913348853836142,-149.85018273891473,-49.1458,-0.0307,31.0733,-18.513,-1.22,13.07,85.28163041218673,30.77121621311301,86.19881884886486,-28.761808607313366,-89.13441975911458,-34.97911241319444,-4.462176030225093,-2.7752511808187657,-1.1158397410175587,3.911251491970486,0.06785074869791667,-4.546152750651042,-1.8388,-0.5249,-0.1205,-0.01602,0.00757,0.02998,0.000896560843102634,0.0010002665221691132,0.0012017011176794767,0.00041550752939656377,0.0005005536368116736,0.0006072662072256207,0.011570200324058533,0.0092311417683959,0.00862911343574524,passive,0
15.481,rehab,safe_near_limit_fast,89.16460934832192,-666.6246101519389,253.57405971479318,-177.65037839026903,0.2909054150451927,-149.85032837258746,-50.7928,-0.078,32.0433,-19.0672,-1.1042,13.0614,85.2114701979231,30.726672635220066,86.18118361671372,-28.69848463270399,-89.13247850206163,-35.04839579264323,-4.353339318001624,-2.8296661376953125,-1.1426189158222462,3.9335208468967013,0.06785074869791667,-4.410442776150173,-1.8999,-0.6108,-0.6897,-0.01304,0.02105,0.03713,0.000896560843102634,0.0010002665221691132,0.0012017011176794767,0.00041550752939656377,0.0005005536368116736,0.0006072662072256207,0.011570200324058533,0.0092311417683959,0.00862911343574524,passive,0
15.5009,rehab,safe_near_limit_fast,87.95662227489815,-666.6294976497751,254.33504901797878,-177.6499366233904,0.290640469343975,-149.85101944780686,-52.1361,-0.132,32.7429,-12.0918,-0.536,10.6368,85.10583556524598,30.661978391137453,86.15263004114132,-28.602862887912327,-89.12957085503471,-35.15224032931857,-4.244502605778156,-2.557584554842203,-1.226314884601253,4.054065280490451,0.13570149739583334,-4.410442776150173,-1.8913,-0.602,-0.2847,-0.00835,0.00317,0.04011,0.000896560843102634,0.0010002665221691132,0.0012017011176794767,0.00041550752939656377,0.0005005536368116736,0.0006072662072256207,0.011570200324058533,0.0092311417683959,0.00862911343574524,passive,0
15.5209,rehab,safe_near_limit_fast,87.14863213744808,-666.634635814579,254.82983100074318,-177.65064086241514,0.2911351242937259,-149.85152967306817,-51.4001,-0.1469,32.2309,-4.8395,0.3342,8.7464,85.03519265958579,30.620113410572014,86.13326119904471,-28.538835313585068,-89.12765502929688,-35.221642388237846,-4.244502605778156,-2.557584554842203,-1.173647134610922,3.965157402886285,0.13570149739583334,-4.206882052951388,-2.1971,-0.591,-0.5879,-0.02971,0.01419,0.0437,0.000896560843102634,0.0010002665221691132,0.0012017011176794767,0.00041550752939656377,0.0005005536368116736,0.0006072662072256207,0.011570200324058533,0.0092311417683959,0.00862911343574524,passive,0
15.5411,rehab,safe_near_limit_fast,85.93459185199153,-666.6350027484043,255.5737697757041,-177.6522623339417,0.2922072872195732,-149.85210355737877,-51.11,-0.0974,32.2368,5.0569,1.2093,5.1634,84.92899375386757,30.556670085038288,86.10472122041305,-28.441992865668404,-89.12483215332031,-35.32616509331597,-4.462176030225093,-2.6664212670656715,-1.2350645159730818,4.210917154947917,0.06785074869791667,-4.206882052951388,-2.1691,-0.8213,-0.6456,-0.02681,0.00288,0.04009,0.000896560843102634,0.0010002665221691132,0.0012017011176794767,0.00041550752939656377,0.0005005536368116736,0.0006072662072256207,0.011570200324058533,0.0092311417683959,0.00862911343574524,passive,0
15.5609,rehab,safe_near_limit_fast,85.1245024207388,-666.6410319421639,256.07986261060387,-177.65236717490518,0.29227840523615156,-149.85255745630863,-50.8185,-0.0505,32.4732,24.5895,1.8153,-5.1167,84.85816728950726,30.514580754950494,86.08396549036007,-28.3770751953125,-89.1229248046875,-35.39579603407118,-4.462176030225093,-2.61199951171875,-1.3036950744024598,3.999599880642361,0.13570149739583334,-4.47829352484809,-2.1289,-0.8549,-0.9613,-0.01785,0.00743,0.04114,0.000896560843102634,0.0010002665221691132,0.0012017011176794767,0.00041550752939656377,0.0005005536368116736,0.0006072662072256207,0.011570200324058533,0.0092311417683959,0.00862911343574524,passive,0
15.5809,rehab,safe_near_limit_fast,83.70748307836973,-666.6404964043098,256.9851592619033,-177.65246950222917,0.2923480177705794,-149.85418336972842,-49.9864,0.0039,32.3291,37.1211,1.8578,-11.8045,84.73418358528968,30.43883219803914,86.04767525550163,-28.261523776584202,-89.11961873372395,-35.51683213975694,-4.4077542748781715,-2.7752511808187657,-1.3186857015779703,4.13787841796875,0.13570149739583334,-4.274732801649305,-2.0663,-0.7838,-1.5239,-0.00859,0.00201,0.04471,0.000896560843102634,0.0010002665221691132,0.0012017011176794767,0.00041550752939656377,0.0005005536368116736,0.0006072662072256207,0.011570200324058533,0.0092311417683959,0.00862911343574524,passive,0
15.601,rehab,safe_near_limit_fast,82.92227252071244,-666.6393026462293,257.52309541667086,-177.65103191059922,0.29142346928713536,-149.85318332515362,-49.736,0.0497,32.3494,25.1052,1.3089,-3.6528,84.6654442513343,30.394676132957535,86.02536947420327,-28.19483439127604,-89.11766052246094,-35.58580186631944,-4.244502605778156,-2.61199951171875,-1.3557441635887222,4.193505181206597,0.20355224609375,-4.410442776150173,-2.3684,-0.8833,-0.9505,-0.03118,0.0059,0.04165,0.000896560843102634,0.0010002665221691132,0.0012017011176794767,0.00041550752939656377,0.0005005536368116736,0.0006072662072256207,0.011570200324058533,0.0092311417683959,0.00862911343574524,passive,0
15.6209,rehab,safe_near_limit_fast,82.13905188888491,-666.633450927857,258.0550483659338,-177.65042295524452,0.2909798145141549,-149.85168582696306,-49.4985,0.0469,32.3471,5.5904,0.506,9.7292,84.5968476852568,30.35060164952042,86.00363476441638,-28.127831353081596,-89.11577860514323,-35.655127631293404,-4.353339318001624,-2.7208362239422184,-1.3572534240118348,4.178220960828993,0.13570149739583334,-4.274732801649305,-2.4568,-0.7299,-1.125,-0.01578,0.01714,0.05291,0.000896560843102634,0.0010002665221691132,0.0012017011176794767,0.00041550752939656377,0.0005005536368116736,0.0006072662072256207,0.011570200324058533,0.0092311417683959,0.00862911343574524,passive,0
15.6409,rehab,safe_near_limit_fast,80.94226537929009,-666.6318632055193,258.84543737865175,-177.65022864579373,0.29081239697422656,-149.85120643421,-48.7958,0.0473,32.0261,-7.591,-0.0324,20.5784,84.49209685372834,30.285900606967434,85.9696900018371,-28.026512993706596,-89.11297268337674,-35.75920104980469,-4.4077542748781715,-2.6664212670656715,-1.470563529741646,4.3626658121744795,0.13570149739583334,-4.410442776150173,-2.2526,-0.7681,-1.0549,-0.01183,0.00125,0.04544,0.000896560843102634,0.0010002665221691132,0.0012017011176794767,0.00041550752939656377,0.0005005536368116736,0.0006072662072256207,0.011570200324058533,0.0092311417683959,0.00862911343574524,passive,0
15.6611,rehab,safe_near_limit_fast,80.1301010973063,-666.6343487114617,259.3591402837739,-177.65150543410172,0.29168859005943726,-149.8520378420425,-48.2936,0.0317,31.9605,-18.2574,-0.3083,31.8865,84.42104603984568,30.24415120039836,85.94646642703822,-27.95803493923611,-89.11112467447917,-35.82864549424913,-4.353339318001624,-2.6664212670656715,-1.4919175251875774,4.3314361572265625,0.13570149739583334,-4.206882052951388,-2.3472,-0.6655,-1.0689,-0.01341,0.01095,0.05464,0.000896560843102634,0.0010002665221691132,0.0012017011176794767,0.00041550752939656377,0.0005005536368116736,0.0006072662072256207,0.011570200324058533,0.0092311417683959,0.00862911343574524,passive,0
15.6809,rehab,safe_near_limit_fast,78.91442099699756,-666.6348637167648,260.13727362104686,-177.65382584724475,0.2933230698590391,-149.85439541693847,-49.6419,0.0072,33.3155,-21.167,-0.4651,38.107,84.31466357542736,30.181115783087098,85.91078805451346,-27.853580050998264,-89.10838656955295,-35.93148973253038,-4.353339318001624,-2.8296661376953125,-1.573064067576191,4.25871107313368,0.13570149739583334,-4.342592027452257,-2.3955,-0.8653,-1.0138,-0.01058,0.00445,0.05307,0.000896560843102634,0.0010002665221691132,0.0012017011176794767,0.00041550752939656377,0.0005005536368116736,0.0006072662072256207,0.011570200324058533,0.0092311417683959,0.00862911343574524,passive,0
15.7007,rehab,safe_near_limit_fast,78.112537390041,-666.6361671722428,260.6686200662524,-177.65462984603096,0.29393564145427903,-149.85453541928047,-51.3252,0.0066,35.0047,-17.8241,-0.384,36.4969,84.24448296575262,30.138747715713954,85.88565410953937,-27.783109876844616,-89.10650465223524,-36.000730726453995,-4.353339318001624,-2.6664212670656715,-1.5422805937209931,4.35212877061632,0.13570149739583334,-4.206882052951388,-2.3755,-0.8894,-0.9792,-0.00638,0.00356,0.0495,0.000896560843102634,0.0010002665221691132,0.0012017011176794767,0.00041550752939656377,0.0005005536368116736,0.0006072662072256207,0.011570200324058533,0.0092311417683959,0.00862911343574524,passive,0
15.721,rehab,safe_near_limit_fast,76.92004311174071,-666.635278178301,261.50843369720445,-177.65291149413002,0.2927979773977932,-149.85437331200367,-51.4937,0.0211,35.8492,-15.0592,-0.2699,31.9783,84.14007885621325,30.07251701732673,85.84612780278272,-27.67648484971788,-89.10365634494357,-36.10407511393229,-4.298924361125077,-2.7752511808187657,-1.6970341748530322,4.5921071370442705,0.13570149739583334,-4.47829352484809,-2.431,-0.938,-0.7602,-0.00677,-0.01445,0.05463,0.000896560843102634,0.0010002665221691132,0.0012017011176794767,0.00041550752939656377,0.0005005536368116736,0.0006072662072256207,0.011570200324058533,0.0092311417683959,0.00862911343574524,passive,0
15.741,rehab,safe_near_limit_fast,76.12667332187299,-666.6332698387297,262.0812879443203,-177.6512807832451,0.29164049258213287,-149.85366945866866,-50.9131,0.0273,35.9732,-3.6959,-0.1161,20.1643,84.07060528745745,30.027640314385444,85.81889992893332,-27.604412502712673,-89.1017829047309,-36.17342631022135,-4.4077542748781715,-2.7752511808187657,-1.7572346300181776,4.641587999131945,0.13570149739583334,-4.410442776150173,-2.564,-0.9414,-0.6409,-0.02101,-0.0081,0.05242,0.000896560843102634,0.0010002665221691132,0.0012017011176794767,0.00041550752939656377,0.0005005536368116736,0.0006072662072256207,0.011570200324058533,0.0092311417683959,0.00862911343574524,passive,0
15.7611,rehab,safe_near_limit_fast,74.94414106935544,-666.6324814519272,262.94750905966777,-177.64881764011795,0.2897894104445531,-149.85208454654017,-50.6464,0.0084,36.1033,17.0272,0.0834,2.4308,83.96707818059637,29.960661784257038,85.77630071356745,-27.494964599609375,-89.09906175401476,-36.27728780110677,-4.298924361125077,-2.6664212670656715,-1.7479275240756498,4.549475775824653,0.20355224609375,-4.410442776150173,-2.4515,-1.0195,-0.8797,-0.02236,-0.00774,0.04969,0.000896560843102634,0.0010002665221691132,0.0012017011176794767,0.00041550752939656377,0.0005005536368116736,0.0006072662072256207,0.011570200324058533,0.0092311417683959,0.00862911343574524,passive,0
15.7808,rehab,safe_near_limit_fast,73.96008953886722,-666.63010659493,263.64653963101364,-177.64960229778805,0.2903434714072973,-149.85067354355482,-49.902,0.0002,35.6044,33.1953,0.0586,-9.8566,83.88090077013072,29.906634340191832,85.74058834869082,-27.40180121527778,-89.09678141276042,-36.363822089301216,-4.244502605778156,-2.61199951171875,-1.848878010664836,4.718780517578125,0.13570149739583334,-4.274732801649305,-2.5446,-1.07,-0.6919,-0.02229,-0.00385,0.05216,0.000896560843102634,0.0010002665221691132,0.0012017011176794767,0.00041550752939656377,0.0005005536368116736,0.0006072662072256207,0.011570200324058533,0.0092311417683959,0.00862911343574524,passive,0
15.8012,rehab,safe_near_limit_fast,72.77383450524817,-666.6311695691627,264.4746289629698,-177.65203117422516,0.29219261622542686,-149.84956223103427,-49.8711,0.0005,35.6339,29.8691,-0.0257,-4.5491,83.7770405382213,29.843401767239712,85.69629631420173,-27.28826734754774,-89.093992445204,-36.46751403808594,-4.244502605778156,-2.61199951171875,-1.8854265873975093,4.734556410047743,0.06785074869791667,-4.206882052951388,-2.6042,-1.1308,-1.2552,-0.01575,-0.00768,0.05186,0.000896560843102634,0.0010002665221691132,0.0012017011176794767,0.00041550752939656377,0.0005005536368116736,0.0006072662072256207,0.011570200324058533,0.0092311417683959,0.00862911343574524,passive,0
15.8207,rehab,safe_near_limit_fast,71.97067901852526,-666.634260834412,265.0382382323696,-177.6532753435139,0.29309238025670054,-149.84967107086644,-49.4367,0.0082,35.6302,12.1489,0.0645,14.1394,83.70675795149094,29.80091132739983,85.66546525105392,-27.21143086751302,-89.09218682183159,-36.53682284884982,-4.4077542748781715,-2.61199951171875,-1.938359477732441,4.889712863498263,0.13570149739583334,-4.274732801649305,-2.7371,-1.0737,-0.4564,-0.02868,-0.00312,0.04716,0.000896560843102634,0.0010002665221691132,0.0012017011176794767,0.00041550752939656377,0.0005005536368116736,0.0006072662072256207,0.011570200324058533,0.0092311417683959,0.00862911343574524,passive,0
15.8412,rehab,safe_near_limit_fast,71.15993642179338,-666.6366684786049,265.6171337738376,-177.65390950185017,0.2934739316293629,-149.8500121210551,-48.4345,0.0262,35.5192,-0.5056,0.1802,31.2359,83.63581591313428,29.757489497118655,85.63376398369817,-27.13357713487413,-89.0904320610894,-36.606547037760414,-4.462176030225093,-2.7752511808187657,-1.9793882464418318,4.783384535047743,0.13570149739583334,-4.274732801649305,-2.6659,-0.9893,-1.0061,-0.01157,0.01065,0.05506,0.000896560843102634,0.0010002665221691132,0.0012017011176794767,0.00041550752939656377,0.0005005536368116736,0.0006072662072256207,0.011570200324058533,0.0092311417683959,0.00862911343574524,passive,0
15.8611,rehab,safe_near_limit_fast,69.94354009589465,-666.6330475067602,266.5157756042486,-177.65408182384127,0.29361827939527596,-149.85146822886836,-48.5355,0.0193,36.4328,-10.0109,0.1024,44.8747,83.5292906808381,29.690028275593672,85.58504614499536,-27.014202541775173,-89.0877193874783,-36.710264417860245,-4.298924361125077,-2.884087893042234,-2.0596645846225248,5.13413323296441,0.13570149739583334,-4.410442776150173,-2.6644,-1.0506,-1.0005,-0.01611,0.00045,0.05033,0.000896560843102634,0.0010002665221691132,0.0012017011176794767,0.00041550752939656377,0.0005005536368116736,0.0006072662072256207,0.011570200324058533,0.0092311417683959,0.00862911343574524,passive,0
15.881,rehab,safe_near_limit_fast,69.13476253735686,-666.6301314169378,267.1399375039364,-177.65287291417138,0.2927665267806595,-149.85220528857073,-48.6341,0.0121,37.4055,-18.0006,-0.045,51.7185,83.45845061953705,29.64370349846264,85.55097221147896,-26.933297051323784,-89.0858883327908,-36.77944607204861,-4.571005943978187,-2.8296661376953125,-2.171071118647509,5.153147379557292,0.13570149739583334,-4.274732801649305,-2.723,-1.1661,-1.0463,-0.01569,0.00351,0.04971,0.000896560843102634,0.0010002665221691132,0.0012017011176794767,0.00041550752939656377,0.0005005536368116736,0.0006072662072256207,0.011570200324058533,0.0092311417683959,0.00862911343574524,passive,0
15.9008,rehab,safe_near_limit_fast,67.93736579250547,-666.6290670841909,268.0851465408817,-177.6512666112739,0.2915570955469178,-149.85215243155707,-50.6288,0.0173,39.7401,-20.4429,-0.2664,47.3301,83.35360460942334,29.574753411925666,85.4973322802251,-26.809743245442707,-89.08322652180989,-36.882943047417534,-4.298924361125077,-2.8296661376953125,-2.3103513812074565,5.25527106391059,0.13570149739583334,-4.274732801649305,-2.692,-1.0998,-1.2541,-0.01749,-0.00101,0.05018,0.000896560843102634,0.0010002665221691132,0.0012017011176794767,0.00041550752939656377,0.0005005536368116736,0.0006072662072256207,0.011570200324058533,0.0092311417683959,0.00862911343574524,passive,0
15.9208,rehab,safe_near_limit_fast,67.1463872667292,-666.6285290450851,268.7112965495782,-177.65151166592563,0.2916566953306843,-149.85121807319578,-50.8259,0.013,40.4471,-19.4092,-0.6404,36.1357,83.28434859171952,29.52955718087678,85.46043018303295,-26.72539605034722,-89.08151414659288,-36.95218404134115,-4.4077542748781715,-2.884087893042234,-2.289167347520885,5.415123833550347,0.06785074869791667,-4.274732801649305,-2.8161,-1.2037,-1.2589,-0.02744,0.00436,0.05271,0.000896560843102634,0.0010002665221691132,0.0012017011176794767,0.00041550752939656377,0.0005005536368116736,0.0006072662072256207,0.011570200324058533,0.0092311417683959,0.00862911343574524,passive,0
15.9412,rehab,safe_near_limit_fast,65.95976020673162,-666.6317095584612,269.6580562244495,-177.65204373408727,0.2921048833341001,-149.85089212737682,-50.4253,-0.009,40.5726,-12.4771,-0.8241,22.3488,83.18047476286935,29.462265921111154,85.40284034049157,-26.596857706705727,-89.07885233561198,-37.05493503146701,-4.4077542748781715,-2.884087893042234,-2.406325387482596,5.411690606011285,0.13570149739583334,-4.342592027452257,-2.803,-1.1556,-0.8995,-0.01954,-0.00099,0.05469,0.000896560843102634,0.0010002665221691132,0.0012017011176794767,0.00041550752939656377,0.0005005536368116736,0.0006072662072256207,0.011570200324058533,0.0092311417683959,0.00862911343574524,passive,0
15.9608,rehab,safe_near_limit_fast,65.1540146218439,-666.6350411893467,270.3017207775812,-177.65199667392312,0.29210791669239783,-149.85136212936018,-50.9074,-0.0168,41.0166,-1.5761,-0.6798,11.1559,83.10996102814627,29.416906526773282,85.36325964597192,-26.50995890299479,-89.07706366644965,-37.1239980061849,-4.462176030225093,-2.8296661376953125,-2.425585454053218,5.430289374457465,0.13570149739583334,-4.342592027452257,-2.8002,-1.1495,-1.4181,-0.0143,0.00748,0.05699,0.000896560843102634,0.0010002665221691132,0.0012017011176794767,0.00041550752939656377,0.0005005536368116736,0.0006072662072256207,0.011570200324058533,0.0092311417683959,0.00862911343574524,passive,0
15.9808,rehab,safe_near_limit_fast,63.93458920436995,-666.6328266659037,271.2918714972743,-177.65062207120312,0.2910857311771893,-149.85317460737255,-50.42,-0.025,40.5949,13.1388,-0.3501,3.7225,83.00318425244625,29.34673271556892,85.30369144855159,-26.378936767578125,-89.07441880967882,-37.22747802734375,-4.462176030225093,-2.938502849918781,-2.435667585618425,5.6113942464192705,0.06785074869791667,-4.206882052951388,-2.767,-1.1575,-0.8887,-0.01259,0.00721,0.05531,0.000896560843102634,0.0010002665221691132,0.0012017011176794767,0.00041550752939656377,0.0005005536368116736,0.0006072662072256207,0.011570200324058533,0.0092311417683959,0.00862911343574524,passive,0
16.0008,rehab,safe_near_limit_fast,62.91995203412938,-666.6319760121488,272.12314162301453,-177.64943539492623,0.29013898253522014,-149.8538573055144,-50.034,-0.0597,40.3943,18.5753,0.1803,8.9129,82.91435543853457,29.288456227519724,85.25268932380298,-26.268658108181423,-89.07224867078993,-37.31437683105469,-4.571005943978187,-2.938502849918781,-2.5811752470413056,5.543924967447917,0.06785074869791667,-4.342592027452257,-2.828,-1.2172,-1.1016,-0.01717,0.00411,0.05473,0.000896560843102634,0.0010002665221691132,0.0012017011176794767,0.00041550752939656377,0.0005005536368116736,0.0006072662072256207,0.011570200324058533,0.0092311417683959,0.00862911343574524,passive,0
16.0211,rehab,safe_near_limit_fast,62.117522034362814,-666.6302255972325,272.7722682380135,-177.649929411278,0.29051411146004663,-149.8541912610606,-49.8664,-0.064,40.8512,17.7739,0.7637,23.0828,82.84408644874497,29.2431376240041,85.2118985015567,-26.179928249782986,-89.07050238715277,-37.383312649197045,-4.462176030225093,-2.8296661376953125,-2.5342250106358293,5.587726169162326,0.13570149739583334,-4.410442776150173,-3.0025,-1.0737,-1.1678,-0.00979,0.00144,0.06303,0.000896560843102634,0.0010002665221691132,0.0012017011176794767,0.00041550752939656377,0.0005005536368116736,0.0006072662072256207,0.011570200324058533,0.0092311417683959,0.00862911343574524,passive,0
16.041,rehab,safe_near_limit_fast,60.91891933713661,-666.6325047569785,273.7485781004185,-177.65179121869727,0.29195020600322213,-149.8539872242867,-49.7615,-0.0185,41.8547,24.4036,1.0323,33.5653,82.73917245392752,29.176267869401688,85.1479452907449,-26.043743557400173,-89.06788296169705,-37.48690287272135,-4.190087648901609,-2.7208362239422184,-2.7550665222772275,5.7396189371744795,0.06785074869791667,-4.274732801649305,-2.9132,-1.2356,-1.1295,-0.02398,0.00524,0.05795,0.000896560843102634,0.0010002665221691132,0.0012017011176794767,0.00041550752939656377,0.0005005536368116736,0.0006072662072256207,0.011570200324058533,0.0092311417683959,0.00862911343574524,passive,0
16.0609,rehab,safe_near_limit_fast,60.12422241473266,-666.6339048373112,274.4051857638101,-177.65395710541324,0.29356969815890194,-149.85395400686892,-48.8334,0.0221,42.5026,29.2743,1.0579,42.9448,82.66961730352723,29.131819470093983,85.10370084554842,-25.95035129123264,-89.06620449490018,-37.55544874403212,-4.4077542748781715,-2.8296661376953125,-2.8212088405495823,5.760260687934028,0.06785074869791667,-4.342592027452257,-3.0343,-1.3586,-1.2345,-0.03114,-0.0093,0.05364,0.000896560843102634,0.0010002665221691132,0.0012017011176794767,0.00041550752939656377,0.0005005536368116736,0.0006072662072256207,0.011570200324058533,0.0092311417683959,0.00862911343574524,passive,0
16.0809,rehab,safe_near_limit_fast,58.94538320480183,-666.6407203281174,275.434962833621,-177.65451924333155,0.2939867784892331,-149.85346094383283,-48.1767,0.0534,43.511,31.1241,1.0269,50.3976,82.56649130641824,29.063535633653697,85.03337066952545,-25.808063083224827,-89.06369527180989,-37.657470703125,-4.244502605778156,-2.938502849918781,-2.9820470526666925,5.86854722764757,0.06785074869791667,-4.342592027452257,-2.9738,-1.243,-0.754,-0.02138,0.00476,0.05717,0.000896560843102634,0.0010002665221691132,0.0012017011176794767,0.00041550752939656377,0.0005005536368116736,0.0006072662072256207,0.011570200324058533,0.0092311417683959,0.00862911343574524,passive,0
16.1007,rehab,safe_near_limit_fast,58.17778678363019,-666.637824918116,276.15141173397217,-177.654121271666,0.2936726213690804,-149.85286971244332,-47.814,0.0699,44.6337,34.3637,0.5779,49.9157,82.4992544344156,29.01585796091816,84.98515591763034,-25.710728963216145,-89.06206766764323,-37.724202473958336,-4.244502605778156,-2.938502849918781,-3.1223266903716738,6.1169179280598955,0.13570149739583334,-4.139031304253472,-2.9793,-1.154,-0.9853,-0.0256,-0.00183,0.06055,0.000896560843102634,0.0010002665221691132,0.0012017011176794767,0.00041550752939656377,0.0005005536368116736,0.0006072662072256207,0.011570200324058533,0.0092311417683959,0.00862911343574524,passive,0
16.1209,rehab,safe_near_limit_fast,57.05498763769852,-666.6300478660822,277.2652193265619,-177.65213929619034,0.29216167565912254,-149.8516666327906,-46.7087,0.0545,45.3918,40.7857,-0.3408,40.7332,82.40085337421682,28.942386891582224,84.90986965670444,-25.561599731445312,-89.05967712402344,-37.82212151421441,-4.026835979801594,-3.047339562142249,-3.0508203789739325,6.22269524468316,0.13570149739583334,-4.071180555555555,-2.9435,-1.229,-1.2195,-0.01602,-0.00473,0.06168,0.000896560843102634,0.0010002665221691132,0.0012017011176794767,0.00041550752939656377,0.0005005536368116736,0.0006072662072256207,0.011570200324058533,0.0092311417683959,0.00862911343574524,passive,0
16.1412,rehab,safe_near_limit_fast,56.31447852361363,-666.6232377715179,278.0083325525236,-177.6515633608438,0.29169509184077835,-149.8514400808881,-45.8249,0.0316,46.0911,51.2093,-1.0556,28.0299,82.33594157908222,28.89366905287941,84.85886073348546,-25.460739135742188,-89.05815124511719,-37.88612365722656,-4.244502605778156,-2.938502849918781,-3.250919757503094,6.095343695746528,0.06785074869791667,-3.9354705810546875,-3.0003,-1.1089,-1.1234,-0.0174,0.00326,0.05772,0.000896560843102634,0.0010002665221691132,0.0012017011176794767,0.00041550752939656377,0.0005005536368116736,0.0006072662072256207,0.011570200324058533,0.0092311417683959,0.00862911343574524,passive,0
16.1612,rehab,safe_near_limit_fast,55.220035016969895,-666.6266284040995,279.1085142841385,-177.65184154389482,0.29189713542497775,-149.85185809225874,-44.9386,0.0233,46.7418,65.9564,-1.2674,13.074,82.24016472844794,28.82387595601601,84.77908068364209,-25.308074951171875,-89.05593024359808,-37.979770236545136,-3.9724210229250465,-2.7208362239422184,-3.3497151289836014,6.41404045952691,0.06785074869791667,-3.8676198323567705,-2.9434,-1.2221,-1.3391,-0.02824,0.00892,0.05601,0.000896560843102634,0.0010002665221691132,0.0012017011176794767,0.00041550752939656377,0.0005005536368116736,0.0006072662072256207,0.011570200324058533,0.0092311417683959,0.00862911343574524,passive,0
16.1811,rehab,safe_near_limit_fast,54.51145935737025,-666.6286188662133,279.83699208107674,-177.65285235937233,0.2926882197353005,-149.85180735522934,-43.9388,0.0025,47.2384,82.7252,-1.0389,-2.1823,82.17814908169284,28.778217428981666,84.72501924722502,-25.205281575520832,-89.05448913574219,-38.040686713324654,-3.754754396948484,-2.8296661376953125,-3.5036324982595914,6.4063262939453125,0.06785074869791667,-3.9354705810546875,-3.0638,-1.4171,-1.3551,-0.0243,0.00283,0.05584,0.000896560843102634,0.0010002665221691132,0.0012017011176794767,0.00041550752939656377,0.0005005536368116736,0.0006072662072256207,0.011570200324058533,0.0092311417683959,0.00862911343574524,passive,0
16.2007,rehab,safe_near_limit_fast,53.490586000374684,-666.6351306476793,280.93174836343997,-177.65393781931567,0.2936397227869469,-149.85303369014872,-42.0246,-0.046,46.7386,95.4885,-0.4585,-16.1572,82.08883757638459,28.710885378393797,84.64198273007233,-25.05093044704861,-89.05240376790364,-38.12704298231337,-3.7003394400719367,-2.7752511808187657,-3.474521448116491,6.346876356336805,0.06785074869791667,-3.664059109157986,-2.9884,-1.3862,-1.6382,-0.02003,-0.00079,0.06003,0.000896560843102634,0.0010002665221691132,0.0012017011176794767,0.00041550752939656377,0.0005005536368116736,0.0006072662072256207,0.011570200324058533,0.0092311417683959,0.00862911343574524,passive,0
16.2208,rehab,safe_near_limit_fast,52.68178431438252,-666.635689694313,281.86666560972424,-177.65264726112204,0.2926217826945281,-149.8531956845943,-39.4461,-0.0646,45.7859,104.7738,0.023,-29.8948,82.01803150743541,28.653485893022896,84.57205366380144,-24.923205905490452,-89.05081854926215,-38.19625006781684,-3.373836101871906,-2.7752511808187657,-3.4355730113416616,6.488783094618055,0.06785074869791667,-3.4604983859592013,-2.9864,-1.3216,-0.9633,-0.01787,0.00318,0.05723,0.000896560843102634,0.0010002665221691132,0.0012017011176794767,0.00041550752939656377,0.0005005536368116736,0.0006072662072256207,0.011570200324058533,0.0092311417683959,0.00862911343574524,passive,0
16.2409,rehab,safe_near_limit_fast,52.06544343750013,-666.6328744843836,282.6178833376936,-177.65119710744227,0.2915181291953352,-149.8529105446536,-37.0705,-0.0426,45.1296,111.1488,0.0728,-38.6689,81.96402445878132,28.607487442469832,84.5159118954498,-24.821319580078125,-89.04958089192708,-38.24939303927951,-3.2650061881188117,-2.992917806795328,-3.433098368125387,6.460605197482638,0.13570149739583334,-3.1890869140625,-2.9557,-1.2298,-1.2298,-0.00339,0.00937,0.06104,0.000896560843102634,0.0010002665221691132,0.0012017011176794767,0.00041550752939656377,0.0005005536368116736,0.0006072662072256207,0.011570200324058533,0.0092311417683959,0.00862911343574524,passive,0
16.2611,rehab,safe_near_limit_fast,51.18866506433114,-666.6281044917519,283.7194878547778,-177.65016796046422,0.29061320529034956,-149.8529932047635,-34.8422,-0.015,44.4833,115.1091,-0.0058,-42.9835,81.88720174355082,28.54077405268603,84.43200517408918,-24.669850667317707,-89.04797024197049,-38.324432373046875,-2.938502849918781,-2.61199951171875,-3.5134562879505724,6.258019341362847,0.06785074869791667,-2.9176754421657987,-2.9842,-1.1954,-0.6642,-0.02866,0.01461,0.06101,0.000896560843102634,0.0010002665221691132,0.0012017011176794767,0.00041550752939656377,0.0005005536368116736,0.0006072662072256207,0.011570200324058533,0.0092311417683959,0.00862911343574524,passive,0
16.2811,rehab,safe_near_limit_fast,50.643230334580906,-666.6297649008042,284.43039858298573,-177.65020143379147,0.290619952724426,-149.85251605909946,-32.7238,0.0096,43.7639,115.762,0.0827,-42.1519,81.83945608611154,28.49887507976872,84.3757138393893,-24.570236206054688,-89.04694451226128,-38.37153964572482,-2.884087893042234,-2.557584554842203,-3.3746655152575804,6.264801025390625,0.06785074869791667,-2.8498246934678817,-2.9478,-1.2295,-1.1045,-0.01716,0.00693,0.05443,0.000896560843102634,0.0010002665221691132,0.0012017011176794767,0.00041550752939656377,0.0005005536368116736,0.0006072662072256207,0.011570200324058533,0.0092311417683959,0.00862911343574524,passive,0
16.301,rehab,safe_near_limit_fast,49.88809801286332,-666.6342015777051,285.4596345752199,-177.65154529049755,0.2917198968498001,-149.8513806410138,-30.2582,0.006,42.434,115.929,0.1849,-40.2909,81.7733613571318,28.439340874700264,84.29187510273245,-24.42318386501736,-89.04549492730034,-38.43712700737847,-2.7208362239422184,-2.3943328857421875,-3.372360833800665,6.02937486436632,0.06785074869791667,-2.5784132215711804,-2.8452,-1.2968,-1.0468,-0.01917,0.00439,0.05438,0.000896560843102634,0.0010002665221691132,0.0012017011176794767,0.00041550752939656377,0.0005005536368116736,0.0006072662072256207,0.011570200324058533,0.0092311417683959,0.00862911343574524,passive,0
16.3211,rehab,safe_near_limit_fast,49.42090395692878,-666.6361722591598,286.1280510597476,-177.6525470653839,0.29256697079703137,-149.85139951123304,-28.4038,-0.0378,41.7995,125.4831,0.0859,-48.2311,81.73245496088916,28.401017897199875,84.23688227587407,-24.32737562391493,-89.04461330837674,-38.47694396972656,-2.557584554842203,-2.448754641089109,-3.3916616911935336,5.957395765516493,-0.0,-2.374852498372396,-2.8617,-1.3931,-0.8906,-0.01905,-0.0095,0.05362,0.000896560843102634,0.0010002665221691132,0.0012017011176794767,0.00041550752939656377,0.0005005536368116736,0.0006072662072256207,0.011570200324058533,0.0092311417683959,0.00862911343574524,passive,0
16.341,rehab,safe_near_limit_fast,48.773337598375285,-666.6361915807822,287.1122458794852,-177.65324652180894,0.2931408663996818,-149.85263354479252,-25.6193,-0.0614,41.0116,142.9545,-0.0621,-62.0404,81.67572852408532,28.34478774873337,84.1560688585338,-24.187825520833332,-89.04349433051215,-38.530875311957466,-2.2310880151125465,-2.448754641089109,-3.17372992487237,5.7513682047526045,0.06785074869791667,-2.171291775173611,-2.9699,-1.404,-1.0259,-0.03149,0.00506,0.05675,0.000896560843102634,0.0010002665221691132,0.0012017011176794767,0.00041550752939656377,0.0005005536368116736,0.0006072662072256207,0.011570200324058533,0.0092311417683959,0.00862911343574524,passive,0
16.361,rehab,safe_near_limit_fast,48.38301254008039,-666.6332032807603,287.7560874157243,-177.65291739696914,0.29286015053120357,-149.85381410494375,-22.604,-0.0442,39.6798,161.9052,-0.1247,-76.3399,81.64149822575031,28.30800122553759,84.10364585347695,-24.098095364040798,-89.04287550184462,-38.562918768988716,-2.0134145906656093,-2.176666259765625,-3.2185794339321627,5.56608412000868,-0.0,-1.8998803032769096,-2.9197,-1.3679,-1.2315,-0.02513,-0.00548,0.05462,0.000896560843102634,0.0010002665221691132,0.0012017011176794767,0.00041550752939656377,0.0005005536368116736,0.0006072662072256207,0.011570200324058533,0.0092311417683959,0.00862911343574524,passive,0
16.381,rehab,safe_near_limit_fast,47.871176120609796,-666.6328214983251,288.68678200743705,-177.65198904105063,0.29214077303580593,-149.8563922945868,-19.3414,-0.0036,38.357,181.2553,-0.0763,-91.4933,81.59664191822014,28.255992927173576,84.02629285755724,-23.968692355685764,-89.04210408528645,-38.60374450683594,-1.6325030940594059,-2.0134145906656093,-3.1788423745939047,5.122155083550347,-0.0,-1.5606180826822915,-2.8559,-1.3226,-1.1136,-0.0189,0.00255,0.05479,0.000896560843102634,0.0010002665221691132,0.0012017011176794767,0.00041550752939656377,0.0005005536368116736,0.0006072662072256207,0.011570200324058533,0.0092311417683959,0.00862911343574524,passive,0
16.4007,rehab,safe_near_limit_fast,47.59762983623685,-666.6358057497773,289.28567653224525,-177.65064974162902,0.2911128350735467,-149.85668775110167,-15.4553,0.0088,36.0873,194.3489,0.1607,-105.4055,81.57268410862082,28.22348944031366,83.97537231445312,-23.886277940538193,-89.04168870713976,-38.62648010253906,-1.360414712735922,-2.067836346012531,-3.1664487631014078,5.04653082953559,0.06785074869791667,-1.357057359483507,-2.6469,-1.2248,-0.6632,-0.0069,0.00378,0.05221,0.000896560843102634,0.0010002665221691132,0.0012017011176794767,0.00041550752939656377,0.0005005536368116736,0.0006072662072256207,0.011570200324058533,0.0092311417683959,0.00862911343574524,passive,0
16.421,rehab,safe_near_limit_fast,47.266011915479424,-666.6382732951035,290.1345142755993,-177.64906982270801,0.28982663526168084,-149.85774749485668,-11.1256,-0.017,33.243,198.2892,0.1456,-120.3669,81.54361384929997,28.177939688805306,83.90234314569152,-23.768937852647568,-89.04132419162326,-38.653174506293404,-0.979496417659344,-1.795747964689047,-2.951385951278233,4.802508884006076,-0.0,-0.9499359130859375,-2.6332,-1.1802,-1.1713,-0.00557,-0.00381,0.05119,0.000896560843102634,0.0010002665221691132,0.0012017011176794767,0.00041550752939656377,0.0005005536368116736,0.0006072662072256207,0.011570200324058533,0.0092311417683959,0.00862911343574524,passive,0
16.4411,rehab,safe_near_limit_fast,47.09138987690013,-666.6371788374486,290.7842856860722,-177.64859032067872,0.28946641667939577,-149.85707963952208,-7.0283,-0.0393,30.9254,194.8156,-0.6791,-129.5276,81.52822211237238,28.143661801177675,83.84524279301709,-23.67770724826389,-89.04117160373264,-38.668212890625,-0.5985781225827661,-1.5236663818359375,-2.691629995213877,4.303792317708333,-0.0,-0.6106736924913194,-2.7274,-1.1835,-0.8071,-0.02453,-0.00361,0.04833,0.000896560843102634,0.0010002665221691132,0.0012017011176794767,0.00041550752939656377,0.0005005536368116736,0.0006072662072256207,0.011570200324058533,0.0092311417683959,0.00862911343574524,passive,0
16.4611,rehab,safe_near_limit_fast,47.00426350352219,-666.6370366079456,291.2483495426474,-177.64987606905314,0.2905602015120146,-149.85664432271784,-3.0924,-0.054,28.2689,188.023,-1.6356,-132.485,81.52050584849745,28.119921542630337,83.8025687944771,-23.60938178168403,-89.04112921820746,-38.67560492621528,-0.3809114966062036,-1.4692514249593904,-2.525713325727104,4.1329193115234375,-0.06785074869791667,-0.2714114718967014,-2.5573,-1.1794,-0.7575,-0.00609,-0.00768,0.0509,0.000896560843102634,0.0010002665221691132,0.0012017011176794767,0.00041550752939656377,0.0005005536368116736,0.0006072662072256207,0.011570200324058533,0.0092311417683959,0.00862911343574524,passive,0
16.4812,rehab,safe_near_limit_fast,47.003710637173825,-666.6350071293722,291.88050833131615,-177.65191141529166,0.2924027772904962,-149.8527805495265,0.5558,-0.056,25.7949,181.811,-1.5027,-136.3577,81.52024750662322,28.088553400322944,83.74282383682704,-23.515430026584202,-89.04118008083768,-38.67868211534288,0.16324487062964108,-1.1427480867593596,-2.3597490669477104,3.6837259928385415,-0.0,-0.0,-2.6179,-1.2358,-1.0391,-0.00709,-0.00199,0.05195,0.000896560843102634,0.0010002665221691132,0.0012017011176794767,0.00041550752939656377,0.0005005536368116736,0.0006072662072256207,0.011570200324058533,0.0092311417683959,0.00862911343574524,passive,0
16.5009,rehab,safe_near_limit_fast,47.04267001115516,-666.6392924665308,292.2613205514966,-177.65301907385793,0.2934446642964771,-149.84969162095572,3.8652,-0.0519,22.9944,171.8705,-0.2715,-139.1593,81.52358555557704,28.070755004882812,83.70516710942334,-23.458480834960938,-89.04127332899306,-38.67780049641927,0.3809114966062036,-1.0883331298828125,-2.256303541731126,3.407474093967014,-0.06785074869791667,0.13570149739583334,-2.5591,-1.0952,-0.6054,-0.00461,-0.00283,0.04734,0.000896560843102634,0.0010002665221691132,0.0012017011176794767,0.00041550752939656377,0.0005005536368116736,0.0006072662072256207,0.011570200324058533,0.0092311417683959,0.00862911343574524,passive,0
16.5211,rehab,safe_near_limit_fast,47.18298295580801,-666.6413691317022,292.7950417433366,-177.6523234043618,0.29330141102338014,-149.84755515824688,6.8846,-0.114,19.8719,163.9154,1.1678,-146.0088,81.53568683284344,28.045804618608834,83.6535123315188,-23.382822672526043,-89.04151916503906,-38.666983710394966,0.5985781225827661,-0.979496417659344,-2.0780612454556002,2.8949822319878473,-0.06785074869791667,0.7463751898871528,-2.6062,-1.2003,-0.6864,-0.01838,-0.01217,0.04774,0.000896560843102634,0.0010002665221691132,0.0012017011176794767,0.00041550752939656377,0.0005005536368116736,0.0006072662072256207,0.011570200324058533,0.0092311417683959,0.00862911343574524,passive,0
16.5411,rehab,safe_near_limit_fast,47.307856665897695,-666.6427296513489,293.1105320436025,-177.6513042440928,0.29282930693673076,-149.85029202741083,9.9587,-0.1652,17.6058,163.3421,2.3626,-155.8194,81.54650999767945,28.031391861415145,83.62279004389697,-23.339191012912327,-89.04180738661024,-38.6529286702474,0.7618297916827815,-0.8162515470297029,-1.809712022838026,2.563654581705729,-0.06785074869791667,0.9499359130859375,-2.5485,-1.3098,-0.8815,-0.03498,-0.01507,0.04547,0.000896560843102634,0.0010002665221691132,0.0012017011176794767,0.00041550752939656377,0.0005005536368116736,0.0006072662072256207,0.011570200324058533,0.0092311417683959,0.00862911343574524,passive,0
16.5609,rehab,safe_near_limit_fast,47.563829490691404,-666.6463954971779,293.504645518844,-177.64974514196268,0.2919030913634829,-149.8549311383161,13.8486,-0.0688,14.0201,161.3855,3.1538,-162.7707,81.56880218203705,28.014531654886678,83.58284903044748,-23.284996880425346,-89.04254489474826,-38.625386555989586,1.1427480867593596,-0.544163165706219,-1.4211658440013923,1.9248114691840277,-0.0,1.2892066107855902,-2.4273,-1.0666,0.1392,-0.0183,-0.00641,0.04216,0.000896560843102634,0.0010002665221691132,0.0012017011176794767,0.00041550752939656377,0.0005005536368116736,0.0006072662072256207,0.011570200324058533,0.0092311417683959,0.00862911343574524,passive,0
16.5811,rehab,safe_near_limit_fast,47.80074280395392,-666.6448924130669,293.6966519760216,-177.6501664035599,0.29232271641939306,-149.85655355366544,16.8674,0.1029,10.5331,154.7366,3.398,-168.712,81.58941514421217,28.007107725237855,83.56169898911278,-23.25649685329861,-89.04323154025607,-38.60283745659722,1.4692514249593904,-0.435333251953125,-1.2431071064259747,1.637352837456597,-0.06785074869791667,1.4927588568793402,-2.4493,-1.117,-0.6665,-0.00944,-0.00506,0.04514,0.000896560843102634,0.0010002665221691132,0.0012017011176794767,0.00041550752939656377,0.0005005536368116736,0.0006072662072256207,0.011570200324058533,0.0092311417683959,0.00862911343574524,passive,0
16.6009,rehab,safe_near_limit_fast,48.23114046581401,-666.6464871863609,293.9001075907623,-177.65067340800297,0.2926751802718369,-149.85813707321674,19.774,0.1981,7.0646,145.0062,3.1052,-174.7144,81.62696989456026,28.00130863000851,83.53614353897548,-23.22569105360243,-89.04452853732639,-38.56336805555556,1.7413330078125,-0.0,-0.9347352887144184,0.9169599745008681,-0.06785074869791667,1.7641703287760415,-2.4465,-1.1111,-0.4884,-0.00707,-0.00121,0.05114,0.000896560843102634,0.0010002665221691132,0.0012017011176794767,0.00041550752939656377,0.0005005536368116736,0.0006072662072256207,0.011570200324058533,0.0092311417683959,0.00862911343574524,passive,0
16.6212,rehab,safe_near_limit_fast,48.57896882416594,-666.6507353711269,293.9593519570648,-177.65206822726958,0.2935643759927052,-149.8579991942419,22.8484,0.2249,3.4975,134.1691,1.7238,-186.9194,81.6573930494856,28.00233519903504,83.52402186629796,-23.213848537868923,-89.0456305609809,-38.53296915690104,2.0134145906656093,-0.05441495687654703,-0.6262886878287438,0.5185360378689235,-0.06785074869791667,2.0355902777777777,-2.205,-0.9138,0.1236,0.01128,-0.00511,0.05199,0.000896560843102634,0.0010002665221691132,0.0012017011176794767,0.00041550752939656377,0.0005005536368116736,0.0006072662072256207,0.011570200324058533,0.0092311417683959,0.00862911343574524,passive,0
16.641,rehab,safe_near_limit_fast,49.26183140694296,-666.6329373068244,293.9985369266705,-177.65171034795844,0.2928455269288233,-149.85747421306777,25.4926,0.2247,-0.0926,117.2121,-0.9381,-193.8694,81.71681847902808,28.00436794167698,83.51488472211479,-23.20921156141493,-89.0477074517144,-38.474036322699654,2.2855029719890934,0.16324487062964108,0.13683961169554457,-0.13844807942708334,-0.0,2.2391425238715277,-2.3354,-1.0741,-0.1073,-0.00153,0.00443,0.04279,0.000896560843102634,0.0010002665221691132,0.0012017011176794767,0.00041550752939656377,0.0005005536368116736,0.0006072662072256207,0.011570200324058533,0.0092311417683959,0.00862911343574524,passive,0
16.6612,rehab,safe_near_limit_fast,49.69486078090237,-666.6174086656123,293.96124193811943,-177.65136169840105,0.29243030111480117,-149.8569677451067,27.5275,0.1714,-3.989,103.4731,-3.2846,-196.4543,81.75444801255028,28.00818868202738,83.51575492632271,-23.215527004665798,-89.0488772922092,-38.436991373697914,2.503169597965656,0.32649653972965653,0.05870479168278156,-0.6488715277777778,-0.06785074869791667,2.374852498372396,-2.2906,-0.9718,-0.0595,-0.00609,-0.01582,0.04537,0.000896560843102634,0.0010002665221691132,0.0012017011176794767,0.00041550752939656377,0.0005005536368116736,0.0006072662072256207,0.011570200324058533,0.0092311417683959,0.00862911343574524,passive,0
16.6812,rehab,safe_near_limit_fast,50.16355266187013,-666.6216770011921,293.89199027771394,-177.64761391504086,0.28938918568726785,-149.85565791470435,28.9342,0.0923,-7.704,96.7594,-3.5767,-201.8857,81.79544958737817,28.015972930606047,83.51733896991995,-23.230887518988716,-89.05005560980902,-38.39747111002604,2.61199951171875,0.5985781225827661,0.17400684923228651,-1.1531575520833333,-0.06785074869791667,2.5784132215711804,-2.3291,-0.8965,-1.0711,-0.02175,0.00072,0.04666,0.000896560843102634,0.0010002665221691132,0.0012017011176794767,0.00041550752939656377,0.0005005536368116736,0.0006072662072256207,0.011570200324058533,0.0092311417683959,0.00862911343574524,passive,0
16.7013,rehab,safe_near_limit_fast,50.907883429843096,-666.6282295293915,293.66592285117275,-177.6441460517454,0.28645683467402827,-149.85416347922074,31.4129,0.0059,-12.4898,86.9689,-2.668,-202.9208,81.86059253050549,28.034464770024364,83.52890316802676,-23.267347547743054,-89.05196295844183,-38.334240383572045,2.7208362239422184,0.9250814607827971,0.7452551209100402,-1.8615637885199652,-0.13570149739583334,2.714114718967014,-2.3826,-1.0986,-1.3851,-0.02584,0.01484,0.04749,0.000896560843102634,0.0010002665221691132,0.0012017011176794767,0.00041550752939656377,0.0005005536368116736,0.0006072662072256207,0.011570200324058533,0.0092311417683959,0.00862911343574524,passive,0
16.721,rehab,safe_near_limit_fast,51.421887020127585,-666.6294163664509,293.43435666872256,-177.64375746389373,0.2861306869219134,-149.8541304409608,32.7567,-0.1085,-16.4081,79.5639,-1.7332,-196.7342,81.90553721815053,28.05088987444887,83.5430915756981,-23.299780951605904,-89.05319213867188,-38.28970167371962,2.7752511808187657,1.1427480867593596,1.025936768786742,-2.2916158040364585,-0.13570149739583334,2.781973944769965,-2.2244,-0.9878,-0.4167,-0.02423,0.00924,0.0381,0.000896560843102634,0.0010002665221691132,0.0012017011176794767,0.00041550752939656377,0.0005005536368116736,0.0006072662072256207,0.011570200324058533,0.0092311417683959,0.00862911343574524,passive,0
16.7409,rehab,safe_near_limit_fast,52.21061881323009,-666.6321450261678,292.96466147551223,-177.6462824697028,0.28800740516727424,-149.85548737172493,33.9973,-0.1475,-20.0562,73.0015,-0.7633,-180.2082,81.97454849092087,28.082434776986,83.57300484534538,-23.36014641655816,-89.05514187282986,-38.22003682454427,2.938502849918781,1.4148296696124691,1.3483610247621443,-2.808956570095486,-0.06785074869791667,3.0533854166666665,-1.964,-1.105,-0.5355,-0.00414,-0.00309,0.03846,0.000896560843102634,0.0010002665221691132,0.0012017011176794767,0.00041550752939656377,0.0005005536368116736,0.0006072662072256207,0.011570200324058533,0.0092311417683959,0.00862911343574524,passive,0
16.7612,rehab,safe_near_limit_fast,52.76389420104391,-666.6341502765791,292.6110323129255,-177.6470441067886,0.28854159295146997,-149.8561391598231,36.1746,-0.0443,-23.7067,66.4076,0.1696,-163.9047,82.02296719692721,28.105719538018256,83.59675190236308,-23.407677544487846,-89.05647277832031,-38.17151387532552,3.2650061881188117,1.4692514249593904,1.5700591436707148,-3.1966739230685763,-0.06785074869791667,3.0533854166666665,-2.2389,-0.8855,-0.1778,-0.01158,-0.00062,0.04296,0.000896560843102634,0.0010002665221691132,0.0012017011176794767,0.00041550752939656377,0.0005005536368116736,0.0006072662072256207,0.011570200324058533,0.0092311417683959,0.00862911343574524,passive,0
16.7809,rehab,safe_near_limit_fast,53.63051501118745,-666.6339312349733,292.0033462976939,-177.64838880259592,0.28950072573153024,-149.8563095860295,37.0957,0.0266,-26.8242,55.8089,0.7938,-148.078,82.09877694007194,28.144633982441214,83.63922874526222,-23.489625718858505,-89.05849880642361,-38.09647454155816,3.1561694758953434,1.686918050935953,1.9360004085125309,-3.6736551920572915,-0.06785074869791667,3.121236165364583,-2.0137,-1.0123,-0.2485,-0.00287,-0.00816,0.03916,0.000896560843102634,0.0010002665221691132,0.0012017011176794767,0.00041550752939656377,0.0005005536368116736,0.0006072662072256207,0.011570200324058533,0.0092311417683959,0.00862911343574524,passive,0
16.8009,rehab,safe_near_limit_fast,54.392685223508366,-666.6313477018941,291.4549491662951,-177.64778442236445,0.2889905759723726,-149.85501020787223,37.9374,-0.0012,-29.3313,44.4074,1.0538,-132.5706,82.165422345152,28.179183808883817,83.67927173576733,-23.566903008355034,-89.06018575032552,-38.032006157769096,3.373836101871906,1.795747964689047,2.0289626924118194,-4.023530748155382,-0.0,3.2569376627604165,-2.097,-0.9215,-0.4245,-0.00626,0.00339,0.04151,0.000896560843102634,0.0010002665221691132,0.0012017011176794767,0.00041550752939656377,0.0005005536368116736,0.0006072662072256207,0.011570200324058533,0.0092311417683959,0.00862911343574524,passive,0
16.8209,rehab,safe_near_limit_fast,55.01614962292053,-666.6296882577395,290.96538931318815,-177.64824121031458,0.28933717608289483,-149.85448122082877,38.8917,-0.0316,-31.7486,34.6441,0.6011,-121.2572,82.2199528760249,28.209831313331527,83.71484133276608,-23.634109497070312,-89.06155056423611,-37.97876993815104,3.373836101871906,1.8501697200359684,2.298447259581915,-4.294187757703993,-0.06785074869791667,3.4604983859592013,-2.1077,-0.8923,-0.2533,-0.01512,-0.00649,0.03679,0.000896560843102634,0.0010002665221691132,0.0012017011176794767,0.00041550752939656377,0.0005005536368116736,0.0006072662072256207,0.011570200324058533,0.0092311417683959,0.00862911343574524,passive,0
16.8409,rehab,safe_near_limit_fast,55.958841963308124,-666.6297208924337,290.17349039121547,-177.64854789030065,0.2895990985663241,-149.85481550408286,39.3344,-0.0305,-33.9548,21.1048,-0.3257,-108.233,82.30245231401803,28.25929018530515,83.77273030800394,-23.74344719780816,-89.06359354654948,-37.89717780219184,3.428251058748453,2.2310880151125465,2.579054124284499,-4.739718967013888,-0.06785074869791667,3.324796888563368,-2.1542,-0.936,-0.6319,-0.0261,-0.00354,0.03708,0.000896560843102634,0.0010002665221691132,0.0012017011176794767,0.00041550752939656377,0.0005005536368116736,0.0006072662072256207,0.011570200324058533,0.0092311417683959,0.00862911343574524,passive,0
16.8612,rehab,safe_near_limit_fast,56.59525622064669,-666.6319224758088,289.6073230198869,-177.64862325092355,0.2896271904219589,-149.85433432935142,39.8459,-0.0263,-36.4556,15.8758,-0.5515,-104.7484,82.35818617414719,28.294717014426052,83.81406500788019,-23.821724785698784,-89.06497531467014,-37.842814127604164,3.482672814095374,2.3399179288656407,2.6254944754118967,-5.063078138563368,-0.06785074869791667,3.4604983859592013,-2.0851,-0.8064,-0.6014,-0.00685,-0.01061,0.04263,0.000896560843102634,0.0010002665221691132,0.0012017011176794767,0.00041550752939656377,0.0005005536368116736,0.0006072662072256207,0.011570200324058533,0.0092311417683959,0.00862911343574524,passive,0
16.881,rehab,safe_near_limit_fast,57.565921636632304,-666.6378758577306,288.69133888960357,-177.64975444957355,0.2904999048436871,-149.85375938347138,39.9334,-0.019,-38.5542,15.9819,0.0487,-108.1097,82.44322824006034,28.352198081441443,83.88018693074142,-23.946329752604168,-89.06703525119357,-37.759763929578995,3.482672814095374,2.3943328857421875,2.893313417340269,-5.547222561306423,-0.06785074869791667,3.4604983859592013,-1.9265,-0.8553,-0.3864,0.00083,6e-05,0.04243,0.000896560843102634,0.0010002665221691132,0.0012017011176794767,0.00041550752939656377,0.0005005536368116736,0.0006072662072256207,0.011570200324058533,0.0092311417683959,0.00862911343574524,passive,0
16.9012,rehab,safe_near_limit_fast,58.21495456161455,-666.6384838618978,288.0457244070912,-177.65104154520074,0.29145219831799607,-149.8530689823581,40.0523,-0.0222,-40.3396,10.8713,0.3757,-107.1648,82.50006345239017,28.392186684183553,83.92741590443224,-24.033559163411457,-89.06841701931424,-37.70461188422309,3.428251058748453,2.503169597965656,3.0340349556195854,-5.56916978624132,-0.06785074869791667,3.4604983859592013,-1.9827,-0.8656,-0.4696,-0.00312,-0.00035,0.03994,0.000896560843102634,0.0010002665221691132,0.0012017011176794767,0.00041550752939656377,0.0005005536368116736,0.0006072662072256207,0.011570200324058533,0.0092311417683959,0.00862911343574524,passive,0
16.9211,rehab,safe_near_limit_fast,59.187717100881294,-666.6348200105824,287.0475713071331,-177.65172318107568,0.29196842850769805,-149.85286164100214,40.1311,-0.033,-42.1427,2.7561,0.1392,-100.5512,82.58520749535892,28.453277738967746,84.00222627243193,-24.171040852864582,-89.07044304741753,-37.62123107910156,3.5915027278484684,2.503169597965656,3.227288274481745,-5.873565673828125,-0.13570149739583334,3.392647637261285,-2.0517,-0.9179,-0.7149,-0.02214,0.00124,0.04334,0.000896560843102634,0.0010002665221691132,0.0012017011176794767,0.00041550752939656377,0.0005005536368116736,0.0006072662072256207,0.011570200324058533,0.0092311417683959,0.00862911343574524,passive,0
16.9408,rehab,safe_near_limit_fast,59.821553334597944,-666.6316828054199,286.3647663163463,-177.65140276450612,0.2917635536887201,-149.85391198769813,40.2949,-0.0162,-44.2145,-9.4659,-0.0458,-84.186,82.64068981208423,28.49478240060334,84.05422777232558,-24.266543918185764,-89.07174004448784,-37.56577385796441,3.373836101871906,2.61199951171875,3.3941091405283106,-5.845709906684028,-0.06785074869791667,3.2569376627604165,-2.1058,-0.8703,-0.7052,-0.01341,-0.01589,0.0449,0.000896560843102634,0.0010002665221691132,0.0012017011176794767,0.00041550752939656377,0.0005005536368116736,0.0006072662072256207,0.011570200324058533,0.0092311417683959,0.00862911343574524,passive,0
16.961,rehab,safe_near_limit_fast,60.75443191600936,-666.632275586947,285.3108940489024,-177.65036163154716,0.29097031516952787,-149.8563068727966,40.7147,0.0109,-46.8753,-19.1316,0.0962,-72.1867,82.7224346198658,28.559340675278467,84.13396703134669,-24.414554172092014,-89.07369825575087,-37.483300103081596,3.319421144995359,2.8296661376953125,3.302696907874381,-6.17002699110243,-0.13570149739583334,3.392647637261285,-1.9579,-0.8466,-0.2694,-0.00563,-0.01053,0.03796,0.000896560843102634,0.0010002665221691132,0.0012017011176794767,0.00041550752939656377,0.0005005536368116736,0.0006072662072256207,0.011570200324058533,0.0092311417683959,0.00862911343574524,passive,0
16.981,rehab,safe_near_limit_fast,61.37162895632461,-666.6342167143397,284.5948765067167,-177.64895770371248,0.2898645423743398,-149.85701649384376,39.9572,0.0012,-47.9307,-27.4337,0.5409,-64.8332,82.7765436455755,28.603381166363707,84.18819163105276,-24.516169230143227,-89.07498677571614,-37.42962307400173,3.428251058748453,2.7752511808187657,3.3597700666673114,-6.308508978949653,-0.0,3.324796888563368,-2.1539,-0.832,-0.2611,-0.01365,0.00032,0.03985,0.000896560843102634,0.0010002665221691132,0.0012017011176794767,0.00041550752939656377,0.0005005536368116736,0.0006072662072256207,0.011570200324058533,0.0092311417683959,0.00862911343574524,passive,0
17.001,rehab,safe_near_limit_fast,62.303051655731565,-666.6399533995997,283.4770703625358,-177.6478903284166,0.2890806382608926,-149.85664494848228,38.7998,-0.0254,-48.4685,-47.1999,0.9548,-39.0389,82.85822046865331,28.672698370300896,84.27141850537593,-24.672351413302952,-89.07681783040364,-37.350073920355904,3.319421144995359,3.1017545190187965,3.562568437935102,-6.715647379557291,-0.0,3.324796888563368,-2.0864,-0.8238,-0.8886,-0.03247,-0.00521,0.03895,0.000896560843102634,0.0010002665221691132,0.0012017011176794767,0.00041550752939656377,0.0005005536368116736,0.0006072662072256207,0.011570200324058533,0.0092311417683959,0.00862911343574524,passive,0
17.021,rehab,safe_near_limit_fast,63.07517479873027,-666.6379129040322,282.4977315896442,-177.64958135956866,0.29037916091215815,-149.8546911126122,37.3702,-0.0141,-48.5004,-71.7149,0.7946,-1.913,82.92585165193765,28.7328036468808,84.3441621383818,-24.804933336046005,-89.07827589246962,-37.28589375813802,3.2650061881188117,3.047339562142249,3.780574987430384,-6.77519056532118,-0.06785074869791667,3.1890869140625,-2.305,-0.8457,-0.9408,-0.02673,0.00575,0.0457,0.000896560843102634,0.0010002665221691132,0.0012017011176794767,0.00041550752939656377,0.0005005536368116736,0.0006072662072256207,0.011570200324058533,0.0092311417683959,0.00862911343574524,passive,0
17.0412,rehab,safe_near_limit_fast,63.961089901564044,-666.6344050008956,281.29876469292134,-177.65197098869763,0.2922383098799696,-149.8537649199985,36.2334,0.0301,-48.819,-85.1881,0.2922,21.0673,83.00345619126122,28.80610475445738,84.43356882227529,-24.966786702473957,-89.07992045084636,-37.21104092068142,3.1017545190187965,3.047339562142249,3.6961855746731898,-6.69676038953993,-0.0,3.121236165364583,-2.3178,-0.8593,-1.1288,-0.01828,0.0012,0.04891,0.000896560843102634,0.0010002665221691132,0.0012017011176794767,0.00041550752939656377,0.0005005536368116736,0.0006072662072256207,0.011570200324058533,0.0092311417683959,0.00862911343574524,passive,0
17.061,rehab,safe_near_limit_fast,64.52158182362328,-666.6339766402413,280.5021469871104,-177.65261041358718,0.29270955034043994,-149.85409638492106,35.5337,0.072,-49.9212,-78.8533,0.0371,16.8803,83.05259553512724,28.85487698092319,84.49333417533647,-25.075929429796005,-89.08099704318576,-37.16279771592882,2.884087893042234,3.1017545190187965,3.711597707011912,-6.766467624240451,-0.06785074869791667,2.8498246934678817,-2.086,-0.8908,-0.7534,-0.01057,-0.00212,0.0384,0.000896560843102634,0.0010002665221691132,0.0012017011176794767,0.00041550752939656377,0.0005005536368116736,0.0006072662072256207,0.011570200324058533,0.0092311417683959,0.00862911343574524,passive,0
17.081,rehab,safe_near_limit_fast,65.06899613923991,-666.6338471381176,279.7236398287606,-177.6513143925515,0.29168671071681845,-149.85361578539303,33.0523,0.0894,-48.2413,-62.6487,-0.1285,0.3641,83.10059953444075,28.902541056717975,84.55265082935296,-25.185902913411457,-89.08203972710503,-37.1165042453342,2.938502849918781,3.047339562142249,3.7196878867574257,-6.767798529730903,-0.06785074869791667,2.781973944769965,-2.081,-0.8135,-0.8765,-0.0004,1e-05,0.04637,0.000896560843102634,0.0010002665221691132,0.0012017011176794767,0.00041550752939656377,0.0005005536368116736,0.0006072662072256207,0.011570200324058533,0.0092311417683959,0.00862911343574524,passive,0
17.1012,rehab,safe_near_limit_fast,65.870595715738,-666.6319865508026,278.55202170307524,-177.64898409886132,0.2898878472023718,-149.85266571610677,30.3517,0.0397,-46.0404,-49.5124,-0.6106,-11.4753,83.1708821211711,28.974169740582457,84.64230905665029,-25.352088080512154,-89.08352322048611,-37.04902648925781,2.884087893042234,3.047339562142249,3.7942535098236387,-6.839175754123263,-0.06785074869791667,2.8498246934678817,-2.2471,-0.7581,-0.8534,-0.01579,-0.00941,0.04806,0.000896560843102634,0.0010002665221691132,0.0012017011176794767,0.00041550752939656377,0.0005005536368116736,0.0006072662072256207,0.011570200324058533,0.0092311417683959,0.00862911343574524,passive,0
17.1213,rehab,safe_near_limit_fast,66.39750225754396,-666.6302035017969,277.75177608130645,-177.64887948841596,0.28984180623541433,-149.85107433261533,29.9247,-0.0268,-46.9107,-39.5421,-1.1969,-16.4291,83.21706413042428,29.023268293626238,84.70259789193031,-25.462841457790798,-89.08441331651476,-37.005674574110245,2.938502849918781,3.047339562142249,3.7492544344156093,-6.921657986111111,-0.06785074869791667,2.5784132215711804,-2.3068,-0.8264,-0.9347,-0.03221,0.00251,0.04567,0.000896560843102634,0.0010002665221691132,0.0012017011176794767,0.00041550752939656377,0.0005005536368116736,0.0006072662072256207,0.011570200324058533,0.0092311417683959,0.00862911343574524,passive,0
17.1411,rehab,safe_near_limit_fast,67.1729055844825,-666.6306258993258,276.5230503569567,-177.6510324925654,0.29142603697259084,-149.84830660189257,30.7008,-0.0354,-49.4413,-26.9069,-1.2889,-21.2186,83.28506922957921,29.099383967937808,84.79299035402808,-25.628509521484375,-89.08576117621527,-36.94229973687066,2.7208362239422184,3.1017545190187965,3.625882592531714,-6.875152587890625,-0.06785074869791667,2.510553995768229,-2.3834,-0.9956,-0.9867,-0.04381,-0.00787,0.04002,0.000896560843102634,0.0010002665221691132,0.0012017011176794767,0.00041550752939656377,0.0005005536368116736,0.0006072662072256207,0.011570200324058533,0.0092311417683959,0.00862911343574524,passive,0
17.1612,rehab,safe_near_limit_fast,67.66557017779131,-666.631375119352,275.70307960048876,-177.65246863152757,0.2925107211035791,-149.8480810260972,30.9225,-0.0234,-50.9097,-4.8451,-0.6463,-38.0205,83.32829390421952,29.150216130927056,84.85329278624884,-25.739050971137154,-89.08661736382378,-36.90054151746962,2.6664212670656715,3.1561694758953434,3.6523286422880568,-6.819491916232638,-0.06785074869791667,2.5784132215711804,-2.278,-0.8542,-0.7727,-0.01798,0.00202,0.04667,0.000896560843102634,0.0010002665221691132,0.0012017011176794767,0.00041550752939656377,0.0005005536368116736,0.0006072662072256207,0.011570200324058533,0.0092311417683959,0.00862911343574524,passive,0
17.181,rehab,safe_near_limit_fast,68.13497624618688,-666.6345879153089,274.9032367802243,-177.65247457244692,0.2925284169511414,-149.84962371708934,30.2763,-0.0332,-50.8921,10.1588,0.4063,-44.4103,83.36951982856976,29.200008127949026,84.91245987391707,-25.849193996853298,-89.08746507432726,-36.85900370279948,2.61199951171875,3.1561694758953434,3.6092875263478494,-6.989881727430555,-0.0,2.6462639702690973,-2.3642,-0.8954,-0.8197,-0.01988,0.00594,0.04532,0.000896560843102634,0.0010002665221691132,0.0012017011176794767,0.00041550752939656377,0.0005005536368116736,0.0006072662072256207,0.011570200324058533,0.0092311417683959,0.00862911343574524,passive,0
17.2008,rehab,safe_near_limit_fast,68.8249005047619,-666.6381959200131,273.7297169699955,-177.65043550246085,0.29099057927685534,-149.85218187984577,29.7612,-0.0477,-50.4717,5.9277,1.0681,-22.4229,83.43011459501663,29.2730712890625,85.00027571574296,-26.014395819769966,-89.08873664008246,-36.797688802083336,2.6664212670656715,3.1017545190187965,3.6729076121113087,-6.8423207600911455,-0.0,2.4427032470703125,-2.3017,-0.7715,-1.2828,-0.01455,0.0002,0.04789,0.000896560843102634,0.0010002665221691132,0.0012017011176794767,0.00041550752939656377,0.0005005536368116736,0.0006072662072256207,0.011570200324058533,0.0092311417683959,0.00862911343574524,passive,0
17.2212,rehab,safe_near_limit_fast,69.52691547248023,-666.6347829171452,272.54904995798825,-177.64887913011697,0.28977906771787154,-149.8534622022614,29.7656,-0.0275,-50.458,-3.7366,0.8985,5.6598,83.49169513966777,29.34634520275758,85.08888018013226,-26.180004543728298,-89.09002516004774,-36.736670600043404,2.6664212670656715,3.1561694758953434,3.7387983869798114,-6.80466545952691,-0.06785074869791667,2.5784132215711804,-2.3792,-0.9308,-1.647,-0.02464,0.00727,0.04964,0.000896560843102634,0.0010002665221691132,0.0012017011176794767,0.00041550752939656377,0.0005005536368116736,0.0006072662072256207,0.011570200324058533,0.0092311417683959,0.00862911343574524,passive,0
17.2412,rehab,safe_near_limit_fast,70.12733803725965,-666.6324887692704,271.5424578114297,-177.6496926602957,0.29040384876103364,-149.8535234680877,30.4132,0.0233,-51.2953,-4.749,0.4564,17.5927,83.54434929271736,29.409570977239326,85.16225607088296,-26.317053900824654,-89.09105936686198,-36.68548583984375,2.6664212670656715,3.2105844327718907,3.7032899762144185,-6.72255622016059,-0.06785074869791667,2.714114718967014,-2.5467,-0.8579,-1.4171,-0.03634,0.00546,0.05271,0.000896560843102634,0.0010002665221691132,0.0012017011176794767,0.00041550752939656377,0.0005005536368116736,0.0006072662072256207,0.011570200324058533,0.0092311417683959,0.00862911343574524,passive,0
17.2612,rehab,safe_near_limit_fast,70.61736567356944,-666.633257065156,270.72301819109475,-177.6512127365752,0.2915303350238663,-149.85267787694528,30.8158,0.0674,-51.5227,3.5753,0.3356,12.1136,83.58734281936495,29.4617492373627,85.22047817116916,-26.426739162868923,-89.09189860026042,-36.64456685384115,2.61199951171875,3.1561694758953434,3.600803035320622,-6.77885267469618,-0.06785074869791667,2.510553995768229,-2.4437,-0.8232,-0.4307,-0.04183,-0.00284,0.0445,0.000896560843102634,0.0010002665221691132,0.0012017011176794767,0.00041550752939656377,0.0005005536368116736,0.0006072662072256207,0.011570200324058533,0.0092311417683959,0.00862911343574524,passive,0
17.2814,rehab,safe_near_limit_fast,71.34475459539952,-666.6357962771937,269.50770155423885,-177.65221539757633,0.29225250762692445,-149.8526157100201,30.195,0.059,-50.1424,8.9642,0.4041,7.3714,83.65118725465075,29.539578126208617,85.30676435716082,-26.591398451063366,-89.09318712022569,-36.58262464735243,2.6664212670656715,3.2650061881188117,3.6300228609897123,-6.747521294487847,-0.06785074869791667,2.5784132215711804,-2.5042,-0.9735,-0.9257,-0.04514,-0.00341,0.04702,0.000896560843102634,0.0010002665221691132,0.0012017011176794767,0.00041550752939656377,0.0005005536368116736,0.0006072662072256207,0.011570200324058533,0.0092311417683959,0.00862911343574524,passive,0
17.3012,rehab,safe_near_limit_fast,71.82752367105346,-666.6338530760349,268.7056184871138,-177.6525465049631,0.2925200222499841,-149.8525888035683,30.1869,0.0131,-49.8161,9.5055,0.1472,6.5187,83.69352132967202,29.590763809657332,85.36420463335396,-26.70077853732639,-89.09400939941406,-36.54153611924913,2.557584554842203,3.319421144995359,3.593045980623453,-6.714409722222222,-0.06785074869791667,2.510553995768229,-2.4038,-0.8516,-0.4094,-0.036,0.01411,0.05206,0.000896560843102634,0.0010002665221691132,0.0012017011176794767,0.00041550752939656377,0.0005005536368116736,0.0006072662072256207,0.011570200324058533,0.0092311417683959,0.00862911343574524,passive,0
17.3208,rehab,safe_near_limit_fast,72.54978222304578,-666.6296053963056,267.51371393378696,-177.6520083206348,0.29215974510331183,-149.8532660071057,30.1994,-0.0132,-49.5142,10.398,-0.4588,1.9816,83.7568490812094,29.667001856435643,85.44983136771928,-26.86507331000434,-89.09525553385417,-36.47935655381944,2.7208362239422184,3.1561694758953434,3.5758798429281407,-6.86812506781684,-0.0,2.714114718967014,-2.4639,-0.6894,-0.8056,-0.01755,0.00261,0.05004,0.000896560843102634,0.0010002665221691132,0.0012017011176794767,0.00041550752939656377,0.0005005536368116736,0.0006072662072256207,0.011570200324058533,0.0092311417683959,0.00862911343574524,passive,0
17.341,rehab,safe_near_limit_fast,73.03954292018733,-666.6283069137319,266.72115983362187,-177.65141549207615,0.2917541439163794,-149.85337872692008,30.7921,0.0044,-50.0192,11.5974,-0.9377,-5.1503,83.79980181703473,29.718255524588102,85.50600712842281,-26.97441948784722,-89.09609476725261,-36.43750508626302,2.7208362239422184,3.2105844327718907,3.5038296539004485,-6.652492947048611,-0.06785074869791667,2.510553995768229,-2.4109,-0.6988,-0.5667,-0.01115,0.00378,0.0535,0.000896560843102634,0.0010002665221691132,0.0012017011176794767,0.00041550752939656377,0.0005005536368116736,0.0006072662072256207,0.011570200324058533,0.0092311417683959,0.00862911343574524,passive,0
17.3608,rehab,safe_near_limit_fast,73.78090914732064,-666.632066110381,265.5185137364808,-177.65146468565914,0.291761243047265,-149.85262809529945,31.5205,0.0366,-50.7722,13.585,-0.8423,-12.3277,83.86487677545831,29.797240153397663,85.58889407922726,-27.138036092122395,-89.09740871853299,-36.37500339084201,2.7208362239422184,3.373836101871906,3.5287188539410583,-7.0147705078125,-0.06785074869791667,2.6462639702690973,-2.4719,-0.9741,-1.6162,-0.03206,0.00352,0.04873,0.000896560843102634,0.0010002665221691132,0.0012017011176794767,0.00041550752939656377,0.0005005536368116736,0.0006072662072256207,0.011570200324058533,0.0092311417683959,0.00862911343574524,passive,0
17.3813,rehab,safe_near_limit_fast,74.27852449926449,-666.6356881641667,264.7156043257174,-177.6515368028804,0.29179825793947917,-149.85209063072818,31.3332,0.0243,-50.2916,8.3075,-0.4425,-5.2932,83.90856374608408,29.850424587136448,85.64351299021503,-27.24695841471354,-89.09829033745659,-36.333067152235245,2.8296661376953125,3.2105844327718907,3.5434919300645884,-6.917834811740451,-0.0,2.6462639702690973,-2.6305,-0.8261,-1.6719,-0.02884,0.00825,0.05737,0.000896560843102634,0.0010002665221691132,0.0012017011176794767,0.00041550752939656377,0.0005005536368116736,0.0006072662072256207,0.011570200324058533,0.0092311417683959,0.00862911343574524,passive,0
17.4012,rehab,safe_near_limit_fast,75.03302485217745,-666.6327238485585,263.51307520214834,-177.65216082824264,0.2922407791482478,-149.8515526353423,31.943,-0.032,-51.2694,4.2709,-0.2951,2.8211,83.97471966129719,29.929640363938738,85.72589005574142,-27.409608629014755,-89.09962972005208,-36.269259982638886,2.7752511808187657,3.319421144995359,3.400431717976485,-6.848237779405382,-0.0,2.5784132215711804,-2.5217,-0.7685,-1.4314,-0.02127,0.00695,0.05169,0.000896560843102634,0.0010002665221691132,0.0012017011176794767,0.00041550752939656377,0.0005005536368116736,0.0006072662072256207,0.011570200324058533,0.0092311417683959,0.00862911343574524,passive,0
17.4208,rehab,safe_near_limit_fast,75.52644332278902,-666.6318531221748,262.7318098429828,-177.65052255975544,0.29106839321044814,-149.85200843976412,31.6687,-0.0727,-50.9015,4.8128,-0.43,4.8964,84.0179987237005,29.981308738784033,85.78006026768448,-27.51867506239149,-89.10049438476562,-36.22673034667969,2.7208362239422184,3.319421144995359,3.412770941705987,-6.903533935546875,-0.0,2.6462639702690973,-2.5132,-0.8711,-1.2687,-0.03649,0.01188,0.05106,0.000896560843102634,0.0010002665221691132,0.0012017011176794767,0.00041550752939656377,0.0005005536368116736,0.0006072662072256207,0.011570200324058533,0.0092311417683959,0.00862911343574524,passive,0
17.4409,rehab,safe_near_limit_fast,76.39573382792535,-666.628490826258,261.3495458736426,-177.64930171121222,0.2901541851914394,-149.85338193961994,31.3775,-0.061,-50.1918,0.1243,-0.5689,16.0086,84.0942367704788,30.073156073541924,85.87452501353651,-27.708663940429688,-89.10209655761719,-36.151224772135414,2.8296661376953125,3.373836101871906,3.340040905640857,-6.758507622612847,-0.0,2.5784132215711804,-2.4491,-0.908,-1.8903,-0.02989,0.01084,0.04927,0.000896560843102634,0.0010002665221691132,0.0012017011176794767,0.00041550752939656377,0.0005005536368116736,0.0006072662072256207,0.011570200324058533,0.0092311417683959,0.00862911343574524,passive,0
17.4608,rehab,safe_near_limit_fast,76.89243901322514,-666.6308271448956,260.5345552068213,-177.65056075808542,0.29106536679799805,-149.85463782548786,31.307,-0.0257,-49.497,1.1404,-0.2156,20.6956,84.13783536098971,30.128148900400294,85.92796099067914,-27.816780938042534,-89.10302056206596,-36.10757615831163,2.7752511808187657,3.428251058748453,3.2829065606145575,-6.74147711859809,-0.06785074869791667,2.714114718967014,-2.5807,-0.9647,-2.0679,-0.03413,0.0098,0.05002,0.000896560843102634,0.0010002665221691132,0.0012017011176794767,0.00041550752939656377,0.0005005536368116736,0.0006072662072256207,0.011570200324058533,0.0092311417683959,0.00862911343574524,passive,0
17.4811,rehab,safe_near_limit_fast,77.40514687036834,-666.6376551635726,259.7149107659706,-177.651619398199,0.2918127929395715,-149.85458308979517,31.335,-0.0188,-48.846,5.7917,0.626,22.6598,84.18286842874961,30.18439264580755,85.98027522021,-27.925287882486977,-89.10396152072482,-36.06380886501736,2.8296661376953125,3.5915027278484684,3.2097278255047184,-6.73386467827691,-0.13570149739583334,2.8498246934678817,-2.6953,-1.0556,-1.8364,-0.04433,0.01413,0.05074,0.000896560843102634,0.0010002665221691132,0.0012017011176794767,0.00041550752939656377,0.0005005536368116736,0.0006072662072256207,0.011570200324058533,0.0092311417683959,0.00862911343574524,passive,0
17.5012,rehab,safe_near_limit_fast,78.17749923158516,-666.6414955023395,258.4995444273388,-177.65270999487126,0.29260557040284585,-149.8548095343156,32.6777,-0.0262,-50.191,11.6045,1.2077,22.5565,84.25064237991182,30.26755153542698,86.05853921115988,-28.087242974175346,-89.10536024305556,-35.997611151801216,2.8296661376953125,3.428251058748453,3.358410372592435,-6.615354749891493,-0.06785074869791667,2.781973944769965,-2.6086,-0.9795,-1.6017,-0.02767,0.01443,0.06118,0.000896560843102634,0.0010002665221691132,0.0012017011176794767,0.00041550752939656377,0.0005005536368116736,0.0006072662072256207,0.011570200324058533,0.0092311417683959,0.00862911343574524,passive,0
17.5209,rehab,safe_near_limit_fast,78.70779217888727,-666.6388570484193,257.71061574628226,-177.65199494544382,0.2920716939682775,-149.85427207779333,32.2294,-0.0368,-48.9117,20.8301,1.066,11.4056,84.29712352186147,30.32142941314395,86.11023477988668,-28.19497850206163,-89.10632663302951,-35.952860514322914,2.8296661376953125,3.373836101871906,3.1660272579381963,-6.652094523111979,-0.06785074869791667,2.8498246934678817,-2.4427,-0.8519,-1.3696,-0.02455,-0.00044,0.05022,0.000896560843102634,0.0010002665221691132,0.0012017011176794767,0.00041550752939656377,0.0005005536368116736,0.0006072662072256207,0.011570200324058533,0.0092311417683959,0.00862911343574524,passive,0
17.541,rehab,safe_near_limit_fast,79.51018360899772,-666.6325503855426,256.5367820681119,-177.64997355533805,0.29061196042644116,-149.8540669353288,31.9702,-0.0198,-47.7119,25.6501,0.4577,1.2684,84.36743330247332,30.401794131439512,86.18733623240253,-28.356874254014755,-89.10779317220052,-35.88454352484809,2.884087893042234,3.428251058748453,3.142042254457379,-6.851492987738715,-0.13570149739583334,2.9176754421657987,-2.5388,-0.8935,-1.036,-0.03734,-0.00705,0.0485,0.000896560843102634,0.0010002665221691132,0.0012017011176794767,0.00041550752939656377,0.0005005536368116736,0.0006072662072256207,0.011570200324058533,0.0092311417683959,0.00862911343574524,passive,0
17.5611,rehab,safe_near_limit_fast,80.05332365521195,-666.631154344872,255.74041281467342,-177.64981209738167,0.29050135829998325,-149.85343169121685,33.3581,0.0453,-48.7567,29.0343,-0.0306,-7.4992,84.4150429905051,30.457058897112855,86.23788285963606,-28.46417744954427,-89.10877651638455,-35.83875868055556,2.938502849918781,3.5915027278484684,3.193003588383741,-6.8070729573567705,-0.06785074869791667,2.781973944769965,-2.5462,-0.9357,-0.9816,-0.05653,0.00203,0.04183,0.000896560843102634,0.0010002665221691132,0.0012017011176794767,0.00041550752939656377,0.0005005536368116736,0.0006072662072256207,0.011570200324058533,0.0092311417683959,0.00862911343574524,passive,0
17.5809,rehab,safe_near_limit_fast,80.869624517174,-666.6349748255178,254.5246548488858,-177.65114220774728,0.29148518225246994,-149.8533221579023,33.6533,0.0753,-48.2019,31.8416,-0.2294,-13.8994,84.48664448048808,30.542556460541075,86.31248927352452,-28.624598185221352,-89.11026848687065,-35.769051445855034,2.938502849918781,3.5915027278484684,3.1262018184850713,-6.7230987548828125,-0.06785074869791667,2.9176754421657987,-2.5124,-0.8567,-1.0476,-0.03807,0.00919,0.0469,0.000896560843102634,0.0010002665221691132,0.0012017011176794767,0.00041550752939656377,0.0005005536368116736,0.0006072662072256207,0.011570200324058533,0.0092311417683959,0.00862911343574524,passive,0
17.6012,rehab,safe_near_limit_fast,81.42309139360523,-666.6380053956543,253.7150252813224,-177.65176631868948,0.29195869209044817,-149.85368171262203,34.6683,0.0367,-49.1986,42.1436,-0.3968,-29.2244,84.53519235743154,30.5999491474416,86.36158102809793,-28.731647067599827,-89.11129421657986,-35.721333821614586,3.1017545190187965,3.428251058748453,3.1082470582263304,-6.7530568440755205,-0.0,2.985526190863715,-2.4247,-0.7518,-1.0452,-0.01945,0.01115,0.05205,0.000896560843102634,0.0010002665221691132,0.0012017011176794767,0.00041550752939656377,0.0005005536368116736,0.0006072662072256207,0.011570200324058533,0.0092311417683959,0.00862911343574524,passive,0
17.6209,rehab,safe_near_limit_fast,81.98937350533889,-666.6385295157561,252.9167772907171,-177.65142512092797,0.29174227864921976,-149.85327412153754,35.509,-0.0276,-50.1814,49.9322,-0.6805,-41.7206,84.58483478810527,30.656661987304688,86.41025127750812,-28.83878919813368,-89.11232842339409,-35.67328559027778,3.1017545190187965,3.482672814095374,3.034456460782797,-6.871821085611979,-0.06785074869791667,2.985526190863715,-2.425,-0.9638,-1.2921,-0.01667,0.00586,0.05186,0.000896560843102634,0.0010002665221691132,0.0012017011176794767,0.00041550752939656377,0.0005005536368116736,0.0006072662072256207,0.011570200324058533,0.0092311417683959,0.00862911343574524,passive,0
17.6411,rehab,safe_near_limit_fast,82.86034679795226,-666.6326919565485,251.74448003252436,-177.6493108207541,0.29025914588971663,-149.85114152825858,36.0665,-0.0635,-50.5968,41.2495,-0.9277,-31.5595,84.6611204241762,30.73997724174273,86.48250542064704,-28.998981051974827,-89.11390516493056,-35.600899590386284,3.319421144995359,3.482672814095374,3.1071185121441833,-6.652128431532118,-0.06785074869791667,2.9176754421657987,-2.4755,-0.8767,-1.2908,-0.03083,0.01068,0.04945,0.000896560843102634,0.0010002665221691132,0.0012017011176794767,0.00041550752939656377,0.0005005536368116736,0.0006072662072256207,0.011570200324058533,0.0092311417683959,0.00862911343574524,passive,0
17.661,rehab,safe_near_limit_fast,83.58915883648629,-666.6295857317157,250.74760595054258,-177.64915681317285,0.2901325615046119,-149.8510320855528,37.1579,-0.0459,-51.4229,29.2343,-0.6087,-14.0425,84.72497845640277,30.811429165377476,86.54224357982673,-29.132122463650173,-89.11531236436632,-35.538626776801216,3.2105844327718907,3.64592448319539,3.0911081144125157,-6.5428924560546875,-0.06785074869791667,3.0533854166666665,-2.4189,-0.7891,-1.2653,-0.02415,0.01826,0.05397,0.000896560843102634,0.0010002665221691132,0.0012017011176794767,0.00041550752939656377,0.0005005536368116736,0.0006072662072256207,0.011570200324058533,0.0092311417683959,0.00862911343574524,passive,0
17.6809,rehab,safe_near_limit_fast,84.45808885894539,-666.6338928776629,249.51360319380694,-177.65184774777535,0.29203084725911965,-149.8517167816056,37.93,-0.0198,-51.6087,17.5477,0.3459,6.6744,84.80117571235883,30.901134981967434,86.61278450843132,-29.291186862521702,-89.11700778537326,-35.46351962619357,3.1017545190187965,3.809169353825031,2.966322190690749,-6.784278021918403,-0.13570149739583334,3.121236165364583,-2.4995,-0.7836,-1.1141,-0.04122,0.00816,0.05045,0.000896560843102634,0.0010002665221691132,0.0012017011176794767,0.00041550752939656377,0.0005005536368116736,0.0006072662072256207,0.011570200324058533,0.0092311417683959,0.00862911343574524,passive,0
17.701,rehab,safe_near_limit_fast,85.03487977321143,-666.6394999318916,248.69752358301295,-177.65302877439316,0.2928456294801988,-149.8535755552451,38.7449,-0.0174,-52.0632,14.2411,1.2179,17.1821,84.85178352582572,30.961049901376857,86.65876936204363,-29.397091335720486,-89.11818610297308,-35.412233140733505,3.2650061881188117,3.64592448319539,2.870157827245127,-6.652323404947916,-0.06785074869791667,3.2569376627604165,-2.4737,-0.9004,-1.028,-0.03644,0.01743,0.04842,0.000896560843102634,0.0010002665221691132,0.0012017011176794767,0.00041550752939656377,0.0005005536368116736,0.0006072662072256207,0.011570200324058533,0.0092311417683959,0.00862911343574524,passive,0
17.721,rehab,safe_near_limit_fast,85.92421337851115,-666.642818883786,247.50088358151973,-177.6530203246382,0.2928284159752525,-149.85575450337953,38.2556,-0.0129,-50.9008,17.9326,1.4085,12.9649,84.9297551825495,31.04922606213258,86.72653651473546,-29.555248684353298,-89.11998324924045,-35.3338368733724,3.428251058748453,3.64592448319539,2.8857739136950804,-6.568264431423611,-0.06785074869791667,3.324796888563368,-2.4745,-0.8156,-1.0481,-0.03852,0.01357,0.04423,0.000896560843102634,0.0010002665221691132,0.0012017011176794767,0.00041550752939656377,0.0005005536368116736,0.0006072662072256207,0.011570200324058533,0.0092311417683959,0.00862911343574524,passive,0
17.7409,rehab,safe_near_limit_fast,86.53650357766749,-666.6400529713367,246.71440593858745,-177.65205284753202,0.29216229457692505,-149.85582691463554,37.8087,0.012,-49.6407,15.1929,0.9149,10.677,84.98338151686262,31.10719661901493,86.7715287916731,-29.660856458875866,-89.12117004394531,-35.28130425347222,3.5915027278484684,3.64592448319539,2.7857752129583075,-6.615244547526041,-0.06785074869791667,3.2569376627604165,-2.5862,-0.7718,-1.0451,-0.02338,0.00632,0.04814,0.000896560843102634,0.0010002665221691132,0.0012017011176794767,0.00041550752939656377,0.0005005536368116736,0.0006072662072256207,0.011570200324058533,0.0092311417683959,0.00862911343574524,passive,0
17.7611,rehab,safe_near_limit_fast,87.48317504404694,-666.6343148243527,245.5332650316894,-177.65024435616692,0.2908857095149339,-149.8540475778289,37.8377,0.0573,-48.8153,13.2198,0.2488,7.188,85.06626846766707,31.194883289903697,86.83826257686803,-29.81970893012153,-89.12299262152777,-35.20195007324219,3.428251058748453,3.64592448319539,2.8296117499323175,-6.52955796983507,-0.06785074869791667,3.4604983859592013,-2.4945,-0.7382,-1.0874,-0.04292,0.02477,0.05603,0.000896560843102634,0.0010002665221691132,0.0012017011176794767,0.00041550752939656377,0.0005005536368116736,0.0006072662072256207,0.011570200324058533,0.0092311417683959,0.00862911343574524,passive,0
17.781,rehab,safe_near_limit_fast,88.1107582033531,-666.6326316715273,244.73357266424034,-177.65026335477492,0.2909192057378304,-149.85299761179337,39.0684,0.0842,-49.7538,15.8446,-0.12,2.5257,85.12122730217358,31.254716627668625,86.88209911384205,-29.924816555447048,-89.12418789333768,-35.14920552571615,3.428251058748453,3.7003394400719367,2.695471130975402,-6.459969414605035,-0.06785074869791667,3.1890869140625,-2.3697,-0.7969,-1.3638,-0.02824,0.01428,0.05509,0.000896560843102634,0.0010002665221691132,0.0012017011176794767,0.00041550752939656377,0.0005005536368116736,0.0006072662072256207,0.011570200324058533,0.0092311417683959,0.00862911343574524,passive,0
17.8008,rehab,safe_near_limit_fast,89.03542022747524,-666.632235502067,243.5197565726584,-177.65154148503416,0.29182733905255204,-149.85283787104538,40.5685,0.0637,-51.3256,18.0496,-0.3304,2.0831,85.20222427821395,31.3459045108002,86.9474732049621,-30.082015991210938,-89.12599351671007,-35.07011413574219,3.373836101871906,3.918006066048499,2.7239159310218133,-6.6353607177734375,-0.13570149739583334,3.324796888563368,-2.4052,-0.7488,-0.6484,-0.03777,0.01264,0.05165,0.000896560843102634,0.0010002665221691132,0.0012017011176794767,0.00041550752939656377,0.0005005536368116736,0.0006072662072256207,0.011570200324058533,0.0092311417683959,0.00862911343574524,passive,0
17.8209,rehab,safe_near_limit_fast,89.65665644383759,-666.6314256599231,242.71715496053577,-177.6517864196974,0.2919729860323333,-149.85277914762062,40.0966,0.0185,-50.6558,15.8721,-0.5466,10.1773,85.2566392350905,31.406519672658185,86.99048032855043,-30.18683539496528,-89.12723965115018,-35.01692030164931,3.428251058748453,3.8635911091719524,2.5962406573909345,-6.521174112955729,-0.13570149739583334,3.392647637261285,-2.4488,-0.8368,-1.357,-0.03534,0.01171,0.05271,0.000896560843102634,0.0010002665221691132,0.0012017011176794767,0.00041550752939656377,0.0005005536368116736,0.0006072662072256207,0.011570200324058533,0.0092311417683959,0.00862911343574524,passive,0
17.841,rehab,safe_near_limit_fast,90.60162691586925,-666.6349322263939,241.5461723430483,-177.65013155436537,0.2908118276475271,-149.85251712724434,39.8558,-0.0202,-49.8752,11.7612,-0.6393,25.569,85.33943100730971,31.496368257126004,87.0518161282681,-30.342288547092014,-89.12913004557292,-34.936108059353295,3.5370877709719215,3.754754396948484,2.4480000108775526,-6.1883544921875,-0.06785074869791667,3.392647637261285,-2.5981,-0.8521,-1.283,-0.05402,0.01619,0.05093,0.000896560843102634,0.0010002665221691132,0.0012017011176794767,0.00041550752939656377,0.0005005536368116736,0.0006072662072256207,0.011570200324058533,0.0092311417683959,0.00862911343574524,passive,0
17.8612,rehab,safe_near_limit_fast,91.24899685411702,-666.6338978328549,240.75827508434512,-177.65030135636857,0.2909153434920663,-149.85137134213923,40.2745,-0.0169,-49.2019,12.2699,-0.4456,44.8102,85.39610985482093,31.55700381439511,87.09221263923267,-30.444632636176216,-89.13041856553819,-34.88171047634548,3.482672814095374,3.809169353825031,2.5031084117322866,-6.44960191514757,-0.13570149739583334,3.528349134657118,-2.4626,-0.7702,-1.0481,-0.04252,0.00987,0.04635,0.000896560843102634,0.0010002665221691132,0.0012017011176794767,0.00041550752939656377,0.0005005536368116736,0.0006072662072256207,0.011570200324058533,0.0092311417683959,0.00862911343574524,passive,0
17.881,rehab,safe_near_limit_fast,92.37677223489578,-666.6339110456565,239.3857325136001,-177.6518593853571,0.29195497416739163,-149.85199114560982,40.3394,0.0071,-47.8379,16.7197,0.0898,59.9209,85.49486443547919,31.66350185280979,87.1605916542582,-30.620337592230904,-89.13276672363281,-34.78429158528646,3.482672814095374,3.64592448319539,2.3752155870494276,-5.950868394639757,-0.0,3.4604983859592013,-2.4887,-0.7441,-1.737,-0.03728,0.02112,0.05629,0.000896560843102634,0.0010002665221691132,0.0012017011176794767,0.00041550752939656377,0.0005005536368116736,0.0006072662072256207,0.011570200324058533,0.0092311417683959,0.00862911343574524,passive,0
17.9012,rehab,safe_near_limit_fast,93.02427059160136,-666.6330725810184,238.6214289473087,-177.65264302987399,0.29248428986309044,-149.8530201283158,40.3928,0.0169,-46.1326,22.8804,0.4729,65.1417,85.55155008146079,31.7233147951636,87.19788126426168,-30.71806165907118,-89.13414001464844,-34.72766452365451,3.5370877709719215,3.5915027278484684,2.278466555151609,-6.0502370198567705,-0.06785074869791667,3.596208360460069,-2.485,-0.7167,-0.9181,-0.04703,0.01768,0.04828,0.000896560843102634,0.0010002665221691132,0.0012017011176794767,0.00041550752939656377,0.0005005536368116736,0.0006072662072256207,0.011570200324058533,0.0092311417683959,0.00862911343574524,passive,0
17.9212,rehab,safe_near_limit_fast,93.6853094425112,-666.6323982698632,237.8839467657602,-177.65227929996013,0.2922377723601706,-149.8540261255742,41.3078,0.0202,-45.2631,29.7694,0.4188,63.8639,85.60941186281714,31.78175444650178,87.23317892244546,-30.81383599175347,-89.1355472140842,-34.669859144422745,3.64592448319539,3.5370877709719215,2.1505125442353807,-5.992279052734375,-0.06785074869791667,3.799769083658854,-2.2753,-0.7037,-1.7402,-0.03263,0.0103,0.05276,0.000896560843102634,0.0010002665221691132,0.0012017011176794767,0.00041550752939656377,0.0005005536368116736,0.0006072662072256207,0.011570200324058533,0.0092311417683959,0.00862911343574524,passive,0
17.9412,rehab,safe_near_limit_fast,94.69719729810963,-666.6324974719131,236.81625406909728,-177.65058865122947,0.2911106564393357,-149.85484873283156,42.7606,0.0212,-44.6855,38.1967,0.1748,57.1714,85.69796873791383,31.867680313563582,87.2826106005376,-30.953648885091145,-89.13769192165799,-34.58202785915798,3.754754396948484,3.482672814095374,1.9820668437693378,-5.816141764322917,-0.06785074869791667,3.799769083658854,-2.3086,-0.5151,-1.4598,-0.03254,0.01716,0.05635,0.000896560843102634,0.0010002665221691132,0.0012017011176794767,0.00041550752939656377,0.0005005536368116736,0.0006072662072256207,0.011570200324058533,0.0092311417683959,0.00862911343574524,passive,0
17.9608,rehab,safe_near_limit_fast,95.39313650546117,-666.6308905247545,236.10993792821617,-177.650898718908,0.2913406404535042,-149.8540354715852,43.6111,0.0194,-43.3487,46.661,-0.242,44.2791,85.75884224164604,31.925147783638227,87.31359802850402,-31.04334513346354,-89.139158460829,-34.52296786838107,3.754754396948484,3.5370877709719215,1.9344775511486696,-5.523325602213542,-0.13570149739583334,3.664059109157986,-2.2352,-0.4963,-1.2613,-0.01292,0.01066,0.05245,0.000896560843102634,0.0010002665221691132,0.0012017011176794767,0.00041550752939656377,0.0005005536368116736,0.0006072662072256207,0.011570200324058533,0.0092311417683959,0.00862911343574524,passive,0
17.9812,rehab,safe_near_limit_fast,96.4355648876915,-666.6322039234327,235.07363414955955,-177.65233501534556,0.29230599351450537,-149.8530189742861,43.4537,0.0175,-42.0041,50.6384,-0.503,35.4507,85.85003692324798,32.01071333177019,87.35649637656637,-31.17251925998264,-89.14142184787326,-34.434238009982636,3.754754396948484,3.64592448319539,1.7051039591874226,-5.220582750108507,-0.13570149739583334,3.7319098578559027,-2.3487,-0.636,-1.537,-0.0399,0.02941,0.04891,0.000896560843102634,0.0010002665221691132,0.0012017011176794767,0.00041550752939656377,0.0005005536368116736,0.0006072662072256207,0.011570200324058533,0.0092311417683959,0.00862911343574524,passive,0
