index,time_s,cycle_phase,hip_deg,knee_deg,originally_above_native_120,within_125_model_limit,target_relevant_actuator_count,target_relevant_tendon_length_min_m,target_relevant_tendon_length_max_m,target_relevant_actuator_length_min_m,target_relevant_actuator_length_max_m,target_relevant_normalized_actuator_length_min,target_relevant_normalized_actuator_length_max,target_relevant_actuator_force_max_abs_n,target_relevant_force_to_model_fmax_ratio_max,all_model_normalized_actuator_length_min_context_only,all_model_normalized_actuator_length_max_context_only,key_muscle_forces_json,source_equality_max_abs_residual,source_equality_max_abs_force,finite,warning_count,abnormal_condition,abnormal_reasons,context_warning,context_warning_reasons
0,0.0,flexion,29.00072239942989,18.35481394984986,False,True,31,0.08228774342667083,0.5560541703861528,0.08228774342667083,0.5560541703861528,-0.6402348833020948,0.8846996884590768,76.52170685323601,0.10078465988223757,-0.9156927494310412,1.0000039331521238,"{""bflh_r"":-4.899912103425381,""gasmed_r"":-55.80137889191909,""recfem_r"":0.0,""semimem_r"":-11.069767140187777,""vaslat_r"":0.0}",1.3877787807814457e-17,163.32648415831252,True,0,False,,True,actuator_lengthrange_coordinate_below_context_band
1,0.068,flexion,29.000863496210833,18.354919230790795,False,True,31,0.08228774209503847,0.5560539831839326,0.08228774209503847,0.5560539831839326,-0.6402333885923123,0.8846989703678632,76.52252606428071,0.10078358474864722,-0.9156927494310412,1.0000039331521238,"{""bflh_r"":-4.899992587669949,""gasmed_r"":-55.80113340474911,""recfem_r"":0.0,""semimem_r"":-11.069838716909992,""vaslat_r"":0.0}",1.3877787807814457e-17,163.32646891277744,True,0,False,,True,actuator_lengthrange_coordinate_below_context_band
2,0.136,flexion,29.001846088838853,18.35565445571657,False,True,31,0.08228773281993959,0.5560526784889247,0.08228773281993959,0.5560526784889247,-0.6402229503692812,0.8846939555893597,76.52823110826948,0.10077607673027832,-0.9156927494310412,1.0000039331521238,"{""bflh_r"":-4.900551543354745,""gasmed_r"":-55.79941906068014,""recfem_r"":0.0,""semimem_r"":-11.070334559852656,""vaslat_r"":0.0}",1.3877787807814457e-17,163.3263977923303,True,0,False,,True,actuator_lengthrange_coordinate_below_context_band
3,0.204,flexion,29.004516725579556,18.357670437679335,False,True,31,0.08228770759601012,0.5560491235559982,0.08228770759601012,0.5560491235559982,-0.6401943289960983,0.8846802049254017,76.54373791697726,0.10075549096717165,-0.9156927494310412,1.0000039331521238,"{""bflh_r"":-4.902057548953891,""gasmed_r"":-55.794718385659365,""recfem_r"":0.0,""semimem_r"":-11.071659713965856,""vaslat_r"":0.0}",2.7755575615628914e-17,163.32623067649615,True,0,False,,True,actuator_lengthrange_coordinate_below_context_band
4,0.272,flexion,29.009785554760132,18.361719226285942,False,True,31,0.08228765776942705,0.5560420743453403,0.08228765776942705,0.5560420743453403,-0.6401368481224335,0.8846525880691969,76.57433427809902,0.10071415283908525,-0.9156927494310412,1.0000039331521238,"{""bflh_r"":-4.90497529188085,""gasmed_r"":-55.78527800585163,""recfem_r"":0.0,""semimem_r"":-11.074182956773452,""vaslat_r"":0.0}",1.3877787807814457e-17,163.32592046156984,True,0,False,,True,actuator_lengthrange_coordinate_below_context_band
5,0.34,flexion,29.018718532392505,18.368779201869046,False,True,31,0.08228757310058024,0.5560300249010589,0.08228757310058024,0.5560300249010589,-0.640036619614196,0.8846044293955987,76.62621880007508,0.10064208710460164,-0.9156927494310412,1.0000039331521238,"{""bflh_r"":-4.90977616711551,""gasmed_r"":-55.768817216303,""recfem_r"":0.0,""semimem_r"":-11.078211773419834,""vaslat_r"":0.0}",1.3877787807814457e-17,163.3254064447726,True,0,False,,True,actuator_lengthrange_coordinate_below_context_band
6,0.408,flexion,29.032649439700887,18.380208421470083,False,True,31,0.08228744058084861,0.5560110233785255,0.08228744058084861,0.5560110233785255,-0.6398743684967696,0.884526459884032,76.70715805384604,0.10052546643693776,-0.9156927494310412,1.0000039331521238,"{""bflh_r"":-4.916950239175044,""gasmed_r"":-55.74217098009658,""recfem_r"":0.0,""semimem_r"":-11.08396001782406,""vaslat_r"":0.0}",8.673617379884035e-18,163.3246068965309,True,0,False,,True,actuator_lengthrange_coordinate_below_context_band
7,0.47600000000000003,flexion,29.053294364880607,18.397904435924676,False,True,31,0.08228724311884002,0.5559824817458685,0.08228724311884002,0.5559824817458685,-0.6396231683330663,0.884405722473554,76.82716376309482,0.1003450103111291,-0.9156927494310412,1.0000039331521238,"{""bflh_r"":-4.927016393677354,""gasmed_r"":-55.700918477844006,""recfem_r"":0.0,""semimem_r"":-11.091510473035147,""vaslat_r"":0.0}",4.163336342344337e-17,163.32341197728223,True,0,False,,True,actuator_lengthrange_coordinate_below_context_band
8,0.544,flexion,29.08284480547252,18.424440847830205,False,True,31,0.08228695824626746,0.5559410161129502,0.08228695824626746,0.5559410161129502,-0.6392465111684109,0.8842246314533393,76.9990555822828,0.10007465261231481,-0.9156927494310412,1.0000039331521238,"{""bflh_r"":-4.940526120861856,""gasmed_r"":-55.639067112873875,""recfem_r"":0.0,""semimem_r"":-11.100775027797539,""vaslat_r"":0.0}",1.3877787807814457e-17,163.32167851060257,True,0,False,,True,actuator_lengthrange_coordinate_below_context_band
9,0.612,flexion,29.124008453200293,18.463142197949395,False,True,31,0.08228655703946011,0.5558823655103142,0.08228655703946011,0.5558823655103142,-0.6386972603655964,0.8839604446623308,77.23873487824955,0.09968089218174148,-0.9156927494310412,1.0000039331521238,"{""bflh_r"":-4.9580547917955515,""gasmed_r"":-55.54888242356874,""recfem_r"":0.0,""semimem_r"":-11.111455753043794,""vaslat_r"":0.0}",1.3877787807814457e-17,163.31922848911032,True,0,False,,True,actuator_lengthrange_coordinate_below_context_band
10,0.68,flexion,29.17995938221816,18.51804978245599,False,True,31,0.08228600352982099,0.5558014483848379,0.08228600352982099,0.5558014483848379,-0.6379181625820527,0.8835854679935484,77.56495174425741,0.09912333631593258,-0.9156927494310412,1.0000039331521238,"{""bflh_r"":-4.980172534774324,""gasmed_r"":-55.42097551713438,""recfem_r"":0.0,""semimem_r"":-11.123010861776045,""vaslat_r"":0.0}",1.3877787807814457e-17,163.31585357074795,True,0,False,,True,actuator_lengthrange_coordinate_below_context_band
11,0.748,flexion,29.254152078795393,18.593722088839467,False,True,31,0.08228525502898051,0.5556926280018508,0.08228525502898051,0.5556926280018508,-0.6368447201020935,0.8830683738301593,77.99830048167955,0.09835702976003001,-0.9156927494310412,1.0000039331521238,"{""bflh_r"":-5.007384913365674,""gasmed_r"":-55.24478020336221,""recfem_r"":0.0,""semimem_r"":-11.134630564585466,""vaslat_r"":0.0}",1.3877787807814457e-17,163.31132827366517,True,0,False,,True,actuator_lengthrange_coordinate_below_context_band
12,0.816,flexion,29.34994678716711,18.69480501533778,False,True,31,0.0822842640916885,0.5555502705460188,0.0822842640916885,0.5555502705460188,-0.635411339923871,0.8823770787775889,78.55912570314324,0.09733721155994592,-0.9156927494310412,1.0000039331521238,"{""bflh_r"":-5.040031584645279,""gasmed_r"":-55.00957058990914,""recfem_r"":0.0,""semimem_r"":-11.145229535334197,""vaslat_r"":0.0}",1.3877787807814457e-17,163.30543520889643,True,0,False,,True,actuator_lengthrange_coordinate_below_context_band
13,0.884,flexion,29.469987224618638,18.825299179909432,False,True,31,0.08228298336475086,0.5553696933891974,0.08228298336475086,0.5553696933891974,-0.6335617749515358,0.8814836926471581,79.26395908354382,0.09602713500456113,-0.9156927494310412,1.0000039331521238,"{""bflh_r"":-5.078129078975423,""gasmed_r"":-54.70618491720547,""recfem_r"":0.0,""semimem_r"":-11.153465513829028,""vaslat_r"":0.0}",1.3877787807814457e-17,163.29800665712008,True,0,False,,True,actuator_lengthrange_coordinate_below_context_band
14,0.9520000000000001,flexion,29.615266024153087,18.987444657396278,False,True,31,0.08228137537625313,0.5551486159659998,0.08228137537625313,0.5551486159659998,-0.6312649507726705,0.88037212116709,80.12003455751493,0.09440950017625789,-0.9156927494310412,1.0000039331521238,"{""bflh_r"":-5.121142044044004,""gasmed_r"":-54.32963121845525,""recfem_r"":0.0,""semimem_r"":-11.157797804293919,""vaslat_r"":0.0}",2.7755575615628914e-17,163.28898823774205,True,0,False,,True,actuator_lengthrange_coordinate_below_context_band
15,1.02,flexion,29.783808446734483,19.1801375934831,False,True,31,0.08227943033266158,0.5548892412386045,0.08227943033266158,0.5548892412386045,-0.628537329038588,0.8790489774036091,81.11735345428372,0.09250188391045928,-0.9156927494310412,1.0000039331521238,"{""bflh_r"":-5.167666261520222,""gasmed_r"":-53.88275390876662,""recfem_r"":0.0,""semimem_r"":-11.15660478711396,""vaslat_r"":0.0}",1.3877787807814457e-17,163.27853233034529,True,0,False,,True,actuator_lengthrange_coordinate_below_context_band
16,1.088,flexion,29.968901087302683,19.396788478840925,False,True,31,0.08227719584028574,0.5546011087911392,0.08227719584028574,0.5546011087911392,-0.6254730046006632,0.8775585210331395,82.21771220141807,0.09037636622140918,-0.9156927494310412,1.0000039331521238,"{""bflh_r"":-5.215007415470216,""gasmed_r"":-53.381138852796546,""recfem_r"":0.0,""semimem_r"":-11.148384337437617,""vaslat_r"":0.0}",1.3877787807814457e-17,163.26713096462322,True,0,False,,True,actuator_lengthrange_coordinate_below_context_band
17,1.1560000000000001,flexion,30.157412232321544,19.62324904110706,False,True,31,0.08227481416037327,0.5543038944762148,0.08227481416037327,0.5543038944762148,-0.6222726126485757,0.8759974007010477,83.34384154133811,0.08817656523299569,-0.9156927494310412,1.0000039331521238,"{""bflh_r"":-5.258809975863071,""gasmed_r"":-52.85777171750735,""recfem_r"":0.0,""semimem_r"":-11.132041812638372,""vaslat_r"":0.0}",1.3877787807814457e-17,163.2556602228183,True,0,False,,True,actuator_lengthrange_coordinate_below_context_band
18,1.224,flexion,30.34025480045472,19.84974660375527,False,True,31,0.08227240199903603,0.5540113316096134,0.08227240199903603,0.5540113316096134,-0.6190743671886504,0.8744327695340776,84.44131351862276,0.08599901149737585,-0.9156927494310412,1.0000039331521238,"{""bflh_r"":-5.295985949476861,""gasmed_r"":-52.33533168375011,""recfem_r"":0.0,""semimem_r"":-11.106865196400136,""vaslat_r"":0.0}",1.3877787807814457e-17,163.24429921272724,True,0,False,,True,actuator_lengthrange_coordinate_below_context_band
19,1.292,flexion,30.51860917243021,20.07786324685124,False,True,31,0.08226995219467041,0.5537215029144918,0.08226995219467041,0.5537215029144918,-0.6158558842434876,0.872853656079865,85.51674132573683,0.08382890637277034,-0.9156927494310412,1.0000039331521238,"{""bflh_r"":-5.326599212733836,""gasmed_r"":-51.81021211539606,""recfem_r"":0.0,""semimem_r"":-11.072554360949832,""vaslat_r"":0.0}",3.469446951953614e-18,163.23282003928458,True,0,False,,True,actuator_lengthrange_coordinate_below_context_band
20,1.36,flexion,30.698717377445313,20.314236054971637,False,True,31,0.08226738125014864,0.5534249339009835,0.08226738125014864,0.5534249339009835,-0.6125236154732314,0.8712138916588351,86.60760702987858,0.081604800749493,-0.9156927494310412,1.0000039331521238,"{""bflh_r"":-5.352724835113192,""gasmed_r"":-51.267237694455424,""recfem_r"":0.0,""semimem_r"":-11.029656910735778,""vaslat_r"":0.0}",3.469446951953614e-18,163.22071061765615,True,0,False,,True,actuator_lengthrange_coordinate_below_context_band
21,1.428,flexion,30.893513064351353,20.572107383110186,False,True,31,0.08226449088995912,0.5531020941127497,0.08226449088995912,0.5531020941127497,-0.6088913098684818,0.8694209179687201,87.79288135037498,0.07920711248319844,-0.9156927494310412,1.0000039331521238,"{""bflh_r"":-5.379166397154043,""gasmed_r"":-50.67625527444355,""recfem_r"":0.0,""semimem_r"":-10.979872698329265,""vaslat_r"":0.0}",5.551115123125783e-17,163.20701360793018,True,0,False,,True,actuator_lengthrange_coordinate_below_context_band
22,1.496,flexion,31.119358941946068,20.868115516603176,False,True,31,0.08226099705690743,0.5527280887982375,0.08226099705690743,0.5527280887982375,-0.6047255953156541,0.8673575325467056,89.17410669933518,0.07649205669943748,-0.9156927494310412,1.0000039331521238,"{""bflh_r"":-5.412137655728551,""gasmed_r"":-49.99969979541735,""recfem_r"":0.0,""semimem_r"":-10.925355832099457,""vaslat_r"":0.0}",5.204170427930421e-18,163.19095198897256,True,0,False,,True,actuator_lengthrange_coordinate_below_context_band
23,1.564,flexion,31.37771656678005,21.204270421283272,False,True,31,0.08225681233097669,0.5522999189238659,0.08225681233097669,0.5522999189238659,-0.5999995967548043,0.8650074773466964,90.76330559646003,0.07345746593756815,-0.9156927494310412,1.0000039331521238,"{""bflh_r"":-5.45177439679126,""gasmed_r"":-49.23383712671911,""recfem_r"":0.0,""semimem_r"":-10.865354364700124,""vaslat_r"":0.0}",2.7755575615628914e-17,163.17276626344213,True,0,False,,True,actuator_lengthrange_coordinate_below_context_band
24,1.632,flexion,31.662918729683447,21.575591619055345,False,True,31,0.08225195995981521,0.5518251759510612,0.08225195995981521,0.5518251759510612,-0.594784738971983,0.8624031223460845,92.52880663263132,0.0715176393639086,-0.9156927494310412,1.0000039331521238,"{""bflh_r"":-5.4952650513322,""gasmed_r"":-48.39100166457241,""recfem_r"":0.0,""semimem_r"":-10.797797681570083,""vaslat_r"":0.0}",1.3877787807814457e-17,163.15277445027445,True,0,False,,True,actuator_lengthrange_coordinate_below_context_band
25,1.7,flexion,31.966405423170393,21.974289021106248,False,True,31,0.08224652825279087,0.5513158769177975,0.08224652825279087,0.5513158769177975,-0.5891915454844092,0.8595968495327078,94.4201889271832,0.07297953217074116,-0.9156927494310412,1.0000039331521238,"{""bflh_r"":-5.538537923591544,""gasmed_r"":-47.48985199695088,""recfem_r"":0.0,""semimem_r"":-10.720141125397152,""vaslat_r"":0.0}",5.551115123125783e-17,163.13140595961096,True,0,False,,True,actuator_lengthrange_coordinate_below_context_band
26,1.768,flexion,32.28683936194268,22.399879153953155,False,True,31,0.08224049315891711,0.5507731716903236,0.08224049315891711,0.5507731716903236,-0.5832276804124593,0.85658993198129,96.43116861880438,0.07453386455205588,-0.9156927494310412,1.0000039331521238,"{""bflh_r"":-5.5802808658937515,""gasmed_r"":-46.53247075976531,""recfem_r"":0.0,""semimem_r"":-10.630913296067797,""vaslat_r"":0.0}",2.7755575615628914e-17,163.108423567486,True,0,False,,True,actuator_lengthrange_coordinate_below_context_band
27,1.836,flexion,32.628649727966774,22.857742193515023,False,True,31,0.08223371584320276,0.5501893289117857,0.08223371584320276,0.5501893289117857,-0.5768186714590408,0.8533418579990668,98.5918589760912,0.07620391174463491,-0.9156927494310412,1.0000039331521238,"{""bflh_r"":-5.621379838702374,""gasmed_r"":-45.50796244485928,""recfem_r"":0.0,""semimem_r"":-10.529362807215572,""vaslat_r"":0.0}",3.469446951953614e-18,163.0834600210466,True,0,False,,True,actuator_lengthrange_coordinate_below_context_band
28,1.9040000000000001,flexion,32.99620455919901,23.35331995719378,False,True,31,0.08222603706783384,0.5495564710008146,0.08222603706783384,0.5495564710008146,-0.5698894171497453,0.8498108356942493,100.93287321753968,0.07801333540801805,-0.9156927494310412,1.0000039331521238,"{""bflh_r"":-5.662580169216552,""gasmed_r"":-44.40573449030602,""recfem_r"":0.0,""semimem_r"":-10.41451098588077,""vaslat_r"":0.0}",5.204170427930421e-18,163.05628915061047,True,0,False,,True,actuator_lengthrange_coordinate_below_context_band
29,1.9719999999999998,flexion,33.389547011924435,23.887886186577465,False,True,31,0.08221737093833009,0.5488731369865273,0.08221737093833009,0.5488731369865273,-0.5624231951385541,0.8459840054927185,103.45790881587051,0.07996499340377536,-0.9156927494310412,1.0000039331521238,"{""bflh_r"":-5.702740138783169,""gasmed_r"":-43.22491265502041,""recfem_r"":0.0,""semimem_r"":-10.284553295802908,""vaslat_r"":0.0}",2.7755575615628914e-17,163.02694593761976,True,0,False,,True,actuator_lengthrange_coordinate_below_context_band
30,2.04,flexion,33.80762395031268,24.46169327699722,False,True,31,0.08220765166355873,0.5481394675560401,0.08220765166355873,0.5481394675560401,-0.5544174157034623,0.8418553797001154,106.16364391132491,0.08205631819022013,-0.9156927494310412,1.0000039331521238,"{""bflh_r"":-5.74017758337368,""gasmed_r"":-41.96721909734607,""recfem_r"":0.0,""semimem_r"":-10.137489548982794,""vaslat_r"":0.0}",5.204170427930421e-18,162.9954629458122,True,0,False,,True,actuator_lengthrange_coordinate_below_context_band
31,2.108,flexion,34.25057427496616,25.075804764491323,False,True,31,0.08219678315802573,0.5473539181858221,0.08219678315802573,0.5473539181858221,-0.545857969761362,0.8374127177876916,109.05440309722508,0.08429065234483578,-0.9156927494310412,1.0000039331521238,"{""bflh_r"":-5.773969662444755,""gasmed_r"":-40.632959951131326,""recfem_r"":0.0,""semimem_r"":-9.972032427081169,""vaslat_r"":0.0}",2.7755575615628914e-17,162.9618153712741,True,0,False,,True,actuator_lengthrange_coordinate_below_context_band
32,2.176,flexion,34.71894870746043,25.731478769133748,False,True,31,0.08218465225808734,0.5465143530405892,0.08218465225808734,0.5465143530405892,-0.5367278168619161,0.8326418404474485,112.13729060179651,0.0866734868887505,-0.9156927494310412,1.0000039331521238,"{""bflh_r"":-5.803512086541945,""gasmed_r"":-39.22247201194831,""recfem_r"":0.0,""semimem_r"":-9.787289307682245,""vaslat_r"":0.0}",2.7755575615628914e-17,162.92602684371857,True,0,False,,True,actuator_lengthrange_coordinate_below_context_band
33,2.244,flexion,35.21243576868055,26.429037304648634,False,True,31,0.08217116138350722,0.5456199716610197,0.08217116138350722,0.5456199716610197,-0.5270226705558717,0.8275348561369059,115.41378552597287,0.0892059650530402,-0.9156927494310412,1.0000039331521238,"{""bflh_r"":-5.827892498687318,""gasmed_r"":-37.73859673231122,""recfem_r"":0.0,""semimem_r"":-9.582444725861956,""vaslat_r"":0.0}",2.7755575615628914e-17,162.88822542738848,True,0,False,,True,actuator_lengthrange_coordinate_below_context_band
34,2.3120000000000003,flexion,35.730476903794205,27.168691587912324,False,True,31,0.08215621662105979,0.5446702551517348,0.08215621662105979,0.5446702551517348,-0.5167394339639758,0.8220842516606416,118.8835988192873,0.09188786342396162,-0.9156927494310412,1.0000039331521238,"{""bflh_r"":-5.8459629141324925,""gasmed_r"":-36.18489634743848,""recfem_r"":0.0,""semimem_r"":-9.356602367379216,""vaslat_r"":0.0}",8.326672684688674e-17,162.84852601846407,True,0,False,,True,actuator_lengthrange_coordinate_below_context_band
35,2.3800000000000003,flexion,36.27339103541529,27.95229064158381,False,True,31,0.08213969486282503,0.5436628137591872,0.08213969486282503,0.5436628137591872,-0.5058518810593593,0.8162698909945876,122.55219408525905,0.09472340494613427,-0.9156927494310412,1.0000039331521238,"{""bflh_r"":-5.8562562569654215,""gasmed_r"":-34.56209025164827,""recfem_r"":0.0,""semimem_r"":-9.108151303207437,""vaslat_r"":0.0}",2.7755575615628914e-17,162.80700610254735,True,0,False,,True,actuator_lengthrange_coordinate_below_context_band
36,2.448,flexion,36.84191175360528,28.782514564330388,False,True,31,0.0821214520769457,0.5425942652966745,0.0821214520769457,0.5425942652966745,-0.4943218956327892,0.8100646072123672,126.4278435148229,0.09771898338588403,-0.9156927494310412,1.0000039331521238,"{""bflh_r"":-5.857088699506669,""gasmed_r"":-32.87001359086952,""recfem_r"":0.0,""semimem_r"":-8.835195933531216,""vaslat_r"":0.0}",5.551115123125783e-17,162.76377873799245,True,0,False,,True,actuator_lengthrange_coordinate_below_context_band
37,2.516,flexion,37.43690592137464,29.662339365527593,False,True,31,0.08210132922808222,0.5414608031316762,0.08210132922808222,0.5414608031316762,-0.4821068910272797,0.8034379478999721,130.5197731020234,0.10088172972586232,-0.9156927494310412,1.0000039331521238,"{""bflh_r"":-5.846668890986868,""gasmed_r"":-31.108943754177506,""recfem_r"":0.0,""semimem_r"":-8.535903647378515,""vaslat_r"":0.0}",5.551115123125783e-17,162.71905026829822,True,0,False,,True,actuator_lengthrange_coordinate_below_context_band
38,2.584,flexion,38.05812176702794,30.59266636925955,False,True,31,0.08207919631824945,0.5402608980375602,0.08207919631824945,0.5402608980375602,-0.4691926992549332,0.7963740721944554,134.8294402890007,0.10421277045656614,-0.9156927494310412,1.0000039331521238,"{""bflh_r"":-5.82358468455212,""gasmed_r"":-29.284412700984493,""recfem_r"":0.0,""semimem_r"":-8.209824551186221,""vaslat_r"":0.0}",3.469446951953614e-18,162.673263686121,True,0,False,,True,actuator_lengthrange_coordinate_below_context_band
39,2.652,flexion,38.704721934707635,31.573198829330316,False,True,31,0.0820549420418383,0.5389943103006226,0.0820549420418383,0.5389943103006226,-0.4555814227582475,0.7888656040638385,139.3538991625522,0.1077098286140349,-0.9156927494310412,1.0000039331521238,"{""bflh_r"":-5.786751360570858,""gasmed_r"":-27.405241535687217,""recfem_r"":0.0,""semimem_r"":-7.8575341847912785,""vaslat_r"":0.0}",5.551115123125783e-17,162.6269619511378,True,0,False,,True,actuator_lengthrange_coordinate_below_context_band
40,2.72,flexion,39.37605440586586,32.60420661919378,False,True,31,0.08202844869170135,0.5376602665881722,0.08202844869170135,0.5376602665881722,-0.4412670517964761,0.7809003405081069,144.09104603898797,0.11137127821283822,-0.9156927494310412,1.0000039331521238,"{""bflh_r"":-5.734880472450674,""gasmed_r"":-25.480082168696825,""recfem_r"":0.0,""semimem_r"":-7.479530108777775,""vaslat_r"":0.0}",1.0408340855860843e-17,162.58066416459525,True,0,False,,True,actuator_lengthrange_coordinate_below_context_band
41,2.7880000000000003,flexion,40.07260202629782,33.689369193398335,False,True,31,0.08199955056354381,0.5362546885590743,0.08199955056354381,0.5362546885590743,-0.4261961385481077,0.7756305792564786,149.04641760471668,0.11520139868503906,-0.9156927494310412,1.0000039331521238,"{""bflh_r"":-5.665235783470403,""gasmed_r"":-23.512547922382584,""recfem_r"":0.0,""semimem_r"":-7.074220964246583,""vaslat_r"":0.0}",2.7755575615628914e-17,162.53487322130442,True,0,False,,True,actuator_lengthrange_coordinate_below_context_band
42,2.856,flexion,40.79502081539082,34.83222244271378,False,True,31,0.08196806536126053,0.5347732658493392,0.08196806536126053,0.5347732658493392,-0.4103172950741462,0.7708834158917947,154.22654829292244,0.11920524064409406,-0.9156927494310412,1.0000039331521238,"{""bflh_r"":-5.575525504314002,""gasmed_r"":-21.50846217723498,""recfem_r"":0.0,""semimem_r"":-6.641079716942205,""vaslat_r"":0.0}",4.336808689942018e-19,162.4904181831651,True,0,False,,True,actuator_lengthrange_coordinate_below_context_band
43,2.924,flexion,41.542670958193305,36.032639828080995,False,True,31,0.08193386087580341,0.5332152497777863,0.08193386087580341,0.5332152497777863,-0.39363040032064534,0.7658522277446403,159.62830911622962,0.12338038562381037,-0.9156927494310412,1.0000039331521238,"{""bflh_r"":-5.465144322459006,""gasmed_r"":-19.48189616181466,""recfem_r"":0.0,""semimem_r"":-6.182840373163032,""vaslat_r"":0.0}",5.551115123125783e-17,162.4485451546677,True,0,False,,True,actuator_lengthrange_coordinate_below_context_band
44,2.992,flexion,42.3134954910953,37.28590773202817,False,True,31,0.08189687530788979,0.531584354149867,0.08189687530788979,0.531584354149867,-0.37619999543231614,0.7605523792835891,165.2376280936369,0.12771595706694047,-0.9156927494310412,1.0000039331521238,"{""bflh_r"":-5.335818280104255,""gasmed_r"":-17.455541643927614,""recfem_r"":0.0,""semimem_r"":-5.706034810451996,""vaslat_r"":0.0}",3.469446951953614e-18,162.4097773954523,True,0,False,,True,actuator_lengthrange_coordinate_below_context_band
45,3.06,flexion,43.105811014833115,38.58990872199743,False,True,31,0.08185704219752295,0.5298824285448783,0.08185704219752295,0.5298824285448783,-0.35805595610770324,0.7616252462126151,171.04228112711147,0.13220250668741562,-0.9156927494310412,1.0000039331521238,"{""bflh_r"":-5.187698098852047,""gasmed_r"":-15.448143944078184,""recfem_r"":0.0,""semimem_r"":-5.215136643903203,""vaslat_r"":0.0}",2.7755575615628914e-17,162.37105894178939,True,0,False,,True,actuator_lengthrange_coordinate_below_context_band
46,3.128,flexion,43.91965599372264,39.95255541414794,False,True,31,0.08181421477908199,0.5281030575219557,0.08181421477908199,0.5281030575219557,-0.33909046127008796,0.7665250224493517,177.04196507500114,0.13683980018009193,-0.9156927494310412,1.0000039331521238,"{""bflh_r"":-5.014941845423893,""gasmed_r"":-13.4648790044506,""recfem_r"":0.0,""semimem_r"":-4.707266855511254,""vaslat_r"":0.0}",1.1102230246251565e-16,162.33216904504525,True,0,False,,True,actuator_lengthrange_coordinate_below_context_band
47,3.196,flexion,44.75548045551136,41.37522539799518,False,True,31,0.08176821980329044,0.5262433956665895,0.08176821980329044,0.5262433956665895,-0.31928915548978754,0.7714995080178862,183.2389265878636,0.14162957403277474,-0.9156927494310412,1.0000039331521238,"{""bflh_r"":-4.818033655112862,""gasmed_r"":-11.523777597216808,""recfem_r"":0.0,""semimem_r"":-4.187735055536906,""vaslat_r"":0.0}",6.938893903907228e-18,162.2939934193269,True,0,False,,True,actuator_lengthrange_coordinate_below_context_band
48,3.264,flexion,45.61168139846365,42.84276582976898,False,True,31,0.08171899727740455,0.5243138074833441,0.08171899727740455,0.5243138074833441,-0.2988710365680459,0.7765343233329295,189.61958873889296,0.14656133432697188,-0.9156927494310412,1.0000039331521238,"{""bflh_r"":-4.608509284480358,""gasmed_r"":-9.665125625708567,""recfem_r"":0.0,""semimem_r"":-3.674681889935419,""vaslat_r"":0.0}",5.551115123125783e-17,162.2564617680861,True,0,False,,True,actuator_lengthrange_coordinate_below_context_band
49,3.332,flexion,46.4866295431808,44.33848899120104,False,True,31,0.08166650223933988,0.522326275449109,0.08166650223933988,0.522326275449109,-0.2780796951922494,0.7816152375265759,196.16937583699396,0.15162381517633772,-0.9156927494310412,1.0000039331521238,"{""bflh_r"":-4.398455463153383,""gasmed_r"":-7.926021988378787,""recfem_r"":0.0,""semimem_r"":-3.1848832143031554,""vaslat_r"":0.0}",1.1102230246251565e-16,162.2197960633991,True,0,False,,True,actuator_lengthrange_coordinate_below_context_band
50,3.4,flexion,47.381866204655424,45.868687698701564,False,True,31,0.08161050191883264,0.5202742116305791,0.08161050191883264,0.5202742116305791,-0.2568425412568994,0.7867464121786951,202.8968170044063,0.1568236089353035,-0.9156927494310412,1.0000039331521238,"{""bflh_r"":-4.185158006620299,""gasmed_r"":-6.314123483974319,""recfem_r"":0.0,""semimem_r"":-2.7176060241299154,""vaslat_r"":0.0}",2.220446049250313e-16,162.18310848795215,True,0,False,,True,actuator_lengthrange_coordinate_below_context_band
51,3.468,flexion,48.29628144898564,47.43617597825053,False,True,31,0.08155092197995001,0.5181562625680747,0.08155092197995001,0.5181562625680747,-0.23513964715467653,0.7919164997193736,209.78998897375254,0.162151499836722,-0.9156927494310412,1.0000039331521238,"{""bflh_r"":-3.96610042995899,""gasmed_r"":-4.843442825350488,""recfem_r"":0.0,""semimem_r"":-2.273756496907112,""vaslat_r"":0.0}",1.1102230246251565e-16,162.1469139523599,True,0,False,,False,
52,3.536,flexion,49.223433880292,49.01460413414954,False,True,31,0.08148806660052992,0.5159974348909578,0.08148806660052992,0.5159974348909578,-0.2133576305754985,0.7970848478738266,216.79592950976252,0.16756655215279337,-0.9156927494310412,1.0000039331521238,"{""bflh_r"":-3.754683439121719,""gasmed_r"":-3.5519009259893375,""recfem_r"":0.0,""semimem_r"":-1.869379234921995,""vaslat_r"":0.0}",1.1102230246251565e-16,162.1121746793709,True,0,False,,False,
53,3.604,flexion,50.15799683520191,50.58283967216797,False,True,31,0.08142222767020303,0.513818804241842,0.08142222767020303,0.513818804241842,-0.19180927882588583,0.8022188560712192,223.8692446214078,0.17303367982548004,-0.9156927494310412,1.0000039331521238,"{""bflh_r"":-3.5605090123688607,""gasmed_r"":-2.4612581315676985,""recfem_r"":0.0,""semimem_r"":-1.5133559956031883,""vaslat_r"":0.0}",1.3877787807814457e-17,162.07863246278882,True,0,False,,False,
54,3.672,flexion,51.10095709305043,52.14699212093823,False,True,31,0.08135328409816715,0.5116155595542803,0.08135328409816715,0.5116155595542803,-0.17043171288474157,0.8073215220311831,231.01188500329252,0.17855439059143488,-0.9156927494310412,1.0000039331521238,"{""bflh_r"":-3.3797053068202634,""gasmed_r"":-1.5684295786438227,""recfem_r"":0.0,""semimem_r"":-1.200664632148017,""vaslat_r"":0.0}",1.1102230246251565e-16,162.04572324832967,True,0,False,,False,
55,3.74,flexion,52.051307930756636,53.705712319741686,False,True,31,0.08128125853300043,0.5102415070591743,0.08128125853300043,0.5102415070591743,-0.14926549494902305,0.8123849465516806,238.21046740434642,0.1841183402285892,-0.9156927494310412,1.0000039331521238,"{""bflh_r"":-3.2118420493852358,""gasmed_r"":-0.8756269399978117,""recfem_r"":0.0,""semimem_r"":-0.92963052300705,""vaslat_r"":0.0}",2.220446049250313e-16,162.01455144567637,True,0,False,,False,
56,3.8080000000000003,flexion,53.004833651553504,55.24452104323195,False,True,31,0.08120644108865374,0.5101404981747939,0.08120644108865374,0.5101404981747939,-0.12852719310607336,0.8173848484514288,245.427114824499,0.18969625273382776,-0.9156927494310412,1.0000039331521238,"{""bflh_r"":-3.062076560504389,""gasmed_r"":-0.3871017169759436,""recfem_r"":0.0,""semimem_r"":-0.7019469857206856,""vaslat_r"":0.0}",2.220446049250313e-16,161.98526351778986,True,0,False,,False,
57,3.8760000000000003,flexion,53.960987185538954,56.75847243027345,False,True,31,0.0811288651024313,0.5103830153698664,0.0811288651024313,0.5103830153698664,-0.10829938291721938,0.8223171330201934,252.65168146942872,0.19528028618974388,-0.9156927494310412,1.0000039331521238,"{""bflh_r"":-2.9322270519466875,""gasmed_r"":-0.09791788156159537,""recfem_r"":0.0,""semimem_r"":-0.5151732706184071,""vaslat_r"":0.0}",1.1102230246251565e-16,161.95743194451794,True,0,False,,False,
58,3.9439999999999995,flexion,54.91905256435287,58.25238586033417,False,True,31,0.08104858480177284,0.510601655719853,0.08104858480177284,0.510601655719853,-0.08853185218135184,0.8271770424752636,259.87273815234414,0.2008616067154207,-0.9156927494310412,1.0000039331521238,"{""bflh_r"":-2.8178389503722543,""gasmed_r"":-5.2493505622070106e-05,""recfem_r"":0.0,""semimem_r"":-0.3634551365768602,""vaslat_r"":0.0}",2.220446049250313e-16,161.93114979605198,True,0,False,,False,
59,4.012,flexion,55.875187897162796,59.72918334639337,False,True,31,0.0809659370124595,0.5108012057473057,0.0809659370124595,0.5108012057473057,-0.06919979038744749,0.8319446170678286,267.055462532257,0.20641329932389108,-0.9156927494310412,1.0000039331521238,"{""bflh_r"":-2.7134432558364914,""gasmed_r"":0.0,""recfem_r"":0.0,""semimem_r"":-0.24188145587893822,""vaslat_r"":0.0}",3.3306690738754696e-16,161.9062858723356,True,0,False,,False,
60,4.08,flexion,56.82489900196211,61.1861483685586,False,True,31,0.0808813583992677,0.5109830892395485,0.0808813583992677,0.5109830892395485,-0.05035081395067954,0.8365980689917619,274.16067904963114,0.21190508432561014,-0.9156927494310412,1.0000039331521238,"{""bflh_r"":-2.6168122610342044,""gasmed_r"":0.0,""recfem_r"":0.0,""semimem_r"":-0.14768024071189373,""vaslat_r"":0.0}",3.3306690738754696e-16,161.8829865487381,True,0,False,,False,
61,4.148,flexion,57.77048145867102,62.62349543973937,False,True,31,0.08079470125895455,0.5111449013472298,0.08079470125895455,0.5111449013472298,-0.03719713841469064,0.8411495694460105,281.2004687515204,0.21734629943926018,-0.9156927494310412,1.0000039331521238,"{""bflh_r"":-2.5294883846402256,""gasmed_r"":0.0,""recfem_r"":0.0,""semimem_r"":-0.07886019061852295,""vaslat_r"":0.0}",2.7755575615628914e-17,161.86069959525585,True,0,False,,False,
62,4.216,flexion,58.71965107045004,64.05236035132229,False,True,31,0.08070527649644625,0.5112870243212828,0.08070527649644625,0.5112870243212828,-0.031541216161439685,0.8456358956248256,288.2267863541542,0.22277710165803896,-0.9156927494310412,1.0000039331521238,"{""bflh_r"":-2.450869635307491,""gasmed_r"":0.0,""recfem_r"":0.0,""semimem_r"":-0.03267010347789953,""vaslat_r"":0.0}",2.220446049250313e-16,161.83912611452996,True,0,False,,False,
63,4.284,flexion,59.673085977283996,65.4732544964757,False,True,31,0.08061300645866877,0.5114086498679319,0.08061300645866877,0.5114086498679319,-0.025912468827397676,0.8500588001590434,295.23864840164333,0.22819673084630684,-0.9156927494310412,1.0000039331521238,"{""bflh_r"":-2.380959408815213,""gasmed_r"":0.0,""recfem_r"":0.0,""semimem_r"":-0.0070860321517365234,""vaslat_r"":0.0}",1.3877787807814457e-17,161.81911656189484,True,0,False,,False,
64,4.352,flexion,60.62898214449235,66.88412433149018,False,True,31,0.0805180570662359,0.5115095281492258,0.0805180570662359,0.5115095281492258,-0.02032269264741722,0.8544086062350978,302.2168149370085,0.2335903159995119,-0.9156927494310412,1.0000039331521238,"{""bflh_r"":-2.3193250571331254,""gasmed_r"":0.0,""recfem_r"":0.0,""semimem_r"":0.0,""vaslat_r"":-0.04396423519265141}",2.220446049250313e-16,161.80000945294907,True,0,False,,False,
65,4.42,flexion,61.59187365487489,68.29300887462857,False,True,31,0.08041995966156464,0.511590599648943,0.08041995966156464,0.511590599648943,-0.0147467580003712,0.858704268707206,309.1881126645021,0.2389785920933862,-0.9156927494310412,1.0000039331521238,"{""bflh_r"":-2.264780163384523,""gasmed_r"":0.0,""recfem_r"":0.0,""semimem_r"":0.0,""vaslat_r"":-0.21328540129878898}",2.7755575615628914e-17,161.78147712249722,True,0,False,,False,
66,4.488,flexion,62.560437281896405,69.6971514211115,False,True,31,0.08031881938268924,0.5116507920999683,0.08031881938268924,0.5116507920999683,-0.009193999336173552,0.8629377649370924,316.13629548244995,0.24434900214289024,-0.9156927494310412,1.0000039331521238,"{""bflh_r"":-2.2176956857101193,""gasmed_r"":0.0,""recfem_r"":0.0,""semimem_r"":0.0,""vaslat_r"":-0.5008460416588626}",1.1102230246251565e-16,161.7641368201274,True,0,False,,False,
67,4.556,flexion,63.53556427798164,71.09960183794509,False,True,31,0.08021451611482366,0.511690964580688,0.08021451611482366,0.511690964580688,-0.0036609613650410177,0.8671109118752799,323.060993505373,0.24970126025504372,-0.9156927494310412,1.0000039331521238,"{""bflh_r"":-2.1769997437061606,""gasmed_r"":0.0,""recfem_r"":0.0,""semimem_r"":0.0,""vaslat_r"":-0.8982120793272088}",4.440892098500626e-16,161.74752521109147,True,0,False,,False,
68,4.6240000000000006,flexion,64.52140890403909,72.50795323939897,False,True,31,0.08010656025697156,0.5117119139367612,0.08010656025697156,0.5117119139367612,0.0018738010443015952,0.8712386926945876,329.9842149417873,0.25505237707957806,-0.9156927494310412,1.0000039331521238,"{""bflh_r"":-2.141643990383119,""gasmed_r"":0.0,""recfem_r"":0.0,""semimem_r"":0.0,""vaslat_r"":-1.3997181276407729}",2.220446049250313e-16,161.73220507533364,True,0,False,,False,
69,4.692,flexion,65.51707653666425,73.91902455713463,False,True,31,0.07999499319171445,0.5117120528693048,0.07999499319171445,0.5117120528693048,0.0074028069882039515,0.8753140764269911,336.8915611826832,0.2603912236009578,-0.9156927494310412,1.0000039331521238,"{""bflh_r"":-2.1125826785561275,""gasmed_r"":0.0,""recfem_r"":0.0,""semimem_r"":0.0,""vaslat_r"":-1.9968557131447482}",2.220446049250313e-16,161.7185895321054,True,0,False,,False,
70,4.760000000000001,flexion,66.51651120673196,75.33498392697793,False,True,31,0.07988046461379492,0.5116976778982248,0.07988046461379492,0.5116976778982248,0.012890574235090987,0.8793099386472724,343.73359298587,0.26567958709363193,-0.9156927494310412,1.0000039331521238,"{""bflh_r"":-2.084756247704699,""gasmed_r"":0.0,""recfem_r"":0.0,""semimem_r"":0.0,""vaslat_r"":-2.6830402388498094}",4.440892098500626e-16,161.70660030553645,True,0,False,,False,
71,4.827999999999999,flexion,67.51640852686201,76.75846126837625,False,True,31,0.07976336100564978,0.5116728901572452,0.07976336100564978,0.5116728901572452,0.018317968006472753,0.8832120565008359,350.4814884600295,0.27089519045597005,-0.9156927494310412,1.0000039331521238,"{""bflh_r"":-2.0549925848616764,""gasmed_r"":0.0,""recfem_r"":0.0,""semimem_r"":0.0,""vaslat_r"":-3.4525181687711055}",2.220446049250313e-16,161.69657845180927,True,0,False,,False,
72,4.896,flexion,68.51799554433687,78.18501605172284,False,True,31,0.07964355520137943,0.5116338000142127,0.07964355520137943,0.5116338000142127,0.023690857470055192,0.8870245103638862,357.1376776691992,0.2760399119402679,-0.9156927494310412,1.0000039331521238,"{""bflh_r"":-2.0265050526047954,""gasmed_r"":0.0,""recfem_r"":0.0,""semimem_r"":0.0,""vaslat_r"":-4.295810632070521}",2.220446049250313e-16,161.68895239302915,True,0,False,,False,
73,4.9639999999999995,flexion,69.52268523978191,79.61073912753015,False,True,31,0.07952088568450162,0.5115770132441941,0.07952088568450162,0.5115770132441941,0.029015783342936547,0.8907515956026447,363.70534642009665,0.2811162139296923,-0.9156927494310412,1.0000039331521238,"{""bflh_r"":-2.002166786130137,""gasmed_r"":0.0,""recfem_r"":0.0,""semimem_r"":0.0,""vaslat_r"":-5.203144810684869}",4.440892098500626e-16,161.6833158066947,True,0,False,,False,
74,5.032,flexion,70.53138576874424,81.03797416932359,False,True,31,0.07939524145190492,0.5115033023552488,0.07939524145190492,0.5115033023552488,0.0342962946647166,0.8943952629135927,370.18386650918274,0.2861236108713027,-0.9156927494310412,1.0000039331521238,"{""bflh_r"":-1.9815517582059368,""gasmed_r"":0.0,""recfem_r"":0.0,""semimem_r"":0.0,""vaslat_r"":-6.168836913917101}",2.220446049250313e-16,161.6803441384382,True,0,False,,False,
75,5.1,flexion,71.52951144256622,82.4439404754344,False,True,31,0.07926849013014212,0.5114132129751304,0.07926849013014212,0.5114132129751304,0.03945611721994039,0.8979034143382867,376.47547659534655,0.2909865407796834,-0.9156927494310412,1.0000039331521238,"{""bflh_r"":-1.9659496582781666,""gasmed_r"":0.0,""recfem_r"":0.0,""semimem_r"":0.0,""vaslat_r"":-7.169734427048705}",5.551115123125783e-17,161.6806240745248,True,0,False,,False,
76,5.168,flexion,72.5130592270789,83.82728299784732,False,True,31,0.07914125744047681,0.511310491220683,0.07914125744047681,0.511310491220683,0.04447726206661125,0.9012652896462123,382.55449774539426,0.29568515581770943,-0.9156927494310412,1.0000039331521238,"{""bflh_r"":-1.9535174091277832,""gasmed_r"":0.0,""recfem_r"":0.0,""semimem_r"":0.0,""vaslat_r"":-8.196875220851501}",2.220446049250313e-16,161.68224165531865,True,0,False,,False,
77,5.236,flexion,73.48086173334933,85.17527146193731,False,True,31,0.07901382718726038,0.5111908236421694,0.07901382718726038,0.5111908236421694,0.0493770542825861,0.9044809398050594,388.4146680070722,0.3002146159786922,-0.9156927494310412,1.0000039331521238,"{""bflh_r"":-1.9489735607092955,""gasmed_r"":0.0,""recfem_r"":0.0,""semimem_r"":0.0,""vaslat_r"":-9.248838847675097}",4.440892098500626e-16,161.68525381291406,True,0,False,,False,
78,5.304,flexion,74.4267963215372,86.46513565324288,False,True,31,0.07888715925448793,0.5110496361309117,0.07888715925448793,0.5110496361309117,0.05413569345688558,0.9075350616800608,394.02171461173333,0.30454843105274687,-0.9156927494310412,1.0000039331521238,"{""bflh_r"":-1.9580413964144325,""gasmed_r"":0.0,""recfem_r"":0.0,""semimem_r"":0.0,""vaslat_r"":-10.312670488034431}",8.881784197001252e-16,161.6898281594432,True,0,False,,False,
79,5.372,flexion,75.35239922282264,87.70452987336063,False,True,31,0.07876121178650519,0.5108915747586444,0.07876121178650519,0.5108915747586444,0.05876270369013951,0.9104382317526039,399.38888105864334,0.30869683724456315,-0.9156927494310412,1.0000039331521238,"{""bflh_r"":-1.977987123803358,""gasmed_r"":0.0,""recfem_r"":0.0,""semimem_r"":0.0,""vaslat_r"":-11.388226966486325}",2.220446049250313e-16,161.69602519252498,True,0,False,,False,
80,5.44,flexion,76.25346536069857,88.88059469946224,False,True,31,0.07863672321970686,0.5107158479929225,0.07863672321970686,0.5107158479929225,0.06323897413850418,0.9131831479639823,404.4968722321818,0.3126449209162088,-0.9156927494310412,1.0000039331521238,"{""bflh_r"":-2.0113914855998343,""gasmed_r"":0.0,""recfem_r"":0.0,""semimem_r"":0.0,""vaslat_r"":-12.457989894148184}",2.220446049250313e-16,161.7040609785552,True,0,False,,False,
81,5.508,flexion,77.12746362598232,89.99510557806599,False,True,31,0.0785142234477437,0.5105273536845372,0.0785142234477437,0.5105273536845372,0.06755413218031257,0.9157687704660032,409.33812155715555,0.31638683368796755,-0.9156927494310412,1.0000039331521238,"{""bflh_r"":-2.0557946610669364,""gasmed_r"":0.0,""recfem_r"":0.0,""semimem_r"":0.0,""vaslat_r"":-13.516890678960381}",2.220446049250313e-16,161.7125247494471,True,0,False,,False,
82,5.5760000000000005,flexion,77.99813945446562,91.07014282661771,False,True,31,0.0783904955996401,0.5103187739537249,0.0783904955996401,0.5103187739537249,0.07182663145385908,0.9182691318536255,414.0471207849068,0.3200265273227547,-0.9156927494310412,1.0000039331521238,"{""bflh_r"":-2.115620118771573,""gasmed_r"":0.0,""recfem_r"":0.0,""semimem_r"":0.0,""vaslat_r"":-14.580952428037524}",1.3322676295501878e-15,161.72136837912254,True,0,False,,False,
83,5.644,flexion,78.87420909271077,92.11027468244185,False,True,31,0.07826431587943246,0.5100866383745649,0.07826431587943246,0.5100866383745649,0.07609898972365502,0.9207088022291343,418.66777766991646,0.3235979391322521,-0.9156927494310412,1.0000039331521238,"{""bflh_r"":-2.1940170873050864,""gasmed_r"":0.0,""recfem_r"":0.0,""semimem_r"":0.0,""vaslat_r"":-15.651494990052955}",2.220446049250313e-16,161.73178858067016,True,0,False,,False,
84,5.712,flexion,79.74557811176514,93.12208117874555,False,True,31,0.0781371573100306,0.5098433202365774,0.0781371573100306,0.5098433202365774,0.08032179296291916,0.923059396370646,423.1439797003127,0.32705769846753546,-0.9156927494310412,1.0000039331521238,"{""bflh_r"":-2.2825901801435644,""gasmed_r"":0.0,""recfem_r"":0.0,""semimem_r"":0.0,""vaslat_r"":-16.732849604445246}",2.220446049250313e-16,161.74160821712746,True,0,False,,False,
85,5.779999999999999,flexion,80.61106206875618,94.11444379488094,False,True,31,0.07800924399610237,0.5095946926917628,0.07800924399610237,0.5095946926917628,0.08448963685786354,0.9253189240770583,427.46920160168696,0.330400761794176,-0.9156927494310412,1.0000039331521238,"{""bflh_r"":-2.37705549787158,""gasmed_r"":0.0,""recfem_r"":0.0,""semimem_r"":0.0,""vaslat_r"":-17.833056959556988}",2.220446049250313e-16,161.74854797082727,True,0,False,,False,
86,5.848,flexion,81.46583161860421,95.08389581531483,False,True,31,0.07788135676316407,0.5093438626241542,0.07788135676316407,0.5093438626241542,0.08857988221978312,0.9274767647341442,431.6203033898538,0.3336092436870387,-0.9156927494310412,1.0000039331521238,"{""bflh_r"":-2.4760246260862906,""gasmed_r"":0.0,""recfem_r"":0.0,""semimem_r"":0.0,""vaslat_r"":-18.947201897535898}",8.881784197001252e-16,164.22400025120837,True,0,False,,False,
87,5.9159999999999995,flexion,82.30407927975813,96.03412301387347,False,True,31,0.0777544585576301,0.5090976641259342,0.0777544585576301,0.5090976641259342,0.09256584224009094,0.9295215996121575,435.57252261699495,0.33666400468159047,-0.9156927494310412,1.0000039331521238,"{""bflh_r"":-2.574487942143569,""gasmed_r"":0.0,""recfem_r"":0.0,""semimem_r"":0.0,""vaslat_r"":-20.078506362861024}",2.220446049250313e-16,170.92095838066973,True,0,False,,False,
88,5.984,flexion,83.12245117052248,96.95990543602115,False,True,31,0.07762917191322632,0.5088570177398508,0.07762917191322632,0.5088570177398508,0.0964330760837998,0.9314497024948483,439.3156236380478,0.3395571334127237,-0.9156927494310412,1.0000039331521238,"{""bflh_r"":-2.672518310257492,""gasmed_r"":0.0,""recfem_r"":0.0,""semimem_r"":0.0,""vaslat_r"":-21.219665294290294}",2.220446049250313e-16,177.62134831173864,True,0,False,,False,
89,6.052,flexion,83.89920119265102,97.84070293635746,False,True,31,0.07750899758235855,0.5086304640102443,0.07750899758235855,0.5086304640102443,0.10008139395407895,0.9332172551978929,442.76111209698433,0.3422202305605889,-0.9156927494310412,1.0000039331521238,"{""bflh_r"":-2.765644042104213,""gasmed_r"":0.0,""recfem_r"":0.0,""semimem_r"":0.0,""vaslat_r"":-22.34262229620566}",2.220446049250313e-16,184.16405042435255,True,0,False,,False,
90,6.12,flexion,84.63960837974544,98.68176594660144,False,True,31,0.07739331926872363,0.5084164274509357,0.07739331926872363,0.5084164274509357,0.10353877276502263,0.9348453557593799,445.9466743239878,0.34468242475516725,-0.9156927494310412,1.0000039331521238,"{""bflh_r"":-2.854618441921842,""gasmed_r"":0.0,""recfem_r"":0.0,""semimem_r"":0.0,""vaslat_r"":-23.45031288632761}",5.551115123125783e-17,190.5703125011788,True,0,False,,False,
91,6.188,flexion,85.34408929192541,99.48496202161087,False,True,31,0.07728224632428098,0.5082155508262263,0.07728224632428098,0.5082155508262263,0.10680997920671464,0.9363429499165292,448.8869684384568,0.3469550455935328,-0.9156927494310412,1.0000039331521238,"{""bflh_r"":-2.9387504457787914,""gasmed_r"":0.0,""recfem_r"":0.0,""semimem_r"":0.0,""vaslat_r"":-24.541821259255318}",1.1102230246251565e-15,196.8385666064665,True,0,False,,False,
92,6.256,flexion,86.0149283312403,100.25269359955107,False,True,31,0.0771755759839097,0.5080287138111403,0.0771755759839097,0.5080287138111403,0.10990822321680713,0.9377222736468043,451.60360393436565,0.3490547955497922,-0.9156927494310412,1.0000039331521238,"{""bflh_r"":-3.0182650024793363,""gasmed_r"":0.0,""recfem_r"":0.0,""semimem_r"":0.0,""vaslat_r"":-25.61723347428994}",8.881784197001252e-16,202.97276507263356,True,0,False,,False,
93,6.324,flexion,86.65378472024915,100.98390894228515,False,True,31,0.07707318381361546,0.5078575758697772,0.07707318381361546,0.5078575758697772,0.11284351705050386,0.9389933799064971,454.1143570032469,0.3509954142505715,-0.9156927494310412,1.0000039331521238,"{""bflh_r"":-3.0944831970405935,""gasmed_r"":0.0,""recfem_r"":0.0,""semimem_r"":0.0,""vaslat_r"":-26.67190877569843}",2.220446049250313e-16,208.94990654118084,True,0,False,,False,
94,6.392,flexion,87.26069242011329,101.67898910789988,False,True,31,0.0769751915107893,0.5077017100399495,0.0769751915107893,0.5077017100399495,0.11561820637329609,0.9401625066436543,456.4298198888486,0.3527850886842908,-0.9156927494310412,1.0000039331521238,"{""bflh_r"":-3.1671654458931564,""gasmed_r"":0.0,""recfem_r"":0.0,""semimem_r"":0.0,""vaslat_r"":-27.70311875232933}",8.881784197001252e-16,214.75808601388255,True,0,False,,False,
95,6.46,flexion,87.84964179483869,102.35004806547117,False,True,31,0.07687943547318189,0.5075553200560825,0.07687943547318189,0.5075553200560825,0.11829788925923415,0.9412612157072227,458.61118694022974,0.3544711173685295,-0.9156927494310412,1.0000039331521238,"{""bflh_r"":-3.2395390151034644,""gasmed_r"":0.0,""recfem_r"":0.0,""semimem_r"":0.0,""vaslat_r"":-28.72626555032663}",2.220446049250313e-16,220.48673927961306,True,0,False,,False,
96,6.528,flexion,88.42579021747669,103.00376428891184,False,True,31,0.07678513597239826,0.5074171683290791,0.07678513597239826,0.5074171683290791,0.12090699725138195,0.9423018644391095,460.6820767666725,0.3560717556687503,-0.9156927494310412,1.0000039331521238,"{""bflh_r"":-3.311841045201839,""gasmed_r"":0.0,""recfem_r"":0.0,""semimem_r"":0.0,""vaslat_r"":-29.75005668178625}",2.220446049250313e-16,226.18610056180745,True,0,False,,False,
97,6.596,flexion,88.98337066781147,103.6269499388307,False,True,31,0.07669329410454422,0.507285411558751,0.07669329410454422,0.507285411558751,0.12342037764017871,0.9432767557180436,462.62634156923997,0.35757452258035693,-0.9156927494310412,1.0000039331521238,"{""bflh_r"":-3.3860418343912584,""gasmed_r"":0.0,""recfem_r"":0.0,""semimem_r"":0.0,""vaslat_r"":-30.751893044800973}",6.661338147750939e-16,231.7323542457817,True,0,False,,False,
98,6.664,flexion,89.52272686420135,104.2207168502267,False,True,31,0.07660391620610311,0.5071597620488896,0.07660391620610311,0.5071597620488896,0.12584068752533448,0.9441895996861118,464.4505745178035,0.35898451411574017,-0.9156927494310412,1.0000039331521238,"{""bflh_r"":-3.4618070263622913,""gasmed_r"":0.0,""recfem_r"":0.0,""semimem_r"":0.0,""vaslat_r"":-31.730809039623765}",8.881784197001252e-16,237.12299770203873,True,0,False,,False,
99,6.732,flexion,90.04046974360249,104.77246602393032,False,True,31,0.07651762806893425,0.5070364701778797,0.07651762806893425,0.5070364701778797,0.12815388370873015,0.9450492793424893,466.14907628643476,0.3602973251350179,-0.9156927494310412,1.0000039331521238,"{""bflh_r"":-3.542255789319426,""gasmed_r"":0.0,""recfem_r"":0.0,""semimem_r"":0.0,""vaslat_r"":-32.6625447531435}",1.3322676295501878e-15,242.22831028688194,True,0,False,,False,
100,6.8,flexion,90.53585983049503,105.28102162888469,False,True,31,0.07643461935040714,0.5069147588221132,0.07643461935040714,0.5069147588221132,0.1303579057908631,0.9462622361971011,467.725661782446,0.36151590426765245,-0.9156927494310412,1.0000039331521238,"{""bflh_r"":-3.627367762981851,""gasmed_r"":0.0,""recfem_r"":0.0,""semimem_r"":0.0,""vaslat_r"":-33.54083283146259}",4.440892098500626e-16,247.0184592155021,True,0,False,,False,
101,6.867999999999999,flexion,91.00653704414002,105.73590863062783,False,True,31,0.07635535199519691,0.5067907259657118,0.07635535199519691,0.5067907259657118,0.1324435320214205,0.947392451747471,469.1793095448085,0.36263946200295916,-0.9156927494310412,1.0000039331521238,"{""bflh_r"":-3.720041612566152,""gasmed_r"":0.0,""recfem_r"":0.0,""semimem_r"":0.0,""vaslat_r"":-34.342776953915326}",4.440892098500626e-16,251.37396911434672,True,0,False,,False,
102,6.936,flexion,91.44662155525695,106.12593529247903,False,True,31,0.07628088830561673,0.5066623958979174,0.07628088830561673,0.5066623958979174,0.13438613945973601,0.9484295910477755,470.49921534935794,0.36365964750798657,-0.9156927494310412,1.0000039331521238,"{""bflh_r"":-3.821448914251626,""gasmed_r"":0.0,""recfem_r"":0.0,""semimem_r"":0.0,""vaslat_r"":-35.04301227322833}",6.661338147750939e-16,255.16300348654585,True,0,False,,False,
103,7.004,flexion,91.86579858437487,106.46604009195144,False,True,31,0.07620965225879765,0.5065289202736363,0.07620965225879765,0.5065289202736363,0.1362297438211674,0.949399815744218,471.7209548553816,0.36460395802671347,-0.9156927494310412,1.0000039331521238,"{""bflh_r"":-3.9313005122916005,""gasmed_r"":0.0,""recfem_r"":0.0,""semimem_r"":0.0,""vaslat_r"":-35.663379680877114}",2.220446049250313e-16,258.5091501371348,True,0,False,,False,
104,7.072,flexion,92.27235740018877,106.75913433814587,False,True,31,0.07614027453090919,0.5063852572394607,0.07614027453090919,0.5063852572394607,0.1380115840021902,0.9503243774739054,472.87271018187135,0.3654941761660481,-0.9156927494310412,1.0000039331521238,"{""bflh_r"":-4.05357348721395,""gasmed_r"":0.0,""recfem_r"":0.0,""semimem_r"":0.0,""vaslat_r"":-36.205448640584486}",1.3322676295501878e-15,261.4248519718742,True,0,False,,False,
105,7.14,flexion,92.66674763441237,107.01640827055948,False,True,31,0.07607270677041633,0.5062357907752613,0.07607270677041633,0.5062357907752613,0.1397341866952799,0.9512057694419198,473.9586092627171,0.36633349250088276,-0.9156927494310412,1.0000039331521238,"{""bflh_r"":-4.184069113745719,""gasmed_r"":0.0,""recfem_r"":0.0,""semimem_r"":0.0,""vaslat_r"":-36.68706069843621}",2.220446049250313e-16,264.00909004300786,True,0,False,,False,
106,7.208,flexion,93.05406640520933,107.24486751654435,False,True,31,0.0760060974693481,0.5060799571980545,0.0760060974693481,0.5060799571980545,0.14142023454350847,0.9520564935214454,474.9948331696644,0.3671344137531318,-0.9156927494310412,1.0000039331521238,"{""bflh_r"":-4.323130929718961,""gasmed_r"":0.0,""recfem_r"":0.0,""semimem_r"":0.0,""vaslat_r"":-37.11934595678758}",1.3322676295501878e-15,266.32371093203,True,0,False,,False,
107,7.276,flexion,93.43360992314197,107.45071526934477,False,True,31,0.07594058438616938,0.5059208858908815,0.07594058438616938,0.5059208858908815,0.14306697947968855,0.9528758402691809,475.9811053752854,0.3678967261883964,-0.9156927494310412,1.0000039331521238,"{""bflh_r"":-4.467847752742325,""gasmed_r"":0.0,""recfem_r"":0.0,""semimem_r"":0.0,""vaslat_r"":-37.51261769362409}",1.3322676295501878e-15,268.42538292858524,True,0,False,,False,
108,7.344,flexion,93.80754955340535,107.64621584824404,False,True,31,0.07587580757065991,0.5057627079484345,0.07587580757065991,0.5057627079484345,0.14468412198066122,0.9536692376342918,476.92449208122264,0.3686258914361857,-0.9156927494310412,1.0000039331521238,"{""bflh_r"":-4.6142908647143175,""gasmed_r"":0.0,""recfem_r"":0.0,""semimem_r"":0.0,""vaslat_r"":-37.88947540034896}",6.661338147750939e-16,270.4357795901138,True,0,False,,False,
109,7.412,flexion,94.1749562815349,107.83082232219346,False,True,31,0.07581194122486135,0.5056056656695113,0.07581194122486135,0.5056056656695113,0.1462678935803587,0.954435374551799,477.82392042081966,0.36932108025322474,-0.9156927494310412,1.0000039331521238,"{""bflh_r"":-4.762121721949927,""gasmed_r"":0.0,""recfem_r"":0.0,""semimem_r"":0.0,""vaslat_r"":-38.24837003019687}",1.6967763999398144e-17,272.3471668207661,True,0,False,,False,
110,7.48,flexion,94.52977230308414,108.00460143219567,False,True,31,0.07575005736089054,0.5054536584312358,0.07575005736089054,0.5054536584312358,0.14779256941529725,0.9551626422792497,478.66658903812373,0.3699723981775433,-0.9156927494310412,1.0000039331521238,"{""bflh_r"":-4.9074765760902865,""gasmed_r"":0.0,""recfem_r"":0.0,""semimem_r"":0.0,""vaslat_r"":-38.58894235201565}",2.220446049250313e-16,274.1581512106563,True,0,False,,False,
111,7.548,flexion,94.87264887361252,108.16790441651109,False,True,31,0.0756900651985728,0.5053062298179382,0.0756900651985728,0.5053062298179382,0.14926143461002697,0.9558536547560254,479.4566132123933,0.3705830260029783,-0.9156927494310412,1.0000039331521238,"{""bflh_r"":-5.050543549600172,""gasmed_r"":0.0,""recfem_r"":0.0,""semimem_r"":0.0,""vaslat_r"":-38.911420806076286}",8.881784197001252e-16,275.87034193098594,True,0,False,,False,
112,7.6160000000000005,flexion,95.21151962311028,108.33961016068346,False,True,31,0.0756305914746246,0.5051670966500594,0.0756305914746246,0.5051670966500594,0.15070878318436243,0.9565252085139087,480.21388188777036,0.37116833635116236,-0.9156927494310412,1.0000039331521238,"{""bflh_r"":-5.187583123746912,""gasmed_r"":0.0,""recfem_r"":0.0,""semimem_r"":0.0,""vaslat_r"":-39.25306689415256}",8.881784197001252e-16,277.6816022386663,True,0,False,,False,
113,7.684,flexion,95.54630004302712,108.52089889033294,False,True,31,0.07557165914492595,0.5050368968820037,0.07557165914492595,0.5050368968820037,0.15089952284775643,0.9571775355397114,480.9389801241222,0.3717287814283015,-0.9156927494310412,1.0000039331521238,"{""bflh_r"":-5.317766959187096,""gasmed_r"":0.0,""recfem_r"":0.0,""semimem_r"":0.0,""vaslat_r"":-39.61667608196633}",1.1102230246251565e-15,279.6063656941936,True,0,False,,False,
114,7.752000000000001,flexion,95.87999370211178,108.71436286713417,False,True,31,0.07551274516454674,0.5049149767640291,0.07551274516454674,0.5049149767640291,0.15023460017681736,0.9578167395981343,481.6388849498253,0.3722697539398398,-0.9156927494310412,1.0000039331521238,"{""bflh_r"":-5.441600211353158,""gasmed_r"":0.0,""recfem_r"":0.0,""semimem_r"":0.0,""vaslat_r"":-40.008023954778515}",2.220446049250313e-16,281.67457064220883,True,0,False,,False,
115,7.82,flexion,96.21309610959632,108.92308547295004,False,True,31,0.07545376494665318,0.5048026019378655,0.07545376494665318,0.5048026019378655,0.14953143427039822,0.9584438470202674,482.31474936602797,0.37279214506684083,-0.9156927494310412,1.0000039331521238,"{""bflh_r"":-5.557750551091417,""gasmed_r"":0.0,""recfem_r"":0.0,""semimem_r"":0.0,""vaslat_r"":-40.43412845519791}",1.3322676295501878e-15,283.92253752879685,True,0,False,,False,
116,7.887999999999999,flexion,96.54666281615205,109.14462812065808,False,True,31,0.07539453329029247,0.5046980246441268,0.07539453329029247,0.5046980246441268,0.1488012863537116,0.9590608456264723,482.96867166424596,0.37329757662699975,-0.9156927494310412,1.0000039331521238,"{""bflh_r"":-5.667881009632591,""gasmed_r"":0.0,""recfem_r"":0.0,""semimem_r"":0.0,""vaslat_r"":-40.89088203139306}",2.220446049250313e-16,286.3277048664346,True,0,False,,False,
117,7.9559999999999995,flexion,96.88771518226199,109.3853542063007,False,True,31,0.07533379898823113,0.5046000628775456,0.07533379898823113,0.5046000628775456,0.14802693955795665,0.9596803213747755,483.6135352423221,0.3737960064943477,-0.9156927494310412,1.0000039331521238,"{""bflh_r"":-5.773350936189214,""gasmed_r"":0.0,""recfem_r"":0.0,""semimem_r"":0.0,""vaslat_r"":-41.392487969974475}",2.220446049250313e-16,288.9637483224378,True,0,False,,False,
118,8.024,flexion,97.22046032058802,109.62922460669358,False,True,31,0.07527437668924244,0.5045109571651155,0.07527437668924244,0.5045109571651155,0.14726279811084345,0.9602736239658387,484.2195108213428,0.37426437893424963,-0.9156927494310412,1.0000039331521238,"{""bflh_r"":-5.871510521910362,""gasmed_r"":0.0,""recfem_r"":0.0,""semimem_r"":0.0,""vaslat_r"":-41.90636190611279}",8.881784197001252e-16,291.6587353766934,True,0,False,,False,
119,8.091999999999999,flexion,97.52965809495753,109.85587570223174,False,True,31,0.07521901280416485,0.5044300183952737,0.07521901280416485,0.5044300183952737,0.14657105211014923,0.9608151227684123,484.76203702393246,0.37468370989413463,-0.9156927494310412,1.0000039331521238,"{""bflh_r"":-5.962278485681053,""gasmed_r"":0.0,""recfem_r"":0.0,""semimem_r"":0.0,""vaslat_r"":-42.38918919244981}",2.220446049250313e-16,294.18573950032425,True,0,False,,False,
120,8.16,flexion,97.81915758673371,110.07185977856409,False,True,31,0.07516704909019671,0.504357747886718,0.07516704909019671,0.504357747886718,0.14592848286732074,0.9613135472359066,485.2520058270627,0.37506241803311413,-0.9156927494310412,1.0000039331521238,"{""bflh_r"":-6.045045030339471,""gasmed_r"":0.0,""recfem_r"":0.0,""semimem_r"":0.0,""vaslat_r"":-42.854057215718726}",2.220446049250313e-16,296.6140832218968,True,0,False,,False,
121,8.228,flexion,98.07876507332263,110.27507291616857,False,True,31,0.07512034734362942,0.504299097226298,0.07512034734362942,0.504299097226298,0.14533879242436232,0.9617534504445703,485.6765577148242,0.3753905639360516,-0.9156927494310412,1.0000039331521238,"{""bflh_r"":-6.114310687832857,""gasmed_r"":0.0,""recfem_r"":0.0,""semimem_r"":0.0,""vaslat_r"":-43.29574236525426}",4.440892098500626e-16,298.9171686059409,True,0,False,,False,
122,8.296,flexion,98.31344205024942,110.46647637175067,False,True,31,0.07507804689275889,0.504251132057052,0.07507804689275889,0.504251132057052,0.1447966308146217,0.962145364669642,486.0482567636766,0.3756778586661488,-0.9156927494310412,1.0000039331521238,"{""bflh_r"":-6.172893355130386,""gasmed_r"":0.0,""recfem_r"":0.0,""semimem_r"":0.0,""vaslat_r"":-43.71562579186491}",4.440892098500626e-16,301.1028154178356,True,0,False,,False,
123,8.363999999999999,flexion,98.53468833586679,110.65563967724711,False,True,31,0.07503809520461865,0.5042113854979141,0.07503809520461865,0.5042113854979141,0.1442735079283351,0.9625098524666534,486.38816205823167,0.3759405792734769,-0.9156927494310412,1.0000039331521238,"{""bflh_r"":-6.223635331671409,""gasmed_r"":0.0,""recfem_r"":0.0,""semimem_r"":0.0,""vaslat_r"":-44.134326767702134}",1.1102230246251565e-15,303.2787132467634,True,0,False,,False,
124,8.432,flexion,98.73882027567205,110.84005407221035,False,True,31,0.07500117229846393,0.5041807011456482,0.07500117229846393,0.5041807011456482,0.1437757168564645,0.9628418427531752,486.69270622510453,0.3761759684532301,-0.9156927494310412,1.0000039331521238,"{""bflh_r"":-6.265440126277991,""gasmed_r"":0.0,""recfem_r"":0.0,""semimem_r"":0.0,""vaslat_r"":-44.54613114935693}",2.220446049250313e-16,305.41533455946353,True,0,False,,False,
125,8.5,flexion,98.94695744095664,111.03221258755273,False,True,31,0.07496346441869906,0.5041525178036297,0.07496346441869906,0.5041525178036297,0.14326988884646524,0.9631760937088812,486.9942546737906,0.3764090421736067,-0.9156927494310412,1.0000039331521238,"{""bflh_r"":-6.305837392364919,""gasmed_r"":0.0,""recfem_r"":0.0,""semimem_r"":0.0,""vaslat_r"":-44.979071631113854}",6.661338147750939e-16,307.65789102026184,True,0,False,,False,
126,8.568,flexion,99.17550074760791,111.24439142559756,False,True,31,0.07492198968453695,0.5041233611787378,0.07492198968453695,0.5041233611787378,0.14272668102614705,0.9635381670782626,487.3149219936665,0.3766568933085481,-0.9156927494310412,1.0000039331521238,"{""bflh_r"":-6.349346395352568,""gasmed_r"":0.0,""recfem_r"":0.0,""semimem_r"":0.0,""vaslat_r"":-45.46173309471038}",1.1102230246251565e-15,310.153649830265,True,0,False,,False,
127,8.636,flexion,99.4196903439484,111.47205421537056,False,True,31,0.07487759528384662,0.5040940899964542,0.07487759528384662,0.5040940899964542,0.142161795937599,0.9639193032586759,487.6454467550059,0.3769123634863509,-0.9156927494310412,1.0000039331521238,"{""bflh_r"":-6.395044469336936,""gasmed_r"":0.0,""recfem_r"":0.0,""semimem_r"":0.0,""vaslat_r"":-45.98507677852542}",1.6653345369377348e-16,312.8546885108142,True,0,False,,False,
128,8.704,flexion,99.6835549953141,111.71232931431267,False,True,31,0.07482953142950585,0.5040610991150213,0.07482953142950585,0.5040610991150213,0.14158588461563537,0.9643244980082442,487.98853928276793,0.3771775475794124,-0.9156927494310412,1.0000039331521238,"{""bflh_r"":-6.446772794536939,""gasmed_r"":0.0,""recfem_r"":0.0,""semimem_r"":0.0,""vaslat_r"":-46.54363353024229}",1.5543122344752192e-15,315.7316788234222,True,0,False,,False,
129,8.772,flexion,99.96982505781311,111.96724357147882,False,True,31,0.07477727866952372,0.5040241690641193,0.07477727866952372,0.5040241690641193,0.14099775542485476,0.9647562832572074,488.3442229326679,0.3774524636399013,-0.9156927494310412,1.0000039331521238,"{""bflh_r"":-6.5051578643998615,""gasmed_r"":0.0,""recfem_r"":0.0,""semimem_r"":0.0,""vaslat_r"":-47.14331426012866}",5.551115123125783e-17,318.81394345561586,True,0,False,,False,
130,8.84,flexion,100.27291592113741,112.23334595117443,False,True,31,0.07472183463546815,0.5039851837701191,0.07472183463546815,0.5039851837701191,0.1404090649128484,0.9652045716032694,488.7020199815969,0.3777290131950293,-0.9156927494310412,1.0000039331521238,"{""bflh_r"":-6.5682006748589545,""gasmed_r"":0.0,""recfem_r"":0.0,""semimem_r"":0.0,""vaslat_r"":-47.77723388492631}",1.5543122344752192e-15,322.064960641958,True,0,False,,False,
131,8.908,flexion,100.59295761925381,112.50950782613464,False,True,31,0.07466315612556727,0.5039438081116405,0.07466315612556727,0.5039438081116405,0.13982554241186707,0.9656680270809215,489.05882738665224,0.3780047978316823,-0.9156927494310412,1.0000039331521238,"{""bflh_r"":-6.636389288827524,""gasmed_r"":0.0,""recfem_r"":0.0,""semimem_r"":0.0,""vaslat_r"":-48.44381914713485}",6.661338147750939e-16,325.47559034704415,True,0,False,,False,
132,8.976,flexion,100.92995348605736,112.79692004569891,False,True,31,0.07460122233867468,0.5039010321022408,0.07460122233867468,0.5039010321022408,0.13924807308579365,0.9661450336987554,489.4111914961237,0.3782771481431482,-0.9156927494310412,1.0000039331521238,"{""bflh_r"":-6.709014583430298,""gasmed_r"":0.0,""recfem_r"":0.0,""semimem_r"":0.0,""vaslat_r"":-49.14714128702837}",8.881784197001252e-16,329.0655673051063,True,0,False,,False,
133,9.044,flexion,101.27945490246299,113.09538973971019,False,True,31,0.07453683305446,0.503859704864219,0.07453683305446,0.503859704864219,0.13868076639285315,0.9666278168100243,489.751303030861,0.378540028158249,-0.9156927494310412,1.0000039331521238,"{""bflh_r"":-6.783273557011617,""gasmed_r"":0.0,""recfem_r"":0.0,""semimem_r"":0.0,""vaslat_r"":-49.88805949780921}",1.3322676295501878e-15,332.8380430261846,True,0,False,,False,
134,9.112,flexion,101.64392373750916,113.40639543612886,False,True,31,0.07446951791892711,0.5038195736114603,0.07446951791892711,0.5038195736114603,0.1381249312727729,0.9671183370134879,490.0784766163285,0.3787929081352681,-0.9156927494310412,1.0000039331521238,"{""bflh_r"":-6.859849935278766,""gasmed_r"":0.0,""recfem_r"":0.0,""semimem_r"":0.0,""vaslat_r"":-50.671741767732364}",5.551115123125783e-17,336.81797513539414,True,0,False,,False,
135,9.18,flexion,102.01807014117918,113.72593695346,False,True,31,0.07440023892334792,0.5037818566309131,0.07440023892334792,0.5037818566309131,0.13653462350129433,0.9676081361910756,490.3850958183305,0.37902990115732116,-0.9156927494310412,1.0000039331521238,"{""bflh_r"":-6.9372565586495085,""gasmed_r"":0.0,""recfem_r"":0.0,""semimem_r"":0.0,""vaslat_r"":-51.489560842426805}",4.440892098500626e-16,340.9602503290643,True,0,False,,False,
136,9.248000000000001,flexion,102.39792016333672,114.05174723961444,False,True,31,0.0743297234263849,0.5037478312065722,0.0743297234263849,0.5037478312065722,0.1343119979548676,0.9680911506601098,490.6660509104359,0.37924705779951606,-0.9156927494310412,1.0000039331521238,"{""bflh_r"":-7.014043323124842,""gasmed_r"":0.0,""recfem_r"":0.0,""semimem_r"":0.0,""vaslat_r"":-52.33687581101505}",8.881784197001252e-16,345.24027011772074,True,0,False,,False,
137,9.316,flexion,102.78515161023431,114.38482485177741,False,True,31,0.07425765321994579,0.5037173455101113,0.07425765321994579,0.5037173455101113,0.1320704802997415,0.9685687650380201,490.9209698661297,0.37944409051401673,-0.9156927494310412,1.0000039331521238,"{""bflh_r"":-7.090667011686585,""gasmed_r"":0.0,""recfem_r"":0.0,""semimem_r"":0.0,""vaslat_r"":-53.217429421939656}",1.3322676295501878e-15,349.67590512500806,True,0,False,,False,
138,9.384,flexion,103.17809613267636,114.72231055784353,False,True,31,0.07418433219205217,0.5036899720468,0.07418433219205217,0.5036899720468,0.12982183439187728,0.9690381595168519,491.14711464257806,0.3796188830046438,-0.9156927494310412,1.0000039331521238,"{""bflh_r"":-7.167366696021526,""gasmed_r"":0.0,""recfem_r"":0.0,""semimem_r"":0.0,""vaslat_r"":-54.124742927778144}",1.1102230246251565e-15,354.23353928630024,True,0,False,,False,
139,9.452,flexion,103.57719094884824,115.06426276370875,False,True,31,0.07410967316540785,0.5036657131742279,0.07410967316540785,0.5036657131742279,0.12756567271776456,0.9694991536933082,491.34322544819406,0.37977046154955135,-0.9156927494310412,1.0000039331521238,"{""bflh_r"":-7.244275516945709,""gasmed_r"":0.0,""recfem_r"":0.0,""semimem_r"":0.0,""vaslat_r"":-55.05991422051477}",4.440892098500626e-16,358.91780563282003,True,0,False,,False,
140,9.520000000000001,flexion,103.9815386818268,115.41009505776415,False,True,31,0.07403383890143413,0.5036449366075382,0.07403383890143413,0.5036449366075382,0.12530926001891046,0.9699500253182611,491.5073885637967,0.3798973469912403,-0.9156927494310412,1.0000039331521238,"{""bflh_r"":-7.32103364267649,""gasmed_r"":0.0,""recfem_r"":0.0,""semimem_r"":0.0,""vaslat_r"":-56.02228453797914}",2.220446049250313e-15,363.72456232181435,True,0,False,,False,
141,9.588,flexion,104.38738800172365,115.75603303702857,False,True,31,0.07395753130391515,0.5036276486197274,0.07395753130391515,0.5036276486197274,0.12307531827797852,0.9703861783942777,491.6371927391761,0.3799976756190542,-0.9156927494310412,1.0000039331521238,"{""bflh_r"":-7.397109264253239,""gasmed_r"":0.0,""recfem_r"":0.0,""semimem_r"":0.0,""vaslat_r"":-57.00201220421799}",4.440892098500626e-16,368.60402143574527,True,0,False,,False,
142,9.655999999999999,flexion,104.79509940721206,116.10159860507645,False,True,31,0.0738806834663524,0.5036134537816616,0.0738806834663524,0.5036134537816616,0.12086334053023978,0.9708077902527719,491.7323015410154,0.38007118739595713,-0.9156927494310412,1.0000039331521238,"{""bflh_r"":-7.472862846345616,""gasmed_r"":0.0,""recfem_r"":0.0,""semimem_r"":0.0,""vaslat_r"":-57.99810660095122}",4.440892098500626e-16,373.5508449393586,True,0,False,,False,
143,9.724,flexion,105.20384627023073,116.44691179257255,False,True,31,0.07380345247876399,0.5036029303984094,0.07380345247876399,0.5036029303984094,0.11867928791463266,0.9712138237687038,491.7921334876818,0.38011743288144273,-0.9156927494310412,1.0000039331521238,"{""bflh_r"":-7.547697776563323,""gasmed_r"":0.0,""recfem_r"":0.0,""semimem_r"":0.0,""vaslat_r"":-59.01125701687845}",8.881784197001252e-16,378.56810185505094,True,0,False,,False,
144,9.792,flexion,105.6089483789129,116.78977787267311,False,True,31,0.07372672773074818,0.5035972427569204,0.07372672773074818,0.5035972427569204,0.11654899403015255,0.9715997834232394,491.8163353892764,0.38013613908692784,-0.9156927494310412,1.0000039331521238,"{""bflh_r"":-7.619929671982136,""gasmed_r"":0.0,""recfem_r"":0.0,""semimem_r"":0.0,""vaslat_r"":-60.035209414844324}",2.220446049250313e-16,383.6245771824977,True,0,False,,False,
145,9.86,flexion,106.0125657116058,117.13165779664318,False,True,31,0.07365010684800712,0.5035961147227228,0.07365010684800712,0.5035961147227228,0.11446160929689206,0.9719680336849333,491.80569812024754,0.38012791729743434,-0.9156927494310412,1.0000039331521238,"{""bflh_r"":-7.690106583289739,""gasmed_r"":0.0,""recfem_r"":0.0,""semimem_r"":0.0,""vaslat_r"":-61.074454404161436}",1.734723475976807e-17,388.7422295686601,True,0,False,,False,
146,9.927999999999999,flexion,106.41360916899815,117.47151355021431,False,True,31,0.07357380246902771,0.5035994651183184,0.07357380246902771,0.5035994651183184,0.11242340244247251,0.9723178211985759,491.7607743803541,0.38009319470729724,-0.9156927494310412,1.0000039331521238,"{""bflh_r"":-7.75808126729498,""gasmed_r"":0.0,""recfem_r"":0.0,""semimem_r"":0.0,""vaslat_r"":-62.12599542369195}",6.661338147750939e-16,393.90611418558836,True,0,False,,False,
147,9.996,flexion,106.80207577696693,117.8033724783955,False,True,31,0.07349973048167963,0.5036085627406626,0.07349973048167963,0.5036085627406626,0.11048431697867579,0.9726413198057958,491.68461414563194,0.38003432871303067,-0.9156927494310412,1.0000039331521238,"{""bflh_r"":-7.821105898546664,""gasmed_r"":0.0,""recfem_r"":0.0,""semimem_r"":0.0,""vaslat_r"":-63.17093146738388}",1.9984014443252818e-15,399.02364221075464,True,0,False,,False,
148,10.064,flexion,107.17310344709,118.12274642352786,False,True,31,0.07342883893830485,0.5036226937651682,0.07342883893830485,0.5036226937651682,0.10866564081729402,0.972936216859613,491.58188637769285,0.3799549280622766,-0.9156927494310412,1.0000039331521238,"{""bflh_r"":-7.878716267764929,""gasmed_r"":0.0,""recfem_r"":0.0,""semimem_r"":0.0,""vaslat_r"":-64.1938396194099}",2.220446049250313e-16,404.020143773275,True,0,False,,False,
149,10.132,flexion,107.53020775915807,118.43065659813368,False,True,31,0.07336047654725332,0.5036403164608177,0.07336047654725332,0.5036403164608177,0.1069469146163631,0.9732070531180098,491.45535413740004,0.3798571283882238,-0.9156927494310412,1.0000039331521238,"{""bflh_r"":-7.932522099542747,""gasmed_r"":0.0,""recfem_r"":0.0,""semimem_r"":0.0,""vaslat_r"":-65.19641238599995}",6.661338147750939e-16,408.9049483797739,True,0,False,,False,
150,10.2,flexion,107.87315009466494,118.73077489471065,False,True,31,0.0732947063257784,0.5036635012908298,0.0732947063257784,0.5036635012908298,0.10532644644290665,0.9734551482878926,491.30831317697545,0.37974347705344413,-0.9156927494310412,1.0000039331521238,"{""bflh_r"":-7.980939322958785,""gasmed_r"":0.0,""recfem_r"":0.0,""semimem_r"":0.0,""vaslat_r"":-66.18939874644578}",4.440892098500626e-16,413.7312467648939,True,0,False,,False,
151,10.267999999999999,flexion,108.1998476287524,119.02636566840489,False,True,31,0.07323194508737034,0.5036950282686758,0.07323194508737034,0.5036950282686758,0.10381089720819082,0.9736805539460442,491.14498802729867,0.37961723929486135,-0.9156927494310412,1.0000039331521238,"{""bflh_r"":-8.021655082707596,""gasmed_r"":0.0,""recfem_r"":0.0,""semimem_r"":0.0,""vaslat_r"":-67.18293091366692}",8.881784197001252e-16,418.5487078775875,True,0,False,,False,
152,10.336,flexion,108.51157858075837,119.31656426640937,False,True,31,0.07317196384170156,0.5037334474390629,0.07317196384170156,0.5037334474390629,0.10239104027759414,0.9738856815470164,490.96800692590887,0.37948044653762114,-0.9156927494310412,1.0000039331521238,"{""bflh_r"":-8.055935976447945,""gasmed_r"":0.0,""recfem_r"":0.0,""semimem_r"":0.0,""vaslat_r"":-68.17361145842318}",1.5543122344752192e-15,423.34115110817027,True,0,False,,False,
153,10.404,flexion,108.80963821991755,119.60015270138435,False,True,31,0.07311452764193034,0.5037770813784539,0.07311452764193034,0.5037770813784539,0.1010580058903102,0.9740727229822596,490.77949501159696,0.3793347413502941,-0.9156927494310412,1.0000039331521238,"{""bflh_r"":-8.085165084059632,""gasmed_r"":0.0,""recfem_r"":0.0,""semimem_r"":0.0,""vaslat_r"":-69.15661600027177}",8.881784197001252e-16,428.0856279316625,True,0,False,,False,
154,10.472,flexion,109.0926200581565,119.87944003569943,False,True,31,0.07305992084823082,0.5038278405303477,0.07305992084823082,0.5038278405303477,0.09981511246073187,0.9742420780507103,490.5830777631383,0.37918292594867664,-0.9156927494310412,1.0000039331521238,"{""bflh_r"":-8.107834335706213,""gasmed_r"":0.0,""recfem_r"":0.0,""semimem_r"":0.0,""vaslat_r"":-70.13935795133413}",2.220446049250313e-16,432.8182636625976,True,0,False,,False,
155,10.54,flexion,109.35919146573426,120.15632255804347,True,True,31,0.07300841403449991,0.5038873625946325,0.07300841403449991,0.5038873625946325,0.09866494955350588,0.9743942832568198,490.3825220177245,0.37902791180773115,-0.9156927494310412,1.0000039331521238,"{""bflh_r"":-8.122705347673547,""gasmed_r"":0.0,""recfem_r"":0.0,""semimem_r"":0.0,""vaslat_r"":-71.12824125810472}",6.661338147750939e-16,437.57013116734316,True,0,False,,False,
156,10.608,flexion,109.61160799496461,120.43307720156851,True,True,31,0.07295958345420644,0.5039559254969925,0.07295958345420644,0.5039559254969925,0.09759468914185444,0.9745318519467415,490.17873902220174,0.3788704032510699,-0.9156927494310412,1.0000039331521238,"{""bflh_r"":-8.13017897339171,""gasmed_r"":0.0,""recfem_r"":0.0,""semimem_r"":0.0,""vaslat_r"":-72.13145467499155}",4.440892098500626e-16,442.38064565559796,True,0,False,,False,
157,10.676,flexion,109.85142610992052,120.70801267827802,True,True,31,0.07291313788632778,0.5040315355436029,0.07291313788632778,0.5040315355436029,0.09659512234173782,0.9746566474552667,489.97263159020184,0.37871109808408,-0.9156927494310412,1.0000039331521238,"{""bflh_r"":-8.131940147218112,""gasmed_r"":0.0,""recfem_r"":0.0,""semimem_r"":0.0,""vaslat_r"":-73.14296859387352}",2.220446049250313e-16,447.22044876423485,True,0,False,,False,
158,10.744,flexion,110.07723833592755,120.97756271035466,True,True,31,0.07286935901504119,0.5041122488410249,0.07286935901504119,0.5041122488410249,0.09566958099959376,0.9747688927419622,489.7674395245283,0.37855250042474303,-0.9156927494310412,1.0000039331521238,"{""bflh_r"":-8.128969062335676,""gasmed_r"":0.0,""recfem_r"":0.0,""semimem_r"":0.0,""vaslat_r"":-74.14933152568402}",1.1102230246251565e-16,452.02533320457627,True,0,False,,False,
159,10.812,flexion,110.28621353050664,121.23731808422004,True,True,31,0.07282880532273496,0.5041960872116595,0.07282880532273496,0.5041960872116595,0.09482678521997134,0.9748682213696579,489.56794321141246,0.3783983051433482,-0.9156927494310412,1.0000039331521238,"{""bflh_r"":-8.121887082414306,""gasmed_r"":0.0,""recfem_r"":0.0,""semimem_r"":0.0,""vaslat_r"":-75.13309509050069}",6.461844948013606e-17,456.7125992964295,True,0,False,,False,
160,10.88,flexion,110.47968165922757,121.48707436780523,True,True,31,0.07279122787948479,0.5042820108686354,0.07279122787948479,0.5042820108686354,0.09405846957962219,0.9749562821825748,489.37502666096896,0.37824919551161235,-0.9156927494310412,1.0000039331521238,"{""bflh_r"":-8.111541162966901,""gasmed_r"":0.0,""recfem_r"":0.0,""semimem_r"":0.0,""vaslat_r"":-76.09213039432501}",4.440892098500626e-16,461.2729378390503,True,0,False,,False,
161,10.948,flexion,110.6619750430074,121.7300098047587,True,True,31,0.07275579218818458,0.5043700374768307,0.07275579218818458,0.5043700374768307,0.09334517614813627,0.9750358277903406,489.18602280852724,0.3781031100940085,-0.9156927494310412,1.0000039331521238,"{""bflh_r"":-8.098774073479781,""gasmed_r"":0.0,""recfem_r"":0.0,""semimem_r"":0.0,""vaslat_r"":-77.03752999322327}",8.881784197001252e-16,465.7597941291112,True,0,False,,False,
162,11.016,flexion,110.83406376868697,121.96616681273825,True,True,31,0.07272231487979264,0.5044595823113494,0.07272231487979264,0.5044595823113494,0.0926814055198076,0.9751078675992453,489.0011664681071,0.3779602303836845,-0.9156927494310412,1.0000039331521238,"{""bflh_r"":-8.084091200106116,""gasmed_r"":0.0,""recfem_r"":0.0,""semimem_r"":0.0,""vaslat_r"":-77.96860061520448}",1.7763568394002505e-15,470.1704143296042,True,0,False,,False,
163,11.084,flexion,110.99281321449456,122.19129832649992,True,True,31,0.07269141099340104,0.5045488349721305,0.07269141099340104,0.5045488349721305,0.09207744197942899,0.9751716940177323,488.8251027624274,0.3778241467026545,-0.9156927494310412,1.0000039331521238,"{""bflh_r"":-8.067797733084719,""gasmed_r"":0.0,""recfem_r"":0.0,""semimem_r"":0.0,""vaslat_r"":-78.86742550358908}",3.361026734705064e-17,474.4206718170484,True,0,False,,False,
164,11.152000000000001,flexion,111.13405053632484,122.40085070312965,True,True,31,0.07266389900818629,0.5046361140025253,0.07266389900818629,0.5046361140025253,0.09154691384285137,0.9752263583328962,488.66399766424803,0.37769962487285264,-0.9156927494310412,1.0000039331521238,"{""bflh_r"":-8.049838933716043,""gasmed_r"":0.0,""recfem_r"":0.0,""semimem_r"":0.0,""vaslat_r"":-79.7140336043225}",1.7763568394002505e-15,478.4172835122861,True,0,False,,False,
165,11.22,flexion,111.25639676693606,122.5926073112855,True,True,31,0.07264005389741707,0.5047201032217985,0.07264005389741707,0.5047201032217985,0.09109257713452469,0.9752720964733745,488.52104569459124,0.377589134012932,-0.9156927494310412,1.0000039331521238,"{""bflh_r"":-8.030496722911847,""gasmed_r"":0.0,""recfem_r"":0.0,""semimem_r"":0.0,""vaslat_r"":-80.49728849196978}",1.3322676295501878e-15,482.10908140491813,True,0,False,,False,
166,11.288,flexion,111.36483600607501,122.76840442967367,True,True,31,0.07261890925657882,0.5047996432497717,0.07261890925657882,0.5047996432497717,0.09069397642409506,0.9753113825591805,488.3917093585765,0.3774891669889059,-0.9156927494310412,1.0000039331521238,"{""bflh_r"":-8.011293606501418,""gasmed_r"":0.0,""recfem_r"":0.0,""semimem_r"":0.0,""vaslat_r"":-81.22261414151272}",2.220446049250313e-16,485.5229703906325,True,0,False,,False,
167,11.356,flexion,111.46372736513983,122.93103159809974,True,True,31,0.07259961824393549,0.5048746244841957,0.07259961824393549,0.5048746244841957,0.09033384769808989,0.9753461829657347,488.27160423442666,0.3773963349805043,-0.9156927494310412,1.0000039331521238,"{""bflh_r"":-7.993071223855995,""gasmed_r"":0.0,""recfem_r"":0.0,""semimem_r"":0.0,""vaslat_r"":-81.89985293161794}",1.5543122344752192e-15,488.70635192981104,True,0,False,,False,
168,11.424,flexion,111.5553042386162,123.08280872395333,True,True,31,0.07258174722710532,0.504945592530803,0.07258174722710532,0.504945592530803,0.0899441253185615,0.9753775359827105,488.1585487781224,0.3773089518222605,-0.9156927494310412,1.0000039331521238,"{""bflh_r"":-7.975903088970555,""gasmed_r"":0.0,""recfem_r"":0.0,""semimem_r"":0.0,""vaslat_r"":-82.53738343350548}",2.220446049250313e-16,491.69944330965086,True,0,False,,False,
169,11.491999999999999,flexion,111.63778898747813,123.22353177437714,True,True,31,0.07256564490453798,0.5050130175976485,0.07256564490453798,0.5050130175976485,0.08937710032934144,0.9754050572194642,488.0552089999836,0.37722907813476964,-0.9156927494310412,1.0000039331521238,"{""bflh_r"":-7.959070802163403,""gasmed_r"":0.0,""recfem_r"":0.0,""semimem_r"":0.0,""vaslat_r"":-83.13324923620596}",1.1102230246251565e-15,494.4937764737531,True,0,False,,False,
170,11.559999999999999,flexion,111.7089282938079,123.35255824950762,True,True,31,0.07255175314230108,0.5050772494338437,0.07255175314230108,0.5050772494338437,0.08888114985497081,0.9754282457722385,487.96493502906924,0.37715930330970965,-0.9156927494310412,1.0000039331521238,"{""bflh_r"":-7.941829880312244,""gasmed_r"":0.0,""recfem_r"":0.0,""semimem_r"":0.0,""vaslat_r"":-83.68365418490511}",1.5543122344752192e-15,497.0722440486626,True,0,False,,False,
171,11.628,flexion,111.76714161956929,123.46952239277357,True,True,31,0.07254038259378993,0.5051385510557869,0.07254038259378993,0.5051385510557869,0.08846154074996494,0.9754468439049221,487.8902729512268,0.37710159527529724,-0.9156927494310412,1.0000039331521238,"{""bflh_r"":-7.923634081024083,""gasmed_r"":0.0,""recfem_r"":0.0,""semimem_r"":0.0,""vaslat_r"":-84.18599143782248}",2.6645352591003757e-15,499.42331017882196,True,0,False,,False,
172,11.696,flexion,111.81254257538292,123.5748760037448,True,True,31,0.07253151281545366,0.505197076554334,0.07253151281545366,0.505197076554334,0.08811560155330213,0.9754611131432631,487.83154957670075,0.3770562066306748,-0.9156927494310412,1.0000039331521238,"{""bflh_r"":-7.904364787060738,""gasmed_r"":0.0,""recfem_r"":0.0,""semimem_r"":0.0,""vaslat_r"":-84.64124190246058}",1.7763568394002505e-15,501.55217988424334,True,0,False,,False,
173,11.764,flexion,111.8480097367393,123.67048210121318,True,True,31,0.07252458265569221,0.5052528746275757,0.07252458265569221,0.5052528746275757,0.08782777417301389,0.9754721166234176,487.78537387489627,0.37702051637042816,-0.9156927494310412,1.0000039331521238,"{""bflh_r"":-7.884561314710492,""gasmed_r"":0.0,""recfem_r"":0.0,""semimem_r"":0.0,""vaslat_r"":-85.05666550028015}",8.881784197001252e-16,503.49330806057844,True,0,False,,False,
174,11.831999999999999,flexion,111.8763255422048,123.7579886352419,True,True,31,0.07251904915398244,0.5053059103012717,0.07251904915398244,0.5053059103012717,0.08758358860109,0.9754808109943051,487.7483191655816,0.37699187593472017,-0.9156927494310412,1.0000039331521238,"{""bflh_r"":-7.8647933174939615,""gasmed_r"":0.0,""recfem_r"":0.0,""semimem_r"":0.0,""vaslat_r"":-85.43881953806005}",1.3322676295501878e-15,505.27772303655394,True,0,False,,False,
175,11.9,flexion,111.8999837212212,123.83837971167321,True,True,31,0.07251442537991996,0.5053558019980319,0.07251442537991996,0.5053558019980319,0.08737098860851876,0.9754880136646374,487.7172304932447,0.376967846785989,-0.9156927494310412,1.0000039331521238,"{""bflh_r"":-7.845743408070925,""gasmed_r"":0.0,""recfem_r"":0.0,""semimem_r"":0.0,""vaslat_r"":-85.79152903684117}",1.7763568394002505e-15,506.9235889756226,True,0,False,,False,
176,11.968,flexion,111.92093498201302,123.91233848593416,True,True,31,0.07251033029143464,0.5054021892493339,0.07251033029143464,0.5054021892493339,0.08718067732158974,0.975494345416848,487.68960084892615,0.37694649119944207,-0.9156927494310412,1.0000039331521238,"{""bflh_r"":-7.827968470750486,""gasmed_r"":0.0,""recfem_r"":0.0,""semimem_r"":0.0,""vaslat_r"":-86.11740249397147}",2.220446049250313e-15,508.44332660481837,True,0,False,,False,
177,12.036,flexion,111.94003162097813,123.98019702647302,True,True,31,0.07250659741185943,0.5054449241311193,0.07250659741185943,0.5054449241311193,0.08700831558556851,0.9755000783786749,487.6643367607052,0.3769269640055227,-0.9156927494310412,1.0000039331521238,"{""bflh_r"":-7.811686614375173,""gasmed_r"":0.0,""recfem_r"":0.0,""semimem_r"":0.0,""vaslat_r"":-86.41757045181171}",1.3322676295501878e-15,509.84242331347804,True,0,False,,False,
178,12.104,flexion,111.95692011927336,124.04186433237533,True,True,31,0.07250329593309943,0.5054840569495791,0.07250329593309943,0.5054840569495791,0.08685498468394984,0.975505118004858,487.6419301957496,0.37690964545695177,-0.9156927494310412,1.0000039331521238,"{""bflh_r"":-7.796761579741556,""gasmed_r"":0.0,""recfem_r"":0.0,""semimem_r"":0.0,""vaslat_r"":-86.69132955681508}",2.220446049250313e-15,511.1177947091788,True,0,False,,False,
179,12.172,flexion,111.97134070386528,124.09736954544215,True,True,31,0.07250047672727707,0.5055196906619908,0.07250047672727707,0.5055196906619908,0.08672125619935095,0.9755093985809884,487.6227505354707,0.3768948210571041,-0.9156927494310412,1.0000039331521238,"{""bflh_r"":-7.783056261014707,""gasmed_r"":0.0,""recfem_r"":0.0,""semimem_r"":0.0,""vaslat_r"":-86.93853241135089}",1.3322676295501878e-15,512.268931745268,True,0,False,,False,
180,12.24,flexion,111.98328521028283,124.14686761645505,True,True,31,0.0724981414719594,0.5055519195145671,0.0724981414719594,0.5055519195145671,0.08660657704626828,0.9755129283925588,487.60683107408903,0.3768825165398473,-0.9156927494310412,1.0000039331521238,"{""bflh_r"":-7.770496670017421,""gasmed_r"":0.0,""recfem_r"":0.0,""semimem_r"":0.0,""vaslat_r"":-87.15962209242363}",2.4424906541753444e-15,513.2980563427625,True,0,False,,False,
181,12.308,flexion,111.99306861071017,124.19055675410593,True,True,31,0.07249622865106797,0.5055807374409198,0.07249622865106797,0.5055807374409198,0.08650911024794955,0.9755158089139176,487.5937696060342,0.37687242103126023,-0.9156927494310412,1.0000039331521238,"{""bflh_r"":-7.759130431068995,""gasmed_r"":0.0,""recfem_r"":0.0,""semimem_r"":0.0,""vaslat_r"":-87.35526884620305}",8.881784197001252e-16,514.2084261537753,True,0,False,,False,
182,12.376,flexion,112.00103491583621,124.22873491069424,True,True,31,0.07249467104953804,0.5056062051560037,0.07249467104953804,0.5056062051560037,0.0864268218262344,0.9755181473477267,487.583119246241,0.37686418912361436,-0.9156927494310412,1.0000039331521238,"{""bflh_r"":-7.748983520627675,""gasmed_r"":0.0,""recfem_r"":0.0,""semimem_r"":0.0,""vaslat_r"":-87.52662410177578}",1.3322676295501878e-15,515.0055157737994,True,0,False,,False,
183,12.444,flexion,112.00748277542786,124.26178571146919,True,True,31,0.07249341030488693,0.505628470988735,0.07249341030488693,0.505628470988735,0.08635779527437731,0.9755200354017797,487.57448918794347,0.3768575187533862,-0.9156927494310412,1.0000039331521238,"{""bflh_r"":-7.740034588065022,""gasmed_r"":0.0,""recfem_r"":0.0,""semimem_r"":0.0,""vaslat_r"":-87.67525879002535}",8.881784197001252e-16,515.6967291089197,True,0,False,,False,
184,12.512,flexion,112.01266731732005,124.29014731255329,True,True,31,0.07249239655285357,0.5056477463458015,0.07249239655285357,0.5056477463458015,0.08630026385572286,0.9755215505125405,487.56754367663626,0.37685215040820863,-0.9156927494310412,1.0000039331521238,"{""bflh_r"":-7.73222693744959,""gasmed_r"":0.0,""recfem_r"":0.0,""semimem_r"":0.0,""vaslat_r"":-87.80302230791379}",4.440892098500626e-16,516.2907438985782,True,0,False,,False,
185,12.58,flexion,112.01674592127138,124.31436963716021,True,True,31,0.07249159903451716,0.5056643716106614,0.07249159903451716,0.5056643716106614,0.0862527460937461,0.9755227405361834,487.5620757813176,0.37684792414635887,-0.9156927494310412,1.0000039331521238,"{""bflh_r"":-7.725425973595371,""gasmed_r"":0.0,""recfem_r"":0.0,""semimem_r"":0.0,""vaslat_r"":-87.9122980807762}",6.661338147750939e-16,516.7987009876207,True,0,False,,False,
186,12.648,flexion,112.01982456988891,124.33503052464701,True,True,31,0.07249099703619212,0.5056787327485379,0.07249099703619212,0.5056787327485379,0.08621396802122068,0.9755236376970801,487.5579461444197,0.37684473225517257,-0.9156927494310412,1.0000039331521238,"{""bflh_r"":-7.719467920040313,""gasmed_r"":0.0,""recfem_r"":0.0,""semimem_r"":0.0,""vaslat_r"":-88.00562276293844}",2.220446049250313e-16,517.2324368990509,True,0,False,,False,
187,12.716000000000001,flexion,112.02204276919944,124.35260075361904,True,True,31,0.07249056328550257,0.5056911225879499,0.07249056328550257,0.5056911225879499,0.08618269422301296,0.9755242835227131,487.5549694646081,0.3768424315109934,-0.9156927494310412,1.0000039331521238,"{""bflh_r"":-7.714241990512395,""gasmed_r"":0.0,""recfem_r"":0.0,""semimem_r"":0.0,""vaslat_r"":-88.08507105177222}",4.440892098500626e-16,517.6016273611457,True,0,False,,False,
188,12.784,flexion,112.02355604871946,124.36746328206982,True,True,31,0.07249026737396194,0.505701762152845,0.07249026737396194,0.505701762152845,0.08615776235997742,0.9755247238291456,487.5529381493243,0.3768408614607659,-0.9156927494310412,1.0000039331521238,"{""bflh_r"":-7.709675857706509,""gasmed_r"":0.0,""recfem_r"":0.0,""semimem_r"":0.0,""vaslat_r"":-88.15233614409695}",2.220446049250313e-16,517.9141652211291,True,0,False,,False,
189,12.852,flexion,112.02451929539103,124.37993520367036,True,True,31,0.0724900790167095,0.5057108238968077,0.0724900790167095,0.5057108238968077,0.08613811392473172,0.9755250039776041,487.5516449075722,0.3768398618845193,-0.9156927494310412,1.0000039331521238,"{""bflh_r"":-7.705720721800174,""gasmed_r"":0.0,""recfem_r"":0.0,""semimem_r"":0.0,""vaslat_r"":-88.20882451730255}",8.881784197001252e-16,518.1766037888182,True,0,False,,False,
190,12.92,flexion,112.0250753561993,124.39028529980644,True,True,31,0.07248997028195125,0.505718449515773,0.07248997028195125,0.505718449515773,0.08612281204925046,0.9755251656587491,487.55089825937023,0.3768392847829789,-0.9156927494310412,1.0000039331521238,"{""bflh_r"":-7.7023402399422976,""gasmed_r"":0.0,""recfem_r"":0.0,""semimem_r"":0.0,""vaslat_r"":-88.25573225592248}",1.5543122344752192e-15,518.3945134856066,True,0,False,,False,
191,12.988000000000001,flexion,112.02534802489255,124.39874785212557,True,True,31,0.07248991696294094,0.5057247631708667,0.07248991696294094,0.5057247631708667,0.08611104827029999,0.9755252449290236,487.5505321109867,0.37683900177848545,-0.9156927494310412,1.0000039331521238,"{""bflh_r"":-7.699502660499762,""gasmed_r"":0.0,""recfem_r"":0.0,""semimem_r"":0.0,""vaslat_r"":-88.29410542795252}",4.440892098500626e-16,518.5727637561297,True,0,False,,False,
192,13.056,flexion,112.02543857007235,124.40553334048626,True,True,31,0.07248989925726775,0.5057298809189267,0.07248989925726775,0.5057298809189267,0.08610214027772796,0.9755252712506824,487.5504105205248,0.3768389077984254,-0.9156927494310412,1.0000039331521238,"{""bflh_r"":-7.697175558898876,""gasmed_r"":0.0,""recfem_r"":0.0,""semimem_r"":0.0,""vaslat_r"":-88.32488700098192}",8.881784197001252e-16,518.7157420285195,True,0,False,,False,
193,13.123999999999999,flexion,112.02542501526578,124.41083660159161,True,True,31,0.07248990190784518,0.5057339170980483,0.07248990190784518,0.5057339170980483,0.0860955226873178,0.975525267310327,487.5504287229864,0.37683892186752593,-0.9156927494310412,1.0000039331521238,"{""bflh_r"":-7.695322625617222,""gasmed_r"":0.0,""recfem_r"":0.0,""semimem_r"":0.0,""vaslat_r"":-88.34895267831523}",6.661338147750939e-16,518.8275209256337,True,0,False,,False,
194,13.192,flexion,112.02536344504716,124.4148429654006,True,True,31,0.07248991394760451,0.505736988351832,0.07248991394760451,0.505736988351832,0.08609073281916255,0.9755252494117508,487.550511403836,0.3768389857734532,-0.9156927494310412,1.0000039331521238,"{""bflh_r"":-7.693902012774588,""gasmed_r"":0.0,""recfem_r"":0.0,""semimem_r"":0.0,""vaslat_r"":-88.36713785079883}",8.881784197001252e-16,518.911984022543,True,0,False,,False,
195,13.26,flexion,112.0252906830815,124.41773282110124,True,True,31,0.07248992817585231,0.5057392159014223,0.07248992817585231,0.5057392159014223,0.08608739334330136,0.975525228259224,487.5506091127292,0.3768390612949004,-0.9156927494310412,1.0000039331521238,"{""bflh_r"":-7.692865804276269,""gasmed_r"":0.0,""recfem_r"":0.0,""semimem_r"":0.0,""vaslat_r"":-88.38025761824083}",6.661338147750939e-16,518.9729192873049,True,0,False,,False,
196,13.328,flexion,112.02522776597505,124.41968499380107,True,True,31,0.0724899404789826,0.5057407265917054,0.0724899404789826,0.5057407265917054,0.08608519349242272,0.9755252099682541,487.55069360049106,0.37683912659743163,-0.9156927494310412,1.0000039331521238,"{""bflh_r"":-7.69216023508517,""gasmed_r"":0.0,""recfem_r"":0.0,""semimem_r"":0.0,""vaslat_r"":-88.38912155091339}",6.949735925632083e-17,519.0140880022444,True,0,False,,False,
197,13.395999999999999,flexion,112.0251837184612,124.42087923927703,True,True,31,0.07248994909225526,0.5057416531501845,0.07248994909225526,0.5057416531501845,0.08608387035105766,0.9755251971627305,487.5507527488703,0.37683917231457215,-0.9156927494310412,1.0000039331521238,"{""bflh_r"":-7.691726346935358,""gasmed_r"":0.0,""recfem_r"":0.0,""semimem_r"":0.0,""vaslat_r"":-88.3945445516169}",6.661338147750939e-16,519.0392755071579,True,0,False,,False,
198,13.464,flexion,112.02515921769526,124.42149808967181,True,True,31,0.07248995388325773,0.5057421340075339,0.07248995388325773,0.5057421340075339,0.0860831915257981,0.9755251900397642,487.5507856490867,0.3768391977439049,-0.9156927494310412,1.0000039331521238,"{""bflh_r"":-7.691500829000075,""gasmed_r"":0.0,""recfem_r"":0.0,""semimem_r"":0.0,""vaslat_r"":-88.39735485712345}",6.661338147750939e-16,519.052328601275,True,0,False,,False,
199,13.532,flexion,112.02514981375025,124.42172821085542,True,True,31,0.07248995572215212,0.5057423129417501,0.07248995572215212,0.5057423129417501,0.08608294029593168,0.975525187305796,487.55079827689934,0.3768392075042313,-0.9156927494310412,1.0000039331521238,"{""bflh_r"":-7.691416850553917,""gasmed_r"":0.0,""recfem_r"":0.0,""semimem_r"":0.0,""vaslat_r"":-88.3983999013535}",1.9984014443252818e-15,519.0571829640182,True,0,False,,False,
200,13.6,flexion,112.02514844573939,124.42176136569111,True,True,31,0.07248995598965978,0.5057423387274422,0.07248995598965978,0.5057423387274422,0.08608290415327596,0.9755251869080785,487.55080011388947,0.3768392089240831,-0.9156927494310412,1.0000039331521238,"{""bflh_r"":-7.691404745984355,""gasmed_r"":0.0,""recfem_r"":0.0,""semimem_r"":0.0,""vaslat_r"":-88.39855046777002}",1.9984014443252818e-15,519.0578825805633,True,0,False,,False,
201,13.652,extension,112.02514739741011,124.42178671866499,True,True,31,0.07248995619465533,0.5057423584463107,0.07248995619465533,0.5057423584463107,0.08608287652464723,0.975525186603302,487.55080152160605,0.3768392100121396,-0.9156927494310412,1.0000039331521238,"{""bflh_r"":-7.691395488907333,""gasmed_r"":0.0,""recfem_r"":0.0,""semimem_r"":0.0,""vaslat_r"":-88.39866560369785}",1.5543122344752192e-15,519.0584168986323,True,0,False,,False,
202,13.703999999999999,extension,112.0251400694841,124.42196264874951,True,True,31,0.07248995762759453,0.5057424953029771,0.07248995762759453,0.5057424953029771,0.08608268502021935,0.9755251844728758,487.55081136167894,0.37683921761775785,-0.9156927494310412,1.0000039331521238,"{""bflh_r"":-7.691331230292162,""gasmed_r"":0.0,""recfem_r"":0.0,""semimem_r"":0.0,""vaslat_r"":-88.39946456266405}",4.440892098500626e-16,519.0621261789172,True,0,False,,False,
203,13.756,extension,112.02511991516265,124.42243542016504,True,True,31,0.07248996156867087,0.505742863272375,0.07248996156867087,0.505742863272375,0.08608217227660094,0.9755251786134437,487.5508384252102,0.37683923853578266,-0.9156927494310412,1.0000039331521238,"{""bflh_r"":-7.691158362574723,""gasmed_r"":0.0,""recfem_r"":0.0,""semimem_r"":0.0,""vaslat_r"":-88.40161161868537}",2.220446049250313e-16,519.0720953393823,True,0,False,,False,
204,13.808,extension,112.02507917969956,124.42334633670433,True,True,31,0.07248996953428515,0.5057435730789505,0.07248996953428515,0.5057435730789505,0.08608119208385012,0.9755251667703679,487.5508931251578,0.3768392808146282,-0.9156927494310412,1.0000039331521238,"{""bflh_r"":-7.6908245160178215,""gasmed_r"":0.0,""recfem_r"":0.0,""semimem_r"":0.0,""vaslat_r"":-88.40574863654251}",1.5543122344752192e-15,519.0913051557487,True,0,False,,False,
205,13.86,extension,112.02500738432244,124.42483130610978,True,True,31,0.07248998357350583,0.5057447325173804,0.07248998357350583,0.5057447325173804,0.08607961609849127,0.9755251458967952,487.5509895317873,0.3768393553295259,-0.9156927494310412,1.0000039331521238,"{""bflh_r"":-7.6902780953247,""gasmed_r"":0.0,""recfem_r"":0.0,""semimem_r"":0.0,""vaslat_r"":-88.41249321995882}",7.524363077049401e-17,519.1226235824176,True,0,False,,False,
206,13.911999999999999,extension,112.02488930920352,124.42702027417411,True,True,31,0.07249000666248608,0.5057464468893893,0.07249000666248608,0.5057464468893893,0.08607734275319685,0.9755251115668682,487.5511480803724,0.37683947787536803,-0.9156927494310412,1.0000039331521238,"{""bflh_r"":-7.6894676584510595,""gasmed_r"":0.0,""recfem_r"":0.0,""semimem_r"":0.0,""vaslat_r"":-88.42243630692414}",8.881784197001252e-16,519.1687944811792,True,0,False,,False,
207,13.964,extension,112.02470252937975,124.43003658424023,True,True,31,0.07249004318629526,0.5057488195754867,0.07249004318629526,0.5057488195754867,0.08607430806858499,0.9755250572584369,487.5513988781035,0.3768396717226934,-0.9156927494310412,1.0000039331521238,"{""bflh_r"":-7.688341140193153,""gasmed_r"":0.0,""recfem_r"":0.0,""semimem_r"":0.0,""vaslat_r"":-88.43613945665781}",8.881784197001252e-16,519.2324248984071,True,0,False,,False,
208,14.016,extension,112.0244145504082,124.43399633449008,True,True,31,0.07249009949901224,0.5057519527761168,0.07249009949901224,0.5057519527761168,0.08607049807864334,0.9755249735183162,487.55178554617765,0.3768399705873269,-0.9156927494310412,1.0000039331521238,"{""bflh_r"":-7.686844914502104,""gasmed_r"":0.0,""recfem_r"":0.0,""semimem_r"":0.0,""vaslat_r"":-88.45413214766427}",8.881784197001252e-16,519.3159723800777,True,0,False,,False,
209,14.068,extension,112.02397958314285,124.43900782371479,True,True,31,0.07249018455436926,0.5057559484738208,0.07249018455436926,0.5057559484738208,0.0860659625874621,0.9755248470203762,487.5523695417961,0.3768404219709506,-0.9156927494310412,1.0000039331521238,"{""bflh_r"":-7.684922680210941,""gasmed_r"":0.0,""recfem_r"":0.0,""semimem_r"":0.0,""vaslat_r"":-88.4769094892597}",4.440892098500626e-16,519.4217341991517,True,0,False,,False,
210,14.12,extension,112.02333498955107,124.44517119522652,True,True,31,0.07249031060069025,0.5057609096857605,0.07249031060069025,0.5057609096857605,0.08606082998233054,0.9755246595236929,487.5532349128728,0.37684109083612705,-0.9156927494310412,1.0000039331521238,"{""bflh_r"":-7.682514145385104,""gasmed_r"":0.0,""recfem_r"":0.0,""semimem_r"":0.0,""vaslat_r"":-88.50493083556708}",2.6645352591003757e-15,519.5518407719494,True,0,False,,False,
211,14.172,extension,112.0223974241292,124.45257840739566,True,True,31,0.07249049393529333,0.5057669420938158,0.07249049393529333,0.5057669420938158,0.08605532283796725,0.9755243867343053,487.55449344497157,0.3768420635844856,-0.9156927494310412,1.0000039331521238,"{""bflh_r"":-7.679553476233078,""gasmed_r"":0.0,""recfem_r"":0.0,""semimem_r"":0.0,""vaslat_r"":-88.53861987859702}",1.1102230246251565e-15,519.7082559454067,True,0,False,,False,
212,14.224,extension,112.02105868838892,124.46131367729105,True,True,31,0.07249075571489684,0.5057741561569083,0.07249075571489684,0.5057741561569083,0.08604977406006789,0.9755239970697788,487.55629016468436,0.3768434523104092,-0.9156927494310412,1.0000039331521238,"{""bflh_r"":-7.675967467728086,""gasmed_r"":0.0,""recfem_r"":0.0,""semimem_r"":0.0,""vaslat_r"":-88.57836688296793}",1.5543122344752192e-15,519.8927872338503,True,0,False,,False,
213,14.276,extension,112.01918130920215,124.4714545604666,True,True,31,0.07249112281984908,0.505782669826733,0.07249112281984908,0.505782669826733,0.08604464333445955,0.9755234503204503,487.5588091655674,0.376845399304035,-0.9156927494310412,1.0000039331521238,"{""bflh_r"":-7.671673385144707,""gasmed_r"":0.0,""recfem_r"":0.0,""semimem_r"":0.0,""vaslat_r"":-88.62453380642759}",4.440892098500626e-16,520.1071094584538,True,0,False,,False,
214,14.328,extension,112.01659384562137,124.48307384459778,True,True,31,0.07249162877117286,0.5057926120035185,0.07249162877117286,0.5057926120035185,0.08604053367217805,0.9755226961946247,487.56227972098844,0.3768480817760135,-0.9156927494310412,1.0000039331521238,"{""bflh_r"":-7.666576418829645,""gasmed_r"":0.0,""recfem_r"":0.0,""semimem_r"":0.0,""vaslat_r"":-88.67746312665226}",8.881784197001252e-16,520.3528055909633,True,0,False,,False,
215,14.379999999999999,extension,112.01308592322746,124.496242447012,True,True,31,0.07249231470045388,0.5058041268824045,0.07249231470045388,0.5058041268824045,0.08603820787188406,0.9755216727268736,487.5669826420349,0.37685171677168233,-0.9156927494310412,1.0000039331521238,"{""bflh_r"":-7.660566689007593,""gasmed_r"":0.0,""recfem_r"":0.0,""semimem_r"":0.0,""vaslat_r"":-88.73749126363941}",1.6653345369377348e-16,520.6314289145141,True,0,False,,False,
216,14.432,extension,112.00840299017105,124.51103351587099,True,True,31,0.07249323037349074,0.5058173793534038,0.07249323037349074,0.5058173793534038,0.0860386047601381,0.9755203045183443,487.57325682675184,0.37685656623312275,-0.9156927494310412,1.0000039331521238,"{""bflh_r"":-7.6535157334735135,""gasmed_r"":0.0,""recfem_r"":0.0,""semimem_r"":0.0,""vaslat_r"":-88.80496754787228}",2.220446049250313e-16,520.9445908862971,True,0,False,,False,
217,14.484,extension,112.00224078491719,124.52752794160078,True,True,31,0.0724944352693496,0.5058325616286844,0.0724944352693496,0.5058325616286844,0.08604285511887055,0.9755185007653373,487.5815059285734,0.3768629421533428,-0.9156927494310412,1.0000039331521238,"{""bflh_r"":-7.645272408969078,""gasmed_r"":0.0,""recfem_r"":0.0,""semimem_r"":0.0,""vaslat_r"":-88.88027973656719}",4.440892098500626e-16,521.2940793152327,True,0,False,,False,
218,14.536,extension,111.99423950231984,124.54582148895622,True,True,31,0.0724959997170135,0.5058499012799796,0.0724959997170135,0.5058499012799796,0.08605229726958889,0.9755161530165808,487.5922050452177,0.3768712117462786,-0.9156927494310412,1.0000039331521238,"{""bflh_r"":-7.635658137188195,""gasmed_r"":0.0,""recfem_r"":0.0,""semimem_r"":0.0,""vaslat_r"":-88.96388712396922}",2.220446049250313e-16,521.6820116532577,True,0,False,,False,
219,14.588,extension,111.98399303888611,124.56600535742956,True,True,31,0.07249800308188663,0.5058696426746074,0.07249800308188663,0.5058696426746074,0.08606846563270172,0.9755131371198611,487.60588675122733,0.37688178665102323,-0.9156927494310412,1.0000039331521238,"{""bflh_r"":-7.624477556745246,""gasmed_r"":0.0,""recfem_r"":0.0,""semimem_r"":0.0,""vaslat_r"":-89.05623230411288}",4.440892098500626e-16,522.1104256473616,True,0,False,,False,
220,14.64,extension,111.97112405041904,124.58802675559137,True,True,31,0.07250051908391751,0.5058919088587521,0.07250051908391751,0.5058919088587521,0.08609296164574387,0.9755093344241424,487.62303901160834,0.3768950440269351,-0.9156927494310412,1.0000039331521238,"{""bflh_r"":-7.611597461436447,""gasmed_r"":0.0,""recfem_r"":0.0,""semimem_r"":0.0,""vaslat_r"":-89.15710247110323}",2.220446049250313e-16,522.5783167571495,True,0,False,,False,
221,14.692,extension,111.95527635210492,124.61170354761053,True,True,31,0.07250361727744026,0.5059167157190626,0.07250361727744026,0.5059167157190626,0.08612746112019098,0.9755046287500742,487.644113668304,0.3769113331130276,-0.9156927494310412,1.0000039331521238,"{""bflh_r"":-7.596938154941564,""gasmed_r"":0.0,""recfem_r"":0.0,""semimem_r"":0.0,""vaslat_r"":-89.26569272407694}",6.661338147750939e-16,523.0819334266538,True,0,False,,False,
222,14.744,extension,111.93611439154381,124.63672760032462,True,True,31,0.07250736314755796,0.5059439744796608,0.07250736314755796,0.5059439744796608,0.0861737063651851,0.9754989053731806,487.66952533666796,0.37693097437502837,-0.9156927494310412,1.0000039331521238,"{""bflh_r"":-7.580471491219011,""gasmed_r"":0.0,""recfem_r"":0.0,""semimem_r"":0.0,""vaslat_r"":-89.38061705628857}",6.661338147750939e-16,523.6148312852179,True,0,False,,False,
223,14.796,extension,111.91334349284847,124.66263170912225,True,True,31,0.07251181414630006,0.505973457449464,0.07251181414630006,0.505973457449464,0.08623345771541777,0.9754920562458742,487.6996228281316,0.3769542374173024,-0.9156927494310412,1.0000039331521238,"{""bflh_r"":-7.562239765205581,""gasmed_r"":0.0,""recfem_r"":0.0,""semimem_r"":0.0,""vaslat_r"":-89.49975120162196}",5.551115123125783e-17,524.1671478382225,True,0,False,,False,
224,14.847999999999999,extension,111.88675340547975,124.68874795685849,True,True,31,0.07251701117646903,0.5060047471128455,0.07251701117646903,0.5060047471128455,0.08630836004854715,0.9754839926387538,487.73463062629367,0.3769812957483778,-0.9156927494310412,1.0000039331521238,"{""bflh_r"":-7.542386805206158,""gasmed_r"":0.0,""recfem_r"":0.0,""semimem_r"":0.0,""vaslat_r"":-89.62003437297552}",1.7763568394002505e-15,524.7246877364166,True,0,False,,False,
225,14.9,extension,111.85634439953016,124.71414659158438,True,True,31,0.0725229539516822,0.5060371349446815,0.0725229539516822,0.5060371349446815,0.08639950219243989,0.9754746841221538,487.77448442297026,0.3770120996629826,-0.9156927494310412,1.0000039331521238,"{""bflh_r"":-7.521229349914133,""gasmed_r"":0.0,""recfem_r"":0.0,""semimem_r"":0.0,""vaslat_r"":-89.73717969516848}",2.220446049250313e-16,525.2675857236976,True,0,False,,False,
226,14.952,extension,111.82233998288433,124.7375905824675,True,True,31,0.07252959853264102,0.506069579918524,0.07252959853264102,0.506069579918524,0.0865074036465104,0.9754641653260699,487.81882045313057,0.3770463679987715,-0.9156927494310412,1.0000039331521238,"{""bflh_r"":-7.499276085946201,""gasmed_r"":0.0,""recfem_r"":0.0,""semimem_r"":0.0,""vaslat_r"":-89.84545626769606}",6.661338147750939e-16,525.7693019708352,True,0,False,,False,
227,15.004,extension,111.78520462397925,124.75749195165595,True,True,31,0.07253685389668682,0.5061006662477978,0.07253685389668682,0.5061006662477978,0.08663198191095565,0.9754525457230372,487.86696139620426,0.3770835772391225,-0.9156927494310412,1.0000039331521238,"{""bflh_r"":-7.477248242870626,""gasmed_r"":0.0,""recfem_r"":0.0,""semimem_r"":0.0,""vaslat_r"":-89.93748175533837}",6.661338147750939e-16,526.1956644185606,True,0,False,,False,
228,15.056,extension,111.74492869846755,124.7725136633392,True,True,31,0.07254472165293221,0.5061293702322198,0.07254472165293221,0.5061293702322198,0.08677471153240976,0.9754397873121002,487.9188463259127,0.37712368029271576,-0.9156927494310412,1.0000039331521238,"{""bflh_r"":-7.455581338203974,""gasmed_r"":0.0,""recfem_r"":0.0,""semimem_r"":0.0,""vaslat_r"":-90.00701065871182}",2.220446049250313e-16,526.517776337026,True,0,False,,False,
229,15.108,extension,111.70022023981018,124.78225086963468,True,True,31,0.07255345382239155,0.5061559326080508,0.07255345382239155,0.5061559326080508,0.08694110953803028,0.9754254345204377,487.9760424316181,0.37716788847619637,-0.9156927494310412,1.0000039331521238,"{""bflh_r"":-7.433864544240397,""gasmed_r"":0.0,""recfem_r"":0.0,""semimem_r"":0.0,""vaslat_r"":-90.05211087977902}",2.220446049250313e-16,526.726724294843,True,0,False,,False,
230,15.16,extension,111.64923447487703,124.78660371882795,True,True,31,0.07256341014653632,0.5061810710516025,0.07256341014653632,0.5061810710516025,0.0871385948526145,0.9754088222004633,488.0407567363661,0.3772179076483557,-0.9156927494310412,1.0000039331521238,"{""bflh_r"":-7.411353897345557,""gasmed_r"":0.0,""recfem_r"":0.0,""semimem_r"":0.0,""vaslat_r"":-90.07228003519933}",2.220446049250313e-16,526.8202070073305,True,0,False,,False,
231,15.212,extension,111.58957943765715,124.78634393960917,True,True,31,0.07257505681238566,0.5062064175634742,0.07257505681238566,0.5062064175634742,0.08737586134530613,0.9753890547279068,488.11578123974436,0.37727589580978704,-0.9156927494310412,1.0000039331521238,"{""bflh_r"":-7.386783673382158,""gasmed_r"":0.0,""recfem_r"":0.0,""semimem_r"":0.0,""vaslat_r"":-90.07107619782376}",4.152494320619482e-17,526.8147086444675,True,0,False,,False,
232,15.264,extension,111.5182256639542,124.78361566951813,True,True,31,0.07258898381804739,0.5062349470566418,0.07258898381804739,0.5062349470566418,0.08766269801303637,0.9753649426379072,488.2045362291628,0.3773444965791688,-0.9156927494310412,1.0000039331521238,"{""bflh_r"":-7.358161076207005,""gasmed_r"":0.0,""recfem_r"":0.0,""semimem_r"":0.0,""vaslat_r"":-90.05843422741431}",1.7763568394002505e-15,526.7562362257354,True,0,False,,False,
233,15.315999999999999,extension,111.4320063698462,124.78093891497451,True,True,31,0.07260580698724163,0.5062700015442418,0.07260580698724163,0.5062700015442418,0.08800911755285419,0.9753351268631373,488.3103539478704,0.3774262855238257,-0.9156927494310412,1.0000039331521238,"{""bflh_r"":-7.323306240610304,""gasmed_r"":0.0,""recfem_r"":0.0,""semimem_r"":0.0,""vaslat_r"":-90.04603282442683}",1.3322676295501878e-15,526.6988824633163,True,0,False,,False,
234,15.368,extension,111.33062811376934,124.77820055672508,True,True,31,0.07262558048528427,0.5063116798775448,0.07262558048528427,0.5063116798775448,0.0884167057065751,0.975299116640199,488.432776527098,0.377520908746472,-0.9156927494310412,1.0000039331521238,"{""bflh_r"":-7.282102514642063,""gasmed_r"":0.0,""recfem_r"":0.0,""semimem_r"":0.0,""vaslat_r"":-90.03334791765559}",2.220446049250313e-16,526.6402355633448,True,0,False,,False,
235,15.42,extension,111.21539697490088,124.77410618221678,True,True,31,0.0726480460349262,0.5063584898470228,0.0726480460349262,0.5063584898470228,0.08888202291834077,0.9752569360228442,488.5693017808271,0.377626432250077,-0.9156927494310412,1.0000039331521238,"{""bflh_r"":-7.2354842234880685,""gasmed_r"":0.0,""recfem_r"":0.0,""semimem_r"":0.0,""vaslat_r"":-90.01438512739679}",1.5543122344752192e-15,526.5525300525117,True,0,False,,False,
236,15.472,extension,111.08799878673443,124.76893504459656,True,True,31,0.07267287131778444,0.5064099838790659,0.07267287131778444,0.5064099838790659,0.0893983545067142,0.9752087539857138,488.71698911828605,0.37774058318450915,-0.9156927494310412,1.0000039331521238,"{""bflh_r"":-7.184021364300111,""gasmed_r"":0.0,""recfem_r"":0.0,""semimem_r"":0.0,""vaslat_r"":-89.9904415454829}",1.1102230246251565e-15,526.4417577725518,True,0,False,,False,
237,15.524,extension,110.95037226426841,124.7640786277745,True,True,31,0.07269967502010548,0.5064664524955883,0.07269967502010548,0.5064664524955883,0.08995669204920613,0.9751548774401244,488.8726927500109,0.3778609300968557,-0.9156927494310412,1.0000039331521238,"{""bflh_r"":-7.128031647264245,""gasmed_r"":0.0,""recfem_r"":0.0,""semimem_r"":0.0,""vaslat_r"":-89.96796145025672}",1.3322676295501878e-15,526.3377681729903,True,0,False,,False,
238,15.576,extension,110.80185928682788,124.75667751944309,True,True,31,0.07272858163881267,0.506526052136273,0.07272858163881267,0.506526052136273,0.0905632069855332,0.9750946116756531,489.03623525675283,0.3779873358557052,-0.9156927494310412,1.0000039331521238,"{""bflh_r"":-7.068142314267001,""gasmed_r"":0.0,""recfem_r"":0.0,""semimem_r"":0.0,""vaslat_r"":-89.93371376250393}",6.661338147750939e-16,526.1793046293617,True,0,False,,False,
239,15.628,extension,110.63925143175592,124.74006458247106,True,True,31,0.07276021090056624,0.506585158085258,0.07276021090056624,0.506585158085258,0.09123877660809744,0.9750260936189693,489.20996547505496,0.37812161593075766,-0.9156927494310412,1.0000039331521238,"{""bflh_r"":-7.005117112769474,""gasmed_r"":0.0,""recfem_r"":0.0,""semimem_r"":0.0,""vaslat_r"":-89.85689070693898}",1.9984014443252818e-15,525.823644277758,True,0,False,,False,
240,15.68,extension,110.45768057643978,124.70848758822562,True,True,31,0.07279550275320724,0.506641642102364,0.07279550275320724,0.506641642102364,0.09201040106704296,0.9749464567892057,489.39736330681353,0.3782664600180969,-0.9156927494310412,1.0000039331521238,"{""bflh_r"":-6.938659684093048,""gasmed_r"":0.0,""recfem_r"":0.0,""semimem_r"":0.0,""vaslat_r"":-89.71106456002768}",1.9984014443252818e-15,525.1482488811297,True,0,False,,False,
241,15.732,extension,110.25270970891613,124.65840679921686,True,True,31,0.07283530957602433,0.5066949748752423,0.07283530957602433,0.5066949748752423,0.09290156626002823,0.9748525908173407,489.60054846144993,0.378423506489809,-0.9156927494310412,1.0000039331521238,"{""bflh_r"":-6.867874425106823,""gasmed_r"":0.0,""recfem_r"":0.0,""semimem_r"":0.0,""vaslat_r"":-89.48030897116689}",1.3322676295501878e-15,524.0790378104706,True,0,False,,False,
242,15.783999999999999,extension,110.02571804454382,124.59324802014991,True,True,31,0.07287935128449999,0.5067474348683328,0.07287935128449999,0.5067474348683328,0.09390467745584459,0.9747437327680794,489.81520461699563,0.3785894191615298,-0.9156927494310412,1.0000039331521238,"{""bflh_r"":-6.792058187319117,""gasmed_r"":0.0,""recfem_r"":0.0,""semimem_r"":0.0,""vaslat_r"":-89.18103681186487}",4.440892098500626e-16,522.6916524897608,True,0,False,,False,
243,15.836,extension,109.77955342113282,124.51859293174441,True,True,31,0.07292706275977566,0.506802274935228,0.07292706275977566,0.506802274935228,0.09500344355648732,0.9746198507010428,490.0356784745837,0.3787598284687497,-0.9156927494310412,1.0000039331521238,"{""bflh_r"":-6.710471813902354,""gasmed_r"":0.0,""recfem_r"":0.0,""semimem_r"":0.0,""vaslat_r"":-88.83947467262637}",4.440892098500626e-16,521.1073179554995,True,0,False,,False,
244,15.888,extension,109.51639332934818,124.43968890049489,True,True,31,0.07297800961836645,0.5068627460979314,0.07297800961836645,0.5068627460979314,0.0961841316900102,0.9744807082658238,490.2571934142227,0.37893104245219295,-0.9156927494310412,1.0000039331521238,"{""bflh_r"":-6.62224386882201,""gasmed_r"":0.0,""recfem_r"":0.0,""semimem_r"":0.0,""vaslat_r"":-88.48000548802466}",2.220446049250313e-16,519.4389226765543,True,0,False,,False,
245,15.94,extension,109.23456708077535,124.35702217295425,True,True,31,0.07303250189818554,0.5069302146177377,0.07303250189818554,0.5069302146177377,0.09745434086962637,0.974324011083862,490.47815804115544,0.3791018310863088,-0.9156927494310412,1.0000039331521238,"{""bflh_r"":-6.526386408578485,""gasmed_r"":0.0,""recfem_r"":0.0,""semimem_r"":0.0,""vaslat_r"":-88.10507580532409}",1.1102230246251565e-15,517.6977023610222,True,0,False,,False,
246,15.992,extension,108.92961277205833,124.26626770137317,True,True,31,0.07309138522262572,0.5070037534672176,0.07309138522262572,0.5070037534672176,0.09883974925482567,0.9741455020035473,490.69829468588387,0.37927197975396615,-0.9156927494310412,1.0000039331521238,"{""bflh_r"":-6.4221933060544565,""gasmed_r"":0.0,""recfem_r"":0.0,""semimem_r"":0.0,""vaslat_r"":-87.69543594757305}",8.881784197001252e-16,515.7940407045389,True,0,False,,False,
247,16.044,extension,108.59685277617984,124.16111784935883,True,True,31,0.07315553994770778,0.5070811836799584,0.07315553994770778,0.5070811836799584,0.1003707097297463,0.9739401012365019,490.91599958393965,0.3794402488687806,-0.9156927494310412,1.0000039331521238,"{""bflh_r"":-6.309410276379897,""gasmed_r"":0.0,""recfem_r"":0.0,""semimem_r"":0.0,""vaslat_r"":-87.22338490879642}",4.440892098500626e-16,513.5986772878543,True,0,False,,False,
248,16.096,extension,108.23724881875361,124.04236646896616,True,True,31,0.07322475346989822,0.5071631525808985,0.07322475346989822,0.5071631525808985,0.10204556807684806,0.9737056780601315,491.1248435162983,0.3796016691397355,-0.9156927494310412,1.0000039331521238,"{""bflh_r"":-6.187981530427961,""gasmed_r"":0.0,""recfem_r"":0.0,""semimem_r"":0.0,""vaslat_r"":-86.69356251839594}",4.440892098500626e-16,511.1324828853009,True,0,False,,False,
249,16.148,extension,107.85318444257491,123.91173555760754,True,True,31,0.07329853853917126,0.5072503247927014,0.07329853853917126,0.5072503247927014,0.10385534912323435,0.9734410268853064,491.3175591337881,0.37975062346577737,-0.9156927494310412,1.0000039331521238,"{""bflh_r"":-6.058219948541018,""gasmed_r"":0.0,""recfem_r"":0.0,""semimem_r"":0.0,""vaslat_r"":-86.11474051768477}",6.661338147750939e-16,508.43560362384324,True,0,False,,False,
250,16.2,extension,107.44353537824014,123.76783620777822,True,True,31,0.07337708040190957,0.5073427283402456,0.07337708040190957,0.5073427283402456,0.1058103339467396,0.9731424902678258,491.48855733321295,0.3798827919007049,-0.9156927494310412,1.0000039331521238,"{""bflh_r"":-5.919872933312222,""gasmed_r"":0.0,""recfem_r"":0.0,""semimem_r"":0.0,""vaslat_r"":-85.48194093989065}",4.440892098500626e-16,505.4841100832783,True,0,False,,False,
251,16.252,extension,107.00262550783454,123.60586814046174,True,True,31,0.07346142922718153,0.5074402055150838,0.07346142922718153,0.5074402055150838,0.10794626244679331,0.9728024274426832,491.63272478833653,0.37999422223725376,-0.9156927494310412,1.0000039331521238,"{""bflh_r"":-5.771670957746011,""gasmed_r"":0.0,""recfem_r"":0.0,""semimem_r"":0.0,""vaslat_r"":-84.77566789120264}",6.661338147750939e-16,502.1860322398782,True,0,False,,False,
252,16.304,extension,106.52664428094042,123.42226108824188,True,True,31,0.07355226533738458,0.5075428312736562,0.07355226533738458,0.5075428312736562,0.11029086049603602,0.9724135073582614,491.7419270111679,0.38007862714286544,-0.9156927494310412,1.0000039331521238,"{""bflh_r"":-5.612740561429836,""gasmed_r"":0.0,""recfem_r"":0.0,""semimem_r"":0.0,""vaslat_r"":-83.9826242186369}",5.551115123125783e-17,498.4777993564191,True,0,False,,False,
253,16.356,extension,106.01935110664205,123.21915102278908,True,True,31,0.07364881724512472,0.5076512185144321,0.07364881724512472,0.5076512185144321,0.11283100590720418,0.9719740854633656,491.80522282538755,0.38012754993112297,-0.9156927494310412,1.0000039331521238,"{""bflh_r"":-5.443908052686854,""gasmed_r"":0.0,""recfem_r"":0.0,""semimem_r"":0.0,""vaslat_r"":-83.11463016438763}",7.470152968425126e-17,494.4130069324521,True,0,False,,False,
254,16.408,extension,105.4864708251325,123.00003563887226,True,True,31,0.07374994345507722,0.5077658609949703,0.07374994345507722,0.5077658609949703,0.11554179931812907,0.9714848211349199,491.8127033799115,0.38013333182348874,-0.9156927494310412,1.0000039331521238,"{""bflh_r"":-5.266595643394725,""gasmed_r"":0.0,""recfem_r"":0.0,""semimem_r"":0.0,""vaslat_r"":-82.18904169081408}",4.440892098500626e-16,490.0714049589207,True,0,False,,False,
255,16.46,extension,104.92831989559994,122.76428649980636,True,True,31,0.07385553253355993,0.5078869194243029,0.07385553253355993,0.5078869194243029,0.11842821695252759,0.9709419578695665,491.75570927314,0.3800892797696226,-0.9156927494310412,1.0000039331521238,"{""bflh_r"":-5.081090969187178,""gasmed_r"":0.0,""recfem_r"":0.0,""semimem_r"":0.0,""vaslat_r"":-81.2055438495577}",8.881784197001252e-16,485.4500444949272,True,0,False,,False,
256,16.512,extension,104.33965268185517,122.50700042411896,True,True,31,0.07396651633805575,0.5080145047960417,0.07396651633805575,0.5080145047960417,0.12152841933777286,0.970335731227382,491.6237439034416,0.3799872807050925,-0.9156927494310412,1.0000039331521238,"{""bflh_r"":-4.886416975737197,""gasmed_r"":0.0,""recfem_r"":0.0,""semimem_r"":0.0,""vaslat_r"":-80.14660057164762}",1.1102230246251565e-15,480.464658092762,True,0,False,,False,
257,16.564,extension,103.71898837808014,122.22581019699386,True,True,31,0.07408310136838049,0.5081488100283087,0.07408310136838049,0.5081488100283087,0.12486092895336241,0.9696591218543161,491.4047524763317,0.37981801720242986,-0.9156927494310412,1.0000039331521238,"{""bflh_r"":-4.682587657459593,""gasmed_r"":0.0,""recfem_r"":0.0,""semimem_r"":0.0,""vaslat_r"":-79.00619061027568}",8.881784197001252e-16,475.0844837372685,True,0,False,,False,
258,16.616,extension,103.07007034465641,121.92231157633236,True,True,31,0.07420450780160764,0.5082900896669252,0.07420450780160764,0.5082900896669252,0.12841339188669665,0.9689106496535014,491.08821238294405,0.3795733560956137,-0.9156927494310412,1.0000039331521238,"{""bflh_r"":-4.470953008593826,""gasmed_r"":0.0,""recfem_r"":0.0,""semimem_r"":0.0,""vaslat_r"":-77.79479100308895}",1.5543122344752192e-15,469.356372051239,True,0,False,,False,
259,16.668,extension,102.39412717625606,121.59515107121685,True,True,31,0.07433042844787263,0.5084378273832152,0.07433042844787263,0.5084378273832152,0.13219018019447665,0.9680863985202061,490.6633966318012,0.37924500624660973,-0.9156927494310412,1.0000039331521238,"{""bflh_r"":-4.252645041354447,""gasmed_r"":0.0,""recfem_r"":0.0,""semimem_r"":0.0,""vaslat_r"":-76.5111778370125}",6.661338147750939e-16,463.27186274424577,True,0,False,,False,
260,16.72,extension,101.6884121432164,121.23934704334567,True,True,31,0.07446128952092052,0.5085913115463035,0.07446128952092052,0.5085913115463035,0.1362223055609273,0.9671773068629678,490.1164881053389,0.37882228808797325,-0.9156927494310412,1.0000039331521238,"{""bflh_r"":-4.028042383866165,""gasmed_r"":0.0,""recfem_r"":0.0,""semimem_r"":0.0,""vaslat_r"":-75.14083387136043}",8.881784197001252e-16,456.7588743319665,True,0,False,,False,
261,16.772,extension,100.95069481106422,120.85301923246152,True,True,31,0.07459740557536033,0.5087519392963097,0.07459740557536033,0.5087519392963097,0.13605145381378203,0.9661740236372425,489.4320957206434,0.37829330549829837,-0.9156927494310412,1.0000039331521238,"{""bflh_r"":-3.796974377981875,""gasmed_r"":0.0,""recfem_r"":0.0,""semimem_r"":0.0,""vaslat_r"":-73.68252929276872}",1.9984014443252818e-15,449.8076149669219,True,0,False,,False,
262,16.823999999999998,extension,100.18179201919688,120.43871629781727,True,True,31,0.07473851682550056,0.5089224782246816,0.07473851682550056,0.5089224782246816,0.13558166384015635,0.9650707533393219,488.59648150594836,0.37764744008374496,-0.9156927494310412,1.0000039331521238,"{""bflh_r"":-3.55960183975247,""gasmed_r"":0.0,""recfem_r"":0.0,""semimem_r"":0.0,""vaslat_r"":-72.15205144130482}",4.440892098500626e-16,442.4896231996822,True,0,False,,False,
263,16.876,extension,99.37960729906432,119.99402219277692,False,True,31,0.07488488816357959,0.5091040808402781,0.07488488816357959,0.5091040808402781,0.13515590769888589,0.9638571466340513,487.59204988559054,0.3768710918198398,-0.9156927494310412,1.0000039331521238,"{""bflh_r"":-3.3162508212959727,""gasmed_r"":0.0,""recfem_r"":0.0,""semimem_r"":0.0,""vaslat_r"":-70.54680886161803}",6.661338147750939e-16,434.78855389677295,True,0,False,,False,
264,16.928,extension,98.54096167309456,119.51252277775055,False,True,31,0.07503696137727572,0.5092961658328605,0.07503696137727572,0.5092961658328605,0.13478622277750948,0.962520116630756,486.39765091701094,0.37594791343031786,-0.9156927494310412,1.0000039331521238,"{""bflh_r"":-3.0679296447469113,""gasmed_r"":0.0,""recfem_r"":0.0,""semimem_r"":0.0,""vaslat_r"":-68.85127629331674}",2.220446049250313e-16,426.62449069528253,True,0,False,,False,
265,16.98,extension,97.66838033529548,118.99625630836654,False,True,31,0.07519412810364426,0.50950045583046,0.07519412810364426,0.50950045583046,0.13449486397196547,0.9610549928210111,484.99899357916513,0.37486685905685246,-0.9156927494310412,1.0000039331521238,"{""bflh_r"":-2.816168354275432,""gasmed_r"":0.0,""recfem_r"":0.0,""semimem_r"":0.0,""vaslat_r"":-67.08101482730025}",4.440892098500626e-16,418.0667212017501,True,0,False,,False,
266,17.032,extension,96.76713029112571,118.4515448179759,False,True,31,0.07535529256875559,0.5097194847204357,0.07535529256875559,0.5097194847204357,0.13430469476922524,0.9594626091645498,483.38827856724004,0.3736219004376599,-0.9156927494310412,1.0000039331521238,"{""bflh_r"":-2.5628244396996087,""gasmed_r"":0.0,""recfem_r"":0.0,""semimem_r"":0.0,""vaslat_r"":-65.26501615593901}",6.661338147750939e-16,409.25057417497027,True,0,False,,False,
267,17.084,extension,95.83416498047856,117.87413928337236,False,True,31,0.0755208464456636,0.5099540945426287,0.0755208464456636,0.5099540945426287,0.13423380237221572,0.9577296038704365,481.54411457628373,0.37219650374193936,-0.9156927494310412,1.0000039331521238,"{""bflh_r"":-2.3089387626953264,""gasmed_r"":0.0,""recfem_r"":0.0,""semimem_r"":0.0,""vaslat_r"":-63.396112667623335}",8.881784197001252e-16,400.1366544366326,True,0,False,,False,
268,17.136,extension,94.86782997614306,117.2600272989244,False,True,31,0.07569090963818927,0.5102046769764957,0.07569090963818927,0.5102046769764957,0.1343050314871274,0.9558440233152559,479.4456756906792,0.3705745721412897,-0.9156927494310412,1.0000039331521238,"{""bflh_r"":-2.0562635562617606,""gasmed_r"":0.0,""recfem_r"":0.0,""semimem_r"":0.0,""vaslat_r"":-61.46945647243075}",4.440892098500626e-16,390.6957545953448,True,0,False,,False,
269,17.188,extension,93.87720511725774,116.61733820780294,False,True,31,0.07586371611768379,0.5104719709481784,0.07586371611768379,0.5104719709481784,0.13454022292760393,0.9538155078444986,477.09710715650596,0.36875930959159214,-0.9156927494310412,1.0000039331521238,"{""bflh_r"":-1.8082800501064806,""gasmed_r"":0.0,""recfem_r"":0.0,""semimem_r"":0.0,""vaslat_r"":-59.51796256281079}",8.881784197001252e-16,381.0841300270325,True,0,False,,False,
270,17.240000000000002,extension,92.86759466981259,115.95197479280486,False,True,31,0.07603819716903808,0.510757163650466,0.07603819716903808,0.510757163650466,0.13495534706949217,0.9516487581292306,474.4996947667525,0.3667517099117728,-0.9156927494310412,1.0000039331521238,"{""bflh_r"":-1.567487151388845,""gasmed_r"":0.0,""recfem_r"":0.0,""semimem_r"":0.0,""vaslat_r"":-57.56465295297783}",4.440892098500626e-16,371.41190191645507,True,0,False,,False,
271,17.291999999999998,extension,91.8353236459104,115.26023366750394,False,True,31,0.07621484137840437,0.5110615612540904,0.07621484137840437,0.5110615612540904,0.13557031103651318,0.9493298591587602,471.63330200222464,0.3645362091237563,-0.9156927494310412,1.0000039331521238,"{""bflh_r"":-1.335112718542336,""gasmed_r"":0.0,""recfem_r"":0.0,""semimem_r"":0.0,""vaslat_r"":-55.60318355354133}",1.1102230246251565e-15,361.6448132432319,True,0,False,,False,
272,17.344,extension,90.7831727988179,114.53744797826911,False,True,31,0.0763930173284275,0.51138169252799,0.0763930173284275,0.51138169252799,0.13145480585940533,0.9468587997141159,468.4948641458897,0.3621104384373737,-0.9156927494310412,1.0000039331521238,"{""bflh_r"":-1.114903344967132,""gasmed_r"":0.0,""recfem_r"":0.0,""semimem_r"":0.0,""vaslat_r"":-53.62584603826741}",2.220446049250313e-16,351.74074623097334,True,0,False,,False,
273,17.396,extension,89.71583887054558,113.77992305679601,False,True,31,0.07657178778302041,0.5117132977105249,0.07657178778302041,0.5117132977105249,0.12670464351999988,0.944509214597592,465.09014334555025,0.35947885154897646,-0.9156927494310412,1.0000039331521238,"{""bflh_r"":-0.9106558828365964,""gasmed_r"":0.0,""recfem_r"":0.0,""semimem_r"":0.0,""vaslat_r"":-51.62901282301249}",2.220446049250313e-16,341.6769403605585,True,0,False,,False,
274,17.448,extension,88.63124408269604,112.98488010525001,False,True,31,0.07675136081857972,0.51205741289684,0.07675136081857972,0.51205741289684,0.1218344462770149,0.9426647754839419,461.4053664626044,0.3566308028834698,-0.9156927494310412,1.0000039331521238,"{""bflh_r"":-0.7235651515722221,""gasmed_r"":0.0,""recfem_r"":0.0,""semimem_r"":0.0,""vaslat_r"":-49.61246695917797}",2.220446049250313e-16,331.4470990880454,True,0,False,,False,
275,17.5,extension,87.53211235453549,112.15243663864935,False,True,31,0.07693114261115656,0.5124132347433572,0.07693114261115656,0.5124132347433572,0.1168547312418127,0.9406732375724539,457.44317365386877,0.35356833307868263,-0.9156927494310412,1.0000039331521238,"{""bflh_r"":-0.5556666865859843,""gasmed_r"":0.0,""recfem_r"":0.0,""semimem_r"":0.0,""vaslat_r"":-47.5836245456721}",1.5543122344752192e-15,321.0835850704397,True,0,False,,False,
276,17.552,extension,86.42542644985299,111.28325661141547,False,True,31,0.07710987358032517,0.5127768739118448,0.07710987358032517,0.5127768739118448,0.11179601095292702,0.9385437849191168,453.22549882148456,0.3503083953512429,-0.9156927494310412,1.0000039331521238,"{""bflh_r"":-0.4095015115971587,""gasmed_r"":0.0,""recfem_r"":0.0,""semimem_r"":0.0,""vaslat_r"":-45.550672878600814}",1.1102230246251565e-16,310.62334360520674,True,0,False,,False,
277,17.604,extension,85.31182243842501,110.37513417039357,False,True,31,0.07728735500964108,0.5131473723848919,0.07728735500964108,0.5131473723848919,0.10666054368694179,0.9362754552835401,448.7542452816005,0.3468524608179075,-0.9156927494310412,1.0000039331521238,"{""bflh_r"":-0.28582139588813466,""gasmed_r"":0.0,""recfem_r"":0.0,""semimem_r"":0.0,""vaslat_r"":-43.51477666399649}",8.881784197001252e-16,300.0676301495583,True,0,False,,False,
278,17.656,extension,84.19052502521366,109.42559659174006,False,True,31,0.0774636126944696,0.5135247048857818,0.0774636126944696,0.5135247048857818,0.1014441110519246,0.933864469483718,444.02609240589646,0.34319796288879684,-0.9156927494310412,1.0000039331521238,"{""bflh_r"":-0.18478800211349494,""gasmed_r"":0.0,""recfem_r"":0.0,""semimem_r"":0.0,""vaslat_r"":-41.47688637866995}",4.440892098500626e-16,289.4163951550853,True,0,False,,False,
279,17.708,extension,83.0638183929821,108.43374473099541,False,True,31,0.07763819365959536,0.5139072782762395,0.07763819365959536,0.5139072782762395,0.09615680367286875,0.931313807519304,439.0512808606768,0.3393528168100517,-0.9156927494310412,1.0000039331521238,"{""bflh_r"":-0.10655237967074903,""gasmed_r"":0.0,""recfem_r"":0.0,""semimem_r"":0.0,""vaslat_r"":-39.44149843180581}",4.440892098500626e-16,278.6881686938616,True,0,False,,False,
280,17.759999999999998,extension,81.93240804388735,107.39338402529965,False,True,31,0.07781090395578999,0.5142920804872134,0.07781090395578999,0.5142920804872134,0.0908015948399077,0.9286236601298107,433.8347835468599,0.3353208662509835,-0.9156927494310412,1.0000039331521238,"{""bflh_r"":-0.050779440806311124,""gasmed_r"":0.0,""recfem_r"":0.0,""semimem_r"":0.0,""vaslat_r"":-37.40272441088747}",2.220446049250313e-16,267.8464679345636,True,0,False,,False,
281,17.812,extension,80.79639626976673,106.30712060347481,False,True,31,0.07798164571766213,0.5146807365493586,0.07798164571766213,0.5146807365493586,0.08537869719372203,0.9257930201662283,428.3795148956792,0.33110436384241587,-0.9156927494310412,1.0000039331521238,"{""bflh_r"":-0.016068257053960963,""gasmed_r"":0.0,""recfem_r"":0.0,""semimem_r"":0.0,""vaslat_r"":-35.37235779291106}",4.440892098500626e-16,256.9485690584907,True,0,False,,False,
282,17.864,extension,79.65650844944162,105.18457401138517,False,True,31,0.07815023036894823,0.5150772626484537,0.07815023036894823,0.5150772626484537,0.07989136922888877,0.9228226055940153,422.69198440773107,0.3267083409268359,-0.9156927494310412,1.0000039331521238,"{""bflh_r"":-0.0009106098572094348,""gasmed_r"":0.0,""recfem_r"":0.0,""semimem_r"":0.0,""vaslat_r"":-33.37280001832539}",2.220446049250313e-16,246.11172547304653,True,0,False,,False,
283,17.916,extension,78.51309994522661,104.0230566471912,False,True,31,0.07831652963556035,0.5154800047687809,0.07831652963556035,0.5154800047687809,0.0743412001922421,0.9197124583475638,416.77763715141106,0.3221370061226405,-0.9156927494310412,1.0000039331521238,"{""bflh_r"":0.0,""gasmed_r"":0.0,""recfem_r"":0.0,""semimem_r"":0.0,""vaslat_r"":-31.402240494482726}",4.440892098500626e-16,235.32478191396513,True,0,False,,False,
284,17.968,extension,77.36692185746558,102.8222925230933,False,True,31,0.07848036277360582,0.5158879783932055,0.07848036277360582,0.5158879783932055,0.06873179855331163,0.9164639479971894,410.64466552379054,0.3173966915216461,-0.9156927494310412,1.0000039331521238,"{""bflh_r"":0.0,""gasmed_r"":0.0,""recfem_r"":0.0,""semimem_r"":0.0,""vaslat_r"":-29.463111285400995}",1.1102230246251565e-16,224.59972764109528,True,0,False,,False,
285,18.02,extension,76.21848601782459,101.58864847269427,False,True,31,0.07864159018852863,0.5163030427984459,0.07864159018852863,0.5163030427984459,0.06306572472868903,0.9130780895145668,404.3007725028391,0.3124933509324072,-0.9156927494310412,1.0000039331521238,"{""bflh_r"":0.0,""gasmed_r"":0.0,""recfem_r"":0.0,""semimem_r"":0.0,""vaslat_r"":-27.56747153200371}",1.6653345369377348e-16,214.00343103438075,True,0,False,,False,
286,18.072,extension,75.06406286177146,100.31603630881565,False,True,31,0.07880065686962238,0.5167250200999984,0.07880065686962238,0.5167250200999984,0.05732446040186914,0.9095429236172461,397.7298295524253,0.3074145182389919,-0.9156927494310412,1.0000039331521238,"{""bflh_r"":0.0,""gasmed_r"":0.0,""recfem_r"":0.0,""semimem_r"":0.0,""vaslat_r"":-25.70740457203939}",4.440892098500626e-16,203.49233556355549,True,0,False,,False,
287,18.124,extension,73.91359608895401,99.01383665053883,False,True,31,0.07895613894316092,0.5171403975317367,0.07895613894316092,0.5171403975317367,0.05155772547277587,0.9058890206358257,390.99476416303577,0.3022088315437867,-0.9156927494310412,1.0000039331521238,"{""bflh_r"":0.0,""gasmed_r"":0.0,""recfem_r"":0.0,""semimem_r"":0.0,""vaslat_r"":-23.897509947061923}",1.6653345369377348e-16,193.15034511040437,True,0,False,,False,
288,18.176000000000002,extension,72.77999030430209,97.6981360995143,False,True,31,0.07910633096090362,0.5175369402697763,0.07910633096090362,0.5175369402697763,0.045831813090116254,0.9021613702985893,384.18302971039424,0.2969438855690601,-0.9156927494310412,1.0000039331521238,"{""bflh_r"":0.0,""gasmed_r"":0.0,""recfem_r"":0.0,""semimem_r"":0.0,""vaslat_r"":-22.15832911496218}",2.220446049250313e-16,183.0998682152371,True,0,False,,False,
289,18.228,extension,71.65954420128494,96.36637643627084,False,True,31,0.0792518012184639,0.5179145920160086,0.0792518012184639,0.5179145920160086,0.0401235100139567,0.8983532997419718,377.2861481294435,0.29161312742364953,-0.9156927494310412,1.0000039331521238,"{""bflh_r"":0.0,""gasmed_r"":0.0,""recfem_r"":0.0,""semimem_r"":0.0,""vaslat_r"":-20.483546503701078}",2.220446049250313e-16,173.31103427434476,True,0,False,,False,
290,18.28,extension,70.55834746227976,95.01834419381309,False,True,31,0.07939184917363688,0.5182660165807577,0.07939184917363688,0.5182660165807577,0.03443652994101744,0.8944912999984701,370.3553961122159,0.2862561900402816,-0.9156927494310412,1.0000039331521238,"{""bflh_r"":0.0,""gasmed_r"":0.0,""recfem_r"":0.0,""semimem_r"":0.0,""vaslat_r"":-18.87060973863852}",2.220446049250313e-16,163.77359001014673,True,0,False,,False,
291,18.332,extension,69.48533884862196,93.65987405128739,False,True,31,0.07952548993317987,0.5185840337914035,0.07952548993317987,0.5185840337914035,0.028819009531925524,0.8906147983605559,363.4632318308306,0.2809290780040274,-0.9156927494310412,1.0000039331521238,"{""bflh_r"":0.0,""gasmed_r"":0.0,""recfem_r"":0.0,""semimem_r"":0.0,""vaslat_r"":-17.32412344229662}",4.440892098500626e-16,161.79062236507605,True,0,False,,False,
292,18.384,extension,68.43775443063598,92.2914203689372,False,True,31,0.07965324508274328,0.5188691993451668,0.07965324508274328,0.5188691993451668,0.023262775955276278,0.8867226386829579,356.60835527432096,0.275630786506559,-0.9156927494310412,1.0000039331521238,"{""bflh_r"":0.0,""gasmed_r"":0.0,""recfem_r"":0.0,""semimem_r"":0.0,""vaslat_r"":-15.842157139670167}",2.949029909160572e-17,161.80501529502965,True,0,False,,False,
293,18.436,extension,67.40949592302908,90.89678872513093,False,True,31,0.07977600184925845,0.5191174066068267,0.07977600184925845,0.5191174066068267,0.01774067391067666,0.8827994054047276,349.76479337895154,0.27034124037050183,-0.9156927494310412,1.0000039331521238,"{""bflh_r"":0.0,""gasmed_r"":0.0,""recfem_r"":0.0,""semimem_r"":0.0,""vaslat_r"":-14.406486442033728}",2.220446049250313e-16,161.81740714333898,True,0,False,,False,
294,18.488,extension,66.39816170949038,89.46554678312947,False,True,31,0.07989415870279169,0.5193235890458249,0.07989415870279169,0.5193235890458249,0.012244002492645565,0.8788417412709548,342.9283509055153,0.26505719699913843,-0.9156927494310412,1.0000039331521238,"{""bflh_r"":0.0,""gasmed_r"":0.0,""recfem_r"":0.0,""semimem_r"":0.0,""vaslat_r"":-13.008212023945484}",1.1102230246251565e-16,161.83094982502817,True,0,False,,False,
295,18.54,extension,65.40491053394807,88.00327726870287,False,True,31,0.08000768831584616,0.5194869299017207,0.08000768831584616,0.5194869299017207,0.006783020107809097,0.874859678737869,336.1178610231878,0.2597932129813863,-0.9156927494310412,1.0000039331521238,"{""bflh_r"":0.0,""gasmed_r"":0.0,""recfem_r"":0.0,""semimem_r"":0.0,""vaslat_r"":-11.655397594044842}",4.440892098500626e-16,161.84534997627966,True,0,False,,False,
296,18.592,extension,64.4271491699786,86.51382357541446,False,True,31,0.08011699061703156,0.5196092775694624,0.08011699061703156,0.5196092775694624,0.0013471898366370291,0.8708479999030048,329.3257900376137,0.25454346535188377,-0.9156927494310412,1.0000039331521238,"{""bflh_r"":0.0,""gasmed_r"":0.0,""recfem_r"":0.0,""semimem_r"":0.0,""vaslat_r"":-10.353930582023363}",6.661338147750939e-16,161.86103737340858,True,0,False,,False,
297,18.644,extension,63.46150833802024,84.98993101748688,False,True,31,0.0802225241902105,0.5196877719761347,0.0802225241902105,0.5196877719761347,-0.00407913523734578,0.8667971265653062,322.53770647878673,0.24929679969607643,-0.9156927494310412,1.0000039331521238,"{""bflh_r"":0.0,""gasmed_r"":0.0,""recfem_r"":0.0,""semimem_r"":0.0,""vaslat_r"":-9.100587857474292}",4.440892098500626e-16,161.87823170814306,True,0,False,,False,
298,18.695999999999998,extension,62.513206452118595,83.4436121175409,False,True,31,0.08032380841162999,0.5197218046152375,0.08032380841162999,0.5197218046152375,-0.009463460926981075,0.862733364520296,315.7990515401299,0.24408833855581655,-0.9156927494310412,1.0000039331521238,"{""bflh_r"":0.0,""gasmed_r"":0.0,""recfem_r"":0.0,""semimem_r"":0.0,""vaslat_r"":-7.908043636139428}",6.661338147750939e-16,161.89470388955797,True,0,False,,False,
299,18.747999999999998,extension,61.590225402137044,81.8988166106865,False,True,31,0.0804201296752884,0.5197154439302775,0.0804201296752884,0.5197154439302775,-0.014756255460164798,0.8586969894671413,309.1762321750191,0.23896940939025585,-0.9156927494310412,1.0000039331521238,"{""bflh_r"":0.0,""gasmed_r"":0.0,""recfem_r"":0.0,""semimem_r"":0.0,""vaslat_r"":-6.776215040573761}",2.220446049250313e-16,161.91110694748616,True,0,False,,False,
300,18.8,extension,60.68992155954069,80.35011961236974,False,True,31,0.08051192147126657,0.5196673906214645,0.08051192147126657,0.5196673906214645,-0.019968168402834517,0.8546830319372638,302.65979504263396,0.23393270549519934,-0.9156927494310412,1.0000039331521238,"{""bflh_r"":0.0,""gasmed_r"":0.0,""recfem_r"":0.0,""semimem_r"":0.0,""vaslat_r"":-5.696691091765134}",4.440892098500626e-16,161.92919272939596,True,0,False,,False,
301,18.852,extension,59.81576762497257,78.80971326170148,False,True,31,0.08059898862525307,0.5195807999434446,0.08059898862525307,0.5195807999434446,-0.025074696486939496,0.8507134562920498,296.283668662056,0.22900445100213793,-0.9156927494310412,1.0000039331521238,"{""bflh_r"":0.0,""gasmed_r"":0.0,""recfem_r"":0.0,""semimem_r"":0.0,""vaslat_r"":-4.68586469894861}",6.661338147750939e-16,161.94680096922136,True,0,False,,False,
302,18.904,extension,58.97104345374771,77.29309050069119,False,True,31,0.0806811846703364,0.519461757421964,0.0806811846703364,0.519461757421964,-0.030051942412318396,0.8468102329371259,290.0803078802041,0.22420973100750824,-0.9156927494310412,1.0000039331521238,"{""bflh_r"":0.0,""gasmed_r"":0.0,""recfem_r"":0.0,""semimem_r"":0.0,""vaslat_r"":-3.760514623464949}",5.551115123125783e-17,161.96522865079973,True,0,False,,False,
303,18.956,extension,58.15242566359954,75.79516084124772,False,True,31,0.08075900977725538,0.5193110241927811,0.08075900977725538,0.5193110241927811,-0.03491496171504193,0.8429648145180889,284.03299476939554,0.21953562384111452,-0.9156927494310412,1.0000039331521238,"{""bflh_r"":0.0,""gasmed_r"":0.0,""recfem_r"":0.0,""semimem_r"":0.0,""vaslat_r"":-2.923447418130551}",5.551115123125783e-17,161.984449385061,True,0,False,,False,
304,19.008,extension,57.36758777721406,74.32186997119976,False,True,31,0.08083192156295076,0.5191261534400936,0.08083192156295076,0.5191261534400936,-0.03961355470002554,0.8392202645506478,278.2055231466736,0.2150314372090321,-0.9156927494310412,1.0000039331521238,"{""bflh_r"":0.0,""gasmed_r"":0.0,""recfem_r"":0.0,""semimem_r"":0.0,""vaslat_r"":-2.1835662585323306}",2.7755575615628914e-17,162.0033170883946,True,0,False,,False,
305,19.060000000000002,extension,56.61767213865543,72.87347329430006,False,True,31,0.08090002400169467,0.5189073863775132,0.08090002400169467,0.5189073863775132,-0.044135912351210435,0.8355896871735082,272.61309415945624,0.2107089204271607,-0.9156927494310412,1.0000039331521238,"{""bflh_r"":0.0,""gasmed_r"":0.0,""recfem_r"":0.0,""semimem_r"":0.0,""vaslat_r"":-1.5456390337407024}",1.1102230246251565e-16,162.022735045771,True,0,False,,False,
306,19.112000000000002,extension,55.89948159901062,71.45057201209518,False,True,31,0.08096380429785871,0.5186591417111179,0.08096380429785871,0.5186591417111179,-0.048496752462068034,0.8320646743659611,267.23760214103316,0.20655407920994379,-0.9156927494310412,1.0000039331521238,"{""bflh_r"":0.0,""gasmed_r"":0.0,""recfem_r"":0.0,""semimem_r"":0.0,""vaslat_r"":-1.0139081312763103}",1.1102230246251565e-16,162.04152800706962,True,0,False,,False,
307,19.164,extension,55.21873926940642,70.06528126763116,False,True,31,0.08102295120413991,0.5183853683489639,0.08102295120413991,0.5183853683489639,-0.05265687956664512,0.8286802639498968,262.12688978867953,0.20260389227670605,-0.9156927494310412,1.0000039331521238,"{""bflh_r"":0.0,""gasmed_r"":0.0,""recfem_r"":0.0,""semimem_r"":0.0,""vaslat_r"":-0.5948315346885574}",1.3877787807814457e-17,162.0592173763856,True,0,False,,False,
308,19.216,extension,54.57466446071214,68.7187213543295,False,True,31,0.08107773536291961,0.5180891888090206,0.08107773536291961,0.5180891888090206,-0.05661661338613954,0.8254395967805114,257.27948363281087,0.19885722074897075,-0.9156927494310412,1.0000039331521238,"{""bflh_r"":0.0,""gasmed_r"":0.0,""recfem_r"":0.0,""semimem_r"":0.0,""vaslat_r"":-0.2883184691161896}",1.734723475976807e-17,162.07668226243644,True,0,False,,False,
309,19.268,extension,53.96249656277204,67.40755913374694,False,True,31,0.08112874062846996,0.5177743431417419,0.08112874062846996,0.5177743431417419,-0.060401352451151455,0.8223248543982911,252.66307351939074,0.19528909136675252,-0.9156927494310412,1.0000039331521238,"{""bflh_r"":0.0,""gasmed_r"":0.0,""recfem_r"":0.0,""semimem_r"":0.0,""vaslat_r"":-0.09240632428811943}",2.220446049250313e-16,162.09344782848308,True,0,False,,False,
310,19.32,extension,53.38106688828592,66.13419599408621,False,True,31,0.0811762202124376,0.5174450387569036,0.0811762202124376,0.5174450387569036,-0.06401499587187096,0.8193353875785552,248.27164111859855,0.1918948524247355,-0.9156927494310412,1.0000039331521238,"{""bflh_r"":0.0,""gasmed_r"":0.0,""recfem_r"":0.0,""semimem_r"":0.0,""vaslat_r"":-0.005371424520471332}",1.3877787807814457e-17,162.10876867401686,True,0,False,,False,
311,19.372,extension,52.833585606426325,64.90274652046071,False,True,31,0.08122006555695895,0.5171027604727986,0.08122006555695895,0.5171027604727986,-0.0674343832338743,0.8164928509285396,244.13175089367317,0.18869503620655065,-0.9156927494310412,1.0000039331521238,"{""bflh_r"":0.0,""gasmed_r"":0.0,""recfem_r"":0.0,""semimem_r"":0.0,""vaslat_r"":0.0}",6.938893903907228e-18,162.123468339811,True,0,False,,False,
312,19.424,extension,52.303071716271795,63.69620225592458,False,True,31,0.08126175188318162,0.516752552876895,0.08126175188318162,0.516752552876895,-0.07076316432691031,0.8137129422296127,240.1167374000944,0.18559174008153906,-0.9156927494310412,1.0000039331521238,"{""bflh_r"":-0.002417639858574403,""gasmed_r"":0.0,""recfem_r"":0.0,""semimem_r"":0.0,""vaslat_r"":0.0}",1.1102230246251565e-16,162.13983142993115,True,0,False,,False,
313,19.476,extension,51.77262759417792,62.49741807682992,False,True,31,0.08130264291726282,0.5163987096892326,0.08130264291726282,0.5163987096892326,-0.07410651361111724,0.8109084227177903,236.09991192459495,0.18248704343409283,-0.9156927494310412,1.0000039331521238,"{""bflh_r"":-0.016917913402528753,""gasmed_r"":0.0,""recfem_r"":0.0,""semimem_r"":0.0,""vaslat_r"":0.0}",1.1102230246251565e-16,162.1568443388468,True,0,False,,False,
314,19.528,extension,51.24738626013573,61.31126057938422,False,True,31,0.08134235243061073,0.5160407764773547,0.08134235243061073,0.5160407764773547,-0.07743174151344433,0.8081068859559268,232.12118651766627,0.179411795204528,-0.9156927494310412,1.0000039331521238,"{""bflh_r"":-0.04436806687121622,""gasmed_r"":0.0,""recfem_r"":0.0,""semimem_r"":0.0,""vaslat_r"":0.0}",1.1102230246251565e-16,162.17324702180275,True,0,False,,False,
315,19.580000000000002,extension,50.726198789329125,60.139680998822506,False,True,31,0.08138098565521354,0.5156819614284004,0.08138098565521354,0.5156819614284004,-0.08074562334285687,0.8053029319928053,228.17288195710452,0.176360059945667,-0.9156927494310412,1.0000039331521238,"{""bflh_r"":-0.08418179163472592,""gasmed_r"":0.0,""recfem_r"":0.0,""semimem_r"":0.0,""vaslat_r"":0.0}",2.220446049250313e-16,162.18975976787632,True,0,False,,False,
316,19.631999999999998,extension,50.20729464039336,58.98192587637193,False,True,31,0.08141868574329246,0.5153241229223707,0.08141868574329246,0.5153241229223707,-0.08405904504723619,0.802487554719809,224.24256759151953,0.17332222972160824,-0.9156927494310412,1.0000039331521238,"{""bflh_r"":-0.13555435994487897,""gasmed_r"":0.0,""recfem_r"":0.0,""semimem_r"":0.0,""vaslat_r"":0.0}",1.1102230246251565e-16,162.20626617738105,True,0,False,,False,
317,19.683999999999997,extension,49.69186088433994,57.83838905491241,False,True,31,0.08145537710782991,0.5149672547040434,0.08145537710782991,0.5149672547040434,-0.09398947641377688,0.7996676692944404,220.34018668550178,0.17030598990987855,-0.9156927494310412,1.0000039331521238,"{""bflh_r"":-0.19792538582462552,""gasmed_r"":-0.008462572395925221,""recfem_r"":0.0,""semimem_r"":0.0,""vaslat_r"":0.0}",2.220446049250313e-16,162.2225399099484,True,0,False,,False,
318,19.736,extension,49.178383159388936,56.712322514828514,False,True,31,0.08149117752900477,0.514615793031427,0.08149117752900477,0.514615793031427,-0.10891319824313518,0.7968354396142203,216.4552023735162,0.16730319632515028,-0.9156927494310412,1.0000039331521238,"{""bflh_r"":-0.2695896252223128,""gasmed_r"":-0.10391225262561504,""recfem_r"":0.0,""semimem_r"":0.0,""vaslat_r"":0.0}",1.1102230246251565e-16,162.23890225492255,True,0,False,,False,
319,19.788,extension,48.66414984292311,55.601940643251325,False,True,31,0.08152627680826792,0.514365169377159,0.08152627680826792,0.514365169377159,-0.1237351947895867,0.7939760715816703,212.56804533882473,0.16429872339315094,-0.9156927494310412,1.0000039331521238,"{""bflh_r"":-0.34896392869622306,""gasmed_r"":-0.3016459967138458,""recfem_r"":0.0,""semimem_r"":0.0,""vaslat_r"":0.0}",2.7755575615628914e-17,162.25596304055426,True,0,False,,False,
320,19.84,extension,48.150922920765275,54.50798674769723,False,True,31,0.08156055338753386,0.5148553949585878,0.08156055338753386,0.5148553949585878,-0.13843234717949462,0.7910994618128705,208.69298852954876,0.16130360300322985,-0.9156927494310412,1.0000039331521238,"{""bflh_r"":-0.4351550843100609,""gasmed_r"":-0.596560856053911,""recfem_r"":0.0,""semimem_r"":0.0,""vaslat_r"":0.0}",1.1102230246251565e-16,162.27259137791947,True,0,False,,False,
321,19.892,extension,47.64547683336179,53.442340701594446,False,True,31,0.08159357233594293,0.515334405229806,0.08159357233594293,0.515334405229806,-0.1528312543497339,0.7882442449339775,204.8819995106939,0.1583580020796991,-0.9156927494310412,1.0000039331521238,"{""bflh_r"":-0.5263590306322007,""gasmed_r"":-0.978764748627979,""recfem_r"":0.0,""semimem_r"":-0.0036320341685597405,""vaslat_r"":0.0}",3.3306690738754696e-16,162.28830075387535,True,0,False,,False,
322,19.944,extension,47.15072224935334,52.410440822158954,False,True,31,0.08162518195625126,0.5160080954154729,0.08162518195625126,0.5160080954154729,-0.16684402570197374,0.7854281469573676,201.15762390798247,0.15547934665438942,-0.9156927494310412,1.0000039331521238,"{""bflh_r"":-0.6208698243713832,""gasmed_r"":-1.437450033625219,""recfem_r"":0.0,""semimem_r"":-0.030644273502142792,""vaslat_r"":0.0}",2.7755575615628914e-17,162.30405821566347,True,0,False,,False,
323,19.996,extension,46.66457799118721,51.407256814769454,False,True,31,0.08165555492644329,0.5172711801913142,0.08165555492644329,0.5172711801913142,-0.18052608089503877,0.7826406296478932,197.50469114226635,0.15265591103831871,-0.9156927494310412,1.0000039331521238,"{""bflh_r"":-0.7179941416793169,""gasmed_r"":-1.9661883351189575,""recfem_r"":0.0,""semimem_r"":-0.08164954695642838,""vaslat_r"":0.0}",2.220446049250313e-16,162.32003222505577,True,0,False,,False,
324,20.048000000000002,extension,46.18757685758167,50.43071851653402,False,True,31,0.08168469383644111,0.5184987438838641,0.08168469383644111,0.5184987438838641,-0.19389482542552425,0.7798859276126477,193.92764519979858,0.1498911300905082,-0.9156927494310412,1.0000039331521238,"{""bflh_r"":-0.8175065769390204,""gasmed_r"":-2.5585361722960545,""recfem_r"":0.0,""semimem_r"":-0.15431018122317552,""vaslat_r"":0.0}",3.3306690738754696e-16,162.33603822316667,True,0,False,,False,
325,20.1,extension,45.72021312280733,49.480714226210615,False,True,31,0.08171260597581513,0.5196906567850829,0.08171260597581513,0.5196906567850829,-0.20694236685305867,0.7771681094498943,190.4305292235516,0.147188128849003,-0.9156927494310412,1.0000039331521238,"{""bflh_r"":-0.9187531678003117,""gasmed_r"":-3.2075124550245495,""recfem_r"":0.0,""semimem_r"":-0.24637521093184275,""vaslat_r"":0.0}",1.1102230246251565e-16,162.35236184101126,True,0,False,,False,
326,20.152,extension,45.26219905041351,48.55681665791673,False,True,31,0.08173934584789848,0.5208478993255502,0.08173934584789848,0.5208478993255502,-0.21966631658347868,0.7744866984649474,187.01144265052403,0.14454543832501723,-0.9156927494310412,1.0000039331521238,"{""bflh_r"":-1.0208931508484247,""gasmed_r"":-3.906648964094495,""recfem_r"":0.0,""semimem_r"":-0.35561361216801146,""vaslat_r"":0.0}",6.938893903907228e-18,162.3682113807247,True,0,False,,False,
327,20.204,extension,44.8125661975323,47.65468236713354,False,True,31,0.08176500422223414,0.5219748937055527,0.08176500422223414,0.5219748937055527,-0.23211950514755866,0.7718371192673514,183.66336836332414,0.14195763482738633,-0.9156927494310412,1.0000039331521238,"{""bflh_r"":-1.1242765566325579,""gasmed_r"":-4.653212452046688,""recfem_r"":0.0,""semimem_r"":-0.4808339239518833,""vaslat_r"":0.0}",6.938893903907228e-18,162.3840998113867,True,0,False,,False,
328,20.256,extension,44.37221700640884,46.77473592696815,False,True,31,0.08178956315820608,0.5230706294819701,0.08178956315820608,0.5230706294819701,-0.24429014490328108,0.7692257533447743,180.39317191436913,0.13943002489922565,-0.9156927494310412,1.0000039331521238,"{""bflh_r"":-1.2286286294152964,""gasmed_r"":-5.44144115852824,""recfem_r"":0.0,""semimem_r"":-0.6204617203808136,""vaslat_r"":0.0}",1.1102230246251565e-16,162.39936980599003,True,0,False,,False,
329,20.308,extension,43.94170567672616,45.91851508323812,False,True,31,0.08181302753926183,0.5241337558361993,0.08181302753926183,0.5241337558361993,-0.2561517471532815,0.7666570046550761,177.20500520569266,0.13696581764095617,-0.9156927494310412,1.0000039331521238,"{""bflh_r"":-1.333081715302174,""gasmed_r"":-6.264536349647728,""recfem_r"":0.0,""semimem_r"":-0.772470910972873,""vaslat_r"":0.0}",1.1102230246251565e-16,162.4146876699054,True,0,False,,True,actuator_lengthrange_coordinate_below_context_band
330,20.36,extension,43.516407224211235,45.07615677400785,False,True,31,0.0818356769999093,0.5251763927858297,0.0818356769999093,0.5251763927858297,-0.2678366777102994,0.7641041479463622,174.06472403800595,0.13453862221690224,-0.9156927494310412,1.0000039331521238,"{""bflh_r"":-1.4385532086872888,""gasmed_r"":-7.127540283550875,""recfem_r"":0.0,""semimem_r"":-0.9373037675403796,""vaslat_r"":0.0}",5.551115123125783e-17,162.43080073723826,True,0,False,,True,actuator_lengthrange_coordinate_below_context_band
331,20.412,extension,43.09286348409399,44.23976486774228,False,True,31,0.0818577078991926,0.526207813894301,0.0818577078991926,0.526207813894301,-0.2794511754067017,0.7615468499125679,170.94712692722348,0.13212895982131836,-0.9156927494310412,1.0000039331521238,"{""bflh_r"":-1.5460350538129655,""gasmed_r"":-8.035880603481736,""recfem_r"":0.0,""semimem_r"":-1.1158577182352802,""vaslat_r"":0.0}",5.551115123125783e-17,162.44719219850788,True,0,False,,True,actuator_lengthrange_coordinate_below_context_band
332,20.464,extension,42.6729397632965,43.41251584015962,False,True,31,0.0818790324027774,0.5272238690188513,0.0818790324027774,0.5272238690188513,-0.2909482985370103,0.7589967080755835,167.86630759624887,0.12974772381626762,-0.9156927494310412,1.0000039331521238,"{""bflh_r"":-1.655027583663019,""gasmed_r"":-8.983916668667435,""recfem_r"":0.0,""semimem_r"":-1.3068795554228418,""vaslat_r"":0.0}",2.7755575615628914e-17,162.46349361932823,True,0,False,,True,actuator_lengthrange_coordinate_below_context_band
333,20.516,extension,42.25604769358763,42.59470216507942,False,True,31,0.0818996919177006,0.5282250996375708,0.0818996919177006,0.5282250996375708,-0.30232141436239107,0.7564505476692902,164.81824701552088,0.12739180780151407,-0.9156927494310412,1.0000039331521238,"{""bflh_r"":-1.7647266500667613,""gasmed_r"":-9.968839435822023,""recfem_r"":0.0,""semimem_r"":-1.5091262498100724,""vaslat_r"":0.0}",5.551115123125783e-17,162.4801989512327,True,0,False,,True,actuator_lengthrange_coordinate_below_context_band
334,20.568,extension,41.839698925244576,41.783189310231954,False,True,31,0.0819198156111224,0.5292163765444441,0.0819198156111224,0.5292163765444441,-0.31361189919322746,0.7538934066458328,161.78514919117646,0.12504745684475568,-0.9156927494310412,1.0000039331521238,"{""bflh_r"":-1.8746364446586148,""gasmed_r"":-10.992232085333042,""recfem_r"":0.0,""semimem_r"":-1.7220689695261777,""vaslat_r"":0.0}",5.551115123125783e-17,162.4970251013926,True,0,False,,True,actuator_lengthrange_coordinate_below_context_band
335,20.62,extension,41.42443400803677,40.97885918476405,False,True,31,0.08193937965171885,0.5301965519098306,0.08193937965171885,0.5301965519098306,-0.3248055803320876,0.7513287388973487,158.77141654868433,0.12271807368172913,-0.9156927494310412,1.0000039331521238,"{""bflh_r"":-1.9843789725075702,""gasmed_r"":-12.05100994935679,""recfem_r"":0.0,""semimem_r"":-1.9447038441438163,""vaslat_r"":0.0}",5.551115123125783e-17,162.51380720957388,True,0,False,,True,actuator_lengthrange_coordinate_below_context_band
336,20.672,extension,41.01107763047219,40.182801443591096,False,True,31,0.08195834999930394,0.5311640598656113,0.08195834999930394,0.5311640598656113,-0.3358856549582954,0.7487618407458072,155.78343436225134,0.12040859363749244,-0.9156927494310412,1.0000039331521238,"{""bflh_r"":-2.093685383875618,""gasmed_r"":-13.141630347310354,""recfem_r"":0.0,""semimem_r"":-2.1760395028773534,""vaslat_r"":0.0}",5.551115123125783e-17,162.53091019208054,True,0,False,,True,actuator_lengthrange_coordinate_below_context_band
337,20.724,extension,40.59811789357278,39.39301561795236,False,True,31,0.08197679961172478,0.5321218892128767,0.08197679961172478,0.5321218892128767,-0.34687859721496966,0.7515389989936176,152.8106956579278,0.11811089563061068,-0.9156927494310412,1.0000039331521238,"{""bflh_r"":-2.2021812718355283,""gasmed_r"":-14.264829636524484,""recfem_r"":0.0,""semimem_r"":-2.4155242300847917,""vaslat_r"":0.0}",3.469446951953614e-18,162.54859591099193,True,0,False,,True,actuator_lengthrange_coordinate_below_context_band
338,20.776,extension,40.185123240435125,38.60894131749099,False,True,31,0.08199474781030054,0.5330708839544243,0.08199474781030054,0.5330708839544243,-0.3577910866357972,0.7549075373351227,149.85059852436555,0.1158229685840558,-0.9156927494310412,1.0000039331521238,"{""bflh_r"":-2.3095424845569266,""gasmed_r"":-15.419627581301565,""recfem_r"":0.0,""semimem_r"":-2.6624343792978453,""vaslat_r"":0.0}",3.469446951953614e-18,162.5665952270417,True,0,False,,True,actuator_lengthrange_coordinate_below_context_band
339,20.828,extension,39.77333236459084,37.832311188075245,False,True,31,0.08201214229751935,0.534008621523227,0.08201214229751935,0.534008621523227,-0.36859812487753535,0.7582271829314342,146.91248523269562,0.11355203335370935,-0.9156927494310412,1.0000039331521238,"{""bflh_r"":-2.415501631790956,""gasmed_r"":-16.601631928936484,""recfem_r"":0.0,""semimem_r"":-2.9156467686771466,""vaslat_r"":0.0}",5.551115123125783e-17,162.58482427627817,True,0,False,,True,actuator_lengthrange_coordinate_below_context_band
340,20.880000000000003,extension,39.362307225376405,37.06276649438999,False,True,31,0.08202900459150696,0.5349358463519759,0.08202900459150696,0.5349358463519759,-0.37930405015532215,0.7614994376437991,143.99365103887456,0.11129599938079175,-0.9156927494310412,1.0000039331521238,"{""bflh_r"":-2.519636711869666,""gasmed_r"":-17.809478261194023,""recfem_r"":0.0,""semimem_r"":-3.1742722532658103,""vaslat_r"":0.0}",1.1102230246251565e-16,162.60348290574686,True,0,False,,True,actuator_lengthrange_coordinate_below_context_band
341,20.932,extension,38.9505048163782,36.29820249007986,False,True,31,0.08204539741111416,0.5358555610875371,0.08204539741111416,0.5358555610875371,-0.38993769001899736,0.7647331639578672,141.08365653780797,0.1090467978093879,-0.9156927494310412,1.0000039331521238,"{""bflh_r"":-2.6216205613574424,""gasmed_r"":-19.044766072791724,""recfem_r"":0.0,""semimem_r"":-3.4378971649208165,""vaslat_r"":0.0}",3.469446951953614e-18,162.62263339158042,True,0,False,,True,actuator_lengthrange_coordinate_below_context_band
342,20.983999999999998,extension,38.537175273468605,35.538797351946165,False,True,31,0.08206134584249992,0.5367684474324396,0.08206134584249992,0.5367684474324396,-0.4004962983428614,0.7679274783257914,138.17784555444157,0.10680082977487967,-0.9156927494310412,1.0000039331521238,"{""bflh_r"":-2.720443055221291,""gasmed_r"":-20.305660641133574,""recfem_r"":0.0,""semimem_r"":-3.7049665639952916,""vaslat_r"":0.0}",3.469446951953614e-18,162.6432029522393,True,0,False,,True,actuator_lengthrange_coordinate_below_context_band
343,21.036,extension,38.123080708162824,34.78633153753567,False,True,31,0.08207681573608129,0.5376725901525282,0.08207681573608129,0.5376725901525282,-0.4109550502190213,0.7710748515332763,135.28222687215592,0.10456273960392021,-0.9156927494310412,1.0000039331521238,"{""bflh_r"":-2.815400211366002,""gasmed_r"":-21.58755249597922,""recfem_r"":0.0,""semimem_r"":-3.9738022605811274,""vaslat_r"":0.0}",6.938893903907228e-18,162.6654309857677,True,0,False,,True,actuator_lengthrange_coordinate_below_context_band
344,21.088,extension,37.709340766773686,34.04034569268228,False,True,31,0.08209176398921142,0.5385671084449415,0.08209176398921142,0.5385671084449415,-0.42132044364392046,0.7741772341357764,132.40518023729035,0.10233900419487735,-0.9156927494310412,1.0000039331521238,"{""bflh_r"":-2.907477123612499,""gasmed_r"":-22.889516748431834,""recfem_r"":0.0,""semimem_r"":-4.2449360927727735,""vaslat_r"":0.0}",5.551115123125783e-17,162.68927849492488,True,0,False,,True,actuator_lengthrange_coordinate_below_context_band
345,21.14,extension,37.29724116507845,33.29972705645076,False,True,31,0.08210614732293359,0.5394513538161787,0.08210614732293359,0.5394513538161787,-0.4316082047569335,0.7772392480873141,129.55605380048146,0.10013684894803752,-0.9156927494310412,1.0000039331521238,"{""bflh_r"":-2.9983094929089407,""gasmed_r"":-24.21191903000594,""recfem_r"":0.0,""semimem_r"":-4.519845517206311,""vaslat_r"":0.0}",3.469446951953614e-18,162.71450240324413,True,0,False,,True,actuator_lengthrange_coordinate_below_context_band
346,21.192,extension,36.88644862085986,32.5626483354873,False,True,31,0.08211998230851271,0.5403268059729479,0.08211998230851271,0.5403268059729479,-0.4418441139168708,0.7812228020521104,126.73288573497287,0.09795475752245177,-0.9156927494310412,1.0000039331521238,"{""bflh_r"":-3.0886254922776497,""gasmed_r"":-25.556646817813654,""recfem_r"":0.0,""semimem_r"":-4.7993661563257195,""vaslat_r"":0.0}",5.551115123125783e-17,162.74114643161369,True,0,False,,True,actuator_lengthrange_coordinate_below_context_band
347,21.244,extension,36.47600510409916,31.82860864424206,False,True,31,0.08213330379168052,0.541194767730516,0.08213330379168052,0.541194767730516,-0.4520356573686804,0.7868990991250918,123.92950639534968,0.09578796125750677,-0.9156927494310412,1.0000039331521238,"{""bflh_r"":-3.1777756415868432,""gasmed_r"":-26.923388939624605,""recfem_r"":0.0,""semimem_r"":-5.0825923795870205,""vaslat_r"":0.0}",5.551115123125783e-17,162.7688270853565,True,0,False,,True,actuator_lengthrange_coordinate_below_context_band
348,21.296,extension,36.067773057657384,31.101093705087145,False,True,31,0.08214605557516785,0.5420512312936017,0.08214605557516785,0.5420512312936017,-0.4621351163555579,0.7924888968916073,121.15898496499379,0.09364656162514302,-0.9156927494310412,1.0000039331521238,"{""bflh_r"":-3.265146954275198,""gasmed_r"":-28.304279920053123,""recfem_r"":0.0,""semimem_r"":-5.367582673632041,""vaslat_r"":0.0}",5.551115123125783e-17,162.7971429556798,True,0,False,,True,actuator_lengthrange_coordinate_below_context_band
349,21.348,extension,35.665709031468666,30.385362901750234,False,True,31,0.08215812890439528,0.5428890840951407,0.08215812890439528,0.5428890840951407,-0.47207029002894474,0.7979531722643112,118.44812436856166,0.09155127522129686,-0.9156927494310412,1.0000039331521238,"{""bflh_r"":-3.350949575985829,""gasmed_r"":-29.68753106345896,""recfem_r"":0.0,""semimem_r"":-5.652733211013205,""vaslat_r"":0.0}",2.7755575615628914e-17,162.82558007133878,True,0,False,,True,actuator_lengthrange_coordinate_below_context_band
350,21.4,extension,35.27287414037325,29.685680176811655,False,True,31,0.08216945911329572,0.5437028860862773,0.08216945911329572,0.5437028860862773,-0.4817828738484526,0.8032614387393265,115.81701895568929,0.08951763343022383,-0.9156927494310412,1.0000039331521238,"{""bflh_r"":-3.435238708849467,""gasmed_r"":-31.06268820190387,""recfem_r"":0.0,""semimem_r"":-5.936462488647602,""vaslat_r"":0.0}",6.938893903907228e-18,162.85421426477586,True,0,False,,True,actuator_lengthrange_coordinate_below_context_band
351,21.451999999999998,extension,34.88680848619268,28.997587855326962,False,True,31,0.0821801450109574,0.5444980227604627,0.0821801450109574,0.5444980227604627,-0.49133565542356133,0.8084495379300566,113.24857422489025,0.08753242351918801,-0.9156927494310412,1.0000039331521238,"{""bflh_r"":-3.518549860857949,""gasmed_r"":-32.43641218914672,""recfem_r"":0.0,""semimem_r"":-6.2201052710791505,""vaslat_r"":0.0}",2.7755575615628914e-17,162.88332254758396,True,0,False,,True,actuator_lengthrange_coordinate_below_context_band
352,21.504,extension,34.506254890712505,28.319447179603625,False,True,31,0.08219024235478631,0.5452769135686072,0.08219024235478631,0.5452769135686072,-0.5007523211887608,0.8135313932139956,110.73402694330339,0.08558887218428292,-0.9156927494310412,1.0000039331521238,"{""bflh_r"":-3.600715029847348,""gasmed_r"":-33.810250623178796,""recfem_r"":0.0,""semimem_r"":-6.503520112771468,""vaslat_r"":0.0}",5.204170427930421e-18,162.9124926185117,True,0,False,,True,actuator_lengthrange_coordinate_below_context_band
353,21.556,extension,34.13433684500667,27.6568556629482,False,True,31,0.08219969206441465,0.5460333664685195,0.08219969206441465,0.5460333664685195,-0.5099560581545745,0.8184668720011685,108.2934612236172,0.08370250289739231,-0.9156927494310412,1.0000039331521238,"{""bflh_r"":-3.6809958618094702,""gasmed_r"":-35.17105200043675,""recfem_r"":0.0,""semimem_r"":-6.783876651769877,""vaslat_r"":0.0}",8.326672684688674e-17,162.9409465786001,True,0,False,,True,actuator_lengthrange_coordinate_below_context_band
354,21.608,extension,33.77645098811446,27.019109994162037,False,True,31,0.08220839442027864,0.5467569610926793,0.08220839442027864,0.5467569610926793,-0.5188184836612099,0.8231894848871397,105.96112932631725,0.08189979001717222,-0.9156927494310412,1.0000039331521238,"{""bflh_r"":-3.758404512605328,""gasmed_r"":-36.49742079343114,""recfem_r"":0.0,""semimem_r"":-7.056897935517594,""vaslat_r"":0.0}",2.7755575615628914e-17,162.96816802625244,True,0,False,,True,actuator_lengthrange_coordinate_below_context_band
355,21.66,extension,33.43640791561168,26.412901458192675,False,True,31,0.0822163075898114,0.5474405816266308,0.0822163075898114,0.5474405816266308,-0.5272470842952435,0.8276533562987712,103.76007157797432,0.08019854194109888,-0.9156927494310412,1.0000039331521238,"{""bflh_r"":-3.832155571861346,""gasmed_r"":-37.772720912683326,""recfem_r"":0.0,""semimem_r"":-7.319188222000038,""vaslat_r"":0.0}",2.7755575615628914e-17,162.99411739014764,True,0,False,,True,actuator_lengthrange_coordinate_below_context_band
356,21.712,extension,33.11336398007865,25.83609248713009,False,True,31,0.08222350429862042,0.5480868432665327,0.08222350429862042,0.5480868432665327,-0.5352718193978055,0.8318780021887203,101.68285174594895,0.07859301103420877,-0.9156927494310412,1.0000039331521238,"{""bflh_r"":-3.902850851533418,""gasmed_r"":-38.998815850759726,""recfem_r"":0.0,""semimem_r"":-7.571551130666659,""vaslat_r"":0.0}",2.7755575615628914e-17,163.0191355636509,True,0,False,,True,actuator_lengthrange_coordinate_below_context_band
357,21.764000000000003,extension,32.80482125688227,25.28411777664525,False,True,31,0.08223008590513212,0.5487012865958536,0.08223008590513212,0.5487012865958536,-0.5429563470433801,0.8359000585478122,99.71167069795855,0.0770694399384433,-0.9156927494310412,1.0000039331521238,"{""bflh_r"":-3.971104818667544,""gasmed_r"":-40.18322968475093,""recfem_r"":0.0,""semimem_r"":-7.8156256474090275,""vaslat_r"":0.0}",2.7755575615628914e-17,163.04335320064928,True,0,False,,True,actuator_lengthrange_coordinate_below_context_band
358,21.816000000000003,extension,32.50917189541556,24.754615223301037,False,True,31,0.08223612465971393,0.5492872358268387,0.08223612465971393,0.5492872358268387,-0.5503336416546035,0.8397394028068305,97.8347945135017,0.07561875923720365,-0.9156927494310412,1.0000039331521238,"{""bflh_r"":-4.036910923160303,""gasmed_r"":-41.32924510757537,""recfem_r"":0.0,""semimem_r"":-8.051752063464155,""vaslat_r"":0.0}",2.7755575615628914e-17,163.06653324049577,True,0,False,,True,actuator_lengthrange_coordinate_below_context_band
359,21.868000000000002,extension,32.22794833559002,24.25109235377095,False,True,31,0.08224162543265762,0.5498416359178068,0.08224162543265762,0.5498416359178068,-0.5573547652691531,0.8433732003319412,96.0605140655308,0.0742473771365761,-0.9156927494310412,1.0000039331521238,"{""bflh_r"":-4.09938404118454,""gasmed_r"":-42.42761426059672,""recfem_r"":0.0,""semimem_r"":-8.277503937568788,""vaslat_r"":0.0}",2.7755575615628914e-17,163.08834630009687,True,0,False,,True,actuator_lengthrange_coordinate_below_context_band
360,21.92,extension,31.962650098279525,23.777038517858827,False,True,31,0.08224659715401378,0.5503615332364415,0.08224659715401378,0.5503615332364415,-0.5639707334650071,0.8467790767217064,94.3967059278165,0.07296138162129596,-0.9156927494310412,1.0000039331521238,"{""bflh_r"":-4.157609103742785,""gasmed_r"":-43.469057004677325,""recfem_r"":0.0,""semimem_r"":-8.49041502074768,""vaslat_r"":0.0}",5.551115123125783e-17,163.10868182874233,True,0,False,,True,actuator_lengthrange_coordinate_below_context_band
361,21.972,extension,31.713924693833775,23.334177272588303,False,True,31,0.08225106640465937,0.5508458111729425,0.08225106640465937,0.5508458111729425,-0.5701569334187281,0.8499475264435798,92.84577513761496,0.07176263159988482,-0.9156927494310412,1.0000039331521238,"{""bflh_r"":-4.2110253767122385,""gasmed_r"":-44.44817788326227,""recfem_r"":0.0,""semimem_r"":-8.688987673711875,""vaslat_r"":0.0}",2.7755575615628914e-17,163.12759398635214,True,0,False,,True,actuator_lengthrange_coordinate_below_context_band
362,22.024,extension,31.480774714799146,22.920368136169532,False,True,31,0.08225508711011545,0.5512970386140918,0.08225508711011545,0.5512970386140918,-0.5759425977440169,0.8528965291386595,91.3999265438447,0.07064510202107352,-0.9156927494310412,1.0000039331521238,"{""bflh_r"":-4.26009462865235,""gasmed_r"":-45.368285611375015,""recfem_r"":0.0,""semimem_r"":-8.87417803227997,""vaslat_r"":0.0}",1.3877787807814457e-17,163.14528645582013,True,0,False,,True,actuator_lengthrange_coordinate_below_context_band
363,22.076,extension,31.26176589014832,22.53250402254509,False,True,31,0.08225871523572854,0.5517186638917927,0.08225871523572854,0.5517186638917927,-0.5813705091736487,0.855650496100431,90.0488758006837,0.0696008438778192,-0.9156927494310412,1.0000039331521238,"{""bflh_r"":-4.305516494682122,""gasmed_r"":-46.23511725857746,""recfem_r"":0.0,""semimem_r"":-9.047587210365876,""vaslat_r"":0.0}",2.7755575615628914e-17,163.1618858467571,True,0,False,,True,actuator_lengthrange_coordinate_below_context_band
364,22.128,extension,31.05541156238708,22.16746079573124,False,True,31,0.08226200187730416,0.5521141236326567,0.08226200187730416,0.5521141236326567,-0.5864837791138586,0.8582334907730852,88.78225769227019,0.06862184565676825,-0.9156927494310412,1.0000039331521238,"{""bflh_r"":-4.347954401351672,""gasmed_r"":-47.05471065931476,""recfem_r"":0.0,""semimem_r"":-9.210830225185354,""vaslat_r"":0.0}",2.7755575615628914e-17,163.17749779423673,True,0,False,,True,actuator_lengthrange_coordinate_below_context_band
365,22.18,extension,30.86100208115787,21.823913973531603,False,True,31,0.08226498121365056,0.5524850853296648,0.08226498121365056,0.5524850853296648,-0.5913003836409954,0.860656486937364,87.59467005888862,0.06800122062994893,-0.9156927494310412,1.0000039331521238,"{""bflh_r"":-4.387608872526194,""gasmed_r"":-47.82925960117115,""recfem_r"":0.0,""semimem_r"":-9.364440033477926,""vaslat_r"":0.0}",2.7755575615628914e-17,163.1920577868689,True,0,False,,True,actuator_lengthrange_coordinate_below_context_band
366,22.232,extension,30.67868648451002,21.502514999804333,False,True,31,0.08226767199953829,0.5528313134224573,0.08226767199953829,0.5528313134224573,-0.595810585546228,0.8629163661550029,86.4860452688422,0.07080888583407728,-0.9156927494310412,1.0000039331521238,"{""bflh_r"":-4.424172935491369,""gasmed_r"":-48.556605976821935,""recfem_r"":0.0,""semimem_r"":-9.507737291803704,""vaslat_r"":0.0}",1.3877787807814457e-17,163.20553481388313,True,0,False,,True,actuator_lengthrange_coordinate_below_context_band
367,22.284,extension,30.5084383587744,21.203441969210065,False,True,31,0.0822700944683829,0.5531529827954031,0.0822700944683829,0.5531529827954031,-0.6000112379881164,0.8650132779752934,85.45528487619022,0.07346488058914866,-0.9156927494310412,1.0000039331521238,"{""bflh_r"":-4.4574924201036445,""gasmed_r"":-49.235721308964564,""recfem_r"":0.0,""semimem_r"":-9.64038957113028,""vaslat_r"":0.0}",8.673617379884035e-18,163.21796740223894,True,0,False,,True,actuator_lengthrange_coordinate_below_context_band
368,22.336,extension,30.349987393644813,20.926236611881148,False,True,31,0.08227227078324004,0.5534508210318425,0.08227227078324004,0.5534508210318425,-0.6039081197907474,0.8669517276334907,84.49987406291469,0.07596365979299066,-0.9156927494310412,1.0000039331521238,"{""bflh_r"":-4.487612301521437,""gasmed_r"":-49.86709335968384,""recfem_r"":0.0,""semimem_r"":-9.762521959746838,""vaslat_r"":0.0}",2.7755575615628914e-17,163.22940002353306,True,0,False,,True,actuator_lengthrange_coordinate_below_context_band
369,22.387999999999998,extension,30.202946171941257,20.67022950801473,False,True,31,0.08227422285192589,0.5537257572715697,0.08227422285192589,0.5537257572715697,-0.6075099997561193,0.868737559646615,83.61667138814431,0.0783026881265983,-0.9156927494310412,1.0000039331521238,"{""bflh_r"":-4.514605015129639,""gasmed_r"":-50.45176806985854,""recfem_r"":0.0,""semimem_r"":-9.874372654423262,""vaslat_r"":0.0}",5.551115123125783e-17,163.23990364616535,True,0,False,,True,actuator_lengthrange_coordinate_below_context_band
370,22.439999999999998,extension,30.06678193254914,20.434568673799376,False,True,31,0.08227597253821521,0.5539789327822591,0.08227597253821521,0.5539789327822591,-0.6108282543131738,0.870377750640154,82.80175044935716,0.08048220656537954,-0.9156927494310412,1.0000039331521238,"{""bflh_r"":-4.538518241965908,""gasmed_r"":-50.99128135563188,""recfem_r"":0.0,""semimem_r"":-9.976216178355113,""vaslat_r"":0.0}",5.551115123125783e-17,163.2495313473647,True,0,False,,True,actuator_lengthrange_coordinate_below_context_band
371,22.491999999999997,extension,29.94090816450214,20.218203824210438,False,True,31,0.08227754039313265,0.5542116188378362,0.08227754039313265,0.5542116188378362,-0.6138771048431586,0.871880515950583,82.05095549541744,0.08250537394230609,-0.9156927494310412,1.0000039331521238,"{""bflh_r"":-4.559486193869953,""gasmed_r"":-51.48769087874189,""recfem_r"":0.0,""semimem_r"":-10.06850706985572,""vaslat_r"":0.0}",6.938893903907228e-18,163.25834077843527,True,0,False,,True,actuator_lengthrange_coordinate_below_context_band
372,22.544,extension,29.8242691785426,20.01846542228263,False,True,31,0.08227895068044642,0.554426341472693,0.08227895068044642,0.554426341472693,-0.6166936747926238,0.8732651503255611,81.35743371691142,0.08439173290090518,-0.9156927494310412,1.0000039331521238,"{""bflh_r"":-4.578319215683627,""gasmed_r"":-51.94684090585941,""recfem_r"":0.0,""semimem_r"":-10.153061212626666,""vaslat_r"":0.0}",1.3877787807814457e-17,163.26651456781886,True,0,False,,True,actuator_lengthrange_coordinate_below_context_band
373,22.596,extension,29.715645590968023,19.832078156867773,False,True,31,0.0822802272500482,0.5546260589796242,0.0822802272500482,0.5546260589796242,-0.6193237591241136,0.8745549393177444,80.71347627026181,0.08616805970063515,-0.9156927494310412,1.0000039331521238,"{""bflh_r"":-4.596095711381848,""gasmed_r"":-52.376048648688354,""recfem_r"":0.0,""semimem_r"":-10.232232636529341,""vaslat_r"":0.0}",1.3877787807814457e-17,163.2741594745052,True,0,False,,True,actuator_lengthrange_coordinate_below_context_band
374,22.648,extension,29.61419322804344,19.656942906672626,False,True,31,0.08228138748300863,0.5548127391432559,0.08228138748300863,0.5548127391432559,-0.6217966731470492,0.8757648518790995,80.1137007598528,0.08785119613588924,-0.9156927494310412,1.0000039331521238,"{""bflh_r"":-4.613442247855395,""gasmed_r"":-52.77998846169497,""recfem_r"":0.0,""semimem_r"":-10.30745251525506,""vaslat_r"":0.0}",2.7755575615628914e-17,163.28127929560517,True,0,False,,True,actuator_lengthrange_coordinate_below_context_band
375,22.7,extension,29.520377410919025,19.495224462487844,False,True,31,0.08228243282461287,0.5549849149208018,0.08228243282461287,0.5549849149208018,-0.6240815524217925,0.8768803457967334,79.56051269199558,0.08941740848060584,-0.9156927494310412,1.0000039331521238,"{""bflh_r"":-4.629283057239829,""gasmed_r"":-53.153523611539086,""recfem_r"":0.0,""semimem_r"":-10.37668627383928,""vaslat_r"":0.0}",2.7755575615628914e-17,163.28765754649825,True,0,False,,True,actuator_lengthrange_coordinate_below_context_band
376,22.752000000000002,extension,29.435039425012665,19.350280354148428,False,True,31,0.08228336070152484,0.5551401648121639,0.08228336070152484,0.5551401648121639,-0.6261306048973798,0.8778787254899535,79.05852233289006,0.09083092141224941,-0.9156927494310412,1.0000039331521238,"{""bflh_r"":-4.642072272937824,""gasmed_r"":-53.48874504607864,""recfem_r"":0.0,""semimem_r"":-10.436930090247204,""vaslat_r"":0.0}",1.3877787807814457e-17,163.29323814768384,True,0,False,,True,actuator_lengthrange_coordinate_below_context_band
377,22.804000000000002,extension,29.358571106912258,19.223945658826914,False,True,31,0.08228417352342135,0.5552772757532576,0.08228417352342135,0.5552772757532576,-0.6279174993847347,0.8787478379906145,78.60968816361574,0.09207044197426079,-0.9156927494310412,1.0000039331521238,"{""bflh_r"":-4.650889568780543,""gasmed_r"":-53.78125331961235,""recfem_r"":0.0,""semimem_r"":-10.486437970297416,""vaslat_r"":0.0}",1.3877787807814457e-17,163.29802128156547,True,0,False,,True,actuator_lengthrange_coordinate_below_context_band
378,22.856,extension,29.290339242940966,19.114578810176706,False,True,31,0.08228488394063027,0.5553977618862478,0.08228488394063027,0.5553977618862478,-0.6294651010038577,0.8794994060319147,78.20998417175583,0.09314909463940121,-0.9156927494310412,1.0000039331521238,"{""bflh_r"":-4.65625212546763,""gasmed_r"":-54.0347160049669,""recfem_r"":0.0,""semimem_r"":-10.526361721936148,""vaslat_r"":0.0}",1.3877787807814457e-17,163.30231020161307,True,0,False,,True,actuator_lengthrange_coordinate_below_context_band
379,22.908,extension,29.227837806855298,19.014183637950744,False,True,31,0.08228552239908067,0.5555080993139813,0.08228552239908067,0.5555080993139813,-0.6308863298136864,0.8801886555906203,77.84450170423499,0.09414382966826759,-0.9156927494310412,1.0000039331521238,"{""bflh_r"":-4.661304770890766,""gasmed_r"":-54.26757997209772,""recfem_r"":0.0,""semimem_r"":-10.563159234428982,""vaslat_r"":0.0}",1.3877787807814457e-17,163.30645392654898,True,0,False,,True,actuator_lengthrange_coordinate_below_context_band
380,22.96,extension,29.169088193481024,18.916548194333537,False,True,31,0.08228611181344028,0.5556133269328686,0.08228611181344028,0.5556133269328686,-0.632269030979173,0.8808583484541014,77.50152887467036,0.0951154006519756,-0.9156927494310412,1.0000039331521238,"{""bflh_r"":-4.668455864272744,""gasmed_r"":-54.49421785444842,""recfem_r"":0.0,""semimem_r"":-10.60181294769543,""vaslat_r"":0.0}",1.3877787807814457e-17,163.31056535614968,True,0,False,,True,actuator_lengthrange_coordinate_below_context_band
381,23.012,extension,29.112931095514547,18.818233222081975,False,True,31,0.0822866655078866,0.5557162872565763,0.0822866655078866,0.5557162872565763,-0.6336618996188185,0.8815320949052218,77.17420905462771,0.09609788547627593,-0.9156927494310412,1.0000039331521238,"{""bflh_r"":-4.678971606300465,""gasmed_r"":-54.722604933737145,""recfem_r"":0.0,""semimem_r"":-10.645002654882557,""vaslat_r"":0.0}",1.3877787807814457e-17,163.31468655761424,True,0,False,,True,actuator_lengthrange_coordinate_below_context_band
382,23.064,extension,29.05882066525067,18.7178722301891,False,True,31,0.08228719004391694,0.5558181876091633,0.08228719004391694,0.5558181876091633,-0.6350843243906331,0.88221923454635,76.8592989599286,0.09710510052602793,-0.9156927494310412,1.0000039331521238,"{""bflh_r"":-4.693268273100723,""gasmed_r"":-54.95592012790691,""recfem_r"":0.0,""semimem_r"":-10.693688055508183,""vaslat_r"":0.0}",1.3877787807814457e-17,163.31880833475915,True,0,False,,True,actuator_lengthrange_coordinate_below_context_band
383,23.116,extension,29.008185879637754,18.618130932927983,False,True,31,0.08228767290616486,0.5559163328583936,0.08228767290616486,0.5559163328583936,-0.6364985423174303,0.8829015032695867,76.56504440776888,0.09811037093981356,-0.9156927494310412,1.0000039331521238,"{""bflh_r"":-4.7109713296608335,""gasmed_r"":-55.187967342714636,""recfem_r"":0.0,""semimem_r"":-10.746591879838489,""vaslat_r"":0.0}",2.7755575615628914e-17,163.32255366490043,True,0,False,,True,actuator_lengthrange_coordinate_below_context_band
384,23.168,extension,28.966154835603067,18.528320637357105,False,True,31,0.08228806786013458,0.5560012000559396,0.08228806786013458,0.5560012000559396,-0.6377724465690393,0.8835153049127983,76.32110396592972,0.09901918392666126,-0.9156927494310412,1.0000039331521238,"{""bflh_r"":-4.73089151684441,""gasmed_r"":-55.39705521505419,""recfem_r"":0.0,""semimem_r"":-10.799379986399137,""vaslat_r"":0.0}",1.3877787807814457e-17,163.32551857520025,True,0,False,,True,actuator_lengthrange_coordinate_below_context_band
385,23.22,extension,28.935638555286825,18.454359241907714,False,True,31,0.08228835128126992,0.556067105047992,0.08228835128126992,0.556067105047992,-0.638821900549697,0.8840204079494499,76.14417252400133,0.09977019710233102,-0.9156927494310412,1.0000039331521238,"{""bflh_r"":-4.751890514154646,""gasmed_r"":-55.56934692724953,""recfem_r"":0.0,""semimem_r"":-10.848800111576509,""vaslat_r"":0.0}",1.3877787807814457e-17,163.3276469266697,True,0,False,,True,actuator_lengthrange_coordinate_below_context_band
386,23.272,extension,28.917077439781206,18.398186330761746,False,True,31,0.08228852229739803,0.556112707700819,0.08228852229739803,0.556112707700819,-0.6396191669039107,0.8844037989858605,76.03663029475686,0.10034213674661101,-0.9156927494310412,1.0000039331521238,"{""bflh_r"":-4.773027813538771,""gasmed_r"":-55.70026137331318,""recfem_r"":0.0,""semimem_r"":-10.893047773361314,""vaslat_r"":0.0}",6.938893903907228e-18,163.32899302822645,True,0,False,,True,actuator_lengthrange_coordinate_below_context_band
387,23.323999999999998,extension,28.90933692566648,18.35912628984722,False,True,31,0.0822885933095935,0.5561394605655701,0.0822885933095935,0.5561394605655701,-0.6401736600698643,0.884670274651297,75.99179865797575,0.10074062591842838,-0.9156927494310412,1.0000039331521238,"{""bflh_r"":-4.793543500125064,""gasmed_r"":-55.791323809276534,""recfem_r"":0.0,""semimem_r"":-10.931336267518533,""vaslat_r"":0.0}",1.3877787807814457e-17,163.32967404689603,True,0,False,,True,actuator_lengthrange_coordinate_below_context_band
388,23.376,extension,28.910401401003128,18.334949610249758,False,True,31,0.0822885835546933,0.556150414427616,0.0822885835546933,0.556150414427616,-0.6405169160890464,0.8848351650042353,75.99796332623258,0.10098759936418274,-0.9156927494310412,1.0000039331521238,"{""bflh_r"":-4.812843412978722,""gasmed_r"":-55.84770048444829,""recfem_r"":0.0,""semimem_r"":-10.963561319190024,""vaslat_r"":0.0}",3.469446951953614e-18,163.3298361076158,True,0,False,,True,actuator_lengthrange_coordinate_below_context_band
389,23.428,extension,28.91789249388439,18.322671312106994,False,True,31,0.08228851480952108,0.5561493297078445,0.08228851480952108,0.5561493297078445,-0.6406912545484332,0.8849188917046202,76.04135150508928,0.10111312130547445,-0.9156927494310412,1.0000039331521238,"{""bflh_r"":-4.830485511342161,""gasmed_r"":-55.87633542032203,""recfem_r"":0.0,""semimem_r"":-10.990045649693714,""vaslat_r"":0.0}",1.3877787807814457e-17,163.32963045644263,True,0,False,,True,actuator_lengthrange_coordinate_below_context_band
390,23.48,extension,28.92943736676359,18.31912469027814,False,True,31,0.08228840853237308,0.5561400449517274,0.08228840853237308,0.5561400449517274,-0.6407416144048743,0.884943074643955,76.10823690559442,0.10114939055286071,-0.9156927494310412,1.0000039331521238,"{""bflh_r"":-4.846166521126945,""gasmed_r"":-55.884607159739524,""recfem_r"":0.0,""semimem_r"":-11.011350079535902,""vaslat_r"":0.0}",1.3877787807814457e-17,163.3291973160513,True,0,False,,True,actuator_lengthrange_coordinate_below_context_band
391,23.532,extension,28.942911789988052,18.321347281913134,False,True,31,0.08228828398524299,0.5561260574275669,0.08228828398524299,0.5561260574275669,-0.6407100548771258,0.8849279198081477,76.18632855873953,0.10112666077302,-0.9156927494310412,1.0000039331521238,"{""bflh_r"":-4.859708334444546,""gasmed_r"":-55.87942341464914,""recfem_r"":0.0,""semimem_r"":-11.028139418756922,""vaslat_r"":0.0}",1.3877787807814457e-17,163.32865582681356,True,0,False,,True,actuator_lengthrange_coordinate_below_context_band
392,23.584,extension,28.95658154986971,18.326814117799113,False,True,31,0.0822881570741365,0.5561102748702029,0.0822881570741365,0.5561102748702029,-0.6406324302058116,0.8848906426367936,76.26558240501869,0.10107076196918534,-0.9156927494310412,1.0000039331521238,"{""bflh_r"":-4.87104400329616,""gasmed_r"":-55.86667346760367,""recfem_r"":0.0,""semimem_r"":-11.041092862029158,""vaslat_r"":0.0}",1.3877787807814457e-17,163.3280988690905,True,0,False,,True,actuator_lengthrange_coordinate_below_context_band
393,23.636,extension,28.969164200391546,18.33355098925554,False,True,31,0.0822880397587034,0.5560949012190886,0.0822880397587034,0.5560949012190886,-0.6405367745258431,0.8848447027901019,76.33856025243155,0.1010018943496698,-0.9156927494310412,1.0000039331521238,"{""bflh_r"":-4.880203439753501,""gasmed_r"":-55.85096216649226,""recfem_r"":0.0,""semimem_r"":-11.05084978672812,""vaslat_r"":0.0}",1.3877787807814457e-17,163.3275917367978,True,0,False,,True,actuator_lengthrange_coordinate_below_context_band
394,23.688,extension,28.97983133295504,18.340157699774313,False,True,31,0.08228793992952185,0.5560814228079849,0.08228793992952185,0.5560814228079849,-0.6404429696304363,0.8847996477685163,76.4004484299878,0.10093437595275939,-0.9156927494310412,1.0000039331521238,"{""bflh_r"":-4.887299101721197,""gasmed_r"":-55.83555513499396,""recfem_r"":0.0,""semimem_r"":-11.057982802705759,""vaslat_r"":0.0}",1.3877787807814457e-17,163.32717369614224,True,0,False,,True,actuator_lengthrange_coordinate_below_context_band
395,23.740000000000002,extension,28.988169465338956,18.345768150352885,False,True,31,0.08228786165797862,0.5560706650162701,0.08228786165797862,0.5560706650162701,-0.6403633121192776,0.8847613846767464,76.44883713824713,0.10087705350922294,-0.9156927494310412,1.0000039331521238,"{""bflh_r"":-4.892512025846975,""gasmed_r"":-55.82247196695937,""recfem_r"":0.0,""semimem_r"":-11.062990741752149,""vaslat_r"":0.0}",3.469446951953614e-18,163.32686150147129,True,0,False,,True,actuator_lengthrange_coordinate_below_context_band
396,23.792,extension,28.9941154004018,18.34997072108972,False,True,31,0.08228780571460129,0.5560628930273497,0.08228780571460129,0.5560628930273497,-0.640303645008852,0.8847327219868996,76.48335007891218,0.10083412422125253,-0.9156927494310412,1.0000039331521238,"{""bflh_r"":-4.896078595493501,""gasmed_r"":-55.812672209542825,""recfem_r"":0.0,""semimem_r"":-11.066305111439515,""vaslat_r"":0.0}",1.3877787807814457e-17,163.3266540003129,True,0,False,,True,actuator_lengthrange_coordinate_below_context_band
397,23.844,extension,28.99787955022706,18.352708868768257,False,True,31,0.08228777024392837,0.5560579341116912,0.08228777024392837,0.5560579341116912,-0.6402647700031273,0.8847140464696818,76.50520189419841,0.1008061580478179,-0.9156927494310412,1.0000039331521238,"{""bflh_r"":-4.898278427158755,""gasmed_r"":-55.80628741943468,""recfem_r"":0.0,""semimem_r"":-11.06830443385806,""vaslat_r"":0.0}",1.3877787807814457e-17,163.3265370579906,True,0,False,,True,actuator_lengthrange_coordinate_below_context_band
398,23.896,extension,28.999868348681108,18.354178290092324,False,True,31,0.08228775148568633,0.5560553027110129,0.08228775148568633,0.5560553027110129,-0.6402439079968114,0.8847040240978693,76.51674828440139,0.10079115136730532,-0.9156927494310412,1.0000039331521238,"{""bflh_r"":-4.89942374155514,""gasmed_r"":-55.80286108536018,""recfem_r"":0.0,""semimem_r"":-11.069331852505739,""vaslat_r"":0.0}",1.3877787807814457e-17,163.32648816267653,True,0,False,,True,actuator_lengthrange_coordinate_below_context_band
399,23.948,extension,29.000614585086335,18.354733553276386,False,True,31,0.08228774444415239,0.5560543134052711,0.08228774444415239,0.5560543134052711,-0.6402360247203963,0.8847002368206631,76.52108088293402,0.10078548089873629,-0.9156927494310412,1.0000039331521238,"{""bflh_r"":-4.899850566518573,""gasmed_r"":-55.80156635548163,""recfem_r"":0.0,""semimem_r"":-11.069712383168818,""vaslat_r"":0.0}",1.3877787807814457e-17,163.32648021673123,True,0,False,,True,actuator_lengthrange_coordinate_below_context_band
400,24.0,extension,29.00072239942989,18.35481394984986,False,True,31,0.08228774342667083,0.5560541703861528,0.08228774342667083,0.5560541703861528,-0.6402348833020948,0.8846996884590768,76.52170685323601,0.10078465988223757,-0.9156927494310412,1.0000039331521238,"{""bflh_r"":-4.899912103425381,""gasmed_r"":-55.80137889191909,""recfem_r"":0.0,""semimem_r"":-11.069767140187777,""vaslat_r"":0.0}",1.3877787807814457e-17,163.32648415831252,True,0,False,,True,actuator_lengthrange_coordinate_below_context_band
